[00:48:06] - [29] Connecté à 118.193.31.179. Collecte du Nom d'utilisateur.
[00:48:06] - [29] Client 118.193.31.179 Déconnecté (00:00:00 Min)
[00:48:07] - [30] Connecté à 118.193.31.179. Collecte du Nom d'utilisateur.
[00:48:10] - [30] Client 118.193.31.179 Déconnecté (00:00:03 Min)
[00:48:12] - [31] Connecté à 90.26.136.242. Collecte du Nom d'utilisateur.
[00:48:12] - [31] Usager VICTOR.POZEN Connecté IP: 90.26.136.242
[00:48:12] - [31] VICTOR.POZEN: Répertoire en Cours: D:\kerberos.htx\
[00:48:13] - [31] VICTOR.POZEN: Répertoire en Cours: D:\kerberos.htx\
[00:48:23] - [31] VICTOR.POZEN: Répertoire en Cours: D:\kerberos.htx\gil.bois\
[00:51:07] - [31] VICTOR.POZEN: Nouveau Répertoire: D:\kerberos.htx\gil.bois\drivers gil
[00:51:12] - [31] VICTOR.POZEN: Nouveau Répertoire: D:\kerberos.htx\gil.bois\drivers gil
[00:51:12] - [31] VICTOR.POZEN: Nouveau Répertoire: D:\kerberos.htx\gil.bois\drivers gil\drivers or win
[00:51:12] - [31] VICTOR.POZEN: Nouveau Répertoire: D:\kerberos.htx\gil.bois\drivers gil\drivers or win
[00:51:12] - [31] VICTOR.POZEN: Nouveau Répertoire: D:\kerberos.htx\gil.bois\drivers gil\drivers or win\ATI U1 A3 Accelerated Graphics Port
[00:51:12] - [31] VICTOR.POZEN: Nouveau Répertoire: D:\kerberos.htx\gil.bois\drivers gil\drivers or win\ATI U1 A3 Accelerated Graphics Port
[00:51:12] - [31] VICTOR.POZEN: Nouveau Répertoire: D:\kerberos.htx\gil.bois\drivers gil\drivers or win\D-Link DWA-131 Wireless N Nano USB Adapter(rev.E)
[00:51:12] - [32] Connecté à 90.26.136.242. Collecte du Nom d'utilisateur.
[00:51:12] - [33] Connecté à 90.26.136.242. Collecte du Nom d'utilisateur.
[00:51:12] - [31] VICTOR.POZEN: Nouveau Répertoire: D:\kerberos.htx\gil.bois\drivers gil\drivers or win\D-Link DWA-131 Wireless N Nano USB Adapter(rev.E)
[00:51:12] - [32] Usager VICTOR.POZEN Connecté IP: 90.26.136.242
[00:51:12] - [32] VICTOR.POZEN: Répertoire en Cours: D:\kerberos.htx\
[00:51:12] - [31] VICTOR.POZEN: Nouveau Répertoire: D:\kerberos.htx\gil.bois\drivers gil\drivers or win\RADEON IGP 320M
[00:51:12] - [33] Usager VICTOR.POZEN Connecté IP: 90.26.136.242
[00:51:12] - [33] VICTOR.POZEN: Répertoire en Cours: D:\kerberos.htx\
[00:51:12] - [31] VICTOR.POZEN: Nouveau Répertoire: D:\kerberos.htx\gil.bois\drivers gil\drivers or win\RADEON IGP 320M
[00:51:12] - [31] VICTOR.POZEN: Nouveau Répertoire: D:\kerberos.htx\gil.bois\drivers gil\drivers or win\ZTE Diagnostics Interface
[00:51:12] - [31] VICTOR.POZEN: Nouveau Répertoire: D:\kerberos.htx\gil.bois\drivers gil\drivers or win\ZTE Diagnostics Interface
[00:51:12] - [31] VICTOR.POZEN: Nouveau Répertoire: D:\kerberos.htx\gil.bois\drivers gil\drivers or win\ZTE Mass Storage Device
[00:51:12] - [31] VICTOR.POZEN: Nouveau Répertoire: D:\kerberos.htx\gil.bois\drivers gil\drivers or win\ZTE Mass Storage Device
[00:51:12] - [31] VICTOR.POZEN: Nouveau Répertoire: D:\kerberos.htx\gil.bois\drivers gil\drivers or win\ZTE NMEA Device
[00:51:12] - [31] VICTOR.POZEN: Nouveau Répertoire: D:\kerberos.htx\gil.bois\drivers gil\drivers or win\ZTE NMEA Device
[00:51:13] - [31] VICTOR.POZEN: Nouveau Répertoire: D:\kerberos.htx\gil.bois\drivers gil\drivers or win\ZTE Proprietary USB Modem
[00:51:13] - [31] VICTOR.POZEN: Nouveau Répertoire: D:\kerberos.htx\gil.bois\drivers gil\drivers or win\ZTE Proprietary USB Modem
[00:51:13] - [31] VICTOR.POZEN: Nouveau Répertoire: D:\kerberos.htx\gil.bois\drivers gil\drivers or win\ZTE VoUSB Device
[00:51:13] - [31] VICTOR.POZEN: Nouveau Répertoire: D:\kerberos.htx\gil.bois\drivers gil\drivers or win\ZTE VoUSB Device
[00:51:13] - [31] VICTOR.POZEN: Nouveau Répertoire: D:\kerberos.htx\gil.bois\drivers gil\drivers or win\ZTE Wireless Ethernet Adapter
[00:51:13] - [31] VICTOR.POZEN: Nouveau Répertoire: D:\kerberos.htx\gil.bois\drivers gil\drivers or win\ZTE Wireless Ethernet Adapter
[00:51:13] - [31] VICTOR.POZEN: Nouveau Répertoire: D:\kerberos.htx\gil.bois\drivers gil\drivers
[00:51:13] - [31] VICTOR.POZEN: Nouveau Répertoire: D:\kerberos.htx\gil.bois\drivers gil\drivers
[00:51:13] - [31] VICTOR.POZEN: Nouveau Répertoire: D:\kerberos.htx\gil.bois\drivers gil\drivers\Adaptateur secteur Microsoft
[00:51:13] - [31] VICTOR.POZEN: Nouveau Répertoire: D:\kerberos.htx\gil.bois\drivers gil\drivers\Adaptateur secteur Microsoft
[00:51:13] - [33] VICTOR.POZEN: Début d'Upload de D:\kerberos.htx\gil.bois\drivers gil\drivers or win\ATI U1 A3 Accelerated Graphics Port\atisgkaf.SYS
[00:51:13] - [32] VICTOR.POZEN: Début d'Upload de D:\kerberos.htx\gil.bois\drivers gil\drivers or win\ATI U1 A3 Accelerated Graphics Port\atisgkaf.cat
[00:51:13] - [31] VICTOR.POZEN: Nouveau Répertoire: D:\kerberos.htx\gil.bois\drivers gil\drivers\ATI U1 A3 Accelerated Graphics Port
[00:51:13] - [33] VICTOR.POZEN: Fichier Upload: D:\kerberos.htx\gil.bois\drivers gil\drivers or win\ATI U1 A3 Accelerated Graphics Port\atisgkaf.SYS (23,02 K/S -   23 570 bytes)
[00:51:13] - [32] VICTOR.POZEN: Fichier Upload: D:\kerberos.htx\gil.bois\drivers gil\drivers or win\ATI U1 A3 Accelerated Graphics Port\atisgkaf.cat (7,54 K/S -   7 716 bytes)
[00:51:13] - [31] VICTOR.POZEN: Nouveau Répertoire: D:\kerberos.htx\gil.bois\drivers gil\drivers\ATI U1 A3 Accelerated Graphics Port
[00:51:13] - [31] VICTOR.POZEN: Nouveau Répertoire: D:\kerberos.htx\gil.bois\drivers gil\drivers\Batterie à méthode de contrôle compatible ACPI Microsoft
[00:51:13] - [31] VICTOR.POZEN: Nouveau Répertoire: D:\kerberos.htx\gil.bois\drivers gil\drivers\Batterie à méthode de contrôle compatible ACPI Microsoft
[00:51:13] - [31] VICTOR.POZEN: Nouveau Répertoire: D:\kerberos.htx\gil.bois\drivers gil\drivers\Batterie composite Microsoft
[00:51:13] - [33] VICTOR.POZEN: Début d'Upload de D:\kerberos.htx\gil.bois\drivers gil\drivers or win\ATI U1 A3 Accelerated Graphics Port\oem9.inf
[00:51:13] - [32] VICTOR.POZEN: Début d'Upload de D:\kerberos.htx\gil.bois\drivers gil\drivers or win\ATI U1 A3 Accelerated Graphics Port\Setup.DIY
[00:51:13] - [33] VICTOR.POZEN: Fichier Upload: D:\kerberos.htx\gil.bois\drivers gil\drivers or win\ATI U1 A3 Accelerated Graphics Port\oem9.inf (2,69 K/S -   2 756 bytes)
[00:51:13] - [31] VICTOR.POZEN: Nouveau Répertoire: D:\kerberos.htx\gil.bois\drivers gil\drivers\Batterie composite Microsoft
[00:51:13] - [32] VICTOR.POZEN: Fichier Upload: D:\kerberos.htx\gil.bois\drivers gil\drivers or win\ATI U1 A3 Accelerated Graphics Port\Setup.DIY (0,17 K/S -    173 bytes)
[00:51:13] - [31] VICTOR.POZEN: Nouveau Répertoire: D:\kerberos.htx\gil.bois\drivers gil\drivers\Bouton de fonctionnalité définie ACPI
[00:51:13] - [31] VICTOR.POZEN: Nouveau Répertoire: D:\kerberos.htx\gil.bois\drivers gil\drivers\Bouton de fonctionnalité définie ACPI
[00:51:13] - [31] VICTOR.POZEN: Nouveau Répertoire: D:\kerberos.htx\gil.bois\drivers gil\drivers\Bouton marche-arrêt ACPI
[00:51:13] - [31] VICTOR.POZEN: Nouveau Répertoire: D:\kerberos.htx\gil.bois\drivers gil\drivers\Bouton marche-arrêt ACPI
[00:51:13] - [31] VICTOR.POZEN: Nouveau Répertoire: D:\kerberos.htx\gil.bois\drivers gil\drivers\Bus générique
[00:51:13] - [31] VICTOR.POZEN: Nouveau Répertoire: D:\kerberos.htx\gil.bois\drivers gil\drivers\Bus générique
[00:51:13] - [31] VICTOR.POZEN: Nouveau Répertoire: D:\kerberos.htx\gil.bois\drivers gil\drivers\Bus PCI
[00:51:14] - [31] VICTOR.POZEN: Nouveau Répertoire: D:\kerberos.htx\gil.bois\drivers gil\drivers\Bus PCI
[00:51:14] - [31] VICTOR.POZEN: Nouveau Répertoire: D:\kerberos.htx\gil.bois\drivers gil\drivers\Canal IDE principal
[00:51:14] - [31] VICTOR.POZEN: Nouveau Répertoire: D:\kerberos.htx\gil.bois\drivers gil\drivers\Canal IDE principal
[00:51:14] - [31] VICTOR.POZEN: Nouveau Répertoire: D:\kerberos.htx\gil.bois\drivers gil\drivers\Canal IDE secondaire
[00:51:14] - [31] VICTOR.POZEN: Nouveau Répertoire: D:\kerberos.htx\gil.bois\drivers gil\drivers\Canal IDE secondaire
[00:51:14] - [31] VICTOR.POZEN: Nouveau Répertoire: D:\kerberos.htx\gil.bois\drivers gil\drivers\Carte asynchrone RAS
[00:51:14] - [31] VICTOR.POZEN: Nouveau Répertoire: D:\kerberos.htx\gil.bois\drivers gil\drivers\Carte asynchrone RAS
[00:51:14] - [31] VICTOR.POZEN: Nouveau Répertoire: D:\kerberos.htx\gil.bois\drivers gil\drivers\Carte Fast Ethernet PCI de base DP83815 National Semiconductor
[00:51:14] - [31] VICTOR.POZEN: Nouveau Répertoire: D:\kerberos.htx\gil.bois\drivers gil\drivers\Carte Fast Ethernet PCI de base DP83815 National Semiconductor
[00:51:14] - [31] VICTOR.POZEN: Nouveau Répertoire: D:\kerberos.htx\gil.bois\drivers gil\drivers\Carte réseau 1394
[00:51:14] - [31] VICTOR.POZEN: Nouveau Répertoire: D:\kerberos.htx\gil.bois\drivers gil\drivers\Carte réseau 1394
[00:51:14] - [31] VICTOR.POZEN: Nouveau Répertoire: D:\kerberos.htx\gil.bois\drivers gil\drivers\Carte système
[00:51:14] - [31] VICTOR.POZEN: Nouveau Répertoire: D:\kerberos.htx\gil.bois\drivers gil\drivers\Carte système
[00:51:14] - [31] VICTOR.POZEN: Nouveau Répertoire: D:\kerberos.htx\gil.bois\drivers gil\drivers\Clavier standard 101 102 touches ou clavier Microsoft Natural Keyboard PS 2
[00:51:14] - [31] VICTOR.POZEN: Nouveau Répertoire: D:\kerberos.htx\gil.bois\drivers gil\drivers\Clavier standard 101 102 touches ou clavier Microsoft Natural Keyboard PS 2
[00:51:14] - [31] VICTOR.POZEN: Nouveau Répertoire: D:\kerberos.htx\gil.bois\drivers gil\drivers\Codecs audio
[00:51:14] - [31] VICTOR.POZEN: Nouveau Répertoire: D:\kerberos.htx\gil.bois\drivers gil\drivers\Codecs audio
[00:51:14] - [31] VICTOR.POZEN: Nouveau Répertoire: D:\kerberos.htx\gil.bois\drivers gil\drivers\Codecs vidéo
[00:51:14] - [31] VICTOR.POZEN: Nouveau Répertoire: D:\kerberos.htx\gil.bois\drivers gil\drivers\Codecs vidéo
[00:51:14] - [31] VICTOR.POZEN: Nouveau Répertoire: D:\kerberos.htx\gil.bois\drivers gil\drivers\Concentrateur USB générique
[00:51:14] - [31] VICTOR.POZEN: Nouveau Répertoire: D:\kerberos.htx\gil.bois\drivers gil\drivers\Concentrateur USB générique
[00:51:14] - [31] VICTOR.POZEN: Nouveau Répertoire: D:\kerberos.htx\gil.bois\drivers gil\drivers\Concentrateur USB racine
[00:51:14] - [31] VICTOR.POZEN: Nouveau Répertoire: D:\kerberos.htx\gil.bois\drivers gil\drivers\Concentrateur USB racine
[00:51:14] - [31] VICTOR.POZEN: Nouveau Répertoire: D:\kerberos.htx\gil.bois\drivers gil\drivers\Contrôleur CardBus O2Micro OZ6933
[00:51:14] - [31] VICTOR.POZEN: Nouveau Répertoire: D:\kerberos.htx\gil.bois\drivers gil\drivers\Contrôleur CardBus O2Micro OZ6933
[00:51:14] - [31] VICTOR.POZEN: Nouveau Répertoire: D:\kerberos.htx\gil.bois\drivers gil\drivers\Contrôleur d'accès direct en mémoire
[00:51:14] - [31] VICTOR.POZEN: Nouveau Répertoire: D:\kerberos.htx\gil.bois\drivers gil\drivers\Contrôleur d'accès direct en mémoire
[00:51:14] - [33] VICTOR.POZEN: Début d'Upload de D:\kerberos.htx\gil.bois\drivers gil\drivers or win\D-Link DWA-131 Wireless N Nano USB Adapter(rev.E)\DRTWlanU_XP.sys
[00:51:14] - [31] VICTOR.POZEN: Nouveau Répertoire: D:\kerberos.htx\gil.bois\drivers gil\drivers\Contrôleur de gestion de l'alimentation ALi 7101
[00:51:14] - [31] VICTOR.POZEN: Nouveau Répertoire: D:\kerberos.htx\gil.bois\drivers gil\drivers\Contrôleur de gestion de l'alimentation ALi 7101
[00:51:14] - [31] VICTOR.POZEN: Nouveau Répertoire: D:\kerberos.htx\gil.bois\drivers gil\drivers\Contrôleur de lecteur de disquettes standard
[00:51:14] - [31] VICTOR.POZEN: Nouveau Répertoire: D:\kerberos.htx\gil.bois\drivers gil\drivers\Contrôleur de lecteur de disquettes standard
[00:51:14] - [31] VICTOR.POZEN: Nouveau Répertoire: D:\kerberos.htx\gil.bois\drivers gil\drivers\Contrôleur d'hôte ouvert PCI vers USB ALi
[00:51:14] - [31] VICTOR.POZEN: Nouveau Répertoire: D:\kerberos.htx\gil.bois\drivers gil\drivers\Contrôleur d'hôte ouvert PCI vers USB ALi
[00:51:14] - [32] VICTOR.POZEN: Début d'Upload de D:\kerberos.htx\gil.bois\drivers gil\drivers or win\D-Link DWA-131 Wireless N Nano USB Adapter(rev.E)\oem8.inf
[00:51:14] - [31] VICTOR.POZEN: Nouveau Répertoire: D:\kerberos.htx\gil.bois\drivers gil\drivers\Contrôleur d'interruptions programmable
[00:51:14] - [31] VICTOR.POZEN: Nouveau Répertoire: D:\kerberos.htx\gil.bois\drivers gil\drivers\Contrôleur d'interruptions programmable
[00:51:14] - [31] VICTOR.POZEN: Nouveau Répertoire: D:\kerberos.htx\gil.bois\drivers gil\drivers\Contrôleur hôte Texas Instruments IEEE 1394 compatible OHCI (Open Host Controller Interface)
[00:51:14] - [31] VICTOR.POZEN: Nouveau Répertoire: D:\kerberos.htx\gil.bois\drivers gil\drivers\Contrôleur hôte Texas Instruments IEEE 1394 compatible OHCI (Open Host Controller Interface)
[00:51:15] - [31] VICTOR.POZEN: Nouveau Répertoire: D:\kerberos.htx\gil.bois\drivers gil\drivers\Contrôleur IDE PCI Bus Master ALi M5229
[00:51:15] - [32] VICTOR.POZEN: Fichier Upload: D:\kerberos.htx\gil.bois\drivers gil\drivers or win\D-Link DWA-131 Wireless N Nano USB Adapter(rev.E)\oem8.inf (26,92 K/S -   27 564 bytes)
[00:51:15] - [31] VICTOR.POZEN: Nouveau Répertoire: D:\kerberos.htx\gil.bois\drivers gil\drivers\Contrôleur IDE PCI Bus Master ALi M5229
[00:51:15] - [31] VICTOR.POZEN: Nouveau Répertoire: D:\kerberos.htx\gil.bois\drivers gil\drivers\Contrôleur intégré compatible ACPI Microsoft
[00:51:15] - [31] VICTOR.POZEN: Nouveau Répertoire: D:\kerberos.htx\gil.bois\drivers gil\drivers\Contrôleur intégré compatible ACPI Microsoft
[00:51:15] - [31] VICTOR.POZEN: Nouveau Répertoire: D:\kerberos.htx\gil.bois\drivers gil\drivers\Coprocesseur arithmétique
[00:51:15] - [31] VICTOR.POZEN: Nouveau Répertoire: D:\kerberos.htx\gil.bois\drivers gil\drivers\Coprocesseur arithmétique
[00:51:15] - [31] VICTOR.POZEN: Nouveau Répertoire: D:\kerberos.htx\gil.bois\drivers gil\drivers\Couvercle ACPI
[00:51:15] - [31] VICTOR.POZEN: Nouveau Répertoire: D:\kerberos.htx\gil.bois\drivers gil\drivers\Couvercle ACPI
[00:51:15] - [31] VICTOR.POZEN: Nouveau Répertoire: D:\kerberos.htx\gil.bois\drivers gil\drivers\D-Link DWA-131 Wireless N Nano USB Adapter(rev.E)
[00:51:15] - [31] VICTOR.POZEN: Nouveau Répertoire: D:\kerberos.htx\gil.bois\drivers gil\drivers\D-Link DWA-131 Wireless N Nano USB Adapter(rev.E)
[00:51:15] - [31] VICTOR.POZEN: Nouveau Répertoire: D:\kerberos.htx\gil.bois\drivers gil\drivers\Énumérateur de périphérique logiciel Plug-and-Play
[00:51:15] - [31] VICTOR.POZEN: Nouveau Répertoire: D:\kerberos.htx\gil.bois\drivers gil\drivers\Énumérateur de périphérique logiciel Plug-and-Play
[00:51:15] - [31] VICTOR.POZEN: Nouveau Répertoire: D:\kerberos.htx\gil.bois\drivers gil\drivers\Filtre de décodeur DRM (Noyau Microsoft)
[00:51:15] - [31] VICTOR.POZEN: Nouveau Répertoire: D:\kerberos.htx\gil.bois\drivers gil\drivers\Filtre de décodeur DRM (Noyau Microsoft)
[00:51:15] - [31] VICTOR.POZEN: Nouveau Répertoire: D:\kerberos.htx\gil.bois\drivers gil\drivers\Gestionnaire de disque logique
[00:51:15] - [31] VICTOR.POZEN: Nouveau Répertoire: D:\kerberos.htx\gil.bois\drivers gil\drivers\Gestionnaire de disque logique
[00:51:15] - [31] VICTOR.POZEN: Nouveau Répertoire: D:\kerberos.htx\gil.bois\drivers gil\drivers\Gestionnaire de volume
[00:51:15] - [31] VICTOR.POZEN: Nouveau Répertoire: D:\kerberos.htx\gil.bois\drivers gil\drivers\Gestionnaire de volume
[00:51:15] - [31] VICTOR.POZEN: Nouveau Répertoire: D:\kerberos.htx\gil.bois\drivers gil\drivers\Haut-parleur système
[00:51:15] - [31] VICTOR.POZEN: Nouveau Répertoire: D:\kerberos.htx\gil.bois\drivers gil\drivers\Haut-parleur système
[00:51:15] - [31] VICTOR.POZEN: Nouveau Répertoire: D:\kerberos.htx\gil.bois\drivers gil\drivers\Horloge système
[00:51:15] - [31] VICTOR.POZEN: Nouveau Répertoire: D:\kerberos.htx\gil.bois\drivers gil\drivers\Horloge système
[00:51:15] - [31] VICTOR.POZEN: Nouveau Répertoire: D:\kerberos.htx\gil.bois\drivers gil\drivers\Horloge système CMOS temps réel
[00:51:15] - [31] VICTOR.POZEN: Nouveau Répertoire: D:\kerberos.htx\gil.bois\drivers gil\drivers\Horloge système CMOS temps réel
[00:51:15] - [31] VICTOR.POZEN: Nouveau Répertoire: D:\kerberos.htx\gil.bois\drivers gil\drivers\Interface de configuration HP
[00:51:15] - [31] VICTOR.POZEN: Nouveau Répertoire: D:\kerberos.htx\gil.bois\drivers gil\drivers\Interface de configuration HP
[00:51:15] - [31] VICTOR.POZEN: Nouveau Répertoire: D:\kerberos.htx\gil.bois\drivers gil\drivers\Interface logique du port imprimante
[00:51:15] - [31] VICTOR.POZEN: Nouveau Répertoire: D:\kerberos.htx\gil.bois\drivers gil\drivers\Interface logique du port imprimante
[00:51:15] - [31] VICTOR.POZEN: Nouveau Répertoire: D:\kerberos.htx\gil.bois\drivers gil\drivers\Lecteur de CD-ROM
[00:51:15] - [31] VICTOR.POZEN: Nouveau Répertoire: D:\kerberos.htx\gil.bois\drivers gil\drivers\Lecteur de CD-ROM
[00:51:15] - [31] VICTOR.POZEN: Nouveau Répertoire: D:\kerberos.htx\gil.bois\drivers gil\drivers\Lecteur de disque
[00:51:15] - [31] VICTOR.POZEN: Nouveau Répertoire: D:\kerberos.htx\gil.bois\drivers gil\drivers\Lecteur de disque
[00:51:15] - [31] VICTOR.POZEN: Nouveau Répertoire: D:\kerberos.htx\gil.bois\drivers gil\drivers\Lecteur de disquettes
[00:51:16] - [31] VICTOR.POZEN: Nouveau Répertoire: D:\kerberos.htx\gil.bois\drivers gil\drivers\Lecteur de disquettes
[00:51:16] - [31] VICTOR.POZEN: Nouveau Répertoire: D:\kerberos.htx\gil.bois\drivers gil\drivers\Mélangeur audio Wave de noyau Microsoft
[00:51:16] - [31] VICTOR.POZEN: Nouveau Répertoire: D:\kerberos.htx\gil.bois\drivers gil\drivers\Mélangeur audio Wave de noyau Microsoft
[00:51:16] - [32] VICTOR.POZEN: Début d'Upload de D:\kerberos.htx\gil.bois\drivers gil\drivers or win\D-Link DWA-131 Wireless N Nano USB Adapter(rev.E)\Setup.DIY
[00:51:16] - [31] VICTOR.POZEN: Nouveau Répertoire: D:\kerberos.htx\gil.bois\drivers gil\drivers\Miniport d'ordonnancement de paquets
[00:51:16] - [31] VICTOR.POZEN: Nouveau Répertoire: D:\kerberos.htx\gil.bois\drivers gil\drivers\Miniport d'ordonnancement de paquets
[00:51:16] - [32] VICTOR.POZEN: Fichier Upload: D:\kerberos.htx\gil.bois\drivers gil\drivers or win\D-Link DWA-131 Wireless N Nano USB Adapter(rev.E)\Setup.DIY (0,17 K/S -    173 bytes)
[00:51:16] - [31] VICTOR.POZEN: Nouveau Répertoire: D:\kerberos.htx\gil.bois\drivers gil\drivers\Miniport réseau étendu (IP)
[00:51:16] - [31] VICTOR.POZEN: Nouveau Répertoire: D:\kerberos.htx\gil.bois\drivers gil\drivers\Miniport réseau étendu (IP)
[00:51:16] - [31] VICTOR.POZEN: Nouveau Répertoire: D:\kerberos.htx\gil.bois\drivers gil\drivers\Miniport réseau étendu (IPX)
[00:51:16] - [31] VICTOR.POZEN: Nouveau Répertoire: D:\kerberos.htx\gil.bois\drivers gil\drivers\Miniport réseau étendu (IPX)
[00:51:16] - [31] VICTOR.POZEN: Nouveau Répertoire: D:\kerberos.htx\gil.bois\drivers gil\drivers\Miniport réseau étendu (L2TP)
[00:51:16] - [31] VICTOR.POZEN: Nouveau Répertoire: D:\kerberos.htx\gil.bois\drivers gil\drivers\Miniport réseau étendu (L2TP)
[00:51:16] - [31] VICTOR.POZEN: Nouveau Répertoire: D:\kerberos.htx\gil.bois\drivers gil\drivers\Miniport réseau étendu (PPTP)
[00:51:16] - [31] VICTOR.POZEN: Nouveau Répertoire: D:\kerberos.htx\gil.bois\drivers gil\drivers\Miniport réseau étendu (PPTP)
[00:51:16] - [31] VICTOR.POZEN: Nouveau Répertoire: D:\kerberos.htx\gil.bois\drivers gil\drivers\Miniport WAN (PPPOE)
[00:51:16] - [31] VICTOR.POZEN: Nouveau Répertoire: D:\kerberos.htx\gil.bois\drivers gil\drivers\Miniport WAN (PPPOE)
[00:51:16] - [31] VICTOR.POZEN: Nouveau Répertoire: D:\kerberos.htx\gil.bois\drivers gil\drivers\Parallèle direct
[00:51:16] - [31] VICTOR.POZEN: Nouveau Répertoire: D:\kerberos.htx\gil.bois\drivers gil\drivers\Parallèle direct
[00:51:16] - [31] VICTOR.POZEN: Nouveau Répertoire: D:\kerberos.htx\gil.bois\drivers gil\drivers\PC à interface de configuration et d'énergie avancée (ACPI)
[00:51:16] - [31] VICTOR.POZEN: Nouveau Répertoire: D:\kerberos.htx\gil.bois\drivers gil\drivers\PC à interface de configuration et d'énergie avancée (ACPI)
[00:51:16] - [31] VICTOR.POZEN: Nouveau Répertoire: D:\kerberos.htx\gil.bois\drivers gil\drivers\Périphérique audio système du noyau Microsoft
[00:51:16] - [31] VICTOR.POZEN: Nouveau Répertoire: D:\kerberos.htx\gil.bois\drivers gil\drivers\Périphérique audio système du noyau Microsoft
[00:51:16] - [31] VICTOR.POZEN: Nouveau Répertoire: D:\kerberos.htx\gil.bois\drivers gil\drivers\Périphérique clavier PIH
[00:51:16] - [31] VICTOR.POZEN: Nouveau Répertoire: D:\kerberos.htx\gil.bois\drivers gil\drivers\Périphérique clavier PIH
[00:51:16] - [31] VICTOR.POZEN: Nouveau Répertoire: D:\kerberos.htx\gil.bois\drivers gil\drivers\Périphérique conforme aux Périphériques d'interface utilisateur (HID)
[00:51:16] - [31] VICTOR.POZEN: Nouveau Répertoire: D:\kerberos.htx\gil.bois\drivers gil\drivers\Périphérique conforme aux Périphériques d'interface utilisateur (HID)
[00:51:16] - [31] VICTOR.POZEN: Nouveau Répertoire: D:\kerberos.htx\gil.bois\drivers gil\drivers\Périphérique de contrôle consommateur conforme aux Périphériques d'interface utilisateur (HID)
[00:51:16] - [31] VICTOR.POZEN: Nouveau Répertoire: D:\kerberos.htx\gil.bois\drivers gil\drivers\Périphérique de contrôle consommateur conforme aux Périphériques d'interface utilisateur (HID)
[00:51:16] - [31] VICTOR.POZEN: Nouveau Répertoire: D:\kerberos.htx\gil.bois\drivers gil\drivers\Périphérique de mise à jour microcode
[00:51:16] - [31] VICTOR.POZEN: Nouveau Répertoire: D:\kerberos.htx\gil.bois\drivers gil\drivers\Périphérique de mise à jour microcode
[00:51:16] - [31] VICTOR.POZEN: Nouveau Répertoire: D:\kerberos.htx\gil.bois\drivers gil\drivers\Périphérique de stockage de masse USB
[00:51:16] - [31] VICTOR.POZEN: Nouveau Répertoire: D:\kerberos.htx\gil.bois\drivers gil\drivers\Périphérique de stockage de masse USB
[00:51:17] - [31] VICTOR.POZEN: Nouveau Répertoire: D:\kerberos.htx\gil.bois\drivers gil\drivers\Périphérique d'interface utilisateur USB
[00:51:17] - [31] VICTOR.POZEN: Nouveau Répertoire: D:\kerberos.htx\gil.bois\drivers gil\drivers\Périphérique d'interface utilisateur USB
[00:51:17] - [31] VICTOR.POZEN: Nouveau Répertoire: D:\kerberos.htx\gil.bois\drivers gil\drivers\Périphérique inconnu
[00:51:17] - [31] VICTOR.POZEN: Nouveau Répertoire: D:\kerberos.htx\gil.bois\drivers gil\drivers\Périphérique inconnu
[00:51:17] - [31] VICTOR.POZEN: Nouveau Répertoire: D:\kerberos.htx\gil.bois\drivers gil\drivers\Périphérique USB composite
[00:51:17] - [31] VICTOR.POZEN: Nouveau Répertoire: D:\kerberos.htx\gil.bois\drivers gil\drivers\Périphérique USB composite
[00:51:17] - [31] VICTOR.POZEN: Nouveau Répertoire: D:\kerberos.htx\gil.bois\drivers gil\drivers\Périphériques de capture vidéo hérités
[00:51:17] - [31] VICTOR.POZEN: Nouveau Répertoire: D:\kerberos.htx\gil.bois\drivers gil\drivers\Périphériques de capture vidéo hérités
[00:51:17] - [31] VICTOR.POZEN: Nouveau Répertoire: D:\kerberos.htx\gil.bois\drivers gil\drivers\Périphériques MCI
[00:51:17] - [31] VICTOR.POZEN: Nouveau Répertoire: D:\kerberos.htx\gil.bois\drivers gil\drivers\Périphériques MCI
[00:51:17] - [31] VICTOR.POZEN: Nouveau Répertoire: D:\kerberos.htx\gil.bois\drivers gil\drivers\Pilote BIOS de gestion de systèmes Microsoft
[00:51:17] - [31] VICTOR.POZEN: Nouveau Répertoire: D:\kerberos.htx\gil.bois\drivers gil\drivers\Pilote BIOS de gestion de systèmes Microsoft
[00:51:17] - [32] VICTOR.POZEN: Début d'Upload de D:\kerberos.htx\gil.bois\drivers gil\drivers or win\RADEON IGP 320M\ati2dvag.dll
[00:51:17] - [31] VICTOR.POZEN: Nouveau Répertoire: D:\kerberos.htx\gil.bois\drivers gil\drivers\Pilote clavier de Terminal Server
[00:51:17] - [31] VICTOR.POZEN: Nouveau Répertoire: D:\kerberos.htx\gil.bois\drivers gil\drivers\Pilote clavier de Terminal Server
[00:51:17] - [31] VICTOR.POZEN: Nouveau Répertoire: D:\kerberos.htx\gil.bois\drivers gil\drivers\Pilote souris de Terminal Server
[00:51:17] - [31] VICTOR.POZEN: Nouveau Répertoire: D:\kerberos.htx\gil.bois\drivers gil\drivers\Pilote souris de Terminal Server
[00:51:17] - [31] VICTOR.POZEN: Nouveau Répertoire: D:\kerberos.htx\gil.bois\drivers gil\drivers\Pilote WDM d'accélérateur audio ALi
[00:51:17] - [31] VICTOR.POZEN: Nouveau Répertoire: D:\kerberos.htx\gil.bois\drivers gil\drivers\Pilote WDM d'accélérateur audio ALi
[00:51:17] - [31] VICTOR.POZEN: Nouveau Répertoire: D:\kerberos.htx\gil.bois\drivers gil\drivers\Pilote WINMM de compatibilité audio WDM Microsoft
[00:51:17] - [31] VICTOR.POZEN: Nouveau Répertoire: D:\kerberos.htx\gil.bois\drivers gil\drivers\Pilote WINMM de compatibilité audio WDM Microsoft
[00:51:17] - [31] VICTOR.POZEN: Nouveau Répertoire: D:\kerberos.htx\gil.bois\drivers gil\drivers\Pilotes audio hérités
[00:51:17] - [31] VICTOR.POZEN: Nouveau Répertoire: D:\kerberos.htx\gil.bois\drivers gil\drivers\Pilotes audio hérités
[00:51:17] - [31] VICTOR.POZEN: Nouveau Répertoire: D:\kerberos.htx\gil.bois\drivers gil\drivers\Pont ALi PCI vers ISA
[00:51:17] - [31] VICTOR.POZEN: Nouveau Répertoire: D:\kerberos.htx\gil.bois\drivers gil\drivers\Pont ALi PCI vers ISA
[00:51:17] - [31] VICTOR.POZEN: Nouveau Répertoire: D:\kerberos.htx\gil.bois\drivers gil\drivers\Pont CPU hôte standard PCI
[00:51:17] - [31] VICTOR.POZEN: Nouveau Répertoire: D:\kerberos.htx\gil.bois\drivers gil\drivers\Pont CPU hôte standard PCI
[00:51:17] - [31] VICTOR.POZEN: Nouveau Répertoire: D:\kerberos.htx\gil.bois\drivers gil\drivers\Port de communication
[00:51:17] - [31] VICTOR.POZEN: Nouveau Répertoire: D:\kerberos.htx\gil.bois\drivers gil\drivers\Port de communication
[00:51:17] - [31] VICTOR.POZEN: Nouveau Répertoire: D:\kerberos.htx\gil.bois\drivers gil\drivers\Port de lecture de données ISAPNP
[00:51:17] - [31] VICTOR.POZEN: Nouveau Répertoire: D:\kerberos.htx\gil.bois\drivers gil\drivers\Port de lecture de données ISAPNP
[00:51:17] - [31] VICTOR.POZEN: Nouveau Répertoire: D:\kerberos.htx\gil.bois\drivers gil\drivers\Port imprimante ECP
[00:51:17] - [31] VICTOR.POZEN: Nouveau Répertoire: D:\kerberos.htx\gil.bois\drivers gil\drivers\Port imprimante ECP
[00:51:17] - [31] VICTOR.POZEN: Nouveau Répertoire: D:\kerberos.htx\gil.bois\drivers gil\drivers\Processeur AMD K7
[00:51:18] - [31] VICTOR.POZEN: Nouveau Répertoire: D:\kerberos.htx\gil.bois\drivers gil\drivers\Processeur AMD K7
[00:51:18] - [31] VICTOR.POZEN: Nouveau Répertoire: D:\kerberos.htx\gil.bois\drivers gil\drivers\Proxy de gestion de qualité de répartition Microsoft
[00:51:18] - [31] VICTOR.POZEN: Nouveau Répertoire: D:\kerberos.htx\gil.bois\drivers gil\drivers\Proxy de gestion de qualité de répartition Microsoft
[00:51:18] - [33] VICTOR.POZEN: Fichier Upload: D:\kerberos.htx\gil.bois\drivers gil\drivers or win\D-Link DWA-131 Wireless N Nano USB Adapter(rev.E)\DRTWlanU_XP.sys (631,37 K/S -  2 586 072 bytes)
[00:51:18] - [32] VICTOR.POZEN: Fichier Upload: D:\kerberos.htx\gil.bois\drivers gil\drivers or win\RADEON IGP 320M\ati2dvag.dll (295,50 K/S -   302 592 bytes)
[00:51:18] - [31] VICTOR.POZEN: Nouveau Répertoire: D:\kerberos.htx\gil.bois\drivers gil\drivers\Proxy de service de répartition Microsoft
[00:51:18] - [31] VICTOR.POZEN: Nouveau Répertoire: D:\kerberos.htx\gil.bois\drivers gil\drivers\Proxy de service de répartition Microsoft
[00:51:18] - [31] VICTOR.POZEN: Nouveau Répertoire: D:\kerberos.htx\gil.bois\drivers gil\drivers\Proxy d'horloge de répartition Microsoft
[00:51:18] - [33] VICTOR.POZEN: Début d'Upload de D:\kerberos.htx\gil.bois\drivers gil\drivers or win\RADEON IGP 320M\ati2evxx.dll
[00:51:18] - [32] VICTOR.POZEN: Début d'Upload de D:\kerberos.htx\gil.bois\drivers gil\drivers or win\RADEON IGP 320M\ati2evxx.exe
[00:51:18] - [31] VICTOR.POZEN: Nouveau Répertoire: D:\kerberos.htx\gil.bois\drivers gil\drivers\Proxy d'horloge de répartition Microsoft
[00:51:18] - [31] VICTOR.POZEN: Nouveau Répertoire: D:\kerberos.htx\gil.bois\drivers gil\drivers\RADEON IGP 320M
[00:51:18] - [31] VICTOR.POZEN: Nouveau Répertoire: D:\kerberos.htx\gil.bois\drivers gil\drivers\RADEON IGP 320M
[00:51:18] - [31] VICTOR.POZEN: Nouveau Répertoire: D:\kerberos.htx\gil.bois\drivers gil\drivers\Redirecteur de périphérique Terminal Server
[00:51:18] - [31] VICTOR.POZEN: Nouveau Répertoire: D:\kerberos.htx\gil.bois\drivers gil\drivers\Redirecteur de périphérique Terminal Server
[00:51:18] - [31] VICTOR.POZEN: Nouveau Répertoire: D:\kerberos.htx\gil.bois\drivers gil\drivers\Ressources de la carte mère
[00:51:20] - [33] VICTOR.POZEN: Fichier Upload: D:\kerberos.htx\gil.bois\drivers gil\drivers or win\RADEON IGP 320M\ati2evxx.dll (44,00 K/S -   90 112 bytes)
[00:51:20] - [31] VICTOR.POZEN: Nouveau Répertoire: D:\kerberos.htx\gil.bois\drivers gil\drivers\Ressources de la carte mère
[00:51:20] - [31] VICTOR.POZEN: Nouveau Répertoire: D:\kerberos.htx\gil.bois\drivers gil\drivers\Souris compatible PS 2
[00:51:20] - [31] VICTOR.POZEN: Nouveau Répertoire: D:\kerberos.htx\gil.bois\drivers gil\drivers\Souris compatible PS 2
[00:51:20] - [31] VICTOR.POZEN: Nouveau Répertoire: D:\kerberos.htx\gil.bois\drivers gil\drivers\Souris HID
[00:51:20] - [31] VICTOR.POZEN: Nouveau Répertoire: D:\kerberos.htx\gil.bois\drivers gil\drivers\Souris HID
[00:51:20] - [31] VICTOR.POZEN: Nouveau Répertoire: D:\kerberos.htx\gil.bois\drivers gil\drivers\Splitter audio du noyau Microsoft
[00:51:20] - [32] VICTOR.POZEN: Fichier Upload: D:\kerberos.htx\gil.bois\drivers gil\drivers or win\RADEON IGP 320M\ati2evxx.exe (144,00 K/S -   294 912 bytes)
[00:51:20] - [31] VICTOR.POZEN: Nouveau Répertoire: D:\kerberos.htx\gil.bois\drivers gil\drivers\Splitter audio du noyau Microsoft
[00:51:20] - [31] VICTOR.POZEN: Nouveau Répertoire: D:\kerberos.htx\gil.bois\drivers gil\drivers\Suppresseur d'écho acoustique (Noyau Microsoft)
[00:51:20] - [33] VICTOR.POZEN: Début d'Upload de D:\kerberos.htx\gil.bois\drivers gil\drivers or win\RADEON IGP 320M\Ati2mdxx.exe
[00:51:20] - [31] VICTOR.POZEN: Nouveau Répertoire: D:\kerberos.htx\gil.bois\drivers gil\drivers\Suppresseur d'écho acoustique (Noyau Microsoft)
[00:51:20] - [32] VICTOR.POZEN: Début d'Upload de D:\kerberos.htx\gil.bois\drivers gil\drivers or win\RADEON IGP 320M\ati2mtag.sys
[00:51:20] - [33] VICTOR.POZEN: Fichier Upload: D:\kerberos.htx\gil.bois\drivers gil\drivers or win\RADEON IGP 320M\Ati2mdxx.exe (28,00 K/S -   28 672 bytes)
[00:51:20] - [31] VICTOR.POZEN: Nouveau Répertoire: D:\kerberos.htx\gil.bois\drivers gil\drivers\Synthétiseur de table de sons GC noyau Microsoft
[00:51:20] - [31] VICTOR.POZEN: Nouveau Répertoire: D:\kerberos.htx\gil.bois\drivers gil\drivers\Synthétiseur de table de sons GC noyau Microsoft
[00:51:20] - [31] VICTOR.POZEN: Nouveau Répertoire: D:\kerberos.htx\gil.bois\drivers gil\drivers\Synthétiseur DLS du noyau Microsoft
[00:51:20] - [31] VICTOR.POZEN: Nouveau Répertoire: D:\kerberos.htx\gil.bois\drivers gil\drivers\Synthétiseur DLS du noyau Microsoft
[00:51:20] - [31] VICTOR.POZEN: Nouveau Répertoire: D:\kerberos.htx\gil.bois\drivers gil\drivers\Système compatible ACPI Microsoft
[00:51:20] - [31] VICTOR.POZEN: Nouveau Répertoire: D:\kerberos.htx\gil.bois\drivers gil\drivers\Système compatible ACPI Microsoft
[00:51:20] - [31] VICTOR.POZEN: Nouveau Répertoire: D:\kerberos.htx\gil.bois\drivers gil\drivers\Volume générique
[00:51:20] - [31] VICTOR.POZEN: Nouveau Répertoire: D:\kerberos.htx\gil.bois\drivers gil\drivers\Volume générique
[00:51:20] - [31] VICTOR.POZEN: Nouveau Répertoire: D:\kerberos.htx\gil.bois\drivers gil\drivers\Zone thermique ACPI
[00:51:21] - [31] VICTOR.POZEN: Nouveau Répertoire: D:\kerberos.htx\gil.bois\drivers gil\drivers\Zone thermique ACPI
[00:51:21] - [31] VICTOR.POZEN: Nouveau Répertoire: D:\kerberos.htx\gil.bois\drivers gil\drivers\ZTE Diagnostics Interface
[00:51:21] - [31] VICTOR.POZEN: Nouveau Répertoire: D:\kerberos.htx\gil.bois\drivers gil\drivers\ZTE Diagnostics Interface
[00:51:21] - [31] VICTOR.POZEN: Nouveau Répertoire: D:\kerberos.htx\gil.bois\drivers gil\drivers\ZTE Mass Storage Device
[00:51:21] - [31] VICTOR.POZEN: Nouveau Répertoire: D:\kerberos.htx\gil.bois\drivers gil\drivers\ZTE Mass Storage Device
[00:51:21] - [31] VICTOR.POZEN: Nouveau Répertoire: D:\kerberos.htx\gil.bois\drivers gil\drivers\ZTE NMEA Device
[00:51:21] - [31] VICTOR.POZEN: Nouveau Répertoire: D:\kerberos.htx\gil.bois\drivers gil\drivers\ZTE NMEA Device
[00:51:21] - [31] VICTOR.POZEN: Nouveau Répertoire: D:\kerberos.htx\gil.bois\drivers gil\drivers\ZTE Proprietary USB Modem
[00:51:21] - [31] VICTOR.POZEN: Nouveau Répertoire: D:\kerberos.htx\gil.bois\drivers gil\drivers\ZTE Proprietary USB Modem
[00:51:21] - [31] VICTOR.POZEN: Nouveau Répertoire: D:\kerberos.htx\gil.bois\drivers gil\drivers\ZTE VoUSB Device
[00:51:21] - [31] VICTOR.POZEN: Nouveau Répertoire: D:\kerberos.htx\gil.bois\drivers gil\drivers\ZTE VoUSB Device
[00:51:21] - [32] VICTOR.POZEN: Fichier Upload: D:\kerberos.htx\gil.bois\drivers gil\drivers or win\RADEON IGP 320M\ati2mtag.sys (573,50 K/S -   587 264 bytes)
[00:51:21] - [31] VICTOR.POZEN: Nouveau Répertoire: D:\kerberos.htx\gil.bois\drivers gil\drivers\ZTE Wireless Ethernet Adapter
[00:51:21] - [31] VICTOR.POZEN: Nouveau Répertoire: D:\kerberos.htx\gil.bois\drivers gil\drivers\ZTE Wireless Ethernet Adapter
[00:51:22] - [33] VICTOR.POZEN: Début d'Upload de D:\kerberos.htx\gil.bois\drivers gil\drivers or win\RADEON IGP 320M\ati3d1ag.dll
[00:51:22] - [32] VICTOR.POZEN: Début d'Upload de D:\kerberos.htx\gil.bois\drivers gil\drivers or win\RADEON IGP 320M\ati3d2ag.dll
[00:51:23] - [33] VICTOR.POZEN: Fichier Upload: D:\kerberos.htx\gil.bois\drivers gil\drivers or win\RADEON IGP 320M\ati3d1ag.dll (414,38 K/S -   848 640 bytes)
[00:51:24] - [32] VICTOR.POZEN: Fichier Upload: D:\kerberos.htx\gil.bois\drivers gil\drivers or win\RADEON IGP 320M\ati3d2ag.dll (506,00 K/S -  1 036 288 bytes)
[00:51:24] - [33] VICTOR.POZEN: Début d'Upload de D:\kerberos.htx\gil.bois\drivers gil\drivers or win\RADEON IGP 320M\ati3duag.dll
[00:51:25] - [32] VICTOR.POZEN: Début d'Upload de D:\kerberos.htx\gil.bois\drivers gil\drivers or win\RADEON IGP 320M\ATIDDC.DLL
[00:51:25] - [32] VICTOR.POZEN: Fichier Upload: D:\kerberos.htx\gil.bois\drivers gil\drivers or win\RADEON IGP 320M\ATIDDC.DLL (72,00 K/S -   73 728 bytes)
[00:51:26] - [33] VICTOR.POZEN: Fichier Upload: D:\kerberos.htx\gil.bois\drivers gil\drivers or win\RADEON IGP 320M\ati3duag.dll (1 060,80 K/S -  1 086 240 bytes)
[00:51:26] - [32] VICTOR.POZEN: Début d'Upload de D:\kerberos.htx\gil.bois\drivers gil\drivers or win\RADEON IGP 320M\atiiiexx.dll
[00:51:26] - [32] VICTOR.POZEN: Fichier Upload: D:\kerberos.htx\gil.bois\drivers gil\drivers or win\RADEON IGP 320M\atiiiexx.dll (224,00 K/S -   229 376 bytes)
[00:51:26] - [33] VICTOR.POZEN: Début d'Upload de D:\kerberos.htx\gil.bois\drivers gil\drivers or win\RADEON IGP 320M\atioglxx.dll
[00:51:27] - [32] VICTOR.POZEN: Début d'Upload de D:\kerberos.htx\gil.bois\drivers gil\drivers or win\RADEON IGP 320M\atipdlxx.dll
[00:51:27] - [32] VICTOR.POZEN: Fichier Upload: D:\kerberos.htx\gil.bois\drivers gil\drivers or win\RADEON IGP 320M\atipdlxx.dll (80,00 K/S -   81 920 bytes)
[00:51:28] - [32] VICTOR.POZEN: Début d'Upload de D:\kerberos.htx\gil.bois\drivers gil\drivers or win\RADEON IGP 320M\atitvo32.dll
[00:51:29] - [32] VICTOR.POZEN: Fichier Upload: D:\kerberos.htx\gil.bois\drivers gil\drivers or win\RADEON IGP 320M\atitvo32.dll (17,00 K/S -   17 408 bytes)
[00:51:30] - [32] VICTOR.POZEN: Début d'Upload de D:\kerberos.htx\gil.bois\drivers gil\drivers or win\RADEON IGP 320M\ativcoxx.dll
[00:51:30] - [32] VICTOR.POZEN: Fichier Upload: D:\kerberos.htx\gil.bois\drivers gil\drivers or win\RADEON IGP 320M\ativcoxx.dll (23,50 K/S -   24 064 bytes)
[00:51:31] - [32] VICTOR.POZEN: Début d'Upload de D:\kerberos.htx\gil.bois\drivers gil\drivers or win\RADEON IGP 320M\Oemdspif.dll
[00:51:31] - [32] VICTOR.POZEN: Fichier Upload: D:\kerberos.htx\gil.bois\drivers gil\drivers or win\RADEON IGP 320M\Oemdspif.dll (72,00 K/S -   73 728 bytes)
[00:51:32] - [32] VICTOR.POZEN: Début d'Upload de D:\kerberos.htx\gil.bois\drivers gil\drivers or win\RADEON IGP 320M\cx_11175.cat
[00:51:32] - [32] VICTOR.POZEN: Fichier Upload: D:\kerberos.htx\gil.bois\drivers gil\drivers or win\RADEON IGP 320M\cx_11175.cat (13,84 K/S -   14 177 bytes)
[00:51:33] - [33] VICTOR.POZEN: Fichier Upload: D:\kerberos.htx\gil.bois\drivers gil\drivers or win\RADEON IGP 320M\atioglxx.dll (780,67 K/S -  4 796 416 bytes)
[00:51:33] - [32] VICTOR.POZEN: Début d'Upload de D:\kerberos.htx\gil.bois\drivers gil\drivers or win\RADEON IGP 320M\oem11.inf
[00:51:33] - [32] VICTOR.POZEN: Fichier Upload: D:\kerberos.htx\gil.bois\drivers gil\drivers or win\RADEON IGP 320M\oem11.inf (20,07 K/S -   20 551 bytes)
[00:51:33] - [33] VICTOR.POZEN: Début d'Upload de D:\kerberos.htx\gil.bois\drivers gil\drivers or win\RADEON IGP 320M\Setup.DIY
[00:51:33] - [33] VICTOR.POZEN: Fichier Upload: D:\kerberos.htx\gil.bois\drivers gil\drivers or win\RADEON IGP 320M\Setup.DIY (0,19 K/S -    190 bytes)
[00:51:34] - [32] VICTOR.POZEN: Début d'Upload de D:\kerberos.htx\gil.bois\drivers gil\drivers or win\ZTE Diagnostics Interface\ZTEusbser6k.sys
[00:51:34] - [32] VICTOR.POZEN: Fichier Upload: D:\kerberos.htx\gil.bois\drivers gil\drivers or win\ZTE Diagnostics Interface\ZTEusbser6k.sys (102,50 K/S -   104 960 bytes)
[00:51:35] - [33] VICTOR.POZEN: Début d'Upload de D:\kerberos.htx\gil.bois\drivers gil\drivers or win\ZTE Diagnostics Interface\ZTEusbdiag.cat
[00:51:35] - [33] VICTOR.POZEN: Fichier Upload: D:\kerberos.htx\gil.bois\drivers gil\drivers or win\ZTE Diagnostics Interface\ZTEusbdiag.cat (14,91 K/S -   15 272 bytes)
[00:51:35] - [32] VICTOR.POZEN: Début d'Upload de D:\kerberos.htx\gil.bois\drivers gil\drivers or win\ZTE Diagnostics Interface\oem0.inf
[00:51:35] - [32] VICTOR.POZEN: Fichier Upload: D:\kerberos.htx\gil.bois\drivers gil\drivers or win\ZTE Diagnostics Interface\oem0.inf (4,79 K/S -   4 906 bytes)
[00:51:35] - [33] VICTOR.POZEN: Début d'Upload de D:\kerberos.htx\gil.bois\drivers gil\drivers or win\ZTE Diagnostics Interface\Setup.DIY
[00:51:35] - [33] VICTOR.POZEN: Fichier Upload: D:\kerberos.htx\gil.bois\drivers gil\drivers or win\ZTE Diagnostics Interface\Setup.DIY (0,17 K/S -    179 bytes)
[00:51:35] - [32] VICTOR.POZEN: Début d'Upload de D:\kerberos.htx\gil.bois\drivers gil\drivers or win\ZTE Mass Storage Device\massfilter.sys
[00:51:35] - [32] VICTOR.POZEN: Fichier Upload: D:\kerberos.htx\gil.bois\drivers gil\drivers or win\ZTE Mass Storage Device\massfilter.sys (7,50 K/S -   7 680 bytes)
[00:51:35] - [33] VICTOR.POZEN: Début d'Upload de D:\kerberos.htx\gil.bois\drivers gil\drivers or win\ZTE Mass Storage Device\oem5.inf
[00:51:35] - [33] VICTOR.POZEN: Fichier Upload: D:\kerberos.htx\gil.bois\drivers gil\drivers or win\ZTE Mass Storage Device\oem5.inf (2,66 K/S -   2 726 bytes)
[00:51:35] - [32] VICTOR.POZEN: Début d'Upload de D:\kerberos.htx\gil.bois\drivers gil\drivers or win\ZTE Mass Storage Device\massfilter.cat
[00:51:35] - [32] VICTOR.POZEN: Fichier Upload: D:\kerberos.htx\gil.bois\drivers gil\drivers or win\ZTE Mass Storage Device\massfilter.cat (0,00 K/S -  20 401 224 bytes)
[00:51:35] - [33] VICTOR.POZEN: Début d'Upload de D:\kerberos.htx\gil.bois\drivers gil\drivers or win\ZTE Mass Storage Device\Setup.DIY
[00:51:36] - [33] VICTOR.POZEN: Fichier Upload: D:\kerberos.htx\gil.bois\drivers gil\drivers or win\ZTE Mass Storage Device\Setup.DIY (0,17 K/S -    173 bytes)
[00:51:36] - [32] VICTOR.POZEN: Début d'Upload de D:\kerberos.htx\gil.bois\drivers gil\drivers or win\ZTE NMEA Device\ZTEusbnmea.sys
[00:51:37] - [32] VICTOR.POZEN: Fichier Upload: D:\kerberos.htx\gil.bois\drivers gil\drivers or win\ZTE NMEA Device\ZTEusbnmea.sys (102,88 K/S -   105 344 bytes)
[00:51:37] - [33] VICTOR.POZEN: Début d'Upload de D:\kerberos.htx\gil.bois\drivers gil\drivers or win\ZTE NMEA Device\ZTEusbnmea.cat
[00:51:37] - [33] VICTOR.POZEN: Fichier Upload: D:\kerberos.htx\gil.bois\drivers gil\drivers or win\ZTE NMEA Device\ZTEusbnmea.cat (14,91 K/S -   15 270 bytes)
[00:51:37] - [32] VICTOR.POZEN: Début d'Upload de D:\kerberos.htx\gil.bois\drivers gil\drivers or win\ZTE NMEA Device\oem3.inf
[00:51:37] - [32] VICTOR.POZEN: Fichier Upload: D:\kerberos.htx\gil.bois\drivers gil\drivers or win\ZTE NMEA Device\oem3.inf (4,54 K/S -   4 652 bytes)
[00:51:37] - [33] VICTOR.POZEN: Début d'Upload de D:\kerberos.htx\gil.bois\drivers gil\drivers or win\ZTE NMEA Device\Setup.DIY
[00:51:37] - [33] VICTOR.POZEN: Fichier Upload: D:\kerberos.htx\gil.bois\drivers gil\drivers or win\ZTE NMEA Device\Setup.DIY (0,17 K/S -    179 bytes)
[00:51:37] - [32] VICTOR.POZEN: Début d'Upload de D:\kerberos.htx\gil.bois\drivers gil\drivers or win\ZTE Proprietary USB Modem\ZTEusbmdm6k.sys
[00:51:37] - [32] VICTOR.POZEN: Fichier Upload: D:\kerberos.htx\gil.bois\drivers gil\drivers or win\ZTE Proprietary USB Modem\ZTEusbmdm6k.sys (102,50 K/S -   104 960 bytes)
[00:51:37] - [33] VICTOR.POZEN: Début d'Upload de D:\kerberos.htx\gil.bois\drivers gil\drivers or win\ZTE Proprietary USB Modem\ZTEusbmodem.cat
[00:51:37] - [33] VICTOR.POZEN: Fichier Upload: D:\kerberos.htx\gil.bois\drivers gil\drivers or win\ZTE Proprietary USB Modem\ZTEusbmodem.cat (14,92 K/S -   15 274 bytes)
[00:51:37] - [32] VICTOR.POZEN: Début d'Upload de D:\kerberos.htx\gil.bois\drivers gil\drivers or win\ZTE Proprietary USB Modem\oem1.inf
[00:51:38] - [32] VICTOR.POZEN: Fichier Upload: D:\kerberos.htx\gil.bois\drivers gil\drivers or win\ZTE Proprietary USB Modem\oem1.inf (46,79 K/S -   47 914 bytes)
[00:51:38] - [33] VICTOR.POZEN: Début d'Upload de D:\kerberos.htx\gil.bois\drivers gil\drivers or win\ZTE Proprietary USB Modem\Setup.DIY
[00:51:38] - [33] VICTOR.POZEN: Fichier Upload: D:\kerberos.htx\gil.bois\drivers gil\drivers or win\ZTE Proprietary USB Modem\Setup.DIY (0,17 K/S -    179 bytes)
[00:51:38] - [32] VICTOR.POZEN: Début d'Upload de D:\kerberos.htx\gil.bois\drivers gil\drivers or win\ZTE VoUSB Device\zteusbvoice.sys
[00:51:38] - [32] VICTOR.POZEN: Fichier Upload: D:\kerberos.htx\gil.bois\drivers gil\drivers or win\ZTE VoUSB Device\zteusbvoice.sys (102,50 K/S -   104 960 bytes)
[00:51:38] - [33] VICTOR.POZEN: Début d'Upload de D:\kerberos.htx\gil.bois\drivers gil\drivers or win\ZTE VoUSB Device\zteusbvoice.cat
[00:51:38] - [33] VICTOR.POZEN: Fichier Upload: D:\kerberos.htx\gil.bois\drivers gil\drivers or win\ZTE VoUSB Device\zteusbvoice.cat (14,92 K/S -   15 274 bytes)
[00:51:38] - [32] VICTOR.POZEN: Début d'Upload de D:\kerberos.htx\gil.bois\drivers gil\drivers or win\ZTE VoUSB Device\oem4.inf
[00:51:38] - [32] VICTOR.POZEN: Fichier Upload: D:\kerberos.htx\gil.bois\drivers gil\drivers or win\ZTE VoUSB Device\oem4.inf (2,37 K/S -   2 422 bytes)
[00:51:39] - [33] VICTOR.POZEN: Début d'Upload de D:\kerberos.htx\gil.bois\drivers gil\drivers or win\ZTE VoUSB Device\Setup.DIY
[00:51:39] - [33] VICTOR.POZEN: Fichier Upload: D:\kerberos.htx\gil.bois\drivers gil\drivers or win\ZTE VoUSB Device\Setup.DIY (0,17 K/S -    179 bytes)
[00:51:39] - [32] VICTOR.POZEN: Début d'Upload de D:\kerberos.htx\gil.bois\drivers gil\drivers or win\ZTE Wireless Ethernet Adapter\ZTEusbnet.sys
[00:51:39] - [32] VICTOR.POZEN: Fichier Upload: D:\kerberos.htx\gil.bois\drivers gil\drivers or win\ZTE Wireless Ethernet Adapter\ZTEusbnet.sys (107,50 K/S -   110 080 bytes)
[00:51:39] - [33] VICTOR.POZEN: Début d'Upload de D:\kerberos.htx\gil.bois\drivers gil\drivers or win\ZTE Wireless Ethernet Adapter\ZTENetCard.cat
[00:51:39] - [33] VICTOR.POZEN: Fichier Upload: D:\kerberos.htx\gil.bois\drivers gil\drivers or win\ZTE Wireless Ethernet Adapter\ZTENetCard.cat (14,91 K/S -   15 266 bytes)
[00:51:39] - [32] VICTOR.POZEN: Début d'Upload de D:\kerberos.htx\gil.bois\drivers gil\drivers or win\ZTE Wireless Ethernet Adapter\oem2.inf
[00:51:39] - [32] VICTOR.POZEN: Fichier Upload: D:\kerberos.htx\gil.bois\drivers gil\drivers or win\ZTE Wireless Ethernet Adapter\oem2.inf (5,70 K/S -   5 834 bytes)
[00:51:39] - [33] VICTOR.POZEN: Début d'Upload de D:\kerberos.htx\gil.bois\drivers gil\drivers or win\ZTE Wireless Ethernet Adapter\Setup.DIY
[00:51:39] - [33] VICTOR.POZEN: Fichier Upload: D:\kerberos.htx\gil.bois\drivers gil\drivers or win\ZTE Wireless Ethernet Adapter\Setup.DIY (0,17 K/S -    179 bytes)
[00:51:40] - [32] VICTOR.POZEN: Début d'Upload de D:\kerberos.htx\gil.bois\drivers gil\drivers\Adaptateur secteur Microsoft\battery.inf
[00:51:40] - [32] VICTOR.POZEN: Fichier Upload: D:\kerberos.htx\gil.bois\drivers gil\drivers\Adaptateur secteur Microsoft\battery.inf (10,86 K/S -   11 122 bytes)
[00:51:40] - [33] VICTOR.POZEN: Début d'Upload de D:\kerberos.htx\gil.bois\drivers gil\drivers\Adaptateur secteur Microsoft\Setup.DIY
[00:51:40] - [33] VICTOR.POZEN: Fichier Upload: D:\kerberos.htx\gil.bois\drivers gil\drivers\Adaptateur secteur Microsoft\Setup.DIY (0,16 K/S -    168 bytes)
[00:51:40] - [32] VICTOR.POZEN: Début d'Upload de D:\kerberos.htx\gil.bois\drivers gil\drivers\ATI U1 A3 Accelerated Graphics Port\atisgkaf.SYS
[00:51:40] - [33] VICTOR.POZEN: Début d'Upload de D:\kerberos.htx\gil.bois\drivers gil\drivers\ATI U1 A3 Accelerated Graphics Port\atisgkaf.cat
[00:51:40] - [33] VICTOR.POZEN: Fichier Upload: D:\kerberos.htx\gil.bois\drivers gil\drivers\ATI U1 A3 Accelerated Graphics Port\atisgkaf.cat (7,54 K/S -   7 716 bytes)
[00:51:40] - [32] VICTOR.POZEN: Fichier Upload: D:\kerberos.htx\gil.bois\drivers gil\drivers\ATI U1 A3 Accelerated Graphics Port\atisgkaf.SYS (23,02 K/S -   23 570 bytes)
[00:51:40] - [32] VICTOR.POZEN: Début d'Upload de D:\kerberos.htx\gil.bois\drivers gil\drivers\ATI U1 A3 Accelerated Graphics Port\oem9.inf
[00:51:40] - [32] VICTOR.POZEN: Fichier Upload: D:\kerberos.htx\gil.bois\drivers gil\drivers\ATI U1 A3 Accelerated Graphics Port\oem9.inf (2,69 K/S -   2 756 bytes)
[00:51:41] - [33] VICTOR.POZEN: Début d'Upload de D:\kerberos.htx\gil.bois\drivers gil\drivers\ATI U1 A3 Accelerated Graphics Port\Setup.DIY
[00:51:41] - [33] VICTOR.POZEN: Fichier Upload: D:\kerberos.htx\gil.bois\drivers gil\drivers\ATI U1 A3 Accelerated Graphics Port\Setup.DIY (0,17 K/S -    173 bytes)
[00:51:41] - [32] VICTOR.POZEN: Début d'Upload de D:\kerberos.htx\gil.bois\drivers gil\drivers\Batterie à méthode de contrôle compatible ACPI Microsoft\battery.inf
[00:51:41] - [32] VICTOR.POZEN: Fichier Upload: D:\kerberos.htx\gil.bois\drivers gil\drivers\Batterie à méthode de contrôle compatible ACPI Microsoft\battery.inf (10,86 K/S -   11 122 bytes)
[00:51:41] - [33] VICTOR.POZEN: Début d'Upload de D:\kerberos.htx\gil.bois\drivers gil\drivers\Batterie à méthode de contrôle compatible ACPI Microsoft\Setup.DIY
[00:51:41] - [33] VICTOR.POZEN: Fichier Upload: D:\kerberos.htx\gil.bois\drivers gil\drivers\Batterie à méthode de contrôle compatible ACPI Microsoft\Setup.DIY (0,16 K/S -    167 bytes)
[00:51:41] - [32] VICTOR.POZEN: Début d'Upload de D:\kerberos.htx\gil.bois\drivers gil\drivers\Batterie composite Microsoft\acpi.inf
[00:51:41] - [32] VICTOR.POZEN: Fichier Upload: D:\kerberos.htx\gil.bois\drivers gil\drivers\Batterie composite Microsoft\acpi.inf (9,35 K/S -   9 572 bytes)
[00:51:41] - [33] VICTOR.POZEN: Début d'Upload de D:\kerberos.htx\gil.bois\drivers gil\drivers\Batterie composite Microsoft\Setup.DIY
[00:51:41] - [33] VICTOR.POZEN: Fichier Upload: D:\kerberos.htx\gil.bois\drivers gil\drivers\Batterie composite Microsoft\Setup.DIY (0,16 K/S -    168 bytes)
[00:51:42] - [32] VICTOR.POZEN: Début d'Upload de D:\kerberos.htx\gil.bois\drivers gil\drivers\Bouton de fonctionnalité définie ACPI\machine.inf
[00:51:42] - [32] VICTOR.POZEN: Fichier Upload: D:\kerberos.htx\gil.bois\drivers gil\drivers\Bouton de fonctionnalité définie ACPI\machine.inf (169,78 K/S -   173 854 bytes)
[00:51:42] - [33] VICTOR.POZEN: Début d'Upload de D:\kerberos.htx\gil.bois\drivers gil\drivers\Bouton de fonctionnalité définie ACPI\Setup.DIY
[00:51:42] - [33] VICTOR.POZEN: Fichier Upload: D:\kerberos.htx\gil.bois\drivers gil\drivers\Bouton de fonctionnalité définie ACPI\Setup.DIY (0,17 K/S -    171 bytes)
[00:51:42] - [32] VICTOR.POZEN: Début d'Upload de D:\kerberos.htx\gil.bois\drivers gil\drivers\Bouton marche-arrêt ACPI\machine.inf
[00:51:42] - [33] VICTOR.POZEN: Début d'Upload de D:\kerberos.htx\gil.bois\drivers gil\drivers\Bouton marche-arrêt ACPI\Setup.DIY
[00:51:42] - [33] VICTOR.POZEN: Fichier Upload: D:\kerberos.htx\gil.bois\drivers gil\drivers\Bouton marche-arrêt ACPI\Setup.DIY (0,16 K/S -    162 bytes)
[00:51:43] - [32] VICTOR.POZEN: Fichier Upload: D:\kerberos.htx\gil.bois\drivers gil\drivers\Bouton marche-arrêt ACPI\machine.inf (169,78 K/S -   173 854 bytes)
[00:51:44] - [32] VICTOR.POZEN: Début d'Upload de D:\kerberos.htx\gil.bois\drivers gil\drivers\Bus générique\Setup.DIY
[00:51:44] - [33] VICTOR.POZEN: Début d'Upload de D:\kerberos.htx\gil.bois\drivers gil\drivers\Bus générique\machine.inf
[00:51:44] - [32] VICTOR.POZEN: Fichier Upload: D:\kerberos.htx\gil.bois\drivers gil\drivers\Bus générique\Setup.DIY (0,16 K/S -    162 bytes)
[00:51:44] - [33] VICTOR.POZEN: Fichier Upload: D:\kerberos.htx\gil.bois\drivers gil\drivers\Bus générique\machine.inf (169,78 K/S -   173 854 bytes)
[00:51:44] - [32] VICTOR.POZEN: Début d'Upload de D:\kerberos.htx\gil.bois\drivers gil\drivers\Bus PCI\machine.inf
[00:51:44] - [32] VICTOR.POZEN: Fichier Upload: D:\kerberos.htx\gil.bois\drivers gil\drivers\Bus PCI\machine.inf (169,78 K/S -   173 854 bytes)
[00:51:44] - [33] VICTOR.POZEN: Début d'Upload de D:\kerberos.htx\gil.bois\drivers gil\drivers\Bus PCI\Setup.DIY
[00:51:44] - [33] VICTOR.POZEN: Fichier Upload: D:\kerberos.htx\gil.bois\drivers gil\drivers\Bus PCI\Setup.DIY (0,16 K/S -    162 bytes)
[00:51:44] - [32] VICTOR.POZEN: Début d'Upload de D:\kerberos.htx\gil.bois\drivers gil\drivers\Canal IDE principal\mshdc.inf
[00:51:45] - [32] VICTOR.POZEN: Fichier Upload: D:\kerberos.htx\gil.bois\drivers gil\drivers\Canal IDE principal\mshdc.inf (54,14 K/S -   55 442 bytes)
[00:51:45] - [33] VICTOR.POZEN: Début d'Upload de D:\kerberos.htx\gil.bois\drivers gil\drivers\Canal IDE principal\Setup.DIY
[00:51:45] - [33] VICTOR.POZEN: Fichier Upload: D:\kerberos.htx\gil.bois\drivers gil\drivers\Canal IDE principal\Setup.DIY (0,17 K/S -    171 bytes)
[00:51:45] - [32] VICTOR.POZEN: Début d'Upload de D:\kerberos.htx\gil.bois\drivers gil\drivers\Canal IDE secondaire\mshdc.inf
[00:51:45] - [33] VICTOR.POZEN: Début d'Upload de D:\kerberos.htx\gil.bois\drivers gil\drivers\Canal IDE secondaire\Setup.DIY
[00:51:45] - [33] VICTOR.POZEN: Fichier Upload: D:\kerberos.htx\gil.bois\drivers gil\drivers\Canal IDE secondaire\Setup.DIY (0,17 K/S -    173 bytes)
[00:51:45] - [32] VICTOR.POZEN: Fichier Upload: D:\kerberos.htx\gil.bois\drivers gil\drivers\Canal IDE secondaire\mshdc.inf (54,14 K/S -   55 442 bytes)
[00:51:45] - [32] VICTOR.POZEN: Début d'Upload de D:\kerberos.htx\gil.bois\drivers gil\drivers\Carte asynchrone RAS\netrasa.inf
[00:51:45] - [32] VICTOR.POZEN: Fichier Upload: D:\kerberos.htx\gil.bois\drivers gil\drivers\Carte asynchrone RAS\netrasa.inf (34,72 K/S -   35 556 bytes)
[00:51:45] - [33] VICTOR.POZEN: Début d'Upload de D:\kerberos.htx\gil.bois\drivers gil\drivers\Carte asynchrone RAS\Setup.DIY
[00:51:45] - [33] VICTOR.POZEN: Fichier Upload: D:\kerberos.htx\gil.bois\drivers gil\drivers\Carte asynchrone RAS\Setup.DIY (0,19 K/S -    198 bytes)
[00:51:46] - [32] VICTOR.POZEN: Début d'Upload de D:\kerberos.htx\gil.bois\drivers gil\drivers\Carte Fast Ethernet PCI de base DP83815 National Semiconductor\netfa312.inf
[00:51:46] - [32] VICTOR.POZEN: Fichier Upload: D:\kerberos.htx\gil.bois\drivers gil\drivers\Carte Fast Ethernet PCI de base DP83815 National Semiconductor\netfa312.inf (8,79 K/S -   9 006 bytes)
[00:51:46] - [33] VICTOR.POZEN: Début d'Upload de D:\kerberos.htx\gil.bois\drivers gil\drivers\Carte Fast Ethernet PCI de base DP83815 National Semiconductor\Setup.DIY
[00:51:46] - [33] VICTOR.POZEN: Fichier Upload: D:\kerberos.htx\gil.bois\drivers gil\drivers\Carte Fast Ethernet PCI de base DP83815 National Semiconductor\Setup.DIY (0,17 K/S -    177 bytes)
[00:51:46] - [32] VICTOR.POZEN: Début d'Upload de D:\kerberos.htx\gil.bois\drivers gil\drivers\Carte réseau 1394\net1394.inf
[00:51:46] - [32] VICTOR.POZEN: Fichier Upload: D:\kerberos.htx\gil.bois\drivers gil\drivers\Carte réseau 1394\net1394.inf (4,50 K/S -   4 612 bytes)
[00:51:46] - [33] VICTOR.POZEN: Début d'Upload de D:\kerberos.htx\gil.bois\drivers gil\drivers\Carte réseau 1394\Setup.DIY
[00:51:46] - [33] VICTOR.POZEN: Fichier Upload: D:\kerberos.htx\gil.bois\drivers gil\drivers\Carte réseau 1394\Setup.DIY (0,16 K/S -    168 bytes)
[00:51:46] - [32] VICTOR.POZEN: Début d'Upload de D:\kerberos.htx\gil.bois\drivers gil\drivers\Carte système\machine.inf
[00:51:47] - [32] VICTOR.POZEN: Fichier Upload: D:\kerberos.htx\gil.bois\drivers gil\drivers\Carte système\machine.inf (169,78 K/S -   173 854 bytes)
[00:51:47] - [33] VICTOR.POZEN: Début d'Upload de D:\kerberos.htx\gil.bois\drivers gil\drivers\Carte système\Setup.DIY
[00:51:47] - [33] VICTOR.POZEN: Fichier Upload: D:\kerberos.htx\gil.bois\drivers gil\drivers\Carte système\Setup.DIY (0,16 K/S -    162 bytes)
[00:51:47] - [32] VICTOR.POZEN: Début d'Upload de D:\kerberos.htx\gil.bois\drivers gil\drivers\Clavier standard 101 102 touches ou clavier Microsoft Natural Keyboard PS 2\keyboard.inf
[00:51:47] - [33] VICTOR.POZEN: Début d'Upload de D:\kerberos.htx\gil.bois\drivers gil\drivers\Clavier standard 101 102 touches ou clavier Microsoft Natural Keyboard PS 2\Setup.DIY
[00:51:47] - [33] VICTOR.POZEN: Fichier Upload: D:\kerberos.htx\gil.bois\drivers gil\drivers\Clavier standard 101 102 touches ou clavier Microsoft Natural Keyboard PS 2\Setup.DIY (0,16 K/S -    163 bytes)
[00:51:47] - [32] VICTOR.POZEN: Fichier Upload: D:\kerberos.htx\gil.bois\drivers gil\drivers\Clavier standard 101 102 touches ou clavier Microsoft Natural Keyboard PS 2\keyboard.inf (84,75 K/S -   86 784 bytes)
[00:51:48] - [33] VICTOR.POZEN: Début d'Upload de D:\kerberos.htx\gil.bois\drivers gil\drivers\Codecs audio\Setup.DIY
[00:51:48] - [32] VICTOR.POZEN: Début d'Upload de D:\kerberos.htx\gil.bois\drivers gil\drivers\Codecs audio\wave.inf
[00:51:48] - [33] VICTOR.POZEN: Fichier Upload: D:\kerberos.htx\gil.bois\drivers gil\drivers\Codecs audio\Setup.DIY (0,16 K/S -    159 bytes)
[00:51:48] - [32] VICTOR.POZEN: Fichier Upload: D:\kerberos.htx\gil.bois\drivers gil\drivers\Codecs audio\wave.inf (7,04 K/S -   7 214 bytes)
[00:51:49] - [32] VICTOR.POZEN: Début d'Upload de D:\kerberos.htx\gil.bois\drivers gil\drivers\Codecs vidéo\Setup.DIY
[00:51:49] - [33] VICTOR.POZEN: Début d'Upload de D:\kerberos.htx\gil.bois\drivers gil\drivers\Codecs vidéo\wave.inf
[00:51:49] - [32] VICTOR.POZEN: Fichier Upload: D:\kerberos.htx\gil.bois\drivers gil\drivers\Codecs vidéo\Setup.DIY (0,16 K/S -    159 bytes)
[00:51:49] - [33] VICTOR.POZEN: Fichier Upload: D:\kerberos.htx\gil.bois\drivers gil\drivers\Codecs vidéo\wave.inf (7,04 K/S -   7 214 bytes)
[00:51:49] - [32] VICTOR.POZEN: Début d'Upload de D:\kerberos.htx\gil.bois\drivers gil\drivers\Concentrateur USB générique\Setup.DIY
[00:51:50] - [32] VICTOR.POZEN: Fichier Upload: D:\kerberos.htx\gil.bois\drivers gil\drivers\Concentrateur USB générique\Setup.DIY (0,16 K/S -    163 bytes)
[00:51:50] - [33] VICTOR.POZEN: Début d'Upload de D:\kerberos.htx\gil.bois\drivers gil\drivers\Concentrateur USB générique\usb.inf
[00:51:50] - [33] VICTOR.POZEN: Fichier Upload: D:\kerberos.htx\gil.bois\drivers gil\drivers\Concentrateur USB générique\usb.inf (41,44 K/S -   42 438 bytes)
[00:51:50] - [32] VICTOR.POZEN: Début d'Upload de D:\kerberos.htx\gil.bois\drivers gil\drivers\Concentrateur USB racine\usbport.inf
[00:51:50] - [33] VICTOR.POZEN: Début d'Upload de D:\kerberos.htx\gil.bois\drivers gil\drivers\Concentrateur USB racine\Setup.DIY
[00:51:50] - [33] VICTOR.POZEN: Fichier Upload: D:\kerberos.htx\gil.bois\drivers gil\drivers\Concentrateur USB racine\Setup.DIY (0,16 K/S -    167 bytes)
[00:51:50] - [32] VICTOR.POZEN: Fichier Upload: D:\kerberos.htx\gil.bois\drivers gil\drivers\Concentrateur USB racine\usbport.inf (46,72 K/S -   47 844 bytes)
[00:51:51] - [33] VICTOR.POZEN: Début d'Upload de D:\kerberos.htx\gil.bois\drivers gil\drivers\Contrôleur CardBus O2Micro OZ6933\pcmcia.inf
[00:51:51] - [33] VICTOR.POZEN: Fichier Upload: D:\kerberos.htx\gil.bois\drivers gil\drivers\Contrôleur CardBus O2Micro OZ6933\pcmcia.inf (39,80 K/S -   40 758 bytes)
[00:51:51] - [32] VICTOR.POZEN: Début d'Upload de D:\kerberos.htx\gil.bois\drivers gil\drivers\Contrôleur CardBus O2Micro OZ6933\Setup.DIY
[00:51:51] - [32] VICTOR.POZEN: Fichier Upload: D:\kerberos.htx\gil.bois\drivers gil\drivers\Contrôleur CardBus O2Micro OZ6933\Setup.DIY (0,17 K/S -    175 bytes)
[00:51:51] - [33] VICTOR.POZEN: Début d'Upload de D:\kerberos.htx\gil.bois\drivers gil\drivers\Contrôleur d'accès direct en mémoire\machine.inf
[00:51:52] - [33] VICTOR.POZEN: Fichier Upload: D:\kerberos.htx\gil.bois\drivers gil\drivers\Contrôleur d'accès direct en mémoire\machine.inf (169,78 K/S -   173 854 bytes)
[00:51:52] - [32] VICTOR.POZEN: Début d'Upload de D:\kerberos.htx\gil.bois\drivers gil\drivers\Contrôleur d'accès direct en mémoire\Setup.DIY
[00:51:52] - [32] VICTOR.POZEN: Fichier Upload: D:\kerberos.htx\gil.bois\drivers gil\drivers\Contrôleur d'accès direct en mémoire\Setup.DIY (0,16 K/S -    162 bytes)
[00:51:52] - [33] VICTOR.POZEN: Début d'Upload de D:\kerberos.htx\gil.bois\drivers gil\drivers\Contrôleur de gestion de l'alimentation ALi 7101\machine.inf
[00:51:52] - [33] VICTOR.POZEN: Fichier Upload: D:\kerberos.htx\gil.bois\drivers gil\drivers\Contrôleur de gestion de l'alimentation ALi 7101\machine.inf (169,78 K/S -   173 854 bytes)
[00:51:52] - [32] VICTOR.POZEN: Début d'Upload de D:\kerberos.htx\gil.bois\drivers gil\drivers\Contrôleur de gestion de l'alimentation ALi 7101\Setup.DIY
[00:51:52] - [32] VICTOR.POZEN: Fichier Upload: D:\kerberos.htx\gil.bois\drivers gil\drivers\Contrôleur de gestion de l'alimentation ALi 7101\Setup.DIY (0,17 K/S -    176 bytes)
[00:51:52] - [33] VICTOR.POZEN: Début d'Upload de D:\kerberos.htx\gil.bois\drivers gil\drivers\Contrôleur de lecteur de disquettes standard\fdc.inf
[00:51:52] - [33] VICTOR.POZEN: Fichier Upload: D:\kerberos.htx\gil.bois\drivers gil\drivers\Contrôleur de lecteur de disquettes standard\fdc.inf (4,84 K/S -   4 952 bytes)
[00:51:53] - [32] VICTOR.POZEN: Début d'Upload de D:\kerberos.htx\gil.bois\drivers gil\drivers\Contrôleur de lecteur de disquettes standard\Setup.DIY
[00:51:53] - [32] VICTOR.POZEN: Fichier Upload: D:\kerberos.htx\gil.bois\drivers gil\drivers\Contrôleur de lecteur de disquettes standard\Setup.DIY (0,15 K/S -    158 bytes)
[00:51:53] - [33] VICTOR.POZEN: Début d'Upload de D:\kerberos.htx\gil.bois\drivers gil\drivers\Contrôleur d'hôte ouvert PCI vers USB ALi\usbport.inf
[00:51:53] - [33] VICTOR.POZEN: Fichier Upload: D:\kerberos.htx\gil.bois\drivers gil\drivers\Contrôleur d'hôte ouvert PCI vers USB ALi\usbport.inf (46,72 K/S -   47 844 bytes)
[00:51:53] - [32] VICTOR.POZEN: Début d'Upload de D:\kerberos.htx\gil.bois\drivers gil\drivers\Contrôleur d'hôte ouvert PCI vers USB ALi\Setup.DIY
[00:51:53] - [32] VICTOR.POZEN: Fichier Upload: D:\kerberos.htx\gil.bois\drivers gil\drivers\Contrôleur d'hôte ouvert PCI vers USB ALi\Setup.DIY (0,18 K/S -    186 bytes)
[00:51:53] - [33] VICTOR.POZEN: Début d'Upload de D:\kerberos.htx\gil.bois\drivers gil\drivers\Contrôleur d'interruptions programmable\machine.inf
[00:51:54] - [32] VICTOR.POZEN: Début d'Upload de D:\kerberos.htx\gil.bois\drivers gil\drivers\Contrôleur d'interruptions programmable\Setup.DIY
[00:51:54] - [33] VICTOR.POZEN: Fichier Upload: D:\kerberos.htx\gil.bois\drivers gil\drivers\Contrôleur d'interruptions programmable\machine.inf (169,78 K/S -   173 854 bytes)
[00:51:54] - [32] VICTOR.POZEN: Fichier Upload: D:\kerberos.htx\gil.bois\drivers gil\drivers\Contrôleur d'interruptions programmable\Setup.DIY (0,16 K/S -    162 bytes)
[00:51:54] - [33] VICTOR.POZEN: Début d'Upload de D:\kerberos.htx\gil.bois\drivers gil\drivers\Contrôleur hôte Texas Instruments IEEE 1394 compatible OHCI (Open Host Controller Interface)\1394.inf
[00:51:54] - [33] VICTOR.POZEN: Fichier Upload: D:\kerberos.htx\gil.bois\drivers gil\drivers\Contrôleur hôte Texas Instruments IEEE 1394 compatible OHCI (Open Host Controller Interface)\1394.inf (15,86 K/S -   16 242 bytes)
[00:51:54] - [32] VICTOR.POZEN: Début d'Upload de D:\kerberos.htx\gil.bois\drivers gil\drivers\Contrôleur hôte Texas Instruments IEEE 1394 compatible OHCI (Open Host Controller Interface)\Setup.DIY
[00:51:54] - [32] VICTOR.POZEN: Fichier Upload: D:\kerberos.htx\gil.bois\drivers gil\drivers\Contrôleur hôte Texas Instruments IEEE 1394 compatible OHCI (Open Host Controller Interface)\Setup.DIY (0,17 K/S -    174 bytes)
[00:51:54] - [33] VICTOR.POZEN: Début d'Upload de D:\kerberos.htx\gil.bois\drivers gil\drivers\Contrôleur IDE PCI Bus Master ALi M5229\mshdc.inf
[00:51:54] - [33] VICTOR.POZEN: Fichier Upload: D:\kerberos.htx\gil.bois\drivers gil\drivers\Contrôleur IDE PCI Bus Master ALi M5229\mshdc.inf (54,14 K/S -   55 442 bytes)
[00:51:55] - [32] VICTOR.POZEN: Début d'Upload de D:\kerberos.htx\gil.bois\drivers gil\drivers\Contrôleur IDE PCI Bus Master ALi M5229\Setup.DIY
[00:51:55] - [32] VICTOR.POZEN: Fichier Upload: D:\kerberos.htx\gil.bois\drivers gil\drivers\Contrôleur IDE PCI Bus Master ALi M5229\Setup.DIY (0,17 K/S -    174 bytes)
[00:51:55] - [33] VICTOR.POZEN: Début d'Upload de D:\kerberos.htx\gil.bois\drivers gil\drivers\Contrôleur intégré compatible ACPI Microsoft\acpi.inf
[00:51:55] - [33] VICTOR.POZEN: Fichier Upload: D:\kerberos.htx\gil.bois\drivers gil\drivers\Contrôleur intégré compatible ACPI Microsoft\acpi.inf (9,35 K/S -   9 572 bytes)
[00:51:55] - [32] VICTOR.POZEN: Début d'Upload de D:\kerberos.htx\gil.bois\drivers gil\drivers\Contrôleur intégré compatible ACPI Microsoft\Setup.DIY
[00:51:55] - [32] VICTOR.POZEN: Fichier Upload: D:\kerberos.htx\gil.bois\drivers gil\drivers\Contrôleur intégré compatible ACPI Microsoft\Setup.DIY (0,16 K/S -    159 bytes)
[00:51:55] - [33] VICTOR.POZEN: Début d'Upload de D:\kerberos.htx\gil.bois\drivers gil\drivers\Coprocesseur arithmétique\machine.inf
[00:51:56] - [33] VICTOR.POZEN: Fichier Upload: D:\kerberos.htx\gil.bois\drivers gil\drivers\Coprocesseur arithmétique\machine.inf (169,78 K/S -   173 854 bytes)
[00:51:56] - [32] VICTOR.POZEN: Début d'Upload de D:\kerberos.htx\gil.bois\drivers gil\drivers\Coprocesseur arithmétique\Setup.DIY
[00:51:56] - [32] VICTOR.POZEN: Fichier Upload: D:\kerberos.htx\gil.bois\drivers gil\drivers\Coprocesseur arithmétique\Setup.DIY (0,16 K/S -    162 bytes)
[00:51:57] - [33] VICTOR.POZEN: Début d'Upload de D:\kerberos.htx\gil.bois\drivers gil\drivers\Couvercle ACPI\machine.inf
[00:51:57] - [32] VICTOR.POZEN: Début d'Upload de D:\kerberos.htx\gil.bois\drivers gil\drivers\Couvercle ACPI\Setup.DIY
[00:51:57] - [32] VICTOR.POZEN: Fichier Upload: D:\kerberos.htx\gil.bois\drivers gil\drivers\Couvercle ACPI\Setup.DIY (0,16 K/S -    162 bytes)
[00:51:57] - [33] VICTOR.POZEN: Fichier Upload: D:\kerberos.htx\gil.bois\drivers gil\drivers\Couvercle ACPI\machine.inf (169,78 K/S -   173 854 bytes)
[00:51:57] - [32] VICTOR.POZEN: Début d'Upload de D:\kerberos.htx\gil.bois\drivers gil\drivers\D-Link DWA-131 Wireless N Nano USB Adapter(rev.E)\DRTWlanU_XP.sys
[00:51:58] - [33] VICTOR.POZEN: Début d'Upload de D:\kerberos.htx\gil.bois\drivers gil\drivers\D-Link DWA-131 Wireless N Nano USB Adapter(rev.E)\oem8.inf
[00:51:58] - [33] VICTOR.POZEN: Fichier Upload: D:\kerberos.htx\gil.bois\drivers gil\drivers\D-Link DWA-131 Wireless N Nano USB Adapter(rev.E)\oem8.inf (26,92 K/S -   27 564 bytes)
[00:51:59] - [33] VICTOR.POZEN: Début d'Upload de D:\kerberos.htx\gil.bois\drivers gil\drivers\D-Link DWA-131 Wireless N Nano USB Adapter(rev.E)\Setup.DIY
[00:51:59] - [33] VICTOR.POZEN: Fichier Upload: D:\kerberos.htx\gil.bois\drivers gil\drivers\D-Link DWA-131 Wireless N Nano USB Adapter(rev.E)\Setup.DIY (0,17 K/S -    173 bytes)
[00:52:00] - [32] VICTOR.POZEN: Fichier Upload: D:\kerberos.htx\gil.bois\drivers gil\drivers\D-Link DWA-131 Wireless N Nano USB Adapter(rev.E)\DRTWlanU_XP.sys (631,37 K/S -  2 586 072 bytes)
[00:52:00] - [33] VICTOR.POZEN: Début d'Upload de D:\kerberos.htx\gil.bois\drivers gil\drivers\Énumérateur de périphérique logiciel Plug-and-Play\machine.inf
[00:52:01] - [33] VICTOR.POZEN: Fichier Upload: D:\kerberos.htx\gil.bois\drivers gil\drivers\Énumérateur de périphérique logiciel Plug-and-Play\machine.inf (169,78 K/S -   173 854 bytes)
[00:52:01] - [32] VICTOR.POZEN: Début d'Upload de D:\kerberos.htx\gil.bois\drivers gil\drivers\Énumérateur de périphérique logiciel Plug-and-Play\Setup.DIY
[00:52:01] - [32] VICTOR.POZEN: Fichier Upload: D:\kerberos.htx\gil.bois\drivers gil\drivers\Énumérateur de périphérique logiciel Plug-and-Play\Setup.DIY (0,16 K/S -    166 bytes)
[00:52:01] - [33] VICTOR.POZEN: Début d'Upload de D:\kerberos.htx\gil.bois\drivers gil\drivers\Filtre de décodeur DRM (Noyau Microsoft)\wdmaudio.inf
[00:52:01] - [32] VICTOR.POZEN: Début d'Upload de D:\kerberos.htx\gil.bois\drivers gil\drivers\Filtre de décodeur DRM (Noyau Microsoft)\Setup.DIY
[00:52:01] - [32] VICTOR.POZEN: Fichier Upload: D:\kerberos.htx\gil.bois\drivers gil\drivers\Filtre de décodeur DRM (Noyau Microsoft)\Setup.DIY (0,19 K/S -    199 bytes)
[00:52:01] - [33] VICTOR.POZEN: Fichier Upload: D:\kerberos.htx\gil.bois\drivers gil\drivers\Filtre de décodeur DRM (Noyau Microsoft)\wdmaudio.inf (46,50 K/S -   47 614 bytes)
[00:52:01] - [33] VICTOR.POZEN: Début d'Upload de D:\kerberos.htx\gil.bois\drivers gil\drivers\Gestionnaire de disque logique\machine.inf
[00:52:02] - [33] VICTOR.POZEN: Fichier Upload: D:\kerberos.htx\gil.bois\drivers gil\drivers\Gestionnaire de disque logique\machine.inf (169,78 K/S -   173 854 bytes)
[00:52:02] - [32] VICTOR.POZEN: Début d'Upload de D:\kerberos.htx\gil.bois\drivers gil\drivers\Gestionnaire de disque logique\Setup.DIY
[00:52:02] - [32] VICTOR.POZEN: Fichier Upload: D:\kerberos.htx\gil.bois\drivers gil\drivers\Gestionnaire de disque logique\Setup.DIY (0,16 K/S -    164 bytes)
[00:52:02] - [33] VICTOR.POZEN: Début d'Upload de D:\kerberos.htx\gil.bois\drivers gil\drivers\Gestionnaire de volume\machine.inf
[00:52:02] - [32] VICTOR.POZEN: Début d'Upload de D:\kerberos.htx\gil.bois\drivers gil\drivers\Gestionnaire de volume\Setup.DIY
[00:52:02] - [33] VICTOR.POZEN: Fichier Upload: D:\kerberos.htx\gil.bois\drivers gil\drivers\Gestionnaire de volume\machine.inf (169,78 K/S -   173 854 bytes)
[00:52:02] - [32] VICTOR.POZEN: Fichier Upload: D:\kerberos.htx\gil.bois\drivers gil\drivers\Gestionnaire de volume\Setup.DIY (0,16 K/S -    166 bytes)
[00:52:03] - [33] VICTOR.POZEN: Début d'Upload de D:\kerberos.htx\gil.bois\drivers gil\drivers\Haut-parleur système\machine.inf
[00:52:03] - [33] VICTOR.POZEN: Fichier Upload: D:\kerberos.htx\gil.bois\drivers gil\drivers\Haut-parleur système\machine.inf (169,78 K/S -   173 854 bytes)
[00:52:03] - [32] VICTOR.POZEN: Début d'Upload de D:\kerberos.htx\gil.bois\drivers gil\drivers\Haut-parleur système\Setup.DIY
[00:52:03] - [32] VICTOR.POZEN: Fichier Upload: D:\kerberos.htx\gil.bois\drivers gil\drivers\Haut-parleur système\Setup.DIY (0,16 K/S -    162 bytes)
[00:52:03] - [33] VICTOR.POZEN: Début d'Upload de D:\kerberos.htx\gil.bois\drivers gil\drivers\Horloge système\machine.inf
[00:52:03] - [32] VICTOR.POZEN: Début d'Upload de D:\kerberos.htx\gil.bois\drivers gil\drivers\Horloge système\Setup.DIY
[00:52:03] - [32] VICTOR.POZEN: Fichier Upload: D:\kerberos.htx\gil.bois\drivers gil\drivers\Horloge système\Setup.DIY (0,16 K/S -    162 bytes)
[00:52:03] - [33] VICTOR.POZEN: Fichier Upload: D:\kerberos.htx\gil.bois\drivers gil\drivers\Horloge système\machine.inf (169,78 K/S -   173 854 bytes)
[00:52:04] - [32] VICTOR.POZEN: Début d'Upload de D:\kerberos.htx\gil.bois\drivers gil\drivers\Horloge système CMOS temps réel\machine.inf
[00:52:06] - [32] VICTOR.POZEN: Fichier Upload: D:\kerberos.htx\gil.bois\drivers gil\drivers\Horloge système CMOS temps réel\machine.inf (84,89 K/S -   173 854 bytes)
[00:52:06] - [33] VICTOR.POZEN: Début d'Upload de D:\kerberos.htx\gil.bois\drivers gil\drivers\Horloge système CMOS temps réel\Setup.DIY
[00:52:06] - [33] VICTOR.POZEN: Fichier Upload: D:\kerberos.htx\gil.bois\drivers gil\drivers\Horloge système CMOS temps réel\Setup.DIY (0,16 K/S -    162 bytes)
[00:52:07] - [32] VICTOR.POZEN: Début d'Upload de D:\kerberos.htx\gil.bois\drivers gil\drivers\Interface de configuration HP\machine.inf
[00:52:07] - [33] VICTOR.POZEN: Début d'Upload de D:\kerberos.htx\gil.bois\drivers gil\drivers\Interface de configuration HP\Setup.DIY
[00:52:07] - [33] VICTOR.POZEN: Fichier Upload: D:\kerberos.htx\gil.bois\drivers gil\drivers\Interface de configuration HP\Setup.DIY (0,16 K/S -    162 bytes)
[00:52:07] - [32] VICTOR.POZEN: Fichier Upload: D:\kerberos.htx\gil.bois\drivers gil\drivers\Interface de configuration HP\machine.inf (169,78 K/S -   173 854 bytes)
[00:52:07] - [33] VICTOR.POZEN: Début d'Upload de D:\kerberos.htx\gil.bois\drivers gil\drivers\Interface logique du port imprimante\machine.inf
[00:52:08] - [33] VICTOR.POZEN: Fichier Upload: D:\kerberos.htx\gil.bois\drivers gil\drivers\Interface logique du port imprimante\machine.inf (169,78 K/S -   173 854 bytes)
[00:52:08] - [32] VICTOR.POZEN: Début d'Upload de D:\kerberos.htx\gil.bois\drivers gil\drivers\Interface logique du port imprimante\Setup.DIY
[00:52:08] - [32] VICTOR.POZEN: Fichier Upload: D:\kerberos.htx\gil.bois\drivers gil\drivers\Interface logique du port imprimante\Setup.DIY (0,18 K/S -    183 bytes)
[00:52:08] - [33] VICTOR.POZEN: Début d'Upload de D:\kerberos.htx\gil.bois\drivers gil\drivers\Lecteur de CD-ROM\cdrom.inf
[00:52:08] - [32] VICTOR.POZEN: Début d'Upload de D:\kerberos.htx\gil.bois\drivers gil\drivers\Lecteur de CD-ROM\Setup.DIY
[00:52:08] - [32] VICTOR.POZEN: Fichier Upload: D:\kerberos.htx\gil.bois\drivers gil\drivers\Lecteur de CD-ROM\Setup.DIY (0,16 K/S -    160 bytes)
[00:52:08] - [33] VICTOR.POZEN: Fichier Upload: D:\kerberos.htx\gil.bois\drivers gil\drivers\Lecteur de CD-ROM\cdrom.inf (69,63 K/S -   71 300 bytes)
[00:52:08] - [33] VICTOR.POZEN: Début d'Upload de D:\kerberos.htx\gil.bois\drivers gil\drivers\Lecteur de disque\disk.inf
[00:52:08] - [33] VICTOR.POZEN: Fichier Upload: D:\kerberos.htx\gil.bois\drivers gil\drivers\Lecteur de disque\disk.inf (10,50 K/S -   10 756 bytes)
[00:52:08] - [32] VICTOR.POZEN: Début d'Upload de D:\kerberos.htx\gil.bois\drivers gil\drivers\Lecteur de disque\Setup.DIY
[00:52:08] - [32] VICTOR.POZEN: Fichier Upload: D:\kerberos.htx\gil.bois\drivers gil\drivers\Lecteur de disque\Setup.DIY (0,15 K/S -    158 bytes)
[00:52:09] - [33] VICTOR.POZEN: Début d'Upload de D:\kerberos.htx\gil.bois\drivers gil\drivers\Lecteur de disquettes\flpydisk.inf
[00:52:09] - [33] VICTOR.POZEN: Fichier Upload: D:\kerberos.htx\gil.bois\drivers gil\drivers\Lecteur de disquettes\flpydisk.inf (6,03 K/S -   6 172 bytes)
[00:52:09] - [32] VICTOR.POZEN: Début d'Upload de D:\kerberos.htx\gil.bois\drivers gil\drivers\Lecteur de disquettes\Setup.DIY
[00:52:09] - [32] VICTOR.POZEN: Fichier Upload: D:\kerberos.htx\gil.bois\drivers gil\drivers\Lecteur de disquettes\Setup.DIY (0,16 K/S -    168 bytes)
[00:52:09] - [33] VICTOR.POZEN: Début d'Upload de D:\kerberos.htx\gil.bois\drivers gil\drivers\Mélangeur audio Wave de noyau Microsoft\wdmaudio.inf
[00:52:09] - [33] VICTOR.POZEN: Fichier Upload: D:\kerberos.htx\gil.bois\drivers gil\drivers\Mélangeur audio Wave de noyau Microsoft\wdmaudio.inf (46,50 K/S -   47 614 bytes)
[00:52:09] - [32] VICTOR.POZEN: Début d'Upload de D:\kerberos.htx\gil.bois\drivers gil\drivers\Mélangeur audio Wave de noyau Microsoft\Setup.DIY
[00:52:09] - [32] VICTOR.POZEN: Fichier Upload: D:\kerberos.htx\gil.bois\drivers gil\drivers\Mélangeur audio Wave de noyau Microsoft\Setup.DIY (0,19 K/S -    199 bytes)
[00:52:10] - [33] VICTOR.POZEN: Début d'Upload de D:\kerberos.htx\gil.bois\drivers gil\drivers\Miniport d'ordonnancement de paquets\netpsa.inf
[00:52:10] - [32] VICTOR.POZEN: Début d'Upload de D:\kerberos.htx\gil.bois\drivers gil\drivers\Miniport d'ordonnancement de paquets\Setup.DIY
[00:52:10] - [33] VICTOR.POZEN: Fichier Upload: D:\kerberos.htx\gil.bois\drivers gil\drivers\Miniport d'ordonnancement de paquets\netpsa.inf (2,62 K/S -   2 686 bytes)
[00:52:10] - [32] VICTOR.POZEN: Fichier Upload: D:\kerberos.htx\gil.bois\drivers gil\drivers\Miniport d'ordonnancement de paquets\Setup.DIY (0,16 K/S -    164 bytes)
[00:52:10] - [33] VICTOR.POZEN: Début d'Upload de D:\kerberos.htx\gil.bois\drivers gil\drivers\Miniport réseau étendu (IP)\netrasa.inf
[00:52:10] - [33] VICTOR.POZEN: Fichier Upload: D:\kerberos.htx\gil.bois\drivers gil\drivers\Miniport réseau étendu (IP)\netrasa.inf (34,72 K/S -   35 556 bytes)
[00:52:10] - [32] VICTOR.POZEN: Début d'Upload de D:\kerberos.htx\gil.bois\drivers gil\drivers\Miniport réseau étendu (IP)\Setup.DIY
[00:52:10] - [32] VICTOR.POZEN: Fichier Upload: D:\kerberos.htx\gil.bois\drivers gil\drivers\Miniport réseau étendu (IP)\Setup.DIY (0,16 K/S -    166 bytes)
[00:52:10] - [33] VICTOR.POZEN: Début d'Upload de D:\kerberos.htx\gil.bois\drivers gil\drivers\Miniport réseau étendu (IPX)\netrasa.inf
[00:52:10] - [33] VICTOR.POZEN: Fichier Upload: D:\kerberos.htx\gil.bois\drivers gil\drivers\Miniport réseau étendu (IPX)\netrasa.inf (34,72 K/S -   35 556 bytes)
[00:52:10] - [32] VICTOR.POZEN: Début d'Upload de D:\kerberos.htx\gil.bois\drivers gil\drivers\Miniport réseau étendu (IPX)\Setup.DIY
[00:52:10] - [32] VICTOR.POZEN: Fichier Upload: D:\kerberos.htx\gil.bois\drivers gil\drivers\Miniport réseau étendu (IPX)\Setup.DIY (0,16 K/S -    167 bytes)
[00:52:11] - [33] VICTOR.POZEN: Début d'Upload de D:\kerberos.htx\gil.bois\drivers gil\drivers\Miniport réseau étendu (L2TP)\netrasa.inf
[00:52:11] - [32] VICTOR.POZEN: Début d'Upload de D:\kerberos.htx\gil.bois\drivers gil\drivers\Miniport réseau étendu (L2TP)\Setup.DIY
[00:52:11] - [32] VICTOR.POZEN: Fichier Upload: D:\kerberos.htx\gil.bois\drivers gil\drivers\Miniport réseau étendu (L2TP)\Setup.DIY (0,17 K/S -    169 bytes)
[00:52:11] - [33] VICTOR.POZEN: Fichier Upload: D:\kerberos.htx\gil.bois\drivers gil\drivers\Miniport réseau étendu (L2TP)\netrasa.inf (34,72 K/S -   35 556 bytes)
[00:52:12] - [32] VICTOR.POZEN: Début d'Upload de D:\kerberos.htx\gil.bois\drivers gil\drivers\Miniport réseau étendu (PPTP)\netrasa.inf
[00:52:12] - [33] VICTOR.POZEN: Début d'Upload de D:\kerberos.htx\gil.bois\drivers gil\drivers\Miniport réseau étendu (PPTP)\Setup.DIY
[00:52:12] - [33] VICTOR.POZEN: Fichier Upload: D:\kerberos.htx\gil.bois\drivers gil\drivers\Miniport réseau étendu (PPTP)\Setup.DIY (0,17 K/S -    169 bytes)
[00:52:12] - [32] VICTOR.POZEN: Fichier Upload: D:\kerberos.htx\gil.bois\drivers gil\drivers\Miniport réseau étendu (PPTP)\netrasa.inf (34,72 K/S -   35 556 bytes)
[00:52:13] - [32] VICTOR.POZEN: Début d'Upload de D:\kerberos.htx\gil.bois\drivers gil\drivers\Miniport WAN (PPPOE)\Setup.DIY
[00:52:13] - [33] VICTOR.POZEN: Début d'Upload de D:\kerberos.htx\gil.bois\drivers gil\drivers\Miniport WAN (PPPOE)\netrasa.inf
[00:52:13] - [32] VICTOR.POZEN: Fichier Upload: D:\kerberos.htx\gil.bois\drivers gil\drivers\Miniport WAN (PPPOE)\Setup.DIY (0,17 K/S -    170 bytes)
[00:52:13] - [33] VICTOR.POZEN: Fichier Upload: D:\kerberos.htx\gil.bois\drivers gil\drivers\Miniport WAN (PPPOE)\netrasa.inf (34,72 K/S -   35 556 bytes)
[00:52:13] - [32] VICTOR.POZEN: Début d'Upload de D:\kerberos.htx\gil.bois\drivers gil\drivers\Parallèle direct\netrasa.inf
[00:52:13] - [32] VICTOR.POZEN: Fichier Upload: D:\kerberos.htx\gil.bois\drivers gil\drivers\Parallèle direct\netrasa.inf (34,72 K/S -   35 556 bytes)
[00:52:13] - [33] VICTOR.POZEN: Début d'Upload de D:\kerberos.htx\gil.bois\drivers gil\drivers\Parallèle direct\Setup.DIY
[00:52:13] - [33] VICTOR.POZEN: Fichier Upload: D:\kerberos.htx\gil.bois\drivers gil\drivers\Parallèle direct\Setup.DIY (0,16 K/S -    168 bytes)
[00:52:14] - [32] VICTOR.POZEN: Début d'Upload de D:\kerberos.htx\gil.bois\drivers gil\drivers\PC à interface de configuration et d'énergie avancée (ACPI)\hal.inf
[00:52:14] - [32] VICTOR.POZEN: Fichier Upload: D:\kerberos.htx\gil.bois\drivers gil\drivers\PC à interface de configuration et d'énergie avancée (ACPI)\hal.inf (11,87 K/S -   12 150 bytes)
[00:52:14] - [33] VICTOR.POZEN: Début d'Upload de D:\kerberos.htx\gil.bois\drivers gil\drivers\PC à interface de configuration et d'énergie avancée (ACPI)\Setup.DIY
[00:52:14] - [33] VICTOR.POZEN: Fichier Upload: D:\kerberos.htx\gil.bois\drivers gil\drivers\PC à interface de configuration et d'énergie avancée (ACPI)\Setup.DIY (0,16 K/S -    160 bytes)
[00:52:14] - [32] VICTOR.POZEN: Début d'Upload de D:\kerberos.htx\gil.bois\drivers gil\drivers\Périphérique audio système du noyau Microsoft\wdmaudio.inf
[00:52:14] - [32] VICTOR.POZEN: Fichier Upload: D:\kerberos.htx\gil.bois\drivers gil\drivers\Périphérique audio système du noyau Microsoft\wdmaudio.inf (46,50 K/S -   47 614 bytes)
[00:52:14] - [33] VICTOR.POZEN: Début d'Upload de D:\kerberos.htx\gil.bois\drivers gil\drivers\Périphérique audio système du noyau Microsoft\Setup.DIY
[00:52:14] - [33] VICTOR.POZEN: Fichier Upload: D:\kerberos.htx\gil.bois\drivers gil\drivers\Périphérique audio système du noyau Microsoft\Setup.DIY (0,19 K/S -    199 bytes)
[00:52:14] - [32] VICTOR.POZEN: Début d'Upload de D:\kerberos.htx\gil.bois\drivers gil\drivers\Périphérique clavier PIH\keyboard.inf
[00:52:14] - [33] VICTOR.POZEN: Début d'Upload de D:\kerberos.htx\gil.bois\drivers gil\drivers\Périphérique clavier PIH\Setup.DIY
[00:52:15] - [33] VICTOR.POZEN: Fichier Upload: D:\kerberos.htx\gil.bois\drivers gil\drivers\Périphérique clavier PIH\Setup.DIY (0,18 K/S -    181 bytes)
[00:52:15] - [32] VICTOR.POZEN: Fichier Upload: D:\kerberos.htx\gil.bois\drivers gil\drivers\Périphérique clavier PIH\keyboard.inf (84,75 K/S -   86 784 bytes)
[00:52:16] - [33] VICTOR.POZEN: Début d'Upload de D:\kerberos.htx\gil.bois\drivers gil\drivers\Périphérique conforme aux Périphériques d'interface utilisateur (HID)\Setup.DIY
[00:52:16] - [32] VICTOR.POZEN: Début d'Upload de D:\kerberos.htx\gil.bois\drivers gil\drivers\Périphérique conforme aux Périphériques d'interface utilisateur (HID)\input.inf
[00:52:16] - [33] VICTOR.POZEN: Fichier Upload: D:\kerberos.htx\gil.bois\drivers gil\drivers\Périphérique conforme aux Périphériques d'interface utilisateur (HID)\Setup.DIY (0,16 K/S -    162 bytes)
[00:52:16] - [32] VICTOR.POZEN: Fichier Upload: D:\kerberos.htx\gil.bois\drivers gil\drivers\Périphérique conforme aux Périphériques d'interface utilisateur (HID)\input.inf (138,20 K/S -   141 514 bytes)
[00:52:16] - [33] VICTOR.POZEN: Début d'Upload de D:\kerberos.htx\gil.bois\drivers gil\drivers\Périphérique de contrôle consommateur conforme aux Périphériques d'interface utilisateur (HID)\hidserv.inf
[00:52:16] - [33] VICTOR.POZEN: Fichier Upload: D:\kerberos.htx\gil.bois\drivers gil\drivers\Périphérique de contrôle consommateur conforme aux Périphériques d'interface utilisateur (HID)\hidserv.inf (8,88 K/S -   9 098 bytes)
[00:52:16] - [32] VICTOR.POZEN: Début d'Upload de D:\kerberos.htx\gil.bois\drivers gil\drivers\Périphérique de contrôle consommateur conforme aux Périphériques d'interface utilisateur (HID)\Setup.DIY
[00:52:16] - [32] VICTOR.POZEN: Fichier Upload: D:\kerberos.htx\gil.bois\drivers gil\drivers\Périphérique de contrôle consommateur conforme aux Périphériques d'interface utilisateur (HID)\Setup.DIY (0,17 K/S -    179 bytes)
[00:52:16] - [33] VICTOR.POZEN: Début d'Upload de D:\kerberos.htx\gil.bois\drivers gil\drivers\Périphérique de mise à jour microcode\machine.inf
[00:52:17] - [33] VICTOR.POZEN: Fichier Upload: D:\kerberos.htx\gil.bois\drivers gil\drivers\Périphérique de mise à jour microcode\machine.inf (169,78 K/S -   173 854 bytes)
[00:52:17] - [32] VICTOR.POZEN: Début d'Upload de D:\kerberos.htx\gil.bois\drivers gil\drivers\Périphérique de mise à jour microcode\Setup.DIY
[00:52:17] - [32] VICTOR.POZEN: Fichier Upload: D:\kerberos.htx\gil.bois\drivers gil\drivers\Périphérique de mise à jour microcode\Setup.DIY (0,16 K/S -    166 bytes)
[00:52:17] - [33] VICTOR.POZEN: Début d'Upload de D:\kerberos.htx\gil.bois\drivers gil\drivers\Périphérique de stockage de masse USB\usbstor.inf
[00:52:17] - [32] VICTOR.POZEN: Début d'Upload de D:\kerberos.htx\gil.bois\drivers gil\drivers\Périphérique de stockage de masse USB\Setup.DIY
[00:52:17] - [32] VICTOR.POZEN: Fichier Upload: D:\kerberos.htx\gil.bois\drivers gil\drivers\Périphérique de stockage de masse USB\Setup.DIY (0,18 K/S -    187 bytes)
[00:52:17] - [33] VICTOR.POZEN: Fichier Upload: D:\kerberos.htx\gil.bois\drivers gil\drivers\Périphérique de stockage de masse USB\usbstor.inf (29,38 K/S -   30 086 bytes)
[00:52:17] - [33] VICTOR.POZEN: Début d'Upload de D:\kerberos.htx\gil.bois\drivers gil\drivers\Périphérique d'interface utilisateur USB\input.inf
[00:52:18] - [33] VICTOR.POZEN: Fichier Upload: D:\kerberos.htx\gil.bois\drivers gil\drivers\Périphérique d'interface utilisateur USB\input.inf (138,20 K/S -   141 514 bytes)
[00:52:18] - [32] VICTOR.POZEN: Début d'Upload de D:\kerberos.htx\gil.bois\drivers gil\drivers\Périphérique d'interface utilisateur USB\Setup.DIY
[00:52:18] - [32] VICTOR.POZEN: Fichier Upload: D:\kerberos.htx\gil.bois\drivers gil\drivers\Périphérique d'interface utilisateur USB\Setup.DIY (0,17 K/S -    177 bytes)
[00:52:18] - [33] VICTOR.POZEN: Début d'Upload de D:\kerberos.htx\gil.bois\drivers gil\drivers\Périphérique inconnu\usb.inf
[00:52:18] - [32] VICTOR.POZEN: Début d'Upload de D:\kerberos.htx\gil.bois\drivers gil\drivers\Périphérique inconnu\Setup.DIY
[00:52:18] - [32] VICTOR.POZEN: Fichier Upload: D:\kerberos.htx\gil.bois\drivers gil\drivers\Périphérique inconnu\Setup.DIY (0,16 K/S -    162 bytes)
[00:52:18] - [33] VICTOR.POZEN: Fichier Upload: D:\kerberos.htx\gil.bois\drivers gil\drivers\Périphérique inconnu\usb.inf (41,44 K/S -   42 438 bytes)
[00:52:18] - [33] VICTOR.POZEN: Début d'Upload de D:\kerberos.htx\gil.bois\drivers gil\drivers\Périphérique USB composite\usb.inf
[00:52:18] - [33] VICTOR.POZEN: Fichier Upload: D:\kerberos.htx\gil.bois\drivers gil\drivers\Périphérique USB composite\usb.inf (41,44 K/S -   42 438 bytes)
[00:52:18] - [32] VICTOR.POZEN: Début d'Upload de D:\kerberos.htx\gil.bois\drivers gil\drivers\Périphérique USB composite\Setup.DIY
[00:52:18] - [32] VICTOR.POZEN: Fichier Upload: D:\kerberos.htx\gil.bois\drivers gil\drivers\Périphérique USB composite\Setup.DIY (0,16 K/S -    164 bytes)
[00:52:19] - [32] VICTOR.POZEN: Début d'Upload de D:\kerberos.htx\gil.bois\drivers gil\drivers\Périphériques de capture vidéo hérités\Setup.DIY
[00:52:19] - [33] VICTOR.POZEN: Début d'Upload de D:\kerberos.htx\gil.bois\drivers gil\drivers\Périphériques de capture vidéo hérités\wave.inf
[00:52:19] - [32] VICTOR.POZEN: Fichier Upload: D:\kerberos.htx\gil.bois\drivers gil\drivers\Périphériques de capture vidéo hérités\Setup.DIY (0,16 K/S -    159 bytes)
[00:52:19] - [33] VICTOR.POZEN: Fichier Upload: D:\kerberos.htx\gil.bois\drivers gil\drivers\Périphériques de capture vidéo hérités\wave.inf (7,04 K/S -   7 214 bytes)
[00:52:20] - [32] VICTOR.POZEN: Début d'Upload de D:\kerberos.htx\gil.bois\drivers gil\drivers\Périphériques MCI\Setup.DIY
[00:52:20] - [33] VICTOR.POZEN: Début d'Upload de D:\kerberos.htx\gil.bois\drivers gil\drivers\Périphériques MCI\wave.inf
[00:52:20] - [32] VICTOR.POZEN: Fichier Upload: D:\kerberos.htx\gil.bois\drivers gil\drivers\Périphériques MCI\Setup.DIY (0,16 K/S -    159 bytes)
[00:52:20] - [33] VICTOR.POZEN: Fichier Upload: D:\kerberos.htx\gil.bois\drivers gil\drivers\Périphériques MCI\wave.inf (7,04 K/S -   7 214 bytes)
[00:52:20] - [32] VICTOR.POZEN: Début d'Upload de D:\kerberos.htx\gil.bois\drivers gil\drivers\Pilote BIOS de gestion de systèmes Microsoft\machine.inf
[00:52:20] - [32] VICTOR.POZEN: Fichier Upload: D:\kerberos.htx\gil.bois\drivers gil\drivers\Pilote BIOS de gestion de systèmes Microsoft\machine.inf (169,78 K/S -   173 854 bytes)
[00:52:20] - [33] VICTOR.POZEN: Début d'Upload de D:\kerberos.htx\gil.bois\drivers gil\drivers\Pilote BIOS de gestion de systèmes Microsoft\Setup.DIY
[00:52:21] - [33] VICTOR.POZEN: Fichier Upload: D:\kerberos.htx\gil.bois\drivers gil\drivers\Pilote BIOS de gestion de systèmes Microsoft\Setup.DIY (0,16 K/S -    168 bytes)
[00:52:21] - [32] VICTOR.POZEN: Début d'Upload de D:\kerberos.htx\gil.bois\drivers gil\drivers\Pilote clavier de Terminal Server\machine.inf
[00:52:21] - [33] VICTOR.POZEN: Début d'Upload de D:\kerberos.htx\gil.bois\drivers gil\drivers\Pilote clavier de Terminal Server\Setup.DIY
[00:52:21] - [33] VICTOR.POZEN: Fichier Upload: D:\kerberos.htx\gil.bois\drivers gil\drivers\Pilote clavier de Terminal Server\Setup.DIY (0,16 K/S -    167 bytes)
[00:52:21] - [32] VICTOR.POZEN: Fichier Upload: D:\kerberos.htx\gil.bois\drivers gil\drivers\Pilote clavier de Terminal Server\machine.inf (169,78 K/S -   173 854 bytes)
[00:52:22] - [32] VICTOR.POZEN: Début d'Upload de D:\kerberos.htx\gil.bois\drivers gil\drivers\Pilote souris de Terminal Server\Setup.DIY
[00:52:22] - [33] VICTOR.POZEN: Début d'Upload de D:\kerberos.htx\gil.bois\drivers gil\drivers\Pilote souris de Terminal Server\machine.inf
[00:52:22] - [32] VICTOR.POZEN: Fichier Upload: D:\kerberos.htx\gil.bois\drivers gil\drivers\Pilote souris de Terminal Server\Setup.DIY (0,16 K/S -    167 bytes)
[00:52:22] - [33] VICTOR.POZEN: Fichier Upload: D:\kerberos.htx\gil.bois\drivers gil\drivers\Pilote souris de Terminal Server\machine.inf (169,78 K/S -   173 854 bytes)
[00:52:22] - [32] VICTOR.POZEN: Début d'Upload de D:\kerberos.htx\gil.bois\drivers gil\drivers\Pilote WDM d'accélérateur audio ALi\wdma_ali.inf
[00:52:23] - [32] VICTOR.POZEN: Fichier Upload: D:\kerberos.htx\gil.bois\drivers gil\drivers\Pilote WDM d'accélérateur audio ALi\wdma_ali.inf (123,77 K/S -   126 736 bytes)
[00:52:23] - [33] VICTOR.POZEN: Début d'Upload de D:\kerberos.htx\gil.bois\drivers gil\drivers\Pilote WDM d'accélérateur audio ALi\Setup.DIY
[00:52:23] - [33] VICTOR.POZEN: Fichier Upload: D:\kerberos.htx\gil.bois\drivers gil\drivers\Pilote WDM d'accélérateur audio ALi\Setup.DIY (0,17 K/S -    177 bytes)
[00:52:23] - [32] VICTOR.POZEN: Début d'Upload de D:\kerberos.htx\gil.bois\drivers gil\drivers\Pilote WINMM de compatibilité audio WDM Microsoft\wdmaudio.inf
[00:52:23] - [33] VICTOR.POZEN: Début d'Upload de D:\kerberos.htx\gil.bois\drivers gil\drivers\Pilote WINMM de compatibilité audio WDM Microsoft\Setup.DIY
[00:52:23] - [33] VICTOR.POZEN: Fichier Upload: D:\kerberos.htx\gil.bois\drivers gil\drivers\Pilote WINMM de compatibilité audio WDM Microsoft\Setup.DIY (0,19 K/S -    199 bytes)
[00:52:23] - [32] VICTOR.POZEN: Fichier Upload: D:\kerberos.htx\gil.bois\drivers gil\drivers\Pilote WINMM de compatibilité audio WDM Microsoft\wdmaudio.inf (46,50 K/S -   47 614 bytes)
[00:52:23] - [32] VICTOR.POZEN: Début d'Upload de D:\kerberos.htx\gil.bois\drivers gil\drivers\Pilotes audio hérités\wave.inf
[00:52:23] - [32] VICTOR.POZEN: Fichier Upload: D:\kerberos.htx\gil.bois\drivers gil\drivers\Pilotes audio hérités\wave.inf (7,04 K/S -   7 214 bytes)
[00:52:23] - [33] VICTOR.POZEN: Début d'Upload de D:\kerberos.htx\gil.bois\drivers gil\drivers\Pilotes audio hérités\Setup.DIY
[00:52:23] - [33] VICTOR.POZEN: Fichier Upload: D:\kerberos.htx\gil.bois\drivers gil\drivers\Pilotes audio hérités\Setup.DIY (0,16 K/S -    159 bytes)
[00:52:24] - [32] VICTOR.POZEN: Début d'Upload de D:\kerberos.htx\gil.bois\drivers gil\drivers\Pont ALi PCI vers ISA\machine.inf
[00:52:24] - [32] VICTOR.POZEN: Fichier Upload: D:\kerberos.htx\gil.bois\drivers gil\drivers\Pont ALi PCI vers ISA\machine.inf (169,78 K/S -   173 854 bytes)
[00:52:24] - [33] VICTOR.POZEN: Début d'Upload de D:\kerberos.htx\gil.bois\drivers gil\drivers\Pont ALi PCI vers ISA\Setup.DIY
[00:52:24] - [33] VICTOR.POZEN: Fichier Upload: D:\kerberos.htx\gil.bois\drivers gil\drivers\Pont ALi PCI vers ISA\Setup.DIY (0,17 K/S -    176 bytes)
[00:52:24] - [32] VICTOR.POZEN: Début d'Upload de D:\kerberos.htx\gil.bois\drivers gil\drivers\Pont CPU hôte standard PCI\machine.inf
[00:52:25] - [32] VICTOR.POZEN: Fichier Upload: D:\kerberos.htx\gil.bois\drivers gil\drivers\Pont CPU hôte standard PCI\machine.inf (169,78 K/S -   173 854 bytes)
[00:52:25] - [33] VICTOR.POZEN: Début d'Upload de D:\kerberos.htx\gil.bois\drivers gil\drivers\Pont CPU hôte standard PCI\Setup.DIY
[00:52:25] - [33] VICTOR.POZEN: Fichier Upload: D:\kerberos.htx\gil.bois\drivers gil\drivers\Pont CPU hôte standard PCI\Setup.DIY (0,16 K/S -    166 bytes)
[00:52:25] - [32] VICTOR.POZEN: Début d'Upload de D:\kerberos.htx\gil.bois\drivers gil\drivers\Port de communication\msports.inf
[00:52:25] - [33] VICTOR.POZEN: Début d'Upload de D:\kerberos.htx\gil.bois\drivers gil\drivers\Port de communication\Setup.DIY
[00:52:25] - [33] VICTOR.POZEN: Fichier Upload: D:\kerberos.htx\gil.bois\drivers gil\drivers\Port de communication\Setup.DIY (0,16 K/S -    162 bytes)
[00:52:25] - [32] VICTOR.POZEN: Fichier Upload: D:\kerberos.htx\gil.bois\drivers gil\drivers\Port de communication\msports.inf (37,73 K/S -   38 634 bytes)
[00:52:25] - [32] VICTOR.POZEN: Début d'Upload de D:\kerberos.htx\gil.bois\drivers gil\drivers\Port de lecture de données ISAPNP\machine.inf
[00:52:26] - [32] VICTOR.POZEN: Fichier Upload: D:\kerberos.htx\gil.bois\drivers gil\drivers\Port de lecture de données ISAPNP\machine.inf (169,78 K/S -   173 854 bytes)
[00:52:26] - [33] VICTOR.POZEN: Début d'Upload de D:\kerberos.htx\gil.bois\drivers gil\drivers\Port de lecture de données ISAPNP\Setup.DIY
[00:52:26] - [33] VICTOR.POZEN: Fichier Upload: D:\kerberos.htx\gil.bois\drivers gil\drivers\Port de lecture de données ISAPNP\Setup.DIY (0,17 K/S -    174 bytes)
[00:52:26] - [32] VICTOR.POZEN: Début d'Upload de D:\kerberos.htx\gil.bois\drivers gil\drivers\Port imprimante ECP\msports.inf
[00:52:26] - [33] VICTOR.POZEN: Début d'Upload de D:\kerberos.htx\gil.bois\drivers gil\drivers\Port imprimante ECP\Setup.DIY
[00:52:26] - [33] VICTOR.POZEN: Fichier Upload: D:\kerberos.htx\gil.bois\drivers gil\drivers\Port imprimante ECP\Setup.DIY (0,16 K/S -    162 bytes)
[00:52:26] - [32] VICTOR.POZEN: Fichier Upload: D:\kerberos.htx\gil.bois\drivers gil\drivers\Port imprimante ECP\msports.inf (37,73 K/S -   38 634 bytes)
[00:52:27] - [32] VICTOR.POZEN: Début d'Upload de D:\kerberos.htx\gil.bois\drivers gil\drivers\Processeur AMD K7\Setup.DIY
[00:52:27] - [33] VICTOR.POZEN: Début d'Upload de D:\kerberos.htx\gil.bois\drivers gil\drivers\Processeur AMD K7\cpu.inf
[00:52:27] - [32] VICTOR.POZEN: Fichier Upload: D:\kerberos.htx\gil.bois\drivers gil\drivers\Processeur AMD K7\Setup.DIY (0,19 K/S -    192 bytes)
[00:52:27] - [33] VICTOR.POZEN: Fichier Upload: D:\kerberos.htx\gil.bois\drivers gil\drivers\Processeur AMD K7\cpu.inf (15,94 K/S -   16 326 bytes)
[00:52:28] - [32] VICTOR.POZEN: Début d'Upload de D:\kerberos.htx\gil.bois\drivers gil\drivers\Proxy de gestion de qualité de répartition Microsoft\Setup.DIY
[00:52:28] - [33] VICTOR.POZEN: Début d'Upload de D:\kerberos.htx\gil.bois\drivers gil\drivers\Proxy de gestion de qualité de répartition Microsoft\ksfilter.inf
[00:52:28] - [32] VICTOR.POZEN: Fichier Upload: D:\kerberos.htx\gil.bois\drivers gil\drivers\Proxy de gestion de qualité de répartition Microsoft\Setup.DIY (0,19 K/S -    199 bytes)
[00:52:28] - [33] VICTOR.POZEN: Fichier Upload: D:\kerberos.htx\gil.bois\drivers gil\drivers\Proxy de gestion de qualité de répartition Microsoft\ksfilter.inf (19,59 K/S -   20 064 bytes)
[00:52:28] - [32] VICTOR.POZEN: Début d'Upload de D:\kerberos.htx\gil.bois\drivers gil\drivers\Proxy de service de répartition Microsoft\ksfilter.inf
[00:52:28] - [32] VICTOR.POZEN: Fichier Upload: D:\kerberos.htx\gil.bois\drivers gil\drivers\Proxy de service de répartition Microsoft\ksfilter.inf (19,59 K/S -   20 064 bytes)
[00:52:28] - [33] VICTOR.POZEN: Début d'Upload de D:\kerberos.htx\gil.bois\drivers gil\drivers\Proxy de service de répartition Microsoft\Setup.DIY
[00:52:29] - [33] VICTOR.POZEN: Fichier Upload: D:\kerberos.htx\gil.bois\drivers gil\drivers\Proxy de service de répartition Microsoft\Setup.DIY (0,19 K/S -    199 bytes)
[00:52:29] - [32] VICTOR.POZEN: Début d'Upload de D:\kerberos.htx\gil.bois\drivers gil\drivers\Proxy d'horloge de répartition Microsoft\ksfilter.inf
[00:52:29] - [32] VICTOR.POZEN: Fichier Upload: D:\kerberos.htx\gil.bois\drivers gil\drivers\Proxy d'horloge de répartition Microsoft\ksfilter.inf (19,59 K/S -   20 064 bytes)
[00:52:29] - [33] VICTOR.POZEN: Début d'Upload de D:\kerberos.htx\gil.bois\drivers gil\drivers\Proxy d'horloge de répartition Microsoft\Setup.DIY
[00:52:29] - [33] VICTOR.POZEN: Fichier Upload: D:\kerberos.htx\gil.bois\drivers gil\drivers\Proxy d'horloge de répartition Microsoft\Setup.DIY (0,19 K/S -    199 bytes)
[00:52:29] - [32] VICTOR.POZEN: Début d'Upload de D:\kerberos.htx\gil.bois\drivers gil\drivers\RADEON IGP 320M\ati2dvag.dll
[00:52:30] - [32] VICTOR.POZEN: Fichier Upload: D:\kerberos.htx\gil.bois\drivers gil\drivers\RADEON IGP 320M\ati2dvag.dll (295,50 K/S -   302 592 bytes)
[00:52:30] - [33] VICTOR.POZEN: Début d'Upload de D:\kerberos.htx\gil.bois\drivers gil\drivers\RADEON IGP 320M\ati2evxx.dll
[00:52:32] - [33] VICTOR.POZEN: Fichier Upload: D:\kerberos.htx\gil.bois\drivers gil\drivers\RADEON IGP 320M\ati2evxx.dll (44,00 K/S -   90 112 bytes)
[00:52:32] - [32] VICTOR.POZEN: Début d'Upload de D:\kerberos.htx\gil.bois\drivers gil\drivers\RADEON IGP 320M\ati2evxx.exe
[00:52:32] - [32] VICTOR.POZEN: Fichier Upload: D:\kerberos.htx\gil.bois\drivers gil\drivers\RADEON IGP 320M\ati2evxx.exe (288,00 K/S -   294 912 bytes)
[00:52:32] - [33] VICTOR.POZEN: Début d'Upload de D:\kerberos.htx\gil.bois\drivers gil\drivers\RADEON IGP 320M\Ati2mdxx.exe
[00:52:32] - [33] VICTOR.POZEN: Fichier Upload: D:\kerberos.htx\gil.bois\drivers gil\drivers\RADEON IGP 320M\Ati2mdxx.exe (28,00 K/S -   28 672 bytes)
[00:52:32] - [32] VICTOR.POZEN: Début d'Upload de D:\kerberos.htx\gil.bois\drivers gil\drivers\RADEON IGP 320M\ati2mtag.sys
[00:52:33] - [33] VICTOR.POZEN: Début d'Upload de D:\kerberos.htx\gil.bois\drivers gil\drivers\RADEON IGP 320M\ati3d1ag.dll
[00:52:33] - [32] VICTOR.POZEN: Fichier Upload: D:\kerberos.htx\gil.bois\drivers gil\drivers\RADEON IGP 320M\ati2mtag.sys (573,50 K/S -   587 264 bytes)
[00:52:34] - [32] VICTOR.POZEN: Début d'Upload de D:\kerberos.htx\gil.bois\drivers gil\drivers\RADEON IGP 320M\ati3d2ag.dll
[00:52:34] - [33] VICTOR.POZEN: Fichier Upload: D:\kerberos.htx\gil.bois\drivers gil\drivers\RADEON IGP 320M\ati3d1ag.dll (828,75 K/S -   848 640 bytes)
[00:52:35] - [33] VICTOR.POZEN: Début d'Upload de D:\kerberos.htx\gil.bois\drivers gil\drivers\RADEON IGP 320M\ati3duag.dll
[00:52:35] - [32] VICTOR.POZEN: Fichier Upload: D:\kerberos.htx\gil.bois\drivers gil\drivers\RADEON IGP 320M\ati3d2ag.dll (506,00 K/S -  1 036 288 bytes)
[00:52:36] - [32] VICTOR.POZEN: Début d'Upload de D:\kerberos.htx\gil.bois\drivers gil\drivers\RADEON IGP 320M\ATIDDC.DLL
[00:52:37] - [33] VICTOR.POZEN: Fichier Upload: D:\kerberos.htx\gil.bois\drivers gil\drivers\RADEON IGP 320M\ati3duag.dll (530,39 K/S -  1 086 240 bytes)
[00:52:37] - [32] VICTOR.POZEN: Fichier Upload: D:\kerberos.htx\gil.bois\drivers gil\drivers\RADEON IGP 320M\ATIDDC.DLL (72,00 K/S -   73 728 bytes)
[00:52:37] - [33] VICTOR.POZEN: Début d'Upload de D:\kerberos.htx\gil.bois\drivers gil\drivers\RADEON IGP 320M\atiiiexx.dll
[00:52:37] - [32] VICTOR.POZEN: Début d'Upload de D:\kerberos.htx\gil.bois\drivers gil\drivers\RADEON IGP 320M\atioglxx.dll
[00:52:37] - [33] VICTOR.POZEN: Fichier Upload: D:\kerberos.htx\gil.bois\drivers gil\drivers\RADEON IGP 320M\atiiiexx.dll (224,00 K/S -   229 376 bytes)
[00:52:38] - [33] VICTOR.POZEN: Début d'Upload de D:\kerberos.htx\gil.bois\drivers gil\drivers\RADEON IGP 320M\atipdlxx.dll
[00:52:39] - [33] VICTOR.POZEN: Fichier Upload: D:\kerberos.htx\gil.bois\drivers gil\drivers\RADEON IGP 320M\atipdlxx.dll (80,00 K/S -   81 920 bytes)
[00:52:40] - [33] VICTOR.POZEN: Début d'Upload de D:\kerberos.htx\gil.bois\drivers gil\drivers\RADEON IGP 320M\atitvo32.dll
[00:52:40] - [33] VICTOR.POZEN: Fichier Upload: D:\kerberos.htx\gil.bois\drivers gil\drivers\RADEON IGP 320M\atitvo32.dll (17,00 K/S -   17 408 bytes)
[00:52:41] - [33] VICTOR.POZEN: Début d'Upload de D:\kerberos.htx\gil.bois\drivers gil\drivers\RADEON IGP 320M\ativcoxx.dll
[00:52:41] - [33] VICTOR.POZEN: Fichier Upload: D:\kerberos.htx\gil.bois\drivers gil\drivers\RADEON IGP 320M\ativcoxx.dll (23,50 K/S -   24 064 bytes)
[00:52:42] - [33] VICTOR.POZEN: Début d'Upload de D:\kerberos.htx\gil.bois\drivers gil\drivers\RADEON IGP 320M\Oemdspif.dll
[00:52:42] - [33] VICTOR.POZEN: Fichier Upload: D:\kerberos.htx\gil.bois\drivers gil\drivers\RADEON IGP 320M\Oemdspif.dll (72,00 K/S -   73 728 bytes)
[00:52:43] - [33] VICTOR.POZEN: Début d'Upload de D:\kerberos.htx\gil.bois\drivers gil\drivers\RADEON IGP 320M\cx_11175.cat
[00:52:43] - [33] VICTOR.POZEN: Fichier Upload: D:\kerberos.htx\gil.bois\drivers gil\drivers\RADEON IGP 320M\cx_11175.cat (13,84 K/S -   14 177 bytes)
[00:52:44] - [32] VICTOR.POZEN: Fichier Upload: D:\kerberos.htx\gil.bois\drivers gil\drivers\RADEON IGP 320M\atioglxx.dll (669,14 K/S -  4 796 416 bytes)
[00:52:44] - [33] VICTOR.POZEN: Début d'Upload de D:\kerberos.htx\gil.bois\drivers gil\drivers\RADEON IGP 320M\oem11.inf
[00:52:44] - [33] VICTOR.POZEN: Fichier Upload: D:\kerberos.htx\gil.bois\drivers gil\drivers\RADEON IGP 320M\oem11.inf (20,07 K/S -   20 551 bytes)
[00:52:44] - [32] VICTOR.POZEN: Début d'Upload de D:\kerberos.htx\gil.bois\drivers gil\drivers\RADEON IGP 320M\Setup.DIY
[00:52:44] - [32] VICTOR.POZEN: Fichier Upload: D:\kerberos.htx\gil.bois\drivers gil\drivers\RADEON IGP 320M\Setup.DIY (0,19 K/S -    190 bytes)
[00:52:45] - [32] VICTOR.POZEN: Début d'Upload de D:\kerberos.htx\gil.bois\drivers gil\drivers\Redirecteur de périphérique Terminal Server\machine.inf
[00:52:45] - [33] VICTOR.POZEN: Début d'Upload de D:\kerberos.htx\gil.bois\drivers gil\drivers\Redirecteur de périphérique Terminal Server\Setup.DIY
[00:52:45] - [33] VICTOR.POZEN: Fichier Upload: D:\kerberos.htx\gil.bois\drivers gil\drivers\Redirecteur de périphérique Terminal Server\Setup.DIY (0,16 K/S -    165 bytes)
[00:52:45] - [32] VICTOR.POZEN: Fichier Upload: D:\kerberos.htx\gil.bois\drivers gil\drivers\Redirecteur de périphérique Terminal Server\machine.inf (169,78 K/S -   173 854 bytes)
[00:52:45] - [33] VICTOR.POZEN: Début d'Upload de D:\kerberos.htx\gil.bois\drivers gil\drivers\Ressources de la carte mère\machine.inf
[00:52:45] - [33] VICTOR.POZEN: Fichier Upload: D:\kerberos.htx\gil.bois\drivers gil\drivers\Ressources de la carte mère\machine.inf (169,78 K/S -   173 854 bytes)
[00:52:46] - [32] VICTOR.POZEN: Début d'Upload de D:\kerberos.htx\gil.bois\drivers gil\drivers\Ressources de la carte mère\Setup.DIY
[00:52:46] - [32] VICTOR.POZEN: Fichier Upload: D:\kerberos.htx\gil.bois\drivers gil\drivers\Ressources de la carte mère\Setup.DIY (0,16 K/S -    162 bytes)
[00:52:46] - [33] VICTOR.POZEN: Début d'Upload de D:\kerberos.htx\gil.bois\drivers gil\drivers\Souris compatible PS 2\msmouse.inf
[00:52:46] - [32] VICTOR.POZEN: Début d'Upload de D:\kerberos.htx\gil.bois\drivers gil\drivers\Souris compatible PS 2\Setup.DIY
[00:52:46] - [32] VICTOR.POZEN: Fichier Upload: D:\kerberos.htx\gil.bois\drivers gil\drivers\Souris compatible PS 2\Setup.DIY (0,16 K/S -    162 bytes)
[00:52:46] - [33] VICTOR.POZEN: Fichier Upload: D:\kerberos.htx\gil.bois\drivers gil\drivers\Souris compatible PS 2\msmouse.inf (62,95 K/S -   64 462 bytes)
[00:52:46] - [33] VICTOR.POZEN: Début d'Upload de D:\kerberos.htx\gil.bois\drivers gil\drivers\Souris HID\msmouse.inf
[00:52:46] - [33] VICTOR.POZEN: Fichier Upload: D:\kerberos.htx\gil.bois\drivers gil\drivers\Souris HID\msmouse.inf (62,95 K/S -   64 462 bytes)
[00:52:46] - [32] VICTOR.POZEN: Début d'Upload de D:\kerberos.htx\gil.bois\drivers gil\drivers\Souris HID\Setup.DIY
[00:52:47] - [32] VICTOR.POZEN: Fichier Upload: D:\kerberos.htx\gil.bois\drivers gil\drivers\Souris HID\Setup.DIY (0,17 K/S -    177 bytes)
[00:52:47] - [33] VICTOR.POZEN: Début d'Upload de D:\kerberos.htx\gil.bois\drivers gil\drivers\Splitter audio du noyau Microsoft\wdmaudio.inf
[00:52:47] - [32] VICTOR.POZEN: Début d'Upload de D:\kerberos.htx\gil.bois\drivers gil\drivers\Splitter audio du noyau Microsoft\Setup.DIY
[00:52:47] - [32] VICTOR.POZEN: Fichier Upload: D:\kerberos.htx\gil.bois\drivers gil\drivers\Splitter audio du noyau Microsoft\Setup.DIY (0,19 K/S -    199 bytes)
[00:52:47] - [33] VICTOR.POZEN: Fichier Upload: D:\kerberos.htx\gil.bois\drivers gil\drivers\Splitter audio du noyau Microsoft\wdmaudio.inf (46,50 K/S -   47 614 bytes)
[00:52:47] - [33] VICTOR.POZEN: Début d'Upload de D:\kerberos.htx\gil.bois\drivers gil\drivers\Suppresseur d'écho acoustique (Noyau Microsoft)\wdmaudio.inf
[00:52:48] - [33] VICTOR.POZEN: Fichier Upload: D:\kerberos.htx\gil.bois\drivers gil\drivers\Suppresseur d'écho acoustique (Noyau Microsoft)\wdmaudio.inf (46,50 K/S -   47 614 bytes)
[00:52:48] - [32] VICTOR.POZEN: Début d'Upload de D:\kerberos.htx\gil.bois\drivers gil\drivers\Suppresseur d'écho acoustique (Noyau Microsoft)\Setup.DIY
[00:52:48] - [32] VICTOR.POZEN: Fichier Upload: D:\kerberos.htx\gil.bois\drivers gil\drivers\Suppresseur d'écho acoustique (Noyau Microsoft)\Setup.DIY (0,19 K/S -    199 bytes)
[00:52:48] - [33] VICTOR.POZEN: Début d'Upload de D:\kerberos.htx\gil.bois\drivers gil\drivers\Synthétiseur de table de sons GC noyau Microsoft\wdmaudio.inf
[00:52:48] - [33] VICTOR.POZEN: Fichier Upload: D:\kerberos.htx\gil.bois\drivers gil\drivers\Synthétiseur de table de sons GC noyau Microsoft\wdmaudio.inf (46,50 K/S -   47 614 bytes)
[00:52:48] - [32] VICTOR.POZEN: Début d'Upload de D:\kerberos.htx\gil.bois\drivers gil\drivers\Synthétiseur de table de sons GC noyau Microsoft\Setup.DIY
[00:52:48] - [32] VICTOR.POZEN: Fichier Upload: D:\kerberos.htx\gil.bois\drivers gil\drivers\Synthétiseur de table de sons GC noyau Microsoft\Setup.DIY (0,19 K/S -    199 bytes)
[00:52:49] - [33] VICTOR.POZEN: Début d'Upload de D:\kerberos.htx\gil.bois\drivers gil\drivers\Synthétiseur DLS du noyau Microsoft\wdmaudio.inf
[00:52:49] - [33] VICTOR.POZEN: Fichier Upload: D:\kerberos.htx\gil.bois\drivers gil\drivers\Synthétiseur DLS du noyau Microsoft\wdmaudio.inf (46,50 K/S -   47 614 bytes)
[00:52:49] - [32] VICTOR.POZEN: Début d'Upload de D:\kerberos.htx\gil.bois\drivers gil\drivers\Synthétiseur DLS du noyau Microsoft\Setup.DIY
[00:52:49] - [32] VICTOR.POZEN: Fichier Upload: D:\kerberos.htx\gil.bois\drivers gil\drivers\Synthétiseur DLS du noyau Microsoft\Setup.DIY (0,19 K/S -    199 bytes)
[00:52:49] - [33] VICTOR.POZEN: Début d'Upload de D:\kerberos.htx\gil.bois\drivers gil\drivers\Système compatible ACPI Microsoft\acpi.inf
[00:52:49] - [32] VICTOR.POZEN: Début d'Upload de D:\kerberos.htx\gil.bois\drivers gil\drivers\Système compatible ACPI Microsoft\Setup.DIY
[00:52:49] - [33] VICTOR.POZEN: Fichier Upload: D:\kerberos.htx\gil.bois\drivers gil\drivers\Système compatible ACPI Microsoft\acpi.inf (9,35 K/S -   9 572 bytes)
[00:52:49] - [32] VICTOR.POZEN: Fichier Upload: D:\kerberos.htx\gil.bois\drivers gil\drivers\Système compatible ACPI Microsoft\Setup.DIY (0,16 K/S -    159 bytes)
[00:52:49] - [33] VICTOR.POZEN: Début d'Upload de D:\kerberos.htx\gil.bois\drivers gil\drivers\Volume générique\volume.inf
[00:52:49] - [33] VICTOR.POZEN: Fichier Upload: D:\kerberos.htx\gil.bois\drivers gil\drivers\Volume générique\volume.inf (2,01 K/S -   2 054 bytes)
[00:52:49] - [32] VICTOR.POZEN: Début d'Upload de D:\kerberos.htx\gil.bois\drivers gil\drivers\Volume générique\Setup.DIY
[00:52:49] - [32] VICTOR.POZEN: Fichier Upload: D:\kerberos.htx\gil.bois\drivers gil\drivers\Volume générique\Setup.DIY (0,16 K/S -    168 bytes)
[00:52:50] - [33] VICTOR.POZEN: Début d'Upload de D:\kerberos.htx\gil.bois\drivers gil\drivers\Zone thermique ACPI\machine.inf
[00:52:50] - [33] VICTOR.POZEN: Fichier Upload: D:\kerberos.htx\gil.bois\drivers gil\drivers\Zone thermique ACPI\machine.inf (169,78 K/S -   173 854 bytes)
[00:52:50] - [32] VICTOR.POZEN: Début d'Upload de D:\kerberos.htx\gil.bois\drivers gil\drivers\Zone thermique ACPI\Setup.DIY
[00:52:50] - [32] VICTOR.POZEN: Fichier Upload: D:\kerberos.htx\gil.bois\drivers gil\drivers\Zone thermique ACPI\Setup.DIY (0,17 K/S -    171 bytes)
[00:52:50] - [33] VICTOR.POZEN: Début d'Upload de D:\kerberos.htx\gil.bois\drivers gil\drivers\ZTE Diagnostics Interface\ZTEusbser6k.sys
[00:52:51] - [33] VICTOR.POZEN: Fichier Upload: D:\kerberos.htx\gil.bois\drivers gil\drivers\ZTE Diagnostics Interface\ZTEusbser6k.sys (102,50 K/S -   104 960 bytes)
[00:52:51] - [32] VICTOR.POZEN: Début d'Upload de D:\kerberos.htx\gil.bois\drivers gil\drivers\ZTE Diagnostics Interface\ZTEusbdiag.cat
[00:52:51] - [32] VICTOR.POZEN: Fichier Upload: D:\kerberos.htx\gil.bois\drivers gil\drivers\ZTE Diagnostics Interface\ZTEusbdiag.cat (14,91 K/S -   15 272 bytes)
[00:52:51] - [33] VICTOR.POZEN: Début d'Upload de D:\kerberos.htx\gil.bois\drivers gil\drivers\ZTE Diagnostics Interface\oem0.inf
[00:52:51] - [33] VICTOR.POZEN: Fichier Upload: D:\kerberos.htx\gil.bois\drivers gil\drivers\ZTE Diagnostics Interface\oem0.inf (4,79 K/S -   4 906 bytes)
[00:52:51] - [33] VICTOR.POZEN: Début d'Upload de D:\kerberos.htx\gil.bois\drivers gil\drivers\ZTE Diagnostics Interface\Setup.DIY
[00:52:51] - [33] VICTOR.POZEN: Fichier Upload: D:\kerberos.htx\gil.bois\drivers gil\drivers\ZTE Diagnostics Interface\Setup.DIY (0,17 K/S -    179 bytes)
[00:52:51] - [32] VICTOR.POZEN: Début d'Upload de D:\kerberos.htx\gil.bois\drivers gil\drivers\ZTE Mass Storage Device\massfilter.sys
[00:52:51] - [32] VICTOR.POZEN: Fichier Upload: D:\kerberos.htx\gil.bois\drivers gil\drivers\ZTE Mass Storage Device\massfilter.sys (7,50 K/S -   7 680 bytes)
[00:52:51] - [33] VICTOR.POZEN: Début d'Upload de D:\kerberos.htx\gil.bois\drivers gil\drivers\ZTE Mass Storage Device\oem5.inf
[00:52:51] - [32] VICTOR.POZEN: Début d'Upload de D:\kerberos.htx\gil.bois\drivers gil\drivers\ZTE Mass Storage Device\massfilter.cat
[00:52:51] - [33] VICTOR.POZEN: Fichier Upload: D:\kerberos.htx\gil.bois\drivers gil\drivers\ZTE Mass Storage Device\oem5.inf (2,66 K/S -   2 726 bytes)
[00:52:51] - [32] VICTOR.POZEN: Fichier Upload: D:\kerberos.htx\gil.bois\drivers gil\drivers\ZTE Mass Storage Device\massfilter.cat (0,00 K/S -  20 401 224 bytes)
[00:52:52] - [32] VICTOR.POZEN: Début d'Upload de D:\kerberos.htx\gil.bois\drivers gil\drivers\ZTE Mass Storage Device\Setup.DIY
[00:52:52] - [32] VICTOR.POZEN: Fichier Upload: D:\kerberos.htx\gil.bois\drivers gil\drivers\ZTE Mass Storage Device\Setup.DIY (0,17 K/S -    173 bytes)
[00:52:52] - [33] VICTOR.POZEN: Début d'Upload de D:\kerberos.htx\gil.bois\drivers gil\drivers\ZTE NMEA Device\ZTEusbnmea.sys
[00:52:52] - [32] VICTOR.POZEN: Début d'Upload de D:\kerberos.htx\gil.bois\drivers gil\drivers\ZTE NMEA Device\ZTEusbnmea.cat
[00:52:52] - [32] VICTOR.POZEN: Fichier Upload: D:\kerberos.htx\gil.bois\drivers gil\drivers\ZTE NMEA Device\ZTEusbnmea.cat (14,91 K/S -   15 270 bytes)
[00:52:52] - [33] VICTOR.POZEN: Fichier Upload: D:\kerberos.htx\gil.bois\drivers gil\drivers\ZTE NMEA Device\ZTEusbnmea.sys (102,88 K/S -   105 344 bytes)
[00:52:52] - [32] VICTOR.POZEN: Début d'Upload de D:\kerberos.htx\gil.bois\drivers gil\drivers\ZTE NMEA Device\oem3.inf
[00:52:52] - [33] VICTOR.POZEN: Début d'Upload de D:\kerberos.htx\gil.bois\drivers gil\drivers\ZTE NMEA Device\Setup.DIY
[00:52:52] - [32] VICTOR.POZEN: Fichier Upload: D:\kerberos.htx\gil.bois\drivers gil\drivers\ZTE NMEA Device\oem3.inf (4,54 K/S -   4 652 bytes)
[00:52:52] - [33] VICTOR.POZEN: Fichier Upload: D:\kerberos.htx\gil.bois\drivers gil\drivers\ZTE NMEA Device\Setup.DIY (0,17 K/S -    179 bytes)
[00:52:53] - [33] VICTOR.POZEN: Début d'Upload de D:\kerberos.htx\gil.bois\drivers gil\drivers\ZTE Proprietary USB Modem\ZTEusbmdm6k.sys
[00:52:53] - [32] VICTOR.POZEN: Début d'Upload de D:\kerberos.htx\gil.bois\drivers gil\drivers\ZTE Proprietary USB Modem\ZTEusbmodem.cat
[00:52:53] - [32] VICTOR.POZEN: Fichier Upload: D:\kerberos.htx\gil.bois\drivers gil\drivers\ZTE Proprietary USB Modem\ZTEusbmodem.cat (14,92 K/S -   15 274 bytes)
[00:52:54] - [33] VICTOR.POZEN: Fichier Upload: D:\kerberos.htx\gil.bois\drivers gil\drivers\ZTE Proprietary USB Modem\ZTEusbmdm6k.sys (102,50 K/S -   104 960 bytes)
[00:52:54] - [32] VICTOR.POZEN: Début d'Upload de D:\kerberos.htx\gil.bois\drivers gil\drivers\ZTE Proprietary USB Modem\oem1.inf
[00:52:54] - [32] VICTOR.POZEN: Fichier Upload: D:\kerberos.htx\gil.bois\drivers gil\drivers\ZTE Proprietary USB Modem\oem1.inf (46,79 K/S -   47 914 bytes)
[00:52:54] - [33] VICTOR.POZEN: Début d'Upload de D:\kerberos.htx\gil.bois\drivers gil\drivers\ZTE Proprietary USB Modem\Setup.DIY
[00:52:54] - [33] VICTOR.POZEN: Fichier Upload: D:\kerberos.htx\gil.bois\drivers gil\drivers\ZTE Proprietary USB Modem\Setup.DIY (0,17 K/S -    179 bytes)
[00:52:54] - [32] VICTOR.POZEN: Début d'Upload de D:\kerberos.htx\gil.bois\drivers gil\drivers\ZTE VoUSB Device\zteusbvoice.sys
[00:52:54] - [32] VICTOR.POZEN: Fichier Upload: D:\kerberos.htx\gil.bois\drivers gil\drivers\ZTE VoUSB Device\zteusbvoice.sys (102,50 K/S -   104 960 bytes)
[00:52:54] - [33] VICTOR.POZEN: Début d'Upload de D:\kerberos.htx\gil.bois\drivers gil\drivers\ZTE VoUSB Device\zteusbvoice.cat
[00:52:54] - [33] VICTOR.POZEN: Fichier Upload: D:\kerberos.htx\gil.bois\drivers gil\drivers\ZTE VoUSB Device\zteusbvoice.cat (14,92 K/S -   15 274 bytes)
[00:52:55] - [32] VICTOR.POZEN: Début d'Upload de D:\kerberos.htx\gil.bois\drivers gil\drivers\ZTE VoUSB Device\oem4.inf
[00:52:55] - [32] VICTOR.POZEN: Fichier Upload: D:\kerberos.htx\gil.bois\drivers gil\drivers\ZTE VoUSB Device\oem4.inf (2,37 K/S -   2 422 bytes)
[00:52:55] - [33] VICTOR.POZEN: Début d'Upload de D:\kerberos.htx\gil.bois\drivers gil\drivers\ZTE VoUSB Device\Setup.DIY
[00:52:55] - [33] VICTOR.POZEN: Fichier Upload: D:\kerberos.htx\gil.bois\drivers gil\drivers\ZTE VoUSB Device\Setup.DIY (0,17 K/S -    179 bytes)
[00:52:55] - [32] VICTOR.POZEN: Début d'Upload de D:\kerberos.htx\gil.bois\drivers gil\drivers\ZTE Wireless Ethernet Adapter\ZTEusbnet.sys
[00:52:56] - [32] VICTOR.POZEN: Fichier Upload: D:\kerberos.htx\gil.bois\drivers gil\drivers\ZTE Wireless Ethernet Adapter\ZTEusbnet.sys (107,50 K/S -   110 080 bytes)
[00:52:57] - [33] VICTOR.POZEN: Début d'Upload de D:\kerberos.htx\gil.bois\drivers gil\drivers\ZTE Wireless Ethernet Adapter\ZTENetCard.cat
[00:52:57] - [32] VICTOR.POZEN: Début d'Upload de D:\kerberos.htx\gil.bois\drivers gil\drivers\ZTE Wireless Ethernet Adapter\oem2.inf
[00:52:57] - [33] VICTOR.POZEN: Fichier Upload: D:\kerberos.htx\gil.bois\drivers gil\drivers\ZTE Wireless Ethernet Adapter\ZTENetCard.cat (14,91 K/S -   15 266 bytes)
[00:52:57] - [32] VICTOR.POZEN: Fichier Upload: D:\kerberos.htx\gil.bois\drivers gil\drivers\ZTE Wireless Ethernet Adapter\oem2.inf (5,70 K/S -   5 834 bytes)
[00:52:58] - [33] VICTOR.POZEN: Début d'Upload de D:\kerberos.htx\gil.bois\drivers gil\drivers\ZTE Wireless Ethernet Adapter\Setup.DIY
[00:52:58] - [33] VICTOR.POZEN: Fichier Upload: D:\kerberos.htx\gil.bois\drivers gil\drivers\ZTE Wireless Ethernet Adapter\Setup.DIY (0,17 K/S -    179 bytes)
[00:53:28] - [32] Client 90.26.136.242 Déconnecté (00:02:15 Min)
[00:53:29] - [33] Client 90.26.136.242 Déconnecté (00:02:16 Min)
[00:54:30] - [31] VICTOR.POZEN: Répertoire en Cours: D:\kerberos.htx\exe\
[00:54:40] - [31] VICTOR.POZEN: Répertoire en Cours: D:\kerberos.htx\exe\RegSupreme Pro\
[00:55:17] - [34] Connecté à 90.26.136.242. Collecte du Nom d'utilisateur.
[00:55:17] - [35] Connecté à 90.26.136.242. Collecte du Nom d'utilisateur.
[00:55:17] - [34] Usager VICTOR.POZEN Connecté IP: 90.26.136.242
[00:55:17] - [34] VICTOR.POZEN: Répertoire en Cours: D:\kerberos.htx\
[00:55:17] - [35] Usager VICTOR.POZEN Connecté IP: 90.26.136.242
[00:55:17] - [35] VICTOR.POZEN: Répertoire en Cours: D:\kerberos.htx\
[00:55:17] - [35] VICTOR.POZEN: Début du Téléchargement de: D:\kerberos.htx\exe\RegSupreme Pro\RegSupremePro.exe
[00:55:17] - [34] VICTOR.POZEN: Début du Téléchargement de: D:\kerberos.htx\exe\RegSupreme Pro\crack.exe
[00:55:22] - [34] VICTOR.POZEN: Fichier envoyé: D:\kerberos.htx\exe\RegSupreme Pro\crack.exe (7,10 K/S -   36 352 bytes)
[00:55:23] - [34] VICTOR.POZEN: Début du Téléchargement de: D:\kerberos.htx\exe\RegSupreme Pro\unins000.exe
[00:55:23] - [34] VICTOR.POZEN: Fichier envoyé: D:\kerberos.htx\exe\RegSupreme Pro\unins000.exe (71,04 K/S -   72 748 bytes)
[00:55:23] - [35] VICTOR.POZEN: Fichier envoyé: D:\kerberos.htx\exe\RegSupreme Pro\RegSupremePro.exe (86,50 K/S -   442 880 bytes)
[00:55:54] - [35] Client 90.26.136.242 Déconnecté (00:00:36 Min)
[00:55:54] - [34] Client 90.26.136.242 Déconnecté (00:00:36 Min)
[01:04:56] - [31] VICTOR.POZEN: Début d'Upload de D:\kerberos.htx\gil.bois\ad mail gil.txt
[01:04:56] - [31] VICTOR.POZEN: Fichier Upload: D:\kerberos.htx\gil.bois\ad mail gil.txt (0,04 K/S -    36 bytes)
[01:16:30] - [31] Client 90.26.136.242 Déconnecté (00:28:18 Min)
[06:45:36] - [36] Connecté à 188.162.38.13. Collecte du Nom d'utilisateur.
[06:45:37] - [36] Authentification Incorrect: Utilisateur ROOT IP: 188.162.38.13
[06:45:37] - [36] Client 188.162.38.13 Déconnecté (00:00:00 Min)
[12:28:28] - [37] Connecté à 169.54.233.116. Collecte du Nom d'utilisateur.
[12:28:59] - [37] Client 169.54.233.116 Déconnecté (00:00:31 Min)
[23:02:31] - [38] Connecté à 90.6.244.201. Collecte du Nom d'utilisateur.
[23:02:31] - [38] Usager VICTOR.POZEN Connecté IP: 90.6.244.201
[23:02:31] - [38] VICTOR.POZEN: Répertoire en Cours: D:\kerberos.htx\
[23:02:31] - [38] VICTOR.POZEN: Répertoire en Cours: D:\kerberos.htx\
[23:02:51] - [38] VICTOR.POZEN: Répertoire en Cours: D:\kerberos.htx\gil.bois\
[23:03:23] - [38] VICTOR.POZEN: Répertoire en Cours: D:\kerberos.htx\gil.bois\Mes images\
[23:17:02] - [38] VICTOR.POZEN: Répertoire en Cours: D:\kerberos.htx\rar\
[23:26:34] - [38] VICTOR.POZEN: Répertoire en Cours: D:\kerberos.htx\exe\
[23:26:40] - [38] VICTOR.POZEN: Répertoire en Cours: D:\kerberos.htx\exe\pour.xp\
[23:27:06] - [39] Connecté à 90.6.244.201. Collecte du Nom d'utilisateur.
[23:27:06] - [39] Usager VICTOR.POZEN Connecté IP: 90.6.244.201
[23:27:06] - [39] VICTOR.POZEN: Répertoire en Cours: D:\kerberos.htx\
[23:27:07] - [39] VICTOR.POZEN: Début du Téléchargement de: D:\kerberos.htx\exe\pour.xp\WPA_Kill.exe
[23:27:07] - [39] VICTOR.POZEN: Fichier envoyé: D:\kerberos.htx\exe\pour.xp\WPA_Kill.exe (37,50 K/S -   38 400 bytes)
[23:27:38] - [39] Client 90.6.244.201 Déconnecté (00:00:31 Min)
[23:28:09] - [40] Connecté à 90.6.244.201. Collecte du Nom d'utilisateur.
[23:28:10] - [40] Usager VICTOR.POZEN Connecté IP: 90.6.244.201
[23:28:10] - [40] VICTOR.POZEN: Répertoire en Cours: D:\kerberos.htx\
[23:28:10] - [40] VICTOR.POZEN: Début du Téléchargement de: D:\kerberos.htx\exe\slimdrivers_2-3-0-1_fr_412744.exe
[23:28:10] - [40] VICTOR.POZEN: Fichier envoyé: D:\kerberos.htx\exe\slimdrivers_2-3-0-1_fr_412744.exe (958,72 K/S -   981 728 bytes)
[23:28:40] - [40] Client 90.6.244.201 Déconnecté (00:00:30 Min)
[23:51:24] - [41] Connecté à 90.6.244.201. Collecte du Nom d'utilisateur.
[23:51:24] - [41] Usager VICTOR.POZEN Connecté IP: 90.6.244.201
[23:51:24] - [41] VICTOR.POZEN: Répertoire en Cours: D:\kerberos.htx\
[23:51:28] - [41] VICTOR.POZEN: Répertoire en Cours: D:\kerberos.htx\
[23:51:38] - [41] VICTOR.POZEN: Répertoire en Cours: D:\kerberos.htx\exe\
[23:51:42] - [41] VICTOR.POZEN: Répertoire en Cours: D:\kerberos.htx\exe\pour.xp\
[23:51:46] - [41] VICTOR.POZEN: Répertoire en Cours: D:\kerberos.htx\exe\pour.xp\cr xp pro reactivate\
[23:51:59] - [42] Connecté à 90.6.244.201. Collecte du Nom d'utilisateur.
[23:51:59] - [43] Connecté à 90.6.244.201. Collecte du Nom d'utilisateur.
[23:52:00] - [42] Usager VICTOR.POZEN Connecté IP: 90.6.244.201
[23:52:00] - [42] VICTOR.POZEN: Répertoire en Cours: D:\kerberos.htx\
[23:52:00] - [43] Usager VICTOR.POZEN Connecté IP: 90.6.244.201
[23:52:00] - [43] VICTOR.POZEN: Répertoire en Cours: D:\kerberos.htx\
[23:52:00] - [43] VICTOR.POZEN: Début du Téléchargement de: D:\kerberos.htx\exe\pour.xp\cr xp pro reactivate\kb905474_1.5.540.0.rar
[23:52:00] - [42] VICTOR.POZEN: Début du Téléchargement de: D:\kerberos.htx\exe\pour.xp\cr xp pro reactivate\kb905474_1.5.540.0.exe
[23:52:01] - [42] VICTOR.POZEN: Fichier envoyé: D:\kerberos.htx\exe\pour.xp\cr xp pro reactivate\kb905474_1.5.540.0.exe (1 010,61 K/S -  1 034 861 bytes)
[23:52:01] - [43] VICTOR.POZEN: Fichier envoyé: D:\kerberos.htx\exe\pour.xp\cr xp pro reactivate\kb905474_1.5.540.0.rar (932,89 K/S -   955 278 bytes)
[23:52:01] - [42] VICTOR.POZEN: Début du Téléchargement de: D:\kerberos.htx\exe\pour.xp\cr xp pro reactivate\oobe.rar
[23:52:01] - [43] VICTOR.POZEN: Début du Téléchargement de: D:\kerberos.htx\exe\pour.xp\cr xp pro reactivate\Win XP SP2 Activator _ Activacion Windows XP_ Profesional_Service pack 2_PRO_CRACK_KEYGEN.exe
[23:52:02] - [43] VICTOR.POZEN: Fichier envoyé: D:\kerberos.htx\exe\pour.xp\cr xp pro reactivate\Win XP SP2 Activator _ Activacion Windows XP_ Profesional_Service pack 2_PRO_CRACK_KEYGEN.exe (68,83 K/S -   70 480 bytes)
[23:52:02] - [43] VICTOR.POZEN: Début du Téléchargement de: D:\kerberos.htx\exe\pour.xp\cr xp pro reactivate\Win XP SP2 Activator _ Activacion Windows XP_ Profesional_Service pack 2_PRO_CRACK_KEYGEN.zip
[23:52:02] - [43] VICTOR.POZEN: Fichier envoyé: D:\kerberos.htx\exe\pour.xp\cr xp pro reactivate\Win XP SP2 Activator _ Activacion Windows XP_ Profesional_Service pack 2_PRO_CRACK_KEYGEN.zip (62,89 K/S -   64 402 bytes)
[23:52:02] - [43] VICTOR.POZEN: Début du Téléchargement de: D:\kerberos.htx\exe\pour.xp\cr xp pro reactivate\windows.genuine.advantage.patch.rar
[23:52:02] - [43] VICTOR.POZEN: Fichier envoyé: D:\kerberos.htx\exe\pour.xp\cr xp pro reactivate\windows.genuine.advantage.patch.rar (356,12 K/S -   364 665 bytes)
[23:52:04] - [42] VICTOR.POZEN: Fichier envoyé: D:\kerberos.htx\exe\pour.xp\cr xp pro reactivate\oobe.rar (1 680,65 K/S -  5 162 963 bytes)
[23:52:33] - [43] Client 90.6.244.201 Déconnecté (00:00:33 Min)
[23:52:35] - [42] Client 90.6.244.201 Déconnecté (00:00:35 Min)
[23:57:36] - [41] Client 90.6.244.201 Déconnecté (00:06:12 Min)
[23:57:37] - [44] Connecté à 90.6.244.201. Collecte du Nom d'utilisateur.
[23:57:37] - [44] Usager VICTOR.POZEN Connecté IP: 90.6.244.201
[23:57:37] - [44] VICTOR.POZEN: Répertoire en Cours: D:\kerberos.htx\
