[19:53:27] - Serveur Démarré
[19:53:27] - FTP Port: 21
[19:53:31] - [1] Connecté à 192.168.0.42. Collecte du Nom d'utilisateur.
[19:53:31] - [1] Usager MIRKO.POZEN Connecté IP: 192.168.0.42
[19:53:31] - [1] MIRKO.POZEN: Répertoire en Cours: D:\kerberos.htx\
[19:53:45] - [1] MIRKO.POZEN: Répertoire en Cours: D:\kerberos.htx\exe\
[19:53:56] - [1] MIRKO.POZEN: Répertoire en Cours: D:\kerberos.htx\exe\hddentinel\
[19:54:10] - [2] Connecté à 192.168.0.42. Collecte du Nom d'utilisateur.
[19:54:11] - [2] Usager MIRKO.POZEN Connecté IP: 192.168.0.42
[19:54:11] - [2] MIRKO.POZEN: Répertoire en Cours: D:\kerberos.htx\
[19:54:11] - [2] MIRKO.POZEN: Répertoire en Cours: D:\kerberos.htx\exe\
[19:54:11] - [2] MIRKO.POZEN: Début du Téléchargement de: D:\kerberos.htx\exe\ClassicShellSetup_4_2_5.exe
[19:54:14] - [2] MIRKO.POZEN: Fichier envoyé: D:\kerberos.htx\exe\ClassicShellSetup_4_2_5.exe (1 701,18 K/S -  6 968 048 bytes)
[19:54:16] - [2] MIRKO.POZEN: Début du Téléchargement de: D:\kerberos.htx\exe\CW.eXe
[19:54:22] - [2] MIRKO.POZEN: Fichier envoyé: D:\kerberos.htx\exe\CW.eXe (1 539,46 K/S -  9 458 428 bytes)
[19:54:27] - [2] MIRKO.POZEN: Début du Téléchargement de: D:\kerberos.htx\exe\hdsentinel_setup.exe
[19:54:34] - [2] MIRKO.POZEN: Fichier envoyé: D:\kerberos.htx\exe\hdsentinel_setup.exe (2 198,94 K/S -  18 013 720 bytes)
[19:54:35] - [2] MIRKO.POZEN: Début du Téléchargement de: D:\kerberos.htx\exe\never10.exe
[19:54:35] - [2] MIRKO.POZEN: Fichier envoyé: D:\kerberos.htx\exe\never10.exe (82,98 K/S -   84 976 bytes)
[19:54:44] - [2] MIRKO.POZEN: Début du Téléchargement de: D:\kerberos.htx\exe\pplfr165_x64comp.exe
[19:54:44] - [2] MIRKO.POZEN: Fichier envoyé: D:\kerberos.htx\exe\pplfr165_x64comp.exe (232,84 K/S -   238 430 bytes)
[19:54:54] - [2] MIRKO.POZEN: Début du Téléchargement de: D:\kerberos.htx\exe\slimdrivers_2-3-0-1_fr_412744.exe
[19:54:55] - [2] MIRKO.POZEN: Fichier envoyé: D:\kerberos.htx\exe\slimdrivers_2-3-0-1_fr_412744.exe (958,72 K/S -   981 728 bytes)
[19:54:59] - [1] MIRKO.POZEN: Répertoire en Cours: D:\kerberos.htx\exe\
[19:55:00] - [1] MIRKO.POZEN: Début du Téléchargement de: D:\kerberos.htx\exe\stand bye pc.bat
[19:55:00] - [1] MIRKO.POZEN: Fichier envoyé: D:\kerberos.htx\exe\stand bye pc.bat (0,04 K/S -    42 bytes)
[19:55:08] - [2] MIRKO.POZEN: Début du Téléchargement de: D:\kerberos.htx\exe\winrar.exe
[19:55:09] - [2] MIRKO.POZEN: Fichier envoyé: D:\kerberos.htx\exe\winrar.exe (2 559,96 K/S -  2 621 400 bytes)
[19:55:25] - [1] MIRKO.POZEN: Répertoire en Cours: D:\kerberos.htx\
[19:55:25] - [1] MIRKO.POZEN: Répertoire en Cours: D:\kerberos.htx\Hard Disk Sentinel\
[19:55:29] - [2] MIRKO.POZEN: Répertoire en Cours: D:\kerberos.htx\Hard Disk Sentinel\
[19:55:29] - [3] Connecté à 192.168.0.42. Collecte du Nom d'utilisateur.
[19:55:29] - [3] Usager MIRKO.POZEN Connecté IP: 192.168.0.42
[19:55:29] - [3] MIRKO.POZEN: Répertoire en Cours: D:\kerberos.htx\
[19:55:29] - [2] MIRKO.POZEN: Début du Téléchargement de: D:\kerberos.htx\Hard Disk Sentinel\afaapi.dll
[19:55:29] - [3] MIRKO.POZEN: Répertoire en Cours: D:\kerberos.htx\Hard Disk Sentinel\
[19:55:29] - [3] MIRKO.POZEN: Début du Téléchargement de: D:\kerberos.htx\Hard Disk Sentinel\ar.lng
[19:55:29] - [3] MIRKO.POZEN: Fichier envoyé: D:\kerberos.htx\Hard Disk Sentinel\ar.lng (42,02 K/S -   43 030 bytes)
[19:55:29] - [2] MIRKO.POZEN: Fichier envoyé: D:\kerberos.htx\Hard Disk Sentinel\afaapi.dll (682,14 K/S -   698 512 bytes)
[19:55:29] - [2] MIRKO.POZEN: Début du Téléchargement de: D:\kerberos.htx\Hard Disk Sentinel\arpro.lng
[19:55:29] - [2] MIRKO.POZEN: Fichier envoyé: D:\kerberos.htx\Hard Disk Sentinel\arpro.lng (7,20 K/S -   7 376 bytes)
[19:55:29] - [3] MIRKO.POZEN: Début du Téléchargement de: D:\kerberos.htx\Hard Disk Sentinel\bc_vbdll.dll
[19:55:30] - [3] MIRKO.POZEN: Fichier envoyé: D:\kerberos.htx\Hard Disk Sentinel\bc_vbdll.dll (590,14 K/S -   604 304 bytes)
[19:55:30] - [2] MIRKO.POZEN: Début du Téléchargement de: D:\kerberos.htx\Hard Disk Sentinel\be.lng
[19:55:30] - [2] MIRKO.POZEN: Fichier envoyé: D:\kerberos.htx\Hard Disk Sentinel\be.lng (52,19 K/S -   53 446 bytes)
[19:55:30] - [3] MIRKO.POZEN: Début du Téléchargement de: D:\kerberos.htx\Hard Disk Sentinel\bepro.lng
[19:55:30] - [3] MIRKO.POZEN: Fichier envoyé: D:\kerberos.htx\Hard Disk Sentinel\bepro.lng (8,45 K/S -   8 648 bytes)
[19:55:30] - [2] MIRKO.POZEN: Début du Téléchargement de: D:\kerberos.htx\Hard Disk Sentinel\bg.lng
[19:55:30] - [2] MIRKO.POZEN: Fichier envoyé: D:\kerberos.htx\Hard Disk Sentinel\bg.lng (51,42 K/S -   52 657 bytes)
[19:55:30] - [3] MIRKO.POZEN: Début du Téléchargement de: D:\kerberos.htx\Hard Disk Sentinel\bgpro.lng
[19:55:30] - [3] MIRKO.POZEN: Fichier envoyé: D:\kerberos.htx\Hard Disk Sentinel\bgpro.lng (8,47 K/S -   8 676 bytes)
[19:55:30] - [2] MIRKO.POZEN: Début du Téléchargement de: D:\kerberos.htx\Hard Disk Sentinel\cn.lng
[19:55:30] - [2] MIRKO.POZEN: Fichier envoyé: D:\kerberos.htx\Hard Disk Sentinel\cn.lng (30,35 K/S -   31 075 bytes)
[19:55:30] - [3] MIRKO.POZEN: Début du Téléchargement de: D:\kerberos.htx\Hard Disk Sentinel\cnpro.lng
[19:55:30] - [3] MIRKO.POZEN: Fichier envoyé: D:\kerberos.htx\Hard Disk Sentinel\cnpro.lng (4,96 K/S -   5 084 bytes)
[19:55:30] - [2] MIRKO.POZEN: Début du Téléchargement de: D:\kerberos.htx\Hard Disk Sentinel\cz.lng
[19:55:30] - [2] MIRKO.POZEN: Fichier envoyé: D:\kerberos.htx\Hard Disk Sentinel\cz.lng (45,13 K/S -   46 208 bytes)
[19:55:30] - [3] MIRKO.POZEN: Début du Téléchargement de: D:\kerberos.htx\Hard Disk Sentinel\czpro.lng
[19:55:30] - [3] MIRKO.POZEN: Fichier envoyé: D:\kerberos.htx\Hard Disk Sentinel\czpro.lng (7,57 K/S -   7 755 bytes)
[19:55:30] - [2] MIRKO.POZEN: Début du Téléchargement de: D:\kerberos.htx\Hard Disk Sentinel\da.lng
[19:55:30] - [2] MIRKO.POZEN: Fichier envoyé: D:\kerberos.htx\Hard Disk Sentinel\da.lng (33,76 K/S -   34 569 bytes)
[19:55:31] - [3] MIRKO.POZEN: Début du Téléchargement de: D:\kerberos.htx\Hard Disk Sentinel\dapro.lng
[19:55:31] - [3] MIRKO.POZEN: Fichier envoyé: D:\kerberos.htx\Hard Disk Sentinel\dapro.lng (7,95 K/S -   8 139 bytes)
[19:55:31] - [2] MIRKO.POZEN: Début du Téléchargement de: D:\kerberos.htx\Hard Disk Sentinel\de.lng
[19:55:31] - [2] MIRKO.POZEN: Fichier envoyé: D:\kerberos.htx\Hard Disk Sentinel\de.lng (53,95 K/S -   55 241 bytes)
[19:55:31] - [3] MIRKO.POZEN: Début du Téléchargement de: D:\kerberos.htx\Hard Disk Sentinel\depro.lng
[19:55:31] - [3] MIRKO.POZEN: Fichier envoyé: D:\kerberos.htx\Hard Disk Sentinel\depro.lng (8,66 K/S -   8 863 bytes)
[19:55:31] - [2] MIRKO.POZEN: Début du Téléchargement de: D:\kerberos.htx\Hard Disk Sentinel\deta.dll
[19:55:31] - [2] MIRKO.POZEN: Fichier envoyé: D:\kerberos.htx\Hard Disk Sentinel\deta.dll (37,14 K/S -   38 032 bytes)
[19:55:31] - [3] MIRKO.POZEN: Début du Téléchargement de: D:\kerberos.htx\Hard Disk Sentinel\detect.dat
[19:55:31] - [3] MIRKO.POZEN: Fichier envoyé: D:\kerberos.htx\Hard Disk Sentinel\detect.dat (88,89 K/S -   91 026 bytes)
[19:55:31] - [2] MIRKO.POZEN: Début du Téléchargement de: D:\kerberos.htx\Hard Disk Sentinel\detect.dll
[19:55:31] - [2] MIRKO.POZEN: Fichier envoyé: D:\kerberos.htx\Hard Disk Sentinel\detect.dll (173,64 K/S -   177 808 bytes)
[19:55:31] - [3] MIRKO.POZEN: Début du Téléchargement de: D:\kerberos.htx\Hard Disk Sentinel\detjm.dll
[19:55:31] - [3] MIRKO.POZEN: Fichier envoyé: D:\kerberos.htx\Hard Disk Sentinel\detjm.dll (100,45 K/S -   102 856 bytes)
[19:55:31] - [2] MIRKO.POZEN: Début du Téléchargement de: D:\kerberos.htx\Hard Disk Sentinel\detp.dll
[19:55:31] - [2] MIRKO.POZEN: Fichier envoyé: D:\kerberos.htx\Hard Disk Sentinel\detp.dll (115,14 K/S -   117 904 bytes)
[19:55:31] - [3] MIRKO.POZEN: Début du Téléchargement de: D:\kerberos.htx\Hard Disk Sentinel\detpex.dlz
[19:55:32] - [2] MIRKO.POZEN: Début du Téléchargement de: D:\kerberos.htx\Hard Disk Sentinel\detrc.dll
[19:55:32] - [3] MIRKO.POZEN: Fichier envoyé: D:\kerberos.htx\Hard Disk Sentinel\detpex.dlz (676,67 K/S -   692 911 bytes)
[19:55:32] - [2] MIRKO.POZEN: Fichier envoyé: D:\kerberos.htx\Hard Disk Sentinel\detrc.dll (138,14 K/S -   141 456 bytes)
[19:55:32] - [3] MIRKO.POZEN: Début du Téléchargement de: D:\kerberos.htx\Hard Disk Sentinel\detw.dll
[19:55:32] - [3] MIRKO.POZEN: Fichier envoyé: D:\kerberos.htx\Hard Disk Sentinel\detw.dll (176,15 K/S -   180 376 bytes)
[19:55:32] - [2] MIRKO.POZEN: Début du Téléchargement de: D:\kerberos.htx\Hard Disk Sentinel\detw64.dll
[19:55:32] - [2] MIRKO.POZEN: Fichier envoyé: D:\kerberos.htx\Hard Disk Sentinel\detw64.dll (215,65 K/S -   220 824 bytes)
[19:55:32] - [3] MIRKO.POZEN: Début du Téléchargement de: D:\kerberos.htx\Hard Disk Sentinel\DISKDATA_2.0_____Flash_Disk___5.00.hdd
[19:55:32] - [3] MIRKO.POZEN: Fichier envoyé: D:\kerberos.htx\Hard Disk Sentinel\DISKDATA_2.0_____Flash_Disk___5.00.hdd (0,47 K/S -    480 bytes)
[19:55:32] - [2] MIRKO.POZEN: Début du Téléchargement de: D:\kerberos.htx\Hard Disk Sentinel\DISKDATA_2.0_____Flash_Disk___5.00_scsi.hdi
[19:55:32] - [2] MIRKO.POZEN: Fichier envoyé: D:\kerberos.htx\Hard Disk Sentinel\DISKDATA_2.0_____Flash_Disk___5.00_scsi.hdi (20,83 K/S -   21 332 bytes)
[19:55:32] - [3] MIRKO.POZEN: Début du Téléchargement de: D:\kerberos.htx\Hard Disk Sentinel\DISKDATA_Generic-_Compact_Flash_GENERIC_CF_READER01_1.01.hdd
[19:55:32] - [3] MIRKO.POZEN: Fichier envoyé: D:\kerberos.htx\Hard Disk Sentinel\DISKDATA_Generic-_Compact_Flash_GENERIC_CF_READER01_1.01.hdd (90,47 K/S -   92 640 bytes)
[19:55:32] - [2] MIRKO.POZEN: Début du Téléchargement de: D:\kerberos.htx\Hard Disk Sentinel\DISKDATA_Generic-_Compact_Flash_GENERIC_CF_READER01_1.01_scsi.hdi
[19:55:32] - [2] MIRKO.POZEN: Fichier envoyé: D:\kerberos.htx\Hard Disk Sentinel\DISKDATA_Generic-_Compact_Flash_GENERIC_CF_READER01_1.01_scsi.hdi (20,83 K/S -   21 332 bytes)
[19:55:32] - [3] MIRKO.POZEN: Début du Téléchargement de: D:\kerberos.htx\Hard Disk Sentinel\DISKDATA_Hitachi_HDS721050CLA362_JP5570HF2Z8MNP_JP2OA3EA.dat
[19:55:32] - [3] MIRKO.POZEN: Fichier envoyé: D:\kerberos.htx\Hard Disk Sentinel\DISKDATA_Hitachi_HDS721050CLA362_JP5570HF2Z8MNP_JP2OA3EA.dat (3,16 K/S -   3 234 bytes)
[19:55:32] - [2] MIRKO.POZEN: Début du Téléchargement de: D:\kerberos.htx\Hard Disk Sentinel\DISKDATA_Hitachi_HDS721050CLA362_JP5570HF2Z8MNP_JP2OA3EA.hdd
[19:55:32] - [2] MIRKO.POZEN: Fichier envoyé: D:\kerberos.htx\Hard Disk Sentinel\DISKDATA_Hitachi_HDS721050CLA362_JP5570HF2Z8MNP_JP2OA3EA.hdd (90,47 K/S -   92 640 bytes)
[19:55:32] - [3] MIRKO.POZEN: Début du Téléchargement de: D:\kerberos.htx\Hard Disk Sentinel\DISKDATA_Hitachi_HDS721050CLA362_JP5570HF2Z8MNP_JP2OA3EA.hdi
[19:55:32] - [3] MIRKO.POZEN: Fichier envoyé: D:\kerberos.htx\Hard Disk Sentinel\DISKDATA_Hitachi_HDS721050CLA362_JP5570HF2Z8MNP_JP2OA3EA.hdi (0,65 K/S -    662 bytes)
[19:55:33] - [2] MIRKO.POZEN: Début du Téléchargement de: D:\kerberos.htx\Hard Disk Sentinel\DISKDATA_Multiple_Flash_Reader_GENERIC_SD_READER01_1.05.hdd
[19:55:33] - [2] MIRKO.POZEN: Fichier envoyé: D:\kerberos.htx\Hard Disk Sentinel\DISKDATA_Multiple_Flash_Reader_GENERIC_SD_READER01_1.05.hdd (90,47 K/S -   92 640 bytes)
[19:55:33] - [3] MIRKO.POZEN: Début du Téléchargement de: D:\kerberos.htx\Hard Disk Sentinel\DISKDATA_Multiple_Flash_Reader_GENERIC_SD_READER01_1.05_scsi.hdi
[19:55:33] - [3] MIRKO.POZEN: Fichier envoyé: D:\kerberos.htx\Hard Disk Sentinel\DISKDATA_Multiple_Flash_Reader_GENERIC_SD_READER01_1.05_scsi.hdi (20,83 K/S -   21 332 bytes)
[19:55:33] - [2] MIRKO.POZEN: Début du Téléchargement de: D:\kerberos.htx\Hard Disk Sentinel\DISKDATA_USB_DISK_2.0_PMAP1234_PMAP.hdd
[19:55:33] - [2] MIRKO.POZEN: Fichier envoyé: D:\kerberos.htx\Hard Disk Sentinel\DISKDATA_USB_DISK_2.0_PMAP1234_PMAP.hdd (1,41 K/S -   1 440 bytes)
[19:55:33] - [3] MIRKO.POZEN: Début du Téléchargement de: D:\kerberos.htx\Hard Disk Sentinel\DISKDATA_USB_DISK_2.0_PMAP1234_PMAP_scsi.hdi
[19:55:33] - [3] MIRKO.POZEN: Fichier envoyé: D:\kerberos.htx\Hard Disk Sentinel\DISKDATA_USB_DISK_2.0_PMAP1234_PMAP_scsi.hdi (20,83 K/S -   21 332 bytes)
[19:55:33] - [2] MIRKO.POZEN: Début du Téléchargement de: D:\kerberos.htx\Hard Disk Sentinel\DriveAddRemoveLog.txt
[19:55:33] - [2] MIRKO.POZEN: Fichier envoyé: D:\kerberos.htx\Hard Disk Sentinel\DriveAddRemoveLog.txt (0,13 K/S -    136 bytes)
[19:55:33] - [3] MIRKO.POZEN: Début du Téléchargement de: D:\kerberos.htx\Hard Disk Sentinel\du.lng
[19:55:33] - [3] MIRKO.POZEN: Fichier envoyé: D:\kerberos.htx\Hard Disk Sentinel\du.lng (51,45 K/S -   52 681 bytes)
[19:55:33] - [2] MIRKO.POZEN: Début du Téléchargement de: D:\kerberos.htx\Hard Disk Sentinel\dupro.lng
[19:55:33] - [2] MIRKO.POZEN: Fichier envoyé: D:\kerberos.htx\Hard Disk Sentinel\dupro.lng (8,49 K/S -   8 698 bytes)
[19:55:33] - [3] MIRKO.POZEN: Début du Téléchargement de: D:\kerberos.htx\Hard Disk Sentinel\en.chm
[19:55:33] - [2] MIRKO.POZEN: Début du Téléchargement de: D:\kerberos.htx\Hard Disk Sentinel\en.lng
[19:55:34] - [2] MIRKO.POZEN: Fichier envoyé: D:\kerberos.htx\Hard Disk Sentinel\en.lng (47,34 K/S -   48 472 bytes)
[19:55:34] - [3] MIRKO.POZEN: Fichier envoyé: D:\kerberos.htx\Hard Disk Sentinel\en.chm (1 505,80 K/S -  1 541 923 bytes)
[19:55:34] - [2] MIRKO.POZEN: Début du Téléchargement de: D:\kerberos.htx\Hard Disk Sentinel\enpro.lng
[19:55:34] - [2] MIRKO.POZEN: Fichier envoyé: D:\kerberos.htx\Hard Disk Sentinel\enpro.lng (7,75 K/S -   7 939 bytes)
[19:55:34] - [3] MIRKO.POZEN: Début du Téléchargement de: D:\kerberos.htx\Hard Disk Sentinel\fi.chm
[19:55:34] - [2] MIRKO.POZEN: Début du Téléchargement de: D:\kerberos.htx\Hard Disk Sentinel\fi.lng
[19:55:34] - [2] MIRKO.POZEN: Fichier envoyé: D:\kerberos.htx\Hard Disk Sentinel\fi.lng (48,84 K/S -   50 016 bytes)
[19:55:34] - [3] MIRKO.POZEN: Fichier envoyé: D:\kerberos.htx\Hard Disk Sentinel\fi.chm (1 528,60 K/S -  1 565 319 bytes)
[19:55:34] - [3] MIRKO.POZEN: Début du Téléchargement de: D:\kerberos.htx\Hard Disk Sentinel\fipro.lng
[19:55:34] - [3] MIRKO.POZEN: Fichier envoyé: D:\kerberos.htx\Hard Disk Sentinel\fipro.lng (8,30 K/S -   8 502 bytes)
[19:55:34] - [2] MIRKO.POZEN: Début du Téléchargement de: D:\kerberos.htx\Hard Disk Sentinel\fnp_act_installer.dll
[19:55:34] - [2] MIRKO.POZEN: Fichier envoyé: D:\kerberos.htx\Hard Disk Sentinel\fnp_act_installer.dll (384,64 K/S -   393 872 bytes)
[19:55:34] - [3] MIRKO.POZEN: Début du Téléchargement de: D:\kerberos.htx\Hard Disk Sentinel\fr.lng
[19:55:34] - [3] MIRKO.POZEN: Fichier envoyé: D:\kerberos.htx\Hard Disk Sentinel\fr.lng (55,00 K/S -   56 316 bytes)
[19:55:34] - [2] MIRKO.POZEN: Début du Téléchargement de: D:\kerberos.htx\Hard Disk Sentinel\frpro.lng
[19:55:34] - [2] MIRKO.POZEN: Fichier envoyé: D:\kerberos.htx\Hard Disk Sentinel\frpro.lng (9,34 K/S -   9 566 bytes)
[19:55:35] - [3] MIRKO.POZEN: Début du Téléchargement de: D:\kerberos.htx\Hard Disk Sentinel\gr.lng
[19:55:35] - [3] MIRKO.POZEN: Fichier envoyé: D:\kerberos.htx\Hard Disk Sentinel\gr.lng (41,76 K/S -   42 761 bytes)
[19:55:35] - [2] MIRKO.POZEN: Début du Téléchargement de: D:\kerberos.htx\Hard Disk Sentinel\grpro.lng
[19:55:35] - [2] MIRKO.POZEN: Fichier envoyé: D:\kerberos.htx\Hard Disk Sentinel\grpro.lng (9,35 K/S -   9 578 bytes)
[19:55:35] - [3] MIRKO.POZEN: Début du Téléchargement de: D:\kerberos.htx\Hard Disk Sentinel\harddisksentinelupdate.exe
[19:55:35] - [2] MIRKO.POZEN: Début du Téléchargement de: D:\kerberos.htx\Hard Disk Sentinel\hdd.jpg
[19:55:35] - [2] MIRKO.POZEN: Fichier envoyé: D:\kerberos.htx\Hard Disk Sentinel\hdd.jpg (10,04 K/S -   10 279 bytes)
[19:55:35] - [2] MIRKO.POZEN: Début du Téléchargement de: D:\kerberos.htx\Hard Disk Sentinel\HDnotify.wav
[19:55:35] - [2] MIRKO.POZEN: Fichier envoyé: D:\kerberos.htx\Hard Disk Sentinel\HDnotify.wav (22,91 K/S -   23 456 bytes)
[19:55:35] - [2] MIRKO.POZEN: Début du Téléchargement de: D:\kerberos.htx\Hard Disk Sentinel\HDSAction.exe
[19:55:35] - [3] MIRKO.POZEN: Fichier envoyé: D:\kerberos.htx\Hard Disk Sentinel\harddisksentinelupdate.exe (281,64 K/S -   288 400 bytes)
[19:55:35] - [3] MIRKO.POZEN: Début du Téléchargement de: D:\kerberos.htx\Hard Disk Sentinel\HDSCtrl.exe
[19:55:35] - [3] MIRKO.POZEN: Fichier envoyé: D:\kerberos.htx\Hard Disk Sentinel\HDSCtrl.exe (236,14 K/S -   241 808 bytes)
[19:55:35] - [2] MIRKO.POZEN: Fichier envoyé: D:\kerberos.htx\Hard Disk Sentinel\HDSAction.exe (736,64 K/S -   754 320 bytes)
[19:55:35] - [2] MIRKO.POZEN: Début du Téléchargement de: D:\kerberos.htx\Hard Disk Sentinel\HDSentinel.exe
[19:55:36] - [3] MIRKO.POZEN: Début du Téléchargement de: D:\kerberos.htx\Hard Disk Sentinel\HDSentinel.exe.BAK
[19:55:37] - [2] MIRKO.POZEN: Fichier envoyé: D:\kerberos.htx\Hard Disk Sentinel\HDSentinel.exe (4 355,64 K/S -  4 460 176 bytes)
[19:55:37] - [2] MIRKO.POZEN: Début du Téléchargement de: D:\kerberos.htx\Hard Disk Sentinel\HDSentinel.hdk
[19:55:37] - [2] MIRKO.POZEN: Fichier envoyé: D:\kerberos.htx\Hard Disk Sentinel\HDSentinel.hdk (0,51 K/S -    520 bytes)
[19:55:37] - [3] MIRKO.POZEN: Fichier envoyé: D:\kerberos.htx\Hard Disk Sentinel\HDSentinel.exe.BAK (4 355,64 K/S -  4 460 176 bytes)
[19:55:37] - [3] MIRKO.POZEN: Début du Téléchargement de: D:\kerberos.htx\Hard Disk Sentinel\HDSentinel.hds
[19:55:37] - [3] MIRKO.POZEN: Fichier envoyé: D:\kerberos.htx\Hard Disk Sentinel\HDSentinel.hds (0,51 K/S -    520 bytes)
[19:55:37] - [2] MIRKO.POZEN: Début du Téléchargement de: D:\kerberos.htx\Hard Disk Sentinel\HDSentinel.ini
[19:55:37] - [2] MIRKO.POZEN: Fichier envoyé: D:\kerberos.htx\Hard Disk Sentinel\HDSentinel.ini (5,17 K/S -   5 290 bytes)
[19:55:37] - [3] MIRKO.POZEN: Début du Téléchargement de: D:\kerberos.htx\Hard Disk Sentinel\HDSentinel.sta
[19:55:37] - [3] MIRKO.POZEN: Fichier envoyé: D:\kerberos.htx\Hard Disk Sentinel\HDSentinel.sta (6,54 K/S -   6 694 bytes)
[19:55:38] - [2] MIRKO.POZEN: Début du Téléchargement de: D:\kerberos.htx\Hard Disk Sentinel\HDSentinel.sys
[19:55:38] - [2] MIRKO.POZEN: Fichier envoyé: D:\kerberos.htx\Hard Disk Sentinel\HDSentinel.sys (9,96 K/S -   10 200 bytes)
[19:55:38] - [3] MIRKO.POZEN: Début du Téléchargement de: D:\kerberos.htx\Hard Disk Sentinel\hdsentinel.vsh
[19:55:38] - [3] MIRKO.POZEN: Fichier envoyé: D:\kerberos.htx\Hard Disk Sentinel\hdsentinel.vsh (8,19 K/S -   8 390 bytes)
[19:55:38] - [2] MIRKO.POZEN: Début du Téléchargement de: D:\kerberos.htx\Hard Disk Sentinel\hdsentinel.vsx
[19:55:38] - [2] MIRKO.POZEN: Fichier envoyé: D:\kerberos.htx\Hard Disk Sentinel\hdsentinel.vsx (0,67 K/S -    686 bytes)
[19:55:38] - [3] MIRKO.POZEN: Début du Téléchargement de: D:\kerberos.htx\Hard Disk Sentinel\HDSentinelTray.exe
[19:55:38] - [3] MIRKO.POZEN: Fichier envoyé: D:\kerberos.htx\Hard Disk Sentinel\HDSentinelTray.exe (264,14 K/S -   270 480 bytes)
[19:55:38] - [2] MIRKO.POZEN: Début du Téléchargement de: D:\kerberos.htx\Hard Disk Sentinel\HDsirena.mp3
[19:55:38] - [2] MIRKO.POZEN: Fichier envoyé: D:\kerberos.htx\Hard Disk Sentinel\HDsirena.mp3 (57,68 K/S -   59 066 bytes)
[19:55:38] - [3] MIRKO.POZEN: Début du Téléchargement de: D:\kerberos.htx\Hard Disk Sentinel\hdsversion.txt
[19:55:38] - [3] MIRKO.POZEN: Fichier envoyé: D:\kerberos.htx\Hard Disk Sentinel\hdsversion.txt (0,01 K/S -    11 bytes)
[19:55:38] - [2] MIRKO.POZEN: Début du Téléchargement de: D:\kerberos.htx\Hard Disk Sentinel\hds_eula_en.txt
[19:55:38] - [2] MIRKO.POZEN: Fichier envoyé: D:\kerberos.htx\Hard Disk Sentinel\hds_eula_en.txt (11,25 K/S -   11 521 bytes)
[19:55:38] - [3] MIRKO.POZEN: Début du Téléchargement de: D:\kerberos.htx\Hard Disk Sentinel\hds_eula_hu.txt
[19:55:38] - [3] MIRKO.POZEN: Fichier envoyé: D:\kerberos.htx\Hard Disk Sentinel\hds_eula_hu.txt (9,86 K/S -   10 097 bytes)
[19:55:38] - [2] MIRKO.POZEN: Début du Téléchargement de: D:\kerberos.htx\Hard Disk Sentinel\hu.chm
[19:55:38] - [3] MIRKO.POZEN: Début du Téléchargement de: D:\kerberos.htx\Hard Disk Sentinel\hu.lng
[19:55:39] - [3] MIRKO.POZEN: Fichier envoyé: D:\kerberos.htx\Hard Disk Sentinel\hu.lng (50,08 K/S -   51 281 bytes)
[19:55:39] - [3] MIRKO.POZEN: Début du Téléchargement de: D:\kerberos.htx\Hard Disk Sentinel\hupro.lng
[19:55:39] - [3] MIRKO.POZEN: Fichier envoyé: D:\kerberos.htx\Hard Disk Sentinel\hupro.lng (8,42 K/S -   8 623 bytes)
[19:55:39] - [2] MIRKO.POZEN: Fichier envoyé: D:\kerberos.htx\Hard Disk Sentinel\hu.chm (1 501,30 K/S -  1 537 327 bytes)
[19:55:39] - [2] MIRKO.POZEN: Début du Téléchargement de: D:\kerberos.htx\Hard Disk Sentinel\id.lng
[19:55:39] - [2] MIRKO.POZEN: Fichier envoyé: D:\kerberos.htx\Hard Disk Sentinel\id.lng (49,77 K/S -   50 968 bytes)
[19:55:39] - [3] MIRKO.POZEN: Début du Téléchargement de: D:\kerberos.htx\Hard Disk Sentinel\idpro.lng
[19:55:39] - [3] MIRKO.POZEN: Fichier envoyé: D:\kerberos.htx\Hard Disk Sentinel\idpro.lng (8,53 K/S -   8 738 bytes)
[19:55:39] - [2] MIRKO.POZEN: Début du Téléchargement de: D:\kerberos.htx\Hard Disk Sentinel\it.chm
[19:55:39] - [3] MIRKO.POZEN: Début du Téléchargement de: D:\kerberos.htx\Hard Disk Sentinel\it.lng
[19:55:39] - [3] MIRKO.POZEN: Fichier envoyé: D:\kerberos.htx\Hard Disk Sentinel\it.lng (51,54 K/S -   52 774 bytes)
[19:55:39] - [3] MIRKO.POZEN: Début du Téléchargement de: D:\kerberos.htx\Hard Disk Sentinel\itpro.lng
[19:55:39] - [3] MIRKO.POZEN: Fichier envoyé: D:\kerberos.htx\Hard Disk Sentinel\itpro.lng (8,74 K/S -   8 951 bytes)
[19:55:39] - [2] MIRKO.POZEN: Fichier envoyé: D:\kerberos.htx\Hard Disk Sentinel\it.chm (1 451,49 K/S -  1 486 326 bytes)
[19:55:39] - [2] MIRKO.POZEN: Début du Téléchargement de: D:\kerberos.htx\Hard Disk Sentinel\jp.lng
[19:55:39] - [2] MIRKO.POZEN: Fichier envoyé: D:\kerberos.htx\Hard Disk Sentinel\jp.lng (46,25 K/S -   47 355 bytes)
[19:55:40] - [3] MIRKO.POZEN: Début du Téléchargement de: D:\kerberos.htx\Hard Disk Sentinel\jppro.lng
[19:55:40] - [3] MIRKO.POZEN: Fichier envoyé: D:\kerberos.htx\Hard Disk Sentinel\jppro.lng (8,04 K/S -   8 237 bytes)
[19:55:40] - [2] MIRKO.POZEN: Début du Téléchargement de: D:\kerberos.htx\Hard Disk Sentinel\libeay32.dll
[19:55:40] - [3] MIRKO.POZEN: Début du Téléchargement de: D:\kerberos.htx\Hard Disk Sentinel\libxml2.dll
[19:55:40] - [3] MIRKO.POZEN: Fichier envoyé: D:\kerberos.htx\Hard Disk Sentinel\libxml2.dll (227,64 K/S -   233 104 bytes)
[19:55:40] - [2] MIRKO.POZEN: Fichier envoyé: D:\kerberos.htx\Hard Disk Sentinel\libeay32.dll (1 516,70 K/S -  1 553 072 bytes)
[19:55:40] - [2] MIRKO.POZEN: Début du Téléchargement de: D:\kerberos.htx\Hard Disk Sentinel\log.txt
[19:55:40] - [2] MIRKO.POZEN: Fichier envoyé: D:\kerberos.htx\Hard Disk Sentinel\log.txt (27,33 K/S -   27 981 bytes)
[19:55:40] - [3] MIRKO.POZEN: Début du Téléchargement de: D:\kerberos.htx\Hard Disk Sentinel\mk.lng
[19:55:40] - [3] MIRKO.POZEN: Fichier envoyé: D:\kerberos.htx\Hard Disk Sentinel\mk.lng (51,87 K/S -   53 112 bytes)
[19:55:40] - [2] MIRKO.POZEN: Début du Téléchargement de: D:\kerberos.htx\Hard Disk Sentinel\mkpro.lng
[19:55:40] - [2] MIRKO.POZEN: Fichier envoyé: D:\kerberos.htx\Hard Disk Sentinel\mkpro.lng (8,76 K/S -   8 971 bytes)
[19:55:40] - [3] MIRKO.POZEN: Début du Téléchargement de: D:\kerberos.htx\Hard Disk Sentinel\pl.chm
[19:55:40] - [2] MIRKO.POZEN: Début du Téléchargement de: D:\kerberos.htx\Hard Disk Sentinel\pl.lng
[19:55:40] - [2] MIRKO.POZEN: Fichier envoyé: D:\kerberos.htx\Hard Disk Sentinel\pl.lng (51,94 K/S -   53 184 bytes)
[19:55:41] - [3] MIRKO.POZEN: Fichier envoyé: D:\kerberos.htx\Hard Disk Sentinel\pl.chm (1 134,16 K/S -  1 161 383 bytes)
[19:55:41] - [3] MIRKO.POZEN: Début du Téléchargement de: D:\kerberos.htx\Hard Disk Sentinel\plpro.lng
[19:55:41] - [3] MIRKO.POZEN: Fichier envoyé: D:\kerberos.htx\Hard Disk Sentinel\plpro.lng (8,65 K/S -   8 857 bytes)
[19:55:41] - [2] MIRKO.POZEN: Début du Téléchargement de: D:\kerberos.htx\Hard Disk Sentinel\prdecode.dll
[19:55:41] - [2] MIRKO.POZEN: Fichier envoyé: D:\kerberos.htx\Hard Disk Sentinel\prdecode.dll (53,64 K/S -   54 928 bytes)
[19:55:41] - [3] MIRKO.POZEN: Début du Téléchargement de: D:\kerberos.htx\Hard Disk Sentinel\prerrlog.dll
[19:55:41] - [3] MIRKO.POZEN: Fichier envoyé: D:\kerberos.htx\Hard Disk Sentinel\prerrlog.dll (39,14 K/S -   40 080 bytes)
[19:55:41] - [2] MIRKO.POZEN: Début du Téléchargement de: D:\kerberos.htx\Hard Disk Sentinel\pri2plgnnapa.dll
[19:55:41] - [2] MIRKO.POZEN: Fichier envoyé: D:\kerberos.htx\Hard Disk Sentinel\pri2plgnnapa.dll (91,64 K/S -   93 840 bytes)
[19:55:41] - [3] MIRKO.POZEN: Début du Téléchargement de: D:\kerberos.htx\Hard Disk Sentinel\ptbr.lng
[19:55:41] - [3] MIRKO.POZEN: Fichier envoyé: D:\kerberos.htx\Hard Disk Sentinel\ptbr.lng (51,75 K/S -   52 990 bytes)
[19:55:41] - [2] MIRKO.POZEN: Début du Téléchargement de: D:\kerberos.htx\Hard Disk Sentinel\ptbrpro.lng
[19:55:41] - [2] MIRKO.POZEN: Fichier envoyé: D:\kerberos.htx\Hard Disk Sentinel\ptbrpro.lng (8,72 K/S -   8 925 bytes)
[19:55:41] - [3] MIRKO.POZEN: Début du Téléchargement de: D:\kerberos.htx\Hard Disk Sentinel\removehds7.vbs
[19:55:41] - [3] MIRKO.POZEN: Fichier envoyé: D:\kerberos.htx\Hard Disk Sentinel\removehds7.vbs (0,50 K/S -    512 bytes)
[19:55:41] - [2] MIRKO.POZEN: Début du Téléchargement de: D:\kerberos.htx\Hard Disk Sentinel\ro.lng
[19:55:41] - [2] MIRKO.POZEN: Fichier envoyé: D:\kerberos.htx\Hard Disk Sentinel\ro.lng (45,47 K/S -   46 565 bytes)
[19:55:41] - [3] MIRKO.POZEN: Début du Téléchargement de: D:\kerberos.htx\Hard Disk Sentinel\ropro.lng
[19:55:41] - [3] MIRKO.POZEN: Fichier envoyé: D:\kerberos.htx\Hard Disk Sentinel\ropro.lng (8,02 K/S -   8 217 bytes)
[19:55:42] - [2] MIRKO.POZEN: Début du Téléchargement de: D:\kerberos.htx\Hard Disk Sentinel\ru.chm
[19:55:42] - [3] MIRKO.POZEN: Début du Téléchargement de: D:\kerberos.htx\Hard Disk Sentinel\ru.lng
[19:55:42] - [3] MIRKO.POZEN: Fichier envoyé: D:\kerberos.htx\Hard Disk Sentinel\ru.lng (48,95 K/S -   50 125 bytes)
[19:55:42] - [3] MIRKO.POZEN: Début du Téléchargement de: D:\kerberos.htx\Hard Disk Sentinel\rupro.lng
[19:55:42] - [3] MIRKO.POZEN: Fichier envoyé: D:\kerberos.htx\Hard Disk Sentinel\rupro.lng (7,78 K/S -   7 963 bytes)
[19:55:42] - [2] MIRKO.POZEN: Fichier envoyé: D:\kerberos.htx\Hard Disk Sentinel\ru.chm (1 534,30 K/S -  1 571 111 bytes)
[19:55:42] - [2] MIRKO.POZEN: Début du Téléchargement de: D:\kerberos.htx\Hard Disk Sentinel\sk.lng
[19:55:42] - [2] MIRKO.POZEN: Fichier envoyé: D:\kerberos.htx\Hard Disk Sentinel\sk.lng (47,54 K/S -   48 678 bytes)
[19:55:42] - [3] MIRKO.POZEN: Début du Téléchargement de: D:\kerberos.htx\Hard Disk Sentinel\skpro.lng
[19:55:42] - [3] MIRKO.POZEN: Fichier envoyé: D:\kerberos.htx\Hard Disk Sentinel\skpro.lng (8,25 K/S -   8 445 bytes)
[19:55:42] - [2] MIRKO.POZEN: Début du Téléchargement de: D:\kerberos.htx\Hard Disk Sentinel\sp.lng
[19:55:42] - [3] MIRKO.POZEN: Début du Téléchargement de: D:\kerberos.htx\Hard Disk Sentinel\ssleay32.dll
[19:55:42] - [2] MIRKO.POZEN: Fichier envoyé: D:\kerberos.htx\Hard Disk Sentinel\sp.lng (11,83 K/S -   12 109 bytes)
[19:55:43] - [3] MIRKO.POZEN: Fichier envoyé: D:\kerberos.htx\Hard Disk Sentinel\ssleay32.dll (330,61 K/S -   338 544 bytes)
[19:55:43] - [2] MIRKO.POZEN: Début du Téléchargement de: D:\kerberos.htx\Hard Disk Sentinel\Status.icd
[19:55:43] - [3] MIRKO.POZEN: Début du Téléchargement de: D:\kerberos.htx\Hard Disk Sentinel\Statusb.icd
[19:55:43] - [2] MIRKO.POZEN: Fichier envoyé: D:\kerberos.htx\Hard Disk Sentinel\Status.icd (253,15 K/S -   259 224 bytes)
[19:55:43] - [3] MIRKO.POZEN: Fichier envoyé: D:\kerberos.htx\Hard Disk Sentinel\Statusb.icd (253,15 K/S -   259 224 bytes)
[19:55:43] - [2] MIRKO.POZEN: Début du Téléchargement de: D:\kerberos.htx\Hard Disk Sentinel\Statusg.icd
[19:55:43] - [3] MIRKO.POZEN: Début du Téléchargement de: D:\kerberos.htx\Hard Disk Sentinel\Statusn.icd
[19:55:43] - [2] MIRKO.POZEN: Fichier envoyé: D:\kerberos.htx\Hard Disk Sentinel\Statusg.icd (253,15 K/S -   259 224 bytes)
[19:55:43] - [3] MIRKO.POZEN: Fichier envoyé: D:\kerberos.htx\Hard Disk Sentinel\Statusn.icd (253,15 K/S -   259 224 bytes)
[19:55:43] - [2] MIRKO.POZEN: Début du Téléchargement de: D:\kerberos.htx\Hard Disk Sentinel\Statusw.icd
[19:55:43] - [3] MIRKO.POZEN: Début du Téléchargement de: D:\kerberos.htx\Hard Disk Sentinel\Storagetest.dll
[19:55:43] - [2] MIRKO.POZEN: Fichier envoyé: D:\kerberos.htx\Hard Disk Sentinel\Statusw.icd (253,15 K/S -   259 224 bytes)
[19:55:43] - [2] MIRKO.POZEN: Début du Téléchargement de: D:\kerberos.htx\Hard Disk Sentinel\storarc.dll
[19:55:43] - [3] MIRKO.POZEN: Fichier envoyé: D:\kerberos.htx\Hard Disk Sentinel\Storagetest.dll (730,14 K/S -   747 664 bytes)
[19:55:43] - [3] MIRKO.POZEN: Début du Téléchargement de: D:\kerberos.htx\Hard Disk Sentinel\storectrl.dll
[19:55:44] - [3] MIRKO.POZEN: Fichier envoyé: D:\kerberos.htx\Hard Disk Sentinel\storectrl.dll (283,14 K/S -   289 936 bytes)
[19:55:44] - [3] MIRKO.POZEN: Début du Téléchargement de: D:\kerberos.htx\Hard Disk Sentinel\storelib.dll
[19:55:44] - [3] MIRKO.POZEN: Fichier envoyé: D:\kerberos.htx\Hard Disk Sentinel\storelib.dll (275,14 K/S -   281 744 bytes)
[19:55:44] - [3] MIRKO.POZEN: Début du Téléchargement de: D:\kerberos.htx\Hard Disk Sentinel\storelib2.dlz
[19:55:44] - [2] MIRKO.POZEN: Fichier envoyé: D:\kerberos.htx\Hard Disk Sentinel\storarc.dll (1 134,10 K/S -  1 161 360 bytes)
[19:55:44] - [2] MIRKO.POZEN: Début du Téléchargement de: D:\kerberos.htx\Hard Disk Sentinel\storelibir-2.dll
[19:55:44] - [2] MIRKO.POZEN: Fichier envoyé: D:\kerberos.htx\Hard Disk Sentinel\storelibir-2.dll (162,08 K/S -   165 968 bytes)
[19:55:44] - [3] MIRKO.POZEN: Fichier envoyé: D:\kerberos.htx\Hard Disk Sentinel\storelib2.dlz (868,31 K/S -   889 148 bytes)
[19:55:44] - [3] MIRKO.POZEN: Début du Téléchargement de: D:\kerberos.htx\Hard Disk Sentinel\storelibir.dll
[19:55:44] - [2] MIRKO.POZEN: Début du Téléchargement de: D:\kerberos.htx\Hard Disk Sentinel\sw.lng
[19:55:45] - [2] MIRKO.POZEN: Fichier envoyé: D:\kerberos.htx\Hard Disk Sentinel\sw.lng (47,14 K/S -   48 274 bytes)
[19:55:45] - [3] MIRKO.POZEN: Fichier envoyé: D:\kerberos.htx\Hard Disk Sentinel\storelibir.dll (156,08 K/S -   159 824 bytes)
[19:55:45] - [3] MIRKO.POZEN: Début du Téléchargement de: D:\kerberos.htx\Hard Disk Sentinel\swpro.lng
[19:55:45] - [3] MIRKO.POZEN: Fichier envoyé: D:\kerberos.htx\Hard Disk Sentinel\swpro.lng (7,57 K/S -   7 753 bytes)
[19:55:45] - [2] MIRKO.POZEN: Début du Téléchargement de: D:\kerberos.htx\Hard Disk Sentinel\tr.lng
[19:55:45] - [2] MIRKO.POZEN: Fichier envoyé: D:\kerberos.htx\Hard Disk Sentinel\tr.lng (30,05 K/S -   30 775 bytes)
[19:55:45] - [3] MIRKO.POZEN: Début du Téléchargement de: D:\kerberos.htx\Hard Disk Sentinel\trpro.lng
[19:55:45] - [3] MIRKO.POZEN: Fichier envoyé: D:\kerberos.htx\Hard Disk Sentinel\trpro.lng (8,26 K/S -   8 455 bytes)
[19:55:45] - [2] MIRKO.POZEN: Début du Téléchargement de: D:\kerberos.htx\Hard Disk Sentinel\tw.lng
[19:55:45] - [2] MIRKO.POZEN: Fichier envoyé: D:\kerberos.htx\Hard Disk Sentinel\tw.lng (30,30 K/S -   31 032 bytes)
[19:55:45] - [3] MIRKO.POZEN: Début du Téléchargement de: D:\kerberos.htx\Hard Disk Sentinel\twpro.lng
[19:55:45] - [3] MIRKO.POZEN: Fichier envoyé: D:\kerberos.htx\Hard Disk Sentinel\twpro.lng (4,91 K/S -   5 024 bytes)
[19:55:45] - [2] MIRKO.POZEN: Début du Téléchargement de: D:\kerberos.htx\Hard Disk Sentinel\uk.lng
[19:55:45] - [2] MIRKO.POZEN: Fichier envoyé: D:\kerberos.htx\Hard Disk Sentinel\uk.lng (48,89 K/S -   50 059 bytes)
[19:55:45] - [3] MIRKO.POZEN: Début du Téléchargement de: D:\kerberos.htx\Hard Disk Sentinel\ukpro.lng
[19:55:45] - [3] MIRKO.POZEN: Fichier envoyé: D:\kerberos.htx\Hard Disk Sentinel\ukpro.lng (8,12 K/S -   8 316 bytes)
[19:55:45] - [2] MIRKO.POZEN: Début du Téléchargement de: D:\kerberos.htx\Hard Disk Sentinel\unins000.dat
[19:55:45] - [2] MIRKO.POZEN: Fichier envoyé: D:\kerberos.htx\Hard Disk Sentinel\unins000.dat (12,58 K/S -   12 883 bytes)
[19:55:46] - [3] MIRKO.POZEN: Début du Téléchargement de: D:\kerberos.htx\Hard Disk Sentinel\unins000.exe
[19:55:46] - [2] MIRKO.POZEN: Début du Téléchargement de: D:\kerberos.htx\Hard Disk Sentinel\Vista_Status.icd
[19:55:46] - [2] MIRKO.POZEN: Fichier envoyé: D:\kerberos.htx\Hard Disk Sentinel\Vista_Status.icd (254,65 K/S -   260 760 bytes)
[19:55:46] - [2] MIRKO.POZEN: Début du Téléchargement de: D:\kerberos.htx\Hard Disk Sentinel\Vista_Statusb.icd
[19:55:46] - [2] MIRKO.POZEN: Fichier envoyé: D:\kerberos.htx\Hard Disk Sentinel\Vista_Statusb.icd (254,65 K/S -   260 760 bytes)
[19:55:46] - [2] MIRKO.POZEN: Début du Téléchargement de: D:\kerberos.htx\Hard Disk Sentinel\Vista_Statusg.icd
[19:55:46] - [2] MIRKO.POZEN: Fichier envoyé: D:\kerberos.htx\Hard Disk Sentinel\Vista_Statusg.icd (254,65 K/S -   260 760 bytes)
[19:55:46] - [2] MIRKO.POZEN: Début du Téléchargement de: D:\kerberos.htx\Hard Disk Sentinel\Vista_Statusn.icd
[19:55:46] - [2] MIRKO.POZEN: Fichier envoyé: D:\kerberos.htx\Hard Disk Sentinel\Vista_Statusn.icd (254,65 K/S -   260 760 bytes)
[19:55:46] - [2] MIRKO.POZEN: Début du Téléchargement de: D:\kerberos.htx\Hard Disk Sentinel\Vista_Statusw.icd
[19:55:47] - [3] MIRKO.POZEN: Fichier envoyé: D:\kerberos.htx\Hard Disk Sentinel\unins000.exe (680,95 K/S -   697 296 bytes)
[19:55:47] - [2] MIRKO.POZEN: Fichier envoyé: D:\kerberos.htx\Hard Disk Sentinel\Vista_Statusw.icd (254,65 K/S -   260 760 bytes)
[19:55:47] - [3] MIRKO.POZEN: Début du Téléchargement de: D:\kerberos.htx\Hard Disk Sentinel\winsched.txt
[19:55:47] - [3] MIRKO.POZEN: Fichier envoyé: D:\kerberos.htx\Hard Disk Sentinel\winsched.txt (27,61 K/S -   28 277 bytes)
[19:56:18] - [3] Client 192.168.0.42 Déconnecté (00:00:48 Min)
[19:56:18] - [2] Client 192.168.0.42 Déconnecté (00:02:07 Min)
[20:03:27] - [1] MIRKO.POZEN: Répertoire en Cours: D:\kerberos.htx\
[20:03:27] - [1] MIRKO.POZEN: Répertoire en Cours: D:\kerberos.htx\iso wk7\
[20:03:35] - [1] MIRKO.POZEN: Répertoire en Cours: D:\kerberos.htx\
[20:03:35] - [1] MIRKO.POZEN: Répertoire en Cours: D:\kerberos.htx\last dow\
[20:03:44] - [1] MIRKO.POZEN: Répertoire en Cours: D:\kerberos.htx\
[20:03:44] - [1] MIRKO.POZEN: Répertoire en Cours: D:\kerberos.htx\pc dell\
[20:04:01] - [1] MIRKO.POZEN: Répertoire en Cours: D:\kerberos.htx\
[20:04:01] - [1] MIRKO.POZEN: Répertoire en Cours: D:\kerberos.htx\progz\
[20:04:08] - [1] MIRKO.POZEN: Répertoire en Cours: D:\kerberos.htx\
[20:04:08] - [1] MIRKO.POZEN: Répertoire en Cours: D:\kerberos.htx\a trier\
[20:04:19] - [1] MIRKO.POZEN: Répertoire en Cours: D:\kerberos.htx\a trier\office 2017\
[20:04:23] - [1] MIRKO.POZEN: Répertoire en Cours: D:\kerberos.htx\a trier\office 2017\office 2007 free\
[20:04:29] - [1] MIRKO.POZEN: Répertoire en Cours: D:\kerberos.htx\a trier\office 2017\office 2007 free\Microsoft.Office.Professional.2007.FR.By Gervais\
[20:04:40] - [1] MIRKO.POZEN: Répertoire en Cours: D:\kerberos.htx\a trier\office 2017\office 2007 free\Microsoft.Office.Professional.2007.FR.By Gervais\WORD.FR-FR\
[20:04:40] - [1] MIRKO.POZEN: Répertoire en Cours: D:\kerberos.htx\a trier\office 2017\office 2007 free\Microsoft.Office.Professional.2007.FR.By Gervais\
[20:04:41] - [1] MIRKO.POZEN: Répertoire en Cours: D:\kerberos.htx\a trier\office 2017\office 2007 free\Microsoft.Office.Professional.2007.FR.By Gervais\UPDATES\
[20:04:41] - [1] MIRKO.POZEN: Répertoire en Cours: D:\kerberos.htx\a trier\office 2017\office 2007 free\Microsoft.Office.Professional.2007.FR.By Gervais\
[20:04:41] - [1] MIRKO.POZEN: Répertoire en Cours: D:\kerberos.htx\a trier\office 2017\office 2007 free\Microsoft.Office.Professional.2007.FR.By Gervais\ROSEBUD.FR-FR\
[20:04:41] - [1] MIRKO.POZEN: Répertoire en Cours: D:\kerberos.htx\a trier\office 2017\office 2007 free\Microsoft.Office.Professional.2007.FR.By Gervais\
[20:04:41] - [1] MIRKO.POZEN: Répertoire en Cours: D:\kerberos.htx\a trier\office 2017\office 2007 free\Microsoft.Office.Professional.2007.FR.By Gervais\PUBLISHER.FR-FR\
[20:04:41] - [1] MIRKO.POZEN: Répertoire en Cours: D:\kerberos.htx\a trier\office 2017\office 2007 free\Microsoft.Office.Professional.2007.FR.By Gervais\
[20:04:41] - [1] MIRKO.POZEN: Répertoire en Cours: D:\kerberos.htx\a trier\office 2017\office 2007 free\Microsoft.Office.Professional.2007.FR.By Gervais\PROPLUS.WW\
[20:04:42] - [1] MIRKO.POZEN: Répertoire en Cours: D:\kerberos.htx\a trier\office 2017\office 2007 free\Microsoft.Office.Professional.2007.FR.By Gervais\
[20:04:42] - [1] MIRKO.POZEN: Répertoire en Cours: D:\kerberos.htx\a trier\office 2017\office 2007 free\Microsoft.Office.Professional.2007.FR.By Gervais\PROOFING.FR-FR\
[20:04:42] - [1] MIRKO.POZEN: Répertoire en Cours: D:\kerberos.htx\a trier\office 2017\office 2007 free\Microsoft.Office.Professional.2007.FR.By Gervais\PROOFING.FR-FR\PROOF.NL\
[20:04:42] - [1] MIRKO.POZEN: Répertoire en Cours: D:\kerberos.htx\a trier\office 2017\office 2007 free\Microsoft.Office.Professional.2007.FR.By Gervais\PROOFING.FR-FR\
[20:04:42] - [1] MIRKO.POZEN: Répertoire en Cours: D:\kerberos.htx\a trier\office 2017\office 2007 free\Microsoft.Office.Professional.2007.FR.By Gervais\PROOFING.FR-FR\PROOF.FR\
[20:04:42] - [1] MIRKO.POZEN: Répertoire en Cours: D:\kerberos.htx\a trier\office 2017\office 2007 free\Microsoft.Office.Professional.2007.FR.By Gervais\PROOFING.FR-FR\
[20:04:42] - [1] MIRKO.POZEN: Répertoire en Cours: D:\kerberos.htx\a trier\office 2017\office 2007 free\Microsoft.Office.Professional.2007.FR.By Gervais\PROOFING.FR-FR\PROOF.ES\
[20:04:43] - [1] MIRKO.POZEN: Répertoire en Cours: D:\kerberos.htx\a trier\office 2017\office 2007 free\Microsoft.Office.Professional.2007.FR.By Gervais\PROOFING.FR-FR\
[20:04:43] - [1] MIRKO.POZEN: Répertoire en Cours: D:\kerberos.htx\a trier\office 2017\office 2007 free\Microsoft.Office.Professional.2007.FR.By Gervais\PROOFING.FR-FR\PROOF.EN\
[20:04:43] - [1] MIRKO.POZEN: Répertoire en Cours: D:\kerberos.htx\a trier\office 2017\office 2007 free\Microsoft.Office.Professional.2007.FR.By Gervais\PROOFING.FR-FR\
[20:04:43] - [1] MIRKO.POZEN: Répertoire en Cours: D:\kerberos.htx\a trier\office 2017\office 2007 free\Microsoft.Office.Professional.2007.FR.By Gervais\PROOFING.FR-FR\PROOF.DE\
[20:04:43] - [1] MIRKO.POZEN: Répertoire en Cours: D:\kerberos.htx\a trier\office 2017\office 2007 free\Microsoft.Office.Professional.2007.FR.By Gervais\PROOFING.FR-FR\
[20:04:43] - [1] MIRKO.POZEN: Répertoire en Cours: D:\kerberos.htx\a trier\office 2017\office 2007 free\Microsoft.Office.Professional.2007.FR.By Gervais\PROOFING.FR-FR\PROOF.AR\
[20:04:44] - [1] MIRKO.POZEN: Répertoire en Cours: D:\kerberos.htx\a trier\office 2017\office 2007 free\Microsoft.Office.Professional.2007.FR.By Gervais\
[20:04:44] - [1] MIRKO.POZEN: Répertoire en Cours: D:\kerberos.htx\a trier\office 2017\office 2007 free\Microsoft.Office.Professional.2007.FR.By Gervais\POWERPOINT.FR-FR\
[20:04:44] - [1] MIRKO.POZEN: Répertoire en Cours: D:\kerberos.htx\a trier\office 2017\office 2007 free\Microsoft.Office.Professional.2007.FR.By Gervais\
[20:04:44] - [1] MIRKO.POZEN: Répertoire en Cours: D:\kerberos.htx\a trier\office 2017\office 2007 free\Microsoft.Office.Professional.2007.FR.By Gervais\OUTLOOK.FR-FR\
[20:04:44] - [1] MIRKO.POZEN: Répertoire en Cours: D:\kerberos.htx\a trier\office 2017\office 2007 free\Microsoft.Office.Professional.2007.FR.By Gervais\
[20:04:44] - [1] MIRKO.POZEN: Répertoire en Cours: D:\kerberos.htx\a trier\office 2017\office 2007 free\Microsoft.Office.Professional.2007.FR.By Gervais\OFFICE64.FR-FR\
[20:04:44] - [1] MIRKO.POZEN: Répertoire en Cours: D:\kerberos.htx\a trier\office 2017\office 2007 free\Microsoft.Office.Professional.2007.FR.By Gervais\OFFICE64.FR-FR\INFOPATH.FR-FR\
[20:04:45] - [1] MIRKO.POZEN: Répertoire en Cours: D:\kerberos.htx\a trier\office 2017\office 2007 free\Microsoft.Office.Professional.2007.FR.By Gervais\
[20:04:45] - [1] MIRKO.POZEN: Répertoire en Cours: D:\kerberos.htx\a trier\office 2017\office 2007 free\Microsoft.Office.Professional.2007.FR.By Gervais\OFFICE.FR-FR\
[20:04:45] - [1] MIRKO.POZEN: Répertoire en Cours: D:\kerberos.htx\a trier\office 2017\office 2007 free\Microsoft.Office.Professional.2007.FR.By Gervais\OFFICE.FR-FR\1036\
[20:04:45] - [1] MIRKO.POZEN: Répertoire en Cours: D:\kerberos.htx\a trier\office 2017\office 2007 free\Microsoft.Office.Professional.2007.FR.By Gervais\
[20:04:45] - [1] MIRKO.POZEN: Répertoire en Cours: D:\kerberos.htx\a trier\office 2017\office 2007 free\Microsoft.Office.Professional.2007.FR.By Gervais\INFOPATH.FR-FR\
[20:04:46] - [1] MIRKO.POZEN: Répertoire en Cours: D:\kerberos.htx\a trier\office 2017\office 2007 free\Microsoft.Office.Professional.2007.FR.By Gervais\
[20:04:46] - [1] MIRKO.POZEN: Répertoire en Cours: D:\kerberos.htx\a trier\office 2017\office 2007 free\Microsoft.Office.Professional.2007.FR.By Gervais\EXCEL.FR-FR\
[20:04:46] - [1] MIRKO.POZEN: Répertoire en Cours: D:\kerberos.htx\a trier\office 2017\office 2007 free\Microsoft.Office.Professional.2007.FR.By Gervais\
[20:04:46] - [1] MIRKO.POZEN: Répertoire en Cours: D:\kerberos.htx\a trier\office 2017\office 2007 free\Microsoft.Office.Professional.2007.FR.By Gervais\CATALOG\
[20:04:46] - [1] MIRKO.POZEN: Répertoire en Cours: D:\kerberos.htx\a trier\office 2017\office 2007 free\Microsoft.Office.Professional.2007.FR.By Gervais\
[20:04:46] - [1] MIRKO.POZEN: Répertoire en Cours: D:\kerberos.htx\a trier\office 2017\office 2007 free\Microsoft.Office.Professional.2007.FR.By Gervais\ADMIN\
[20:04:46] - [1] MIRKO.POZEN: Répertoire en Cours: D:\kerberos.htx\a trier\office 2017\office 2007 free\Microsoft.Office.Professional.2007.FR.By Gervais\ADMIN\ZH-TW\
[20:04:47] - [1] MIRKO.POZEN: Répertoire en Cours: D:\kerberos.htx\a trier\office 2017\office 2007 free\Microsoft.Office.Professional.2007.FR.By Gervais\ADMIN\
[20:04:47] - [1] MIRKO.POZEN: Répertoire en Cours: D:\kerberos.htx\a trier\office 2017\office 2007 free\Microsoft.Office.Professional.2007.FR.By Gervais\ADMIN\ZH-CN\
[20:04:47] - [1] MIRKO.POZEN: Répertoire en Cours: D:\kerberos.htx\a trier\office 2017\office 2007 free\Microsoft.Office.Professional.2007.FR.By Gervais\ADMIN\
[20:04:47] - [1] MIRKO.POZEN: Répertoire en Cours: D:\kerberos.htx\a trier\office 2017\office 2007 free\Microsoft.Office.Professional.2007.FR.By Gervais\ADMIN\KO-KR\
[20:04:47] - [1] MIRKO.POZEN: Répertoire en Cours: D:\kerberos.htx\a trier\office 2017\office 2007 free\Microsoft.Office.Professional.2007.FR.By Gervais\ADMIN\
[20:04:47] - [1] MIRKO.POZEN: Répertoire en Cours: D:\kerberos.htx\a trier\office 2017\office 2007 free\Microsoft.Office.Professional.2007.FR.By Gervais\ADMIN\JA-JP\
[20:04:48] - [1] MIRKO.POZEN: Répertoire en Cours: D:\kerberos.htx\a trier\office 2017\office 2007 free\Microsoft.Office.Professional.2007.FR.By Gervais\ADMIN\
[20:04:48] - [1] MIRKO.POZEN: Répertoire en Cours: D:\kerberos.htx\a trier\office 2017\office 2007 free\Microsoft.Office.Professional.2007.FR.By Gervais\ADMIN\IT-IT\
[20:04:48] - [1] MIRKO.POZEN: Répertoire en Cours: D:\kerberos.htx\a trier\office 2017\office 2007 free\Microsoft.Office.Professional.2007.FR.By Gervais\ADMIN\
[20:04:48] - [1] MIRKO.POZEN: Répertoire en Cours: D:\kerberos.htx\a trier\office 2017\office 2007 free\Microsoft.Office.Professional.2007.FR.By Gervais\ADMIN\FR-FR\
[20:04:48] - [1] MIRKO.POZEN: Répertoire en Cours: D:\kerberos.htx\a trier\office 2017\office 2007 free\Microsoft.Office.Professional.2007.FR.By Gervais\ADMIN\
[20:04:48] - [1] MIRKO.POZEN: Répertoire en Cours: D:\kerberos.htx\a trier\office 2017\office 2007 free\Microsoft.Office.Professional.2007.FR.By Gervais\ADMIN\ES-ES\
[20:04:49] - [1] MIRKO.POZEN: Répertoire en Cours: D:\kerberos.htx\a trier\office 2017\office 2007 free\Microsoft.Office.Professional.2007.FR.By Gervais\ADMIN\
[20:04:49] - [1] MIRKO.POZEN: Répertoire en Cours: D:\kerberos.htx\a trier\office 2017\office 2007 free\Microsoft.Office.Professional.2007.FR.By Gervais\ADMIN\EN-US\
[20:04:49] - [1] MIRKO.POZEN: Répertoire en Cours: D:\kerberos.htx\a trier\office 2017\office 2007 free\Microsoft.Office.Professional.2007.FR.By Gervais\ADMIN\
[20:04:49] - [1] MIRKO.POZEN: Répertoire en Cours: D:\kerberos.htx\a trier\office 2017\office 2007 free\Microsoft.Office.Professional.2007.FR.By Gervais\ADMIN\DE-DE\
[20:04:49] - [1] MIRKO.POZEN: Répertoire en Cours: D:\kerberos.htx\a trier\office 2017\office 2007 free\Microsoft.Office.Professional.2007.FR.By Gervais\
[20:04:49] - [1] MIRKO.POZEN: Répertoire en Cours: D:\kerberos.htx\a trier\office 2017\office 2007 free\Microsoft.Office.Professional.2007.FR.By Gervais\ACCESS.FR-FR\
[20:04:49] - [4] Connecté à 192.168.0.42. Collecte du Nom d'utilisateur.
[20:04:49] - [5] Connecté à 192.168.0.42. Collecte du Nom d'utilisateur.
[20:04:50] - [4] Usager MIRKO.POZEN Connecté IP: 192.168.0.42
[20:04:50] - [4] MIRKO.POZEN: Répertoire en Cours: D:\kerberos.htx\
[20:04:50] - [5] Usager MIRKO.POZEN Connecté IP: 192.168.0.42
[20:04:50] - [5] MIRKO.POZEN: Répertoire en Cours: D:\kerberos.htx\
[20:04:50] - [4] MIRKO.POZEN: Répertoire en Cours: D:\kerberos.htx\a trier\office 2017\office 2007 free\Microsoft.Office.Professional.2007.FR.By Gervais\
[20:04:50] - [5] MIRKO.POZEN: Répertoire en Cours: D:\kerberos.htx\a trier\office 2017\office 2007 free\Microsoft.Office.Professional.2007.FR.By Gervais\
[20:04:50] - [4] MIRKO.POZEN: Début du Téléchargement de: D:\kerberos.htx\a trier\office 2017\office 2007 free\Microsoft.Office.Professional.2007.FR.By Gervais\key.txt
[20:04:50] - [5] MIRKO.POZEN: Début du Téléchargement de: D:\kerberos.htx\a trier\office 2017\office 2007 free\Microsoft.Office.Professional.2007.FR.By Gervais\AUTORUN.INF
[20:04:50] - [4] MIRKO.POZEN: Fichier envoyé: D:\kerberos.htx\a trier\office 2017\office 2007 free\Microsoft.Office.Professional.2007.FR.By Gervais\key.txt (0,03 K/S -    29 bytes)
[20:04:50] - [5] MIRKO.POZEN: Fichier envoyé: D:\kerberos.htx\a trier\office 2017\office 2007 free\Microsoft.Office.Professional.2007.FR.By Gervais\AUTORUN.INF (0,17 K/S -    175 bytes)
[20:04:50] - [4] MIRKO.POZEN: Début du Téléchargement de: D:\kerberos.htx\a trier\office 2017\office 2007 free\Microsoft.Office.Professional.2007.FR.By Gervais\Lisez moi_Read me.txt
[20:04:50] - [4] MIRKO.POZEN: Fichier envoyé: D:\kerberos.htx\a trier\office 2017\office 2007 free\Microsoft.Office.Professional.2007.FR.By Gervais\Lisez moi_Read me.txt (0,07 K/S -    71 bytes)
[20:04:50] - [5] MIRKO.POZEN: Début du Téléchargement de: D:\kerberos.htx\a trier\office 2017\office 2007 free\Microsoft.Office.Professional.2007.FR.By Gervais\LISEZMOI.HTM
[20:04:50] - [5] MIRKO.POZEN: Fichier envoyé: D:\kerberos.htx\a trier\office 2017\office 2007 free\Microsoft.Office.Professional.2007.FR.By Gervais\LISEZMOI.HTM (2,54 K/S -   2 599 bytes)
[20:04:50] - [4] MIRKO.POZEN: Début du Téléchargement de: D:\kerberos.htx\a trier\office 2017\office 2007 free\Microsoft.Office.Professional.2007.FR.By Gervais\SaveAsPDFandXPS.exe
[20:04:51] - [5] MIRKO.POZEN: Début du Téléchargement de: D:\kerberos.htx\a trier\office 2017\office 2007 free\Microsoft.Office.Professional.2007.FR.By Gervais\SETUP.EXE
[20:04:51] - [5] MIRKO.POZEN: Fichier envoyé: D:\kerberos.htx\a trier\office 2017\office 2007 free\Microsoft.Office.Professional.2007.FR.By Gervais\SETUP.EXE (452,30 K/S -   463 152 bytes)
[20:04:52] - [5] MIRKO.POZEN: Répertoire en Cours: D:\kerberos.htx\a trier\office 2017\office 2007 free\Microsoft.Office.Professional.2007.FR.By Gervais\WORD.FR-FR\
[20:04:52] - [5] MIRKO.POZEN: Début du Téléchargement de: D:\kerberos.htx\a trier\office 2017\office 2007 free\Microsoft.Office.Professional.2007.FR.By Gervais\WORD.FR-FR\SETUP.XML
[20:04:52] - [5] MIRKO.POZEN: Fichier envoyé: D:\kerberos.htx\a trier\office 2017\office 2007 free\Microsoft.Office.Professional.2007.FR.By Gervais\WORD.FR-FR\SETUP.XML (2,62 K/S -   2 678 bytes)
[20:04:52] - [4] MIRKO.POZEN: Fichier envoyé: D:\kerberos.htx\a trier\office 2017\office 2007 free\Microsoft.Office.Professional.2007.FR.By Gervais\SaveAsPDFandXPS.exe (696,57 K/S -   713 288 bytes)
[20:04:52] - [4] MIRKO.POZEN: Répertoire en Cours: D:\kerberos.htx\a trier\office 2017\office 2007 free\Microsoft.Office.Professional.2007.FR.By Gervais\WORD.FR-FR\
[20:04:52] - [4] MIRKO.POZEN: Début du Téléchargement de: D:\kerberos.htx\a trier\office 2017\office 2007 free\Microsoft.Office.Professional.2007.FR.By Gervais\WORD.FR-FR\WORDLR.CAB
[20:04:52] - [5] MIRKO.POZEN: Début du Téléchargement de: D:\kerberos.htx\a trier\office 2017\office 2007 free\Microsoft.Office.Professional.2007.FR.By Gervais\WORD.FR-FR\WORDMUI.MSI
[20:04:53] - [5] MIRKO.POZEN: Fichier envoyé: D:\kerberos.htx\a trier\office 2017\office 2007 free\Microsoft.Office.Professional.2007.FR.By Gervais\WORD.FR-FR\WORDMUI.MSI (1 620,00 K/S -  1 658 880 bytes)
[20:04:53] - [5] MIRKO.POZEN: Début du Téléchargement de: D:\kerberos.htx\a trier\office 2017\office 2007 free\Microsoft.Office.Professional.2007.FR.By Gervais\WORD.FR-FR\WORDMUI.XML
[20:04:53] - [5] MIRKO.POZEN: Fichier envoyé: D:\kerberos.htx\a trier\office 2017\office 2007 free\Microsoft.Office.Professional.2007.FR.By Gervais\WORD.FR-FR\WORDMUI.XML (1,76 K/S -   1 799 bytes)
[20:04:53] - [5] MIRKO.POZEN: Répertoire en Cours: D:\kerberos.htx\a trier\office 2017\office 2007 free\Microsoft.Office.Professional.2007.FR.By Gervais\UPDATES\
[20:04:53] - [5] MIRKO.POZEN: Début du Téléchargement de: D:\kerberos.htx\a trier\office 2017\office 2007 free\Microsoft.Office.Professional.2007.FR.By Gervais\UPDATES\LISEZMOI.TXT
[20:04:53] - [5] MIRKO.POZEN: Fichier envoyé: D:\kerberos.htx\a trier\office 2017\office 2007 free\Microsoft.Office.Professional.2007.FR.By Gervais\UPDATES\LISEZMOI.TXT (0,07 K/S -    75 bytes)
[20:04:53] - [5] MIRKO.POZEN: Répertoire en Cours: D:\kerberos.htx\a trier\office 2017\office 2007 free\Microsoft.Office.Professional.2007.FR.By Gervais\ROSEBUD.FR-FR\
[20:04:53] - [5] MIRKO.POZEN: Début du Téléchargement de: D:\kerberos.htx\a trier\office 2017\office 2007 free\Microsoft.Office.Professional.2007.FR.By Gervais\ROSEBUD.FR-FR\RBUDLR.CAB
[20:04:54] - [5] MIRKO.POZEN: Fichier envoyé: D:\kerberos.htx\a trier\office 2017\office 2007 free\Microsoft.Office.Professional.2007.FR.By Gervais\ROSEBUD.FR-FR\RBUDLR.CAB (1 545,67 K/S -  1 582 766 bytes)
[20:04:54] - [5] MIRKO.POZEN: Début du Téléchargement de: D:\kerberos.htx\a trier\office 2017\office 2007 free\Microsoft.Office.Professional.2007.FR.By Gervais\ROSEBUD.FR-FR\ROSEBUDMUI.MSI
[20:04:54] - [5] MIRKO.POZEN: Fichier envoyé: D:\kerberos.htx\a trier\office 2017\office 2007 free\Microsoft.Office.Professional.2007.FR.By Gervais\ROSEBUD.FR-FR\ROSEBUDMUI.MSI (48,00 K/S -   49 152 bytes)
[20:04:54] - [5] MIRKO.POZEN: Début du Téléchargement de: D:\kerberos.htx\a trier\office 2017\office 2007 free\Microsoft.Office.Professional.2007.FR.By Gervais\ROSEBUD.FR-FR\ROSEBUDMUI.XML
[20:04:54] - [5] MIRKO.POZEN: Fichier envoyé: D:\kerberos.htx\a trier\office 2017\office 2007 free\Microsoft.Office.Professional.2007.FR.By Gervais\ROSEBUD.FR-FR\ROSEBUDMUI.XML (0,79 K/S -    811 bytes)
[20:04:54] - [5] MIRKO.POZEN: Début du Téléchargement de: D:\kerberos.htx\a trier\office 2017\office 2007 free\Microsoft.Office.Professional.2007.FR.By Gervais\ROSEBUD.FR-FR\SETUP.XML
[20:04:54] - [5] MIRKO.POZEN: Fichier envoyé: D:\kerberos.htx\a trier\office 2017\office 2007 free\Microsoft.Office.Professional.2007.FR.By Gervais\ROSEBUD.FR-FR\SETUP.XML (1,22 K/S -   1 251 bytes)
[20:04:55] - [5] MIRKO.POZEN: Répertoire en Cours: D:\kerberos.htx\a trier\office 2017\office 2007 free\Microsoft.Office.Professional.2007.FR.By Gervais\PUBLISHER.FR-FR\
[20:04:55] - [5] MIRKO.POZEN: Début du Téléchargement de: D:\kerberos.htx\a trier\office 2017\office 2007 free\Microsoft.Office.Professional.2007.FR.By Gervais\PUBLISHER.FR-FR\PUBLISHERMUI.MSI
[20:04:55] - [5] MIRKO.POZEN: Fichier envoyé: D:\kerberos.htx\a trier\office 2017\office 2007 free\Microsoft.Office.Professional.2007.FR.By Gervais\PUBLISHER.FR-FR\PUBLISHERMUI.MSI (1 628,00 K/S -  1 667 072 bytes)
[20:04:55] - [5] MIRKO.POZEN: Début du Téléchargement de: D:\kerberos.htx\a trier\office 2017\office 2007 free\Microsoft.Office.Professional.2007.FR.By Gervais\PUBLISHER.FR-FR\PUBLISHERMUI.XML
[20:04:55] - [5] MIRKO.POZEN: Fichier envoyé: D:\kerberos.htx\a trier\office 2017\office 2007 free\Microsoft.Office.Professional.2007.FR.By Gervais\PUBLISHER.FR-FR\PUBLISHERMUI.XML (1,44 K/S -   1 470 bytes)
[20:04:56] - [5] MIRKO.POZEN: Début du Téléchargement de: D:\kerberos.htx\a trier\office 2017\office 2007 free\Microsoft.Office.Professional.2007.FR.By Gervais\PUBLISHER.FR-FR\PUBLR.CAB
[20:04:58] - [4] MIRKO.POZEN: Fichier envoyé: D:\kerberos.htx\a trier\office 2017\office 2007 free\Microsoft.Office.Professional.2007.FR.By Gervais\WORD.FR-FR\WORDLR.CAB (2 354,39 K/S -  16 876 234 bytes)
[20:04:58] - [4] MIRKO.POZEN: Répertoire en Cours: D:\kerberos.htx\a trier\office 2017\office 2007 free\Microsoft.Office.Professional.2007.FR.By Gervais\PUBLISHER.FR-FR\
[20:04:58] - [4] MIRKO.POZEN: Début du Téléchargement de: D:\kerberos.htx\a trier\office 2017\office 2007 free\Microsoft.Office.Professional.2007.FR.By Gervais\PUBLISHER.FR-FR\SETUP.XML
[20:04:58] - [4] MIRKO.POZEN: Fichier envoyé: D:\kerberos.htx\a trier\office 2017\office 2007 free\Microsoft.Office.Professional.2007.FR.By Gervais\PUBLISHER.FR-FR\SETUP.XML (1,78 K/S -   1 826 bytes)
[20:04:58] - [4] MIRKO.POZEN: Répertoire en Cours: D:\kerberos.htx\a trier\office 2017\office 2007 free\Microsoft.Office.Professional.2007.FR.By Gervais\PROPLUS.WW\
[20:04:58] - [4] MIRKO.POZEN: Début du Téléchargement de: D:\kerberos.htx\a trier\office 2017\office 2007 free\Microsoft.Office.Professional.2007.FR.By Gervais\PROPLUS.WW\CONFIG.XML
[20:04:58] - [4] MIRKO.POZEN: Fichier envoyé: D:\kerberos.htx\a trier\office 2017\office 2007 free\Microsoft.Office.Professional.2007.FR.By Gervais\PROPLUS.WW\CONFIG.XML (0,93 K/S -    956 bytes)
[20:04:59] - [4] MIRKO.POZEN: Début du Téléchargement de: D:\kerberos.htx\a trier\office 2017\office 2007 free\Microsoft.Office.Professional.2007.FR.By Gervais\PROPLUS.WW\ID_00011.DPC
[20:04:59] - [4] MIRKO.POZEN: Fichier envoyé: D:\kerberos.htx\a trier\office 2017\office 2007 free\Microsoft.Office.Professional.2007.FR.By Gervais\PROPLUS.WW\ID_00011.DPC (1,61 K/S -   1 646 bytes)
[20:04:59] - [4] MIRKO.POZEN: Début du Téléchargement de: D:\kerberos.htx\a trier\office 2017\office 2007 free\Microsoft.Office.Professional.2007.FR.By Gervais\PROPLUS.WW\OFFICE64WW.MSI
[20:04:59] - [4] MIRKO.POZEN: Fichier envoyé: D:\kerberos.htx\a trier\office 2017\office 2007 free\Microsoft.Office.Professional.2007.FR.By Gervais\PROPLUS.WW\OFFICE64WW.MSI (828,00 K/S -   847 872 bytes)
[20:04:59] - [4] MIRKO.POZEN: Début du Téléchargement de: D:\kerberos.htx\a trier\office 2017\office 2007 free\Microsoft.Office.Professional.2007.FR.By Gervais\PROPLUS.WW\OFFICE64WW.XML
[20:04:59] - [4] MIRKO.POZEN: Fichier envoyé: D:\kerberos.htx\a trier\office 2017\office 2007 free\Microsoft.Office.Professional.2007.FR.By Gervais\PROPLUS.WW\OFFICE64WW.XML (2,26 K/S -   2 310 bytes)
[20:05:00] - [4] MIRKO.POZEN: Début du Téléchargement de: D:\kerberos.htx\a trier\office 2017\office 2007 free\Microsoft.Office.Professional.2007.FR.By Gervais\PROPLUS.WW\OSE.EXE
[20:05:00] - [4] MIRKO.POZEN: Fichier envoyé: D:\kerberos.htx\a trier\office 2017\office 2007 free\Microsoft.Office.Professional.2007.FR.By Gervais\PROPLUS.WW\OSE.EXE (141,78 K/S -   145 184 bytes)
[20:05:00] - [4] MIRKO.POZEN: Début du Téléchargement de: D:\kerberos.htx\a trier\office 2017\office 2007 free\Microsoft.Office.Professional.2007.FR.By Gervais\PROPLUS.WW\OSETUP.DLL
[20:05:02] - [4] MIRKO.POZEN: Fichier envoyé: D:\kerberos.htx\a trier\office 2017\office 2007 free\Microsoft.Office.Professional.2007.FR.By Gervais\PROPLUS.WW\OSETUP.DLL (3 191,89 K/S -  6 536 992 bytes)
[20:05:02] - [4] MIRKO.POZEN: Début du Téléchargement de: D:\kerberos.htx\a trier\office 2017\office 2007 free\Microsoft.Office.Professional.2007.FR.By Gervais\PROPLUS.WW\OWOW64WW.CAB
[20:05:03] - [5] MIRKO.POZEN: Fichier envoyé: D:\kerberos.htx\a trier\office 2017\office 2007 free\Microsoft.Office.Professional.2007.FR.By Gervais\PUBLISHER.FR-FR\PUBLR.CAB (1 548,64 K/S -  12 686 495 bytes)
[20:05:03] - [5] MIRKO.POZEN: Répertoire en Cours: D:\kerberos.htx\a trier\office 2017\office 2007 free\Microsoft.Office.Professional.2007.FR.By Gervais\PROPLUS.WW\
[20:05:03] - [5] MIRKO.POZEN: Début du Téléchargement de: D:\kerberos.htx\a trier\office 2017\office 2007 free\Microsoft.Office.Professional.2007.FR.By Gervais\PROPLUS.WW\PROPLSWW.CAB
[20:05:05] - [4] MIRKO.POZEN: Fichier envoyé: D:\kerberos.htx\a trier\office 2017\office 2007 free\Microsoft.Office.Professional.2007.FR.By Gervais\PROPLUS.WW\OWOW64WW.CAB (2 026,92 K/S -  4 151 139 bytes)
[20:05:05] - [4] MIRKO.POZEN: Début du Téléchargement de: D:\kerberos.htx\a trier\office 2017\office 2007 free\Microsoft.Office.Professional.2007.FR.By Gervais\PROPLUS.WW\PROPLUSWW.MSI
[20:05:10] - [4] MIRKO.POZEN: Fichier envoyé: D:\kerberos.htx\a trier\office 2017\office 2007 free\Microsoft.Office.Professional.2007.FR.By Gervais\PROPLUS.WW\PROPLUSWW.MSI (3 092,10 K/S -  15 831 552 bytes)
[20:05:10] - [4] MIRKO.POZEN: Début du Téléchargement de: D:\kerberos.htx\a trier\office 2017\office 2007 free\Microsoft.Office.Professional.2007.FR.By Gervais\PROPLUS.WW\PROPLUSWW.XML
[20:05:10] - [4] MIRKO.POZEN: Fichier envoyé: D:\kerberos.htx\a trier\office 2017\office 2007 free\Microsoft.Office.Professional.2007.FR.By Gervais\PROPLUS.WW\PROPLUSWW.XML (15,44 K/S -   15 813 bytes)
[20:05:10] - [4] MIRKO.POZEN: Début du Téléchargement de: D:\kerberos.htx\a trier\office 2017\office 2007 free\Microsoft.Office.Professional.2007.FR.By Gervais\PROPLUS.WW\SETUP.XML
[20:05:11] - [4] MIRKO.POZEN: Fichier envoyé: D:\kerberos.htx\a trier\office 2017\office 2007 free\Microsoft.Office.Professional.2007.FR.By Gervais\PROPLUS.WW\SETUP.XML (25,96 K/S -   26 579 bytes)
[20:05:11] - [4] MIRKO.POZEN: Répertoire en Cours: D:\kerberos.htx\a trier\office 2017\office 2007 free\Microsoft.Office.Professional.2007.FR.By Gervais\PROOFING.FR-FR\
[20:05:11] - [4] MIRKO.POZEN: Début du Téléchargement de: D:\kerberos.htx\a trier\office 2017\office 2007 free\Microsoft.Office.Professional.2007.FR.By Gervais\PROOFING.FR-FR\PROOFING.MSI
[20:05:11] - [4] MIRKO.POZEN: Fichier envoyé: D:\kerberos.htx\a trier\office 2017\office 2007 free\Microsoft.Office.Professional.2007.FR.By Gervais\PROOFING.FR-FR\PROOFING.MSI (494,00 K/S -   505 856 bytes)
[20:05:11] - [4] MIRKO.POZEN: Début du Téléchargement de: D:\kerberos.htx\a trier\office 2017\office 2007 free\Microsoft.Office.Professional.2007.FR.By Gervais\PROOFING.FR-FR\PROOFING.XML
[20:05:11] - [4] MIRKO.POZEN: Fichier envoyé: D:\kerberos.htx\a trier\office 2017\office 2007 free\Microsoft.Office.Professional.2007.FR.By Gervais\PROOFING.FR-FR\PROOFING.XML (0,79 K/S -    807 bytes)
[20:05:11] - [4] MIRKO.POZEN: Début du Téléchargement de: D:\kerberos.htx\a trier\office 2017\office 2007 free\Microsoft.Office.Professional.2007.FR.By Gervais\PROOFING.FR-FR\SETUP.XML
[20:05:11] - [4] MIRKO.POZEN: Fichier envoyé: D:\kerberos.htx\a trier\office 2017\office 2007 free\Microsoft.Office.Professional.2007.FR.By Gervais\PROOFING.FR-FR\SETUP.XML (9,57 K/S -   9 804 bytes)
[20:05:12] - [4] MIRKO.POZEN: Répertoire en Cours: D:\kerberos.htx\a trier\office 2017\office 2007 free\Microsoft.Office.Professional.2007.FR.By Gervais\PROOFING.FR-FR\PROOF.NL\
[20:05:12] - [4] MIRKO.POZEN: Début du Téléchargement de: D:\kerberos.htx\a trier\office 2017\office 2007 free\Microsoft.Office.Professional.2007.FR.By Gervais\PROOFING.FR-FR\PROOF.NL\PROOF.CAB
[20:05:13] - [4] MIRKO.POZEN: Fichier envoyé: D:\kerberos.htx\a trier\office 2017\office 2007 free\Microsoft.Office.Professional.2007.FR.By Gervais\PROOFING.FR-FR\PROOF.NL\PROOF.CAB (2 365,52 K/S -  4 844 595 bytes)
[20:05:13] - [4] MIRKO.POZEN: Début du Téléchargement de: D:\kerberos.htx\a trier\office 2017\office 2007 free\Microsoft.Office.Professional.2007.FR.By Gervais\PROOFING.FR-FR\PROOF.NL\PROOF.MSI
[20:05:13] - [4] MIRKO.POZEN: Fichier envoyé: D:\kerberos.htx\a trier\office 2017\office 2007 free\Microsoft.Office.Professional.2007.FR.By Gervais\PROOFING.FR-FR\PROOF.NL\PROOF.MSI (494,50 K/S -   506 368 bytes)
[20:05:13] - [4] MIRKO.POZEN: Début du Téléchargement de: D:\kerberos.htx\a trier\office 2017\office 2007 free\Microsoft.Office.Professional.2007.FR.By Gervais\PROOFING.FR-FR\PROOF.NL\PROOF.XML
[20:05:13] - [4] MIRKO.POZEN: Fichier envoyé: D:\kerberos.htx\a trier\office 2017\office 2007 free\Microsoft.Office.Professional.2007.FR.By Gervais\PROOFING.FR-FR\PROOF.NL\PROOF.XML (1,20 K/S -   1 233 bytes)
[20:05:14] - [4] MIRKO.POZEN: Répertoire en Cours: D:\kerberos.htx\a trier\office 2017\office 2007 free\Microsoft.Office.Professional.2007.FR.By Gervais\PROOFING.FR-FR\PROOF.FR\
[20:05:14] - [4] MIRKO.POZEN: Début du Téléchargement de: D:\kerberos.htx\a trier\office 2017\office 2007 free\Microsoft.Office.Professional.2007.FR.By Gervais\PROOFING.FR-FR\PROOF.FR\PROOF.CAB
[20:05:18] - [4] MIRKO.POZEN: Fichier envoyé: D:\kerberos.htx\a trier\office 2017\office 2007 free\Microsoft.Office.Professional.2007.FR.By Gervais\PROOFING.FR-FR\PROOF.FR\PROOF.CAB (2 802,73 K/S -  11 479 987 bytes)
[20:05:18] - [4] MIRKO.POZEN: Début du Téléchargement de: D:\kerberos.htx\a trier\office 2017\office 2007 free\Microsoft.Office.Professional.2007.FR.By Gervais\PROOFING.FR-FR\PROOF.FR\PROOF.MSI
[20:05:19] - [4] MIRKO.POZEN: Fichier envoyé: D:\kerberos.htx\a trier\office 2017\office 2007 free\Microsoft.Office.Professional.2007.FR.By Gervais\PROOFING.FR-FR\PROOF.FR\PROOF.MSI (506,00 K/S -   518 144 bytes)
[20:05:19] - [4] MIRKO.POZEN: Début du Téléchargement de: D:\kerberos.htx\a trier\office 2017\office 2007 free\Microsoft.Office.Professional.2007.FR.By Gervais\PROOFING.FR-FR\PROOF.FR\PROOF.XML
[20:05:19] - [4] MIRKO.POZEN: Fichier envoyé: D:\kerberos.htx\a trier\office 2017\office 2007 free\Microsoft.Office.Professional.2007.FR.By Gervais\PROOFING.FR-FR\PROOF.FR\PROOF.XML (1,42 K/S -   1 459 bytes)
[20:05:19] - [4] MIRKO.POZEN: Répertoire en Cours: D:\kerberos.htx\a trier\office 2017\office 2007 free\Microsoft.Office.Professional.2007.FR.By Gervais\PROOFING.FR-FR\PROOF.ES\
[20:05:19] - [4] MIRKO.POZEN: Début du Téléchargement de: D:\kerberos.htx\a trier\office 2017\office 2007 free\Microsoft.Office.Professional.2007.FR.By Gervais\PROOFING.FR-FR\PROOF.ES\PROOF.CAB
[20:05:28] - [4] MIRKO.POZEN: Fichier envoyé: D:\kerberos.htx\a trier\office 2017\office 2007 free\Microsoft.Office.Professional.2007.FR.By Gervais\PROOFING.FR-FR\PROOF.ES\PROOF.CAB (2 008,89 K/S -  16 456 790 bytes)
[20:05:28] - [4] MIRKO.POZEN: Début du Téléchargement de: D:\kerberos.htx\a trier\office 2017\office 2007 free\Microsoft.Office.Professional.2007.FR.By Gervais\PROOFING.FR-FR\PROOF.ES\PROOF.MSI
[20:05:28] - [4] MIRKO.POZEN: Fichier envoyé: D:\kerberos.htx\a trier\office 2017\office 2007 free\Microsoft.Office.Professional.2007.FR.By Gervais\PROOFING.FR-FR\PROOF.ES\PROOF.MSI (502,00 K/S -   514 048 bytes)
[20:05:28] - [4] MIRKO.POZEN: Début du Téléchargement de: D:\kerberos.htx\a trier\office 2017\office 2007 free\Microsoft.Office.Professional.2007.FR.By Gervais\PROOFING.FR-FR\PROOF.ES\PROOF.XML
[20:05:28] - [4] MIRKO.POZEN: Fichier envoyé: D:\kerberos.htx\a trier\office 2017\office 2007 free\Microsoft.Office.Professional.2007.FR.By Gervais\PROOFING.FR-FR\PROOF.ES\PROOF.XML (1,43 K/S -   1 460 bytes)
[20:05:28] - [4] MIRKO.POZEN: Répertoire en Cours: D:\kerberos.htx\a trier\office 2017\office 2007 free\Microsoft.Office.Professional.2007.FR.By Gervais\PROOFING.FR-FR\PROOF.EN\
[20:05:28] - [4] MIRKO.POZEN: Début du Téléchargement de: D:\kerberos.htx\a trier\office 2017\office 2007 free\Microsoft.Office.Professional.2007.FR.By Gervais\PROOFING.FR-FR\PROOF.EN\PROOF.CAB
[20:05:36] - [4] MIRKO.POZEN: Fichier envoyé: D:\kerberos.htx\a trier\office 2017\office 2007 free\Microsoft.Office.Professional.2007.FR.By Gervais\PROOFING.FR-FR\PROOF.EN\PROOF.CAB (2 734,98 K/S -  22 404 970 bytes)
[20:05:36] - [4] MIRKO.POZEN: Début du Téléchargement de: D:\kerberos.htx\a trier\office 2017\office 2007 free\Microsoft.Office.Professional.2007.FR.By Gervais\PROOFING.FR-FR\PROOF.EN\PROOF.MSI
[20:05:36] - [4] MIRKO.POZEN: Fichier envoyé: D:\kerberos.htx\a trier\office 2017\office 2007 free\Microsoft.Office.Professional.2007.FR.By Gervais\PROOFING.FR-FR\PROOF.EN\PROOF.MSI (496,00 K/S -   507 904 bytes)
[20:05:36] - [4] MIRKO.POZEN: Début du Téléchargement de: D:\kerberos.htx\a trier\office 2017\office 2007 free\Microsoft.Office.Professional.2007.FR.By Gervais\PROOFING.FR-FR\PROOF.EN\PROOF.XML
[20:05:36] - [4] MIRKO.POZEN: Fichier envoyé: D:\kerberos.htx\a trier\office 2017\office 2007 free\Microsoft.Office.Professional.2007.FR.By Gervais\PROOFING.FR-FR\PROOF.EN\PROOF.XML (1,32 K/S -   1 350 bytes)
[20:05:37] - [4] MIRKO.POZEN: Répertoire en Cours: D:\kerberos.htx\a trier\office 2017\office 2007 free\Microsoft.Office.Professional.2007.FR.By Gervais\PROOFING.FR-FR\PROOF.DE\
[20:05:37] - [4] MIRKO.POZEN: Début du Téléchargement de: D:\kerberos.htx\a trier\office 2017\office 2007 free\Microsoft.Office.Professional.2007.FR.By Gervais\PROOFING.FR-FR\PROOF.DE\PROOF.CAB
[20:05:41] - [4] MIRKO.POZEN: Fichier envoyé: D:\kerberos.htx\a trier\office 2017\office 2007 free\Microsoft.Office.Professional.2007.FR.By Gervais\PROOFING.FR-FR\PROOF.DE\PROOF.CAB (3 965,41 K/S -  20 302 883 bytes)
[20:05:41] - [4] MIRKO.POZEN: Début du Téléchargement de: D:\kerberos.htx\a trier\office 2017\office 2007 free\Microsoft.Office.Professional.2007.FR.By Gervais\PROOFING.FR-FR\PROOF.DE\PROOF.MSI
[20:05:41] - [4] MIRKO.POZEN: Fichier envoyé: D:\kerberos.htx\a trier\office 2017\office 2007 free\Microsoft.Office.Professional.2007.FR.By Gervais\PROOFING.FR-FR\PROOF.DE\PROOF.MSI (503,00 K/S -   515 072 bytes)
[20:05:41] - [4] MIRKO.POZEN: Début du Téléchargement de: D:\kerberos.htx\a trier\office 2017\office 2007 free\Microsoft.Office.Professional.2007.FR.By Gervais\PROOFING.FR-FR\PROOF.DE\PROOF.XML
[20:05:41] - [4] MIRKO.POZEN: Fichier envoyé: D:\kerberos.htx\a trier\office 2017\office 2007 free\Microsoft.Office.Professional.2007.FR.By Gervais\PROOFING.FR-FR\PROOF.DE\PROOF.XML (1,43 K/S -   1 461 bytes)
[20:05:42] - [4] MIRKO.POZEN: Répertoire en Cours: D:\kerberos.htx\a trier\office 2017\office 2007 free\Microsoft.Office.Professional.2007.FR.By Gervais\PROOFING.FR-FR\PROOF.AR\
[20:05:42] - [4] MIRKO.POZEN: Début du Téléchargement de: D:\kerberos.htx\a trier\office 2017\office 2007 free\Microsoft.Office.Professional.2007.FR.By Gervais\PROOFING.FR-FR\PROOF.AR\PROOF.CAB
[20:05:44] - [4] MIRKO.POZEN: Fichier envoyé: D:\kerberos.htx\a trier\office 2017\office 2007 free\Microsoft.Office.Professional.2007.FR.By Gervais\PROOFING.FR-FR\PROOF.AR\PROOF.CAB (2 149,78 K/S -  6 604 112 bytes)
[20:05:44] - [4] MIRKO.POZEN: Début du Téléchargement de: D:\kerberos.htx\a trier\office 2017\office 2007 free\Microsoft.Office.Professional.2007.FR.By Gervais\PROOFING.FR-FR\PROOF.AR\PROOF.MSI
[20:05:44] - [4] MIRKO.POZEN: Fichier envoyé: D:\kerberos.htx\a trier\office 2017\office 2007 free\Microsoft.Office.Professional.2007.FR.By Gervais\PROOFING.FR-FR\PROOF.AR\PROOF.MSI (503,50 K/S -   515 584 bytes)
[20:05:44] - [4] MIRKO.POZEN: Début du Téléchargement de: D:\kerberos.htx\a trier\office 2017\office 2007 free\Microsoft.Office.Professional.2007.FR.By Gervais\PROOFING.FR-FR\PROOF.AR\PROOF.XML
[20:05:45] - [4] MIRKO.POZEN: Fichier envoyé: D:\kerberos.htx\a trier\office 2017\office 2007 free\Microsoft.Office.Professional.2007.FR.By Gervais\PROOFING.FR-FR\PROOF.AR\PROOF.XML (1,12 K/S -   1 151 bytes)
[20:05:45] - [4] MIRKO.POZEN: Répertoire en Cours: D:\kerberos.htx\a trier\office 2017\office 2007 free\Microsoft.Office.Professional.2007.FR.By Gervais\POWERPOINT.FR-FR\
[20:05:45] - [4] MIRKO.POZEN: Début du Téléchargement de: D:\kerberos.htx\a trier\office 2017\office 2007 free\Microsoft.Office.Professional.2007.FR.By Gervais\POWERPOINT.FR-FR\POWERPOINTMUI.MSI
[20:05:45] - [4] MIRKO.POZEN: Fichier envoyé: D:\kerberos.htx\a trier\office 2017\office 2007 free\Microsoft.Office.Professional.2007.FR.By Gervais\POWERPOINT.FR-FR\POWERPOINTMUI.MSI (1 608,50 K/S -  1 647 104 bytes)
[20:05:45] - [4] MIRKO.POZEN: Début du Téléchargement de: D:\kerberos.htx\a trier\office 2017\office 2007 free\Microsoft.Office.Professional.2007.FR.By Gervais\POWERPOINT.FR-FR\POWERPOINTMUI.XML
[20:05:45] - [4] MIRKO.POZEN: Fichier envoyé: D:\kerberos.htx\a trier\office 2017\office 2007 free\Microsoft.Office.Professional.2007.FR.By Gervais\POWERPOINT.FR-FR\POWERPOINTMUI.XML (1,52 K/S -   1 554 bytes)
[20:05:46] - [4] MIRKO.POZEN: Début du Téléchargement de: D:\kerberos.htx\a trier\office 2017\office 2007 free\Microsoft.Office.Professional.2007.FR.By Gervais\POWERPOINT.FR-FR\PPTLR.CAB
[20:05:49] - [4] MIRKO.POZEN: Fichier envoyé: D:\kerberos.htx\a trier\office 2017\office 2007 free\Microsoft.Office.Professional.2007.FR.By Gervais\POWERPOINT.FR-FR\PPTLR.CAB (3 539,16 K/S -  14 496 400 bytes)
[20:05:49] - [4] MIRKO.POZEN: Début du Téléchargement de: D:\kerberos.htx\a trier\office 2017\office 2007 free\Microsoft.Office.Professional.2007.FR.By Gervais\POWERPOINT.FR-FR\SETUP.XML
[20:05:49] - [4] MIRKO.POZEN: Fichier envoyé: D:\kerberos.htx\a trier\office 2017\office 2007 free\Microsoft.Office.Professional.2007.FR.By Gervais\POWERPOINT.FR-FR\SETUP.XML (1,96 K/S -   2 004 bytes)
[20:05:50] - [4] MIRKO.POZEN: Répertoire en Cours: D:\kerberos.htx\a trier\office 2017\office 2007 free\Microsoft.Office.Professional.2007.FR.By Gervais\OUTLOOK.FR-FR\
[20:05:50] - [4] MIRKO.POZEN: Début du Téléchargement de: D:\kerberos.htx\a trier\office 2017\office 2007 free\Microsoft.Office.Professional.2007.FR.By Gervais\OUTLOOK.FR-FR\OUTLKLR.CAB
[20:05:55] - [4] MIRKO.POZEN: Fichier envoyé: D:\kerberos.htx\a trier\office 2017\office 2007 free\Microsoft.Office.Professional.2007.FR.By Gervais\OUTLOOK.FR-FR\OUTLKLR.CAB (3 161,26 K/S -  16 185 637 bytes)
[20:05:55] - [4] MIRKO.POZEN: Début du Téléchargement de: D:\kerberos.htx\a trier\office 2017\office 2007 free\Microsoft.Office.Professional.2007.FR.By Gervais\OUTLOOK.FR-FR\OUTLOOKMUI.MSI
[20:05:56] - [4] MIRKO.POZEN: Fichier envoyé: D:\kerberos.htx\a trier\office 2017\office 2007 free\Microsoft.Office.Professional.2007.FR.By Gervais\OUTLOOK.FR-FR\OUTLOOKMUI.MSI (1 981,50 K/S -  2 029 056 bytes)
[20:05:56] - [4] MIRKO.POZEN: Début du Téléchargement de: D:\kerberos.htx\a trier\office 2017\office 2007 free\Microsoft.Office.Professional.2007.FR.By Gervais\OUTLOOK.FR-FR\OUTLOOKMUI.XML
[20:05:56] - [4] MIRKO.POZEN: Fichier envoyé: D:\kerberos.htx\a trier\office 2017\office 2007 free\Microsoft.Office.Professional.2007.FR.By Gervais\OUTLOOK.FR-FR\OUTLOOKMUI.XML (2,88 K/S -   2 947 bytes)
[20:05:56] - [4] MIRKO.POZEN: Début du Téléchargement de: D:\kerberos.htx\a trier\office 2017\office 2007 free\Microsoft.Office.Professional.2007.FR.By Gervais\OUTLOOK.FR-FR\SETUP.XML
[20:05:56] - [4] MIRKO.POZEN: Fichier envoyé: D:\kerberos.htx\a trier\office 2017\office 2007 free\Microsoft.Office.Professional.2007.FR.By Gervais\OUTLOOK.FR-FR\SETUP.XML (3,77 K/S -   3 861 bytes)
[20:05:56] - [4] MIRKO.POZEN: Répertoire en Cours: D:\kerberos.htx\a trier\office 2017\office 2007 free\Microsoft.Office.Professional.2007.FR.By Gervais\OFFICE64.FR-FR\
[20:05:56] - [4] MIRKO.POZEN: Début du Téléchargement de: D:\kerberos.htx\a trier\office 2017\office 2007 free\Microsoft.Office.Professional.2007.FR.By Gervais\OFFICE64.FR-FR\OFFICE64MUI.MSI
[20:05:56] - [4] MIRKO.POZEN: Fichier envoyé: D:\kerberos.htx\a trier\office 2017\office 2007 free\Microsoft.Office.Professional.2007.FR.By Gervais\OFFICE64.FR-FR\OFFICE64MUI.MSI (495,00 K/S -   506 880 bytes)
[20:05:56] - [4] MIRKO.POZEN: Début du Téléchargement de: D:\kerberos.htx\a trier\office 2017\office 2007 free\Microsoft.Office.Professional.2007.FR.By Gervais\OFFICE64.FR-FR\OFFICE64MUI.XML
[20:05:56] - [4] MIRKO.POZEN: Fichier envoyé: D:\kerberos.htx\a trier\office 2017\office 2007 free\Microsoft.Office.Professional.2007.FR.By Gervais\OFFICE64.FR-FR\OFFICE64MUI.XML (1,00 K/S -   1 027 bytes)
[20:05:56] - [4] MIRKO.POZEN: Début du Téléchargement de: D:\kerberos.htx\a trier\office 2017\office 2007 free\Microsoft.Office.Professional.2007.FR.By Gervais\OFFICE64.FR-FR\OWOW64LR.CAB
[20:05:57] - [4] MIRKO.POZEN: Fichier envoyé: D:\kerberos.htx\a trier\office 2017\office 2007 free\Microsoft.Office.Professional.2007.FR.By Gervais\OFFICE64.FR-FR\OWOW64LR.CAB (7,10 K/S -   7 266 bytes)
[20:05:57] - [4] MIRKO.POZEN: Début du Téléchargement de: D:\kerberos.htx\a trier\office 2017\office 2007 free\Microsoft.Office.Professional.2007.FR.By Gervais\OFFICE64.FR-FR\SETUP.XML
[20:05:57] - [4] MIRKO.POZEN: Fichier envoyé: D:\kerberos.htx\a trier\office 2017\office 2007 free\Microsoft.Office.Professional.2007.FR.By Gervais\OFFICE64.FR-FR\SETUP.XML (1,43 K/S -   1 468 bytes)
[20:05:57] - [4] MIRKO.POZEN: Répertoire en Cours: D:\kerberos.htx\a trier\office 2017\office 2007 free\Microsoft.Office.Professional.2007.FR.By Gervais\OFFICE.FR-FR\
[20:05:57] - [4] MIRKO.POZEN: Début du Téléchargement de: D:\kerberos.htx\a trier\office 2017\office 2007 free\Microsoft.Office.Professional.2007.FR.By Gervais\OFFICE.FR-FR\BRANDING.XML
[20:05:57] - [4] MIRKO.POZEN: Fichier envoyé: D:\kerberos.htx\a trier\office 2017\office 2007 free\Microsoft.Office.Professional.2007.FR.By Gervais\OFFICE.FR-FR\BRANDING.XML (610,20 K/S -   624 843 bytes)
[20:05:57] - [4] MIRKO.POZEN: Début du Téléchargement de: D:\kerberos.htx\a trier\office 2017\office 2007 free\Microsoft.Office.Professional.2007.FR.By Gervais\OFFICE.FR-FR\DW20.EXE
[20:05:58] - [4] MIRKO.POZEN: Fichier envoyé: D:\kerberos.htx\a trier\office 2017\office 2007 free\Microsoft.Office.Professional.2007.FR.By Gervais\OFFICE.FR-FR\DW20.EXE (794,32 K/S -   813 384 bytes)
[20:05:58] - [4] MIRKO.POZEN: Début du Téléchargement de: D:\kerberos.htx\a trier\office 2017\office 2007 free\Microsoft.Office.Professional.2007.FR.By Gervais\OFFICE.FR-FR\DWDCW20.DLL
[20:05:59] - [4] MIRKO.POZEN: Fichier envoyé: D:\kerberos.htx\a trier\office 2017\office 2007 free\Microsoft.Office.Professional.2007.FR.By Gervais\OFFICE.FR-FR\DWDCW20.DLL (429,27 K/S -   439 568 bytes)
[20:05:59] - [4] MIRKO.POZEN: Début du Téléchargement de: D:\kerberos.htx\a trier\office 2017\office 2007 free\Microsoft.Office.Professional.2007.FR.By Gervais\OFFICE.FR-FR\DWTRIG20.EXE
[20:05:59] - [4] MIRKO.POZEN: Fichier envoyé: D:\kerberos.htx\a trier\office 2017\office 2007 free\Microsoft.Office.Professional.2007.FR.By Gervais\OFFICE.FR-FR\DWTRIG20.EXE (424,34 K/S -   434 528 bytes)
[20:05:59] - [4] MIRKO.POZEN: Début du Téléchargement de: D:\kerberos.htx\a trier\office 2017\office 2007 free\Microsoft.Office.Professional.2007.FR.By Gervais\OFFICE.FR-FR\MICROSOFT.VC80.CRT.MANIFEST
[20:05:59] - [4] MIRKO.POZEN: Fichier envoyé: D:\kerberos.htx\a trier\office 2017\office 2007 free\Microsoft.Office.Professional.2007.FR.By Gervais\OFFICE.FR-FR\MICROSOFT.VC80.CRT.MANIFEST (0,51 K/S -    522 bytes)
[20:05:59] - [4] MIRKO.POZEN: Début du Téléchargement de: D:\kerberos.htx\a trier\office 2017\office 2007 free\Microsoft.Office.Professional.2007.FR.By Gervais\OFFICE.FR-FR\MSVCR80.DLL
[20:06:00] - [4] MIRKO.POZEN: Fichier envoyé: D:\kerberos.htx\a trier\office 2017\office 2007 free\Microsoft.Office.Professional.2007.FR.By Gervais\OFFICE.FR-FR\MSVCR80.DLL (612,00 K/S -   626 688 bytes)
[20:06:00] - [4] MIRKO.POZEN: Début du Téléchargement de: D:\kerberos.htx\a trier\office 2017\office 2007 free\Microsoft.Office.Professional.2007.FR.By Gervais\OFFICE.FR-FR\OFFICELR.CAB
[20:06:10] - [4] MIRKO.POZEN: Fichier envoyé: D:\kerberos.htx\a trier\office 2017\office 2007 free\Microsoft.Office.Professional.2007.FR.By Gervais\OFFICE.FR-FR\OFFICELR.CAB (2 791,55 K/S -  28 585 504 bytes)
[20:06:11] - [4] MIRKO.POZEN: Début du Téléchargement de: D:\kerberos.htx\a trier\office 2017\office 2007 free\Microsoft.Office.Professional.2007.FR.By Gervais\OFFICE.FR-FR\OFFICEMUI.MSI
[20:06:11] - [4] MIRKO.POZEN: Fichier envoyé: D:\kerberos.htx\a trier\office 2017\office 2007 free\Microsoft.Office.Professional.2007.FR.By Gervais\OFFICE.FR-FR\OFFICEMUI.MSI (2 362,50 K/S -  2 419 200 bytes)
[20:06:11] - [4] MIRKO.POZEN: Début du Téléchargement de: D:\kerberos.htx\a trier\office 2017\office 2007 free\Microsoft.Office.Professional.2007.FR.By Gervais\OFFICE.FR-FR\OFFICEMUI.XML
[20:06:11] - [4] MIRKO.POZEN: Fichier envoyé: D:\kerberos.htx\a trier\office 2017\office 2007 free\Microsoft.Office.Professional.2007.FR.By Gervais\OFFICE.FR-FR\OFFICEMUI.XML (5,64 K/S -   5 772 bytes)
[20:06:11] - [4] MIRKO.POZEN: Début du Téléchargement de: D:\kerberos.htx\a trier\office 2017\office 2007 free\Microsoft.Office.Professional.2007.FR.By Gervais\OFFICE.FR-FR\OSETUPUI.DLL
[20:06:12] - [4] MIRKO.POZEN: Fichier envoyé: D:\kerberos.htx\a trier\office 2017\office 2007 free\Microsoft.Office.Professional.2007.FR.By Gervais\OFFICE.FR-FR\OSETUPUI.DLL (219,30 K/S -   224 568 bytes)
[20:06:12] - [4] MIRKO.POZEN: Début du Téléchargement de: D:\kerberos.htx\a trier\office 2017\office 2007 free\Microsoft.Office.Professional.2007.FR.By Gervais\OFFICE.FR-FR\PSS10R.CHM
[20:06:12] - [4] MIRKO.POZEN: Fichier envoyé: D:\kerberos.htx\a trier\office 2017\office 2007 free\Microsoft.Office.Professional.2007.FR.By Gervais\OFFICE.FR-FR\PSS10R.CHM (26,60 K/S -   27 243 bytes)
[20:06:12] - [4] MIRKO.POZEN: Début du Téléchargement de: D:\kerberos.htx\a trier\office 2017\office 2007 free\Microsoft.Office.Professional.2007.FR.By Gervais\OFFICE.FR-FR\SETUP.CHM
[20:06:12] - [4] MIRKO.POZEN: Fichier envoyé: D:\kerberos.htx\a trier\office 2017\office 2007 free\Microsoft.Office.Professional.2007.FR.By Gervais\OFFICE.FR-FR\SETUP.CHM (52,72 K/S -   53 989 bytes)
[20:06:12] - [4] MIRKO.POZEN: Début du Téléchargement de: D:\kerberos.htx\a trier\office 2017\office 2007 free\Microsoft.Office.Professional.2007.FR.By Gervais\OFFICE.FR-FR\SETUP.XML
[20:06:12] - [4] MIRKO.POZEN: Fichier envoyé: D:\kerberos.htx\a trier\office 2017\office 2007 free\Microsoft.Office.Professional.2007.FR.By Gervais\OFFICE.FR-FR\SETUP.XML (9,16 K/S -   9 378 bytes)
[20:06:12] - [4] MIRKO.POZEN: Début du Téléchargement de: D:\kerberos.htx\a trier\office 2017\office 2007 free\Microsoft.Office.Professional.2007.FR.By Gervais\OFFICE.FR-FR\SHELLUI.MST
[20:06:12] - [4] MIRKO.POZEN: Fichier envoyé: D:\kerberos.htx\a trier\office 2017\office 2007 free\Microsoft.Office.Professional.2007.FR.By Gervais\OFFICE.FR-FR\SHELLUI.MST (66,00 K/S -   67 584 bytes)
[20:06:13] - [4] MIRKO.POZEN: Répertoire en Cours: D:\kerberos.htx\a trier\office 2017\office 2007 free\Microsoft.Office.Professional.2007.FR.By Gervais\OFFICE.FR-FR\1036\
[20:06:13] - [4] MIRKO.POZEN: Début du Téléchargement de: D:\kerberos.htx\a trier\office 2017\office 2007 free\Microsoft.Office.Professional.2007.FR.By Gervais\OFFICE.FR-FR\1036\DWINTL20.DLL
[20:06:13] - [4] MIRKO.POZEN: Fichier envoyé: D:\kerberos.htx\a trier\office 2017\office 2007 free\Microsoft.Office.Professional.2007.FR.By Gervais\OFFICE.FR-FR\1036\DWINTL20.DLL (109,34 K/S -   111 960 bytes)
[20:06:13] - [4] MIRKO.POZEN: Répertoire en Cours: D:\kerberos.htx\a trier\office 2017\office 2007 free\Microsoft.Office.Professional.2007.FR.By Gervais\INFOPATH.FR-FR\
[20:06:13] - [4] MIRKO.POZEN: Début du Téléchargement de: D:\kerberos.htx\a trier\office 2017\office 2007 free\Microsoft.Office.Professional.2007.FR.By Gervais\INFOPATH.FR-FR\INFLR.CAB
[20:06:23] - [4] MIRKO.POZEN: Fichier envoyé: D:\kerberos.htx\a trier\office 2017\office 2007 free\Microsoft.Office.Professional.2007.FR.By Gervais\INFOPATH.FR-FR\INFLR.CAB (2 665,42 K/S -  27 293 888 bytes)
[20:06:23] - [4] MIRKO.POZEN: Début du Téléchargement de: D:\kerberos.htx\a trier\office 2017\office 2007 free\Microsoft.Office.Professional.2007.FR.By Gervais\INFOPATH.FR-FR\INFOPATHMUI.MSI
[20:06:24] - [4] MIRKO.POZEN: Fichier envoyé: D:\kerberos.htx\a trier\office 2017\office 2007 free\Microsoft.Office.Professional.2007.FR.By Gervais\INFOPATH.FR-FR\INFOPATHMUI.MSI (2 312,50 K/S -  2 368 000 bytes)
[20:06:24] - [4] MIRKO.POZEN: Début du Téléchargement de: D:\kerberos.htx\a trier\office 2017\office 2007 free\Microsoft.Office.Professional.2007.FR.By Gervais\INFOPATH.FR-FR\INFOPATHMUI.XML
[20:06:25] - [4] MIRKO.POZEN: Fichier envoyé: D:\kerberos.htx\a trier\office 2017\office 2007 free\Microsoft.Office.Professional.2007.FR.By Gervais\INFOPATH.FR-FR\INFOPATHMUI.XML (4,47 K/S -   4 573 bytes)
[20:06:25] - [4] MIRKO.POZEN: Début du Téléchargement de: D:\kerberos.htx\a trier\office 2017\office 2007 free\Microsoft.Office.Professional.2007.FR.By Gervais\INFOPATH.FR-FR\SETUP.XML
[20:06:25] - [4] MIRKO.POZEN: Fichier envoyé: D:\kerberos.htx\a trier\office 2017\office 2007 free\Microsoft.Office.Professional.2007.FR.By Gervais\INFOPATH.FR-FR\SETUP.XML (5,03 K/S -   5 151 bytes)
[20:06:25] - [4] MIRKO.POZEN: Répertoire en Cours: D:\kerberos.htx\a trier\office 2017\office 2007 free\Microsoft.Office.Professional.2007.FR.By Gervais\EXCEL.FR-FR\
[20:06:25] - [4] MIRKO.POZEN: Début du Téléchargement de: D:\kerberos.htx\a trier\office 2017\office 2007 free\Microsoft.Office.Professional.2007.FR.By Gervais\EXCEL.FR-FR\EXCELLR.CAB
[20:06:31] - [4] MIRKO.POZEN: Fichier envoyé: D:\kerberos.htx\a trier\office 2017\office 2007 free\Microsoft.Office.Professional.2007.FR.By Gervais\EXCEL.FR-FR\EXCELLR.CAB (2 520,77 K/S -  15 487 638 bytes)
[20:06:31] - [4] MIRKO.POZEN: Début du Téléchargement de: D:\kerberos.htx\a trier\office 2017\office 2007 free\Microsoft.Office.Professional.2007.FR.By Gervais\EXCEL.FR-FR\EXCELMUI.MSI
[20:06:32] - [4] MIRKO.POZEN: Fichier envoyé: D:\kerberos.htx\a trier\office 2017\office 2007 free\Microsoft.Office.Professional.2007.FR.By Gervais\EXCEL.FR-FR\EXCELMUI.MSI (1 714,00 K/S -  1 755 136 bytes)
[20:06:32] - [4] MIRKO.POZEN: Début du Téléchargement de: D:\kerberos.htx\a trier\office 2017\office 2007 free\Microsoft.Office.Professional.2007.FR.By Gervais\EXCEL.FR-FR\EXCELMUI.XML
[20:06:32] - [4] MIRKO.POZEN: Fichier envoyé: D:\kerberos.htx\a trier\office 2017\office 2007 free\Microsoft.Office.Professional.2007.FR.By Gervais\EXCEL.FR-FR\EXCELMUI.XML (1,88 K/S -   1 921 bytes)
[20:06:32] - [4] MIRKO.POZEN: Début du Téléchargement de: D:\kerberos.htx\a trier\office 2017\office 2007 free\Microsoft.Office.Professional.2007.FR.By Gervais\EXCEL.FR-FR\SETUP.XML
[20:06:32] - [4] MIRKO.POZEN: Fichier envoyé: D:\kerberos.htx\a trier\office 2017\office 2007 free\Microsoft.Office.Professional.2007.FR.By Gervais\EXCEL.FR-FR\SETUP.XML (2,58 K/S -   2 640 bytes)
[20:06:32] - [4] MIRKO.POZEN: Répertoire en Cours: D:\kerberos.htx\a trier\office 2017\office 2007 free\Microsoft.Office.Professional.2007.FR.By Gervais\CATALOG\
[20:06:32] - [4] MIRKO.POZEN: Début du Téléchargement de: D:\kerberos.htx\a trier\office 2017\office 2007 free\Microsoft.Office.Professional.2007.FR.By Gervais\CATALOG\FILES12.CAT
[20:06:33] - [4] MIRKO.POZEN: Fichier envoyé: D:\kerberos.htx\a trier\office 2017\office 2007 free\Microsoft.Office.Professional.2007.FR.By Gervais\CATALOG\FILES12.CAT (1 292,02 K/S -  1 323 033 bytes)
[20:06:33] - [4] MIRKO.POZEN: Répertoire en Cours: D:\kerberos.htx\a trier\office 2017\office 2007 free\Microsoft.Office.Professional.2007.FR.By Gervais\ADMIN\
[20:06:33] - [4] MIRKO.POZEN: Début du Téléchargement de: D:\kerberos.htx\a trier\office 2017\office 2007 free\Microsoft.Office.Professional.2007.FR.By Gervais\ADMIN\OCT.DLL
[20:06:37] - [4] MIRKO.POZEN: Fichier envoyé: D:\kerberos.htx\a trier\office 2017\office 2007 free\Microsoft.Office.Professional.2007.FR.By Gervais\ADMIN\OCT.DLL (785,08 K/S -  3 215 680 bytes)
[20:06:37] - [4] MIRKO.POZEN: Début du Téléchargement de: D:\kerberos.htx\a trier\office 2017\office 2007 free\Microsoft.Office.Professional.2007.FR.By Gervais\ADMIN\OCTCA.DLL
[20:06:38] - [4] MIRKO.POZEN: Fichier envoyé: D:\kerberos.htx\a trier\office 2017\office 2007 free\Microsoft.Office.Professional.2007.FR.By Gervais\ADMIN\OCTCA.DLL (95,27 K/S -   97 552 bytes)
[20:06:38] - [4] MIRKO.POZEN: Répertoire en Cours: D:\kerberos.htx\a trier\office 2017\office 2007 free\Microsoft.Office.Professional.2007.FR.By Gervais\ADMIN\ZH-TW\
[20:06:38] - [4] MIRKO.POZEN: Début du Téléchargement de: D:\kerberos.htx\a trier\office 2017\office 2007 free\Microsoft.Office.Professional.2007.FR.By Gervais\ADMIN\ZH-TW\ACCESS12.OPA
[20:06:38] - [4] MIRKO.POZEN: Fichier envoyé: D:\kerberos.htx\a trier\office 2017\office 2007 free\Microsoft.Office.Professional.2007.FR.By Gervais\ADMIN\ZH-TW\ACCESS12.OPA (43,06 K/S -   44 094 bytes)
[20:06:38] - [4] MIRKO.POZEN: Début du Téléchargement de: D:\kerberos.htx\a trier\office 2017\office 2007 free\Microsoft.Office.Professional.2007.FR.By Gervais\ADMIN\ZH-TW\CPAO12.OPA
[20:06:38] - [4] MIRKO.POZEN: Fichier envoyé: D:\kerberos.htx\a trier\office 2017\office 2007 free\Microsoft.Office.Professional.2007.FR.By Gervais\ADMIN\ZH-TW\CPAO12.OPA (17,66 K/S -   18 086 bytes)
[20:06:39] - [4] MIRKO.POZEN: Début du Téléchargement de: D:\kerberos.htx\a trier\office 2017\office 2007 free\Microsoft.Office.Professional.2007.FR.By Gervais\ADMIN\ZH-TW\EXCEL12.OPA
[20:06:39] - [4] MIRKO.POZEN: Fichier envoyé: D:\kerberos.htx\a trier\office 2017\office 2007 free\Microsoft.Office.Professional.2007.FR.By Gervais\ADMIN\ZH-TW\EXCEL12.OPA (118,67 K/S -   121 522 bytes)
[20:06:39] - [4] MIRKO.POZEN: Début du Téléchargement de: D:\kerberos.htx\a trier\office 2017\office 2007 free\Microsoft.Office.Professional.2007.FR.By Gervais\ADMIN\ZH-TW\GROOVE12.OPA
[20:06:40] - [4] MIRKO.POZEN: Fichier envoyé: D:\kerberos.htx\a trier\office 2017\office 2007 free\Microsoft.Office.Professional.2007.FR.By Gervais\ADMIN\ZH-TW\GROOVE12.OPA (2,40 K/S -   2 460 bytes)
[20:06:40] - [4] MIRKO.POZEN: Début du Téléchargement de: D:\kerberos.htx\a trier\office 2017\office 2007 free\Microsoft.Office.Professional.2007.FR.By Gervais\ADMIN\ZH-TW\IC12.OPA
[20:06:40] - [4] MIRKO.POZEN: Fichier envoyé: D:\kerberos.htx\a trier\office 2017\office 2007 free\Microsoft.Office.Professional.2007.FR.By Gervais\ADMIN\ZH-TW\IC12.OPA (6,59 K/S -   6 744 bytes)
[20:06:40] - [4] MIRKO.POZEN: Début du Téléchargement de: D:\kerberos.htx\a trier\office 2017\office 2007 free\Microsoft.Office.Professional.2007.FR.By Gervais\ADMIN\ZH-TW\INF12.OPA
[20:06:40] - [4] MIRKO.POZEN: Fichier envoyé: D:\kerberos.htx\a trier\office 2017\office 2007 free\Microsoft.Office.Professional.2007.FR.By Gervais\ADMIN\ZH-TW\INF12.OPA (86,73 K/S -   88 808 bytes)
[20:06:40] - [4] MIRKO.POZEN: Début du Téléchargement de: D:\kerberos.htx\a trier\office 2017\office 2007 free\Microsoft.Office.Professional.2007.FR.By Gervais\ADMIN\ZH-TW\OCT.CHM
[20:06:40] - [4] MIRKO.POZEN: Fichier envoyé: D:\kerberos.htx\a trier\office 2017\office 2007 free\Microsoft.Office.Professional.2007.FR.By Gervais\ADMIN\ZH-TW\OCT.CHM (59,48 K/S -   60 904 bytes)
[20:06:41] - [4] MIRKO.POZEN: Début du Téléchargement de: D:\kerberos.htx\a trier\office 2017\office 2007 free\Microsoft.Office.Professional.2007.FR.By Gervais\ADMIN\ZH-TW\OCTRES.DLL
[20:06:41] - [4] MIRKO.POZEN: Fichier envoyé: D:\kerberos.htx\a trier\office 2017\office 2007 free\Microsoft.Office.Professional.2007.FR.By Gervais\ADMIN\ZH-TW\OCTRES.DLL (424,78 K/S -   434 976 bytes)
[20:06:41] - [4] MIRKO.POZEN: Début du Téléchargement de: D:\kerberos.htx\a trier\office 2017\office 2007 free\Microsoft.Office.Professional.2007.FR.By Gervais\ADMIN\ZH-TW\OFFICE12.OPA
[20:06:41] - [4] MIRKO.POZEN: Fichier envoyé: D:\kerberos.htx\a trier\office 2017\office 2007 free\Microsoft.Office.Professional.2007.FR.By Gervais\ADMIN\ZH-TW\OFFICE12.OPA (583,02 K/S -   597 016 bytes)
[20:06:41] - [4] MIRKO.POZEN: Début du Téléchargement de: D:\kerberos.htx\a trier\office 2017\office 2007 free\Microsoft.Office.Professional.2007.FR.By Gervais\ADMIN\ZH-TW\ONENT12.OPA
[20:06:42] - [4] MIRKO.POZEN: Fichier envoyé: D:\kerberos.htx\a trier\office 2017\office 2007 free\Microsoft.Office.Professional.2007.FR.By Gervais\ADMIN\ZH-TW\ONENT12.OPA (76,16 K/S -   77 990 bytes)
[20:06:42] - [4] MIRKO.POZEN: Début du Téléchargement de: D:\kerberos.htx\a trier\office 2017\office 2007 free\Microsoft.Office.Professional.2007.FR.By Gervais\ADMIN\ZH-TW\OUTLK12.OPA
[20:06:42] - [4] MIRKO.POZEN: Fichier envoyé: D:\kerberos.htx\a trier\office 2017\office 2007 free\Microsoft.Office.Professional.2007.FR.By Gervais\ADMIN\ZH-TW\OUTLK12.OPA (359,77 K/S -   368 406 bytes)
[20:06:42] - [4] MIRKO.POZEN: Début du Téléchargement de: D:\kerberos.htx\a trier\office 2017\office 2007 free\Microsoft.Office.Professional.2007.FR.By Gervais\ADMIN\ZH-TW\PPT12.OPA
[20:06:42] - [4] MIRKO.POZEN: Fichier envoyé: D:\kerberos.htx\a trier\office 2017\office 2007 free\Microsoft.Office.Professional.2007.FR.By Gervais\ADMIN\ZH-TW\PPT12.OPA (86,38 K/S -   88 458 bytes)
[20:06:42] - [4] MIRKO.POZEN: Début du Téléchargement de: D:\kerberos.htx\a trier\office 2017\office 2007 free\Microsoft.Office.Professional.2007.FR.By Gervais\ADMIN\ZH-TW\PROJ12.OPA
[20:06:43] - [4] MIRKO.POZEN: Fichier envoyé: D:\kerberos.htx\a trier\office 2017\office 2007 free\Microsoft.Office.Professional.2007.FR.By Gervais\ADMIN\ZH-TW\PROJ12.OPA (139,94 K/S -   143 302 bytes)
[20:06:43] - [4] MIRKO.POZEN: Début du Téléchargement de: D:\kerberos.htx\a trier\office 2017\office 2007 free\Microsoft.Office.Professional.2007.FR.By Gervais\ADMIN\ZH-TW\PUB12.OPA
[20:06:43] - [4] MIRKO.POZEN: Fichier envoyé: D:\kerberos.htx\a trier\office 2017\office 2007 free\Microsoft.Office.Professional.2007.FR.By Gervais\ADMIN\ZH-TW\PUB12.OPA (27,38 K/S -   28 038 bytes)
[20:06:43] - [4] MIRKO.POZEN: Début du Téléchargement de: D:\kerberos.htx\a trier\office 2017\office 2007 free\Microsoft.Office.Professional.2007.FR.By Gervais\ADMIN\ZH-TW\SPD12.OPA
[20:06:43] - [4] MIRKO.POZEN: Fichier envoyé: D:\kerberos.htx\a trier\office 2017\office 2007 free\Microsoft.Office.Professional.2007.FR.By Gervais\ADMIN\ZH-TW\SPD12.OPA (13,25 K/S -   13 570 bytes)
[20:06:43] - [4] MIRKO.POZEN: Début du Téléchargement de: D:\kerberos.htx\a trier\office 2017\office 2007 free\Microsoft.Office.Professional.2007.FR.By Gervais\ADMIN\ZH-TW\VISIO12.OPA
[20:06:43] - [4] MIRKO.POZEN: Fichier envoyé: D:\kerberos.htx\a trier\office 2017\office 2007 free\Microsoft.Office.Professional.2007.FR.By Gervais\ADMIN\ZH-TW\VISIO12.OPA (99,84 K/S -   102 236 bytes)
[20:06:43] - [4] MIRKO.POZEN: Début du Téléchargement de: D:\kerberos.htx\a trier\office 2017\office 2007 free\Microsoft.Office.Professional.2007.FR.By Gervais\ADMIN\ZH-TW\WORD12.OPA
[20:06:44] - [4] MIRKO.POZEN: Fichier envoyé: D:\kerberos.htx\a trier\office 2017\office 2007 free\Microsoft.Office.Professional.2007.FR.By Gervais\ADMIN\ZH-TW\WORD12.OPA (203,72 K/S -   208 606 bytes)
[20:06:44] - [4] MIRKO.POZEN: Répertoire en Cours: D:\kerberos.htx\a trier\office 2017\office 2007 free\Microsoft.Office.Professional.2007.FR.By Gervais\ADMIN\ZH-CN\
[20:06:44] - [4] MIRKO.POZEN: Début du Téléchargement de: D:\kerberos.htx\a trier\office 2017\office 2007 free\Microsoft.Office.Professional.2007.FR.By Gervais\ADMIN\ZH-CN\ACCESS12.OPA
[20:06:44] - [4] MIRKO.POZEN: Fichier envoyé: D:\kerberos.htx\a trier\office 2017\office 2007 free\Microsoft.Office.Professional.2007.FR.By Gervais\ADMIN\ZH-CN\ACCESS12.OPA (42,96 K/S -   43 994 bytes)
[20:06:44] - [4] MIRKO.POZEN: Début du Téléchargement de: D:\kerberos.htx\a trier\office 2017\office 2007 free\Microsoft.Office.Professional.2007.FR.By Gervais\ADMIN\ZH-CN\CPAO12.OPA
[20:06:44] - [4] MIRKO.POZEN: Fichier envoyé: D:\kerberos.htx\a trier\office 2017\office 2007 free\Microsoft.Office.Professional.2007.FR.By Gervais\ADMIN\ZH-CN\CPAO12.OPA (17,58 K/S -   17 998 bytes)
[20:06:44] - [4] MIRKO.POZEN: Début du Téléchargement de: D:\kerberos.htx\a trier\office 2017\office 2007 free\Microsoft.Office.Professional.2007.FR.By Gervais\ADMIN\ZH-CN\EXCEL12.OPA
[20:06:44] - [4] MIRKO.POZEN: Fichier envoyé: D:\kerberos.htx\a trier\office 2017\office 2007 free\Microsoft.Office.Professional.2007.FR.By Gervais\ADMIN\ZH-CN\EXCEL12.OPA (118,13 K/S -   120 960 bytes)
[20:06:44] - [4] MIRKO.POZEN: Début du Téléchargement de: D:\kerberos.htx\a trier\office 2017\office 2007 free\Microsoft.Office.Professional.2007.FR.By Gervais\ADMIN\ZH-CN\GROOVE12.OPA
[20:06:45] - [4] MIRKO.POZEN: Fichier envoyé: D:\kerberos.htx\a trier\office 2017\office 2007 free\Microsoft.Office.Professional.2007.FR.By Gervais\ADMIN\ZH-CN\GROOVE12.OPA (2,42 K/S -   2 478 bytes)
[20:06:45] - [4] MIRKO.POZEN: Début du Téléchargement de: D:\kerberos.htx\a trier\office 2017\office 2007 free\Microsoft.Office.Professional.2007.FR.By Gervais\ADMIN\ZH-CN\IC12.OPA
[20:06:45] - [4] MIRKO.POZEN: Fichier envoyé: D:\kerberos.htx\a trier\office 2017\office 2007 free\Microsoft.Office.Professional.2007.FR.By Gervais\ADMIN\ZH-CN\IC12.OPA (6,58 K/S -   6 734 bytes)
[20:06:45] - [4] MIRKO.POZEN: Début du Téléchargement de: D:\kerberos.htx\a trier\office 2017\office 2007 free\Microsoft.Office.Professional.2007.FR.By Gervais\ADMIN\ZH-CN\INF12.OPA
[20:06:45] - [4] MIRKO.POZEN: Fichier envoyé: D:\kerberos.htx\a trier\office 2017\office 2007 free\Microsoft.Office.Professional.2007.FR.By Gervais\ADMIN\ZH-CN\INF12.OPA (87,00 K/S -   89 088 bytes)
[20:06:45] - [4] MIRKO.POZEN: Début du Téléchargement de: D:\kerberos.htx\a trier\office 2017\office 2007 free\Microsoft.Office.Professional.2007.FR.By Gervais\ADMIN\ZH-CN\OCT.CHM
[20:06:45] - [4] MIRKO.POZEN: Fichier envoyé: D:\kerberos.htx\a trier\office 2017\office 2007 free\Microsoft.Office.Professional.2007.FR.By Gervais\ADMIN\ZH-CN\OCT.CHM (82,34 K/S -   84 318 bytes)
[20:06:45] - [4] MIRKO.POZEN: Début du Téléchargement de: D:\kerberos.htx\a trier\office 2017\office 2007 free\Microsoft.Office.Professional.2007.FR.By Gervais\ADMIN\ZH-CN\OCTRES.DLL
[20:06:46] - [4] MIRKO.POZEN: Fichier envoyé: D:\kerberos.htx\a trier\office 2017\office 2007 free\Microsoft.Office.Professional.2007.FR.By Gervais\ADMIN\ZH-CN\OCTRES.DLL (424,78 K/S -   434 976 bytes)
[20:06:46] - [4] MIRKO.POZEN: Début du Téléchargement de: D:\kerberos.htx\a trier\office 2017\office 2007 free\Microsoft.Office.Professional.2007.FR.By Gervais\ADMIN\ZH-CN\OFFICE12.OPA
[20:06:46] - [4] MIRKO.POZEN: Fichier envoyé: D:\kerberos.htx\a trier\office 2017\office 2007 free\Microsoft.Office.Professional.2007.FR.By Gervais\ADMIN\ZH-CN\OFFICE12.OPA (582,59 K/S -   596 576 bytes)
[20:06:46] - [4] MIRKO.POZEN: Début du Téléchargement de: D:\kerberos.htx\a trier\office 2017\office 2007 free\Microsoft.Office.Professional.2007.FR.By Gervais\ADMIN\ZH-CN\ONENT12.OPA
[20:06:46] - [4] MIRKO.POZEN: Fichier envoyé: D:\kerberos.htx\a trier\office 2017\office 2007 free\Microsoft.Office.Professional.2007.FR.By Gervais\ADMIN\ZH-CN\ONENT12.OPA (75,89 K/S -   77 716 bytes)
[20:06:46] - [4] MIRKO.POZEN: Début du Téléchargement de: D:\kerberos.htx\a trier\office 2017\office 2007 free\Microsoft.Office.Professional.2007.FR.By Gervais\ADMIN\ZH-CN\OUTLK12.OPA
[20:06:47] - [4] MIRKO.POZEN: Fichier envoyé: D:\kerberos.htx\a trier\office 2017\office 2007 free\Microsoft.Office.Professional.2007.FR.By Gervais\ADMIN\ZH-CN\OUTLK12.OPA (358,88 K/S -   367 488 bytes)
[20:06:47] - [4] MIRKO.POZEN: Début du Téléchargement de: D:\kerberos.htx\a trier\office 2017\office 2007 free\Microsoft.Office.Professional.2007.FR.By Gervais\ADMIN\ZH-CN\PPT12.OPA
[20:06:47] - [4] MIRKO.POZEN: Fichier envoyé: D:\kerberos.htx\a trier\office 2017\office 2007 free\Microsoft.Office.Professional.2007.FR.By Gervais\ADMIN\ZH-CN\PPT12.OPA (86,41 K/S -   88 488 bytes)
[20:06:47] - [4] MIRKO.POZEN: Début du Téléchargement de: D:\kerberos.htx\a trier\office 2017\office 2007 free\Microsoft.Office.Professional.2007.FR.By Gervais\ADMIN\ZH-CN\PROJ12.OPA
[20:06:47] - [4] MIRKO.POZEN: Fichier envoyé: D:\kerberos.htx\a trier\office 2017\office 2007 free\Microsoft.Office.Professional.2007.FR.By Gervais\ADMIN\ZH-CN\PROJ12.OPA (138,95 K/S -   142 284 bytes)
[20:06:47] - [4] MIRKO.POZEN: Début du Téléchargement de: D:\kerberos.htx\a trier\office 2017\office 2007 free\Microsoft.Office.Professional.2007.FR.By Gervais\ADMIN\ZH-CN\PUB12.OPA
[20:06:47] - [4] MIRKO.POZEN: Fichier envoyé: D:\kerberos.htx\a trier\office 2017\office 2007 free\Microsoft.Office.Professional.2007.FR.By Gervais\ADMIN\ZH-CN\PUB12.OPA (27,22 K/S -   27 878 bytes)
[20:06:47] - [4] MIRKO.POZEN: Début du Téléchargement de: D:\kerberos.htx\a trier\office 2017\office 2007 free\Microsoft.Office.Professional.2007.FR.By Gervais\ADMIN\ZH-CN\SPD12.OPA
[20:06:47] - [4] MIRKO.POZEN: Fichier envoyé: D:\kerberos.htx\a trier\office 2017\office 2007 free\Microsoft.Office.Professional.2007.FR.By Gervais\ADMIN\ZH-CN\SPD12.OPA (13,12 K/S -   13 432 bytes)
[20:06:48] - [4] MIRKO.POZEN: Début du Téléchargement de: D:\kerberos.htx\a trier\office 2017\office 2007 free\Microsoft.Office.Professional.2007.FR.By Gervais\ADMIN\ZH-CN\VISIO12.OPA
[20:06:48] - [4] MIRKO.POZEN: Fichier envoyé: D:\kerberos.htx\a trier\office 2017\office 2007 free\Microsoft.Office.Professional.2007.FR.By Gervais\ADMIN\ZH-CN\VISIO12.OPA (99,44 K/S -   101 830 bytes)
[20:06:48] - [4] MIRKO.POZEN: Début du Téléchargement de: D:\kerberos.htx\a trier\office 2017\office 2007 free\Microsoft.Office.Professional.2007.FR.By Gervais\ADMIN\ZH-CN\WORD12.OPA
[20:06:48] - [4] MIRKO.POZEN: Fichier envoyé: D:\kerberos.htx\a trier\office 2017\office 2007 free\Microsoft.Office.Professional.2007.FR.By Gervais\ADMIN\ZH-CN\WORD12.OPA (203,26 K/S -   208 134 bytes)
[20:06:48] - [4] MIRKO.POZEN: Répertoire en Cours: D:\kerberos.htx\a trier\office 2017\office 2007 free\Microsoft.Office.Professional.2007.FR.By Gervais\ADMIN\KO-KR\
[20:06:48] - [4] MIRKO.POZEN: Début du Téléchargement de: D:\kerberos.htx\a trier\office 2017\office 2007 free\Microsoft.Office.Professional.2007.FR.By Gervais\ADMIN\KO-KR\ACCESS12.OPA
[20:06:48] - [4] MIRKO.POZEN: Fichier envoyé: D:\kerberos.htx\a trier\office 2017\office 2007 free\Microsoft.Office.Professional.2007.FR.By Gervais\ADMIN\KO-KR\ACCESS12.OPA (45,26 K/S -   46 348 bytes)
[20:06:48] - [4] MIRKO.POZEN: Début du Téléchargement de: D:\kerberos.htx\a trier\office 2017\office 2007 free\Microsoft.Office.Professional.2007.FR.By Gervais\ADMIN\KO-KR\CPAO12.OPA
[20:06:48] - [4] MIRKO.POZEN: Fichier envoyé: D:\kerberos.htx\a trier\office 2017\office 2007 free\Microsoft.Office.Professional.2007.FR.By Gervais\ADMIN\KO-KR\CPAO12.OPA (19,44 K/S -   19 908 bytes)
[20:06:49] - [4] MIRKO.POZEN: Début du Téléchargement de: D:\kerberos.htx\a trier\office 2017\office 2007 free\Microsoft.Office.Professional.2007.FR.By Gervais\ADMIN\KO-KR\EXCEL12.OPA
[20:06:49] - [4] MIRKO.POZEN: Fichier envoyé: D:\kerberos.htx\a trier\office 2017\office 2007 free\Microsoft.Office.Professional.2007.FR.By Gervais\ADMIN\KO-KR\EXCEL12.OPA (124,63 K/S -   127 618 bytes)
[20:06:49] - [4] MIRKO.POZEN: Début du Téléchargement de: D:\kerberos.htx\a trier\office 2017\office 2007 free\Microsoft.Office.Professional.2007.FR.By Gervais\ADMIN\KO-KR\GROOVE12.OPA
[20:06:49] - [4] MIRKO.POZEN: Fichier envoyé: D:\kerberos.htx\a trier\office 2017\office 2007 free\Microsoft.Office.Professional.2007.FR.By Gervais\ADMIN\KO-KR\GROOVE12.OPA (2,67 K/S -   2 738 bytes)
[20:06:49] - [4] MIRKO.POZEN: Début du Téléchargement de: D:\kerberos.htx\a trier\office 2017\office 2007 free\Microsoft.Office.Professional.2007.FR.By Gervais\ADMIN\KO-KR\IC12.OPA
[20:06:49] - [4] MIRKO.POZEN: Fichier envoyé: D:\kerberos.htx\a trier\office 2017\office 2007 free\Microsoft.Office.Professional.2007.FR.By Gervais\ADMIN\KO-KR\IC12.OPA (7,11 K/S -   7 276 bytes)
[20:06:49] - [4] MIRKO.POZEN: Début du Téléchargement de: D:\kerberos.htx\a trier\office 2017\office 2007 free\Microsoft.Office.Professional.2007.FR.By Gervais\ADMIN\KO-KR\INF12.OPA
[20:06:49] - [4] MIRKO.POZEN: Fichier envoyé: D:\kerberos.htx\a trier\office 2017\office 2007 free\Microsoft.Office.Professional.2007.FR.By Gervais\ADMIN\KO-KR\INF12.OPA (95,12 K/S -   97 404 bytes)
[20:06:50] - [4] MIRKO.POZEN: Début du Téléchargement de: D:\kerberos.htx\a trier\office 2017\office 2007 free\Microsoft.Office.Professional.2007.FR.By Gervais\ADMIN\KO-KR\OCT.CHM
[20:06:50] - [4] MIRKO.POZEN: Fichier envoyé: D:\kerberos.htx\a trier\office 2017\office 2007 free\Microsoft.Office.Professional.2007.FR.By Gervais\ADMIN\KO-KR\OCT.CHM (81,81 K/S -   83 772 bytes)
[20:06:50] - [4] MIRKO.POZEN: Début du Téléchargement de: D:\kerberos.htx\a trier\office 2017\office 2007 free\Microsoft.Office.Professional.2007.FR.By Gervais\ADMIN\KO-KR\OCTRES.DLL
[20:06:50] - [4] MIRKO.POZEN: Fichier envoyé: D:\kerberos.htx\a trier\office 2017\office 2007 free\Microsoft.Office.Professional.2007.FR.By Gervais\ADMIN\KO-KR\OCTRES.DLL (424,84 K/S -   435 032 bytes)
[20:06:50] - [4] MIRKO.POZEN: Début du Téléchargement de: D:\kerberos.htx\a trier\office 2017\office 2007 free\Microsoft.Office.Professional.2007.FR.By Gervais\ADMIN\KO-KR\OFFICE12.OPA
[20:06:50] - [4] MIRKO.POZEN: Fichier envoyé: D:\kerberos.htx\a trier\office 2017\office 2007 free\Microsoft.Office.Professional.2007.FR.By Gervais\ADMIN\KO-KR\OFFICE12.OPA (605,35 K/S -   619 882 bytes)
[20:06:51] - [4] MIRKO.POZEN: Début du Téléchargement de: D:\kerberos.htx\a trier\office 2017\office 2007 free\Microsoft.Office.Professional.2007.FR.By Gervais\ADMIN\KO-KR\ONENT12.OPA
[20:06:51] - [4] MIRKO.POZEN: Fichier envoyé: D:\kerberos.htx\a trier\office 2017\office 2007 free\Microsoft.Office.Professional.2007.FR.By Gervais\ADMIN\KO-KR\ONENT12.OPA (80,62 K/S -   82 556 bytes)
[20:06:51] - [4] MIRKO.POZEN: Début du Téléchargement de: D:\kerberos.htx\a trier\office 2017\office 2007 free\Microsoft.Office.Professional.2007.FR.By Gervais\ADMIN\KO-KR\OUTLK12.OPA
[20:06:51] - [4] MIRKO.POZEN: Fichier envoyé: D:\kerberos.htx\a trier\office 2017\office 2007 free\Microsoft.Office.Professional.2007.FR.By Gervais\ADMIN\KO-KR\OUTLK12.OPA (384,09 K/S -   393 304 bytes)
[20:06:51] - [4] MIRKO.POZEN: Début du Téléchargement de: D:\kerberos.htx\a trier\office 2017\office 2007 free\Microsoft.Office.Professional.2007.FR.By Gervais\ADMIN\KO-KR\PPT12.OPA
[20:06:51] - [4] MIRKO.POZEN: Fichier envoyé: D:\kerberos.htx\a trier\office 2017\office 2007 free\Microsoft.Office.Professional.2007.FR.By Gervais\ADMIN\KO-KR\PPT12.OPA (89,85 K/S -   92 010 bytes)
[20:06:51] - [4] MIRKO.POZEN: Début du Téléchargement de: D:\kerberos.htx\a trier\office 2017\office 2007 free\Microsoft.Office.Professional.2007.FR.By Gervais\ADMIN\KO-KR\PROJ12.OPA
[20:06:51] - [4] MIRKO.POZEN: Fichier envoyé: D:\kerberos.htx\a trier\office 2017\office 2007 free\Microsoft.Office.Professional.2007.FR.By Gervais\ADMIN\KO-KR\PROJ12.OPA (151,59 K/S -   155 232 bytes)
[20:06:52] - [4] MIRKO.POZEN: Début du Téléchargement de: D:\kerberos.htx\a trier\office 2017\office 2007 free\Microsoft.Office.Professional.2007.FR.By Gervais\ADMIN\KO-KR\PUB12.OPA
[20:06:52] - [4] MIRKO.POZEN: Fichier envoyé: D:\kerberos.htx\a trier\office 2017\office 2007 free\Microsoft.Office.Professional.2007.FR.By Gervais\ADMIN\KO-KR\PUB12.OPA (28,34 K/S -   29 020 bytes)
[20:06:52] - [4] MIRKO.POZEN: Début du Téléchargement de: D:\kerberos.htx\a trier\office 2017\office 2007 free\Microsoft.Office.Professional.2007.FR.By Gervais\ADMIN\KO-KR\SPD12.OPA
[20:06:52] - [4] MIRKO.POZEN: Fichier envoyé: D:\kerberos.htx\a trier\office 2017\office 2007 free\Microsoft.Office.Professional.2007.FR.By Gervais\ADMIN\KO-KR\SPD12.OPA (13,75 K/S -   14 082 bytes)
[20:06:52] - [4] MIRKO.POZEN: Début du Téléchargement de: D:\kerberos.htx\a trier\office 2017\office 2007 free\Microsoft.Office.Professional.2007.FR.By Gervais\ADMIN\KO-KR\VISIO12.OPA
[20:06:52] - [4] MIRKO.POZEN: Fichier envoyé: D:\kerberos.htx\a trier\office 2017\office 2007 free\Microsoft.Office.Professional.2007.FR.By Gervais\ADMIN\KO-KR\VISIO12.OPA (105,19 K/S -   107 714 bytes)
[20:06:52] - [4] MIRKO.POZEN: Début du Téléchargement de: D:\kerberos.htx\a trier\office 2017\office 2007 free\Microsoft.Office.Professional.2007.FR.By Gervais\ADMIN\KO-KR\WORD12.OPA
[20:06:52] - [4] MIRKO.POZEN: Fichier envoyé: D:\kerberos.htx\a trier\office 2017\office 2007 free\Microsoft.Office.Professional.2007.FR.By Gervais\ADMIN\KO-KR\WORD12.OPA (210,71 K/S -   215 766 bytes)
[20:06:53] - [4] MIRKO.POZEN: Répertoire en Cours: D:\kerberos.htx\a trier\office 2017\office 2007 free\Microsoft.Office.Professional.2007.FR.By Gervais\ADMIN\JA-JP\
[20:06:53] - [4] MIRKO.POZEN: Début du Téléchargement de: D:\kerberos.htx\a trier\office 2017\office 2007 free\Microsoft.Office.Professional.2007.FR.By Gervais\ADMIN\JA-JP\ACCESS12.OPA
[20:06:53] - [4] MIRKO.POZEN: Fichier envoyé: D:\kerberos.htx\a trier\office 2017\office 2007 free\Microsoft.Office.Professional.2007.FR.By Gervais\ADMIN\JA-JP\ACCESS12.OPA (45,04 K/S -   46 116 bytes)
[20:06:53] - [4] MIRKO.POZEN: Début du Téléchargement de: D:\kerberos.htx\a trier\office 2017\office 2007 free\Microsoft.Office.Professional.2007.FR.By Gervais\ADMIN\JA-JP\CPAO12.OPA
[20:06:53] - [4] MIRKO.POZEN: Fichier envoyé: D:\kerberos.htx\a trier\office 2017\office 2007 free\Microsoft.Office.Professional.2007.FR.By Gervais\ADMIN\JA-JP\CPAO12.OPA (19,13 K/S -   19 590 bytes)
[20:06:53] - [4] MIRKO.POZEN: Début du Téléchargement de: D:\kerberos.htx\a trier\office 2017\office 2007 free\Microsoft.Office.Professional.2007.FR.By Gervais\ADMIN\JA-JP\EXCEL12.OPA
[20:06:53] - [4] MIRKO.POZEN: Fichier envoyé: D:\kerberos.htx\a trier\office 2017\office 2007 free\Microsoft.Office.Professional.2007.FR.By Gervais\ADMIN\JA-JP\EXCEL12.OPA (125,33 K/S -   128 340 bytes)
[20:06:53] - [4] MIRKO.POZEN: Début du Téléchargement de: D:\kerberos.htx\a trier\office 2017\office 2007 free\Microsoft.Office.Professional.2007.FR.By Gervais\ADMIN\JA-JP\GROOVE12.OPA
[20:06:53] - [4] MIRKO.POZEN: Fichier envoyé: D:\kerberos.htx\a trier\office 2017\office 2007 free\Microsoft.Office.Professional.2007.FR.By Gervais\ADMIN\JA-JP\GROOVE12.OPA (2,79 K/S -   2 862 bytes)
[20:06:53] - [4] MIRKO.POZEN: Début du Téléchargement de: D:\kerberos.htx\a trier\office 2017\office 2007 free\Microsoft.Office.Professional.2007.FR.By Gervais\ADMIN\JA-JP\IC12.OPA
[20:06:54] - [4] MIRKO.POZEN: Fichier envoyé: D:\kerberos.htx\a trier\office 2017\office 2007 free\Microsoft.Office.Professional.2007.FR.By Gervais\ADMIN\JA-JP\IC12.OPA (7,15 K/S -   7 322 bytes)
[20:06:54] - [4] MIRKO.POZEN: Début du Téléchargement de: D:\kerberos.htx\a trier\office 2017\office 2007 free\Microsoft.Office.Professional.2007.FR.By Gervais\ADMIN\JA-JP\INF12.OPA
[20:06:54] - [4] MIRKO.POZEN: Fichier envoyé: D:\kerberos.htx\a trier\office 2017\office 2007 free\Microsoft.Office.Professional.2007.FR.By Gervais\ADMIN\JA-JP\INF12.OPA (96,96 K/S -   99 290 bytes)
[20:06:54] - [4] MIRKO.POZEN: Début du Téléchargement de: D:\kerberos.htx\a trier\office 2017\office 2007 free\Microsoft.Office.Professional.2007.FR.By Gervais\ADMIN\JA-JP\OCT.CHM
[20:06:54] - [4] MIRKO.POZEN: Fichier envoyé: D:\kerberos.htx\a trier\office 2017\office 2007 free\Microsoft.Office.Professional.2007.FR.By Gervais\ADMIN\JA-JP\OCT.CHM (55,03 K/S -   56 346 bytes)
[20:06:54] - [4] MIRKO.POZEN: Début du Téléchargement de: D:\kerberos.htx\a trier\office 2017\office 2007 free\Microsoft.Office.Professional.2007.FR.By Gervais\ADMIN\JA-JP\OCTRES.DLL
[20:06:55] - [4] MIRKO.POZEN: Fichier envoyé: D:\kerberos.htx\a trier\office 2017\office 2007 free\Microsoft.Office.Professional.2007.FR.By Gervais\ADMIN\JA-JP\OCTRES.DLL (424,78 K/S -   434 976 bytes)
[20:06:55] - [4] MIRKO.POZEN: Début du Téléchargement de: D:\kerberos.htx\a trier\office 2017\office 2007 free\Microsoft.Office.Professional.2007.FR.By Gervais\ADMIN\JA-JP\OFFICE12.OPA
[20:06:55] - [4] MIRKO.POZEN: Fichier envoyé: D:\kerberos.htx\a trier\office 2017\office 2007 free\Microsoft.Office.Professional.2007.FR.By Gervais\ADMIN\JA-JP\OFFICE12.OPA (612,56 K/S -   627 264 bytes)
[20:06:55] - [4] MIRKO.POZEN: Début du Téléchargement de: D:\kerberos.htx\a trier\office 2017\office 2007 free\Microsoft.Office.Professional.2007.FR.By Gervais\ADMIN\JA-JP\ONENT12.OPA
[20:06:55] - [4] MIRKO.POZEN: Fichier envoyé: D:\kerberos.htx\a trier\office 2017\office 2007 free\Microsoft.Office.Professional.2007.FR.By Gervais\ADMIN\JA-JP\ONENT12.OPA (81,56 K/S -   83 518 bytes)
[20:06:55] - [4] MIRKO.POZEN: Début du Téléchargement de: D:\kerberos.htx\a trier\office 2017\office 2007 free\Microsoft.Office.Professional.2007.FR.By Gervais\ADMIN\JA-JP\OUTLK12.OPA
[20:06:55] - [4] MIRKO.POZEN: Fichier envoyé: D:\kerberos.htx\a trier\office 2017\office 2007 free\Microsoft.Office.Professional.2007.FR.By Gervais\ADMIN\JA-JP\OUTLK12.OPA (384,50 K/S -   393 730 bytes)
[20:06:55] - [4] MIRKO.POZEN: Début du Téléchargement de: D:\kerberos.htx\a trier\office 2017\office 2007 free\Microsoft.Office.Professional.2007.FR.By Gervais\ADMIN\JA-JP\PPT12.OPA
[20:06:56] - [4] MIRKO.POZEN: Fichier envoyé: D:\kerberos.htx\a trier\office 2017\office 2007 free\Microsoft.Office.Professional.2007.FR.By Gervais\ADMIN\JA-JP\PPT12.OPA (90,16 K/S -   92 328 bytes)
[20:06:56] - [4] MIRKO.POZEN: Début du Téléchargement de: D:\kerberos.htx\a trier\office 2017\office 2007 free\Microsoft.Office.Professional.2007.FR.By Gervais\ADMIN\JA-JP\PROJ12.OPA
[20:06:56] - [4] MIRKO.POZEN: Fichier envoyé: D:\kerberos.htx\a trier\office 2017\office 2007 free\Microsoft.Office.Professional.2007.FR.By Gervais\ADMIN\JA-JP\PROJ12.OPA (150,44 K/S -   154 054 bytes)
[20:06:56] - [4] MIRKO.POZEN: Début du Téléchargement de: D:\kerberos.htx\a trier\office 2017\office 2007 free\Microsoft.Office.Professional.2007.FR.By Gervais\ADMIN\JA-JP\PUB12.OPA
[20:06:56] - [4] MIRKO.POZEN: Fichier envoyé: D:\kerberos.htx\a trier\office 2017\office 2007 free\Microsoft.Office.Professional.2007.FR.By Gervais\ADMIN\JA-JP\PUB12.OPA (28,65 K/S -   29 336 bytes)
[20:06:56] - [4] MIRKO.POZEN: Début du Téléchargement de: D:\kerberos.htx\a trier\office 2017\office 2007 free\Microsoft.Office.Professional.2007.FR.By Gervais\ADMIN\JA-JP\SPD12.OPA
[20:06:56] - [4] MIRKO.POZEN: Fichier envoyé: D:\kerberos.htx\a trier\office 2017\office 2007 free\Microsoft.Office.Professional.2007.FR.By Gervais\ADMIN\JA-JP\SPD12.OPA (13,92 K/S -   14 254 bytes)
[20:06:56] - [4] MIRKO.POZEN: Début du Téléchargement de: D:\kerberos.htx\a trier\office 2017\office 2007 free\Microsoft.Office.Professional.2007.FR.By Gervais\ADMIN\JA-JP\VISIO12.OPA
[20:06:57] - [4] MIRKO.POZEN: Fichier envoyé: D:\kerberos.htx\a trier\office 2017\office 2007 free\Microsoft.Office.Professional.2007.FR.By Gervais\ADMIN\JA-JP\VISIO12.OPA (105,22 K/S -   107 742 bytes)
[20:06:57] - [4] MIRKO.POZEN: Début du Téléchargement de: D:\kerberos.htx\a trier\office 2017\office 2007 free\Microsoft.Office.Professional.2007.FR.By Gervais\ADMIN\JA-JP\WORD12.OPA
[20:06:57] - [4] MIRKO.POZEN: Fichier envoyé: D:\kerberos.htx\a trier\office 2017\office 2007 free\Microsoft.Office.Professional.2007.FR.By Gervais\ADMIN\JA-JP\WORD12.OPA (211,00 K/S -   216 060 bytes)
[20:06:57] - [4] MIRKO.POZEN: Répertoire en Cours: D:\kerberos.htx\a trier\office 2017\office 2007 free\Microsoft.Office.Professional.2007.FR.By Gervais\ADMIN\IT-IT\
[20:06:57] - [4] MIRKO.POZEN: Début du Téléchargement de: D:\kerberos.htx\a trier\office 2017\office 2007 free\Microsoft.Office.Professional.2007.FR.By Gervais\ADMIN\IT-IT\ACCESS12.OPA
[20:06:57] - [4] MIRKO.POZEN: Fichier envoyé: D:\kerberos.htx\a trier\office 2017\office 2007 free\Microsoft.Office.Professional.2007.FR.By Gervais\ADMIN\IT-IT\ACCESS12.OPA (52,88 K/S -   54 144 bytes)
[20:06:57] - [4] MIRKO.POZEN: Début du Téléchargement de: D:\kerberos.htx\a trier\office 2017\office 2007 free\Microsoft.Office.Professional.2007.FR.By Gervais\ADMIN\IT-IT\CPAO12.OPA
[20:06:57] - [4] MIRKO.POZEN: Fichier envoyé: D:\kerberos.htx\a trier\office 2017\office 2007 free\Microsoft.Office.Professional.2007.FR.By Gervais\ADMIN\IT-IT\CPAO12.OPA (26,94 K/S -   27 588 bytes)
[20:06:57] - [4] MIRKO.POZEN: Début du Téléchargement de: D:\kerberos.htx\a trier\office 2017\office 2007 free\Microsoft.Office.Professional.2007.FR.By Gervais\ADMIN\IT-IT\EXCEL12.OPA
[20:06:58] - [4] MIRKO.POZEN: Fichier envoyé: D:\kerberos.htx\a trier\office 2017\office 2007 free\Microsoft.Office.Professional.2007.FR.By Gervais\ADMIN\IT-IT\EXCEL12.OPA (150,46 K/S -   154 076 bytes)
[20:06:58] - [4] MIRKO.POZEN: Début du Téléchargement de: D:\kerberos.htx\a trier\office 2017\office 2007 free\Microsoft.Office.Professional.2007.FR.By Gervais\ADMIN\IT-IT\GROOVE12.OPA
[20:06:58] - [4] MIRKO.POZEN: Fichier envoyé: D:\kerberos.htx\a trier\office 2017\office 2007 free\Microsoft.Office.Professional.2007.FR.By Gervais\ADMIN\IT-IT\GROOVE12.OPA (3,86 K/S -   3 956 bytes)
[20:06:58] - [4] MIRKO.POZEN: Début du Téléchargement de: D:\kerberos.htx\a trier\office 2017\office 2007 free\Microsoft.Office.Professional.2007.FR.By Gervais\ADMIN\IT-IT\IC12.OPA
[20:06:58] - [4] MIRKO.POZEN: Fichier envoyé: D:\kerberos.htx\a trier\office 2017\office 2007 free\Microsoft.Office.Professional.2007.FR.By Gervais\ADMIN\IT-IT\IC12.OPA (9,48 K/S -   9 712 bytes)
[20:06:58] - [4] MIRKO.POZEN: Début du Téléchargement de: D:\kerberos.htx\a trier\office 2017\office 2007 free\Microsoft.Office.Professional.2007.FR.By Gervais\ADMIN\IT-IT\INF12.OPA
[20:06:59] - [4] MIRKO.POZEN: Fichier envoyé: D:\kerberos.htx\a trier\office 2017\office 2007 free\Microsoft.Office.Professional.2007.FR.By Gervais\ADMIN\IT-IT\INF12.OPA (128,64 K/S -   131 730 bytes)
[20:06:59] - [4] MIRKO.POZEN: Début du Téléchargement de: D:\kerberos.htx\a trier\office 2017\office 2007 free\Microsoft.Office.Professional.2007.FR.By Gervais\ADMIN\IT-IT\OCT.CHM
[20:06:59] - [4] MIRKO.POZEN: Fichier envoyé: D:\kerberos.htx\a trier\office 2017\office 2007 free\Microsoft.Office.Professional.2007.FR.By Gervais\ADMIN\IT-IT\OCT.CHM (54,34 K/S -   55 644 bytes)
[20:06:59] - [4] MIRKO.POZEN: Début du Téléchargement de: D:\kerberos.htx\a trier\office 2017\office 2007 free\Microsoft.Office.Professional.2007.FR.By Gervais\ADMIN\IT-IT\OCTRES.DLL
[20:06:59] - [4] MIRKO.POZEN: Fichier envoyé: D:\kerberos.htx\a trier\office 2017\office 2007 free\Microsoft.Office.Professional.2007.FR.By Gervais\ADMIN\IT-IT\OCTRES.DLL (425,38 K/S -   435 584 bytes)
[20:06:59] - [4] MIRKO.POZEN: Début du Téléchargement de: D:\kerberos.htx\a trier\office 2017\office 2007 free\Microsoft.Office.Professional.2007.FR.By Gervais\ADMIN\IT-IT\OFFICE12.OPA
[20:07:00] - [4] MIRKO.POZEN: Fichier envoyé: D:\kerberos.htx\a trier\office 2017\office 2007 free\Microsoft.Office.Professional.2007.FR.By Gervais\ADMIN\IT-IT\OFFICE12.OPA (715,54 K/S -   732 710 bytes)
[20:07:00] - [4] MIRKO.POZEN: Début du Téléchargement de: D:\kerberos.htx\a trier\office 2017\office 2007 free\Microsoft.Office.Professional.2007.FR.By Gervais\ADMIN\IT-IT\ONENT12.OPA
[20:07:00] - [4] MIRKO.POZEN: Fichier envoyé: D:\kerberos.htx\a trier\office 2017\office 2007 free\Microsoft.Office.Professional.2007.FR.By Gervais\ADMIN\IT-IT\ONENT12.OPA (101,66 K/S -   104 096 bytes)
[20:07:00] - [4] MIRKO.POZEN: Début du Téléchargement de: D:\kerberos.htx\a trier\office 2017\office 2007 free\Microsoft.Office.Professional.2007.FR.By Gervais\ADMIN\IT-IT\OUTLK12.OPA
[20:07:00] - [4] MIRKO.POZEN: Fichier envoyé: D:\kerberos.htx\a trier\office 2017\office 2007 free\Microsoft.Office.Professional.2007.FR.By Gervais\ADMIN\IT-IT\OUTLK12.OPA (499,91 K/S -   511 912 bytes)
[20:07:00] - [4] MIRKO.POZEN: Début du Téléchargement de: D:\kerberos.htx\a trier\office 2017\office 2007 free\Microsoft.Office.Professional.2007.FR.By Gervais\ADMIN\IT-IT\PPT12.OPA
[20:07:00] - [4] MIRKO.POZEN: Fichier envoyé: D:\kerberos.htx\a trier\office 2017\office 2007 free\Microsoft.Office.Professional.2007.FR.By Gervais\ADMIN\IT-IT\PPT12.OPA (103,62 K/S -   106 102 bytes)
[20:07:01] - [4] MIRKO.POZEN: Début du Téléchargement de: D:\kerberos.htx\a trier\office 2017\office 2007 free\Microsoft.Office.Professional.2007.FR.By Gervais\ADMIN\IT-IT\PROJ12.OPA
[20:07:01] - [4] MIRKO.POZEN: Fichier envoyé: D:\kerberos.htx\a trier\office 2017\office 2007 free\Microsoft.Office.Professional.2007.FR.By Gervais\ADMIN\IT-IT\PROJ12.OPA (197,96 K/S -   202 708 bytes)
[20:07:01] - [4] MIRKO.POZEN: Début du Téléchargement de: D:\kerberos.htx\a trier\office 2017\office 2007 free\Microsoft.Office.Professional.2007.FR.By Gervais\ADMIN\IT-IT\PUB12.OPA
[20:07:01] - [4] MIRKO.POZEN: Fichier envoyé: D:\kerberos.htx\a trier\office 2017\office 2007 free\Microsoft.Office.Professional.2007.FR.By Gervais\ADMIN\IT-IT\PUB12.OPA (32,96 K/S -   33 752 bytes)
[20:07:01] - [4] MIRKO.POZEN: Début du Téléchargement de: D:\kerberos.htx\a trier\office 2017\office 2007 free\Microsoft.Office.Professional.2007.FR.By Gervais\ADMIN\IT-IT\SPD12.OPA
[20:07:01] - [4] MIRKO.POZEN: Fichier envoyé: D:\kerberos.htx\a trier\office 2017\office 2007 free\Microsoft.Office.Professional.2007.FR.By Gervais\ADMIN\IT-IT\SPD12.OPA (15,90 K/S -   16 278 bytes)
[20:07:01] - [5] MIRKO.POZEN: Fichier envoyé: D:\kerberos.htx\a trier\office 2017\office 2007 free\Microsoft.Office.Professional.2007.FR.By Gervais\PROPLUS.WW\PROPLSWW.CAB (1 957,31 K/S -  236 505 785 bytes)
[20:07:01] - [5] MIRKO.POZEN: Répertoire en Cours: D:\kerberos.htx\a trier\office 2017\office 2007 free\Microsoft.Office.Professional.2007.FR.By Gervais\ADMIN\IT-IT\
[20:07:01] - [5] MIRKO.POZEN: Début du Téléchargement de: D:\kerberos.htx\a trier\office 2017\office 2007 free\Microsoft.Office.Professional.2007.FR.By Gervais\ADMIN\IT-IT\VISIO12.OPA
[20:07:01] - [4] MIRKO.POZEN: Début du Téléchargement de: D:\kerberos.htx\a trier\office 2017\office 2007 free\Microsoft.Office.Professional.2007.FR.By Gervais\ADMIN\IT-IT\WORD12.OPA
[20:07:02] - [5] MIRKO.POZEN: Fichier envoyé: D:\kerberos.htx\a trier\office 2017\office 2007 free\Microsoft.Office.Professional.2007.FR.By Gervais\ADMIN\IT-IT\VISIO12.OPA (128,99 K/S -   132 088 bytes)
[20:07:02] - [5] MIRKO.POZEN: Répertoire en Cours: D:\kerberos.htx\a trier\office 2017\office 2007 free\Microsoft.Office.Professional.2007.FR.By Gervais\ADMIN\FR-FR\
[20:07:02] - [5] MIRKO.POZEN: Début du Téléchargement de: D:\kerberos.htx\a trier\office 2017\office 2007 free\Microsoft.Office.Professional.2007.FR.By Gervais\ADMIN\FR-FR\ACCESS12.OPA
[20:07:02] - [4] MIRKO.POZEN: Fichier envoyé: D:\kerberos.htx\a trier\office 2017\office 2007 free\Microsoft.Office.Professional.2007.FR.By Gervais\ADMIN\IT-IT\WORD12.OPA (241,66 K/S -   247 464 bytes)
[20:07:02] - [4] MIRKO.POZEN: Répertoire en Cours: D:\kerberos.htx\a trier\office 2017\office 2007 free\Microsoft.Office.Professional.2007.FR.By Gervais\ADMIN\FR-FR\
[20:07:02] - [5] MIRKO.POZEN: Fichier envoyé: D:\kerberos.htx\a trier\office 2017\office 2007 free\Microsoft.Office.Professional.2007.FR.By Gervais\ADMIN\FR-FR\ACCESS12.OPA (52,46 K/S -   53 716 bytes)
[20:07:02] - [4] MIRKO.POZEN: Début du Téléchargement de: D:\kerberos.htx\a trier\office 2017\office 2007 free\Microsoft.Office.Professional.2007.FR.By Gervais\ADMIN\FR-FR\CPAO12.OPA
[20:07:02] - [5] MIRKO.POZEN: Début du Téléchargement de: D:\kerberos.htx\a trier\office 2017\office 2007 free\Microsoft.Office.Professional.2007.FR.By Gervais\ADMIN\FR-FR\EXCEL12.OPA
[20:07:02] - [4] MIRKO.POZEN: Fichier envoyé: D:\kerberos.htx\a trier\office 2017\office 2007 free\Microsoft.Office.Professional.2007.FR.By Gervais\ADMIN\FR-FR\CPAO12.OPA (26,17 K/S -   26 800 bytes)
[20:07:02] - [4] MIRKO.POZEN: Début du Téléchargement de: D:\kerberos.htx\a trier\office 2017\office 2007 free\Microsoft.Office.Professional.2007.FR.By Gervais\ADMIN\FR-FR\GROOVE12.OPA
[20:07:02] - [4] MIRKO.POZEN: Fichier envoyé: D:\kerberos.htx\a trier\office 2017\office 2007 free\Microsoft.Office.Professional.2007.FR.By Gervais\ADMIN\FR-FR\GROOVE12.OPA (3,74 K/S -   3 832 bytes)
[20:07:02] - [5] MIRKO.POZEN: Fichier envoyé: D:\kerberos.htx\a trier\office 2017\office 2007 free\Microsoft.Office.Professional.2007.FR.By Gervais\ADMIN\FR-FR\EXCEL12.OPA (148,39 K/S -   151 952 bytes)
[20:07:02] - [5] MIRKO.POZEN: Début du Téléchargement de: D:\kerberos.htx\a trier\office 2017\office 2007 free\Microsoft.Office.Professional.2007.FR.By Gervais\ADMIN\FR-FR\IC12.OPA
[20:07:02] - [5] MIRKO.POZEN: Fichier envoyé: D:\kerberos.htx\a trier\office 2017\office 2007 free\Microsoft.Office.Professional.2007.FR.By Gervais\ADMIN\FR-FR\IC12.OPA (9,17 K/S -   9 390 bytes)
[20:07:02] - [4] MIRKO.POZEN: Début du Téléchargement de: D:\kerberos.htx\a trier\office 2017\office 2007 free\Microsoft.Office.Professional.2007.FR.By Gervais\ADMIN\FR-FR\INF12.OPA
[20:07:02] - [4] MIRKO.POZEN: Fichier envoyé: D:\kerberos.htx\a trier\office 2017\office 2007 free\Microsoft.Office.Professional.2007.FR.By Gervais\ADMIN\FR-FR\INF12.OPA (128,53 K/S -   131 614 bytes)
[20:07:03] - [5] MIRKO.POZEN: Début du Téléchargement de: D:\kerberos.htx\a trier\office 2017\office 2007 free\Microsoft.Office.Professional.2007.FR.By Gervais\ADMIN\FR-FR\OCT.CHM
[20:07:03] - [5] MIRKO.POZEN: Fichier envoyé: D:\kerberos.htx\a trier\office 2017\office 2007 free\Microsoft.Office.Professional.2007.FR.By Gervais\ADMIN\FR-FR\OCT.CHM (54,97 K/S -   56 288 bytes)
[20:07:03] - [4] MIRKO.POZEN: Début du Téléchargement de: D:\kerberos.htx\a trier\office 2017\office 2007 free\Microsoft.Office.Professional.2007.FR.By Gervais\ADMIN\FR-FR\OCTRES.DLL
[20:07:03] - [5] MIRKO.POZEN: Début du Téléchargement de: D:\kerberos.htx\a trier\office 2017\office 2007 free\Microsoft.Office.Professional.2007.FR.By Gervais\ADMIN\FR-FR\OFFICE12.OPA
[20:07:03] - [4] MIRKO.POZEN: Fichier envoyé: D:\kerberos.htx\a trier\office 2017\office 2007 free\Microsoft.Office.Professional.2007.FR.By Gervais\ADMIN\FR-FR\OCTRES.DLL (429,86 K/S -   440 176 bytes)
[20:07:03] - [4] MIRKO.POZEN: Début du Téléchargement de: D:\kerberos.htx\a trier\office 2017\office 2007 free\Microsoft.Office.Professional.2007.FR.By Gervais\ADMIN\FR-FR\ONENT12.OPA
[20:07:03] - [4] MIRKO.POZEN: Fichier envoyé: D:\kerberos.htx\a trier\office 2017\office 2007 free\Microsoft.Office.Professional.2007.FR.By Gervais\ADMIN\FR-FR\ONENT12.OPA (99,68 K/S -   102 070 bytes)
[20:07:03] - [5] MIRKO.POZEN: Fichier envoyé: D:\kerberos.htx\a trier\office 2017\office 2007 free\Microsoft.Office.Professional.2007.FR.By Gervais\ADMIN\FR-FR\OFFICE12.OPA (697,40 K/S -   714 136 bytes)
[20:07:03] - [5] MIRKO.POZEN: Début du Téléchargement de: D:\kerberos.htx\a trier\office 2017\office 2007 free\Microsoft.Office.Professional.2007.FR.By Gervais\ADMIN\FR-FR\OUTLK12.OPA
[20:07:03] - [4] MIRKO.POZEN: Début du Téléchargement de: D:\kerberos.htx\a trier\office 2017\office 2007 free\Microsoft.Office.Professional.2007.FR.By Gervais\ADMIN\FR-FR\PPT12.OPA
[20:07:04] - [4] MIRKO.POZEN: Fichier envoyé: D:\kerberos.htx\a trier\office 2017\office 2007 free\Microsoft.Office.Professional.2007.FR.By Gervais\ADMIN\FR-FR\PPT12.OPA (102,56 K/S -   105 022 bytes)
[20:07:04] - [5] MIRKO.POZEN: Fichier envoyé: D:\kerberos.htx\a trier\office 2017\office 2007 free\Microsoft.Office.Professional.2007.FR.By Gervais\ADMIN\FR-FR\OUTLK12.OPA (488,15 K/S -   499 862 bytes)
[20:07:04] - [5] MIRKO.POZEN: Début du Téléchargement de: D:\kerberos.htx\a trier\office 2017\office 2007 free\Microsoft.Office.Professional.2007.FR.By Gervais\ADMIN\FR-FR\PROJ12.OPA
[20:07:04] - [4] MIRKO.POZEN: Début du Téléchargement de: D:\kerberos.htx\a trier\office 2017\office 2007 free\Microsoft.Office.Professional.2007.FR.By Gervais\ADMIN\FR-FR\PUB12.OPA
[20:07:04] - [4] MIRKO.POZEN: Fichier envoyé: D:\kerberos.htx\a trier\office 2017\office 2007 free\Microsoft.Office.Professional.2007.FR.By Gervais\ADMIN\FR-FR\PUB12.OPA (32,45 K/S -   33 232 bytes)
[20:07:04] - [5] MIRKO.POZEN: Fichier envoyé: D:\kerberos.htx\a trier\office 2017\office 2007 free\Microsoft.Office.Professional.2007.FR.By Gervais\ADMIN\FR-FR\PROJ12.OPA (194,79 K/S -   199 460 bytes)
[20:07:04] - [5] MIRKO.POZEN: Début du Téléchargement de: D:\kerberos.htx\a trier\office 2017\office 2007 free\Microsoft.Office.Professional.2007.FR.By Gervais\ADMIN\FR-FR\SPD12.OPA
[20:07:04] - [4] MIRKO.POZEN: Début du Téléchargement de: D:\kerberos.htx\a trier\office 2017\office 2007 free\Microsoft.Office.Professional.2007.FR.By Gervais\ADMIN\FR-FR\VISIO12.OPA
[20:07:04] - [5] MIRKO.POZEN: Fichier envoyé: D:\kerberos.htx\a trier\office 2017\office 2007 free\Microsoft.Office.Professional.2007.FR.By Gervais\ADMIN\FR-FR\SPD12.OPA (15,66 K/S -   16 034 bytes)
[20:07:04] - [5] MIRKO.POZEN: Début du Téléchargement de: D:\kerberos.htx\a trier\office 2017\office 2007 free\Microsoft.Office.Professional.2007.FR.By Gervais\ADMIN\FR-FR\WORD12.OPA
[20:07:05] - [4] MIRKO.POZEN: Fichier envoyé: D:\kerberos.htx\a trier\office 2017\office 2007 free\Microsoft.Office.Professional.2007.FR.By Gervais\ADMIN\FR-FR\VISIO12.OPA (128,22 K/S -   131 296 bytes)
[20:07:05] - [4] MIRKO.POZEN: Répertoire en Cours: D:\kerberos.htx\a trier\office 2017\office 2007 free\Microsoft.Office.Professional.2007.FR.By Gervais\ADMIN\ES-ES\
[20:07:05] - [4] MIRKO.POZEN: Début du Téléchargement de: D:\kerberos.htx\a trier\office 2017\office 2007 free\Microsoft.Office.Professional.2007.FR.By Gervais\ADMIN\ES-ES\ACCESS12.OPA
[20:07:05] - [4] MIRKO.POZEN: Fichier envoyé: D:\kerberos.htx\a trier\office 2017\office 2007 free\Microsoft.Office.Professional.2007.FR.By Gervais\ADMIN\ES-ES\ACCESS12.OPA (52,21 K/S -   53 464 bytes)
[20:07:05] - [5] MIRKO.POZEN: Fichier envoyé: D:\kerberos.htx\a trier\office 2017\office 2007 free\Microsoft.Office.Professional.2007.FR.By Gervais\ADMIN\FR-FR\WORD12.OPA (238,69 K/S -   244 414 bytes)
[20:07:05] - [5] MIRKO.POZEN: Répertoire en Cours: D:\kerberos.htx\a trier\office 2017\office 2007 free\Microsoft.Office.Professional.2007.FR.By Gervais\ADMIN\ES-ES\
[20:07:05] - [4] MIRKO.POZEN: Début du Téléchargement de: D:\kerberos.htx\a trier\office 2017\office 2007 free\Microsoft.Office.Professional.2007.FR.By Gervais\ADMIN\ES-ES\EXCEL12.OPA
[20:07:05] - [5] MIRKO.POZEN: Début du Téléchargement de: D:\kerberos.htx\a trier\office 2017\office 2007 free\Microsoft.Office.Professional.2007.FR.By Gervais\ADMIN\ES-ES\CPAO12.OPA
[20:07:05] - [5] MIRKO.POZEN: Fichier envoyé: D:\kerberos.htx\a trier\office 2017\office 2007 free\Microsoft.Office.Professional.2007.FR.By Gervais\ADMIN\ES-ES\CPAO12.OPA (26,64 K/S -   27 276 bytes)
[20:07:05] - [4] MIRKO.POZEN: Fichier envoyé: D:\kerberos.htx\a trier\office 2017\office 2007 free\Microsoft.Office.Professional.2007.FR.By Gervais\ADMIN\ES-ES\EXCEL12.OPA (149,25 K/S -   152 834 bytes)
[20:07:05] - [4] MIRKO.POZEN: Début du Téléchargement de: D:\kerberos.htx\a trier\office 2017\office 2007 free\Microsoft.Office.Professional.2007.FR.By Gervais\ADMIN\ES-ES\GROOVE12.OPA
[20:07:05] - [4] MIRKO.POZEN: Fichier envoyé: D:\kerberos.htx\a trier\office 2017\office 2007 free\Microsoft.Office.Professional.2007.FR.By Gervais\ADMIN\ES-ES\GROOVE12.OPA (3,81 K/S -   3 900 bytes)
[20:07:05] - [5] MIRKO.POZEN: Début du Téléchargement de: D:\kerberos.htx\a trier\office 2017\office 2007 free\Microsoft.Office.Professional.2007.FR.By Gervais\ADMIN\ES-ES\IC12.OPA
[20:07:05] - [5] MIRKO.POZEN: Fichier envoyé: D:\kerberos.htx\a trier\office 2017\office 2007 free\Microsoft.Office.Professional.2007.FR.By Gervais\ADMIN\ES-ES\IC12.OPA (8,96 K/S -   9 172 bytes)
[20:07:06] - [4] MIRKO.POZEN: Début du Téléchargement de: D:\kerberos.htx\a trier\office 2017\office 2007 free\Microsoft.Office.Professional.2007.FR.By Gervais\ADMIN\ES-ES\INF12.OPA
[20:07:06] - [4] MIRKO.POZEN: Fichier envoyé: D:\kerberos.htx\a trier\office 2017\office 2007 free\Microsoft.Office.Professional.2007.FR.By Gervais\ADMIN\ES-ES\INF12.OPA (129,76 K/S -   132 876 bytes)
[20:07:06] - [5] MIRKO.POZEN: Début du Téléchargement de: D:\kerberos.htx\a trier\office 2017\office 2007 free\Microsoft.Office.Professional.2007.FR.By Gervais\ADMIN\ES-ES\OCT.CHM
[20:07:06] - [4] MIRKO.POZEN: Début du Téléchargement de: D:\kerberos.htx\a trier\office 2017\office 2007 free\Microsoft.Office.Professional.2007.FR.By Gervais\ADMIN\ES-ES\OCTRES.DLL
[20:07:06] - [5] MIRKO.POZEN: Fichier envoyé: D:\kerberos.htx\a trier\office 2017\office 2007 free\Microsoft.Office.Professional.2007.FR.By Gervais\ADMIN\ES-ES\OCT.CHM (55,12 K/S -   56 444 bytes)
[20:07:06] - [5] MIRKO.POZEN: Début du Téléchargement de: D:\kerberos.htx\a trier\office 2017\office 2007 free\Microsoft.Office.Professional.2007.FR.By Gervais\ADMIN\ES-ES\OFFICE12.OPA
[20:07:07] - [4] MIRKO.POZEN: Fichier envoyé: D:\kerberos.htx\a trier\office 2017\office 2007 free\Microsoft.Office.Professional.2007.FR.By Gervais\ADMIN\ES-ES\OCTRES.DLL (428,38 K/S -   438 656 bytes)
[20:07:07] - [4] MIRKO.POZEN: Début du Téléchargement de: D:\kerberos.htx\a trier\office 2017\office 2007 free\Microsoft.Office.Professional.2007.FR.By Gervais\ADMIN\ES-ES\ONENT12.OPA
[20:07:07] - [4] MIRKO.POZEN: Fichier envoyé: D:\kerberos.htx\a trier\office 2017\office 2007 free\Microsoft.Office.Professional.2007.FR.By Gervais\ADMIN\ES-ES\ONENT12.OPA (98,99 K/S -   101 370 bytes)
[20:07:07] - [4] MIRKO.POZEN: Début du Téléchargement de: D:\kerberos.htx\a trier\office 2017\office 2007 free\Microsoft.Office.Professional.2007.FR.By Gervais\ADMIN\ES-ES\OUTLK12.OPA
[20:07:07] - [5] MIRKO.POZEN: Fichier envoyé: D:\kerberos.htx\a trier\office 2017\office 2007 free\Microsoft.Office.Professional.2007.FR.By Gervais\ADMIN\ES-ES\OFFICE12.OPA (700,86 K/S -   717 684 bytes)
[20:07:07] - [5] MIRKO.POZEN: Début du Téléchargement de: D:\kerberos.htx\a trier\office 2017\office 2007 free\Microsoft.Office.Professional.2007.FR.By Gervais\ADMIN\ES-ES\PPT12.OPA
[20:07:08] - [5] MIRKO.POZEN: Fichier envoyé: D:\kerberos.htx\a trier\office 2017\office 2007 free\Microsoft.Office.Professional.2007.FR.By Gervais\ADMIN\ES-ES\PPT12.OPA (102,04 K/S -   104 494 bytes)
[20:07:08] - [5] MIRKO.POZEN: Début du Téléchargement de: D:\kerberos.htx\a trier\office 2017\office 2007 free\Microsoft.Office.Professional.2007.FR.By Gervais\ADMIN\ES-ES\PROJ12.OPA
[20:07:08] - [4] MIRKO.POZEN: Fichier envoyé: D:\kerberos.htx\a trier\office 2017\office 2007 free\Microsoft.Office.Professional.2007.FR.By Gervais\ADMIN\ES-ES\OUTLK12.OPA (493,28 K/S -   505 120 bytes)
[20:07:08] - [4] MIRKO.POZEN: Début du Téléchargement de: D:\kerberos.htx\a trier\office 2017\office 2007 free\Microsoft.Office.Professional.2007.FR.By Gervais\ADMIN\ES-ES\PUB12.OPA
[20:07:08] - [4] MIRKO.POZEN: Fichier envoyé: D:\kerberos.htx\a trier\office 2017\office 2007 free\Microsoft.Office.Professional.2007.FR.By Gervais\ADMIN\ES-ES\PUB12.OPA (32,44 K/S -   33 216 bytes)
[20:07:08] - [5] MIRKO.POZEN: Fichier envoyé: D:\kerberos.htx\a trier\office 2017\office 2007 free\Microsoft.Office.Professional.2007.FR.By Gervais\ADMIN\ES-ES\PROJ12.OPA (192,28 K/S -   196 894 bytes)
[20:07:08] - [5] MIRKO.POZEN: Début du Téléchargement de: D:\kerberos.htx\a trier\office 2017\office 2007 free\Microsoft.Office.Professional.2007.FR.By Gervais\ADMIN\ES-ES\SPD12.OPA
[20:07:09] - [5] MIRKO.POZEN: Fichier envoyé: D:\kerberos.htx\a trier\office 2017\office 2007 free\Microsoft.Office.Professional.2007.FR.By Gervais\ADMIN\ES-ES\SPD12.OPA (15,76 K/S -   16 134 bytes)
[20:07:09] - [4] MIRKO.POZEN: Début du Téléchargement de: D:\kerberos.htx\a trier\office 2017\office 2007 free\Microsoft.Office.Professional.2007.FR.By Gervais\ADMIN\ES-ES\VISIO12.OPA
[20:07:09] - [5] MIRKO.POZEN: Début du Téléchargement de: D:\kerberos.htx\a trier\office 2017\office 2007 free\Microsoft.Office.Professional.2007.FR.By Gervais\ADMIN\ES-ES\WORD12.OPA
[20:07:09] - [4] MIRKO.POZEN: Fichier envoyé: D:\kerberos.htx\a trier\office 2017\office 2007 free\Microsoft.Office.Professional.2007.FR.By Gervais\ADMIN\ES-ES\VISIO12.OPA (126,97 K/S -   130 014 bytes)
[20:07:09] - [4] MIRKO.POZEN: Répertoire en Cours: D:\kerberos.htx\a trier\office 2017\office 2007 free\Microsoft.Office.Professional.2007.FR.By Gervais\ADMIN\EN-US\
[20:07:09] - [4] MIRKO.POZEN: Début du Téléchargement de: D:\kerberos.htx\a trier\office 2017\office 2007 free\Microsoft.Office.Professional.2007.FR.By Gervais\ADMIN\EN-US\ACCESS12.OPA
[20:07:09] - [4] MIRKO.POZEN: Fichier envoyé: D:\kerberos.htx\a trier\office 2017\office 2007 free\Microsoft.Office.Professional.2007.FR.By Gervais\ADMIN\EN-US\ACCESS12.OPA (49,43 K/S -   50 614 bytes)
[20:07:09] - [5] MIRKO.POZEN: Fichier envoyé: D:\kerberos.htx\a trier\office 2017\office 2007 free\Microsoft.Office.Professional.2007.FR.By Gervais\ADMIN\ES-ES\WORD12.OPA (237,87 K/S -   243 578 bytes)
[20:07:09] - [5] MIRKO.POZEN: Répertoire en Cours: D:\kerberos.htx\a trier\office 2017\office 2007 free\Microsoft.Office.Professional.2007.FR.By Gervais\ADMIN\EN-US\
[20:07:09] - [5] MIRKO.POZEN: Début du Téléchargement de: D:\kerberos.htx\a trier\office 2017\office 2007 free\Microsoft.Office.Professional.2007.FR.By Gervais\ADMIN\EN-US\CPAO12.OPA
[20:07:09] - [4] MIRKO.POZEN: Début du Téléchargement de: D:\kerberos.htx\a trier\office 2017\office 2007 free\Microsoft.Office.Professional.2007.FR.By Gervais\ADMIN\EN-US\EXCEL12.OPA
[20:07:09] - [5] MIRKO.POZEN: Fichier envoyé: D:\kerberos.htx\a trier\office 2017\office 2007 free\Microsoft.Office.Professional.2007.FR.By Gervais\ADMIN\EN-US\CPAO12.OPA (24,32 K/S -   24 904 bytes)
[20:07:09] - [5] MIRKO.POZEN: Début du Téléchargement de: D:\kerberos.htx\a trier\office 2017\office 2007 free\Microsoft.Office.Professional.2007.FR.By Gervais\ADMIN\EN-US\GROOVE12.OPA
[20:07:09] - [5] MIRKO.POZEN: Fichier envoyé: D:\kerberos.htx\a trier\office 2017\office 2007 free\Microsoft.Office.Professional.2007.FR.By Gervais\ADMIN\EN-US\GROOVE12.OPA (3,54 K/S -   3 626 bytes)
[20:07:09] - [4] MIRKO.POZEN: Fichier envoyé: D:\kerberos.htx\a trier\office 2017\office 2007 free\Microsoft.Office.Professional.2007.FR.By Gervais\ADMIN\EN-US\EXCEL12.OPA (139,77 K/S -   143 128 bytes)
[20:07:09] - [4] MIRKO.POZEN: Début du Téléchargement de: D:\kerberos.htx\a trier\office 2017\office 2007 free\Microsoft.Office.Professional.2007.FR.By Gervais\ADMIN\EN-US\IC12.OPA
[20:07:09] - [4] MIRKO.POZEN: Fichier envoyé: D:\kerberos.htx\a trier\office 2017\office 2007 free\Microsoft.Office.Professional.2007.FR.By Gervais\ADMIN\EN-US\IC12.OPA (8,43 K/S -   8 628 bytes)
[20:07:10] - [5] MIRKO.POZEN: Début du Téléchargement de: D:\kerberos.htx\a trier\office 2017\office 2007 free\Microsoft.Office.Professional.2007.FR.By Gervais\ADMIN\EN-US\INF12.OPA
[20:07:10] - [5] MIRKO.POZEN: Fichier envoyé: D:\kerberos.htx\a trier\office 2017\office 2007 free\Microsoft.Office.Professional.2007.FR.By Gervais\ADMIN\EN-US\INF12.OPA (113,54 K/S -   116 266 bytes)
[20:07:10] - [4] MIRKO.POZEN: Début du Téléchargement de: D:\kerberos.htx\a trier\office 2017\office 2007 free\Microsoft.Office.Professional.2007.FR.By Gervais\ADMIN\EN-US\OCT.CHM
[20:07:10] - [5] MIRKO.POZEN: Début du Téléchargement de: D:\kerberos.htx\a trier\office 2017\office 2007 free\Microsoft.Office.Professional.2007.FR.By Gervais\ADMIN\EN-US\OCTRES.DLL
[20:07:10] - [4] MIRKO.POZEN: Fichier envoyé: D:\kerberos.htx\a trier\office 2017\office 2007 free\Microsoft.Office.Professional.2007.FR.By Gervais\ADMIN\EN-US\OCT.CHM (56,33 K/S -   57 678 bytes)
[20:07:10] - [4] MIRKO.POZEN: Début du Téléchargement de: D:\kerberos.htx\a trier\office 2017\office 2007 free\Microsoft.Office.Professional.2007.FR.By Gervais\ADMIN\EN-US\OFFICE12.OPA
[20:07:11] - [5] MIRKO.POZEN: Fichier envoyé: D:\kerberos.htx\a trier\office 2017\office 2007 free\Microsoft.Office.Professional.2007.FR.By Gervais\ADMIN\EN-US\OCTRES.DLL (411,34 K/S -   421 208 bytes)
[20:07:11] - [5] MIRKO.POZEN: Début du Téléchargement de: D:\kerberos.htx\a trier\office 2017\office 2007 free\Microsoft.Office.Professional.2007.FR.By Gervais\ADMIN\EN-US\ONENT12.OPA
[20:07:11] - [5] MIRKO.POZEN: Fichier envoyé: D:\kerberos.htx\a trier\office 2017\office 2007 free\Microsoft.Office.Professional.2007.FR.By Gervais\ADMIN\EN-US\ONENT12.OPA (92,44 K/S -   94 656 bytes)
[20:07:11] - [5] MIRKO.POZEN: Début du Téléchargement de: D:\kerberos.htx\a trier\office 2017\office 2007 free\Microsoft.Office.Professional.2007.FR.By Gervais\ADMIN\EN-US\OUTLK12.OPA
[20:07:11] - [4] MIRKO.POZEN: Fichier envoyé: D:\kerberos.htx\a trier\office 2017\office 2007 free\Microsoft.Office.Professional.2007.FR.By Gervais\ADMIN\EN-US\OFFICE12.OPA (668,87 K/S -   684 924 bytes)
[20:07:12] - [5] MIRKO.POZEN: Fichier envoyé: D:\kerberos.htx\a trier\office 2017\office 2007 free\Microsoft.Office.Professional.2007.FR.By Gervais\ADMIN\EN-US\OUTLK12.OPA (451,06 K/S -   461 884 bytes)
[20:07:12] - [5] MIRKO.POZEN: Début du Téléchargement de: D:\kerberos.htx\a trier\office 2017\office 2007 free\Microsoft.Office.Professional.2007.FR.By Gervais\ADMIN\EN-US\PPT12.OPA
[20:07:12] - [5] MIRKO.POZEN: Fichier envoyé: D:\kerberos.htx\a trier\office 2017\office 2007 free\Microsoft.Office.Professional.2007.FR.By Gervais\ADMIN\EN-US\PPT12.OPA (97,19 K/S -   99 522 bytes)
[20:07:12] - [5] MIRKO.POZEN: Début du Téléchargement de: D:\kerberos.htx\a trier\office 2017\office 2007 free\Microsoft.Office.Professional.2007.FR.By Gervais\ADMIN\EN-US\PROJ12.OPA
[20:07:12] - [4] MIRKO.POZEN: Début du Téléchargement de: D:\kerberos.htx\a trier\office 2017\office 2007 free\Microsoft.Office.Professional.2007.FR.By Gervais\ADMIN\EN-US\PUB12.OPA
[20:07:13] - [4] MIRKO.POZEN: Fichier envoyé: D:\kerberos.htx\a trier\office 2017\office 2007 free\Microsoft.Office.Professional.2007.FR.By Gervais\ADMIN\EN-US\PUB12.OPA (30,68 K/S -   31 418 bytes)
[20:07:13] - [4] MIRKO.POZEN: Début du Téléchargement de: D:\kerberos.htx\a trier\office 2017\office 2007 free\Microsoft.Office.Professional.2007.FR.By Gervais\ADMIN\EN-US\SPD12.OPA
[20:07:13] - [4] MIRKO.POZEN: Fichier envoyé: D:\kerberos.htx\a trier\office 2017\office 2007 free\Microsoft.Office.Professional.2007.FR.By Gervais\ADMIN\EN-US\SPD12.OPA (14,86 K/S -   15 212 bytes)
[20:07:13] - [4] MIRKO.POZEN: Début du Téléchargement de: D:\kerberos.htx\a trier\office 2017\office 2007 free\Microsoft.Office.Professional.2007.FR.By Gervais\ADMIN\EN-US\VISIO12.OPA
[20:07:13] - [5] MIRKO.POZEN: Fichier envoyé: D:\kerberos.htx\a trier\office 2017\office 2007 free\Microsoft.Office.Professional.2007.FR.By Gervais\ADMIN\EN-US\PROJ12.OPA (182,68 K/S -   187 068 bytes)
[20:07:14] - [5] MIRKO.POZEN: Début du Téléchargement de: D:\kerberos.htx\a trier\office 2017\office 2007 free\Microsoft.Office.Professional.2007.FR.By Gervais\ADMIN\EN-US\WORD12.OPA
[20:07:14] - [4] MIRKO.POZEN: Fichier envoyé: D:\kerberos.htx\a trier\office 2017\office 2007 free\Microsoft.Office.Professional.2007.FR.By Gervais\ADMIN\EN-US\VISIO12.OPA (119,69 K/S -   122 566 bytes)
[20:07:14] - [4] MIRKO.POZEN: Répertoire en Cours: D:\kerberos.htx\a trier\office 2017\office 2007 free\Microsoft.Office.Professional.2007.FR.By Gervais\ADMIN\DE-DE\
[20:07:14] - [4] MIRKO.POZEN: Début du Téléchargement de: D:\kerberos.htx\a trier\office 2017\office 2007 free\Microsoft.Office.Professional.2007.FR.By Gervais\ADMIN\DE-DE\ACCESS12.OPA
[20:07:15] - [4] MIRKO.POZEN: Fichier envoyé: D:\kerberos.htx\a trier\office 2017\office 2007 free\Microsoft.Office.Professional.2007.FR.By Gervais\ADMIN\DE-DE\ACCESS12.OPA (52,95 K/S -   54 216 bytes)
[20:07:15] - [4] MIRKO.POZEN: Début du Téléchargement de: D:\kerberos.htx\a trier\office 2017\office 2007 free\Microsoft.Office.Professional.2007.FR.By Gervais\ADMIN\DE-DE\CPAO12.OPA
[20:07:15] - [4] MIRKO.POZEN: Fichier envoyé: D:\kerberos.htx\a trier\office 2017\office 2007 free\Microsoft.Office.Professional.2007.FR.By Gervais\ADMIN\DE-DE\CPAO12.OPA (26,46 K/S -   27 090 bytes)
[20:07:15] - [4] MIRKO.POZEN: Début du Téléchargement de: D:\kerberos.htx\a trier\office 2017\office 2007 free\Microsoft.Office.Professional.2007.FR.By Gervais\ADMIN\DE-DE\EXCEL12.OPA
[20:07:15] - [5] MIRKO.POZEN: Fichier envoyé: D:\kerberos.htx\a trier\office 2017\office 2007 free\Microsoft.Office.Professional.2007.FR.By Gervais\ADMIN\EN-US\WORD12.OPA (114,37 K/S -   234 232 bytes)
[20:07:15] - [5] MIRKO.POZEN: Répertoire en Cours: D:\kerberos.htx\a trier\office 2017\office 2007 free\Microsoft.Office.Professional.2007.FR.By Gervais\ADMIN\DE-DE\
[20:07:16] - [5] MIRKO.POZEN: Début du Téléchargement de: D:\kerberos.htx\a trier\office 2017\office 2007 free\Microsoft.Office.Professional.2007.FR.By Gervais\ADMIN\DE-DE\GROOVE12.OPA
[20:07:16] - [5] MIRKO.POZEN: Fichier envoyé: D:\kerberos.htx\a trier\office 2017\office 2007 free\Microsoft.Office.Professional.2007.FR.By Gervais\ADMIN\DE-DE\GROOVE12.OPA (3,95 K/S -   4 042 bytes)
[20:07:16] - [5] MIRKO.POZEN: Début du Téléchargement de: D:\kerberos.htx\a trier\office 2017\office 2007 free\Microsoft.Office.Professional.2007.FR.By Gervais\ADMIN\DE-DE\IC12.OPA
[20:07:16] - [5] MIRKO.POZEN: Fichier envoyé: D:\kerberos.htx\a trier\office 2017\office 2007 free\Microsoft.Office.Professional.2007.FR.By Gervais\ADMIN\DE-DE\IC12.OPA (9,48 K/S -   9 708 bytes)
[20:07:16] - [5] MIRKO.POZEN: Début du Téléchargement de: D:\kerberos.htx\a trier\office 2017\office 2007 free\Microsoft.Office.Professional.2007.FR.By Gervais\ADMIN\DE-DE\INF12.OPA
[20:07:17] - [4] MIRKO.POZEN: Fichier envoyé: D:\kerberos.htx\a trier\office 2017\office 2007 free\Microsoft.Office.Professional.2007.FR.By Gervais\ADMIN\DE-DE\EXCEL12.OPA (150,26 K/S -   153 864 bytes)
[20:07:17] - [4] MIRKO.POZEN: Début du Téléchargement de: D:\kerberos.htx\a trier\office 2017\office 2007 free\Microsoft.Office.Professional.2007.FR.By Gervais\ADMIN\DE-DE\OCT.CHM
[20:07:17] - [4] MIRKO.POZEN: Fichier envoyé: D:\kerberos.htx\a trier\office 2017\office 2007 free\Microsoft.Office.Professional.2007.FR.By Gervais\ADMIN\DE-DE\OCT.CHM (55,91 K/S -   57 249 bytes)
[20:07:17] - [5] MIRKO.POZEN: Fichier envoyé: D:\kerberos.htx\a trier\office 2017\office 2007 free\Microsoft.Office.Professional.2007.FR.By Gervais\ADMIN\DE-DE\INF12.OPA (127,42 K/S -   130 478 bytes)
[20:07:17] - [4] MIRKO.POZEN: Début du Téléchargement de: D:\kerberos.htx\a trier\office 2017\office 2007 free\Microsoft.Office.Professional.2007.FR.By Gervais\ADMIN\DE-DE\OCTRES.DLL
[20:07:17] - [5] MIRKO.POZEN: Début du Téléchargement de: D:\kerberos.htx\a trier\office 2017\office 2007 free\Microsoft.Office.Professional.2007.FR.By Gervais\ADMIN\DE-DE\OFFICE12.OPA
[20:07:19] - [4] MIRKO.POZEN: Fichier envoyé: D:\kerberos.htx\a trier\office 2017\office 2007 free\Microsoft.Office.Professional.2007.FR.By Gervais\ADMIN\DE-DE\OCTRES.DLL (427,34 K/S -   437 600 bytes)
[20:07:19] - [4] MIRKO.POZEN: Début du Téléchargement de: D:\kerberos.htx\a trier\office 2017\office 2007 free\Microsoft.Office.Professional.2007.FR.By Gervais\ADMIN\DE-DE\ONENT12.OPA
[20:07:19] - [5] MIRKO.POZEN: Fichier envoyé: D:\kerberos.htx\a trier\office 2017\office 2007 free\Microsoft.Office.Professional.2007.FR.By Gervais\ADMIN\DE-DE\OFFICE12.OPA (350,29 K/S -   717 386 bytes)
[20:07:19] - [5] MIRKO.POZEN: Début du Téléchargement de: D:\kerberos.htx\a trier\office 2017\office 2007 free\Microsoft.Office.Professional.2007.FR.By Gervais\ADMIN\DE-DE\OUTLK12.OPA
[20:07:20] - [4] MIRKO.POZEN: Fichier envoyé: D:\kerberos.htx\a trier\office 2017\office 2007 free\Microsoft.Office.Professional.2007.FR.By Gervais\ADMIN\DE-DE\ONENT12.OPA (49,53 K/S -   101 428 bytes)
[20:07:20] - [4] MIRKO.POZEN: Début du Téléchargement de: D:\kerberos.htx\a trier\office 2017\office 2007 free\Microsoft.Office.Professional.2007.FR.By Gervais\ADMIN\DE-DE\PPT12.OPA
[20:07:21] - [4] MIRKO.POZEN: Fichier envoyé: D:\kerberos.htx\a trier\office 2017\office 2007 free\Microsoft.Office.Professional.2007.FR.By Gervais\ADMIN\DE-DE\PPT12.OPA (103,07 K/S -   105 546 bytes)
[20:07:21] - [4] MIRKO.POZEN: Début du Téléchargement de: D:\kerberos.htx\a trier\office 2017\office 2007 free\Microsoft.Office.Professional.2007.FR.By Gervais\ADMIN\DE-DE\PROJ12.OPA
[20:07:21] - [4] MIRKO.POZEN: Fichier envoyé: D:\kerberos.htx\a trier\office 2017\office 2007 free\Microsoft.Office.Professional.2007.FR.By Gervais\ADMIN\DE-DE\PROJ12.OPA (197,74 K/S -   202 490 bytes)
[20:07:21] - [4] MIRKO.POZEN: Début du Téléchargement de: D:\kerberos.htx\a trier\office 2017\office 2007 free\Microsoft.Office.Professional.2007.FR.By Gervais\ADMIN\DE-DE\PUB12.OPA
[20:07:21] - [5] MIRKO.POZEN: Fichier envoyé: D:\kerberos.htx\a trier\office 2017\office 2007 free\Microsoft.Office.Professional.2007.FR.By Gervais\ADMIN\DE-DE\OUTLK12.OPA (243,13 K/S -   497 936 bytes)
[20:07:22] - [4] MIRKO.POZEN: Fichier envoyé: D:\kerberos.htx\a trier\office 2017\office 2007 free\Microsoft.Office.Professional.2007.FR.By Gervais\ADMIN\DE-DE\PUB12.OPA (32,20 K/S -   32 972 bytes)
[20:07:22] - [5] MIRKO.POZEN: Début du Téléchargement de: D:\kerberos.htx\a trier\office 2017\office 2007 free\Microsoft.Office.Professional.2007.FR.By Gervais\ADMIN\DE-DE\SPD12.OPA
[20:07:22] - [4] MIRKO.POZEN: Début du Téléchargement de: D:\kerberos.htx\a trier\office 2017\office 2007 free\Microsoft.Office.Professional.2007.FR.By Gervais\ADMIN\DE-DE\VISIO12.OPA
[20:07:22] - [5] MIRKO.POZEN: Fichier envoyé: D:\kerberos.htx\a trier\office 2017\office 2007 free\Microsoft.Office.Professional.2007.FR.By Gervais\ADMIN\DE-DE\SPD12.OPA (15,75 K/S -   16 130 bytes)
[20:07:22] - [5] MIRKO.POZEN: Début du Téléchargement de: D:\kerberos.htx\a trier\office 2017\office 2007 free\Microsoft.Office.Professional.2007.FR.By Gervais\ADMIN\DE-DE\WORD12.OPA
[20:07:22] - [4] MIRKO.POZEN: Fichier envoyé: D:\kerberos.htx\a trier\office 2017\office 2007 free\Microsoft.Office.Professional.2007.FR.By Gervais\ADMIN\DE-DE\VISIO12.OPA (128,32 K/S -   131 400 bytes)
[20:07:23] - [4] MIRKO.POZEN: Répertoire en Cours: D:\kerberos.htx\a trier\office 2017\office 2007 free\Microsoft.Office.Professional.2007.FR.By Gervais\ACCESS.FR-FR\
[20:07:23] - [4] MIRKO.POZEN: Début du Téléchargement de: D:\kerberos.htx\a trier\office 2017\office 2007 free\Microsoft.Office.Professional.2007.FR.By Gervais\ACCESS.FR-FR\ACCESSMUI.MSI
[20:07:23] - [5] MIRKO.POZEN: Fichier envoyé: D:\kerberos.htx\a trier\office 2017\office 2007 free\Microsoft.Office.Professional.2007.FR.By Gervais\ADMIN\DE-DE\WORD12.OPA (239,20 K/S -   244 936 bytes)
[20:07:23] - [5] MIRKO.POZEN: Répertoire en Cours: D:\kerberos.htx\a trier\office 2017\office 2007 free\Microsoft.Office.Professional.2007.FR.By Gervais\ACCESS.FR-FR\
[20:07:23] - [5] MIRKO.POZEN: Début du Téléchargement de: D:\kerberos.htx\a trier\office 2017\office 2007 free\Microsoft.Office.Professional.2007.FR.By Gervais\ACCESS.FR-FR\ACCESSMUI.XML
[20:07:23] - [5] MIRKO.POZEN: Fichier envoyé: D:\kerberos.htx\a trier\office 2017\office 2007 free\Microsoft.Office.Professional.2007.FR.By Gervais\ACCESS.FR-FR\ACCESSMUI.XML (1,31 K/S -   1 345 bytes)
[20:07:23] - [5] MIRKO.POZEN: Début du Téléchargement de: D:\kerberos.htx\a trier\office 2017\office 2007 free\Microsoft.Office.Professional.2007.FR.By Gervais\ACCESS.FR-FR\ACCLR.CAB
[20:07:25] - [4] MIRKO.POZEN: Fichier envoyé: D:\kerberos.htx\a trier\office 2017\office 2007 free\Microsoft.Office.Professional.2007.FR.By Gervais\ACCESS.FR-FR\ACCESSMUI.MSI (810,25 K/S -  1 659 392 bytes)
[20:07:25] - [4] MIRKO.POZEN: Début du Téléchargement de: D:\kerberos.htx\a trier\office 2017\office 2007 free\Microsoft.Office.Professional.2007.FR.By Gervais\ACCESS.FR-FR\SETUP.XML
[20:07:25] - [4] MIRKO.POZEN: Fichier envoyé: D:\kerberos.htx\a trier\office 2017\office 2007 free\Microsoft.Office.Professional.2007.FR.By Gervais\ACCESS.FR-FR\SETUP.XML (1,74 K/S -   1 780 bytes)
[20:07:40] - [5] MIRKO.POZEN: Fichier envoyé: D:\kerberos.htx\a trier\office 2017\office 2007 free\Microsoft.Office.Professional.2007.FR.By Gervais\ACCESS.FR-FR\ACCLR.CAB (1 645,17 K/S -  28 639 093 bytes)
[20:07:56] - [4] Client 192.168.0.42 Déconnecté (00:03:06 Min)
[20:08:12] - [5] Client 192.168.0.42 Déconnecté (00:03:22 Min)
[20:11:22] - [6] Connecté à 192.168.0.1. Collecte du Nom d'utilisateur.
[20:11:22] - [6] Usager MIRKO.POZEN Connecté IP: 192.168.0.1
[20:11:22] - [6] MIRKO.POZEN: Répertoire en Cours: D:\kerberos.htx\
[20:11:23] - [6] MIRKO.POZEN: Répertoire en Cours: D:\kerberos.htx\
[20:11:29] - [6] MIRKO.POZEN: Répertoire en Cours: D:\kerberos.htx\exe\
[20:12:39] - [6] MIRKO.POZEN: Répertoire en Cours: D:\kerberos.htx\
[20:12:39] - [6] MIRKO.POZEN: Répertoire en Cours: D:\kerberos.htx\a trier\
[20:12:46] - [6] MIRKO.POZEN: Répertoire en Cours: D:\kerberos.htx\a trier\office 2017\
[20:12:48] - [6] MIRKO.POZEN: Répertoire en Cours: D:\kerberos.htx\a trier\office 2017\office 2007 free\
[20:12:55] - [6] MIRKO.POZEN: Répertoire en Cours: D:\kerberos.htx\a trier\office 2017\office 2007 free\Microsoft.Office.Professional.2007.FR.By Gervais\
[20:13:31] - [7] Connecté à 192.168.0.1. Collecte du Nom d'utilisateur.
[20:13:31] - [7] Usager MIRKO.POZEN Connecté IP: 192.168.0.1
[20:13:31] - [7] MIRKO.POZEN: Répertoire en Cours: D:\kerberos.htx\
[20:13:31] - [7] MIRKO.POZEN: Répertoire en Cours: D:\kerberos.htx\a trier\
[20:13:31] - [7] MIRKO.POZEN: Début du Téléchargement de: D:\kerberos.htx\a trier\DriversCloud_8_0_4_0.exe
[20:13:39] - [7] MIRKO.POZEN: Fichier envoyé: D:\kerberos.htx\a trier\DriversCloud_8_0_4_0.exe (657,16 K/S -  5 383 472 bytes)
[20:14:10] - [7] Client 192.168.0.1 Déconnecté (00:00:38 Min)
[20:16:58] - [6] MIRKO.POZEN: Répertoire en Cours: D:\kerberos.htx\a trier\
[20:16:59] - [6] MIRKO.POZEN: Répertoire en Cours: D:\kerberos.htx\a trier\exe\
[20:17:04] - [8] Connecté à 192.168.0.1. Collecte du Nom d'utilisateur.
[20:17:04] - [8] Usager MIRKO.POZEN Connecté IP: 192.168.0.1
[20:17:04] - [8] MIRKO.POZEN: Répertoire en Cours: D:\kerberos.htx\
[20:17:04] - [8] MIRKO.POZEN: Répertoire en Cours: D:\kerberos.htx\a trier\exe\
[20:17:04] - [8] MIRKO.POZEN: Début d'Upload de D:\kerberos.htx\a trier\exe\DriversCloud_Win64.exe
[20:17:04] - [8] MIRKO.POZEN: Fichier Upload: D:\kerberos.htx\a trier\exe\DriversCloud_Win64.exe (237,30 K/S -   242 992 bytes)
[20:17:35] - [8] Client 192.168.0.1 Déconnecté (00:00:31 Min)
[20:22:29] - [6] Client 192.168.0.1 Déconnecté (00:11:06 Min)
[20:28:13] - [9] Connecté à 196.52.43.97. Collecte du Nom d'utilisateur.
[20:28:44] - [9] Client 196.52.43.97 Déconnecté (00:00:30 Min)
[20:31:26] - [10] Connecté à 196.52.43.58. Collecte du Nom d'utilisateur.
[20:31:36] - [10] Client 196.52.43.58 Déconnecté (00:00:09 Min)
[21:13:49] - [11] Connecté à 51.38.12.23. Collecte du Nom d'utilisateur.
[21:13:49] - [11] Client 51.38.12.23 Déconnecté (00:00:00 Min)
[21:20:40] - [12] Connecté à 198.108.66.16. Collecte du Nom d'utilisateur.
[21:20:41] - [12] Client 198.108.66.16 Déconnecté (00:00:00 Min)
[21:57:59] - [13] Connecté à 54.90.119.125. Collecte du Nom d'utilisateur.
[21:58:10] - [13] Client 54.90.119.125 Déconnecté (00:00:10 Min)
[22:54:00] - [14] Connecté à 192.168.0.44. Collecte du Nom d'utilisateur.
[22:54:00] - [14] Usager MIRKO.POZEN Connecté IP: 192.168.0.44
[22:54:00] - [14] MIRKO.POZEN: Répertoire en Cours: D:\kerberos.htx\
[22:54:15] - [14] MIRKO.POZEN: Répertoire en Cours: D:\kerberos.htx\
[22:54:15] - [14] MIRKO.POZEN: Nouveau Répertoire: D:\kerberos.htx\bacup val
[22:54:15] - [15] Connecté à 192.168.0.44. Collecte du Nom d'utilisateur.
[22:54:15] - [16] Connecté à 192.168.0.44. Collecte du Nom d'utilisateur.
[22:54:15] - [15] Usager MIRKO.POZEN Connecté IP: 192.168.0.44
[22:54:15] - [15] MIRKO.POZEN: Répertoire en Cours: D:\kerberos.htx\
[22:54:15] - [14] MIRKO.POZEN: Répertoire en Cours: D:\kerberos.htx\
[22:54:15] - [16] Usager MIRKO.POZEN Connecté IP: 192.168.0.44
[22:54:15] - [16] MIRKO.POZEN: Répertoire en Cours: D:\kerberos.htx\
[22:54:15] - [14] MIRKO.POZEN: Nouveau Répertoire: D:\kerberos.htx\bacup val
[22:54:15] - [14] MIRKO.POZEN: Répertoire en Cours: D:\kerberos.htx\bacup val\
[22:54:15] - [14] MIRKO.POZEN: Nouveau Répertoire: D:\kerberos.htx\bacup val\[FAT32]
[22:54:15] - [15] MIRKO.POZEN: Répertoire en Cours: D:\kerberos.htx\bacup val\[FAT32]\
[22:54:15] - [16] MIRKO.POZEN: Répertoire en Cours: D:\kerberos.htx\bacup val\[FAT32]\
[22:54:15] - [14] MIRKO.POZEN: Répertoire en Cours: D:\kerberos.htx\bacup val\
[22:54:15] - [15] MIRKO.POZEN: Nouveau Répertoire: D:\kerberos.htx\bacup val\[FAT32]\diaporama
[22:54:15] - [16] MIRKO.POZEN: Nouveau Répertoire: D:\kerberos.htx\bacup val\[FAT32]\MUSIQUE
[22:54:15] - [14] MIRKO.POZEN: Nouveau Répertoire: D:\kerberos.htx\bacup val\[FAT32]
[22:54:15] - [15] MIRKO.POZEN: Répertoire en Cours: D:\kerberos.htx\bacup val\[FAT32]\diaporama\
[22:54:15] - [16] MIRKO.POZEN: Répertoire en Cours: D:\kerberos.htx\bacup val\[FAT32]\MUSIQUE\
[22:54:15] - [14] MIRKO.POZEN: Répertoire en Cours: D:\kerberos.htx\bacup val\[FAT32]\
[22:54:15] - [14] MIRKO.POZEN: Nouveau Répertoire: D:\kerberos.htx\bacup val\[FAT32]\diaporama
[22:54:15] - [14] MIRKO.POZEN: Répertoire en Cours: D:\kerberos.htx\bacup val\[FAT32]\
[22:54:15] - [14] MIRKO.POZEN: Nouveau Répertoire: D:\kerberos.htx\bacup val\[FAT32]\diaporama
[22:54:15] - [14] MIRKO.POZEN: Répertoire en Cours: D:\kerberos.htx\bacup val\[FAT32]\
[22:54:16] - [14] MIRKO.POZEN: Nouveau Répertoire: D:\kerberos.htx\bacup val\[FAT32]\MUSIQUE
[22:54:16] - [14] MIRKO.POZEN: Répertoire en Cours: D:\kerberos.htx\bacup val\[FAT32]\
[22:54:16] - [14] MIRKO.POZEN: Nouveau Répertoire: D:\kerberos.htx\bacup val\[FAT32]\MUSIQUE
[22:54:16] - [14] MIRKO.POZEN: Répertoire en Cours: D:\kerberos.htx\bacup val\[FAT32]\
[22:54:16] - [14] MIRKO.POZEN: Nouveau Répertoire: D:\kerberos.htx\bacup val\[FAT32]\xIDEO
[22:54:16] - [14] MIRKO.POZEN: Répertoire en Cours: D:\kerberos.htx\bacup val\[FAT32]\
[22:54:16] - [14] MIRKO.POZEN: Nouveau Répertoire: D:\kerberos.htx\bacup val\[FAT32]\xIDEO
[22:54:16] - [14] MIRKO.POZEN: Répertoire en Cours: D:\kerberos.htx\bacup val\[FAT32]\
[22:54:16] - [14] MIRKO.POZEN: Nouveau Répertoire: D:\kerberos.htx\bacup val\[FAT32]\xOURNÉ~1
[22:54:16] - [16] MIRKO.POZEN: Début d'Upload de D:\kerberos.htx\bacup val\[FAT32]\MUSIQUE\Adieu tristesse - YouTube (360p).mp3
[22:54:16] - [14] MIRKO.POZEN: Répertoire en Cours: D:\kerberos.htx\bacup val\[FAT32]\
[22:54:16] - [15] MIRKO.POZEN: Début d'Upload de D:\kerberos.htx\bacup val\[FAT32]\diaporama\Valérie.wmv
[22:54:16] - [14] MIRKO.POZEN: Nouveau Répertoire: D:\kerberos.htx\bacup val\[FAT32]\xOURNÉ~1
[22:54:16] - [14] MIRKO.POZEN: Répertoire en Cours: D:\kerberos.htx\bacup val\[FAT32]\
[22:54:16] - [14] MIRKO.POZEN: Nouveau Répertoire: D:\kerberos.htx\bacup val\[FAT32]\xP3
[22:54:16] - [14] MIRKO.POZEN: Répertoire en Cours: D:\kerberos.htx\bacup val\[FAT32]\
[22:54:16] - [14] MIRKO.POZEN: Nouveau Répertoire: D:\kerberos.htx\bacup val\[FAT32]\xP3
[22:54:16] - [14] MIRKO.POZEN: Répertoire en Cours: D:\kerberos.htx\bacup val\[FAT32]\
[22:54:16] - [14] MIRKO.POZEN: Nouveau Répertoire: D:\kerberos.htx\bacup val\[FAT32]\[01286F]
[22:54:16] - [14] MIRKO.POZEN: Répertoire en Cours: D:\kerberos.htx\bacup val\[FAT32]\
[22:54:16] - [14] MIRKO.POZEN: Nouveau Répertoire: D:\kerberos.htx\bacup val\[FAT32]\[01286F]
[22:54:16] - [14] MIRKO.POZEN: Répertoire en Cours: D:\kerberos.htx\bacup val\[FAT32]\
[22:54:16] - [14] MIRKO.POZEN: Nouveau Répertoire: D:\kerberos.htx\bacup val\[FAT32]\[014423]
[22:54:16] - [14] MIRKO.POZEN: Répertoire en Cours: D:\kerberos.htx\bacup val\[FAT32]\
[22:54:16] - [14] MIRKO.POZEN: Nouveau Répertoire: D:\kerberos.htx\bacup val\[FAT32]\[014423]
[22:54:16] - [14] MIRKO.POZEN: Répertoire en Cours: D:\kerberos.htx\bacup val\[FAT32]\
[22:54:16] - [14] MIRKO.POZEN: Nouveau Répertoire: D:\kerberos.htx\bacup val\[FAT32]\[01452C]
[22:54:16] - [14] MIRKO.POZEN: Répertoire en Cours: D:\kerberos.htx\bacup val\[FAT32]\
[22:54:16] - [14] MIRKO.POZEN: Nouveau Répertoire: D:\kerberos.htx\bacup val\[FAT32]\[01452C]
[22:54:16] - [14] MIRKO.POZEN: Répertoire en Cours: D:\kerberos.htx\bacup val\[FAT32]\
[22:54:16] - [14] MIRKO.POZEN: Nouveau Répertoire: D:\kerberos.htx\bacup val\[FAT32]\[015786]
[22:54:16] - [14] MIRKO.POZEN: Répertoire en Cours: D:\kerberos.htx\bacup val\[FAT32]\
[22:54:16] - [14] MIRKO.POZEN: Nouveau Répertoire: D:\kerberos.htx\bacup val\[FAT32]\[015786]
[22:54:16] - [14] MIRKO.POZEN: Répertoire en Cours: D:\kerberos.htx\bacup val\[FAT32]\
[22:54:16] - [14] MIRKO.POZEN: Nouveau Répertoire: D:\kerberos.htx\bacup val\[FAT32]\[015EB9]
[22:54:16] - [14] MIRKO.POZEN: Répertoire en Cours: D:\kerberos.htx\bacup val\[FAT32]\
[22:54:16] - [14] MIRKO.POZEN: Nouveau Répertoire: D:\kerberos.htx\bacup val\[FAT32]\[015EB9]
[22:54:16] - [14] MIRKO.POZEN: Répertoire en Cours: D:\kerberos.htx\bacup val\[FAT32]\
[22:54:16] - [14] MIRKO.POZEN: Nouveau Répertoire: D:\kerberos.htx\bacup val\[FAT32]\[015F5D]
[22:54:16] - [14] MIRKO.POZEN: Répertoire en Cours: D:\kerberos.htx\bacup val\[FAT32]\
[22:54:16] - [14] MIRKO.POZEN: Nouveau Répertoire: D:\kerberos.htx\bacup val\[FAT32]\[015F5D]
[22:54:16] - [14] MIRKO.POZEN: Répertoire en Cours: D:\kerberos.htx\bacup val\[FAT32]\
[22:54:16] - [14] MIRKO.POZEN: Nouveau Répertoire: D:\kerberos.htx\bacup val\[FAT32]\[016000]
[22:54:17] - [14] MIRKO.POZEN: Répertoire en Cours: D:\kerberos.htx\bacup val\[FAT32]\
[22:54:17] - [14] MIRKO.POZEN: Nouveau Répertoire: D:\kerberos.htx\bacup val\[FAT32]\[016000]
[22:54:17] - [14] MIRKO.POZEN: Répertoire en Cours: D:\kerberos.htx\bacup val\[FAT32]\
[22:54:17] - [14] MIRKO.POZEN: Nouveau Répertoire: D:\kerberos.htx\bacup val\[FAT32]\[0164AF]
[22:54:17] - [14] MIRKO.POZEN: Répertoire en Cours: D:\kerberos.htx\bacup val\[FAT32]\
[22:54:17] - [14] MIRKO.POZEN: Nouveau Répertoire: D:\kerberos.htx\bacup val\[FAT32]\[0164AF]
[22:54:17] - [14] MIRKO.POZEN: Répertoire en Cours: D:\kerberos.htx\bacup val\[FAT32]\
[22:54:17] - [14] MIRKO.POZEN: Nouveau Répertoire: D:\kerberos.htx\bacup val\[FAT32]\[017063]
[22:54:17] - [14] MIRKO.POZEN: Répertoire en Cours: D:\kerberos.htx\bacup val\[FAT32]\
[22:54:17] - [14] MIRKO.POZEN: Nouveau Répertoire: D:\kerberos.htx\bacup val\[FAT32]\[017063]
[22:54:17] - [14] MIRKO.POZEN: Répertoire en Cours: D:\kerberos.htx\bacup val\[FAT32]\
[22:54:17] - [14] MIRKO.POZEN: Nouveau Répertoire: D:\kerberos.htx\bacup val\[FAT32]\[0173BC]
[22:54:17] - [14] MIRKO.POZEN: Répertoire en Cours: D:\kerberos.htx\bacup val\[FAT32]\
[22:54:17] - [14] MIRKO.POZEN: Nouveau Répertoire: D:\kerberos.htx\bacup val\[FAT32]\[0173BC]
[22:54:17] - [14] MIRKO.POZEN: Répertoire en Cours: D:\kerberos.htx\bacup val\[FAT32]\
[22:54:17] - [14] MIRKO.POZEN: Nouveau Répertoire: D:\kerberos.htx\bacup val\[FAT32]\[017405]
[22:54:17] - [14] MIRKO.POZEN: Répertoire en Cours: D:\kerberos.htx\bacup val\[FAT32]\
[22:54:17] - [14] MIRKO.POZEN: Nouveau Répertoire: D:\kerberos.htx\bacup val\[FAT32]\[017405]
[22:54:17] - [14] MIRKO.POZEN: Répertoire en Cours: D:\kerberos.htx\bacup val\[FAT32]\
[22:54:17] - [14] MIRKO.POZEN: Nouveau Répertoire: D:\kerberos.htx\bacup val\[FAT32]\[0175EB]
[22:54:17] - [14] MIRKO.POZEN: Répertoire en Cours: D:\kerberos.htx\bacup val\[FAT32]\
[22:54:17] - [14] MIRKO.POZEN: Nouveau Répertoire: D:\kerberos.htx\bacup val\[FAT32]\[0175EB]
[22:54:17] - [14] MIRKO.POZEN: Répertoire en Cours: D:\kerberos.htx\bacup val\[FAT32]\
[22:54:17] - [14] MIRKO.POZEN: Nouveau Répertoire: D:\kerberos.htx\bacup val\[FAT32]\[01874F]
[22:54:17] - [14] MIRKO.POZEN: Répertoire en Cours: D:\kerberos.htx\bacup val\[FAT32]\
[22:54:17] - [14] MIRKO.POZEN: Nouveau Répertoire: D:\kerberos.htx\bacup val\[FAT32]\[01874F]
[22:54:17] - [14] MIRKO.POZEN: Répertoire en Cours: D:\kerberos.htx\bacup val\[FAT32]\
[22:54:17] - [14] MIRKO.POZEN: Nouveau Répertoire: D:\kerberos.htx\bacup val\[FAT32]\[01875F]
[22:54:17] - [14] MIRKO.POZEN: Répertoire en Cours: D:\kerberos.htx\bacup val\[FAT32]\
[22:54:17] - [14] MIRKO.POZEN: Nouveau Répertoire: D:\kerberos.htx\bacup val\[FAT32]\[01875F]
[22:54:17] - [14] MIRKO.POZEN: Répertoire en Cours: D:\kerberos.htx\bacup val\[FAT32]\
[22:54:17] - [14] MIRKO.POZEN: Nouveau Répertoire: D:\kerberos.htx\bacup val\[FAT32]\[018A07]
[22:54:17] - [14] MIRKO.POZEN: Répertoire en Cours: D:\kerberos.htx\bacup val\[FAT32]\
[22:54:17] - [14] MIRKO.POZEN: Nouveau Répertoire: D:\kerberos.htx\bacup val\[FAT32]\[018A07]
[22:54:18] - [16] MIRKO.POZEN: Fichier Upload: D:\kerberos.htx\bacup val\[FAT32]\MUSIQUE\Adieu tristesse - YouTube (360p).mp3 (1 310,40 K/S -  4 025 491 bytes)
[22:54:18] - [16] MIRKO.POZEN: Début d'Upload de D:\kerberos.htx\bacup val\[FAT32]\MUSIQUE\Celine Dion - Vole - YouTube (360p).mp3
[22:54:19] - [16] MIRKO.POZEN: Fichier Upload: D:\kerberos.htx\bacup val\[FAT32]\MUSIQUE\Celine Dion - Vole - YouTube (360p).mp3 (2 738,10 K/S -  2 803 797 bytes)
[22:54:19] - [16] MIRKO.POZEN: Début d'Upload de D:\kerberos.htx\bacup val\[FAT32]\MUSIQUE\Hallelujah - YouTube (360p).mp3
[22:54:20] - [16] MIRKO.POZEN: Fichier Upload: D:\kerberos.htx\bacup val\[FAT32]\MUSIQUE\Hallelujah - YouTube (360p).mp3 (3 876,50 K/S -  3 969 485 bytes)
[22:54:20] - [16] MIRKO.POZEN: Début d'Upload de D:\kerberos.htx\bacup val\[FAT32]\MUSIQUE\Jacques Higelin - Champagne - YouTube (360p).mp3
[22:54:21] - [16] MIRKO.POZEN: Fichier Upload: D:\kerberos.htx\bacup val\[FAT32]\MUSIQUE\Jacques Higelin - Champagne - YouTube (360p).mp3 (4 238,90 K/S -  4 340 633 bytes)
[22:54:21] - [16] MIRKO.POZEN: Début d'Upload de D:\kerberos.htx\bacup val\[FAT32]\MUSIQUE\Jeff Buckley - Hallelujah - YouTube (360p).mp3
[22:54:22] - [16] MIRKO.POZEN: Fichier Upload: D:\kerberos.htx\bacup val\[FAT32]\MUSIQUE\Jeff Buckley - Hallelujah - YouTube (360p).mp3 (3 238,00 K/S -  6 631 467 bytes)
[22:54:22] - [16] MIRKO.POZEN: Début d'Upload de D:\kerberos.htx\bacup val\[FAT32]\MUSIQUE\Leonard Cohen - Hallelujah ((Live In London - Video Edit)) - YouTube (360p).mp3
[22:54:24] - [16] MIRKO.POZEN: Fichier Upload: D:\kerberos.htx\bacup val\[FAT32]\MUSIQUE\Leonard Cohen - Hallelujah ((Live In London - Video Edit)) - YouTube (360p).mp3 (6 876,00 K/S -  7 041 067 bytes)
[22:54:24] - [16] MIRKO.POZEN: Début d'Upload de D:\kerberos.htx\bacup val\[FAT32]\MUSIQUE\Leonard Cohen - Hallelujah - Traduction paroles Française - YouTube (360p).mp3
[22:54:25] - [16] MIRKO.POZEN: Fichier Upload: D:\kerberos.htx\bacup val\[FAT32]\MUSIQUE\Leonard Cohen - Hallelujah - Traduction paroles Française - YouTube (360p).mp3 (4 257,70 K/S -  4 359 859 bytes)
[22:54:25] - [16] MIRKO.POZEN: Début d'Upload de D:\kerberos.htx\bacup val\[FAT32]\MUSIQUE\Les larmes et des maux - Les Infidèles - YouTube (360p).mp3
[22:54:26] - [15] MIRKO.POZEN: Fichier Upload: D:\kerberos.htx\bacup val\[FAT32]\diaporama\Valérie.wmv (4 107,70 K/S -  37 856 851 bytes)
[22:54:26] - [15] MIRKO.POZEN: Répertoire en Cours: D:\kerberos.htx\bacup val\[FAT32]\MUSIQUE\
[22:54:26] - [16] MIRKO.POZEN: Fichier Upload: D:\kerberos.htx\bacup val\[FAT32]\MUSIQUE\Les larmes et des maux - Les Infidèles - YouTube (360p).mp3 (4 182,20 K/S -  4 282 536 bytes)
[22:54:26] - [15] MIRKO.POZEN: Début d'Upload de D:\kerberos.htx\bacup val\[FAT32]\MUSIQUE\Oh Freedom! - The Golden Gospel Singers (Lyrics in Description) - YouTube (360p).mp3
[22:54:26] - [16] MIRKO.POZEN: Début d'Upload de D:\kerberos.htx\bacup val\[FAT32]\MUSIQUE\St James Infirmary - Vistula River Brass Band. - YouTube (360p).mp3
[22:54:26] - [15] MIRKO.POZEN: Fichier Upload: D:\kerberos.htx\bacup val\[FAT32]\MUSIQUE\Oh Freedom! - The Golden Gospel Singers (Lyrics in Description) - YouTube (360p).mp3 (2 890,70 K/S -  2 960 113 bytes)
[22:54:26] - [15] MIRKO.POZEN: Répertoire en Cours: D:\kerberos.htx\bacup val\[FAT32]\xIDEO\
[22:54:27] - [16] MIRKO.POZEN: Fichier Upload: D:\kerberos.htx\bacup val\[FAT32]\MUSIQUE\St James Infirmary - Vistula River Brass Band. - YouTube (360p).mp3 (4 716,90 K/S -  4 830 063 bytes)
[22:54:27] - [15] MIRKO.POZEN: Début d'Upload de D:\kerberos.htx\bacup val\[FAT32]\xIDEO\xALÉRIE.WMV
[22:54:27] - [16] MIRKO.POZEN: Répertoire en Cours: D:\kerberos.htx\bacup val\[FAT32]\xOURNÉ~1\
[22:54:27] - [16] MIRKO.POZEN: Début d'Upload de D:\kerberos.htx\bacup val\[FAT32]\xOURNÉ~1\Valérie.wmv
[22:54:35] - [15] MIRKO.POZEN: Fichier Upload: D:\kerberos.htx\bacup val\[FAT32]\xIDEO\xALÉRIE.WMV (4 107,70 K/S -  37 856 851 bytes)
[22:54:35] - [15] MIRKO.POZEN: Répertoire en Cours: D:\kerberos.htx\bacup val\[FAT32]\xP3\
[22:54:35] - [16] MIRKO.POZEN: Fichier Upload: D:\kerberos.htx\bacup val\[FAT32]\xOURNÉ~1\Valérie.wmv (4 621,20 K/S -  37 856 851 bytes)
[22:54:35] - [15] MIRKO.POZEN: Début d'Upload de D:\kerberos.htx\bacup val\[FAT32]\xP3\Valérie.wmv
[22:54:35] - [16] MIRKO.POZEN: Répertoire en Cours: D:\kerberos.htx\bacup val\[FAT32]\[01286F]\
[22:54:36] - [16] MIRKO.POZEN: Début d'Upload de D:\kerberos.htx\bacup val\[FAT32]\[01286F]\x'ENNU~1.JPG
[22:54:36] - [16] MIRKO.POZEN: Fichier Upload: D:\kerberos.htx\bacup val\[FAT32]\[01286F]\x'ENNU~1.JPG (93,67 K/S -   95 918 bytes)
[22:54:36] - [16] MIRKO.POZEN: Début d'Upload de D:\kerberos.htx\bacup val\[FAT32]\[01286F]\x01011~1.JPG
[22:54:36] - [16] MIRKO.POZEN: Fichier Upload: D:\kerberos.htx\bacup val\[FAT32]\[01286F]\x01011~1.JPG (95,22 K/S -   97 503 bytes)
[22:54:36] - [16] MIRKO.POZEN: Début d'Upload de D:\kerberos.htx\bacup val\[FAT32]\[01286F]\x01011~2.JPG
[22:54:36] - [16] MIRKO.POZEN: Fichier Upload: D:\kerberos.htx\bacup val\[FAT32]\[01286F]\x01011~2.JPG (60,90 K/S -   62 362 bytes)
[22:54:36] - [16] MIRKO.POZEN: Début d'Upload de D:\kerberos.htx\bacup val\[FAT32]\[01286F]\x01011~3.JPG
[22:54:36] - [16] MIRKO.POZEN: Fichier Upload: D:\kerberos.htx\bacup val\[FAT32]\[01286F]\x01011~3.JPG (65,69 K/S -   67 263 bytes)
[22:54:37] - [16] MIRKO.POZEN: Début d'Upload de D:\kerberos.htx\bacup val\[FAT32]\[01286F]\x01011~4.JPG
[22:54:37] - [16] MIRKO.POZEN: Fichier Upload: D:\kerberos.htx\bacup val\[FAT32]\[01286F]\x01011~4.JPG (59,33 K/S -   60 759 bytes)
[22:54:37] - [16] MIRKO.POZEN: Début d'Upload de D:\kerberos.htx\bacup val\[FAT32]\[01286F]\x02F78~1.JPG
[22:54:37] - [16] MIRKO.POZEN: Fichier Upload: D:\kerberos.htx\bacup val\[FAT32]\[01286F]\x02F78~1.JPG (34,21 K/S -   35 029 bytes)
[22:54:37] - [16] MIRKO.POZEN: Début d'Upload de D:\kerberos.htx\bacup val\[FAT32]\[01286F]\x03B24~1.JPG
[22:54:37] - [16] MIRKO.POZEN: Fichier Upload: D:\kerberos.htx\bacup val\[FAT32]\[01286F]\x03B24~1.JPG (1 277,40 K/S -  1 308 035 bytes)
[22:54:37] - [16] MIRKO.POZEN: Début d'Upload de D:\kerberos.htx\bacup val\[FAT32]\[01286F]\x04E68~1.JPG
[22:54:38] - [16] MIRKO.POZEN: Fichier Upload: D:\kerberos.htx\bacup val\[FAT32]\[01286F]\x04E68~1.JPG (115,37 K/S -   118 138 bytes)
[22:54:38] - [16] MIRKO.POZEN: Début d'Upload de D:\kerberos.htx\bacup val\[FAT32]\[01286F]\x06C94~1.JPG
[22:54:38] - [16] MIRKO.POZEN: Fichier Upload: D:\kerberos.htx\bacup val\[FAT32]\[01286F]\x06C94~1.JPG (833,07 K/S -   853 063 bytes)
[22:54:38] - [16] MIRKO.POZEN: Début d'Upload de D:\kerberos.htx\bacup val\[FAT32]\[01286F]\x08964~1.JPG
[22:54:38] - [16] MIRKO.POZEN: Fichier Upload: D:\kerberos.htx\bacup val\[FAT32]\[01286F]\x08964~1.JPG (32,66 K/S -   33 445 bytes)
[22:54:38] - [16] MIRKO.POZEN: Début d'Upload de D:\kerberos.htx\bacup val\[FAT32]\[01286F]\x08CE7~1.JPG
[22:54:39] - [16] MIRKO.POZEN: Fichier Upload: D:\kerberos.htx\bacup val\[FAT32]\[01286F]\x08CE7~1.JPG (93,27 K/S -   95 509 bytes)
[22:54:39] - [16] MIRKO.POZEN: Début d'Upload de D:\kerberos.htx\bacup val\[FAT32]\[01286F]\x0D249~1.JPG
[22:54:39] - [16] MIRKO.POZEN: Fichier Upload: D:\kerberos.htx\bacup val\[FAT32]\[01286F]\x0D249~1.JPG (30,39 K/S -   31 117 bytes)
[22:54:39] - [16] MIRKO.POZEN: Début d'Upload de D:\kerberos.htx\bacup val\[FAT32]\[01286F]\x0EB8C~1.JPG
[22:54:39] - [16] MIRKO.POZEN: Fichier Upload: D:\kerberos.htx\bacup val\[FAT32]\[01286F]\x0EB8C~1.JPG (100,75 K/S -   103 171 bytes)
[22:54:39] - [16] MIRKO.POZEN: Début d'Upload de D:\kerberos.htx\bacup val\[FAT32]\[01286F]\x0FF5A~1.JPG
[22:54:39] - [16] MIRKO.POZEN: Fichier Upload: D:\kerberos.htx\bacup val\[FAT32]\[01286F]\x0FF5A~1.JPG (302,06 K/S -   309 312 bytes)
[22:54:39] - [16] MIRKO.POZEN: Début d'Upload de D:\kerberos.htx\bacup val\[FAT32]\[01286F]\x45143~1.JPG
[22:54:40] - [16] MIRKO.POZEN: Fichier Upload: D:\kerberos.htx\bacup val\[FAT32]\[01286F]\x45143~1.JPG (307,92 K/S -   315 314 bytes)
[22:54:40] - [16] MIRKO.POZEN: Début d'Upload de D:\kerberos.htx\bacup val\[FAT32]\[01286F]\x45236~1.JPG
[22:54:40] - [16] MIRKO.POZEN: Fichier Upload: D:\kerberos.htx\bacup val\[FAT32]\[01286F]\x45236~1.JPG (315,01 K/S -   322 567 bytes)
[22:54:40] - [16] MIRKO.POZEN: Début d'Upload de D:\kerberos.htx\bacup val\[FAT32]\[01286F]\x45350~1.JPG
[22:54:40] - [16] MIRKO.POZEN: Fichier Upload: D:\kerberos.htx\bacup val\[FAT32]\[01286F]\x45350~1.JPG (298,44 K/S -   305 598 bytes)
[22:54:40] - [16] MIRKO.POZEN: Début d'Upload de D:\kerberos.htx\bacup val\[FAT32]\[01286F]\x45410.JPG
[22:54:40] - [16] MIRKO.POZEN: Fichier Upload: D:\kerberos.htx\bacup val\[FAT32]\[01286F]\x45410.JPG (586,28 K/S -   600 353 bytes)
[22:54:40] - [16] MIRKO.POZEN: Début d'Upload de D:\kerberos.htx\bacup val\[FAT32]\[01286F]\x45440~1.JPG
[22:54:41] - [16] MIRKO.POZEN: Fichier Upload: D:\kerberos.htx\bacup val\[FAT32]\[01286F]\x45440~1.JPG (315,45 K/S -   323 021 bytes)
[22:54:41] - [16] MIRKO.POZEN: Début d'Upload de D:\kerberos.htx\bacup val\[FAT32]\[01286F]\x45507~1.JPG
[22:54:41] - [16] MIRKO.POZEN: Fichier Upload: D:\kerberos.htx\bacup val\[FAT32]\[01286F]\x45507~1.JPG (303,58 K/S -   310 865 bytes)
[22:54:41] - [16] MIRKO.POZEN: Début d'Upload de D:\kerberos.htx\bacup val\[FAT32]\[01286F]\x45654~1.JPG
[22:54:41] - [16] MIRKO.POZEN: Fichier Upload: D:\kerberos.htx\bacup val\[FAT32]\[01286F]\x45654~1.JPG (285,99 K/S -   292 852 bytes)
[22:54:41] - [16] MIRKO.POZEN: Début d'Upload de D:\kerberos.htx\bacup val\[FAT32]\[01286F]\x45727.JPG
[22:54:41] - [16] MIRKO.POZEN: Fichier Upload: D:\kerberos.htx\bacup val\[FAT32]\[01286F]\x45727.JPG (542,00 K/S -   555 012 bytes)
[22:54:41] - [16] MIRKO.POZEN: Début d'Upload de D:\kerberos.htx\bacup val\[FAT32]\[01286F]\x45739~1.JPG
[22:54:42] - [16] MIRKO.POZEN: Fichier Upload: D:\kerberos.htx\bacup val\[FAT32]\[01286F]\x45739~1.JPG (282,20 K/S -   288 975 bytes)
[22:54:42] - [16] MIRKO.POZEN: Début d'Upload de D:\kerberos.htx\bacup val\[FAT32]\[01286F]\x45759~1.JPG
[22:54:42] - [16] MIRKO.POZEN: Fichier Upload: D:\kerberos.htx\bacup val\[FAT32]\[01286F]\x45759~1.JPG (301,95 K/S -   309 192 bytes)
[22:54:42] - [15] MIRKO.POZEN: Fichier Upload: D:\kerberos.htx\bacup val\[FAT32]\xP3\Valérie.wmv (5 281,40 K/S -  37 856 851 bytes)
[22:54:42] - [16] MIRKO.POZEN: Début d'Upload de D:\kerberos.htx\bacup val\[FAT32]\[01286F]\x45821~1.JPG
[22:54:42] - [15] MIRKO.POZEN: Répertoire en Cours: D:\kerberos.htx\bacup val\[FAT32]\[01286F]\
[22:54:42] - [15] MIRKO.POZEN: Début d'Upload de D:\kerberos.htx\bacup val\[FAT32]\[01286F]\x45821~2.JPG
[22:54:42] - [16] MIRKO.POZEN: Fichier Upload: D:\kerberos.htx\bacup val\[FAT32]\[01286F]\x45821~1.JPG (302,06 K/S -   309 312 bytes)
[22:54:42] - [15] MIRKO.POZEN: Fichier Upload: D:\kerberos.htx\bacup val\[FAT32]\[01286F]\x45821~2.JPG (332,01 K/S -   339 980 bytes)
[22:54:42] - [16] MIRKO.POZEN: Début d'Upload de D:\kerberos.htx\bacup val\[FAT32]\[01286F]\x50133~1.JPG
[22:54:42] - [16] MIRKO.POZEN: Fichier Upload: D:\kerberos.htx\bacup val\[FAT32]\[01286F]\x50133~1.JPG (306,10 K/S -   313 449 bytes)
[22:54:42] - [15] MIRKO.POZEN: Début d'Upload de D:\kerberos.htx\bacup val\[FAT32]\[01286F]\xB003.JPG
[22:54:42] - [15] MIRKO.POZEN: Fichier Upload: D:\kerberos.htx\bacup val\[FAT32]\[01286F]\xB003.JPG (58,18 K/S -   59 576 bytes)
[22:54:42] - [16] MIRKO.POZEN: Début d'Upload de D:\kerberos.htx\bacup val\[FAT32]\[01286F]\xBNOIR~1.JPG
[22:54:43] - [16] MIRKO.POZEN: Fichier Upload: D:\kerberos.htx\bacup val\[FAT32]\[01286F]\xBNOIR~1.JPG (286,45 K/S -   293 324 bytes)
[22:54:43] - [15] MIRKO.POZEN: Début d'Upload de D:\kerberos.htx\bacup val\[FAT32]\[01286F]\xOURDE~1.JPG
[22:54:43] - [15] MIRKO.POZEN: Fichier Upload: D:\kerberos.htx\bacup val\[FAT32]\[01286F]\xOURDE~1.JPG (84,71 K/S -   86 742 bytes)
[22:54:43] - [16] MIRKO.POZEN: Répertoire en Cours: D:\kerberos.htx\bacup val\[FAT32]\[014423]\
[22:54:43] - [15] MIRKO.POZEN: Répertoire en Cours: D:\kerberos.htx\bacup val\[FAT32]\[014423]\
[22:54:43] - [16] MIRKO.POZEN: Début d'Upload de D:\kerberos.htx\bacup val\[FAT32]\[014423]\x01112~1.JPG
[22:54:43] - [16] MIRKO.POZEN: Fichier Upload: D:\kerberos.htx\bacup val\[FAT32]\[014423]\x01112~1.JPG (104,69 K/S -   107 206 bytes)
[22:54:43] - [15] MIRKO.POZEN: Début d'Upload de D:\kerberos.htx\bacup val\[FAT32]\[014423]\x1030167.JPG
[22:54:43] - [16] MIRKO.POZEN: Début d'Upload de D:\kerberos.htx\bacup val\[FAT32]\[014423]\xEGARD~1.JPG
[22:54:43] - [16] MIRKO.POZEN: Fichier Upload: D:\kerberos.htx\bacup val\[FAT32]\[014423]\xEGARD~1.JPG (211,58 K/S -   216 659 bytes)
[22:54:43] - [16] MIRKO.POZEN: Répertoire en Cours: D:\kerberos.htx\bacup val\[FAT32]\[01452C]\
[22:54:43] - [15] MIRKO.POZEN: Fichier Upload: D:\kerberos.htx\bacup val\[FAT32]\[014423]\x1030167.JPG (2 001,60 K/S -  2 049 645 bytes)
[22:54:43] - [15] MIRKO.POZEN: Répertoire en Cours: D:\kerberos.htx\bacup val\[FAT32]\[01452C]\
[22:54:44] - [16] MIRKO.POZEN: Début d'Upload de D:\kerberos.htx\bacup val\[FAT32]\[01452C]\x01112~1.JPG
[22:54:44] - [16] MIRKO.POZEN: Fichier Upload: D:\kerberos.htx\bacup val\[FAT32]\[01452C]\x01112~1.JPG (104,69 K/S -   107 206 bytes)
[22:54:44] - [15] MIRKO.POZEN: Début d'Upload de D:\kerberos.htx\bacup val\[FAT32]\[01452C]\x01206~1.JPG
[22:54:44] - [15] MIRKO.POZEN: Fichier Upload: D:\kerberos.htx\bacup val\[FAT32]\[01452C]\x01206~1.JPG (127,57 K/S -   130 627 bytes)
[22:54:44] - [16] MIRKO.POZEN: Début d'Upload de D:\kerberos.htx\bacup val\[FAT32]\[01452C]\x01206~2.JPG
[22:54:44] - [16] MIRKO.POZEN: Fichier Upload: D:\kerberos.htx\bacup val\[FAT32]\[01452C]\x01206~2.JPG (92,43 K/S -   94 646 bytes)
[22:54:44] - [15] MIRKO.POZEN: Début d'Upload de D:\kerberos.htx\bacup val\[FAT32]\[01452C]\x01206~3.JPG
[22:54:44] - [15] MIRKO.POZEN: Fichier Upload: D:\kerberos.htx\bacup val\[FAT32]\[01452C]\x01206~3.JPG (292,81 K/S -   299 834 bytes)
[22:54:44] - [16] MIRKO.POZEN: Début d'Upload de D:\kerberos.htx\bacup val\[FAT32]\[01452C]\x05561~1.JPG
[22:54:44] - [16] MIRKO.POZEN: Fichier Upload: D:\kerberos.htx\bacup val\[FAT32]\[01452C]\x05561~1.JPG (17,02 K/S -   17 426 bytes)
[22:54:44] - [15] MIRKO.POZEN: Début d'Upload de D:\kerberos.htx\bacup val\[FAT32]\[01452C]\x1020939.JPG
[22:54:44] - [16] MIRKO.POZEN: Début d'Upload de D:\kerberos.htx\bacup val\[FAT32]\[01452C]\x1020941.JPG
[22:54:45] - [15] MIRKO.POZEN: Fichier Upload: D:\kerberos.htx\bacup val\[FAT32]\[01452C]\x1020939.JPG (2 031,70 K/S -  2 080 489 bytes)
[22:54:45] - [15] MIRKO.POZEN: Début d'Upload de D:\kerberos.htx\bacup val\[FAT32]\[01452C]\x1020942.JPG
[22:54:45] - [16] MIRKO.POZEN: Fichier Upload: D:\kerberos.htx\bacup val\[FAT32]\[01452C]\x1020941.JPG (2 981,50 K/S -  3 053 105 bytes)
[22:54:45] - [16] MIRKO.POZEN: Début d'Upload de D:\kerberos.htx\bacup val\[FAT32]\[01452C]\x1020943.JPG
[22:54:46] - [15] MIRKO.POZEN: Fichier Upload: D:\kerberos.htx\bacup val\[FAT32]\[01452C]\x1020942.JPG (3 017,60 K/S -  3 090 011 bytes)
[22:54:46] - [15] MIRKO.POZEN: Début d'Upload de D:\kerberos.htx\bacup val\[FAT32]\[01452C]\x1020944.JPG
[22:54:46] - [16] MIRKO.POZEN: Fichier Upload: D:\kerberos.htx\bacup val\[FAT32]\[01452C]\x1020943.JPG (2 386,80 K/S -  2 444 046 bytes)
[22:54:46] - [16] MIRKO.POZEN: Début d'Upload de D:\kerberos.htx\bacup val\[FAT32]\[01452C]\x1020945.JPG
[22:54:46] - [15] MIRKO.POZEN: Fichier Upload: D:\kerberos.htx\bacup val\[FAT32]\[01452C]\x1020944.JPG (3 046,50 K/S -  3 119 666 bytes)
[22:54:46] - [15] MIRKO.POZEN: Début d'Upload de D:\kerberos.htx\bacup val\[FAT32]\[01452C]\x1020946.JPG
[22:54:47] - [16] MIRKO.POZEN: Fichier Upload: D:\kerberos.htx\bacup val\[FAT32]\[01452C]\x1020945.JPG (3 029,20 K/S -  3 101 944 bytes)
[22:54:47] - [16] MIRKO.POZEN: Début d'Upload de D:\kerberos.htx\bacup val\[FAT32]\[01452C]\x1020947.JPG
[22:54:47] - [15] MIRKO.POZEN: Fichier Upload: D:\kerberos.htx\bacup val\[FAT32]\[01452C]\x1020946.JPG (2 392,20 K/S -  2 449 568 bytes)
[22:54:47] - [15] MIRKO.POZEN: Début d'Upload de D:\kerberos.htx\bacup val\[FAT32]\[01452C]\x1020948.JPG
[22:54:47] - [16] MIRKO.POZEN: Fichier Upload: D:\kerberos.htx\bacup val\[FAT32]\[01452C]\x1020947.JPG (2 351,90 K/S -  2 408 325 bytes)
[22:54:47] - [16] MIRKO.POZEN: Début d'Upload de D:\kerberos.htx\bacup val\[FAT32]\[01452C]\x2NOV2~1.JPG
[22:54:47] - [16] MIRKO.POZEN: Fichier Upload: D:\kerberos.htx\bacup val\[FAT32]\[01452C]\x2NOV2~1.JPG (130,66 K/S -   133 799 bytes)
[22:54:48] - [16] MIRKO.POZEN: Début d'Upload de D:\kerberos.htx\bacup val\[FAT32]\[01452C]\x90938.JPG
[22:54:48] - [15] MIRKO.POZEN: Fichier Upload: D:\kerberos.htx\bacup val\[FAT32]\[01452C]\x1020948.JPG (2 990,80 K/S -  3 062 594 bytes)
[22:54:48] - [15] MIRKO.POZEN: Début d'Upload de D:\kerberos.htx\bacup val\[FAT32]\[01452C]\x90938_1.JPG
[22:54:48] - [16] MIRKO.POZEN: Fichier Upload: D:\kerberos.htx\bacup val\[FAT32]\[01452C]\x90938.JPG (828,14 K/S -   848 017 bytes)
[22:54:48] - [16] MIRKO.POZEN: Début d'Upload de D:\kerberos.htx\bacup val\[FAT32]\[01452C]\x9734_~1.JPG
[22:54:48] - [16] MIRKO.POZEN: Fichier Upload: D:\kerberos.htx\bacup val\[FAT32]\[01452C]\x9734_~1.JPG (21,56 K/S -   22 081 bytes)
[22:54:48] - [15] MIRKO.POZEN: Fichier Upload: D:\kerberos.htx\bacup val\[FAT32]\[01452C]\x90938_1.JPG (828,14 K/S -   848 017 bytes)
[22:54:48] - [15] MIRKO.POZEN: Début d'Upload de D:\kerberos.htx\bacup val\[FAT32]\[01452C]\xAB9AF~1.JPG
[22:54:48] - [16] MIRKO.POZEN: Début d'Upload de D:\kerberos.htx\bacup val\[FAT32]\[01452C]\xAF0C8~1.JPG
[22:54:48] - [16] MIRKO.POZEN: Fichier Upload: D:\kerberos.htx\bacup val\[FAT32]\[01452C]\xAF0C8~1.JPG (98,58 K/S -   100 944 bytes)
[22:54:48] - [15] MIRKO.POZEN: Fichier Upload: D:\kerberos.htx\bacup val\[FAT32]\[01452C]\xAB9AF~1.JPG (1 479,80 K/S -  1 515 288 bytes)
[22:54:48] - [15] MIRKO.POZEN: Début d'Upload de D:\kerberos.htx\bacup val\[FAT32]\[01452C]\xANSTI~1.JPG
[22:54:48] - [16] MIRKO.POZEN: Début d'Upload de D:\kerberos.htx\bacup val\[FAT32]\[01452C]\xANSTI~2.JPG
[22:54:48] - [16] MIRKO.POZEN: Fichier Upload: D:\kerberos.htx\bacup val\[FAT32]\[01452C]\xANSTI~2.JPG (345,25 K/S -   353 536 bytes)
[22:54:49] - [15] MIRKO.POZEN: Fichier Upload: D:\kerberos.htx\bacup val\[FAT32]\[01452C]\xANSTI~1.JPG (858,36 K/S -   878 963 bytes)
[22:54:49] - [15] MIRKO.POZEN: Début d'Upload de D:\kerberos.htx\bacup val\[FAT32]\[01452C]\xANSTI~3.JPG
[22:54:49] - [16] MIRKO.POZEN: Début d'Upload de D:\kerberos.htx\bacup val\[FAT32]\[01452C]\xANSTI~4.JPG
[22:54:49] - [16] MIRKO.POZEN: Fichier Upload: D:\kerberos.htx\bacup val\[FAT32]\[01452C]\xANSTI~4.JPG (427,78 K/S -   438 050 bytes)
[22:54:49] - [16] MIRKO.POZEN: Début d'Upload de D:\kerberos.htx\bacup val\[FAT32]\[01452C]\xB001.JPG
[22:54:49] - [15] MIRKO.POZEN: Fichier Upload: D:\kerberos.htx\bacup val\[FAT32]\[01452C]\xANSTI~3.JPG (1 777,90 K/S -  1 820 615 bytes)
[22:54:49] - [15] MIRKO.POZEN: Début d'Upload de D:\kerberos.htx\bacup val\[FAT32]\[01452C]\xB002.JPG
[22:54:49] - [15] MIRKO.POZEN: Fichier Upload: D:\kerberos.htx\bacup val\[FAT32]\[01452C]\xB002.JPG (1 143,90 K/S -  1 171 352 bytes)
[22:54:49] - [16] MIRKO.POZEN: Fichier Upload: D:\kerberos.htx\bacup val\[FAT32]\[01452C]\xB001.JPG (1 434,70 K/S -  1 469 122 bytes)
[22:54:49] - [15] MIRKO.POZEN: Début d'Upload de D:\kerberos.htx\bacup val\[FAT32]\[01452C]\xB004_1.JPG
[22:54:49] - [16] MIRKO.POZEN: Début d'Upload de D:\kerberos.htx\bacup val\[FAT32]\[01452C]\xBMAIL~1.JPG
[22:54:49] - [16] MIRKO.POZEN: Fichier Upload: D:\kerberos.htx\bacup val\[FAT32]\[01452C]\xBMAIL~1.JPG (29,38 K/S -   30 080 bytes)
[22:54:50] - [15] MIRKO.POZEN: Fichier Upload: D:\kerberos.htx\bacup val\[FAT32]\[01452C]\xB004_1.JPG (94,51 K/S -   96 776 bytes)
[22:54:50] - [15] MIRKO.POZEN: Début d'Upload de D:\kerberos.htx\bacup val\[FAT32]\[01452C]\xBREGA~1.JPG
[22:54:50] - [16] MIRKO.POZEN: Début d'Upload de D:\kerberos.htx\bacup val\[FAT32]\[01452C]\xEGARD~1.JPG
[22:54:50] - [16] MIRKO.POZEN: Fichier Upload: D:\kerberos.htx\bacup val\[FAT32]\[01452C]\xEGARD~1.JPG (80,90 K/S -   82 840 bytes)
[22:54:50] - [15] MIRKO.POZEN: Fichier Upload: D:\kerberos.htx\bacup val\[FAT32]\[01452C]\xBREGA~1.JPG (691,06 K/S -   707 650 bytes)
[22:54:50] - [15] MIRKO.POZEN: Début d'Upload de D:\kerberos.htx\bacup val\[FAT32]\[01452C]\xEGARD~2.JPG
[22:54:50] - [16] MIRKO.POZEN: Début d'Upload de D:\kerberos.htx\bacup val\[FAT32]\[01452C]\xEGARD~3.JPG
[22:54:50] - [15] MIRKO.POZEN: Fichier Upload: D:\kerberos.htx\bacup val\[FAT32]\[01452C]\xEGARD~2.JPG (211,58 K/S -   216 659 bytes)
[22:54:50] - [16] MIRKO.POZEN: Fichier Upload: D:\kerberos.htx\bacup val\[FAT32]\[01452C]\xEGARD~3.JPG (991,76 K/S -  1 015 559 bytes)
[22:54:50] - [15] MIRKO.POZEN: Début d'Upload de D:\kerberos.htx\bacup val\[FAT32]\[01452C]\xEGARD~4.JPG
[22:54:50] - [15] MIRKO.POZEN: Fichier Upload: D:\kerberos.htx\bacup val\[FAT32]\[01452C]\xEGARD~4.JPG (92,33 K/S -   94 546 bytes)
[22:54:50] - [16] MIRKO.POZEN: Début d'Upload de D:\kerberos.htx\bacup val\[FAT32]\[01452C]\xEIL00~1.JPG
[22:54:50] - [16] MIRKO.POZEN: Fichier Upload: D:\kerberos.htx\bacup val\[FAT32]\[01452C]\xEIL00~1.JPG (32,55 K/S -   33 331 bytes)
[22:54:50] - [15] MIRKO.POZEN: Début d'Upload de D:\kerberos.htx\bacup val\[FAT32]\[01452C]\xHOTOD~1.JPG
[22:54:50] - [15] MIRKO.POZEN: Fichier Upload: D:\kerberos.htx\bacup val\[FAT32]\[01452C]\xHOTOD~1.JPG (123,49 K/S -   126 451 bytes)
[22:54:50] - [16] MIRKO.POZEN: Début d'Upload de D:\kerberos.htx\bacup val\[FAT32]\[01452C]\xISAGE~1.JPG
[22:54:51] - [15] MIRKO.POZEN: Début d'Upload de D:\kerberos.htx\bacup val\[FAT32]\[01452C]\xISAGE~2.JPG
[22:54:51] - [16] MIRKO.POZEN: Fichier Upload: D:\kerberos.htx\bacup val\[FAT32]\[01452C]\xISAGE~1.JPG (1 254,00 K/S -  1 284 060 bytes)
[22:54:51] - [16] MIRKO.POZEN: Début d'Upload de D:\kerberos.htx\bacup val\[FAT32]\[01452C]\xISAGE~3.JPG
[22:54:51] - [15] MIRKO.POZEN: Fichier Upload: D:\kerberos.htx\bacup val\[FAT32]\[01452C]\xISAGE~2.JPG (482,38 K/S -   493 960 bytes)
[22:54:51] - [15] MIRKO.POZEN: Début d'Upload de D:\kerberos.htx\bacup val\[FAT32]\[01452C]\xISAGE~4.JPG
[22:54:51] - [16] MIRKO.POZEN: Fichier Upload: D:\kerberos.htx\bacup val\[FAT32]\[01452C]\xISAGE~3.JPG (481,55 K/S -   493 107 bytes)
[22:54:51] - [16] MIRKO.POZEN: Début d'Upload de D:\kerberos.htx\bacup val\[FAT32]\[01452C]\xSBDE6~1.JPG
[22:54:51] - [16] MIRKO.POZEN: Fichier Upload: D:\kerberos.htx\bacup val\[FAT32]\[01452C]\xSBDE6~1.JPG (811,76 K/S -   831 240 bytes)
[22:54:51] - [15] MIRKO.POZEN: Fichier Upload: D:\kerberos.htx\bacup val\[FAT32]\[01452C]\xISAGE~4.JPG (1 335,90 K/S -  1 367 980 bytes)
[22:54:51] - [16] MIRKO.POZEN: Début d'Upload de D:\kerberos.htx\bacup val\[FAT32]\[01452C]\xSC04122.JPG
[22:54:51] - [15] MIRKO.POZEN: Début d'Upload de D:\kerberos.htx\bacup val\[FAT32]\[01452C]\xSC04123.JPG
[22:54:52] - [15] MIRKO.POZEN: Fichier Upload: D:\kerberos.htx\bacup val\[FAT32]\[01452C]\xSC04123.JPG (734,36 K/S -   751 983 bytes)
[22:54:52] - [16] MIRKO.POZEN: Fichier Upload: D:\kerberos.htx\bacup val\[FAT32]\[01452C]\xSC04122.JPG (801,92 K/S -   821 168 bytes)
[22:54:52] - [15] MIRKO.POZEN: Début d'Upload de D:\kerberos.htx\bacup val\[FAT32]\[01452C]\xSC04124.JPG
[22:54:52] - [16] MIRKO.POZEN: Début d'Upload de D:\kerberos.htx\bacup val\[FAT32]\[01452C]\xSC04126.JPG
[22:54:52] - [15] MIRKO.POZEN: Fichier Upload: D:\kerberos.htx\bacup val\[FAT32]\[01452C]\xSC04124.JPG (791,93 K/S -   810 940 bytes)
[22:54:52] - [16] MIRKO.POZEN: Fichier Upload: D:\kerberos.htx\bacup val\[FAT32]\[01452C]\xSC04126.JPG (759,59 K/S -   777 825 bytes)
[22:54:52] - [15] MIRKO.POZEN: Début d'Upload de D:\kerberos.htx\bacup val\[FAT32]\[01452C]\xSC04127.JPG
[22:54:52] - [16] MIRKO.POZEN: Début d'Upload de D:\kerberos.htx\bacup val\[FAT32]\[01452C]\xSC04128.JPG
[22:54:52] - [16] MIRKO.POZEN: Fichier Upload: D:\kerberos.htx\bacup val\[FAT32]\[01452C]\xSC04128.JPG (704,32 K/S -   721 223 bytes)
[22:54:52] - [15] MIRKO.POZEN: Fichier Upload: D:\kerberos.htx\bacup val\[FAT32]\[01452C]\xSC04127.JPG (749,54 K/S -   767 524 bytes)
[22:54:52] - [16] MIRKO.POZEN: Début d'Upload de D:\kerberos.htx\bacup val\[FAT32]\[01452C]\xSC04131.JPG
[22:54:52] - [15] MIRKO.POZEN: Début d'Upload de D:\kerberos.htx\bacup val\[FAT32]\[01452C]\xSC04132.JPG
[22:54:52] - [15] MIRKO.POZEN: Fichier Upload: D:\kerberos.htx\bacup val\[FAT32]\[01452C]\xSC04132.JPG (733,83 K/S -   751 440 bytes)
[22:54:52] - [16] MIRKO.POZEN: Fichier Upload: D:\kerberos.htx\bacup val\[FAT32]\[01452C]\xSC04131.JPG (837,76 K/S -   857 862 bytes)
[22:54:52] - [15] MIRKO.POZEN: Début d'Upload de D:\kerberos.htx\bacup val\[FAT32]\[01452C]\xSC04133.JPG
[22:54:52] - [16] MIRKO.POZEN: Début d'Upload de D:\kerberos.htx\bacup val\[FAT32]\[01452C]\xSC04134.JPG
[22:54:53] - [15] MIRKO.POZEN: Fichier Upload: D:\kerberos.htx\bacup val\[FAT32]\[01452C]\xSC04133.JPG (797,74 K/S -   816 884 bytes)
[22:54:53] - [16] MIRKO.POZEN: Fichier Upload: D:\kerberos.htx\bacup val\[FAT32]\[01452C]\xSC04134.JPG (831,06 K/S -   851 009 bytes)
[22:54:53] - [15] MIRKO.POZEN: Début d'Upload de D:\kerberos.htx\bacup val\[FAT32]\[01452C]\xSC04135.JPG
[22:54:53] - [16] MIRKO.POZEN: Début d'Upload de D:\kerberos.htx\bacup val\[FAT32]\[01452C]\xSC04136.JPG
[22:54:53] - [16] MIRKO.POZEN: Fichier Upload: D:\kerberos.htx\bacup val\[FAT32]\[01452C]\xSC04136.JPG (732,82 K/S -   750 410 bytes)
[22:54:53] - [15] MIRKO.POZEN: Fichier Upload: D:\kerberos.htx\bacup val\[FAT32]\[01452C]\xSC04135.JPG (802,40 K/S -   821 658 bytes)
[22:54:53] - [16] MIRKO.POZEN: Début d'Upload de D:\kerberos.htx\bacup val\[FAT32]\[01452C]\xSC04137.JPG
[22:54:53] - [15] MIRKO.POZEN: Début d'Upload de D:\kerberos.htx\bacup val\[FAT32]\[01452C]\xSC04138.JPG
[22:54:53] - [16] MIRKO.POZEN: Fichier Upload: D:\kerberos.htx\bacup val\[FAT32]\[01452C]\xSC04137.JPG (750,67 K/S -   768 681 bytes)
[22:54:53] - [15] MIRKO.POZEN: Fichier Upload: D:\kerberos.htx\bacup val\[FAT32]\[01452C]\xSC04138.JPG (801,97 K/S -   821 221 bytes)
[22:54:53] - [16] MIRKO.POZEN: Début d'Upload de D:\kerberos.htx\bacup val\[FAT32]\[01452C]\xSC04139.JPG
[22:54:54] - [15] MIRKO.POZEN: Début d'Upload de D:\kerberos.htx\bacup val\[FAT32]\[01452C]\xSC04140.JPG
[22:54:54] - [16] MIRKO.POZEN: Fichier Upload: D:\kerberos.htx\bacup val\[FAT32]\[01452C]\xSC04139.JPG (834,24 K/S -   854 259 bytes)
[22:54:54] - [15] MIRKO.POZEN: Fichier Upload: D:\kerberos.htx\bacup val\[FAT32]\[01452C]\xSC04140.JPG (821,17 K/S -   840 875 bytes)
[22:54:54] - [16] MIRKO.POZEN: Début d'Upload de D:\kerberos.htx\bacup val\[FAT32]\[01452C]\xSC04142.JPG
[22:54:54] - [15] MIRKO.POZEN: Début d'Upload de D:\kerberos.htx\bacup val\[FAT32]\[01452C]\xSC04144.JPG
[22:54:54] - [16] MIRKO.POZEN: Fichier Upload: D:\kerberos.htx\bacup val\[FAT32]\[01452C]\xSC04142.JPG (819,97 K/S -   839 647 bytes)
[22:54:54] - [15] MIRKO.POZEN: Fichier Upload: D:\kerberos.htx\bacup val\[FAT32]\[01452C]\xSC04144.JPG (839,08 K/S -   859 218 bytes)
[22:54:54] - [16] MIRKO.POZEN: Début d'Upload de D:\kerberos.htx\bacup val\[FAT32]\[01452C]\xSC04145.JPG
[22:54:54] - [15] MIRKO.POZEN: Début d'Upload de D:\kerberos.htx\bacup val\[FAT32]\[01452C]\xSC04146.JPG
[22:54:54] - [16] MIRKO.POZEN: Fichier Upload: D:\kerberos.htx\bacup val\[FAT32]\[01452C]\xSC04145.JPG (815,48 K/S -   835 056 bytes)
[22:54:54] - [15] MIRKO.POZEN: Fichier Upload: D:\kerberos.htx\bacup val\[FAT32]\[01452C]\xSC04146.JPG (805,37 K/S -   824 703 bytes)
[22:54:55] - [16] MIRKO.POZEN: Début d'Upload de D:\kerberos.htx\bacup val\[FAT32]\[01452C]\xSC04153.JPG
[22:54:55] - [15] MIRKO.POZEN: Début d'Upload de D:\kerberos.htx\bacup val\[FAT32]\[01452C]\xSC04155.JPG
[22:54:55] - [16] MIRKO.POZEN: Fichier Upload: D:\kerberos.htx\bacup val\[FAT32]\[01452C]\xSC04153.JPG (732,38 K/S -   749 960 bytes)
[22:54:55] - [15] MIRKO.POZEN: Fichier Upload: D:\kerberos.htx\bacup val\[FAT32]\[01452C]\xSC04155.JPG (814,30 K/S -   833 844 bytes)
[22:54:55] - [16] MIRKO.POZEN: Début d'Upload de D:\kerberos.htx\bacup val\[FAT32]\[01452C]\xSC04156.JPG
[22:54:55] - [15] MIRKO.POZEN: Début d'Upload de D:\kerberos.htx\bacup val\[FAT32]\[01452C]\xSC04158.JPG
[22:54:55] - [15] MIRKO.POZEN: Fichier Upload: D:\kerberos.htx\bacup val\[FAT32]\[01452C]\xSC04158.JPG (738,17 K/S -   755 891 bytes)
[22:54:55] - [16] MIRKO.POZEN: Fichier Upload: D:\kerberos.htx\bacup val\[FAT32]\[01452C]\xSC04156.JPG (768,46 K/S -   786 906 bytes)
[22:54:55] - [15] MIRKO.POZEN: Début d'Upload de D:\kerberos.htx\bacup val\[FAT32]\[01452C]\xSC04168.JPG
[22:54:55] - [16] MIRKO.POZEN: Début d'Upload de D:\kerberos.htx\bacup val\[FAT32]\[01452C]\xSC04169.JPG
[22:54:55] - [15] MIRKO.POZEN: Fichier Upload: D:\kerberos.htx\bacup val\[FAT32]\[01452C]\xSC04168.JPG (811,56 K/S -   831 037 bytes)
[22:54:55] - [16] MIRKO.POZEN: Fichier Upload: D:\kerberos.htx\bacup val\[FAT32]\[01452C]\xSC04169.JPG (814,67 K/S -   834 224 bytes)
[22:54:55] - [15] MIRKO.POZEN: Début d'Upload de D:\kerberos.htx\bacup val\[FAT32]\[01452C]\xSC04171.JPG
[22:54:55] - [16] MIRKO.POZEN: Début d'Upload de D:\kerberos.htx\bacup val\[FAT32]\[01452C]\xSC041~1.JPG
[22:54:56] - [15] MIRKO.POZEN: Fichier Upload: D:\kerberos.htx\bacup val\[FAT32]\[01452C]\xSC04171.JPG (817,60 K/S -   837 224 bytes)
[22:54:56] - [16] MIRKO.POZEN: Fichier Upload: D:\kerberos.htx\bacup val\[FAT32]\[01452C]\xSC041~1.JPG (801,92 K/S -   821 168 bytes)
[22:54:56] - [15] MIRKO.POZEN: Début d'Upload de D:\kerberos.htx\bacup val\[FAT32]\[01452C]\xSC041~2.JPG
[22:54:56] - [16] MIRKO.POZEN: Début d'Upload de D:\kerberos.htx\bacup val\[FAT32]\[01452C]\xSC041~3.JPG
[22:54:56] - [15] MIRKO.POZEN: Fichier Upload: D:\kerberos.htx\bacup val\[FAT32]\[01452C]\xSC041~2.JPG (822,29 K/S -   842 024 bytes)
[22:54:56] - [16] MIRKO.POZEN: Fichier Upload: D:\kerberos.htx\bacup val\[FAT32]\[01452C]\xSC041~3.JPG (798,96 K/S -   818 139 bytes)
[22:54:56] - [15] MIRKO.POZEN: Début d'Upload de D:\kerberos.htx\bacup val\[FAT32]\[01452C]\xSC041~4.JPG
[22:54:56] - [16] MIRKO.POZEN: Début d'Upload de D:\kerberos.htx\bacup val\[FAT32]\[01452C]\xSC04209.JPG
[22:54:56] - [15] MIRKO.POZEN: Fichier Upload: D:\kerberos.htx\bacup val\[FAT32]\[01452C]\xSC041~4.JPG (782,16 K/S -   800 927 bytes)
[22:54:56] - [16] MIRKO.POZEN: Fichier Upload: D:\kerberos.htx\bacup val\[FAT32]\[01452C]\xSC04209.JPG (796,21 K/S -   815 314 bytes)
[22:54:57] - [15] MIRKO.POZEN: Début d'Upload de D:\kerberos.htx\bacup val\[FAT32]\[01452C]\xSC04210.JPG
[22:54:57] - [16] MIRKO.POZEN: Début d'Upload de D:\kerberos.htx\bacup val\[FAT32]\[01452C]\xSC042~1.JPG
[22:54:57] - [16] MIRKO.POZEN: Fichier Upload: D:\kerberos.htx\bacup val\[FAT32]\[01452C]\xSC042~1.JPG (765,12 K/S -   783 487 bytes)
[22:54:57] - [15] MIRKO.POZEN: Fichier Upload: D:\kerberos.htx\bacup val\[FAT32]\[01452C]\xSC04210.JPG (831,13 K/S -   851 075 bytes)
[22:54:57] - [16] MIRKO.POZEN: Début d'Upload de D:\kerberos.htx\bacup val\[FAT32]\[01452C]\xSC04897.JPG
[22:54:57] - [15] MIRKO.POZEN: Début d'Upload de D:\kerberos.htx\bacup val\[FAT32]\[01452C]\xSC04903.JPG
[22:54:57] - [16] MIRKO.POZEN: Fichier Upload: D:\kerberos.htx\bacup val\[FAT32]\[01452C]\xSC04897.JPG (1 350,70 K/S -  1 383 114 bytes)
[22:54:57] - [15] MIRKO.POZEN: Fichier Upload: D:\kerberos.htx\bacup val\[FAT32]\[01452C]\xSC04903.JPG (1 328,70 K/S -  1 360 561 bytes)
[22:54:57] - [16] MIRKO.POZEN: Début d'Upload de D:\kerberos.htx\bacup val\[FAT32]\[01452C]\xSC049~1.JPG
[22:54:57] - [15] MIRKO.POZEN: Début d'Upload de D:\kerberos.htx\bacup val\[FAT32]\[01452C]\xSC049~2.JPG
[22:54:58] - [16] MIRKO.POZEN: Fichier Upload: D:\kerberos.htx\bacup val\[FAT32]\[01452C]\xSC049~1.JPG (1 261,30 K/S -  1 291 606 bytes)
[22:54:58] - [15] MIRKO.POZEN: Fichier Upload: D:\kerberos.htx\bacup val\[FAT32]\[01452C]\xSC049~2.JPG (1 328,70 K/S -  1 360 561 bytes)
[22:54:58] - [16] MIRKO.POZEN: Début d'Upload de D:\kerberos.htx\bacup val\[FAT32]\[01452C]\xSC049~3.JPG
[22:54:58] - [15] MIRKO.POZEN: Répertoire en Cours: D:\kerberos.htx\bacup val\[FAT32]\[015786]\
[22:54:58] - [16] MIRKO.POZEN: Fichier Upload: D:\kerberos.htx\bacup val\[FAT32]\[01452C]\xSC049~3.JPG (1 456,30 K/S -  1 491 234 bytes)
[22:54:58] - [16] MIRKO.POZEN: Répertoire en Cours: D:\kerberos.htx\bacup val\[FAT32]\[015786]\
[22:54:58] - [15] MIRKO.POZEN: Début d'Upload de D:\kerberos.htx\bacup val\[FAT32]\[015786]\x1020171.JPG
[22:54:58] - [16] MIRKO.POZEN: Début d'Upload de D:\kerberos.htx\bacup val\[FAT32]\[015786]\xANSTI~1.JPG
[22:54:58] - [16] MIRKO.POZEN: Fichier Upload: D:\kerberos.htx\bacup val\[FAT32]\[015786]\xANSTI~1.JPG (858,36 K/S -   878 963 bytes)
[22:54:58] - [16] MIRKO.POZEN: Début d'Upload de D:\kerberos.htx\bacup val\[FAT32]\[015786]\xANSTI~2.JPG
[22:54:58] - [15] MIRKO.POZEN: Fichier Upload: D:\kerberos.htx\bacup val\[FAT32]\[015786]\x1020171.JPG (1 861,20 K/S -  1 905 874 bytes)
[22:54:59] - [15] MIRKO.POZEN: Début d'Upload de D:\kerberos.htx\bacup val\[FAT32]\[015786]\xANSTI~3.JPG
[22:54:59] - [16] MIRKO.POZEN: Fichier Upload: D:\kerberos.htx\bacup val\[FAT32]\[015786]\xANSTI~2.JPG (1 289,70 K/S -  1 320 652 bytes)
[22:54:59] - [15] MIRKO.POZEN: Fichier Upload: D:\kerberos.htx\bacup val\[FAT32]\[015786]\xANSTI~3.JPG (345,25 K/S -   353 536 bytes)
[22:54:59] - [16] MIRKO.POZEN: Début d'Upload de D:\kerberos.htx\bacup val\[FAT32]\[015786]\xARDON~1.JPG
[22:54:59] - [16] MIRKO.POZEN: Fichier Upload: D:\kerberos.htx\bacup val\[FAT32]\[015786]\xARDON~1.JPG (66,59 K/S -   68 184 bytes)
[22:54:59] - [15] MIRKO.POZEN: Début d'Upload de D:\kerberos.htx\bacup val\[FAT32]\[015786]\xB001A_1.JPG
[22:54:59] - [15] MIRKO.POZEN: Fichier Upload: D:\kerberos.htx\bacup val\[FAT32]\[015786]\xB001A_1.JPG (56,82 K/S -   58 184 bytes)
[22:54:59] - [16] MIRKO.POZEN: Début d'Upload de D:\kerberos.htx\bacup val\[FAT32]\[015786]\xB001B.JPG
[22:54:59] - [15] MIRKO.POZEN: Début d'Upload de D:\kerberos.htx\bacup val\[FAT32]\[015786]\xB001_1.JPG
[22:54:59] - [16] MIRKO.POZEN: Fichier Upload: D:\kerberos.htx\bacup val\[FAT32]\[015786]\xB001B.JPG (108,43 K/S -   111 036 bytes)
[22:54:59] - [15] MIRKO.POZEN: Fichier Upload: D:\kerberos.htx\bacup val\[FAT32]\[015786]\xB001_1.JPG (1 434,70 K/S -  1 469 122 bytes)
[22:55:00] - [16] MIRKO.POZEN: Début d'Upload de D:\kerberos.htx\bacup val\[FAT32]\[015786]\xB002A.JPG
[22:55:00] - [15] MIRKO.POZEN: Début d'Upload de D:\kerberos.htx\bacup val\[FAT32]\[015786]\xB004.JPG
[22:55:00] - [16] MIRKO.POZEN: Fichier Upload: D:\kerberos.htx\bacup val\[FAT32]\[015786]\xB002A.JPG (75,13 K/S -   76 931 bytes)
[22:55:00] - [15] MIRKO.POZEN: Fichier Upload: D:\kerberos.htx\bacup val\[FAT32]\[015786]\xB004.JPG (94,51 K/S -   96 776 bytes)
[22:55:00] - [16] MIRKO.POZEN: Début d'Upload de D:\kerberos.htx\bacup val\[FAT32]\[015786]\xBSÉPI~1.JPG
[22:55:00] - [15] MIRKO.POZEN: Début d'Upload de D:\kerberos.htx\bacup val\[FAT32]\[015786]\xEGARD~1.JPG
[22:55:00] - [16] MIRKO.POZEN: Fichier Upload: D:\kerberos.htx\bacup val\[FAT32]\[015786]\xBSÉPI~1.JPG (617,42 K/S -   632 233 bytes)
[22:55:00] - [16] MIRKO.POZEN: Début d'Upload de D:\kerberos.htx\bacup val\[FAT32]\[015786]\xEGARD~2.JPG
[22:55:00] - [16] MIRKO.POZEN: Fichier Upload: D:\kerberos.htx\bacup val\[FAT32]\[015786]\xEGARD~2.JPG (159,57 K/S -   163 395 bytes)
[22:55:00] - [15] MIRKO.POZEN: Fichier Upload: D:\kerberos.htx\bacup val\[FAT32]\[015786]\xEGARD~1.JPG (991,76 K/S -  1 015 559 bytes)
[22:55:00] - [15] MIRKO.POZEN: Début d'Upload de D:\kerberos.htx\bacup val\[FAT32]\[015786]\xITEVB~1.JPG
[22:55:00] - [15] MIRKO.POZEN: Fichier Upload: D:\kerberos.htx\bacup val\[FAT32]\[015786]\xITEVB~1.JPG (82,04 K/S -   84 004 bytes)
[22:55:00] - [16] MIRKO.POZEN: Début d'Upload de D:\kerberos.htx\bacup val\[FAT32]\[015786]\xS1CB4~1.JPG
[22:55:00] - [16] MIRKO.POZEN: Fichier Upload: D:\kerberos.htx\bacup val\[FAT32]\[015786]\xS1CB4~1.JPG (836,56 K/S -   856 638 bytes)
[22:55:00] - [15] MIRKO.POZEN: Début d'Upload de D:\kerberos.htx\bacup val\[FAT32]\[015786]\xS2BBD~1.JPG
[22:55:00] - [16] MIRKO.POZEN: Début d'Upload de D:\kerberos.htx\bacup val\[FAT32]\[015786]\xS3CAF~1.JPG
[22:55:01] - [15] MIRKO.POZEN: Fichier Upload: D:\kerberos.htx\bacup val\[FAT32]\[015786]\xS2BBD~1.JPG (814,67 K/S -   834 224 bytes)
[22:55:01] - [15] MIRKO.POZEN: Début d'Upload de D:\kerberos.htx\bacup val\[FAT32]\[015786]\xS4C04~1.JPG
[22:55:01] - [16] MIRKO.POZEN: Fichier Upload: D:\kerberos.htx\bacup val\[FAT32]\[015786]\xS3CAF~1.JPG (839,08 K/S -   859 218 bytes)
[22:55:01] - [16] MIRKO.POZEN: Début d'Upload de D:\kerberos.htx\bacup val\[FAT32]\[015786]\xS4DB6~1.JPG
[22:55:01] - [15] MIRKO.POZEN: Fichier Upload: D:\kerberos.htx\bacup val\[FAT32]\[015786]\xS4C04~1.JPG (738,17 K/S -   755 891 bytes)
[22:55:01] - [15] MIRKO.POZEN: Début d'Upload de D:\kerberos.htx\bacup val\[FAT32]\[015786]\xS5CBF~1.JPG
[22:55:01] - [16] MIRKO.POZEN: Fichier Upload: D:\kerberos.htx\bacup val\[FAT32]\[015786]\xS4DB6~1.JPG (811,56 K/S -   831 037 bytes)
[22:55:01] - [16] MIRKO.POZEN: Début d'Upload de D:\kerberos.htx\bacup val\[FAT32]\[015786]\xS6FC4~1.JPG
[22:55:01] - [15] MIRKO.POZEN: Fichier Upload: D:\kerberos.htx\bacup val\[FAT32]\[015786]\xS5CBF~1.JPG (836,29 K/S -   856 359 bytes)
[22:55:01] - [15] MIRKO.POZEN: Début d'Upload de D:\kerberos.htx\bacup val\[FAT32]\[015786]\xS898B~1.JPG
[22:55:01] - [16] MIRKO.POZEN: Fichier Upload: D:\kerberos.htx\bacup val\[FAT32]\[015786]\xS6FC4~1.JPG (732,38 K/S -   749 960 bytes)
[22:55:01] - [16] MIRKO.POZEN: Début d'Upload de D:\kerberos.htx\bacup val\[FAT32]\[015786]\xS9449~1.JPG
[22:55:02] - [15] MIRKO.POZEN: Fichier Upload: D:\kerberos.htx\bacup val\[FAT32]\[015786]\xS898B~1.JPG (773,27 K/S -   791 825 bytes)
[22:55:02] - [15] MIRKO.POZEN: Début d'Upload de D:\kerberos.htx\bacup val\[FAT32]\[015786]\xSAAD1~1.JPG
[22:55:02] - [16] MIRKO.POZEN: Fichier Upload: D:\kerberos.htx\bacup val\[FAT32]\[015786]\xS9449~1.JPG (805,37 K/S -   824 703 bytes)
[22:55:02] - [16] MIRKO.POZEN: Début d'Upload de D:\kerberos.htx\bacup val\[FAT32]\[015786]\xSBA8D~1.JPG
[22:55:02] - [15] MIRKO.POZEN: Fichier Upload: D:\kerberos.htx\bacup val\[FAT32]\[015786]\xSAAD1~1.JPG (768,46 K/S -   786 906 bytes)
[22:55:02] - [15] MIRKO.POZEN: Début d'Upload de D:\kerberos.htx\bacup val\[FAT32]\[015786]\xSBBC3~1.JPG
[22:55:02] - [16] MIRKO.POZEN: Fichier Upload: D:\kerberos.htx\bacup val\[FAT32]\[015786]\xSBA8D~1.JPG (817,60 K/S -   837 224 bytes)
[22:55:02] - [16] MIRKO.POZEN: Début d'Upload de D:\kerberos.htx\bacup val\[FAT32]\[015786]\xSBDE6~1.JPG
[22:55:02] - [15] MIRKO.POZEN: Fichier Upload: D:\kerberos.htx\bacup val\[FAT32]\[015786]\xSBBC3~1.JPG (782,16 K/S -   800 927 bytes)
[22:55:02] - [15] MIRKO.POZEN: Début d'Upload de D:\kerberos.htx\bacup val\[FAT32]\[015786]\xSC04143.JPG
[22:55:02] - [16] MIRKO.POZEN: Fichier Upload: D:\kerberos.htx\bacup val\[FAT32]\[015786]\xSBDE6~1.JPG (811,76 K/S -   831 240 bytes)
[22:55:02] - [16] MIRKO.POZEN: Début d'Upload de D:\kerberos.htx\bacup val\[FAT32]\[015786]\xSC04154.JPG
[22:55:02] - [15] MIRKO.POZEN: Fichier Upload: D:\kerberos.htx\bacup val\[FAT32]\[015786]\xSC04143.JPG (822,29 K/S -   842 024 bytes)
[22:55:02] - [15] MIRKO.POZEN: Début d'Upload de D:\kerberos.htx\bacup val\[FAT32]\[015786]\xSC041~1.JPG
[22:55:02] - [16] MIRKO.POZEN: Fichier Upload: D:\kerberos.htx\bacup val\[FAT32]\[015786]\xSC04154.JPG (798,96 K/S -   818 139 bytes)
[22:55:03] - [16] MIRKO.POZEN: Début d'Upload de D:\kerberos.htx\bacup val\[FAT32]\[015786]\xSC041~2.JPG
[22:55:03] - [15] MIRKO.POZEN: Fichier Upload: D:\kerberos.htx\bacup val\[FAT32]\[015786]\xSC041~1.JPG (801,97 K/S -   821 221 bytes)
[22:55:03] - [15] MIRKO.POZEN: Début d'Upload de D:\kerberos.htx\bacup val\[FAT32]\[015786]\xSC041~3.JPG
[22:55:03] - [16] MIRKO.POZEN: Fichier Upload: D:\kerberos.htx\bacup val\[FAT32]\[015786]\xSC041~2.JPG (834,24 K/S -   854 259 bytes)
[22:55:03] - [16] MIRKO.POZEN: Début d'Upload de D:\kerberos.htx\bacup val\[FAT32]\[015786]\xSC041~4.JPG
[22:55:03] - [15] MIRKO.POZEN: Fichier Upload: D:\kerberos.htx\bacup val\[FAT32]\[015786]\xSC041~3.JPG (821,17 K/S -   840 875 bytes)
[22:55:03] - [15] MIRKO.POZEN: Début d'Upload de D:\kerberos.htx\bacup val\[FAT32]\[015786]\xSC042~1.JPG
[22:55:03] - [16] MIRKO.POZEN: Fichier Upload: D:\kerberos.htx\bacup val\[FAT32]\[015786]\xSC041~4.JPG (819,97 K/S -   839 647 bytes)
[22:55:03] - [16] MIRKO.POZEN: Début d'Upload de D:\kerberos.htx\bacup val\[FAT32]\[015786]\xSC042~2.JPG
[22:55:03] - [15] MIRKO.POZEN: Fichier Upload: D:\kerberos.htx\bacup val\[FAT32]\[015786]\xSC042~1.JPG (765,12 K/S -   783 487 bytes)
[22:55:03] - [15] MIRKO.POZEN: Début d'Upload de D:\kerberos.htx\bacup val\[FAT32]\[015786]\xSC042~3.JPG
[22:55:04] - [16] MIRKO.POZEN: Fichier Upload: D:\kerberos.htx\bacup val\[FAT32]\[015786]\xSC042~2.JPG (796,21 K/S -   815 314 bytes)
[22:55:04] - [16] MIRKO.POZEN: Début d'Upload de D:\kerberos.htx\bacup val\[FAT32]\[015786]\xSC042~4.JPG
[22:55:04] - [15] MIRKO.POZEN: Fichier Upload: D:\kerberos.htx\bacup val\[FAT32]\[015786]\xSC042~3.JPG (831,13 K/S -   851 075 bytes)
[22:55:04] - [15] MIRKO.POZEN: Début d'Upload de D:\kerberos.htx\bacup val\[FAT32]\[015786]\xSCD92~1.JPG
[22:55:04] - [16] MIRKO.POZEN: Fichier Upload: D:\kerberos.htx\bacup val\[FAT32]\[015786]\xSC042~4.JPG (803,85 K/S -   823 145 bytes)
[22:55:04] - [16] MIRKO.POZEN: Début d'Upload de D:\kerberos.htx\bacup val\[FAT32]\[015786]\xSD33B~1.JPG
[22:55:04] - [15] MIRKO.POZEN: Fichier Upload: D:\kerberos.htx\bacup val\[FAT32]\[015786]\xSCD92~1.JPG (814,30 K/S -   833 844 bytes)
[22:55:04] - [15] MIRKO.POZEN: Début d'Upload de D:\kerberos.htx\bacup val\[FAT32]\[015786]\xSFDE1~1.JPG
[22:55:04] - [16] MIRKO.POZEN: Fichier Upload: D:\kerberos.htx\bacup val\[FAT32]\[015786]\xSD33B~1.JPG (815,48 K/S -   835 056 bytes)
[22:55:04] - [16] MIRKO.POZEN: Répertoire en Cours: D:\kerberos.htx\bacup val\[FAT32]\[015EB9]\
[22:55:04] - [15] MIRKO.POZEN: Fichier Upload: D:\kerberos.htx\bacup val\[FAT32]\[015786]\xSFDE1~1.JPG (807,77 K/S -   827 155 bytes)
[22:55:04] - [15] MIRKO.POZEN: Répertoire en Cours: D:\kerberos.htx\bacup val\[FAT32]\[015EB9]\
[22:55:04] - [16] MIRKO.POZEN: Début d'Upload de D:\kerberos.htx\bacup val\[FAT32]\[015EB9]\x93246_1.JPG
[22:55:05] - [15] MIRKO.POZEN: Début d'Upload de D:\kerberos.htx\bacup val\[FAT32]\[015EB9]\x93246~1.JPG
[22:55:05] - [16] MIRKO.POZEN: Fichier Upload: D:\kerberos.htx\bacup val\[FAT32]\[015EB9]\x93246_1.JPG (681,17 K/S -   697 517 bytes)
[22:55:05] - [15] MIRKO.POZEN: Fichier Upload: D:\kerberos.htx\bacup val\[FAT32]\[015EB9]\x93246~1.JPG (580,59 K/S -   594 523 bytes)
[22:55:05] - [16] MIRKO.POZEN: Début d'Upload de D:\kerberos.htx\bacup val\[FAT32]\[015EB9]\x93345_1.JPG
[22:55:05] - [15] MIRKO.POZEN: Début d'Upload de D:\kerberos.htx\bacup val\[FAT32]\[015EB9]\x93345~1.JPG
[22:55:05] - [16] MIRKO.POZEN: Fichier Upload: D:\kerberos.htx\bacup val\[FAT32]\[015EB9]\x93345_1.JPG (673,69 K/S -   689 861 bytes)
[22:55:05] - [16] MIRKO.POZEN: Répertoire en Cours: D:\kerberos.htx\bacup val\[FAT32]\[015F5D]\
[22:55:05] - [15] MIRKO.POZEN: Fichier Upload: D:\kerberos.htx\bacup val\[FAT32]\[015EB9]\x93345~1.JPG (635,40 K/S -   650 652 bytes)
[22:55:05] - [15] MIRKO.POZEN: Répertoire en Cours: D:\kerberos.htx\bacup val\[FAT32]\[015F5D]\
[22:55:05] - [16] MIRKO.POZEN: Début d'Upload de D:\kerberos.htx\bacup val\[FAT32]\[015F5D]\x90723_1.JPG
[22:55:05] - [16] MIRKO.POZEN: Fichier Upload: D:\kerberos.htx\bacup val\[FAT32]\[015F5D]\x90723_1.JPG (85,93 K/S -   87 996 bytes)
[22:55:05] - [15] MIRKO.POZEN: Début d'Upload de D:\kerberos.htx\bacup val\[FAT32]\[015F5D]\x90742_1.JPG
[22:55:05] - [15] MIRKO.POZEN: Fichier Upload: D:\kerberos.htx\bacup val\[FAT32]\[015F5D]\x90742_1.JPG (87,68 K/S -   89 785 bytes)
[22:55:05] - [16] MIRKO.POZEN: Début d'Upload de D:\kerberos.htx\bacup val\[FAT32]\[015F5D]\x90805_1.JPG
[22:55:05] - [15] MIRKO.POZEN: Début d'Upload de D:\kerberos.htx\bacup val\[FAT32]\[015F5D]\x90825_1.JPG
[22:55:06] - [16] MIRKO.POZEN: Fichier Upload: D:\kerberos.htx\bacup val\[FAT32]\[015F5D]\x90805_1.JPG (782,99 K/S -   801 786 bytes)
[22:55:06] - [16] MIRKO.POZEN: Début d'Upload de D:\kerberos.htx\bacup val\[FAT32]\[015F5D]\x90938_1.JPG
[22:55:06] - [15] MIRKO.POZEN: Fichier Upload: D:\kerberos.htx\bacup val\[FAT32]\[015F5D]\x90825_1.JPG (780,44 K/S -   799 175 bytes)
[22:55:06] - [15] MIRKO.POZEN: Répertoire en Cours: D:\kerberos.htx\bacup val\[FAT32]\[016000]\
[22:55:06] - [16] MIRKO.POZEN: Fichier Upload: D:\kerberos.htx\bacup val\[FAT32]\[015F5D]\x90938_1.JPG (828,14 K/S -   848 017 bytes)
[22:55:06] - [16] MIRKO.POZEN: Répertoire en Cours: D:\kerberos.htx\bacup val\[FAT32]\[016000]\
[22:55:06] - [15] MIRKO.POZEN: Début d'Upload de D:\kerberos.htx\bacup val\[FAT32]\[016000]\x00022_1.JPG
[22:55:06] - [15] MIRKO.POZEN: Fichier Upload: D:\kerberos.htx\bacup val\[FAT32]\[016000]\x00022_1.JPG (50,21 K/S -   51 418 bytes)
[22:55:06] - [16] MIRKO.POZEN: Début d'Upload de D:\kerberos.htx\bacup val\[FAT32]\[016000]\x00057_1.JPG
[22:55:06] - [15] MIRKO.POZEN: Début d'Upload de D:\kerberos.htx\bacup val\[FAT32]\[016000]\x00134_1.JPG
[22:55:06] - [15] MIRKO.POZEN: Fichier Upload: D:\kerberos.htx\bacup val\[FAT32]\[016000]\x00134_1.JPG (43,39 K/S -   44 428 bytes)
[22:55:06] - [16] MIRKO.POZEN: Fichier Upload: D:\kerberos.htx\bacup val\[FAT32]\[016000]\x00057_1.JPG (48,64 K/S -   49 806 bytes)
[22:55:06] - [16] MIRKO.POZEN: Début d'Upload de D:\kerberos.htx\bacup val\[FAT32]\[016000]\x01206~1.JPG
[22:55:06] - [15] MIRKO.POZEN: Début d'Upload de D:\kerberos.htx\bacup val\[FAT32]\[016000]\x01209~1.JPG
[22:55:07] - [15] MIRKO.POZEN: Fichier Upload: D:\kerberos.htx\bacup val\[FAT32]\[016000]\x01209~1.JPG (94,92 K/S -   97 202 bytes)
[22:55:07] - [16] MIRKO.POZEN: Fichier Upload: D:\kerberos.htx\bacup val\[FAT32]\[016000]\x01206~1.JPG (189,42 K/S -   193 966 bytes)
[22:55:07] - [16] MIRKO.POZEN: Début d'Upload de D:\kerberos.htx\bacup val\[FAT32]\[016000]\x01209~2.JPG
[22:55:07] - [16] MIRKO.POZEN: Fichier Upload: D:\kerberos.htx\bacup val\[FAT32]\[016000]\x01209~2.JPG (61,30 K/S -   62 776 bytes)
[22:55:07] - [15] MIRKO.POZEN: Début d'Upload de D:\kerberos.htx\bacup val\[FAT32]\[016000]\x01209~3.JPG
[22:55:07] - [15] MIRKO.POZEN: Fichier Upload: D:\kerberos.htx\bacup val\[FAT32]\[016000]\x01209~3.JPG (53,78 K/S -   55 071 bytes)
[22:55:07] - [16] MIRKO.POZEN: Début d'Upload de D:\kerberos.htx\bacup val\[FAT32]\[016000]\x01209~4.JPG
[22:55:07] - [16] MIRKO.POZEN: Fichier Upload: D:\kerberos.htx\bacup val\[FAT32]\[016000]\x01209~4.JPG (56,15 K/S -   57 494 bytes)
[22:55:07] - [15] MIRKO.POZEN: Début d'Upload de D:\kerberos.htx\bacup val\[FAT32]\[016000]\x04137_1.JPG
[22:55:07] - [15] MIRKO.POZEN: Fichier Upload: D:\kerberos.htx\bacup val\[FAT32]\[016000]\x04137_1.JPG (160,75 K/S -   164 613 bytes)
[22:55:07] - [16] MIRKO.POZEN: Début d'Upload de D:\kerberos.htx\bacup val\[FAT32]\[016000]\x04149_1.JPG
[22:55:07] - [16] MIRKO.POZEN: Fichier Upload: D:\kerberos.htx\bacup val\[FAT32]\[016000]\x04149_1.JPG (154,77 K/S -   158 482 bytes)
[22:55:07] - [15] MIRKO.POZEN: Début d'Upload de D:\kerberos.htx\bacup val\[FAT32]\[016000]\x04214_1.JPG
[22:55:07] - [15] MIRKO.POZEN: Fichier Upload: D:\kerberos.htx\bacup val\[FAT32]\[016000]\x04214_1.JPG (122,56 K/S -   125 502 bytes)
[22:55:07] - [16] MIRKO.POZEN: Début d'Upload de D:\kerberos.htx\bacup val\[FAT32]\[016000]\x04239_1.JPG
[22:55:07] - [16] MIRKO.POZEN: Fichier Upload: D:\kerberos.htx\bacup val\[FAT32]\[016000]\x04239_1.JPG (134,53 K/S -   137 757 bytes)
[22:55:07] - [15] MIRKO.POZEN: Début d'Upload de D:\kerberos.htx\bacup val\[FAT32]\[016000]\x04321_1.JPG
[22:55:08] - [16] MIRKO.POZEN: Début d'Upload de D:\kerberos.htx\bacup val\[FAT32]\[016000]\x04419_1.JPG
[22:55:08] - [15] MIRKO.POZEN: Fichier Upload: D:\kerberos.htx\bacup val\[FAT32]\[016000]\x04321_1.JPG (168,57 K/S -   172 611 bytes)
[22:55:08] - [16] MIRKO.POZEN: Fichier Upload: D:\kerberos.htx\bacup val\[FAT32]\[016000]\x04419_1.JPG (159,31 K/S -   163 137 bytes)
[22:55:08] - [15] MIRKO.POZEN: Début d'Upload de D:\kerberos.htx\bacup val\[FAT32]\[016000]\x04432.JPG
[22:55:08] - [15] MIRKO.POZEN: Fichier Upload: D:\kerberos.htx\bacup val\[FAT32]\[016000]\x04432.JPG (153,41 K/S -   157 088 bytes)
[22:55:08] - [16] MIRKO.POZEN: Début d'Upload de D:\kerberos.htx\bacup val\[FAT32]\[016000]\x04446.JPG
[22:55:08] - [16] MIRKO.POZEN: Fichier Upload: D:\kerberos.htx\bacup val\[FAT32]\[016000]\x04446.JPG (158,91 K/S -   162 723 bytes)
[22:55:08] - [15] MIRKO.POZEN: Début d'Upload de D:\kerberos.htx\bacup val\[FAT32]\[016000]\x04504_1.JPG
[22:55:08] - [15] MIRKO.POZEN: Fichier Upload: D:\kerberos.htx\bacup val\[FAT32]\[016000]\x04504_1.JPG (199,58 K/S -   204 370 bytes)
[22:55:08] - [16] MIRKO.POZEN: Début d'Upload de D:\kerberos.htx\bacup val\[FAT32]\[016000]\x04512.JPG
[22:55:08] - [16] MIRKO.POZEN: Fichier Upload: D:\kerberos.htx\bacup val\[FAT32]\[016000]\x04512.JPG (148,43 K/S -   151 997 bytes)
[22:55:08] - [15] MIRKO.POZEN: Début d'Upload de D:\kerberos.htx\bacup val\[FAT32]\[016000]\x04553_1.JPG
[22:55:09] - [15] MIRKO.POZEN: Fichier Upload: D:\kerberos.htx\bacup val\[FAT32]\[016000]\x04553_1.JPG (162,67 K/S -   166 569 bytes)
[22:55:09] - [16] MIRKO.POZEN: Début d'Upload de D:\kerberos.htx\bacup val\[FAT32]\[016000]\x04623.JPG
[22:55:09] - [16] MIRKO.POZEN: Fichier Upload: D:\kerberos.htx\bacup val\[FAT32]\[016000]\x04623.JPG (117,77 K/S -   120 600 bytes)
[22:55:09] - [15] MIRKO.POZEN: Début d'Upload de D:\kerberos.htx\bacup val\[FAT32]\[016000]\x05833_1.JPG
[22:55:09] - [15] MIRKO.POZEN: Fichier Upload: D:\kerberos.htx\bacup val\[FAT32]\[016000]\x05833_1.JPG (118,83 K/S -   121 684 bytes)
[22:55:09] - [16] MIRKO.POZEN: Début d'Upload de D:\kerberos.htx\bacup val\[FAT32]\[016000]\x10415_1.JPG
[22:55:09] - [16] MIRKO.POZEN: Fichier Upload: D:\kerberos.htx\bacup val\[FAT32]\[016000]\x10415_1.JPG (191,08 K/S -   195 664 bytes)
[22:55:09] - [15] MIRKO.POZEN: Début d'Upload de D:\kerberos.htx\bacup val\[FAT32]\[016000]\x10426_1.JPG
[22:55:09] - [15] MIRKO.POZEN: Fichier Upload: D:\kerberos.htx\bacup val\[FAT32]\[016000]\x10426_1.JPG (191,57 K/S -   196 168 bytes)
[22:55:09] - [16] MIRKO.POZEN: Début d'Upload de D:\kerberos.htx\bacup val\[FAT32]\[016000]\x10434_1.JPG
[22:55:09] - [16] MIRKO.POZEN: Fichier Upload: D:\kerberos.htx\bacup val\[FAT32]\[016000]\x10434_1.JPG (183,40 K/S -   187 798 bytes)
[22:55:09] - [15] MIRKO.POZEN: Début d'Upload de D:\kerberos.htx\bacup val\[FAT32]\[016000]\x60646_1.JPG
[22:55:09] - [15] MIRKO.POZEN: Fichier Upload: D:\kerberos.htx\bacup val\[FAT32]\[016000]\x60646_1.JPG (37,87 K/S -   38 775 bytes)
[22:55:09] - [16] MIRKO.POZEN: Début d'Upload de D:\kerberos.htx\bacup val\[FAT32]\[016000]\x60715_1.JPG
[22:55:09] - [16] MIRKO.POZEN: Fichier Upload: D:\kerberos.htx\bacup val\[FAT32]\[016000]\x60715_1.JPG (33,76 K/S -   34 573 bytes)
[22:55:09] - [15] MIRKO.POZEN: Début d'Upload de D:\kerberos.htx\bacup val\[FAT32]\[016000]\x60721.JPG
[22:55:09] - [15] MIRKO.POZEN: Fichier Upload: D:\kerberos.htx\bacup val\[FAT32]\[016000]\x60721.JPG (35,25 K/S -   36 095 bytes)
[22:55:10] - [16] MIRKO.POZEN: Début d'Upload de D:\kerberos.htx\bacup val\[FAT32]\[016000]\x60735_1.JPG
[22:55:10] - [16] MIRKO.POZEN: Fichier Upload: D:\kerberos.htx\bacup val\[FAT32]\[016000]\x60735_1.JPG (35,01 K/S -   35 850 bytes)
[22:55:10] - [15] MIRKO.POZEN: Début d'Upload de D:\kerberos.htx\bacup val\[FAT32]\[016000]\x60908_1.JPG
[22:55:10] - [15] MIRKO.POZEN: Fichier Upload: D:\kerberos.htx\bacup val\[FAT32]\[016000]\x60908_1.JPG (37,11 K/S -   37 998 bytes)
[22:55:10] - [16] MIRKO.POZEN: Début d'Upload de D:\kerberos.htx\bacup val\[FAT32]\[016000]\x61425_1.JPG
[22:55:10] - [16] MIRKO.POZEN: Fichier Upload: D:\kerberos.htx\bacup val\[FAT32]\[016000]\x61425_1.JPG (34,66 K/S -   35 490 bytes)
[22:55:10] - [15] MIRKO.POZEN: Début d'Upload de D:\kerberos.htx\bacup val\[FAT32]\[016000]\x61456_1.JPG
[22:55:10] - [15] MIRKO.POZEN: Fichier Upload: D:\kerberos.htx\bacup val\[FAT32]\[016000]\x61456_1.JPG (34,05 K/S -   34 870 bytes)
[22:55:10] - [16] MIRKO.POZEN: Début d'Upload de D:\kerberos.htx\bacup val\[FAT32]\[016000]\x61520_1.JPG
[22:55:10] - [16] MIRKO.POZEN: Fichier Upload: D:\kerberos.htx\bacup val\[FAT32]\[016000]\x61520_1.JPG (32,94 K/S -   33 726 bytes)
[22:55:10] - [15] MIRKO.POZEN: Début d'Upload de D:\kerberos.htx\bacup val\[FAT32]\[016000]\x61525_1.JPG
[22:55:10] - [15] MIRKO.POZEN: Fichier Upload: D:\kerberos.htx\bacup val\[FAT32]\[016000]\x61525_1.JPG (33,58 K/S -   34 385 bytes)
[22:55:10] - [16] MIRKO.POZEN: Début d'Upload de D:\kerberos.htx\bacup val\[FAT32]\[016000]\x61549_1.JPG
[22:55:10] - [16] MIRKO.POZEN: Fichier Upload: D:\kerberos.htx\bacup val\[FAT32]\[016000]\x61549_1.JPG (34,70 K/S -   35 531 bytes)
[22:55:10] - [15] MIRKO.POZEN: Début d'Upload de D:\kerberos.htx\bacup val\[FAT32]\[016000]\x61617_1.JPG
[22:55:10] - [15] MIRKO.POZEN: Fichier Upload: D:\kerberos.htx\bacup val\[FAT32]\[016000]\x61617_1.JPG (34,41 K/S -   35 232 bytes)
[22:55:10] - [16] MIRKO.POZEN: Début d'Upload de D:\kerberos.htx\bacup val\[FAT32]\[016000]\x65144_1.JPG
[22:55:11] - [16] MIRKO.POZEN: Fichier Upload: D:\kerberos.htx\bacup val\[FAT32]\[016000]\x65144_1.JPG (98,64 K/S -   101 006 bytes)
[22:55:11] - [15] MIRKO.POZEN: Début d'Upload de D:\kerberos.htx\bacup val\[FAT32]\[016000]\x65230_1.JPG
[22:55:11] - [15] MIRKO.POZEN: Fichier Upload: D:\kerberos.htx\bacup val\[FAT32]\[016000]\x65230_1.JPG (84,83 K/S -   86 871 bytes)
[22:55:11] - [16] MIRKO.POZEN: Début d'Upload de D:\kerberos.htx\bacup val\[FAT32]\[016000]\x65237_1.JPG
[22:55:11] - [16] MIRKO.POZEN: Fichier Upload: D:\kerberos.htx\bacup val\[FAT32]\[016000]\x65237_1.JPG (82,86 K/S -   84 848 bytes)
[22:55:11] - [15] MIRKO.POZEN: Début d'Upload de D:\kerberos.htx\bacup val\[FAT32]\[016000]\x65244_1.JPG
[22:55:11] - [15] MIRKO.POZEN: Fichier Upload: D:\kerberos.htx\bacup val\[FAT32]\[016000]\x65244_1.JPG (81,83 K/S -   83 799 bytes)
[22:55:11] - [16] MIRKO.POZEN: Début d'Upload de D:\kerberos.htx\bacup val\[FAT32]\[016000]\x65314_1.JPG
[22:55:11] - [16] MIRKO.POZEN: Fichier Upload: D:\kerberos.htx\bacup val\[FAT32]\[016000]\x65314_1.JPG (96,00 K/S -   98 309 bytes)
[22:55:11] - [15] MIRKO.POZEN: Début d'Upload de D:\kerberos.htx\bacup val\[FAT32]\[016000]\x65328_1.JPG
[22:55:11] - [15] MIRKO.POZEN: Fichier Upload: D:\kerberos.htx\bacup val\[FAT32]\[016000]\x65328_1.JPG (96,19 K/S -   98 498 bytes)
[22:55:11] - [16] MIRKO.POZEN: Début d'Upload de D:\kerberos.htx\bacup val\[FAT32]\[016000]\x95141.JPG
[22:55:11] - [16] MIRKO.POZEN: Fichier Upload: D:\kerberos.htx\bacup val\[FAT32]\[016000]\x95141.JPG (55,72 K/S -   57 054 bytes)
[22:55:11] - [15] MIRKO.POZEN: Début d'Upload de D:\kerberos.htx\bacup val\[FAT32]\[016000]\x95202_1.JPG
[22:55:11] - [15] MIRKO.POZEN: Fichier Upload: D:\kerberos.htx\bacup val\[FAT32]\[016000]\x95202_1.JPG (52,10 K/S -   53 355 bytes)
[22:55:11] - [16] MIRKO.POZEN: Début d'Upload de D:\kerberos.htx\bacup val\[FAT32]\[016000]\x95228_1.JPG
[22:55:11] - [16] MIRKO.POZEN: Fichier Upload: D:\kerberos.htx\bacup val\[FAT32]\[016000]\x95228_1.JPG (55,21 K/S -   56 531 bytes)
[22:55:12] - [15] MIRKO.POZEN: Début d'Upload de D:\kerberos.htx\bacup val\[FAT32]\[016000]\x95302_1.JPG
[22:55:12] - [15] MIRKO.POZEN: Fichier Upload: D:\kerberos.htx\bacup val\[FAT32]\[016000]\x95302_1.JPG (52,18 K/S -   53 431 bytes)
[22:55:12] - [16] MIRKO.POZEN: Début d'Upload de D:\kerberos.htx\bacup val\[FAT32]\[016000]\x95318_1.JPG
[22:55:12] - [16] MIRKO.POZEN: Fichier Upload: D:\kerberos.htx\bacup val\[FAT32]\[016000]\x95318_1.JPG (45,92 K/S -   47 023 bytes)
[22:55:12] - [15] MIRKO.POZEN: Début d'Upload de D:\kerberos.htx\bacup val\[FAT32]\[016000]\x95328_1.JPG
[22:55:12] - [15] MIRKO.POZEN: Fichier Upload: D:\kerberos.htx\bacup val\[FAT32]\[016000]\x95328_1.JPG (48,03 K/S -   49 180 bytes)
[22:55:12] - [16] MIRKO.POZEN: Début d'Upload de D:\kerberos.htx\bacup val\[FAT32]\[016000]\x95409_1.JPG
[22:55:12] - [16] MIRKO.POZEN: Fichier Upload: D:\kerberos.htx\bacup val\[FAT32]\[016000]\x95409_1.JPG (58,07 K/S -   59 468 bytes)
[22:55:12] - [15] MIRKO.POZEN: Début d'Upload de D:\kerberos.htx\bacup val\[FAT32]\[016000]\x95421_1.JPG
[22:55:12] - [15] MIRKO.POZEN: Fichier Upload: D:\kerberos.htx\bacup val\[FAT32]\[016000]\x95421_1.JPG (61,97 K/S -   63 459 bytes)
[22:55:12] - [16] MIRKO.POZEN: Début d'Upload de D:\kerberos.htx\bacup val\[FAT32]\[016000]\x95505.JPG
[22:55:12] - [16] MIRKO.POZEN: Fichier Upload: D:\kerberos.htx\bacup val\[FAT32]\[016000]\x95505.JPG (55,20 K/S -   56 529 bytes)
[22:55:12] - [15] MIRKO.POZEN: Début d'Upload de D:\kerberos.htx\bacup val\[FAT32]\[016000]\x95519_1.JPG
[22:55:12] - [15] MIRKO.POZEN: Fichier Upload: D:\kerberos.htx\bacup val\[FAT32]\[016000]\x95519_1.JPG (59,52 K/S -   60 950 bytes)
[22:55:12] - [16] MIRKO.POZEN: Début d'Upload de D:\kerberos.htx\bacup val\[FAT32]\[016000]\x95602_1.JPG
[22:55:12] - [16] MIRKO.POZEN: Fichier Upload: D:\kerberos.htx\bacup val\[FAT32]\[016000]\x95602_1.JPG (45,82 K/S -   46 923 bytes)
[22:55:12] - [15] MIRKO.POZEN: Début d'Upload de D:\kerberos.htx\bacup val\[FAT32]\[016000]\x95631_1.JPG
[22:55:13] - [15] MIRKO.POZEN: Fichier Upload: D:\kerberos.htx\bacup val\[FAT32]\[016000]\x95631_1.JPG (50,09 K/S -   51 295 bytes)
[22:55:13] - [16] MIRKO.POZEN: Début d'Upload de D:\kerberos.htx\bacup val\[FAT32]\[016000]\x95702_1.JPG
[22:55:13] - [16] MIRKO.POZEN: Fichier Upload: D:\kerberos.htx\bacup val\[FAT32]\[016000]\x95702_1.JPG (33,99 K/S -   34 810 bytes)
[22:55:13] - [15] MIRKO.POZEN: Début d'Upload de D:\kerberos.htx\bacup val\[FAT32]\[016000]\x95729_1.JPG
[22:55:13] - [15] MIRKO.POZEN: Fichier Upload: D:\kerberos.htx\bacup val\[FAT32]\[016000]\x95729_1.JPG (57,90 K/S -   59 285 bytes)
[22:55:13] - [16] MIRKO.POZEN: Début d'Upload de D:\kerberos.htx\bacup val\[FAT32]\[016000]\x95758_1.JPG
[22:55:13] - [16] MIRKO.POZEN: Fichier Upload: D:\kerberos.htx\bacup val\[FAT32]\[016000]\x95758_1.JPG (56,19 K/S -   57 536 bytes)
[22:55:13] - [15] MIRKO.POZEN: Début d'Upload de D:\kerberos.htx\bacup val\[FAT32]\[016000]\x95806_1.JPG
[22:55:13] - [15] MIRKO.POZEN: Fichier Upload: D:\kerberos.htx\bacup val\[FAT32]\[016000]\x95806_1.JPG (57,22 K/S -   58 598 bytes)
[22:55:13] - [16] MIRKO.POZEN: Début d'Upload de D:\kerberos.htx\bacup val\[FAT32]\[016000]\x95845_1.JPG
[22:55:13] - [16] MIRKO.POZEN: Fichier Upload: D:\kerberos.htx\bacup val\[FAT32]\[016000]\x95845_1.JPG (39,64 K/S -   40 589 bytes)
[22:55:13] - [15] MIRKO.POZEN: Début d'Upload de D:\kerberos.htx\bacup val\[FAT32]\[016000]\x95932.JPG
[22:55:13] - [15] MIRKO.POZEN: Fichier Upload: D:\kerberos.htx\bacup val\[FAT32]\[016000]\x95932.JPG (50,46 K/S -   51 674 bytes)
[22:55:13] - [16] MIRKO.POZEN: Début d'Upload de D:\kerberos.htx\bacup val\[FAT32]\[016000]\x95946_1.JPG
[22:55:13] - [16] MIRKO.POZEN: Fichier Upload: D:\kerberos.htx\bacup val\[FAT32]\[016000]\x95946_1.JPG (50,48 K/S -   51 691 bytes)
[22:55:13] - [15] MIRKO.POZEN: Début d'Upload de D:\kerberos.htx\bacup val\[FAT32]\[016000]\xHOTOD~1.JPG
[22:55:13] - [15] MIRKO.POZEN: Fichier Upload: D:\kerberos.htx\bacup val\[FAT32]\[016000]\xHOTOD~1.JPG (127,61 K/S -   130 669 bytes)
[22:55:14] - [16] MIRKO.POZEN: Début d'Upload de D:\kerberos.htx\bacup val\[FAT32]\[016000]\xHOTOD~1.PNG
[22:55:14] - [16] MIRKO.POZEN: Fichier Upload: D:\kerberos.htx\bacup val\[FAT32]\[016000]\xHOTOD~1.PNG (300,33 K/S -   307 538 bytes)
[22:55:14] - [15] MIRKO.POZEN: Début d'Upload de D:\kerberos.htx\bacup val\[FAT32]\[016000]\xHOTOD~2.JPG
[22:55:14] - [15] MIRKO.POZEN: Fichier Upload: D:\kerberos.htx\bacup val\[FAT32]\[016000]\xHOTOD~2.JPG (70,18 K/S -   71 865 bytes)
[22:55:14] - [16] MIRKO.POZEN: Début d'Upload de D:\kerberos.htx\bacup val\[FAT32]\[016000]\xHOTOD~2.PNG
[22:55:14] - [16] MIRKO.POZEN: Fichier Upload: D:\kerberos.htx\bacup val\[FAT32]\[016000]\xHOTOD~2.PNG (273,58 K/S -   280 148 bytes)
[22:55:14] - [15] MIRKO.POZEN: Début d'Upload de D:\kerberos.htx\bacup val\[FAT32]\[016000]\xHOTOD~3.JPG
[22:55:14] - [15] MIRKO.POZEN: Fichier Upload: D:\kerberos.htx\bacup val\[FAT32]\[016000]\xHOTOD~3.JPG (97,75 K/S -   100 100 bytes)
[22:55:14] - [16] MIRKO.POZEN: Début d'Upload de D:\kerberos.htx\bacup val\[FAT32]\[016000]\xHOTOD~3.PNG
[22:55:14] - [16] MIRKO.POZEN: Fichier Upload: D:\kerberos.htx\bacup val\[FAT32]\[016000]\xHOTOD~3.PNG (304,93 K/S -   312 253 bytes)
[22:55:14] - [15] MIRKO.POZEN: Début d'Upload de D:\kerberos.htx\bacup val\[FAT32]\[016000]\xHOTOD~4.JPG
[22:55:14] - [15] MIRKO.POZEN: Fichier Upload: D:\kerberos.htx\bacup val\[FAT32]\[016000]\xHOTOD~4.JPG (206,92 K/S -   211 882 bytes)
[22:55:14] - [16] MIRKO.POZEN: Début d'Upload de D:\kerberos.htx\bacup val\[FAT32]\[016000]\xHOTOD~4.PNG
[22:55:14] - [16] MIRKO.POZEN: Fichier Upload: D:\kerberos.htx\bacup val\[FAT32]\[016000]\xHOTOD~4.PNG (273,58 K/S -   280 148 bytes)
[22:55:14] - [15] MIRKO.POZEN: Début d'Upload de D:\kerberos.htx\bacup val\[FAT32]\[016000]\xSC041~1.JPG
[22:55:14] - [16] MIRKO.POZEN: Début d'Upload de D:\kerberos.htx\bacup val\[FAT32]\[016000]\xSC049~1.JPG
[22:55:15] - [15] MIRKO.POZEN: Fichier Upload: D:\kerberos.htx\bacup val\[FAT32]\[016000]\xSC041~1.JPG (734,36 K/S -   751 983 bytes)
[22:55:15] - [15] MIRKO.POZEN: Début d'Upload de D:\kerberos.htx\bacup val\[FAT32]\[016000]\xSC049~2.JPG
[22:55:15] - [16] MIRKO.POZEN: Fichier Upload: D:\kerberos.htx\bacup val\[FAT32]\[016000]\xSC049~1.JPG (1 328,70 K/S -  1 360 561 bytes)
[22:55:15] - [16] MIRKO.POZEN: Début d'Upload de D:\kerberos.htx\bacup val\[FAT32]\[016000]\xSC05137.JPG
[22:55:15] - [15] MIRKO.POZEN: Fichier Upload: D:\kerberos.htx\bacup val\[FAT32]\[016000]\xSC049~2.JPG (1 456,30 K/S -  1 491 234 bytes)
[22:55:15] - [15] MIRKO.POZEN: Début d'Upload de D:\kerberos.htx\bacup val\[FAT32]\[016000]\xSC05138.JPG
[22:55:15] - [16] MIRKO.POZEN: Fichier Upload: D:\kerberos.htx\bacup val\[FAT32]\[016000]\xSC05137.JPG (1 387,80 K/S -  1 421 135 bytes)
[22:55:15] - [16] MIRKO.POZEN: Début d'Upload de D:\kerberos.htx\bacup val\[FAT32]\[016000]\xSC051~1.JPG
[22:55:15] - [15] MIRKO.POZEN: Fichier Upload: D:\kerberos.htx\bacup val\[FAT32]\[016000]\xSC05138.JPG (1 304,60 K/S -  1 335 875 bytes)
[22:55:16] - [15] MIRKO.POZEN: Répertoire en Cours: D:\kerberos.htx\bacup val\[FAT32]\[0164AF]\
[22:55:16] - [16] MIRKO.POZEN: Fichier Upload: D:\kerberos.htx\bacup val\[FAT32]\[016000]\xSC051~1.JPG (1 319,70 K/S -  1 351 371 bytes)
[22:55:16] - [16] MIRKO.POZEN: Répertoire en Cours: D:\kerberos.htx\bacup val\[FAT32]\[0164AF]\
[22:55:16] - [15] MIRKO.POZEN: Début d'Upload de D:\kerberos.htx\bacup val\[FAT32]\[0164AF]\x00405~1.JPG
[22:55:16] - [15] MIRKO.POZEN: Fichier Upload: D:\kerberos.htx\bacup val\[FAT32]\[0164AF]\x00405~1.JPG (54,10 K/S -   55 397 bytes)
[22:55:16] - [16] MIRKO.POZEN: Début d'Upload de D:\kerberos.htx\bacup val\[FAT32]\[0164AF]\x1030165.JPG
[22:55:16] - [15] MIRKO.POZEN: Début d'Upload de D:\kerberos.htx\bacup val\[FAT32]\[0164AF]\x1030167.JPG
[22:55:16] - [16] MIRKO.POZEN: Fichier Upload: D:\kerberos.htx\bacup val\[FAT32]\[0164AF]\x1030165.JPG (2 066,10 K/S -  2 115 686 bytes)
[22:55:16] - [16] MIRKO.POZEN: Début d'Upload de D:\kerberos.htx\bacup val\[FAT32]\[0164AF]\x1030230.JPG
[22:55:16] - [15] MIRKO.POZEN: Fichier Upload: D:\kerberos.htx\bacup val\[FAT32]\[0164AF]\x1030167.JPG (2 001,60 K/S -  2 049 645 bytes)
[22:55:16] - [15] MIRKO.POZEN: Début d'Upload de D:\kerberos.htx\bacup val\[FAT32]\[0164AF]\x1030231.JPG
[22:55:17] - [16] MIRKO.POZEN: Fichier Upload: D:\kerberos.htx\bacup val\[FAT32]\[0164AF]\x1030230.JPG (1 820,80 K/S -  1 864 450 bytes)
[22:55:17] - [16] MIRKO.POZEN: Début d'Upload de D:\kerberos.htx\bacup val\[FAT32]\[0164AF]\x1030235.JPG
[22:55:17] - [15] MIRKO.POZEN: Fichier Upload: D:\kerberos.htx\bacup val\[FAT32]\[0164AF]\x1030231.JPG (1 778,10 K/S -  1 820 767 bytes)
[22:55:17] - [15] MIRKO.POZEN: Début d'Upload de D:\kerberos.htx\bacup val\[FAT32]\[0164AF]\x1040295.JPG
[22:55:17] - [16] MIRKO.POZEN: Fichier Upload: D:\kerberos.htx\bacup val\[FAT32]\[0164AF]\x1030235.JPG (1 770,00 K/S -  1 812 493 bytes)
[22:55:17] - [16] MIRKO.POZEN: Début d'Upload de D:\kerberos.htx\bacup val\[FAT32]\[0164AF]\xARDON~1.JPG
[22:55:18] - [16] MIRKO.POZEN: Fichier Upload: D:\kerberos.htx\bacup val\[FAT32]\[0164AF]\xARDON~1.JPG (70,12 K/S -   71 804 bytes)
[22:55:18] - [15] MIRKO.POZEN: Fichier Upload: D:\kerberos.htx\bacup val\[FAT32]\[0164AF]\x1040295.JPG (1 741,60 K/S -  1 783 442 bytes)
[22:55:18] - [15] MIRKO.POZEN: Début d'Upload de D:\kerberos.htx\bacup val\[FAT32]\[0164AF]\xARDON~2.JPG
[22:55:18] - [15] MIRKO.POZEN: Fichier Upload: D:\kerberos.htx\bacup val\[FAT32]\[0164AF]\xARDON~2.JPG (60,81 K/S -   62 272 bytes)
[22:55:18] - [16] MIRKO.POZEN: Début d'Upload de D:\kerberos.htx\bacup val\[FAT32]\[0164AF]\xO2012~1.JPG
[22:55:18] - [16] MIRKO.POZEN: Fichier Upload: D:\kerberos.htx\bacup val\[FAT32]\[0164AF]\xO2012~1.JPG (61,83 K/S -   63 318 bytes)
[22:55:18] - [15] MIRKO.POZEN: Début d'Upload de D:\kerberos.htx\bacup val\[FAT32]\[0164AF]\xSC04985.JPG
[22:55:18] - [16] MIRKO.POZEN: Début d'Upload de D:\kerberos.htx\bacup val\[FAT32]\[0164AF]\xSC04996.JPG
[22:55:18] - [15] MIRKO.POZEN: Fichier Upload: D:\kerberos.htx\bacup val\[FAT32]\[0164AF]\xSC04985.JPG (1 411,80 K/S -  1 445 691 bytes)
[22:55:18] - [16] MIRKO.POZEN: Fichier Upload: D:\kerberos.htx\bacup val\[FAT32]\[0164AF]\xSC04996.JPG (1 470,40 K/S -  1 505 648 bytes)
[22:55:18] - [15] MIRKO.POZEN: Début d'Upload de D:\kerberos.htx\bacup val\[FAT32]\[0164AF]\xSC04998.JPG
[22:55:19] - [16] MIRKO.POZEN: Début d'Upload de D:\kerberos.htx\bacup val\[FAT32]\[0164AF]\xSC05000.JPG
[22:55:19] - [15] MIRKO.POZEN: Fichier Upload: D:\kerberos.htx\bacup val\[FAT32]\[0164AF]\xSC04998.JPG (1 336,20 K/S -  1 368 265 bytes)
[22:55:19] - [16] MIRKO.POZEN: Fichier Upload: D:\kerberos.htx\bacup val\[FAT32]\[0164AF]\xSC05000.JPG (1 414,90 K/S -  1 448 885 bytes)
[22:55:19] - [15] MIRKO.POZEN: Début d'Upload de D:\kerberos.htx\bacup val\[FAT32]\[0164AF]\xSC05004.JPG
[22:55:19] - [16] MIRKO.POZEN: Début d'Upload de D:\kerberos.htx\bacup val\[FAT32]\[0164AF]\xSC05005.JPG
[22:55:20] - [15] MIRKO.POZEN: Fichier Upload: D:\kerberos.htx\bacup val\[FAT32]\[0164AF]\xSC05004.JPG (1 379,00 K/S -  1 412 123 bytes)
[22:55:20] - [16] MIRKO.POZEN: Fichier Upload: D:\kerberos.htx\bacup val\[FAT32]\[0164AF]\xSC05005.JPG (1 395,00 K/S -  1 428 523 bytes)
[22:55:20] - [15] MIRKO.POZEN: Début d'Upload de D:\kerberos.htx\bacup val\[FAT32]\[0164AF]\xSC05006.JPG
[22:55:20] - [16] MIRKO.POZEN: Début d'Upload de D:\kerberos.htx\bacup val\[FAT32]\[0164AF]\xSC05007.JPG
[22:55:20] - [15] MIRKO.POZEN: Fichier Upload: D:\kerberos.htx\bacup val\[FAT32]\[0164AF]\xSC05006.JPG (1 269,70 K/S -  1 300 140 bytes)
[22:55:20] - [16] MIRKO.POZEN: Fichier Upload: D:\kerberos.htx\bacup val\[FAT32]\[0164AF]\xSC05007.JPG (1 353,10 K/S -  1 385 552 bytes)
[22:55:20] - [15] MIRKO.POZEN: Début d'Upload de D:\kerberos.htx\bacup val\[FAT32]\[0164AF]\xSC05008.JPG
[22:55:20] - [16] MIRKO.POZEN: Début d'Upload de D:\kerberos.htx\bacup val\[FAT32]\[0164AF]\xSC05009.JPG
[22:55:20] - [16] MIRKO.POZEN: Fichier Upload: D:\kerberos.htx\bacup val\[FAT32]\[0164AF]\xSC05009.JPG (1 372,70 K/S -  1 405 671 bytes)
[22:55:21] - [15] MIRKO.POZEN: Fichier Upload: D:\kerberos.htx\bacup val\[FAT32]\[0164AF]\xSC05008.JPG (1 482,20 K/S -  1 517 746 bytes)
[22:55:21] - [16] MIRKO.POZEN: Début d'Upload de D:\kerberos.htx\bacup val\[FAT32]\[0164AF]\xSC05010.JPG
[22:55:21] - [15] MIRKO.POZEN: Début d'Upload de D:\kerberos.htx\bacup val\[FAT32]\[0164AF]\xSC05011.JPG
[22:55:21] - [16] MIRKO.POZEN: Fichier Upload: D:\kerberos.htx\bacup val\[FAT32]\[0164AF]\xSC05010.JPG (1 376,80 K/S -  1 409 873 bytes)
[22:55:21] - [15] MIRKO.POZEN: Fichier Upload: D:\kerberos.htx\bacup val\[FAT32]\[0164AF]\xSC05011.JPG (1 418,60 K/S -  1 452 621 bytes)
[22:55:21] - [16] MIRKO.POZEN: Début d'Upload de D:\kerberos.htx\bacup val\[FAT32]\[0164AF]\xSC05012.JPG
[22:55:21] - [15] MIRKO.POZEN: Début d'Upload de D:\kerberos.htx\bacup val\[FAT32]\[0164AF]\xSC05013.JPG
[22:55:21] - [15] MIRKO.POZEN: Fichier Upload: D:\kerberos.htx\bacup val\[FAT32]\[0164AF]\xSC05013.JPG (1 375,70 K/S -  1 408 703 bytes)
[22:55:21] - [16] MIRKO.POZEN: Fichier Upload: D:\kerberos.htx\bacup val\[FAT32]\[0164AF]\xSC05012.JPG (1 423,40 K/S -  1 457 610 bytes)
[22:55:22] - [15] MIRKO.POZEN: Début d'Upload de D:\kerberos.htx\bacup val\[FAT32]\[0164AF]\xSC05014.JPG
[22:55:22] - [16] MIRKO.POZEN: Début d'Upload de D:\kerberos.htx\bacup val\[FAT32]\[0164AF]\xSC05015.JPG
[22:55:22] - [15] MIRKO.POZEN: Fichier Upload: D:\kerberos.htx\bacup val\[FAT32]\[0164AF]\xSC05014.JPG (1 296,00 K/S -  1 327 088 bytes)
[22:55:22] - [16] MIRKO.POZEN: Fichier Upload: D:\kerberos.htx\bacup val\[FAT32]\[0164AF]\xSC05015.JPG (1 433,10 K/S -  1 467 448 bytes)
[22:55:22] - [15] MIRKO.POZEN: Début d'Upload de D:\kerberos.htx\bacup val\[FAT32]\[0164AF]\xSC05018.JPG
[22:55:22] - [16] MIRKO.POZEN: Début d'Upload de D:\kerberos.htx\bacup val\[FAT32]\[0164AF]\xSC05020.JPG
[22:55:22] - [16] MIRKO.POZEN: Fichier Upload: D:\kerberos.htx\bacup val\[FAT32]\[0164AF]\xSC05020.JPG (1 160,80 K/S -  1 188 647 bytes)
[22:55:22] - [16] MIRKO.POZEN: Début d'Upload de D:\kerberos.htx\bacup val\[FAT32]\[0164AF]\xSC05021.JPG
[22:55:22] - [15] MIRKO.POZEN: Fichier Upload: D:\kerberos.htx\bacup val\[FAT32]\[0164AF]\xSC05018.JPG (1 443,40 K/S -  1 478 005 bytes)
[22:55:22] - [15] MIRKO.POZEN: Début d'Upload de D:\kerberos.htx\bacup val\[FAT32]\[0164AF]\xSC05023.JPG
[22:55:23] - [16] MIRKO.POZEN: Fichier Upload: D:\kerberos.htx\bacup val\[FAT32]\[0164AF]\xSC05021.JPG (1 487,30 K/S -  1 522 992 bytes)
[22:55:23] - [15] MIRKO.POZEN: Fichier Upload: D:\kerberos.htx\bacup val\[FAT32]\[0164AF]\xSC05023.JPG (1 411,00 K/S -  1 444 867 bytes)
[22:55:23] - [16] MIRKO.POZEN: Début d'Upload de D:\kerberos.htx\bacup val\[FAT32]\[0164AF]\xSC05024.JPG
[22:55:23] - [15] MIRKO.POZEN: Début d'Upload de D:\kerberos.htx\bacup val\[FAT32]\[0164AF]\xSC05025.JPG
[22:55:23] - [16] MIRKO.POZEN: Fichier Upload: D:\kerberos.htx\bacup val\[FAT32]\[0164AF]\xSC05024.JPG (1 372,90 K/S -  1 405 870 bytes)
[22:55:23] - [15] MIRKO.POZEN: Fichier Upload: D:\kerberos.htx\bacup val\[FAT32]\[0164AF]\xSC05025.JPG (1 468,70 K/S -  1 503 932 bytes)
[22:55:23] - [16] MIRKO.POZEN: Début d'Upload de D:\kerberos.htx\bacup val\[FAT32]\[0164AF]\xSC05026.JPG
[22:55:23] - [15] MIRKO.POZEN: Début d'Upload de D:\kerberos.htx\bacup val\[FAT32]\[0164AF]\xSC05029.JPG
[22:55:24] - [16] MIRKO.POZEN: Fichier Upload: D:\kerberos.htx\bacup val\[FAT32]\[0164AF]\xSC05026.JPG (1 444,50 K/S -  1 479 198 bytes)
[22:55:24] - [15] MIRKO.POZEN: Fichier Upload: D:\kerberos.htx\bacup val\[FAT32]\[0164AF]\xSC05029.JPG (1 470,40 K/S -  1 505 706 bytes)
[22:55:24] - [16] MIRKO.POZEN: Début d'Upload de D:\kerberos.htx\bacup val\[FAT32]\[0164AF]\xSC050~1.JPG
[22:55:24] - [15] MIRKO.POZEN: Début d'Upload de D:\kerberos.htx\bacup val\[FAT32]\[0164AF]\xSC050~2.JPG
[22:55:24] - [16] MIRKO.POZEN: Fichier Upload: D:\kerberos.htx\bacup val\[FAT32]\[0164AF]\xSC050~1.JPG (1 316,50 K/S -  1 348 111 bytes)
[22:55:24] - [16] MIRKO.POZEN: Répertoire en Cours: D:\kerberos.htx\bacup val\[FAT32]\[017063]\
[22:55:24] - [15] MIRKO.POZEN: Fichier Upload: D:\kerberos.htx\bacup val\[FAT32]\[0164AF]\xSC050~2.JPG (1 450,40 K/S -  1 485 233 bytes)
[22:55:24] - [15] MIRKO.POZEN: Répertoire en Cours: D:\kerberos.htx\bacup val\[FAT32]\[017063]\
[22:55:24] - [16] MIRKO.POZEN: Début d'Upload de D:\kerberos.htx\bacup val\[FAT32]\[017063]\x1010852.JPG
[22:55:24] - [15] MIRKO.POZEN: Début d'Upload de D:\kerberos.htx\bacup val\[FAT32]\[017063]\x1010855.JPG
[22:55:25] - [16] MIRKO.POZEN: Fichier Upload: D:\kerberos.htx\bacup val\[FAT32]\[017063]\x1010852.JPG (1 850,40 K/S -  1 894 792 bytes)
[22:55:25] - [16] MIRKO.POZEN: Début d'Upload de D:\kerberos.htx\bacup val\[FAT32]\[017063]\x10108~1.JPG
[22:55:25] - [15] MIRKO.POZEN: Fichier Upload: D:\kerberos.htx\bacup val\[FAT32]\[017063]\x1010855.JPG (2 179,20 K/S -  2 231 535 bytes)
[22:55:25] - [15] MIRKO.POZEN: Début d'Upload de D:\kerberos.htx\bacup val\[FAT32]\[017063]\x10108~2.JPG
[22:55:25] - [16] MIRKO.POZEN: Fichier Upload: D:\kerberos.htx\bacup val\[FAT32]\[017063]\x10108~1.JPG (1 879,00 K/S -  1 924 133 bytes)
[22:55:26] - [16] MIRKO.POZEN: Début d'Upload de D:\kerberos.htx\bacup val\[FAT32]\[017063]\xABOUE~1.JPG
[22:55:26] - [15] MIRKO.POZEN: Fichier Upload: D:\kerberos.htx\bacup val\[FAT32]\[017063]\x10108~2.JPG (1 838,90 K/S -  1 883 060 bytes)
[22:55:26] - [15] MIRKO.POZEN: Début d'Upload de D:\kerberos.htx\bacup val\[FAT32]\[017063]\xANSTI~1.JPG
[22:55:26] - [16] MIRKO.POZEN: Fichier Upload: D:\kerberos.htx\bacup val\[FAT32]\[017063]\xABOUE~1.JPG (1 625,00 K/S -  1 663 952 bytes)
[22:55:26] - [16] MIRKO.POZEN: Début d'Upload de D:\kerberos.htx\bacup val\[FAT32]\[017063]\xANSTI~3.JPG
[22:55:26] - [15] MIRKO.POZEN: Fichier Upload: D:\kerberos.htx\bacup val\[FAT32]\[017063]\xANSTI~1.JPG (1 477,50 K/S -  1 512 932 bytes)
[22:55:26] - [15] MIRKO.POZEN: Début d'Upload de D:\kerberos.htx\bacup val\[FAT32]\[017063]\xSC05358.JPG
[22:55:27] - [16] MIRKO.POZEN: Fichier Upload: D:\kerberos.htx\bacup val\[FAT32]\[017063]\xANSTI~3.JPG (1 640,70 K/S -  1 680 122 bytes)
[22:55:27] - [16] MIRKO.POZEN: Répertoire en Cours: D:\kerberos.htx\bacup val\[FAT32]\[0173BC]\
[22:55:27] - [15] MIRKO.POZEN: Fichier Upload: D:\kerberos.htx\bacup val\[FAT32]\[017063]\xSC05358.JPG (1 138,50 K/S -  1 165 777 bytes)
[22:55:27] - [15] MIRKO.POZEN: Répertoire en Cours: D:\kerberos.htx\bacup val\[FAT32]\[017405]\
[22:55:27] - [16] MIRKO.POZEN: Début d'Upload de D:\kerberos.htx\bacup val\[FAT32]\[0173BC]\xSC05358.JPG
[22:55:27] - [15] MIRKO.POZEN: Début d'Upload de D:\kerberos.htx\bacup val\[FAT32]\[017405]\x1010852.JPG
[22:55:27] - [16] MIRKO.POZEN: Fichier Upload: D:\kerberos.htx\bacup val\[FAT32]\[0173BC]\xSC05358.JPG (1 138,50 K/S -  1 165 777 bytes)
[22:55:27] - [16] MIRKO.POZEN: Répertoire en Cours: D:\kerberos.htx\bacup val\[FAT32]\[017405]\
[22:55:27] - [16] MIRKO.POZEN: Début d'Upload de D:\kerberos.htx\bacup val\[FAT32]\[017405]\x1010855.JPG
[22:55:28] - [15] MIRKO.POZEN: Fichier Upload: D:\kerberos.htx\bacup val\[FAT32]\[017405]\x1010852.JPG (1 850,40 K/S -  1 894 792 bytes)
[22:55:28] - [15] MIRKO.POZEN: Début d'Upload de D:\kerberos.htx\bacup val\[FAT32]\[017405]\x10108~1.JPG
[22:55:28] - [16] MIRKO.POZEN: Fichier Upload: D:\kerberos.htx\bacup val\[FAT32]\[017405]\x1010855.JPG (2 179,20 K/S -  2 231 535 bytes)
[22:55:28] - [16] MIRKO.POZEN: Début d'Upload de D:\kerberos.htx\bacup val\[FAT32]\[017405]\x10108~2.JPG
[22:55:28] - [15] MIRKO.POZEN: Fichier Upload: D:\kerberos.htx\bacup val\[FAT32]\[017405]\x10108~1.JPG (1 879,00 K/S -  1 924 133 bytes)
[22:55:28] - [15] MIRKO.POZEN: Répertoire en Cours: D:\kerberos.htx\bacup val\[FAT32]\[0175EB]\
[22:55:28] - [16] MIRKO.POZEN: Fichier Upload: D:\kerberos.htx\bacup val\[FAT32]\[017405]\x10108~2.JPG (1 820,10 K/S -  1 863 762 bytes)
[22:55:28] - [16] MIRKO.POZEN: Répertoire en Cours: D:\kerberos.htx\bacup val\[FAT32]\[0175EB]\
[22:55:28] - [15] MIRKO.POZEN: Début d'Upload de D:\kerberos.htx\bacup val\[FAT32]\[0175EB]\x00405~1.JPG
[22:55:28] - [15] MIRKO.POZEN: Fichier Upload: D:\kerberos.htx\bacup val\[FAT32]\[0175EB]\x00405~1.JPG (54,10 K/S -   55 397 bytes)
[22:55:29] - [16] MIRKO.POZEN: Début d'Upload de D:\kerberos.htx\bacup val\[FAT32]\[0175EB]\x1020933.JPG
[22:55:29] - [15] MIRKO.POZEN: Début d'Upload de D:\kerberos.htx\bacup val\[FAT32]\[0175EB]\x1020935.JPG
[22:55:29] - [16] MIRKO.POZEN: Fichier Upload: D:\kerberos.htx\bacup val\[FAT32]\[0175EB]\x1020933.JPG (2 018,10 K/S -  2 066 555 bytes)
[22:55:29] - [16] MIRKO.POZEN: Début d'Upload de D:\kerberos.htx\bacup val\[FAT32]\[0175EB]\x1020936.JPG
[22:55:29] - [15] MIRKO.POZEN: Fichier Upload: D:\kerberos.htx\bacup val\[FAT32]\[0175EB]\x1020935.JPG (2 027,50 K/S -  2 076 113 bytes)
[22:55:29] - [15] MIRKO.POZEN: Début d'Upload de D:\kerberos.htx\bacup val\[FAT32]\[0175EB]\x1020937.JPG
[22:55:30] - [16] MIRKO.POZEN: Fichier Upload: D:\kerberos.htx\bacup val\[FAT32]\[0175EB]\x1020936.JPG (2 029,50 K/S -  2 078 215 bytes)
[22:55:30] - [16] MIRKO.POZEN: Début d'Upload de D:\kerberos.htx\bacup val\[FAT32]\[0175EB]\x10209~1.JPG
[22:55:30] - [15] MIRKO.POZEN: Fichier Upload: D:\kerberos.htx\bacup val\[FAT32]\[0175EB]\x1020937.JPG (2 118,60 K/S -  2 169 419 bytes)
[22:55:30] - [15] MIRKO.POZEN: Début d'Upload de D:\kerberos.htx\bacup val\[FAT32]\[0175EB]\x10209~2.JPG
[22:55:30] - [16] MIRKO.POZEN: Fichier Upload: D:\kerberos.htx\bacup val\[FAT32]\[0175EB]\x10209~1.JPG (2 097,00 K/S -  2 147 346 bytes)
[22:55:30] - [15] MIRKO.POZEN: Fichier Upload: D:\kerberos.htx\bacup val\[FAT32]\[0175EB]\x10209~2.JPG (1 726,60 K/S -  1 768 048 bytes)
[22:55:30] - [16] MIRKO.POZEN: Début d'Upload de D:\kerberos.htx\bacup val\[FAT32]\[0175EB]\x1030165.JPG
[22:55:30] - [15] MIRKO.POZEN: Début d'Upload de D:\kerberos.htx\bacup val\[FAT32]\[0175EB]\x1030230.JPG
[22:55:31] - [15] MIRKO.POZEN: Fichier Upload: D:\kerberos.htx\bacup val\[FAT32]\[0175EB]\x1030230.JPG (1 820,80 K/S -  1 864 450 bytes)
[22:55:31] - [15] MIRKO.POZEN: Début d'Upload de D:\kerberos.htx\bacup val\[FAT32]\[0175EB]\x1030231.JPG
[22:55:31] - [16] MIRKO.POZEN: Fichier Upload: D:\kerberos.htx\bacup val\[FAT32]\[0175EB]\x1030165.JPG (2 066,10 K/S -  2 115 686 bytes)
[22:55:31] - [16] MIRKO.POZEN: Début d'Upload de D:\kerberos.htx\bacup val\[FAT32]\[0175EB]\x1030235.JPG
[22:55:31] - [15] MIRKO.POZEN: Fichier Upload: D:\kerberos.htx\bacup val\[FAT32]\[0175EB]\x1030231.JPG (1 778,10 K/S -  1 820 767 bytes)
[22:55:31] - [16] MIRKO.POZEN: Fichier Upload: D:\kerberos.htx\bacup val\[FAT32]\[0175EB]\x1030235.JPG (1 770,00 K/S -  1 812 493 bytes)
[22:55:31] - [15] MIRKO.POZEN: Début d'Upload de D:\kerberos.htx\bacup val\[FAT32]\[0175EB]\x1040295.JPG
[22:55:31] - [16] MIRKO.POZEN: Début d'Upload de D:\kerberos.htx\bacup val\[FAT32]\[0175EB]\xA6B43~1.JPG
[22:55:31] - [16] MIRKO.POZEN: Fichier Upload: D:\kerberos.htx\bacup val\[FAT32]\[0175EB]\xA6B43~1.JPG (60,81 K/S -   62 272 bytes)
[22:55:31] - [15] MIRKO.POZEN: Fichier Upload: D:\kerberos.htx\bacup val\[FAT32]\[0175EB]\x1040295.JPG (1 741,60 K/S -  1 783 442 bytes)
[22:55:31] - [16] MIRKO.POZEN: Début d'Upload de D:\kerberos.htx\bacup val\[FAT32]\[0175EB]\xA7EB2~1.JPG
[22:55:32] - [16] MIRKO.POZEN: Fichier Upload: D:\kerberos.htx\bacup val\[FAT32]\[0175EB]\xA7EB2~1.JPG (66,90 K/S -   68 506 bytes)
[22:55:32] - [15] MIRKO.POZEN: Début d'Upload de D:\kerberos.htx\bacup val\[FAT32]\[0175EB]\xA817A~1.JPG
[22:55:32] - [15] MIRKO.POZEN: Fichier Upload: D:\kerberos.htx\bacup val\[FAT32]\[0175EB]\xA817A~1.JPG (188,91 K/S -   193 443 bytes)
[22:55:32] - [16] MIRKO.POZEN: Début d'Upload de D:\kerberos.htx\bacup val\[FAT32]\[0175EB]\xA89D6~1.JPG
[22:55:32] - [16] MIRKO.POZEN: Fichier Upload: D:\kerberos.htx\bacup val\[FAT32]\[0175EB]\xA89D6~1.JPG (60,81 K/S -   62 272 bytes)
[22:55:32] - [15] MIRKO.POZEN: Début d'Upload de D:\kerberos.htx\bacup val\[FAT32]\[0175EB]\xABCB2~1.JPG
[22:55:32] - [15] MIRKO.POZEN: Fichier Upload: D:\kerberos.htx\bacup val\[FAT32]\[0175EB]\xABCB2~1.JPG (63,24 K/S -   64 759 bytes)
[22:55:32] - [16] MIRKO.POZEN: Début d'Upload de D:\kerberos.htx\bacup val\[FAT32]\[0175EB]\xAC3F6~1.JPG
[22:55:32] - [16] MIRKO.POZEN: Fichier Upload: D:\kerberos.htx\bacup val\[FAT32]\[0175EB]\xAC3F6~1.JPG (52,05 K/S -   53 301 bytes)
[22:55:32] - [15] MIRKO.POZEN: Début d'Upload de D:\kerberos.htx\bacup val\[FAT32]\[0175EB]\xARDON~1.JPG
[22:55:32] - [15] MIRKO.POZEN: Fichier Upload: D:\kerberos.htx\bacup val\[FAT32]\[0175EB]\xARDON~1.JPG (70,12 K/S -   71 804 bytes)
[22:55:32] - [16] MIRKO.POZEN: Début d'Upload de D:\kerberos.htx\bacup val\[FAT32]\[0175EB]\xARDON~2.JPG
[22:55:32] - [16] MIRKO.POZEN: Fichier Upload: D:\kerberos.htx\bacup val\[FAT32]\[0175EB]\xARDON~2.JPG (87,70 K/S -   89 800 bytes)
[22:55:32] - [15] MIRKO.POZEN: Début d'Upload de D:\kerberos.htx\bacup val\[FAT32]\[0175EB]\xARDON~3.JPG
[22:55:32] - [15] MIRKO.POZEN: Fichier Upload: D:\kerberos.htx\bacup val\[FAT32]\[0175EB]\xARDON~3.JPG (60,23 K/S -   61 672 bytes)
[22:55:32] - [16] MIRKO.POZEN: Début d'Upload de D:\kerberos.htx\bacup val\[FAT32]\[0175EB]\xARDON~4.JPG
[22:55:33] - [16] MIRKO.POZEN: Fichier Upload: D:\kerberos.htx\bacup val\[FAT32]\[0175EB]\xARDON~4.JPG (66,59 K/S -   68 184 bytes)
[22:55:33] - [15] MIRKO.POZEN: Début d'Upload de D:\kerberos.htx\bacup val\[FAT32]\[0175EB]\xO2012~1.JPG
[22:55:33] - [16] MIRKO.POZEN: Début d'Upload de D:\kerberos.htx\bacup val\[FAT32]\[0175EB]\xS019E~1.JPG
[22:55:33] - [15] MIRKO.POZEN: Fichier Upload: D:\kerberos.htx\bacup val\[FAT32]\[0175EB]\xO2012~1.JPG (61,83 K/S -   63 318 bytes)
[22:55:33] - [15] MIRKO.POZEN: Début d'Upload de D:\kerberos.htx\bacup val\[FAT32]\[0175EB]\xSC04985.JPG
[22:55:33] - [16] MIRKO.POZEN: Fichier Upload: D:\kerberos.htx\bacup val\[FAT32]\[0175EB]\xS019E~1.JPG (1 470,40 K/S -  1 505 706 bytes)
[22:55:33] - [16] MIRKO.POZEN: Début d'Upload de D:\kerberos.htx\bacup val\[FAT32]\[0175EB]\xSC04996.JPG
[22:55:34] - [15] MIRKO.POZEN: Fichier Upload: D:\kerberos.htx\bacup val\[FAT32]\[0175EB]\xSC04985.JPG (1 411,80 K/S -  1 445 691 bytes)
[22:55:34] - [15] MIRKO.POZEN: Début d'Upload de D:\kerberos.htx\bacup val\[FAT32]\[0175EB]\xSC04998.JPG
[22:55:34] - [16] MIRKO.POZEN: Fichier Upload: D:\kerberos.htx\bacup val\[FAT32]\[0175EB]\xSC04996.JPG (1 470,40 K/S -  1 505 648 bytes)
[22:55:34] - [16] MIRKO.POZEN: Début d'Upload de D:\kerberos.htx\bacup val\[FAT32]\[0175EB]\xSC05000.JPG
[22:55:34] - [15] MIRKO.POZEN: Fichier Upload: D:\kerberos.htx\bacup val\[FAT32]\[0175EB]\xSC04998.JPG (1 336,20 K/S -  1 368 265 bytes)
[22:55:34] - [15] MIRKO.POZEN: Début d'Upload de D:\kerberos.htx\bacup val\[FAT32]\[0175EB]\xSC05003.JPG
[22:55:34] - [16] MIRKO.POZEN: Fichier Upload: D:\kerberos.htx\bacup val\[FAT32]\[0175EB]\xSC05000.JPG (1 414,90 K/S -  1 448 885 bytes)
[22:55:34] - [16] MIRKO.POZEN: Début d'Upload de D:\kerberos.htx\bacup val\[FAT32]\[0175EB]\xSC05004.JPG
[22:55:34] - [15] MIRKO.POZEN: Fichier Upload: D:\kerberos.htx\bacup val\[FAT32]\[0175EB]\xSC05003.JPG (1 316,50 K/S -  1 348 111 bytes)
[22:55:34] - [15] MIRKO.POZEN: Début d'Upload de D:\kerberos.htx\bacup val\[FAT32]\[0175EB]\xSC05005.JPG
[22:55:35] - [16] MIRKO.POZEN: Fichier Upload: D:\kerberos.htx\bacup val\[FAT32]\[0175EB]\xSC05004.JPG (1 379,00 K/S -  1 412 123 bytes)
[22:55:35] - [16] MIRKO.POZEN: Début d'Upload de D:\kerberos.htx\bacup val\[FAT32]\[0175EB]\xSC05006.JPG
[22:55:35] - [15] MIRKO.POZEN: Fichier Upload: D:\kerberos.htx\bacup val\[FAT32]\[0175EB]\xSC05005.JPG (1 395,00 K/S -  1 428 523 bytes)
[22:55:35] - [15] MIRKO.POZEN: Début d'Upload de D:\kerberos.htx\bacup val\[FAT32]\[0175EB]\xSC05007.JPG
[22:55:35] - [16] MIRKO.POZEN: Fichier Upload: D:\kerberos.htx\bacup val\[FAT32]\[0175EB]\xSC05006.JPG (1 269,70 K/S -  1 300 140 bytes)
[22:55:35] - [16] MIRKO.POZEN: Début d'Upload de D:\kerberos.htx\bacup val\[FAT32]\[0175EB]\xSC05009.JPG
[22:55:35] - [15] MIRKO.POZEN: Fichier Upload: D:\kerberos.htx\bacup val\[FAT32]\[0175EB]\xSC05007.JPG (1 353,10 K/S -  1 385 552 bytes)
[22:55:35] - [15] MIRKO.POZEN: Début d'Upload de D:\kerberos.htx\bacup val\[FAT32]\[0175EB]\xSC05011.JPG
[22:55:35] - [16] MIRKO.POZEN: Fichier Upload: D:\kerberos.htx\bacup val\[FAT32]\[0175EB]\xSC05009.JPG (1 372,70 K/S -  1 405 671 bytes)
[22:55:35] - [16] MIRKO.POZEN: Début d'Upload de D:\kerberos.htx\bacup val\[FAT32]\[0175EB]\xSC05012.JPG
[22:55:36] - [15] MIRKO.POZEN: Fichier Upload: D:\kerberos.htx\bacup val\[FAT32]\[0175EB]\xSC05011.JPG (1 418,60 K/S -  1 452 621 bytes)
[22:55:36] - [15] MIRKO.POZEN: Début d'Upload de D:\kerberos.htx\bacup val\[FAT32]\[0175EB]\xSC05013.JPG
[22:55:36] - [16] MIRKO.POZEN: Fichier Upload: D:\kerberos.htx\bacup val\[FAT32]\[0175EB]\xSC05012.JPG (1 423,40 K/S -  1 457 610 bytes)
[22:55:36] - [16] MIRKO.POZEN: Début d'Upload de D:\kerberos.htx\bacup val\[FAT32]\[0175EB]\xSC05014.JPG
[22:55:36] - [15] MIRKO.POZEN: Fichier Upload: D:\kerberos.htx\bacup val\[FAT32]\[0175EB]\xSC05013.JPG (1 375,70 K/S -  1 408 703 bytes)
[22:55:36] - [15] MIRKO.POZEN: Début d'Upload de D:\kerberos.htx\bacup val\[FAT32]\[0175EB]\xSC05018.JPG
[22:55:36] - [16] MIRKO.POZEN: Fichier Upload: D:\kerberos.htx\bacup val\[FAT32]\[0175EB]\xSC05014.JPG (1 296,00 K/S -  1 327 088 bytes)
[22:55:36] - [16] MIRKO.POZEN: Début d'Upload de D:\kerberos.htx\bacup val\[FAT32]\[0175EB]\xSC05019.JPG
[22:55:36] - [15] MIRKO.POZEN: Fichier Upload: D:\kerberos.htx\bacup val\[FAT32]\[0175EB]\xSC05018.JPG (1 443,40 K/S -  1 478 005 bytes)
[22:55:36] - [15] MIRKO.POZEN: Début d'Upload de D:\kerberos.htx\bacup val\[FAT32]\[0175EB]\xSC05021.JPG
[22:55:37] - [16] MIRKO.POZEN: Fichier Upload: D:\kerberos.htx\bacup val\[FAT32]\[0175EB]\xSC05019.JPG (1 450,40 K/S -  1 485 233 bytes)
[22:55:37] - [16] MIRKO.POZEN: Début d'Upload de D:\kerberos.htx\bacup val\[FAT32]\[0175EB]\xSC05023.JPG
[22:55:37] - [15] MIRKO.POZEN: Fichier Upload: D:\kerberos.htx\bacup val\[FAT32]\[0175EB]\xSC05021.JPG (1 487,30 K/S -  1 522 992 bytes)
[22:55:37] - [15] MIRKO.POZEN: Début d'Upload de D:\kerberos.htx\bacup val\[FAT32]\[0175EB]\xSC05024.JPG
[22:55:37] - [16] MIRKO.POZEN: Fichier Upload: D:\kerberos.htx\bacup val\[FAT32]\[0175EB]\xSC05023.JPG (1 411,00 K/S -  1 444 867 bytes)
[22:55:37] - [16] MIRKO.POZEN: Début d'Upload de D:\kerberos.htx\bacup val\[FAT32]\[0175EB]\xSC05025.JPG
[22:55:37] - [15] MIRKO.POZEN: Fichier Upload: D:\kerberos.htx\bacup val\[FAT32]\[0175EB]\xSC05024.JPG (1 372,90 K/S -  1 405 870 bytes)
[22:55:37] - [15] MIRKO.POZEN: Début d'Upload de D:\kerberos.htx\bacup val\[FAT32]\[0175EB]\xSC05026.JPG
[22:55:38] - [16] MIRKO.POZEN: Fichier Upload: D:\kerberos.htx\bacup val\[FAT32]\[0175EB]\xSC05025.JPG (1 468,70 K/S -  1 503 932 bytes)
[22:55:38] - [16] MIRKO.POZEN: Début d'Upload de D:\kerberos.htx\bacup val\[FAT32]\[0175EB]\xSC05030.JPG
[22:55:38] - [15] MIRKO.POZEN: Fichier Upload: D:\kerberos.htx\bacup val\[FAT32]\[0175EB]\xSC05026.JPG (1 444,50 K/S -  1 479 198 bytes)
[22:55:38] - [15] MIRKO.POZEN: Début d'Upload de D:\kerberos.htx\bacup val\[FAT32]\[0175EB]\xSC05031.JPG
[22:55:38] - [16] MIRKO.POZEN: Fichier Upload: D:\kerberos.htx\bacup val\[FAT32]\[0175EB]\xSC05030.JPG (1 459,10 K/S -  1 494 148 bytes)
[22:55:38] - [16] MIRKO.POZEN: Début d'Upload de D:\kerberos.htx\bacup val\[FAT32]\[0175EB]\xSC05032.JPG
[22:55:38] - [15] MIRKO.POZEN: Fichier Upload: D:\kerberos.htx\bacup val\[FAT32]\[0175EB]\xSC05031.JPG (1 398,10 K/S -  1 431 683 bytes)
[22:55:38] - [15] MIRKO.POZEN: Début d'Upload de D:\kerberos.htx\bacup val\[FAT32]\[0175EB]\xSC05033.JPG
[22:55:38] - [16] MIRKO.POZEN: Fichier Upload: D:\kerberos.htx\bacup val\[FAT32]\[0175EB]\xSC05032.JPG (1 395,40 K/S -  1 428 864 bytes)
[22:55:38] - [16] MIRKO.POZEN: Début d'Upload de D:\kerberos.htx\bacup val\[FAT32]\[0175EB]\xSC05034.JPG
[22:55:39] - [15] MIRKO.POZEN: Fichier Upload: D:\kerberos.htx\bacup val\[FAT32]\[0175EB]\xSC05033.JPG (1 289,30 K/S -  1 320 217 bytes)
[22:55:39] - [15] MIRKO.POZEN: Début d'Upload de D:\kerberos.htx\bacup val\[FAT32]\[0175EB]\xSC05035.JPG
[22:55:39] - [16] MIRKO.POZEN: Fichier Upload: D:\kerberos.htx\bacup val\[FAT32]\[0175EB]\xSC05034.JPG (1 338,40 K/S -  1 370 567 bytes)
[22:55:39] - [16] MIRKO.POZEN: Début d'Upload de D:\kerberos.htx\bacup val\[FAT32]\[0175EB]\xSC05036.JPG
[22:55:39] - [15] MIRKO.POZEN: Fichier Upload: D:\kerberos.htx\bacup val\[FAT32]\[0175EB]\xSC05035.JPG (1 389,50 K/S -  1 422 799 bytes)
[22:55:39] - [15] MIRKO.POZEN: Début d'Upload de D:\kerberos.htx\bacup val\[FAT32]\[0175EB]\xSC05040.JPG
[22:55:39] - [16] MIRKO.POZEN: Fichier Upload: D:\kerberos.htx\bacup val\[FAT32]\[0175EB]\xSC05036.JPG (1 365,00 K/S -  1 397 746 bytes)
[22:55:39] - [16] MIRKO.POZEN: Début d'Upload de D:\kerberos.htx\bacup val\[FAT32]\[0175EB]\xSC05041.JPG
[22:55:40] - [15] MIRKO.POZEN: Fichier Upload: D:\kerberos.htx\bacup val\[FAT32]\[0175EB]\xSC05040.JPG (1 413,70 K/S -  1 447 627 bytes)
[22:55:40] - [15] MIRKO.POZEN: Début d'Upload de D:\kerberos.htx\bacup val\[FAT32]\[0175EB]\xSC050~1.JPG
[22:55:40] - [16] MIRKO.POZEN: Fichier Upload: D:\kerberos.htx\bacup val\[FAT32]\[0175EB]\xSC05041.JPG (1 421,40 K/S -  1 455 513 bytes)
[22:55:40] - [16] MIRKO.POZEN: Début d'Upload de D:\kerberos.htx\bacup val\[FAT32]\[0175EB]\xSC050~2.JPG
[22:55:40] - [15] MIRKO.POZEN: Fichier Upload: D:\kerberos.htx\bacup val\[FAT32]\[0175EB]\xSC050~1.JPG (1 482,20 K/S -  1 517 746 bytes)
[22:55:40] - [16] MIRKO.POZEN: Fichier Upload: D:\kerberos.htx\bacup val\[FAT32]\[0175EB]\xSC050~2.JPG (1 376,80 K/S -  1 409 873 bytes)
[22:55:40] - [15] MIRKO.POZEN: Début d'Upload de D:\kerberos.htx\bacup val\[FAT32]\[0175EB]\xSC050~3.JPG
[22:55:40] - [16] MIRKO.POZEN: Début d'Upload de D:\kerberos.htx\bacup val\[FAT32]\[0175EB]\xSC050~4.JPG
[22:55:41] - [16] MIRKO.POZEN: Fichier Upload: D:\kerberos.htx\bacup val\[FAT32]\[0175EB]\xSC050~4.JPG (1 160,80 K/S -  1 188 647 bytes)
[22:55:41] - [16] MIRKO.POZEN: Répertoire en Cours: D:\kerberos.htx\bacup val\[FAT32]\[01874F]\
[22:55:41] - [15] MIRKO.POZEN: Fichier Upload: D:\kerberos.htx\bacup val\[FAT32]\[0175EB]\xSC050~3.JPG (1 433,10 K/S -  1 467 448 bytes)
[22:55:41] - [15] MIRKO.POZEN: Répertoire en Cours: D:\kerberos.htx\bacup val\[FAT32]\[01874F]\
[22:55:41] - [16] MIRKO.POZEN: Début d'Upload de D:\kerberos.htx\bacup val\[FAT32]\[01874F]\x17495~1.JPG
[22:55:41] - [16] MIRKO.POZEN: Fichier Upload: D:\kerberos.htx\bacup val\[FAT32]\[01874F]\x17495~1.JPG (18,42 K/S -   18 859 bytes)
[22:55:41] - [15] MIRKO.POZEN: Début d'Upload de D:\kerberos.htx\bacup val\[FAT32]\[01874F]\x21089~1.JPG
[22:55:41] - [15] MIRKO.POZEN: Fichier Upload: D:\kerberos.htx\bacup val\[FAT32]\[01874F]\x21089~1.JPG (87,44 K/S -   89 539 bytes)
[22:55:41] - [16] MIRKO.POZEN: Début d'Upload de D:\kerberos.htx\bacup val\[FAT32]\[01874F]\x26771~1.JPG
[22:55:41] - [16] MIRKO.POZEN: Fichier Upload: D:\kerberos.htx\bacup val\[FAT32]\[01874F]\x26771~1.JPG (19,11 K/S -   19 569 bytes)
[22:55:41] - [15] MIRKO.POZEN: Début d'Upload de D:\kerberos.htx\bacup val\[FAT32]\[01874F]\x41379~1.JPG
[22:55:41] - [15] MIRKO.POZEN: Fichier Upload: D:\kerberos.htx\bacup val\[FAT32]\[01874F]\x41379~1.JPG (18,83 K/S -   19 283 bytes)
[22:55:41] - [16] MIRKO.POZEN: Début d'Upload de D:\kerberos.htx\bacup val\[FAT32]\[01874F]\x95369~1.JPG
[22:55:41] - [16] MIRKO.POZEN: Fichier Upload: D:\kerberos.htx\bacup val\[FAT32]\[01874F]\x95369~1.JPG (32,10 K/S -   32 872 bytes)
[22:55:41] - [15] MIRKO.POZEN: Répertoire en Cours: D:\kerberos.htx\bacup val\[FAT32]\[01875F]\
[22:55:42] - [16] MIRKO.POZEN: Répertoire en Cours: D:\kerberos.htx\bacup val\[FAT32]\[01875F]\
[22:55:42] - [15] MIRKO.POZEN: Début d'Upload de D:\kerberos.htx\bacup val\[FAT32]\[01875F]\x01112~1.JPG
[22:55:42] - [15] MIRKO.POZEN: Fichier Upload: D:\kerberos.htx\bacup val\[FAT32]\[01875F]\x01112~1.JPG (65,51 K/S -   67 085 bytes)
[22:55:42] - [16] MIRKO.POZEN: Début d'Upload de D:\kerberos.htx\bacup val\[FAT32]\[01875F]\x01112~2.JPG
[22:55:42] - [16] MIRKO.POZEN: Fichier Upload: D:\kerberos.htx\bacup val\[FAT32]\[01875F]\x01112~2.JPG (32,18 K/S -   32 956 bytes)
[22:55:42] - [15] MIRKO.POZEN: Début d'Upload de D:\kerberos.htx\bacup val\[FAT32]\[01875F]\x01209~1.JPG
[22:55:42] - [15] MIRKO.POZEN: Fichier Upload: D:\kerberos.htx\bacup val\[FAT32]\[01875F]\x01209~1.JPG (33,26 K/S -   34 063 bytes)
[22:55:42] - [16] MIRKO.POZEN: Début d'Upload de D:\kerberos.htx\bacup val\[FAT32]\[01875F]\x80356_1.JPG
[22:55:42] - [16] MIRKO.POZEN: Fichier Upload: D:\kerberos.htx\bacup val\[FAT32]\[01875F]\x80356_1.JPG (248,45 K/S -   254 417 bytes)
[22:55:42] - [15] MIRKO.POZEN: Début d'Upload de D:\kerberos.htx\bacup val\[FAT32]\[01875F]\xBNOIR~1.JPG
[22:55:42] - [15] MIRKO.POZEN: Fichier Upload: D:\kerberos.htx\bacup val\[FAT32]\[01875F]\xBNOIR~1.JPG (286,45 K/S -   293 324 bytes)
[22:55:42] - [16] MIRKO.POZEN: Début d'Upload de D:\kerberos.htx\bacup val\[FAT32]\[01875F]\xBSÉPI~1.JPG
[22:55:42] - [15] MIRKO.POZEN: Début d'Upload de D:\kerberos.htx\bacup val\[FAT32]\[01875F]\xH5BAB~1.JPG
[22:55:42] - [16] MIRKO.POZEN: Fichier Upload: D:\kerberos.htx\bacup val\[FAT32]\[01875F]\xBSÉPI~1.JPG (617,42 K/S -   632 233 bytes)
[22:55:43] - [15] MIRKO.POZEN: Fichier Upload: D:\kerberos.htx\bacup val\[FAT32]\[01875F]\xH5BAB~1.JPG (90,37 K/S -   92 534 bytes)
[22:55:43] - [16] MIRKO.POZEN: Début d'Upload de D:\kerberos.htx\bacup val\[FAT32]\[01875F]\xH6833~1.JPG
[22:55:43] - [16] MIRKO.POZEN: Fichier Upload: D:\kerberos.htx\bacup val\[FAT32]\[01875F]\xH6833~1.JPG (100,63 K/S -   103 046 bytes)
[22:55:43] - [15] MIRKO.POZEN: Début d'Upload de D:\kerberos.htx\bacup val\[FAT32]\[01875F]\xH76F7~1.JPG
[22:55:43] - [15] MIRKO.POZEN: Fichier Upload: D:\kerberos.htx\bacup val\[FAT32]\[01875F]\xH76F7~1.JPG (115,75 K/S -   118 523 bytes)
[22:55:43] - [16] MIRKO.POZEN: Début d'Upload de D:\kerberos.htx\bacup val\[FAT32]\[01875F]\xHA1F8~1.JPG
[22:55:43] - [16] MIRKO.POZEN: Fichier Upload: D:\kerberos.htx\bacup val\[FAT32]\[01875F]\xHA1F8~1.JPG (143,82 K/S -   147 270 bytes)
[22:55:43] - [15] MIRKO.POZEN: Début d'Upload de D:\kerberos.htx\bacup val\[FAT32]\[01875F]\xHB56F~1.JPG
[22:55:43] - [16] MIRKO.POZEN: Début d'Upload de D:\kerberos.htx\bacup val\[FAT32]\[01875F]\xHD85A~1.JPG
[22:55:43] - [15] MIRKO.POZEN: Fichier Upload: D:\kerberos.htx\bacup val\[FAT32]\[01875F]\xHB56F~1.JPG (156,93 K/S -   160 701 bytes)
[22:55:43] - [16] MIRKO.POZEN: Fichier Upload: D:\kerberos.htx\bacup val\[FAT32]\[01875F]\xHD85A~1.JPG (206,92 K/S -   211 882 bytes)
[22:55:43] - [15] MIRKO.POZEN: Début d'Upload de D:\kerberos.htx\bacup val\[FAT32]\[01875F]\xHOTOD~1.JPG
[22:55:43] - [15] MIRKO.POZEN: Fichier Upload: D:\kerberos.htx\bacup val\[FAT32]\[01875F]\xHOTOD~1.JPG (67,35 K/S -   68 966 bytes)
[22:55:43] - [16] MIRKO.POZEN: Début d'Upload de D:\kerberos.htx\bacup val\[FAT32]\[01875F]\xHOTOD~2.JPG
[22:55:43] - [16] MIRKO.POZEN: Fichier Upload: D:\kerberos.htx\bacup val\[FAT32]\[01875F]\xHOTOD~2.JPG (51,67 K/S -   52 908 bytes)
[22:55:43] - [15] MIRKO.POZEN: Début d'Upload de D:\kerberos.htx\bacup val\[FAT32]\[01875F]\xHOTOD~3.JPG
[22:55:43] - [15] MIRKO.POZEN: Fichier Upload: D:\kerberos.htx\bacup val\[FAT32]\[01875F]\xHOTOD~3.JPG (65,82 K/S -   67 401 bytes)
[22:55:44] - [16] MIRKO.POZEN: Début d'Upload de D:\kerberos.htx\bacup val\[FAT32]\[01875F]\xHOTOD~4.JPG
[22:55:44] - [16] MIRKO.POZEN: Fichier Upload: D:\kerberos.htx\bacup val\[FAT32]\[01875F]\xHOTOD~4.JPG (45,42 K/S -   46 509 bytes)
[22:55:44] - [15] MIRKO.POZEN: Début d'Upload de D:\kerberos.htx\bacup val\[FAT32]\[01875F]\xROIDE~1.JPG
[22:55:44] - [15] MIRKO.POZEN: Fichier Upload: D:\kerberos.htx\bacup val\[FAT32]\[01875F]\xROIDE~1.JPG (59,73 K/S -   61 165 bytes)
[22:55:44] - [16] MIRKO.POZEN: Début d'Upload de D:\kerberos.htx\bacup val\[FAT32]\[01875F]\xSC04125.JPG
[22:55:44] - [16] MIRKO.POZEN: Fichier Upload: D:\kerberos.htx\bacup val\[FAT32]\[01875F]\xSC04125.JPG (773,05 K/S -   791 604 bytes)
[22:55:44] - [15] MIRKO.POZEN: Début d'Upload de D:\kerberos.htx\bacup val\[FAT32]\[01875F]\xSC041~1.JPG
[22:55:44] - [16] MIRKO.POZEN: Début d'Upload de D:\kerberos.htx\bacup val\[FAT32]\[01875F]\xSC04902.JPG
[22:55:44] - [15] MIRKO.POZEN: Fichier Upload: D:\kerberos.htx\bacup val\[FAT32]\[01875F]\xSC041~1.JPG (769,99 K/S -   788 474 bytes)
[22:55:44] - [15] MIRKO.POZEN: Début d'Upload de D:\kerberos.htx\bacup val\[FAT32]\[01875F]\xSC05105.JPG
[22:55:44] - [16] MIRKO.POZEN: Fichier Upload: D:\kerberos.htx\bacup val\[FAT32]\[01875F]\xSC04902.JPG (1 292,70 K/S -  1 323 774 bytes)
[22:55:44] - [16] MIRKO.POZEN: Début d'Upload de D:\kerberos.htx\bacup val\[FAT32]\[01875F]\xSC05106.JPG
[22:55:45] - [15] MIRKO.POZEN: Fichier Upload: D:\kerberos.htx\bacup val\[FAT32]\[01875F]\xSC05105.JPG (1 307,30 K/S -  1 338 669 bytes)
[22:55:45] - [15] MIRKO.POZEN: Début d'Upload de D:\kerberos.htx\bacup val\[FAT32]\[01875F]\xSC051~1.JPG
[22:55:45] - [16] MIRKO.POZEN: Fichier Upload: D:\kerberos.htx\bacup val\[FAT32]\[01875F]\xSC05106.JPG (1 407,30 K/S -  1 441 099 bytes)
[22:55:45] - [16] MIRKO.POZEN: Début d'Upload de D:\kerberos.htx\bacup val\[FAT32]\[01875F]\xSC051~2.JPG
[22:55:45] - [15] MIRKO.POZEN: Fichier Upload: D:\kerberos.htx\bacup val\[FAT32]\[01875F]\xSC051~1.JPG (1 409,30 K/S -  1 443 117 bytes)
[22:55:45] - [15] MIRKO.POZEN: Répertoire en Cours: D:\kerberos.htx\bacup val\[FAT32]\[018A07]\
[22:55:45] - [16] MIRKO.POZEN: Fichier Upload: D:\kerberos.htx\bacup val\[FAT32]\[01875F]\xSC051~2.JPG (1 316,50 K/S -  1 348 121 bytes)
[22:55:45] - [16] MIRKO.POZEN: Répertoire en Cours: D:\kerberos.htx\bacup val\[FAT32]\[018A07]\
[22:55:45] - [15] MIRKO.POZEN: Début d'Upload de D:\kerberos.htx\bacup val\[FAT32]\[018A07]\x01011~1.JPG
[22:55:45] - [15] MIRKO.POZEN: Fichier Upload: D:\kerberos.htx\bacup val\[FAT32]\[018A07]\x01011~1.JPG (115,37 K/S -   118 138 bytes)
[22:55:45] - [16] MIRKO.POZEN: Début d'Upload de D:\kerberos.htx\bacup val\[FAT32]\[018A07]\x45143_1.JPG
[22:55:45] - [16] MIRKO.POZEN: Fichier Upload: D:\kerberos.htx\bacup val\[FAT32]\[018A07]\x45143_1.JPG (591,85 K/S -   606 058 bytes)
[22:55:45] - [15] MIRKO.POZEN: Début d'Upload de D:\kerberos.htx\bacup val\[FAT32]\[018A07]\x45236_1.JPG
[22:55:46] - [15] MIRKO.POZEN: Fichier Upload: D:\kerberos.htx\bacup val\[FAT32]\[018A07]\x45236_1.JPG (610,31 K/S -   624 956 bytes)
[22:55:46] - [16] MIRKO.POZEN: Début d'Upload de D:\kerberos.htx\bacup val\[FAT32]\[018A07]\x45350~1.JPG
[22:55:46] - [16] MIRKO.POZEN: Fichier Upload: D:\kerberos.htx\bacup val\[FAT32]\[018A07]\x45350~1.JPG (298,44 K/S -   305 598 bytes)
[22:55:46] - [15] MIRKO.POZEN: Début d'Upload de D:\kerberos.htx\bacup val\[FAT32]\[018A07]\x45410~1.JPG
[22:55:46] - [15] MIRKO.POZEN: Fichier Upload: D:\kerberos.htx\bacup val\[FAT32]\[018A07]\x45410~1.JPG (299,13 K/S -   306 305 bytes)
[22:55:46] - [16] MIRKO.POZEN: Début d'Upload de D:\kerberos.htx\bacup val\[FAT32]\[018A07]\x45440_1.JPG
[22:55:46] - [16] MIRKO.POZEN: Fichier Upload: D:\kerberos.htx\bacup val\[FAT32]\[018A07]\x45440_1.JPG (621,01 K/S -   635 918 bytes)
[22:55:46] - [15] MIRKO.POZEN: Début d'Upload de D:\kerberos.htx\bacup val\[FAT32]\[018A07]\x45507~1.JPG
[22:55:46] - [15] MIRKO.POZEN: Fichier Upload: D:\kerberos.htx\bacup val\[FAT32]\[018A07]\x45507~1.JPG (303,58 K/S -   310 865 bytes)
[22:55:46] - [16] MIRKO.POZEN: Début d'Upload de D:\kerberos.htx\bacup val\[FAT32]\[018A07]\x45654_1.JPG
[22:55:46] - [16] MIRKO.POZEN: Fichier Upload: D:\kerberos.htx\bacup val\[FAT32]\[018A07]\x45654_1.JPG (549,59 K/S -   562 782 bytes)
[22:55:46] - [15] MIRKO.POZEN: Début d'Upload de D:\kerberos.htx\bacup val\[FAT32]\[018A07]\x45727_1.JPG
[22:55:46] - [15] MIRKO.POZEN: Fichier Upload: D:\kerberos.htx\bacup val\[FAT32]\[018A07]\x45727_1.JPG (542,00 K/S -   555 012 bytes)
[22:55:46] - [16] MIRKO.POZEN: Début d'Upload de D:\kerberos.htx\bacup val\[FAT32]\[018A07]\x45739.JPG
[22:55:46] - [16] MIRKO.POZEN: Fichier Upload: D:\kerberos.htx\bacup val\[FAT32]\[018A07]\x45739.JPG (537,97 K/S -   550 880 bytes)
[22:55:46] - [15] MIRKO.POZEN: Début d'Upload de D:\kerberos.htx\bacup val\[FAT32]\[018A07]\x45759~1.JPG
[22:55:47] - [15] MIRKO.POZEN: Fichier Upload: D:\kerberos.htx\bacup val\[FAT32]\[018A07]\x45759~1.JPG (301,95 K/S -   309 192 bytes)
[22:55:47] - [16] MIRKO.POZEN: Début d'Upload de D:\kerberos.htx\bacup val\[FAT32]\[018A07]\x45821~1.JPG
[22:55:47] - [16] MIRKO.POZEN: Fichier Upload: D:\kerberos.htx\bacup val\[FAT32]\[018A07]\x45821~1.JPG (302,06 K/S -   309 312 bytes)
[22:55:47] - [15] MIRKO.POZEN: Début d'Upload de D:\kerberos.htx\bacup val\[FAT32]\[018A07]\x45821~2.JPG
[22:55:47] - [15] MIRKO.POZEN: Fichier Upload: D:\kerberos.htx\bacup val\[FAT32]\[018A07]\x45821~2.JPG (332,01 K/S -   339 980 bytes)
[22:55:47] - [16] MIRKO.POZEN: Début d'Upload de D:\kerberos.htx\bacup val\[FAT32]\[018A07]\x50133~1.JPG
[22:55:47] - [16] MIRKO.POZEN: Fichier Upload: D:\kerberos.htx\bacup val\[FAT32]\[018A07]\x50133~1.JPG (306,10 K/S -   313 449 bytes)
[22:55:47] - [15] MIRKO.POZEN: Début d'Upload de D:\kerberos.htx\bacup val\[FAT32]\[018A07]\xBFB00~1.JPG
[22:55:47] - [15] MIRKO.POZEN: Fichier Upload: D:\kerberos.htx\bacup val\[FAT32]\[018A07]\xBFB00~1.JPG (40,47 K/S -   41 441 bytes)
[22:56:18] - [16] Client 192.168.0.44 Déconnecté (00:02:03 Min)
[22:56:18] - [15] Client 192.168.0.44 Déconnecté (00:02:03 Min)
[22:56:39] - [17] Connecté à 86.235.162.42. Collecte du Nom d'utilisateur.
[22:56:39] - [17] Usager MIRKO.POZEN Connecté IP: 86.235.162.42
[22:56:39] - [17] MIRKO.POZEN: Répertoire en Cours: D:\kerberos.htx\
[22:56:39] - [17] MIRKO.POZEN: Répertoire en Cours: D:\kerberos.htx\
[22:57:00] - [17] MIRKO.POZEN: Répertoire en Cours: D:\kerberos.htx\exe\
[22:57:29] - [18] Connecté à 86.235.162.42. Collecte du Nom d'utilisateur.
[22:57:29] - [18] Usager MIRKO.POZEN Connecté IP: 86.235.162.42
[22:57:29] - [18] MIRKO.POZEN: Répertoire en Cours: D:\kerberos.htx\
[22:57:30] - [18] MIRKO.POZEN: Répertoire en Cours: D:\kerberos.htx\exe\
[22:57:30] - [18] MIRKO.POZEN: Début du Téléchargement de: D:\kerberos.htx\exe\gdbnt.zip
[22:57:55] - [18] MIRKO.POZEN: Fichier envoyé: D:\kerberos.htx\exe\gdbnt.zip (103,83 K/S -  2 657 967 bytes)
[22:58:26] - [18] Client 86.235.162.42 Déconnecté (00:00:56 Min)
[23:02:43] - [17] MIRKO.POZEN: Répertoire en Cours: D:\kerberos.htx\
[23:02:43] - [17] MIRKO.POZEN: Répertoire en Cours: D:\kerberos.htx\rar\
[23:03:51] - [17] MIRKO.POZEN: Répertoire en Cours: D:\kerberos.htx\
[23:03:51] - [17] MIRKO.POZEN: Répertoire en Cours: D:\kerberos.htx\ftp\
[23:03:53] - [17] MIRKO.POZEN: Répertoire en Cours: D:\kerberos.htx\ftp\progz\
[23:04:22] - [17] MIRKO.POZEN: Répertoire en Cours: D:\kerberos.htx\
[23:04:22] - [17] MIRKO.POZEN: Répertoire en Cours: D:\kerberos.htx\http2\
[23:04:37] - [17] MIRKO.POZEN: Répertoire en Cours: D:\kerberos.htx\http2\down\
[23:04:46] - [17] MIRKO.POZEN: Répertoire en Cours: D:\kerberos.htx\http2\
[23:04:46] - [17] MIRKO.POZEN: Répertoire en Cours: D:\kerberos.htx\http2\pub\
[23:04:53] - [17] MIRKO.POZEN: Répertoire en Cours: D:\kerberos.htx\http2\pub\last.progz\
[23:05:31] - [17] MIRKO.POZEN: Répertoire en Cours: D:\kerberos.htx\http2\
[23:05:31] - [17] MIRKO.POZEN: Répertoire en Cours: D:\kerberos.htx\http2\last.googd\
[23:05:40] - [17] MIRKO.POZEN: Répertoire en Cours: D:\kerberos.htx\http2\
[23:05:40] - [17] MIRKO.POZEN: Répertoire en Cours: D:\kerberos.htx\http2\undo\
[23:06:38] - [17] MIRKO.POZEN: Répertoire en Cours: D:\kerberos.htx\
[23:06:38] - [17] MIRKO.POZEN: Répertoire en Cours: D:\kerberos.htx\progz\
[23:06:55] - [17] MIRKO.POZEN: Répertoire en Cours: D:\kerberos.htx\progz\tools\
[23:07:41] - [17] Client 86.235.162.42 Déconnecté (00:11:01 Min)
[23:08:28] - [14] Client 192.168.0.44 Déconnecté (00:14:28 Min)
[23:09:30] - [19] Connecté à 192.168.0.1. Collecte du Nom d'utilisateur.
[23:09:30] - [19] Usager MIRKO.POZEN Connecté IP: 192.168.0.1
[23:09:30] - [19] MIRKO.POZEN: Répertoire en Cours: D:\kerberos.htx\
[23:09:30] - [19] MIRKO.POZEN: Répertoire en Cours: D:\kerberos.htx\
[23:09:51] - [19] MIRKO.POZEN: Répertoire en Cours: D:\kerberos.htx\
[23:09:51] - [20] Connecté à 192.168.0.1. Collecte du Nom d'utilisateur.
[23:09:51] - [21] Connecté à 192.168.0.1. Collecte du Nom d'utilisateur.
[23:09:51] - [19] MIRKO.POZEN: Nouveau Répertoire: D:\kerberos.htx\GetDataBack for NTFS
[23:09:51] - [20] Usager MIRKO.POZEN Connecté IP: 192.168.0.1
[23:09:51] - [20] MIRKO.POZEN: Répertoire en Cours: D:\kerberos.htx\
[23:09:51] - [21] Usager MIRKO.POZEN Connecté IP: 192.168.0.1
[23:09:51] - [21] MIRKO.POZEN: Répertoire en Cours: D:\kerberos.htx\
[23:09:51] - [19] MIRKO.POZEN: Répertoire en Cours: D:\kerberos.htx\
[23:09:51] - [19] MIRKO.POZEN: Nouveau Répertoire: D:\kerberos.htx\GetDataBack for NTFS
[23:09:51] - [20] MIRKO.POZEN: Répertoire en Cours: D:\kerberos.htx\GetDataBack for NTFS\
[23:09:51] - [21] MIRKO.POZEN: Répertoire en Cours: D:\kerberos.htx\GetDataBack for NTFS\
[23:09:51] - [20] MIRKO.POZEN: Début d'Upload de D:\kerberos.htx\GetDataBack for NTFS\DRV16.DLL
[23:09:51] - [20] MIRKO.POZEN: Fichier Upload: D:\kerberos.htx\GetDataBack for NTFS\DRV16.DLL (23,25 K/S -   23 808 bytes)
[23:09:51] - [21] MIRKO.POZEN: Début d'Upload de D:\kerberos.htx\GetDataBack for NTFS\gdbnt.DEU
[23:09:51] - [20] MIRKO.POZEN: Début d'Upload de D:\kerberos.htx\GetDataBack for NTFS\gdbnt.exe
[23:09:52] - [21] MIRKO.POZEN: Fichier Upload: D:\kerberos.htx\GetDataBack for NTFS\gdbnt.DEU (993,00 K/S -  1 016 832 bytes)
[23:09:52] - [21] MIRKO.POZEN: Début d'Upload de D:\kerberos.htx\GetDataBack for NTFS\gdbnt.FRA
[23:09:58] - [20] MIRKO.POZEN: Fichier Upload: D:\kerberos.htx\GetDataBack for NTFS\gdbnt.exe (283,87 K/S -  1 744 104 bytes)
[23:09:58] - [20] MIRKO.POZEN: Début d'Upload de D:\kerberos.htx\GetDataBack for NTFS\gdbnt.ini
[23:09:58] - [21] MIRKO.POZEN: Fichier Upload: D:\kerberos.htx\GetDataBack for NTFS\gdbnt.FRA (165,92 K/S -  1 019 392 bytes)
[23:09:58] - [20] MIRKO.POZEN: Fichier Upload: D:\kerberos.htx\GetDataBack for NTFS\gdbnt.ini (1,68 K/S -   1 724 bytes)
[23:09:58] - [21] MIRKO.POZEN: Début d'Upload de D:\kerberos.htx\GetDataBack for NTFS\gdb_nt.chm
[23:09:58] - [21] MIRKO.POZEN: Fichier Upload: D:\kerberos.htx\GetDataBack for NTFS\gdb_nt.chm (100,48 K/S -   102 888 bytes)
[23:09:58] - [20] MIRKO.POZEN: Début d'Upload de D:\kerberos.htx\GetDataBack for NTFS\gdb_nt_deu.chm
[23:09:58] - [20] MIRKO.POZEN: Fichier Upload: D:\kerberos.htx\GetDataBack for NTFS\gdb_nt_deu.chm (119,77 K/S -   122 644 bytes)
[23:09:58] - [21] MIRKO.POZEN: Début d'Upload de D:\kerberos.htx\GetDataBack for NTFS\gdb_nt_fra.chm
[23:09:58] - [21] MIRKO.POZEN: Fichier Upload: D:\kerberos.htx\GetDataBack for NTFS\gdb_nt_fra.chm (112,68 K/S -   115 388 bytes)
[23:09:58] - [20] MIRKO.POZEN: Début d'Upload de D:\kerberos.htx\GetDataBack for NTFS\INSTALL.LOG
[23:09:58] - [20] MIRKO.POZEN: Fichier Upload: D:\kerberos.htx\GetDataBack for NTFS\INSTALL.LOG (2,23 K/S -   2 285 bytes)
[23:09:58] - [21] MIRKO.POZEN: Début d'Upload de D:\kerberos.htx\GetDataBack for NTFS\install.sss
[23:09:58] - [21] MIRKO.POZEN: Fichier Upload: D:\kerberos.htx\GetDataBack for NTFS\install.sss (1,20 K/S -   1 227 bytes)
[23:09:59] - [20] MIRKO.POZEN: Début d'Upload de D:\kerberos.htx\GetDataBack for NTFS\registerx64.reg
[23:09:59] - [20] MIRKO.POZEN: Fichier Upload: D:\kerberos.htx\GetDataBack for NTFS\registerx64.reg (0,27 K/S -    273 bytes)
[23:09:59] - [21] MIRKO.POZEN: Début d'Upload de D:\kerberos.htx\GetDataBack for NTFS\Uninstall.exe
[23:10:01] - [21] MIRKO.POZEN: Fichier Upload: D:\kerberos.htx\GetDataBack for NTFS\Uninstall.exe (143,44 K/S -   440 652 bytes)
[23:10:09] - [21] Client 192.168.0.1 Déconnecté (00:00:18 Min)
[23:10:09] - [20] Client 192.168.0.1 Déconnecté (00:00:18 Min)
[23:10:09] - [19] Client 192.168.0.1 Déconnecté (00:00:39 Min)
[23:10:48] - [22] Connecté à 86.235.162.42. Collecte du Nom d'utilisateur.
[23:10:48] - [22] Usager MIRKO.POZEN Connecté IP: 86.235.162.42
[23:10:48] - [22] MIRKO.POZEN: Répertoire en Cours: D:\kerberos.htx\
[23:10:48] - [22] MIRKO.POZEN: Répertoire en Cours: D:\kerberos.htx\
[23:11:04] - [22] MIRKO.POZEN: Répertoire en Cours: D:\kerberos.htx\GetDataBack for NTFS\
[23:11:07] - [22] MIRKO.POZEN: Début du Téléchargement de: D:\kerberos.htx\GetDataBack for NTFS\registerx64.reg
[23:11:07] - [22] MIRKO.POZEN: Fichier envoyé: D:\kerberos.htx\GetDataBack for NTFS\registerx64.reg (0,27 K/S -    273 bytes)
[23:11:11] - [22] Client 86.235.162.42 Déconnecté (00:00:22 Min)
[23:22:56] - [23] Connecté à 66.240.192.138. Collecte du Nom d'utilisateur.
[23:22:57] - [23] Usager ANONYMOUS Connecté IP: 66.240.192.138
[23:22:57] - [23] Mot de Passe Incorrect: Utilisateur ANONYMOUS IP: 66.240.192.138
[23:22:58] - [23] Client 66.240.192.138 Déconnecté (00:00:01 Min)
[23:23:22] - [24] Connecté à 86.235.162.42. Collecte du Nom d'utilisateur.
[23:23:22] - [24] Usager MIRKO.POZEN Connecté IP: 86.235.162.42
[23:23:22] - [24] MIRKO.POZEN: Répertoire en Cours: D:\kerberos.htx\
[23:23:22] - [24] MIRKO.POZEN: Répertoire en Cours: D:\kerberos.htx\
[23:23:51] - [24] MIRKO.POZEN: Répertoire en Cours: D:\kerberos.htx\bacup val\
[23:23:58] - [24] MIRKO.POZEN: Répertoire en Cours: D:\kerberos.htx\bacup val\
[23:23:58] - [24] MIRKO.POZEN: Nouveau Répertoire: D:\kerberos.htx\bacup val\img val
[23:23:58] - [24] MIRKO.POZEN: Répertoire en Cours: D:\kerberos.htx\bacup val\
[23:23:58] - [25] Connecté à 86.235.162.42. Collecte du Nom d'utilisateur.
[23:23:58] - [26] Connecté à 86.235.162.42. Collecte du Nom d'utilisateur.
[23:23:58] - [24] MIRKO.POZEN: Nouveau Répertoire: D:\kerberos.htx\bacup val\img val
[23:23:58] - [25] Usager MIRKO.POZEN Connecté IP: 86.235.162.42
[23:23:58] - [25] MIRKO.POZEN: Répertoire en Cours: D:\kerberos.htx\
[23:23:58] - [24] MIRKO.POZEN: Répertoire en Cours: D:\kerberos.htx\bacup val\img val\
[23:23:58] - [26] Usager MIRKO.POZEN Connecté IP: 86.235.162.42
[23:23:58] - [26] MIRKO.POZEN: Répertoire en Cours: D:\kerberos.htx\
[23:23:58] - [24] MIRKO.POZEN: Nouveau Répertoire: D:\kerberos.htx\bacup val\img val\diaporama
[23:23:58] - [24] MIRKO.POZEN: Répertoire en Cours: D:\kerberos.htx\bacup val\img val\
[23:23:58] - [25] MIRKO.POZEN: Répertoire en Cours: D:\kerberos.htx\bacup val\img val\diaporama\
[23:23:58] - [24] MIRKO.POZEN: Nouveau Répertoire: D:\kerberos.htx\bacup val\img val\diaporama
[23:23:59] - [26] MIRKO.POZEN: Répertoire en Cours: D:\kerberos.htx\bacup val\img val\diaporama\
[23:23:59] - [24] MIRKO.POZEN: Répertoire en Cours: D:\kerberos.htx\bacup val\img val\
[23:23:59] - [24] MIRKO.POZEN: Nouveau Répertoire: D:\kerberos.htx\bacup val\img val\fotos val divers
[23:23:59] - [24] MIRKO.POZEN: Répertoire en Cours: D:\kerberos.htx\bacup val\img val\
[23:23:59] - [24] MIRKO.POZEN: Nouveau Répertoire: D:\kerberos.htx\bacup val\img val\fotos val divers
[23:23:59] - [24] MIRKO.POZEN: Répertoire en Cours: D:\kerberos.htx\bacup val\img val\
[23:23:59] - [24] MIRKO.POZEN: Nouveau Répertoire: D:\kerberos.htx\bacup val\img val\img val mimiques
[23:23:59] - [24] MIRKO.POZEN: Répertoire en Cours: D:\kerberos.htx\bacup val\img val\
[23:23:59] - [24] MIRKO.POZEN: Nouveau Répertoire: D:\kerberos.htx\bacup val\img val\img val mimiques
[23:23:59] - [24] MIRKO.POZEN: Répertoire en Cours: D:\kerberos.htx\bacup val\img val\
[23:23:59] - [24] MIRKO.POZEN: Nouveau Répertoire: D:\kerberos.htx\bacup val\img val\loren
[23:23:59] - [25] MIRKO.POZEN: Début d'Upload de D:\kerberos.htx\bacup val\img val\diaporama\1.jpg
[23:23:59] - [24] MIRKO.POZEN: Répertoire en Cours: D:\kerberos.htx\bacup val\img val\
[23:23:59] - [26] MIRKO.POZEN: Début d'Upload de D:\kerberos.htx\bacup val\img val\diaporama\10.JPG
[23:23:59] - [24] MIRKO.POZEN: Nouveau Répertoire: D:\kerberos.htx\bacup val\img val\loren
[23:23:59] - [24] MIRKO.POZEN: Répertoire en Cours: D:\kerberos.htx\bacup val\img val\
[23:23:59] - [24] MIRKO.POZEN: Nouveau Répertoire: D:\kerberos.htx\bacup val\img val\val a cheval
[23:23:59] - [25] MIRKO.POZEN: Fichier Upload: D:\kerberos.htx\bacup val\img val\diaporama\1.jpg (46,72 K/S -   47 838 bytes)
[23:23:59] - [24] MIRKO.POZEN: Répertoire en Cours: D:\kerberos.htx\bacup val\img val\
[23:23:59] - [24] MIRKO.POZEN: Nouveau Répertoire: D:\kerberos.htx\bacup val\img val\val a cheval
[23:23:59] - [24] MIRKO.POZEN: Répertoire en Cours: D:\kerberos.htx\bacup val\img val\
[23:23:59] - [25] MIRKO.POZEN: Début d'Upload de D:\kerberos.htx\bacup val\img val\diaporama\11.JPG
[23:23:59] - [24] MIRKO.POZEN: Nouveau Répertoire: D:\kerberos.htx\bacup val\img val\val chiens et chats
[23:23:59] - [24] MIRKO.POZEN: Répertoire en Cours: D:\kerberos.htx\bacup val\img val\
[23:23:59] - [24] MIRKO.POZEN: Nouveau Répertoire: D:\kerberos.htx\bacup val\img val\val chiens et chats
[23:24:00] - [24] MIRKO.POZEN: Répertoire en Cours: D:\kerberos.htx\bacup val\img val\
[23:24:00] - [24] MIRKO.POZEN: Nouveau Répertoire: D:\kerberos.htx\bacup val\img val\val et andy
[23:24:00] - [24] MIRKO.POZEN: Répertoire en Cours: D:\kerberos.htx\bacup val\img val\
[23:24:00] - [24] MIRKO.POZEN: Nouveau Répertoire: D:\kerberos.htx\bacup val\img val\val et andy
[23:24:00] - [24] MIRKO.POZEN: Répertoire en Cours: D:\kerberos.htx\bacup val\img val\
[23:24:00] - [24] MIRKO.POZEN: Nouveau Répertoire: D:\kerberos.htx\bacup val\img val\val et babou
[23:24:00] - [24] MIRKO.POZEN: Répertoire en Cours: D:\kerberos.htx\bacup val\img val\
[23:24:00] - [24] MIRKO.POZEN: Nouveau Répertoire: D:\kerberos.htx\bacup val\img val\val et babou
[23:24:00] - [24] MIRKO.POZEN: Répertoire en Cours: D:\kerberos.htx\bacup val\img val\
[23:24:00] - [24] MIRKO.POZEN: Nouveau Répertoire: D:\kerberos.htx\bacup val\img val\val et cheval
[23:24:00] - [24] MIRKO.POZEN: Répertoire en Cours: D:\kerberos.htx\bacup val\img val\
[23:24:00] - [24] MIRKO.POZEN: Nouveau Répertoire: D:\kerberos.htx\bacup val\img val\val et cheval
[23:24:00] - [24] MIRKO.POZEN: Répertoire en Cours: D:\kerberos.htx\bacup val\img val\
[23:24:00] - [24] MIRKO.POZEN: Nouveau Répertoire: D:\kerberos.htx\bacup val\img val\val face book
[23:24:00] - [24] MIRKO.POZEN: Répertoire en Cours: D:\kerberos.htx\bacup val\img val\
[23:24:00] - [24] MIRKO.POZEN: Nouveau Répertoire: D:\kerberos.htx\bacup val\img val\val face book
[23:24:01] - [24] MIRKO.POZEN: Répertoire en Cours: D:\kerberos.htx\bacup val\img val\
[23:24:01] - [24] MIRKO.POZEN: Nouveau Répertoire: D:\kerberos.htx\bacup val\img val\val fotos modifie
[23:24:01] - [24] MIRKO.POZEN: Répertoire en Cours: D:\kerberos.htx\bacup val\img val\
[23:24:01] - [24] MIRKO.POZEN: Nouveau Répertoire: D:\kerberos.htx\bacup val\img val\val fotos modifie
[23:24:01] - [24] MIRKO.POZEN: Répertoire en Cours: D:\kerberos.htx\bacup val\img val\
[23:24:01] - [24] MIRKO.POZEN: Nouveau Répertoire: D:\kerberos.htx\bacup val\img val\val fotos noir blanc
[23:24:01] - [24] MIRKO.POZEN: Répertoire en Cours: D:\kerberos.htx\bacup val\img val\
[23:24:01] - [24] MIRKO.POZEN: Nouveau Répertoire: D:\kerberos.htx\bacup val\img val\val fotos noir blanc
[23:24:01] - [24] MIRKO.POZEN: Répertoire en Cours: D:\kerberos.htx\bacup val\img val\
[23:24:01] - [24] MIRKO.POZEN: Nouveau Répertoire: D:\kerberos.htx\bacup val\img val\val kokine
[23:24:01] - [24] MIRKO.POZEN: Répertoire en Cours: D:\kerberos.htx\bacup val\img val\
[23:24:01] - [24] MIRKO.POZEN: Nouveau Répertoire: D:\kerberos.htx\bacup val\img val\val kokine
[23:24:01] - [26] MIRKO.POZEN: Fichier Upload: D:\kerberos.htx\bacup val\img val\diaporama\10.JPG (676,54 K/S -  1 385 552 bytes)
[23:24:01] - [26] MIRKO.POZEN: Début d'Upload de D:\kerberos.htx\bacup val\img val\diaporama\12.JPG
[23:24:02] - [25] MIRKO.POZEN: Fichier Upload: D:\kerberos.htx\bacup val\img val\diaporama\11.JPG (494,06 K/S -  1 517 746 bytes)
[23:24:02] - [25] MIRKO.POZEN: Début d'Upload de D:\kerberos.htx\bacup val\img val\diaporama\12108911_10206405406866718_5448503062245100685_n.jpg
[23:24:02] - [25] MIRKO.POZEN: Fichier Upload: D:\kerberos.htx\bacup val\img val\diaporama\12108911_10206405406866718_5448503062245100685_n.jpg (87,44 K/S -   89 539 bytes)
[23:24:02] - [25] MIRKO.POZEN: Début d'Upload de D:\kerberos.htx\bacup val\img val\diaporama\13.JPG
[23:24:04] - [26] MIRKO.POZEN: Fichier Upload: D:\kerberos.htx\bacup val\img val\diaporama\12.JPG (457,58 K/S -  1 405 671 bytes)
[23:24:04] - [26] MIRKO.POZEN: Début d'Upload de D:\kerberos.htx\bacup val\img val\diaporama\14.JPG
[23:24:05] - [25] MIRKO.POZEN: Fichier Upload: D:\kerberos.htx\bacup val\img val\diaporama\13.JPG (688,41 K/S -  1 409 873 bytes)
[23:24:05] - [25] MIRKO.POZEN: Début d'Upload de D:\kerberos.htx\bacup val\img val\diaporama\15.JPG
[23:24:06] - [26] MIRKO.POZEN: Fichier Upload: D:\kerberos.htx\bacup val\img val\diaporama\14.JPG (709,29 K/S -  1 452 621 bytes)
[23:24:06] - [26] MIRKO.POZEN: Début d'Upload de D:\kerberos.htx\bacup val\img val\diaporama\16.JPG
[23:24:07] - [25] MIRKO.POZEN: Fichier Upload: D:\kerberos.htx\bacup val\img val\diaporama\15.JPG (474,48 K/S -  1 457 610 bytes)
[23:24:07] - [25] MIRKO.POZEN: Début d'Upload de D:\kerberos.htx\bacup val\img val\diaporama\17.JPG
[23:24:07] - [24] MIRKO.POZEN: Répertoire en Cours: D:\kerberos.htx\bacup val\
[23:24:08] - [24] MIRKO.POZEN: Nouveau Répertoire: D:\kerberos.htx\bacup val\val images
[23:24:08] - [24] MIRKO.POZEN: Répertoire en Cours: D:\kerberos.htx\bacup val\
[23:24:08] - [24] MIRKO.POZEN: Nouveau Répertoire: D:\kerberos.htx\bacup val\val images
[23:24:09] - [26] MIRKO.POZEN: Fichier Upload: D:\kerberos.htx\bacup val\img val\diaporama\16.JPG (687,84 K/S -  1 408 703 bytes)
[23:24:09] - [26] MIRKO.POZEN: Début d'Upload de D:\kerberos.htx\bacup val\img val\diaporama\18.1.JPG
[23:24:09] - [25] MIRKO.POZEN: Fichier Upload: D:\kerberos.htx\bacup val\img val\diaporama\17.JPG (647,99 K/S -  1 327 088 bytes)
[23:24:10] - [25] MIRKO.POZEN: Début d'Upload de D:\kerberos.htx\bacup val\img val\diaporama\18.JPG
[23:24:11] - [26] MIRKO.POZEN: Fichier Upload: D:\kerberos.htx\bacup val\img val\diaporama\18.1.JPG (721,68 K/S -  1 478 005 bytes)
[23:24:11] - [26] MIRKO.POZEN: Début d'Upload de D:\kerberos.htx\bacup val\img val\diaporama\19.1.JPG
[23:24:12] - [25] MIRKO.POZEN: Fichier Upload: D:\kerberos.htx\bacup val\img val\diaporama\18.JPG (477,68 K/S -  1 467 448 bytes)
[23:24:12] - [25] MIRKO.POZEN: Début d'Upload de D:\kerberos.htx\bacup val\img val\diaporama\2.JPG
[23:24:14] - [26] MIRKO.POZEN: Fichier Upload: D:\kerberos.htx\bacup val\img val\diaporama\19.1.JPG (705,50 K/S -  1 444 867 bytes)
[23:24:14] - [26] MIRKO.POZEN: Début d'Upload de D:\kerberos.htx\bacup val\img val\diaporama\20.JPG
[23:24:14] - [25] MIRKO.POZEN: Fichier Upload: D:\kerberos.htx\bacup val\img val\diaporama\2.JPG (735,18 K/S -  1 505 648 bytes)
[23:24:14] - [25] MIRKO.POZEN: Début d'Upload de D:\kerberos.htx\bacup val\img val\diaporama\2004 05 16 Gardon_1.jpg
[23:24:15] - [25] MIRKO.POZEN: Fichier Upload: D:\kerberos.htx\bacup val\img val\diaporama\2004 05 16 Gardon_1.jpg (54,10 K/S -   55 397 bytes)
[23:24:15] - [25] MIRKO.POZEN: Début d'Upload de D:\kerberos.htx\bacup val\img val\diaporama\21.JPG
[23:24:16] - [26] MIRKO.POZEN: Fichier Upload: D:\kerberos.htx\bacup val\img val\diaporama\20.JPG (483,47 K/S -  1 485 233 bytes)
[23:24:16] - [26] MIRKO.POZEN: Début d'Upload de D:\kerberos.htx\bacup val\img val\diaporama\22.JPG
[23:24:17] - [25] MIRKO.POZEN: Fichier Upload: D:\kerberos.htx\bacup val\img val\diaporama\21.JPG (725,21 K/S -  1 485 233 bytes)
[23:24:17] - [25] MIRKO.POZEN: Début d'Upload de D:\kerberos.htx\bacup val\img val\diaporama\23.JPG
[23:24:19] - [25] MIRKO.POZEN: Fichier Upload: D:\kerberos.htx\bacup val\img val\diaporama\23.JPG (686,46 K/S -  1 405 870 bytes)
[23:24:19] - [25] MIRKO.POZEN: Début d'Upload de D:\kerberos.htx\bacup val\img val\diaporama\24.JPG
[23:24:19] - [26] MIRKO.POZEN: Fichier Upload: D:\kerberos.htx\bacup val\img val\diaporama\22.JPG (495,77 K/S -  1 522 992 bytes)
[23:24:20] - [26] MIRKO.POZEN: Début d'Upload de D:\kerberos.htx\bacup val\img val\diaporama\25.JPG
[23:24:22] - [25] MIRKO.POZEN: Fichier Upload: D:\kerberos.htx\bacup val\img val\diaporama\24.JPG (489,56 K/S -  1 503 932 bytes)
[23:24:22] - [25] MIRKO.POZEN: Début d'Upload de D:\kerberos.htx\bacup val\img val\diaporama\26.jpg
[23:24:22] - [26] MIRKO.POZEN: Fichier Upload: D:\kerberos.htx\bacup val\img val\diaporama\25.JPG (481,51 K/S -  1 479 198 bytes)
[23:24:22] - [25] MIRKO.POZEN: Fichier Upload: D:\kerberos.htx\bacup val\img val\diaporama\26.jpg (32,10 K/S -   32 872 bytes)
[23:24:22] - [26] MIRKO.POZEN: Début d'Upload de D:\kerberos.htx\bacup val\img val\diaporama\27.JPG
[23:24:22] - [25] MIRKO.POZEN: Début d'Upload de D:\kerberos.htx\bacup val\img val\diaporama\28.JPG
[23:24:25] - [26] MIRKO.POZEN: Fichier Upload: D:\kerberos.htx\bacup val\img val\diaporama\27.JPG (1 000,80 K/S -  2 049 645 bytes)
[23:24:25] - [26] MIRKO.POZEN: Début d'Upload de D:\kerberos.htx\bacup val\img val\diaporama\3.JPG
[23:24:26] - [25] MIRKO.POZEN: Fichier Upload: D:\kerberos.htx\bacup val\img val\diaporama\28.JPG (516,52 K/S -  2 115 686 bytes)
[23:24:26] - [25] MIRKO.POZEN: Début d'Upload de D:\kerberos.htx\bacup val\img val\diaporama\30.JPG
[23:24:27] - [26] MIRKO.POZEN: Fichier Upload: D:\kerberos.htx\bacup val\img val\diaporama\3.JPG (668,10 K/S -  1 368 265 bytes)
[23:24:27] - [26] MIRKO.POZEN: Début d'Upload de D:\kerberos.htx\bacup val\img val\diaporama\31.JPG
[23:24:29] - [25] MIRKO.POZEN: Fichier Upload: D:\kerberos.htx\bacup val\img val\diaporama\30.JPG (870,82 K/S -  1 783 442 bytes)
[23:24:29] - [25] MIRKO.POZEN: Début d'Upload de D:\kerberos.htx\bacup val\img val\diaporama\317495_10200307652066659_632422248_n.jpg
[23:24:29] - [25] MIRKO.POZEN: Fichier Upload: D:\kerberos.htx\bacup val\img val\diaporama\317495_10200307652066659_632422248_n.jpg (18,42 K/S -   18 859 bytes)
[23:24:29] - [25] MIRKO.POZEN: Début d'Upload de D:\kerberos.htx\bacup val\img val\diaporama\32.JPG
[23:24:31] - [26] MIRKO.POZEN: Fichier Upload: D:\kerberos.htx\bacup val\img val\diaporama\31.JPG (590,00 K/S -  1 812 493 bytes)
[23:24:31] - [26] MIRKO.POZEN: Début d'Upload de D:\kerberos.htx\bacup val\img val\diaporama\33.JPG
[23:24:32] - [25] MIRKO.POZEN: Fichier Upload: D:\kerberos.htx\bacup val\img val\diaporama\32.JPG (592,70 K/S -  1 820 767 bytes)
[23:24:32] - [25] MIRKO.POZEN: Début d'Upload de D:\kerberos.htx\bacup val\img val\diaporama\34.1.jpg
[23:24:32] - [25] MIRKO.POZEN: Fichier Upload: D:\kerberos.htx\bacup val\img val\diaporama\34.1.jpg (61,83 K/S -   63 318 bytes)
[23:24:32] - [25] MIRKO.POZEN: Début d'Upload de D:\kerberos.htx\bacup val\img val\diaporama\34.jpg
[23:24:34] - [25] MIRKO.POZEN: Fichier Upload: D:\kerberos.htx\bacup val\img val\diaporama\34.jpg (467,01 K/S -   956 428 bytes)
[23:24:34] - [26] MIRKO.POZEN: Fichier Upload: D:\kerberos.htx\bacup val\img val\diaporama\33.JPG (606,92 K/S -  1 864 450 bytes)
[23:24:34] - [25] MIRKO.POZEN: Début d'Upload de D:\kerberos.htx\bacup val\img val\diaporama\35.JPG
[23:24:34] - [26] MIRKO.POZEN: Début d'Upload de D:\kerberos.htx\bacup val\img val\diaporama\36.JPG
[23:24:37] - [26] MIRKO.POZEN: Fichier Upload: D:\kerberos.htx\bacup val\img val\diaporama\36.JPG (606,69 K/S -  1 863 762 bytes)
[23:24:37] - [26] MIRKO.POZEN: Début d'Upload de D:\kerberos.htx\bacup val\img val\diaporama\37.JPG
[23:24:38] - [25] MIRKO.POZEN: Fichier Upload: D:\kerberos.htx\bacup val\img val\diaporama\35.JPG (626,35 K/S -  1 924 133 bytes)
[23:24:38] - [25] MIRKO.POZEN: Début d'Upload de D:\kerberos.htx\bacup val\img val\diaporama\38.JPG
[23:24:40] - [26] MIRKO.POZEN: Fichier Upload: D:\kerberos.htx\bacup val\img val\diaporama\37.JPG (616,79 K/S -  1 894 792 bytes)
[23:24:40] - [26] MIRKO.POZEN: Début d'Upload de D:\kerberos.htx\bacup val\img val\diaporama\39.JPG
[23:24:41] - [25] MIRKO.POZEN: Fichier Upload: D:\kerberos.htx\bacup val\img val\diaporama\38.JPG (544,81 K/S -  2 231 535 bytes)
[23:24:42] - [25] MIRKO.POZEN: Début d'Upload de D:\kerberos.htx\bacup val\img val\diaporama\4.JPG
[23:24:42] - [26] MIRKO.POZEN: Fichier Upload: D:\kerberos.htx\bacup val\img val\diaporama\39.JPG (569,23 K/S -  1 165 777 bytes)
[23:24:42] - [26] MIRKO.POZEN: Début d'Upload de D:\kerberos.htx\bacup val\img val\diaporama\426771_10200492031836038_74650669_n.jpg
[23:24:42] - [26] MIRKO.POZEN: Fichier Upload: D:\kerberos.htx\bacup val\img val\diaporama\426771_10200492031836038_74650669_n.jpg (19,11 K/S -   19 569 bytes)
[23:24:42] - [26] MIRKO.POZEN: Début d'Upload de D:\kerberos.htx\bacup val\img val\diaporama\5.JPG
[23:24:44] - [25] MIRKO.POZEN: Fichier Upload: D:\kerberos.htx\bacup val\img val\diaporama\4.JPG (707,46 K/S -  1 448 885 bytes)
[23:24:44] - [25] MIRKO.POZEN: Début d'Upload de D:\kerberos.htx\bacup val\img val\diaporama\541379_10200307652786677_1726698920_n.jpg
[23:24:44] - [25] MIRKO.POZEN: Fichier Upload: D:\kerberos.htx\bacup val\img val\diaporama\541379_10200307652786677_1726698920_n.jpg (18,83 K/S -   19 283 bytes)
[23:24:44] - [25] MIRKO.POZEN: Début d'Upload de D:\kerberos.htx\bacup val\img val\diaporama\6.JPG
[23:24:45] - [26] MIRKO.POZEN: Fichier Upload: D:\kerberos.htx\bacup val\img val\diaporama\5.JPG (658,26 K/S -  1 348 111 bytes)
[23:24:45] - [26] MIRKO.POZEN: Début d'Upload de D:\kerberos.htx\bacup val\img val\diaporama\7.JPG
[23:24:46] - [25] MIRKO.POZEN: Fichier Upload: D:\kerberos.htx\bacup val\img val\diaporama\6.JPG (658,26 K/S -  1 348 111 bytes)
[23:24:46] - [25] MIRKO.POZEN: Début d'Upload de D:\kerberos.htx\bacup val\img val\diaporama\8.JPG
[23:24:47] - [26] MIRKO.POZEN: Fichier Upload: D:\kerberos.htx\bacup val\img val\diaporama\7.JPG (689,51 K/S -  1 412 123 bytes)
[23:24:47] - [26] MIRKO.POZEN: Début d'Upload de D:\kerberos.htx\bacup val\img val\diaporama\9.JPG
[23:24:48] - [25] MIRKO.POZEN: Fichier Upload: D:\kerberos.htx\bacup val\img val\diaporama\8.JPG (697,52 K/S -  1 428 523 bytes)
[23:24:49] - [25] MIRKO.POZEN: Début d'Upload de D:\kerberos.htx\bacup val\img val\diaporama\DSC04985.JPG
[23:24:49] - [26] MIRKO.POZEN: Fichier Upload: D:\kerberos.htx\bacup val\img val\diaporama\9.JPG (634,83 K/S -  1 300 140 bytes)
[23:24:50] - [26] MIRKO.POZEN: Début d'Upload de D:\kerberos.htx\bacup val\img val\diaporama\DSC05020.JPG
[23:24:51] - [25] MIRKO.POZEN: Fichier Upload: D:\kerberos.htx\bacup val\img val\diaporama\DSC04985.JPG (470,60 K/S -  1 445 691 bytes)
[23:24:51] - [25] MIRKO.POZEN: Début d'Upload de D:\kerberos.htx\bacup val\img val\diaporama\DSC05029.JPG
[23:24:52] - [26] MIRKO.POZEN: Fichier Upload: D:\kerberos.htx\bacup val\img val\diaporama\DSC05020.JPG (580,39 K/S -  1 188 647 bytes)
[23:24:52] - [26] MIRKO.POZEN: Début d'Upload de D:\kerberos.htx\bacup val\img val\diaporama\Gardon 2011 12 10 006ter.jpg
[23:24:52] - [26] MIRKO.POZEN: Fichier Upload: D:\kerberos.htx\bacup val\img val\diaporama\Gardon 2011 12 10 006ter.jpg (60,81 K/S -   62 272 bytes)
[23:24:52] - [26] MIRKO.POZEN: Répertoire en Cours: D:\kerberos.htx\bacup val\img val\fotos val divers\
[23:24:52] - [26] MIRKO.POZEN: Début d'Upload de D:\kerberos.htx\bacup val\img val\fotos val divers\2011 12 28 VB 001.jpg
[23:24:53] - [26] MIRKO.POZEN: Fichier Upload: D:\kerberos.htx\bacup val\img val\fotos val divers\2011 12 28 VB 001.jpg (104,69 K/S -   107 206 bytes)
[23:24:53] - [26] MIRKO.POZEN: Début d'Upload de D:\kerberos.htx\bacup val\img val\fotos val divers\P1020171.JPG
[23:24:54] - [25] MIRKO.POZEN: Fichier Upload: D:\kerberos.htx\bacup val\img val\diaporama\DSC05029.JPG (735,21 K/S -  1 505 706 bytes)
[23:24:54] - [25] MIRKO.POZEN: Répertoire en Cours: D:\kerberos.htx\bacup val\img val\fotos val divers\
[23:24:54] - [25] MIRKO.POZEN: Début d'Upload de D:\kerberos.htx\bacup val\img val\fotos val divers\P1030167.JPG
[23:24:56] - [26] MIRKO.POZEN: Fichier Upload: D:\kerberos.htx\bacup val\img val\fotos val divers\P1020171.JPG (930,60 K/S -  1 905 874 bytes)
[23:24:56] - [26] MIRKO.POZEN: Début d'Upload de D:\kerberos.htx\bacup val\img val\fotos val divers\Regard 002_1.jpg
[23:24:56] - [26] MIRKO.POZEN: Fichier Upload: D:\kerberos.htx\bacup val\img val\fotos val divers\Regard 002_1.jpg (211,58 K/S -   216 659 bytes)
[23:24:56] - [26] MIRKO.POZEN: Répertoire en Cours: D:\kerberos.htx\bacup val\img val\img val mimiques\
[23:24:57] - [26] MIRKO.POZEN: Début d'Upload de D:\kerberos.htx\bacup val\img val\img val mimiques\065144_1.jpg
[23:24:57] - [26] MIRKO.POZEN: Fichier Upload: D:\kerberos.htx\bacup val\img val\img val mimiques\065144_1.jpg (98,64 K/S -   101 006 bytes)
[23:24:57] - [26] MIRKO.POZEN: Début d'Upload de D:\kerberos.htx\bacup val\img val\img val mimiques\065230_1.jpg
[23:24:57] - [25] MIRKO.POZEN: Fichier Upload: D:\kerberos.htx\bacup val\img val\fotos val divers\P1030167.JPG (667,20 K/S -  2 049 645 bytes)
[23:24:57] - [25] MIRKO.POZEN: Répertoire en Cours: D:\kerberos.htx\bacup val\img val\img val mimiques\
[23:24:58] - [26] MIRKO.POZEN: Fichier Upload: D:\kerberos.htx\bacup val\img val\img val mimiques\065230_1.jpg (84,83 K/S -   86 871 bytes)
[23:24:58] - [25] MIRKO.POZEN: Début d'Upload de D:\kerberos.htx\bacup val\img val\img val mimiques\065237_1.jpg
[23:24:58] - [26] MIRKO.POZEN: Début d'Upload de D:\kerberos.htx\bacup val\img val\img val mimiques\065244_1.jpg
[23:24:58] - [25] MIRKO.POZEN: Fichier Upload: D:\kerberos.htx\bacup val\img val\img val mimiques\065237_1.jpg (82,86 K/S -   84 848 bytes)
[23:24:58] - [26] MIRKO.POZEN: Fichier Upload: D:\kerberos.htx\bacup val\img val\img val mimiques\065244_1.jpg (81,83 K/S -   83 799 bytes)
[23:24:58] - [25] MIRKO.POZEN: Début d'Upload de D:\kerberos.htx\bacup val\img val\img val mimiques\065314_1.jpg
[23:24:58] - [26] MIRKO.POZEN: Début d'Upload de D:\kerberos.htx\bacup val\img val\img val mimiques\065328_1.jpg
[23:24:58] - [25] MIRKO.POZEN: Fichier Upload: D:\kerberos.htx\bacup val\img val\img val mimiques\065314_1.jpg (96,00 K/S -   98 309 bytes)
[23:24:58] - [26] MIRKO.POZEN: Fichier Upload: D:\kerberos.htx\bacup val\img val\img val mimiques\065328_1.jpg (96,19 K/S -   98 498 bytes)
[23:24:58] - [25] MIRKO.POZEN: Début d'Upload de D:\kerberos.htx\bacup val\img val\img val mimiques\104137_1.jpg
[23:24:58] - [26] MIRKO.POZEN: Début d'Upload de D:\kerberos.htx\bacup val\img val\img val mimiques\104149_1.jpg
[23:24:59] - [25] MIRKO.POZEN: Fichier Upload: D:\kerberos.htx\bacup val\img val\img val mimiques\104137_1.jpg (160,75 K/S -   164 613 bytes)
[23:24:59] - [26] MIRKO.POZEN: Fichier Upload: D:\kerberos.htx\bacup val\img val\img val mimiques\104149_1.jpg (154,77 K/S -   158 482 bytes)
[23:24:59] - [25] MIRKO.POZEN: Début d'Upload de D:\kerberos.htx\bacup val\img val\img val mimiques\104214_1.jpg
[23:24:59] - [26] MIRKO.POZEN: Début d'Upload de D:\kerberos.htx\bacup val\img val\img val mimiques\104239_1.jpg
[23:24:59] - [25] MIRKO.POZEN: Fichier Upload: D:\kerberos.htx\bacup val\img val\img val mimiques\104214_1.jpg (122,56 K/S -   125 502 bytes)
[23:24:59] - [26] MIRKO.POZEN: Fichier Upload: D:\kerberos.htx\bacup val\img val\img val mimiques\104239_1.jpg (134,53 K/S -   137 757 bytes)
[23:24:59] - [25] MIRKO.POZEN: Début d'Upload de D:\kerberos.htx\bacup val\img val\img val mimiques\104321_1.jpg
[23:24:59] - [26] MIRKO.POZEN: Début d'Upload de D:\kerberos.htx\bacup val\img val\img val mimiques\104419_1.jpg
[23:25:00] - [25] MIRKO.POZEN: Fichier Upload: D:\kerberos.htx\bacup val\img val\img val mimiques\104321_1.jpg (168,57 K/S -   172 611 bytes)
[23:25:00] - [26] MIRKO.POZEN: Fichier Upload: D:\kerberos.htx\bacup val\img val\img val mimiques\104419_1.jpg (159,31 K/S -   163 137 bytes)
[23:25:00] - [25] MIRKO.POZEN: Début d'Upload de D:\kerberos.htx\bacup val\img val\img val mimiques\104432.jpg
[23:25:00] - [26] MIRKO.POZEN: Début d'Upload de D:\kerberos.htx\bacup val\img val\img val mimiques\104446.jpg
[23:25:00] - [25] MIRKO.POZEN: Fichier Upload: D:\kerberos.htx\bacup val\img val\img val mimiques\104432.jpg (153,41 K/S -   157 088 bytes)
[23:25:00] - [26] MIRKO.POZEN: Fichier Upload: D:\kerberos.htx\bacup val\img val\img val mimiques\104446.jpg (158,91 K/S -   162 723 bytes)
[23:25:00] - [25] MIRKO.POZEN: Début d'Upload de D:\kerberos.htx\bacup val\img val\img val mimiques\104504_1.jpg
[23:25:01] - [26] MIRKO.POZEN: Début d'Upload de D:\kerberos.htx\bacup val\img val\img val mimiques\104512.jpg
[23:25:01] - [26] MIRKO.POZEN: Fichier Upload: D:\kerberos.htx\bacup val\img val\img val mimiques\104512.jpg (148,43 K/S -   151 997 bytes)
[23:25:01] - [25] MIRKO.POZEN: Fichier Upload: D:\kerberos.htx\bacup val\img val\img val mimiques\104504_1.jpg (199,58 K/S -   204 370 bytes)
[23:25:01] - [26] MIRKO.POZEN: Début d'Upload de D:\kerberos.htx\bacup val\img val\img val mimiques\104553_1.jpg
[23:25:01] - [25] MIRKO.POZEN: Début d'Upload de D:\kerberos.htx\bacup val\img val\img val mimiques\104623.jpg
[23:25:01] - [25] MIRKO.POZEN: Fichier Upload: D:\kerberos.htx\bacup val\img val\img val mimiques\104623.jpg (117,77 K/S -   120 600 bytes)
[23:25:01] - [26] MIRKO.POZEN: Fichier Upload: D:\kerberos.htx\bacup val\img val\img val mimiques\104553_1.jpg (162,67 K/S -   166 569 bytes)
[23:25:01] - [25] MIRKO.POZEN: Début d'Upload de D:\kerberos.htx\bacup val\img val\img val mimiques\105833_1.jpg
[23:25:02] - [26] MIRKO.POZEN: Début d'Upload de D:\kerberos.htx\bacup val\img val\img val mimiques\110415_1.jpg
[23:25:02] - [25] MIRKO.POZEN: Fichier Upload: D:\kerberos.htx\bacup val\img val\img val mimiques\105833_1.jpg (118,83 K/S -   121 684 bytes)
[23:25:02] - [25] MIRKO.POZEN: Début d'Upload de D:\kerberos.htx\bacup val\img val\img val mimiques\110426_1.jpg
[23:25:02] - [26] MIRKO.POZEN: Fichier Upload: D:\kerberos.htx\bacup val\img val\img val mimiques\110415_1.jpg (191,08 K/S -   195 664 bytes)
[23:25:02] - [26] MIRKO.POZEN: Début d'Upload de D:\kerberos.htx\bacup val\img val\img val mimiques\110434_1.jpg
[23:25:02] - [25] MIRKO.POZEN: Fichier Upload: D:\kerberos.htx\bacup val\img val\img val mimiques\110426_1.jpg (191,57 K/S -   196 168 bytes)
[23:25:02] - [25] MIRKO.POZEN: Début d'Upload de D:\kerberos.htx\bacup val\img val\img val mimiques\160646_1.jpg
[23:25:02] - [26] MIRKO.POZEN: Fichier Upload: D:\kerberos.htx\bacup val\img val\img val mimiques\110434_1.jpg (183,40 K/S -   187 798 bytes)
[23:25:03] - [25] MIRKO.POZEN: Fichier Upload: D:\kerberos.htx\bacup val\img val\img val mimiques\160646_1.jpg (37,87 K/S -   38 775 bytes)
[23:25:03] - [26] MIRKO.POZEN: Début d'Upload de D:\kerberos.htx\bacup val\img val\img val mimiques\160715_1.jpg
[23:25:03] - [25] MIRKO.POZEN: Début d'Upload de D:\kerberos.htx\bacup val\img val\img val mimiques\160721.jpg
[23:25:03] - [26] MIRKO.POZEN: Fichier Upload: D:\kerberos.htx\bacup val\img val\img val mimiques\160715_1.jpg (33,76 K/S -   34 573 bytes)
[23:25:03] - [25] MIRKO.POZEN: Fichier Upload: D:\kerberos.htx\bacup val\img val\img val mimiques\160721.jpg (35,25 K/S -   36 095 bytes)
[23:25:03] - [26] MIRKO.POZEN: Début d'Upload de D:\kerberos.htx\bacup val\img val\img val mimiques\160735_1.jpg
[23:25:03] - [25] MIRKO.POZEN: Début d'Upload de D:\kerberos.htx\bacup val\img val\img val mimiques\160908_1.jpg
[23:25:03] - [26] MIRKO.POZEN: Fichier Upload: D:\kerberos.htx\bacup val\img val\img val mimiques\160735_1.jpg (35,01 K/S -   35 850 bytes)
[23:25:03] - [25] MIRKO.POZEN: Fichier Upload: D:\kerberos.htx\bacup val\img val\img val mimiques\160908_1.jpg (37,11 K/S -   37 998 bytes)
[23:25:03] - [26] MIRKO.POZEN: Début d'Upload de D:\kerberos.htx\bacup val\img val\img val mimiques\161425_1.jpg
[23:25:03] - [25] MIRKO.POZEN: Début d'Upload de D:\kerberos.htx\bacup val\img val\img val mimiques\161456_1.jpg
[23:25:04] - [26] MIRKO.POZEN: Fichier Upload: D:\kerberos.htx\bacup val\img val\img val mimiques\161425_1.jpg (34,66 K/S -   35 490 bytes)
[23:25:04] - [25] MIRKO.POZEN: Fichier Upload: D:\kerberos.htx\bacup val\img val\img val mimiques\161456_1.jpg (34,05 K/S -   34 870 bytes)
[23:25:04] - [26] MIRKO.POZEN: Début d'Upload de D:\kerberos.htx\bacup val\img val\img val mimiques\161520_1.jpg
[23:25:04] - [25] MIRKO.POZEN: Début d'Upload de D:\kerberos.htx\bacup val\img val\img val mimiques\161525_1.jpg
[23:25:04] - [26] MIRKO.POZEN: Fichier Upload: D:\kerberos.htx\bacup val\img val\img val mimiques\161520_1.jpg (32,94 K/S -   33 726 bytes)
[23:25:04] - [25] MIRKO.POZEN: Fichier Upload: D:\kerberos.htx\bacup val\img val\img val mimiques\161525_1.jpg (33,58 K/S -   34 385 bytes)
[23:25:04] - [26] MIRKO.POZEN: Début d'Upload de D:\kerberos.htx\bacup val\img val\img val mimiques\161549_1.jpg
[23:25:04] - [25] MIRKO.POZEN: Début d'Upload de D:\kerberos.htx\bacup val\img val\img val mimiques\161617_1.jpg
[23:25:04] - [26] MIRKO.POZEN: Fichier Upload: D:\kerberos.htx\bacup val\img val\img val mimiques\161549_1.jpg (34,70 K/S -   35 531 bytes)
[23:25:04] - [25] MIRKO.POZEN: Fichier Upload: D:\kerberos.htx\bacup val\img val\img val mimiques\161617_1.jpg (34,41 K/S -   35 232 bytes)
[23:25:04] - [26] MIRKO.POZEN: Début d'Upload de D:\kerberos.htx\bacup val\img val\img val mimiques\195141.jpg
[23:25:04] - [25] MIRKO.POZEN: Début d'Upload de D:\kerberos.htx\bacup val\img val\img val mimiques\195202_1.jpg
[23:25:05] - [26] MIRKO.POZEN: Fichier Upload: D:\kerberos.htx\bacup val\img val\img val mimiques\195141.jpg (55,72 K/S -   57 054 bytes)
[23:25:05] - [25] MIRKO.POZEN: Fichier Upload: D:\kerberos.htx\bacup val\img val\img val mimiques\195202_1.jpg (52,10 K/S -   53 355 bytes)
[23:25:05] - [26] MIRKO.POZEN: Début d'Upload de D:\kerberos.htx\bacup val\img val\img val mimiques\195228_1.jpg
[23:25:05] - [25] MIRKO.POZEN: Début d'Upload de D:\kerberos.htx\bacup val\img val\img val mimiques\195302_1.jpg
[23:25:05] - [26] MIRKO.POZEN: Fichier Upload: D:\kerberos.htx\bacup val\img val\img val mimiques\195228_1.jpg (55,21 K/S -   56 531 bytes)
[23:25:05] - [25] MIRKO.POZEN: Fichier Upload: D:\kerberos.htx\bacup val\img val\img val mimiques\195302_1.jpg (52,18 K/S -   53 431 bytes)
[23:25:05] - [26] MIRKO.POZEN: Début d'Upload de D:\kerberos.htx\bacup val\img val\img val mimiques\195318_1.jpg
[23:25:05] - [25] MIRKO.POZEN: Début d'Upload de D:\kerberos.htx\bacup val\img val\img val mimiques\195328_1.jpg
[23:25:05] - [26] MIRKO.POZEN: Fichier Upload: D:\kerberos.htx\bacup val\img val\img val mimiques\195318_1.jpg (45,92 K/S -   47 023 bytes)
[23:25:05] - [25] MIRKO.POZEN: Fichier Upload: D:\kerberos.htx\bacup val\img val\img val mimiques\195328_1.jpg (48,03 K/S -   49 180 bytes)
[23:25:05] - [26] MIRKO.POZEN: Début d'Upload de D:\kerberos.htx\bacup val\img val\img val mimiques\195409_1.jpg
[23:25:06] - [25] MIRKO.POZEN: Début d'Upload de D:\kerberos.htx\bacup val\img val\img val mimiques\195421_1.jpg
[23:25:06] - [26] MIRKO.POZEN: Fichier Upload: D:\kerberos.htx\bacup val\img val\img val mimiques\195409_1.jpg (58,07 K/S -   59 468 bytes)
[23:25:06] - [25] MIRKO.POZEN: Fichier Upload: D:\kerberos.htx\bacup val\img val\img val mimiques\195421_1.jpg (61,97 K/S -   63 459 bytes)
[23:25:06] - [26] MIRKO.POZEN: Début d'Upload de D:\kerberos.htx\bacup val\img val\img val mimiques\195505.jpg
[23:25:06] - [25] MIRKO.POZEN: Début d'Upload de D:\kerberos.htx\bacup val\img val\img val mimiques\195519_1.jpg
[23:25:06] - [26] MIRKO.POZEN: Fichier Upload: D:\kerberos.htx\bacup val\img val\img val mimiques\195505.jpg (55,20 K/S -   56 529 bytes)
[23:25:06] - [25] MIRKO.POZEN: Fichier Upload: D:\kerberos.htx\bacup val\img val\img val mimiques\195519_1.jpg (59,52 K/S -   60 950 bytes)
[23:25:06] - [26] MIRKO.POZEN: Début d'Upload de D:\kerberos.htx\bacup val\img val\img val mimiques\195602_1.jpg
[23:25:06] - [25] MIRKO.POZEN: Début d'Upload de D:\kerberos.htx\bacup val\img val\img val mimiques\195631_1.jpg
[23:25:06] - [26] MIRKO.POZEN: Fichier Upload: D:\kerberos.htx\bacup val\img val\img val mimiques\195602_1.jpg (45,82 K/S -   46 923 bytes)
[23:25:06] - [25] MIRKO.POZEN: Fichier Upload: D:\kerberos.htx\bacup val\img val\img val mimiques\195631_1.jpg (50,09 K/S -   51 295 bytes)
[23:25:07] - [26] MIRKO.POZEN: Début d'Upload de D:\kerberos.htx\bacup val\img val\img val mimiques\195702_1.jpg
[23:25:07] - [25] MIRKO.POZEN: Début d'Upload de D:\kerberos.htx\bacup val\img val\img val mimiques\195729_1.jpg
[23:25:07] - [26] MIRKO.POZEN: Fichier Upload: D:\kerberos.htx\bacup val\img val\img val mimiques\195702_1.jpg (33,99 K/S -   34 810 bytes)
[23:25:07] - [25] MIRKO.POZEN: Fichier Upload: D:\kerberos.htx\bacup val\img val\img val mimiques\195729_1.jpg (57,90 K/S -   59 285 bytes)
[23:25:07] - [26] MIRKO.POZEN: Début d'Upload de D:\kerberos.htx\bacup val\img val\img val mimiques\195758_1.jpg
[23:25:07] - [25] MIRKO.POZEN: Début d'Upload de D:\kerberos.htx\bacup val\img val\img val mimiques\195806_1.jpg
[23:25:07] - [26] MIRKO.POZEN: Fichier Upload: D:\kerberos.htx\bacup val\img val\img val mimiques\195758_1.jpg (56,19 K/S -   57 536 bytes)
[23:25:07] - [25] MIRKO.POZEN: Fichier Upload: D:\kerberos.htx\bacup val\img val\img val mimiques\195806_1.jpg (57,22 K/S -   58 598 bytes)
[23:25:07] - [26] MIRKO.POZEN: Début d'Upload de D:\kerberos.htx\bacup val\img val\img val mimiques\195845_1.jpg
[23:25:07] - [25] MIRKO.POZEN: Début d'Upload de D:\kerberos.htx\bacup val\img val\img val mimiques\195932.jpg
[23:25:07] - [26] MIRKO.POZEN: Fichier Upload: D:\kerberos.htx\bacup val\img val\img val mimiques\195845_1.jpg (39,64 K/S -   40 589 bytes)
[23:25:07] - [25] MIRKO.POZEN: Fichier Upload: D:\kerberos.htx\bacup val\img val\img val mimiques\195932.jpg (50,46 K/S -   51 674 bytes)
[23:25:08] - [26] MIRKO.POZEN: Début d'Upload de D:\kerberos.htx\bacup val\img val\img val mimiques\195946_1.jpg
[23:25:08] - [25] MIRKO.POZEN: Début d'Upload de D:\kerberos.htx\bacup val\img val\img val mimiques\200022_1.jpg
[23:25:08] - [26] MIRKO.POZEN: Fichier Upload: D:\kerberos.htx\bacup val\img val\img val mimiques\195946_1.jpg (50,48 K/S -   51 691 bytes)
[23:25:08] - [25] MIRKO.POZEN: Fichier Upload: D:\kerberos.htx\bacup val\img val\img val mimiques\200022_1.jpg (50,21 K/S -   51 418 bytes)
[23:25:08] - [26] MIRKO.POZEN: Début d'Upload de D:\kerberos.htx\bacup val\img val\img val mimiques\200057_1.jpg
[23:25:08] - [25] MIRKO.POZEN: Début d'Upload de D:\kerberos.htx\bacup val\img val\img val mimiques\200134_1.jpg
[23:25:08] - [26] MIRKO.POZEN: Fichier Upload: D:\kerberos.htx\bacup val\img val\img val mimiques\200057_1.jpg (48,64 K/S -   49 806 bytes)
[23:25:08] - [25] MIRKO.POZEN: Fichier Upload: D:\kerberos.htx\bacup val\img val\img val mimiques\200134_1.jpg (43,39 K/S -   44 428 bytes)
[23:25:08] - [26] MIRKO.POZEN: Début d'Upload de D:\kerberos.htx\bacup val\img val\img val mimiques\2012 06 09 001.jpg
[23:25:08] - [25] MIRKO.POZEN: Début d'Upload de D:\kerberos.htx\bacup val\img val\img val mimiques\2012 09 10 002bis_1.jpg
[23:25:09] - [25] MIRKO.POZEN: Fichier Upload: D:\kerberos.htx\bacup val\img val\img val mimiques\2012 09 10 002bis_1.jpg (94,92 K/S -   97 202 bytes)
[23:25:09] - [26] MIRKO.POZEN: Fichier Upload: D:\kerberos.htx\bacup val\img val\img val mimiques\2012 06 09 001.jpg (189,42 K/S -   193 966 bytes)
[23:25:09] - [25] MIRKO.POZEN: Début d'Upload de D:\kerberos.htx\bacup val\img val\img val mimiques\2012 09 10 002ter_1.jpg
[23:25:09] - [26] MIRKO.POZEN: Début d'Upload de D:\kerberos.htx\bacup val\img val\img val mimiques\2012 09 10 002_1.jpg
[23:25:09] - [25] MIRKO.POZEN: Fichier Upload: D:\kerberos.htx\bacup val\img val\img val mimiques\2012 09 10 002ter_1.jpg (61,30 K/S -   62 776 bytes)
[23:25:09] - [26] MIRKO.POZEN: Fichier Upload: D:\kerberos.htx\bacup val\img val\img val mimiques\2012 09 10 002_1.jpg (53,78 K/S -   55 071 bytes)
[23:25:09] - [25] MIRKO.POZEN: Début d'Upload de D:\kerberos.htx\bacup val\img val\img val mimiques\2012 09 10_1.jpg
[23:25:09] - [26] MIRKO.POZEN: Début d'Upload de D:\kerberos.htx\bacup val\img val\img val mimiques\DSC04123_1.JPG
[23:25:09] - [25] MIRKO.POZEN: Fichier Upload: D:\kerberos.htx\bacup val\img val\img val mimiques\2012 09 10_1.jpg (56,15 K/S -   57 494 bytes)
[23:25:09] - [25] MIRKO.POZEN: Début d'Upload de D:\kerberos.htx\bacup val\img val\img val mimiques\DSC04903_1.JPG
[23:25:10] - [26] MIRKO.POZEN: Fichier Upload: D:\kerberos.htx\bacup val\img val\img val mimiques\DSC04123_1.JPG (734,36 K/S -   751 983 bytes)
[23:25:10] - [26] MIRKO.POZEN: Début d'Upload de D:\kerberos.htx\bacup val\img val\img val mimiques\DSC04905_1.JPG
[23:25:11] - [25] MIRKO.POZEN: Fichier Upload: D:\kerberos.htx\bacup val\img val\img val mimiques\DSC04903_1.JPG (664,34 K/S -  1 360 561 bytes)
[23:25:12] - [25] MIRKO.POZEN: Début d'Upload de D:\kerberos.htx\bacup val\img val\img val mimiques\DSC05137.JPG
[23:25:13] - [26] MIRKO.POZEN: Fichier Upload: D:\kerberos.htx\bacup val\img val\img val mimiques\DSC04905_1.JPG (728,14 K/S -  1 491 234 bytes)
[23:25:13] - [26] MIRKO.POZEN: Début d'Upload de D:\kerberos.htx\bacup val\img val\img val mimiques\DSC05138.JPG
[23:25:14] - [25] MIRKO.POZEN: Fichier Upload: D:\kerberos.htx\bacup val\img val\img val mimiques\DSC05137.JPG (462,61 K/S -  1 421 135 bytes)
[23:25:14] - [25] MIRKO.POZEN: Début d'Upload de D:\kerberos.htx\bacup val\img val\img val mimiques\DSC05139_1.JPG
[23:25:16] - [26] MIRKO.POZEN: Fichier Upload: D:\kerberos.htx\bacup val\img val\img val mimiques\DSC05138.JPG (652,28 K/S -  1 335 875 bytes)
[23:25:16] - [25] MIRKO.POZEN: Fichier Upload: D:\kerberos.htx\bacup val\img val\img val mimiques\DSC05139_1.JPG (659,85 K/S -  1 351 371 bytes)
[23:25:16] - [26] MIRKO.POZEN: Début d'Upload de D:\kerberos.htx\bacup val\img val\img val mimiques\Photo de moi 1.jpg
[23:25:16] - [25] MIRKO.POZEN: Début d'Upload de D:\kerberos.htx\bacup val\img val\img val mimiques\Photo de moi 1bis (1).png
[23:25:16] - [26] MIRKO.POZEN: Fichier Upload: D:\kerberos.htx\bacup val\img val\img val mimiques\Photo de moi 1.jpg (127,61 K/S -   130 669 bytes)
[23:25:16] - [26] MIRKO.POZEN: Début d'Upload de D:\kerberos.htx\bacup val\img val\img val mimiques\Photo de moi 1bis (2).png
[23:25:17] - [25] MIRKO.POZEN: Fichier Upload: D:\kerberos.htx\bacup val\img val\img val mimiques\Photo de moi 1bis (1).png (300,33 K/S -   307 538 bytes)
[23:25:17] - [25] MIRKO.POZEN: Début d'Upload de D:\kerberos.htx\bacup val\img val\img val mimiques\Photo de moi 1_1.png
[23:25:17] - [26] MIRKO.POZEN: Fichier Upload: D:\kerberos.htx\bacup val\img val\img val mimiques\Photo de moi 1bis (2).png (273,58 K/S -   280 148 bytes)
[23:25:17] - [26] MIRKO.POZEN: Début d'Upload de D:\kerberos.htx\bacup val\img val\img val mimiques\Photo de moi 2 001.jpg
[23:25:17] - [26] MIRKO.POZEN: Fichier Upload: D:\kerberos.htx\bacup val\img val\img val mimiques\Photo de moi 2 001.jpg (70,18 K/S -   71 865 bytes)
[23:25:17] - [26] MIRKO.POZEN: Début d'Upload de D:\kerberos.htx\bacup val\img val\img val mimiques\Photo de moi 3_1.png
[23:25:17] - [25] MIRKO.POZEN: Fichier Upload: D:\kerberos.htx\bacup val\img val\img val mimiques\Photo de moi 1_1.png (304,93 K/S -   312 253 bytes)
[23:25:17] - [25] MIRKO.POZEN: Début d'Upload de D:\kerberos.htx\bacup val\img val\img val mimiques\Photo de moi 4 004.jpg
[23:25:18] - [26] MIRKO.POZEN: Fichier Upload: D:\kerberos.htx\bacup val\img val\img val mimiques\Photo de moi 3_1.png (273,58 K/S -   280 148 bytes)
[23:25:18] - [25] MIRKO.POZEN: Fichier Upload: D:\kerberos.htx\bacup val\img val\img val mimiques\Photo de moi 4 004.jpg (97,75 K/S -   100 100 bytes)
[23:25:18] - [25] MIRKO.POZEN: Répertoire en Cours: D:\kerberos.htx\bacup val\img val\loren\
[23:25:18] - [26] MIRKO.POZEN: Début d'Upload de D:\kerberos.htx\bacup val\img val\img val mimiques\Photo de moi 4 006.jpg
[23:25:18] - [25] MIRKO.POZEN: Début d'Upload de D:\kerberos.htx\bacup val\img val\loren\DSC05370.JPG
[23:25:18] - [26] MIRKO.POZEN: Fichier Upload: D:\kerberos.htx\bacup val\img val\img val mimiques\Photo de moi 4 006.jpg (206,92 K/S -   211 882 bytes)
[23:25:18] - [26] MIRKO.POZEN: Répertoire en Cours: D:\kerberos.htx\bacup val\img val\loren\
[23:25:19] - [26] MIRKO.POZEN: Début d'Upload de D:\kerberos.htx\bacup val\img val\loren\DSC05371.JPG
[23:25:21] - [25] MIRKO.POZEN: Fichier Upload: D:\kerberos.htx\bacup val\img val\loren\DSC05370.JPG (688,94 K/S -  1 410 940 bytes)
[23:25:21] - [25] MIRKO.POZEN: Début d'Upload de D:\kerberos.htx\bacup val\img val\loren\DSC05372.JPG
[23:25:21] - [26] MIRKO.POZEN: Fichier Upload: D:\kerberos.htx\bacup val\img val\loren\DSC05371.JPG (447,50 K/S -  1 374 725 bytes)
[23:25:21] - [26] MIRKO.POZEN: Début d'Upload de D:\kerberos.htx\bacup val\img val\loren\Loren 2012 04 14 003.jpg
[23:25:21] - [26] MIRKO.POZEN: Fichier Upload: D:\kerberos.htx\bacup val\img val\loren\Loren 2012 04 14 003.jpg (48,53 K/S -   49 692 bytes)
[23:25:21] - [26] MIRKO.POZEN: Début d'Upload de D:\kerberos.htx\bacup val\img val\loren\Loren 2012 04 14.jpg
[23:25:22] - [26] MIRKO.POZEN: Fichier Upload: D:\kerberos.htx\bacup val\img val\loren\Loren 2012 04 14.jpg (35,06 K/S -   35 897 bytes)
[23:25:22] - [26] MIRKO.POZEN: Début d'Upload de D:\kerberos.htx\bacup val\img val\loren\loren photo 25.jpg
[23:25:22] - [26] MIRKO.POZEN: Fichier Upload: D:\kerberos.htx\bacup val\img val\loren\loren photo 25.jpg (55,64 K/S -   56 979 bytes)
[23:25:22] - [26] MIRKO.POZEN: Répertoire en Cours: D:\kerberos.htx\bacup val\img val\val a cheval\
[23:25:22] - [25] MIRKO.POZEN: Fichier Upload: D:\kerberos.htx\bacup val\img val\loren\DSC05372.JPG (660,92 K/S -  1 353 560 bytes)
[23:25:22] - [25] MIRKO.POZEN: Répertoire en Cours: D:\kerberos.htx\bacup val\img val\val a cheval\
[23:25:23] - [26] MIRKO.POZEN: Début d'Upload de D:\kerberos.htx\bacup val\img val\val a cheval\2004 05 16 Gardon_1.jpg
[23:25:23] - [25] MIRKO.POZEN: Début d'Upload de D:\kerberos.htx\bacup val\img val\val a cheval\DSC04985.JPG
[23:25:23] - [26] MIRKO.POZEN: Fichier Upload: D:\kerberos.htx\bacup val\img val\val a cheval\2004 05 16 Gardon_1.jpg (54,10 K/S -   55 397 bytes)
[23:25:23] - [26] MIRKO.POZEN: Début d'Upload de D:\kerberos.htx\bacup val\img val\val a cheval\DSC04996.JPG
[23:25:25] - [26] MIRKO.POZEN: Fichier Upload: D:\kerberos.htx\bacup val\img val\val a cheval\DSC04996.JPG (735,18 K/S -  1 505 648 bytes)
[23:25:25] - [26] MIRKO.POZEN: Début d'Upload de D:\kerberos.htx\bacup val\img val\val a cheval\DSC04998.JPG
[23:25:25] - [25] MIRKO.POZEN: Fichier Upload: D:\kerberos.htx\bacup val\img val\val a cheval\DSC04985.JPG (470,60 K/S -  1 445 691 bytes)
[23:25:25] - [25] MIRKO.POZEN: Début d'Upload de D:\kerberos.htx\bacup val\img val\val a cheval\DSC05000.JPG
[23:25:27] - [26] MIRKO.POZEN: Fichier Upload: D:\kerberos.htx\bacup val\img val\val a cheval\DSC04998.JPG (668,10 K/S -  1 368 265 bytes)
[23:25:27] - [26] MIRKO.POZEN: Début d'Upload de D:\kerberos.htx\bacup val\img val\val a cheval\DSC05003_1.JPG
[23:25:28] - [25] MIRKO.POZEN: Fichier Upload: D:\kerberos.htx\bacup val\img val\val a cheval\DSC05000.JPG (707,46 K/S -  1 448 885 bytes)
[23:25:28] - [25] MIRKO.POZEN: Début d'Upload de D:\kerberos.htx\bacup val\img val\val a cheval\DSC05004.JPG
[23:25:30] - [26] MIRKO.POZEN: Fichier Upload: D:\kerberos.htx\bacup val\img val\val a cheval\DSC05003_1.JPG (438,84 K/S -  1 348 111 bytes)
[23:25:30] - [26] MIRKO.POZEN: Début d'Upload de D:\kerberos.htx\bacup val\img val\val a cheval\DSC05005.JPG
[23:25:30] - [25] MIRKO.POZEN: Fichier Upload: D:\kerberos.htx\bacup val\img val\val a cheval\DSC05004.JPG (689,51 K/S -  1 412 123 bytes)
[23:25:30] - [25] MIRKO.POZEN: Début d'Upload de D:\kerberos.htx\bacup val\img val\val a cheval\DSC05006.JPG
[23:25:32] - [26] MIRKO.POZEN: Fichier Upload: D:\kerberos.htx\bacup val\img val\val a cheval\DSC05005.JPG (697,52 K/S -  1 428 523 bytes)
[23:25:32] - [26] MIRKO.POZEN: Début d'Upload de D:\kerberos.htx\bacup val\img val\val a cheval\DSC05007.JPG
[23:25:33] - [25] MIRKO.POZEN: Fichier Upload: D:\kerberos.htx\bacup val\img val\val a cheval\DSC05006.JPG (634,83 K/S -  1 300 140 bytes)
[23:25:33] - [25] MIRKO.POZEN: Début d'Upload de D:\kerberos.htx\bacup val\img val\val a cheval\DSC05008.JPG
[23:25:34] - [26] MIRKO.POZEN: Fichier Upload: D:\kerberos.htx\bacup val\img val\val a cheval\DSC05007.JPG (676,54 K/S -  1 385 552 bytes)
[23:25:34] - [26] MIRKO.POZEN: Début d'Upload de D:\kerberos.htx\bacup val\img val\val a cheval\DSC05009.JPG
[23:25:35] - [25] MIRKO.POZEN: Fichier Upload: D:\kerberos.htx\bacup val\img val\val a cheval\DSC05008.JPG (494,06 K/S -  1 517 746 bytes)
[23:25:35] - [25] MIRKO.POZEN: Début d'Upload de D:\kerberos.htx\bacup val\img val\val a cheval\DSC05010.JPG
[23:25:36] - [26] MIRKO.POZEN: Fichier Upload: D:\kerberos.htx\bacup val\img val\val a cheval\DSC05009.JPG (686,36 K/S -  1 405 671 bytes)
[23:25:37] - [26] MIRKO.POZEN: Début d'Upload de D:\kerberos.htx\bacup val\img val\val a cheval\DSC05011.JPG
[23:25:38] - [25] MIRKO.POZEN: Fichier Upload: D:\kerberos.htx\bacup val\img val\val a cheval\DSC05010.JPG (458,94 K/S -  1 409 873 bytes)
[23:25:38] - [25] MIRKO.POZEN: Début d'Upload de D:\kerberos.htx\bacup val\img val\val a cheval\DSC05012.JPG
[23:25:39] - [26] MIRKO.POZEN: Fichier Upload: D:\kerberos.htx\bacup val\img val\val a cheval\DSC05011.JPG (472,86 K/S -  1 452 621 bytes)
[23:25:39] - [26] MIRKO.POZEN: Début d'Upload de D:\kerberos.htx\bacup val\img val\val a cheval\DSC05013.JPG
[23:25:41] - [25] MIRKO.POZEN: Fichier Upload: D:\kerberos.htx\bacup val\img val\val a cheval\DSC05012.JPG (711,72 K/S -  1 457 610 bytes)
[23:25:41] - [25] MIRKO.POZEN: Début d'Upload de D:\kerberos.htx\bacup val\img val\val a cheval\DSC05014.JPG
[23:25:41] - [26] MIRKO.POZEN: Fichier Upload: D:\kerberos.htx\bacup val\img val\val a cheval\DSC05013.JPG (687,84 K/S -  1 408 703 bytes)
[23:25:41] - [26] MIRKO.POZEN: Début d'Upload de D:\kerberos.htx\bacup val\img val\val a cheval\DSC05015.JPG
[23:25:43] - [25] MIRKO.POZEN: Fichier Upload: D:\kerberos.htx\bacup val\img val\val a cheval\DSC05014.JPG (647,99 K/S -  1 327 088 bytes)
[23:25:43] - [25] MIRKO.POZEN: Début d'Upload de D:\kerberos.htx\bacup val\img val\val a cheval\DSC05018.JPG
[23:25:44] - [26] MIRKO.POZEN: Fichier Upload: D:\kerberos.htx\bacup val\img val\val a cheval\DSC05015.JPG (716,53 K/S -  1 467 448 bytes)
[23:25:44] - [26] MIRKO.POZEN: Début d'Upload de D:\kerberos.htx\bacup val\img val\val a cheval\DSC05019_1.JPG
[23:25:45] - [25] MIRKO.POZEN: Fichier Upload: D:\kerberos.htx\bacup val\img val\val a cheval\DSC05018.JPG (721,68 K/S -  1 478 005 bytes)
[23:25:45] - [25] MIRKO.POZEN: Début d'Upload de D:\kerberos.htx\bacup val\img val\val a cheval\DSC05020.JPG
[23:25:47] - [25] MIRKO.POZEN: Fichier Upload: D:\kerberos.htx\bacup val\img val\val a cheval\DSC05020.JPG (580,39 K/S -  1 188 647 bytes)
[23:25:47] - [25] MIRKO.POZEN: Début d'Upload de D:\kerberos.htx\bacup val\img val\val a cheval\DSC05021.JPG
[23:25:47] - [26] MIRKO.POZEN: Fichier Upload: D:\kerberos.htx\bacup val\img val\val a cheval\DSC05019_1.JPG (483,47 K/S -  1 485 233 bytes)
[23:25:47] - [26] MIRKO.POZEN: Début d'Upload de D:\kerberos.htx\bacup val\img val\val a cheval\DSC05023.JPG
[23:25:50] - [25] MIRKO.POZEN: Fichier Upload: D:\kerberos.htx\bacup val\img val\val a cheval\DSC05021.JPG (743,65 K/S -  1 522 992 bytes)
[23:25:50] - [26] MIRKO.POZEN: Fichier Upload: D:\kerberos.htx\bacup val\img val\val a cheval\DSC05023.JPG (705,50 K/S -  1 444 867 bytes)
[23:25:50] - [25] MIRKO.POZEN: Début d'Upload de D:\kerberos.htx\bacup val\img val\val a cheval\DSC05024.JPG
[23:25:50] - [26] MIRKO.POZEN: Début d'Upload de D:\kerberos.htx\bacup val\img val\val a cheval\DSC05025.JPG
[23:25:52] - [25] MIRKO.POZEN: Fichier Upload: D:\kerberos.htx\bacup val\img val\val a cheval\DSC05024.JPG (457,64 K/S -  1 405 870 bytes)
[23:25:52] - [25] MIRKO.POZEN: Début d'Upload de D:\kerberos.htx\bacup val\img val\val a cheval\DSC05026.JPG
[23:25:52] - [26] MIRKO.POZEN: Fichier Upload: D:\kerberos.htx\bacup val\img val\val a cheval\DSC05025.JPG (489,56 K/S -  1 503 932 bytes)
[23:25:52] - [26] MIRKO.POZEN: Début d'Upload de D:\kerberos.htx\bacup val\img val\val a cheval\DSC05029.JPG
[23:25:54] - [25] MIRKO.POZEN: Fichier Upload: D:\kerberos.htx\bacup val\img val\val a cheval\DSC05026.JPG (722,26 K/S -  1 479 198 bytes)
[23:25:55] - [25] MIRKO.POZEN: Début d'Upload de D:\kerberos.htx\bacup val\img val\val a cheval\Gardon 2011 12 10 001_1.jpg
[23:25:55] - [25] MIRKO.POZEN: Fichier Upload: D:\kerberos.htx\bacup val\img val\val a cheval\Gardon 2011 12 10 001_1.jpg (70,12 K/S -   71 804 bytes)
[23:25:55] - [25] MIRKO.POZEN: Début d'Upload de D:\kerberos.htx\bacup val\img val\val a cheval\Gardon 2011 12 10 006ter.jpg
[23:25:55] - [26] MIRKO.POZEN: Fichier Upload: D:\kerberos.htx\bacup val\img val\val a cheval\DSC05029.JPG (490,14 K/S -  1 505 706 bytes)
[23:25:55] - [25] MIRKO.POZEN: Fichier Upload: D:\kerberos.htx\bacup val\img val\val a cheval\Gardon 2011 12 10 006ter.jpg (60,81 K/S -   62 272 bytes)
[23:25:55] - [26] MIRKO.POZEN: Début d'Upload de D:\kerberos.htx\bacup val\img val\val a cheval\Io 2012 10 21 003.jpg
[23:25:55] - [25] MIRKO.POZEN: Début d'Upload de D:\kerberos.htx\bacup val\img val\val a cheval\P1030165.JPG
[23:25:55] - [26] MIRKO.POZEN: Fichier Upload: D:\kerberos.htx\bacup val\img val\val a cheval\Io 2012 10 21 003.jpg (61,83 K/S -   63 318 bytes)
[23:25:56] - [26] MIRKO.POZEN: Début d'Upload de D:\kerberos.htx\bacup val\img val\val a cheval\P1030167.JPG
[23:25:58] - [25] MIRKO.POZEN: Fichier Upload: D:\kerberos.htx\bacup val\img val\val a cheval\P1030165.JPG (688,70 K/S -  2 115 686 bytes)
[23:25:58] - [25] MIRKO.POZEN: Début d'Upload de D:\kerberos.htx\bacup val\img val\val a cheval\P1030230.JPG
[23:25:59] - [26] MIRKO.POZEN: Fichier Upload: D:\kerberos.htx\bacup val\img val\val a cheval\P1030167.JPG (500,40 K/S -  2 049 645 bytes)
[23:25:59] - [26] MIRKO.POZEN: Début d'Upload de D:\kerberos.htx\bacup val\img val\val a cheval\P1030231.JPG
[23:26:01] - [25] MIRKO.POZEN: Fichier Upload: D:\kerberos.htx\bacup val\img val\val a cheval\P1030230.JPG (606,92 K/S -  1 864 450 bytes)
[23:26:01] - [25] MIRKO.POZEN: Début d'Upload de D:\kerberos.htx\bacup val\img val\val a cheval\P1030235.JPG
[23:26:02] - [26] MIRKO.POZEN: Fichier Upload: D:\kerberos.htx\bacup val\img val\val a cheval\P1030231.JPG (592,70 K/S -  1 820 767 bytes)
[23:26:02] - [26] MIRKO.POZEN: Début d'Upload de D:\kerberos.htx\bacup val\img val\val a cheval\P1040295.JPG
[23:26:04] - [25] MIRKO.POZEN: Fichier Upload: D:\kerberos.htx\bacup val\img val\val a cheval\P1030235.JPG (590,00 K/S -  1 812 493 bytes)
[23:26:04] - [25] MIRKO.POZEN: Répertoire en Cours: D:\kerberos.htx\bacup val\img val\val chiens et chats\
[23:26:04] - [25] MIRKO.POZEN: Début d'Upload de D:\kerberos.htx\bacup val\img val\val chiens et chats\DSC05358.JPG
[23:26:05] - [26] MIRKO.POZEN: Fichier Upload: D:\kerberos.htx\bacup val\img val\val a cheval\P1040295.JPG (580,55 K/S -  1 783 442 bytes)
[23:26:05] - [26] MIRKO.POZEN: Répertoire en Cours: D:\kerberos.htx\bacup val\img val\val chiens et chats\
[23:26:05] - [26] MIRKO.POZEN: Début d'Upload de D:\kerberos.htx\bacup val\img val\val chiens et chats\P1010829_1.JPG
[23:26:07] - [25] MIRKO.POZEN: Fichier Upload: D:\kerberos.htx\bacup val\img val\val chiens et chats\DSC05358.JPG (569,23 K/S -  1 165 777 bytes)
[23:26:07] - [25] MIRKO.POZEN: Début d'Upload de D:\kerberos.htx\bacup val\img val\val chiens et chats\P1010835_1.JPG
[23:26:09] - [26] MIRKO.POZEN: Fichier Upload: D:\kerberos.htx\bacup val\img val\val chiens et chats\P1010829_1.JPG (469,76 K/S -  1 924 133 bytes)
[23:26:09] - [26] MIRKO.POZEN: Début d'Upload de D:\kerberos.htx\bacup val\img val\val chiens et chats\P1010852.JPG
[23:26:10] - [25] MIRKO.POZEN: Fichier Upload: D:\kerberos.htx\bacup val\img val\val chiens et chats\P1010835_1.JPG (612,98 K/S -  1 883 060 bytes)
[23:26:10] - [25] MIRKO.POZEN: Début d'Upload de D:\kerberos.htx\bacup val\img val\val chiens et chats\P1010855.JPG
[23:26:12] - [26] MIRKO.POZEN: Fichier Upload: D:\kerberos.htx\bacup val\img val\val chiens et chats\P1010852.JPG (616,79 K/S -  1 894 792 bytes)
[23:26:12] - [26] MIRKO.POZEN: Début d'Upload de D:\kerberos.htx\bacup val\img val\val chiens et chats\Sans titre 1_1.jpg
[23:26:13] - [25] MIRKO.POZEN: Fichier Upload: D:\kerberos.htx\bacup val\img val\val chiens et chats\P1010855.JPG (544,81 K/S -  2 231 535 bytes)
[23:26:14] - [25] MIRKO.POZEN: Début d'Upload de D:\kerberos.htx\bacup val\img val\val chiens et chats\Sans titre 3.jpg
[23:26:14] - [26] MIRKO.POZEN: Fichier Upload: D:\kerberos.htx\bacup val\img val\val chiens et chats\Sans titre 1_1.jpg (738,74 K/S -  1 512 932 bytes)
[23:26:15] - [26] MIRKO.POZEN: Début d'Upload de D:\kerberos.htx\bacup val\img val\val chiens et chats\Sans titre 4.jpg
[23:26:16] - [25] MIRKO.POZEN: Fichier Upload: D:\kerberos.htx\bacup val\img val\val chiens et chats\Sans titre 3.jpg (541,65 K/S -  1 663 952 bytes)
[23:26:16] - [25] MIRKO.POZEN: Répertoire en Cours: D:\kerberos.htx\bacup val\img val\val et andy\
[23:26:16] - [25] MIRKO.POZEN: Début d'Upload de D:\kerberos.htx\bacup val\img val\val et andy\DSC05358.JPG
[23:26:17] - [26] MIRKO.POZEN: Fichier Upload: D:\kerberos.htx\bacup val\img val\val chiens et chats\Sans titre 4.jpg (546,91 K/S -  1 680 122 bytes)
[23:26:17] - [26] MIRKO.POZEN: Répertoire en Cours: D:\kerberos.htx\bacup val\img val\val et babou\
[23:26:18] - [26] MIRKO.POZEN: Début d'Upload de D:\kerberos.htx\bacup val\img val\val et babou\P1010829_1.JPG
[23:26:18] - [25] MIRKO.POZEN: Fichier Upload: D:\kerberos.htx\bacup val\img val\val et andy\DSC05358.JPG (569,23 K/S -  1 165 777 bytes)
[23:26:18] - [25] MIRKO.POZEN: Répertoire en Cours: D:\kerberos.htx\bacup val\img val\val et babou\
[23:26:19] - [25] MIRKO.POZEN: Début d'Upload de D:\kerberos.htx\bacup val\img val\val et babou\P1010835_1.JPG
[23:26:21] - [26] MIRKO.POZEN: Fichier Upload: D:\kerberos.htx\bacup val\img val\val et babou\P1010829_1.JPG (939,52 K/S -  1 924 133 bytes)
[23:26:21] - [26] MIRKO.POZEN: Début d'Upload de D:\kerberos.htx\bacup val\img val\val et babou\P1010852.JPG
[23:26:22] - [25] MIRKO.POZEN: Fichier Upload: D:\kerberos.htx\bacup val\img val\val et babou\P1010835_1.JPG (455,02 K/S -  1 863 762 bytes)
[23:26:22] - [25] MIRKO.POZEN: Début d'Upload de D:\kerberos.htx\bacup val\img val\val et babou\P1010855.JPG
[23:26:24] - [26] MIRKO.POZEN: Fichier Upload: D:\kerberos.htx\bacup val\img val\val et babou\P1010852.JPG (616,79 K/S -  1 894 792 bytes)
[23:26:24] - [26] MIRKO.POZEN: Répertoire en Cours: D:\kerberos.htx\bacup val\img val\val et cheval\
[23:26:24] - [26] MIRKO.POZEN: Début d'Upload de D:\kerberos.htx\bacup val\img val\val et cheval\2004 05 16 Gardon_1.jpg
[23:26:25] - [26] MIRKO.POZEN: Fichier Upload: D:\kerberos.htx\bacup val\img val\val et cheval\2004 05 16 Gardon_1.jpg (54,10 K/S -   55 397 bytes)
[23:26:25] - [26] MIRKO.POZEN: Début d'Upload de D:\kerberos.htx\bacup val\img val\val et cheval\DSC04985.JPG
[23:26:25] - [25] MIRKO.POZEN: Fichier Upload: D:\kerberos.htx\bacup val\img val\val et babou\P1010855.JPG (726,41 K/S -  2 231 535 bytes)
[23:26:25] - [25] MIRKO.POZEN: Répertoire en Cours: D:\kerberos.htx\bacup val\img val\val et cheval\
[23:26:26] - [25] MIRKO.POZEN: Début d'Upload de D:\kerberos.htx\bacup val\img val\val et cheval\DSC04996.JPG
[23:26:27] - [26] MIRKO.POZEN: Fichier Upload: D:\kerberos.htx\bacup val\img val\val et cheval\DSC04985.JPG (705,90 K/S -  1 445 691 bytes)
[23:26:28] - [26] MIRKO.POZEN: Début d'Upload de D:\kerberos.htx\bacup val\img val\val et cheval\DSC04998.JPG
[23:26:28] - [25] MIRKO.POZEN: Fichier Upload: D:\kerberos.htx\bacup val\img val\val et cheval\DSC04996.JPG (490,12 K/S -  1 505 648 bytes)
[23:26:28] - [25] MIRKO.POZEN: Début d'Upload de D:\kerberos.htx\bacup val\img val\val et cheval\DSC05000.JPG
[23:26:30] - [26] MIRKO.POZEN: Fichier Upload: D:\kerberos.htx\bacup val\img val\val et cheval\DSC04998.JPG (445,40 K/S -  1 368 265 bytes)
[23:26:30] - [26] MIRKO.POZEN: Début d'Upload de D:\kerberos.htx\bacup val\img val\val et cheval\DSC05003.JPG
[23:26:30] - [25] MIRKO.POZEN: Fichier Upload: D:\kerberos.htx\bacup val\img val\val et cheval\DSC05000.JPG (707,46 K/S -  1 448 885 bytes)
[23:26:31] - [25] MIRKO.POZEN: Début d'Upload de D:\kerberos.htx\bacup val\img val\val et cheval\DSC05004.JPG
[23:26:32] - [26] MIRKO.POZEN: Fichier Upload: D:\kerberos.htx\bacup val\img val\val et cheval\DSC05003.JPG (658,26 K/S -  1 348 111 bytes)
[23:26:32] - [26] MIRKO.POZEN: Début d'Upload de D:\kerberos.htx\bacup val\img val\val et cheval\DSC05005.JPG
[23:26:33] - [25] MIRKO.POZEN: Fichier Upload: D:\kerberos.htx\bacup val\img val\val et cheval\DSC05004.JPG (459,68 K/S -  1 412 123 bytes)
[23:26:33] - [25] MIRKO.POZEN: Début d'Upload de D:\kerberos.htx\bacup val\img val\val et cheval\DSC05006.JPG
[23:26:34] - [26] MIRKO.POZEN: Fichier Upload: D:\kerberos.htx\bacup val\img val\val et cheval\DSC05005.JPG (697,52 K/S -  1 428 523 bytes)
[23:26:34] - [26] MIRKO.POZEN: Début d'Upload de D:\kerberos.htx\bacup val\img val\val et cheval\DSC05007.JPG
[23:26:35] - [25] MIRKO.POZEN: Fichier Upload: D:\kerberos.htx\bacup val\img val\val et cheval\DSC05006.JPG (634,83 K/S -  1 300 140 bytes)
[23:26:35] - [25] MIRKO.POZEN: Début d'Upload de D:\kerberos.htx\bacup val\img val\val et cheval\DSC05008_1.JPG
[23:26:37] - [26] MIRKO.POZEN: Fichier Upload: D:\kerberos.htx\bacup val\img val\val et cheval\DSC05007.JPG (676,54 K/S -  1 385 552 bytes)
[23:26:37] - [26] MIRKO.POZEN: Début d'Upload de D:\kerberos.htx\bacup val\img val\val et cheval\DSC05009.JPG
[23:26:38] - [25] MIRKO.POZEN: Fichier Upload: D:\kerberos.htx\bacup val\img val\val et cheval\DSC05008_1.JPG (741,09 K/S -  1 517 746 bytes)
[23:26:38] - [25] MIRKO.POZEN: Début d'Upload de D:\kerberos.htx\bacup val\img val\val et cheval\DSC05010_1.JPG
[23:26:39] - [26] MIRKO.POZEN: Fichier Upload: D:\kerberos.htx\bacup val\img val\val et cheval\DSC05009.JPG (457,58 K/S -  1 405 671 bytes)
[23:26:39] - [26] MIRKO.POZEN: Début d'Upload de D:\kerberos.htx\bacup val\img val\val et cheval\DSC05011.JPG
[23:26:40] - [25] MIRKO.POZEN: Fichier Upload: D:\kerberos.htx\bacup val\img val\val et cheval\DSC05010_1.JPG (688,41 K/S -  1 409 873 bytes)
[23:26:40] - [25] MIRKO.POZEN: Début d'Upload de D:\kerberos.htx\bacup val\img val\val et cheval\DSC05012.JPG
[23:26:41] - [26] MIRKO.POZEN: Fichier Upload: D:\kerberos.htx\bacup val\img val\val et cheval\DSC05011.JPG (709,29 K/S -  1 452 621 bytes)
[23:26:41] - [26] MIRKO.POZEN: Début d'Upload de D:\kerberos.htx\bacup val\img val\val et cheval\DSC05013.JPG
[23:26:43] - [25] MIRKO.POZEN: Fichier Upload: D:\kerberos.htx\bacup val\img val\val et cheval\DSC05012.JPG (474,48 K/S -  1 457 610 bytes)
[23:26:43] - [25] MIRKO.POZEN: Début d'Upload de D:\kerberos.htx\bacup val\img val\val et cheval\DSC05014.JPG
[23:26:44] - [26] MIRKO.POZEN: Fichier Upload: D:\kerberos.htx\bacup val\img val\val et cheval\DSC05013.JPG (458,56 K/S -  1 408 703 bytes)
[23:26:44] - [26] MIRKO.POZEN: Début d'Upload de D:\kerberos.htx\bacup val\img val\val et cheval\DSC05015_1.JPG
[23:26:46] - [25] MIRKO.POZEN: Fichier Upload: D:\kerberos.htx\bacup val\img val\val et cheval\DSC05014.JPG (431,99 K/S -  1 327 088 bytes)
[23:26:46] - [26] MIRKO.POZEN: Fichier Upload: D:\kerberos.htx\bacup val\img val\val et cheval\DSC05015_1.JPG (716,53 K/S -  1 467 448 bytes)
[23:26:46] - [25] MIRKO.POZEN: Début d'Upload de D:\kerberos.htx\bacup val\img val\val et cheval\DSC05018.JPG
[23:26:46] - [26] MIRKO.POZEN: Début d'Upload de D:\kerberos.htx\bacup val\img val\val et cheval\DSC05019.JPG
[23:26:46] - [27] Connecté à 86.235.162.42. Collecte du Nom d'utilisateur.
[23:26:46] - [27] Usager MIRKO.POZEN Connecté IP: 86.235.162.42
[23:26:46] - [27] MIRKO.POZEN: Répertoire en Cours: D:\kerberos.htx\
[23:26:47] - [27] MIRKO.POZEN: Répertoire en Cours: D:\kerberos.htx\
[23:26:48] - [25] MIRKO.POZEN: Fichier Upload: D:\kerberos.htx\bacup val\img val\val et cheval\DSC05018.JPG (721,68 K/S -  1 478 005 bytes)
[23:26:48] - [25] MIRKO.POZEN: Début d'Upload de D:\kerberos.htx\bacup val\img val\val et cheval\DSC05020_1.JPG
[23:26:49] - [26] MIRKO.POZEN: Fichier Upload: D:\kerberos.htx\bacup val\img val\val et cheval\DSC05019.JPG (483,47 K/S -  1 485 233 bytes)
[23:26:49] - [26] MIRKO.POZEN: Début d'Upload de D:\kerberos.htx\bacup val\img val\val et cheval\DSC05021.JPG
[23:26:50] - [25] MIRKO.POZEN: Fichier Upload: D:\kerberos.htx\bacup val\img val\val et cheval\DSC05020_1.JPG (580,39 K/S -  1 188 647 bytes)
[23:26:50] - [25] MIRKO.POZEN: Début d'Upload de D:\kerberos.htx\bacup val\img val\val et cheval\DSC05023.JPG
[23:26:52] - [26] MIRKO.POZEN: Fichier Upload: D:\kerberos.htx\bacup val\img val\val et cheval\DSC05021.JPG (495,77 K/S -  1 522 992 bytes)
[23:26:52] - [26] MIRKO.POZEN: Début d'Upload de D:\kerberos.htx\bacup val\img val\val et cheval\DSC05024.JPG
[23:26:53] - [25] MIRKO.POZEN: Fichier Upload: D:\kerberos.htx\bacup val\img val\val et cheval\DSC05023.JPG (705,50 K/S -  1 444 867 bytes)
[23:26:53] - [25] MIRKO.POZEN: Début d'Upload de D:\kerberos.htx\bacup val\img val\val et cheval\DSC05025.JPG
[23:26:54] - [26] MIRKO.POZEN: Fichier Upload: D:\kerberos.htx\bacup val\img val\val et cheval\DSC05024.JPG (686,46 K/S -  1 405 870 bytes)
[23:26:54] - [26] MIRKO.POZEN: Début d'Upload de D:\kerberos.htx\bacup val\img val\val et cheval\DSC05026.JPG
[23:26:56] - [25] MIRKO.POZEN: Fichier Upload: D:\kerberos.htx\bacup val\img val\val et cheval\DSC05025.JPG (489,56 K/S -  1 503 932 bytes)
[23:26:56] - [25] MIRKO.POZEN: Début d'Upload de D:\kerberos.htx\bacup val\img val\val et cheval\DSC05029_1.JPG
[23:26:56] - [26] MIRKO.POZEN: Fichier Upload: D:\kerberos.htx\bacup val\img val\val et cheval\DSC05026.JPG (722,26 K/S -  1 479 198 bytes)
[23:26:56] - [26] MIRKO.POZEN: Début d'Upload de D:\kerberos.htx\bacup val\img val\val et cheval\DSC05030.JPG
[23:26:58] - [25] MIRKO.POZEN: Fichier Upload: D:\kerberos.htx\bacup val\img val\val et cheval\DSC05029_1.JPG (490,14 K/S -  1 505 706 bytes)
[23:26:58] - [25] MIRKO.POZEN: Début d'Upload de D:\kerberos.htx\bacup val\img val\val et cheval\DSC05031.JPG
[23:26:59] - [26] MIRKO.POZEN: Fichier Upload: D:\kerberos.htx\bacup val\img val\val et cheval\DSC05030.JPG (486,38 K/S -  1 494 148 bytes)
[23:26:59] - [26] MIRKO.POZEN: Début d'Upload de D:\kerberos.htx\bacup val\img val\val et cheval\DSC05032.JPG
[23:27:00] - [25] MIRKO.POZEN: Fichier Upload: D:\kerberos.htx\bacup val\img val\val et cheval\DSC05031.JPG (699,06 K/S -  1 431 683 bytes)
[23:27:00] - [25] MIRKO.POZEN: Début d'Upload de D:\kerberos.htx\bacup val\img val\val et cheval\DSC05033.JPG
[23:27:01] - [26] MIRKO.POZEN: Fichier Upload: D:\kerberos.htx\bacup val\img val\val et cheval\DSC05032.JPG (697,69 K/S -  1 428 864 bytes)
[23:27:01] - [26] MIRKO.POZEN: Début d'Upload de D:\kerberos.htx\bacup val\img val\val et cheval\DSC05034.JPG
[23:27:03] - [25] MIRKO.POZEN: Fichier Upload: D:\kerberos.htx\bacup val\img val\val et cheval\DSC05033.JPG (644,64 K/S -  1 320 217 bytes)
[23:27:03] - [25] MIRKO.POZEN: Début d'Upload de D:\kerberos.htx\bacup val\img val\val et cheval\DSC05035.JPG
[23:27:03] - [26] MIRKO.POZEN: Fichier Upload: D:\kerberos.htx\bacup val\img val\val et cheval\DSC05034.JPG (669,22 K/S -  1 370 567 bytes)
[23:27:04] - [26] MIRKO.POZEN: Début d'Upload de D:\kerberos.htx\bacup val\img val\val et cheval\DSC05036.JPG
[23:27:05] - [25] MIRKO.POZEN: Fichier Upload: D:\kerberos.htx\bacup val\img val\val et cheval\DSC05035.JPG (694,73 K/S -  1 422 799 bytes)
[23:27:05] - [25] MIRKO.POZEN: Début d'Upload de D:\kerberos.htx\bacup val\img val\val et cheval\DSC05040.JPG
[23:27:06] - [26] MIRKO.POZEN: Fichier Upload: D:\kerberos.htx\bacup val\img val\val et cheval\DSC05036.JPG (455,00 K/S -  1 397 746 bytes)
[23:27:06] - [26] MIRKO.POZEN: Début d'Upload de D:\kerberos.htx\bacup val\img val\val et cheval\DSC05041.JPG
[23:27:07] - [25] MIRKO.POZEN: Fichier Upload: D:\kerberos.htx\bacup val\img val\val et cheval\DSC05040.JPG (706,85 K/S -  1 447 627 bytes)
[23:27:07] - [25] MIRKO.POZEN: Début d'Upload de D:\kerberos.htx\bacup val\img val\val et cheval\Gardon 2011 12 10 001.jpg
[23:27:08] - [25] MIRKO.POZEN: Fichier Upload: D:\kerberos.htx\bacup val\img val\val et cheval\Gardon 2011 12 10 001.jpg (70,12 K/S -   71 804 bytes)
[23:27:08] - [25] MIRKO.POZEN: Début d'Upload de D:\kerberos.htx\bacup val\img val\val et cheval\Gardon 2011 12 10 002.jpg
[23:27:08] - [25] MIRKO.POZEN: Fichier Upload: D:\kerberos.htx\bacup val\img val\val et cheval\Gardon 2011 12 10 002.jpg (87,70 K/S -   89 800 bytes)
[23:27:08] - [25] MIRKO.POZEN: Début d'Upload de D:\kerberos.htx\bacup val\img val\val et cheval\Gardon 2011 12 10 003.jpg
[23:27:08] - [25] MIRKO.POZEN: Fichier Upload: D:\kerberos.htx\bacup val\img val\val et cheval\Gardon 2011 12 10 003.jpg (60,23 K/S -   61 672 bytes)
[23:27:08] - [26] MIRKO.POZEN: Fichier Upload: D:\kerberos.htx\bacup val\img val\val et cheval\DSC05041.JPG (710,70 K/S -  1 455 513 bytes)
[23:27:09] - [25] MIRKO.POZEN: Début d'Upload de D:\kerberos.htx\bacup val\img val\val et cheval\Gardon 2011 12 10 004.jpg
[23:27:09] - [26] MIRKO.POZEN: Début d'Upload de D:\kerberos.htx\bacup val\img val\val et cheval\Gardon 2011 12 10 005.jpg
[23:27:09] - [25] MIRKO.POZEN: Fichier Upload: D:\kerberos.htx\bacup val\img val\val et cheval\Gardon 2011 12 10 004.jpg (66,59 K/S -   68 184 bytes)
[23:27:09] - [26] MIRKO.POZEN: Fichier Upload: D:\kerberos.htx\bacup val\img val\val et cheval\Gardon 2011 12 10 005.jpg (66,90 K/S -   68 506 bytes)
[23:27:09] - [25] MIRKO.POZEN: Début d'Upload de D:\kerberos.htx\bacup val\img val\val et cheval\Gardon 2011 12 10 006.jpg
[23:27:09] - [26] MIRKO.POZEN: Début d'Upload de D:\kerberos.htx\bacup val\img val\val et cheval\Gardon 2011 12 10 006bis.jpg
[23:27:09] - [25] MIRKO.POZEN: Fichier Upload: D:\kerberos.htx\bacup val\img val\val et cheval\Gardon 2011 12 10 006.jpg (52,05 K/S -   53 301 bytes)
[23:27:09] - [26] MIRKO.POZEN: Fichier Upload: D:\kerberos.htx\bacup val\img val\val et cheval\Gardon 2011 12 10 006bis.jpg (63,24 K/S -   64 759 bytes)
[23:27:09] - [25] MIRKO.POZEN: Début d'Upload de D:\kerberos.htx\bacup val\img val\val et cheval\Gardon 2011 12 10 006ter.jpg
[23:27:09] - [26] MIRKO.POZEN: Début d'Upload de D:\kerberos.htx\bacup val\img val\val et cheval\Gardon 2011 12 10 006ter_1.jpg
[23:27:09] - [25] MIRKO.POZEN: Fichier Upload: D:\kerberos.htx\bacup val\img val\val et cheval\Gardon 2011 12 10 006ter.jpg (60,81 K/S -   62 272 bytes)
[23:27:09] - [26] MIRKO.POZEN: Fichier Upload: D:\kerberos.htx\bacup val\img val\val et cheval\Gardon 2011 12 10 006ter_1.jpg (60,81 K/S -   62 272 bytes)
[23:27:10] - [25] MIRKO.POZEN: Début d'Upload de D:\kerberos.htx\bacup val\img val\val et cheval\Gardon 2012 02 15.jpg
[23:27:10] - [26] MIRKO.POZEN: Début d'Upload de D:\kerberos.htx\bacup val\img val\val et cheval\Io 2012 10 21 003.jpg
[23:27:10] - [26] MIRKO.POZEN: Fichier Upload: D:\kerberos.htx\bacup val\img val\val et cheval\Io 2012 10 21 003.jpg (61,83 K/S -   63 318 bytes)
[23:27:10] - [26] MIRKO.POZEN: Début d'Upload de D:\kerberos.htx\bacup val\img val\val et cheval\P1020933.JPG
[23:27:10] - [25] MIRKO.POZEN: Fichier Upload: D:\kerberos.htx\bacup val\img val\val et cheval\Gardon 2012 02 15.jpg (188,91 K/S -   193 443 bytes)
[23:27:10] - [25] MIRKO.POZEN: Début d'Upload de D:\kerberos.htx\bacup val\img val\val et cheval\P1020934_1.JPG
[23:27:14] - [26] MIRKO.POZEN: Fichier Upload: D:\kerberos.htx\bacup val\img val\val et cheval\P1020933.JPG (672,71 K/S -  2 066 555 bytes)
[23:27:14] - [26] MIRKO.POZEN: Début d'Upload de D:\kerberos.htx\bacup val\img val\val et cheval\P1020935.JPG
[23:27:14] - [25] MIRKO.POZEN: Fichier Upload: D:\kerberos.htx\bacup val\img val\val et cheval\P1020934_1.JPG (699,01 K/S -  2 147 346 bytes)
[23:27:14] - [25] MIRKO.POZEN: Début d'Upload de D:\kerberos.htx\bacup val\img val\val et cheval\P1020936.JPG
[23:27:16] - [26] MIRKO.POZEN: Fichier Upload: D:\kerberos.htx\bacup val\img val\val et cheval\P1020935.JPG (675,82 K/S -  2 076 113 bytes)
[23:27:16] - [26] MIRKO.POZEN: Début d'Upload de D:\kerberos.htx\bacup val\img val\val et cheval\P1020937.JPG
[23:27:18] - [25] MIRKO.POZEN: Fichier Upload: D:\kerberos.htx\bacup val\img val\val et cheval\P1020936.JPG (676,50 K/S -  2 078 215 bytes)
[23:27:18] - [25] MIRKO.POZEN: Début d'Upload de D:\kerberos.htx\bacup val\img val\val et cheval\P1020938_1.JPG
[23:27:20] - [26] MIRKO.POZEN: Fichier Upload: D:\kerberos.htx\bacup val\img val\val et cheval\P1020937.JPG (529,64 K/S -  2 169 419 bytes)
[23:27:20] - [26] MIRKO.POZEN: Début d'Upload de D:\kerberos.htx\bacup val\img val\val et cheval\P1030165.JPG
[23:27:21] - [25] MIRKO.POZEN: Fichier Upload: D:\kerberos.htx\bacup val\img val\val et cheval\P1020938_1.JPG (575,54 K/S -  1 768 048 bytes)
[23:27:21] - [25] MIRKO.POZEN: Début d'Upload de D:\kerberos.htx\bacup val\img val\val et cheval\P1030230.JPG
[23:27:24] - [25] MIRKO.POZEN: Fichier Upload: D:\kerberos.htx\bacup val\img val\val et cheval\P1030230.JPG (910,38 K/S -  1 864 450 bytes)
[23:27:24] - [26] MIRKO.POZEN: Fichier Upload: D:\kerberos.htx\bacup val\img val\val et cheval\P1030165.JPG (516,52 K/S -  2 115 686 bytes)
[23:27:24] - [25] MIRKO.POZEN: Début d'Upload de D:\kerberos.htx\bacup val\img val\val et cheval\P1030231.JPG
[23:27:24] - [26] MIRKO.POZEN: Début d'Upload de D:\kerberos.htx\bacup val\img val\val et cheval\P1030235.JPG
[23:27:26] - [25] MIRKO.POZEN: Fichier Upload: D:\kerberos.htx\bacup val\img val\val et cheval\P1030231.JPG (889,05 K/S -  1 820 767 bytes)
[23:27:26] - [25] MIRKO.POZEN: Début d'Upload de D:\kerberos.htx\bacup val\img val\val et cheval\P1040295.JPG
[23:27:27] - [26] MIRKO.POZEN: Fichier Upload: D:\kerberos.htx\bacup val\img val\val et cheval\P1030235.JPG (590,00 K/S -  1 812 493 bytes)
[23:27:27] - [26] MIRKO.POZEN: Répertoire en Cours: D:\kerberos.htx\bacup val\img val\val face book\
[23:27:28] - [26] MIRKO.POZEN: Début d'Upload de D:\kerberos.htx\bacup val\img val\val face book\12108911_10206405406866718_5448503062245100685_n.jpg
[23:27:28] - [26] MIRKO.POZEN: Fichier Upload: D:\kerberos.htx\bacup val\img val\val face book\12108911_10206405406866718_5448503062245100685_n.jpg (87,44 K/S -   89 539 bytes)
[23:27:28] - [26] MIRKO.POZEN: Début d'Upload de D:\kerberos.htx\bacup val\img val\val face book\295369_4792583285209_1182596742_n.jpg
[23:27:28] - [26] MIRKO.POZEN: Fichier Upload: D:\kerberos.htx\bacup val\img val\val face book\295369_4792583285209_1182596742_n.jpg (32,10 K/S -   32 872 bytes)
[23:27:29] - [26] MIRKO.POZEN: Début d'Upload de D:\kerberos.htx\bacup val\img val\val face book\317495_10200307652066659_632422248_n.jpg
[23:27:29] - [26] MIRKO.POZEN: Fichier Upload: D:\kerberos.htx\bacup val\img val\val face book\317495_10200307652066659_632422248_n.jpg (18,42 K/S -   18 859 bytes)
[23:27:29] - [25] MIRKO.POZEN: Fichier Upload: D:\kerberos.htx\bacup val\img val\val et cheval\P1040295.JPG (580,55 K/S -  1 783 442 bytes)
[23:27:29] - [26] MIRKO.POZEN: Début d'Upload de D:\kerberos.htx\bacup val\img val\val face book\426771_10200492031836038_74650669_n.jpg
[23:27:29] - [25] MIRKO.POZEN: Répertoire en Cours: D:\kerberos.htx\bacup val\img val\val face book\
[23:27:29] - [26] MIRKO.POZEN: Fichier Upload: D:\kerberos.htx\bacup val\img val\val face book\426771_10200492031836038_74650669_n.jpg (19,11 K/S -   19 569 bytes)
[23:27:29] - [25] MIRKO.POZEN: Début d'Upload de D:\kerberos.htx\bacup val\img val\val face book\541379_10200307652786677_1726698920_n.jpg
[23:27:29] - [26] MIRKO.POZEN: Répertoire en Cours: D:\kerberos.htx\bacup val\img val\val fotos modifie\
[23:27:29] - [25] MIRKO.POZEN: Fichier Upload: D:\kerberos.htx\bacup val\img val\val face book\541379_10200307652786677_1726698920_n.jpg (18,83 K/S -   19 283 bytes)
[23:27:29] - [25] MIRKO.POZEN: Répertoire en Cours: D:\kerberos.htx\bacup val\img val\val fotos modifie\
[23:27:30] - [26] MIRKO.POZEN: Début d'Upload de D:\kerberos.htx\bacup val\img val\val fotos modifie\080356_1.jpg
[23:27:30] - [25] MIRKO.POZEN: Début d'Upload de D:\kerberos.htx\bacup val\img val\val fotos modifie\2011 12 28 Règlage Webcam 001_1.jpg
[23:27:30] - [26] MIRKO.POZEN: Fichier Upload: D:\kerberos.htx\bacup val\img val\val fotos modifie\080356_1.jpg (248,45 K/S -   254 417 bytes)
[23:27:30] - [25] MIRKO.POZEN: Fichier Upload: D:\kerberos.htx\bacup val\img val\val fotos modifie\2011 12 28 Règlage Webcam 001_1.jpg (65,51 K/S -   67 085 bytes)
[23:27:30] - [26] MIRKO.POZEN: Début d'Upload de D:\kerberos.htx\bacup val\img val\val fotos modifie\2011 12 28 Règlage Webcam 002bis_1.jpg
[23:27:30] - [25] MIRKO.POZEN: Début d'Upload de D:\kerberos.htx\bacup val\img val\val fotos modifie\2012 09 10 003FBbis_1.jpg
[23:27:30] - [26] MIRKO.POZEN: Fichier Upload: D:\kerberos.htx\bacup val\img val\val fotos modifie\2011 12 28 Règlage Webcam 002bis_1.jpg (32,18 K/S -   32 956 bytes)
[23:27:31] - [25] MIRKO.POZEN: Fichier Upload: D:\kerberos.htx\bacup val\img val\val fotos modifie\2012 09 10 003FBbis_1.jpg (33,26 K/S -   34 063 bytes)
[23:27:31] - [26] MIRKO.POZEN: Début d'Upload de D:\kerberos.htx\bacup val\img val\val fotos modifie\DSC04121_1.JPG
[23:27:31] - [25] MIRKO.POZEN: Début d'Upload de D:\kerberos.htx\bacup val\img val\val fotos modifie\DSC04125.JPG
[23:27:32] - [26] MIRKO.POZEN: Fichier Upload: D:\kerberos.htx\bacup val\img val\val fotos modifie\DSC04121_1.JPG (385,00 K/S -   788 474 bytes)
[23:27:32] - [25] MIRKO.POZEN: Fichier Upload: D:\kerberos.htx\bacup val\img val\val fotos modifie\DSC04125.JPG (386,53 K/S -   791 604 bytes)
[23:27:32] - [26] MIRKO.POZEN: Début d'Upload de D:\kerberos.htx\bacup val\img val\val fotos modifie\DSC04902.JPG
[23:27:32] - [25] MIRKO.POZEN: Début d'Upload de D:\kerberos.htx\bacup val\img val\val fotos modifie\DSC05104_1.JPG
[23:27:34] - [26] MIRKO.POZEN: Fichier Upload: D:\kerberos.htx\bacup val\img val\val fotos modifie\DSC04902.JPG (646,37 K/S -  1 323 774 bytes)
[23:27:35] - [26] MIRKO.POZEN: Début d'Upload de D:\kerberos.htx\bacup val\img val\val fotos modifie\DSC05105.JPG
[23:27:35] - [25] MIRKO.POZEN: Fichier Upload: D:\kerberos.htx\bacup val\img val\val fotos modifie\DSC05104_1.JPG (704,65 K/S -  1 443 117 bytes)
[23:27:35] - [25] MIRKO.POZEN: Début d'Upload de D:\kerberos.htx\bacup val\img val\val fotos modifie\DSC05106.JPG
[23:27:37] - [26] MIRKO.POZEN: Fichier Upload: D:\kerberos.htx\bacup val\img val\val fotos modifie\DSC05105.JPG (435,76 K/S -  1 338 669 bytes)
[23:27:37] - [26] MIRKO.POZEN: Début d'Upload de D:\kerberos.htx\bacup val\img val\val fotos modifie\DSC05107_1.JPG
[23:27:37] - [25] MIRKO.POZEN: Fichier Upload: D:\kerberos.htx\bacup val\img val\val fotos modifie\DSC05106.JPG (703,66 K/S -  1 441 099 bytes)
[23:27:37] - [25] MIRKO.POZEN: Début d'Upload de D:\kerberos.htx\bacup val\img val\val fotos modifie\Froid en Négatif.jpg
[23:27:38] - [25] MIRKO.POZEN: Fichier Upload: D:\kerberos.htx\bacup val\img val\val fotos modifie\Froid en Négatif.jpg (59,73 K/S -   61 165 bytes)
[23:27:38] - [25] MIRKO.POZEN: Début d'Upload de D:\kerberos.htx\bacup val\img val\val fotos modifie\Photo de moi 1 bis 001.jpg
[23:27:38] - [25] MIRKO.POZEN: Fichier Upload: D:\kerberos.htx\bacup val\img val\val fotos modifie\Photo de moi 1 bis 001.jpg (67,35 K/S -   68 966 bytes)
[23:27:38] - [25] MIRKO.POZEN: Début d'Upload de D:\kerberos.htx\bacup val\img val\val fotos modifie\Photo de moi 1 bis 002.jpg
[23:27:38] - [25] MIRKO.POZEN: Fichier Upload: D:\kerberos.htx\bacup val\img val\val fotos modifie\Photo de moi 1 bis 002.jpg (51,67 K/S -   52 908 bytes)
[23:27:39] - [25] MIRKO.POZEN: Début d'Upload de D:\kerberos.htx\bacup val\img val\val fotos modifie\Photo de moi 1 bis 003_1.jpg
[23:27:39] - [25] MIRKO.POZEN: Fichier Upload: D:\kerberos.htx\bacup val\img val\val fotos modifie\Photo de moi 1 bis 003_1.jpg (65,82 K/S -   67 401 bytes)
[23:27:39] - [25] MIRKO.POZEN: Début d'Upload de D:\kerberos.htx\bacup val\img val\val fotos modifie\Photo de moi 1 bis 004.jpg
[23:27:39] - [26] MIRKO.POZEN: Fichier Upload: D:\kerberos.htx\bacup val\img val\val fotos modifie\DSC05107_1.JPG (658,26 K/S -  1 348 121 bytes)
[23:27:39] - [26] MIRKO.POZEN: Début d'Upload de D:\kerberos.htx\bacup val\img val\val fotos modifie\Photo de moi 4 002.jpg
[23:27:39] - [25] MIRKO.POZEN: Fichier Upload: D:\kerberos.htx\bacup val\img val\val fotos modifie\Photo de moi 1 bis 004.jpg (45,42 K/S -   46 509 bytes)
[23:27:39] - [25] MIRKO.POZEN: Début d'Upload de D:\kerberos.htx\bacup val\img val\val fotos modifie\Photo de moi 4 003_1.jpg
[23:27:39] - [26] MIRKO.POZEN: Fichier Upload: D:\kerberos.htx\bacup val\img val\val fotos modifie\Photo de moi 4 002.jpg (100,63 K/S -   103 046 bytes)
[23:27:40] - [26] MIRKO.POZEN: Début d'Upload de D:\kerberos.htx\bacup val\img val\val fotos modifie\Photo de moi 4 005 coutours plus nets contrastes et niveaux automatiques 003_1.jpg
[23:27:40] - [25] MIRKO.POZEN: Fichier Upload: D:\kerberos.htx\bacup val\img val\val fotos modifie\Photo de moi 4 003_1.jpg (143,82 K/S -   147 270 bytes)
[23:27:40] - [25] MIRKO.POZEN: Début d'Upload de D:\kerberos.htx\bacup val\img val\val fotos modifie\Photo de moi 4 005 coutours plus nets_1.jpg
[23:27:40] - [26] MIRKO.POZEN: Fichier Upload: D:\kerberos.htx\bacup val\img val\val fotos modifie\Photo de moi 4 005 coutours plus nets contrastes et niveaux automatiques 003_1.jpg (115,75 K/S -   118 523 bytes)
[23:27:40] - [26] MIRKO.POZEN: Début d'Upload de D:\kerberos.htx\bacup val\img val\val fotos modifie\Photo de moi 4 006_1.jpg
[23:27:40] - [25] MIRKO.POZEN: Fichier Upload: D:\kerberos.htx\bacup val\img val\val fotos modifie\Photo de moi 4 005 coutours plus nets_1.jpg (156,93 K/S -   160 701 bytes)
[23:27:40] - [25] MIRKO.POZEN: Début d'Upload de D:\kerberos.htx\bacup val\img val\val fotos modifie\Photo de moi 4 007 gaufré_1.jpg
[23:27:40] - [26] MIRKO.POZEN: Fichier Upload: D:\kerberos.htx\bacup val\img val\val fotos modifie\Photo de moi 4 006_1.jpg (206,92 K/S -   211 882 bytes)
[23:27:41] - [25] MIRKO.POZEN: Fichier Upload: D:\kerberos.htx\bacup val\img val\val fotos modifie\Photo de moi 4 007 gaufré_1.jpg (90,37 K/S -   92 534 bytes)
[23:27:41] - [26] MIRKO.POZEN: Début d'Upload de D:\kerberos.htx\bacup val\img val\val fotos modifie\VB Noir&Blanc.jpg
[23:27:41] - [25] MIRKO.POZEN: Début d'Upload de D:\kerberos.htx\bacup val\img val\val fotos modifie\VB Sépia.jpg
[23:27:41] - [26] MIRKO.POZEN: Fichier Upload: D:\kerberos.htx\bacup val\img val\val fotos modifie\VB Noir&Blanc.jpg (286,45 K/S -   293 324 bytes)
[23:27:41] - [26] MIRKO.POZEN: Répertoire en Cours: D:\kerberos.htx\bacup val\img val\val fotos noir blanc\
[23:27:42] - [26] MIRKO.POZEN: Début d'Upload de D:\kerberos.htx\bacup val\img val\val fotos noir blanc\145143_1.jpg
[23:27:42] - [25] MIRKO.POZEN: Fichier Upload: D:\kerberos.htx\bacup val\img val\val fotos modifie\VB Sépia.jpg (617,42 K/S -   632 233 bytes)
[23:27:42] - [25] MIRKO.POZEN: Répertoire en Cours: D:\kerberos.htx\bacup val\img val\val fotos noir blanc\
[23:27:42] - [25] MIRKO.POZEN: Début d'Upload de D:\kerberos.htx\bacup val\img val\val fotos noir blanc\145236_1.jpg
[23:27:43] - [26] MIRKO.POZEN: Fichier Upload: D:\kerberos.htx\bacup val\img val\val fotos noir blanc\145143_1.jpg (295,93 K/S -   606 058 bytes)
[23:27:43] - [26] MIRKO.POZEN: Début d'Upload de D:\kerberos.htx\bacup val\img val\val fotos noir blanc\145350bis.jpg
[23:27:43] - [25] MIRKO.POZEN: Fichier Upload: D:\kerberos.htx\bacup val\img val\val fotos noir blanc\145236_1.jpg (610,31 K/S -   624 956 bytes)
[23:27:43] - [25] MIRKO.POZEN: Début d'Upload de D:\kerberos.htx\bacup val\img val\val fotos noir blanc\145410bis_1.jpg
[23:27:43] - [26] MIRKO.POZEN: Fichier Upload: D:\kerberos.htx\bacup val\img val\val fotos noir blanc\145350bis.jpg (298,44 K/S -   305 598 bytes)
[23:27:44] - [26] MIRKO.POZEN: Début d'Upload de D:\kerberos.htx\bacup val\img val\val fotos noir blanc\145440_1.jpg
[23:27:44] - [25] MIRKO.POZEN: Fichier Upload: D:\kerberos.htx\bacup val\img val\val fotos noir blanc\145410bis_1.jpg (299,13 K/S -   306 305 bytes)
[23:27:44] - [25] MIRKO.POZEN: Début d'Upload de D:\kerberos.htx\bacup val\img val\val fotos noir blanc\145507bis_1.jpg
[23:27:44] - [26] MIRKO.POZEN: Fichier Upload: D:\kerberos.htx\bacup val\img val\val fotos noir blanc\145440_1.jpg (621,01 K/S -   635 918 bytes)
[23:27:45] - [26] MIRKO.POZEN: Début d'Upload de D:\kerberos.htx\bacup val\img val\val fotos noir blanc\145654_1.jpg
[23:27:45] - [25] MIRKO.POZEN: Fichier Upload: D:\kerberos.htx\bacup val\img val\val fotos noir blanc\145507bis_1.jpg (303,58 K/S -   310 865 bytes)
[23:27:45] - [25] MIRKO.POZEN: Début d'Upload de D:\kerberos.htx\bacup val\img val\val fotos noir blanc\145727_1.jpg
[23:27:45] - [26] MIRKO.POZEN: Fichier Upload: D:\kerberos.htx\bacup val\img val\val fotos noir blanc\145654_1.jpg (549,59 K/S -   562 782 bytes)
[23:27:46] - [26] MIRKO.POZEN: Début d'Upload de D:\kerberos.htx\bacup val\img val\val fotos noir blanc\145739.jpg
[23:27:46] - [25] MIRKO.POZEN: Fichier Upload: D:\kerberos.htx\bacup val\img val\val fotos noir blanc\145727_1.jpg (542,00 K/S -   555 012 bytes)
[23:27:46] - [25] MIRKO.POZEN: Début d'Upload de D:\kerberos.htx\bacup val\img val\val fotos noir blanc\145759bis_1.jpg
[23:27:46] - [26] MIRKO.POZEN: Fichier Upload: D:\kerberos.htx\bacup val\img val\val fotos noir blanc\145739.jpg (537,97 K/S -   550 880 bytes)
[23:27:47] - [26] MIRKO.POZEN: Début d'Upload de D:\kerberos.htx\bacup val\img val\val fotos noir blanc\145821bis_1.jpg
[23:27:47] - [25] MIRKO.POZEN: Fichier Upload: D:\kerberos.htx\bacup val\img val\val fotos noir blanc\145759bis_1.jpg (301,95 K/S -   309 192 bytes)
[23:27:47] - [25] MIRKO.POZEN: Début d'Upload de D:\kerberos.htx\bacup val\img val\val fotos noir blanc\145821Quatro_1.jpg
[23:27:47] - [26] MIRKO.POZEN: Fichier Upload: D:\kerberos.htx\bacup val\img val\val fotos noir blanc\145821bis_1.jpg (302,06 K/S -   309 312 bytes)
[23:27:47] - [26] MIRKO.POZEN: Début d'Upload de D:\kerberos.htx\bacup val\img val\val fotos noir blanc\150133bis_1.jpg
[23:27:47] - [25] MIRKO.POZEN: Fichier Upload: D:\kerberos.htx\bacup val\img val\val fotos noir blanc\145821Quatro_1.jpg (332,01 K/S -   339 980 bytes)
[23:27:48] - [25] MIRKO.POZEN: Début d'Upload de D:\kerberos.htx\bacup val\img val\val fotos noir blanc\2010 11 13 001.jpg
[23:27:48] - [26] MIRKO.POZEN: Fichier Upload: D:\kerberos.htx\bacup val\img val\val fotos noir blanc\150133bis_1.jpg (306,10 K/S -   313 449 bytes)
[23:27:48] - [26] MIRKO.POZEN: Début d'Upload de D:\kerberos.htx\bacup val\img val\val fotos noir blanc\VB FB 001_1.jpg
[23:27:48] - [25] MIRKO.POZEN: Fichier Upload: D:\kerberos.htx\bacup val\img val\val fotos noir blanc\2010 11 13 001.jpg (115,37 K/S -   118 138 bytes)
[23:27:48] - [25] MIRKO.POZEN: Répertoire en Cours: D:\kerberos.htx\bacup val\img val\val kokine\
[23:27:48] - [26] MIRKO.POZEN: Fichier Upload: D:\kerberos.htx\bacup val\img val\val fotos noir blanc\VB FB 001_1.jpg (40,47 K/S -   41 441 bytes)
[23:27:48] - [26] MIRKO.POZEN: Répertoire en Cours: D:\kerberos.htx\bacup val\img val\val kokine\
[23:27:48] - [25] MIRKO.POZEN: Début d'Upload de D:\kerberos.htx\bacup val\img val\val kokine\104339.jpg
[23:27:49] - [26] MIRKO.POZEN: Début d'Upload de D:\kerberos.htx\bacup val\img val\val kokine\104408_1.jpg
[23:27:49] - [25] MIRKO.POZEN: Fichier Upload: D:\kerberos.htx\bacup val\img val\val kokine\104339.jpg (151,04 K/S -   154 667 bytes)
[23:27:49] - [25] MIRKO.POZEN: Début d'Upload de D:\kerberos.htx\bacup val\img val\val kokine\105657_1.jpg
[23:27:49] - [26] MIRKO.POZEN: Fichier Upload: D:\kerberos.htx\bacup val\img val\val kokine\104408_1.jpg (140,51 K/S -   143 886 bytes)
[23:27:49] - [26] MIRKO.POZEN: Début d'Upload de D:\kerberos.htx\bacup val\img val\val kokine\105813_1.jpg
[23:27:49] - [25] MIRKO.POZEN: Fichier Upload: D:\kerberos.htx\bacup val\img val\val kokine\105657_1.jpg (167,41 K/S -   171 423 bytes)
[23:27:49] - [25] MIRKO.POZEN: Début d'Upload de D:\kerberos.htx\bacup val\img val\val kokine\105820_1.jpg
[23:27:49] - [26] MIRKO.POZEN: Fichier Upload: D:\kerberos.htx\bacup val\img val\val kokine\105813_1.jpg (190,35 K/S -   194 915 bytes)
[23:27:50] - [26] MIRKO.POZEN: Début d'Upload de D:\kerberos.htx\bacup val\img val\val kokine\110314_1.jpg
[23:27:50] - [25] MIRKO.POZEN: Fichier Upload: D:\kerberos.htx\bacup val\img val\val kokine\105820_1.jpg (173,74 K/S -   177 905 bytes)
[23:27:50] - [26] MIRKO.POZEN: Fichier Upload: D:\kerberos.htx\bacup val\img val\val kokine\110314_1.jpg (183,02 K/S -   187 416 bytes)
[23:27:50] - [25] MIRKO.POZEN: Début d'Upload de D:\kerberos.htx\bacup val\img val\val kokine\110353_1.jpg
[23:27:50] - [26] MIRKO.POZEN: Début d'Upload de D:\kerberos.htx\bacup val\img val\val kokine\2012 06 09 montage 001_1.jpg
[23:27:50] - [26] MIRKO.POZEN: Fichier Upload: D:\kerberos.htx\bacup val\img val\val kokine\2012 06 09 montage 001_1.jpg (157,06 K/S -   160 831 bytes)
[23:27:51] - [25] MIRKO.POZEN: Fichier Upload: D:\kerberos.htx\bacup val\img val\val kokine\110353_1.jpg (214,28 K/S -   219 421 bytes)
[23:27:51] - [25] MIRKO.POZEN: Répertoire en Cours: D:\kerberos.htx\bacup val\val images\
[23:27:51] - [26] MIRKO.POZEN: Début d'Upload de D:\kerberos.htx\bacup val\img val\val kokine\2012 06 09 montage 002FB_1.jpg
[23:27:51] - [26] MIRKO.POZEN: Fichier Upload: D:\kerberos.htx\bacup val\img val\val kokine\2012 06 09 montage 002FB_1.jpg (13,29 K/S -   13 607 bytes)
[23:27:51] - [26] MIRKO.POZEN: Répertoire en Cours: D:\kerberos.htx\bacup val\val images\
[23:27:51] - [25] MIRKO.POZEN: Début d'Upload de D:\kerberos.htx\bacup val\val images\02 nov 2010 matin 4 bis.jpg
[23:27:51] - [26] MIRKO.POZEN: Début d'Upload de D:\kerberos.htx\bacup val\val images\065144_1.jpg
[23:27:51] - [25] MIRKO.POZEN: Fichier Upload: D:\kerberos.htx\bacup val\val images\02 nov 2010 matin 4 bis.jpg (130,66 K/S -   133 799 bytes)
[23:27:51] - [25] MIRKO.POZEN: Début d'Upload de D:\kerberos.htx\bacup val\val images\065230_1.jpg
[23:27:52] - [26] MIRKO.POZEN: Fichier Upload: D:\kerberos.htx\bacup val\val images\065144_1.jpg (98,64 K/S -   101 006 bytes)
[23:27:52] - [25] MIRKO.POZEN: Fichier Upload: D:\kerberos.htx\bacup val\val images\065230_1.jpg (84,83 K/S -   86 871 bytes)
[23:27:52] - [26] MIRKO.POZEN: Début d'Upload de D:\kerberos.htx\bacup val\val images\065237_1.jpg
[23:27:52] - [25] MIRKO.POZEN: Début d'Upload de D:\kerberos.htx\bacup val\val images\065244_1.jpg
[23:27:52] - [26] MIRKO.POZEN: Fichier Upload: D:\kerberos.htx\bacup val\val images\065237_1.jpg (82,86 K/S -   84 848 bytes)
[23:27:52] - [25] MIRKO.POZEN: Fichier Upload: D:\kerberos.htx\bacup val\val images\065244_1.jpg (81,83 K/S -   83 799 bytes)
[23:27:52] - [26] MIRKO.POZEN: Début d'Upload de D:\kerberos.htx\bacup val\val images\065314_1.jpg
[23:27:52] - [25] MIRKO.POZEN: Début d'Upload de D:\kerberos.htx\bacup val\val images\065328_1.jpg
[23:27:52] - [26] MIRKO.POZEN: Fichier Upload: D:\kerberos.htx\bacup val\val images\065314_1.jpg (96,00 K/S -   98 309 bytes)
[23:27:52] - [25] MIRKO.POZEN: Fichier Upload: D:\kerberos.htx\bacup val\val images\065328_1.jpg (96,19 K/S -   98 498 bytes)
[23:27:53] - [26] MIRKO.POZEN: Début d'Upload de D:\kerberos.htx\bacup val\val images\080356_1.jpg
[23:27:53] - [25] MIRKO.POZEN: Début d'Upload de D:\kerberos.htx\bacup val\val images\104137_1.jpg
[23:27:53] - [25] MIRKO.POZEN: Fichier Upload: D:\kerberos.htx\bacup val\val images\104137_1.jpg (160,75 K/S -   164 613 bytes)
[23:27:53] - [26] MIRKO.POZEN: Fichier Upload: D:\kerberos.htx\bacup val\val images\080356_1.jpg (248,45 K/S -   254 417 bytes)
[23:27:53] - [25] MIRKO.POZEN: Début d'Upload de D:\kerberos.htx\bacup val\val images\104149_1.jpg
[23:27:53] - [26] MIRKO.POZEN: Début d'Upload de D:\kerberos.htx\bacup val\val images\104214_1.jpg
[23:27:54] - [25] MIRKO.POZEN: Fichier Upload: D:\kerberos.htx\bacup val\val images\104149_1.jpg (154,77 K/S -   158 482 bytes)
[23:27:54] - [26] MIRKO.POZEN: Fichier Upload: D:\kerberos.htx\bacup val\val images\104214_1.jpg (122,56 K/S -   125 502 bytes)
[23:27:54] - [25] MIRKO.POZEN: Début d'Upload de D:\kerberos.htx\bacup val\val images\104239_1.jpg
[23:27:54] - [26] MIRKO.POZEN: Début d'Upload de D:\kerberos.htx\bacup val\val images\104321_1.jpg
[23:27:54] - [25] MIRKO.POZEN: Fichier Upload: D:\kerberos.htx\bacup val\val images\104239_1.jpg (134,53 K/S -   137 757 bytes)
[23:27:54] - [26] MIRKO.POZEN: Fichier Upload: D:\kerberos.htx\bacup val\val images\104321_1.jpg (168,57 K/S -   172 611 bytes)
[23:27:54] - [25] MIRKO.POZEN: Début d'Upload de D:\kerberos.htx\bacup val\val images\104419_1.jpg
[23:27:54] - [26] MIRKO.POZEN: Début d'Upload de D:\kerberos.htx\bacup val\val images\104432.jpg
[23:27:54] - [25] MIRKO.POZEN: Fichier Upload: D:\kerberos.htx\bacup val\val images\104419_1.jpg (159,31 K/S -   163 137 bytes)
[23:27:55] - [26] MIRKO.POZEN: Fichier Upload: D:\kerberos.htx\bacup val\val images\104432.jpg (153,41 K/S -   157 088 bytes)
[23:27:55] - [25] MIRKO.POZEN: Début d'Upload de D:\kerberos.htx\bacup val\val images\104446.jpg
[23:27:55] - [26] MIRKO.POZEN: Début d'Upload de D:\kerberos.htx\bacup val\val images\104504_1.jpg
[23:27:55] - [25] MIRKO.POZEN: Fichier Upload: D:\kerberos.htx\bacup val\val images\104446.jpg (158,91 K/S -   162 723 bytes)
[23:27:55] - [26] MIRKO.POZEN: Fichier Upload: D:\kerberos.htx\bacup val\val images\104504_1.jpg (199,58 K/S -   204 370 bytes)
[23:27:55] - [25] MIRKO.POZEN: Début d'Upload de D:\kerberos.htx\bacup val\val images\104512.jpg
[23:27:55] - [26] MIRKO.POZEN: Début d'Upload de D:\kerberos.htx\bacup val\val images\104553_1.jpg
[23:27:56] - [25] MIRKO.POZEN: Fichier Upload: D:\kerberos.htx\bacup val\val images\104512.jpg (148,43 K/S -   151 997 bytes)
[23:27:56] - [26] MIRKO.POZEN: Fichier Upload: D:\kerberos.htx\bacup val\val images\104553_1.jpg (162,67 K/S -   166 569 bytes)
[23:27:56] - [25] MIRKO.POZEN: Début d'Upload de D:\kerberos.htx\bacup val\val images\104623.jpg
[23:27:56] - [26] MIRKO.POZEN: Début d'Upload de D:\kerberos.htx\bacup val\val images\105833_1.jpg
[23:27:56] - [25] MIRKO.POZEN: Fichier Upload: D:\kerberos.htx\bacup val\val images\104623.jpg (117,77 K/S -   120 600 bytes)
[23:27:56] - [26] MIRKO.POZEN: Fichier Upload: D:\kerberos.htx\bacup val\val images\105833_1.jpg (118,83 K/S -   121 684 bytes)
[23:27:56] - [25] MIRKO.POZEN: Début d'Upload de D:\kerberos.htx\bacup val\val images\110415_1.jpg
[23:27:56] - [26] MIRKO.POZEN: Début d'Upload de D:\kerberos.htx\bacup val\val images\110426_1.jpg
[23:27:57] - [25] MIRKO.POZEN: Fichier Upload: D:\kerberos.htx\bacup val\val images\110415_1.jpg (191,08 K/S -   195 664 bytes)
[23:27:57] - [26] MIRKO.POZEN: Fichier Upload: D:\kerberos.htx\bacup val\val images\110426_1.jpg (191,57 K/S -   196 168 bytes)
[23:27:57] - [25] MIRKO.POZEN: Début d'Upload de D:\kerberos.htx\bacup val\val images\110434_1.jpg
[23:27:57] - [26] MIRKO.POZEN: Début d'Upload de D:\kerberos.htx\bacup val\val images\12108911_10206405406866718_5448503062245100685_n.jpg
[23:27:57] - [26] MIRKO.POZEN: Fichier Upload: D:\kerberos.htx\bacup val\val images\12108911_10206405406866718_5448503062245100685_n.jpg (87,44 K/S -   89 539 bytes)
[23:27:57] - [25] MIRKO.POZEN: Fichier Upload: D:\kerberos.htx\bacup val\val images\110434_1.jpg (183,40 K/S -   187 798 bytes)
[23:27:57] - [26] MIRKO.POZEN: Début d'Upload de D:\kerberos.htx\bacup val\val images\145143bis_1.jpg
[23:27:57] - [25] MIRKO.POZEN: Début d'Upload de D:\kerberos.htx\bacup val\val images\145143_1.jpg
[23:27:58] - [26] MIRKO.POZEN: Fichier Upload: D:\kerberos.htx\bacup val\val images\145143bis_1.jpg (307,92 K/S -   315 314 bytes)
[23:27:58] - [26] MIRKO.POZEN: Début d'Upload de D:\kerberos.htx\bacup val\val images\145236bis_1.jpg
[23:27:58] - [25] MIRKO.POZEN: Fichier Upload: D:\kerberos.htx\bacup val\val images\145143_1.jpg (591,85 K/S -   606 058 bytes)
[23:27:58] - [25] MIRKO.POZEN: Début d'Upload de D:\kerberos.htx\bacup val\val images\145236_1.jpg
[23:27:59] - [26] MIRKO.POZEN: Fichier Upload: D:\kerberos.htx\bacup val\val images\145236bis_1.jpg (315,01 K/S -   322 567 bytes)
[23:27:59] - [26] MIRKO.POZEN: Début d'Upload de D:\kerberos.htx\bacup val\val images\145350bis.jpg
[23:27:59] - [26] MIRKO.POZEN: Fichier Upload: D:\kerberos.htx\bacup val\val images\145350bis.jpg (298,44 K/S -   305 598 bytes)
[23:27:59] - [25] MIRKO.POZEN: Fichier Upload: D:\kerberos.htx\bacup val\val images\145236_1.jpg (610,31 K/S -   624 956 bytes)
[23:27:59] - [26] MIRKO.POZEN: Début d'Upload de D:\kerberos.htx\bacup val\val images\145350bis_1.jpg
[23:27:59] - [25] MIRKO.POZEN: Début d'Upload de D:\kerberos.htx\bacup val\val images\145410.jpg
[23:28:00] - [26] MIRKO.POZEN: Fichier Upload: D:\kerberos.htx\bacup val\val images\145350bis_1.jpg (298,44 K/S -   305 598 bytes)
[23:28:00] - [26] MIRKO.POZEN: Début d'Upload de D:\kerberos.htx\bacup val\val images\145410bis_1.jpg
[23:28:01] - [25] MIRKO.POZEN: Fichier Upload: D:\kerberos.htx\bacup val\val images\145410.jpg (586,28 K/S -   600 353 bytes)
[23:28:01] - [25] MIRKO.POZEN: Début d'Upload de D:\kerberos.htx\bacup val\val images\145440bis_1.jpg
[23:28:01] - [26] MIRKO.POZEN: Fichier Upload: D:\kerberos.htx\bacup val\val images\145410bis_1.jpg (299,13 K/S -   306 305 bytes)
[23:28:01] - [26] MIRKO.POZEN: Début d'Upload de D:\kerberos.htx\bacup val\val images\145440_1.jpg
[23:28:01] - [25] MIRKO.POZEN: Fichier Upload: D:\kerberos.htx\bacup val\val images\145440bis_1.jpg (315,45 K/S -   323 021 bytes)
[23:28:01] - [25] MIRKO.POZEN: Début d'Upload de D:\kerberos.htx\bacup val\val images\145507bis_1.jpg
[23:28:02] - [26] MIRKO.POZEN: Fichier Upload: D:\kerberos.htx\bacup val\val images\145440_1.jpg (621,01 K/S -   635 918 bytes)
[23:28:02] - [26] MIRKO.POZEN: Début d'Upload de D:\kerberos.htx\bacup val\val images\145654bis_1.jpg
[23:28:02] - [25] MIRKO.POZEN: Fichier Upload: D:\kerberos.htx\bacup val\val images\145507bis_1.jpg (303,58 K/S -   310 865 bytes)
[23:28:02] - [25] MIRKO.POZEN: Début d'Upload de D:\kerberos.htx\bacup val\val images\145654_1.jpg
[23:28:03] - [26] MIRKO.POZEN: Fichier Upload: D:\kerberos.htx\bacup val\val images\145654bis_1.jpg (285,99 K/S -   292 852 bytes)
[23:28:03] - [26] MIRKO.POZEN: Début d'Upload de D:\kerberos.htx\bacup val\val images\145727.jpg
[23:28:03] - [25] MIRKO.POZEN: Fichier Upload: D:\kerberos.htx\bacup val\val images\145654_1.jpg (549,59 K/S -   562 782 bytes)
[23:28:03] - [25] MIRKO.POZEN: Début d'Upload de D:\kerberos.htx\bacup val\val images\145727_1.jpg
[23:28:04] - [26] MIRKO.POZEN: Fichier Upload: D:\kerberos.htx\bacup val\val images\145727.jpg (542,00 K/S -   555 012 bytes)
[23:28:04] - [26] MIRKO.POZEN: Début d'Upload de D:\kerberos.htx\bacup val\val images\145739.jpg
[23:28:04] - [25] MIRKO.POZEN: Fichier Upload: D:\kerberos.htx\bacup val\val images\145727_1.jpg (542,00 K/S -   555 012 bytes)
[23:28:04] - [25] MIRKO.POZEN: Début d'Upload de D:\kerberos.htx\bacup val\val images\145739bis_1.jpg
[23:28:05] - [26] MIRKO.POZEN: Fichier Upload: D:\kerberos.htx\bacup val\val images\145739.jpg (537,97 K/S -   550 880 bytes)
[23:28:05] - [26] MIRKO.POZEN: Début d'Upload de D:\kerberos.htx\bacup val\val images\145759bis_1.jpg
[23:28:05] - [25] MIRKO.POZEN: Fichier Upload: D:\kerberos.htx\bacup val\val images\145739bis_1.jpg (282,20 K/S -   288 975 bytes)
[23:28:05] - [25] MIRKO.POZEN: Début d'Upload de D:\kerberos.htx\bacup val\val images\145821bis_1.jpg
[23:28:06] - [26] MIRKO.POZEN: Fichier Upload: D:\kerberos.htx\bacup val\val images\145759bis_1.jpg (301,95 K/S -   309 192 bytes)
[23:28:06] - [26] MIRKO.POZEN: Début d'Upload de D:\kerberos.htx\bacup val\val images\145821Quatro.jpg
[23:28:06] - [25] MIRKO.POZEN: Fichier Upload: D:\kerberos.htx\bacup val\val images\145821bis_1.jpg (302,06 K/S -   309 312 bytes)
[23:28:06] - [25] MIRKO.POZEN: Début d'Upload de D:\kerberos.htx\bacup val\val images\145821Quatro_1.jpg
[23:28:06] - [26] MIRKO.POZEN: Fichier Upload: D:\kerberos.htx\bacup val\val images\145821Quatro.jpg (332,01 K/S -   339 980 bytes)
[23:28:06] - [26] MIRKO.POZEN: Début d'Upload de D:\kerberos.htx\bacup val\val images\150133bis_1.jpg
[23:28:06] - [25] MIRKO.POZEN: Fichier Upload: D:\kerberos.htx\bacup val\val images\145821Quatro_1.jpg (332,01 K/S -   339 980 bytes)
[23:28:07] - [25] MIRKO.POZEN: Début d'Upload de D:\kerberos.htx\bacup val\val images\160646_1.jpg
[23:28:07] - [25] MIRKO.POZEN: Fichier Upload: D:\kerberos.htx\bacup val\val images\160646_1.jpg (37,87 K/S -   38 775 bytes)
[23:28:07] - [26] MIRKO.POZEN: Fichier Upload: D:\kerberos.htx\bacup val\val images\150133bis_1.jpg (306,10 K/S -   313 449 bytes)
[23:28:07] - [25] MIRKO.POZEN: Début d'Upload de D:\kerberos.htx\bacup val\val images\160715_1.jpg
[23:28:07] - [26] MIRKO.POZEN: Début d'Upload de D:\kerberos.htx\bacup val\val images\160721.jpg
[23:28:07] - [25] MIRKO.POZEN: Fichier Upload: D:\kerberos.htx\bacup val\val images\160715_1.jpg (33,76 K/S -   34 573 bytes)
[23:28:07] - [26] MIRKO.POZEN: Fichier Upload: D:\kerberos.htx\bacup val\val images\160721.jpg (35,25 K/S -   36 095 bytes)
[23:28:07] - [25] MIRKO.POZEN: Début d'Upload de D:\kerberos.htx\bacup val\val images\160735_1.jpg
[23:28:07] - [26] MIRKO.POZEN: Début d'Upload de D:\kerberos.htx\bacup val\val images\160908_1.jpg
[23:28:08] - [25] MIRKO.POZEN: Fichier Upload: D:\kerberos.htx\bacup val\val images\160735_1.jpg (35,01 K/S -   35 850 bytes)
[23:28:08] - [26] MIRKO.POZEN: Fichier Upload: D:\kerberos.htx\bacup val\val images\160908_1.jpg (37,11 K/S -   37 998 bytes)
[23:28:08] - [25] MIRKO.POZEN: Début d'Upload de D:\kerberos.htx\bacup val\val images\161425_1.jpg
[23:28:08] - [26] MIRKO.POZEN: Début d'Upload de D:\kerberos.htx\bacup val\val images\161456_1.jpg
[23:28:08] - [25] MIRKO.POZEN: Fichier Upload: D:\kerberos.htx\bacup val\val images\161425_1.jpg (34,66 K/S -   35 490 bytes)
[23:28:08] - [26] MIRKO.POZEN: Fichier Upload: D:\kerberos.htx\bacup val\val images\161456_1.jpg (34,05 K/S -   34 870 bytes)
[23:28:08] - [25] MIRKO.POZEN: Début d'Upload de D:\kerberos.htx\bacup val\val images\161520_1.jpg
[23:28:08] - [26] MIRKO.POZEN: Début d'Upload de D:\kerberos.htx\bacup val\val images\161525_1.jpg
[23:28:08] - [25] MIRKO.POZEN: Fichier Upload: D:\kerberos.htx\bacup val\val images\161520_1.jpg (32,94 K/S -   33 726 bytes)
[23:28:08] - [26] MIRKO.POZEN: Fichier Upload: D:\kerberos.htx\bacup val\val images\161525_1.jpg (33,58 K/S -   34 385 bytes)
[23:28:08] - [25] MIRKO.POZEN: Début d'Upload de D:\kerberos.htx\bacup val\val images\161549_1.jpg
[23:28:08] - [26] MIRKO.POZEN: Début d'Upload de D:\kerberos.htx\bacup val\val images\161617_1.jpg
[23:28:09] - [25] MIRKO.POZEN: Fichier Upload: D:\kerberos.htx\bacup val\val images\161549_1.jpg (34,70 K/S -   35 531 bytes)
[23:28:09] - [26] MIRKO.POZEN: Fichier Upload: D:\kerberos.htx\bacup val\val images\161617_1.jpg (34,41 K/S -   35 232 bytes)
[23:28:09] - [25] MIRKO.POZEN: Début d'Upload de D:\kerberos.htx\bacup val\val images\190723_1.jpg
[23:28:09] - [26] MIRKO.POZEN: Début d'Upload de D:\kerberos.htx\bacup val\val images\190742_1.jpg
[23:28:09] - [25] MIRKO.POZEN: Fichier Upload: D:\kerberos.htx\bacup val\val images\190723_1.jpg (85,93 K/S -   87 996 bytes)
[23:28:09] - [26] MIRKO.POZEN: Fichier Upload: D:\kerberos.htx\bacup val\val images\190742_1.jpg (87,68 K/S -   89 785 bytes)
[23:28:09] - [25] MIRKO.POZEN: Début d'Upload de D:\kerberos.htx\bacup val\val images\190805_1.jpg
[23:28:09] - [26] MIRKO.POZEN: Début d'Upload de D:\kerberos.htx\bacup val\val images\190825_1.jpg
[23:28:11] - [25] MIRKO.POZEN: Fichier Upload: D:\kerberos.htx\bacup val\val images\190805_1.jpg (782,99 K/S -   801 786 bytes)
[23:28:11] - [26] MIRKO.POZEN: Fichier Upload: D:\kerberos.htx\bacup val\val images\190825_1.jpg (780,44 K/S -   799 175 bytes)
[23:28:11] - [25] MIRKO.POZEN: Début d'Upload de D:\kerberos.htx\bacup val\val images\190938.jpg
[23:28:11] - [26] MIRKO.POZEN: Début d'Upload de D:\kerberos.htx\bacup val\val images\190938_1.jpg
[23:28:12] - [25] MIRKO.POZEN: Fichier Upload: D:\kerberos.htx\bacup val\val images\190938.jpg (414,07 K/S -   848 017 bytes)
[23:28:12] - [26] MIRKO.POZEN: Fichier Upload: D:\kerberos.htx\bacup val\val images\190938_1.jpg (414,07 K/S -   848 017 bytes)
[23:28:12] - [25] MIRKO.POZEN: Début d'Upload de D:\kerberos.htx\bacup val\val images\193246bis_1.jpg
[23:28:12] - [26] MIRKO.POZEN: Début d'Upload de D:\kerberos.htx\bacup val\val images\193246_1.jpg
[23:28:13] - [28] Connecté à 86.235.162.42. Collecte du Nom d'utilisateur.
[23:28:13] - [28] Usager MIRKO.POZEN Connecté IP: 86.235.162.42
[23:28:13] - [28] MIRKO.POZEN: Répertoire en Cours: D:\kerberos.htx\
[23:28:13] - [28] MIRKO.POZEN: Répertoire en Cours: D:\kerberos.htx\
[23:28:13] - [25] MIRKO.POZEN: Fichier Upload: D:\kerberos.htx\bacup val\val images\193246bis_1.jpg (580,59 K/S -   594 523 bytes)
[23:28:13] - [25] MIRKO.POZEN: Début d'Upload de D:\kerberos.htx\bacup val\val images\193345bis_1.jpg
[23:28:14] - [26] MIRKO.POZEN: Fichier Upload: D:\kerberos.htx\bacup val\val images\193246_1.jpg (681,17 K/S -   697 517 bytes)
[23:28:14] - [26] MIRKO.POZEN: Début d'Upload de D:\kerberos.htx\bacup val\val images\193345_1.jpg
[23:28:14] - [25] MIRKO.POZEN: Fichier Upload: D:\kerberos.htx\bacup val\val images\193345bis_1.jpg (635,40 K/S -   650 652 bytes)
[23:28:15] - [25] MIRKO.POZEN: Début d'Upload de D:\kerberos.htx\bacup val\val images\195141.jpg
[23:28:15] - [25] MIRKO.POZEN: Fichier Upload: D:\kerberos.htx\bacup val\val images\195141.jpg (55,72 K/S -   57 054 bytes)
[23:28:15] - [26] MIRKO.POZEN: Fichier Upload: D:\kerberos.htx\bacup val\val images\193345_1.jpg (336,85 K/S -   689 861 bytes)
[23:28:15] - [25] MIRKO.POZEN: Début d'Upload de D:\kerberos.htx\bacup val\val images\195202_1.jpg
[23:28:15] - [26] MIRKO.POZEN: Début d'Upload de D:\kerberos.htx\bacup val\val images\195228_1.jpg
[23:28:15] - [25] MIRKO.POZEN: Fichier Upload: D:\kerberos.htx\bacup val\val images\195202_1.jpg (52,10 K/S -   53 355 bytes)
[23:28:15] - [26] MIRKO.POZEN: Fichier Upload: D:\kerberos.htx\bacup val\val images\195228_1.jpg (55,21 K/S -   56 531 bytes)
[23:28:15] - [25] MIRKO.POZEN: Début d'Upload de D:\kerberos.htx\bacup val\val images\195302_1.jpg
[23:28:15] - [26] MIRKO.POZEN: Début d'Upload de D:\kerberos.htx\bacup val\val images\195318_1.jpg
[23:28:16] - [25] MIRKO.POZEN: Fichier Upload: D:\kerberos.htx\bacup val\val images\195302_1.jpg (52,18 K/S -   53 431 bytes)
[23:28:16] - [26] MIRKO.POZEN: Fichier Upload: D:\kerberos.htx\bacup val\val images\195318_1.jpg (45,92 K/S -   47 023 bytes)
[23:28:16] - [25] MIRKO.POZEN: Début d'Upload de D:\kerberos.htx\bacup val\val images\195328_1.jpg
[23:28:16] - [26] MIRKO.POZEN: Début d'Upload de D:\kerberos.htx\bacup val\val images\195409_1.jpg
[23:28:16] - [25] MIRKO.POZEN: Fichier Upload: D:\kerberos.htx\bacup val\val images\195328_1.jpg (48,03 K/S -   49 180 bytes)
[23:28:16] - [26] MIRKO.POZEN: Fichier Upload: D:\kerberos.htx\bacup val\val images\195409_1.jpg (58,07 K/S -   59 468 bytes)
[23:28:16] - [25] MIRKO.POZEN: Début d'Upload de D:\kerberos.htx\bacup val\val images\195421_1.jpg
[23:28:16] - [26] MIRKO.POZEN: Début d'Upload de D:\kerberos.htx\bacup val\val images\195505.jpg
[23:28:16] - [25] MIRKO.POZEN: Fichier Upload: D:\kerberos.htx\bacup val\val images\195421_1.jpg (61,97 K/S -   63 459 bytes)
[23:28:16] - [26] MIRKO.POZEN: Fichier Upload: D:\kerberos.htx\bacup val\val images\195505.jpg (55,20 K/S -   56 529 bytes)
[23:28:16] - [25] MIRKO.POZEN: Début d'Upload de D:\kerberos.htx\bacup val\val images\195519_1.jpg
[23:28:16] - [28] MIRKO.POZEN: Répertoire en Cours: D:\kerberos.htx\exe\
[23:28:16] - [26] MIRKO.POZEN: Début d'Upload de D:\kerberos.htx\bacup val\val images\195602_1.jpg
[23:28:17] - [25] MIRKO.POZEN: Fichier Upload: D:\kerberos.htx\bacup val\val images\195519_1.jpg (59,52 K/S -   60 950 bytes)
[23:28:17] - [26] MIRKO.POZEN: Fichier Upload: D:\kerberos.htx\bacup val\val images\195602_1.jpg (45,82 K/S -   46 923 bytes)
[23:28:17] - [25] MIRKO.POZEN: Début d'Upload de D:\kerberos.htx\bacup val\val images\195631_1.jpg
[23:28:17] - [26] MIRKO.POZEN: Début d'Upload de D:\kerberos.htx\bacup val\val images\195702_1.jpg
[23:28:17] - [25] MIRKO.POZEN: Fichier Upload: D:\kerberos.htx\bacup val\val images\195631_1.jpg (50,09 K/S -   51 295 bytes)
[23:28:17] - [26] MIRKO.POZEN: Fichier Upload: D:\kerberos.htx\bacup val\val images\195702_1.jpg (33,99 K/S -   34 810 bytes)
[23:28:17] - [25] MIRKO.POZEN: Début d'Upload de D:\kerberos.htx\bacup val\val images\195729_1.jpg
[23:28:17] - [26] MIRKO.POZEN: Début d'Upload de D:\kerberos.htx\bacup val\val images\195758_1.jpg
[23:28:17] - [25] MIRKO.POZEN: Fichier Upload: D:\kerberos.htx\bacup val\val images\195729_1.jpg (57,90 K/S -   59 285 bytes)
[23:28:17] - [26] MIRKO.POZEN: Fichier Upload: D:\kerberos.htx\bacup val\val images\195758_1.jpg (56,19 K/S -   57 536 bytes)
[23:28:18] - [25] MIRKO.POZEN: Début d'Upload de D:\kerberos.htx\bacup val\val images\195806_1.jpg
[23:28:18] - [26] MIRKO.POZEN: Début d'Upload de D:\kerberos.htx\bacup val\val images\195845_1.jpg
[23:28:18] - [25] MIRKO.POZEN: Fichier Upload: D:\kerberos.htx\bacup val\val images\195806_1.jpg (57,22 K/S -   58 598 bytes)
[23:28:18] - [26] MIRKO.POZEN: Fichier Upload: D:\kerberos.htx\bacup val\val images\195845_1.jpg (39,64 K/S -   40 589 bytes)
[23:28:18] - [25] MIRKO.POZEN: Début d'Upload de D:\kerberos.htx\bacup val\val images\195932.jpg
[23:28:18] - [26] MIRKO.POZEN: Début d'Upload de D:\kerberos.htx\bacup val\val images\195946_1.jpg
[23:28:18] - [25] MIRKO.POZEN: Fichier Upload: D:\kerberos.htx\bacup val\val images\195932.jpg (50,46 K/S -   51 674 bytes)
[23:28:18] - [26] MIRKO.POZEN: Fichier Upload: D:\kerberos.htx\bacup val\val images\195946_1.jpg (50,48 K/S -   51 691 bytes)
[23:28:18] - [25] MIRKO.POZEN: Début d'Upload de D:\kerberos.htx\bacup val\val images\200022_1.jpg
[23:28:18] - [26] MIRKO.POZEN: Début d'Upload de D:\kerberos.htx\bacup val\val images\200057_1.jpg
[23:28:18] - [25] MIRKO.POZEN: Fichier Upload: D:\kerberos.htx\bacup val\val images\200022_1.jpg (50,21 K/S -   51 418 bytes)
[23:28:18] - [26] MIRKO.POZEN: Fichier Upload: D:\kerberos.htx\bacup val\val images\200057_1.jpg (48,64 K/S -   49 806 bytes)
[23:28:19] - [25] MIRKO.POZEN: Début d'Upload de D:\kerberos.htx\bacup val\val images\200134_1.jpg
[23:28:19] - [26] MIRKO.POZEN: Début d'Upload de D:\kerberos.htx\bacup val\val images\2004 05 16 Gardon_1.jpg
[23:28:19] - [25] MIRKO.POZEN: Fichier Upload: D:\kerberos.htx\bacup val\val images\200134_1.jpg (43,39 K/S -   44 428 bytes)
[23:28:19] - [26] MIRKO.POZEN: Fichier Upload: D:\kerberos.htx\bacup val\val images\2004 05 16 Gardon_1.jpg (54,10 K/S -   55 397 bytes)
[23:28:19] - [25] MIRKO.POZEN: Début d'Upload de D:\kerberos.htx\bacup val\val images\2010 11 12 001_1.jpg
[23:28:19] - [26] MIRKO.POZEN: Début d'Upload de D:\kerberos.htx\bacup val\val images\2010 11 12 002_1.jpg
[23:28:19] - [25] MIRKO.POZEN: Fichier Upload: D:\kerberos.htx\bacup val\val images\2010 11 12 001_1.jpg (95,22 K/S -   97 503 bytes)
[23:28:19] - [26] MIRKO.POZEN: Fichier Upload: D:\kerberos.htx\bacup val\val images\2010 11 12 002_1.jpg (60,90 K/S -   62 362 bytes)
[23:28:19] - [25] MIRKO.POZEN: Début d'Upload de D:\kerberos.htx\bacup val\val images\2010 11 12 003bis_1.jpg
[23:28:19] - [26] MIRKO.POZEN: Début d'Upload de D:\kerberos.htx\bacup val\val images\2010 11 12 003_1.jpg
[23:28:20] - [25] MIRKO.POZEN: Fichier Upload: D:\kerberos.htx\bacup val\val images\2010 11 12 003bis_1.jpg (65,69 K/S -   67 263 bytes)
[23:28:20] - [26] MIRKO.POZEN: Fichier Upload: D:\kerberos.htx\bacup val\val images\2010 11 12 003_1.jpg (59,33 K/S -   60 759 bytes)
[23:28:20] - [25] MIRKO.POZEN: Début d'Upload de D:\kerberos.htx\bacup val\val images\2010 11 12 004_1.jpg
[23:28:20] - [26] MIRKO.POZEN: Début d'Upload de D:\kerberos.htx\bacup val\val images\2010 11 12 006.jpg
[23:28:20] - [25] MIRKO.POZEN: Fichier Upload: D:\kerberos.htx\bacup val\val images\2010 11 12 004_1.jpg (302,06 K/S -   309 312 bytes)
[23:28:20] - [25] MIRKO.POZEN: Début d'Upload de D:\kerberos.htx\bacup val\val images\2010 11 12 007bis_1.jpg
[23:28:21] - [25] MIRKO.POZEN: Fichier Upload: D:\kerberos.htx\bacup val\val images\2010 11 12 007bis_1.jpg (30,39 K/S -   31 117 bytes)
[23:28:21] - [25] MIRKO.POZEN: Début d'Upload de D:\kerberos.htx\bacup val\val images\2010 11 12 007_1.jpg
[23:28:21] - [25] MIRKO.POZEN: Fichier Upload: D:\kerberos.htx\bacup val\val images\2010 11 12 007_1.jpg (32,66 K/S -   33 445 bytes)
[23:28:21] - [25] MIRKO.POZEN: Début d'Upload de D:\kerberos.htx\bacup val\val images\2010 11 12 008_1.jpg
[23:28:22] - [26] MIRKO.POZEN: Fichier Upload: D:\kerberos.htx\bacup val\val images\2010 11 12 006.jpg (638,69 K/S -  1 308 035 bytes)
[23:28:22] - [26] MIRKO.POZEN: Début d'Upload de D:\kerberos.htx\bacup val\val images\2010 11 12 mms3_1.jpg
[23:28:22] - [26] MIRKO.POZEN: Fichier Upload: D:\kerberos.htx\bacup val\val images\2010 11 12 mms3_1.jpg (100,75 K/S -   103 171 bytes)
[23:28:22] - [26] MIRKO.POZEN: Début d'Upload de D:\kerberos.htx\bacup val\val images\2010 11 12 mms4_1.jpg
[23:28:23] - [26] MIRKO.POZEN: Fichier Upload: D:\kerberos.htx\bacup val\val images\2010 11 12 mms4_1.jpg (93,27 K/S -   95 509 bytes)
[23:28:23] - [25] MIRKO.POZEN: Fichier Upload: D:\kerberos.htx\bacup val\val images\2010 11 12 008_1.jpg (833,07 K/S -   853 063 bytes)
[23:28:23] - [26] MIRKO.POZEN: Début d'Upload de D:\kerberos.htx\bacup val\val images\2010 11 12 mms_1.jpg
[23:28:23] - [25] MIRKO.POZEN: Début d'Upload de D:\kerberos.htx\bacup val\val images\2010 11 13 001.jpg
[23:28:23] - [26] MIRKO.POZEN: Fichier Upload: D:\kerberos.htx\bacup val\val images\2010 11 12 mms_1.jpg (34,21 K/S -   35 029 bytes)
[23:28:23] - [25] MIRKO.POZEN: Fichier Upload: D:\kerberos.htx\bacup val\val images\2010 11 13 001.jpg (115,37 K/S -   118 138 bytes)
[23:28:23] - [26] MIRKO.POZEN: Début d'Upload de D:\kerberos.htx\bacup val\val images\2010 11 13 001_1.jpg
[23:28:23] - [25] MIRKO.POZEN: Début d'Upload de D:\kerberos.htx\bacup val\val images\2011 12 28 Règlage Webcam 001_1.jpg
[23:28:23] - [25] MIRKO.POZEN: Fichier Upload: D:\kerberos.htx\bacup val\val images\2011 12 28 Règlage Webcam 001_1.jpg (65,51 K/S -   67 085 bytes)
[23:28:23] - [26] MIRKO.POZEN: Fichier Upload: D:\kerberos.htx\bacup val\val images\2010 11 13 001_1.jpg (115,37 K/S -   118 138 bytes)
[23:28:23] - [25] MIRKO.POZEN: Début d'Upload de D:\kerberos.htx\bacup val\val images\2011 12 28 Règlage Webcam 002bis_1.jpg
[23:28:23] - [26] MIRKO.POZEN: Début d'Upload de D:\kerberos.htx\bacup val\val images\2011 12 28 VB 001.jpg
[23:28:24] - [25] MIRKO.POZEN: Fichier Upload: D:\kerberos.htx\bacup val\val images\2011 12 28 Règlage Webcam 002bis_1.jpg (32,18 K/S -   32 956 bytes)
[23:28:24] - [26] MIRKO.POZEN: Fichier Upload: D:\kerberos.htx\bacup val\val images\2011 12 28 VB 001.jpg (104,69 K/S -   107 206 bytes)
[23:28:24] - [25] MIRKO.POZEN: Début d'Upload de D:\kerberos.htx\bacup val\val images\2011 12 28 VB 001_1.jpg
[23:28:24] - [26] MIRKO.POZEN: Début d'Upload de D:\kerberos.htx\bacup val\val images\2012 06 002_1.jpg
[23:28:24] - [25] MIRKO.POZEN: Fichier Upload: D:\kerberos.htx\bacup val\val images\2011 12 28 VB 001_1.jpg (104,69 K/S -   107 206 bytes)
[23:28:24] - [26] MIRKO.POZEN: Fichier Upload: D:\kerberos.htx\bacup val\val images\2012 06 002_1.jpg (127,57 K/S -   130 627 bytes)
[23:28:24] - [25] MIRKO.POZEN: Début d'Upload de D:\kerberos.htx\bacup val\val images\2012 06 003.jpg
[23:28:24] - [26] MIRKO.POZEN: Début d'Upload de D:\kerberos.htx\bacup val\val images\2012 06 09 001.jpg
[23:28:25] - [25] MIRKO.POZEN: Fichier Upload: D:\kerberos.htx\bacup val\val images\2012 06 003.jpg (92,43 K/S -   94 646 bytes)
[23:28:25] - [25] MIRKO.POZEN: Début d'Upload de D:\kerberos.htx\bacup val\val images\2012 06 09_1.jpg
[23:28:25] - [26] MIRKO.POZEN: Fichier Upload: D:\kerberos.htx\bacup val\val images\2012 06 09 001.jpg (189,42 K/S -   193 966 bytes)
[23:28:25] - [26] MIRKO.POZEN: Début d'Upload de D:\kerberos.htx\bacup val\val images\2012 09 10 002bis_1.jpg
[23:28:25] - [26] MIRKO.POZEN: Fichier Upload: D:\kerberos.htx\bacup val\val images\2012 09 10 002bis_1.jpg (94,92 K/S -   97 202 bytes)
[23:28:25] - [25] MIRKO.POZEN: Fichier Upload: D:\kerberos.htx\bacup val\val images\2012 06 09_1.jpg (292,81 K/S -   299 834 bytes)
[23:28:25] - [26] MIRKO.POZEN: Début d'Upload de D:\kerberos.htx\bacup val\val images\2012 09 10 002ter_1.jpg
[23:28:25] - [25] MIRKO.POZEN: Début d'Upload de D:\kerberos.htx\bacup val\val images\2012 09 10 002_1.jpg
[23:28:26] - [26] MIRKO.POZEN: Fichier Upload: D:\kerberos.htx\bacup val\val images\2012 09 10 002ter_1.jpg (61,30 K/S -   62 776 bytes)
[23:28:26] - [25] MIRKO.POZEN: Fichier Upload: D:\kerberos.htx\bacup val\val images\2012 09 10 002_1.jpg (53,78 K/S -   55 071 bytes)
[23:28:26] - [26] MIRKO.POZEN: Début d'Upload de D:\kerberos.htx\bacup val\val images\2012 09 10 003FBbis_1.jpg
[23:28:26] - [25] MIRKO.POZEN: Début d'Upload de D:\kerberos.htx\bacup val\val images\2012 09 10_1.jpg
[23:28:26] - [26] MIRKO.POZEN: Fichier Upload: D:\kerberos.htx\bacup val\val images\2012 09 10 003FBbis_1.jpg (33,26 K/S -   34 063 bytes)
[23:28:26] - [25] MIRKO.POZEN: Fichier Upload: D:\kerberos.htx\bacup val\val images\2012 09 10_1.jpg (56,15 K/S -   57 494 bytes)
[23:28:26] - [26] MIRKO.POZEN: Début d'Upload de D:\kerberos.htx\bacup val\val images\295369_4792583285209_1182596742_n.jpg
[23:28:26] - [25] MIRKO.POZEN: Début d'Upload de D:\kerberos.htx\bacup val\val images\317495_10200307652066659_632422248_n.jpg
[23:28:26] - [26] MIRKO.POZEN: Fichier Upload: D:\kerberos.htx\bacup val\val images\295369_4792583285209_1182596742_n.jpg (32,10 K/S -   32 872 bytes)
[23:28:26] - [25] MIRKO.POZEN: Fichier Upload: D:\kerberos.htx\bacup val\val images\317495_10200307652066659_632422248_n.jpg (18,42 K/S -   18 859 bytes)
[23:28:26] - [26] MIRKO.POZEN: Début d'Upload de D:\kerberos.htx\bacup val\val images\405561_2650569976215_1014691639_32831021_1408864800_n_1.jpg
[23:28:26] - [25] MIRKO.POZEN: Début d'Upload de D:\kerberos.htx\bacup val\val images\426771_10200492031836038_74650669_n.jpg
[23:28:26] - [26] MIRKO.POZEN: Fichier Upload: D:\kerberos.htx\bacup val\val images\405561_2650569976215_1014691639_32831021_1408864800_n_1.jpg (17,02 K/S -   17 426 bytes)
[23:28:27] - [25] MIRKO.POZEN: Fichier Upload: D:\kerberos.htx\bacup val\val images\426771_10200492031836038_74650669_n.jpg (19,11 K/S -   19 569 bytes)
[23:28:27] - [26] MIRKO.POZEN: Début d'Upload de D:\kerberos.htx\bacup val\val images\541379_10200307652786677_1726698920_n.jpg
[23:28:27] - [25] MIRKO.POZEN: Début d'Upload de D:\kerberos.htx\bacup val\val images\69734_1633995922499_1014691639_31762325_4045862_n_1.jpg
[23:28:27] - [26] MIRKO.POZEN: Fichier Upload: D:\kerberos.htx\bacup val\val images\541379_10200307652786677_1726698920_n.jpg (18,83 K/S -   19 283 bytes)
[23:28:27] - [25] MIRKO.POZEN: Fichier Upload: D:\kerberos.htx\bacup val\val images\69734_1633995922499_1014691639_31762325_4045862_n_1.jpg (21,56 K/S -   22 081 bytes)
[23:28:27] - [26] MIRKO.POZEN: Début d'Upload de D:\kerberos.htx\bacup val\val images\babou et le chat.jpg
[23:28:27] - [25] MIRKO.POZEN: Début d'Upload de D:\kerberos.htx\bacup val\val images\DSC04121_1.JPG
[23:28:28] - [25] MIRKO.POZEN: Fichier Upload: D:\kerberos.htx\bacup val\val images\DSC04121_1.JPG (769,99 K/S -   788 474 bytes)
[23:28:29] - [25] MIRKO.POZEN: Début d'Upload de D:\kerberos.htx\bacup val\val images\DSC04122.JPG
[23:28:30] - [26] MIRKO.POZEN: Fichier Upload: D:\kerberos.htx\bacup val\val images\babou et le chat.jpg (541,65 K/S -  1 663 952 bytes)
[23:28:30] - [26] MIRKO.POZEN: Début d'Upload de D:\kerberos.htx\bacup val\val images\DSC04122_1.JPG
[23:28:30] - [25] MIRKO.POZEN: Fichier Upload: D:\kerberos.htx\bacup val\val images\DSC04122.JPG (400,96 K/S -   821 168 bytes)
[23:28:30] - [25] MIRKO.POZEN: Début d'Upload de D:\kerberos.htx\bacup val\val images\DSC04123.JPG
[23:28:31] - [26] MIRKO.POZEN: Fichier Upload: D:\kerberos.htx\bacup val\val images\DSC04122_1.JPG (801,92 K/S -   821 168 bytes)
[23:28:31] - [26] MIRKO.POZEN: Début d'Upload de D:\kerberos.htx\bacup val\val images\DSC04123_1.JPG
[23:28:32] - [25] MIRKO.POZEN: Fichier Upload: D:\kerberos.htx\bacup val\val images\DSC04123.JPG (734,36 K/S -   751 983 bytes)
[23:28:32] - [25] MIRKO.POZEN: Début d'Upload de D:\kerberos.htx\bacup val\val images\DSC04124.JPG
[23:28:32] - [26] MIRKO.POZEN: Fichier Upload: D:\kerberos.htx\bacup val\val images\DSC04123_1.JPG (734,36 K/S -   751 983 bytes)
[23:28:33] - [26] MIRKO.POZEN: Début d'Upload de D:\kerberos.htx\bacup val\val images\DSC04125.JPG
[23:28:33] - [25] MIRKO.POZEN: Fichier Upload: D:\kerberos.htx\bacup val\val images\DSC04124.JPG (791,93 K/S -   810 940 bytes)
[23:28:33] - [25] MIRKO.POZEN: Début d'Upload de D:\kerberos.htx\bacup val\val images\DSC04126.JPG
[23:28:34] - [26] MIRKO.POZEN: Fichier Upload: D:\kerberos.htx\bacup val\val images\DSC04125.JPG (386,53 K/S -   791 604 bytes)
[23:28:34] - [26] MIRKO.POZEN: Début d'Upload de D:\kerberos.htx\bacup val\val images\DSC04127.JPG
[23:28:35] - [25] MIRKO.POZEN: Fichier Upload: D:\kerberos.htx\bacup val\val images\DSC04126.JPG (759,59 K/S -   777 825 bytes)
[23:28:35] - [25] MIRKO.POZEN: Début d'Upload de D:\kerberos.htx\bacup val\val images\DSC04128.JPG
[23:28:35] - [26] MIRKO.POZEN: Fichier Upload: D:\kerberos.htx\bacup val\val images\DSC04127.JPG (749,54 K/S -   767 524 bytes)
[23:28:35] - [26] MIRKO.POZEN: Début d'Upload de D:\kerberos.htx\bacup val\val images\DSC04131.JPG
[23:28:36] - [25] MIRKO.POZEN: Fichier Upload: D:\kerberos.htx\bacup val\val images\DSC04128.JPG (704,32 K/S -   721 223 bytes)
[23:28:36] - [25] MIRKO.POZEN: Début d'Upload de D:\kerberos.htx\bacup val\val images\DSC04132.JPG
[23:28:37] - [26] MIRKO.POZEN: Fichier Upload: D:\kerberos.htx\bacup val\val images\DSC04131.JPG (837,76 K/S -   857 862 bytes)
[23:28:37] - [26] MIRKO.POZEN: Début d'Upload de D:\kerberos.htx\bacup val\val images\DSC04133.JPG
[23:28:37] - [25] MIRKO.POZEN: Fichier Upload: D:\kerberos.htx\bacup val\val images\DSC04132.JPG (733,83 K/S -   751 440 bytes)
[23:28:38] - [25] MIRKO.POZEN: Début d'Upload de D:\kerberos.htx\bacup val\val images\DSC04134.JPG
[23:28:38] - [26] MIRKO.POZEN: Fichier Upload: D:\kerberos.htx\bacup val\val images\DSC04133.JPG (797,74 K/S -   816 884 bytes)
[23:28:39] - [26] MIRKO.POZEN: Début d'Upload de D:\kerberos.htx\bacup val\val images\DSC04135.JPG
[23:28:39] - [25] MIRKO.POZEN: Fichier Upload: D:\kerberos.htx\bacup val\val images\DSC04134.JPG (415,53 K/S -   851 009 bytes)
[23:28:39] - [25] MIRKO.POZEN: Début d'Upload de D:\kerberos.htx\bacup val\val images\DSC04136.JPG
[23:28:40] - [26] MIRKO.POZEN: Fichier Upload: D:\kerberos.htx\bacup val\val images\DSC04135.JPG (401,20 K/S -   821 658 bytes)
[23:28:40] - [26] MIRKO.POZEN: Début d'Upload de D:\kerberos.htx\bacup val\val images\DSC04137.JPG
[23:28:41] - [25] MIRKO.POZEN: Fichier Upload: D:\kerberos.htx\bacup val\val images\DSC04136.JPG (732,82 K/S -   750 410 bytes)
[23:28:41] - [25] MIRKO.POZEN: Début d'Upload de D:\kerberos.htx\bacup val\val images\DSC04138.JPG
[23:28:42] - [26] MIRKO.POZEN: Fichier Upload: D:\kerberos.htx\bacup val\val images\DSC04137.JPG (750,67 K/S -   768 681 bytes)
[23:28:42] - [26] MIRKO.POZEN: Début d'Upload de D:\kerberos.htx\bacup val\val images\DSC04138_1.JPG
[23:28:42] - [25] MIRKO.POZEN: Fichier Upload: D:\kerberos.htx\bacup val\val images\DSC04138.JPG (400,99 K/S -   821 221 bytes)
[23:28:42] - [25] MIRKO.POZEN: Début d'Upload de D:\kerberos.htx\bacup val\val images\DSC04139.JPG
[23:28:43] - [26] MIRKO.POZEN: Fichier Upload: D:\kerberos.htx\bacup val\val images\DSC04138_1.JPG (801,97 K/S -   821 221 bytes)
[23:28:43] - [26] MIRKO.POZEN: Début d'Upload de D:\kerberos.htx\bacup val\val images\DSC04139_1.JPG
[23:28:44] - [25] MIRKO.POZEN: Fichier Upload: D:\kerberos.htx\bacup val\val images\DSC04139.JPG (834,24 K/S -   854 259 bytes)
[23:28:44] - [25] MIRKO.POZEN: Début d'Upload de D:\kerberos.htx\bacup val\val images\DSC04140.JPG
[23:28:44] - [26] MIRKO.POZEN: Fichier Upload: D:\kerberos.htx\bacup val\val images\DSC04139_1.JPG (834,24 K/S -   854 259 bytes)
[23:28:45] - [26] MIRKO.POZEN: Début d'Upload de D:\kerberos.htx\bacup val\val images\DSC04140_1.JPG
[23:28:45] - [25] MIRKO.POZEN: Fichier Upload: D:\kerberos.htx\bacup val\val images\DSC04140.JPG (821,17 K/S -   840 875 bytes)
[23:28:46] - [25] MIRKO.POZEN: Début d'Upload de D:\kerberos.htx\bacup val\val images\DSC04142.JPG
[23:28:46] - [26] MIRKO.POZEN: Fichier Upload: D:\kerberos.htx\bacup val\val images\DSC04140_1.JPG (410,58 K/S -   840 875 bytes)
[23:28:46] - [26] MIRKO.POZEN: Début d'Upload de D:\kerberos.htx\bacup val\val images\DSC04142_1.JPG
[23:28:47] - [25] MIRKO.POZEN: Fichier Upload: D:\kerberos.htx\bacup val\val images\DSC04142.JPG (819,97 K/S -   839 647 bytes)
[23:28:47] - [25] MIRKO.POZEN: Début d'Upload de D:\kerberos.htx\bacup val\val images\DSC04143.JPG
[23:28:48] - [26] MIRKO.POZEN: Fichier Upload: D:\kerberos.htx\bacup val\val images\DSC04142_1.JPG (819,97 K/S -   839 647 bytes)
[23:28:48] - [26] MIRKO.POZEN: Début d'Upload de D:\kerberos.htx\bacup val\val images\DSC04143_1.JPG
[23:28:48] - [25] MIRKO.POZEN: Fichier Upload: D:\kerberos.htx\bacup val\val images\DSC04143.JPG (822,29 K/S -   842 024 bytes)
[23:28:48] - [25] MIRKO.POZEN: Début d'Upload de D:\kerberos.htx\bacup val\val images\DSC04144.JPG
[23:28:49] - [26] MIRKO.POZEN: Fichier Upload: D:\kerberos.htx\bacup val\val images\DSC04143_1.JPG (822,29 K/S -   842 024 bytes)
[23:28:49] - [26] MIRKO.POZEN: Début d'Upload de D:\kerberos.htx\bacup val\val images\DSC04144_1.JPG
[23:28:50] - [25] MIRKO.POZEN: Fichier Upload: D:\kerberos.htx\bacup val\val images\DSC04144.JPG (419,54 K/S -   859 218 bytes)
[23:28:50] - [25] MIRKO.POZEN: Début d'Upload de D:\kerberos.htx\bacup val\val images\DSC04145.JPG
[23:28:51] - [26] MIRKO.POZEN: Fichier Upload: D:\kerberos.htx\bacup val\val images\DSC04144_1.JPG (839,08 K/S -   859 218 bytes)
[23:28:51] - [26] MIRKO.POZEN: Début d'Upload de D:\kerberos.htx\bacup val\val images\DSC04145_1.JPG
[23:28:51] - [25] MIRKO.POZEN: Fichier Upload: D:\kerberos.htx\bacup val\val images\DSC04145.JPG (815,48 K/S -   835 056 bytes)
[23:28:51] - [25] MIRKO.POZEN: Début d'Upload de D:\kerberos.htx\bacup val\val images\DSC04146.JPG
[23:28:52] - [26] MIRKO.POZEN: Fichier Upload: D:\kerberos.htx\bacup val\val images\DSC04145_1.JPG (407,74 K/S -   835 056 bytes)
[23:28:53] - [25] MIRKO.POZEN: Fichier Upload: D:\kerberos.htx\bacup val\val images\DSC04146.JPG (805,37 K/S -   824 703 bytes)
[23:28:53] - [26] MIRKO.POZEN: Début d'Upload de D:\kerberos.htx\bacup val\val images\DSC04146_1.JPG
[23:28:53] - [25] MIRKO.POZEN: Début d'Upload de D:\kerberos.htx\bacup val\val images\DSC04153.JPG
[23:28:54] - [25] MIRKO.POZEN: Fichier Upload: D:\kerberos.htx\bacup val\val images\DSC04153.JPG (366,19 K/S -   749 960 bytes)
[23:28:54] - [26] MIRKO.POZEN: Fichier Upload: D:\kerberos.htx\bacup val\val images\DSC04146_1.JPG (402,69 K/S -   824 703 bytes)
[23:28:54] - [25] MIRKO.POZEN: Début d'Upload de D:\kerberos.htx\bacup val\val images\DSC04153_1.JPG
[23:28:54] - [26] MIRKO.POZEN: Début d'Upload de D:\kerberos.htx\bacup val\val images\DSC04154.JPG
[23:28:55] - [0] Connexion Time-Out Pour:  MIRKO.POZEN
[23:28:55] - [0] Connexion Time-Out Pour:  MIRKO.POZEN 
[23:28:55] - [0] Connexion Time-Out Pour:  MIRKO.POZEN 
[23:28:55] - [0] Connexion Time-Out Pour:  MIRKO.POZEN 
[23:28:55] - [0] Connexion Time-Out Pour:  MIRKO.POZEN 
[23:28:55] - [0] Connexion Time-Out Pour:  MIRKO.POZEN 
[23:28:55] - [1] Client 192.168.0.42 Déconnecté (03:35:29 Min)
[23:28:56] - [25] MIRKO.POZEN: Fichier Upload: D:\kerberos.htx\bacup val\val images\DSC04153_1.JPG (732,38 K/S -   749 960 bytes)
[23:28:56] - [26] MIRKO.POZEN: Fichier Upload: D:\kerberos.htx\bacup val\val images\DSC04154.JPG (798,96 K/S -   818 139 bytes)
[23:28:56] - [25] MIRKO.POZEN: Début d'Upload de D:\kerberos.htx\bacup val\val images\DSC04154_1.JPG
[23:28:56] - [26] MIRKO.POZEN: Début d'Upload de D:\kerberos.htx\bacup val\val images\DSC04155.JPG
[23:28:57] - [25] MIRKO.POZEN: Fichier Upload: D:\kerberos.htx\bacup val\val images\DSC04154_1.JPG (399,48 K/S -   818 139 bytes)
[23:28:57] - [25] MIRKO.POZEN: Début d'Upload de D:\kerberos.htx\bacup val\val images\DSC04155_1.JPG
[23:28:57] - [26] MIRKO.POZEN: Fichier Upload: D:\kerberos.htx\bacup val\val images\DSC04155.JPG (814,30 K/S -   833 844 bytes)
[23:28:57] - [26] MIRKO.POZEN: Début d'Upload de D:\kerberos.htx\bacup val\val images\DSC04156.JPG
[23:28:58] - [25] MIRKO.POZEN: Fichier Upload: D:\kerberos.htx\bacup val\val images\DSC04155_1.JPG (814,30 K/S -   833 844 bytes)
[23:28:58] - [25] MIRKO.POZEN: Début d'Upload de D:\kerberos.htx\bacup val\val images\DSC04156_1.JPG
[23:28:59] - [26] MIRKO.POZEN: Fichier Upload: D:\kerberos.htx\bacup val\val images\DSC04156.JPG (384,23 K/S -   786 906 bytes)
[23:28:59] - [26] MIRKO.POZEN: Début d'Upload de D:\kerberos.htx\bacup val\val images\DSC04157_1.JPG
[23:29:00] - [25] MIRKO.POZEN: Fichier Upload: D:\kerberos.htx\bacup val\val images\DSC04156_1.JPG (768,46 K/S -   786 906 bytes)
[23:29:00] - [25] MIRKO.POZEN: Début d'Upload de D:\kerberos.htx\bacup val\val images\DSC04158.JPG
[23:29:00] - [26] MIRKO.POZEN: Fichier Upload: D:\kerberos.htx\bacup val\val images\DSC04157_1.JPG (782,16 K/S -   800 927 bytes)
[23:29:01] - [26] MIRKO.POZEN: Début d'Upload de D:\kerberos.htx\bacup val\val images\DSC04158_1.JPG
[23:29:01] - [25] MIRKO.POZEN: Fichier Upload: D:\kerberos.htx\bacup val\val images\DSC04158.JPG (738,17 K/S -   755 891 bytes)
[23:29:01] - [25] MIRKO.POZEN: Début d'Upload de D:\kerberos.htx\bacup val\val images\DSC04167_1.JPG
[23:29:02] - [26] MIRKO.POZEN: Fichier Upload: D:\kerberos.htx\bacup val\val images\DSC04158_1.JPG (369,09 K/S -   755 891 bytes)
[23:29:02] - [26] MIRKO.POZEN: Début d'Upload de D:\kerberos.htx\bacup val\val images\DSC04168.JPG
[23:29:03] - [25] MIRKO.POZEN: Fichier Upload: D:\kerberos.htx\bacup val\val images\DSC04167_1.JPG (773,27 K/S -   791 825 bytes)
[23:29:03] - [25] MIRKO.POZEN: Début d'Upload de D:\kerberos.htx\bacup val\val images\DSC04168_1.JPG
[23:29:03] - [26] MIRKO.POZEN: Fichier Upload: D:\kerberos.htx\bacup val\val images\DSC04168.JPG (811,56 K/S -   831 037 bytes)
[23:29:03] - [26] MIRKO.POZEN: Début d'Upload de D:\kerberos.htx\bacup val\val images\DSC04169.JPG
[23:29:04] - [25] MIRKO.POZEN: Fichier Upload: D:\kerberos.htx\bacup val\val images\DSC04168_1.JPG (405,78 K/S -   831 037 bytes)
[23:29:04] - [25] MIRKO.POZEN: Début d'Upload de D:\kerberos.htx\bacup val\val images\DSC04169_1.JPG
[23:29:05] - [26] MIRKO.POZEN: Fichier Upload: D:\kerberos.htx\bacup val\val images\DSC04169.JPG (407,34 K/S -   834 224 bytes)
[23:29:05] - [26] MIRKO.POZEN: Début d'Upload de D:\kerberos.htx\bacup val\val images\DSC04170_1.JPG
[23:29:06] - [25] MIRKO.POZEN: Fichier Upload: D:\kerberos.htx\bacup val\val images\DSC04169_1.JPG (407,34 K/S -   834 224 bytes)
[23:29:06] - [25] MIRKO.POZEN: Début d'Upload de D:\kerberos.htx\bacup val\val images\DSC04171.JPG
[23:29:06] - [26] MIRKO.POZEN: Fichier Upload: D:\kerberos.htx\bacup val\val images\DSC04170_1.JPG (811,76 K/S -   831 240 bytes)
[23:29:07] - [26] MIRKO.POZEN: Début d'Upload de D:\kerberos.htx\bacup val\val images\DSC04171_1.JPG
[23:29:07] - [25] MIRKO.POZEN: Fichier Upload: D:\kerberos.htx\bacup val\val images\DSC04171.JPG (817,60 K/S -   837 224 bytes)
[23:29:07] - [25] MIRKO.POZEN: Début d'Upload de D:\kerberos.htx\bacup val\val images\DSC04172_1.JPG
[23:29:08] - [26] MIRKO.POZEN: Fichier Upload: D:\kerberos.htx\bacup val\val images\DSC04171_1.JPG (408,80 K/S -   837 224 bytes)
[23:29:08] - [26] MIRKO.POZEN: Début d'Upload de D:\kerberos.htx\bacup val\val images\DSC04173_1.JPG
[23:29:09] - [25] MIRKO.POZEN: Fichier Upload: D:\kerberos.htx\bacup val\val images\DSC04172_1.JPG (836,56 K/S -   856 638 bytes)
[23:29:09] - [25] MIRKO.POZEN: Début d'Upload de D:\kerberos.htx\bacup val\val images\DSC04175_1.JPG
[23:29:09] - [26] MIRKO.POZEN: Fichier Upload: D:\kerberos.htx\bacup val\val images\DSC04173_1.JPG (836,29 K/S -   856 359 bytes)
[23:29:10] - [26] MIRKO.POZEN: Début d'Upload de D:\kerberos.htx\bacup val\val images\DSC04208_1.JPG
[23:29:10] - [25] MIRKO.POZEN: Fichier Upload: D:\kerberos.htx\bacup val\val images\DSC04175_1.JPG (807,77 K/S -   827 155 bytes)
[23:29:11] - [25] MIRKO.POZEN: Début d'Upload de D:\kerberos.htx\bacup val\val images\DSC04209.JPG
[23:29:11] - [26] MIRKO.POZEN: Fichier Upload: D:\kerberos.htx\bacup val\val images\DSC04208_1.JPG (382,56 K/S -   783 487 bytes)
[23:29:11] - [26] MIRKO.POZEN: Début d'Upload de D:\kerberos.htx\bacup val\val images\DSC04209_1.JPG
[23:29:12] - [25] MIRKO.POZEN: Fichier Upload: D:\kerberos.htx\bacup val\val images\DSC04209.JPG (796,21 K/S -   815 314 bytes)
[23:29:12] - [25] MIRKO.POZEN: Début d'Upload de D:\kerberos.htx\bacup val\val images\DSC04210.JPG
[23:29:12] - [26] MIRKO.POZEN: Fichier Upload: D:\kerberos.htx\bacup val\val images\DSC04209_1.JPG (796,21 K/S -   815 314 bytes)
[23:29:12] - [26] MIRKO.POZEN: Début d'Upload de D:\kerberos.htx\bacup val\val images\DSC04210_1.JPG
[23:29:13] - [25] MIRKO.POZEN: Fichier Upload: D:\kerberos.htx\bacup val\val images\DSC04210.JPG (831,13 K/S -   851 075 bytes)
[23:29:14] - [25] MIRKO.POZEN: Début d'Upload de D:\kerberos.htx\bacup val\val images\DSC04211_1.JPG
[23:29:14] - [26] MIRKO.POZEN: Fichier Upload: D:\kerberos.htx\bacup val\val images\DSC04210_1.JPG (415,56 K/S -   851 075 bytes)
[23:29:14] - [26] MIRKO.POZEN: Début d'Upload de D:\kerberos.htx\bacup val\val images\DSC04897.JPG
[23:29:15] - [25] MIRKO.POZEN: Fichier Upload: D:\kerberos.htx\bacup val\val images\DSC04211_1.JPG (401,93 K/S -   823 145 bytes)
[23:29:15] - [25] MIRKO.POZEN: Début d'Upload de D:\kerberos.htx\bacup val\val images\DSC04900_1.JPG
[23:29:17] - [26] MIRKO.POZEN: Fichier Upload: D:\kerberos.htx\bacup val\val images\DSC04897.JPG (675,35 K/S -  1 383 114 bytes)
[23:29:17] - [26] MIRKO.POZEN: Début d'Upload de D:\kerberos.htx\bacup val\val images\DSC04902.JPG
[23:29:17] - [25] MIRKO.POZEN: Fichier Upload: D:\kerberos.htx\bacup val\val images\DSC04900_1.JPG (630,67 K/S -  1 291 606 bytes)
[23:29:17] - [25] MIRKO.POZEN: Début d'Upload de D:\kerberos.htx\bacup val\val images\DSC04903.JPG
[23:29:19] - [26] MIRKO.POZEN: Fichier Upload: D:\kerberos.htx\bacup val\val images\DSC04902.JPG (1 292,70 K/S -  1 323 774 bytes)
[23:29:19] - [26] MIRKO.POZEN: Début d'Upload de D:\kerberos.htx\bacup val\val images\DSC04903_1.JPG
[23:29:20] - [25] MIRKO.POZEN: Fichier Upload: D:\kerberos.htx\bacup val\val images\DSC04903.JPG (442,89 K/S -  1 360 561 bytes)
[23:29:20] - [25] MIRKO.POZEN: Début d'Upload de D:\kerberos.htx\bacup val\val images\DSC04905_1.JPG
[23:29:21] - [26] MIRKO.POZEN: Fichier Upload: D:\kerberos.htx\bacup val\val images\DSC04903_1.JPG (664,34 K/S -  1 360 561 bytes)
[23:29:21] - [26] MIRKO.POZEN: Début d'Upload de D:\kerberos.htx\bacup val\val images\DSC04985.JPG
[23:29:23] - [25] MIRKO.POZEN: Fichier Upload: D:\kerberos.htx\bacup val\val images\DSC04905_1.JPG (485,43 K/S -  1 491 234 bytes)
[23:29:23] - [25] MIRKO.POZEN: Début d'Upload de D:\kerberos.htx\bacup val\val images\DSC04996.JPG
[23:29:23] - [26] MIRKO.POZEN: Fichier Upload: D:\kerberos.htx\bacup val\val images\DSC04985.JPG (705,90 K/S -  1 445 691 bytes)
[23:29:23] - [26] MIRKO.POZEN: Début d'Upload de D:\kerberos.htx\bacup val\val images\DSC04998.JPG
[23:29:25] - [26] MIRKO.POZEN: Fichier Upload: D:\kerberos.htx\bacup val\val images\DSC04998.JPG (668,10 K/S -  1 368 265 bytes)
[23:29:25] - [26] MIRKO.POZEN: Début d'Upload de D:\kerberos.htx\bacup val\val images\DSC05000.JPG
[23:29:26] - [25] MIRKO.POZEN: Fichier Upload: D:\kerberos.htx\bacup val\val images\DSC04996.JPG (490,12 K/S -  1 505 648 bytes)
[23:29:26] - [25] MIRKO.POZEN: Début d'Upload de D:\kerberos.htx\bacup val\val images\DSC05003.JPG
[23:29:28] - [26] MIRKO.POZEN: Fichier Upload: D:\kerberos.htx\bacup val\val images\DSC05000.JPG (471,64 K/S -  1 448 885 bytes)
[23:29:28] - [26] MIRKO.POZEN: Début d'Upload de D:\kerberos.htx\bacup val\val images\DSC05003_1.JPG
[23:29:28] - [25] MIRKO.POZEN: Fichier Upload: D:\kerberos.htx\bacup val\val images\DSC05003.JPG (658,26 K/S -  1 348 111 bytes)
[23:29:29] - [25] MIRKO.POZEN: Début d'Upload de D:\kerberos.htx\bacup val\val images\DSC05004.JPG
[23:29:30] - [26] MIRKO.POZEN: Fichier Upload: D:\kerberos.htx\bacup val\val images\DSC05003_1.JPG (658,26 K/S -  1 348 111 bytes)
[23:29:30] - [26] MIRKO.POZEN: Début d'Upload de D:\kerberos.htx\bacup val\val images\DSC05005.JPG
[23:29:31] - [25] MIRKO.POZEN: Fichier Upload: D:\kerberos.htx\bacup val\val images\DSC05004.JPG (459,68 K/S -  1 412 123 bytes)
[23:29:31] - [25] MIRKO.POZEN: Début d'Upload de D:\kerberos.htx\bacup val\val images\DSC05006.JPG
[23:29:32] - [26] MIRKO.POZEN: Fichier Upload: D:\kerberos.htx\bacup val\val images\DSC05005.JPG (697,52 K/S -  1 428 523 bytes)
[23:29:32] - [26] MIRKO.POZEN: Début d'Upload de D:\kerberos.htx\bacup val\val images\DSC05007.JPG
[23:29:34] - [25] MIRKO.POZEN: Fichier Upload: D:\kerberos.htx\bacup val\val images\DSC05006.JPG (634,83 K/S -  1 300 140 bytes)
[23:29:34] - [25] MIRKO.POZEN: Début d'Upload de D:\kerberos.htx\bacup val\val images\DSC05008.JPG
[23:29:34] - [26] MIRKO.POZEN: Fichier Upload: D:\kerberos.htx\bacup val\val images\DSC05007.JPG (676,54 K/S -  1 385 552 bytes)
[23:29:34] - [26] MIRKO.POZEN: Début d'Upload de D:\kerberos.htx\bacup val\val images\DSC05008_1.JPG
[23:29:36] - [25] MIRKO.POZEN: Fichier Upload: D:\kerberos.htx\bacup val\val images\DSC05008.JPG (494,06 K/S -  1 517 746 bytes)
[23:29:36] - [25] MIRKO.POZEN: Début d'Upload de D:\kerberos.htx\bacup val\val images\DSC05009.JPG
[23:29:37] - [26] MIRKO.POZEN: Fichier Upload: D:\kerberos.htx\bacup val\val images\DSC05008_1.JPG (494,06 K/S -  1 517 746 bytes)
[23:29:38] - [26] MIRKO.POZEN: Début d'Upload de D:\kerberos.htx\bacup val\val images\DSC05010.JPG
[23:29:38] - [25] MIRKO.POZEN: Fichier Upload: D:\kerberos.htx\bacup val\val images\DSC05009.JPG (686,36 K/S -  1 405 671 bytes)
[23:29:39] - [25] MIRKO.POZEN: Début d'Upload de D:\kerberos.htx\bacup val\val images\DSC05010_1.JPG
[23:29:40] - [26] MIRKO.POZEN: Fichier Upload: D:\kerberos.htx\bacup val\val images\DSC05010.JPG (688,41 K/S -  1 409 873 bytes)
[23:29:40] - [26] MIRKO.POZEN: Début d'Upload de D:\kerberos.htx\bacup val\val images\DSC05011.JPG
[23:29:41] - [25] MIRKO.POZEN: Fichier Upload: D:\kerberos.htx\bacup val\val images\DSC05010_1.JPG (458,94 K/S -  1 409 873 bytes)
[23:29:41] - [25] MIRKO.POZEN: Début d'Upload de D:\kerberos.htx\bacup val\val images\DSC05012.JPG
[23:29:42] - [26] MIRKO.POZEN: Fichier Upload: D:\kerberos.htx\bacup val\val images\DSC05011.JPG (472,86 K/S -  1 452 621 bytes)
[23:29:42] - [26] MIRKO.POZEN: Début d'Upload de D:\kerberos.htx\bacup val\val images\DSC05013.JPG
[23:29:43] - [25] MIRKO.POZEN: Fichier Upload: D:\kerberos.htx\bacup val\val images\DSC05012.JPG (711,72 K/S -  1 457 610 bytes)
[23:29:43] - [25] MIRKO.POZEN: Début d'Upload de D:\kerberos.htx\bacup val\val images\DSC05014.JPG
[23:29:45] - [26] MIRKO.POZEN: Fichier Upload: D:\kerberos.htx\bacup val\val images\DSC05013.JPG (458,56 K/S -  1 408 703 bytes)
[23:29:45] - [26] MIRKO.POZEN: Début d'Upload de D:\kerberos.htx\bacup val\val images\DSC05015.JPG
[23:29:46] - [25] MIRKO.POZEN: Fichier Upload: D:\kerberos.htx\bacup val\val images\DSC05014.JPG (647,99 K/S -  1 327 088 bytes)
[23:29:46] - [25] MIRKO.POZEN: Début d'Upload de D:\kerberos.htx\bacup val\val images\DSC05015_1.JPG
[23:29:47] - [26] MIRKO.POZEN: Fichier Upload: D:\kerberos.htx\bacup val\val images\DSC05015.JPG (716,53 K/S -  1 467 448 bytes)
[23:29:47] - [26] MIRKO.POZEN: Début d'Upload de D:\kerberos.htx\bacup val\val images\DSC05018.JPG
[23:29:48] - [25] MIRKO.POZEN: Fichier Upload: D:\kerberos.htx\bacup val\val images\DSC05015_1.JPG (477,68 K/S -  1 467 448 bytes)
[23:29:48] - [25] MIRKO.POZEN: Début d'Upload de D:\kerberos.htx\bacup val\val images\DSC05019.JPG
[23:29:50] - [26] MIRKO.POZEN: Fichier Upload: D:\kerberos.htx\bacup val\val images\DSC05018.JPG (721,68 K/S -  1 478 005 bytes)
[23:29:50] - [26] MIRKO.POZEN: Début d'Upload de D:\kerberos.htx\bacup val\val images\DSC05019_1.JPG
[23:29:51] - [25] MIRKO.POZEN: Fichier Upload: D:\kerberos.htx\bacup val\val images\DSC05019.JPG (725,21 K/S -  1 485 233 bytes)
[23:29:51] - [25] MIRKO.POZEN: Début d'Upload de D:\kerberos.htx\bacup val\val images\DSC05020.JPG
[23:29:52] - [26] MIRKO.POZEN: Fichier Upload: D:\kerberos.htx\bacup val\val images\DSC05019_1.JPG (725,21 K/S -  1 485 233 bytes)
[23:29:52] - [26] MIRKO.POZEN: Début d'Upload de D:\kerberos.htx\bacup val\val images\DSC05020_1.JPG
[23:29:53] - [25] MIRKO.POZEN: Fichier Upload: D:\kerberos.htx\bacup val\val images\DSC05020.JPG (386,93 K/S -  1 188 647 bytes)
[23:29:53] - [25] MIRKO.POZEN: Début d'Upload de D:\kerberos.htx\bacup val\val images\DSC05021.JPG
[23:29:54] - [26] MIRKO.POZEN: Fichier Upload: D:\kerberos.htx\bacup val\val images\DSC05020_1.JPG (580,39 K/S -  1 188 647 bytes)
[23:29:54] - [26] MIRKO.POZEN: Début d'Upload de D:\kerberos.htx\bacup val\val images\DSC05023.JPG
[23:29:55] - [25] MIRKO.POZEN: Fichier Upload: D:\kerberos.htx\bacup val\val images\DSC05021.JPG (743,65 K/S -  1 522 992 bytes)
[23:29:56] - [25] MIRKO.POZEN: Début d'Upload de D:\kerberos.htx\bacup val\val images\DSC05024.JPG
[23:29:57] - [26] MIRKO.POZEN: Fichier Upload: D:\kerberos.htx\bacup val\val images\DSC05023.JPG (705,50 K/S -  1 444 867 bytes)
[23:29:57] - [26] MIRKO.POZEN: Début d'Upload de D:\kerberos.htx\bacup val\val images\DSC05025.JPG
[23:29:58] - [25] MIRKO.POZEN: Fichier Upload: D:\kerberos.htx\bacup val\val images\DSC05024.JPG (686,46 K/S -  1 405 870 bytes)
[23:29:58] - [25] MIRKO.POZEN: Début d'Upload de D:\kerberos.htx\bacup val\val images\DSC05026.JPG
[23:29:59] - [26] MIRKO.POZEN: Fichier Upload: D:\kerberos.htx\bacup val\val images\DSC05025.JPG (734,34 K/S -  1 503 932 bytes)
[23:29:59] - [26] MIRKO.POZEN: Début d'Upload de D:\kerberos.htx\bacup val\val images\DSC05029.JPG
[23:30:00] - [25] MIRKO.POZEN: Fichier Upload: D:\kerberos.htx\bacup val\val images\DSC05026.JPG (481,51 K/S -  1 479 198 bytes)
[23:30:00] - [25] MIRKO.POZEN: Début d'Upload de D:\kerberos.htx\bacup val\val images\DSC05029_1.JPG
[23:30:02] - [26] MIRKO.POZEN: Fichier Upload: D:\kerberos.htx\bacup val\val images\DSC05029.JPG (490,14 K/S -  1 505 706 bytes)
[23:30:02] - [26] MIRKO.POZEN: Début d'Upload de D:\kerberos.htx\bacup val\val images\DSC05030.JPG
[23:30:03] - [25] MIRKO.POZEN: Fichier Upload: D:\kerberos.htx\bacup val\val images\DSC05029_1.JPG (735,21 K/S -  1 505 706 bytes)
[23:30:03] - [25] MIRKO.POZEN: Début d'Upload de D:\kerberos.htx\bacup val\val images\DSC05031.JPG
[23:30:05] - [26] MIRKO.POZEN: Fichier Upload: D:\kerberos.htx\bacup val\val images\DSC05030.JPG (486,38 K/S -  1 494 148 bytes)
[23:30:05] - [26] MIRKO.POZEN: Début d'Upload de D:\kerberos.htx\bacup val\val images\DSC05032.JPG
[23:30:05] - [25] MIRKO.POZEN: Fichier Upload: D:\kerberos.htx\bacup val\val images\DSC05031.JPG (699,06 K/S -  1 431 683 bytes)
[23:30:05] - [25] MIRKO.POZEN: Début d'Upload de D:\kerberos.htx\bacup val\val images\DSC05033.JPG
[23:30:07] - [26] MIRKO.POZEN: Fichier Upload: D:\kerberos.htx\bacup val\val images\DSC05032.JPG (697,69 K/S -  1 428 864 bytes)
[23:30:07] - [26] MIRKO.POZEN: Début d'Upload de D:\kerberos.htx\bacup val\val images\DSC05034.JPG
[23:30:08] - [25] MIRKO.POZEN: Fichier Upload: D:\kerberos.htx\bacup val\val images\DSC05033.JPG (429,76 K/S -  1 320 217 bytes)
[23:30:08] - [25] MIRKO.POZEN: Début d'Upload de D:\kerberos.htx\bacup val\val images\DSC05035.JPG
[23:30:09] - [26] MIRKO.POZEN: Fichier Upload: D:\kerberos.htx\bacup val\val images\DSC05034.JPG (669,22 K/S -  1 370 567 bytes)
[23:30:09] - [26] MIRKO.POZEN: Début d'Upload de D:\kerberos.htx\bacup val\val images\DSC05036.JPG
[23:30:10] - [25] MIRKO.POZEN: Fichier Upload: D:\kerberos.htx\bacup val\val images\DSC05035.JPG (694,73 K/S -  1 422 799 bytes)
[23:30:11] - [25] MIRKO.POZEN: Début d'Upload de D:\kerberos.htx\bacup val\val images\DSC05040.JPG
[23:30:12] - [26] MIRKO.POZEN: Fichier Upload: D:\kerberos.htx\bacup val\val images\DSC05036.JPG (682,49 K/S -  1 397 746 bytes)
[23:30:12] - [26] MIRKO.POZEN: Début d'Upload de D:\kerberos.htx\bacup val\val images\DSC05041.JPG
[23:30:13] - [25] MIRKO.POZEN: Fichier Upload: D:\kerberos.htx\bacup val\val images\DSC05040.JPG (706,85 K/S -  1 447 627 bytes)
[23:30:13] - [25] MIRKO.POZEN: Début d'Upload de D:\kerberos.htx\bacup val\val images\DSC05104_1.JPG
[23:30:14] - [26] MIRKO.POZEN: Fichier Upload: D:\kerberos.htx\bacup val\val images\DSC05041.JPG (710,70 K/S -  1 455 513 bytes)
[23:30:14] - [26] MIRKO.POZEN: Début d'Upload de D:\kerberos.htx\bacup val\val images\DSC05105.JPG
[23:30:15] - [25] MIRKO.POZEN: Fichier Upload: D:\kerberos.htx\bacup val\val images\DSC05104_1.JPG (704,65 K/S -  1 443 117 bytes)
[23:30:16] - [26] MIRKO.POZEN: Fichier Upload: D:\kerberos.htx\bacup val\val images\DSC05105.JPG (653,65 K/S -  1 338 669 bytes)
[23:30:19] - [25] MIRKO.POZEN: Début d'Upload de D:\kerberos.htx\bacup val\val images\DSC05106.JPG
[23:30:19] - [26] MIRKO.POZEN: Début d'Upload de D:\kerberos.htx\bacup val\val images\DSC05107_1.JPG
[23:30:21] - [26] MIRKO.POZEN: Fichier Upload: D:\kerberos.htx\bacup val\val images\DSC05107_1.JPG (658,26 K/S -  1 348 121 bytes)
[23:30:21] - [25] MIRKO.POZEN: Fichier Upload: D:\kerberos.htx\bacup val\val images\DSC05106.JPG (703,66 K/S -  1 441 099 bytes)
[23:30:21] - [26] MIRKO.POZEN: Début d'Upload de D:\kerberos.htx\bacup val\val images\DSC05137.JPG
[23:30:21] - [25] MIRKO.POZEN: Début d'Upload de D:\kerberos.htx\bacup val\val images\DSC05138.JPG
[23:30:23] - [26] MIRKO.POZEN: Fichier Upload: D:\kerberos.htx\bacup val\val images\DSC05137.JPG (693,91 K/S -  1 421 135 bytes)
[23:30:24] - [26] MIRKO.POZEN: Début d'Upload de D:\kerberos.htx\bacup val\val images\DSC05139_1.JPG
[23:30:24] - [25] MIRKO.POZEN: Fichier Upload: D:\kerberos.htx\bacup val\val images\DSC05138.JPG (652,28 K/S -  1 335 875 bytes)
[23:30:24] - [25] MIRKO.POZEN: Début d'Upload de D:\kerberos.htx\bacup val\val images\DSC05358.JPG
[23:30:26] - [25] MIRKO.POZEN: Fichier Upload: D:\kerberos.htx\bacup val\val images\DSC05358.JPG (569,23 K/S -  1 165 777 bytes)
[23:30:26] - [26] MIRKO.POZEN: Fichier Upload: D:\kerberos.htx\bacup val\val images\DSC05139_1.JPG (439,90 K/S -  1 351 371 bytes)
[23:30:26] - [25] MIRKO.POZEN: Début d'Upload de D:\kerberos.htx\bacup val\val images\FB Mail 003.jpg
[23:30:26] - [26] MIRKO.POZEN: Début d'Upload de D:\kerberos.htx\bacup val\val images\FB001.jpg
[23:30:26] - [25] MIRKO.POZEN: Fichier Upload: D:\kerberos.htx\bacup val\val images\FB Mail 003.jpg (29,38 K/S -   30 080 bytes)
[23:30:26] - [25] MIRKO.POZEN: Début d'Upload de D:\kerberos.htx\bacup val\val images\FB001a_1.jpg
[23:30:27] - [25] MIRKO.POZEN: Fichier Upload: D:\kerberos.htx\bacup val\val images\FB001a_1.jpg (56,82 K/S -   58 184 bytes)
[23:30:27] - [25] MIRKO.POZEN: Début d'Upload de D:\kerberos.htx\bacup val\val images\FB001b.jpg
[23:30:27] - [25] MIRKO.POZEN: Fichier Upload: D:\kerberos.htx\bacup val\val images\FB001b.jpg (108,43 K/S -   111 036 bytes)
[23:30:27] - [25] MIRKO.POZEN: Début d'Upload de D:\kerberos.htx\bacup val\val images\FB001_1.jpg
[23:30:29] - [26] MIRKO.POZEN: Fichier Upload: D:\kerberos.htx\bacup val\val images\FB001.jpg (717,34 K/S -  1 469 122 bytes)
[23:30:29] - [26] MIRKO.POZEN: Début d'Upload de D:\kerberos.htx\bacup val\val images\FB002.jpg
[23:30:30] - [25] MIRKO.POZEN: Fichier Upload: D:\kerberos.htx\bacup val\val images\FB001_1.jpg (717,34 K/S -  1 469 122 bytes)
[23:30:30] - [25] MIRKO.POZEN: Début d'Upload de D:\kerberos.htx\bacup val\val images\FB002a.jpg
[23:30:30] - [25] MIRKO.POZEN: Fichier Upload: D:\kerberos.htx\bacup val\val images\FB002a.jpg (75,13 K/S -   76 931 bytes)
[23:30:30] - [25] MIRKO.POZEN: Début d'Upload de D:\kerberos.htx\bacup val\val images\FB003.jpg
[23:30:30] - [25] MIRKO.POZEN: Fichier Upload: D:\kerberos.htx\bacup val\val images\FB003.jpg (58,18 K/S -   59 576 bytes)
[23:30:31] - [26] MIRKO.POZEN: Fichier Upload: D:\kerberos.htx\bacup val\val images\FB002.jpg (571,95 K/S -  1 171 352 bytes)
[23:30:31] - [25] MIRKO.POZEN: Début d'Upload de D:\kerberos.htx\bacup val\val images\FB004.jpg
[23:30:31] - [26] MIRKO.POZEN: Début d'Upload de D:\kerberos.htx\bacup val\val images\FB004_1.jpg
[23:30:31] - [25] MIRKO.POZEN: Fichier Upload: D:\kerberos.htx\bacup val\val images\FB004.jpg (94,51 K/S -   96 776 bytes)
[23:30:31] - [26] MIRKO.POZEN: Fichier Upload: D:\kerberos.htx\bacup val\val images\FB004_1.jpg (94,51 K/S -   96 776 bytes)
[23:30:31] - [25] MIRKO.POZEN: Début d'Upload de D:\kerberos.htx\bacup val\val images\Froid en Négatif.jpg
[23:30:31] - [26] MIRKO.POZEN: Début d'Upload de D:\kerberos.htx\bacup val\val images\Gardon 2011 12 10 001.jpg
[23:30:31] - [25] MIRKO.POZEN: Fichier Upload: D:\kerberos.htx\bacup val\val images\Froid en Négatif.jpg (59,73 K/S -   61 165 bytes)
[23:30:31] - [26] MIRKO.POZEN: Fichier Upload: D:\kerberos.htx\bacup val\val images\Gardon 2011 12 10 001.jpg (70,12 K/S -   71 804 bytes)
[23:30:31] - [25] MIRKO.POZEN: Début d'Upload de D:\kerberos.htx\bacup val\val images\Gardon 2011 12 10 001_1.jpg
[23:30:31] - [26] MIRKO.POZEN: Début d'Upload de D:\kerberos.htx\bacup val\val images\Gardon 2011 12 10 002.jpg
[23:30:32] - [25] MIRKO.POZEN: Fichier Upload: D:\kerberos.htx\bacup val\val images\Gardon 2011 12 10 001_1.jpg (70,12 K/S -   71 804 bytes)
[23:30:32] - [26] MIRKO.POZEN: Fichier Upload: D:\kerberos.htx\bacup val\val images\Gardon 2011 12 10 002.jpg (87,70 K/S -   89 800 bytes)
[23:30:32] - [25] MIRKO.POZEN: Début d'Upload de D:\kerberos.htx\bacup val\val images\Gardon 2011 12 10 003.jpg
[23:30:32] - [26] MIRKO.POZEN: Début d'Upload de D:\kerberos.htx\bacup val\val images\Gardon 2011 12 10 004.jpg
[23:30:32] - [25] MIRKO.POZEN: Fichier Upload: D:\kerberos.htx\bacup val\val images\Gardon 2011 12 10 003.jpg (60,23 K/S -   61 672 bytes)
[23:30:32] - [26] MIRKO.POZEN: Fichier Upload: D:\kerberos.htx\bacup val\val images\Gardon 2011 12 10 004.jpg (66,59 K/S -   68 184 bytes)
[23:30:32] - [25] MIRKO.POZEN: Début d'Upload de D:\kerberos.htx\bacup val\val images\Gardon 2011 12 10 005.jpg
[23:30:32] - [26] MIRKO.POZEN: Début d'Upload de D:\kerberos.htx\bacup val\val images\Gardon 2011 12 10 006.jpg
[23:30:32] - [25] MIRKO.POZEN: Fichier Upload: D:\kerberos.htx\bacup val\val images\Gardon 2011 12 10 005.jpg (66,90 K/S -   68 506 bytes)
[23:30:32] - [26] MIRKO.POZEN: Fichier Upload: D:\kerberos.htx\bacup val\val images\Gardon 2011 12 10 006.jpg (52,05 K/S -   53 301 bytes)
[23:30:32] - [25] MIRKO.POZEN: Début d'Upload de D:\kerberos.htx\bacup val\val images\Gardon 2011 12 10 006bis.jpg
[23:30:32] - [26] MIRKO.POZEN: Début d'Upload de D:\kerberos.htx\bacup val\val images\Gardon 2011 12 10 006ter.jpg
[23:30:33] - [25] MIRKO.POZEN: Fichier Upload: D:\kerberos.htx\bacup val\val images\Gardon 2011 12 10 006bis.jpg (63,24 K/S -   64 759 bytes)
[23:30:33] - [26] MIRKO.POZEN: Fichier Upload: D:\kerberos.htx\bacup val\val images\Gardon 2011 12 10 006ter.jpg (60,81 K/S -   62 272 bytes)
[23:30:33] - [25] MIRKO.POZEN: Début d'Upload de D:\kerberos.htx\bacup val\val images\Gardon 2011 12 10 006ter_1.jpg
[23:30:33] - [26] MIRKO.POZEN: Début d'Upload de D:\kerberos.htx\bacup val\val images\Gardon 2012 02 15.jpg
[23:30:33] - [25] MIRKO.POZEN: Fichier Upload: D:\kerberos.htx\bacup val\val images\Gardon 2011 12 10 006ter_1.jpg (60,81 K/S -   62 272 bytes)
[23:30:33] - [25] MIRKO.POZEN: Début d'Upload de D:\kerberos.htx\bacup val\val images\Gite VB_1.jpg
[23:30:33] - [26] MIRKO.POZEN: Fichier Upload: D:\kerberos.htx\bacup val\val images\Gardon 2012 02 15.jpg (188,91 K/S -   193 443 bytes)
[23:30:33] - [26] MIRKO.POZEN: Début d'Upload de D:\kerberos.htx\bacup val\val images\Io 2012 10 21 003.jpg
[23:30:33] - [25] MIRKO.POZEN: Fichier Upload: D:\kerberos.htx\bacup val\val images\Gite VB_1.jpg (82,04 K/S -   84 004 bytes)
[23:30:33] - [25] MIRKO.POZEN: Début d'Upload de D:\kerberos.htx\bacup val\val images\Jour de Pluie_1.jpg
[23:30:34] - [26] MIRKO.POZEN: Fichier Upload: D:\kerberos.htx\bacup val\val images\Io 2012 10 21 003.jpg (61,83 K/S -   63 318 bytes)
[23:30:34] - [26] MIRKO.POZEN: Début d'Upload de D:\kerberos.htx\bacup val\val images\L'ennui_1.jpg
[23:30:34] - [25] MIRKO.POZEN: Fichier Upload: D:\kerberos.htx\bacup val\val images\Jour de Pluie_1.jpg (84,71 K/S -   86 742 bytes)
[23:30:34] - [25] MIRKO.POZEN: Début d'Upload de D:\kerberos.htx\bacup val\val images\Oeil 0001_1.jpg
[23:30:34] - [26] MIRKO.POZEN: Fichier Upload: D:\kerberos.htx\bacup val\val images\L'ennui_1.jpg (93,67 K/S -   95 918 bytes)
[23:30:34] - [25] MIRKO.POZEN: Fichier Upload: D:\kerberos.htx\bacup val\val images\Oeil 0001_1.jpg (32,55 K/S -   33 331 bytes)
[23:30:34] - [26] MIRKO.POZEN: Début d'Upload de D:\kerberos.htx\bacup val\val images\P1010829_1.JPG
[23:30:34] - [25] MIRKO.POZEN: Début d'Upload de D:\kerberos.htx\bacup val\val images\P1010835_1.JPG
[23:30:37] - [26] MIRKO.POZEN: Fichier Upload: D:\kerberos.htx\bacup val\val images\P1010829_1.JPG (626,35 K/S -  1 924 133 bytes)
[23:30:37] - [26] MIRKO.POZEN: Début d'Upload de D:\kerberos.htx\bacup val\val images\P1010852.JPG
[23:30:37] - [25] MIRKO.POZEN: Fichier Upload: D:\kerberos.htx\bacup val\val images\P1010835_1.JPG (606,69 K/S -  1 863 762 bytes)
[23:30:38] - [25] MIRKO.POZEN: Début d'Upload de D:\kerberos.htx\bacup val\val images\P1010855.JPG
[23:30:40] - [26] MIRKO.POZEN: Fichier Upload: D:\kerberos.htx\bacup val\val images\P1010852.JPG (616,79 K/S -  1 894 792 bytes)
[23:30:40] - [26] MIRKO.POZEN: Début d'Upload de D:\kerberos.htx\bacup val\val images\P1020171.JPG
[23:30:41] - [25] MIRKO.POZEN: Fichier Upload: D:\kerberos.htx\bacup val\val images\P1010855.JPG (544,81 K/S -  2 231 535 bytes)
[23:30:41] - [25] MIRKO.POZEN: Début d'Upload de D:\kerberos.htx\bacup val\val images\P1020933.JPG
[23:30:43] - [26] MIRKO.POZEN: Fichier Upload: D:\kerberos.htx\bacup val\val images\P1020171.JPG (620,40 K/S -  1 905 874 bytes)
[23:30:43] - [26] MIRKO.POZEN: Début d'Upload de D:\kerberos.htx\bacup val\val images\P1020934_1.JPG
[23:30:45] - [25] MIRKO.POZEN: Fichier Upload: D:\kerberos.htx\bacup val\val images\P1020933.JPG (672,71 K/S -  2 066 555 bytes)
[23:30:45] - [25] MIRKO.POZEN: Début d'Upload de D:\kerberos.htx\bacup val\val images\P1020935.JPG
[23:30:46] - [26] MIRKO.POZEN: Fichier Upload: D:\kerberos.htx\bacup val\val images\P1020934_1.JPG (699,01 K/S -  2 147 346 bytes)
[23:30:47] - [26] MIRKO.POZEN: Début d'Upload de D:\kerberos.htx\bacup val\val images\P1020936.JPG
[23:30:48] - [25] MIRKO.POZEN: Fichier Upload: D:\kerberos.htx\bacup val\val images\P1020935.JPG (506,86 K/S -  2 076 113 bytes)
[23:30:49] - [25] MIRKO.POZEN: Début d'Upload de D:\kerberos.htx\bacup val\val images\P1020937.JPG
[23:30:50] - [26] MIRKO.POZEN: Fichier Upload: D:\kerberos.htx\bacup val\val images\P1020936.JPG (676,50 K/S -  2 078 215 bytes)
[23:30:50] - [26] MIRKO.POZEN: Début d'Upload de D:\kerberos.htx\bacup val\val images\P1020938_1.JPG
[23:30:52] - [26] MIRKO.POZEN: Fichier Upload: D:\kerberos.htx\bacup val\val images\P1020938_1.JPG (575,54 K/S -  1 768 048 bytes)
[23:30:53] - [26] MIRKO.POZEN: Début d'Upload de D:\kerberos.htx\bacup val\val images\P1020939.JPG
[23:30:53] - [25] MIRKO.POZEN: Fichier Upload: D:\kerberos.htx\bacup val\val images\P1020937.JPG (529,64 K/S -  2 169 419 bytes)
[23:30:53] - [25] MIRKO.POZEN: Début d'Upload de D:\kerberos.htx\bacup val\val images\P1020941.JPG
[23:30:55] - [26] MIRKO.POZEN: Fichier Upload: D:\kerberos.htx\bacup val\val images\P1020939.JPG (677,24 K/S -  2 080 489 bytes)
[23:30:56] - [26] MIRKO.POZEN: Début d'Upload de D:\kerberos.htx\bacup val\val images\P1020942.JPG
[23:30:57] - [25] MIRKO.POZEN: Fichier Upload: D:\kerberos.htx\bacup val\val images\P1020941.JPG (596,31 K/S -  3 053 105 bytes)
[23:30:58] - [25] MIRKO.POZEN: Début d'Upload de D:\kerberos.htx\bacup val\val images\P1020943.JPG
[23:31:00] - [26] MIRKO.POZEN: Fichier Upload: D:\kerberos.htx\bacup val\val images\P1020942.JPG (603,52 K/S -  3 090 011 bytes)
[23:31:00] - [26] MIRKO.POZEN: Début d'Upload de D:\kerberos.htx\bacup val\val images\P1020944.JPG
[23:31:02] - [25] MIRKO.POZEN: Fichier Upload: D:\kerberos.htx\bacup val\val images\P1020943.JPG (477,35 K/S -  2 444 046 bytes)
[23:31:02] - [25] MIRKO.POZEN: Début d'Upload de D:\kerberos.htx\bacup val\val images\P1020945.JPG
[23:31:05] - [26] MIRKO.POZEN: Fichier Upload: D:\kerberos.htx\bacup val\val images\P1020944.JPG (761,64 K/S -  3 119 666 bytes)
[23:31:05] - [26] MIRKO.POZEN: Début d'Upload de D:\kerberos.htx\bacup val\val images\P1020946.JPG
[23:31:08] - [25] MIRKO.POZEN: Fichier Upload: D:\kerberos.htx\bacup val\val images\P1020945.JPG (504,87 K/S -  3 101 944 bytes)
[23:31:08] - [25] MIRKO.POZEN: Début d'Upload de D:\kerberos.htx\bacup val\val images\P1020947.JPG
[23:31:09] - [26] MIRKO.POZEN: Fichier Upload: D:\kerberos.htx\bacup val\val images\P1020946.JPG (797,39 K/S -  2 449 568 bytes)
[23:31:09] - [26] MIRKO.POZEN: Début d'Upload de D:\kerberos.htx\bacup val\val images\P1020948.JPG
[23:31:11] - [25] MIRKO.POZEN: Fichier Upload: D:\kerberos.htx\bacup val\val images\P1020947.JPG (783,96 K/S -  2 408 325 bytes)
[23:31:11] - [25] MIRKO.POZEN: Début d'Upload de D:\kerberos.htx\bacup val\val images\P1030165.JPG
[23:31:14] - [26] MIRKO.POZEN: Fichier Upload: D:\kerberos.htx\bacup val\val images\P1020948.JPG (747,70 K/S -  3 062 594 bytes)
[23:31:14] - [26] MIRKO.POZEN: Début d'Upload de D:\kerberos.htx\bacup val\val images\P1030167.JPG
[23:31:15] - [25] MIRKO.POZEN: Fichier Upload: D:\kerberos.htx\bacup val\val images\P1030165.JPG (516,52 K/S -  2 115 686 bytes)
[23:31:15] - [25] MIRKO.POZEN: Début d'Upload de D:\kerberos.htx\bacup val\val images\P1030230.JPG
[23:31:17] - [26] MIRKO.POZEN: Fichier Upload: D:\kerberos.htx\bacup val\val images\P1030167.JPG (667,20 K/S -  2 049 645 bytes)
[23:31:17] - [26] MIRKO.POZEN: Début d'Upload de D:\kerberos.htx\bacup val\val images\P1030231.JPG
[23:31:18] - [25] MIRKO.POZEN: Fichier Upload: D:\kerberos.htx\bacup val\val images\P1030230.JPG (606,92 K/S -  1 864 450 bytes)
[23:31:18] - [25] MIRKO.POZEN: Début d'Upload de D:\kerberos.htx\bacup val\val images\P1030235.JPG
[23:31:20] - [26] MIRKO.POZEN: Fichier Upload: D:\kerberos.htx\bacup val\val images\P1030231.JPG (592,70 K/S -  1 820 767 bytes)
[23:31:21] - [26] MIRKO.POZEN: Début d'Upload de D:\kerberos.htx\bacup val\val images\P1040295.JPG
[23:31:21] - [25] MIRKO.POZEN: Fichier Upload: D:\kerberos.htx\bacup val\val images\P1030235.JPG (590,00 K/S -  1 812 493 bytes)
[23:31:21] - [25] MIRKO.POZEN: Début d'Upload de D:\kerberos.htx\bacup val\val images\Photo de moi 1 bis 001.jpg
[23:31:22] - [25] MIRKO.POZEN: Fichier Upload: D:\kerberos.htx\bacup val\val images\Photo de moi 1 bis 001.jpg (67,35 K/S -   68 966 bytes)
[23:31:22] - [25] MIRKO.POZEN: Début d'Upload de D:\kerberos.htx\bacup val\val images\Photo de moi 1 bis 002.jpg
[23:31:22] - [25] MIRKO.POZEN: Fichier Upload: D:\kerberos.htx\bacup val\val images\Photo de moi 1 bis 002.jpg (51,67 K/S -   52 908 bytes)
[23:31:22] - [25] MIRKO.POZEN: Début d'Upload de D:\kerberos.htx\bacup val\val images\Photo de moi 1 bis 003_1.jpg
[23:31:23] - [25] MIRKO.POZEN: Fichier Upload: D:\kerberos.htx\bacup val\val images\Photo de moi 1 bis 003_1.jpg (65,82 K/S -   67 401 bytes)
[23:31:23] - [25] MIRKO.POZEN: Début d'Upload de D:\kerberos.htx\bacup val\val images\Photo de moi 1 bis 004.jpg
[23:31:23] - [25] MIRKO.POZEN: Fichier Upload: D:\kerberos.htx\bacup val\val images\Photo de moi 1 bis 004.jpg (45,42 K/S -   46 509 bytes)
[23:31:23] - [25] MIRKO.POZEN: Début d'Upload de D:\kerberos.htx\bacup val\val images\Photo de moi 1.jpg
[23:31:23] - [26] MIRKO.POZEN: Fichier Upload: D:\kerberos.htx\bacup val\val images\P1040295.JPG (580,55 K/S -  1 783 442 bytes)
[23:31:23] - [25] MIRKO.POZEN: Fichier Upload: D:\kerberos.htx\bacup val\val images\Photo de moi 1.jpg (127,61 K/S -   130 669 bytes)
[23:31:23] - [26] MIRKO.POZEN: Début d'Upload de D:\kerberos.htx\bacup val\val images\Photo de moi 1bis (1).png
[23:31:23] - [25] MIRKO.POZEN: Début d'Upload de D:\kerberos.htx\bacup val\val images\Photo de moi 1bis (2).png
[23:31:24] - [25] MIRKO.POZEN: Fichier Upload: D:\kerberos.htx\bacup val\val images\Photo de moi 1bis (2).png (273,58 K/S -   280 148 bytes)
[23:31:24] - [26] MIRKO.POZEN: Fichier Upload: D:\kerberos.htx\bacup val\val images\Photo de moi 1bis (1).png (300,33 K/S -   307 538 bytes)
[23:31:24] - [25] MIRKO.POZEN: Début d'Upload de D:\kerberos.htx\bacup val\val images\Photo de moi 1_1.png
[23:31:24] - [26] MIRKO.POZEN: Début d'Upload de D:\kerberos.htx\bacup val\val images\Photo de moi 2 001.jpg
[23:31:24] - [26] MIRKO.POZEN: Fichier Upload: D:\kerberos.htx\bacup val\val images\Photo de moi 2 001.jpg (70,18 K/S -   71 865 bytes)
[23:31:25] - [26] MIRKO.POZEN: Début d'Upload de D:\kerberos.htx\bacup val\val images\Photo de moi 3_1.png
[23:31:25] - [25] MIRKO.POZEN: Fichier Upload: D:\kerberos.htx\bacup val\val images\Photo de moi 1_1.png (304,93 K/S -   312 253 bytes)
[23:31:25] - [25] MIRKO.POZEN: Début d'Upload de D:\kerberos.htx\bacup val\val images\Photo de moi 4 002.jpg
[23:31:25] - [25] MIRKO.POZEN: Fichier Upload: D:\kerberos.htx\bacup val\val images\Photo de moi 4 002.jpg (100,63 K/S -   103 046 bytes)
[23:31:25] - [26] MIRKO.POZEN: Fichier Upload: D:\kerberos.htx\bacup val\val images\Photo de moi 3_1.png (273,58 K/S -   280 148 bytes)
[23:31:25] - [25] MIRKO.POZEN: Début d'Upload de D:\kerberos.htx\bacup val\val images\Photo de moi 4 003_1.jpg
[23:31:25] - [26] MIRKO.POZEN: Début d'Upload de D:\kerberos.htx\bacup val\val images\Photo de moi 4 004.jpg
[23:31:26] - [25] MIRKO.POZEN: Fichier Upload: D:\kerberos.htx\bacup val\val images\Photo de moi 4 003_1.jpg (143,82 K/S -   147 270 bytes)
[23:31:26] - [26] MIRKO.POZEN: Fichier Upload: D:\kerberos.htx\bacup val\val images\Photo de moi 4 004.jpg (97,75 K/S -   100 100 bytes)
[23:31:26] - [25] MIRKO.POZEN: Début d'Upload de D:\kerberos.htx\bacup val\val images\Photo de moi 4 005 coutours plus nets contrastes et niveaux automatiques 003_1.jpg
[23:31:26] - [26] MIRKO.POZEN: Début d'Upload de D:\kerberos.htx\bacup val\val images\Photo de moi 4 005 coutours plus nets_1.jpg
[23:31:26] - [25] MIRKO.POZEN: Fichier Upload: D:\kerberos.htx\bacup val\val images\Photo de moi 4 005 coutours plus nets contrastes et niveaux automatiques 003_1.jpg (115,75 K/S -   118 523 bytes)
[23:31:26] - [26] MIRKO.POZEN: Fichier Upload: D:\kerberos.htx\bacup val\val images\Photo de moi 4 005 coutours plus nets_1.jpg (156,93 K/S -   160 701 bytes)
[23:31:26] - [25] MIRKO.POZEN: Début d'Upload de D:\kerberos.htx\bacup val\val images\Photo de moi 4 006.jpg
[23:31:26] - [26] MIRKO.POZEN: Début d'Upload de D:\kerberos.htx\bacup val\val images\Photo de moi 4 006_1.jpg
[23:31:27] - [25] MIRKO.POZEN: Fichier Upload: D:\kerberos.htx\bacup val\val images\Photo de moi 4 006.jpg (206,92 K/S -   211 882 bytes)
[23:31:27] - [26] MIRKO.POZEN: Fichier Upload: D:\kerberos.htx\bacup val\val images\Photo de moi 4 006_1.jpg (206,92 K/S -   211 882 bytes)
[23:31:27] - [25] MIRKO.POZEN: Début d'Upload de D:\kerberos.htx\bacup val\val images\Photo de moi 4 007 gaufré_1.jpg
[23:31:27] - [26] MIRKO.POZEN: Début d'Upload de D:\kerberos.htx\bacup val\val images\Photo de moi 4_1.jpg
[23:31:27] - [25] MIRKO.POZEN: Fichier Upload: D:\kerberos.htx\bacup val\val images\Photo de moi 4 007 gaufré_1.jpg (90,37 K/S -   92 534 bytes)
[23:31:27] - [26] MIRKO.POZEN: Fichier Upload: D:\kerberos.htx\bacup val\val images\Photo de moi 4_1.jpg (123,49 K/S -   126 451 bytes)
[23:31:27] - [25] MIRKO.POZEN: Début d'Upload de D:\kerberos.htx\bacup val\val images\Regard 001_1.jpg
[23:31:27] - [26] MIRKO.POZEN: Début d'Upload de D:\kerberos.htx\bacup val\val images\Regard 002.jpg
[23:31:27] - [25] MIRKO.POZEN: Fichier Upload: D:\kerberos.htx\bacup val\val images\Regard 001_1.jpg (80,90 K/S -   82 840 bytes)
[23:31:28] - [25] MIRKO.POZEN: Début d'Upload de D:\kerberos.htx\bacup val\val images\Regard 002_1.jpg
[23:31:28] - [26] MIRKO.POZEN: Fichier Upload: D:\kerberos.htx\bacup val\val images\Regard 002.jpg (211,58 K/S -   216 659 bytes)
[23:31:28] - [26] MIRKO.POZEN: Début d'Upload de D:\kerberos.htx\bacup val\val images\Regard VB 001_1.jpg
[23:31:28] - [25] MIRKO.POZEN: Fichier Upload: D:\kerberos.htx\bacup val\val images\Regard 002_1.jpg (211,58 K/S -   216 659 bytes)
[23:31:28] - [25] MIRKO.POZEN: Début d'Upload de D:\kerberos.htx\bacup val\val images\Regard VB FB.jpg
[23:31:29] - [25] MIRKO.POZEN: Fichier Upload: D:\kerberos.htx\bacup val\val images\Regard VB FB.jpg (92,33 K/S -   94 546 bytes)
[23:31:29] - [25] MIRKO.POZEN: Début d'Upload de D:\kerberos.htx\bacup val\val images\Regard VB.jpg
[23:31:29] - [25] MIRKO.POZEN: Fichier Upload: D:\kerberos.htx\bacup val\val images\Regard VB.jpg (159,57 K/S -   163 395 bytes)
[23:31:29] - [26] MIRKO.POZEN: Fichier Upload: D:\kerberos.htx\bacup val\val images\Regard VB 001_1.jpg (991,76 K/S -  1 015 559 bytes)
[23:31:29] - [25] MIRKO.POZEN: Début d'Upload de D:\kerberos.htx\bacup val\val images\Sans titre 001.jpg
[23:31:29] - [26] MIRKO.POZEN: Début d'Upload de D:\kerberos.htx\bacup val\val images\Sans titre 002_1.jpg
[23:31:31] - [25] MIRKO.POZEN: Fichier Upload: D:\kerberos.htx\bacup val\val images\Sans titre 001.jpg (429,18 K/S -   878 963 bytes)
[23:31:31] - [25] MIRKO.POZEN: Début d'Upload de D:\kerberos.htx\bacup val\val images\Sans titre 003.jpg
[23:31:32] - [26] MIRKO.POZEN: Fichier Upload: D:\kerberos.htx\bacup val\val images\Sans titre 002_1.jpg (644,85 K/S -  1 320 652 bytes)
[23:31:32] - [26] MIRKO.POZEN: Début d'Upload de D:\kerberos.htx\bacup val\val images\Sans titre 1_1.jpg
[23:31:32] - [25] MIRKO.POZEN: Fichier Upload: D:\kerberos.htx\bacup val\val images\Sans titre 003.jpg (345,25 K/S -   353 536 bytes)
[23:31:32] - [25] MIRKO.POZEN: Début d'Upload de D:\kerberos.htx\bacup val\val images\Sans titre 2_1.jpg
[23:31:34] - [26] MIRKO.POZEN: Fichier Upload: D:\kerberos.htx\bacup val\val images\Sans titre 1_1.jpg (492,49 K/S -  1 512 932 bytes)
[23:31:34] - [26] MIRKO.POZEN: Début d'Upload de D:\kerberos.htx\bacup val\val images\Sans titre 3.jpg
[23:31:35] - [25] MIRKO.POZEN: Fichier Upload: D:\kerberos.htx\bacup val\val images\Sans titre 2_1.jpg (888,97 K/S -  1 820 615 bytes)
[23:31:35] - [25] MIRKO.POZEN: Début d'Upload de D:\kerberos.htx\bacup val\val images\Sans titre 4.jpg
[23:31:35] - [26] MIRKO.POZEN: Fichier Upload: D:\kerberos.htx\bacup val\val images\Sans titre 3.jpg (427,78 K/S -   438 050 bytes)
[23:31:35] - [26] MIRKO.POZEN: Début d'Upload de D:\kerberos.htx\bacup val\val images\Sans titre 5.jpg
[23:31:37] - [25] MIRKO.POZEN: Fichier Upload: D:\kerberos.htx\bacup val\val images\Sans titre 4.jpg (820,37 K/S -  1 680 122 bytes)
[23:31:37] - [25] MIRKO.POZEN: Début d'Upload de D:\kerberos.htx\bacup val\val images\Sans titre 7.jpg
[23:31:38] - [25] MIRKO.POZEN: Fichier Upload: D:\kerberos.htx\bacup val\val images\Sans titre 7.jpg (98,58 K/S -   100 944 bytes)
[23:31:38] - [25] MIRKO.POZEN: Début d'Upload de D:\kerberos.htx\bacup val\val images\VB FB 001_1.jpg
[23:31:38] - [25] MIRKO.POZEN: Fichier Upload: D:\kerberos.htx\bacup val\val images\VB FB 001_1.jpg (40,47 K/S -   41 441 bytes)
[23:31:38] - [26] MIRKO.POZEN: Fichier Upload: D:\kerberos.htx\bacup val\val images\Sans titre 5.jpg (493,26 K/S -  1 515 288 bytes)
[23:31:38] - [25] MIRKO.POZEN: Début d'Upload de D:\kerberos.htx\bacup val\val images\VB Noir&Blanc.jpg
[23:31:38] - [26] MIRKO.POZEN: Début d'Upload de D:\kerberos.htx\bacup val\val images\VB Regard 001.jpg
[23:31:39] - [25] MIRKO.POZEN: Fichier Upload: D:\kerberos.htx\bacup val\val images\VB Noir&Blanc.jpg (286,45 K/S -   293 324 bytes)
[23:31:39] - [25] MIRKO.POZEN: Début d'Upload de D:\kerberos.htx\bacup val\val images\VB Sépia.jpg
[23:31:39] - [26] MIRKO.POZEN: Fichier Upload: D:\kerberos.htx\bacup val\val images\VB Regard 001.jpg (691,06 K/S -   707 650 bytes)
[23:31:40] - [26] MIRKO.POZEN: Début d'Upload de D:\kerberos.htx\bacup val\val images\VB Sépia_1.jpg
[23:31:40] - [25] MIRKO.POZEN: Fichier Upload: D:\kerberos.htx\bacup val\val images\VB Sépia.jpg (617,42 K/S -   632 233 bytes)
[23:31:40] - [25] MIRKO.POZEN: Début d'Upload de D:\kerberos.htx\bacup val\val images\Visage 001_1.jpg
[23:31:41] - [26] MIRKO.POZEN: Fichier Upload: D:\kerberos.htx\bacup val\val images\VB Sépia_1.jpg (308,71 K/S -   632 233 bytes)
[23:31:41] - [26] MIRKO.POZEN: Début d'Upload de D:\kerberos.htx\bacup val\val images\Visage 002_1.jpg
[23:31:42] - [26] MIRKO.POZEN: Fichier Upload: D:\kerberos.htx\bacup val\val images\Visage 002_1.jpg (482,38 K/S -   493 960 bytes)
[23:31:42] - [26] MIRKO.POZEN: Début d'Upload de D:\kerberos.htx\bacup val\val images\Visage 003.jpg
[23:31:42] - [25] MIRKO.POZEN: Fichier Upload: D:\kerberos.htx\bacup val\val images\Visage 001_1.jpg (626,98 K/S -  1 284 060 bytes)
[23:31:42] - [25] MIRKO.POZEN: Début d'Upload de D:\kerberos.htx\bacup val\val images\Visage 004_1.jpg
[23:31:43] - [26] MIRKO.POZEN: Fichier Upload: D:\kerberos.htx\bacup val\val images\Visage 003.jpg (481,55 K/S -   493 107 bytes)
[23:31:43] - [26] MIRKO.POZEN: Répertoire en Cours: D:\kerberos.htx\bacup val\
[23:31:43] - [26] MIRKO.POZEN: Début d'Upload de D:\kerberos.htx\bacup val\Setup_FreeAudioExtractor.exe
[23:31:44] - [25] MIRKO.POZEN: Fichier Upload: D:\kerberos.htx\bacup val\val images\Visage 004_1.jpg (667,96 K/S -  1 367 980 bytes)
[23:31:44] - [25] MIRKO.POZEN: Répertoire en Cours: D:\kerberos.htx\bacup val\
[23:31:44] - [25] MIRKO.POZEN: Début d'Upload de D:\kerberos.htx\bacup val\Setup_FreeAudioExtractor.exe
[23:31:44] - [25] MIRKO.POZEN: Echec de l'Upload du Fichier: D:\kerberos.htx\bacup val\Setup_FreeAudioExtractor.exe (608,00 K/S -   622 592 bytes)
[23:31:45] - [25] MIRKO.POZEN: Début d'Upload de D:\kerberos.htx\bacup val\Setup_FreeAudioExtractor.exe
[23:31:45] - [25] MIRKO.POZEN: Echec de l'Upload du Fichier: D:\kerberos.htx\bacup val\Setup_FreeAudioExtractor.exe (1 264,00 K/S -  1 294 336 bytes)
[23:31:46] - [25] MIRKO.POZEN: Début d'Upload de D:\kerberos.htx\bacup val\Setup_FreeAudioExtractor.exe
[23:31:46] - [25] MIRKO.POZEN: Echec de l'Upload du Fichier: D:\kerberos.htx\bacup val\Setup_FreeAudioExtractor.exe (1 856,00 K/S -  1 900 544 bytes)
[23:31:47] - [26] MIRKO.POZEN: Fichier Upload: D:\kerberos.htx\bacup val\Setup_FreeAudioExtractor.exe (583,95 K/S -  2 391 856 bytes)
[23:31:47] - [25] MIRKO.POZEN: Début d'Upload de D:\kerberos.htx\bacup val\Setup_FreeAudioExtractor.exe
[23:31:49] - [25] MIRKO.POZEN: Fichier Upload: D:\kerberos.htx\bacup val\Setup_FreeAudioExtractor.exe (2 815,60 K/S -  2 883 168 bytes)
[23:31:56] - [26] Client 86.235.162.42 Déconnecté (00:07:57 Min)
[23:31:56] - [25] Client 86.235.162.42 Déconnecté (00:07:57 Min)
[23:31:56] - [24] Client 86.235.162.42 Déconnecté (00:08:33 Min)
[23:33:23] - [28] MIRKO.POZEN: Répertoire en Cours: D:\kerberos.htx\
[23:33:24] - [28] MIRKO.POZEN: Répertoire en Cours: D:\kerberos.htx\bacup val\
[23:33:29] - [29] Connecté à 86.235.162.42. Collecte du Nom d'utilisateur.
[23:33:29] - [29] Usager MIRKO.POZEN Connecté IP: 86.235.162.42
[23:33:29] - [29] MIRKO.POZEN: Répertoire en Cours: D:\kerberos.htx\
[23:33:29] - [29] MIRKO.POZEN: Répertoire en Cours: D:\kerberos.htx\bacup val\
[23:33:29] - [29] MIRKO.POZEN: Début du Téléchargement de: D:\kerberos.htx\bacup val\Setup_FreeAudioExtractor.exe
[23:33:57] - [29] MIRKO.POZEN: Fichier envoyé: D:\kerberos.htx\bacup val\Setup_FreeAudioExtractor.exe (104,28 K/S -  2 883 168 bytes)
[23:34:28] - [29] Client 86.235.162.42 Déconnecté (00:00:58 Min)
[23:38:24] - [28] Client 86.235.162.42 Déconnecté (00:10:10 Min)
[23:38:50] - [27] MIRKO.POZEN: Répertoire en Cours: D:\kerberos.htx\bacup val\
[23:38:50] - [27] MIRKO.POZEN: Répertoire en Cours: D:\kerberos.htx\bacup val\[FAT32]\
[23:38:51] - [27] MIRKO.POZEN: Répertoire en Cours: D:\kerberos.htx\bacup val\[FAT32]\[018A07]\
[23:38:51] - [27] MIRKO.POZEN: Répertoire en Cours: D:\kerberos.htx\bacup val\[FAT32]\
[23:38:51] - [27] MIRKO.POZEN: Répertoire en Cours: D:\kerberos.htx\bacup val\[FAT32]\[01875F]\
[23:38:52] - [27] MIRKO.POZEN: Répertoire en Cours: D:\kerberos.htx\bacup val\[FAT32]\
[23:38:52] - [27] MIRKO.POZEN: Répertoire en Cours: D:\kerberos.htx\bacup val\[FAT32]\[01874F]\
[23:38:52] - [27] MIRKO.POZEN: Répertoire en Cours: D:\kerberos.htx\bacup val\[FAT32]\
[23:38:52] - [27] MIRKO.POZEN: Répertoire en Cours: D:\kerberos.htx\bacup val\[FAT32]\[0175EB]\
[23:38:53] - [27] MIRKO.POZEN: Répertoire en Cours: D:\kerberos.htx\bacup val\[FAT32]\
[23:38:53] - [27] MIRKO.POZEN: Répertoire en Cours: D:\kerberos.htx\bacup val\[FAT32]\[017405]\
[23:38:53] - [27] MIRKO.POZEN: Répertoire en Cours: D:\kerberos.htx\bacup val\[FAT32]\
[23:38:53] - [27] MIRKO.POZEN: Répertoire en Cours: D:\kerberos.htx\bacup val\[FAT32]\[0173BC]\
[23:38:54] - [27] MIRKO.POZEN: Répertoire en Cours: D:\kerberos.htx\bacup val\[FAT32]\
[23:38:54] - [27] MIRKO.POZEN: Répertoire en Cours: D:\kerberos.htx\bacup val\[FAT32]\[017063]\
[23:38:54] - [27] MIRKO.POZEN: Répertoire en Cours: D:\kerberos.htx\bacup val\[FAT32]\
[23:38:54] - [27] MIRKO.POZEN: Répertoire en Cours: D:\kerberos.htx\bacup val\[FAT32]\[0164AF]\
[23:38:55] - [27] MIRKO.POZEN: Répertoire en Cours: D:\kerberos.htx\bacup val\[FAT32]\
[23:38:55] - [27] MIRKO.POZEN: Répertoire en Cours: D:\kerberos.htx\bacup val\[FAT32]\[016000]\
[23:38:55] - [27] MIRKO.POZEN: Répertoire en Cours: D:\kerberos.htx\bacup val\[FAT32]\
[23:38:55] - [27] MIRKO.POZEN: Répertoire en Cours: D:\kerberos.htx\bacup val\[FAT32]\[015F5D]\
[23:38:56] - [27] MIRKO.POZEN: Répertoire en Cours: D:\kerberos.htx\bacup val\[FAT32]\
[23:38:56] - [27] MIRKO.POZEN: Répertoire en Cours: D:\kerberos.htx\bacup val\[FAT32]\[015EB9]\
[23:38:56] - [27] MIRKO.POZEN: Répertoire en Cours: D:\kerberos.htx\bacup val\[FAT32]\
[23:38:56] - [27] MIRKO.POZEN: Répertoire en Cours: D:\kerberos.htx\bacup val\[FAT32]\[015786]\
[23:38:57] - [27] MIRKO.POZEN: Répertoire en Cours: D:\kerberos.htx\bacup val\[FAT32]\
[23:38:57] - [27] MIRKO.POZEN: Répertoire en Cours: D:\kerberos.htx\bacup val\[FAT32]\[01452C]\
[23:38:57] - [27] MIRKO.POZEN: Répertoire en Cours: D:\kerberos.htx\bacup val\[FAT32]\
[23:38:58] - [27] MIRKO.POZEN: Répertoire en Cours: D:\kerberos.htx\bacup val\[FAT32]\[014423]\
[23:38:58] - [27] MIRKO.POZEN: Répertoire en Cours: D:\kerberos.htx\bacup val\[FAT32]\
[23:38:58] - [27] MIRKO.POZEN: Répertoire en Cours: D:\kerberos.htx\bacup val\[FAT32]\[01286F]\
[23:38:58] - [27] MIRKO.POZEN: Répertoire en Cours: D:\kerberos.htx\bacup val\[FAT32]\
[23:38:59] - [27] MIRKO.POZEN: Répertoire en Cours: D:\kerberos.htx\bacup val\[FAT32]\xP3\
[23:38:59] - [27] MIRKO.POZEN: Répertoire en Cours: D:\kerberos.htx\bacup val\[FAT32]\
[23:38:59] - [27] MIRKO.POZEN: Répertoire en Cours: D:\kerberos.htx\bacup val\[FAT32]\xOURNÉ~1\
[23:38:59] - [27] MIRKO.POZEN: Répertoire en Cours: D:\kerberos.htx\bacup val\[FAT32]\
[23:39:00] - [27] MIRKO.POZEN: Répertoire en Cours: D:\kerberos.htx\bacup val\[FAT32]\xIDEO\
[23:39:00] - [27] MIRKO.POZEN: Répertoire en Cours: D:\kerberos.htx\bacup val\[FAT32]\
[23:39:00] - [27] MIRKO.POZEN: Répertoire en Cours: D:\kerberos.htx\bacup val\[FAT32]\MUSIQUE\
[23:39:01] - [27] MIRKO.POZEN: Répertoire en Cours: D:\kerberos.htx\bacup val\[FAT32]\
[23:39:01] - [27] MIRKO.POZEN: Répertoire en Cours: D:\kerberos.htx\bacup val\[FAT32]\diaporama\
[23:39:01] - [27] MIRKO.POZEN: Répertoire en Cours: D:\kerberos.htx\bacup val\
[23:39:01] - [27] MIRKO.POZEN: Répertoire en Cours: D:\kerberos.htx\bacup val\val images\
[23:39:02] - [27] MIRKO.POZEN: Répertoire en Cours: D:\kerberos.htx\bacup val\
[23:39:02] - [27] MIRKO.POZEN: Répertoire en Cours: D:\kerberos.htx\bacup val\img val\
[23:39:02] - [27] MIRKO.POZEN: Répertoire en Cours: D:\kerberos.htx\bacup val\img val\val kokine\
[23:39:03] - [27] MIRKO.POZEN: Répertoire en Cours: D:\kerberos.htx\bacup val\img val\
[23:39:03] - [27] MIRKO.POZEN: Répertoire en Cours: D:\kerberos.htx\bacup val\img val\val fotos noir blanc\
[23:39:03] - [27] MIRKO.POZEN: Répertoire en Cours: D:\kerberos.htx\bacup val\img val\
[23:39:04] - [27] MIRKO.POZEN: Répertoire en Cours: D:\kerberos.htx\bacup val\img val\val fotos modifie\
[23:39:04] - [27] MIRKO.POZEN: Répertoire en Cours: D:\kerberos.htx\bacup val\img val\
[23:39:04] - [27] MIRKO.POZEN: Répertoire en Cours: D:\kerberos.htx\bacup val\img val\val face book\
[23:39:04] - [27] MIRKO.POZEN: Répertoire en Cours: D:\kerberos.htx\bacup val\img val\
[23:39:05] - [27] MIRKO.POZEN: Répertoire en Cours: D:\kerberos.htx\bacup val\img val\val et cheval\
[23:39:05] - [27] MIRKO.POZEN: Répertoire en Cours: D:\kerberos.htx\bacup val\img val\
[23:39:05] - [27] MIRKO.POZEN: Répertoire en Cours: D:\kerberos.htx\bacup val\img val\val et babou\
[23:39:05] - [27] MIRKO.POZEN: Répertoire en Cours: D:\kerberos.htx\bacup val\img val\
[23:39:06] - [27] MIRKO.POZEN: Répertoire en Cours: D:\kerberos.htx\bacup val\img val\val et andy\
[23:39:06] - [27] MIRKO.POZEN: Répertoire en Cours: D:\kerberos.htx\bacup val\img val\
[23:39:06] - [27] MIRKO.POZEN: Répertoire en Cours: D:\kerberos.htx\bacup val\img val\val chiens et chats\
[23:39:06] - [27] MIRKO.POZEN: Répertoire en Cours: D:\kerberos.htx\bacup val\img val\
[23:39:06] - [27] MIRKO.POZEN: Répertoire en Cours: D:\kerberos.htx\bacup val\img val\val a cheval\
[23:39:07] - [27] MIRKO.POZEN: Répertoire en Cours: D:\kerberos.htx\bacup val\img val\
[23:39:07] - [27] MIRKO.POZEN: Répertoire en Cours: D:\kerberos.htx\bacup val\img val\loren\
[23:39:07] - [27] MIRKO.POZEN: Répertoire en Cours: D:\kerberos.htx\bacup val\img val\
[23:39:08] - [27] MIRKO.POZEN: Répertoire en Cours: D:\kerberos.htx\bacup val\img val\img val mimiques\
[23:39:08] - [27] MIRKO.POZEN: Répertoire en Cours: D:\kerberos.htx\bacup val\img val\
[23:39:08] - [27] MIRKO.POZEN: Répertoire en Cours: D:\kerberos.htx\bacup val\img val\fotos val divers\
[23:39:08] - [27] MIRKO.POZEN: Répertoire en Cours: D:\kerberos.htx\bacup val\img val\
[23:39:09] - [27] MIRKO.POZEN: Répertoire en Cours: D:\kerberos.htx\bacup val\img val\diaporama\
[23:39:09] - [30] Connecté à 86.235.162.42. Collecte du Nom d'utilisateur.
[23:39:09] - [31] Connecté à 86.235.162.42. Collecte du Nom d'utilisateur.
[23:39:09] - [30] Usager MIRKO.POZEN Connecté IP: 86.235.162.42
[23:39:09] - [30] MIRKO.POZEN: Répertoire en Cours: D:\kerberos.htx\
[23:39:09] - [31] Usager MIRKO.POZEN Connecté IP: 86.235.162.42
[23:39:09] - [31] MIRKO.POZEN: Répertoire en Cours: D:\kerberos.htx\
[23:39:09] - [30] MIRKO.POZEN: Répertoire en Cours: D:\kerberos.htx\bacup val\
[23:39:09] - [31] MIRKO.POZEN: Répertoire en Cours: D:\kerberos.htx\bacup val\[FAT32]\[018A07]\
[23:39:10] - [30] MIRKO.POZEN: Début du Téléchargement de: D:\kerberos.htx\bacup val\Setup_FreeAudioExtractor.exe
[23:39:10] - [31] MIRKO.POZEN: Début du Téléchargement de: D:\kerberos.htx\bacup val\[FAT32]\[018A07]\x01011~1.JPG
[23:39:12] - [31] MIRKO.POZEN: Fichier envoyé: D:\kerberos.htx\bacup val\[FAT32]\[018A07]\x01011~1.JPG (38,46 K/S -   118 138 bytes)
[23:39:12] - [31] MIRKO.POZEN: Début du Téléchargement de: D:\kerberos.htx\bacup val\[FAT32]\[018A07]\x45143_1.JPG
[23:39:23] - [31] MIRKO.POZEN: Fichier envoyé: D:\kerberos.htx\bacup val\[FAT32]\[018A07]\x45143_1.JPG (53,80 K/S -   606 058 bytes)
[23:39:24] - [31] MIRKO.POZEN: Début du Téléchargement de: D:\kerberos.htx\bacup val\[FAT32]\[018A07]\x45236_1.JPG
[23:39:35] - [31] MIRKO.POZEN: Fichier envoyé: D:\kerberos.htx\bacup val\[FAT32]\[018A07]\x45236_1.JPG (50,86 K/S -   624 956 bytes)
[23:39:36] - [31] MIRKO.POZEN: Début du Téléchargement de: D:\kerberos.htx\bacup val\[FAT32]\[018A07]\x45350~1.JPG
[23:39:41] - [31] MIRKO.POZEN: Fichier envoyé: D:\kerberos.htx\bacup val\[FAT32]\[018A07]\x45350~1.JPG (49,74 K/S -   305 598 bytes)
[23:39:42] - [31] MIRKO.POZEN: Début du Téléchargement de: D:\kerberos.htx\bacup val\[FAT32]\[018A07]\x45410~1.JPG
[23:39:47] - [31] MIRKO.POZEN: Fichier envoyé: D:\kerberos.htx\bacup val\[FAT32]\[018A07]\x45410~1.JPG (49,85 K/S -   306 305 bytes)
[23:39:48] - [31] MIRKO.POZEN: Début du Téléchargement de: D:\kerberos.htx\bacup val\[FAT32]\[018A07]\x45440_1.JPG
[23:39:59] - [31] MIRKO.POZEN: Fichier envoyé: D:\kerberos.htx\bacup val\[FAT32]\[018A07]\x45440_1.JPG (51,75 K/S -   635 918 bytes)
[23:40:00] - [31] MIRKO.POZEN: Début du Téléchargement de: D:\kerberos.htx\bacup val\[FAT32]\[018A07]\x45507~1.JPG
[23:40:02] - [30] MIRKO.POZEN: Fichier envoyé: D:\kerberos.htx\bacup val\Setup_FreeAudioExtractor.exe (54,15 K/S -  2 883 168 bytes)
[23:40:02] - [30] MIRKO.POZEN: Répertoire en Cours: D:\kerberos.htx\bacup val\[FAT32]\[018A07]\
[23:40:02] - [30] MIRKO.POZEN: Début du Téléchargement de: D:\kerberos.htx\bacup val\[FAT32]\[018A07]\x45654_1.JPG
[23:40:05] - [31] MIRKO.POZEN: Fichier envoyé: D:\kerberos.htx\bacup val\[FAT32]\[018A07]\x45507~1.JPG (60,72 K/S -   310 865 bytes)
[23:40:05] - [31] MIRKO.POZEN: Début du Téléchargement de: D:\kerberos.htx\bacup val\[FAT32]\[018A07]\x45727_1.JPG
[23:40:13] - [30] MIRKO.POZEN: Fichier envoyé: D:\kerberos.htx\bacup val\[FAT32]\[018A07]\x45654_1.JPG (54,96 K/S -   562 782 bytes)
[23:40:13] - [30] MIRKO.POZEN: Début du Téléchargement de: D:\kerberos.htx\bacup val\[FAT32]\[018A07]\x45739.JPG
[23:40:15] - [31] MIRKO.POZEN: Fichier envoyé: D:\kerberos.htx\bacup val\[FAT32]\[018A07]\x45727_1.JPG (54,20 K/S -   555 012 bytes)
[23:40:16] - [31] MIRKO.POZEN: Début du Téléchargement de: D:\kerberos.htx\bacup val\[FAT32]\[018A07]\x45759~1.JPG
[23:40:21] - [31] MIRKO.POZEN: Fichier envoyé: D:\kerberos.htx\bacup val\[FAT32]\[018A07]\x45759~1.JPG (50,32 K/S -   309 192 bytes)
[23:40:22] - [31] MIRKO.POZEN: Début du Téléchargement de: D:\kerberos.htx\bacup val\[FAT32]\[018A07]\x45821~1.JPG
[23:40:23] - [30] MIRKO.POZEN: Fichier envoyé: D:\kerberos.htx\bacup val\[FAT32]\[018A07]\x45739.JPG (59,77 K/S -   550 880 bytes)
[23:40:23] - [30] MIRKO.POZEN: Début du Téléchargement de: D:\kerberos.htx\bacup val\[FAT32]\[018A07]\x45821~2.JPG
[23:40:27] - [31] MIRKO.POZEN: Fichier envoyé: D:\kerberos.htx\bacup val\[FAT32]\[018A07]\x45821~1.JPG (50,34 K/S -   309 312 bytes)
[23:40:27] - [31] MIRKO.POZEN: Début du Téléchargement de: D:\kerberos.htx\bacup val\[FAT32]\[018A07]\x50133~1.JPG
[23:40:29] - [30] MIRKO.POZEN: Fichier envoyé: D:\kerberos.htx\bacup val\[FAT32]\[018A07]\x45821~2.JPG (55,34 K/S -   339 980 bytes)
[23:40:29] - [30] MIRKO.POZEN: Début du Téléchargement de: D:\kerberos.htx\bacup val\[FAT32]\[018A07]\xBFB00~1.JPG
[23:40:30] - [30] MIRKO.POZEN: Fichier envoyé: D:\kerberos.htx\bacup val\[FAT32]\[018A07]\xBFB00~1.JPG (40,47 K/S -   41 441 bytes)
[23:40:30] - [30] MIRKO.POZEN: Répertoire en Cours: D:\kerberos.htx\bacup val\[FAT32]\[01875F]\
[23:40:31] - [30] MIRKO.POZEN: Début du Téléchargement de: D:\kerberos.htx\bacup val\[FAT32]\[01875F]\x01112~1.JPG
[23:40:32] - [30] MIRKO.POZEN: Fichier envoyé: D:\kerberos.htx\bacup val\[FAT32]\[01875F]\x01112~1.JPG (65,51 K/S -   67 085 bytes)
[23:40:32] - [30] MIRKO.POZEN: Début du Téléchargement de: D:\kerberos.htx\bacup val\[FAT32]\[01875F]\x01112~2.JPG
[23:40:32] - [31] MIRKO.POZEN: Fichier envoyé: D:\kerberos.htx\bacup val\[FAT32]\[018A07]\x50133~1.JPG (61,22 K/S -   313 449 bytes)
[23:40:32] - [31] MIRKO.POZEN: Répertoire en Cours: D:\kerberos.htx\bacup val\[FAT32]\[01875F]\
[23:40:33] - [30] MIRKO.POZEN: Fichier envoyé: D:\kerberos.htx\bacup val\[FAT32]\[01875F]\x01112~2.JPG (32,18 K/S -   32 956 bytes)
[23:40:33] - [31] MIRKO.POZEN: Début du Téléchargement de: D:\kerberos.htx\bacup val\[FAT32]\[01875F]\x01209~1.JPG
[23:40:33] - [30] MIRKO.POZEN: Début du Téléchargement de: D:\kerberos.htx\bacup val\[FAT32]\[01875F]\x80356_1.JPG
[23:40:33] - [31] MIRKO.POZEN: Fichier envoyé: D:\kerberos.htx\bacup val\[FAT32]\[01875F]\x01209~1.JPG (33,26 K/S -   34 063 bytes)
[23:40:33] - [31] MIRKO.POZEN: Début du Téléchargement de: D:\kerberos.htx\bacup val\[FAT32]\[01875F]\xBNOIR~1.JPG
[23:40:37] - [30] MIRKO.POZEN: Fichier envoyé: D:\kerberos.htx\bacup val\[FAT32]\[01875F]\x80356_1.JPG (49,69 K/S -   254 417 bytes)
[23:40:37] - [30] MIRKO.POZEN: Début du Téléchargement de: D:\kerberos.htx\bacup val\[FAT32]\[01875F]\xBSÉPI~1.JPG
[23:40:39] - [31] MIRKO.POZEN: Fichier envoyé: D:\kerberos.htx\bacup val\[FAT32]\[01875F]\xBNOIR~1.JPG (57,29 K/S -   293 324 bytes)
[23:40:39] - [31] MIRKO.POZEN: Début du Téléchargement de: D:\kerberos.htx\bacup val\[FAT32]\[01875F]\xH5BAB~1.JPG
[23:40:41] - [31] MIRKO.POZEN: Fichier envoyé: D:\kerberos.htx\bacup val\[FAT32]\[01875F]\xH5BAB~1.JPG (90,37 K/S -   92 534 bytes)
[23:40:41] - [31] MIRKO.POZEN: Début du Téléchargement de: D:\kerberos.htx\bacup val\[FAT32]\[01875F]\xH6833~1.JPG
[23:40:43] - [31] MIRKO.POZEN: Fichier envoyé: D:\kerberos.htx\bacup val\[FAT32]\[01875F]\xH6833~1.JPG (50,32 K/S -   103 046 bytes)
[23:40:43] - [31] MIRKO.POZEN: Début du Téléchargement de: D:\kerberos.htx\bacup val\[FAT32]\[01875F]\xH76F7~1.JPG
[23:40:45] - [31] MIRKO.POZEN: Fichier envoyé: D:\kerberos.htx\bacup val\[FAT32]\[01875F]\xH76F7~1.JPG (57,87 K/S -   118 523 bytes)
[23:40:46] - [31] MIRKO.POZEN: Début du Téléchargement de: D:\kerberos.htx\bacup val\[FAT32]\[01875F]\xHA1F8~1.JPG
[23:40:48] - [30] MIRKO.POZEN: Fichier envoyé: D:\kerberos.htx\bacup val\[FAT32]\[01875F]\xBSÉPI~1.JPG (56,13 K/S -   632 233 bytes)
[23:40:48] - [31] MIRKO.POZEN: Fichier envoyé: D:\kerberos.htx\bacup val\[FAT32]\[01875F]\xHA1F8~1.JPG (47,94 K/S -   147 270 bytes)
[23:40:48] - [30] MIRKO.POZEN: Début du Téléchargement de: D:\kerberos.htx\bacup val\[FAT32]\[01875F]\xHB56F~1.JPG
[23:40:49] - [31] MIRKO.POZEN: Début du Téléchargement de: D:\kerberos.htx\bacup val\[FAT32]\[01875F]\xHD85A~1.JPG
[23:40:51] - [30] MIRKO.POZEN: Fichier envoyé: D:\kerberos.htx\bacup val\[FAT32]\[01875F]\xHB56F~1.JPG (52,31 K/S -   160 701 bytes)
[23:40:51] - [30] MIRKO.POZEN: Début du Téléchargement de: D:\kerberos.htx\bacup val\[FAT32]\[01875F]\xHOTOD~1.JPG
[23:40:52] - [31] MIRKO.POZEN: Fichier envoyé: D:\kerberos.htx\bacup val\[FAT32]\[01875F]\xHD85A~1.JPG (51,73 K/S -   211 882 bytes)
[23:40:52] - [30] MIRKO.POZEN: Fichier envoyé: D:\kerberos.htx\bacup val\[FAT32]\[01875F]\xHOTOD~1.JPG (67,35 K/S -   68 966 bytes)
[23:40:53] - [31] MIRKO.POZEN: Début du Téléchargement de: D:\kerberos.htx\bacup val\[FAT32]\[01875F]\xHOTOD~2.JPG
[23:40:53] - [30] MIRKO.POZEN: Début du Téléchargement de: D:\kerberos.htx\bacup val\[FAT32]\[01875F]\xHOTOD~3.JPG
[23:40:53] - [31] MIRKO.POZEN: Fichier envoyé: D:\kerberos.htx\bacup val\[FAT32]\[01875F]\xHOTOD~2.JPG (51,67 K/S -   52 908 bytes)
[23:40:54] - [30] MIRKO.POZEN: Fichier envoyé: D:\kerberos.htx\bacup val\[FAT32]\[01875F]\xHOTOD~3.JPG (65,82 K/S -   67 401 bytes)
[23:40:54] - [31] MIRKO.POZEN: Début du Téléchargement de: D:\kerberos.htx\bacup val\[FAT32]\[01875F]\xHOTOD~4.JPG
[23:40:54] - [30] MIRKO.POZEN: Début du Téléchargement de: D:\kerberos.htx\bacup val\[FAT32]\[01875F]\xROIDE~1.JPG
[23:40:54] - [31] MIRKO.POZEN: Fichier envoyé: D:\kerberos.htx\bacup val\[FAT32]\[01875F]\xHOTOD~4.JPG (45,42 K/S -   46 509 bytes)
[23:40:55] - [31] MIRKO.POZEN: Début du Téléchargement de: D:\kerberos.htx\bacup val\[FAT32]\[01875F]\xSC04125.JPG
[23:40:55] - [30] MIRKO.POZEN: Fichier envoyé: D:\kerberos.htx\bacup val\[FAT32]\[01875F]\xROIDE~1.JPG (59,73 K/S -   61 165 bytes)
[23:40:55] - [30] MIRKO.POZEN: Début du Téléchargement de: D:\kerberos.htx\bacup val\[FAT32]\[01875F]\xSC041~1.JPG
[23:41:09] - [31] MIRKO.POZEN: Fichier envoyé: D:\kerberos.htx\bacup val\[FAT32]\[01875F]\xSC04125.JPG (55,22 K/S -   791 604 bytes)
[23:41:10] - [30] MIRKO.POZEN: Fichier envoyé: D:\kerberos.htx\bacup val\[FAT32]\[01875F]\xSC041~1.JPG (55,00 K/S -   788 474 bytes)
[23:41:10] - [31] MIRKO.POZEN: Début du Téléchargement de: D:\kerberos.htx\bacup val\[FAT32]\[01875F]\xSC04902.JPG
[23:41:10] - [30] MIRKO.POZEN: Début du Téléchargement de: D:\kerberos.htx\bacup val\[FAT32]\[01875F]\xSC05105.JPG
[23:41:34] - [31] MIRKO.POZEN: Fichier envoyé: D:\kerberos.htx\bacup val\[FAT32]\[01875F]\xSC04902.JPG (51,71 K/S -  1 323 774 bytes)
[23:41:34] - [31] MIRKO.POZEN: Début du Téléchargement de: D:\kerberos.htx\bacup val\[FAT32]\[01875F]\xSC05106.JPG
[23:41:35] - [30] MIRKO.POZEN: Fichier envoyé: D:\kerberos.htx\bacup val\[FAT32]\[01875F]\xSC05105.JPG (54,47 K/S -  1 338 669 bytes)
[23:41:35] - [30] MIRKO.POZEN: Début du Téléchargement de: D:\kerberos.htx\bacup val\[FAT32]\[01875F]\xSC051~1.JPG
[23:42:01] - [31] MIRKO.POZEN: Fichier envoyé: D:\kerberos.htx\bacup val\[FAT32]\[01875F]\xSC05106.JPG (52,12 K/S -  1 441 099 bytes)
[23:42:01] - [31] MIRKO.POZEN: Début du Téléchargement de: D:\kerberos.htx\bacup val\[FAT32]\[01875F]\xSC051~2.JPG
[23:42:02] - [30] MIRKO.POZEN: Fichier envoyé: D:\kerberos.htx\bacup val\[FAT32]\[01875F]\xSC051~1.JPG (54,20 K/S -  1 443 117 bytes)
[23:42:02] - [30] MIRKO.POZEN: Répertoire en Cours: D:\kerberos.htx\bacup val\[FAT32]\[01874F]\
[23:42:02] - [30] MIRKO.POZEN: Début du Téléchargement de: D:\kerberos.htx\bacup val\[FAT32]\[01874F]\x17495~1.JPG
[23:42:02] - [30] MIRKO.POZEN: Fichier envoyé: D:\kerberos.htx\bacup val\[FAT32]\[01874F]\x17495~1.JPG (18,42 K/S -   18 859 bytes)
[23:42:03] - [30] MIRKO.POZEN: Début du Téléchargement de: D:\kerberos.htx\bacup val\[FAT32]\[01874F]\x21089~1.JPG
[23:42:04] - [30] MIRKO.POZEN: Fichier envoyé: D:\kerberos.htx\bacup val\[FAT32]\[01874F]\x21089~1.JPG (43,72 K/S -   89 539 bytes)
[23:42:05] - [30] MIRKO.POZEN: Début du Téléchargement de: D:\kerberos.htx\bacup val\[FAT32]\[01874F]\x26771~1.JPG
[23:42:05] - [30] MIRKO.POZEN: Fichier envoyé: D:\kerberos.htx\bacup val\[FAT32]\[01874F]\x26771~1.JPG (19,11 K/S -   19 569 bytes)
[23:42:05] - [30] MIRKO.POZEN: Début du Téléchargement de: D:\kerberos.htx\bacup val\[FAT32]\[01874F]\x41379~1.JPG
[23:42:06] - [30] MIRKO.POZEN: Fichier envoyé: D:\kerberos.htx\bacup val\[FAT32]\[01874F]\x41379~1.JPG (18,83 K/S -   19 283 bytes)
[23:42:06] - [30] MIRKO.POZEN: Début du Téléchargement de: D:\kerberos.htx\bacup val\[FAT32]\[01874F]\x95369~1.JPG
[23:42:06] - [30] MIRKO.POZEN: Fichier envoyé: D:\kerberos.htx\bacup val\[FAT32]\[01874F]\x95369~1.JPG (32,10 K/S -   32 872 bytes)
[23:42:07] - [30] MIRKO.POZEN: Répertoire en Cours: D:\kerberos.htx\bacup val\[FAT32]\[0175EB]\
[23:42:07] - [30] MIRKO.POZEN: Début du Téléchargement de: D:\kerberos.htx\bacup val\[FAT32]\[0175EB]\x00405~1.JPG
[23:42:08] - [30] MIRKO.POZEN: Fichier envoyé: D:\kerberos.htx\bacup val\[FAT32]\[0175EB]\x00405~1.JPG (54,10 K/S -   55 397 bytes)
[23:42:08] - [30] MIRKO.POZEN: Début du Téléchargement de: D:\kerberos.htx\bacup val\[FAT32]\[0175EB]\x1020933.JPG
[23:42:24] - [31] MIRKO.POZEN: Fichier envoyé: D:\kerberos.htx\bacup val\[FAT32]\[01875F]\xSC051~2.JPG (57,24 K/S -  1 348 121 bytes)
[23:42:24] - [31] MIRKO.POZEN: Répertoire en Cours: D:\kerberos.htx\bacup val\[FAT32]\[0175EB]\
[23:42:25] - [31] MIRKO.POZEN: Début du Téléchargement de: D:\kerberos.htx\bacup val\[FAT32]\[0175EB]\x1020935.JPG
[23:42:46] - [30] MIRKO.POZEN: Fichier envoyé: D:\kerberos.htx\bacup val\[FAT32]\[0175EB]\x1020933.JPG (53,11 K/S -  2 066 555 bytes)
[23:42:47] - [30] MIRKO.POZEN: Début du Téléchargement de: D:\kerberos.htx\bacup val\[FAT32]\[0175EB]\x1020936.JPG
[23:43:03] - [31] MIRKO.POZEN: Fichier envoyé: D:\kerberos.htx\bacup val\[FAT32]\[0175EB]\x1020935.JPG (51,99 K/S -  2 076 113 bytes)
[23:43:04] - [31] MIRKO.POZEN: Début du Téléchargement de: D:\kerberos.htx\bacup val\[FAT32]\[0175EB]\x1020937.JPG
[23:43:25] - [30] MIRKO.POZEN: Fichier envoyé: D:\kerberos.htx\bacup val\[FAT32]\[0175EB]\x1020936.JPG (52,04 K/S -  2 078 215 bytes)
[23:43:25] - [30] MIRKO.POZEN: Début du Téléchargement de: D:\kerberos.htx\bacup val\[FAT32]\[0175EB]\x10209~1.JPG
[23:43:44] - [31] MIRKO.POZEN: Fichier envoyé: D:\kerberos.htx\bacup val\[FAT32]\[0175EB]\x1020937.JPG (52,96 K/S -  2 169 419 bytes)
[23:43:44] - [31] MIRKO.POZEN: Début du Téléchargement de: D:\kerberos.htx\bacup val\[FAT32]\[0175EB]\x10209~2.JPG
[23:44:05] - [30] MIRKO.POZEN: Fichier envoyé: D:\kerberos.htx\bacup val\[FAT32]\[0175EB]\x10209~1.JPG (52,43 K/S -  2 147 346 bytes)
[23:44:06] - [30] MIRKO.POZEN: Début du Téléchargement de: D:\kerberos.htx\bacup val\[FAT32]\[0175EB]\x1030165.JPG
[23:44:17] - [31] MIRKO.POZEN: Fichier envoyé: D:\kerberos.htx\bacup val\[FAT32]\[0175EB]\x10209~2.JPG (53,96 K/S -  1 768 048 bytes)
[23:44:17] - [31] MIRKO.POZEN: Début du Téléchargement de: D:\kerberos.htx\bacup val\[FAT32]\[0175EB]\x1030230.JPG
[23:44:45] - [30] MIRKO.POZEN: Fichier envoyé: D:\kerberos.htx\bacup val\[FAT32]\[0175EB]\x1030165.JPG (52,98 K/S -  2 115 686 bytes)
[23:44:45] - [30] MIRKO.POZEN: Début du Téléchargement de: D:\kerberos.htx\bacup val\[FAT32]\[0175EB]\x1030231.JPG
[23:44:51] - [31] MIRKO.POZEN: Fichier envoyé: D:\kerberos.htx\bacup val\[FAT32]\[0175EB]\x1030230.JPG (53,55 K/S -  1 864 450 bytes)
[23:44:52] - [31] MIRKO.POZEN: Début du Téléchargement de: D:\kerberos.htx\bacup val\[FAT32]\[0175EB]\x1030235.JPG
[23:45:18] - [30] MIRKO.POZEN: Fichier envoyé: D:\kerberos.htx\bacup val\[FAT32]\[0175EB]\x1030231.JPG (53,88 K/S -  1 820 767 bytes)
[23:45:19] - [30] MIRKO.POZEN: Début du Téléchargement de: D:\kerberos.htx\bacup val\[FAT32]\[0175EB]\x1040295.JPG
[23:45:25] - [31] MIRKO.POZEN: Fichier envoyé: D:\kerberos.htx\bacup val\[FAT32]\[0175EB]\x1030235.JPG (53,64 K/S -  1 812 493 bytes)
[23:45:26] - [31] MIRKO.POZEN: Début du Téléchargement de: D:\kerberos.htx\bacup val\[FAT32]\[0175EB]\xA6B43~1.JPG
[23:45:27] - [31] MIRKO.POZEN: Fichier envoyé: D:\kerberos.htx\bacup val\[FAT32]\[0175EB]\xA6B43~1.JPG (60,81 K/S -   62 272 bytes)
[23:45:27] - [31] MIRKO.POZEN: Début du Téléchargement de: D:\kerberos.htx\bacup val\[FAT32]\[0175EB]\xA7EB2~1.JPG
[23:45:28] - [31] MIRKO.POZEN: Fichier envoyé: D:\kerberos.htx\bacup val\[FAT32]\[0175EB]\xA7EB2~1.JPG (66,90 K/S -   68 506 bytes)
[23:45:29] - [31] MIRKO.POZEN: Début du Téléchargement de: D:\kerberos.htx\bacup val\[FAT32]\[0175EB]\xA817A~1.JPG
[23:45:32] - [31] MIRKO.POZEN: Fichier envoyé: D:\kerberos.htx\bacup val\[FAT32]\[0175EB]\xA817A~1.JPG (62,97 K/S -   193 443 bytes)
[23:45:33] - [31] MIRKO.POZEN: Début du Téléchargement de: D:\kerberos.htx\bacup val\[FAT32]\[0175EB]\xA89D6~1.JPG
[23:45:34] - [31] MIRKO.POZEN: Fichier envoyé: D:\kerberos.htx\bacup val\[FAT32]\[0175EB]\xA89D6~1.JPG (30,41 K/S -   62 272 bytes)
[23:45:34] - [31] MIRKO.POZEN: Début du Téléchargement de: D:\kerberos.htx\bacup val\[FAT32]\[0175EB]\xABCB2~1.JPG
[23:45:35] - [31] MIRKO.POZEN: Fichier envoyé: D:\kerberos.htx\bacup val\[FAT32]\[0175EB]\xABCB2~1.JPG (63,24 K/S -   64 759 bytes)
[23:45:36] - [31] MIRKO.POZEN: Début du Téléchargement de: D:\kerberos.htx\bacup val\[FAT32]\[0175EB]\xAC3F6~1.JPG
[23:45:37] - [31] MIRKO.POZEN: Fichier envoyé: D:\kerberos.htx\bacup val\[FAT32]\[0175EB]\xAC3F6~1.JPG (52,05 K/S -   53 301 bytes)
[23:45:37] - [31] MIRKO.POZEN: Début du Téléchargement de: D:\kerberos.htx\bacup val\[FAT32]\[0175EB]\xARDON~1.JPG
[23:45:38] - [31] MIRKO.POZEN: Fichier envoyé: D:\kerberos.htx\bacup val\[FAT32]\[0175EB]\xARDON~1.JPG (70,12 K/S -   71 804 bytes)
[23:45:39] - [31] MIRKO.POZEN: Début du Téléchargement de: D:\kerberos.htx\bacup val\[FAT32]\[0175EB]\xARDON~2.JPG
[23:45:40] - [31] MIRKO.POZEN: Fichier envoyé: D:\kerberos.htx\bacup val\[FAT32]\[0175EB]\xARDON~2.JPG (43,85 K/S -   89 800 bytes)
[23:45:40] - [31] MIRKO.POZEN: Début du Téléchargement de: D:\kerberos.htx\bacup val\[FAT32]\[0175EB]\xARDON~3.JPG
[23:45:42] - [31] MIRKO.POZEN: Fichier envoyé: D:\kerberos.htx\bacup val\[FAT32]\[0175EB]\xARDON~3.JPG (60,23 K/S -   61 672 bytes)
[23:45:42] - [31] MIRKO.POZEN: Début du Téléchargement de: D:\kerberos.htx\bacup val\[FAT32]\[0175EB]\xARDON~4.JPG
[23:45:43] - [31] MIRKO.POZEN: Fichier envoyé: D:\kerberos.htx\bacup val\[FAT32]\[0175EB]\xARDON~4.JPG (66,59 K/S -   68 184 bytes)
[23:45:43] - [31] MIRKO.POZEN: Début du Téléchargement de: D:\kerberos.htx\bacup val\[FAT32]\[0175EB]\xO2012~1.JPG
[23:45:45] - [31] MIRKO.POZEN: Fichier envoyé: D:\kerberos.htx\bacup val\[FAT32]\[0175EB]\xO2012~1.JPG (61,83 K/S -   63 318 bytes)
[23:45:45] - [31] MIRKO.POZEN: Début du Téléchargement de: D:\kerberos.htx\bacup val\[FAT32]\[0175EB]\xS019E~1.JPG
[23:45:49] - [30] MIRKO.POZEN: Fichier envoyé: D:\kerberos.htx\bacup val\[FAT32]\[0175EB]\x1040295.JPG (58,05 K/S -  1 783 442 bytes)
[23:45:49] - [30] MIRKO.POZEN: Début du Téléchargement de: D:\kerberos.htx\bacup val\[FAT32]\[0175EB]\xSC04985.JPG
[23:46:13] - [31] MIRKO.POZEN: Fichier envoyé: D:\kerberos.htx\bacup val\[FAT32]\[0175EB]\xS019E~1.JPG (54,46 K/S -  1 505 706 bytes)
[23:46:13] - [31] MIRKO.POZEN: Début du Téléchargement de: D:\kerberos.htx\bacup val\[FAT32]\[0175EB]\xSC04996.JPG
[23:46:16] - [30] MIRKO.POZEN: Fichier envoyé: D:\kerberos.htx\bacup val\[FAT32]\[0175EB]\xSC04985.JPG (52,29 K/S -  1 445 691 bytes)
[23:46:16] - [30] MIRKO.POZEN: Début du Téléchargement de: D:\kerberos.htx\bacup val\[FAT32]\[0175EB]\xSC04998.JPG
[23:46:41] - [31] MIRKO.POZEN: Fichier envoyé: D:\kerberos.htx\bacup val\[FAT32]\[0175EB]\xSC04996.JPG (52,51 K/S -  1 505 648 bytes)
[23:46:41] - [31] MIRKO.POZEN: Début du Téléchargement de: D:\kerberos.htx\bacup val\[FAT32]\[0175EB]\xSC05000.JPG
[23:46:42] - [30] MIRKO.POZEN: Fichier envoyé: D:\kerberos.htx\bacup val\[FAT32]\[0175EB]\xSC04998.JPG (53,45 K/S -  1 368 265 bytes)
[23:46:42] - [30] MIRKO.POZEN: Début du Téléchargement de: D:\kerberos.htx\bacup val\[FAT32]\[0175EB]\xSC05003.JPG
[23:47:08] - [30] MIRKO.POZEN: Fichier envoyé: D:\kerberos.htx\bacup val\[FAT32]\[0175EB]\xSC05003.JPG (50,64 K/S -  1 348 111 bytes)
[23:47:08] - [30] MIRKO.POZEN: Début du Téléchargement de: D:\kerberos.htx\bacup val\[FAT32]\[0175EB]\xSC05004.JPG
[23:47:09] - [31] MIRKO.POZEN: Fichier envoyé: D:\kerberos.htx\bacup val\[FAT32]\[0175EB]\xSC05000.JPG (52,40 K/S -  1 448 885 bytes)
[23:47:09] - [31] MIRKO.POZEN: Début du Téléchargement de: D:\kerberos.htx\bacup val\[FAT32]\[0175EB]\xSC05005.JPG
[23:47:39] - [30] MIRKO.POZEN: Fichier envoyé: D:\kerberos.htx\bacup val\[FAT32]\[0175EB]\xSC05004.JPG (44,48 K/S -  1 412 123 bytes)
[23:47:40] - [30] MIRKO.POZEN: Début du Téléchargement de: D:\kerberos.htx\bacup val\[FAT32]\[0175EB]\xSC05006.JPG
[23:47:42] - [31] MIRKO.POZEN: Fichier envoyé: D:\kerberos.htx\bacup val\[FAT32]\[0175EB]\xSC05005.JPG (43,60 K/S -  1 428 523 bytes)
[23:47:42] - [31] MIRKO.POZEN: Début du Téléchargement de: D:\kerberos.htx\bacup val\[FAT32]\[0175EB]\xSC05007.JPG
[23:48:09] - [30] MIRKO.POZEN: Fichier envoyé: D:\kerberos.htx\bacup val\[FAT32]\[0175EB]\xSC05006.JPG (42,32 K/S -  1 300 140 bytes)
[23:48:09] - [30] MIRKO.POZEN: Début du Téléchargement de: D:\kerberos.htx\bacup val\[FAT32]\[0175EB]\xSC05009.JPG
[23:48:12] - [31] MIRKO.POZEN: Fichier envoyé: D:\kerberos.htx\bacup val\[FAT32]\[0175EB]\xSC05007.JPG (45,10 K/S -  1 385 552 bytes)
[23:48:12] - [31] MIRKO.POZEN: Début du Téléchargement de: D:\kerberos.htx\bacup val\[FAT32]\[0175EB]\xSC05011.JPG
[23:48:37] - [30] MIRKO.POZEN: Fichier envoyé: D:\kerberos.htx\bacup val\[FAT32]\[0175EB]\xSC05009.JPG (50,84 K/S -  1 405 671 bytes)
[23:48:37] - [30] MIRKO.POZEN: Début du Téléchargement de: D:\kerberos.htx\bacup val\[FAT32]\[0175EB]\xSC05012.JPG
[23:48:41] - [31] MIRKO.POZEN: Fichier envoyé: D:\kerberos.htx\bacup val\[FAT32]\[0175EB]\xSC05011.JPG (48,92 K/S -  1 452 621 bytes)
[23:48:41] - [31] MIRKO.POZEN: Début du Téléchargement de: D:\kerberos.htx\bacup val\[FAT32]\[0175EB]\xSC05013.JPG
[23:49:06] - [30] MIRKO.POZEN: Fichier envoyé: D:\kerberos.htx\bacup val\[FAT32]\[0175EB]\xSC05012.JPG (49,08 K/S -  1 457 610 bytes)
[23:49:06] - [30] MIRKO.POZEN: Début du Téléchargement de: D:\kerberos.htx\bacup val\[FAT32]\[0175EB]\xSC05014.JPG
[23:49:09] - [31] MIRKO.POZEN: Fichier envoyé: D:\kerberos.htx\bacup val\[FAT32]\[0175EB]\xSC05013.JPG (50,95 K/S -  1 408 703 bytes)
[23:49:09] - [31] MIRKO.POZEN: Début du Téléchargement de: D:\kerberos.htx\bacup val\[FAT32]\[0175EB]\xSC05018.JPG
[23:49:33] - [30] MIRKO.POZEN: Fichier envoyé: D:\kerberos.htx\bacup val\[FAT32]\[0175EB]\xSC05014.JPG (48,00 K/S -  1 327 088 bytes)
[23:49:33] - [30] MIRKO.POZEN: Début du Téléchargement de: D:\kerberos.htx\bacup val\[FAT32]\[0175EB]\xSC05019.JPG
[23:49:39] - [31] MIRKO.POZEN: Fichier envoyé: D:\kerberos.htx\bacup val\[FAT32]\[0175EB]\xSC05018.JPG (49,77 K/S -  1 478 005 bytes)
[23:49:39] - [31] MIRKO.POZEN: Début du Téléchargement de: D:\kerberos.htx\bacup val\[FAT32]\[0175EB]\xSC05021.JPG
[23:50:03] - [30] MIRKO.POZEN: Fichier envoyé: D:\kerberos.htx\bacup val\[FAT32]\[0175EB]\xSC05019.JPG (50,01 K/S -  1 485 233 bytes)
[23:50:03] - [30] MIRKO.POZEN: Début du Téléchargement de: D:\kerberos.htx\bacup val\[FAT32]\[0175EB]\xSC05023.JPG
[23:50:09] - [31] MIRKO.POZEN: Fichier envoyé: D:\kerberos.htx\bacup val\[FAT32]\[0175EB]\xSC05021.JPG (49,58 K/S -  1 522 992 bytes)
[23:50:09] - [31] MIRKO.POZEN: Début du Téléchargement de: D:\kerberos.htx\bacup val\[FAT32]\[0175EB]\xSC05024.JPG
[23:50:31] - [30] MIRKO.POZEN: Fichier envoyé: D:\kerberos.htx\bacup val\[FAT32]\[0175EB]\xSC05023.JPG (50,39 K/S -  1 444 867 bytes)
[23:50:31] - [30] MIRKO.POZEN: Début du Téléchargement de: D:\kerberos.htx\bacup val\[FAT32]\[0175EB]\xSC05025.JPG
[23:50:37] - [31] MIRKO.POZEN: Fichier envoyé: D:\kerberos.htx\bacup val\[FAT32]\[0175EB]\xSC05024.JPG (49,03 K/S -  1 405 870 bytes)
[23:50:38] - [31] MIRKO.POZEN: Début du Téléchargement de: D:\kerberos.htx\bacup val\[FAT32]\[0175EB]\xSC05026.JPG
[23:51:01] - [30] MIRKO.POZEN: Fichier envoyé: D:\kerberos.htx\bacup val\[FAT32]\[0175EB]\xSC05025.JPG (50,64 K/S -  1 503 932 bytes)
[23:51:01] - [30] MIRKO.POZEN: Début du Téléchargement de: D:\kerberos.htx\bacup val\[FAT32]\[0175EB]\xSC05030.JPG
[23:51:07] - [31] MIRKO.POZEN: Fichier envoyé: D:\kerberos.htx\bacup val\[FAT32]\[0175EB]\xSC05026.JPG (51,59 K/S -  1 479 198 bytes)
[23:51:07] - [31] MIRKO.POZEN: Début du Téléchargement de: D:\kerberos.htx\bacup val\[FAT32]\[0175EB]\xSC05031.JPG
[23:51:30] - [30] MIRKO.POZEN: Fichier envoyé: D:\kerberos.htx\bacup val\[FAT32]\[0175EB]\xSC05030.JPG (50,31 K/S -  1 494 148 bytes)
[23:51:31] - [30] MIRKO.POZEN: Début du Téléchargement de: D:\kerberos.htx\bacup val\[FAT32]\[0175EB]\xSC05032.JPG
[23:51:36] - [31] MIRKO.POZEN: Fichier envoyé: D:\kerberos.htx\bacup val\[FAT32]\[0175EB]\xSC05031.JPG (48,21 K/S -  1 431 683 bytes)
[23:51:36] - [31] MIRKO.POZEN: Début du Téléchargement de: D:\kerberos.htx\bacup val\[FAT32]\[0175EB]\xSC05033.JPG
[23:51:58] - [30] MIRKO.POZEN: Fichier envoyé: D:\kerberos.htx\bacup val\[FAT32]\[0175EB]\xSC05032.JPG (51,68 K/S -  1 428 864 bytes)
[23:51:58] - [30] MIRKO.POZEN: Début du Téléchargement de: D:\kerberos.htx\bacup val\[FAT32]\[0175EB]\xSC05034.JPG
[23:52:02] - [31] MIRKO.POZEN: Fichier envoyé: D:\kerberos.htx\bacup val\[FAT32]\[0175EB]\xSC05033.JPG (49,59 K/S -  1 320 217 bytes)
[23:52:03] - [31] MIRKO.POZEN: Début du Téléchargement de: D:\kerberos.htx\bacup val\[FAT32]\[0175EB]\xSC05035.JPG
[23:52:24] - [30] MIRKO.POZEN: Fichier envoyé: D:\kerberos.htx\bacup val\[FAT32]\[0175EB]\xSC05034.JPG (51,48 K/S -  1 370 567 bytes)
[23:52:25] - [30] MIRKO.POZEN: Début du Téléchargement de: D:\kerberos.htx\bacup val\[FAT32]\[0175EB]\xSC05036.JPG
[23:52:30] - [31] MIRKO.POZEN: Fichier envoyé: D:\kerberos.htx\bacup val\[FAT32]\[0175EB]\xSC05035.JPG (49,62 K/S -  1 422 799 bytes)
[23:52:31] - [31] MIRKO.POZEN: Début du Téléchargement de: D:\kerberos.htx\bacup val\[FAT32]\[0175EB]\xSC05040.JPG
[23:52:55] - [30] MIRKO.POZEN: Fichier envoyé: D:\kerberos.htx\bacup val\[FAT32]\[0175EB]\xSC05036.JPG (44,03 K/S -  1 397 746 bytes)
[23:52:56] - [30] MIRKO.POZEN: Début du Téléchargement de: D:\kerberos.htx\bacup val\[FAT32]\[0175EB]\xSC05041.JPG
[23:52:56] - [31] MIRKO.POZEN: Fichier envoyé: D:\kerberos.htx\bacup val\[FAT32]\[0175EB]\xSC05040.JPG (54,37 K/S -  1 447 627 bytes)
[23:52:56] - [31] MIRKO.POZEN: Début du Téléchargement de: D:\kerberos.htx\bacup val\[FAT32]\[0175EB]\xSC050~1.JPG
[23:53:26] - [30] MIRKO.POZEN: Fichier envoyé: D:\kerberos.htx\bacup val\[FAT32]\[0175EB]\xSC05041.JPG (45,85 K/S -  1 455 513 bytes)
[23:53:27] - [30] MIRKO.POZEN: Début du Téléchargement de: D:\kerberos.htx\bacup val\[FAT32]\[0175EB]\xSC050~2.JPG
[23:53:27] - [31] MIRKO.POZEN: Fichier envoyé: D:\kerberos.htx\bacup val\[FAT32]\[0175EB]\xSC050~1.JPG (47,81 K/S -  1 517 746 bytes)
[23:53:27] - [31] MIRKO.POZEN: Début du Téléchargement de: D:\kerberos.htx\bacup val\[FAT32]\[0175EB]\xSC050~3.JPG
[23:53:54] - [30] MIRKO.POZEN: Fichier envoyé: D:\kerberos.htx\bacup val\[FAT32]\[0175EB]\xSC050~2.JPG (50,99 K/S -  1 409 873 bytes)
[23:53:55] - [30] MIRKO.POZEN: Début du Téléchargement de: D:\kerberos.htx\bacup val\[FAT32]\[0175EB]\xSC050~4.JPG
[23:53:56] - [31] MIRKO.POZEN: Fichier envoyé: D:\kerberos.htx\bacup val\[FAT32]\[0175EB]\xSC050~3.JPG (49,42 K/S -  1 467 448 bytes)
[23:53:56] - [31] MIRKO.POZEN: Répertoire en Cours: D:\kerberos.htx\bacup val\[FAT32]\[017405]\
[23:53:56] - [31] MIRKO.POZEN: Début du Téléchargement de: D:\kerberos.htx\bacup val\[FAT32]\[017405]\x1010852.JPG
[23:54:18] - [30] MIRKO.POZEN: Fichier envoyé: D:\kerberos.htx\bacup val\[FAT32]\[0175EB]\xSC050~4.JPG (50,47 K/S -  1 188 647 bytes)
[23:54:18] - [30] MIRKO.POZEN: Répertoire en Cours: D:\kerberos.htx\bacup val\[FAT32]\[017405]\
[23:54:19] - [30] MIRKO.POZEN: Début du Téléchargement de: D:\kerberos.htx\bacup val\[FAT32]\[017405]\x1010855.JPG
[23:54:33] - [31] MIRKO.POZEN: Fichier envoyé: D:\kerberos.htx\bacup val\[FAT32]\[017405]\x1010852.JPG (50,01 K/S -  1 894 792 bytes)
[23:54:34] - [31] MIRKO.POZEN: Début du Téléchargement de: D:\kerberos.htx\bacup val\[FAT32]\[017405]\x10108~1.JPG
[23:55:02] - [30] MIRKO.POZEN: Fichier envoyé: D:\kerberos.htx\bacup val\[FAT32]\[017405]\x1010855.JPG (50,68 K/S -  2 231 535 bytes)
[23:55:02] - [30] MIRKO.POZEN: Début du Téléchargement de: D:\kerberos.htx\bacup val\[FAT32]\[017405]\x10108~2.JPG
[23:55:13] - [31] MIRKO.POZEN: Fichier envoyé: D:\kerberos.htx\bacup val\[FAT32]\[017405]\x10108~1.JPG (48,18 K/S -  1 924 133 bytes)
[23:55:13] - [31] MIRKO.POZEN: Répertoire en Cours: D:\kerberos.htx\bacup val\[FAT32]\[0173BC]\
[23:55:13] - [31] MIRKO.POZEN: Début du Téléchargement de: D:\kerberos.htx\bacup val\[FAT32]\[0173BC]\xSC05358.JPG
[23:55:36] - [31] MIRKO.POZEN: Fichier envoyé: D:\kerberos.htx\bacup val\[FAT32]\[0173BC]\xSC05358.JPG (49,50 K/S -  1 165 777 bytes)
[23:55:36] - [31] MIRKO.POZEN: Répertoire en Cours: D:\kerberos.htx\bacup val\[FAT32]\[017063]\
[23:55:36] - [31] MIRKO.POZEN: Début du Téléchargement de: D:\kerberos.htx\bacup val\[FAT32]\[017063]\x1010852.JPG
[23:55:40] - [30] MIRKO.POZEN: Fichier envoyé: D:\kerberos.htx\bacup val\[FAT32]\[017405]\x10108~2.JPG (47,90 K/S -  1 863 762 bytes)
[23:55:40] - [30] MIRKO.POZEN: Répertoire en Cours: D:\kerberos.htx\bacup val\[FAT32]\[017063]\
[23:55:41] - [30] MIRKO.POZEN: Début du Téléchargement de: D:\kerberos.htx\bacup val\[FAT32]\[017063]\x1010855.JPG
[23:56:13] - [31] MIRKO.POZEN: Fichier envoyé: D:\kerberos.htx\bacup val\[FAT32]\[017063]\x1010852.JPG (50,01 K/S -  1 894 792 bytes)
[23:56:14] - [31] MIRKO.POZEN: Début du Téléchargement de: D:\kerberos.htx\bacup val\[FAT32]\[017063]\x10108~1.JPG
[23:56:24] - [30] MIRKO.POZEN: Fichier envoyé: D:\kerberos.htx\bacup val\[FAT32]\[017063]\x1010855.JPG (50,68 K/S -  2 231 535 bytes)
[23:56:24] - [30] MIRKO.POZEN: Début du Téléchargement de: D:\kerberos.htx\bacup val\[FAT32]\[017063]\x10108~2.JPG
[23:56:48] - [31] MIRKO.POZEN: Fichier envoyé: D:\kerberos.htx\bacup val\[FAT32]\[017063]\x10108~1.JPG (55,27 K/S -  1 924 133 bytes)
[23:56:49] - [31] MIRKO.POZEN: Début du Téléchargement de: D:\kerberos.htx\bacup val\[FAT32]\[017063]\xABOUE~1.JPG
[23:57:04] - [30] MIRKO.POZEN: Fichier envoyé: D:\kerberos.htx\bacup val\[FAT32]\[017063]\x10108~2.JPG (47,15 K/S -  1 883 060 bytes)
[23:57:04] - [30] MIRKO.POZEN: Début du Téléchargement de: D:\kerberos.htx\bacup val\[FAT32]\[017063]\xANSTI~1.JPG
[23:57:21] - [31] MIRKO.POZEN: Fichier envoyé: D:\kerberos.htx\bacup val\[FAT32]\[017063]\xABOUE~1.JPG (49,24 K/S -  1 663 952 bytes)
[23:57:22] - [31] MIRKO.POZEN: Début du Téléchargement de: D:\kerberos.htx\bacup val\[FAT32]\[017063]\xANSTI~3.JPG
[23:57:34] - [30] MIRKO.POZEN: Fichier envoyé: D:\kerberos.htx\bacup val\[FAT32]\[017063]\xANSTI~1.JPG (49,25 K/S -  1 512 932 bytes)
[23:57:34] - [30] MIRKO.POZEN: Début du Téléchargement de: D:\kerberos.htx\bacup val\[FAT32]\[017063]\xSC05358.JPG
[23:57:56] - [31] MIRKO.POZEN: Fichier envoyé: D:\kerberos.htx\bacup val\[FAT32]\[017063]\xANSTI~3.JPG (46,88 K/S -  1 680 122 bytes)
[23:57:56] - [31] MIRKO.POZEN: Répertoire en Cours: D:\kerberos.htx\bacup val\[FAT32]\[0164AF]\
[23:57:57] - [31] MIRKO.POZEN: Début du Téléchargement de: D:\kerberos.htx\bacup val\[FAT32]\[0164AF]\x00405~1.JPG
[23:57:58] - [31] MIRKO.POZEN: Fichier envoyé: D:\kerberos.htx\bacup val\[FAT32]\[0164AF]\x00405~1.JPG (27,05 K/S -   55 397 bytes)
[23:57:58] - [30] MIRKO.POZEN: Fichier envoyé: D:\kerberos.htx\bacup val\[FAT32]\[017063]\xSC05358.JPG (47,44 K/S -  1 165 777 bytes)
[23:57:58] - [30] MIRKO.POZEN: Répertoire en Cours: D:\kerberos.htx\bacup val\[FAT32]\[0164AF]\
[23:57:58] - [31] MIRKO.POZEN: Début du Téléchargement de: D:\kerberos.htx\bacup val\[FAT32]\[0164AF]\x1030165.JPG
[23:57:58] - [30] MIRKO.POZEN: Début du Téléchargement de: D:\kerberos.htx\bacup val\[FAT32]\[0164AF]\x1030167.JPG
[23:58:39] - [31] MIRKO.POZEN: Fichier envoyé: D:\kerberos.htx\bacup val\[FAT32]\[0164AF]\x1030165.JPG (50,39 K/S -  2 115 686 bytes)
[23:58:40] - [31] MIRKO.POZEN: Début du Téléchargement de: D:\kerberos.htx\bacup val\[FAT32]\[0164AF]\x1030230.JPG
[23:58:40] - [30] MIRKO.POZEN: Fichier envoyé: D:\kerberos.htx\bacup val\[FAT32]\[0164AF]\x1030167.JPG (47,66 K/S -  2 049 645 bytes)
[23:58:40] - [30] MIRKO.POZEN: Début du Téléchargement de: D:\kerberos.htx\bacup val\[FAT32]\[0164AF]\x1030231.JPG
[23:59:12] - [31] MIRKO.POZEN: Fichier envoyé: D:\kerberos.htx\bacup val\[FAT32]\[0164AF]\x1030230.JPG (55,17 K/S -  1 864 450 bytes)
[23:59:12] - [31] MIRKO.POZEN: Début du Téléchargement de: D:\kerberos.htx\bacup val\[FAT32]\[0164AF]\x1030235.JPG
[23:59:22] - [30] MIRKO.POZEN: Fichier envoyé: D:\kerberos.htx\bacup val\[FAT32]\[0164AF]\x1030231.JPG (42,34 K/S -  1 820 767 bytes)
[23:59:22] - [30] MIRKO.POZEN: Début du Téléchargement de: D:\kerberos.htx\bacup val\[FAT32]\[0164AF]\x1040295.JPG
[23:59:47] - [31] MIRKO.POZEN: Fichier envoyé: D:\kerberos.htx\bacup val\[FAT32]\[0164AF]\x1030235.JPG (50,57 K/S -  1 812 493 bytes)
[23:59:47] - [31] MIRKO.POZEN: Début du Téléchargement de: D:\kerberos.htx\bacup val\[FAT32]\[0164AF]\xARDON~1.JPG
[23:59:49] - [31] MIRKO.POZEN: Fichier envoyé: D:\kerberos.htx\bacup val\[FAT32]\[0164AF]\xARDON~1.JPG (35,06 K/S -   71 804 bytes)
[23:59:50] - [31] MIRKO.POZEN: Début du Téléchargement de: D:\kerberos.htx\bacup val\[FAT32]\[0164AF]\xARDON~2.JPG
[23:59:51] - [31] MIRKO.POZEN: Fichier envoyé: D:\kerberos.htx\bacup val\[FAT32]\[0164AF]\xARDON~2.JPG (60,81 K/S -   62 272 bytes)
[23:59:52] - [31] MIRKO.POZEN: Début du Téléchargement de: D:\kerberos.htx\bacup val\[FAT32]\[0164AF]\xO2012~1.JPG
[23:59:53] - [31] MIRKO.POZEN: Fichier envoyé: D:\kerberos.htx\bacup val\[FAT32]\[0164AF]\xO2012~1.JPG (30,92 K/S -   63 318 bytes)
[23:59:53] - [31] MIRKO.POZEN: Début du Téléchargement de: D:\kerberos.htx\bacup val\[FAT32]\[0164AF]\xSC04985.JPG
[23:59:55] - [30] MIRKO.POZEN: Fichier envoyé: D:\kerberos.htx\bacup val\[FAT32]\[0164AF]\x1040295.JPG (52,78 K/S -  1 783 442 bytes)
[23:59:55] - [30] MIRKO.POZEN: Début du Téléchargement de: D:\kerberos.htx\bacup val\[FAT32]\[0164AF]\xSC04996.JPG
