[14:28:26] - Serveur Démarré
[14:28:26] - FTP Port: 21
[14:31:47] - [1] Connecté à 90.26.136.242. Collecte du Nom d'utilisateur.
[14:31:47] - [1] Usager VICTOR.POZEN Connecté IP: 90.26.136.242
[14:31:47] - [1] VICTOR.POZEN: Répertoire en Cours: D:\kerberos.htx\
[14:31:47] - [1] VICTOR.POZEN: Répertoire en Cours: D:\kerberos.htx\
[14:31:49] - [1] Client 90.26.136.242 Déconnecté (00:00:02 Min)
[14:34:16] - [2] Connecté à 90.26.136.242. Collecte du Nom d'utilisateur.
[14:34:16] - [2] Usager VICTOR.POZEN Connecté IP: 90.26.136.242
[14:34:16] - [2] VICTOR.POZEN: Répertoire en Cours: D:\kerberos.htx\
[14:34:16] - [2] VICTOR.POZEN: Répertoire en Cours: D:\kerberos.htx\
[14:34:27] - [2] VICTOR.POZEN: Répertoire en Cours: D:\kerberos.htx\exe\
[14:35:22] - [3] Connecté à 90.26.136.242. Collecte du Nom d'utilisateur.
[14:35:22] - [3] Usager VICTOR.POZEN Connecté IP: 90.26.136.242
[14:35:22] - [3] VICTOR.POZEN: Répertoire en Cours: D:\kerberos.htx\
[14:35:22] - [3] VICTOR.POZEN: Début du Téléchargement de: D:\kerberos.htx\exe\never10.exe
[14:35:22] - [3] VICTOR.POZEN: Fichier envoyé: D:\kerberos.htx\exe\never10.exe (82,98 K/S -   84 976 bytes)
[14:35:53] - [3] Client 90.26.136.242 Déconnecté (00:00:31 Min)
[16:12:45] - [0] Connexion Time-Out Pour:  VICTOR.POZEN
[16:12:45] - [2] Client 90.26.136.242 Déconnecté (01:38:28 Min)
[18:02:02] - [4] Connecté à 113.170.241.227. Collecte du Nom d'utilisateur.
[18:02:03] - [4] Usager ANONYMOUS Connecté IP: 113.170.241.227
[18:02:03] - [4] Mot de Passe Incorrect: Utilisateur ANONYMOUS IP: 113.170.241.227
[18:02:03] - [4] Client 113.170.241.227 Déconnecté (00:00:00 Min)
[19:05:14] - [5] Connecté à 90.26.136.242. Collecte du Nom d'utilisateur.
[19:05:14] - [5] Usager VICTOR.POZEN Connecté IP: 90.26.136.242
[19:05:14] - [5] VICTOR.POZEN: Répertoire en Cours: D:\kerberos.htx\
[19:05:18] - [5] VICTOR.POZEN: Répertoire en Cours: D:\kerberos.htx\
[19:53:21] - [6] Connecté à 208.109.254.179. Collecte du Nom d'utilisateur.
[19:53:21] - [6] Authentification Incorrect: Utilisateur ADMINISTRATOR IP: 208.109.254.179
[19:53:21] - [6] Client 208.109.254.179 Déconnecté (00:00:00 Min)
[20:05:42] - [0] Connexion Time-Out Pour:  VICTOR.POZEN
[20:05:42] - [5] Client 90.26.136.242 Déconnecté (01:00:27 Min)
[20:48:07] - [7] Connecté à 90.26.136.242. Collecte du Nom d'utilisateur.
[20:48:08] - [7] Usager VICTOR.POZEN Connecté IP: 90.26.136.242
[20:48:08] - [7] VICTOR.POZEN: Répertoire en Cours: D:\kerberos.htx\
[20:48:08] - [7] VICTOR.POZEN: Répertoire en Cours: D:\kerberos.htx\
[20:48:20] - [7] VICTOR.POZEN: Répertoire en Cours: D:\kerberos.htx\exe\
[21:02:34] - [7] VICTOR.POZEN: Répertoire en Cours: D:\kerberos.htx\exe\RegSupreme Pro\
[21:02:41] - [8] Connecté à 90.26.136.242. Collecte du Nom d'utilisateur.
[21:02:41] - [8] Usager VICTOR.POZEN Connecté IP: 90.26.136.242
[21:02:41] - [8] VICTOR.POZEN: Répertoire en Cours: D:\kerberos.htx\
[21:02:41] - [8] VICTOR.POZEN: Début du Téléchargement de: D:\kerberos.htx\exe\RegSupreme Pro\RegSupremePro.exe
[21:02:47] - [8] VICTOR.POZEN: Fichier envoyé: D:\kerberos.htx\exe\RegSupreme Pro\RegSupremePro.exe (61,79 K/S -   442 880 bytes)
[21:03:18] - [8] Client 90.26.136.242 Déconnecté (00:00:37 Min)
[21:03:27] - [9] Connecté à 90.26.136.242. Collecte du Nom d'utilisateur.
[21:03:27] - [9] Usager VICTOR.POZEN Connecté IP: 90.26.136.242
[21:03:27] - [9] VICTOR.POZEN: Répertoire en Cours: D:\kerberos.htx\
[21:03:28] - [9] VICTOR.POZEN: Début du Téléchargement de: D:\kerberos.htx\exe\CrucialFRScan.exe
[21:03:28] - [9] VICTOR.POZEN: Fichier envoyé: D:\kerberos.htx\exe\CrucialFRScan.exe (226,33 K/S -   231 760 bytes)
[21:03:37] - [9] VICTOR.POZEN: Début du Téléchargement de: D:\kerberos.htx\exe\DriversCloud_Win.exe
[21:03:38] - [9] VICTOR.POZEN: Fichier envoyé: D:\kerberos.htx\exe\DriversCloud_Win.exe (228,63 K/S -   234 112 bytes)
[21:03:49] - [9] VICTOR.POZEN: Début du Téléchargement de: D:\kerberos.htx\exe\Firefox Setup Stub 50.1.0.exe
[21:03:49] - [9] VICTOR.POZEN: Fichier envoyé: D:\kerberos.htx\exe\Firefox Setup Stub 50.1.0.exe (238,07 K/S -   243 784 bytes)
[21:04:11] - [9] VICTOR.POZEN: Début du Téléchargement de: D:\kerberos.htx\exe\MaConfig_7_1_5_0.exe
[21:04:20] - [9] VICTOR.POZEN: Fichier envoyé: D:\kerberos.htx\exe\MaConfig_7_1_5_0.exe (540,26 K/S -  5 532 232 bytes)
[21:04:39] - [9] VICTOR.POZEN: Début du Téléchargement de: D:\kerberos.htx\exe\Service Pack 4 (SP4) - Non-Officiel pour windows XP 32bits FR (Release 2).exe
[21:04:49] - [10] Connecté à 90.26.136.242. Collecte du Nom d'utilisateur.
[21:04:49] - [10] Usager VICTOR.POZEN Connecté IP: 90.26.136.242
[21:04:49] - [10] VICTOR.POZEN: Répertoire en Cours: D:\kerberos.htx\
[21:04:49] - [10] VICTOR.POZEN: Début du Téléchargement de: D:\kerberos.htx\exe\slimdrivers_2-3-0-1_fr_412744.exe
[21:04:51] - [10] VICTOR.POZEN: Fichier envoyé: D:\kerberos.htx\exe\slimdrivers_2-3-0-1_fr_412744.exe (479,36 K/S -   981 728 bytes)
[21:05:22] - [10] Client 90.26.136.242 Déconnecté (00:00:32 Min)
[21:07:05] - [7] Client 90.26.136.242 Déconnecté (00:18:57 Min)
[21:07:05] - [9] VICTOR.POZEN: Echec de l'envoie du Fichier: D:\kerberos.htx\exe\Service Pack 4 (SP4) - Non-Officiel pour windows XP 32bits FR (Release 2).exe (1 485,00 K/S -  220 491 776 bytes)
[21:07:05] - [9] Client 90.26.136.242 Déconnecté (00:03:37 Min)
[21:15:19] - [11] Connecté à 90.26.136.242. Collecte du Nom d'utilisateur.
[21:15:19] - [11] Usager VICTOR.POZEN Connecté IP: 90.26.136.242
[21:15:19] - [11] VICTOR.POZEN: Répertoire en Cours: D:\kerberos.htx\
[21:15:19] - [11] VICTOR.POZEN: Répertoire en Cours: D:\kerberos.htx\
[21:15:30] - [11] VICTOR.POZEN: Répertoire en Cours: D:\kerberos.htx\exe\
[21:15:41] - [11] VICTOR.POZEN: Répertoire en Cours: D:\kerberos.htx\exe\pour.xp\
[21:16:11] - [12] Connecté à 90.26.136.242. Collecte du Nom d'utilisateur.
[21:16:11] - [12] Usager VICTOR.POZEN Connecté IP: 90.26.136.242
[21:16:11] - [12] VICTOR.POZEN: Répertoire en Cours: D:\kerberos.htx\
[21:16:12] - [12] VICTOR.POZEN: Début du Téléchargement de: D:\kerberos.htx\exe\pour.xp\WINDOWSXP-KB936929-SP3-X86-FRA.EXE
[21:19:07] - [12] VICTOR.POZEN: Fichier envoyé: D:\kerberos.htx\exe\pour.xp\WINDOWSXP-KB936929-SP3-X86-FRA.EXE (1 809,28 K/S -  324 222 504 bytes)
[21:19:39] - [12] Client 90.26.136.242 Déconnecté (00:03:27 Min)
[21:29:34] - [13] Connecté à 90.26.136.242. Collecte du Nom d'utilisateur.
[21:29:34] - [13] Usager VICTOR.POZEN Connecté IP: 90.26.136.242
[21:29:34] - [13] VICTOR.POZEN: Répertoire en Cours: D:\kerberos.htx\
[21:29:34] - [13] VICTOR.POZEN: Début du Téléchargement de: D:\kerberos.htx\exe\pour.xp\WPA_Kill.exe
[21:29:36] - [13] VICTOR.POZEN: Fichier envoyé: D:\kerberos.htx\exe\pour.xp\WPA_Kill.exe (37,50 K/S -   38 400 bytes)
[21:30:08] - [13] Client 90.26.136.242 Déconnecté (00:00:33 Min)
[21:30:24] - [11] VICTOR.POZEN: Répertoire en Cours: D:\kerberos.htx\exe\hddentinel\
[21:30:25] - [14] Connecté à 90.26.136.242. Collecte du Nom d'utilisateur.
[21:30:25] - [15] Connecté à 90.26.136.242. Collecte du Nom d'utilisateur.
[21:30:25] - [14] Usager VICTOR.POZEN Connecté IP: 90.26.136.242
[21:30:25] - [14] VICTOR.POZEN: Répertoire en Cours: D:\kerberos.htx\
[21:30:25] - [15] Usager VICTOR.POZEN Connecté IP: 90.26.136.242
[21:30:25] - [15] VICTOR.POZEN: Répertoire en Cours: D:\kerberos.htx\
[21:30:25] - [14] VICTOR.POZEN: Début du Téléchargement de: D:\kerberos.htx\exe\hddentinel\hdsentinel_pro_setup.exe
[21:30:27] - [15] VICTOR.POZEN: Début du Téléchargement de: D:\kerberos.htx\exe\hddentinel\Keygen.exe
[21:30:27] - [15] VICTOR.POZEN: Fichier envoyé: D:\kerberos.htx\exe\hddentinel\Keygen.exe (29,00 K/S -   29 696 bytes)
[21:30:38] - [14] VICTOR.POZEN: Fichier envoyé: D:\kerberos.htx\exe\hddentinel\hdsentinel_pro_setup.exe (1 489,83 K/S -  18 307 080 bytes)
[21:30:58] - [15] Client 90.26.136.242 Déconnecté (00:00:32 Min)
[21:31:00] - [14] VICTOR.POZEN: Début du Téléchargement de: D:\kerberos.htx\exe\adwcleaner_6.041.exe
[21:31:03] - [14] VICTOR.POZEN: Fichier envoyé: D:\kerberos.htx\exe\adwcleaner_6.041.exe (1 294,65 K/S -  3 977 168 bytes)
[21:31:34] - [14] Client 90.26.136.242 Déconnecté (00:01:09 Min)
[21:36:46] - [11] Client 90.26.136.242 Déconnecté (00:21:27 Min)
[21:58:25] - [16] Connecté à 90.26.136.242. Collecte du Nom d'utilisateur.
[21:58:25] - [16] Usager VICTOR.POZEN Connecté IP: 90.26.136.242
[21:58:25] - [16] VICTOR.POZEN: Répertoire en Cours: D:\kerberos.htx\
[21:58:27] - [16] VICTOR.POZEN: Répertoire en Cours: D:\kerberos.htx\
[21:58:54] - [16] VICTOR.POZEN: Nouveau Répertoire: D:\kerberos.htx\gil.bois
[21:58:56] - [16] VICTOR.POZEN: Répertoire en Cours: D:\kerberos.htx\gil.bois\
[21:59:05] - [16] VICTOR.POZEN: Nouveau Répertoire: D:\kerberos.htx\gil.bois\conneri
[21:59:05] - [17] Connecté à 90.26.136.242. Collecte du Nom d'utilisateur.
[21:59:05] - [18] Connecté à 90.26.136.242. Collecte du Nom d'utilisateur.
[21:59:06] - [17] Usager VICTOR.POZEN Connecté IP: 90.26.136.242
[21:59:06] - [17] VICTOR.POZEN: Répertoire en Cours: D:\kerberos.htx\
[21:59:06] - [18] Usager VICTOR.POZEN Connecté IP: 90.26.136.242
[21:59:06] - [18] VICTOR.POZEN: Répertoire en Cours: D:\kerberos.htx\
[21:59:06] - [16] VICTOR.POZEN: Nouveau Répertoire: D:\kerberos.htx\gil.bois\conneri
[21:59:07] - [18] VICTOR.POZEN: Début d'Upload de D:\kerberos.htx\gil.bois\conneri\1188-Desert_w.wmv
[21:59:07] - [17] VICTOR.POZEN: Début d'Upload de D:\kerberos.htx\gil.bois\conneri\0-Oh putain.pps
[21:59:08] - [18] VICTOR.POZEN: Fichier Upload: D:\kerberos.htx\gil.bois\conneri\1188-Desert_w.wmv (1 551,00 K/S -  1 588 260 bytes)
[21:59:08] - [18] VICTOR.POZEN: Début d'Upload de D:\kerberos.htx\gil.bois\conneri\13162745-1.jpg
[21:59:08] - [18] VICTOR.POZEN: Fichier Upload: D:\kerberos.htx\gil.bois\conneri\13162745-1.jpg (294,91 K/S -   301 986 bytes)
[21:59:08] - [17] VICTOR.POZEN: Fichier Upload: D:\kerberos.htx\gil.bois\conneri\0-Oh putain.pps (1 034,00 K/S -  2 117 632 bytes)
[21:59:08] - [18] VICTOR.POZEN: Début d'Upload de D:\kerberos.htx\gil.bois\conneri\19775_insolites27.jpg
[21:59:10] - [18] VICTOR.POZEN: Fichier Upload: D:\kerberos.htx\gil.bois\conneri\19775_insolites27.jpg (23,44 K/S -   24 003 bytes)
[21:59:10] - [17] VICTOR.POZEN: Début d'Upload de D:\kerberos.htx\gil.bois\conneri\19775_nature-photo-insolite-1826264378.jpg
[21:59:10] - [18] VICTOR.POZEN: Début d'Upload de D:\kerberos.htx\gil.bois\conneri\201003ALCarmina_buirina.pps
[21:59:10] - [17] VICTOR.POZEN: Fichier Upload: D:\kerberos.htx\gil.bois\conneri\19775_nature-photo-insolite-1826264378.jpg (128,10 K/S -   131 175 bytes)
[21:59:10] - [17] VICTOR.POZEN: Début d'Upload de D:\kerberos.htx\gil.bois\conneri\20104.pdf
[21:59:10] - [17] VICTOR.POZEN: Fichier Upload: D:\kerberos.htx\gil.bois\conneri\20104.pdf (11,60 K/S -   11 877 bytes)
[21:59:11] - [17] VICTOR.POZEN: Début d'Upload de D:\kerberos.htx\gil.bois\conneri\2015.pps
[21:59:11] - [18] VICTOR.POZEN: Fichier Upload: D:\kerberos.htx\gil.bois\conneri\201003ALCarmina_buirina.pps (1 131,00 K/S -  1 158 144 bytes)
[21:59:11] - [17] VICTOR.POZEN: Fichier Upload: D:\kerberos.htx\gil.bois\conneri\2015.pps (372,50 K/S -   381 440 bytes)
[21:59:11] - [18] VICTOR.POZEN: Début d'Upload de D:\kerberos.htx\gil.bois\conneri\21130_distributeurdelait.jpg
[21:59:11] - [17] VICTOR.POZEN: Début d'Upload de D:\kerberos.htx\gil.bois\conneri\21130_Vegetal_02.jpg
[21:59:11] - [18] VICTOR.POZEN: Fichier Upload: D:\kerberos.htx\gil.bois\conneri\21130_distributeurdelait.jpg (67,42 K/S -   69 040 bytes)
[21:59:12] - [17] VICTOR.POZEN: Fichier Upload: D:\kerberos.htx\gil.bois\conneri\21130_Vegetal_02.jpg (60,49 K/S -   61 941 bytes)
[21:59:12] - [18] VICTOR.POZEN: Début d'Upload de D:\kerberos.htx\gil.bois\conneri\22193-Trouve le point rouge !.pps
[21:59:12] - [16] VICTOR.POZEN: Nouveau Répertoire: D:\kerberos.htx\gil.bois\Edith Piaf
[21:59:12] - [17] VICTOR.POZEN: Début d'Upload de D:\kerberos.htx\gil.bois\conneri\2_Femmes_au_Ciel.pps
[21:59:12] - [17] VICTOR.POZEN: Fichier Upload: D:\kerberos.htx\gil.bois\conneri\2_Femmes_au_Ciel.pps (271,50 K/S -   278 016 bytes)
[21:59:12] - [16] VICTOR.POZEN: Nouveau Répertoire: D:\kerberos.htx\gil.bois\Edith Piaf
[21:59:12] - [16] VICTOR.POZEN: Nouveau Répertoire: D:\kerberos.htx\gil.bois\Edith Piaf\44 Original Recordings Disc 2
[21:59:12] - [17] VICTOR.POZEN: Début d'Upload de D:\kerberos.htx\gil.bois\conneri\2_pretres_en_vacances_yy.pps
[21:59:12] - [18] VICTOR.POZEN: Fichier Upload: D:\kerberos.htx\gil.bois\conneri\22193-Trouve le point rouge !.pps (717,50 K/S -   734 720 bytes)
[21:59:12] - [16] VICTOR.POZEN: Nouveau Répertoire: D:\kerberos.htx\gil.bois\Edith Piaf\44 Original Recordings Disc 2
[21:59:13] - [16] VICTOR.POZEN: Nouveau Répertoire: D:\kerberos.htx\gil.bois\Edith Piaf\edith piaf cd
[21:59:13] - [18] VICTOR.POZEN: Début d'Upload de D:\kerberos.htx\gil.bois\conneri\39351C717B744CE799244F8421D30FA0.jpeg
[21:59:13] - [16] VICTOR.POZEN: Nouveau Répertoire: D:\kerberos.htx\gil.bois\Edith Piaf\edith piaf cd
[21:59:13] - [16] VICTOR.POZEN: Nouveau Répertoire: D:\kerberos.htx\gil.bois\Edith Piaf\edith piaf cd\Album inconnu (23-10-2010 11-04-41)
[21:59:13] - [18] VICTOR.POZEN: Fichier Upload: D:\kerberos.htx\gil.bois\conneri\39351C717B744CE799244F8421D30FA0.jpeg (62,34 K/S -   63 839 bytes)
[21:59:13] - [16] VICTOR.POZEN: Nouveau Répertoire: D:\kerberos.htx\gil.bois\Edith Piaf\edith piaf cd\Album inconnu (23-10-2010 11-04-41)
[21:59:13] - [16] VICTOR.POZEN: Nouveau Répertoire: D:\kerberos.htx\gil.bois\Edith Piaf\La Vie en Rose [Prism]
[21:59:13] - [17] VICTOR.POZEN: Fichier Upload: D:\kerberos.htx\gil.bois\conneri\2_pretres_en_vacances_yy.pps (584,50 K/S -   598 528 bytes)
[21:59:13] - [16] VICTOR.POZEN: Nouveau Répertoire: D:\kerberos.htx\gil.bois\Edith Piaf\La Vie en Rose [Prism]
[21:59:13] - [18] VICTOR.POZEN: Début d'Upload de D:\kerberos.htx\gil.bois\conneri\5246.pps
[21:59:13] - [17] VICTOR.POZEN: Début d'Upload de D:\kerberos.htx\gil.bois\conneri\67686_midi.pps
[21:59:14] - [18] VICTOR.POZEN: Fichier Upload: D:\kerberos.htx\gil.bois\conneri\5246.pps (716,50 K/S -   733 696 bytes)
[21:59:14] - [18] VICTOR.POZEN: Début d'Upload de D:\kerberos.htx\gil.bois\conneri\69_TRES_COCHON.pps
[21:59:14] - [17] VICTOR.POZEN: Fichier Upload: D:\kerberos.htx\gil.bois\conneri\67686_midi.pps (1 099,50 K/S -  1 125 888 bytes)
[21:59:14] - [17] VICTOR.POZEN: Début d'Upload de D:\kerberos.htx\gil.bois\conneri\73107-IMMIGRATION-2.wmv
[21:59:15] - [18] VICTOR.POZEN: Fichier Upload: D:\kerberos.htx\gil.bois\conneri\69_TRES_COCHON.pps (547,00 K/S -   560 128 bytes)
[21:59:15] - [18] VICTOR.POZEN: Début d'Upload de D:\kerberos.htx\gil.bois\conneri\81953-Faites_des_reserves.pdf
[21:59:15] - [18] VICTOR.POZEN: Fichier Upload: D:\kerberos.htx\gil.bois\conneri\81953-Faites_des_reserves.pdf (497,26 K/S -   509 196 bytes)
[21:59:15] - [18] VICTOR.POZEN: Début d'Upload de D:\kerberos.htx\gil.bois\conneri\910 LE CRI DE TARZAN.pps
[21:59:16] - [17] VICTOR.POZEN: Fichier Upload: D:\kerberos.htx\gil.bois\conneri\73107-IMMIGRATION-2.wmv (1 589,10 K/S -  1 627 248 bytes)
[21:59:16] - [17] VICTOR.POZEN: Début d'Upload de D:\kerberos.htx\gil.bois\conneri\93158-l-_elysee.pdf
[21:59:16] - [18] VICTOR.POZEN: Fichier Upload: D:\kerberos.htx\gil.bois\conneri\910 LE CRI DE TARZAN.pps (791,00 K/S -   809 984 bytes)
[21:59:16] - [17] VICTOR.POZEN: Fichier Upload: D:\kerberos.htx\gil.bois\conneri\93158-l-_elysee.pdf (273,64 K/S -   280 211 bytes)
[21:59:16] - [17] VICTOR.POZEN: Début d'Upload de D:\kerberos.htx\gil.bois\conneri\Adieu-92.pps
[21:59:16] - [18] VICTOR.POZEN: Début d'Upload de D:\kerberos.htx\gil.bois\conneri\adam.pps
[21:59:17] - [18] VICTOR.POZEN: Fichier Upload: D:\kerberos.htx\gil.bois\conneri\adam.pps (48,50 K/S -   49 664 bytes)
[21:59:17] - [18] VICTOR.POZEN: Début d'Upload de D:\kerberos.htx\gil.bois\conneri\Affiche-cine-com.pps
[21:59:19] - [17] VICTOR.POZEN: Fichier Upload: D:\kerberos.htx\gil.bois\conneri\Adieu-92.pps (1 353,80 K/S -  2 772 480 bytes)
[21:59:19] - [17] VICTOR.POZEN: Début d'Upload de D:\kerberos.htx\gil.bois\conneri\allo pizza.wmv
[21:59:21] - [17] VICTOR.POZEN: Fichier Upload: D:\kerberos.htx\gil.bois\conneri\allo pizza.wmv (1 398,90 K/S -  2 864 890 bytes)
[21:59:21] - [17] VICTOR.POZEN: Début d'Upload de D:\kerberos.htx\gil.bois\conneri\AlphabetMICHEL.pps
[21:59:22] - [18] VICTOR.POZEN: Fichier Upload: D:\kerberos.htx\gil.bois\conneri\Affiche-cine-com.pps (1 260,90 K/S -  6 455 808 bytes)
[21:59:22] - [18] VICTOR.POZEN: Début d'Upload de D:\kerberos.htx\gil.bois\conneri\Appel aux dons.jpg
[21:59:22] - [18] VICTOR.POZEN: Fichier Upload: D:\kerberos.htx\gil.bois\conneri\Appel aux dons.jpg (154,66 K/S -   158 372 bytes)
[21:59:23] - [18] VICTOR.POZEN: Début d'Upload de D:\kerberos.htx\gil.bois\conneri\appelatemoin.pps
[21:59:23] - [17] VICTOR.POZEN: Fichier Upload: D:\kerberos.htx\gil.bois\conneri\AlphabetMICHEL.pps (1 521,00 K/S -  1 557 504 bytes)
[21:59:23] - [17] VICTOR.POZEN: Début d'Upload de D:\kerberos.htx\gil.bois\conneri\APTONYMESFRANCIS[1].pps
[21:59:23] - [18] VICTOR.POZEN: Fichier Upload: D:\kerberos.htx\gil.bois\conneri\appelatemoin.pps (740,00 K/S -   757 760 bytes)
[21:59:23] - [18] VICTOR.POZEN: Début d'Upload de D:\kerberos.htx\gil.bois\conneri\Argent1.wmv
[21:59:24] - [16] VICTOR.POZEN: Nouveau Répertoire: D:\kerberos.htx\gil.bois\Mes images
[21:59:24] - [16] VICTOR.POZEN: Nouveau Répertoire: D:\kerberos.htx\gil.bois\Mes images
[21:59:24] - [16] VICTOR.POZEN: Nouveau Répertoire: D:\kerberos.htx\gil.bois\Mes images\photos
[21:59:24] - [16] VICTOR.POZEN: Nouveau Répertoire: D:\kerberos.htx\gil.bois\Mes images\photos
[21:59:25] - [17] VICTOR.POZEN: Fichier Upload: D:\kerberos.htx\gil.bois\conneri\APTONYMESFRANCIS[1].pps (1 183,30 K/S -  2 423 296 bytes)
[21:59:25] - [17] VICTOR.POZEN: Début d'Upload de D:\kerberos.htx\gil.bois\conneri\armee_belge.wmv
[21:59:28] - [17] VICTOR.POZEN: Fichier Upload: D:\kerberos.htx\gil.bois\conneri\armee_belge.wmv (979,80 K/S -  3 009 957 bytes)
[21:59:28] - [17] VICTOR.POZEN: Début d'Upload de D:\kerberos.htx\gil.bois\conneri\astuce.wmv
[21:59:30] - [18] VICTOR.POZEN: Fichier Upload: D:\kerberos.htx\gil.bois\conneri\Argent1.wmv (1 203,60 K/S -  7 394 782 bytes)
[21:59:30] - [18] VICTOR.POZEN: Début d'Upload de D:\kerberos.htx\gil.bois\conneri\ATT344411.jpg
[21:59:30] - [18] VICTOR.POZEN: Fichier Upload: D:\kerberos.htx\gil.bois\conneri\ATT344411.jpg (88,51 K/S -   90 631 bytes)
[21:59:30] - [18] VICTOR.POZEN: Début d'Upload de D:\kerberos.htx\gil.bois\conneri\Attention_danger.pps
[21:59:31] - [17] VICTOR.POZEN: Fichier Upload: D:\kerberos.htx\gil.bois\conneri\astuce.wmv (1 159,70 K/S -  3 562 550 bytes)
[21:59:31] - [18] VICTOR.POZEN: Fichier Upload: D:\kerberos.htx\gil.bois\conneri\Attention_danger.pps (748,50 K/S -   766 464 bytes)
[21:59:31] - [17] VICTOR.POZEN: Début d'Upload de D:\kerberos.htx\gil.bois\conneri\autoradio.wmv
[21:59:31] - [18] VICTOR.POZEN: Début d'Upload de D:\kerberos.htx\gil.bois\conneri\Auto_salon_.wmv
[21:59:31] - [17] VICTOR.POZEN: Fichier Upload: D:\kerberos.htx\gil.bois\conneri\autoradio.wmv (679,00 K/S -   695 296 bytes)
[21:59:32] - [17] VICTOR.POZEN: Début d'Upload de D:\kerberos.htx\gil.bois\conneri\a_cheval_ou_a_velo MC.pps
[21:59:32] - [17] VICTOR.POZEN: Fichier Upload: D:\kerberos.htx\gil.bois\conneri\a_cheval_ou_a_velo MC.pps (441,00 K/S -   451 584 bytes)
[21:59:32] - [17] VICTOR.POZEN: Début d'Upload de D:\kerberos.htx\gil.bois\conneri\BAC_des_banlieues.pps
[21:59:33] - [17] VICTOR.POZEN: Fichier Upload: D:\kerberos.htx\gil.bois\conneri\BAC_des_banlieues.pps (101,00 K/S -   103 424 bytes)
[21:59:33] - [17] VICTOR.POZEN: Début d'Upload de D:\kerberos.htx\gil.bois\conneri\bd_nettoyage_a_sec.pps
[21:59:34] - [17] VICTOR.POZEN: Fichier Upload: D:\kerberos.htx\gil.bois\conneri\bd_nettoyage_a_sec.pps (1 066,50 K/S -  1 092 096 bytes)
[21:59:34] - [17] VICTOR.POZEN: Début d'Upload de D:\kerberos.htx\gil.bois\conneri\best_fails_of_2009_part_1.wmv
[21:59:37] - [18] VICTOR.POZEN: Fichier Upload: D:\kerberos.htx\gil.bois\conneri\Auto_salon_.wmv (1 183,60 K/S -  7 271 851 bytes)
[21:59:37] - [18] VICTOR.POZEN: Début d'Upload de D:\kerberos.htx\gil.bois\conneri\BigBroth.wmv
[21:59:38] - [17] VICTOR.POZEN: Fichier Upload: D:\kerberos.htx\gil.bois\conneri\best_fails_of_2009_part_1.wmv (1 660,70 K/S -  6 802 389 bytes)
[21:59:38] - [17] VICTOR.POZEN: Début d'Upload de D:\kerberos.htx\gil.bois\conneri\blonde en kit dom.pps
[21:59:40] - [17] VICTOR.POZEN: Fichier Upload: D:\kerberos.htx\gil.bois\conneri\blonde en kit dom.pps (1 535,50 K/S -  1 572 352 bytes)
[21:59:40] - [17] VICTOR.POZEN: Début d'Upload de D:\kerberos.htx\gil.bois\conneri\bonne_journ-e.pps
[21:59:40] - [17] VICTOR.POZEN: Fichier Upload: D:\kerberos.htx\gil.bois\conneri\bonne_journ-e.pps (296,50 K/S -   303 616 bytes)
[21:59:40] - [17] VICTOR.POZEN: Début d'Upload de D:\kerberos.htx\gil.bois\conneri\BORRACHO.wmv
[21:59:41] - [18] VICTOR.POZEN: Fichier Upload: D:\kerberos.htx\gil.bois\conneri\BigBroth.wmv (1 190,70 K/S -  6 096 153 bytes)
[21:59:42] - [18] VICTOR.POZEN: Début d'Upload de D:\kerberos.htx\gil.bois\conneri\Botijo.mpg
[21:59:42] - [17] VICTOR.POZEN: Fichier Upload: D:\kerberos.htx\gil.bois\conneri\BORRACHO.wmv (1 330,90 K/S -  2 725 695 bytes)
[21:59:43] - [17] VICTOR.POZEN: Début d'Upload de D:\kerberos.htx\gil.bois\conneri\Burros moros.wmv
[21:59:43] - [18] VICTOR.POZEN: Fichier Upload: D:\kerberos.htx\gil.bois\conneri\Botijo.mpg (1 212,00 K/S -  1 241 092 bytes)
[21:59:43] - [18] VICTOR.POZEN: Début d'Upload de D:\kerberos.htx\gil.bois\conneri\c5c3fda8712d400961feb48eae186df0.wmv
[21:59:43] - [17] VICTOR.POZEN: Fichier Upload: D:\kerberos.htx\gil.bois\conneri\Burros moros.wmv (430,19 K/S -   440 514 bytes)
[21:59:43] - [17] VICTOR.POZEN: Début d'Upload de D:\kerberos.htx\gil.bois\conneri\calendrier de l'avant pour Monsieur.PPS
[21:59:44] - [18] VICTOR.POZEN: Fichier Upload: D:\kerberos.htx\gil.bois\conneri\c5c3fda8712d400961feb48eae186df0.wmv (1 205,40 K/S -  1 234 321 bytes)
[21:59:44] - [18] VICTOR.POZEN: Début d'Upload de D:\kerberos.htx\gil.bois\conneri\calendrier_des_secretaires_2011.pps
[21:59:45] - [18] VICTOR.POZEN: Fichier Upload: D:\kerberos.htx\gil.bois\conneri\calendrier_des_secretaires_2011.pps (1 357,00 K/S -  1 389 568 bytes)
[21:59:46] - [18] VICTOR.POZEN: Début d'Upload de D:\kerberos.htx\gil.bois\conneri\Car_Truck_AccidentsDeCamions.pps
[21:59:46] - [17] VICTOR.POZEN: Fichier Upload: D:\kerberos.htx\gil.bois\conneri\calendrier de l'avant pour Monsieur.PPS (926,83 K/S -  2 847 232 bytes)
[21:59:46] - [17] VICTOR.POZEN: Début d'Upload de D:\kerberos.htx\gil.bois\conneri\Ce_que_nos_yeux_ne_peuvent_voir S.PPS
[21:59:47] - [17] VICTOR.POZEN: Fichier Upload: D:\kerberos.htx\gil.bois\conneri\Ce_que_nos_yeux_ne_peuvent_voir S.PPS (749,00 K/S -  1 533 952 bytes)
[21:59:48] - [17] VICTOR.POZEN: Début d'Upload de D:\kerberos.htx\gil.bois\conneri\Chanson_qui_fait_fureur_au_CANADA_--.pps
[21:59:48] - [18] VICTOR.POZEN: Fichier Upload: D:\kerberos.htx\gil.bois\conneri\Car_Truck_AccidentsDeCamions.pps (1 277,50 K/S -  3 924 480 bytes)
[21:59:49] - [18] VICTOR.POZEN: Début d'Upload de D:\kerberos.htx\gil.bois\conneri\Chasse au Texas.pps
[21:59:49] - [17] VICTOR.POZEN: Fichier Upload: D:\kerberos.htx\gil.bois\conneri\Chanson_qui_fait_fureur_au_CANADA_--.pps (2 138,50 K/S -  2 189 824 bytes)
[21:59:49] - [17] VICTOR.POZEN: Début d'Upload de D:\kerberos.htx\gil.bois\conneri\Citations_fesses_et_seins.pps
[21:59:50] - [18] VICTOR.POZEN: Fichier Upload: D:\kerberos.htx\gil.bois\conneri\Chasse au Texas.pps (1 961,00 K/S -  2 008 064 bytes)
[21:59:50] - [18] VICTOR.POZEN: Début d'Upload de D:\kerberos.htx\gil.bois\conneri\classe_eco.wmv
[21:59:51] - [18] VICTOR.POZEN: Fichier Upload: D:\kerberos.htx\gil.bois\conneri\classe_eco.wmv (703,50 K/S -   720 384 bytes)
[21:59:51] - [18] VICTOR.POZEN: Début d'Upload de D:\kerberos.htx\gil.bois\conneri\comique_B.D._x_FL.pps
[21:59:51] - [18] VICTOR.POZEN: Fichier Upload: D:\kerberos.htx\gil.bois\conneri\comique_B.D._x_FL.pps (309,50 K/S -   316 928 bytes)
[21:59:52] - [18] VICTOR.POZEN: Début d'Upload de D:\kerberos.htx\gil.bois\conneri\Comparatif.pps
[21:59:52] - [17] VICTOR.POZEN: Fichier Upload: D:\kerberos.htx\gil.bois\conneri\Citations_fesses_et_seins.pps (1 260,80 K/S -  2 582 016 bytes)
[21:59:52] - [17] VICTOR.POZEN: Début d'Upload de D:\kerberos.htx\gil.bois\conneri\Coolpictures-zene-BobMarley.pps
[21:59:53] - [18] VICTOR.POZEN: Fichier Upload: D:\kerberos.htx\gil.bois\conneri\Comparatif.pps (1 522,00 K/S -  1 558 528 bytes)
[21:59:53] - [18] VICTOR.POZEN: Début d'Upload de D:\kerberos.htx\gil.bois\conneri\cubaine_au_travail.mpg
[21:59:55] - [18] VICTOR.POZEN: Fichier Upload: D:\kerberos.htx\gil.bois\conneri\cubaine_au_travail.mpg (1 195,20 K/S -  2 447 784 bytes)
[21:59:55] - [18] VICTOR.POZEN: Début d'Upload de D:\kerberos.htx\gil.bois\conneri\Cuisine en colocation.wmv
[21:59:56] - [17] VICTOR.POZEN: Fichier Upload: D:\kerberos.htx\gil.bois\conneri\Coolpictures-zene-BobMarley.pps (1 381,00 K/S -  5 656 576 bytes)
[21:59:56] - [17] VICTOR.POZEN: Début d'Upload de D:\kerberos.htx\gil.bois\conneri\CVCuriCu93.pdf
[21:59:56] - [17] VICTOR.POZEN: Fichier Upload: D:\kerberos.htx\gil.bois\conneri\CVCuriCu93.pdf (66,65 K/S -   68 254 bytes)
[21:59:56] - [17] VICTOR.POZEN: Début d'Upload de D:\kerberos.htx\gil.bois\conneri\dakar_serpent.pps
[21:59:57] - [17] VICTOR.POZEN: Fichier Upload: D:\kerberos.htx\gil.bois\conneri\dakar_serpent.pps (936,50 K/S -   958 976 bytes)
[21:59:57] - [17] VICTOR.POZEN: Début d'Upload de D:\kerberos.htx\gil.bois\conneri\DalaiLama.pps
[21:59:58] - [18] VICTOR.POZEN: Fichier Upload: D:\kerberos.htx\gil.bois\conneri\Cuisine en colocation.wmv (1 542,50 K/S -  4 738 594 bytes)
[21:59:58] - [18] VICTOR.POZEN: Début d'Upload de D:\kerberos.htx\gil.bois\conneri\dans_le_noir.pps
[21:59:59] - [18] VICTOR.POZEN: Fichier Upload: D:\kerberos.htx\gil.bois\conneri\dans_le_noir.pps (313,50 K/S -   321 024 bytes)
[21:59:59] - [17] VICTOR.POZEN: Fichier Upload: D:\kerberos.htx\gil.bois\conneri\DalaiLama.pps (1 968,50 K/S -  2 015 744 bytes)
[21:59:59] - [18] VICTOR.POZEN: Début d'Upload de D:\kerberos.htx\gil.bois\conneri\dede_excellent.pps
[21:59:59] - [17] VICTOR.POZEN: Début d'Upload de D:\kerberos.htx\gil.bois\conneri\deep_solace.jpg
[21:59:59] - [17] VICTOR.POZEN: Fichier Upload: D:\kerberos.htx\gil.bois\conneri\deep_solace.jpg (15,27 K/S -   15 640 bytes)
[21:59:59] - [17] VICTOR.POZEN: Début d'Upload de D:\kerberos.htx\gil.bois\conneri\Deuxquestions.pps
[22:00:00] - [18] VICTOR.POZEN: Fichier Upload: D:\kerberos.htx\gil.bois\conneri\dede_excellent.pps (576,00 K/S -   589 824 bytes)
[22:00:00] - [18] VICTOR.POZEN: Début d'Upload de D:\kerberos.htx\gil.bois\conneri\DIFFERENCES.pps
[22:00:00] - [17] VICTOR.POZEN: Fichier Upload: D:\kerberos.htx\gil.bois\conneri\Deuxquestions.pps (159,50 K/S -   163 328 bytes)
[22:00:00] - [17] VICTOR.POZEN: Début d'Upload de D:\kerberos.htx\gil.bois\conneri\DSCN1008.JPG
[22:00:01] - [18] VICTOR.POZEN: Fichier Upload: D:\kerberos.htx\gil.bois\conneri\DIFFERENCES.pps (546,50 K/S -   559 616 bytes)
[22:00:01] - [18] VICTOR.POZEN: Début d'Upload de D:\kerberos.htx\gil.bois\conneri\DSCN1009.JPG
[22:00:04] - [17] VICTOR.POZEN: Fichier Upload: D:\kerberos.htx\gil.bois\conneri\DSCN1008.JPG (543,61 K/S -  2 226 611 bytes)
[22:00:04] - [17] VICTOR.POZEN: Début d'Upload de D:\kerberos.htx\gil.bois\conneri\DSCN1010.JPG
[22:00:05] - [18] VICTOR.POZEN: Fichier Upload: D:\kerberos.htx\gil.bois\conneri\DSCN1009.JPG (571,77 K/S -  2 341 976 bytes)
[22:00:05] - [18] VICTOR.POZEN: Début d'Upload de D:\kerberos.htx\gil.bois\conneri\Effetkisspascool.wmv
[22:00:06] - [18] VICTOR.POZEN: Fichier Upload: D:\kerberos.htx\gil.bois\conneri\Effetkisspascool.wmv (828,00 K/S -   847 872 bytes)
[22:00:06] - [18] VICTOR.POZEN: Début d'Upload de D:\kerberos.htx\gil.bois\conneri\Enfin_une_explication_-.pps
[22:00:07] - [17] VICTOR.POZEN: Fichier Upload: D:\kerberos.htx\gil.bois\conneri\DSCN1010.JPG (1 152,30 K/S -  2 359 840 bytes)
[22:00:07] - [17] VICTOR.POZEN: Début d'Upload de D:\kerberos.htx\gil.bois\conneri\Excuse_Convaincante- HISTOIRE- herdier.pps
[22:00:07] - [17] VICTOR.POZEN: Fichier Upload: D:\kerberos.htx\gil.bois\conneri\Excuse_Convaincante- HISTOIRE- herdier.pps (231,00 K/S -   236 544 bytes)
[22:00:07] - [17] VICTOR.POZEN: Début d'Upload de D:\kerberos.htx\gil.bois\conneri\Femmesoubagnoles1.pps
[22:00:08] - [18] VICTOR.POZEN: Fichier Upload: D:\kerberos.htx\gil.bois\conneri\Enfin_une_explication_-.pps (955,25 K/S -  1 956 352 bytes)
[22:00:09] - [18] VICTOR.POZEN: Début d'Upload de D:\kerberos.htx\gil.bois\conneri\femmes_femmes_femmes.pps
[22:00:11] - [17] VICTOR.POZEN: Fichier Upload: D:\kerberos.htx\gil.bois\conneri\Femmesoubagnoles1.pps (945,50 K/S -  2 904 576 bytes)
[22:00:11] - [17] VICTOR.POZEN: Début d'Upload de D:\kerberos.htx\gil.bois\conneri\femme_10.jpg
[22:00:11] - [17] VICTOR.POZEN: Fichier Upload: D:\kerberos.htx\gil.bois\conneri\femme_10.jpg (18,77 K/S -   19 222 bytes)
[22:00:12] - [17] VICTOR.POZEN: Début d'Upload de D:\kerberos.htx\gil.bois\conneri\Ferrari_Wordl_2010_-_JM.pps
[22:00:12] - [18] VICTOR.POZEN: Fichier Upload: D:\kerberos.htx\gil.bois\conneri\femmes_femmes_femmes.pps (732,75 K/S -  3 001 344 bytes)
[22:00:13] - [18] VICTOR.POZEN: Début d'Upload de D:\kerberos.htx\gil.bois\conneri\Financement_du_terrorisme.pps
[22:00:15] - [18] VICTOR.POZEN: Fichier Upload: D:\kerberos.htx\gil.bois\conneri\Financement_du_terrorisme.pps (709,75 K/S -  1 453 568 bytes)
[22:00:15] - [18] VICTOR.POZEN: Début d'Upload de D:\kerberos.htx\gil.bois\conneri\Frimeur_Italien1.mpg
[22:00:17] - [18] VICTOR.POZEN: Fichier Upload: D:\kerberos.htx\gil.bois\conneri\Frimeur_Italien1.mpg (715,00 K/S -  1 464 324 bytes)
[22:00:17] - [18] VICTOR.POZEN: Début d'Upload de D:\kerberos.htx\gil.bois\conneri\Frimeur_portuguais2.mpg
[22:00:18] - [17] VICTOR.POZEN: Fichier Upload: D:\kerberos.htx\gil.bois\conneri\Ferrari_Wordl_2010_-_JM.pps (824,14 K/S -  5 907 456 bytes)
[22:00:19] - [17] VICTOR.POZEN: Début d'Upload de D:\kerberos.htx\gil.bois\conneri\Ganas de mobilizarse.pps
[22:00:19] - [18] VICTOR.POZEN: Fichier Upload: D:\kerberos.htx\gil.bois\conneri\Frimeur_portuguais2.mpg (699,01 K/S -  1 431 568 bytes)
[22:00:19] - [18] VICTOR.POZEN: Début d'Upload de D:\kerberos.htx\gil.bois\conneri\Gardons nos caissieres JFM.wmv
[22:00:25] - [18] VICTOR.POZEN: Fichier Upload: D:\kerberos.htx\gil.bois\conneri\Gardons nos caissieres JFM.wmv (856,34 K/S -  5 261 328 bytes)
[22:00:25] - [18] VICTOR.POZEN: Début d'Upload de D:\kerberos.htx\gil.bois\conneri\Gouffres_c-l-bres.pdf
[22:00:26] - [18] VICTOR.POZEN: Fichier Upload: D:\kerberos.htx\gil.bois\conneri\Gouffres_c-l-bres.pdf (394,51 K/S -   403 978 bytes)
[22:00:26] - [18] VICTOR.POZEN: Début d'Upload de D:\kerberos.htx\gil.bois\conneri\GPS_mystere.pps
[22:00:27] - [17] VICTOR.POZEN: Fichier Upload: D:\kerberos.htx\gil.bois\conneri\Ganas de mobilizarse.pps (826,81 K/S -  6 773 248 bytes)
[22:00:27] - [17] VICTOR.POZEN: Début d'Upload de D:\kerberos.htx\gil.bois\conneri\grandsmeres2.pps
[22:00:29] - [17] VICTOR.POZEN: Fichier Upload: D:\kerberos.htx\gil.bois\conneri\grandsmeres2.pps (921,25 K/S -  1 886 720 bytes)
[22:00:29] - [17] VICTOR.POZEN: Début d'Upload de D:\kerberos.htx\gil.bois\conneri\Grenouilles.pps
[22:00:30] - [18] VICTOR.POZEN: Fichier Upload: D:\kerberos.htx\gil.bois\conneri\GPS_mystere.pps (951,00 K/S -  2 921 472 bytes)
[22:00:30] - [18] VICTOR.POZEN: Début d'Upload de D:\kerberos.htx\gil.bois\conneri\Grippedupoule.pps
[22:00:30] - [18] VICTOR.POZEN: Fichier Upload: D:\kerberos.htx\gil.bois\conneri\Grippedupoule.pps (108,50 K/S -   111 104 bytes)
[22:00:30] - [18] VICTOR.POZEN: Début d'Upload de D:\kerberos.htx\gil.bois\conneri\Hoezo keren met een aanhanger.wmv
[22:00:30] - [17] VICTOR.POZEN: Fichier Upload: D:\kerberos.htx\gil.bois\conneri\Grenouilles.pps (771,50 K/S -   790 016 bytes)
[22:00:30] - [17] VICTOR.POZEN: Début d'Upload de D:\kerberos.htx\gil.bois\conneri\Hoooputain.pps
[22:00:33] - [17] VICTOR.POZEN: Fichier Upload: D:\kerberos.htx\gil.bois\conneri\Hoooputain.pps (967,50 K/S -  1 981 440 bytes)
[22:00:33] - [17] VICTOR.POZEN: Début d'Upload de D:\kerberos.htx\gil.bois\conneri\horsekick4.wmv
[22:00:35] - [17] VICTOR.POZEN: Fichier Upload: D:\kerberos.htx\gil.bois\conneri\horsekick4.wmv (648,04 K/S -  1 327 190 bytes)
[22:00:35] - [17] VICTOR.POZEN: Début d'Upload de D:\kerberos.htx\gil.bois\conneri\ho_hoooo.wmv
[22:00:35] - [18] VICTOR.POZEN: Fichier Upload: D:\kerberos.htx\gil.bois\conneri\Hoezo keren met een aanhanger.wmv (1 010,90 K/S -  4 140 756 bytes)
[22:00:35] - [18] VICTOR.POZEN: Début d'Upload de D:\kerberos.htx\gil.bois\conneri\HTELMA~1.PPS
[22:00:38] - [17] VICTOR.POZEN: Fichier Upload: D:\kerberos.htx\gil.bois\conneri\ho_hoooo.wmv (1 033,10 K/S -  3 173 610 bytes)
[22:00:38] - [17] VICTOR.POZEN: Début d'Upload de D:\kerberos.htx\gil.bois\conneri\ignominie.pdf
[22:00:38] - [17] VICTOR.POZEN: Fichier Upload: D:\kerberos.htx\gil.bois\conneri\ignominie.pdf (223,37 K/S -   228 733 bytes)
[22:00:38] - [17] VICTOR.POZEN: Début d'Upload de D:\kerberos.htx\gil.bois\conneri\IL FAUT LE DIRE3.pps
[22:00:40] - [18] VICTOR.POZEN: Fichier Upload: D:\kerberos.htx\gil.bois\conneri\HTELMA~1.PPS (1 005,50 K/S -  5 148 160 bytes)
[22:00:40] - [18] VICTOR.POZEN: Début d'Upload de D:\kerberos.htx\gil.bois\conneri\In The Bed.pps
[22:00:41] - [18] VICTOR.POZEN: Fichier Upload: D:\kerberos.htx\gil.bois\conneri\In The Bed.pps (1 181,00 K/S -  1 209 344 bytes)
[22:00:41] - [18] VICTOR.POZEN: Début d'Upload de D:\kerberos.htx\gil.bois\conneri\insolite-038.jpg
[22:00:42] - [18] VICTOR.POZEN: Fichier Upload: D:\kerberos.htx\gil.bois\conneri\insolite-038.jpg (16,82 K/S -   17 224 bytes)
[22:00:42] - [18] VICTOR.POZEN: Début d'Upload de D:\kerberos.htx\gil.bois\conneri\insolite2.jpg
[22:00:42] - [18] VICTOR.POZEN: Fichier Upload: D:\kerberos.htx\gil.bois\conneri\insolite2.jpg (25,65 K/S -   26 261 bytes)
[22:00:42] - [18] VICTOR.POZEN: Début d'Upload de D:\kerberos.htx\gil.bois\conneri\jesuispapa.pps
[22:00:42] - [18] VICTOR.POZEN: Fichier Upload: D:\kerberos.htx\gil.bois\conneri\jesuispapa.pps (46,00 K/S -   47 104 bytes)
[22:00:42] - [18] VICTOR.POZEN: Début d'Upload de D:\kerberos.htx\gil.bois\conneri\Jeunefilleprisedansunecloture._1.pps
[22:00:44] - [18] VICTOR.POZEN: Fichier Upload: D:\kerberos.htx\gil.bois\conneri\Jeunefilleprisedansunecloture._1.pps (609,75 K/S -  1 248 768 bytes)
[22:00:44] - [18] VICTOR.POZEN: Début d'Upload de D:\kerberos.htx\gil.bois\conneri\Je_soussign-e.pps
[22:00:45] - [18] VICTOR.POZEN: Fichier Upload: D:\kerberos.htx\gil.bois\conneri\Je_soussign-e.pps (616,00 K/S -   630 784 bytes)
[22:00:45] - [18] VICTOR.POZEN: Début d'Upload de D:\kerberos.htx\gil.bois\conneri\Jogging.wmv
[22:00:46] - [17] VICTOR.POZEN: Fichier Upload: D:\kerberos.htx\gil.bois\conneri\IL FAUT LE DIRE3.pps (973,50 K/S -  6 978 048 bytes)
[22:00:46] - [17] VICTOR.POZEN: Début d'Upload de D:\kerberos.htx\gil.bois\conneri\jslandbadly3.wmv
[22:00:48] - [17] VICTOR.POZEN: Fichier Upload: D:\kerberos.htx\gil.bois\conneri\jslandbadly3.wmv (1 139,70 K/S -  1 167 006 bytes)
[22:00:48] - [17] VICTOR.POZEN: Début d'Upload de D:\kerberos.htx\gil.bois\conneri\Jungle_Alcohol.wmv
[22:00:51] - [18] VICTOR.POZEN: Fichier Upload: D:\kerberos.htx\gil.bois\conneri\Jogging.wmv (808,12 K/S -  4 137 568 bytes)
[22:00:51] - [18] VICTOR.POZEN: Début d'Upload de D:\kerberos.htx\gil.bois\conneri\L'artiste_vit_dans_un_camion_de_vidanges.pps
[22:00:54] - [18] VICTOR.POZEN: Fichier Upload: D:\kerberos.htx\gil.bois\conneri\L'artiste_vit_dans_un_camion_de_vidanges.pps (641,13 K/S -  2 626 048 bytes)
[22:00:55] - [18] VICTOR.POZEN: Début d'Upload de D:\kerberos.htx\gil.bois\conneri\L-escargot.pps
[22:00:55] - [17] VICTOR.POZEN: Fichier Upload: D:\kerberos.htx\gil.bois\conneri\Jungle_Alcohol.wmv (835,74 K/S -  5 990 599 bytes)
[22:00:55] - [17] VICTOR.POZEN: Début d'Upload de D:\kerberos.htx\gil.bois\conneri\La prison de toile.pps
[22:00:57] - [18] VICTOR.POZEN: Fichier Upload: D:\kerberos.htx\gil.bois\conneri\L-escargot.pps (1 085,00 K/S -  2 222 080 bytes)
[22:00:57] - [18] VICTOR.POZEN: Début d'Upload de D:\kerberos.htx\gil.bois\conneri\Lablaguequiportechance.pps
[22:00:58] - [18] VICTOR.POZEN: Fichier Upload: D:\kerberos.htx\gil.bois\conneri\Lablaguequiportechance.pps (238,50 K/S -   244 224 bytes)
[22:00:58] - [18] VICTOR.POZEN: Début d'Upload de D:\kerberos.htx\gil.bois\conneri\LaDiarrhe.avi
[22:00:58] - [17] VICTOR.POZEN: Fichier Upload: D:\kerberos.htx\gil.bois\conneri\La prison de toile.pps (1 269,30 K/S -  2 599 424 bytes)
[22:00:58] - [17] VICTOR.POZEN: Début d'Upload de D:\kerberos.htx\gil.bois\conneri\La_Police_(_X_).pps
[22:00:59] - [17] VICTOR.POZEN: Fichier Upload: D:\kerberos.htx\gil.bois\conneri\La_Police_(_X_).pps (677,00 K/S -  1 386 496 bytes)
[22:00:59] - [17] VICTOR.POZEN: Début d'Upload de D:\kerberos.htx\gil.bois\conneri\La_voiture(RI)-Mkiki.pps
[22:01:00] - [17] VICTOR.POZEN: Fichier Upload: D:\kerberos.htx\gil.bois\conneri\La_voiture(RI)-Mkiki.pps (673,00 K/S -   689 152 bytes)
[22:01:00] - [17] VICTOR.POZEN: Début d'Upload de D:\kerberos.htx\gil.bois\conneri\Le verbe bander .pps
[22:01:01] - [17] VICTOR.POZEN: Fichier Upload: D:\kerberos.htx\gil.bois\conneri\Le verbe bander .pps (324,50 K/S -   332 288 bytes)
[22:01:01] - [17] VICTOR.POZEN: Début d'Upload de D:\kerberos.htx\gil.bois\conneri\le-fer-a-repasser-miraculeux.pps
[22:01:01] - [17] VICTOR.POZEN: Fichier Upload: D:\kerberos.htx\gil.bois\conneri\le-fer-a-repasser-miraculeux.pps (211,00 K/S -   216 064 bytes)
[22:01:01] - [17] VICTOR.POZEN: Début d'Upload de D:\kerberos.htx\gil.bois\conneri\le-proutoscope.pps
[22:01:02] - [17] VICTOR.POZEN: Fichier Upload: D:\kerberos.htx\gil.bois\conneri\le-proutoscope.pps (218,50 K/S -   223 744 bytes)
[22:01:02] - [17] VICTOR.POZEN: Début d'Upload de D:\kerberos.htx\gil.bois\conneri\lena Vive_la_Bretagne E.pps
[22:01:02] - [18] VICTOR.POZEN: Fichier Upload: D:\kerberos.htx\gil.bois\conneri\LaDiarrhe.avi (1 315,50 K/S -  5 388 084 bytes)
[22:01:02] - [18] VICTOR.POZEN: Début d'Upload de D:\kerberos.htx\gil.bois\conneri\Les dangers de la bicyclette.wmv
[22:01:05] - [17] VICTOR.POZEN: Fichier Upload: D:\kerberos.htx\gil.bois\conneri\lena Vive_la_Bretagne E.pps (968,17 K/S -  2 974 208 bytes)
[22:01:05] - [17] VICTOR.POZEN: Début d'Upload de D:\kerberos.htx\gil.bois\conneri\Les_5_cannibales.PPS
[22:01:07] - [17] VICTOR.POZEN: Fichier Upload: D:\kerberos.htx\gil.bois\conneri\Les_5_cannibales.PPS (625,25 K/S -  1 280 512 bytes)
[22:01:07] - [17] VICTOR.POZEN: Début d'Upload de D:\kerberos.htx\gil.bois\conneri\le_gamin_et_le_pompier.pps
[22:01:07] - [17] VICTOR.POZEN: Fichier Upload: D:\kerberos.htx\gil.bois\conneri\le_gamin_et_le_pompier.pps (38,00 K/S -   38 912 bytes)
[22:01:07] - [17] VICTOR.POZEN: Début d'Upload de D:\kerberos.htx\gil.bois\conneri\LE_PHARMACIEN.PPS
[22:01:08] - [17] VICTOR.POZEN: Fichier Upload: D:\kerberos.htx\gil.bois\conneri\LE_PHARMACIEN.PPS (447,00 K/S -   457 728 bytes)
[22:01:08] - [17] VICTOR.POZEN: Début d'Upload de D:\kerberos.htx\gil.bois\conneri\Madame_Martin.pps
[22:01:10] - [18] VICTOR.POZEN: Fichier Upload: D:\kerberos.htx\gil.bois\conneri\Les dangers de la bicyclette.wmv (904,47 K/S -  7 409 459 bytes)
[22:01:10] - [18] VICTOR.POZEN: Début d'Upload de D:\kerberos.htx\gil.bois\conneri\magasin-d-hommes1.pps
[22:01:11] - [17] VICTOR.POZEN: Fichier Upload: D:\kerberos.htx\gil.bois\conneri\Madame_Martin.pps (731,83 K/S -  2 248 192 bytes)
[22:01:11] - [17] VICTOR.POZEN: Début d'Upload de D:\kerberos.htx\gil.bois\conneri\margoulinYC.pps
[22:01:11] - [18] VICTOR.POZEN: Fichier Upload: D:\kerberos.htx\gil.bois\conneri\magasin-d-hommes1.pps (815,00 K/S -   834 560 bytes)
[22:01:11] - [17] VICTOR.POZEN: Fichier Upload: D:\kerberos.htx\gil.bois\conneri\margoulinYC.pps (333,00 K/S -   340 992 bytes)
[22:01:11] - [18] VICTOR.POZEN: Début d'Upload de D:\kerberos.htx\gil.bois\conneri\maudit_internet_haute_vitesse_JPB.pps
[22:01:11] - [17] VICTOR.POZEN: Début d'Upload de D:\kerberos.htx\gil.bois\conneri\messe.wmv
[22:01:12] - [18] VICTOR.POZEN: Fichier Upload: D:\kerberos.htx\gil.bois\conneri\maudit_internet_haute_vitesse_JPB.pps (714,50 K/S -   731 648 bytes)
[22:01:12] - [18] VICTOR.POZEN: Début d'Upload de D:\kerberos.htx\gil.bois\conneri\MONDIAL DE L-AUTOMOBILE.pps
[22:01:13] - [17] VICTOR.POZEN: Fichier Upload: D:\kerberos.htx\gil.bois\conneri\messe.wmv (996,00 K/S -  1 019 904 bytes)
[22:01:13] - [17] VICTOR.POZEN: Début d'Upload de D:\kerberos.htx\gil.bois\conneri\MONDIAL DE L-AUTOMOBILEi
[22:01:16] - [18] VICTOR.POZEN: Fichier Upload: D:\kerberos.htx\gil.bois\conneri\MONDIAL DE L-AUTOMOBILE.pps (652,50 K/S -  2 004 480 bytes)
[22:01:16] - [18] VICTOR.POZEN: Début d'Upload de D:\kerberos.htx\gil.bois\conneri\mon_g-nie.pps
[22:01:16] - [17] VICTOR.POZEN: Fichier Upload: D:\kerberos.htx\gil.bois\conneri\MONDIAL DE L-AUTOMOBILEi (489,38 K/S -  2 004 480 bytes)
[22:01:17] - [17] VICTOR.POZEN: Début d'Upload de D:\kerberos.htx\gil.bois\conneri\Mon_maitre_est_con.pps
[22:01:18] - [18] VICTOR.POZEN: Fichier Upload: D:\kerberos.htx\gil.bois\conneri\mon_g-nie.pps (624,67 K/S -  1 918 976 bytes)
[22:01:19] - [18] VICTOR.POZEN: Début d'Upload de D:\kerberos.htx\gil.bois\conneri\MOULOUD_AU_PARIS_DAKAR_(L).wmv
[22:01:19] - [17] VICTOR.POZEN: Fichier Upload: D:\kerberos.htx\gil.bois\conneri\Mon_maitre_est_con.pps (965,00 K/S -  1 976 320 bytes)
[22:01:19] - [17] VICTOR.POZEN: Début d'Upload de D:\kerberos.htx\gil.bois\conneri\MOULOUD_A_MOTO_(L).wmv
[22:01:20] - [17] VICTOR.POZEN: Fichier Upload: D:\kerberos.htx\gil.bois\conneri\MOULOUD_A_MOTO_(L).wmv (549,91 K/S -   563 108 bytes)
[22:01:20] - [17] VICTOR.POZEN: Début d'Upload de D:\kerberos.htx\gil.bois\conneri\MOULOUD_A_VELO_(L).wmv
[22:01:21] - [17] VICTOR.POZEN: Fichier Upload: D:\kerberos.htx\gil.bois\conneri\MOULOUD_A_VELO_(L).wmv (396,22 K/S -   811 456 bytes)
[22:01:21] - [17] VICTOR.POZEN: Début d'Upload de D:\kerberos.htx\gil.bois\conneri\mustang.pps
[22:01:22] - [18] VICTOR.POZEN: Fichier Upload: D:\kerberos.htx\gil.bois\conneri\MOULOUD_AU_PARIS_DAKAR_(L).wmv (723,16 K/S -  2 221 540 bytes)
[22:01:22] - [18] VICTOR.POZEN: Début d'Upload de D:\kerberos.htx\gil.bois\conneri\Nationali.__fb.pps
[22:01:23] - [18] VICTOR.POZEN: Fichier Upload: D:\kerberos.htx\gil.bois\conneri\Nationali.__fb.pps (361,50 K/S -   370 176 bytes)
[22:01:23] - [18] VICTOR.POZEN: Début d'Upload de D:\kerberos.htx\gil.bois\conneri\Naufrage.pps
[22:01:23] - [17] VICTOR.POZEN: Fichier Upload: D:\kerberos.htx\gil.bois\conneri\mustang.pps (808,50 K/S -   827 904 bytes)
[22:01:23] - [17] VICTOR.POZEN: Début d'Upload de D:\kerberos.htx\gil.bois\conneri\Nespresso-Nesca.wmv
[22:01:27] - [18] VICTOR.POZEN: Fichier Upload: D:\kerberos.htx\gil.bois\conneri\Naufrage.pps (581,75 K/S -  2 382 848 bytes)
[22:01:27] - [17] VICTOR.POZEN: Fichier Upload: D:\kerberos.htx\gil.bois\conneri\Nespresso-Nesca.wmv (554,92 K/S -  2 272 943 bytes)
[22:01:27] - [18] VICTOR.POZEN: Début d'Upload de D:\kerberos.htx\gil.bois\conneri\Nouveau_bistrot.pps
[22:01:27] - [17] VICTOR.POZEN: Début d'Upload de D:\kerberos.htx\gil.bois\conneri\Nouvelle Boisson Marseillaise.pps
[22:01:28] - [17] VICTOR.POZEN: Fichier Upload: D:\kerberos.htx\gil.bois\conneri\Nouvelle Boisson Marseillaise.pps (820,50 K/S -   840 192 bytes)
[22:01:28] - [17] VICTOR.POZEN: Début d'Upload de D:\kerberos.htx\gil.bois\conneri\nouvelle_loi.5.pps
[22:01:29] - [18] VICTOR.POZEN: Fichier Upload: D:\kerberos.htx\gil.bois\conneri\Nouveau_bistrot.pps (663,50 K/S -  1 358 848 bytes)
[22:01:29] - [17] VICTOR.POZEN: Fichier Upload: D:\kerberos.htx\gil.bois\conneri\nouvelle_loi.5.pps (536,50 K/S -   549 376 bytes)
[22:01:29] - [18] VICTOR.POZEN: Début d'Upload de D:\kerberos.htx\gil.bois\conneri\nrdayn8e82.jpg
[22:01:30] - [17] VICTOR.POZEN: Début d'Upload de D:\kerberos.htx\gil.bois\conneri\OOOOOPS!!!.wmv
[22:01:30] - [18] VICTOR.POZEN: Fichier Upload: D:\kerberos.htx\gil.bois\conneri\nrdayn8e82.jpg (119,26 K/S -   122 119 bytes)
[22:01:30] - [18] VICTOR.POZEN: Début d'Upload de D:\kerberos.htx\gil.bois\conneri\OOPsUPPS.pps
[22:01:33] - [18] VICTOR.POZEN: Fichier Upload: D:\kerberos.htx\gil.bois\conneri\OOPsUPPS.pps (739,67 K/S -  2 272 256 bytes)
[22:01:33] - [18] VICTOR.POZEN: Début d'Upload de D:\kerberos.htx\gil.bois\conneri\ouchbreakagain2.wmv
[22:01:34] - [18] VICTOR.POZEN: Fichier Upload: D:\kerberos.htx\gil.bois\conneri\ouchbreakagain2.wmv (424,15 K/S -   434 330 bytes)
[22:01:34] - [18] VICTOR.POZEN: Début d'Upload de D:\kerberos.htx\gil.bois\conneri\P-tition.pdf
[22:01:35] - [18] VICTOR.POZEN: Fichier Upload: D:\kerberos.htx\gil.bois\conneri\P-tition.pdf (354,84 K/S -   363 357 bytes)
[22:01:35] - [18] VICTOR.POZEN: Début d'Upload de D:\kerberos.htx\gil.bois\conneri\Paris_3_un_courageux_camiraman_de_De.avi
[22:01:35] - [17] VICTOR.POZEN: Fichier Upload: D:\kerberos.htx\gil.bois\conneri\OOOOOPS!!!.wmv (781,12 K/S -  4 799 211 bytes)
[22:01:35] - [17] VICTOR.POZEN: Début d'Upload de D:\kerberos.htx\gil.bois\conneri\PERLES D'ASSURES.pdf
[22:01:36] - [17] VICTOR.POZEN: Fichier Upload: D:\kerberos.htx\gil.bois\conneri\PERLES D'ASSURES.pdf (27,92 K/S -   28 594 bytes)
[22:01:36] - [17] VICTOR.POZEN: Début d'Upload de D:\kerberos.htx\gil.bois\conneri\Perroquet1.pps
[22:01:36] - [17] VICTOR.POZEN: Fichier Upload: D:\kerberos.htx\gil.bois\conneri\Perroquet1.pps (211,50 K/S -   216 576 bytes)
[22:01:36] - [17] VICTOR.POZEN: Début d'Upload de D:\kerberos.htx\gil.bois\conneri\peur de sa vie 1.wmv
[22:01:37] - [17] VICTOR.POZEN: Fichier Upload: D:\kerberos.htx\gil.bois\conneri\peur de sa vie 1.wmv (337,04 K/S -   345 130 bytes)
[22:01:37] - [17] VICTOR.POZEN: Début d'Upload de D:\kerberos.htx\gil.bois\conneri\peur de sa vie 2.wmv
[22:01:39] - [17] VICTOR.POZEN: Fichier Upload: D:\kerberos.htx\gil.bois\conneri\peur de sa vie 2.wmv (670,29 K/S -  2 059 121 bytes)
[22:01:40] - [17] VICTOR.POZEN: Début d'Upload de D:\kerberos.htx\gil.bois\conneri\peur de sa vie 3.wmv
[22:01:40] - [17] VICTOR.POZEN: Fichier Upload: D:\kerberos.htx\gil.bois\conneri\peur de sa vie 3.wmv (207,56 K/S -   212 537 bytes)
[22:01:40] - [17] VICTOR.POZEN: Début d'Upload de D:\kerberos.htx\gil.bois\conneri\peur de sa vie.wmv
[22:01:42] - [17] VICTOR.POZEN: Fichier Upload: D:\kerberos.htx\gil.bois\conneri\peur de sa vie.wmv (775,41 K/S -  1 588 033 bytes)
[22:01:42] - [17] VICTOR.POZEN: Début d'Upload de D:\kerberos.htx\gil.bois\conneri\Photo0496.jpg
[22:01:42] - [18] VICTOR.POZEN: Fichier Upload: D:\kerberos.htx\gil.bois\conneri\Paris_3_un_courageux_camiraman_de_De.avi (825,70 K/S -  6 764 102 bytes)
[22:01:43] - [18] VICTOR.POZEN: Début d'Upload de D:\kerberos.htx\gil.bois\conneri\Photo0497.jpg
[22:01:43] - [17] VICTOR.POZEN: Fichier Upload: D:\kerberos.htx\gil.bois\conneri\Photo0496.jpg (779,90 K/S -   798 621 bytes)
[22:01:44] - [17] VICTOR.POZEN: Début d'Upload de D:\kerberos.htx\gil.bois\conneri\Photo0499.jpg
[22:01:44] - [18] VICTOR.POZEN: Fichier Upload: D:\kerberos.htx\gil.bois\conneri\Photo0497.jpg (791,26 K/S -   810 252 bytes)
[22:01:44] - [18] VICTOR.POZEN: Début d'Upload de D:\kerberos.htx\gil.bois\conneri\Photo0608.jpg
[22:01:45] - [17] VICTOR.POZEN: Fichier Upload: D:\kerberos.htx\gil.bois\conneri\Photo0499.jpg (785,37 K/S -   804 216 bytes)
[22:01:45] - [17] VICTOR.POZEN: Début d'Upload de D:\kerberos.htx\gil.bois\conneri\photos_exceptionnelles .pps
[22:01:46] - [18] VICTOR.POZEN: Fichier Upload: D:\kerberos.htx\gil.bois\conneri\Photo0608.jpg (440,97 K/S -   903 102 bytes)
[22:01:46] - [18] VICTOR.POZEN: Début d'Upload de D:\kerberos.htx\gil.bois\conneri\Photo_de_la_femme_parfaite.pps
[22:01:46] - [18] VICTOR.POZEN: Fichier Upload: D:\kerberos.htx\gil.bois\conneri\Photo_de_la_femme_parfaite.pps (246,00 K/S -   251 904 bytes)
[22:01:47] - [18] VICTOR.POZEN: Début d'Upload de D:\kerberos.htx\gil.bois\conneri\Pl-Gendarmerie_de_ser.pps
[22:01:52] - [17] VICTOR.POZEN: Fichier Upload: D:\kerberos.htx\gil.bois\conneri\photos_exceptionnelles .pps (672,08 K/S -  4 129 280 bytes)
[22:01:52] - [17] VICTOR.POZEN: Début d'Upload de D:\kerberos.htx\gil.bois\conneri\Plus efficace que le Taser1.pdf
[22:01:53] - [17] VICTOR.POZEN: Fichier Upload: D:\kerberos.htx\gil.bois\conneri\Plus efficace que le Taser1.pdf (529,10 K/S -   541 798 bytes)
[22:01:53] - [18] VICTOR.POZEN: Fichier Upload: D:\kerberos.htx\gil.bois\conneri\Pl-Gendarmerie_de_ser.pps (574,57 K/S -  4 118 528 bytes)
[22:01:54] - [17] VICTOR.POZEN: Début d'Upload de D:\kerberos.htx\gil.bois\conneri\Pour_adulte_seulement.pps
[22:01:54] - [18] VICTOR.POZEN: Début d'Upload de D:\kerberos.htx\gil.bois\conneri\Prison.pps
[22:01:55] - [17] VICTOR.POZEN: Fichier Upload: D:\kerberos.htx\gil.bois\conneri\Pour_adulte_seulement.pps (655,00 K/S -   670 720 bytes)
[22:01:55] - [17] VICTOR.POZEN: Début d'Upload de D:\kerberos.htx\gil.bois\conneri\Putaindejourne2.pps
[22:01:56] - [17] VICTOR.POZEN: Fichier Upload: D:\kerberos.htx\gil.bois\conneri\Putaindejourne2.pps (680,00 K/S -   696 320 bytes)
[22:01:56] - [17] VICTOR.POZEN: Début d'Upload de D:\kerberos.htx\gil.bois\conneri\Putain_de_journ-e.pps
[22:01:59] - [17] VICTOR.POZEN: Fichier Upload: D:\kerberos.htx\gil.bois\conneri\Putain_de_journ-e.pps (676,00 K/S -  1 384 448 bytes)
[22:01:59] - [17] VICTOR.POZEN: Début d'Upload de D:\kerberos.htx\gil.bois\conneri\R.S.2nonnes.pps
[22:01:59] - [17] VICTOR.POZEN: Fichier Upload: D:\kerberos.htx\gil.bois\conneri\R.S.2nonnes.pps (57,50 K/S -   58 880 bytes)
[22:01:59] - [17] VICTOR.POZEN: Début d'Upload de D:\kerberos.htx\gil.bois\conneri\Radada.pps
[22:01:59] - [18] VICTOR.POZEN: Fichier Upload: D:\kerberos.htx\gil.bois\conneri\Prison.pps (685,80 K/S -  3 511 296 bytes)
[22:01:59] - [18] VICTOR.POZEN: Début d'Upload de D:\kerberos.htx\gil.bois\conneri\RAMADAN_A_NICE_H.pps
[22:02:01] - [18] VICTOR.POZEN: Fichier Upload: D:\kerberos.htx\gil.bois\conneri\RAMADAN_A_NICE_H.pps (430,83 K/S -  1 323 520 bytes)
[22:02:01] - [18] VICTOR.POZEN: Début d'Upload de D:\kerberos.htx\gil.bois\conneri\Real_Salsa_Dancing_Dog.wmv
[22:02:06] - [17] VICTOR.POZEN: Fichier Upload: D:\kerberos.htx\gil.bois\conneri\Radada.pps (759,21 K/S -  5 442 048 bytes)
[22:02:06] - [17] VICTOR.POZEN: Début d'Upload de D:\kerberos.htx\gil.bois\conneri\Reconnatre_un_millionnaire.pps
[22:02:08] - [17] VICTOR.POZEN: Fichier Upload: D:\kerberos.htx\gil.bois\conneri\Reconnatre_un_millionnaire.pps (704,00 K/S -  1 441 792 bytes)
[22:02:08] - [17] VICTOR.POZEN: Début d'Upload de D:\kerberos.htx\gil.bois\conneri\Reflexionsecurite.pps
[22:02:10] - [17] VICTOR.POZEN: Fichier Upload: D:\kerberos.htx\gil.bois\conneri\Reflexionsecurite.pps (457,00 K/S -   935 936 bytes)
[22:02:10] - [17] VICTOR.POZEN: Début d'Upload de D:\kerberos.htx\gil.bois\conneri\remaniements en chanson 25.11.pps
[22:02:10] - [18] VICTOR.POZEN: Fichier Upload: D:\kerberos.htx\gil.bois\conneri\Real_Salsa_Dancing_Dog.wmv (830,29 K/S -  6 801 741 bytes)
[22:02:10] - [18] VICTOR.POZEN: Début d'Upload de D:\kerberos.htx\gil.bois\conneri\RIMG0515.JPG
[22:02:15] - [18] VICTOR.POZEN: Fichier Upload: D:\kerberos.htx\gil.bois\conneri\RIMG0515.JPG (660,92 K/S -  3 383 929 bytes)
[22:02:15] - [18] VICTOR.POZEN: Début d'Upload de D:\kerberos.htx\gil.bois\conneri\RIMG0516.JPG
[22:02:17] - [17] VICTOR.POZEN: Fichier Upload: D:\kerberos.htx\gil.bois\conneri\remaniements en chanson 25.11.pps (775,14 K/S -  5 556 224 bytes)
[22:02:17] - [17] VICTOR.POZEN: Début d'Upload de D:\kerberos.htx\gil.bois\conneri\RIMG0517.JPG
[22:02:20] - [18] VICTOR.POZEN: Fichier Upload: D:\kerberos.htx\gil.bois\conneri\RIMG0516.JPG (683,49 K/S -  3 499 466 bytes)
[22:02:20] - [18] VICTOR.POZEN: Début d'Upload de D:\kerberos.htx\gil.bois\conneri\RIMG0625.JPG
[22:02:23] - [17] VICTOR.POZEN: Fichier Upload: D:\kerberos.htx\gil.bois\conneri\RIMG0517.JPG (560,19 K/S -  3 441 795 bytes)
[22:02:23] - [17] VICTOR.POZEN: Début d'Upload de D:\kerberos.htx\gil.bois\conneri\RIMG0628.JPG
[22:02:27] - [18] VICTOR.POZEN: Fichier Upload: D:\kerberos.htx\gil.bois\conneri\RIMG0625.JPG (496,15 K/S -  3 556 433 bytes)
[22:02:27] - [18] VICTOR.POZEN: Début d'Upload de D:\kerberos.htx\gil.bois\conneri\RIMG0629.JPG
[22:02:29] - [17] VICTOR.POZEN: Fichier Upload: D:\kerberos.htx\gil.bois\conneri\RIMG0628.JPG (579,19 K/S -  3 558 560 bytes)
[22:02:29] - [17] VICTOR.POZEN: Début d'Upload de D:\kerberos.htx\gil.bois\conneri\RIMG0709.JPG
[22:02:32] - [18] VICTOR.POZEN: Fichier Upload: D:\kerberos.htx\gil.bois\conneri\RIMG0629.JPG (637,45 K/S -  3 263 741 bytes)
[22:02:32] - [18] VICTOR.POZEN: Début d'Upload de D:\kerberos.htx\gil.bois\conneri\RIMG0710.JPG
[22:02:34] - [17] VICTOR.POZEN: Fichier Upload: D:\kerberos.htx\gil.bois\conneri\RIMG0709.JPG (830,19 K/S -  3 400 445 bytes)
[22:02:34] - [17] VICTOR.POZEN: Début d'Upload de D:\kerberos.htx\gil.bois\conneri\RIMG0711.JPG
[22:02:35] - [18] VICTOR.POZEN: Fichier Upload: D:\kerberos.htx\gil.bois\conneri\RIMG0710.JPG (1 134,80 K/S -  3 486 103 bytes)
[22:02:35] - [18] VICTOR.POZEN: Début d'Upload de D:\kerberos.htx\gil.bois\conneri\Route mortelle en Bolivie.wmv
[22:02:36] - [17] VICTOR.POZEN: Fichier Upload: D:\kerberos.htx\gil.bois\conneri\RIMG0711.JPG (1 061,90 K/S -  3 262 156 bytes)
[22:02:36] - [17] VICTOR.POZEN: Début d'Upload de D:\kerberos.htx\gil.bois\conneri\Rue des Poissonniers.pps
[22:02:39] - [17] VICTOR.POZEN: Fichier Upload: D:\kerberos.htx\gil.bois\conneri\Rue des Poissonniers.pps (1 390,00 K/S -  2 846 720 bytes)
[22:02:39] - [17] VICTOR.POZEN: Début d'Upload de D:\kerberos.htx\gil.bois\conneri\rya.Miss Univers.pps
[22:02:39] - [18] VICTOR.POZEN: Fichier Upload: D:\kerberos.htx\gil.bois\conneri\Route mortelle en Bolivie.wmv (1 599,50 K/S -  4 913 535 bytes)
[22:02:39] - [18] VICTOR.POZEN: Début d'Upload de D:\kerberos.htx\gil.bois\conneri\Savoureux_Raymond_Devos_et_Sarkosy1.wmv
[22:02:39] - [17] VICTOR.POZEN: Fichier Upload: D:\kerberos.htx\gil.bois\conneri\rya.Miss Univers.pps (448,00 K/S -   458 752 bytes)
[22:02:40] - [17] VICTOR.POZEN: Début d'Upload de D:\kerberos.htx\gil.bois\conneri\Securite_au_travail.pps
[22:02:41] - [18] VICTOR.POZEN: Fichier Upload: D:\kerberos.htx\gil.bois\conneri\Savoureux_Raymond_Devos_et_Sarkosy1.wmv (952,11 K/S -  2 924 884 bytes)
[22:02:41] - [18] VICTOR.POZEN: Début d'Upload de D:\kerberos.htx\gil.bois\conneri\SEXY VALSE DE STRAUSS.pps
[22:02:42] - [17] VICTOR.POZEN: Fichier Upload: D:\kerberos.htx\gil.bois\conneri\Securite_au_travail.pps (1 393,80 K/S -  2 854 400 bytes)
[22:02:42] - [17] VICTOR.POZEN: Début d'Upload de D:\kerberos.htx\gil.bois\conneri\Shanxi-China.E.pps
[22:02:44] - [18] VICTOR.POZEN: Fichier Upload: D:\kerberos.htx\gil.bois\conneri\SEXY VALSE DE STRAUSS.pps (1 841,50 K/S -  3 771 392 bytes)
[22:02:44] - [18] VICTOR.POZEN: Début d'Upload de D:\kerberos.htx\gil.bois\conneri\Simon_Bensoussan_Roi_de_la_Vente.pps
[22:02:46] - [17] VICTOR.POZEN: Fichier Upload: D:\kerberos.htx\gil.bois\conneri\Shanxi-China.E.pps (1 141,40 K/S -  4 675 072 bytes)
[22:02:46] - [17] VICTOR.POZEN: Début d'Upload de D:\kerberos.htx\gil.bois\conneri\snowbuncho1.wmv
[22:02:47] - [17] VICTOR.POZEN: Fichier Upload: D:\kerberos.htx\gil.bois\conneri\snowbuncho1.wmv (854,45 K/S -   874 958 bytes)
[22:02:47] - [17] VICTOR.POZEN: Début d'Upload de D:\kerberos.htx\gil.bois\conneri\Soudn--po-1-._.wmv
[22:02:47] - [18] VICTOR.POZEN: Fichier Upload: D:\kerberos.htx\gil.bois\conneri\Simon_Bensoussan_Roi_de_la_Vente.pps (1 282,30 K/S -  3 939 328 bytes)
[22:02:47] - [18] VICTOR.POZEN: Début d'Upload de D:\kerberos.htx\gil.bois\conneri\Sourions-maintenant.pps
[22:02:49] - [18] VICTOR.POZEN: Fichier Upload: D:\kerberos.htx\gil.bois\conneri\Sourions-maintenant.pps (1 141,50 K/S -  1 168 896 bytes)
[22:02:49] - [18] VICTOR.POZEN: Début d'Upload de D:\kerberos.htx\gil.bois\conneri\THE_BEST_HALLOWEEN_COSTUME_EVER.wmv
[22:02:51] - [17] VICTOR.POZEN: Fichier Upload: D:\kerberos.htx\gil.bois\conneri\Soudn--po-1-._.wmv (1 208,60 K/S -  4 950 587 bytes)
[22:02:51] - [17] VICTOR.POZEN: Début d'Upload de D:\kerberos.htx\gil.bois\conneri\trop_trop_fort-------.wmv
[22:02:52] - [18] VICTOR.POZEN: Fichier Upload: D:\kerberos.htx\gil.bois\conneri\THE_BEST_HALLOWEEN_COSTUME_EVER.wmv (970,15 K/S -  3 973 716 bytes)
[22:02:52] - [18] VICTOR.POZEN: Début d'Upload de D:\kerberos.htx\gil.bois\conneri\TROU_DUC.pdf
[22:02:53] - [18] VICTOR.POZEN: Fichier Upload: D:\kerberos.htx\gil.bois\conneri\TROU_DUC.pdf (62,21 K/S -   63 708 bytes)
[22:02:53] - [18] VICTOR.POZEN: Début d'Upload de D:\kerberos.htx\gil.bois\conneri\Untitled1.wmv
[22:02:55] - [17] VICTOR.POZEN: Fichier Upload: D:\kerberos.htx\gil.bois\conneri\trop_trop_fort-------.wmv (1 296,40 K/S -  5 310 239 bytes)
[22:02:55] - [17] VICTOR.POZEN: Début d'Upload de D:\kerberos.htx\gil.bois\conneri\un_petit_verre_de_vin_-_votre_sant-.pps
[22:02:58] - [18] VICTOR.POZEN: Fichier Upload: D:\kerberos.htx\gil.bois\conneri\Untitled1.wmv (1 245,90 K/S -  6 378 779 bytes)
[22:02:58] - [17] VICTOR.POZEN: Fichier Upload: D:\kerberos.htx\gil.bois\conneri\un_petit_verre_de_vin_-_votre_sant-.pps (1 491,30 K/S -  3 054 080 bytes)
[22:02:58] - [18] VICTOR.POZEN: Début d'Upload de D:\kerberos.htx\gil.bois\conneri\un_Toilets.pps
[22:02:58] - [17] VICTOR.POZEN: Début d'Upload de D:\kerberos.htx\gil.bois\conneri\USA Tuning old car.pps
[22:03:01] - [18] VICTOR.POZEN: Fichier Upload: D:\kerberos.htx\gil.bois\conneri\un_Toilets.pps (904,17 K/S -  2 777 600 bytes)
[22:03:01] - [18] VICTOR.POZEN: Début d'Upload de D:\kerberos.htx\gil.bois\conneri\V39--Tout ce que vous aveztoujours r-ver de dire -- une racaille.AVI
[22:03:02] - [17] VICTOR.POZEN: Fichier Upload: D:\kerberos.htx\gil.bois\conneri\USA Tuning old car.pps (871,00 K/S -  4 459 520 bytes)
[22:03:02] - [17] VICTOR.POZEN: Début d'Upload de D:\kerberos.htx\gil.bois\conneri\Verpackungen nach DIN 56801.pps
[22:03:04] - [18] VICTOR.POZEN: Fichier Upload: D:\kerberos.htx\gil.bois\conneri\V39--Tout ce que vous aveztoujours r-ver de dire -- une racaille.AVI (1 100,70 K/S -  3 381 458 bytes)
[22:03:04] - [18] VICTOR.POZEN: Début d'Upload de D:\kerberos.htx\gil.bois\conneri\western.wmv
[22:03:06] - [18] VICTOR.POZEN: Fichier Upload: D:\kerberos.htx\gil.bois\conneri\western.wmv (791,48 K/S -  2 431 436 bytes)
[22:03:07] - [18] VICTOR.POZEN: Début d'Upload de D:\kerberos.htx\gil.bois\conneri\_Blagues_courtes.pps
[22:03:07] - [17] VICTOR.POZEN: Fichier Upload: D:\kerberos.htx\gil.bois\conneri\Verpackungen nach DIN 56801.pps (1 127,80 K/S -  4 619 264 bytes)
[22:03:07] - [18] VICTOR.POZEN: Fichier Upload: D:\kerberos.htx\gil.bois\conneri\_Blagues_courtes.pps (711,00 K/S -   728 064 bytes)
[22:03:07] - [17] VICTOR.POZEN: Début d'Upload de D:\kerberos.htx\gil.bois\Edith Piaf\44 Original Recordings Disc 2\01 Bal Dans Ma Rue.mp3
[22:03:07] - [18] VICTOR.POZEN: Début d'Upload de D:\kerberos.htx\gil.bois\Edith Piaf\44 Original Recordings Disc 2\02 Paris.mp3
[22:03:10] - [18] VICTOR.POZEN: Fichier Upload: D:\kerberos.htx\gil.bois\Edith Piaf\44 Original Recordings Disc 2\02 Paris.mp3 (1 264,30 K/S -  2 589 333 bytes)
[22:03:10] - [18] VICTOR.POZEN: Début d'Upload de D:\kerberos.htx\gil.bois\Edith Piaf\44 Original Recordings Disc 2\03 Un Homme Comme Les Autres.mp3
[22:03:10] - [17] VICTOR.POZEN: Fichier Upload: D:\kerberos.htx\gil.bois\Edith Piaf\44 Original Recordings Disc 2\01 Bal Dans Ma Rue.mp3 (1 401,40 K/S -  2 870 069 bytes)
[22:03:10] - [17] VICTOR.POZEN: Début d'Upload de D:\kerberos.htx\gil.bois\Edith Piaf\44 Original Recordings Disc 2\04 Monsieur Lenoble.mp3
[22:03:15] - [17] VICTOR.POZEN: Fichier Upload: D:\kerberos.htx\gil.bois\Edith Piaf\44 Original Recordings Disc 2\04 Monsieur Lenoble.mp3 (649,89 K/S -  3 327 423 bytes)
[22:03:15] - [18] VICTOR.POZEN: Fichier Upload: D:\kerberos.htx\gil.bois\Edith Piaf\44 Original Recordings Disc 2\03 Un Homme Comme Les Autres.mp3 (720,26 K/S -  3 687 711 bytes)
[22:03:15] - [17] VICTOR.POZEN: Début d'Upload de D:\kerberos.htx\gil.bois\Edith Piaf\44 Original Recordings Disc 2\05 Les Amants de Paris.mp3
[22:03:15] - [18] VICTOR.POZEN: Début d'Upload de D:\kerberos.htx\gil.bois\Edith Piaf\44 Original Recordings Disc 2\06 Il A Chanté.mp3
[22:03:19] - [17] VICTOR.POZEN: Fichier Upload: D:\kerberos.htx\gil.bois\Edith Piaf\44 Original Recordings Disc 2\05 Les Amants de Paris.mp3 (750,05 K/S -  3 072 219 bytes)
[22:03:19] - [17] VICTOR.POZEN: Début d'Upload de D:\kerberos.htx\gil.bois\Edith Piaf\44 Original Recordings Disc 2\07 Le Petit Homme.mp3
[22:03:21] - [18] VICTOR.POZEN: Fichier Upload: D:\kerberos.htx\gil.bois\Edith Piaf\44 Original Recordings Disc 2\06 Il A Chanté.mp3 (711,45 K/S -  4 371 174 bytes)
[22:03:21] - [18] VICTOR.POZEN: Début d'Upload de D:\kerberos.htx\gil.bois\Edith Piaf\44 Original Recordings Disc 2\08 Il Pleut.mp3
[22:03:23] - [17] VICTOR.POZEN: Fichier Upload: D:\kerberos.htx\gil.bois\Edith Piaf\44 Original Recordings Disc 2\07 Le Petit Homme.mp3 (1 127,90 K/S -  3 465 033 bytes)
[22:03:23] - [17] VICTOR.POZEN: Début d'Upload de D:\kerberos.htx\gil.bois\Edith Piaf\44 Original Recordings Disc 2\09 Le Roi a Fait Battre Tambour.mp3
[22:03:24] - [18] VICTOR.POZEN: Fichier Upload: D:\kerberos.htx\gil.bois\Edith Piaf\44 Original Recordings Disc 2\08 Il Pleut.mp3 (1 022,30 K/S -  3 140 607 bytes)
[22:03:24] - [18] VICTOR.POZEN: Début d'Upload de D:\kerberos.htx\gil.bois\Edith Piaf\44 Original Recordings Disc 2\10 Le Prisonnier de la Tour.mp3
[22:03:26] - [17] VICTOR.POZEN: Fichier Upload: D:\kerberos.htx\gil.bois\Edith Piaf\44 Original Recordings Disc 2\09 Le Roi a Fait Battre Tambour.mp3 (843,42 K/S -  2 591 001 bytes)
[22:03:27] - [17] VICTOR.POZEN: Début d'Upload de D:\kerberos.htx\gil.bois\Edith Piaf\44 Original Recordings Disc 2\11 L' Orgue des Amoureux.mp3
[22:03:28] - [18] VICTOR.POZEN: Fichier Upload: D:\kerberos.htx\gil.bois\Edith Piaf\44 Original Recordings Disc 2\10 Le Prisonnier de la Tour.mp3 (1 011,60 K/S -  3 107 664 bytes)
[22:03:28] - [18] VICTOR.POZEN: Début d'Upload de D:\kerberos.htx\gil.bois\Edith Piaf\44 Original Recordings Disc 2\12 Le Disque Usé.mp3
[22:03:30] - [17] VICTOR.POZEN: Fichier Upload: D:\kerberos.htx\gil.bois\Edith Piaf\44 Original Recordings Disc 2\11 L' Orgue des Amoureux.mp3 (1 069,70 K/S -  3 286 140 bytes)
[22:03:30] - [17] VICTOR.POZEN: Début d'Upload de D:\kerberos.htx\gil.bois\Edith Piaf\44 Original Recordings Disc 2\13 J'Suis Mordue.mp3
[22:03:32] - [18] VICTOR.POZEN: Fichier Upload: D:\kerberos.htx\gil.bois\Edith Piaf\44 Original Recordings Disc 2\12 Le Disque Usé.mp3 (952,04 K/S -  3 899 547 bytes)
[22:03:32] - [18] VICTOR.POZEN: Début d'Upload de D:\kerberos.htx\gil.bois\Edith Piaf\44 Original Recordings Disc 2\14 Ding Din Don.mp3
[22:03:33] - [17] VICTOR.POZEN: Fichier Upload: D:\kerberos.htx\gil.bois\Edith Piaf\44 Original Recordings Disc 2\13 J'Suis Mordue.mp3 (956,77 K/S -  2 939 196 bytes)
[22:03:33] - [17] VICTOR.POZEN: Début d'Upload de D:\kerberos.htx\gil.bois\Edith Piaf\44 Original Recordings Disc 2\15 J'Ai Dansé Avec l'Amour.mp3
[22:03:36] - [18] VICTOR.POZEN: Fichier Upload: D:\kerberos.htx\gil.bois\Edith Piaf\44 Original Recordings Disc 2\14 Ding Din Don.mp3 (1 101,70 K/S -  3 384 552 bytes)
[22:03:36] - [18] VICTOR.POZEN: Début d'Upload de D:\kerberos.htx\gil.bois\Edith Piaf\44 Original Recordings Disc 2\16 Mariage.mp3
[22:03:37] - [17] VICTOR.POZEN: Fichier Upload: D:\kerberos.htx\gil.bois\Edith Piaf\44 Original Recordings Disc 2\15 J'Ai Dansé Avec l'Amour.mp3 (1 026,80 K/S -  3 154 368 bytes)
[22:03:37] - [17] VICTOR.POZEN: Début d'Upload de D:\kerberos.htx\gil.bois\Edith Piaf\44 Original Recordings Disc 2\17 Qu'as-Tu Fait John-.mp3
[22:03:39] - [17] VICTOR.POZEN: Fichier Upload: D:\kerberos.htx\gil.bois\Edith Piaf\44 Original Recordings Disc 2\17 Qu'as-Tu Fait John-.mp3 (1 081,10 K/S -  2 214 033 bytes)
[22:03:39] - [17] VICTOR.POZEN: Début d'Upload de D:\kerberos.htx\gil.bois\Edith Piaf\44 Original Recordings Disc 2\18 Dany.mp3
[22:03:40] - [18] VICTOR.POZEN: Fichier Upload: D:\kerberos.htx\gil.bois\Edith Piaf\44 Original Recordings Disc 2\16 Mariage.mp3 (1 039,70 K/S -  4 258 584 bytes)
[22:03:40] - [18] VICTOR.POZEN: Début d'Upload de D:\kerberos.htx\gil.bois\Edith Piaf\44 Original Recordings Disc 2\19 Pleure Pas.mp3
[22:03:41] - [17] VICTOR.POZEN: Fichier Upload: D:\kerberos.htx\gil.bois\Edith Piaf\44 Original Recordings Disc 2\18 Dany.mp3 (849,80 K/S -  2 610 600 bytes)
[22:03:42] - [17] VICTOR.POZEN: Début d'Upload de D:\kerberos.htx\gil.bois\Edith Piaf\44 Original Recordings Disc 2\20 Pour Moi Tout' Seule.mp3
[22:03:43] - [18] VICTOR.POZEN: Fichier Upload: D:\kerberos.htx\gil.bois\Edith Piaf\44 Original Recordings Disc 2\19 Pleure Pas.mp3 (888,08 K/S -  2 728 194 bytes)
[22:03:43] - [18] VICTOR.POZEN: Début d'Upload de D:\kerberos.htx\gil.bois\Edith Piaf\44 Original Recordings Disc 2\21 Dans Les Prisons de Nantes.mp3
[22:03:45] - [17] VICTOR.POZEN: Fichier Upload: D:\kerberos.htx\gil.bois\Edith Piaf\44 Original Recordings Disc 2\20 Pour Moi Tout' Seule.mp3 (1 056,10 K/S -  3 244 440 bytes)
[22:03:45] - [17] VICTOR.POZEN: Début d'Upload de D:\kerberos.htx\gil.bois\Edith Piaf\44 Original Recordings Disc 2\22 C'Est Pour Ça.mp3
[22:03:45] - [18] VICTOR.POZEN: Fichier Upload: D:\kerberos.htx\gil.bois\Edith Piaf\44 Original Recordings Disc 2\21 Dans Les Prisons de Nantes.mp3 (1 175,50 K/S -  2 407 521 bytes)
[22:03:45] - [18] VICTOR.POZEN: Début d'Upload de D:\kerberos.htx\gil.bois\Edith Piaf\44 Original Recordings Disc 2\AlbumArtSmall.jpg
[22:03:45] - [18] VICTOR.POZEN: Fichier Upload: D:\kerberos.htx\gil.bois\Edith Piaf\44 Original Recordings Disc 2\AlbumArtSmall.jpg (2,55 K/S -   2 610 bytes)
[22:03:45] - [18] VICTOR.POZEN: Début d'Upload de D:\kerberos.htx\gil.bois\Edith Piaf\44 Original Recordings Disc 2\AlbumArt_{0B7578B6-BFDF-4DAE-AE78-5DB2EEE113F2}_Large.jpg
[22:03:45] - [18] VICTOR.POZEN: Fichier Upload: D:\kerberos.htx\gil.bois\Edith Piaf\44 Original Recordings Disc 2\AlbumArt_{0B7578B6-BFDF-4DAE-AE78-5DB2EEE113F2}_Large.jpg (9,24 K/S -   9 465 bytes)
[22:03:46] - [18] VICTOR.POZEN: Début d'Upload de D:\kerberos.htx\gil.bois\Edith Piaf\44 Original Recordings Disc 2\AlbumArt_{0B7578B6-BFDF-4DAE-AE78-5DB2EEE113F2}_Small.jpg
[22:03:46] - [18] VICTOR.POZEN: Fichier Upload: D:\kerberos.htx\gil.bois\Edith Piaf\44 Original Recordings Disc 2\AlbumArt_{0B7578B6-BFDF-4DAE-AE78-5DB2EEE113F2}_Small.jpg (2,55 K/S -   2 610 bytes)
[22:03:46] - [18] VICTOR.POZEN: Début d'Upload de D:\kerberos.htx\gil.bois\Edith Piaf\44 Original Recordings Disc 2\desktop.ini
[22:03:46] - [18] VICTOR.POZEN: Fichier Upload: D:\kerberos.htx\gil.bois\Edith Piaf\44 Original Recordings Disc 2\desktop.ini (0,37 K/S -    375 bytes)
[22:03:46] - [18] VICTOR.POZEN: Début d'Upload de D:\kerberos.htx\gil.bois\Edith Piaf\44 Original Recordings Disc 2\Folder.jpg
[22:03:46] - [18] VICTOR.POZEN: Fichier Upload: D:\kerberos.htx\gil.bois\Edith Piaf\44 Original Recordings Disc 2\Folder.jpg (9,24 K/S -   9 465 bytes)
[22:03:46] - [18] VICTOR.POZEN: Début d'Upload de D:\kerberos.htx\gil.bois\Edith Piaf\44 Original Recordings Disc 2\Thumbs.db
[22:03:47] - [18] VICTOR.POZEN: Fichier Upload: D:\kerberos.htx\gil.bois\Edith Piaf\44 Original Recordings Disc 2\Thumbs.db (7,50 K/S -   7 680 bytes)
[22:03:47] - [18] VICTOR.POZEN: Début d'Upload de D:\kerberos.htx\gil.bois\Edith Piaf\desktop.ini
[22:03:47] - [18] VICTOR.POZEN: Fichier Upload: D:\kerberos.htx\gil.bois\Edith Piaf\desktop.ini (0,37 K/S -    380 bytes)
[22:03:47] - [18] VICTOR.POZEN: Début d'Upload de D:\kerberos.htx\gil.bois\Edith Piaf\edith piaf cd\Album inconnu (23-10-2010 11-04-41)\01 Piste 1.wma
[22:03:49] - [17] VICTOR.POZEN: Fichier Upload: D:\kerberos.htx\gil.bois\Edith Piaf\44 Original Recordings Disc 2\22 C'Est Pour Ça.mp3 (1 011,60 K/S -  4 143 492 bytes)
[22:03:49] - [17] VICTOR.POZEN: Début d'Upload de D:\kerberos.htx\gil.bois\Edith Piaf\edith piaf cd\Album inconnu (23-10-2010 11-04-41)\02 Piste 2.wma
[22:03:51] - [18] VICTOR.POZEN: Fichier Upload: D:\kerberos.htx\gil.bois\Edith Piaf\edith piaf cd\Album inconnu (23-10-2010 11-04-41)\01 Piste 1.wma (867,99 K/S -  3 555 268 bytes)
[22:03:52] - [18] VICTOR.POZEN: Début d'Upload de D:\kerberos.htx\gil.bois\Edith Piaf\edith piaf cd\Album inconnu (23-10-2010 11-04-41)\03 Piste 3.wma
[22:03:54] - [17] VICTOR.POZEN: Fichier Upload: D:\kerberos.htx\gil.bois\Edith Piaf\edith piaf cd\Album inconnu (23-10-2010 11-04-41)\02 Piste 2.wma (799,44 K/S -  4 093 108 bytes)
[22:03:54] - [17] VICTOR.POZEN: Début d'Upload de D:\kerberos.htx\gil.bois\Edith Piaf\edith piaf cd\Album inconnu (23-10-2010 11-04-41)\04 Piste 4.wma
[22:03:55] - [18] VICTOR.POZEN: Fichier Upload: D:\kerberos.htx\gil.bois\Edith Piaf\edith piaf cd\Album inconnu (23-10-2010 11-04-41)\03 Piste 3.wma (745,43 K/S -  3 053 284 bytes)
[22:03:55] - [18] VICTOR.POZEN: Début d'Upload de D:\kerberos.htx\gil.bois\Edith Piaf\edith piaf cd\Album inconnu (23-10-2010 11-04-41)\05 Piste 5.wma
[22:03:58] - [18] VICTOR.POZEN: Fichier Upload: D:\kerberos.htx\gil.bois\Edith Piaf\edith piaf cd\Album inconnu (23-10-2010 11-04-41)\05 Piste 5.wma (997,72 K/S -  2 043 340 bytes)
[22:03:58] - [17] VICTOR.POZEN: Fichier Upload: D:\kerberos.htx\gil.bois\Edith Piaf\edith piaf cd\Album inconnu (23-10-2010 11-04-41)\04 Piste 4.wma (831,51 K/S -  3 405 868 bytes)
[22:03:58] - [18] VICTOR.POZEN: Début d'Upload de D:\kerberos.htx\gil.bois\Edith Piaf\edith piaf cd\Album inconnu (23-10-2010 11-04-41)\06 Piste 6.wma
[22:03:58] - [17] VICTOR.POZEN: Début d'Upload de D:\kerberos.htx\gil.bois\Edith Piaf\edith piaf cd\Album inconnu (23-10-2010 11-04-41)\07 Piste 7.wma
[22:04:02] - [18] VICTOR.POZEN: Fichier Upload: D:\kerberos.htx\gil.bois\Edith Piaf\edith piaf cd\Album inconnu (23-10-2010 11-04-41)\06 Piste 6.wma (776,03 K/S -  2 383 972 bytes)
[22:04:02] - [18] VICTOR.POZEN: Début d'Upload de D:\kerberos.htx\gil.bois\Edith Piaf\edith piaf cd\Album inconnu (23-10-2010 11-04-41)\08 Piste 8.wma
[22:04:03] - [17] VICTOR.POZEN: Fichier Upload: D:\kerberos.htx\gil.bois\Edith Piaf\edith piaf cd\Album inconnu (23-10-2010 11-04-41)\07 Piste 7.wma (1 079,50 K/S -  4 421 788 bytes)
[22:04:03] - [17] VICTOR.POZEN: Début d'Upload de D:\kerberos.htx\gil.bois\Edith Piaf\edith piaf cd\Album inconnu (23-10-2010 11-04-41)\09 Piste 9.wma
[22:04:05] - [18] VICTOR.POZEN: Fichier Upload: D:\kerberos.htx\gil.bois\Edith Piaf\edith piaf cd\Album inconnu (23-10-2010 11-04-41)\08 Piste 8.wma (1 081,40 K/S -  3 322 204 bytes)
[22:04:05] - [18] VICTOR.POZEN: Début d'Upload de D:\kerberos.htx\gil.bois\Edith Piaf\edith piaf cd\Album inconnu (23-10-2010 11-04-41)\10 Piste 10.wma
[22:04:06] - [17] VICTOR.POZEN: Fichier Upload: D:\kerberos.htx\gil.bois\Edith Piaf\edith piaf cd\Album inconnu (23-10-2010 11-04-41)\09 Piste 9.wma (976,40 K/S -  2 999 500 bytes)
[22:04:06] - [17] VICTOR.POZEN: Début d'Upload de D:\kerberos.htx\gil.bois\Edith Piaf\edith piaf cd\Album inconnu (23-10-2010 11-04-41)\11 Piste 11.wma
[22:04:08] - [18] VICTOR.POZEN: Fichier Upload: D:\kerberos.htx\gil.bois\Edith Piaf\edith piaf cd\Album inconnu (23-10-2010 11-04-41)\10 Piste 10.wma (953,06 K/S -  2 927 788 bytes)
[22:04:08] - [18] VICTOR.POZEN: Début d'Upload de D:\kerberos.htx\gil.bois\Edith Piaf\edith piaf cd\Album inconnu (23-10-2010 11-04-41)\12 Piste 12.wma
[22:04:08] - [17] VICTOR.POZEN: Fichier Upload: D:\kerberos.htx\gil.bois\Edith Piaf\edith piaf cd\Album inconnu (23-10-2010 11-04-41)\11 Piste 11.wma (1 038,60 K/S -  3 190 732 bytes)
[22:04:09] - [17] VICTOR.POZEN: Début d'Upload de D:\kerberos.htx\gil.bois\Edith Piaf\La Vie en Rose [Prism]\01 La Vie en Rose.mp3
[22:04:09] - [18] VICTOR.POZEN: Fichier Upload: D:\kerberos.htx\gil.bois\Edith Piaf\edith piaf cd\Album inconnu (23-10-2010 11-04-41)\12 Piste 12.wma (997,72 K/S -  2 043 340 bytes)
[22:04:10] - [18] VICTOR.POZEN: Début d'Upload de D:\kerberos.htx\gil.bois\Edith Piaf\La Vie en Rose [Prism]\02 Je M'En Fous Pas Mal.mp3
[22:04:12] - [17] VICTOR.POZEN: Fichier Upload: D:\kerberos.htx\gil.bois\Edith Piaf\La Vie en Rose [Prism]\01 La Vie en Rose.mp3 (980,69 K/S -  3 012 683 bytes)
[22:04:12] - [17] VICTOR.POZEN: Début d'Upload de D:\kerberos.htx\gil.bois\Edith Piaf\La Vie en Rose [Prism]\03 C'Est Merveilleux.mp3
[22:04:14] - [18] VICTOR.POZEN: Fichier Upload: D:\kerberos.htx\gil.bois\Edith Piaf\La Vie en Rose [Prism]\02 Je M'En Fous Pas Mal.mp3 (1 022,90 K/S -  4 189 779 bytes)
[22:04:14] - [18] VICTOR.POZEN: Début d'Upload de D:\kerberos.htx\gil.bois\Edith Piaf\La Vie en Rose [Prism]\04 Un Coin Tout Bleu.mp3
[22:04:15] - [17] VICTOR.POZEN: Fichier Upload: D:\kerberos.htx\gil.bois\Edith Piaf\La Vie en Rose [Prism]\03 C'Est Merveilleux.mp3 (972,52 K/S -  2 987 568 bytes)
[22:04:15] - [17] VICTOR.POZEN: Début d'Upload de D:\kerberos.htx\gil.bois\Edith Piaf\La Vie en Rose [Prism]\05 La Java de Cézigue.mp3
[22:04:16] - [18] VICTOR.POZEN: Fichier Upload: D:\kerberos.htx\gil.bois\Edith Piaf\La Vie en Rose [Prism]\04 Un Coin Tout Bleu.mp3 (1 294,30 K/S -  2 650 632 bytes)
[22:04:16] - [18] VICTOR.POZEN: Début d'Upload de D:\kerberos.htx\gil.bois\Edith Piaf\La Vie en Rose [Prism]\06 L' Accordéoniste.mp3
[22:04:17] - [17] VICTOR.POZEN: Fichier Upload: D:\kerberos.htx\gil.bois\Edith Piaf\La Vie en Rose [Prism]\05 La Java de Cézigue.mp3 (964,64 K/S -  2 963 382 bytes)
[22:04:17] - [17] VICTOR.POZEN: Début d'Upload de D:\kerberos.htx\gil.bois\Edith Piaf\La Vie en Rose [Prism]\07 J'Ai Qu'à l'Regarder.mp3
[22:04:19] - [18] VICTOR.POZEN: Fichier Upload: D:\kerberos.htx\gil.bois\Edith Piaf\La Vie en Rose [Prism]\06 L' Accordéoniste.mp3 (1 491,60 K/S -  3 054 705 bytes)
[22:04:19] - [18] VICTOR.POZEN: Début d'Upload de D:\kerberos.htx\gil.bois\Edith Piaf\La Vie en Rose [Prism]\08 C'Etait une Histoire d'Amour.mp3
[22:04:20] - [17] VICTOR.POZEN: Fichier Upload: D:\kerberos.htx\gil.bois\Edith Piaf\La Vie en Rose [Prism]\07 J'Ai Qu'à l'Regarder.mp3 (1 012,80 K/S -  3 111 417 bytes)
[22:04:21] - [17] VICTOR.POZEN: Début d'Upload de D:\kerberos.htx\gil.bois\Edith Piaf\La Vie en Rose [Prism]\09 Tu Es Partout.mp3
[22:04:22] - [18] VICTOR.POZEN: Fichier Upload: D:\kerberos.htx\gil.bois\Edith Piaf\La Vie en Rose [Prism]\08 C'Etait une Histoire d'Amour.mp3 (1 033,60 K/S -  4 233 564 bytes)
[22:04:22] - [18] VICTOR.POZEN: Début d'Upload de D:\kerberos.htx\gil.bois\Edith Piaf\La Vie en Rose [Prism]\10 Les Mômes de la Cloche.mp3
[22:04:23] - [17] VICTOR.POZEN: Fichier Upload: D:\kerberos.htx\gil.bois\Edith Piaf\La Vie en Rose [Prism]\09 Tu Es Partout.mp3 (1 322,80 K/S -  2 709 012 bytes)
[22:04:23] - [17] VICTOR.POZEN: Début d'Upload de D:\kerberos.htx\gil.bois\Edith Piaf\La Vie en Rose [Prism]\11 Simple Comme Bonjour.mp3
[22:04:25] - [17] VICTOR.POZEN: Fichier Upload: D:\kerberos.htx\gil.bois\Edith Piaf\La Vie en Rose [Prism]\11 Simple Comme Bonjour.mp3 (1 388,70 K/S -  2 844 120 bytes)
[22:04:25] - [18] VICTOR.POZEN: Fichier Upload: D:\kerberos.htx\gil.bois\Edith Piaf\La Vie en Rose [Prism]\10 Les Mômes de la Cloche.mp3 (1 576,90 K/S -  3 229 428 bytes)
[22:04:25] - [17] VICTOR.POZEN: Début d'Upload de D:\kerberos.htx\gil.bois\Edith Piaf\La Vie en Rose [Prism]\12 Mon Légionnaire.mp3
[22:04:25] - [18] VICTOR.POZEN: Début d'Upload de D:\kerberos.htx\gil.bois\Edith Piaf\La Vie en Rose [Prism]\13 Mon Apéro.mp3
[22:04:27] - [17] VICTOR.POZEN: Fichier Upload: D:\kerberos.htx\gil.bois\Edith Piaf\La Vie en Rose [Prism]\12 Mon Légionnaire.mp3 (1 210,10 K/S -  3 717 318 bytes)
[22:04:28] - [18] VICTOR.POZEN: Fichier Upload: D:\kerberos.htx\gil.bois\Edith Piaf\La Vie en Rose [Prism]\13 Mon Apéro.mp3 (1 150,50 K/S -  3 534 255 bytes)
[22:04:28] - [17] VICTOR.POZEN: Début d'Upload de D:\kerberos.htx\gil.bois\Edith Piaf\La Vie en Rose [Prism]\14 Ne M'Écris Pas.mp3
[22:04:28] - [18] VICTOR.POZEN: Début d'Upload de D:\kerberos.htx\gil.bois\Edith Piaf\La Vie en Rose [Prism]\15 Correqú et Réguyer.mp3
[22:04:31] - [18] VICTOR.POZEN: Fichier Upload: D:\kerberos.htx\gil.bois\Edith Piaf\La Vie en Rose [Prism]\15 Correqú et Réguyer.mp3 (1 030,10 K/S -  3 164 376 bytes)
[22:04:31] - [17] VICTOR.POZEN: Fichier Upload: D:\kerberos.htx\gil.bois\Edith Piaf\La Vie en Rose [Prism]\14 Ne M'Écris Pas.mp3 (1 103,80 K/S -  3 390 807 bytes)
[22:04:31] - [18] VICTOR.POZEN: Début d'Upload de D:\kerberos.htx\gil.bois\Edith Piaf\La Vie en Rose [Prism]\16 C'Est un Monsieur Trés Distinguè.mp3
[22:04:31] - [17] VICTOR.POZEN: Début d'Upload de D:\kerberos.htx\gil.bois\Edith Piaf\La Vie en Rose [Prism]\17 C'Est la Moindre des Choses.mp3
[22:04:34] - [18] VICTOR.POZEN: Fichier Upload: D:\kerberos.htx\gil.bois\Edith Piaf\La Vie en Rose [Prism]\16 C'Est un Monsieur Trés Distinguè.mp3 (1 138,90 K/S -  3 498 810 bytes)
[22:04:34] - [18] VICTOR.POZEN: Début d'Upload de D:\kerberos.htx\gil.bois\Edith Piaf\La Vie en Rose [Prism]\18 Le Vagabond.mp3
[22:04:34] - [17] VICTOR.POZEN: Fichier Upload: D:\kerberos.htx\gil.bois\Edith Piaf\La Vie en Rose [Prism]\17 C'Est la Moindre des Choses.mp3 (976,68 K/S -  4 000 461 bytes)
[22:04:34] - [17] VICTOR.POZEN: Début d'Upload de D:\kerberos.htx\gil.bois\Edith Piaf\La Vie en Rose [Prism]\19 Un Refrain Courati Dans la Rue.mp3
[22:04:37] - [18] VICTOR.POZEN: Fichier Upload: D:\kerberos.htx\gil.bois\Edith Piaf\La Vie en Rose [Prism]\18 Le Vagabond.mp3 (1 072,70 K/S -  3 295 314 bytes)
[22:04:37] - [18] VICTOR.POZEN: Début d'Upload de D:\kerberos.htx\gil.bois\Edith Piaf\La Vie en Rose [Prism]\20 Adieu Mon Coeur.mp3
[22:04:37] - [17] VICTOR.POZEN: Fichier Upload: D:\kerberos.htx\gil.bois\Edith Piaf\La Vie en Rose [Prism]\19 Un Refrain Courati Dans la Rue.mp3 (966,41 K/S -  2 968 803 bytes)
[22:04:37] - [17] VICTOR.POZEN: Début d'Upload de D:\kerberos.htx\gil.bois\Edith Piaf\La Vie en Rose [Prism]\21 Le Chant du Pirate.mp3
[22:04:39] - [17] VICTOR.POZEN: Fichier Upload: D:\kerberos.htx\gil.bois\Edith Piaf\La Vie en Rose [Prism]\21 Le Chant du Pirate.mp3 (2 066,40 K/S -  2 116 038 bytes)
[22:04:39] - [17] VICTOR.POZEN: Début d'Upload de D:\kerberos.htx\gil.bois\Edith Piaf\La Vie en Rose [Prism]\22 Les Trois Cloches.mp3
[22:04:40] - [18] VICTOR.POZEN: Fichier Upload: D:\kerberos.htx\gil.bois\Edith Piaf\La Vie en Rose [Prism]\20 Adieu Mon Coeur.mp3 (976,04 K/S -  2 998 410 bytes)
[22:04:40] - [18] VICTOR.POZEN: Début d'Upload de D:\kerberos.htx\gil.bois\Edith Piaf\La Vie en Rose [Prism]\AlbumArtSmall.jpg
[22:04:40] - [18] VICTOR.POZEN: Fichier Upload: D:\kerberos.htx\gil.bois\Edith Piaf\La Vie en Rose [Prism]\AlbumArtSmall.jpg (2,28 K/S -   2 330 bytes)
[22:04:40] - [18] VICTOR.POZEN: Début d'Upload de D:\kerberos.htx\gil.bois\Edith Piaf\La Vie en Rose [Prism]\AlbumArt_{55329B11-616E-4D69-A8D0-0E90BBB77286}_Large.jpg
[22:04:40] - [18] VICTOR.POZEN: Fichier Upload: D:\kerberos.htx\gil.bois\Edith Piaf\La Vie en Rose [Prism]\AlbumArt_{55329B11-616E-4D69-A8D0-0E90BBB77286}_Large.jpg (7,27 K/S -   7 444 bytes)
[22:04:40] - [18] VICTOR.POZEN: Début d'Upload de D:\kerberos.htx\gil.bois\Edith Piaf\La Vie en Rose [Prism]\AlbumArt_{55329B11-616E-4D69-A8D0-0E90BBB77286}_Small.jpg
[22:04:40] - [18] VICTOR.POZEN: Fichier Upload: D:\kerberos.htx\gil.bois\Edith Piaf\La Vie en Rose [Prism]\AlbumArt_{55329B11-616E-4D69-A8D0-0E90BBB77286}_Small.jpg (2,28 K/S -   2 330 bytes)
[22:04:40] - [18] VICTOR.POZEN: Début d'Upload de D:\kerberos.htx\gil.bois\Edith Piaf\La Vie en Rose [Prism]\desktop.ini
[22:04:41] - [18] VICTOR.POZEN: Fichier Upload: D:\kerberos.htx\gil.bois\Edith Piaf\La Vie en Rose [Prism]\desktop.ini (0,37 K/S -    379 bytes)
[22:04:41] - [18] VICTOR.POZEN: Début d'Upload de D:\kerberos.htx\gil.bois\Edith Piaf\La Vie en Rose [Prism]\Folder.jpg
[22:04:41] - [18] VICTOR.POZEN: Fichier Upload: D:\kerberos.htx\gil.bois\Edith Piaf\La Vie en Rose [Prism]\Folder.jpg (7,27 K/S -   7 444 bytes)
[22:04:41] - [18] VICTOR.POZEN: Début d'Upload de D:\kerberos.htx\gil.bois\Edith Piaf\La Vie en Rose [Prism]\Thumbs.db
[22:04:41] - [18] VICTOR.POZEN: Fichier Upload: D:\kerberos.htx\gil.bois\Edith Piaf\La Vie en Rose [Prism]\Thumbs.db (7,00 K/S -   7 168 bytes)
[22:04:41] - [18] VICTOR.POZEN: Début d'Upload de D:\kerberos.htx\gil.bois\Edith Piaf\Raccourci vers Edith Piaf.lnk
[22:04:41] - [18] VICTOR.POZEN: Fichier Upload: D:\kerberos.htx\gil.bois\Edith Piaf\Raccourci vers Edith Piaf.lnk (0,47 K/S -    486 bytes)
[22:04:41] - [18] VICTOR.POZEN: Début d'Upload de D:\kerberos.htx\gil.bois\Edith Piaf\Thumbs.db
[22:04:42] - [18] VICTOR.POZEN: Fichier Upload: D:\kerberos.htx\gil.bois\Edith Piaf\Thumbs.db (7,00 K/S -   7 168 bytes)
[22:04:42] - [18] VICTOR.POZEN: Début d'Upload de D:\kerberos.htx\gil.bois\Mes images\000_0078.JPG
[22:04:42] - [17] VICTOR.POZEN: Fichier Upload: D:\kerberos.htx\gil.bois\Edith Piaf\La Vie en Rose [Prism]\22 Les Trois Cloches.mp3 (1 971,90 K/S -  4 038 408 bytes)
[22:04:42] - [17] VICTOR.POZEN: Début d'Upload de D:\kerberos.htx\gil.bois\Mes images\000_0079.JPG
[22:04:42] - [18] VICTOR.POZEN: Fichier Upload: D:\kerberos.htx\gil.bois\Mes images\000_0078.JPG (701,93 K/S -   718 780 bytes)
[22:04:42] - [18] VICTOR.POZEN: Début d'Upload de D:\kerberos.htx\gil.bois\Mes images\000_0080.JPG
[22:04:43] - [17] VICTOR.POZEN: Fichier Upload: D:\kerberos.htx\gil.bois\Mes images\000_0079.JPG (764,37 K/S -   782 714 bytes)
[22:04:43] - [17] VICTOR.POZEN: Début d'Upload de D:\kerberos.htx\gil.bois\Mes images\000_0081.JPG
[22:04:44] - [18] VICTOR.POZEN: Fichier Upload: D:\kerberos.htx\gil.bois\Mes images\000_0080.JPG (858,53 K/S -   879 136 bytes)
[22:04:44] - [18] VICTOR.POZEN: Début d'Upload de D:\kerberos.htx\gil.bois\Mes images\000_0082.JPG
[22:04:44] - [17] VICTOR.POZEN: Fichier Upload: D:\kerberos.htx\gil.bois\Mes images\000_0081.JPG (900,67 K/S -   922 282 bytes)
[22:04:44] - [17] VICTOR.POZEN: Début d'Upload de D:\kerberos.htx\gil.bois\Mes images\000_0083.JPG
[22:04:45] - [18] VICTOR.POZEN: Fichier Upload: D:\kerberos.htx\gil.bois\Mes images\000_0082.JPG (1 276,10 K/S -  1 306 762 bytes)
[22:04:45] - [18] VICTOR.POZEN: Début d'Upload de D:\kerberos.htx\gil.bois\Mes images\000_0084.JPG
[22:04:45] - [17] VICTOR.POZEN: Fichier Upload: D:\kerberos.htx\gil.bois\Mes images\000_0083.JPG (1 206,40 K/S -  1 235 348 bytes)
[22:04:46] - [17] VICTOR.POZEN: Début d'Upload de D:\kerberos.htx\gil.bois\Mes images\000_0085.JPG
[22:04:46] - [18] VICTOR.POZEN: Fichier Upload: D:\kerberos.htx\gil.bois\Mes images\000_0084.JPG (1 345,30 K/S -  1 377 566 bytes)
[22:04:46] - [17] VICTOR.POZEN: Fichier Upload: D:\kerberos.htx\gil.bois\Mes images\000_0085.JPG (741,92 K/S -   759 724 bytes)
[22:04:46] - [18] VICTOR.POZEN: Début d'Upload de D:\kerberos.htx\gil.bois\Mes images\000_0086.JPG
[22:04:46] - [17] VICTOR.POZEN: Début d'Upload de D:\kerberos.htx\gil.bois\Mes images\000_0087.JPG
[22:04:47] - [18] VICTOR.POZEN: Fichier Upload: D:\kerberos.htx\gil.bois\Mes images\000_0086.JPG (818,12 K/S -   837 754 bytes)
[22:04:47] - [18] VICTOR.POZEN: Début d'Upload de D:\kerberos.htx\gil.bois\Mes images\Desktop.ini
[22:04:47] - [17] VICTOR.POZEN: Fichier Upload: D:\kerberos.htx\gil.bois\Mes images\000_0087.JPG (793,96 K/S -   813 020 bytes)
[22:04:47] - [18] VICTOR.POZEN: Fichier Upload: D:\kerberos.htx\gil.bois\Mes images\Desktop.ini (0,18 K/S -    180 bytes)
[22:04:48] - [17] VICTOR.POZEN: Début d'Upload de D:\kerberos.htx\gil.bois\Mes images\parade-fete-de-cousance--le-5-09-2010-010.jpg
[22:04:48] - [18] VICTOR.POZEN: Début d'Upload de D:\kerberos.htx\gil.bois\Mes images\Photo0496.jpg
[22:04:48] - [17] VICTOR.POZEN: Fichier Upload: D:\kerberos.htx\gil.bois\Mes images\parade-fete-de-cousance--le-5-09-2010-010.jpg (23,50 K/S -   24 061 bytes)
[22:04:48] - [17] VICTOR.POZEN: Début d'Upload de D:\kerberos.htx\gil.bois\Mes images\Photo0497.jpg
[22:04:48] - [18] VICTOR.POZEN: Fichier Upload: D:\kerberos.htx\gil.bois\Mes images\Photo0496.jpg (779,90 K/S -   798 621 bytes)
[22:04:48] - [18] VICTOR.POZEN: Début d'Upload de D:\kerberos.htx\gil.bois\Mes images\Photo0499.jpg
[22:04:49] - [17] VICTOR.POZEN: Fichier Upload: D:\kerberos.htx\gil.bois\Mes images\Photo0497.jpg (791,26 K/S -   810 252 bytes)
[22:04:49] - [17] VICTOR.POZEN: Début d'Upload de D:\kerberos.htx\gil.bois\Mes images\Photo0608.jpg
[22:04:49] - [17] VICTOR.POZEN: Fichier Upload: D:\kerberos.htx\gil.bois\Mes images\Photo0608.jpg (235,58 K/S -   241 236 bytes)
[22:04:49] - [18] VICTOR.POZEN: Fichier Upload: D:\kerberos.htx\gil.bois\Mes images\Photo0499.jpg (785,37 K/S -   804 216 bytes)
[22:04:49] - [17] VICTOR.POZEN: Début d'Upload de D:\kerberos.htx\gil.bois\Mes images\Photo0640.jpg
[22:04:49] - [18] VICTOR.POZEN: Début d'Upload de D:\kerberos.htx\gil.bois\Mes images\Photo0641.jpg
[22:04:50] - [17] VICTOR.POZEN: Fichier Upload: D:\kerberos.htx\gil.bois\Mes images\Photo0640.jpg (882,38 K/S -   903 552 bytes)
[22:04:50] - [17] VICTOR.POZEN: Début d'Upload de D:\kerberos.htx\gil.bois\Mes images\Photo0642.jpg
[22:04:50] - [18] VICTOR.POZEN: Fichier Upload: D:\kerberos.htx\gil.bois\Mes images\Photo0641.jpg (818,29 K/S -   837 934 bytes)
[22:04:50] - [18] VICTOR.POZEN: Début d'Upload de D:\kerberos.htx\gil.bois\Mes images\Photo0660.jpg
[22:04:51] - [18] VICTOR.POZEN: Fichier Upload: D:\kerberos.htx\gil.bois\Mes images\Photo0660.jpg (139,29 K/S -   142 628 bytes)
[22:04:51] - [18] VICTOR.POZEN: Début d'Upload de D:\kerberos.htx\gil.bois\Mes images\Photo0661.jpg
[22:04:51] - [17] VICTOR.POZEN: Fichier Upload: D:\kerberos.htx\gil.bois\Mes images\Photo0642.jpg (869,46 K/S -   890 330 bytes)
[22:04:51] - [17] VICTOR.POZEN: Début d'Upload de D:\kerberos.htx\gil.bois\Mes images\Photo0846.jpg
[22:04:52] - [18] VICTOR.POZEN: Fichier Upload: D:\kerberos.htx\gil.bois\Mes images\Photo0661.jpg (820,55 K/S -   840 244 bytes)
[22:04:52] - [18] VICTOR.POZEN: Début d'Upload de D:\kerberos.htx\gil.bois\Mes images\Photo0847.jpg
[22:04:52] - [17] VICTOR.POZEN: Fichier Upload: D:\kerberos.htx\gil.bois\Mes images\Photo0846.jpg (1 429,00 K/S -  1 463 279 bytes)
[22:04:52] - [17] VICTOR.POZEN: Début d'Upload de D:\kerberos.htx\gil.bois\Mes images\Photo0848.jpg
[22:04:53] - [18] VICTOR.POZEN: Fichier Upload: D:\kerberos.htx\gil.bois\Mes images\Photo0847.jpg (1 337,70 K/S -  1 369 800 bytes)
[22:04:53] - [18] VICTOR.POZEN: Début d'Upload de D:\kerberos.htx\gil.bois\Mes images\Photo0873.jpg
[22:04:53] - [17] VICTOR.POZEN: Fichier Upload: D:\kerberos.htx\gil.bois\Mes images\Photo0848.jpg (710,10 K/S -  1 454 287 bytes)
[22:04:53] - [17] VICTOR.POZEN: Début d'Upload de D:\kerberos.htx\gil.bois\Mes images\Photo0874.jpg
[22:04:54] - [18] VICTOR.POZEN: Fichier Upload: D:\kerberos.htx\gil.bois\Mes images\Photo0873.jpg (1 445,70 K/S -  1 480 439 bytes)
[22:04:54] - [18] VICTOR.POZEN: Début d'Upload de D:\kerberos.htx\gil.bois\Mes images\Photo0875.jpg
[22:04:55] - [17] VICTOR.POZEN: Fichier Upload: D:\kerberos.htx\gil.bois\Mes images\Photo0874.jpg (1 362,60 K/S -  1 395 329 bytes)
[22:04:55] - [17] VICTOR.POZEN: Début d'Upload de D:\kerberos.htx\gil.bois\Mes images\Photo0875Md.jpg
[22:04:55] - [17] VICTOR.POZEN: Fichier Upload: D:\kerberos.htx\gil.bois\Mes images\Photo0875Md.jpg (167,78 K/S -   171 806 bytes)
[22:04:55] - [17] VICTOR.POZEN: Début d'Upload de D:\kerberos.htx\gil.bois\Mes images\photos\100_0039.JPG
[22:04:56] - [18] VICTOR.POZEN: Fichier Upload: D:\kerberos.htx\gil.bois\Mes images\Photo0875.jpg (1 402,60 K/S -  1 436 259 bytes)
[22:04:56] - [18] VICTOR.POZEN: Début d'Upload de D:\kerberos.htx\gil.bois\Mes images\photos\Desktop.ini
[22:04:56] - [18] VICTOR.POZEN: Fichier Upload: D:\kerberos.htx\gil.bois\Mes images\photos\Desktop.ini (0,08 K/S -    78 bytes)
[22:04:56] - [18] VICTOR.POZEN: Début d'Upload de D:\kerberos.htx\gil.bois\Mes images\photos\gallery_59_16_1078287222.jpg
[22:04:56] - [18] VICTOR.POZEN: Fichier Upload: D:\kerberos.htx\gil.bois\Mes images\photos\gallery_59_16_1078287222.jpg (54,25 K/S -   55 556 bytes)
[22:04:56] - [17] VICTOR.POZEN: Fichier Upload: D:\kerberos.htx\gil.bois\Mes images\photos\100_0039.JPG (808,29 K/S -   827 684 bytes)
[22:04:56] - [18] VICTOR.POZEN: Début d'Upload de D:\kerberos.htx\gil.bois\Mes images\photos\guitar.jpg
[22:04:56] - [17] VICTOR.POZEN: Début d'Upload de D:\kerberos.htx\gil.bois\Mes images\photos\JBTLogo.gif
[22:04:56] - [17] VICTOR.POZEN: Fichier Upload: D:\kerberos.htx\gil.bois\Mes images\photos\JBTLogo.gif (5,91 K/S -   6 054 bytes)
[22:04:57] - [17] VICTOR.POZEN: Début d'Upload de D:\kerberos.htx\gil.bois\Mes images\photos\John%20Deere%20tractor.jpg
[22:04:57] - [17] VICTOR.POZEN: Fichier Upload: D:\kerberos.htx\gil.bois\Mes images\photos\John%20Deere%20tractor.jpg (176,04 K/S -   180 270 bytes)
[22:04:57] - [17] VICTOR.POZEN: Début d'Upload de D:\kerberos.htx\gil.bois\Mes images\photos\Numériser0001.jpg
[22:04:57] - [18] VICTOR.POZEN: Fichier Upload: D:\kerberos.htx\gil.bois\Mes images\photos\guitar.jpg (725,73 K/S -   743 143 bytes)
[22:04:57] - [18] VICTOR.POZEN: Début d'Upload de D:\kerberos.htx\gil.bois\Mes images\photos\Numériser0002.jpg
[22:04:58] - [17] VICTOR.POZEN: Fichier Upload: D:\kerberos.htx\gil.bois\Mes images\photos\Numériser0001.jpg (644,72 K/S -   660 197 bytes)
[22:04:58] - [18] VICTOR.POZEN: Fichier Upload: D:\kerberos.htx\gil.bois\Mes images\photos\Numériser0002.jpg (362,94 K/S -   371 649 bytes)
[22:04:58] - [17] VICTOR.POZEN: Début d'Upload de D:\kerberos.htx\gil.bois\Mes images\photos\Numériser0003.jpg
[22:04:58] - [18] VICTOR.POZEN: Début d'Upload de D:\kerberos.htx\gil.bois\Mes images\photos\Thumbs.db
[22:04:58] - [18] VICTOR.POZEN: Fichier Upload: D:\kerberos.htx\gil.bois\Mes images\photos\Thumbs.db (33,00 K/S -   33 792 bytes)
[22:04:58] - [18] VICTOR.POZEN: Début d'Upload de D:\kerberos.htx\gil.bois\Mes images\Sans titre.bmp
[22:04:58] - [17] VICTOR.POZEN: Fichier Upload: D:\kerberos.htx\gil.bois\Mes images\photos\Numériser0003.jpg (380,02 K/S -   389 143 bytes)
[22:04:58] - [17] VICTOR.POZEN: Début d'Upload de D:\kerberos.htx\gil.bois\Mes images\Thumbs.db
[22:04:59] - [17] VICTOR.POZEN: Fichier Upload: D:\kerberos.htx\gil.bois\Mes images\Thumbs.db (128,00 K/S -   131 072 bytes)
[22:04:59] - [17] VICTOR.POZEN: Début d'Upload de D:\kerberos.htx\gil.bois\Mes images\Échantillons d'images.lnk
[22:04:59] - [17] VICTOR.POZEN: Fichier Upload: D:\kerberos.htx\gil.bois\Mes images\Échantillons d'images.lnk (0,68 K/S -    693 bytes)
[22:04:59] - [18] VICTOR.POZEN: Fichier Upload: D:\kerberos.htx\gil.bois\Mes images\Sans titre.bmp (644,68 K/S -   660 150 bytes)
[22:05:30] - [17] Client 90.26.136.242 Déconnecté (00:06:25 Min)
[22:05:30] - [18] Client 90.26.136.242 Déconnecté (00:06:24 Min)
[22:12:04] - [19] Connecté à 90.26.136.242. Collecte du Nom d'utilisateur.
[22:12:04] - [20] Connecté à 90.26.136.242. Collecte du Nom d'utilisateur.
[22:12:04] - [19] Usager VICTOR.POZEN Connecté IP: 90.26.136.242
[22:12:04] - [19] VICTOR.POZEN: Répertoire en Cours: D:\kerberos.htx\
[22:12:04] - [20] Usager VICTOR.POZEN Connecté IP: 90.26.136.242
[22:12:04] - [20] VICTOR.POZEN: Répertoire en Cours: D:\kerberos.htx\
[22:12:05] - [19] VICTOR.POZEN: Début d'Upload de D:\kerberos.htx\gil.bois\Adieu_INTERNET_-_ER.pps
[22:12:05] - [20] VICTOR.POZEN: Début d'Upload de D:\kerberos.htx\gil.bois\LA PROFESORA.wmv
[22:12:06] - [19] VICTOR.POZEN: Fichier Upload: D:\kerberos.htx\gil.bois\Adieu_INTERNET_-_ER.pps (1 100,50 K/S -  1 126 912 bytes)
[22:12:08] - [20] VICTOR.POZEN: Fichier Upload: D:\kerberos.htx\gil.bois\LA PROFESORA.wmv (991,23 K/S -  4 060 088 bytes)
[22:12:23] - [16] VICTOR.POZEN: Début d'Upload de D:\kerberos.htx\gil.bois\sfr.txt
[22:12:24] - [16] VICTOR.POZEN: Fichier Upload: D:\kerberos.htx\gil.bois\sfr.txt (0,76 K/S -    774 bytes)
[22:12:29] - [20] Client 90.26.136.242 Déconnecté (00:00:25 Min)
[22:12:29] - [19] Client 90.26.136.242 Déconnecté (00:00:25 Min)
[22:12:29] - [16] Client 90.26.136.242 Déconnecté (00:14:04 Min)
[23:24:06] - [21] Connecté à 90.26.136.242. Collecte du Nom d'utilisateur.
[23:24:06] - [21] Usager VICTOR.POZEN Connecté IP: 90.26.136.242
[23:24:06] - [21] VICTOR.POZEN: Répertoire en Cours: D:\kerberos.htx\
[23:24:10] - [21] VICTOR.POZEN: Répertoire en Cours: D:\kerberos.htx\
[23:24:14] - [21] VICTOR.POZEN: Répertoire en Cours: D:\kerberos.htx\ftp\
[23:24:16] - [21] VICTOR.POZEN: Répertoire en Cours: D:\kerberos.htx\ftp\progz\
[23:25:08] - [22] Connecté à 90.26.136.242. Collecte du Nom d'utilisateur.
[23:25:08] - [22] Usager VICTOR.POZEN Connecté IP: 90.26.136.242
[23:25:08] - [22] VICTOR.POZEN: Répertoire en Cours: D:\kerberos.htx\
[23:25:40] - [21] VICTOR.POZEN: Répertoire en Cours: D:\kerberos.htx\last dow\
[23:25:42] - [22] Client 90.26.136.242 Déconnecté (00:00:34 Min)
[23:26:09] - [21] VICTOR.POZEN: Répertoire en Cours: D:\kerberos.htx\rar\
[23:26:32] - [23] Connecté à 90.26.136.242. Collecte du Nom d'utilisateur.
[23:26:32] - [23] Usager VICTOR.POZEN Connecté IP: 90.26.136.242
[23:26:32] - [23] VICTOR.POZEN: Répertoire en Cours: D:\kerberos.htx\
[23:26:32] - [23] VICTOR.POZEN: Début du Téléchargement de: D:\kerberos.htx\rar\mspass.rar
[23:26:32] - [23] VICTOR.POZEN: Fichier envoyé: D:\kerberos.htx\rar\mspass.rar (61,63 K/S -   63 105 bytes)
[23:27:03] - [23] Client 90.26.136.242 Déconnecté (00:00:31 Min)
[23:27:17] - [21] VICTOR.POZEN: Répertoire en Cours: D:\kerberos.htx\exe\
[23:27:21] - [21] VICTOR.POZEN: Répertoire en Cours: D:\kerberos.htx\exe\aida32\
[23:27:22] - [24] Connecté à 90.26.136.242. Collecte du Nom d'utilisateur.
[23:27:22] - [25] Connecté à 90.26.136.242. Collecte du Nom d'utilisateur.
[23:27:22] - [24] Usager VICTOR.POZEN Connecté IP: 90.26.136.242
[23:27:22] - [24] VICTOR.POZEN: Répertoire en Cours: D:\kerberos.htx\
[23:27:23] - [25] Usager VICTOR.POZEN Connecté IP: 90.26.136.242
[23:27:23] - [25] VICTOR.POZEN: Répertoire en Cours: D:\kerberos.htx\
[23:27:23] - [24] VICTOR.POZEN: Début du Téléchargement de: D:\kerberos.htx\exe\aida32\aida-32_3-94-2_fr_11155.zip
[23:27:23] - [25] VICTOR.POZEN: Début du Téléchargement de: D:\kerberos.htx\exe\aida32\aida32.bin
[23:27:37] - [21] VICTOR.POZEN: Répertoire en Cours: D:\kerberos.htx\exe\pour.xp\
[23:27:38] - [25] VICTOR.POZEN: Fichier envoyé: D:\kerberos.htx\exe\aida32\aida32.bin (70,33 K/S -  1 080 320 bytes)
[23:27:39] - [25] VICTOR.POZEN: Début du Téléchargement de: D:\kerberos.htx\exe\aida32\aida32.dat
[23:27:39] - [25] VICTOR.POZEN: Fichier envoyé: D:\kerberos.htx\exe\aida32\aida32.dat (429,09 K/S -   439 388 bytes)
[23:27:40] - [24] VICTOR.POZEN: Fichier envoyé: D:\kerberos.htx\exe\aida32\aida-32_3-94-2_fr_11155.zip (187,08 K/S -  3 256 656 bytes)
[23:27:40] - [24] VICTOR.POZEN: Début du Téléchargement de: D:\kerberos.htx\exe\aida32\aida32.mem
[23:27:40] - [24] VICTOR.POZEN: Fichier envoyé: D:\kerberos.htx\exe\aida32\aida32.mem (2,44 K/S -   2 501 bytes)
[23:27:40] - [24] VICTOR.POZEN: Début du Téléchargement de: D:\kerberos.htx\exe\aida32\aida32.sa6
[23:27:40] - [24] VICTOR.POZEN: Fichier envoyé: D:\kerberos.htx\exe\aida32\aida32.sa6 (6,00 K/S -   6 144 bytes)
[23:27:40] - [25] VICTOR.POZEN: Début du Téléchargement de: D:\kerberos.htx\exe\aida32\aida32.exe
[23:27:40] - [25] VICTOR.POZEN: Fichier envoyé: D:\kerberos.htx\exe\aida32\aida32.exe (14,50 K/S -   14 848 bytes)
[23:27:41] - [24] VICTOR.POZEN: Début du Téléchargement de: D:\kerberos.htx\exe\aida32\aida32.si6
[23:27:41] - [24] VICTOR.POZEN: Fichier envoyé: D:\kerberos.htx\exe\aida32\aida32.si6 (9,00 K/S -   9 216 bytes)
[23:27:41] - [24] VICTOR.POZEN: Début du Téléchargement de: D:\kerberos.htx\exe\aida32\aida32.sys
[23:27:41] - [24] VICTOR.POZEN: Fichier envoyé: D:\kerberos.htx\exe\aida32\aida32.sys (3,50 K/S -   3 584 bytes)
[23:27:41] - [24] VICTOR.POZEN: Début du Téléchargement de: D:\kerberos.htx\exe\aida32\aida32.vxd
[23:27:42] - [24] VICTOR.POZEN: Fichier envoyé: D:\kerberos.htx\exe\aida32\aida32.vxd (7,06 K/S -   7 228 bytes)
[23:27:42] - [24] VICTOR.POZEN: Début du Téléchargement de: D:\kerberos.htx\exe\aida32\aida32.web
[23:27:42] - [24] VICTOR.POZEN: Fichier envoyé: D:\kerberos.htx\exe\aida32\aida32.web (5,84 K/S -   5 976 bytes)
[23:27:42] - [24] VICTOR.POZEN: Début du Téléchargement de: D:\kerberos.htx\exe\aida32\aidaplugin_diskbench.dll
[23:27:42] - [24] VICTOR.POZEN: Fichier envoyé: D:\kerberos.htx\exe\aida32\aidaplugin_diskbench.dll (200,50 K/S -   205 312 bytes)
[23:27:43] - [25] VICTOR.POZEN: Début du Téléchargement de: D:\kerberos.htx\exe\aida32\aidaplugin_netbench.dll
[23:27:44] - [24] VICTOR.POZEN: Début du Téléchargement de: D:\kerberos.htx\exe\aida32\aidaplugin_monitordiag.dll
[23:27:44] - [24] VICTOR.POZEN: Fichier envoyé: D:\kerberos.htx\exe\aida32\aidaplugin_monitordiag.dll (182,00 K/S -   186 368 bytes)
[23:27:44] - [25] VICTOR.POZEN: Fichier envoyé: D:\kerberos.htx\exe\aida32\aidaplugin_netbench.dll (253,00 K/S -   259 072 bytes)
[23:27:44] - [25] VICTOR.POZEN: Début du Téléchargement de: D:\kerberos.htx\exe\aida32\aida_icons.dll
[23:27:45] - [24] VICTOR.POZEN: Début du Téléchargement de: D:\kerberos.htx\exe\aida32\aida_directx.dll
[23:27:45] - [24] VICTOR.POZEN: Fichier envoyé: D:\kerberos.htx\exe\aida32\aida_directx.dll (45,50 K/S -   46 592 bytes)
[23:27:45] - [25] VICTOR.POZEN: Fichier envoyé: D:\kerberos.htx\exe\aida32\aida_icons.dll (95,00 K/S -   97 280 bytes)
[23:27:45] - [24] VICTOR.POZEN: Début du Téléchargement de: D:\kerberos.htx\exe\aida32\al.lng
[23:27:45] - [24] VICTOR.POZEN: Fichier envoyé: D:\kerberos.htx\exe\aida32\al.lng (75,28 K/S -   77 088 bytes)
[23:27:46] - [25] VICTOR.POZEN: Début du Téléchargement de: D:\kerberos.htx\exe\aida32\aida_xpicons.dll
[23:27:46] - [24] VICTOR.POZEN: Début du Téléchargement de: D:\kerberos.htx\exe\aida32\bg.lng
[23:27:46] - [24] VICTOR.POZEN: Fichier envoyé: D:\kerberos.htx\exe\aida32\bg.lng (74,07 K/S -   75 848 bytes)
[23:27:46] - [25] VICTOR.POZEN: Fichier envoyé: D:\kerberos.htx\exe\aida32\aida_xpicons.dll (139,00 K/S -   142 336 bytes)
[23:27:47] - [25] VICTOR.POZEN: Début du Téléchargement de: D:\kerberos.htx\exe\aida32\ca.lng
[23:27:47] - [24] VICTOR.POZEN: Début du Téléchargement de: D:\kerberos.htx\exe\aida32\cn.lng
[23:27:47] - [25] VICTOR.POZEN: Fichier envoyé: D:\kerberos.htx\exe\aida32\ca.lng (78,61 K/S -   80 501 bytes)
[23:27:47] - [24] VICTOR.POZEN: Fichier envoyé: D:\kerberos.htx\exe\aida32\cn.lng (63,95 K/S -   65 483 bytes)
[23:27:47] - [24] VICTOR.POZEN: Début du Téléchargement de: D:\kerberos.htx\exe\aida32\DB - Access.mdb
[23:27:47] - [25] VICTOR.POZEN: Début du Téléchargement de: D:\kerberos.htx\exe\aida32\cz.lng
[23:27:47] - [25] VICTOR.POZEN: Fichier envoyé: D:\kerberos.htx\exe\aida32\cz.lng (71,27 K/S -   72 978 bytes)
[23:27:47] - [24] VICTOR.POZEN: Fichier envoyé: D:\kerberos.htx\exe\aida32\DB - Access.mdb (164,00 K/S -   167 936 bytes)
[23:27:47] - [25] VICTOR.POZEN: Début du Téléchargement de: D:\kerberos.htx\exe\aida32\DB - Access97.mdb
[23:27:48] - [24] VICTOR.POZEN: Début du Téléchargement de: D:\kerberos.htx\exe\aida32\DB - MySQL.sql
[23:27:48] - [24] VICTOR.POZEN: Fichier envoyé: D:\kerberos.htx\exe\aida32\DB - MySQL.sql (0,83 K/S -    853 bytes)
[23:27:48] - [25] VICTOR.POZEN: Fichier envoyé: D:\kerberos.htx\exe\aida32\DB - Access97.mdb (90,00 K/S -   92 160 bytes)
[23:27:48] - [25] VICTOR.POZEN: Début du Téléchargement de: D:\kerberos.htx\exe\aida32\DB - Oracle.sql
[23:27:48] - [25] VICTOR.POZEN: Fichier envoyé: D:\kerberos.htx\exe\aida32\DB - Oracle.sql (0,98 K/S -   1 001 bytes)
[23:27:48] - [24] VICTOR.POZEN: Début du Téléchargement de: D:\kerberos.htx\exe\aida32\DB - SQL Server.sql
[23:27:48] - [24] VICTOR.POZEN: Fichier envoyé: D:\kerberos.htx\exe\aida32\DB - SQL Server.sql (1,25 K/S -   1 275 bytes)
[23:27:48] - [25] VICTOR.POZEN: Début du Téléchargement de: D:\kerberos.htx\exe\aida32\de.lng
[23:27:48] - [25] VICTOR.POZEN: Fichier envoyé: D:\kerberos.htx\exe\aida32\de.lng (73,16 K/S -   74 914 bytes)
[23:27:48] - [25] VICTOR.POZEN: Début du Téléchargement de: D:\kerberos.htx\exe\aida32\dk.lng
[23:27:48] - [24] VICTOR.POZEN: Début du Téléchargement de: D:\kerberos.htx\exe\aida32\es.lng
[23:27:49] - [25] VICTOR.POZEN: Fichier envoyé: D:\kerberos.htx\exe\aida32\dk.lng (70,05 K/S -   71 732 bytes)
[23:27:49] - [24] VICTOR.POZEN: Fichier envoyé: D:\kerberos.htx\exe\aida32\es.lng (78,84 K/S -   80 733 bytes)
[23:27:49] - [25] VICTOR.POZEN: Début du Téléchargement de: D:\kerberos.htx\exe\aida32\fi.lng
[23:27:49] - [25] VICTOR.POZEN: Fichier envoyé: D:\kerberos.htx\exe\aida32\fi.lng (67,71 K/S -   69 338 bytes)
[23:27:49] - [25] VICTOR.POZEN: Début du Téléchargement de: D:\kerberos.htx\exe\aida32\gl.lng
[23:27:49] - [25] VICTOR.POZEN: Fichier envoyé: D:\kerberos.htx\exe\aida32\gl.lng (77,11 K/S -   78 956 bytes)
[23:27:49] - [24] VICTOR.POZEN: Début du Téléchargement de: D:\kerberos.htx\exe\aida32\fr.lng
[23:27:49] - [24] VICTOR.POZEN: Fichier envoyé: D:\kerberos.htx\exe\aida32\fr.lng (77,81 K/S -   79 678 bytes)
[23:27:49] - [25] VICTOR.POZEN: Début du Téléchargement de: D:\kerberos.htx\exe\aida32\gr.lng
[23:27:49] - [25] VICTOR.POZEN: Fichier envoyé: D:\kerberos.htx\exe\aida32\gr.lng (75,86 K/S -   77 678 bytes)
[23:27:49] - [24] VICTOR.POZEN: Début du Téléchargement de: D:\kerberos.htx\exe\aida32\hr.lng
[23:27:50] - [24] VICTOR.POZEN: Fichier envoyé: D:\kerberos.htx\exe\aida32\hr.lng (73,75 K/S -   75 515 bytes)
[23:27:50] - [25] VICTOR.POZEN: Début du Téléchargement de: D:\kerberos.htx\exe\aida32\hu.lng
[23:27:50] - [25] VICTOR.POZEN: Fichier envoyé: D:\kerberos.htx\exe\aida32\hu.lng (72,12 K/S -   73 853 bytes)
[23:27:50] - [24] VICTOR.POZEN: Début du Téléchargement de: D:\kerberos.htx\exe\aida32\it.lng
[23:27:50] - [24] VICTOR.POZEN: Fichier envoyé: D:\kerberos.htx\exe\aida32\it.lng (76,48 K/S -   78 315 bytes)
[23:27:50] - [25] VICTOR.POZEN: Début du Téléchargement de: D:\kerberos.htx\exe\aida32\jp.lng
[23:27:50] - [25] VICTOR.POZEN: Fichier envoyé: D:\kerberos.htx\exe\aida32\jp.lng (69,83 K/S -   71 501 bytes)
[23:27:50] - [24] VICTOR.POZEN: Début du Téléchargement de: D:\kerberos.htx\exe\aida32\kr.lng
[23:27:50] - [25] VICTOR.POZEN: Début du Téléchargement de: D:\kerberos.htx\exe\aida32\lt.lng
[23:27:51] - [24] VICTOR.POZEN: Fichier envoyé: D:\kerberos.htx\exe\aida32\kr.lng (62,83 K/S -   64 343 bytes)
[23:27:51] - [25] VICTOR.POZEN: Fichier envoyé: D:\kerberos.htx\exe\aida32\lt.lng (75,44 K/S -   77 253 bytes)
[23:27:51] - [24] VICTOR.POZEN: Début du Téléchargement de: D:\kerberos.htx\exe\aida32\lv.lng
[23:27:51] - [25] VICTOR.POZEN: Début du Téléchargement de: D:\kerberos.htx\exe\aida32\mk.lng
[23:27:51] - [24] VICTOR.POZEN: Fichier envoyé: D:\kerberos.htx\exe\aida32\lv.lng (72,05 K/S -   73 779 bytes)
[23:27:51] - [25] VICTOR.POZEN: Fichier envoyé: D:\kerberos.htx\exe\aida32\mk.lng (77,10 K/S -   78 946 bytes)
[23:27:51] - [25] VICTOR.POZEN: Début du Téléchargement de: D:\kerberos.htx\exe\aida32\no.lng
[23:27:51] - [24] VICTOR.POZEN: Début du Téléchargement de: D:\kerberos.htx\exe\aida32\nl.lng
[23:27:51] - [25] VICTOR.POZEN: Fichier envoyé: D:\kerberos.htx\exe\aida32\no.lng (70,05 K/S -   71 733 bytes)
[23:27:51] - [24] VICTOR.POZEN: Fichier envoyé: D:\kerberos.htx\exe\aida32\nl.lng (72,19 K/S -   73 926 bytes)
[23:27:52] - [25] VICTOR.POZEN: Début du Téléchargement de: D:\kerberos.htx\exe\aida32\pt.lng
[23:27:52] - [24] VICTOR.POZEN: Début du Téléchargement de: D:\kerberos.htx\exe\aida32\pl.lng
[23:27:52] - [25] VICTOR.POZEN: Fichier envoyé: D:\kerberos.htx\exe\aida32\pt.lng (76,79 K/S -   78 637 bytes)
[23:27:52] - [24] VICTOR.POZEN: Fichier envoyé: D:\kerberos.htx\exe\aida32\pl.lng (77,32 K/S -   79 179 bytes)
[23:27:52] - [24] VICTOR.POZEN: Début du Téléchargement de: D:\kerberos.htx\exe\aida32\ru.lng
[23:27:52] - [25] VICTOR.POZEN: Début du Téléchargement de: D:\kerberos.htx\exe\aida32\ro.lng
[23:27:52] - [24] VICTOR.POZEN: Fichier envoyé: D:\kerberos.htx\exe\aida32\ru.lng (72,42 K/S -   74 159 bytes)
[23:27:52] - [25] VICTOR.POZEN: Fichier envoyé: D:\kerberos.htx\exe\aida32\ro.lng (74,46 K/S -   76 242 bytes)
[23:27:52] - [24] VICTOR.POZEN: Début du Téléchargement de: D:\kerberos.htx\exe\aida32\se.lng
[23:27:52] - [24] VICTOR.POZEN: Fichier envoyé: D:\kerberos.htx\exe\aida32\se.lng (71,47 K/S -   73 185 bytes)
[23:27:52] - [25] VICTOR.POZEN: Début du Téléchargement de: D:\kerberos.htx\exe\aida32\si.lng
[23:27:53] - [25] VICTOR.POZEN: Fichier envoyé: D:\kerberos.htx\exe\aida32\si.lng (71,12 K/S -   72 827 bytes)
[23:27:53] - [24] VICTOR.POZEN: Début du Téléchargement de: D:\kerberos.htx\exe\aida32\sk.lng
[23:27:53] - [24] VICTOR.POZEN: Fichier envoyé: D:\kerberos.htx\exe\aida32\sk.lng (71,81 K/S -   73 534 bytes)
[23:27:53] - [25] VICTOR.POZEN: Début du Téléchargement de: D:\kerberos.htx\exe\aida32\sr.lng
[23:27:53] - [25] VICTOR.POZEN: Fichier envoyé: D:\kerberos.htx\exe\aida32\sr.lng (72,18 K/S -   73 908 bytes)
[23:27:53] - [24] VICTOR.POZEN: Début du Téléchargement de: D:\kerberos.htx\exe\aida32\tr.lng
[23:27:53] - [24] VICTOR.POZEN: Fichier envoyé: D:\kerberos.htx\exe\aida32\tr.lng (70,43 K/S -   72 116 bytes)
[23:27:53] - [25] VICTOR.POZEN: Début du Téléchargement de: D:\kerberos.htx\exe\aida32\tw.lng
[23:27:53] - [25] VICTOR.POZEN: Fichier envoyé: D:\kerberos.htx\exe\aida32\tw.lng (58,35 K/S -   59 753 bytes)
[23:27:53] - [24] VICTOR.POZEN: Début du Téléchargement de: D:\kerberos.htx\exe\aida32\ua.lng
[23:27:53] - [24] VICTOR.POZEN: Fichier envoyé: D:\kerberos.htx\exe\aida32\ua.lng (71,79 K/S -   73 513 bytes)
[23:28:24] - [25] Client 90.26.136.242 Déconnecté (00:01:01 Min)
[23:28:24] - [24] Client 90.26.136.242 Déconnecté (00:01:01 Min)
[23:29:44] - [21] Client 90.26.136.242 Déconnecté (00:05:38 Min)
[23:41:32] - [26] Connecté à 90.26.136.242. Collecte du Nom d'utilisateur.
[23:41:33] - [26] Usager VICTOR.POZEN Connecté IP: 90.26.136.242
[23:41:33] - [26] VICTOR.POZEN: Répertoire en Cours: D:\kerberos.htx\
[23:41:33] - [26] VICTOR.POZEN: Répertoire en Cours: D:\kerberos.htx\
[23:41:46] - [26] VICTOR.POZEN: Répertoire en Cours: D:\kerberos.htx\exe\
[23:41:49] - [26] VICTOR.POZEN: Répertoire en Cours: D:\kerberos.htx\exe\mydrivers\
[23:41:57] - [26] VICTOR.POZEN: Répertoire en Cours: D:\kerberos.htx\exe\mydrivers\Keygen\
[23:41:59] - [27] Connecté à 90.26.136.242. Collecte du Nom d'utilisateur.
[23:41:59] - [28] Connecté à 90.26.136.242. Collecte du Nom d'utilisateur.
[23:41:59] - [28] Usager VICTOR.POZEN Connecté IP: 90.26.136.242
[23:41:59] - [28] VICTOR.POZEN: Répertoire en Cours: D:\kerberos.htx\
[23:41:59] - [27] Usager VICTOR.POZEN Connecté IP: 90.26.136.242
[23:41:59] - [27] VICTOR.POZEN: Répertoire en Cours: D:\kerberos.htx\
[23:41:59] - [27] VICTOR.POZEN: Début du Téléchargement de: D:\kerberos.htx\exe\mydrivers\mydrivers.exe
[23:42:02] - [28] VICTOR.POZEN: Début du Téléchargement de: D:\kerberos.htx\exe\mydrivers\Keygen\Keygen.exe
[23:42:04] - [28] VICTOR.POZEN: Fichier envoyé: D:\kerberos.htx\exe\mydrivers\Keygen\Keygen.exe (30,75 K/S -   62 976 bytes)
[23:42:04] - [28] VICTOR.POZEN: Début du Téléchargement de: D:\kerberos.htx\exe\mydrivers\Keygen\keygen1.exe
[23:42:04] - [28] VICTOR.POZEN: Fichier envoyé: D:\kerberos.htx\exe\mydrivers\Keygen\keygen1.exe (11,92 K/S -   12 208 bytes)
[23:42:05] - [27] VICTOR.POZEN: Fichier envoyé: D:\kerberos.htx\exe\mydrivers\mydrivers.exe (170,09 K/S -  1 045 050 bytes)
[23:42:14] - [28] Client 90.26.136.242 Déconnecté (00:00:15 Min)
[23:42:14] - [27] Client 90.26.136.242 Déconnecté (00:00:15 Min)
[23:42:14] - [26] Client 90.26.136.242 Déconnecté (00:00:41 Min)
