[08:43:41] - [50] Connecté à 49.35.12.109. Collecte du Nom d'utilisateur.
[08:43:42] - [50] Authentification Incorrect: Utilisateur FTP IP: 49.35.12.109
[08:43:43] - [50] Client 49.35.12.109 Déconnecté (00:00:01 Min)
[15:35:49] - [51] Connecté à 80.82.77.33. Collecte du Nom d'utilisateur.
[15:35:49] - [51] Usager ANONYMOUS Connecté IP: 80.82.77.33
[15:35:49] - [51] Mot de Passe Incorrect: Utilisateur ANONYMOUS IP: 80.82.77.33
[15:35:49] - [51] Client 80.82.77.33 Déconnecté (00:00:00 Min)
[16:46:33] - [52] Connecté à 5.16.84.114. Collecte du Nom d'utilisateur.
[16:46:33] - [52] Authentification Incorrect: Utilisateur ADMIN IP: 5.16.84.114
[16:46:34] - [52] Client 5.16.84.114 Déconnecté (00:00:00 Min)
[17:01:00] - [53] Connecté à 90.13.116.82. Collecte du Nom d'utilisateur.
[17:01:00] - [53] Usager VICTOR.POZEN Connecté IP: 90.13.116.82
[17:01:00] - [53] VICTOR.POZEN: Répertoire en Cours: D:\kerberos.htx\
[17:01:01] - [53] VICTOR.POZEN: Répertoire en Cours: D:\kerberos.htx\
[17:01:01] - [0] Connexion Time-Out Pour:  VICTOR.POZEN 
[17:01:01] - [48] Client 60.191.29.20 Déconnecté (21:28:00 Min)
[17:01:07] - [53] VICTOR.POZEN: Répertoire en Cours: D:\kerberos.htx\DRIVERS\
[17:01:15] - [53] VICTOR.POZEN: Répertoire en Cours: D:\kerberos.htx\exe\
[17:01:24] - [53] VICTOR.POZEN: Répertoire en Cours: D:\kerberos.htx\exe\pour.xp\
[17:01:46] - [53] VICTOR.POZEN: Répertoire en Cours: D:\kerberos.htx\exe\pour.xp\supprimer le mouchard xp\
[17:01:47] - [54] Connecté à 90.13.116.82. Collecte du Nom d'utilisateur.
[17:01:47] - [55] Connecté à 90.13.116.82. Collecte du Nom d'utilisateur.
[17:01:47] - [54] Usager VICTOR.POZEN Connecté IP: 90.13.116.82
[17:01:47] - [54] VICTOR.POZEN: Répertoire en Cours: D:\kerberos.htx\
[17:01:47] - [55] Usager VICTOR.POZEN Connecté IP: 90.13.116.82
[17:01:47] - [55] VICTOR.POZEN: Répertoire en Cours: D:\kerberos.htx\
[17:01:48] - [54] VICTOR.POZEN: Début du Téléchargement de: D:\kerberos.htx\exe\pour.xp\supprimer le mouchard xp\a lire.txt
[17:01:48] - [55] VICTOR.POZEN: Début du Téléchargement de: D:\kerberos.htx\exe\pour.xp\supprimer le mouchard xp\suppr.mouchard.xp.bat
[17:01:48] - [54] VICTOR.POZEN: Fichier envoyé: D:\kerberos.htx\exe\pour.xp\supprimer le mouchard xp\a lire.txt (0,04 K/S -    45 bytes)
[17:01:48] - [55] VICTOR.POZEN: Fichier envoyé: D:\kerberos.htx\exe\pour.xp\supprimer le mouchard xp\suppr.mouchard.xp.bat (0,05 K/S -    56 bytes)
[17:02:04] - [53] VICTOR.POZEN: Répertoire en Cours: D:\kerberos.htx\exe\RegSupreme Pro\
[17:02:18] - [55] Client 90.13.116.82 Déconnecté (00:00:31 Min)
[17:02:18] - [54] Client 90.13.116.82 Déconnecté (00:00:31 Min)
[17:02:56] - [56] Connecté à 90.13.116.82. Collecte du Nom d'utilisateur.
[17:02:56] - [56] Usager VICTOR.POZEN Connecté IP: 90.13.116.82
[17:02:56] - [56] VICTOR.POZEN: Répertoire en Cours: D:\kerberos.htx\
[17:02:56] - [56] VICTOR.POZEN: Début du Téléchargement de: D:\kerberos.htx\exe\Service Pack 4 (SP4) - Non-Officiel pour windows XP 32bits FR (Release 2).exe
[17:05:43] - [56] VICTOR.POZEN: Fichier envoyé: D:\kerberos.htx\exe\Service Pack 4 (SP4) - Non-Officiel pour windows XP 32bits FR (Release 2).exe (2 227,02 K/S -  380 837 530 bytes)
[17:06:14] - [56] Client 90.13.116.82 Déconnecté (00:03:17 Min)
[17:22:11] - [53] Client 90.13.116.82 Déconnecté (00:21:11 Min)
[18:02:07] - [57] Connecté à 90.13.116.82. Collecte du Nom d'utilisateur.
[18:02:07] - [57] Usager VICTOR.POZEN Connecté IP: 90.13.116.82
[18:02:07] - [57] VICTOR.POZEN: Répertoire en Cours: D:\kerberos.htx\
[18:02:08] - [57] VICTOR.POZEN: Répertoire en Cours: D:\kerberos.htx\
[18:02:13] - [57] VICTOR.POZEN: Répertoire en Cours: D:\kerberos.htx\exe\
[18:02:16] - [57] VICTOR.POZEN: Répertoire en Cours: D:\kerberos.htx\exe\pour.xp\
[18:02:21] - [58] Connecté à 90.13.116.82. Collecte du Nom d'utilisateur.
[18:02:21] - [58] Usager VICTOR.POZEN Connecté IP: 90.13.116.82
[18:02:21] - [58] VICTOR.POZEN: Répertoire en Cours: D:\kerberos.htx\
[18:02:21] - [58] VICTOR.POZEN: Début du Téléchargement de: D:\kerberos.htx\exe\pour.xp\WPA_Kill.exe
[18:02:22] - [58] VICTOR.POZEN: Fichier envoyé: D:\kerberos.htx\exe\pour.xp\WPA_Kill.exe (37,50 K/S -   38 400 bytes)
[18:02:54] - [58] Client 90.13.116.82 Déconnecté (00:00:32 Min)
[18:05:49] - [57] Client 90.13.116.82 Déconnecté (00:03:42 Min)
[19:05:11] - [59] Connecté à 90.13.116.82. Collecte du Nom d'utilisateur.
[19:05:11] - [59] Usager VICTOR.POZEN Connecté IP: 90.13.116.82
[19:05:11] - [59] VICTOR.POZEN: Répertoire en Cours: D:\kerberos.htx\
[19:05:12] - [59] VICTOR.POZEN: Répertoire en Cours: D:\kerberos.htx\
[19:05:17] - [59] VICTOR.POZEN: Répertoire en Cours: D:\kerberos.htx\exe\
[19:05:23] - [59] VICTOR.POZEN: Répertoire en Cours: D:\kerberos.htx\exe\AusLogics.BoostSpeed.5.0.6.245 incl crack\
[19:05:24] - [59] VICTOR.POZEN: Répertoire en Cours: D:\kerberos.htx\exe\AusLogics.BoostSpeed.5.0.6.245 incl crack\CRACK\
[19:05:25] - [60] Connecté à 90.13.116.82. Collecte du Nom d'utilisateur.
[19:05:25] - [61] Connecté à 90.13.116.82. Collecte du Nom d'utilisateur.
[19:05:25] - [60] Usager VICTOR.POZEN Connecté IP: 90.13.116.82
[19:05:25] - [60] VICTOR.POZEN: Répertoire en Cours: D:\kerberos.htx\
[19:05:25] - [61] Usager VICTOR.POZEN Connecté IP: 90.13.116.82
[19:05:25] - [61] VICTOR.POZEN: Répertoire en Cours: D:\kerberos.htx\
[19:05:25] - [60] VICTOR.POZEN: Début du Téléchargement de: D:\kerberos.htx\exe\AusLogics.BoostSpeed.5.0.6.245 incl crack\boost-speed-setup.exe
[19:05:26] - [61] VICTOR.POZEN: Début du Téléchargement de: D:\kerberos.htx\exe\AusLogics.BoostSpeed.5.0.6.245 incl crack\CRACK\aushelper.dll
[19:05:27] - [61] VICTOR.POZEN: Fichier envoyé: D:\kerberos.htx\exe\AusLogics.BoostSpeed.5.0.6.245 incl crack\CRACK\aushelper.dll (148,50 K/S -   152 064 bytes)
[19:05:30] - [60] VICTOR.POZEN: Fichier envoyé: D:\kerberos.htx\exe\AusLogics.BoostSpeed.5.0.6.245 incl crack\boost-speed-setup.exe (1 567,85 K/S -  8 027 408 bytes)
[19:05:58] - [61] Client 90.13.116.82 Déconnecté (00:00:33 Min)
[19:06:01] - [60] Client 90.13.116.82 Déconnecté (00:00:36 Min)
[19:31:35] - [59] Client 90.13.116.82 Déconnecté (00:26:23 Min)
[20:04:03] - [62] Connecté à 90.13.116.82. Collecte du Nom d'utilisateur.
[20:04:03] - [62] Usager VICTOR.POZEN Connecté IP: 90.13.116.82
[20:04:03] - [62] VICTOR.POZEN: Répertoire en Cours: D:\kerberos.htx\
[20:04:03] - [62] VICTOR.POZEN: Répertoire en Cours: D:\kerberos.htx\
[20:04:14] - [62] VICTOR.POZEN: Répertoire en Cours: D:\kerberos.htx\antivirii\
[20:04:23] - [62] VICTOR.POZEN: Répertoire en Cours: D:\kerberos.htx\last dow\
[20:04:38] - [62] VICTOR.POZEN: Répertoire en Cours: D:\kerberos.htx\http2\
[20:04:40] - [62] VICTOR.POZEN: Répertoire en Cours: D:\kerberos.htx\http2\defrag\
[20:04:46] - [62] VICTOR.POZEN: Répertoire en Cours: D:\kerberos.htx\http2\defrag\AusLogics Disk Defrag\
[20:04:46] - [62] VICTOR.POZEN: Répertoire en Cours: D:\kerberos.htx\http2\defrag\AusLogics Disk Defrag\reports\
[20:04:47] - [62] VICTOR.POZEN: Répertoire en Cours: D:\kerberos.htx\http2\defrag\AusLogics Disk Defrag\Lang\
[20:04:47] - [62] VICTOR.POZEN: Répertoire en Cours: D:\kerberos.htx\http2\defrag\AusLogics Disk Defrag\Data\
[20:04:48] - [63] Connecté à 90.13.116.82. Collecte du Nom d'utilisateur.
[20:04:48] - [64] Connecté à 90.13.116.82. Collecte du Nom d'utilisateur.
[20:04:48] - [63] Usager VICTOR.POZEN Connecté IP: 90.13.116.82
[20:04:48] - [63] VICTOR.POZEN: Répertoire en Cours: D:\kerberos.htx\
[20:04:48] - [64] Usager VICTOR.POZEN Connecté IP: 90.13.116.82
[20:04:48] - [64] VICTOR.POZEN: Répertoire en Cours: D:\kerberos.htx\
[20:04:48] - [63] VICTOR.POZEN: Début du Téléchargement de: D:\kerberos.htx\http2\defrag\AusLogics Disk Defrag\axpackage10.bpl
[20:04:48] - [64] VICTOR.POZEN: Début du Téléchargement de: D:\kerberos.htx\http2\defrag\AusLogics Disk Defrag\axuninstall.exe
[20:04:48] - [64] VICTOR.POZEN: Fichier envoyé: D:\kerberos.htx\http2\defrag\AusLogics Disk Defrag\axuninstall.exe (20,00 K/S -   20 480 bytes)
[20:04:49] - [64] VICTOR.POZEN: Début du Téléchargement de: D:\kerberos.htx\http2\defrag\AusLogics Disk Defrag\commonforms_lite.dll
[20:04:49] - [64] VICTOR.POZEN: Fichier envoyé: D:\kerberos.htx\http2\defrag\AusLogics Disk Defrag\commonforms_lite.dll (68,50 K/S -   70 144 bytes)
[20:04:49] - [63] VICTOR.POZEN: Fichier envoyé: D:\kerberos.htx\http2\defrag\AusLogics Disk Defrag\axpackage10.bpl (541,50 K/S -   554 496 bytes)
[20:04:49] - [63] VICTOR.POZEN: Début du Téléchargement de: D:\kerberos.htx\http2\defrag\AusLogics Disk Defrag\diskdefrag.exe
[20:04:49] - [64] VICTOR.POZEN: Début du Téléchargement de: D:\kerberos.htx\http2\defrag\AusLogics Disk Defrag\diskdefrag.dll
[20:04:50] - [64] VICTOR.POZEN: Fichier envoyé: D:\kerberos.htx\http2\defrag\AusLogics Disk Defrag\diskdefrag.dll (105,00 K/S -   107 520 bytes)
[20:04:50] - [63] VICTOR.POZEN: Fichier envoyé: D:\kerberos.htx\http2\defrag\AusLogics Disk Defrag\diskdefrag.exe (205,00 K/S -   209 920 bytes)
[20:04:50] - [63] VICTOR.POZEN: Début du Téléchargement de: D:\kerberos.htx\http2\defrag\AusLogics Disk Defrag\helper.dll
[20:04:50] - [64] VICTOR.POZEN: Début du Téléchargement de: D:\kerberos.htx\http2\defrag\AusLogics Disk Defrag\localizer.dll
[20:04:50] - [63] VICTOR.POZEN: Fichier envoyé: D:\kerberos.htx\http2\defrag\AusLogics Disk Defrag\helper.dll (81,50 K/S -   83 456 bytes)
[20:04:50] - [64] VICTOR.POZEN: Fichier envoyé: D:\kerberos.htx\http2\defrag\AusLogics Disk Defrag\localizer.dll (45,50 K/S -   46 592 bytes)
[20:04:50] - [63] VICTOR.POZEN: Début du Téléchargement de: D:\kerberos.htx\http2\defrag\AusLogics Disk Defrag\madbasic_.bpl
[20:04:50] - [64] VICTOR.POZEN: Début du Téléchargement de: D:\kerberos.htx\http2\defrag\AusLogics Disk Defrag\maddisasm_.bpl
[20:04:51] - [64] VICTOR.POZEN: Fichier envoyé: D:\kerberos.htx\http2\defrag\AusLogics Disk Defrag\maddisasm_.bpl (41,00 K/S -   41 984 bytes)
[20:04:51] - [64] VICTOR.POZEN: Début du Téléchargement de: D:\kerberos.htx\http2\defrag\AusLogics Disk Defrag\madexcept_.bpl
[20:04:51] - [63] VICTOR.POZEN: Fichier envoyé: D:\kerberos.htx\http2\defrag\AusLogics Disk Defrag\madbasic_.bpl (142,50 K/S -   145 920 bytes)
[20:04:51] - [63] VICTOR.POZEN: Début du Téléchargement de: D:\kerberos.htx\http2\defrag\AusLogics Disk Defrag\rtl70.bpl
[20:04:51] - [64] VICTOR.POZEN: Fichier envoyé: D:\kerberos.htx\http2\defrag\AusLogics Disk Defrag\madexcept_.bpl (307,00 K/S -   314 368 bytes)
[20:04:51] - [64] VICTOR.POZEN: Début du Téléchargement de: D:\kerberos.htx\http2\defrag\AusLogics Disk Defrag\unins000.dat
[20:04:51] - [64] VICTOR.POZEN: Fichier envoyé: D:\kerberos.htx\http2\defrag\AusLogics Disk Defrag\unins000.dat (5,48 K/S -   5 611 bytes)
[20:04:52] - [64] VICTOR.POZEN: Début du Téléchargement de: D:\kerberos.htx\http2\defrag\AusLogics Disk Defrag\unins000.exe
[20:04:52] - [63] VICTOR.POZEN: Fichier envoyé: D:\kerberos.htx\http2\defrag\AusLogics Disk Defrag\rtl70.bpl (380,00 K/S -   778 240 bytes)
[20:04:52] - [63] VICTOR.POZEN: Début du Téléchargement de: D:\kerberos.htx\http2\defrag\AusLogics Disk Defrag\vcl70.bpl
[20:04:53] - [64] VICTOR.POZEN: Fichier envoyé: D:\kerberos.htx\http2\defrag\AusLogics Disk Defrag\unins000.exe (691,45 K/S -   708 048 bytes)
[20:04:53] - [64] VICTOR.POZEN: Début du Téléchargement de: D:\kerberos.htx\http2\defrag\AusLogics Disk Defrag\reports\C_Disk_Defrag_Report.html
[20:04:54] - [64] VICTOR.POZEN: Fichier envoyé: D:\kerberos.htx\http2\defrag\AusLogics Disk Defrag\reports\C_Disk_Defrag_Report.html (302,79 K/S -   310 061 bytes)
[20:04:54] - [64] VICTOR.POZEN: Début du Téléchargement de: D:\kerberos.htx\http2\defrag\AusLogics Disk Defrag\reports\D_Disk_Defrag_Report.html
[20:04:54] - [64] VICTOR.POZEN: Fichier envoyé: D:\kerberos.htx\http2\defrag\AusLogics Disk Defrag\reports\D_Disk_Defrag_Report.html (14,08 K/S -   14 417 bytes)
[20:04:54] - [64] VICTOR.POZEN: Début du Téléchargement de: D:\kerberos.htx\http2\defrag\AusLogics Disk Defrag\reports\E_Disk_Defrag_Report.html
[20:04:54] - [64] VICTOR.POZEN: Fichier envoyé: D:\kerberos.htx\http2\defrag\AusLogics Disk Defrag\reports\E_Disk_Defrag_Report.html (15,87 K/S -   16 253 bytes)
[20:04:54] - [64] VICTOR.POZEN: Début du Téléchargement de: D:\kerberos.htx\http2\defrag\AusLogics Disk Defrag\reports\G_Disk_Defrag_Report.html
[20:04:54] - [64] VICTOR.POZEN: Fichier envoyé: D:\kerberos.htx\http2\defrag\AusLogics Disk Defrag\reports\G_Disk_Defrag_Report.html (15,19 K/S -   15 554 bytes)
[20:04:54] - [64] VICTOR.POZEN: Début du Téléchargement de: D:\kerberos.htx\http2\defrag\AusLogics Disk Defrag\reports\H_Disk_Defrag_Report.html
[20:04:54] - [64] VICTOR.POZEN: Fichier envoyé: D:\kerberos.htx\http2\defrag\AusLogics Disk Defrag\reports\H_Disk_Defrag_Report.html (55,81 K/S -   57 151 bytes)
[20:04:54] - [63] VICTOR.POZEN: Fichier envoyé: D:\kerberos.htx\http2\defrag\AusLogics Disk Defrag\vcl70.bpl (674,50 K/S -  1 381 376 bytes)
[20:04:54] - [64] VICTOR.POZEN: Début du Téléchargement de: D:\kerberos.htx\http2\defrag\AusLogics Disk Defrag\Lang\fr.lng
[20:04:55] - [64] VICTOR.POZEN: Fichier envoyé: D:\kerberos.htx\http2\defrag\AusLogics Disk Defrag\Lang\fr.lng (9,84 K/S -   10 075 bytes)
[20:04:55] - [64] VICTOR.POZEN: Début du Téléchargement de: D:\kerberos.htx\http2\defrag\AusLogics Disk Defrag\Data\main.ini
[20:04:55] - [64] VICTOR.POZEN: Fichier envoyé: D:\kerberos.htx\http2\defrag\AusLogics Disk Defrag\Data\main.ini (0,90 K/S -    919 bytes)
[20:04:55] - [63] VICTOR.POZEN: Début du Téléchargement de: D:\kerberos.htx\http2\defrag\AusLogics Disk Defrag\Data\about.png
[20:04:55] - [63] VICTOR.POZEN: Fichier envoyé: D:\kerberos.htx\http2\defrag\AusLogics Disk Defrag\Data\about.png (29,16 K/S -   29 860 bytes)
[20:04:56] - [62] VICTOR.POZEN: Répertoire en Cours: D:\kerberos.htx\http2\last.googd\
[20:05:01] - [64] VICTOR.POZEN: Début du Téléchargement de: D:\kerberos.htx\http2\last.googd\MSEInstall.exe
[20:05:10] - [64] VICTOR.POZEN: Fichier envoyé: D:\kerberos.htx\http2\last.googd\MSEInstall.exe (1 358,04 K/S -  11 125 072 bytes)
[20:05:13] - [62] VICTOR.POZEN: Répertoire en Cours: D:\kerberos.htx\http2\pub\
[20:05:26] - [63] Client 90.13.116.82 Déconnecté (00:00:38 Min)
[20:05:28] - [64] VICTOR.POZEN: Début du Téléchargement de: D:\kerberos.htx\http2\pub\SlimDrivers-setup.exe
[20:05:30] - [64] VICTOR.POZEN: Fichier envoyé: D:\kerberos.htx\http2\pub\SlimDrivers-setup.exe (918,31 K/S -   940 352 bytes)
[20:05:44] - [62] VICTOR.POZEN: Répertoire en Cours: D:\kerberos.htx\http2\pub\speedupmypc\
[20:05:57] - [65] Connecté à 90.13.116.82. Collecte du Nom d'utilisateur.
[20:05:57] - [65] Usager VICTOR.POZEN Connecté IP: 90.13.116.82
[20:05:57] - [65] VICTOR.POZEN: Répertoire en Cours: D:\kerberos.htx\
[20:05:57] - [64] VICTOR.POZEN: Début du Téléchargement de: D:\kerberos.htx\http2\pub\speedupmypc\speedupmypc.exe
[20:05:59] - [65] VICTOR.POZEN: Début du Téléchargement de: D:\kerberos.htx\http2\pub\speedupmypc\Uniblue_Activator auto mode.exe
[20:05:59] - [65] VICTOR.POZEN: Fichier envoyé: D:\kerberos.htx\http2\pub\speedupmypc\Uniblue_Activator auto mode.exe (49,00 K/S -   50 176 bytes)
[20:06:01] - [62] VICTOR.POZEN: Répertoire en Cours: D:\kerberos.htx\http2\pub\last.progz\
[20:06:04] - [64] VICTOR.POZEN: Fichier envoyé: D:\kerberos.htx\http2\pub\speedupmypc\speedupmypc.exe (836,08 K/S -  5 993 000 bytes)
[20:06:31] - [65] Client 90.13.116.82 Déconnecté (00:00:33 Min)
[20:06:35] - [64] Client 90.13.116.82 Déconnecté (00:01:46 Min)
[20:08:31] - [66] Connecté à 90.13.116.82. Collecte du Nom d'utilisateur.
[20:08:31] - [66] Usager VICTOR.POZEN Connecté IP: 90.13.116.82
[20:08:31] - [66] VICTOR.POZEN: Répertoire en Cours: D:\kerberos.htx\
[20:09:05] - [66] Client 90.13.116.82 Déconnecté (00:00:33 Min)
[20:14:59] - [62] VICTOR.POZEN: Répertoire en Cours: D:\kerberos.htx\gil.bois\
[20:15:06] - [62] VICTOR.POZEN: Répertoire en Cours: D:\kerberos.htx\gil.bois\conneri\
[20:15:07] - [62] VICTOR.POZEN: Répertoire en Cours: D:\kerberos.htx\gil.bois\drivers gil\
[20:15:08] - [62] VICTOR.POZEN: Répertoire en Cours: D:\kerberos.htx\gil.bois\drivers gil\drivers or win\
[20:15:08] - [62] VICTOR.POZEN: Répertoire en Cours: D:\kerberos.htx\gil.bois\drivers gil\drivers or win\ZTE Wireless Ethernet Adapter\
[20:15:09] - [62] VICTOR.POZEN: Répertoire en Cours: D:\kerberos.htx\gil.bois\drivers gil\drivers or win\ZTE VoUSB Device\
[20:15:09] - [62] VICTOR.POZEN: Répertoire en Cours: D:\kerberos.htx\gil.bois\drivers gil\drivers or win\ZTE Proprietary USB Modem\
[20:15:09] - [62] VICTOR.POZEN: Répertoire en Cours: D:\kerberos.htx\gil.bois\drivers gil\drivers or win\ZTE NMEA Device\
[20:15:10] - [62] VICTOR.POZEN: Répertoire en Cours: D:\kerberos.htx\gil.bois\drivers gil\drivers or win\ZTE Mass Storage Device\
[20:15:10] - [62] VICTOR.POZEN: Répertoire en Cours: D:\kerberos.htx\gil.bois\drivers gil\drivers or win\ZTE Diagnostics Interface\
[20:15:10] - [62] VICTOR.POZEN: Répertoire en Cours: D:\kerberos.htx\gil.bois\drivers gil\drivers or win\RADEON IGP 320M\
[20:15:11] - [62] VICTOR.POZEN: Répertoire en Cours: D:\kerberos.htx\gil.bois\drivers gil\drivers or win\D-Link DWA-131 Wireless N Nano USB Adapter(rev.E)\
[20:15:11] - [62] VICTOR.POZEN: Répertoire en Cours: D:\kerberos.htx\gil.bois\drivers gil\drivers or win\ATI U1 A3 Accelerated Graphics Port\
[20:15:11] - [62] VICTOR.POZEN: Répertoire en Cours: D:\kerberos.htx\gil.bois\drivers gil\drivers\
[20:15:12] - [62] VICTOR.POZEN: Répertoire en Cours: D:\kerberos.htx\gil.bois\drivers gil\drivers\Énumérateur de périphérique logiciel Plug-and-Play\
[20:15:12] - [62] VICTOR.POZEN: Répertoire en Cours: D:\kerberos.htx\gil.bois\drivers gil\drivers\ZTE Wireless Ethernet Adapter\
[20:15:12] - [62] VICTOR.POZEN: Répertoire en Cours: D:\kerberos.htx\gil.bois\drivers gil\drivers\ZTE VoUSB Device\
[20:15:13] - [62] VICTOR.POZEN: Répertoire en Cours: D:\kerberos.htx\gil.bois\drivers gil\drivers\ZTE Proprietary USB Modem\
[20:15:13] - [62] VICTOR.POZEN: Répertoire en Cours: D:\kerberos.htx\gil.bois\drivers gil\drivers\ZTE NMEA Device\
[20:15:13] - [62] VICTOR.POZEN: Répertoire en Cours: D:\kerberos.htx\gil.bois\drivers gil\drivers\ZTE Mass Storage Device\
[20:15:13] - [62] VICTOR.POZEN: Répertoire en Cours: D:\kerberos.htx\gil.bois\drivers gil\drivers\ZTE Diagnostics Interface\
[20:15:14] - [62] VICTOR.POZEN: Répertoire en Cours: D:\kerberos.htx\gil.bois\drivers gil\drivers\Zone thermique ACPI\
[20:15:14] - [62] VICTOR.POZEN: Répertoire en Cours: D:\kerberos.htx\gil.bois\drivers gil\drivers\Volume générique\
[20:15:14] - [62] VICTOR.POZEN: Répertoire en Cours: D:\kerberos.htx\gil.bois\drivers gil\drivers\Système compatible ACPI Microsoft\
[20:15:14] - [62] VICTOR.POZEN: Répertoire en Cours: D:\kerberos.htx\gil.bois\drivers gil\drivers\Synthétiseur DLS du noyau Microsoft\
[20:15:15] - [62] VICTOR.POZEN: Répertoire en Cours: D:\kerberos.htx\gil.bois\drivers gil\drivers\Synthétiseur de table de sons GC noyau Microsoft\
[20:15:15] - [62] VICTOR.POZEN: Répertoire en Cours: D:\kerberos.htx\gil.bois\drivers gil\drivers\Suppresseur d'écho acoustique (Noyau Microsoft)\
[20:15:15] - [62] VICTOR.POZEN: Répertoire en Cours: D:\kerberos.htx\gil.bois\drivers gil\drivers\Splitter audio du noyau Microsoft\
[20:15:16] - [62] VICTOR.POZEN: Répertoire en Cours: D:\kerberos.htx\gil.bois\drivers gil\drivers\Souris HID\
[20:15:16] - [62] VICTOR.POZEN: Répertoire en Cours: D:\kerberos.htx\gil.bois\drivers gil\drivers\Souris compatible PS 2\
[20:15:16] - [62] VICTOR.POZEN: Répertoire en Cours: D:\kerberos.htx\gil.bois\drivers gil\drivers\Ressources de la carte mère\
[20:15:16] - [62] VICTOR.POZEN: Répertoire en Cours: D:\kerberos.htx\gil.bois\drivers gil\drivers\Redirecteur de périphérique Terminal Server\
[20:15:17] - [62] VICTOR.POZEN: Répertoire en Cours: D:\kerberos.htx\gil.bois\drivers gil\drivers\RADEON IGP 320M\
[20:15:17] - [62] VICTOR.POZEN: Répertoire en Cours: D:\kerberos.htx\gil.bois\drivers gil\drivers\Périphériques MCI\
[20:15:17] - [62] VICTOR.POZEN: Répertoire en Cours: D:\kerberos.htx\gil.bois\drivers gil\drivers\Périphériques de capture vidéo hérités\
[20:15:18] - [62] VICTOR.POZEN: Répertoire en Cours: D:\kerberos.htx\gil.bois\drivers gil\drivers\Périphérique USB composite\
[20:15:18] - [62] VICTOR.POZEN: Répertoire en Cours: D:\kerberos.htx\gil.bois\drivers gil\drivers\Périphérique inconnu\
[20:15:18] - [62] VICTOR.POZEN: Répertoire en Cours: D:\kerberos.htx\gil.bois\drivers gil\drivers\Périphérique de stockage de masse USB\
[20:15:19] - [62] VICTOR.POZEN: Répertoire en Cours: D:\kerberos.htx\gil.bois\drivers gil\drivers\Périphérique de mise à jour microcode\
[20:15:19] - [62] VICTOR.POZEN: Répertoire en Cours: D:\kerberos.htx\gil.bois\drivers gil\drivers\Périphérique de contrôle consommateur conforme aux Périphériques d'interface utilisateur (HID)\
[20:15:19] - [62] VICTOR.POZEN: Répertoire en Cours: D:\kerberos.htx\gil.bois\drivers gil\drivers\Périphérique d'interface utilisateur USB\
[20:15:20] - [62] VICTOR.POZEN: Répertoire en Cours: D:\kerberos.htx\gil.bois\drivers gil\drivers\Périphérique conforme aux Périphériques d'interface utilisateur (HID)\
[20:15:20] - [62] VICTOR.POZEN: Répertoire en Cours: D:\kerberos.htx\gil.bois\drivers gil\drivers\Périphérique clavier PIH\
[20:15:20] - [62] VICTOR.POZEN: Répertoire en Cours: D:\kerberos.htx\gil.bois\drivers gil\drivers\Périphérique audio système du noyau Microsoft\
[20:15:21] - [62] VICTOR.POZEN: Répertoire en Cours: D:\kerberos.htx\gil.bois\drivers gil\drivers\Proxy de service de répartition Microsoft\
[20:15:21] - [62] VICTOR.POZEN: Répertoire en Cours: D:\kerberos.htx\gil.bois\drivers gil\drivers\Proxy de gestion de qualité de répartition Microsoft\
[20:15:21] - [62] VICTOR.POZEN: Répertoire en Cours: D:\kerberos.htx\gil.bois\drivers gil\drivers\Proxy d'horloge de répartition Microsoft\
[20:15:22] - [62] VICTOR.POZEN: Répertoire en Cours: D:\kerberos.htx\gil.bois\drivers gil\drivers\Processeur AMD K7\
[20:15:22] - [62] VICTOR.POZEN: Répertoire en Cours: D:\kerberos.htx\gil.bois\drivers gil\drivers\Port imprimante ECP\
[20:15:22] - [62] VICTOR.POZEN: Répertoire en Cours: D:\kerberos.htx\gil.bois\drivers gil\drivers\Port de lecture de données ISAPNP\
[20:15:23] - [62] VICTOR.POZEN: Répertoire en Cours: D:\kerberos.htx\gil.bois\drivers gil\drivers\Port de communication\
[20:15:23] - [62] VICTOR.POZEN: Répertoire en Cours: D:\kerberos.htx\gil.bois\drivers gil\drivers\Pont CPU hôte standard PCI\
[20:15:23] - [62] VICTOR.POZEN: Répertoire en Cours: D:\kerberos.htx\gil.bois\drivers gil\drivers\Pont ALi PCI vers ISA\
[20:15:24] - [62] VICTOR.POZEN: Répertoire en Cours: D:\kerberos.htx\gil.bois\drivers gil\drivers\Pilotes audio hérités\
[20:15:24] - [62] VICTOR.POZEN: Répertoire en Cours: D:\kerberos.htx\gil.bois\drivers gil\drivers\Pilote WINMM de compatibilité audio WDM Microsoft\
[20:15:24] - [62] VICTOR.POZEN: Répertoire en Cours: D:\kerberos.htx\gil.bois\drivers gil\drivers\Pilote WDM d'accélérateur audio ALi\
[20:15:25] - [62] VICTOR.POZEN: Répertoire en Cours: D:\kerberos.htx\gil.bois\drivers gil\drivers\Pilote souris de Terminal Server\
[20:15:25] - [62] VICTOR.POZEN: Répertoire en Cours: D:\kerberos.htx\gil.bois\drivers gil\drivers\Pilote clavier de Terminal Server\
[20:15:25] - [62] VICTOR.POZEN: Répertoire en Cours: D:\kerberos.htx\gil.bois\drivers gil\drivers\Pilote BIOS de gestion de systèmes Microsoft\
[20:15:26] - [62] VICTOR.POZEN: Répertoire en Cours: D:\kerberos.htx\gil.bois\drivers gil\drivers\PC à interface de configuration et d'énergie avancée (ACPI)\
[20:15:26] - [62] VICTOR.POZEN: Répertoire en Cours: D:\kerberos.htx\gil.bois\drivers gil\drivers\Parallèle direct\
[20:15:26] - [62] VICTOR.POZEN: Répertoire en Cours: D:\kerberos.htx\gil.bois\drivers gil\drivers\Mélangeur audio Wave de noyau Microsoft\
[20:15:27] - [62] VICTOR.POZEN: Répertoire en Cours: D:\kerberos.htx\gil.bois\drivers gil\drivers\Miniport WAN (PPPOE)\
[20:15:27] - [62] VICTOR.POZEN: Répertoire en Cours: D:\kerberos.htx\gil.bois\drivers gil\drivers\Miniport réseau étendu (PPTP)\
[20:15:27] - [62] VICTOR.POZEN: Répertoire en Cours: D:\kerberos.htx\gil.bois\drivers gil\drivers\Miniport réseau étendu (L2TP)\
[20:15:27] - [62] VICTOR.POZEN: Répertoire en Cours: D:\kerberos.htx\gil.bois\drivers gil\drivers\Miniport réseau étendu (IPX)\
[20:15:28] - [62] VICTOR.POZEN: Répertoire en Cours: D:\kerberos.htx\gil.bois\drivers gil\drivers\Miniport réseau étendu (IP)\
[20:15:28] - [62] VICTOR.POZEN: Répertoire en Cours: D:\kerberos.htx\gil.bois\drivers gil\drivers\Miniport d'ordonnancement de paquets\
[20:15:29] - [62] VICTOR.POZEN: Répertoire en Cours: D:\kerberos.htx\gil.bois\drivers gil\drivers\Lecteur de disquettes\
[20:15:29] - [62] VICTOR.POZEN: Répertoire en Cours: D:\kerberos.htx\gil.bois\drivers gil\drivers\Lecteur de disque\
[20:15:29] - [62] VICTOR.POZEN: Répertoire en Cours: D:\kerberos.htx\gil.bois\drivers gil\drivers\Lecteur de CD-ROM\
[20:15:29] - [62] VICTOR.POZEN: Répertoire en Cours: D:\kerberos.htx\gil.bois\drivers gil\drivers\Interface logique du port imprimante\
[20:15:30] - [62] VICTOR.POZEN: Répertoire en Cours: D:\kerberos.htx\gil.bois\drivers gil\drivers\Interface de configuration HP\
[20:15:30] - [62] VICTOR.POZEN: Répertoire en Cours: D:\kerberos.htx\gil.bois\drivers gil\drivers\Horloge système CMOS temps réel\
[20:15:31] - [62] VICTOR.POZEN: Répertoire en Cours: D:\kerberos.htx\gil.bois\drivers gil\drivers\Horloge système\
[20:15:31] - [62] VICTOR.POZEN: Répertoire en Cours: D:\kerberos.htx\gil.bois\drivers gil\drivers\Haut-parleur système\
[20:15:31] - [62] VICTOR.POZEN: Répertoire en Cours: D:\kerberos.htx\gil.bois\drivers gil\drivers\Gestionnaire de volume\
[20:15:31] - [62] VICTOR.POZEN: Répertoire en Cours: D:\kerberos.htx\gil.bois\drivers gil\drivers\Gestionnaire de disque logique\
[20:15:32] - [62] VICTOR.POZEN: Répertoire en Cours: D:\kerberos.htx\gil.bois\drivers gil\drivers\Filtre de décodeur DRM (Noyau Microsoft)\
[20:15:32] - [62] VICTOR.POZEN: Répertoire en Cours: D:\kerberos.htx\gil.bois\drivers gil\drivers\D-Link DWA-131 Wireless N Nano USB Adapter(rev.E)\
[20:15:32] - [62] VICTOR.POZEN: Répertoire en Cours: D:\kerberos.htx\gil.bois\drivers gil\drivers\Couvercle ACPI\
[20:15:33] - [62] VICTOR.POZEN: Répertoire en Cours: D:\kerberos.htx\gil.bois\drivers gil\drivers\Coprocesseur arithmétique\
[20:15:33] - [62] VICTOR.POZEN: Répertoire en Cours: D:\kerberos.htx\gil.bois\drivers gil\drivers\Contrôleur intégré compatible ACPI Microsoft\
[20:15:33] - [62] VICTOR.POZEN: Répertoire en Cours: D:\kerberos.htx\gil.bois\drivers gil\drivers\Contrôleur IDE PCI Bus Master ALi M5229\
[20:15:34] - [62] VICTOR.POZEN: Répertoire en Cours: D:\kerberos.htx\gil.bois\drivers gil\drivers\Contrôleur hôte Texas Instruments IEEE 1394 compatible OHCI (Open Host Controller Interface)\
[20:15:34] - [62] VICTOR.POZEN: Répertoire en Cours: D:\kerberos.htx\gil.bois\drivers gil\drivers\Contrôleur de lecteur de disquettes standard\
[20:15:34] - [62] VICTOR.POZEN: Répertoire en Cours: D:\kerberos.htx\gil.bois\drivers gil\drivers\Contrôleur de gestion de l'alimentation ALi 7101\
[20:15:35] - [62] VICTOR.POZEN: Répertoire en Cours: D:\kerberos.htx\gil.bois\drivers gil\drivers\Contrôleur d'interruptions programmable\
[20:15:36] - [62] VICTOR.POZEN: Répertoire en Cours: D:\kerberos.htx\gil.bois\drivers gil\drivers\Contrôleur d'hôte ouvert PCI vers USB ALi\
[20:15:36] - [62] VICTOR.POZEN: Répertoire en Cours: D:\kerberos.htx\gil.bois\drivers gil\drivers\Contrôleur d'accès direct en mémoire\
[20:15:36] - [62] VICTOR.POZEN: Répertoire en Cours: D:\kerberos.htx\gil.bois\drivers gil\drivers\Contrôleur CardBus O2Micro OZ6933\
[20:15:37] - [62] VICTOR.POZEN: Répertoire en Cours: D:\kerberos.htx\gil.bois\drivers gil\drivers\Concentrateur USB racine\
[20:15:37] - [62] VICTOR.POZEN: Répertoire en Cours: D:\kerberos.htx\gil.bois\drivers gil\drivers\Concentrateur USB générique\
[20:15:37] - [62] VICTOR.POZEN: Répertoire en Cours: D:\kerberos.htx\gil.bois\drivers gil\drivers\Codecs vidéo\
[20:15:38] - [62] VICTOR.POZEN: Répertoire en Cours: D:\kerberos.htx\gil.bois\drivers gil\drivers\Codecs audio\
[20:15:38] - [62] VICTOR.POZEN: Répertoire en Cours: D:\kerberos.htx\gil.bois\drivers gil\drivers\Clavier standard 101 102 touches ou clavier Microsoft Natural Keyboard PS 2\
[20:15:38] - [62] VICTOR.POZEN: Répertoire en Cours: D:\kerberos.htx\gil.bois\drivers gil\drivers\Carte système\
[20:15:39] - [62] VICTOR.POZEN: Répertoire en Cours: D:\kerberos.htx\gil.bois\drivers gil\drivers\Carte réseau 1394\
[20:15:39] - [62] VICTOR.POZEN: Répertoire en Cours: D:\kerberos.htx\gil.bois\drivers gil\drivers\Carte Fast Ethernet PCI de base DP83815 National Semiconductor\
[20:15:39] - [62] VICTOR.POZEN: Répertoire en Cours: D:\kerberos.htx\gil.bois\drivers gil\drivers\Carte asynchrone RAS\
[20:15:40] - [62] VICTOR.POZEN: Répertoire en Cours: D:\kerberos.htx\gil.bois\drivers gil\drivers\Canal IDE secondaire\
[20:15:40] - [62] VICTOR.POZEN: Répertoire en Cours: D:\kerberos.htx\gil.bois\drivers gil\drivers\Canal IDE principal\
[20:15:40] - [62] VICTOR.POZEN: Répertoire en Cours: D:\kerberos.htx\gil.bois\drivers gil\drivers\Bus PCI\
[20:15:40] - [62] VICTOR.POZEN: Répertoire en Cours: D:\kerberos.htx\gil.bois\drivers gil\drivers\Bus générique\
[20:15:41] - [62] VICTOR.POZEN: Répertoire en Cours: D:\kerberos.htx\gil.bois\drivers gil\drivers\Bouton marche-arrêt ACPI\
[20:15:41] - [62] VICTOR.POZEN: Répertoire en Cours: D:\kerberos.htx\gil.bois\drivers gil\drivers\Bouton de fonctionnalité définie ACPI\
[20:15:42] - [62] VICTOR.POZEN: Répertoire en Cours: D:\kerberos.htx\gil.bois\drivers gil\drivers\Batterie à méthode de contrôle compatible ACPI Microsoft\
[20:15:42] - [62] VICTOR.POZEN: Répertoire en Cours: D:\kerberos.htx\gil.bois\drivers gil\drivers\Batterie composite Microsoft\
[20:15:42] - [62] VICTOR.POZEN: Répertoire en Cours: D:\kerberos.htx\gil.bois\drivers gil\drivers\ATI U1 A3 Accelerated Graphics Port\
[20:15:43] - [62] VICTOR.POZEN: Répertoire en Cours: D:\kerberos.htx\gil.bois\drivers gil\drivers\Adaptateur secteur Microsoft\
[20:15:43] - [62] VICTOR.POZEN: Répertoire en Cours: D:\kerberos.htx\gil.bois\Edith Piaf\
[20:15:43] - [62] VICTOR.POZEN: Répertoire en Cours: D:\kerberos.htx\gil.bois\Edith Piaf\La Vie en Rose [Prism]\
[20:15:44] - [62] VICTOR.POZEN: Répertoire en Cours: D:\kerberos.htx\gil.bois\Edith Piaf\edith piaf cd\
[20:15:45] - [62] VICTOR.POZEN: Répertoire en Cours: D:\kerberos.htx\gil.bois\Edith Piaf\edith piaf cd\Album inconnu (23-10-2010 11-04-41)\
[20:15:45] - [62] VICTOR.POZEN: Répertoire en Cours: D:\kerberos.htx\gil.bois\Edith Piaf\44 Original Recordings Disc 2\
[20:15:45] - [62] VICTOR.POZEN: Répertoire en Cours: D:\kerberos.htx\gil.bois\Mes images\
[20:15:46] - [62] VICTOR.POZEN: Répertoire en Cours: D:\kerberos.htx\gil.bois\Mes images\photos\
[20:15:46] - [67] Connecté à 90.13.116.82. Collecte du Nom d'utilisateur.
[20:15:46] - [68] Connecté à 90.13.116.82. Collecte du Nom d'utilisateur.
[20:15:46] - [67] Usager VICTOR.POZEN Connecté IP: 90.13.116.82
[20:15:46] - [67] VICTOR.POZEN: Répertoire en Cours: D:\kerberos.htx\
[20:15:46] - [68] Usager VICTOR.POZEN Connecté IP: 90.13.116.82
[20:15:46] - [68] VICTOR.POZEN: Répertoire en Cours: D:\kerberos.htx\
[20:15:46] - [67] VICTOR.POZEN: Début du Téléchargement de: D:\kerberos.htx\gil.bois\ad mail gil.txt
[20:15:46] - [67] VICTOR.POZEN: Fichier envoyé: D:\kerberos.htx\gil.bois\ad mail gil.txt (0,04 K/S -    36 bytes)
[20:15:46] - [68] VICTOR.POZEN: Début du Téléchargement de: D:\kerberos.htx\gil.bois\Adieu_INTERNET_-_ER.pps
[20:15:47] - [67] VICTOR.POZEN: Début du Téléchargement de: D:\kerberos.htx\gil.bois\LA PROFESORA.wmv
[20:15:48] - [68] VICTOR.POZEN: Fichier envoyé: D:\kerberos.htx\gil.bois\Adieu_INTERNET_-_ER.pps (1 100,50 K/S -  1 126 912 bytes)
[20:15:48] - [68] VICTOR.POZEN: Début du Téléchargement de: D:\kerberos.htx\gil.bois\sfr.txt
[20:15:48] - [68] VICTOR.POZEN: Fichier envoyé: D:\kerberos.htx\gil.bois\sfr.txt (0,76 K/S -    774 bytes)
[20:15:48] - [68] VICTOR.POZEN: Début du Téléchargement de: D:\kerberos.htx\gil.bois\conneri\0-Oh putain.pps
[20:15:52] - [68] VICTOR.POZEN: Fichier envoyé: D:\kerberos.htx\gil.bois\conneri\0-Oh putain.pps (689,33 K/S -  2 117 632 bytes)
[20:15:52] - [68] VICTOR.POZEN: Début du Téléchargement de: D:\kerberos.htx\gil.bois\conneri\1188-Desert_w.wmv
[20:15:53] - [67] VICTOR.POZEN: Fichier envoyé: D:\kerberos.htx\gil.bois\LA PROFESORA.wmv (660,82 K/S -  4 060 088 bytes)
[20:15:53] - [67] VICTOR.POZEN: Début du Téléchargement de: D:\kerberos.htx\gil.bois\conneri\13162745-1.jpg
[20:15:53] - [67] VICTOR.POZEN: Fichier envoyé: D:\kerberos.htx\gil.bois\conneri\13162745-1.jpg (294,91 K/S -   301 986 bytes)
[20:15:54] - [67] VICTOR.POZEN: Début du Téléchargement de: D:\kerberos.htx\gil.bois\conneri\19775_insolites27.jpg
[20:15:54] - [67] VICTOR.POZEN: Fichier envoyé: D:\kerberos.htx\gil.bois\conneri\19775_insolites27.jpg (23,44 K/S -   24 003 bytes)
[20:15:54] - [67] VICTOR.POZEN: Début du Téléchargement de: D:\kerberos.htx\gil.bois\conneri\19775_nature-photo-insolite-1826264378.jpg
[20:15:54] - [68] VICTOR.POZEN: Fichier envoyé: D:\kerberos.htx\gil.bois\conneri\1188-Desert_w.wmv (775,52 K/S -  1 588 260 bytes)
[20:15:54] - [67] VICTOR.POZEN: Fichier envoyé: D:\kerberos.htx\gil.bois\conneri\19775_nature-photo-insolite-1826264378.jpg (128,10 K/S -   131 175 bytes)
[20:15:54] - [67] VICTOR.POZEN: Début du Téléchargement de: D:\kerberos.htx\gil.bois\conneri\20104.pdf
[20:15:54] - [68] VICTOR.POZEN: Début du Téléchargement de: D:\kerberos.htx\gil.bois\conneri\201003ALCarmina_buirina.pps
[20:15:54] - [67] VICTOR.POZEN: Fichier envoyé: D:\kerberos.htx\gil.bois\conneri\20104.pdf (11,60 K/S -   11 877 bytes)
[20:15:54] - [67] VICTOR.POZEN: Début du Téléchargement de: D:\kerberos.htx\gil.bois\conneri\2015.pps
[20:15:55] - [67] VICTOR.POZEN: Fichier envoyé: D:\kerberos.htx\gil.bois\conneri\2015.pps (372,50 K/S -   381 440 bytes)
[20:15:55] - [67] VICTOR.POZEN: Début du Téléchargement de: D:\kerberos.htx\gil.bois\conneri\21130_distributeurdelait.jpg
[20:15:55] - [67] VICTOR.POZEN: Fichier envoyé: D:\kerberos.htx\gil.bois\conneri\21130_distributeurdelait.jpg (67,42 K/S -   69 040 bytes)
[20:15:55] - [67] VICTOR.POZEN: Début du Téléchargement de: D:\kerberos.htx\gil.bois\conneri\21130_Vegetal_02.jpg
[20:15:55] - [67] VICTOR.POZEN: Fichier envoyé: D:\kerberos.htx\gil.bois\conneri\21130_Vegetal_02.jpg (60,49 K/S -   61 941 bytes)
[20:15:56] - [67] VICTOR.POZEN: Début du Téléchargement de: D:\kerberos.htx\gil.bois\conneri\22193-Trouve le point rouge !.pps
[20:15:56] - [68] VICTOR.POZEN: Fichier envoyé: D:\kerberos.htx\gil.bois\conneri\201003ALCarmina_buirina.pps (565,50 K/S -  1 158 144 bytes)
[20:15:56] - [68] VICTOR.POZEN: Début du Téléchargement de: D:\kerberos.htx\gil.bois\conneri\2_Femmes_au_Ciel.pps
[20:15:56] - [68] VICTOR.POZEN: Fichier envoyé: D:\kerberos.htx\gil.bois\conneri\2_Femmes_au_Ciel.pps (271,50 K/S -   278 016 bytes)
[20:15:56] - [68] VICTOR.POZEN: Début du Téléchargement de: D:\kerberos.htx\gil.bois\conneri\2_pretres_en_vacances_yy.pps
[20:15:57] - [67] VICTOR.POZEN: Fichier envoyé: D:\kerberos.htx\gil.bois\conneri\22193-Trouve le point rouge !.pps (717,50 K/S -   734 720 bytes)
[20:15:57] - [67] VICTOR.POZEN: Début du Téléchargement de: D:\kerberos.htx\gil.bois\conneri\39351C717B744CE799244F8421D30FA0.jpeg
[20:15:57] - [67] VICTOR.POZEN: Fichier envoyé: D:\kerberos.htx\gil.bois\conneri\39351C717B744CE799244F8421D30FA0.jpeg (62,34 K/S -   63 839 bytes)
[20:15:57] - [67] VICTOR.POZEN: Début du Téléchargement de: D:\kerberos.htx\gil.bois\conneri\5246.pps
[20:15:57] - [68] VICTOR.POZEN: Fichier envoyé: D:\kerberos.htx\gil.bois\conneri\2_pretres_en_vacances_yy.pps (584,50 K/S -   598 528 bytes)
[20:15:57] - [68] VICTOR.POZEN: Début du Téléchargement de: D:\kerberos.htx\gil.bois\conneri\67686_midi.pps
[20:15:58] - [67] VICTOR.POZEN: Fichier envoyé: D:\kerberos.htx\gil.bois\conneri\5246.pps (716,50 K/S -   733 696 bytes)
[20:15:58] - [67] VICTOR.POZEN: Début du Téléchargement de: D:\kerberos.htx\gil.bois\conneri\69_TRES_COCHON.pps
[20:15:59] - [68] VICTOR.POZEN: Fichier envoyé: D:\kerberos.htx\gil.bois\conneri\67686_midi.pps (1 099,50 K/S -  1 125 888 bytes)
[20:15:59] - [67] VICTOR.POZEN: Fichier envoyé: D:\kerberos.htx\gil.bois\conneri\69_TRES_COCHON.pps (547,00 K/S -   560 128 bytes)
[20:15:59] - [68] VICTOR.POZEN: Début du Téléchargement de: D:\kerberos.htx\gil.bois\conneri\73107-IMMIGRATION-2.wmv
[20:15:59] - [67] VICTOR.POZEN: Début du Téléchargement de: D:\kerberos.htx\gil.bois\conneri\81953-Faites_des_reserves.pdf
[20:16:00] - [67] VICTOR.POZEN: Fichier envoyé: D:\kerberos.htx\gil.bois\conneri\81953-Faites_des_reserves.pdf (497,26 K/S -   509 196 bytes)
[20:16:00] - [67] VICTOR.POZEN: Début du Téléchargement de: D:\kerberos.htx\gil.bois\conneri\910 LE CRI DE TARZAN.pps
[20:16:01] - [67] VICTOR.POZEN: Fichier envoyé: D:\kerberos.htx\gil.bois\conneri\910 LE CRI DE TARZAN.pps (395,50 K/S -   809 984 bytes)
[20:16:01] - [68] VICTOR.POZEN: Fichier envoyé: D:\kerberos.htx\gil.bois\conneri\73107-IMMIGRATION-2.wmv (529,70 K/S -  1 627 248 bytes)
[20:16:02] - [67] VICTOR.POZEN: Début du Téléchargement de: D:\kerberos.htx\gil.bois\conneri\93158-l-_elysee.pdf
[20:16:02] - [68] VICTOR.POZEN: Début du Téléchargement de: D:\kerberos.htx\gil.bois\conneri\adam.pps
[20:16:02] - [68] VICTOR.POZEN: Fichier envoyé: D:\kerberos.htx\gil.bois\conneri\adam.pps (48,50 K/S -   49 664 bytes)
[20:16:02] - [68] VICTOR.POZEN: Début du Téléchargement de: D:\kerberos.htx\gil.bois\conneri\Adieu-92.pps
[20:16:02] - [67] VICTOR.POZEN: Fichier envoyé: D:\kerberos.htx\gil.bois\conneri\93158-l-_elysee.pdf (273,64 K/S -   280 211 bytes)
[20:16:02] - [67] VICTOR.POZEN: Début du Téléchargement de: D:\kerberos.htx\gil.bois\conneri\Affiche-cine-com.pps
[20:16:06] - [68] VICTOR.POZEN: Fichier envoyé: D:\kerberos.htx\gil.bois\conneri\Adieu-92.pps (676,88 K/S -  2 772 480 bytes)
[20:16:06] - [68] VICTOR.POZEN: Début du Téléchargement de: D:\kerberos.htx\gil.bois\conneri\allo pizza.wmv
[20:16:11] - [68] VICTOR.POZEN: Fichier envoyé: D:\kerberos.htx\gil.bois\conneri\allo pizza.wmv (559,55 K/S -  2 864 890 bytes)
[20:16:11] - [68] VICTOR.POZEN: Début du Téléchargement de: D:\kerberos.htx\gil.bois\conneri\AlphabetMICHEL.pps
[20:16:11] - [67] VICTOR.POZEN: Fichier envoyé: D:\kerberos.htx\gil.bois\conneri\Affiche-cine-com.pps (700,50 K/S -  6 455 808 bytes)
[20:16:11] - [67] VICTOR.POZEN: Début du Téléchargement de: D:\kerberos.htx\gil.bois\conneri\Appel aux dons.jpg
[20:16:12] - [67] VICTOR.POZEN: Fichier envoyé: D:\kerberos.htx\gil.bois\conneri\Appel aux dons.jpg (154,66 K/S -   158 372 bytes)
[20:16:12] - [67] VICTOR.POZEN: Début du Téléchargement de: D:\kerberos.htx\gil.bois\conneri\appelatemoin.pps
[20:16:13] - [67] VICTOR.POZEN: Fichier envoyé: D:\kerberos.htx\gil.bois\conneri\appelatemoin.pps (740,00 K/S -   757 760 bytes)
[20:16:13] - [67] VICTOR.POZEN: Début du Téléchargement de: D:\kerberos.htx\gil.bois\conneri\APTONYMESFRANCIS[1].pps
[20:16:13] - [68] VICTOR.POZEN: Fichier envoyé: D:\kerberos.htx\gil.bois\conneri\AlphabetMICHEL.pps (507,00 K/S -  1 557 504 bytes)
[20:16:13] - [68] VICTOR.POZEN: Début du Téléchargement de: D:\kerberos.htx\gil.bois\conneri\Argent1.wmv
[20:16:17] - [67] VICTOR.POZEN: Fichier envoyé: D:\kerberos.htx\gil.bois\conneri\APTONYMESFRANCIS[1].pps (591,63 K/S -  2 423 296 bytes)
[20:16:17] - [67] VICTOR.POZEN: Début du Téléchargement de: D:\kerberos.htx\gil.bois\conneri\armee_belge.wmv
[20:16:22] - [67] VICTOR.POZEN: Fichier envoyé: D:\kerberos.htx\gil.bois\conneri\armee_belge.wmv (587,88 K/S -  3 009 957 bytes)
[20:16:22] - [67] VICTOR.POZEN: Début du Téléchargement de: D:\kerberos.htx\gil.bois\conneri\astuce.wmv
[20:16:25] - [68] VICTOR.POZEN: Fichier envoyé: D:\kerberos.htx\gil.bois\conneri\Argent1.wmv (656,50 K/S -  7 394 782 bytes)
[20:16:25] - [68] VICTOR.POZEN: Début du Téléchargement de: D:\kerberos.htx\gil.bois\conneri\ATT344411.jpg
[20:16:25] - [68] VICTOR.POZEN: Fichier envoyé: D:\kerberos.htx\gil.bois\conneri\ATT344411.jpg (88,51 K/S -   90 631 bytes)
[20:16:25] - [68] VICTOR.POZEN: Début du Téléchargement de: D:\kerberos.htx\gil.bois\conneri\Attention_danger.pps
[20:16:26] - [68] VICTOR.POZEN: Fichier envoyé: D:\kerberos.htx\gil.bois\conneri\Attention_danger.pps (374,25 K/S -   766 464 bytes)
[20:16:26] - [68] VICTOR.POZEN: Début du Téléchargement de: D:\kerberos.htx\gil.bois\conneri\autoradio.wmv
[20:16:27] - [67] VICTOR.POZEN: Fichier envoyé: D:\kerberos.htx\gil.bois\conneri\astuce.wmv (695,81 K/S -  3 562 550 bytes)
[20:16:27] - [67] VICTOR.POZEN: Début du Téléchargement de: D:\kerberos.htx\gil.bois\conneri\Auto_salon_.wmv
[20:16:27] - [68] VICTOR.POZEN: Fichier envoyé: D:\kerberos.htx\gil.bois\conneri\autoradio.wmv (679,00 K/S -   695 296 bytes)
[20:16:28] - [68] VICTOR.POZEN: Début du Téléchargement de: D:\kerberos.htx\gil.bois\conneri\a_cheval_ou_a_velo MC.pps
[20:16:28] - [68] VICTOR.POZEN: Fichier envoyé: D:\kerberos.htx\gil.bois\conneri\a_cheval_ou_a_velo MC.pps (441,00 K/S -   451 584 bytes)
[20:16:28] - [68] VICTOR.POZEN: Début du Téléchargement de: D:\kerberos.htx\gil.bois\conneri\BAC_des_banlieues.pps
[20:16:29] - [68] VICTOR.POZEN: Fichier envoyé: D:\kerberos.htx\gil.bois\conneri\BAC_des_banlieues.pps (101,00 K/S -   103 424 bytes)
[20:16:29] - [68] VICTOR.POZEN: Début du Téléchargement de: D:\kerberos.htx\gil.bois\conneri\bd_nettoyage_a_sec.pps
[20:16:30] - [68] VICTOR.POZEN: Fichier envoyé: D:\kerberos.htx\gil.bois\conneri\bd_nettoyage_a_sec.pps (533,25 K/S -  1 092 096 bytes)
[20:16:31] - [68] VICTOR.POZEN: Début du Téléchargement de: D:\kerberos.htx\gil.bois\conneri\best_fails_of_2009_part_1.wmv
[20:16:38] - [67] VICTOR.POZEN: Fichier envoyé: D:\kerberos.htx\gil.bois\conneri\Auto_salon_.wmv (645,58 K/S -  7 271 851 bytes)
[20:16:38] - [67] VICTOR.POZEN: Début du Téléchargement de: D:\kerberos.htx\gil.bois\conneri\BigBroth.wmv
[20:16:41] - [68] VICTOR.POZEN: Fichier envoyé: D:\kerberos.htx\gil.bois\conneri\best_fails_of_2009_part_1.wmv (664,30 K/S -  6 802 389 bytes)
[20:16:41] - [68] VICTOR.POZEN: Début du Téléchargement de: D:\kerberos.htx\gil.bois\conneri\blonde en kit dom.pps
[20:16:44] - [68] VICTOR.POZEN: Fichier envoyé: D:\kerberos.htx\gil.bois\conneri\blonde en kit dom.pps (511,83 K/S -  1 572 352 bytes)
[20:16:44] - [68] VICTOR.POZEN: Début du Téléchargement de: D:\kerberos.htx\gil.bois\conneri\bonne_journ-e.pps
[20:16:44] - [68] VICTOR.POZEN: Fichier envoyé: D:\kerberos.htx\gil.bois\conneri\bonne_journ-e.pps (296,50 K/S -   303 616 bytes)
[20:16:44] - [68] VICTOR.POZEN: Début du Téléchargement de: D:\kerberos.htx\gil.bois\conneri\BORRACHO.wmv
[20:16:47] - [67] VICTOR.POZEN: Fichier envoyé: D:\kerberos.htx\gil.bois\conneri\BigBroth.wmv (595,33 K/S -  6 096 153 bytes)
[20:16:48] - [67] VICTOR.POZEN: Début du Téléchargement de: D:\kerberos.htx\gil.bois\conneri\Botijo.mpg
[20:16:48] - [68] VICTOR.POZEN: Fichier envoyé: D:\kerberos.htx\gil.bois\conneri\BORRACHO.wmv (665,45 K/S -  2 725 695 bytes)
[20:16:49] - [68] VICTOR.POZEN: Début du Téléchargement de: D:\kerberos.htx\gil.bois\conneri\Burros moros.wmv
[20:16:49] - [68] VICTOR.POZEN: Fichier envoyé: D:\kerberos.htx\gil.bois\conneri\Burros moros.wmv (430,19 K/S -   440 514 bytes)
[20:16:49] - [67] VICTOR.POZEN: Fichier envoyé: D:\kerberos.htx\gil.bois\conneri\Botijo.mpg (606,00 K/S -  1 241 092 bytes)
[20:16:49] - [68] VICTOR.POZEN: Début du Téléchargement de: D:\kerberos.htx\gil.bois\conneri\c5c3fda8712d400961feb48eae186df0.wmv
[20:16:49] - [67] VICTOR.POZEN: Début du Téléchargement de: D:\kerberos.htx\gil.bois\conneri\calendrier de l'avant pour Monsieur.PPS
[20:16:51] - [68] VICTOR.POZEN: Fichier envoyé: D:\kerberos.htx\gil.bois\conneri\c5c3fda8712d400961feb48eae186df0.wmv (602,70 K/S -  1 234 321 bytes)
[20:16:51] - [68] VICTOR.POZEN: Début du Téléchargement de: D:\kerberos.htx\gil.bois\conneri\calendrier_des_secretaires_2011.pps
[20:16:53] - [68] VICTOR.POZEN: Fichier envoyé: D:\kerberos.htx\gil.bois\conneri\calendrier_des_secretaires_2011.pps (678,50 K/S -  1 389 568 bytes)
[20:16:54] - [68] VICTOR.POZEN: Début du Téléchargement de: D:\kerberos.htx\gil.bois\conneri\Car_Truck_AccidentsDeCamions.pps
[20:16:54] - [67] VICTOR.POZEN: Fichier envoyé: D:\kerberos.htx\gil.bois\conneri\calendrier de l'avant pour Monsieur.PPS (695,13 K/S -  2 847 232 bytes)
[20:16:54] - [67] VICTOR.POZEN: Début du Téléchargement de: D:\kerberos.htx\gil.bois\conneri\Ce_que_nos_yeux_ne_peuvent_voir S.PPS
[20:16:56] - [67] VICTOR.POZEN: Fichier envoyé: D:\kerberos.htx\gil.bois\conneri\Ce_que_nos_yeux_ne_peuvent_voir S.PPS (499,33 K/S -  1 533 952 bytes)
[20:16:56] - [67] VICTOR.POZEN: Début du Téléchargement de: D:\kerberos.htx\gil.bois\conneri\Chanson_qui_fait_fureur_au_CANADA_--.pps
[20:16:59] - [68] VICTOR.POZEN: Fichier envoyé: D:\kerberos.htx\gil.bois\conneri\Car_Truck_AccidentsDeCamions.pps (638,75 K/S -  3 924 480 bytes)
[20:17:00] - [68] VICTOR.POZEN: Début du Téléchargement de: D:\kerberos.htx\gil.bois\conneri\Chasse au Texas.pps
[20:17:00] - [67] VICTOR.POZEN: Fichier envoyé: D:\kerberos.htx\gil.bois\conneri\Chanson_qui_fait_fureur_au_CANADA_--.pps (712,83 K/S -  2 189 824 bytes)
[20:17:00] - [67] VICTOR.POZEN: Début du Téléchargement de: D:\kerberos.htx\gil.bois\conneri\Citations_fesses_et_seins.pps
[20:17:03] - [68] VICTOR.POZEN: Fichier envoyé: D:\kerberos.htx\gil.bois\conneri\Chasse au Texas.pps (653,67 K/S -  2 008 064 bytes)
[20:17:03] - [68] VICTOR.POZEN: Début du Téléchargement de: D:\kerberos.htx\gil.bois\conneri\classe_eco.wmv
[20:17:04] - [67] VICTOR.POZEN: Fichier envoyé: D:\kerberos.htx\gil.bois\conneri\Citations_fesses_et_seins.pps (630,38 K/S -  2 582 016 bytes)
[20:17:04] - [68] VICTOR.POZEN: Fichier envoyé: D:\kerberos.htx\gil.bois\conneri\classe_eco.wmv (703,50 K/S -   720 384 bytes)
[20:17:04] - [67] VICTOR.POZEN: Début du Téléchargement de: D:\kerberos.htx\gil.bois\conneri\comique_B.D._x_FL.pps
[20:17:04] - [68] VICTOR.POZEN: Début du Téléchargement de: D:\kerberos.htx\gil.bois\conneri\Comparatif.pps
[20:17:04] - [67] VICTOR.POZEN: Fichier envoyé: D:\kerberos.htx\gil.bois\conneri\comique_B.D._x_FL.pps (309,50 K/S -   316 928 bytes)
[20:17:04] - [67] VICTOR.POZEN: Début du Téléchargement de: D:\kerberos.htx\gil.bois\conneri\Coolpictures-zene-BobMarley.pps
[20:17:06] - [68] VICTOR.POZEN: Fichier envoyé: D:\kerberos.htx\gil.bois\conneri\Comparatif.pps (507,33 K/S -  1 558 528 bytes)
[20:17:06] - [68] VICTOR.POZEN: Début du Téléchargement de: D:\kerberos.htx\gil.bois\conneri\cubaine_au_travail.mpg
[20:17:10] - [68] VICTOR.POZEN: Fichier envoyé: D:\kerberos.htx\gil.bois\conneri\cubaine_au_travail.mpg (796,80 K/S -  2 447 784 bytes)
[20:17:10] - [68] VICTOR.POZEN: Début du Téléchargement de: D:\kerberos.htx\gil.bois\conneri\Cuisine en colocation.wmv
[20:17:13] - [67] VICTOR.POZEN: Fichier envoyé: D:\kerberos.htx\gil.bois\conneri\Coolpictures-zene-BobMarley.pps (690,50 K/S -  5 656 576 bytes)
[20:17:13] - [67] VICTOR.POZEN: Début du Téléchargement de: D:\kerberos.htx\gil.bois\conneri\CVCuriCu93.pdf
[20:17:13] - [67] VICTOR.POZEN: Fichier envoyé: D:\kerberos.htx\gil.bois\conneri\CVCuriCu93.pdf (66,65 K/S -   68 254 bytes)
[20:17:13] - [67] VICTOR.POZEN: Début du Téléchargement de: D:\kerberos.htx\gil.bois\conneri\dakar_serpent.pps
[20:17:15] - [67] VICTOR.POZEN: Fichier envoyé: D:\kerberos.htx\gil.bois\conneri\dakar_serpent.pps (936,50 K/S -   958 976 bytes)
[20:17:15] - [67] VICTOR.POZEN: Début du Téléchargement de: D:\kerberos.htx\gil.bois\conneri\DalaiLama.pps
[20:17:17] - [68] VICTOR.POZEN: Fichier envoyé: D:\kerberos.htx\gil.bois\conneri\Cuisine en colocation.wmv (578,44 K/S -  4 738 594 bytes)
[20:17:18] - [68] VICTOR.POZEN: Début du Téléchargement de: D:\kerberos.htx\gil.bois\conneri\dans_le_noir.pps
[20:17:18] - [68] VICTOR.POZEN: Fichier envoyé: D:\kerberos.htx\gil.bois\conneri\dans_le_noir.pps (313,50 K/S -   321 024 bytes)
[20:17:18] - [67] VICTOR.POZEN: Fichier envoyé: D:\kerberos.htx\gil.bois\conneri\DalaiLama.pps (656,17 K/S -  2 015 744 bytes)
[20:17:18] - [68] VICTOR.POZEN: Début du Téléchargement de: D:\kerberos.htx\gil.bois\conneri\dede_excellent.pps
[20:17:18] - [67] VICTOR.POZEN: Début du Téléchargement de: D:\kerberos.htx\gil.bois\conneri\deep_solace.jpg
[20:17:18] - [67] VICTOR.POZEN: Fichier envoyé: D:\kerberos.htx\gil.bois\conneri\deep_solace.jpg (15,27 K/S -   15 640 bytes)
[20:17:18] - [67] VICTOR.POZEN: Début du Téléchargement de: D:\kerberos.htx\gil.bois\conneri\Deuxquestions.pps
[20:17:19] - [67] VICTOR.POZEN: Fichier envoyé: D:\kerberos.htx\gil.bois\conneri\Deuxquestions.pps (159,50 K/S -   163 328 bytes)
[20:17:19] - [67] VICTOR.POZEN: Début du Téléchargement de: D:\kerberos.htx\gil.bois\conneri\DIFFERENCES.pps
[20:17:19] - [68] VICTOR.POZEN: Fichier envoyé: D:\kerberos.htx\gil.bois\conneri\dede_excellent.pps (576,00 K/S -   589 824 bytes)
[20:17:19] - [68] VICTOR.POZEN: Début du Téléchargement de: D:\kerberos.htx\gil.bois\conneri\DSCN1008.JPG
[20:17:20] - [67] VICTOR.POZEN: Fichier envoyé: D:\kerberos.htx\gil.bois\conneri\DIFFERENCES.pps (546,50 K/S -   559 616 bytes)
[20:17:20] - [67] VICTOR.POZEN: Début du Téléchargement de: D:\kerberos.htx\gil.bois\conneri\DSCN1009.JPG
[20:17:22] - [68] VICTOR.POZEN: Fichier envoyé: D:\kerberos.htx\gil.bois\conneri\DSCN1008.JPG (543,61 K/S -  2 226 611 bytes)
[20:17:23] - [68] VICTOR.POZEN: Début du Téléchargement de: D:\kerberos.htx\gil.bois\conneri\DSCN1010.JPG
[20:17:23] - [67] VICTOR.POZEN: Fichier envoyé: D:\kerberos.htx\gil.bois\conneri\DSCN1009.JPG (571,77 K/S -  2 341 976 bytes)
[20:17:23] - [67] VICTOR.POZEN: Début du Téléchargement de: D:\kerberos.htx\gil.bois\conneri\Effetkisspascool.wmv
[20:17:25] - [67] VICTOR.POZEN: Fichier envoyé: D:\kerberos.htx\gil.bois\conneri\Effetkisspascool.wmv (828,00 K/S -   847 872 bytes)
[20:17:25] - [67] VICTOR.POZEN: Début du Téléchargement de: D:\kerberos.htx\gil.bois\conneri\Enfin_une_explication_-.pps
[20:17:26] - [68] VICTOR.POZEN: Fichier envoyé: D:\kerberos.htx\gil.bois\conneri\DSCN1010.JPG (768,18 K/S -  2 359 840 bytes)
[20:17:26] - [68] VICTOR.POZEN: Début du Téléchargement de: D:\kerberos.htx\gil.bois\conneri\Excuse_Convaincante- HISTOIRE- herdier.pps
[20:17:27] - [68] VICTOR.POZEN: Fichier envoyé: D:\kerberos.htx\gil.bois\conneri\Excuse_Convaincante- HISTOIRE- herdier.pps (231,00 K/S -   236 544 bytes)
[20:17:27] - [68] VICTOR.POZEN: Début du Téléchargement de: D:\kerberos.htx\gil.bois\conneri\Femmesoubagnoles1.pps
[20:17:28] - [67] VICTOR.POZEN: Fichier envoyé: D:\kerberos.htx\gil.bois\conneri\Enfin_une_explication_-.pps (636,83 K/S -  1 956 352 bytes)
[20:17:28] - [67] VICTOR.POZEN: Début du Téléchargement de: D:\kerberos.htx\gil.bois\conneri\femmes_femmes_femmes.pps
[20:17:31] - [68] VICTOR.POZEN: Fichier envoyé: D:\kerberos.htx\gil.bois\conneri\Femmesoubagnoles1.pps (709,13 K/S -  2 904 576 bytes)
[20:17:31] - [68] VICTOR.POZEN: Début du Téléchargement de: D:\kerberos.htx\gil.bois\conneri\femme_10.jpg
[20:17:32] - [68] VICTOR.POZEN: Fichier envoyé: D:\kerberos.htx\gil.bois\conneri\femme_10.jpg (18,77 K/S -   19 222 bytes)
[20:17:32] - [68] VICTOR.POZEN: Début du Téléchargement de: D:\kerberos.htx\gil.bois\conneri\Ferrari_Wordl_2010_-_JM.pps
[20:17:32] - [67] VICTOR.POZEN: Fichier envoyé: D:\kerberos.htx\gil.bois\conneri\femmes_femmes_femmes.pps (586,20 K/S -  3 001 344 bytes)
[20:17:33] - [67] VICTOR.POZEN: Début du Téléchargement de: D:\kerberos.htx\gil.bois\conneri\Financement_du_terrorisme.pps
[20:17:35] - [67] VICTOR.POZEN: Fichier envoyé: D:\kerberos.htx\gil.bois\conneri\Financement_du_terrorisme.pps (709,75 K/S -  1 453 568 bytes)
[20:17:35] - [67] VICTOR.POZEN: Début du Téléchargement de: D:\kerberos.htx\gil.bois\conneri\Frimeur_Italien1.mpg
[20:17:37] - [67] VICTOR.POZEN: Fichier envoyé: D:\kerberos.htx\gil.bois\conneri\Frimeur_Italien1.mpg (715,00 K/S -  1 464 324 bytes)
[20:17:37] - [67] VICTOR.POZEN: Début du Téléchargement de: D:\kerberos.htx\gil.bois\conneri\Frimeur_portuguais2.mpg
[20:17:39] - [67] VICTOR.POZEN: Fichier envoyé: D:\kerberos.htx\gil.bois\conneri\Frimeur_portuguais2.mpg (466,01 K/S -  1 431 568 bytes)
[20:17:40] - [67] VICTOR.POZEN: Début du Téléchargement de: D:\kerberos.htx\gil.bois\conneri\Ganas de mobilizarse.pps
[20:17:41] - [68] VICTOR.POZEN: Fichier envoyé: D:\kerberos.htx\gil.bois\conneri\Ferrari_Wordl_2010_-_JM.pps (641,00 K/S -  5 907 456 bytes)
[20:17:41] - [68] VICTOR.POZEN: Début du Téléchargement de: D:\kerberos.htx\gil.bois\conneri\Gardons nos caissieres JFM.wmv
[20:17:49] - [68] VICTOR.POZEN: Fichier envoyé: D:\kerberos.htx\gil.bois\conneri\Gardons nos caissieres JFM.wmv (642,25 K/S -  5 261 328 bytes)
[20:17:49] - [68] VICTOR.POZEN: Début du Téléchargement de: D:\kerberos.htx\gil.bois\conneri\Gouffres_c-l-bres.pdf
[20:17:49] - [68] VICTOR.POZEN: Fichier envoyé: D:\kerberos.htx\gil.bois\conneri\Gouffres_c-l-bres.pdf (394,51 K/S -   403 978 bytes)
[20:17:50] - [67] VICTOR.POZEN: Fichier envoyé: D:\kerberos.htx\gil.bois\conneri\Ganas de mobilizarse.pps (661,45 K/S -  6 773 248 bytes)
[20:17:50] - [68] VICTOR.POZEN: Début du Téléchargement de: D:\kerberos.htx\gil.bois\conneri\GPS_mystere.pps
[20:17:50] - [67] VICTOR.POZEN: Début du Téléchargement de: D:\kerberos.htx\gil.bois\conneri\grandsmeres2.pps
[20:17:53] - [67] VICTOR.POZEN: Fichier envoyé: D:\kerberos.htx\gil.bois\conneri\grandsmeres2.pps (614,17 K/S -  1 886 720 bytes)
[20:17:53] - [67] VICTOR.POZEN: Début du Téléchargement de: D:\kerberos.htx\gil.bois\conneri\Grenouilles.pps
[20:17:54] - [68] VICTOR.POZEN: Fichier envoyé: D:\kerberos.htx\gil.bois\conneri\GPS_mystere.pps (713,25 K/S -  2 921 472 bytes)
[20:17:54] - [67] VICTOR.POZEN: Fichier envoyé: D:\kerberos.htx\gil.bois\conneri\Grenouilles.pps (771,50 K/S -   790 016 bytes)
[20:17:54] - [68] VICTOR.POZEN: Début du Téléchargement de: D:\kerberos.htx\gil.bois\conneri\Hoezo keren met een aanhanger.wmv
[20:17:54] - [67] VICTOR.POZEN: Début du Téléchargement de: D:\kerberos.htx\gil.bois\conneri\Grippedupoule.pps
[20:17:54] - [67] VICTOR.POZEN: Fichier envoyé: D:\kerberos.htx\gil.bois\conneri\Grippedupoule.pps (108,50 K/S -   111 104 bytes)
[20:17:54] - [67] VICTOR.POZEN: Début du Téléchargement de: D:\kerberos.htx\gil.bois\conneri\Hoooputain.pps
[20:17:57] - [67] VICTOR.POZEN: Fichier envoyé: D:\kerberos.htx\gil.bois\conneri\Hoooputain.pps (645,00 K/S -  1 981 440 bytes)
[20:17:58] - [67] VICTOR.POZEN: Début du Téléchargement de: D:\kerberos.htx\gil.bois\conneri\horsekick4.wmv
[20:18:00] - [67] VICTOR.POZEN: Fichier envoyé: D:\kerberos.htx\gil.bois\conneri\horsekick4.wmv (648,04 K/S -  1 327 190 bytes)
[20:18:00] - [67] VICTOR.POZEN: Début du Téléchargement de: D:\kerberos.htx\gil.bois\conneri\ho_hoooo.wmv
[20:18:00] - [68] VICTOR.POZEN: Fichier envoyé: D:\kerberos.htx\gil.bois\conneri\Hoezo keren met een aanhanger.wmv (577,67 K/S -  4 140 756 bytes)
[20:18:00] - [68] VICTOR.POZEN: Début du Téléchargement de: D:\kerberos.htx\gil.bois\conneri\HTELMA~1.PPS
[20:18:05] - [67] VICTOR.POZEN: Fichier envoyé: D:\kerberos.htx\gil.bois\conneri\ho_hoooo.wmv (619,85 K/S -  3 173 610 bytes)
[20:18:05] - [67] VICTOR.POZEN: Début du Téléchargement de: D:\kerberos.htx\gil.bois\conneri\ignominie.pdf
[20:18:05] - [67] VICTOR.POZEN: Fichier envoyé: D:\kerberos.htx\gil.bois\conneri\ignominie.pdf (223,37 K/S -   228 733 bytes)
[20:18:05] - [67] VICTOR.POZEN: Début du Téléchargement de: D:\kerberos.htx\gil.bois\conneri\IL FAUT LE DIRE3.pps
[20:18:08] - [68] VICTOR.POZEN: Fichier envoyé: D:\kerberos.htx\gil.bois\conneri\HTELMA~1.PPS (628,44 K/S -  5 148 160 bytes)
[20:18:08] - [68] VICTOR.POZEN: Début du Téléchargement de: D:\kerberos.htx\gil.bois\conneri\In The Bed.pps
[20:18:10] - [68] VICTOR.POZEN: Fichier envoyé: D:\kerberos.htx\gil.bois\conneri\In The Bed.pps (590,50 K/S -  1 209 344 bytes)
[20:18:10] - [68] VICTOR.POZEN: Début du Téléchargement de: D:\kerberos.htx\gil.bois\conneri\insolite-038.jpg
[20:18:10] - [68] VICTOR.POZEN: Fichier envoyé: D:\kerberos.htx\gil.bois\conneri\insolite-038.jpg (16,82 K/S -   17 224 bytes)
[20:18:11] - [68] VICTOR.POZEN: Début du Téléchargement de: D:\kerberos.htx\gil.bois\conneri\insolite2.jpg
[20:18:11] - [68] VICTOR.POZEN: Fichier envoyé: D:\kerberos.htx\gil.bois\conneri\insolite2.jpg (25,65 K/S -   26 261 bytes)
[20:18:11] - [68] VICTOR.POZEN: Début du Téléchargement de: D:\kerberos.htx\gil.bois\conneri\jesuispapa.pps
[20:18:11] - [68] VICTOR.POZEN: Fichier envoyé: D:\kerberos.htx\gil.bois\conneri\jesuispapa.pps (46,00 K/S -   47 104 bytes)
[20:18:11] - [68] VICTOR.POZEN: Début du Téléchargement de: D:\kerberos.htx\gil.bois\conneri\Jeunefilleprisedansunecloture._1.pps
[20:18:13] - [68] VICTOR.POZEN: Fichier envoyé: D:\kerberos.htx\gil.bois\conneri\Jeunefilleprisedansunecloture._1.pps (609,75 K/S -  1 248 768 bytes)
[20:18:13] - [68] VICTOR.POZEN: Début du Téléchargement de: D:\kerberos.htx\gil.bois\conneri\Je_soussign-e.pps
[20:18:14] - [68] VICTOR.POZEN: Fichier envoyé: D:\kerberos.htx\gil.bois\conneri\Je_soussign-e.pps (616,00 K/S -   630 784 bytes)
[20:18:14] - [68] VICTOR.POZEN: Début du Téléchargement de: D:\kerberos.htx\gil.bois\conneri\Jogging.wmv
[20:18:16] - [67] VICTOR.POZEN: Fichier envoyé: D:\kerberos.htx\gil.bois\conneri\IL FAUT LE DIRE3.pps (619,50 K/S -  6 978 048 bytes)
[20:18:16] - [67] VICTOR.POZEN: Début du Téléchargement de: D:\kerberos.htx\gil.bois\conneri\jslandbadly3.wmv
[20:18:17] - [67] VICTOR.POZEN: Fichier envoyé: D:\kerberos.htx\gil.bois\conneri\jslandbadly3.wmv (569,83 K/S -  1 167 006 bytes)
[20:18:18] - [67] VICTOR.POZEN: Début du Téléchargement de: D:\kerberos.htx\gil.bois\conneri\Jungle_Alcohol.wmv
[20:18:20] - [68] VICTOR.POZEN: Fichier envoyé: D:\kerberos.htx\gil.bois\conneri\Jogging.wmv (577,23 K/S -  4 137 568 bytes)
[20:18:21] - [68] VICTOR.POZEN: Début du Téléchargement de: D:\kerberos.htx\gil.bois\conneri\L'artiste_vit_dans_un_camion_de_vidanges.pps
[20:18:25] - [68] VICTOR.POZEN: Fichier envoyé: D:\kerberos.htx\gil.bois\conneri\L'artiste_vit_dans_un_camion_de_vidanges.pps (641,13 K/S -  2 626 048 bytes)
[20:18:25] - [68] VICTOR.POZEN: Début du Téléchargement de: D:\kerberos.htx\gil.bois\conneri\L-escargot.pps
[20:18:27] - [67] VICTOR.POZEN: Fichier envoyé: D:\kerberos.htx\gil.bois\conneri\Jungle_Alcohol.wmv (650,02 K/S -  5 990 599 bytes)
[20:18:27] - [67] VICTOR.POZEN: Début du Téléchargement de: D:\kerberos.htx\gil.bois\conneri\La prison de toile.pps
[20:18:28] - [68] VICTOR.POZEN: Fichier envoyé: D:\kerberos.htx\gil.bois\conneri\L-escargot.pps (723,33 K/S -  2 222 080 bytes)
[20:18:28] - [68] VICTOR.POZEN: Début du Téléchargement de: D:\kerberos.htx\gil.bois\conneri\Lablaguequiportechance.pps
[20:18:29] - [68] VICTOR.POZEN: Fichier envoyé: D:\kerberos.htx\gil.bois\conneri\Lablaguequiportechance.pps (238,50 K/S -   244 224 bytes)
[20:18:29] - [68] VICTOR.POZEN: Début du Téléchargement de: D:\kerberos.htx\gil.bois\conneri\LaDiarrhe.avi
[20:18:31] - [67] VICTOR.POZEN: Fichier envoyé: D:\kerberos.htx\gil.bois\conneri\La prison de toile.pps (634,63 K/S -  2 599 424 bytes)
[20:18:31] - [67] VICTOR.POZEN: Début du Téléchargement de: D:\kerberos.htx\gil.bois\conneri\La_Police_(_X_).pps
[20:18:33] - [67] VICTOR.POZEN: Fichier envoyé: D:\kerberos.htx\gil.bois\conneri\La_Police_(_X_).pps (677,00 K/S -  1 386 496 bytes)
[20:18:33] - [67] VICTOR.POZEN: Début du Téléchargement de: D:\kerberos.htx\gil.bois\conneri\La_voiture(RI)-Mkiki.pps
[20:18:34] - [67] VICTOR.POZEN: Fichier envoyé: D:\kerberos.htx\gil.bois\conneri\La_voiture(RI)-Mkiki.pps (673,00 K/S -   689 152 bytes)
[20:18:34] - [67] VICTOR.POZEN: Début du Téléchargement de: D:\kerberos.htx\gil.bois\conneri\Le verbe bander .pps
[20:18:35] - [67] VICTOR.POZEN: Fichier envoyé: D:\kerberos.htx\gil.bois\conneri\Le verbe bander .pps (324,50 K/S -   332 288 bytes)
[20:18:35] - [67] VICTOR.POZEN: Début du Téléchargement de: D:\kerberos.htx\gil.bois\conneri\le-fer-a-repasser-miraculeux.pps
[20:18:35] - [67] VICTOR.POZEN: Fichier envoyé: D:\kerberos.htx\gil.bois\conneri\le-fer-a-repasser-miraculeux.pps (211,00 K/S -   216 064 bytes)
[20:18:35] - [67] VICTOR.POZEN: Début du Téléchargement de: D:\kerberos.htx\gil.bois\conneri\le-proutoscope.pps
[20:18:36] - [67] VICTOR.POZEN: Fichier envoyé: D:\kerberos.htx\gil.bois\conneri\le-proutoscope.pps (218,50 K/S -   223 744 bytes)
[20:18:36] - [67] VICTOR.POZEN: Début du Téléchargement de: D:\kerberos.htx\gil.bois\conneri\lena Vive_la_Bretagne E.pps
[20:18:37] - [68] VICTOR.POZEN: Fichier envoyé: D:\kerberos.htx\gil.bois\conneri\LaDiarrhe.avi (657,73 K/S -  5 388 084 bytes)
[20:18:37] - [68] VICTOR.POZEN: Début du Téléchargement de: D:\kerberos.htx\gil.bois\conneri\Les dangers de la bicyclette.wmv
[20:18:40] - [67] VICTOR.POZEN: Fichier envoyé: D:\kerberos.htx\gil.bois\conneri\lena Vive_la_Bretagne E.pps (726,13 K/S -  2 974 208 bytes)
[20:18:40] - [67] VICTOR.POZEN: Début du Téléchargement de: D:\kerberos.htx\gil.bois\conneri\Les_5_cannibales.PPS
[20:18:42] - [67] VICTOR.POZEN: Fichier envoyé: D:\kerberos.htx\gil.bois\conneri\Les_5_cannibales.PPS (1 250,50 K/S -  1 280 512 bytes)
[20:18:42] - [67] VICTOR.POZEN: Début du Téléchargement de: D:\kerberos.htx\gil.bois\conneri\le_gamin_et_le_pompier.pps
[20:18:42] - [67] VICTOR.POZEN: Fichier envoyé: D:\kerberos.htx\gil.bois\conneri\le_gamin_et_le_pompier.pps (38,00 K/S -   38 912 bytes)
[20:18:43] - [67] VICTOR.POZEN: Début du Téléchargement de: D:\kerberos.htx\gil.bois\conneri\LE_PHARMACIEN.PPS
[20:18:43] - [67] VICTOR.POZEN: Fichier envoyé: D:\kerberos.htx\gil.bois\conneri\LE_PHARMACIEN.PPS (447,00 K/S -   457 728 bytes)
[20:18:44] - [67] VICTOR.POZEN: Début du Téléchargement de: D:\kerberos.htx\gil.bois\conneri\Madame_Martin.pps
[20:18:47] - [67] VICTOR.POZEN: Fichier envoyé: D:\kerberos.htx\gil.bois\conneri\Madame_Martin.pps (731,83 K/S -  2 248 192 bytes)
[20:18:47] - [67] VICTOR.POZEN: Début du Téléchargement de: D:\kerberos.htx\gil.bois\conneri\magasin-d-hommes1.pps
[20:18:48] - [67] VICTOR.POZEN: Fichier envoyé: D:\kerberos.htx\gil.bois\conneri\magasin-d-hommes1.pps (407,50 K/S -   834 560 bytes)
[20:18:48] - [68] VICTOR.POZEN: Fichier envoyé: D:\kerberos.htx\gil.bois\conneri\Les dangers de la bicyclette.wmv (602,98 K/S -  7 409 459 bytes)
[20:18:48] - [67] VICTOR.POZEN: Début du Téléchargement de: D:\kerberos.htx\gil.bois\conneri\margoulinYC.pps
[20:18:49] - [68] VICTOR.POZEN: Début du Téléchargement de: D:\kerberos.htx\gil.bois\conneri\maudit_internet_haute_vitesse_JPB.pps
[20:18:49] - [67] VICTOR.POZEN: Fichier envoyé: D:\kerberos.htx\gil.bois\conneri\margoulinYC.pps (333,00 K/S -   340 992 bytes)
[20:18:49] - [67] VICTOR.POZEN: Début du Téléchargement de: D:\kerberos.htx\gil.bois\conneri\messe.wmv
[20:18:50] - [68] VICTOR.POZEN: Fichier envoyé: D:\kerberos.htx\gil.bois\conneri\maudit_internet_haute_vitesse_JPB.pps (714,50 K/S -   731 648 bytes)
[20:18:50] - [68] VICTOR.POZEN: Début du Téléchargement de: D:\kerberos.htx\gil.bois\conneri\MONDIAL DE L-AUTOMOBILE.pps
[20:18:51] - [67] VICTOR.POZEN: Fichier envoyé: D:\kerberos.htx\gil.bois\conneri\messe.wmv (498,00 K/S -  1 019 904 bytes)
[20:18:51] - [67] VICTOR.POZEN: Début du Téléchargement de: D:\kerberos.htx\gil.bois\conneri\MONDIAL DE L-AUTOMOBILEi
[20:18:53] - [68] VICTOR.POZEN: Fichier envoyé: D:\kerberos.htx\gil.bois\conneri\MONDIAL DE L-AUTOMOBILE.pps (652,50 K/S -  2 004 480 bytes)
[20:18:53] - [68] VICTOR.POZEN: Début du Téléchargement de: D:\kerberos.htx\gil.bois\conneri\mon_g-nie.pps
[20:18:54] - [67] VICTOR.POZEN: Fichier envoyé: D:\kerberos.htx\gil.bois\conneri\MONDIAL DE L-AUTOMOBILEi (652,50 K/S -  2 004 480 bytes)
[20:18:54] - [67] VICTOR.POZEN: Début du Téléchargement de: D:\kerberos.htx\gil.bois\conneri\Mon_maitre_est_con.pps
[20:18:56] - [68] VICTOR.POZEN: Fichier envoyé: D:\kerberos.htx\gil.bois\conneri\mon_g-nie.pps (624,67 K/S -  1 918 976 bytes)
[20:18:56] - [68] VICTOR.POZEN: Début du Téléchargement de: D:\kerberos.htx\gil.bois\conneri\MOULOUD_AU_PARIS_DAKAR_(L).wmv
[20:18:57] - [67] VICTOR.POZEN: Fichier envoyé: D:\kerberos.htx\gil.bois\conneri\Mon_maitre_est_con.pps (643,33 K/S -  1 976 320 bytes)
[20:18:57] - [67] VICTOR.POZEN: Début du Téléchargement de: D:\kerberos.htx\gil.bois\conneri\MOULOUD_A_MOTO_(L).wmv
[20:18:58] - [67] VICTOR.POZEN: Fichier envoyé: D:\kerberos.htx\gil.bois\conneri\MOULOUD_A_MOTO_(L).wmv (549,91 K/S -   563 108 bytes)
[20:18:58] - [67] VICTOR.POZEN: Début du Téléchargement de: D:\kerberos.htx\gil.bois\conneri\MOULOUD_A_VELO_(L).wmv
[20:18:59] - [67] VICTOR.POZEN: Fichier envoyé: D:\kerberos.htx\gil.bois\conneri\MOULOUD_A_VELO_(L).wmv (792,44 K/S -   811 456 bytes)
[20:18:59] - [67] VICTOR.POZEN: Début du Téléchargement de: D:\kerberos.htx\gil.bois\conneri\mustang.pps
[20:19:00] - [68] VICTOR.POZEN: Fichier envoyé: D:\kerberos.htx\gil.bois\conneri\MOULOUD_AU_PARIS_DAKAR_(L).wmv (542,37 K/S -  2 221 540 bytes)
[20:19:00] - [68] VICTOR.POZEN: Début du Téléchargement de: D:\kerberos.htx\gil.bois\conneri\Nationali.__fb.pps
[20:19:00] - [68] VICTOR.POZEN: Fichier envoyé: D:\kerberos.htx\gil.bois\conneri\Nationali.__fb.pps (361,50 K/S -   370 176 bytes)
[20:19:00] - [68] VICTOR.POZEN: Début du Téléchargement de: D:\kerberos.htx\gil.bois\conneri\Naufrage.pps
[20:19:01] - [67] VICTOR.POZEN: Fichier envoyé: D:\kerberos.htx\gil.bois\conneri\mustang.pps (404,25 K/S -   827 904 bytes)
[20:19:01] - [67] VICTOR.POZEN: Début du Téléchargement de: D:\kerberos.htx\gil.bois\conneri\Nespresso-Nesca.wmv
[20:19:04] - [67] VICTOR.POZEN: Fichier envoyé: D:\kerberos.htx\gil.bois\conneri\Nespresso-Nesca.wmv (739,89 K/S -  2 272 943 bytes)
[20:19:04] - [68] VICTOR.POZEN: Fichier envoyé: D:\kerberos.htx\gil.bois\conneri\Naufrage.pps (775,67 K/S -  2 382 848 bytes)
[20:19:04] - [67] VICTOR.POZEN: Début du Téléchargement de: D:\kerberos.htx\gil.bois\conneri\Nouveau_bistrot.pps
[20:19:04] - [68] VICTOR.POZEN: Début du Téléchargement de: D:\kerberos.htx\gil.bois\conneri\Nouvelle Boisson Marseillaise.pps
[20:19:06] - [68] VICTOR.POZEN: Fichier envoyé: D:\kerberos.htx\gil.bois\conneri\Nouvelle Boisson Marseillaise.pps (820,50 K/S -   840 192 bytes)
[20:19:06] - [68] VICTOR.POZEN: Début du Téléchargement de: D:\kerberos.htx\gil.bois\conneri\nouvelle_loi.5.pps
[20:19:06] - [67] VICTOR.POZEN: Fichier envoyé: D:\kerberos.htx\gil.bois\conneri\Nouveau_bistrot.pps (442,33 K/S -  1 358 848 bytes)
[20:19:07] - [67] VICTOR.POZEN: Début du Téléchargement de: D:\kerberos.htx\gil.bois\conneri\nrdayn8e82.jpg
[20:19:07] - [68] VICTOR.POZEN: Fichier envoyé: D:\kerberos.htx\gil.bois\conneri\nouvelle_loi.5.pps (536,50 K/S -   549 376 bytes)
[20:19:07] - [67] VICTOR.POZEN: Fichier envoyé: D:\kerberos.htx\gil.bois\conneri\nrdayn8e82.jpg (119,26 K/S -   122 119 bytes)
[20:19:07] - [67] VICTOR.POZEN: Début du Téléchargement de: D:\kerberos.htx\gil.bois\conneri\OOPsUPPS.pps
[20:19:07] - [68] VICTOR.POZEN: Début du Téléchargement de: D:\kerberos.htx\gil.bois\conneri\OOOOOPS!!!.wmv
[20:19:10] - [67] VICTOR.POZEN: Fichier envoyé: D:\kerberos.htx\gil.bois\conneri\OOPsUPPS.pps (554,75 K/S -  2 272 256 bytes)
[20:19:10] - [67] VICTOR.POZEN: Début du Téléchargement de: D:\kerberos.htx\gil.bois\conneri\ouchbreakagain2.wmv
[20:19:11] - [67] VICTOR.POZEN: Fichier envoyé: D:\kerberos.htx\gil.bois\conneri\ouchbreakagain2.wmv (424,15 K/S -   434 330 bytes)
[20:19:11] - [67] VICTOR.POZEN: Début du Téléchargement de: D:\kerberos.htx\gil.bois\conneri\P-tition.pdf
[20:19:12] - [67] VICTOR.POZEN: Fichier envoyé: D:\kerberos.htx\gil.bois\conneri\P-tition.pdf (354,84 K/S -   363 357 bytes)
[20:19:12] - [67] VICTOR.POZEN: Début du Téléchargement de: D:\kerberos.htx\gil.bois\conneri\Paris_3_un_courageux_camiraman_de_De.avi
[20:19:14] - [68] VICTOR.POZEN: Fichier envoyé: D:\kerberos.htx\gil.bois\conneri\OOOOOPS!!!.wmv (669,53 K/S -  4 799 211 bytes)
[20:19:14] - [68] VICTOR.POZEN: Début du Téléchargement de: D:\kerberos.htx\gil.bois\conneri\PERLES D'ASSURES.pdf
[20:19:14] - [68] VICTOR.POZEN: Fichier envoyé: D:\kerberos.htx\gil.bois\conneri\PERLES D'ASSURES.pdf (27,92 K/S -   28 594 bytes)
[20:19:17] - [68] VICTOR.POZEN: Début du Téléchargement de: D:\kerberos.htx\gil.bois\conneri\Perroquet1.pps
[20:19:17] - [68] VICTOR.POZEN: Fichier envoyé: D:\kerberos.htx\gil.bois\conneri\Perroquet1.pps (211,50 K/S -   216 576 bytes)
[20:19:17] - [68] VICTOR.POZEN: Début du Téléchargement de: D:\kerberos.htx\gil.bois\conneri\peur de sa vie 1.wmv
[20:19:18] - [68] VICTOR.POZEN: Fichier envoyé: D:\kerberos.htx\gil.bois\conneri\peur de sa vie 1.wmv (337,04 K/S -   345 130 bytes)
[20:19:18] - [68] VICTOR.POZEN: Début du Téléchargement de: D:\kerberos.htx\gil.bois\conneri\peur de sa vie 2.wmv
[20:19:20] - [67] VICTOR.POZEN: Fichier envoyé: D:\kerberos.htx\gil.bois\conneri\Paris_3_un_courageux_camiraman_de_De.avi (825,70 K/S -  6 764 102 bytes)
[20:19:20] - [67] VICTOR.POZEN: Début du Téléchargement de: D:\kerberos.htx\gil.bois\conneri\peur de sa vie 3.wmv
[20:19:20] - [67] VICTOR.POZEN: Fichier envoyé: D:\kerberos.htx\gil.bois\conneri\peur de sa vie 3.wmv (207,56 K/S -   212 537 bytes)
[20:19:21] - [67] VICTOR.POZEN: Début du Téléchargement de: D:\kerberos.htx\gil.bois\conneri\peur de sa vie.wmv
[20:19:21] - [68] VICTOR.POZEN: Fichier envoyé: D:\kerberos.htx\gil.bois\conneri\peur de sa vie 2.wmv (670,29 K/S -  2 059 121 bytes)
[20:19:21] - [68] VICTOR.POZEN: Début du Téléchargement de: D:\kerberos.htx\gil.bois\conneri\Photo0496.jpg
[20:19:22] - [68] VICTOR.POZEN: Fichier envoyé: D:\kerberos.htx\gil.bois\conneri\Photo0496.jpg (779,90 K/S -   798 621 bytes)
[20:19:22] - [68] VICTOR.POZEN: Début du Téléchargement de: D:\kerberos.htx\gil.bois\conneri\Photo0497.jpg
[20:19:23] - [67] VICTOR.POZEN: Fichier envoyé: D:\kerberos.htx\gil.bois\conneri\peur de sa vie.wmv (775,41 K/S -  1 588 033 bytes)
[20:19:23] - [67] VICTOR.POZEN: Début du Téléchargement de: D:\kerberos.htx\gil.bois\conneri\Photo0499.jpg
[20:19:24] - [68] VICTOR.POZEN: Fichier envoyé: D:\kerberos.htx\gil.bois\conneri\Photo0497.jpg (791,26 K/S -   810 252 bytes)
[20:19:24] - [68] VICTOR.POZEN: Début du Téléchargement de: D:\kerberos.htx\gil.bois\conneri\Photo0608.jpg
[20:19:24] - [67] VICTOR.POZEN: Fichier envoyé: D:\kerberos.htx\gil.bois\conneri\Photo0499.jpg (785,37 K/S -   804 216 bytes)
[20:19:24] - [67] VICTOR.POZEN: Début du Téléchargement de: D:\kerberos.htx\gil.bois\conneri\photos_exceptionnelles .pps
[20:19:25] - [68] VICTOR.POZEN: Fichier envoyé: D:\kerberos.htx\gil.bois\conneri\Photo0608.jpg (881,94 K/S -   903 102 bytes)
[20:19:25] - [68] VICTOR.POZEN: Début du Téléchargement de: D:\kerberos.htx\gil.bois\conneri\Photo_de_la_femme_parfaite.pps
[20:19:26] - [68] VICTOR.POZEN: Fichier envoyé: D:\kerberos.htx\gil.bois\conneri\Photo_de_la_femme_parfaite.pps (246,00 K/S -   251 904 bytes)
[20:19:26] - [68] VICTOR.POZEN: Début du Téléchargement de: D:\kerberos.htx\gil.bois\conneri\Pl-Gendarmerie_de_ser.pps
[20:19:31] - [67] VICTOR.POZEN: Fichier envoyé: D:\kerberos.htx\gil.bois\conneri\photos_exceptionnelles .pps (576,07 K/S -  4 129 280 bytes)
[20:19:31] - [67] VICTOR.POZEN: Début du Téléchargement de: D:\kerberos.htx\gil.bois\conneri\Plus efficace que le Taser1.pdf
[20:19:32] - [67] VICTOR.POZEN: Fichier envoyé: D:\kerberos.htx\gil.bois\conneri\Plus efficace que le Taser1.pdf (529,10 K/S -   541 798 bytes)
[20:19:32] - [67] VICTOR.POZEN: Début du Téléchargement de: D:\kerberos.htx\gil.bois\conneri\Pour_adulte_seulement.pps
[20:19:32] - [68] VICTOR.POZEN: Fichier envoyé: D:\kerberos.htx\gil.bois\conneri\Pl-Gendarmerie_de_ser.pps (670,33 K/S -  4 118 528 bytes)
[20:19:32] - [68] VICTOR.POZEN: Début du Téléchargement de: D:\kerberos.htx\gil.bois\conneri\Prison.pps
[20:19:33] - [67] VICTOR.POZEN: Fichier envoyé: D:\kerberos.htx\gil.bois\conneri\Pour_adulte_seulement.pps (655,00 K/S -   670 720 bytes)
[20:19:33] - [67] VICTOR.POZEN: Début du Téléchargement de: D:\kerberos.htx\gil.bois\conneri\Putaindejourne2.pps
[20:19:34] - [67] VICTOR.POZEN: Fichier envoyé: D:\kerberos.htx\gil.bois\conneri\Putaindejourne2.pps (680,00 K/S -   696 320 bytes)
[20:19:34] - [67] VICTOR.POZEN: Début du Téléchargement de: D:\kerberos.htx\gil.bois\conneri\Putain_de_journ-e.pps
[20:19:36] - [67] VICTOR.POZEN: Fichier envoyé: D:\kerberos.htx\gil.bois\conneri\Putain_de_journ-e.pps (676,00 K/S -  1 384 448 bytes)
[20:19:36] - [67] VICTOR.POZEN: Début du Téléchargement de: D:\kerberos.htx\gil.bois\conneri\R.S.2nonnes.pps
[20:19:36] - [67] VICTOR.POZEN: Fichier envoyé: D:\kerberos.htx\gil.bois\conneri\R.S.2nonnes.pps (57,50 K/S -   58 880 bytes)
[20:19:37] - [67] VICTOR.POZEN: Début du Téléchargement de: D:\kerberos.htx\gil.bois\conneri\Radada.pps
[20:19:37] - [68] VICTOR.POZEN: Fichier envoyé: D:\kerberos.htx\gil.bois\conneri\Prison.pps (685,80 K/S -  3 511 296 bytes)
[20:19:37] - [68] VICTOR.POZEN: Début du Téléchargement de: D:\kerberos.htx\gil.bois\conneri\RAMADAN_A_NICE_H.pps
[20:19:39] - [68] VICTOR.POZEN: Fichier envoyé: D:\kerberos.htx\gil.bois\conneri\RAMADAN_A_NICE_H.pps (646,25 K/S -  1 323 520 bytes)
[20:19:40] - [68] VICTOR.POZEN: Début du Téléchargement de: D:\kerberos.htx\gil.bois\conneri\Real_Salsa_Dancing_Dog.wmv
[20:19:45] - [67] VICTOR.POZEN: Fichier envoyé: D:\kerberos.htx\gil.bois\conneri\Radada.pps (664,31 K/S -  5 442 048 bytes)
[20:19:45] - [67] VICTOR.POZEN: Début du Téléchargement de: D:\kerberos.htx\gil.bois\conneri\Reconnatre_un_millionnaire.pps
[20:19:47] - [67] VICTOR.POZEN: Fichier envoyé: D:\kerberos.htx\gil.bois\conneri\Reconnatre_un_millionnaire.pps (704,00 K/S -  1 441 792 bytes)
[20:19:47] - [67] VICTOR.POZEN: Début du Téléchargement de: D:\kerberos.htx\gil.bois\conneri\Reflexionsecurite.pps
[20:19:49] - [67] VICTOR.POZEN: Fichier envoyé: D:\kerberos.htx\gil.bois\conneri\Reflexionsecurite.pps (457,00 K/S -   935 936 bytes)
[20:19:49] - [67] VICTOR.POZEN: Début du Téléchargement de: D:\kerberos.htx\gil.bois\conneri\remaniements en chanson 25.11.pps
[20:19:50] - [68] VICTOR.POZEN: Fichier envoyé: D:\kerberos.htx\gil.bois\conneri\Real_Salsa_Dancing_Dog.wmv (664,23 K/S -  6 801 741 bytes)
[20:19:50] - [68] VICTOR.POZEN: Début du Téléchargement de: D:\kerberos.htx\gil.bois\conneri\RIMG0515.JPG
[20:19:55] - [68] VICTOR.POZEN: Fichier envoyé: D:\kerberos.htx\gil.bois\conneri\RIMG0515.JPG (660,92 K/S -  3 383 929 bytes)
[20:19:55] - [68] VICTOR.POZEN: Début du Téléchargement de: D:\kerberos.htx\gil.bois\conneri\RIMG0516.JPG
[20:19:57] - [67] VICTOR.POZEN: Fichier envoyé: D:\kerberos.htx\gil.bois\conneri\remaniements en chanson 25.11.pps (678,25 K/S -  5 556 224 bytes)
[20:19:57] - [67] VICTOR.POZEN: Début du Téléchargement de: D:\kerberos.htx\gil.bois\conneri\RIMG0517.JPG
[20:20:00] - [68] VICTOR.POZEN: Fichier envoyé: D:\kerberos.htx\gil.bois\conneri\RIMG0516.JPG (569,57 K/S -  3 499 466 bytes)
[20:20:01] - [68] VICTOR.POZEN: Début du Téléchargement de: D:\kerberos.htx\gil.bois\conneri\RIMG0625.JPG
[20:20:03] - [67] VICTOR.POZEN: Fichier envoyé: D:\kerberos.htx\gil.bois\conneri\RIMG0517.JPG (672,23 K/S -  3 441 795 bytes)
[20:20:03] - [67] VICTOR.POZEN: Début du Téléchargement de: D:\kerberos.htx\gil.bois\conneri\RIMG0628.JPG
[20:20:06] - [68] VICTOR.POZEN: Fichier envoyé: D:\kerberos.htx\gil.bois\conneri\RIMG0625.JPG (694,62 K/S -  3 556 433 bytes)
[20:20:06] - [68] VICTOR.POZEN: Début du Téléchargement de: D:\kerberos.htx\gil.bois\conneri\RIMG0629.JPG
[20:20:08] - [67] VICTOR.POZEN: Fichier envoyé: D:\kerberos.htx\gil.bois\conneri\RIMG0628.JPG (579,19 K/S -  3 558 560 bytes)
[20:20:09] - [67] VICTOR.POZEN: Début du Téléchargement de: D:\kerberos.htx\gil.bois\conneri\RIMG0709.JPG
[20:20:11] - [68] VICTOR.POZEN: Fichier envoyé: D:\kerberos.htx\gil.bois\conneri\RIMG0629.JPG (637,45 K/S -  3 263 741 bytes)
[20:20:11] - [68] VICTOR.POZEN: Début du Téléchargement de: D:\kerberos.htx\gil.bois\conneri\RIMG0710.JPG
[20:20:14] - [67] VICTOR.POZEN: Fichier envoyé: D:\kerberos.htx\gil.bois\conneri\RIMG0709.JPG (664,15 K/S -  3 400 445 bytes)
[20:20:14] - [67] VICTOR.POZEN: Début du Téléchargement de: D:\kerberos.htx\gil.bois\conneri\RIMG0711.JPG
[20:20:16] - [68] VICTOR.POZEN: Fichier envoyé: D:\kerberos.htx\gil.bois\conneri\RIMG0710.JPG (567,40 K/S -  3 486 103 bytes)
[20:20:17] - [68] VICTOR.POZEN: Début du Téléchargement de: D:\kerberos.htx\gil.bois\conneri\Route mortelle en Bolivie.wmv
[20:20:19] - [67] VICTOR.POZEN: Fichier envoyé: D:\kerberos.htx\gil.bois\conneri\RIMG0711.JPG (637,14 K/S -  3 262 156 bytes)
[20:20:19] - [67] VICTOR.POZEN: Début du Téléchargement de: D:\kerberos.htx\gil.bois\conneri\Rue des Poissonniers.pps
[20:20:23] - [67] VICTOR.POZEN: Fichier envoyé: D:\kerberos.htx\gil.bois\conneri\Rue des Poissonniers.pps (695,00 K/S -  2 846 720 bytes)
[20:20:23] - [67] VICTOR.POZEN: Début du Téléchargement de: D:\kerberos.htx\gil.bois\conneri\rya.Miss Univers.pps
[20:20:24] - [68] VICTOR.POZEN: Fichier envoyé: D:\kerberos.htx\gil.bois\conneri\Route mortelle en Bolivie.wmv (685,48 K/S -  4 913 535 bytes)
[20:20:24] - [68] VICTOR.POZEN: Début du Téléchargement de: D:\kerberos.htx\gil.bois\conneri\Savoureux_Raymond_Devos_et_Sarkosy1.wmv
[20:20:24] - [67] VICTOR.POZEN: Fichier envoyé: D:\kerberos.htx\gil.bois\conneri\rya.Miss Univers.pps (448,00 K/S -   458 752 bytes)
[20:20:24] - [67] VICTOR.POZEN: Début du Téléchargement de: D:\kerberos.htx\gil.bois\conneri\Securite_au_travail.pps
[20:20:28] - [68] VICTOR.POZEN: Fichier envoyé: D:\kerberos.htx\gil.bois\conneri\Savoureux_Raymond_Devos_et_Sarkosy1.wmv (571,27 K/S -  2 924 884 bytes)
[20:20:29] - [67] VICTOR.POZEN: Fichier envoyé: D:\kerberos.htx\gil.bois\conneri\Securite_au_travail.pps (557,50 K/S -  2 854 400 bytes)
[20:20:29] - [68] VICTOR.POZEN: Début du Téléchargement de: D:\kerberos.htx\gil.bois\conneri\SEXY VALSE DE STRAUSS.pps
[20:20:29] - [67] VICTOR.POZEN: Début du Téléchargement de: D:\kerberos.htx\gil.bois\conneri\Shanxi-China.E.pps
[20:20:35] - [68] VICTOR.POZEN: Fichier envoyé: D:\kerberos.htx\gil.bois\conneri\SEXY VALSE DE STRAUSS.pps (613,83 K/S -  3 771 392 bytes)
[20:20:35] - [68] VICTOR.POZEN: Début du Téléchargement de: D:\kerberos.htx\gil.bois\conneri\Simon_Bensoussan_Roi_de_la_Vente.pps
[20:20:36] - [67] VICTOR.POZEN: Fichier envoyé: D:\kerberos.htx\gil.bois\conneri\Shanxi-China.E.pps (652,21 K/S -  4 675 072 bytes)
[20:20:36] - [67] VICTOR.POZEN: Début du Téléchargement de: D:\kerberos.htx\gil.bois\conneri\snowbuncho1.wmv
[20:20:37] - [67] VICTOR.POZEN: Fichier envoyé: D:\kerberos.htx\gil.bois\conneri\snowbuncho1.wmv (427,23 K/S -   874 958 bytes)
[20:20:38] - [67] VICTOR.POZEN: Début du Téléchargement de: D:\kerberos.htx\gil.bois\conneri\Soudn--po-1-._.wmv
[20:20:40] - [68] VICTOR.POZEN: Fichier envoyé: D:\kerberos.htx\gil.bois\conneri\Simon_Bensoussan_Roi_de_la_Vente.pps (641,17 K/S -  3 939 328 bytes)
[20:20:41] - [68] VICTOR.POZEN: Début du Téléchargement de: D:\kerberos.htx\gil.bois\conneri\Sourions-maintenant.pps
[20:20:42] - [68] VICTOR.POZEN: Fichier envoyé: D:\kerberos.htx\gil.bois\conneri\Sourions-maintenant.pps (570,75 K/S -  1 168 896 bytes)
[20:20:42] - [68] VICTOR.POZEN: Début du Téléchargement de: D:\kerberos.htx\gil.bois\conneri\THE_BEST_HALLOWEEN_COSTUME_EVER.wmv
[20:20:45] - [67] VICTOR.POZEN: Fichier envoyé: D:\kerberos.htx\gil.bois\conneri\Soudn--po-1-._.wmv (690,65 K/S -  4 950 587 bytes)
[20:20:45] - [67] VICTOR.POZEN: Début du Téléchargement de: D:\kerberos.htx\gil.bois\conneri\trop_trop_fort-------.wmv
[20:20:48] - [68] VICTOR.POZEN: Fichier envoyé: D:\kerberos.htx\gil.bois\conneri\THE_BEST_HALLOWEEN_COSTUME_EVER.wmv (646,76 K/S -  3 973 716 bytes)
[20:20:48] - [68] VICTOR.POZEN: Début du Téléchargement de: D:\kerberos.htx\gil.bois\conneri\TROU_DUC.pdf
[20:20:49] - [68] VICTOR.POZEN: Fichier envoyé: D:\kerberos.htx\gil.bois\conneri\TROU_DUC.pdf (62,21 K/S -   63 708 bytes)
[20:20:49] - [68] VICTOR.POZEN: Début du Téléchargement de: D:\kerberos.htx\gil.bois\conneri\Untitled1.wmv
[20:20:53] - [67] VICTOR.POZEN: Fichier envoyé: D:\kerberos.htx\gil.bois\conneri\trop_trop_fort-------.wmv (648,22 K/S -  5 310 239 bytes)
[20:20:53] - [67] VICTOR.POZEN: Début du Téléchargement de: D:\kerberos.htx\gil.bois\conneri\un_petit_verre_de_vin_-_votre_sant-.pps
[20:20:58] - [67] VICTOR.POZEN: Fichier envoyé: D:\kerberos.htx\gil.bois\conneri\un_petit_verre_de_vin_-_votre_sant-.pps (745,63 K/S -  3 054 080 bytes)
[20:20:58] - [67] VICTOR.POZEN: Début du Téléchargement de: D:\kerberos.htx\gil.bois\conneri\un_Toilets.pps
[20:20:58] - [68] VICTOR.POZEN: Fichier envoyé: D:\kerberos.htx\gil.bois\conneri\Untitled1.wmv (622,93 K/S -  6 378 779 bytes)
[20:20:58] - [68] VICTOR.POZEN: Début du Téléchargement de: D:\kerberos.htx\gil.bois\conneri\USA Tuning old car.pps
[20:21:02] - [67] VICTOR.POZEN: Fichier envoyé: D:\kerberos.htx\gil.bois\conneri\un_Toilets.pps (542,50 K/S -  2 777 600 bytes)
[20:21:02] - [67] VICTOR.POZEN: Début du Téléchargement de: D:\kerberos.htx\gil.bois\conneri\V39--Tout ce que vous aveztoujours r-ver de dire -- une racaille.AVI
[20:21:05] - [68] VICTOR.POZEN: Fichier envoyé: D:\kerberos.htx\gil.bois\conneri\USA Tuning old car.pps (725,83 K/S -  4 459 520 bytes)
[20:21:05] - [68] VICTOR.POZEN: Début du Téléchargement de: D:\kerberos.htx\gil.bois\conneri\Verpackungen nach DIN 56801.pps
[20:21:08] - [67] VICTOR.POZEN: Fichier envoyé: D:\kerberos.htx\gil.bois\conneri\V39--Tout ce que vous aveztoujours r-ver de dire -- une racaille.AVI (660,44 K/S -  3 381 458 bytes)
[20:21:08] - [67] VICTOR.POZEN: Début du Téléchargement de: D:\kerberos.htx\gil.bois\conneri\western.wmv
[20:21:12] - [67] VICTOR.POZEN: Fichier envoyé: D:\kerberos.htx\gil.bois\conneri\western.wmv (593,61 K/S -  2 431 436 bytes)
[20:21:12] - [67] VICTOR.POZEN: Début du Téléchargement de: D:\kerberos.htx\gil.bois\conneri\_Blagues_courtes.pps
[20:21:12] - [68] VICTOR.POZEN: Fichier envoyé: D:\kerberos.htx\gil.bois\conneri\Verpackungen nach DIN 56801.pps (644,43 K/S -  4 619 264 bytes)
[20:21:13] - [68] VICTOR.POZEN: Début du Téléchargement de: D:\kerberos.htx\gil.bois\drivers gil\drivers or win\ZTE Wireless Ethernet Adapter\oem2.inf
[20:21:13] - [68] VICTOR.POZEN: Fichier envoyé: D:\kerberos.htx\gil.bois\drivers gil\drivers or win\ZTE Wireless Ethernet Adapter\oem2.inf (5,70 K/S -   5 834 bytes)
[20:21:13] - [67] VICTOR.POZEN: Fichier envoyé: D:\kerberos.htx\gil.bois\conneri\_Blagues_courtes.pps (711,00 K/S -   728 064 bytes)
[20:21:13] - [68] VICTOR.POZEN: Début du Téléchargement de: D:\kerberos.htx\gil.bois\drivers gil\drivers or win\ZTE Wireless Ethernet Adapter\Setup.DIY
[20:21:13] - [68] VICTOR.POZEN: Fichier envoyé: D:\kerberos.htx\gil.bois\drivers gil\drivers or win\ZTE Wireless Ethernet Adapter\Setup.DIY (0,17 K/S -    179 bytes)
[20:21:13] - [67] VICTOR.POZEN: Début du Téléchargement de: D:\kerberos.htx\gil.bois\drivers gil\drivers or win\ZTE Wireless Ethernet Adapter\ZTENetCard.cat
[20:21:13] - [67] VICTOR.POZEN: Fichier envoyé: D:\kerberos.htx\gil.bois\drivers gil\drivers or win\ZTE Wireless Ethernet Adapter\ZTENetCard.cat (14,91 K/S -   15 266 bytes)
[20:21:13] - [68] VICTOR.POZEN: Début du Téléchargement de: D:\kerberos.htx\gil.bois\drivers gil\drivers or win\ZTE Wireless Ethernet Adapter\ZTEusbnet.sys
[20:21:13] - [67] VICTOR.POZEN: Début du Téléchargement de: D:\kerberos.htx\gil.bois\drivers gil\drivers or win\ZTE VoUSB Device\oem4.inf
[20:21:13] - [67] VICTOR.POZEN: Fichier envoyé: D:\kerberos.htx\gil.bois\drivers gil\drivers or win\ZTE VoUSB Device\oem4.inf (2,37 K/S -   2 422 bytes)
[20:21:13] - [68] VICTOR.POZEN: Fichier envoyé: D:\kerberos.htx\gil.bois\drivers gil\drivers or win\ZTE Wireless Ethernet Adapter\ZTEusbnet.sys (107,50 K/S -   110 080 bytes)
[20:21:13] - [67] VICTOR.POZEN: Début du Téléchargement de: D:\kerberos.htx\gil.bois\drivers gil\drivers or win\ZTE VoUSB Device\Setup.DIY
[20:21:13] - [67] VICTOR.POZEN: Fichier envoyé: D:\kerberos.htx\gil.bois\drivers gil\drivers or win\ZTE VoUSB Device\Setup.DIY (0,17 K/S -    179 bytes)
[20:21:13] - [68] VICTOR.POZEN: Début du Téléchargement de: D:\kerberos.htx\gil.bois\drivers gil\drivers or win\ZTE VoUSB Device\zteusbvoice.cat
[20:21:13] - [68] VICTOR.POZEN: Fichier envoyé: D:\kerberos.htx\gil.bois\drivers gil\drivers or win\ZTE VoUSB Device\zteusbvoice.cat (14,92 K/S -   15 274 bytes)
[20:21:13] - [67] VICTOR.POZEN: Début du Téléchargement de: D:\kerberos.htx\gil.bois\drivers gil\drivers or win\ZTE VoUSB Device\zteusbvoice.sys
[20:21:13] - [67] VICTOR.POZEN: Fichier envoyé: D:\kerberos.htx\gil.bois\drivers gil\drivers or win\ZTE VoUSB Device\zteusbvoice.sys (102,50 K/S -   104 960 bytes)
[20:21:13] - [68] VICTOR.POZEN: Début du Téléchargement de: D:\kerberos.htx\gil.bois\drivers gil\drivers or win\ZTE Proprietary USB Modem\oem1.inf
[20:21:14] - [68] VICTOR.POZEN: Fichier envoyé: D:\kerberos.htx\gil.bois\drivers gil\drivers or win\ZTE Proprietary USB Modem\oem1.inf (46,79 K/S -   47 914 bytes)
[20:21:14] - [67] VICTOR.POZEN: Début du Téléchargement de: D:\kerberos.htx\gil.bois\drivers gil\drivers or win\ZTE Proprietary USB Modem\Setup.DIY
[20:21:14] - [67] VICTOR.POZEN: Fichier envoyé: D:\kerberos.htx\gil.bois\drivers gil\drivers or win\ZTE Proprietary USB Modem\Setup.DIY (0,17 K/S -    179 bytes)
[20:21:14] - [68] VICTOR.POZEN: Début du Téléchargement de: D:\kerberos.htx\gil.bois\drivers gil\drivers or win\ZTE Proprietary USB Modem\ZTEusbmdm6k.sys
[20:21:14] - [67] VICTOR.POZEN: Début du Téléchargement de: D:\kerberos.htx\gil.bois\drivers gil\drivers or win\ZTE Proprietary USB Modem\ZTEusbmodem.cat
[20:21:14] - [67] VICTOR.POZEN: Fichier envoyé: D:\kerberos.htx\gil.bois\drivers gil\drivers or win\ZTE Proprietary USB Modem\ZTEusbmodem.cat (14,92 K/S -   15 274 bytes)
[20:21:14] - [68] VICTOR.POZEN: Fichier envoyé: D:\kerberos.htx\gil.bois\drivers gil\drivers or win\ZTE Proprietary USB Modem\ZTEusbmdm6k.sys (102,50 K/S -   104 960 bytes)
[20:21:14] - [68] VICTOR.POZEN: Début du Téléchargement de: D:\kerberos.htx\gil.bois\drivers gil\drivers or win\ZTE NMEA Device\Setup.DIY
[20:21:14] - [68] VICTOR.POZEN: Fichier envoyé: D:\kerberos.htx\gil.bois\drivers gil\drivers or win\ZTE NMEA Device\Setup.DIY (0,17 K/S -    179 bytes)
[20:21:14] - [67] VICTOR.POZEN: Début du Téléchargement de: D:\kerberos.htx\gil.bois\drivers gil\drivers or win\ZTE NMEA Device\oem3.inf
[20:21:14] - [67] VICTOR.POZEN: Fichier envoyé: D:\kerberos.htx\gil.bois\drivers gil\drivers or win\ZTE NMEA Device\oem3.inf (4,54 K/S -   4 652 bytes)
[20:21:14] - [68] VICTOR.POZEN: Début du Téléchargement de: D:\kerberos.htx\gil.bois\drivers gil\drivers or win\ZTE NMEA Device\ZTEusbnmea.cat
[20:21:14] - [67] VICTOR.POZEN: Début du Téléchargement de: D:\kerberos.htx\gil.bois\drivers gil\drivers or win\ZTE NMEA Device\ZTEusbnmea.sys
[20:21:14] - [68] VICTOR.POZEN: Fichier envoyé: D:\kerberos.htx\gil.bois\drivers gil\drivers or win\ZTE NMEA Device\ZTEusbnmea.cat (14,91 K/S -   15 270 bytes)
[20:21:14] - [67] VICTOR.POZEN: Fichier envoyé: D:\kerberos.htx\gil.bois\drivers gil\drivers or win\ZTE NMEA Device\ZTEusbnmea.sys (102,88 K/S -   105 344 bytes)
[20:21:15] - [68] VICTOR.POZEN: Début du Téléchargement de: D:\kerberos.htx\gil.bois\drivers gil\drivers or win\ZTE Mass Storage Device\massfilter.sys
[20:21:15] - [67] VICTOR.POZEN: Début du Téléchargement de: D:\kerberos.htx\gil.bois\drivers gil\drivers or win\ZTE Mass Storage Device\oem5.inf
[20:21:15] - [68] VICTOR.POZEN: Fichier envoyé: D:\kerberos.htx\gil.bois\drivers gil\drivers or win\ZTE Mass Storage Device\massfilter.sys (7,50 K/S -   7 680 bytes)
[20:21:15] - [67] VICTOR.POZEN: Fichier envoyé: D:\kerberos.htx\gil.bois\drivers gil\drivers or win\ZTE Mass Storage Device\oem5.inf (2,66 K/S -   2 726 bytes)
[20:21:15] - [67] VICTOR.POZEN: Début du Téléchargement de: D:\kerberos.htx\gil.bois\drivers gil\drivers or win\ZTE Mass Storage Device\Setup.DIY
[20:21:15] - [67] VICTOR.POZEN: Fichier envoyé: D:\kerberos.htx\gil.bois\drivers gil\drivers or win\ZTE Mass Storage Device\Setup.DIY (0,17 K/S -    173 bytes)
[20:21:15] - [68] VICTOR.POZEN: Début du Téléchargement de: D:\kerberos.htx\gil.bois\drivers gil\drivers or win\ZTE Diagnostics Interface\oem0.inf
[20:21:15] - [68] VICTOR.POZEN: Fichier envoyé: D:\kerberos.htx\gil.bois\drivers gil\drivers or win\ZTE Diagnostics Interface\oem0.inf (4,79 K/S -   4 906 bytes)
[20:21:15] - [67] VICTOR.POZEN: Début du Téléchargement de: D:\kerberos.htx\gil.bois\drivers gil\drivers or win\ZTE Diagnostics Interface\Setup.DIY
[20:21:15] - [67] VICTOR.POZEN: Fichier envoyé: D:\kerberos.htx\gil.bois\drivers gil\drivers or win\ZTE Diagnostics Interface\Setup.DIY (0,17 K/S -    179 bytes)
[20:21:15] - [68] VICTOR.POZEN: Début du Téléchargement de: D:\kerberos.htx\gil.bois\drivers gil\drivers or win\ZTE Diagnostics Interface\ZTEusbdiag.cat
[20:21:15] - [68] VICTOR.POZEN: Fichier envoyé: D:\kerberos.htx\gil.bois\drivers gil\drivers or win\ZTE Diagnostics Interface\ZTEusbdiag.cat (14,91 K/S -   15 272 bytes)
[20:21:15] - [67] VICTOR.POZEN: Début du Téléchargement de: D:\kerberos.htx\gil.bois\drivers gil\drivers or win\ZTE Diagnostics Interface\ZTEusbser6k.sys
[20:21:16] - [67] VICTOR.POZEN: Fichier envoyé: D:\kerberos.htx\gil.bois\drivers gil\drivers or win\ZTE Diagnostics Interface\ZTEusbser6k.sys (102,50 K/S -   104 960 bytes)
[20:21:16] - [68] VICTOR.POZEN: Début du Téléchargement de: D:\kerberos.htx\gil.bois\drivers gil\drivers or win\RADEON IGP 320M\ati2dvag.dll
[20:21:16] - [67] VICTOR.POZEN: Début du Téléchargement de: D:\kerberos.htx\gil.bois\drivers gil\drivers or win\RADEON IGP 320M\ati2evxx.dll
[20:21:18] - [67] VICTOR.POZEN: Fichier envoyé: D:\kerberos.htx\gil.bois\drivers gil\drivers or win\RADEON IGP 320M\ati2evxx.dll (44,00 K/S -   90 112 bytes)
[20:21:18] - [68] VICTOR.POZEN: Fichier envoyé: D:\kerberos.htx\gil.bois\drivers gil\drivers or win\RADEON IGP 320M\ati2dvag.dll (147,75 K/S -   302 592 bytes)
[20:21:18] - [67] VICTOR.POZEN: Début du Téléchargement de: D:\kerberos.htx\gil.bois\drivers gil\drivers or win\RADEON IGP 320M\ati2evxx.exe
[20:21:18] - [68] VICTOR.POZEN: Début du Téléchargement de: D:\kerberos.htx\gil.bois\drivers gil\drivers or win\RADEON IGP 320M\Ati2mdxx.exe
[20:21:18] - [68] VICTOR.POZEN: Fichier envoyé: D:\kerberos.htx\gil.bois\drivers gil\drivers or win\RADEON IGP 320M\Ati2mdxx.exe (28,00 K/S -   28 672 bytes)
[20:21:18] - [68] VICTOR.POZEN: Début du Téléchargement de: D:\kerberos.htx\gil.bois\drivers gil\drivers or win\RADEON IGP 320M\ati2mtag.sys
[20:21:19] - [67] VICTOR.POZEN: Fichier envoyé: D:\kerberos.htx\gil.bois\drivers gil\drivers or win\RADEON IGP 320M\ati2evxx.exe (288,00 K/S -   294 912 bytes)
[20:21:19] - [67] VICTOR.POZEN: Début du Téléchargement de: D:\kerberos.htx\gil.bois\drivers gil\drivers or win\RADEON IGP 320M\ati3d1ag.dll
[20:21:19] - [68] VICTOR.POZEN: Fichier envoyé: D:\kerberos.htx\gil.bois\drivers gil\drivers or win\RADEON IGP 320M\ati2mtag.sys (573,50 K/S -   587 264 bytes)
[20:21:20] - [68] VICTOR.POZEN: Début du Téléchargement de: D:\kerberos.htx\gil.bois\drivers gil\drivers or win\RADEON IGP 320M\ati3d2ag.dll
[20:21:21] - [67] VICTOR.POZEN: Fichier envoyé: D:\kerberos.htx\gil.bois\drivers gil\drivers or win\RADEON IGP 320M\ati3d1ag.dll (414,38 K/S -   848 640 bytes)
[20:21:21] - [67] VICTOR.POZEN: Début du Téléchargement de: D:\kerberos.htx\gil.bois\drivers gil\drivers or win\RADEON IGP 320M\ati3duag.dll
[20:21:21] - [68] VICTOR.POZEN: Fichier envoyé: D:\kerberos.htx\gil.bois\drivers gil\drivers or win\RADEON IGP 320M\ati3d2ag.dll (506,00 K/S -  1 036 288 bytes)
[20:21:21] - [68] VICTOR.POZEN: Début du Téléchargement de: D:\kerberos.htx\gil.bois\drivers gil\drivers or win\RADEON IGP 320M\ATIDDC.DLL
[20:21:22] - [68] VICTOR.POZEN: Fichier envoyé: D:\kerberos.htx\gil.bois\drivers gil\drivers or win\RADEON IGP 320M\ATIDDC.DLL (72,00 K/S -   73 728 bytes)
[20:21:22] - [68] VICTOR.POZEN: Début du Téléchargement de: D:\kerberos.htx\gil.bois\drivers gil\drivers or win\RADEON IGP 320M\atiiiexx.dll
[20:21:22] - [68] VICTOR.POZEN: Fichier envoyé: D:\kerberos.htx\gil.bois\drivers gil\drivers or win\RADEON IGP 320M\atiiiexx.dll (224,00 K/S -   229 376 bytes)
[20:21:22] - [68] VICTOR.POZEN: Début du Téléchargement de: D:\kerberos.htx\gil.bois\drivers gil\drivers or win\RADEON IGP 320M\atioglxx.dll
[20:21:23] - [67] VICTOR.POZEN: Fichier envoyé: D:\kerberos.htx\gil.bois\drivers gil\drivers or win\RADEON IGP 320M\ati3duag.dll (530,39 K/S -  1 086 240 bytes)
[20:21:23] - [67] VICTOR.POZEN: Début du Téléchargement de: D:\kerberos.htx\gil.bois\drivers gil\drivers or win\RADEON IGP 320M\atipdlxx.dll
[20:21:23] - [67] VICTOR.POZEN: Fichier envoyé: D:\kerberos.htx\gil.bois\drivers gil\drivers or win\RADEON IGP 320M\atipdlxx.dll (80,00 K/S -   81 920 bytes)
[20:21:23] - [67] VICTOR.POZEN: Début du Téléchargement de: D:\kerberos.htx\gil.bois\drivers gil\drivers or win\RADEON IGP 320M\atitvo32.dll
[20:21:23] - [67] VICTOR.POZEN: Fichier envoyé: D:\kerberos.htx\gil.bois\drivers gil\drivers or win\RADEON IGP 320M\atitvo32.dll (17,00 K/S -   17 408 bytes)
[20:21:23] - [67] VICTOR.POZEN: Début du Téléchargement de: D:\kerberos.htx\gil.bois\drivers gil\drivers or win\RADEON IGP 320M\ativcoxx.dll
[20:21:23] - [67] VICTOR.POZEN: Fichier envoyé: D:\kerberos.htx\gil.bois\drivers gil\drivers or win\RADEON IGP 320M\ativcoxx.dll (23,50 K/S -   24 064 bytes)
[20:21:23] - [67] VICTOR.POZEN: Début du Téléchargement de: D:\kerberos.htx\gil.bois\drivers gil\drivers or win\RADEON IGP 320M\cx_11175.cat
[20:21:23] - [67] VICTOR.POZEN: Fichier envoyé: D:\kerberos.htx\gil.bois\drivers gil\drivers or win\RADEON IGP 320M\cx_11175.cat (13,84 K/S -   14 177 bytes)
[20:21:23] - [67] VICTOR.POZEN: Début du Téléchargement de: D:\kerberos.htx\gil.bois\drivers gil\drivers or win\RADEON IGP 320M\oem11.inf
[20:21:23] - [67] VICTOR.POZEN: Fichier envoyé: D:\kerberos.htx\gil.bois\drivers gil\drivers or win\RADEON IGP 320M\oem11.inf (20,07 K/S -   20 551 bytes)
[20:21:24] - [67] VICTOR.POZEN: Début du Téléchargement de: D:\kerberos.htx\gil.bois\drivers gil\drivers or win\RADEON IGP 320M\Oemdspif.dll
[20:21:24] - [67] VICTOR.POZEN: Fichier envoyé: D:\kerberos.htx\gil.bois\drivers gil\drivers or win\RADEON IGP 320M\Oemdspif.dll (72,00 K/S -   73 728 bytes)
[20:21:24] - [67] VICTOR.POZEN: Début du Téléchargement de: D:\kerberos.htx\gil.bois\drivers gil\drivers or win\RADEON IGP 320M\Setup.DIY
[20:21:24] - [67] VICTOR.POZEN: Fichier envoyé: D:\kerberos.htx\gil.bois\drivers gil\drivers or win\RADEON IGP 320M\Setup.DIY (0,19 K/S -    190 bytes)
[20:21:24] - [67] VICTOR.POZEN: Début du Téléchargement de: D:\kerberos.htx\gil.bois\drivers gil\drivers or win\D-Link DWA-131 Wireless N Nano USB Adapter(rev.E)\DRTWlanU_XP.sys
[20:21:28] - [67] VICTOR.POZEN: Fichier envoyé: D:\kerberos.htx\gil.bois\drivers gil\drivers or win\D-Link DWA-131 Wireless N Nano USB Adapter(rev.E)\DRTWlanU_XP.sys (505,09 K/S -  2 586 072 bytes)
[20:21:29] - [67] VICTOR.POZEN: Début du Téléchargement de: D:\kerberos.htx\gil.bois\drivers gil\drivers or win\D-Link DWA-131 Wireless N Nano USB Adapter(rev.E)\oem8.inf
[20:21:29] - [67] VICTOR.POZEN: Fichier envoyé: D:\kerberos.htx\gil.bois\drivers gil\drivers or win\D-Link DWA-131 Wireless N Nano USB Adapter(rev.E)\oem8.inf (26,92 K/S -   27 564 bytes)
[20:21:29] - [67] VICTOR.POZEN: Début du Téléchargement de: D:\kerberos.htx\gil.bois\drivers gil\drivers or win\D-Link DWA-131 Wireless N Nano USB Adapter(rev.E)\Setup.DIY
[20:21:29] - [67] VICTOR.POZEN: Fichier envoyé: D:\kerberos.htx\gil.bois\drivers gil\drivers or win\D-Link DWA-131 Wireless N Nano USB Adapter(rev.E)\Setup.DIY (0,17 K/S -    173 bytes)
[20:21:29] - [67] VICTOR.POZEN: Début du Téléchargement de: D:\kerberos.htx\gil.bois\drivers gil\drivers or win\ATI U1 A3 Accelerated Graphics Port\atisgkaf.cat
[20:21:29] - [67] VICTOR.POZEN: Fichier envoyé: D:\kerberos.htx\gil.bois\drivers gil\drivers or win\ATI U1 A3 Accelerated Graphics Port\atisgkaf.cat (7,54 K/S -   7 716 bytes)
[20:21:29] - [67] VICTOR.POZEN: Début du Téléchargement de: D:\kerberos.htx\gil.bois\drivers gil\drivers or win\ATI U1 A3 Accelerated Graphics Port\atisgkaf.SYS
[20:21:29] - [67] VICTOR.POZEN: Fichier envoyé: D:\kerberos.htx\gil.bois\drivers gil\drivers or win\ATI U1 A3 Accelerated Graphics Port\atisgkaf.SYS (23,02 K/S -   23 570 bytes)
[20:21:29] - [67] VICTOR.POZEN: Début du Téléchargement de: D:\kerberos.htx\gil.bois\drivers gil\drivers or win\ATI U1 A3 Accelerated Graphics Port\oem9.inf
[20:21:29] - [67] VICTOR.POZEN: Fichier envoyé: D:\kerberos.htx\gil.bois\drivers gil\drivers or win\ATI U1 A3 Accelerated Graphics Port\oem9.inf (2,69 K/S -   2 756 bytes)
[20:21:29] - [67] VICTOR.POZEN: Début du Téléchargement de: D:\kerberos.htx\gil.bois\drivers gil\drivers or win\ATI U1 A3 Accelerated Graphics Port\Setup.DIY
[20:21:29] - [67] VICTOR.POZEN: Fichier envoyé: D:\kerberos.htx\gil.bois\drivers gil\drivers or win\ATI U1 A3 Accelerated Graphics Port\Setup.DIY (0,17 K/S -    173 bytes)
[20:21:30] - [68] VICTOR.POZEN: Fichier envoyé: D:\kerberos.htx\gil.bois\drivers gil\drivers or win\RADEON IGP 320M\atioglxx.dll (669,14 K/S -  4 796 416 bytes)
[20:21:30] - [67] VICTOR.POZEN: Début du Téléchargement de: D:\kerberos.htx\gil.bois\drivers gil\drivers\Énumérateur de périphérique logiciel Plug-and-Play\machine.inf
[20:21:30] - [68] VICTOR.POZEN: Début du Téléchargement de: D:\kerberos.htx\gil.bois\drivers gil\drivers\Énumérateur de périphérique logiciel Plug-and-Play\Setup.DIY
[20:21:30] - [68] VICTOR.POZEN: Fichier envoyé: D:\kerberos.htx\gil.bois\drivers gil\drivers\Énumérateur de périphérique logiciel Plug-and-Play\Setup.DIY (0,16 K/S -    166 bytes)
[20:21:30] - [67] VICTOR.POZEN: Fichier envoyé: D:\kerberos.htx\gil.bois\drivers gil\drivers\Énumérateur de périphérique logiciel Plug-and-Play\machine.inf (169,78 K/S -   173 854 bytes)
[20:21:30] - [68] VICTOR.POZEN: Début du Téléchargement de: D:\kerberos.htx\gil.bois\drivers gil\drivers\ZTE Wireless Ethernet Adapter\oem2.inf
[20:21:30] - [68] VICTOR.POZEN: Fichier envoyé: D:\kerberos.htx\gil.bois\drivers gil\drivers\ZTE Wireless Ethernet Adapter\oem2.inf (5,70 K/S -   5 834 bytes)
[20:21:30] - [67] VICTOR.POZEN: Début du Téléchargement de: D:\kerberos.htx\gil.bois\drivers gil\drivers\ZTE Wireless Ethernet Adapter\Setup.DIY
[20:21:30] - [67] VICTOR.POZEN: Fichier envoyé: D:\kerberos.htx\gil.bois\drivers gil\drivers\ZTE Wireless Ethernet Adapter\Setup.DIY (0,17 K/S -    179 bytes)
[20:21:30] - [68] VICTOR.POZEN: Début du Téléchargement de: D:\kerberos.htx\gil.bois\drivers gil\drivers\ZTE Wireless Ethernet Adapter\ZTENetCard.cat
[20:21:30] - [68] VICTOR.POZEN: Fichier envoyé: D:\kerberos.htx\gil.bois\drivers gil\drivers\ZTE Wireless Ethernet Adapter\ZTENetCard.cat (14,91 K/S -   15 266 bytes)
[20:21:30] - [67] VICTOR.POZEN: Début du Téléchargement de: D:\kerberos.htx\gil.bois\drivers gil\drivers\ZTE Wireless Ethernet Adapter\ZTEusbnet.sys
[20:21:30] - [68] VICTOR.POZEN: Début du Téléchargement de: D:\kerberos.htx\gil.bois\drivers gil\drivers\ZTE VoUSB Device\oem4.inf
[20:21:30] - [68] VICTOR.POZEN: Fichier envoyé: D:\kerberos.htx\gil.bois\drivers gil\drivers\ZTE VoUSB Device\oem4.inf (2,37 K/S -   2 422 bytes)
[20:21:30] - [67] VICTOR.POZEN: Fichier envoyé: D:\kerberos.htx\gil.bois\drivers gil\drivers\ZTE Wireless Ethernet Adapter\ZTEusbnet.sys (107,50 K/S -   110 080 bytes)
[20:21:30] - [68] VICTOR.POZEN: Début du Téléchargement de: D:\kerberos.htx\gil.bois\drivers gil\drivers\ZTE VoUSB Device\Setup.DIY
[20:21:30] - [68] VICTOR.POZEN: Fichier envoyé: D:\kerberos.htx\gil.bois\drivers gil\drivers\ZTE VoUSB Device\Setup.DIY (0,17 K/S -    179 bytes)
[20:21:30] - [67] VICTOR.POZEN: Début du Téléchargement de: D:\kerberos.htx\gil.bois\drivers gil\drivers\ZTE VoUSB Device\zteusbvoice.cat
[20:21:31] - [67] VICTOR.POZEN: Fichier envoyé: D:\kerberos.htx\gil.bois\drivers gil\drivers\ZTE VoUSB Device\zteusbvoice.cat (14,92 K/S -   15 274 bytes)
[20:21:31] - [68] VICTOR.POZEN: Début du Téléchargement de: D:\kerberos.htx\gil.bois\drivers gil\drivers\ZTE VoUSB Device\zteusbvoice.sys
[20:21:31] - [67] VICTOR.POZEN: Début du Téléchargement de: D:\kerberos.htx\gil.bois\drivers gil\drivers\ZTE Proprietary USB Modem\oem1.inf
[20:21:31] - [68] VICTOR.POZEN: Fichier envoyé: D:\kerberos.htx\gil.bois\drivers gil\drivers\ZTE VoUSB Device\zteusbvoice.sys (102,50 K/S -   104 960 bytes)
[20:21:31] - [67] VICTOR.POZEN: Fichier envoyé: D:\kerberos.htx\gil.bois\drivers gil\drivers\ZTE Proprietary USB Modem\oem1.inf (46,79 K/S -   47 914 bytes)
[20:21:31] - [68] VICTOR.POZEN: Début du Téléchargement de: D:\kerberos.htx\gil.bois\drivers gil\drivers\ZTE Proprietary USB Modem\Setup.DIY
[20:21:31] - [68] VICTOR.POZEN: Fichier envoyé: D:\kerberos.htx\gil.bois\drivers gil\drivers\ZTE Proprietary USB Modem\Setup.DIY (0,17 K/S -    179 bytes)
[20:21:31] - [67] VICTOR.POZEN: Début du Téléchargement de: D:\kerberos.htx\gil.bois\drivers gil\drivers\ZTE Proprietary USB Modem\ZTEusbmdm6k.sys
[20:21:31] - [68] VICTOR.POZEN: Début du Téléchargement de: D:\kerberos.htx\gil.bois\drivers gil\drivers\ZTE Proprietary USB Modem\ZTEusbmodem.cat
[20:21:31] - [68] VICTOR.POZEN: Fichier envoyé: D:\kerberos.htx\gil.bois\drivers gil\drivers\ZTE Proprietary USB Modem\ZTEusbmodem.cat (14,92 K/S -   15 274 bytes)
[20:21:31] - [67] VICTOR.POZEN: Fichier envoyé: D:\kerberos.htx\gil.bois\drivers gil\drivers\ZTE Proprietary USB Modem\ZTEusbmdm6k.sys (102,50 K/S -   104 960 bytes)
[20:21:31] - [67] VICTOR.POZEN: Début du Téléchargement de: D:\kerberos.htx\gil.bois\drivers gil\drivers\ZTE NMEA Device\Setup.DIY
[20:21:31] - [67] VICTOR.POZEN: Fichier envoyé: D:\kerberos.htx\gil.bois\drivers gil\drivers\ZTE NMEA Device\Setup.DIY (0,17 K/S -    179 bytes)
[20:21:31] - [68] VICTOR.POZEN: Début du Téléchargement de: D:\kerberos.htx\gil.bois\drivers gil\drivers\ZTE NMEA Device\oem3.inf
[20:21:31] - [68] VICTOR.POZEN: Fichier envoyé: D:\kerberos.htx\gil.bois\drivers gil\drivers\ZTE NMEA Device\oem3.inf (4,54 K/S -   4 652 bytes)
[20:21:31] - [67] VICTOR.POZEN: Début du Téléchargement de: D:\kerberos.htx\gil.bois\drivers gil\drivers\ZTE NMEA Device\ZTEusbnmea.cat
[20:21:32] - [68] VICTOR.POZEN: Début du Téléchargement de: D:\kerberos.htx\gil.bois\drivers gil\drivers\ZTE NMEA Device\ZTEusbnmea.sys
[20:21:32] - [67] VICTOR.POZEN: Fichier envoyé: D:\kerberos.htx\gil.bois\drivers gil\drivers\ZTE NMEA Device\ZTEusbnmea.cat (14,91 K/S -   15 270 bytes)
[20:21:32] - [68] VICTOR.POZEN: Fichier envoyé: D:\kerberos.htx\gil.bois\drivers gil\drivers\ZTE NMEA Device\ZTEusbnmea.sys (102,88 K/S -   105 344 bytes)
[20:21:32] - [67] VICTOR.POZEN: Début du Téléchargement de: D:\kerberos.htx\gil.bois\drivers gil\drivers\ZTE Mass Storage Device\massfilter.sys
[20:21:32] - [67] VICTOR.POZEN: Fichier envoyé: D:\kerberos.htx\gil.bois\drivers gil\drivers\ZTE Mass Storage Device\massfilter.sys (7,50 K/S -   7 680 bytes)
[20:21:32] - [68] VICTOR.POZEN: Début du Téléchargement de: D:\kerberos.htx\gil.bois\drivers gil\drivers\ZTE Mass Storage Device\oem5.inf
[20:21:32] - [68] VICTOR.POZEN: Fichier envoyé: D:\kerberos.htx\gil.bois\drivers gil\drivers\ZTE Mass Storage Device\oem5.inf (2,66 K/S -   2 726 bytes)
[20:21:32] - [67] VICTOR.POZEN: Début du Téléchargement de: D:\kerberos.htx\gil.bois\drivers gil\drivers\ZTE Mass Storage Device\Setup.DIY
[20:21:32] - [67] VICTOR.POZEN: Fichier envoyé: D:\kerberos.htx\gil.bois\drivers gil\drivers\ZTE Mass Storage Device\Setup.DIY (0,17 K/S -    173 bytes)
[20:21:32] - [68] VICTOR.POZEN: Début du Téléchargement de: D:\kerberos.htx\gil.bois\drivers gil\drivers\ZTE Diagnostics Interface\oem0.inf
[20:21:32] - [68] VICTOR.POZEN: Fichier envoyé: D:\kerberos.htx\gil.bois\drivers gil\drivers\ZTE Diagnostics Interface\oem0.inf (4,79 K/S -   4 906 bytes)
[20:21:33] - [68] VICTOR.POZEN: Début du Téléchargement de: D:\kerberos.htx\gil.bois\drivers gil\drivers\ZTE Diagnostics Interface\ZTEusbdiag.cat
[20:21:33] - [67] VICTOR.POZEN: Début du Téléchargement de: D:\kerberos.htx\gil.bois\drivers gil\drivers\ZTE Diagnostics Interface\Setup.DIY
[20:21:33] - [67] VICTOR.POZEN: Fichier envoyé: D:\kerberos.htx\gil.bois\drivers gil\drivers\ZTE Diagnostics Interface\Setup.DIY (0,17 K/S -    179 bytes)
[20:21:33] - [68] VICTOR.POZEN: Fichier envoyé: D:\kerberos.htx\gil.bois\drivers gil\drivers\ZTE Diagnostics Interface\ZTEusbdiag.cat (14,91 K/S -   15 272 bytes)
[20:21:33] - [68] VICTOR.POZEN: Début du Téléchargement de: D:\kerberos.htx\gil.bois\drivers gil\drivers\Zone thermique ACPI\machine.inf
[20:21:33] - [67] VICTOR.POZEN: Début du Téléchargement de: D:\kerberos.htx\gil.bois\drivers gil\drivers\ZTE Diagnostics Interface\ZTEusbser6k.sys
[20:21:33] - [67] VICTOR.POZEN: Fichier envoyé: D:\kerberos.htx\gil.bois\drivers gil\drivers\ZTE Diagnostics Interface\ZTEusbser6k.sys (102,50 K/S -   104 960 bytes)
[20:21:33] - [68] VICTOR.POZEN: Fichier envoyé: D:\kerberos.htx\gil.bois\drivers gil\drivers\Zone thermique ACPI\machine.inf (169,78 K/S -   173 854 bytes)
[20:21:33] - [67] VICTOR.POZEN: Début du Téléchargement de: D:\kerberos.htx\gil.bois\drivers gil\drivers\Zone thermique ACPI\Setup.DIY
[20:21:33] - [67] VICTOR.POZEN: Fichier envoyé: D:\kerberos.htx\gil.bois\drivers gil\drivers\Zone thermique ACPI\Setup.DIY (0,17 K/S -    171 bytes)
[20:21:33] - [68] VICTOR.POZEN: Début du Téléchargement de: D:\kerberos.htx\gil.bois\drivers gil\drivers\Volume générique\Setup.DIY
[20:21:33] - [68] VICTOR.POZEN: Fichier envoyé: D:\kerberos.htx\gil.bois\drivers gil\drivers\Volume générique\Setup.DIY (0,16 K/S -    168 bytes)
[20:21:34] - [67] VICTOR.POZEN: Début du Téléchargement de: D:\kerberos.htx\gil.bois\drivers gil\drivers\Volume générique\volume.inf
[20:21:34] - [67] VICTOR.POZEN: Fichier envoyé: D:\kerberos.htx\gil.bois\drivers gil\drivers\Volume générique\volume.inf (2,01 K/S -   2 054 bytes)
[20:21:34] - [68] VICTOR.POZEN: Début du Téléchargement de: D:\kerberos.htx\gil.bois\drivers gil\drivers\Système compatible ACPI Microsoft\acpi.inf
[20:21:34] - [68] VICTOR.POZEN: Fichier envoyé: D:\kerberos.htx\gil.bois\drivers gil\drivers\Système compatible ACPI Microsoft\acpi.inf (9,35 K/S -   9 572 bytes)
[20:21:34] - [67] VICTOR.POZEN: Début du Téléchargement de: D:\kerberos.htx\gil.bois\drivers gil\drivers\Système compatible ACPI Microsoft\Setup.DIY
[20:21:34] - [67] VICTOR.POZEN: Fichier envoyé: D:\kerberos.htx\gil.bois\drivers gil\drivers\Système compatible ACPI Microsoft\Setup.DIY (0,16 K/S -    159 bytes)
[20:21:34] - [68] VICTOR.POZEN: Début du Téléchargement de: D:\kerberos.htx\gil.bois\drivers gil\drivers\Synthétiseur DLS du noyau Microsoft\Setup.DIY
[20:21:34] - [68] VICTOR.POZEN: Fichier envoyé: D:\kerberos.htx\gil.bois\drivers gil\drivers\Synthétiseur DLS du noyau Microsoft\Setup.DIY (0,19 K/S -    199 bytes)
[20:21:34] - [67] VICTOR.POZEN: Début du Téléchargement de: D:\kerberos.htx\gil.bois\drivers gil\drivers\Synthétiseur DLS du noyau Microsoft\wdmaudio.inf
[20:21:34] - [67] VICTOR.POZEN: Fichier envoyé: D:\kerberos.htx\gil.bois\drivers gil\drivers\Synthétiseur DLS du noyau Microsoft\wdmaudio.inf (46,50 K/S -   47 614 bytes)
[20:21:34] - [68] VICTOR.POZEN: Début du Téléchargement de: D:\kerberos.htx\gil.bois\drivers gil\drivers\Synthétiseur de table de sons GC noyau Microsoft\Setup.DIY
[20:21:34] - [68] VICTOR.POZEN: Fichier envoyé: D:\kerberos.htx\gil.bois\drivers gil\drivers\Synthétiseur de table de sons GC noyau Microsoft\Setup.DIY (0,19 K/S -    199 bytes)
[20:21:34] - [67] VICTOR.POZEN: Début du Téléchargement de: D:\kerberos.htx\gil.bois\drivers gil\drivers\Synthétiseur de table de sons GC noyau Microsoft\wdmaudio.inf
[20:21:34] - [67] VICTOR.POZEN: Fichier envoyé: D:\kerberos.htx\gil.bois\drivers gil\drivers\Synthétiseur de table de sons GC noyau Microsoft\wdmaudio.inf (46,50 K/S -   47 614 bytes)
[20:21:35] - [68] VICTOR.POZEN: Début du Téléchargement de: D:\kerberos.htx\gil.bois\drivers gil\drivers\Suppresseur d'écho acoustique (Noyau Microsoft)\Setup.DIY
[20:21:35] - [68] VICTOR.POZEN: Fichier envoyé: D:\kerberos.htx\gil.bois\drivers gil\drivers\Suppresseur d'écho acoustique (Noyau Microsoft)\Setup.DIY (0,19 K/S -    199 bytes)
[20:21:35] - [67] VICTOR.POZEN: Début du Téléchargement de: D:\kerberos.htx\gil.bois\drivers gil\drivers\Suppresseur d'écho acoustique (Noyau Microsoft)\wdmaudio.inf
[20:21:35] - [68] VICTOR.POZEN: Début du Téléchargement de: D:\kerberos.htx\gil.bois\drivers gil\drivers\Splitter audio du noyau Microsoft\Setup.DIY
[20:21:35] - [68] VICTOR.POZEN: Fichier envoyé: D:\kerberos.htx\gil.bois\drivers gil\drivers\Splitter audio du noyau Microsoft\Setup.DIY (0,19 K/S -    199 bytes)
[20:21:35] - [67] VICTOR.POZEN: Fichier envoyé: D:\kerberos.htx\gil.bois\drivers gil\drivers\Suppresseur d'écho acoustique (Noyau Microsoft)\wdmaudio.inf (46,50 K/S -   47 614 bytes)
[20:21:35] - [68] VICTOR.POZEN: Début du Téléchargement de: D:\kerberos.htx\gil.bois\drivers gil\drivers\Splitter audio du noyau Microsoft\wdmaudio.inf
[20:21:35] - [68] VICTOR.POZEN: Fichier envoyé: D:\kerberos.htx\gil.bois\drivers gil\drivers\Splitter audio du noyau Microsoft\wdmaudio.inf (46,50 K/S -   47 614 bytes)
[20:21:35] - [67] VICTOR.POZEN: Début du Téléchargement de: D:\kerberos.htx\gil.bois\drivers gil\drivers\Souris HID\msmouse.inf
[20:21:35] - [67] VICTOR.POZEN: Fichier envoyé: D:\kerberos.htx\gil.bois\drivers gil\drivers\Souris HID\msmouse.inf (62,95 K/S -   64 462 bytes)
[20:21:36] - [67] VICTOR.POZEN: Début du Téléchargement de: D:\kerberos.htx\gil.bois\drivers gil\drivers\Souris compatible PS 2\msmouse.inf
[20:21:36] - [67] VICTOR.POZEN: Fichier envoyé: D:\kerberos.htx\gil.bois\drivers gil\drivers\Souris compatible PS 2\msmouse.inf (62,95 K/S -   64 462 bytes)
[20:21:36] - [67] VICTOR.POZEN: Début du Téléchargement de: D:\kerberos.htx\gil.bois\drivers gil\drivers\Souris compatible PS 2\Setup.DIY
[20:21:36] - [67] VICTOR.POZEN: Fichier envoyé: D:\kerberos.htx\gil.bois\drivers gil\drivers\Souris compatible PS 2\Setup.DIY (0,16 K/S -    162 bytes)
[20:21:36] - [67] VICTOR.POZEN: Début du Téléchargement de: D:\kerberos.htx\gil.bois\drivers gil\drivers\Ressources de la carte mère\machine.inf
[20:21:36] - [67] VICTOR.POZEN: Fichier envoyé: D:\kerberos.htx\gil.bois\drivers gil\drivers\Ressources de la carte mère\machine.inf (169,78 K/S -   173 854 bytes)
[20:21:37] - [67] VICTOR.POZEN: Début du Téléchargement de: D:\kerberos.htx\gil.bois\drivers gil\drivers\Ressources de la carte mère\Setup.DIY
[20:21:37] - [67] VICTOR.POZEN: Fichier envoyé: D:\kerberos.htx\gil.bois\drivers gil\drivers\Ressources de la carte mère\Setup.DIY (0,16 K/S -    162 bytes)
[20:21:37] - [67] VICTOR.POZEN: Début du Téléchargement de: D:\kerberos.htx\gil.bois\drivers gil\drivers\Redirecteur de périphérique Terminal Server\machine.inf
[20:21:37] - [67] VICTOR.POZEN: Fichier envoyé: D:\kerberos.htx\gil.bois\drivers gil\drivers\Redirecteur de périphérique Terminal Server\machine.inf (169,78 K/S -   173 854 bytes)
[20:21:37] - [67] VICTOR.POZEN: Début du Téléchargement de: D:\kerberos.htx\gil.bois\drivers gil\drivers\Redirecteur de périphérique Terminal Server\Setup.DIY
[20:21:37] - [67] VICTOR.POZEN: Fichier envoyé: D:\kerberos.htx\gil.bois\drivers gil\drivers\Redirecteur de périphérique Terminal Server\Setup.DIY (0,16 K/S -    165 bytes)
[20:21:37] - [67] VICTOR.POZEN: Début du Téléchargement de: D:\kerberos.htx\gil.bois\drivers gil\drivers\RADEON IGP 320M\ati2dvag.dll
[20:21:38] - [68] VICTOR.POZEN: Début du Téléchargement de: D:\kerberos.htx\gil.bois\drivers gil\drivers\Souris HID\Setup.DIY
[20:21:38] - [68] VICTOR.POZEN: Fichier envoyé: D:\kerberos.htx\gil.bois\drivers gil\drivers\Souris HID\Setup.DIY (0,17 K/S -    177 bytes)
[20:21:38] - [67] VICTOR.POZEN: Fichier envoyé: D:\kerberos.htx\gil.bois\drivers gil\drivers\RADEON IGP 320M\ati2dvag.dll (295,50 K/S -   302 592 bytes)
[20:21:38] - [68] VICTOR.POZEN: Début du Téléchargement de: D:\kerberos.htx\gil.bois\drivers gil\drivers\RADEON IGP 320M\ati2evxx.exe
[20:21:38] - [67] VICTOR.POZEN: Début du Téléchargement de: D:\kerberos.htx\gil.bois\drivers gil\drivers\RADEON IGP 320M\ati2evxx.dll
[20:21:40] - [67] VICTOR.POZEN: Fichier envoyé: D:\kerberos.htx\gil.bois\drivers gil\drivers\RADEON IGP 320M\ati2evxx.dll (88,00 K/S -   90 112 bytes)
[20:21:40] - [68] VICTOR.POZEN: Fichier envoyé: D:\kerberos.htx\gil.bois\drivers gil\drivers\RADEON IGP 320M\ati2evxx.exe (144,00 K/S -   294 912 bytes)
[20:21:40] - [67] VICTOR.POZEN: Début du Téléchargement de: D:\kerberos.htx\gil.bois\drivers gil\drivers\RADEON IGP 320M\Ati2mdxx.exe
[20:21:40] - [67] VICTOR.POZEN: Fichier envoyé: D:\kerberos.htx\gil.bois\drivers gil\drivers\RADEON IGP 320M\Ati2mdxx.exe (28,00 K/S -   28 672 bytes)
[20:21:40] - [67] VICTOR.POZEN: Début du Téléchargement de: D:\kerberos.htx\gil.bois\drivers gil\drivers\RADEON IGP 320M\ati3d1ag.dll
[20:21:41] - [68] VICTOR.POZEN: Début du Téléchargement de: D:\kerberos.htx\gil.bois\drivers gil\drivers\RADEON IGP 320M\ati2mtag.sys
[20:21:42] - [68] VICTOR.POZEN: Fichier envoyé: D:\kerberos.htx\gil.bois\drivers gil\drivers\RADEON IGP 320M\ati2mtag.sys (573,50 K/S -   587 264 bytes)
[20:21:42] - [67] VICTOR.POZEN: Fichier envoyé: D:\kerberos.htx\gil.bois\drivers gil\drivers\RADEON IGP 320M\ati3d1ag.dll (828,75 K/S -   848 640 bytes)
[20:21:42] - [68] VICTOR.POZEN: Début du Téléchargement de: D:\kerberos.htx\gil.bois\drivers gil\drivers\RADEON IGP 320M\ati3d2ag.dll
[20:21:43] - [67] VICTOR.POZEN: Début du Téléchargement de: D:\kerberos.htx\gil.bois\drivers gil\drivers\RADEON IGP 320M\ati3duag.dll
[20:21:45] - [68] VICTOR.POZEN: Fichier envoyé: D:\kerberos.htx\gil.bois\drivers gil\drivers\RADEON IGP 320M\ati3d2ag.dll (337,33 K/S -  1 036 288 bytes)
[20:21:45] - [68] VICTOR.POZEN: Début du Téléchargement de: D:\kerberos.htx\gil.bois\drivers gil\drivers\RADEON IGP 320M\ATIDDC.DLL
[20:21:45] - [68] VICTOR.POZEN: Fichier envoyé: D:\kerberos.htx\gil.bois\drivers gil\drivers\RADEON IGP 320M\ATIDDC.DLL (72,00 K/S -   73 728 bytes)
[20:21:45] - [67] VICTOR.POZEN: Fichier envoyé: D:\kerberos.htx\gil.bois\drivers gil\drivers\RADEON IGP 320M\ati3duag.dll (1 060,78 K/S -  1 086 240 bytes)
[20:21:45] - [67] VICTOR.POZEN: Début du Téléchargement de: D:\kerberos.htx\gil.bois\drivers gil\drivers\RADEON IGP 320M\atioglxx.dll
[20:21:46] - [68] VICTOR.POZEN: Début du Téléchargement de: D:\kerberos.htx\gil.bois\drivers gil\drivers\RADEON IGP 320M\atiiiexx.dll
[20:21:46] - [68] VICTOR.POZEN: Fichier envoyé: D:\kerberos.htx\gil.bois\drivers gil\drivers\RADEON IGP 320M\atiiiexx.dll (224,00 K/S -   229 376 bytes)
[20:21:46] - [68] VICTOR.POZEN: Début du Téléchargement de: D:\kerberos.htx\gil.bois\drivers gil\drivers\RADEON IGP 320M\atipdlxx.dll
[20:21:46] - [68] VICTOR.POZEN: Fichier envoyé: D:\kerberos.htx\gil.bois\drivers gil\drivers\RADEON IGP 320M\atipdlxx.dll (80,00 K/S -   81 920 bytes)
[20:21:46] - [68] VICTOR.POZEN: Début du Téléchargement de: D:\kerberos.htx\gil.bois\drivers gil\drivers\RADEON IGP 320M\atitvo32.dll
[20:21:47] - [68] VICTOR.POZEN: Fichier envoyé: D:\kerberos.htx\gil.bois\drivers gil\drivers\RADEON IGP 320M\atitvo32.dll (17,00 K/S -   17 408 bytes)
[20:21:47] - [68] VICTOR.POZEN: Début du Téléchargement de: D:\kerberos.htx\gil.bois\drivers gil\drivers\RADEON IGP 320M\ativcoxx.dll
[20:21:47] - [68] VICTOR.POZEN: Fichier envoyé: D:\kerberos.htx\gil.bois\drivers gil\drivers\RADEON IGP 320M\ativcoxx.dll (23,50 K/S -   24 064 bytes)
[20:21:47] - [68] VICTOR.POZEN: Début du Téléchargement de: D:\kerberos.htx\gil.bois\drivers gil\drivers\RADEON IGP 320M\cx_11175.cat
[20:21:47] - [68] VICTOR.POZEN: Fichier envoyé: D:\kerberos.htx\gil.bois\drivers gil\drivers\RADEON IGP 320M\cx_11175.cat (13,84 K/S -   14 177 bytes)
[20:21:47] - [68] VICTOR.POZEN: Début du Téléchargement de: D:\kerberos.htx\gil.bois\drivers gil\drivers\RADEON IGP 320M\oem11.inf
[20:21:47] - [68] VICTOR.POZEN: Fichier envoyé: D:\kerberos.htx\gil.bois\drivers gil\drivers\RADEON IGP 320M\oem11.inf (20,07 K/S -   20 551 bytes)
[20:21:47] - [68] VICTOR.POZEN: Début du Téléchargement de: D:\kerberos.htx\gil.bois\drivers gil\drivers\RADEON IGP 320M\Oemdspif.dll
[20:21:47] - [68] VICTOR.POZEN: Fichier envoyé: D:\kerberos.htx\gil.bois\drivers gil\drivers\RADEON IGP 320M\Oemdspif.dll (72,00 K/S -   73 728 bytes)
[20:21:47] - [68] VICTOR.POZEN: Début du Téléchargement de: D:\kerberos.htx\gil.bois\drivers gil\drivers\RADEON IGP 320M\Setup.DIY
[20:21:47] - [68] VICTOR.POZEN: Fichier envoyé: D:\kerberos.htx\gil.bois\drivers gil\drivers\RADEON IGP 320M\Setup.DIY (0,19 K/S -    190 bytes)
[20:21:48] - [68] VICTOR.POZEN: Début du Téléchargement de: D:\kerberos.htx\gil.bois\drivers gil\drivers\Périphériques MCI\Setup.DIY
[20:21:48] - [68] VICTOR.POZEN: Fichier envoyé: D:\kerberos.htx\gil.bois\drivers gil\drivers\Périphériques MCI\Setup.DIY (0,16 K/S -    159 bytes)
[20:21:48] - [68] VICTOR.POZEN: Début du Téléchargement de: D:\kerberos.htx\gil.bois\drivers gil\drivers\Périphériques MCI\wave.inf
[20:21:48] - [68] VICTOR.POZEN: Fichier envoyé: D:\kerberos.htx\gil.bois\drivers gil\drivers\Périphériques MCI\wave.inf (7,04 K/S -   7 214 bytes)
[20:21:48] - [68] VICTOR.POZEN: Début du Téléchargement de: D:\kerberos.htx\gil.bois\drivers gil\drivers\Périphériques de capture vidéo hérités\Setup.DIY
[20:21:48] - [68] VICTOR.POZEN: Fichier envoyé: D:\kerberos.htx\gil.bois\drivers gil\drivers\Périphériques de capture vidéo hérités\Setup.DIY (0,16 K/S -    159 bytes)
[20:21:48] - [68] VICTOR.POZEN: Début du Téléchargement de: D:\kerberos.htx\gil.bois\drivers gil\drivers\Périphériques de capture vidéo hérités\wave.inf
[20:21:48] - [68] VICTOR.POZEN: Fichier envoyé: D:\kerberos.htx\gil.bois\drivers gil\drivers\Périphériques de capture vidéo hérités\wave.inf (7,04 K/S -   7 214 bytes)
[20:21:48] - [68] VICTOR.POZEN: Début du Téléchargement de: D:\kerberos.htx\gil.bois\drivers gil\drivers\Périphérique USB composite\Setup.DIY
[20:21:48] - [68] VICTOR.POZEN: Fichier envoyé: D:\kerberos.htx\gil.bois\drivers gil\drivers\Périphérique USB composite\Setup.DIY (0,16 K/S -    164 bytes)
[20:21:48] - [68] VICTOR.POZEN: Début du Téléchargement de: D:\kerberos.htx\gil.bois\drivers gil\drivers\Périphérique USB composite\usb.inf
[20:21:49] - [68] VICTOR.POZEN: Fichier envoyé: D:\kerberos.htx\gil.bois\drivers gil\drivers\Périphérique USB composite\usb.inf (41,44 K/S -   42 438 bytes)
[20:21:49] - [68] VICTOR.POZEN: Début du Téléchargement de: D:\kerberos.htx\gil.bois\drivers gil\drivers\Périphérique inconnu\Setup.DIY
[20:21:49] - [68] VICTOR.POZEN: Fichier envoyé: D:\kerberos.htx\gil.bois\drivers gil\drivers\Périphérique inconnu\Setup.DIY (0,16 K/S -    162 bytes)
[20:21:49] - [68] VICTOR.POZEN: Début du Téléchargement de: D:\kerberos.htx\gil.bois\drivers gil\drivers\Périphérique inconnu\usb.inf
[20:21:49] - [68] VICTOR.POZEN: Fichier envoyé: D:\kerberos.htx\gil.bois\drivers gil\drivers\Périphérique inconnu\usb.inf (41,44 K/S -   42 438 bytes)
[20:21:49] - [68] VICTOR.POZEN: Début du Téléchargement de: D:\kerberos.htx\gil.bois\drivers gil\drivers\Périphérique de stockage de masse USB\Setup.DIY
[20:21:49] - [68] VICTOR.POZEN: Fichier envoyé: D:\kerberos.htx\gil.bois\drivers gil\drivers\Périphérique de stockage de masse USB\Setup.DIY (0,18 K/S -    187 bytes)
[20:21:49] - [68] VICTOR.POZEN: Début du Téléchargement de: D:\kerberos.htx\gil.bois\drivers gil\drivers\Périphérique de stockage de masse USB\usbstor.inf
[20:21:49] - [68] VICTOR.POZEN: Fichier envoyé: D:\kerberos.htx\gil.bois\drivers gil\drivers\Périphérique de stockage de masse USB\usbstor.inf (29,38 K/S -   30 086 bytes)
[20:21:49] - [68] VICTOR.POZEN: Début du Téléchargement de: D:\kerberos.htx\gil.bois\drivers gil\drivers\Périphérique de mise à jour microcode\machine.inf
[20:21:50] - [68] VICTOR.POZEN: Fichier envoyé: D:\kerberos.htx\gil.bois\drivers gil\drivers\Périphérique de mise à jour microcode\machine.inf (169,78 K/S -   173 854 bytes)
[20:21:50] - [68] VICTOR.POZEN: Début du Téléchargement de: D:\kerberos.htx\gil.bois\drivers gil\drivers\Périphérique de mise à jour microcode\Setup.DIY
[20:21:50] - [68] VICTOR.POZEN: Fichier envoyé: D:\kerberos.htx\gil.bois\drivers gil\drivers\Périphérique de mise à jour microcode\Setup.DIY (0,16 K/S -    166 bytes)
[20:21:50] - [68] VICTOR.POZEN: Début du Téléchargement de: D:\kerberos.htx\gil.bois\drivers gil\drivers\Périphérique de contrôle consommateur conforme aux Périphériques d'interface utilisateur (HID)\hidserv.inf
[20:21:50] - [68] VICTOR.POZEN: Fichier envoyé: D:\kerberos.htx\gil.bois\drivers gil\drivers\Périphérique de contrôle consommateur conforme aux Périphériques d'interface utilisateur (HID)\hidserv.inf (8,88 K/S -   9 098 bytes)
[20:21:50] - [68] VICTOR.POZEN: Début du Téléchargement de: D:\kerberos.htx\gil.bois\drivers gil\drivers\Périphérique de contrôle consommateur conforme aux Périphériques d'interface utilisateur (HID)\Setup.DIY
[20:21:50] - [68] VICTOR.POZEN: Fichier envoyé: D:\kerberos.htx\gil.bois\drivers gil\drivers\Périphérique de contrôle consommateur conforme aux Périphériques d'interface utilisateur (HID)\Setup.DIY (0,17 K/S -    179 bytes)
[20:21:50] - [68] VICTOR.POZEN: Début du Téléchargement de: D:\kerberos.htx\gil.bois\drivers gil\drivers\Périphérique d'interface utilisateur USB\input.inf
[20:21:51] - [68] VICTOR.POZEN: Fichier envoyé: D:\kerberos.htx\gil.bois\drivers gil\drivers\Périphérique d'interface utilisateur USB\input.inf (138,20 K/S -   141 514 bytes)
[20:21:51] - [68] VICTOR.POZEN: Début du Téléchargement de: D:\kerberos.htx\gil.bois\drivers gil\drivers\Périphérique d'interface utilisateur USB\Setup.DIY
[20:21:51] - [68] VICTOR.POZEN: Fichier envoyé: D:\kerberos.htx\gil.bois\drivers gil\drivers\Périphérique d'interface utilisateur USB\Setup.DIY (0,17 K/S -    177 bytes)
[20:21:51] - [68] VICTOR.POZEN: Début du Téléchargement de: D:\kerberos.htx\gil.bois\drivers gil\drivers\Périphérique conforme aux Périphériques d'interface utilisateur (HID)\input.inf
[20:21:51] - [68] VICTOR.POZEN: Fichier envoyé: D:\kerberos.htx\gil.bois\drivers gil\drivers\Périphérique conforme aux Périphériques d'interface utilisateur (HID)\input.inf (138,20 K/S -   141 514 bytes)
[20:21:52] - [68] VICTOR.POZEN: Début du Téléchargement de: D:\kerberos.htx\gil.bois\drivers gil\drivers\Périphérique conforme aux Périphériques d'interface utilisateur (HID)\Setup.DIY
[20:21:52] - [68] VICTOR.POZEN: Fichier envoyé: D:\kerberos.htx\gil.bois\drivers gil\drivers\Périphérique conforme aux Périphériques d'interface utilisateur (HID)\Setup.DIY (0,16 K/S -    162 bytes)
[20:21:52] - [67] VICTOR.POZEN: Fichier envoyé: D:\kerberos.htx\gil.bois\drivers gil\drivers\RADEON IGP 320M\atioglxx.dll (780,67 K/S -  4 796 416 bytes)
[20:21:52] - [68] VICTOR.POZEN: Début du Téléchargement de: D:\kerberos.htx\gil.bois\drivers gil\drivers\Périphérique clavier PIH\keyboard.inf
[20:21:52] - [67] VICTOR.POZEN: Début du Téléchargement de: D:\kerberos.htx\gil.bois\drivers gil\drivers\Périphérique clavier PIH\Setup.DIY
[20:21:52] - [67] VICTOR.POZEN: Fichier envoyé: D:\kerberos.htx\gil.bois\drivers gil\drivers\Périphérique clavier PIH\Setup.DIY (0,18 K/S -    181 bytes)
[20:21:52] - [68] VICTOR.POZEN: Fichier envoyé: D:\kerberos.htx\gil.bois\drivers gil\drivers\Périphérique clavier PIH\keyboard.inf (84,75 K/S -   86 784 bytes)
[20:21:52] - [67] VICTOR.POZEN: Début du Téléchargement de: D:\kerberos.htx\gil.bois\drivers gil\drivers\Périphérique audio système du noyau Microsoft\Setup.DIY
[20:21:52] - [67] VICTOR.POZEN: Fichier envoyé: D:\kerberos.htx\gil.bois\drivers gil\drivers\Périphérique audio système du noyau Microsoft\Setup.DIY (0,19 K/S -    199 bytes)
[20:21:52] - [68] VICTOR.POZEN: Début du Téléchargement de: D:\kerberos.htx\gil.bois\drivers gil\drivers\Périphérique audio système du noyau Microsoft\wdmaudio.inf
[20:21:52] - [67] VICTOR.POZEN: Début du Téléchargement de: D:\kerberos.htx\gil.bois\drivers gil\drivers\Proxy de service de répartition Microsoft\ksfilter.inf
[20:21:52] - [67] VICTOR.POZEN: Fichier envoyé: D:\kerberos.htx\gil.bois\drivers gil\drivers\Proxy de service de répartition Microsoft\ksfilter.inf (19,59 K/S -   20 064 bytes)
[20:21:53] - [68] VICTOR.POZEN: Fichier envoyé: D:\kerberos.htx\gil.bois\drivers gil\drivers\Périphérique audio système du noyau Microsoft\wdmaudio.inf (46,50 K/S -   47 614 bytes)
[20:21:53] - [67] VICTOR.POZEN: Début du Téléchargement de: D:\kerberos.htx\gil.bois\drivers gil\drivers\Proxy de service de répartition Microsoft\Setup.DIY
[20:21:53] - [67] VICTOR.POZEN: Fichier envoyé: D:\kerberos.htx\gil.bois\drivers gil\drivers\Proxy de service de répartition Microsoft\Setup.DIY (0,19 K/S -    199 bytes)
[20:21:53] - [68] VICTOR.POZEN: Début du Téléchargement de: D:\kerberos.htx\gil.bois\drivers gil\drivers\Proxy de gestion de qualité de répartition Microsoft\ksfilter.inf
[20:21:53] - [68] VICTOR.POZEN: Fichier envoyé: D:\kerberos.htx\gil.bois\drivers gil\drivers\Proxy de gestion de qualité de répartition Microsoft\ksfilter.inf (19,59 K/S -   20 064 bytes)
[20:21:53] - [67] VICTOR.POZEN: Début du Téléchargement de: D:\kerberos.htx\gil.bois\drivers gil\drivers\Proxy de gestion de qualité de répartition Microsoft\Setup.DIY
[20:21:53] - [67] VICTOR.POZEN: Fichier envoyé: D:\kerberos.htx\gil.bois\drivers gil\drivers\Proxy de gestion de qualité de répartition Microsoft\Setup.DIY (0,19 K/S -    199 bytes)
[20:21:53] - [68] VICTOR.POZEN: Début du Téléchargement de: D:\kerberos.htx\gil.bois\drivers gil\drivers\Proxy d'horloge de répartition Microsoft\ksfilter.inf
[20:21:53] - [67] VICTOR.POZEN: Début du Téléchargement de: D:\kerberos.htx\gil.bois\drivers gil\drivers\Proxy d'horloge de répartition Microsoft\Setup.DIY
[20:21:53] - [67] VICTOR.POZEN: Fichier envoyé: D:\kerberos.htx\gil.bois\drivers gil\drivers\Proxy d'horloge de répartition Microsoft\Setup.DIY (0,19 K/S -    199 bytes)
[20:21:53] - [68] VICTOR.POZEN: Fichier envoyé: D:\kerberos.htx\gil.bois\drivers gil\drivers\Proxy d'horloge de répartition Microsoft\ksfilter.inf (19,59 K/S -   20 064 bytes)
[20:21:54] - [67] VICTOR.POZEN: Début du Téléchargement de: D:\kerberos.htx\gil.bois\drivers gil\drivers\Processeur AMD K7\cpu.inf
[20:21:54] - [67] VICTOR.POZEN: Fichier envoyé: D:\kerberos.htx\gil.bois\drivers gil\drivers\Processeur AMD K7\cpu.inf (15,94 K/S -   16 326 bytes)
[20:21:54] - [68] VICTOR.POZEN: Début du Téléchargement de: D:\kerberos.htx\gil.bois\drivers gil\drivers\Processeur AMD K7\Setup.DIY
[20:21:54] - [68] VICTOR.POZEN: Fichier envoyé: D:\kerberos.htx\gil.bois\drivers gil\drivers\Processeur AMD K7\Setup.DIY (0,19 K/S -    192 bytes)
[20:21:54] - [67] VICTOR.POZEN: Début du Téléchargement de: D:\kerberos.htx\gil.bois\drivers gil\drivers\Port imprimante ECP\msports.inf
[20:21:54] - [67] VICTOR.POZEN: Fichier envoyé: D:\kerberos.htx\gil.bois\drivers gil\drivers\Port imprimante ECP\msports.inf (37,73 K/S -   38 634 bytes)
[20:21:55] - [67] VICTOR.POZEN: Début du Téléchargement de: D:\kerberos.htx\gil.bois\drivers gil\drivers\Port de lecture de données ISAPNP\machine.inf
[20:21:55] - [67] VICTOR.POZEN: Fichier envoyé: D:\kerberos.htx\gil.bois\drivers gil\drivers\Port de lecture de données ISAPNP\machine.inf (169,78 K/S -   173 854 bytes)
[20:21:55] - [67] VICTOR.POZEN: Début du Téléchargement de: D:\kerberos.htx\gil.bois\drivers gil\drivers\Port de lecture de données ISAPNP\Setup.DIY
[20:21:55] - [67] VICTOR.POZEN: Fichier envoyé: D:\kerberos.htx\gil.bois\drivers gil\drivers\Port de lecture de données ISAPNP\Setup.DIY (0,17 K/S -    174 bytes)
[20:21:55] - [67] VICTOR.POZEN: Début du Téléchargement de: D:\kerberos.htx\gil.bois\drivers gil\drivers\Port de communication\msports.inf
[20:21:55] - [67] VICTOR.POZEN: Fichier envoyé: D:\kerberos.htx\gil.bois\drivers gil\drivers\Port de communication\msports.inf (37,73 K/S -   38 634 bytes)
[20:21:55] - [67] VICTOR.POZEN: Début du Téléchargement de: D:\kerberos.htx\gil.bois\drivers gil\drivers\Port de communication\Setup.DIY
[20:21:55] - [67] VICTOR.POZEN: Fichier envoyé: D:\kerberos.htx\gil.bois\drivers gil\drivers\Port de communication\Setup.DIY (0,16 K/S -    162 bytes)
[20:21:55] - [67] VICTOR.POZEN: Début du Téléchargement de: D:\kerberos.htx\gil.bois\drivers gil\drivers\Pont CPU hôte standard PCI\machine.inf
[20:21:55] - [67] VICTOR.POZEN: Fichier envoyé: D:\kerberos.htx\gil.bois\drivers gil\drivers\Pont CPU hôte standard PCI\machine.inf (169,78 K/S -   173 854 bytes)
[20:21:56] - [67] VICTOR.POZEN: Début du Téléchargement de: D:\kerberos.htx\gil.bois\drivers gil\drivers\Pont CPU hôte standard PCI\Setup.DIY
[20:21:56] - [67] VICTOR.POZEN: Fichier envoyé: D:\kerberos.htx\gil.bois\drivers gil\drivers\Pont CPU hôte standard PCI\Setup.DIY (0,16 K/S -    166 bytes)
[20:21:56] - [67] VICTOR.POZEN: Début du Téléchargement de: D:\kerberos.htx\gil.bois\drivers gil\drivers\Pont ALi PCI vers ISA\machine.inf
[20:21:56] - [68] VICTOR.POZEN: Début du Téléchargement de: D:\kerberos.htx\gil.bois\drivers gil\drivers\Port imprimante ECP\Setup.DIY
[20:21:56] - [68] VICTOR.POZEN: Fichier envoyé: D:\kerberos.htx\gil.bois\drivers gil\drivers\Port imprimante ECP\Setup.DIY (0,16 K/S -    162 bytes)
[20:21:56] - [68] VICTOR.POZEN: Début du Téléchargement de: D:\kerberos.htx\gil.bois\drivers gil\drivers\Pont ALi PCI vers ISA\Setup.DIY
[20:21:56] - [68] VICTOR.POZEN: Fichier envoyé: D:\kerberos.htx\gil.bois\drivers gil\drivers\Pont ALi PCI vers ISA\Setup.DIY (0,17 K/S -    176 bytes)
[20:21:56] - [67] VICTOR.POZEN: Fichier envoyé: D:\kerberos.htx\gil.bois\drivers gil\drivers\Pont ALi PCI vers ISA\machine.inf (169,78 K/S -   173 854 bytes)
[20:21:56] - [68] VICTOR.POZEN: Début du Téléchargement de: D:\kerberos.htx\gil.bois\drivers gil\drivers\Pilotes audio hérités\Setup.DIY
[20:21:56] - [68] VICTOR.POZEN: Fichier envoyé: D:\kerberos.htx\gil.bois\drivers gil\drivers\Pilotes audio hérités\Setup.DIY (0,16 K/S -    159 bytes)
[20:21:56] - [67] VICTOR.POZEN: Début du Téléchargement de: D:\kerberos.htx\gil.bois\drivers gil\drivers\Pilotes audio hérités\wave.inf
[20:21:56] - [67] VICTOR.POZEN: Fichier envoyé: D:\kerberos.htx\gil.bois\drivers gil\drivers\Pilotes audio hérités\wave.inf (7,04 K/S -   7 214 bytes)
[20:21:56] - [67] VICTOR.POZEN: Début du Téléchargement de: D:\kerberos.htx\gil.bois\drivers gil\drivers\Pilote WINMM de compatibilité audio WDM Microsoft\wdmaudio.inf
[20:21:57] - [67] VICTOR.POZEN: Fichier envoyé: D:\kerberos.htx\gil.bois\drivers gil\drivers\Pilote WINMM de compatibilité audio WDM Microsoft\wdmaudio.inf (46,50 K/S -   47 614 bytes)
[20:21:57] - [68] VICTOR.POZEN: Début du Téléchargement de: D:\kerberos.htx\gil.bois\drivers gil\drivers\Pilote WINMM de compatibilité audio WDM Microsoft\Setup.DIY
[20:21:57] - [68] VICTOR.POZEN: Fichier envoyé: D:\kerberos.htx\gil.bois\drivers gil\drivers\Pilote WINMM de compatibilité audio WDM Microsoft\Setup.DIY (0,19 K/S -    199 bytes)
[20:21:57] - [67] VICTOR.POZEN: Début du Téléchargement de: D:\kerberos.htx\gil.bois\drivers gil\drivers\Pilote WDM d'accélérateur audio ALi\Setup.DIY
[20:21:57] - [67] VICTOR.POZEN: Fichier envoyé: D:\kerberos.htx\gil.bois\drivers gil\drivers\Pilote WDM d'accélérateur audio ALi\Setup.DIY (0,17 K/S -    177 bytes)
[20:21:57] - [67] VICTOR.POZEN: Début du Téléchargement de: D:\kerberos.htx\gil.bois\drivers gil\drivers\Pilote souris de Terminal Server\machine.inf
[20:21:57] - [67] VICTOR.POZEN: Fichier envoyé: D:\kerberos.htx\gil.bois\drivers gil\drivers\Pilote souris de Terminal Server\machine.inf (169,78 K/S -   173 854 bytes)
[20:21:57] - [68] VICTOR.POZEN: Début du Téléchargement de: D:\kerberos.htx\gil.bois\drivers gil\drivers\Pilote WDM d'accélérateur audio ALi\wdma_ali.inf
[20:21:57] - [67] VICTOR.POZEN: Début du Téléchargement de: D:\kerberos.htx\gil.bois\drivers gil\drivers\Pilote souris de Terminal Server\Setup.DIY
[20:21:57] - [67] VICTOR.POZEN: Fichier envoyé: D:\kerberos.htx\gil.bois\drivers gil\drivers\Pilote souris de Terminal Server\Setup.DIY (0,16 K/S -    167 bytes)
[20:21:57] - [68] VICTOR.POZEN: Fichier envoyé: D:\kerberos.htx\gil.bois\drivers gil\drivers\Pilote WDM d'accélérateur audio ALi\wdma_ali.inf (123,77 K/S -   126 736 bytes)
[20:21:57] - [68] VICTOR.POZEN: Début du Téléchargement de: D:\kerberos.htx\gil.bois\drivers gil\drivers\Pilote clavier de Terminal Server\Setup.DIY
[20:21:57] - [68] VICTOR.POZEN: Fichier envoyé: D:\kerberos.htx\gil.bois\drivers gil\drivers\Pilote clavier de Terminal Server\Setup.DIY (0,16 K/S -    167 bytes)
[20:21:58] - [67] VICTOR.POZEN: Début du Téléchargement de: D:\kerberos.htx\gil.bois\drivers gil\drivers\Pilote clavier de Terminal Server\machine.inf
[20:21:58] - [67] VICTOR.POZEN: Fichier envoyé: D:\kerberos.htx\gil.bois\drivers gil\drivers\Pilote clavier de Terminal Server\machine.inf (169,78 K/S -   173 854 bytes)
[20:21:58] - [68] VICTOR.POZEN: Début du Téléchargement de: D:\kerberos.htx\gil.bois\drivers gil\drivers\Pilote BIOS de gestion de systèmes Microsoft\machine.inf
[20:21:58] - [67] VICTOR.POZEN: Début du Téléchargement de: D:\kerberos.htx\gil.bois\drivers gil\drivers\Pilote BIOS de gestion de systèmes Microsoft\Setup.DIY
[20:21:58] - [67] VICTOR.POZEN: Fichier envoyé: D:\kerberos.htx\gil.bois\drivers gil\drivers\Pilote BIOS de gestion de systèmes Microsoft\Setup.DIY (0,16 K/S -    168 bytes)
[20:21:58] - [68] VICTOR.POZEN: Fichier envoyé: D:\kerberos.htx\gil.bois\drivers gil\drivers\Pilote BIOS de gestion de systèmes Microsoft\machine.inf (169,78 K/S -   173 854 bytes)
[20:21:58] - [67] VICTOR.POZEN: Début du Téléchargement de: D:\kerberos.htx\gil.bois\drivers gil\drivers\PC à interface de configuration et d'énergie avancée (ACPI)\hal.inf
[20:21:58] - [67] VICTOR.POZEN: Fichier envoyé: D:\kerberos.htx\gil.bois\drivers gil\drivers\PC à interface de configuration et d'énergie avancée (ACPI)\hal.inf (11,87 K/S -   12 150 bytes)
[20:21:58] - [67] VICTOR.POZEN: Début du Téléchargement de: D:\kerberos.htx\gil.bois\drivers gil\drivers\Parallèle direct\netrasa.inf
[20:21:59] - [68] VICTOR.POZEN: Début du Téléchargement de: D:\kerberos.htx\gil.bois\drivers gil\drivers\PC à interface de configuration et d'énergie avancée (ACPI)\Setup.DIY
[20:21:59] - [68] VICTOR.POZEN: Fichier envoyé: D:\kerberos.htx\gil.bois\drivers gil\drivers\PC à interface de configuration et d'énergie avancée (ACPI)\Setup.DIY (0,16 K/S -    160 bytes)
[20:21:59] - [67] VICTOR.POZEN: Fichier envoyé: D:\kerberos.htx\gil.bois\drivers gil\drivers\Parallèle direct\netrasa.inf (34,72 K/S -   35 556 bytes)
[20:21:59] - [67] VICTOR.POZEN: Début du Téléchargement de: D:\kerberos.htx\gil.bois\drivers gil\drivers\Mélangeur audio Wave de noyau Microsoft\Setup.DIY
[20:21:59] - [67] VICTOR.POZEN: Fichier envoyé: D:\kerberos.htx\gil.bois\drivers gil\drivers\Mélangeur audio Wave de noyau Microsoft\Setup.DIY (0,19 K/S -    199 bytes)
[20:21:59] - [68] VICTOR.POZEN: Début du Téléchargement de: D:\kerberos.htx\gil.bois\drivers gil\drivers\Parallèle direct\Setup.DIY
[20:21:59] - [68] VICTOR.POZEN: Fichier envoyé: D:\kerberos.htx\gil.bois\drivers gil\drivers\Parallèle direct\Setup.DIY (0,16 K/S -    168 bytes)
[20:21:59] - [67] VICTOR.POZEN: Début du Téléchargement de: D:\kerberos.htx\gil.bois\drivers gil\drivers\Mélangeur audio Wave de noyau Microsoft\wdmaudio.inf
[20:21:59] - [67] VICTOR.POZEN: Fichier envoyé: D:\kerberos.htx\gil.bois\drivers gil\drivers\Mélangeur audio Wave de noyau Microsoft\wdmaudio.inf (46,50 K/S -   47 614 bytes)
[20:21:59] - [68] VICTOR.POZEN: Début du Téléchargement de: D:\kerberos.htx\gil.bois\drivers gil\drivers\Miniport WAN (PPPOE)\netrasa.inf
[20:21:59] - [68] VICTOR.POZEN: Fichier envoyé: D:\kerberos.htx\gil.bois\drivers gil\drivers\Miniport WAN (PPPOE)\netrasa.inf (34,72 K/S -   35 556 bytes)
[20:21:59] - [67] VICTOR.POZEN: Début du Téléchargement de: D:\kerberos.htx\gil.bois\drivers gil\drivers\Miniport WAN (PPPOE)\Setup.DIY
[20:21:59] - [67] VICTOR.POZEN: Fichier envoyé: D:\kerberos.htx\gil.bois\drivers gil\drivers\Miniport WAN (PPPOE)\Setup.DIY (0,17 K/S -    170 bytes)
[20:21:59] - [67] VICTOR.POZEN: Début du Téléchargement de: D:\kerberos.htx\gil.bois\drivers gil\drivers\Miniport réseau étendu (PPTP)\Setup.DIY
[20:21:59] - [67] VICTOR.POZEN: Fichier envoyé: D:\kerberos.htx\gil.bois\drivers gil\drivers\Miniport réseau étendu (PPTP)\Setup.DIY (0,17 K/S -    169 bytes)
[20:21:59] - [68] VICTOR.POZEN: Début du Téléchargement de: D:\kerberos.htx\gil.bois\drivers gil\drivers\Miniport réseau étendu (PPTP)\netrasa.inf
[20:21:59] - [68] VICTOR.POZEN: Fichier envoyé: D:\kerberos.htx\gil.bois\drivers gil\drivers\Miniport réseau étendu (PPTP)\netrasa.inf (34,72 K/S -   35 556 bytes)
[20:22:00] - [67] VICTOR.POZEN: Début du Téléchargement de: D:\kerberos.htx\gil.bois\drivers gil\drivers\Miniport réseau étendu (L2TP)\netrasa.inf
[20:22:00] - [67] VICTOR.POZEN: Fichier envoyé: D:\kerberos.htx\gil.bois\drivers gil\drivers\Miniport réseau étendu (L2TP)\netrasa.inf (34,72 K/S -   35 556 bytes)
[20:22:00] - [67] VICTOR.POZEN: Début du Téléchargement de: D:\kerberos.htx\gil.bois\drivers gil\drivers\Miniport réseau étendu (IPX)\netrasa.inf
[20:22:00] - [68] VICTOR.POZEN: Début du Téléchargement de: D:\kerberos.htx\gil.bois\drivers gil\drivers\Miniport réseau étendu (L2TP)\Setup.DIY
[20:22:00] - [68] VICTOR.POZEN: Fichier envoyé: D:\kerberos.htx\gil.bois\drivers gil\drivers\Miniport réseau étendu (L2TP)\Setup.DIY (0,17 K/S -    169 bytes)
[20:22:00] - [67] VICTOR.POZEN: Fichier envoyé: D:\kerberos.htx\gil.bois\drivers gil\drivers\Miniport réseau étendu (IPX)\netrasa.inf (34,72 K/S -   35 556 bytes)
[20:22:00] - [68] VICTOR.POZEN: Début du Téléchargement de: D:\kerberos.htx\gil.bois\drivers gil\drivers\Miniport réseau étendu (IPX)\Setup.DIY
[20:22:00] - [68] VICTOR.POZEN: Fichier envoyé: D:\kerberos.htx\gil.bois\drivers gil\drivers\Miniport réseau étendu (IPX)\Setup.DIY (0,16 K/S -    167 bytes)
[20:22:00] - [67] VICTOR.POZEN: Début du Téléchargement de: D:\kerberos.htx\gil.bois\drivers gil\drivers\Miniport réseau étendu (IP)\netrasa.inf
[20:22:00] - [67] VICTOR.POZEN: Fichier envoyé: D:\kerberos.htx\gil.bois\drivers gil\drivers\Miniport réseau étendu (IP)\netrasa.inf (34,72 K/S -   35 556 bytes)
[20:22:00] - [68] VICTOR.POZEN: Début du Téléchargement de: D:\kerberos.htx\gil.bois\drivers gil\drivers\Miniport réseau étendu (IP)\Setup.DIY
[20:22:00] - [68] VICTOR.POZEN: Fichier envoyé: D:\kerberos.htx\gil.bois\drivers gil\drivers\Miniport réseau étendu (IP)\Setup.DIY (0,16 K/S -    166 bytes)
[20:22:00] - [67] VICTOR.POZEN: Début du Téléchargement de: D:\kerberos.htx\gil.bois\drivers gil\drivers\Miniport d'ordonnancement de paquets\netpsa.inf
[20:22:00] - [67] VICTOR.POZEN: Fichier envoyé: D:\kerberos.htx\gil.bois\drivers gil\drivers\Miniport d'ordonnancement de paquets\netpsa.inf (2,62 K/S -   2 686 bytes)
[20:22:00] - [67] VICTOR.POZEN: Début du Téléchargement de: D:\kerberos.htx\gil.bois\drivers gil\drivers\Lecteur de disquettes\flpydisk.inf
[20:22:00] - [68] VICTOR.POZEN: Début du Téléchargement de: D:\kerberos.htx\gil.bois\drivers gil\drivers\Miniport d'ordonnancement de paquets\Setup.DIY
[20:22:00] - [68] VICTOR.POZEN: Fichier envoyé: D:\kerberos.htx\gil.bois\drivers gil\drivers\Miniport d'ordonnancement de paquets\Setup.DIY (0,16 K/S -    164 bytes)
[20:22:00] - [67] VICTOR.POZEN: Fichier envoyé: D:\kerberos.htx\gil.bois\drivers gil\drivers\Lecteur de disquettes\flpydisk.inf (6,03 K/S -   6 172 bytes)
[20:22:00] - [68] VICTOR.POZEN: Début du Téléchargement de: D:\kerberos.htx\gil.bois\drivers gil\drivers\Lecteur de disquettes\Setup.DIY
[20:22:00] - [68] VICTOR.POZEN: Fichier envoyé: D:\kerberos.htx\gil.bois\drivers gil\drivers\Lecteur de disquettes\Setup.DIY (0,16 K/S -    168 bytes)
[20:22:00] - [67] VICTOR.POZEN: Début du Téléchargement de: D:\kerberos.htx\gil.bois\drivers gil\drivers\Lecteur de disque\disk.inf
[20:22:00] - [67] VICTOR.POZEN: Fichier envoyé: D:\kerberos.htx\gil.bois\drivers gil\drivers\Lecteur de disque\disk.inf (10,50 K/S -   10 756 bytes)
[20:22:01] - [67] VICTOR.POZEN: Début du Téléchargement de: D:\kerberos.htx\gil.bois\drivers gil\drivers\Lecteur de CD-ROM\cdrom.inf
[20:22:01] - [68] VICTOR.POZEN: Début du Téléchargement de: D:\kerberos.htx\gil.bois\drivers gil\drivers\Lecteur de disque\Setup.DIY
[20:22:01] - [68] VICTOR.POZEN: Fichier envoyé: D:\kerberos.htx\gil.bois\drivers gil\drivers\Lecteur de disque\Setup.DIY (0,15 K/S -    158 bytes)
[20:22:01] - [67] VICTOR.POZEN: Fichier envoyé: D:\kerberos.htx\gil.bois\drivers gil\drivers\Lecteur de CD-ROM\cdrom.inf (69,63 K/S -   71 300 bytes)
[20:22:01] - [68] VICTOR.POZEN: Début du Téléchargement de: D:\kerberos.htx\gil.bois\drivers gil\drivers\Lecteur de CD-ROM\Setup.DIY
[20:22:01] - [67] VICTOR.POZEN: Début du Téléchargement de: D:\kerberos.htx\gil.bois\drivers gil\drivers\Interface logique du port imprimante\machine.inf
[20:22:01] - [68] VICTOR.POZEN: Fichier envoyé: D:\kerberos.htx\gil.bois\drivers gil\drivers\Lecteur de CD-ROM\Setup.DIY (0,16 K/S -    160 bytes)
[20:22:01] - [68] VICTOR.POZEN: Début du Téléchargement de: D:\kerberos.htx\gil.bois\drivers gil\drivers\Interface logique du port imprimante\Setup.DIY
[20:22:01] - [68] VICTOR.POZEN: Fichier envoyé: D:\kerberos.htx\gil.bois\drivers gil\drivers\Interface logique du port imprimante\Setup.DIY (0,18 K/S -    183 bytes)
[20:22:01] - [67] VICTOR.POZEN: Fichier envoyé: D:\kerberos.htx\gil.bois\drivers gil\drivers\Interface logique du port imprimante\machine.inf (169,78 K/S -   173 854 bytes)
[20:22:01] - [68] VICTOR.POZEN: Début du Téléchargement de: D:\kerberos.htx\gil.bois\drivers gil\drivers\Interface de configuration HP\machine.inf
[20:22:01] - [67] VICTOR.POZEN: Début du Téléchargement de: D:\kerberos.htx\gil.bois\drivers gil\drivers\Interface de configuration HP\Setup.DIY
[20:22:01] - [67] VICTOR.POZEN: Fichier envoyé: D:\kerberos.htx\gil.bois\drivers gil\drivers\Interface de configuration HP\Setup.DIY (0,16 K/S -    162 bytes)
[20:22:01] - [67] VICTOR.POZEN: Début du Téléchargement de: D:\kerberos.htx\gil.bois\drivers gil\drivers\Horloge système CMOS temps réel\machine.inf
[20:22:02] - [68] VICTOR.POZEN: Fichier envoyé: D:\kerberos.htx\gil.bois\drivers gil\drivers\Interface de configuration HP\machine.inf (169,78 K/S -   173 854 bytes)
[20:22:02] - [68] VICTOR.POZEN: Début du Téléchargement de: D:\kerberos.htx\gil.bois\drivers gil\drivers\Horloge système CMOS temps réel\Setup.DIY
[20:22:02] - [68] VICTOR.POZEN: Fichier envoyé: D:\kerberos.htx\gil.bois\drivers gil\drivers\Horloge système CMOS temps réel\Setup.DIY (0,16 K/S -    162 bytes)
[20:22:02] - [67] VICTOR.POZEN: Fichier envoyé: D:\kerberos.htx\gil.bois\drivers gil\drivers\Horloge système CMOS temps réel\machine.inf (169,78 K/S -   173 854 bytes)
[20:22:02] - [68] VICTOR.POZEN: Début du Téléchargement de: D:\kerberos.htx\gil.bois\drivers gil\drivers\Horloge système\machine.inf
[20:22:02] - [67] VICTOR.POZEN: Début du Téléchargement de: D:\kerberos.htx\gil.bois\drivers gil\drivers\Horloge système\Setup.DIY
[20:22:02] - [67] VICTOR.POZEN: Fichier envoyé: D:\kerberos.htx\gil.bois\drivers gil\drivers\Horloge système\Setup.DIY (0,16 K/S -    162 bytes)
[20:22:02] - [68] VICTOR.POZEN: Fichier envoyé: D:\kerberos.htx\gil.bois\drivers gil\drivers\Horloge système\machine.inf (169,78 K/S -   173 854 bytes)
[20:22:03] - [68] VICTOR.POZEN: Début du Téléchargement de: D:\kerberos.htx\gil.bois\drivers gil\drivers\Haut-parleur système\machine.inf
[20:22:03] - [67] VICTOR.POZEN: Début du Téléchargement de: D:\kerberos.htx\gil.bois\drivers gil\drivers\Haut-parleur système\Setup.DIY
[20:22:03] - [67] VICTOR.POZEN: Fichier envoyé: D:\kerberos.htx\gil.bois\drivers gil\drivers\Haut-parleur système\Setup.DIY (0,16 K/S -    162 bytes)
[20:22:03] - [67] VICTOR.POZEN: Début du Téléchargement de: D:\kerberos.htx\gil.bois\drivers gil\drivers\Gestionnaire de volume\machine.inf
[20:22:03] - [68] VICTOR.POZEN: Fichier envoyé: D:\kerberos.htx\gil.bois\drivers gil\drivers\Haut-parleur système\machine.inf (169,78 K/S -   173 854 bytes)
[20:22:03] - [68] VICTOR.POZEN: Début du Téléchargement de: D:\kerberos.htx\gil.bois\drivers gil\drivers\Gestionnaire de volume\Setup.DIY
[20:22:03] - [68] VICTOR.POZEN: Fichier envoyé: D:\kerberos.htx\gil.bois\drivers gil\drivers\Gestionnaire de volume\Setup.DIY (0,16 K/S -    166 bytes)
[20:22:03] - [67] VICTOR.POZEN: Fichier envoyé: D:\kerberos.htx\gil.bois\drivers gil\drivers\Gestionnaire de volume\machine.inf (169,78 K/S -   173 854 bytes)
[20:22:03] - [68] VICTOR.POZEN: Début du Téléchargement de: D:\kerberos.htx\gil.bois\drivers gil\drivers\Gestionnaire de disque logique\machine.inf
[20:22:03] - [67] VICTOR.POZEN: Début du Téléchargement de: D:\kerberos.htx\gil.bois\drivers gil\drivers\Gestionnaire de disque logique\Setup.DIY
[20:22:03] - [67] VICTOR.POZEN: Fichier envoyé: D:\kerberos.htx\gil.bois\drivers gil\drivers\Gestionnaire de disque logique\Setup.DIY (0,16 K/S -    164 bytes)
[20:22:03] - [68] VICTOR.POZEN: Fichier envoyé: D:\kerberos.htx\gil.bois\drivers gil\drivers\Gestionnaire de disque logique\machine.inf (169,78 K/S -   173 854 bytes)
[20:22:04] - [67] VICTOR.POZEN: Début du Téléchargement de: D:\kerberos.htx\gil.bois\drivers gil\drivers\Filtre de décodeur DRM (Noyau Microsoft)\Setup.DIY
[20:22:04] - [67] VICTOR.POZEN: Fichier envoyé: D:\kerberos.htx\gil.bois\drivers gil\drivers\Filtre de décodeur DRM (Noyau Microsoft)\Setup.DIY (0,19 K/S -    199 bytes)
[20:22:04] - [68] VICTOR.POZEN: Début du Téléchargement de: D:\kerberos.htx\gil.bois\drivers gil\drivers\Filtre de décodeur DRM (Noyau Microsoft)\wdmaudio.inf
[20:22:04] - [67] VICTOR.POZEN: Début du Téléchargement de: D:\kerberos.htx\gil.bois\drivers gil\drivers\D-Link DWA-131 Wireless N Nano USB Adapter(rev.E)\DRTWlanU_XP.sys
[20:22:04] - [68] VICTOR.POZEN: Fichier envoyé: D:\kerberos.htx\gil.bois\drivers gil\drivers\Filtre de décodeur DRM (Noyau Microsoft)\wdmaudio.inf (46,50 K/S -   47 614 bytes)
[20:22:04] - [68] VICTOR.POZEN: Début du Téléchargement de: D:\kerberos.htx\gil.bois\drivers gil\drivers\D-Link DWA-131 Wireless N Nano USB Adapter(rev.E)\oem8.inf
[20:22:04] - [68] VICTOR.POZEN: Fichier envoyé: D:\kerberos.htx\gil.bois\drivers gil\drivers\D-Link DWA-131 Wireless N Nano USB Adapter(rev.E)\oem8.inf (26,92 K/S -   27 564 bytes)
[20:22:04] - [68] VICTOR.POZEN: Début du Téléchargement de: D:\kerberos.htx\gil.bois\drivers gil\drivers\D-Link DWA-131 Wireless N Nano USB Adapter(rev.E)\Setup.DIY
[20:22:04] - [68] VICTOR.POZEN: Fichier envoyé: D:\kerberos.htx\gil.bois\drivers gil\drivers\D-Link DWA-131 Wireless N Nano USB Adapter(rev.E)\Setup.DIY (0,17 K/S -    173 bytes)
[20:22:04] - [68] VICTOR.POZEN: Début du Téléchargement de: D:\kerberos.htx\gil.bois\drivers gil\drivers\Couvercle ACPI\machine.inf
[20:22:05] - [68] VICTOR.POZEN: Fichier envoyé: D:\kerberos.htx\gil.bois\drivers gil\drivers\Couvercle ACPI\machine.inf (169,78 K/S -   173 854 bytes)
[20:22:05] - [68] VICTOR.POZEN: Début du Téléchargement de: D:\kerberos.htx\gil.bois\drivers gil\drivers\Couvercle ACPI\Setup.DIY
[20:22:05] - [68] VICTOR.POZEN: Fichier envoyé: D:\kerberos.htx\gil.bois\drivers gil\drivers\Couvercle ACPI\Setup.DIY (0,16 K/S -    162 bytes)
[20:22:05] - [68] VICTOR.POZEN: Début du Téléchargement de: D:\kerberos.htx\gil.bois\drivers gil\drivers\Coprocesseur arithmétique\machine.inf
[20:22:06] - [68] VICTOR.POZEN: Fichier envoyé: D:\kerberos.htx\gil.bois\drivers gil\drivers\Coprocesseur arithmétique\machine.inf (169,78 K/S -   173 854 bytes)
[20:22:06] - [68] VICTOR.POZEN: Début du Téléchargement de: D:\kerberos.htx\gil.bois\drivers gil\drivers\Coprocesseur arithmétique\Setup.DIY
[20:22:06] - [68] VICTOR.POZEN: Fichier envoyé: D:\kerberos.htx\gil.bois\drivers gil\drivers\Coprocesseur arithmétique\Setup.DIY (0,16 K/S -    162 bytes)
[20:22:06] - [68] VICTOR.POZEN: Début du Téléchargement de: D:\kerberos.htx\gil.bois\drivers gil\drivers\Contrôleur intégré compatible ACPI Microsoft\acpi.inf
[20:22:06] - [68] VICTOR.POZEN: Fichier envoyé: D:\kerberos.htx\gil.bois\drivers gil\drivers\Contrôleur intégré compatible ACPI Microsoft\acpi.inf (9,35 K/S -   9 572 bytes)
[20:22:06] - [68] VICTOR.POZEN: Début du Téléchargement de: D:\kerberos.htx\gil.bois\drivers gil\drivers\Contrôleur intégré compatible ACPI Microsoft\Setup.DIY
[20:22:06] - [68] VICTOR.POZEN: Fichier envoyé: D:\kerberos.htx\gil.bois\drivers gil\drivers\Contrôleur intégré compatible ACPI Microsoft\Setup.DIY (0,16 K/S -    159 bytes)
[20:22:06] - [68] VICTOR.POZEN: Début du Téléchargement de: D:\kerberos.htx\gil.bois\drivers gil\drivers\Contrôleur IDE PCI Bus Master ALi M5229\mshdc.inf
[20:22:06] - [68] VICTOR.POZEN: Fichier envoyé: D:\kerberos.htx\gil.bois\drivers gil\drivers\Contrôleur IDE PCI Bus Master ALi M5229\mshdc.inf (54,14 K/S -   55 442 bytes)
[20:22:06] - [68] VICTOR.POZEN: Début du Téléchargement de: D:\kerberos.htx\gil.bois\drivers gil\drivers\Contrôleur IDE PCI Bus Master ALi M5229\Setup.DIY
[20:22:06] - [68] VICTOR.POZEN: Fichier envoyé: D:\kerberos.htx\gil.bois\drivers gil\drivers\Contrôleur IDE PCI Bus Master ALi M5229\Setup.DIY (0,17 K/S -    174 bytes)
[20:22:06] - [68] VICTOR.POZEN: Début du Téléchargement de: D:\kerberos.htx\gil.bois\drivers gil\drivers\Contrôleur hôte Texas Instruments IEEE 1394 compatible OHCI (Open Host Controller Interface)\1394.inf
[20:22:06] - [68] VICTOR.POZEN: Fichier envoyé: D:\kerberos.htx\gil.bois\drivers gil\drivers\Contrôleur hôte Texas Instruments IEEE 1394 compatible OHCI (Open Host Controller Interface)\1394.inf (15,86 K/S -   16 242 bytes)
[20:22:07] - [68] VICTOR.POZEN: Début du Téléchargement de: D:\kerberos.htx\gil.bois\drivers gil\drivers\Contrôleur hôte Texas Instruments IEEE 1394 compatible OHCI (Open Host Controller Interface)\Setup.DIY
[20:22:07] - [68] VICTOR.POZEN: Fichier envoyé: D:\kerberos.htx\gil.bois\drivers gil\drivers\Contrôleur hôte Texas Instruments IEEE 1394 compatible OHCI (Open Host Controller Interface)\Setup.DIY (0,17 K/S -    174 bytes)
[20:22:07] - [67] VICTOR.POZEN: Fichier envoyé: D:\kerberos.htx\gil.bois\drivers gil\drivers\D-Link DWA-131 Wireless N Nano USB Adapter(rev.E)\DRTWlanU_XP.sys (841,82 K/S -  2 586 072 bytes)
[20:22:07] - [68] VICTOR.POZEN: Début du Téléchargement de: D:\kerberos.htx\gil.bois\drivers gil\drivers\Contrôleur de lecteur de disquettes standard\fdc.inf
[20:22:07] - [68] VICTOR.POZEN: Fichier envoyé: D:\kerberos.htx\gil.bois\drivers gil\drivers\Contrôleur de lecteur de disquettes standard\fdc.inf (4,84 K/S -   4 952 bytes)
[20:22:08] - [68] VICTOR.POZEN: Début du Téléchargement de: D:\kerberos.htx\gil.bois\drivers gil\drivers\Contrôleur de gestion de l'alimentation ALi 7101\machine.inf
[20:22:08] - [67] VICTOR.POZEN: Début du Téléchargement de: D:\kerberos.htx\gil.bois\drivers gil\drivers\Contrôleur de lecteur de disquettes standard\Setup.DIY
[20:22:08] - [67] VICTOR.POZEN: Fichier envoyé: D:\kerberos.htx\gil.bois\drivers gil\drivers\Contrôleur de lecteur de disquettes standard\Setup.DIY (0,15 K/S -    158 bytes)
[20:22:08] - [67] VICTOR.POZEN: Début du Téléchargement de: D:\kerberos.htx\gil.bois\drivers gil\drivers\Contrôleur de gestion de l'alimentation ALi 7101\Setup.DIY
[20:22:08] - [67] VICTOR.POZEN: Fichier envoyé: D:\kerberos.htx\gil.bois\drivers gil\drivers\Contrôleur de gestion de l'alimentation ALi 7101\Setup.DIY (0,17 K/S -    176 bytes)
[20:22:08] - [68] VICTOR.POZEN: Fichier envoyé: D:\kerberos.htx\gil.bois\drivers gil\drivers\Contrôleur de gestion de l'alimentation ALi 7101\machine.inf (169,78 K/S -   173 854 bytes)
[20:22:08] - [68] VICTOR.POZEN: Début du Téléchargement de: D:\kerberos.htx\gil.bois\drivers gil\drivers\Contrôleur d'interruptions programmable\Setup.DIY
[20:22:08] - [68] VICTOR.POZEN: Fichier envoyé: D:\kerberos.htx\gil.bois\drivers gil\drivers\Contrôleur d'interruptions programmable\Setup.DIY (0,16 K/S -    162 bytes)
[20:22:08] - [67] VICTOR.POZEN: Début du Téléchargement de: D:\kerberos.htx\gil.bois\drivers gil\drivers\Contrôleur d'interruptions programmable\machine.inf
[20:22:08] - [67] VICTOR.POZEN: Fichier envoyé: D:\kerberos.htx\gil.bois\drivers gil\drivers\Contrôleur d'interruptions programmable\machine.inf (169,78 K/S -   173 854 bytes)
[20:22:08] - [68] VICTOR.POZEN: Début du Téléchargement de: D:\kerberos.htx\gil.bois\drivers gil\drivers\Contrôleur d'hôte ouvert PCI vers USB ALi\Setup.DIY
[20:22:08] - [68] VICTOR.POZEN: Fichier envoyé: D:\kerberos.htx\gil.bois\drivers gil\drivers\Contrôleur d'hôte ouvert PCI vers USB ALi\Setup.DIY (0,18 K/S -    186 bytes)
[20:22:08] - [67] VICTOR.POZEN: Début du Téléchargement de: D:\kerberos.htx\gil.bois\drivers gil\drivers\Contrôleur d'hôte ouvert PCI vers USB ALi\usbport.inf
[20:22:08] - [67] VICTOR.POZEN: Fichier envoyé: D:\kerberos.htx\gil.bois\drivers gil\drivers\Contrôleur d'hôte ouvert PCI vers USB ALi\usbport.inf (46,72 K/S -   47 844 bytes)
[20:22:08] - [68] VICTOR.POZEN: Début du Téléchargement de: D:\kerberos.htx\gil.bois\drivers gil\drivers\Contrôleur d'accès direct en mémoire\machine.inf
[20:22:09] - [67] VICTOR.POZEN: Début du Téléchargement de: D:\kerberos.htx\gil.bois\drivers gil\drivers\Contrôleur d'accès direct en mémoire\Setup.DIY
[20:22:09] - [67] VICTOR.POZEN: Fichier envoyé: D:\kerberos.htx\gil.bois\drivers gil\drivers\Contrôleur d'accès direct en mémoire\Setup.DIY (0,16 K/S -    162 bytes)
[20:22:09] - [68] VICTOR.POZEN: Fichier envoyé: D:\kerberos.htx\gil.bois\drivers gil\drivers\Contrôleur d'accès direct en mémoire\machine.inf (169,78 K/S -   173 854 bytes)
[20:22:09] - [67] VICTOR.POZEN: Début du Téléchargement de: D:\kerberos.htx\gil.bois\drivers gil\drivers\Contrôleur CardBus O2Micro OZ6933\pcmcia.inf
[20:22:09] - [67] VICTOR.POZEN: Fichier envoyé: D:\kerberos.htx\gil.bois\drivers gil\drivers\Contrôleur CardBus O2Micro OZ6933\pcmcia.inf (39,80 K/S -   40 758 bytes)
[20:22:10] - [67] VICTOR.POZEN: Début du Téléchargement de: D:\kerberos.htx\gil.bois\drivers gil\drivers\Concentrateur USB racine\Setup.DIY
[20:22:10] - [67] VICTOR.POZEN: Fichier envoyé: D:\kerberos.htx\gil.bois\drivers gil\drivers\Concentrateur USB racine\Setup.DIY (0,16 K/S -    167 bytes)
[20:22:10] - [68] VICTOR.POZEN: Début du Téléchargement de: D:\kerberos.htx\gil.bois\drivers gil\drivers\Contrôleur CardBus O2Micro OZ6933\Setup.DIY
[20:22:10] - [68] VICTOR.POZEN: Fichier envoyé: D:\kerberos.htx\gil.bois\drivers gil\drivers\Contrôleur CardBus O2Micro OZ6933\Setup.DIY (0,17 K/S -    175 bytes)
[20:22:10] - [67] VICTOR.POZEN: Début du Téléchargement de: D:\kerberos.htx\gil.bois\drivers gil\drivers\Concentrateur USB racine\usbport.inf
[20:22:10] - [67] VICTOR.POZEN: Fichier envoyé: D:\kerberos.htx\gil.bois\drivers gil\drivers\Concentrateur USB racine\usbport.inf (46,72 K/S -   47 844 bytes)
[20:22:10] - [68] VICTOR.POZEN: Début du Téléchargement de: D:\kerberos.htx\gil.bois\drivers gil\drivers\Concentrateur USB générique\Setup.DIY
[20:22:10] - [68] VICTOR.POZEN: Fichier envoyé: D:\kerberos.htx\gil.bois\drivers gil\drivers\Concentrateur USB générique\Setup.DIY (0,16 K/S -    163 bytes)
[20:22:10] - [68] VICTOR.POZEN: Début du Téléchargement de: D:\kerberos.htx\gil.bois\drivers gil\drivers\Codecs vidéo\Setup.DIY
[20:22:10] - [68] VICTOR.POZEN: Fichier envoyé: D:\kerberos.htx\gil.bois\drivers gil\drivers\Codecs vidéo\Setup.DIY (0,16 K/S -    159 bytes)
[20:22:10] - [67] VICTOR.POZEN: Début du Téléchargement de: D:\kerberos.htx\gil.bois\drivers gil\drivers\Concentrateur USB générique\usb.inf
[20:22:10] - [67] VICTOR.POZEN: Fichier envoyé: D:\kerberos.htx\gil.bois\drivers gil\drivers\Concentrateur USB générique\usb.inf (41,44 K/S -   42 438 bytes)
[20:22:10] - [68] VICTOR.POZEN: Début du Téléchargement de: D:\kerberos.htx\gil.bois\drivers gil\drivers\Codecs vidéo\wave.inf
[20:22:10] - [68] VICTOR.POZEN: Fichier envoyé: D:\kerberos.htx\gil.bois\drivers gil\drivers\Codecs vidéo\wave.inf (7,04 K/S -   7 214 bytes)
[20:22:10] - [68] VICTOR.POZEN: Début du Téléchargement de: D:\kerberos.htx\gil.bois\drivers gil\drivers\Codecs audio\wave.inf
[20:22:10] - [67] VICTOR.POZEN: Début du Téléchargement de: D:\kerberos.htx\gil.bois\drivers gil\drivers\Codecs audio\Setup.DIY
[20:22:10] - [67] VICTOR.POZEN: Fichier envoyé: D:\kerberos.htx\gil.bois\drivers gil\drivers\Codecs audio\Setup.DIY (0,16 K/S -    159 bytes)
[20:22:10] - [68] VICTOR.POZEN: Fichier envoyé: D:\kerberos.htx\gil.bois\drivers gil\drivers\Codecs audio\wave.inf (7,04 K/S -   7 214 bytes)
[20:22:10] - [67] VICTOR.POZEN: Début du Téléchargement de: D:\kerberos.htx\gil.bois\drivers gil\drivers\Clavier standard 101 102 touches ou clavier Microsoft Natural Keyboard PS 2\keyboard.inf
[20:22:10] - [68] VICTOR.POZEN: Début du Téléchargement de: D:\kerberos.htx\gil.bois\drivers gil\drivers\Clavier standard 101 102 touches ou clavier Microsoft Natural Keyboard PS 2\Setup.DIY
[20:22:11] - [68] VICTOR.POZEN: Fichier envoyé: D:\kerberos.htx\gil.bois\drivers gil\drivers\Clavier standard 101 102 touches ou clavier Microsoft Natural Keyboard PS 2\Setup.DIY (0,16 K/S -    163 bytes)
[20:22:11] - [67] VICTOR.POZEN: Fichier envoyé: D:\kerberos.htx\gil.bois\drivers gil\drivers\Clavier standard 101 102 touches ou clavier Microsoft Natural Keyboard PS 2\keyboard.inf (84,75 K/S -   86 784 bytes)
[20:22:11] - [68] VICTOR.POZEN: Début du Téléchargement de: D:\kerberos.htx\gil.bois\drivers gil\drivers\Carte système\machine.inf
[20:22:11] - [67] VICTOR.POZEN: Début du Téléchargement de: D:\kerberos.htx\gil.bois\drivers gil\drivers\Carte système\Setup.DIY
[20:22:11] - [67] VICTOR.POZEN: Fichier envoyé: D:\kerberos.htx\gil.bois\drivers gil\drivers\Carte système\Setup.DIY (0,16 K/S -    162 bytes)
[20:22:11] - [67] VICTOR.POZEN: Début du Téléchargement de: D:\kerberos.htx\gil.bois\drivers gil\drivers\Carte réseau 1394\net1394.inf
[20:22:11] - [67] VICTOR.POZEN: Fichier envoyé: D:\kerberos.htx\gil.bois\drivers gil\drivers\Carte réseau 1394\net1394.inf (4,50 K/S -   4 612 bytes)
[20:22:11] - [67] VICTOR.POZEN: Début du Téléchargement de: D:\kerberos.htx\gil.bois\drivers gil\drivers\Carte réseau 1394\Setup.DIY
[20:22:11] - [67] VICTOR.POZEN: Fichier envoyé: D:\kerberos.htx\gil.bois\drivers gil\drivers\Carte réseau 1394\Setup.DIY (0,16 K/S -    168 bytes)
[20:22:11] - [68] VICTOR.POZEN: Fichier envoyé: D:\kerberos.htx\gil.bois\drivers gil\drivers\Carte système\machine.inf (169,78 K/S -   173 854 bytes)
[20:22:11] - [67] VICTOR.POZEN: Début du Téléchargement de: D:\kerberos.htx\gil.bois\drivers gil\drivers\Carte Fast Ethernet PCI de base DP83815 National Semiconductor\netfa312.inf
[20:22:11] - [67] VICTOR.POZEN: Fichier envoyé: D:\kerberos.htx\gil.bois\drivers gil\drivers\Carte Fast Ethernet PCI de base DP83815 National Semiconductor\netfa312.inf (8,79 K/S -   9 006 bytes)
[20:22:11] - [68] VICTOR.POZEN: Début du Téléchargement de: D:\kerberos.htx\gil.bois\drivers gil\drivers\Carte Fast Ethernet PCI de base DP83815 National Semiconductor\Setup.DIY
[20:22:11] - [68] VICTOR.POZEN: Fichier envoyé: D:\kerberos.htx\gil.bois\drivers gil\drivers\Carte Fast Ethernet PCI de base DP83815 National Semiconductor\Setup.DIY (0,17 K/S -    177 bytes)
[20:22:11] - [67] VICTOR.POZEN: Début du Téléchargement de: D:\kerberos.htx\gil.bois\drivers gil\drivers\Carte asynchrone RAS\netrasa.inf
[20:22:11] - [68] VICTOR.POZEN: Début du Téléchargement de: D:\kerberos.htx\gil.bois\drivers gil\drivers\Carte asynchrone RAS\Setup.DIY
[20:22:11] - [68] VICTOR.POZEN: Fichier envoyé: D:\kerberos.htx\gil.bois\drivers gil\drivers\Carte asynchrone RAS\Setup.DIY (0,19 K/S -    198 bytes)
[20:22:11] - [67] VICTOR.POZEN: Fichier envoyé: D:\kerberos.htx\gil.bois\drivers gil\drivers\Carte asynchrone RAS\netrasa.inf (34,72 K/S -   35 556 bytes)
[20:22:12] - [67] VICTOR.POZEN: Début du Téléchargement de: D:\kerberos.htx\gil.bois\drivers gil\drivers\Canal IDE secondaire\Setup.DIY
[20:22:12] - [67] VICTOR.POZEN: Fichier envoyé: D:\kerberos.htx\gil.bois\drivers gil\drivers\Canal IDE secondaire\Setup.DIY (0,17 K/S -    173 bytes)
[20:22:12] - [68] VICTOR.POZEN: Début du Téléchargement de: D:\kerberos.htx\gil.bois\drivers gil\drivers\Canal IDE secondaire\mshdc.inf
[20:22:12] - [68] VICTOR.POZEN: Fichier envoyé: D:\kerberos.htx\gil.bois\drivers gil\drivers\Canal IDE secondaire\mshdc.inf (54,14 K/S -   55 442 bytes)
[20:22:12] - [67] VICTOR.POZEN: Début du Téléchargement de: D:\kerberos.htx\gil.bois\drivers gil\drivers\Canal IDE principal\mshdc.inf
[20:22:12] - [67] VICTOR.POZEN: Fichier envoyé: D:\kerberos.htx\gil.bois\drivers gil\drivers\Canal IDE principal\mshdc.inf (54,14 K/S -   55 442 bytes)
[20:22:12] - [68] VICTOR.POZEN: Début du Téléchargement de: D:\kerberos.htx\gil.bois\drivers gil\drivers\Canal IDE principal\Setup.DIY
[20:22:12] - [68] VICTOR.POZEN: Fichier envoyé: D:\kerberos.htx\gil.bois\drivers gil\drivers\Canal IDE principal\Setup.DIY (0,17 K/S -    171 bytes)
[20:22:12] - [67] VICTOR.POZEN: Début du Téléchargement de: D:\kerberos.htx\gil.bois\drivers gil\drivers\Bus PCI\machine.inf
[20:22:12] - [68] VICTOR.POZEN: Début du Téléchargement de: D:\kerberos.htx\gil.bois\drivers gil\drivers\Bus PCI\Setup.DIY
[20:22:12] - [68] VICTOR.POZEN: Fichier envoyé: D:\kerberos.htx\gil.bois\drivers gil\drivers\Bus PCI\Setup.DIY (0,16 K/S -    162 bytes)
[20:22:12] - [68] VICTOR.POZEN: Début du Téléchargement de: D:\kerberos.htx\gil.bois\drivers gil\drivers\Bus générique\machine.inf
[20:22:12] - [67] VICTOR.POZEN: Fichier envoyé: D:\kerberos.htx\gil.bois\drivers gil\drivers\Bus PCI\machine.inf (169,78 K/S -   173 854 bytes)
[20:22:12] - [67] VICTOR.POZEN: Début du Téléchargement de: D:\kerberos.htx\gil.bois\drivers gil\drivers\Bus générique\Setup.DIY
[20:22:12] - [67] VICTOR.POZEN: Fichier envoyé: D:\kerberos.htx\gil.bois\drivers gil\drivers\Bus générique\Setup.DIY (0,16 K/S -    162 bytes)
[20:22:12] - [68] VICTOR.POZEN: Fichier envoyé: D:\kerberos.htx\gil.bois\drivers gil\drivers\Bus générique\machine.inf (169,78 K/S -   173 854 bytes)
[20:22:13] - [68] VICTOR.POZEN: Début du Téléchargement de: D:\kerberos.htx\gil.bois\drivers gil\drivers\Bouton marche-arrêt ACPI\Setup.DIY
[20:22:13] - [68] VICTOR.POZEN: Fichier envoyé: D:\kerberos.htx\gil.bois\drivers gil\drivers\Bouton marche-arrêt ACPI\Setup.DIY (0,16 K/S -    162 bytes)
[20:22:13] - [67] VICTOR.POZEN: Début du Téléchargement de: D:\kerberos.htx\gil.bois\drivers gil\drivers\Bouton marche-arrêt ACPI\machine.inf
[20:22:13] - [68] VICTOR.POZEN: Début du Téléchargement de: D:\kerberos.htx\gil.bois\drivers gil\drivers\Bouton de fonctionnalité définie ACPI\machine.inf
[20:22:13] - [67] VICTOR.POZEN: Fichier envoyé: D:\kerberos.htx\gil.bois\drivers gil\drivers\Bouton marche-arrêt ACPI\machine.inf (169,78 K/S -   173 854 bytes)
[20:22:13] - [68] VICTOR.POZEN: Fichier envoyé: D:\kerberos.htx\gil.bois\drivers gil\drivers\Bouton de fonctionnalité définie ACPI\machine.inf (169,78 K/S -   173 854 bytes)
[20:22:13] - [67] VICTOR.POZEN: Début du Téléchargement de: D:\kerberos.htx\gil.bois\drivers gil\drivers\Bouton de fonctionnalité définie ACPI\Setup.DIY
[20:22:13] - [67] VICTOR.POZEN: Fichier envoyé: D:\kerberos.htx\gil.bois\drivers gil\drivers\Bouton de fonctionnalité définie ACPI\Setup.DIY (0,17 K/S -    171 bytes)
[20:22:13] - [68] VICTOR.POZEN: Début du Téléchargement de: D:\kerberos.htx\gil.bois\drivers gil\drivers\Batterie à méthode de contrôle compatible ACPI Microsoft\battery.inf
[20:22:13] - [67] VICTOR.POZEN: Début du Téléchargement de: D:\kerberos.htx\gil.bois\drivers gil\drivers\Batterie à méthode de contrôle compatible ACPI Microsoft\Setup.DIY
[20:22:13] - [67] VICTOR.POZEN: Fichier envoyé: D:\kerberos.htx\gil.bois\drivers gil\drivers\Batterie à méthode de contrôle compatible ACPI Microsoft\Setup.DIY (0,16 K/S -    167 bytes)
[20:22:13] - [68] VICTOR.POZEN: Fichier envoyé: D:\kerberos.htx\gil.bois\drivers gil\drivers\Batterie à méthode de contrôle compatible ACPI Microsoft\battery.inf (10,86 K/S -   11 122 bytes)
[20:22:13] - [67] VICTOR.POZEN: Début du Téléchargement de: D:\kerberos.htx\gil.bois\drivers gil\drivers\Batterie composite Microsoft\acpi.inf
[20:22:13] - [67] VICTOR.POZEN: Fichier envoyé: D:\kerberos.htx\gil.bois\drivers gil\drivers\Batterie composite Microsoft\acpi.inf (9,35 K/S -   9 572 bytes)
[20:22:14] - [68] VICTOR.POZEN: Début du Téléchargement de: D:\kerberos.htx\gil.bois\drivers gil\drivers\Batterie composite Microsoft\Setup.DIY
[20:22:14] - [68] VICTOR.POZEN: Fichier envoyé: D:\kerberos.htx\gil.bois\drivers gil\drivers\Batterie composite Microsoft\Setup.DIY (0,16 K/S -    168 bytes)
[20:22:14] - [68] VICTOR.POZEN: Début du Téléchargement de: D:\kerberos.htx\gil.bois\drivers gil\drivers\ATI U1 A3 Accelerated Graphics Port\atisgkaf.SYS
[20:22:14] - [67] VICTOR.POZEN: Début du Téléchargement de: D:\kerberos.htx\gil.bois\drivers gil\drivers\ATI U1 A3 Accelerated Graphics Port\atisgkaf.cat
[20:22:14] - [67] VICTOR.POZEN: Fichier envoyé: D:\kerberos.htx\gil.bois\drivers gil\drivers\ATI U1 A3 Accelerated Graphics Port\atisgkaf.cat (7,54 K/S -   7 716 bytes)
[20:22:14] - [68] VICTOR.POZEN: Fichier envoyé: D:\kerberos.htx\gil.bois\drivers gil\drivers\ATI U1 A3 Accelerated Graphics Port\atisgkaf.SYS (23,02 K/S -   23 570 bytes)
[20:22:14] - [68] VICTOR.POZEN: Début du Téléchargement de: D:\kerberos.htx\gil.bois\drivers gil\drivers\ATI U1 A3 Accelerated Graphics Port\oem9.inf
[20:22:14] - [68] VICTOR.POZEN: Fichier envoyé: D:\kerberos.htx\gil.bois\drivers gil\drivers\ATI U1 A3 Accelerated Graphics Port\oem9.inf (2,69 K/S -   2 756 bytes)
[20:22:14] - [67] VICTOR.POZEN: Début du Téléchargement de: D:\kerberos.htx\gil.bois\drivers gil\drivers\ATI U1 A3 Accelerated Graphics Port\Setup.DIY
[20:22:14] - [67] VICTOR.POZEN: Fichier envoyé: D:\kerberos.htx\gil.bois\drivers gil\drivers\ATI U1 A3 Accelerated Graphics Port\Setup.DIY (0,17 K/S -    173 bytes)
[20:22:14] - [67] VICTOR.POZEN: Début du Téléchargement de: D:\kerberos.htx\gil.bois\drivers gil\drivers\Adaptateur secteur Microsoft\Setup.DIY
[20:22:14] - [67] VICTOR.POZEN: Fichier envoyé: D:\kerberos.htx\gil.bois\drivers gil\drivers\Adaptateur secteur Microsoft\Setup.DIY (0,16 K/S -    168 bytes)
[20:22:14] - [67] VICTOR.POZEN: Début du Téléchargement de: D:\kerberos.htx\gil.bois\Edith Piaf\desktop.ini
[20:22:14] - [67] VICTOR.POZEN: Fichier envoyé: D:\kerberos.htx\gil.bois\Edith Piaf\desktop.ini (0,37 K/S -    380 bytes)
[20:22:14] - [68] VICTOR.POZEN: Début du Téléchargement de: D:\kerberos.htx\gil.bois\drivers gil\drivers\Adaptateur secteur Microsoft\battery.inf
[20:22:14] - [68] VICTOR.POZEN: Fichier envoyé: D:\kerberos.htx\gil.bois\drivers gil\drivers\Adaptateur secteur Microsoft\battery.inf (10,86 K/S -   11 122 bytes)
[20:22:14] - [68] VICTOR.POZEN: Début du Téléchargement de: D:\kerberos.htx\gil.bois\Edith Piaf\Thumbs.db
[20:22:15] - [67] VICTOR.POZEN: Début du Téléchargement de: D:\kerberos.htx\gil.bois\Edith Piaf\Raccourci vers Edith Piaf.lnk
[20:22:15] - [68] VICTOR.POZEN: Fichier envoyé: D:\kerberos.htx\gil.bois\Edith Piaf\Thumbs.db (7,00 K/S -   7 168 bytes)
[20:22:15] - [67] VICTOR.POZEN: Fichier envoyé: D:\kerberos.htx\gil.bois\Edith Piaf\Raccourci vers Edith Piaf.lnk (0,47 K/S -    486 bytes)
[20:22:15] - [67] VICTOR.POZEN: Début du Téléchargement de: D:\kerberos.htx\gil.bois\Edith Piaf\La Vie en Rose [Prism]\02 Je M'En Fous Pas Mal.mp3
[20:22:15] - [68] VICTOR.POZEN: Début du Téléchargement de: D:\kerberos.htx\gil.bois\Edith Piaf\La Vie en Rose [Prism]\01 La Vie en Rose.mp3
[20:22:19] - [68] VICTOR.POZEN: Fichier envoyé: D:\kerberos.htx\gil.bois\Edith Piaf\La Vie en Rose [Prism]\01 La Vie en Rose.mp3 (588,41 K/S -  3 012 683 bytes)
[20:22:20] - [68] VICTOR.POZEN: Début du Téléchargement de: D:\kerberos.htx\gil.bois\Edith Piaf\La Vie en Rose [Prism]\03 C'Est Merveilleux.mp3
[20:22:21] - [67] VICTOR.POZEN: Fichier envoyé: D:\kerberos.htx\gil.bois\Edith Piaf\La Vie en Rose [Prism]\02 Je M'En Fous Pas Mal.mp3 (681,93 K/S -  4 189 779 bytes)
[20:22:21] - [67] VICTOR.POZEN: Début du Téléchargement de: D:\kerberos.htx\gil.bois\Edith Piaf\La Vie en Rose [Prism]\04 Un Coin Tout Bleu.mp3
[20:22:24] - [68] VICTOR.POZEN: Fichier envoyé: D:\kerberos.htx\gil.bois\Edith Piaf\La Vie en Rose [Prism]\03 C'Est Merveilleux.mp3 (729,39 K/S -  2 987 568 bytes)
[20:22:24] - [68] VICTOR.POZEN: Début du Téléchargement de: D:\kerberos.htx\gil.bois\Edith Piaf\La Vie en Rose [Prism]\05 La Java de Cézigue.mp3
[20:22:25] - [67] VICTOR.POZEN: Fichier envoyé: D:\kerberos.htx\gil.bois\Edith Piaf\La Vie en Rose [Prism]\04 Un Coin Tout Bleu.mp3 (647,13 K/S -  2 650 632 bytes)
[20:22:25] - [67] VICTOR.POZEN: Début du Téléchargement de: D:\kerberos.htx\gil.bois\Edith Piaf\La Vie en Rose [Prism]\06 L' Accordéoniste.mp3
[20:22:29] - [68] VICTOR.POZEN: Fichier envoyé: D:\kerberos.htx\gil.bois\Edith Piaf\La Vie en Rose [Prism]\05 La Java de Cézigue.mp3 (723,48 K/S -  2 963 382 bytes)
[20:22:29] - [68] VICTOR.POZEN: Début du Téléchargement de: D:\kerberos.htx\gil.bois\Edith Piaf\La Vie en Rose [Prism]\07 J'Ai Qu'à l'Regarder.mp3
[20:22:30] - [67] VICTOR.POZEN: Fichier envoyé: D:\kerberos.htx\gil.bois\Edith Piaf\La Vie en Rose [Prism]\06 L' Accordéoniste.mp3 (596,62 K/S -  3 054 705 bytes)
[20:22:30] - [67] VICTOR.POZEN: Début du Téléchargement de: D:\kerberos.htx\gil.bois\Edith Piaf\La Vie en Rose [Prism]\08 C'Etait une Histoire d'Amour.mp3
[20:22:34] - [68] VICTOR.POZEN: Fichier envoyé: D:\kerberos.htx\gil.bois\Edith Piaf\La Vie en Rose [Prism]\07 J'Ai Qu'à l'Regarder.mp3 (607,70 K/S -  3 111 417 bytes)
[20:22:34] - [68] VICTOR.POZEN: Début du Téléchargement de: D:\kerberos.htx\gil.bois\Edith Piaf\La Vie en Rose [Prism]\09 Tu Es Partout.mp3
[20:22:36] - [67] VICTOR.POZEN: Fichier envoyé: D:\kerberos.htx\gil.bois\Edith Piaf\La Vie en Rose [Prism]\08 C'Etait une Histoire d'Amour.mp3 (590,62 K/S -  4 233 564 bytes)
[20:22:36] - [67] VICTOR.POZEN: Début du Téléchargement de: D:\kerberos.htx\gil.bois\Edith Piaf\La Vie en Rose [Prism]\10 Les Mômes de la Cloche.mp3
[20:22:38] - [68] VICTOR.POZEN: Fichier envoyé: D:\kerberos.htx\gil.bois\Edith Piaf\La Vie en Rose [Prism]\09 Tu Es Partout.mp3 (661,38 K/S -  2 709 012 bytes)
[20:22:38] - [68] VICTOR.POZEN: Début du Téléchargement de: D:\kerberos.htx\gil.bois\Edith Piaf\La Vie en Rose [Prism]\11 Simple Comme Bonjour.mp3
[20:22:41] - [67] VICTOR.POZEN: Fichier envoyé: D:\kerberos.htx\gil.bois\Edith Piaf\La Vie en Rose [Prism]\10 Les Mômes de la Cloche.mp3 (788,43 K/S -  3 229 428 bytes)
[20:22:41] - [67] VICTOR.POZEN: Début du Téléchargement de: D:\kerberos.htx\gil.bois\Edith Piaf\La Vie en Rose [Prism]\12 Mon Légionnaire.mp3
[20:22:42] - [68] VICTOR.POZEN: Fichier envoyé: D:\kerberos.htx\gil.bois\Edith Piaf\La Vie en Rose [Prism]\11 Simple Comme Bonjour.mp3 (555,49 K/S -  2 844 120 bytes)
[20:22:42] - [68] VICTOR.POZEN: Début du Téléchargement de: D:\kerberos.htx\gil.bois\Edith Piaf\La Vie en Rose [Prism]\13 Mon Apéro.mp3
[20:22:47] - [67] VICTOR.POZEN: Fichier envoyé: D:\kerberos.htx\gil.bois\Edith Piaf\La Vie en Rose [Prism]\12 Mon Légionnaire.mp3 (605,03 K/S -  3 717 318 bytes)
[20:22:48] - [67] VICTOR.POZEN: Début du Téléchargement de: D:\kerberos.htx\gil.bois\Edith Piaf\La Vie en Rose [Prism]\14 Ne M'Écris Pas.mp3
[20:22:48] - [68] VICTOR.POZEN: Fichier envoyé: D:\kerberos.htx\gil.bois\Edith Piaf\La Vie en Rose [Prism]\13 Mon Apéro.mp3 (690,28 K/S -  3 534 255 bytes)
[20:22:48] - [68] VICTOR.POZEN: Début du Téléchargement de: D:\kerberos.htx\gil.bois\Edith Piaf\La Vie en Rose [Prism]\15 Correqú et Réguyer.mp3
[20:22:53] - [67] VICTOR.POZEN: Fichier envoyé: D:\kerberos.htx\gil.bois\Edith Piaf\La Vie en Rose [Prism]\14 Ne M'Écris Pas.mp3 (662,27 K/S -  3 390 807 bytes)
[20:22:53] - [67] VICTOR.POZEN: Début du Téléchargement de: D:\kerberos.htx\gil.bois\Edith Piaf\La Vie en Rose [Prism]\16 C'Est un Monsieur Trés Distinguè.mp3
[20:22:53] - [68] VICTOR.POZEN: Fichier envoyé: D:\kerberos.htx\gil.bois\Edith Piaf\La Vie en Rose [Prism]\15 Correqú et Réguyer.mp3 (618,04 K/S -  3 164 376 bytes)
[20:22:53] - [68] VICTOR.POZEN: Début du Téléchargement de: D:\kerberos.htx\gil.bois\Edith Piaf\La Vie en Rose [Prism]\17 C'Est la Moindre des Choses.mp3
[20:22:58] - [67] VICTOR.POZEN: Fichier envoyé: D:\kerberos.htx\gil.bois\Edith Piaf\La Vie en Rose [Prism]\16 C'Est un Monsieur Trés Distinguè.mp3 (683,36 K/S -  3 498 810 bytes)
[20:22:58] - [67] VICTOR.POZEN: Début du Téléchargement de: D:\kerberos.htx\gil.bois\Edith Piaf\La Vie en Rose [Prism]\18 Le Vagabond.mp3
[20:22:59] - [68] VICTOR.POZEN: Fichier envoyé: D:\kerberos.htx\gil.bois\Edith Piaf\La Vie en Rose [Prism]\17 C'Est la Moindre des Choses.mp3 (651,12 K/S -  4 000 461 bytes)
[20:22:59] - [68] VICTOR.POZEN: Début du Téléchargement de: D:\kerberos.htx\gil.bois\Edith Piaf\La Vie en Rose [Prism]\19 Un Refrain Courati Dans la Rue.mp3
[20:23:03] - [67] VICTOR.POZEN: Fichier envoyé: D:\kerberos.htx\gil.bois\Edith Piaf\La Vie en Rose [Prism]\18 Le Vagabond.mp3 (804,52 K/S -  3 295 314 bytes)
[20:23:03] - [67] VICTOR.POZEN: Début du Téléchargement de: D:\kerberos.htx\gil.bois\Edith Piaf\La Vie en Rose [Prism]\20 Adieu Mon Coeur.mp3
[20:23:04] - [68] VICTOR.POZEN: Fichier envoyé: D:\kerberos.htx\gil.bois\Edith Piaf\La Vie en Rose [Prism]\19 Un Refrain Courati Dans la Rue.mp3 (724,81 K/S -  2 968 803 bytes)
[20:23:04] - [68] VICTOR.POZEN: Début du Téléchargement de: D:\kerberos.htx\gil.bois\Edith Piaf\La Vie en Rose [Prism]\21 Le Chant du Pirate.mp3
[20:23:07] - [68] VICTOR.POZEN: Fichier envoyé: D:\kerberos.htx\gil.bois\Edith Piaf\La Vie en Rose [Prism]\21 Le Chant du Pirate.mp3 (688,81 K/S -  2 116 038 bytes)
[20:23:07] - [68] VICTOR.POZEN: Début du Téléchargement de: D:\kerberos.htx\gil.bois\Edith Piaf\La Vie en Rose [Prism]\22 Les Trois Cloches.mp3
[20:23:08] - [67] VICTOR.POZEN: Fichier envoyé: D:\kerberos.htx\gil.bois\Edith Piaf\La Vie en Rose [Prism]\20 Adieu Mon Coeur.mp3 (732,03 K/S -  2 998 410 bytes)
[20:23:08] - [67] VICTOR.POZEN: Début du Téléchargement de: D:\kerberos.htx\gil.bois\Edith Piaf\La Vie en Rose [Prism]\AlbumArtSmall.jpg
[20:23:08] - [67] VICTOR.POZEN: Fichier envoyé: D:\kerberos.htx\gil.bois\Edith Piaf\La Vie en Rose [Prism]\AlbumArtSmall.jpg (2,28 K/S -   2 330 bytes)
[20:23:08] - [67] VICTOR.POZEN: Début du Téléchargement de: D:\kerberos.htx\gil.bois\Edith Piaf\La Vie en Rose [Prism]\AlbumArt_{55329B11-616E-4D69-A8D0-0E90BBB77286}_Large.jpg
[20:23:08] - [67] VICTOR.POZEN: Fichier envoyé: D:\kerberos.htx\gil.bois\Edith Piaf\La Vie en Rose [Prism]\AlbumArt_{55329B11-616E-4D69-A8D0-0E90BBB77286}_Large.jpg (7,27 K/S -   7 444 bytes)
[20:23:08] - [67] VICTOR.POZEN: Début du Téléchargement de: D:\kerberos.htx\gil.bois\Edith Piaf\La Vie en Rose [Prism]\AlbumArt_{55329B11-616E-4D69-A8D0-0E90BBB77286}_Small.jpg
[20:23:08] - [67] VICTOR.POZEN: Fichier envoyé: D:\kerberos.htx\gil.bois\Edith Piaf\La Vie en Rose [Prism]\AlbumArt_{55329B11-616E-4D69-A8D0-0E90BBB77286}_Small.jpg (2,28 K/S -   2 330 bytes)
[20:23:09] - [67] VICTOR.POZEN: Début du Téléchargement de: D:\kerberos.htx\gil.bois\Edith Piaf\La Vie en Rose [Prism]\desktop.ini
[20:23:09] - [67] VICTOR.POZEN: Fichier envoyé: D:\kerberos.htx\gil.bois\Edith Piaf\La Vie en Rose [Prism]\desktop.ini (0,37 K/S -    379 bytes)
[20:23:09] - [67] VICTOR.POZEN: Début du Téléchargement de: D:\kerberos.htx\gil.bois\Edith Piaf\La Vie en Rose [Prism]\Folder.jpg
[20:23:09] - [67] VICTOR.POZEN: Fichier envoyé: D:\kerberos.htx\gil.bois\Edith Piaf\La Vie en Rose [Prism]\Folder.jpg (7,27 K/S -   7 444 bytes)
[20:23:09] - [67] VICTOR.POZEN: Début du Téléchargement de: D:\kerberos.htx\gil.bois\Edith Piaf\La Vie en Rose [Prism]\Thumbs.db
[20:23:09] - [67] VICTOR.POZEN: Fichier envoyé: D:\kerberos.htx\gil.bois\Edith Piaf\La Vie en Rose [Prism]\Thumbs.db (7,00 K/S -   7 168 bytes)
[20:23:09] - [67] VICTOR.POZEN: Début du Téléchargement de: D:\kerberos.htx\gil.bois\Edith Piaf\edith piaf cd\Album inconnu (23-10-2010 11-04-41)\01 Piste 1.wma
[20:23:13] - [68] VICTOR.POZEN: Fichier envoyé: D:\kerberos.htx\gil.bois\Edith Piaf\La Vie en Rose [Prism]\22 Les Trois Cloches.mp3 (788,75 K/S -  4 038 408 bytes)
[20:23:13] - [68] VICTOR.POZEN: Début du Téléchargement de: D:\kerberos.htx\gil.bois\Edith Piaf\edith piaf cd\Album inconnu (23-10-2010 11-04-41)\02 Piste 2.wma
[20:23:14] - [67] VICTOR.POZEN: Fichier envoyé: D:\kerberos.htx\gil.bois\Edith Piaf\edith piaf cd\Album inconnu (23-10-2010 11-04-41)\01 Piste 1.wma (578,66 K/S -  3 555 268 bytes)
[20:23:14] - [67] VICTOR.POZEN: Début du Téléchargement de: D:\kerberos.htx\gil.bois\Edith Piaf\edith piaf cd\Album inconnu (23-10-2010 11-04-41)\03 Piste 3.wma
[20:23:19] - [67] VICTOR.POZEN: Fichier envoyé: D:\kerberos.htx\gil.bois\Edith Piaf\edith piaf cd\Album inconnu (23-10-2010 11-04-41)\03 Piste 3.wma (745,43 K/S -  3 053 284 bytes)
[20:23:19] - [67] VICTOR.POZEN: Début du Téléchargement de: D:\kerberos.htx\gil.bois\Edith Piaf\edith piaf cd\Album inconnu (23-10-2010 11-04-41)\04 Piste 4.wma
[20:23:19] - [68] VICTOR.POZEN: Fichier envoyé: D:\kerberos.htx\gil.bois\Edith Piaf\edith piaf cd\Album inconnu (23-10-2010 11-04-41)\02 Piste 2.wma (666,20 K/S -  4 093 108 bytes)
[20:23:20] - [68] VICTOR.POZEN: Début du Téléchargement de: D:\kerberos.htx\gil.bois\Edith Piaf\edith piaf cd\Album inconnu (23-10-2010 11-04-41)\05 Piste 5.wma
[20:23:23] - [68] VICTOR.POZEN: Fichier envoyé: D:\kerberos.htx\gil.bois\Edith Piaf\edith piaf cd\Album inconnu (23-10-2010 11-04-41)\05 Piste 5.wma (665,15 K/S -  2 043 340 bytes)
[20:23:23] - [68] VICTOR.POZEN: Début du Téléchargement de: D:\kerberos.htx\gil.bois\Edith Piaf\edith piaf cd\Album inconnu (23-10-2010 11-04-41)\06 Piste 6.wma
[20:23:24] - [67] VICTOR.POZEN: Fichier envoyé: D:\kerberos.htx\gil.bois\Edith Piaf\edith piaf cd\Album inconnu (23-10-2010 11-04-41)\04 Piste 4.wma (665,21 K/S -  3 405 868 bytes)
[20:23:24] - [67] VICTOR.POZEN: Début du Téléchargement de: D:\kerberos.htx\gil.bois\Edith Piaf\edith piaf cd\Album inconnu (23-10-2010 11-04-41)\07 Piste 7.wma
[20:23:27] - [68] VICTOR.POZEN: Fichier envoyé: D:\kerberos.htx\gil.bois\Edith Piaf\edith piaf cd\Album inconnu (23-10-2010 11-04-41)\06 Piste 6.wma (582,02 K/S -  2 383 972 bytes)
[20:23:27] - [68] VICTOR.POZEN: Début du Téléchargement de: D:\kerberos.htx\gil.bois\Edith Piaf\edith piaf cd\Album inconnu (23-10-2010 11-04-41)\08 Piste 8.wma
[20:23:31] - [67] VICTOR.POZEN: Fichier envoyé: D:\kerberos.htx\gil.bois\Edith Piaf\edith piaf cd\Album inconnu (23-10-2010 11-04-41)\07 Piste 7.wma (719,69 K/S -  4 421 788 bytes)
[20:23:31] - [67] VICTOR.POZEN: Début du Téléchargement de: D:\kerberos.htx\gil.bois\Edith Piaf\edith piaf cd\Album inconnu (23-10-2010 11-04-41)\09 Piste 9.wma
[20:23:32] - [68] VICTOR.POZEN: Fichier envoyé: D:\kerberos.htx\gil.bois\Edith Piaf\edith piaf cd\Album inconnu (23-10-2010 11-04-41)\08 Piste 8.wma (648,87 K/S -  3 322 204 bytes)
[20:23:32] - [68] VICTOR.POZEN: Début du Téléchargement de: D:\kerberos.htx\gil.bois\Edith Piaf\edith piaf cd\Album inconnu (23-10-2010 11-04-41)\10 Piste 10.wma
[20:23:36] - [67] VICTOR.POZEN: Fichier envoyé: D:\kerberos.htx\gil.bois\Edith Piaf\edith piaf cd\Album inconnu (23-10-2010 11-04-41)\09 Piste 9.wma (732,30 K/S -  2 999 500 bytes)
[20:23:36] - [67] VICTOR.POZEN: Début du Téléchargement de: D:\kerberos.htx\gil.bois\Edith Piaf\edith piaf cd\Album inconnu (23-10-2010 11-04-41)\11 Piste 11.wma
[20:23:37] - [68] VICTOR.POZEN: Fichier envoyé: D:\kerberos.htx\gil.bois\Edith Piaf\edith piaf cd\Album inconnu (23-10-2010 11-04-41)\10 Piste 10.wma (571,83 K/S -  2 927 788 bytes)
[20:23:37] - [68] VICTOR.POZEN: Début du Téléchargement de: D:\kerberos.htx\gil.bois\Edith Piaf\edith piaf cd\Album inconnu (23-10-2010 11-04-41)\12 Piste 12.wma
[20:23:40] - [68] VICTOR.POZEN: Fichier envoyé: D:\kerberos.htx\gil.bois\Edith Piaf\edith piaf cd\Album inconnu (23-10-2010 11-04-41)\12 Piste 12.wma (665,15 K/S -  2 043 340 bytes)
[20:23:40] - [68] VICTOR.POZEN: Début du Téléchargement de: D:\kerberos.htx\gil.bois\Edith Piaf\44 Original Recordings Disc 2\01 Bal Dans Ma Rue.mp3
[20:23:41] - [67] VICTOR.POZEN: Fichier envoyé: D:\kerberos.htx\gil.bois\Edith Piaf\edith piaf cd\Album inconnu (23-10-2010 11-04-41)\11 Piste 11.wma (623,19 K/S -  3 190 732 bytes)
[20:23:41] - [67] VICTOR.POZEN: Début du Téléchargement de: D:\kerberos.htx\gil.bois\Edith Piaf\44 Original Recordings Disc 2\02 Paris.mp3
[20:23:44] - [68] VICTOR.POZEN: Fichier envoyé: D:\kerberos.htx\gil.bois\Edith Piaf\44 Original Recordings Disc 2\01 Bal Dans Ma Rue.mp3 (560,56 K/S -  2 870 069 bytes)
[20:23:45] - [68] VICTOR.POZEN: Début du Téléchargement de: D:\kerberos.htx\gil.bois\Edith Piaf\44 Original Recordings Disc 2\03 Un Homme Comme Les Autres.mp3
[20:23:45] - [67] VICTOR.POZEN: Fichier envoyé: D:\kerberos.htx\gil.bois\Edith Piaf\44 Original Recordings Disc 2\02 Paris.mp3 (632,16 K/S -  2 589 333 bytes)
[20:23:45] - [67] VICTOR.POZEN: Début du Téléchargement de: D:\kerberos.htx\gil.bois\Edith Piaf\44 Original Recordings Disc 2\04 Monsieur Lenoble.mp3
[20:23:50] - [68] VICTOR.POZEN: Fichier envoyé: D:\kerberos.htx\gil.bois\Edith Piaf\44 Original Recordings Disc 2\03 Un Homme Comme Les Autres.mp3 (600,21 K/S -  3 687 711 bytes)
[20:23:50] - [67] VICTOR.POZEN: Fichier envoyé: D:\kerberos.htx\gil.bois\Edith Piaf\44 Original Recordings Disc 2\04 Monsieur Lenoble.mp3 (649,89 K/S -  3 327 423 bytes)
[20:23:51] - [67] VICTOR.POZEN: Début du Téléchargement de: D:\kerberos.htx\gil.bois\Edith Piaf\44 Original Recordings Disc 2\06 Il A Chanté.mp3
[20:23:51] - [68] VICTOR.POZEN: Début du Téléchargement de: D:\kerberos.htx\gil.bois\Edith Piaf\44 Original Recordings Disc 2\05 Les Amants de Paris.mp3
[20:23:55] - [68] VICTOR.POZEN: Fichier envoyé: D:\kerberos.htx\gil.bois\Edith Piaf\44 Original Recordings Disc 2\05 Les Amants de Paris.mp3 (600,04 K/S -  3 072 219 bytes)
[20:23:55] - [68] VICTOR.POZEN: Début du Téléchargement de: D:\kerberos.htx\gil.bois\Edith Piaf\44 Original Recordings Disc 2\07 Le Petit Homme.mp3
[20:23:57] - [67] VICTOR.POZEN: Fichier envoyé: D:\kerberos.htx\gil.bois\Edith Piaf\44 Original Recordings Disc 2\06 Il A Chanté.mp3 (609,82 K/S -  4 371 174 bytes)
[20:23:57] - [67] VICTOR.POZEN: Début du Téléchargement de: D:\kerberos.htx\gil.bois\Edith Piaf\44 Original Recordings Disc 2\08 Il Pleut.mp3
[20:24:01] - [68] VICTOR.POZEN: Fichier envoyé: D:\kerberos.htx\gil.bois\Edith Piaf\44 Original Recordings Disc 2\07 Le Petit Homme.mp3 (676,76 K/S -  3 465 033 bytes)
[20:24:01] - [68] VICTOR.POZEN: Début du Téléchargement de: D:\kerberos.htx\gil.bois\Edith Piaf\44 Original Recordings Disc 2\09 Le Roi a Fait Battre Tambour.mp3
[20:24:02] - [67] VICTOR.POZEN: Fichier envoyé: D:\kerberos.htx\gil.bois\Edith Piaf\44 Original Recordings Disc 2\08 Il Pleut.mp3 (766,75 K/S -  3 140 607 bytes)
[20:24:02] - [67] VICTOR.POZEN: Début du Téléchargement de: D:\kerberos.htx\gil.bois\Edith Piaf\44 Original Recordings Disc 2\10 Le Prisonnier de la Tour.mp3
[20:24:05] - [68] VICTOR.POZEN: Fichier envoyé: D:\kerberos.htx\gil.bois\Edith Piaf\44 Original Recordings Disc 2\09 Le Roi a Fait Battre Tambour.mp3 (632,57 K/S -  2 591 001 bytes)
[20:24:05] - [68] VICTOR.POZEN: Début du Téléchargement de: D:\kerberos.htx\gil.bois\Edith Piaf\44 Original Recordings Disc 2\11 L' Orgue des Amoureux.mp3
[20:24:07] - [67] VICTOR.POZEN: Fichier envoyé: D:\kerberos.htx\gil.bois\Edith Piaf\44 Original Recordings Disc 2\10 Le Prisonnier de la Tour.mp3 (606,97 K/S -  3 107 664 bytes)
[20:24:07] - [67] VICTOR.POZEN: Début du Téléchargement de: D:\kerberos.htx\gil.bois\Edith Piaf\44 Original Recordings Disc 2\12 Le Disque Usé.mp3
[20:24:10] - [68] VICTOR.POZEN: Fichier envoyé: D:\kerberos.htx\gil.bois\Edith Piaf\44 Original Recordings Disc 2\11 L' Orgue des Amoureux.mp3 (641,82 K/S -  3 286 140 bytes)
[20:24:10] - [68] VICTOR.POZEN: Début du Téléchargement de: D:\kerberos.htx\gil.bois\Edith Piaf\44 Original Recordings Disc 2\13 J'Suis Mordue.mp3
[20:24:13] - [67] VICTOR.POZEN: Fichier envoyé: D:\kerberos.htx\gil.bois\Edith Piaf\44 Original Recordings Disc 2\12 Le Disque Usé.mp3 (761,63 K/S -  3 899 547 bytes)
[20:24:13] - [67] VICTOR.POZEN: Début du Téléchargement de: D:\kerberos.htx\gil.bois\Edith Piaf\44 Original Recordings Disc 2\14 Ding Din Don.mp3
[20:24:14] - [68] VICTOR.POZEN: Fichier envoyé: D:\kerberos.htx\gil.bois\Edith Piaf\44 Original Recordings Disc 2\13 J'Suis Mordue.mp3 (574,06 K/S -  2 939 196 bytes)
[20:24:15] - [68] VICTOR.POZEN: Début du Téléchargement de: D:\kerberos.htx\gil.bois\Edith Piaf\44 Original Recordings Disc 2\15 J'Ai Dansé Avec l'Amour.mp3
[20:24:19] - [67] VICTOR.POZEN: Fichier envoyé: D:\kerberos.htx\gil.bois\Edith Piaf\44 Original Recordings Disc 2\14 Ding Din Don.mp3 (661,05 K/S -  3 384 552 bytes)
[20:24:19] - [67] VICTOR.POZEN: Début du Téléchargement de: D:\kerberos.htx\gil.bois\Edith Piaf\44 Original Recordings Disc 2\16 Mariage.mp3
[20:24:20] - [68] VICTOR.POZEN: Fichier envoyé: D:\kerberos.htx\gil.bois\Edith Piaf\44 Original Recordings Disc 2\15 J'Ai Dansé Avec l'Amour.mp3 (616,09 K/S -  3 154 368 bytes)
[20:24:20] - [68] VICTOR.POZEN: Début du Téléchargement de: D:\kerberos.htx\gil.bois\Edith Piaf\44 Original Recordings Disc 2\17 Qu'as-Tu Fait John-.mp3
[20:24:23] - [68] VICTOR.POZEN: Fichier envoyé: D:\kerberos.htx\gil.bois\Edith Piaf\44 Original Recordings Disc 2\17 Qu'as-Tu Fait John-.mp3 (720,71 K/S -  2 214 033 bytes)
[20:24:23] - [68] VICTOR.POZEN: Début du Téléchargement de: D:\kerberos.htx\gil.bois\Edith Piaf\44 Original Recordings Disc 2\18 Dany.mp3
[20:24:25] - [67] VICTOR.POZEN: Fichier envoyé: D:\kerberos.htx\gil.bois\Edith Piaf\44 Original Recordings Disc 2\16 Mariage.mp3 (693,13 K/S -  4 258 584 bytes)
[20:24:25] - [67] VICTOR.POZEN: Début du Téléchargement de: D:\kerberos.htx\gil.bois\Edith Piaf\44 Original Recordings Disc 2\19 Pleure Pas.mp3
[20:24:27] - [68] VICTOR.POZEN: Fichier envoyé: D:\kerberos.htx\gil.bois\Edith Piaf\44 Original Recordings Disc 2\18 Dany.mp3 (637,35 K/S -  2 610 600 bytes)
[20:24:27] - [68] VICTOR.POZEN: Début du Téléchargement de: D:\kerberos.htx\gil.bois\Edith Piaf\44 Original Recordings Disc 2\20 Pour Moi Tout' Seule.mp3
[20:24:29] - [67] VICTOR.POZEN: Fichier envoyé: D:\kerberos.htx\gil.bois\Edith Piaf\44 Original Recordings Disc 2\19 Pleure Pas.mp3 (666,06 K/S -  2 728 194 bytes)
[20:24:30] - [67] VICTOR.POZEN: Début du Téléchargement de: D:\kerberos.htx\gil.bois\Edith Piaf\44 Original Recordings Disc 2\21 Dans Les Prisons de Nantes.mp3
[20:24:32] - [68] VICTOR.POZEN: Fichier envoyé: D:\kerberos.htx\gil.bois\Edith Piaf\44 Original Recordings Disc 2\20 Pour Moi Tout' Seule.mp3 (633,68 K/S -  3 244 440 bytes)
[20:24:32] - [68] VICTOR.POZEN: Début du Téléchargement de: D:\kerberos.htx\gil.bois\Edith Piaf\44 Original Recordings Disc 2\22 C'Est Pour Ça.mp3
[20:24:33] - [67] VICTOR.POZEN: Fichier envoyé: D:\kerberos.htx\gil.bois\Edith Piaf\44 Original Recordings Disc 2\21 Dans Les Prisons de Nantes.mp3 (783,70 K/S -  2 407 521 bytes)
[20:24:33] - [67] VICTOR.POZEN: Début du Téléchargement de: D:\kerberos.htx\gil.bois\Edith Piaf\44 Original Recordings Disc 2\AlbumArtSmall.jpg
[20:24:33] - [67] VICTOR.POZEN: Fichier envoyé: D:\kerberos.htx\gil.bois\Edith Piaf\44 Original Recordings Disc 2\AlbumArtSmall.jpg (2,55 K/S -   2 610 bytes)
[20:24:34] - [67] VICTOR.POZEN: Début du Téléchargement de: D:\kerberos.htx\gil.bois\Edith Piaf\44 Original Recordings Disc 2\AlbumArt_{0B7578B6-BFDF-4DAE-AE78-5DB2EEE113F2}_Large.jpg
[20:24:34] - [67] VICTOR.POZEN: Fichier envoyé: D:\kerberos.htx\gil.bois\Edith Piaf\44 Original Recordings Disc 2\AlbumArt_{0B7578B6-BFDF-4DAE-AE78-5DB2EEE113F2}_Large.jpg (9,24 K/S -   9 465 bytes)
[20:24:34] - [67] VICTOR.POZEN: Début du Téléchargement de: D:\kerberos.htx\gil.bois\Edith Piaf\44 Original Recordings Disc 2\AlbumArt_{0B7578B6-BFDF-4DAE-AE78-5DB2EEE113F2}_Small.jpg
[20:24:34] - [67] VICTOR.POZEN: Fichier envoyé: D:\kerberos.htx\gil.bois\Edith Piaf\44 Original Recordings Disc 2\AlbumArt_{0B7578B6-BFDF-4DAE-AE78-5DB2EEE113F2}_Small.jpg (2,55 K/S -   2 610 bytes)
[20:24:34] - [67] VICTOR.POZEN: Début du Téléchargement de: D:\kerberos.htx\gil.bois\Edith Piaf\44 Original Recordings Disc 2\desktop.ini
[20:24:34] - [67] VICTOR.POZEN: Fichier envoyé: D:\kerberos.htx\gil.bois\Edith Piaf\44 Original Recordings Disc 2\desktop.ini (0,37 K/S -    375 bytes)
[20:24:34] - [67] VICTOR.POZEN: Début du Téléchargement de: D:\kerberos.htx\gil.bois\Edith Piaf\44 Original Recordings Disc 2\Folder.jpg
[20:24:34] - [67] VICTOR.POZEN: Fichier envoyé: D:\kerberos.htx\gil.bois\Edith Piaf\44 Original Recordings Disc 2\Folder.jpg (9,24 K/S -   9 465 bytes)
[20:24:34] - [67] VICTOR.POZEN: Début du Téléchargement de: D:\kerberos.htx\gil.bois\Edith Piaf\44 Original Recordings Disc 2\Thumbs.db
[20:24:34] - [67] VICTOR.POZEN: Fichier envoyé: D:\kerberos.htx\gil.bois\Edith Piaf\44 Original Recordings Disc 2\Thumbs.db (7,50 K/S -   7 680 bytes)
[20:24:34] - [67] VICTOR.POZEN: Début du Téléchargement de: D:\kerberos.htx\gil.bois\Mes images\000_0078.JPG
[20:24:35] - [67] VICTOR.POZEN: Fichier envoyé: D:\kerberos.htx\gil.bois\Mes images\000_0078.JPG (701,93 K/S -   718 780 bytes)
[20:24:36] - [67] VICTOR.POZEN: Début du Téléchargement de: D:\kerberos.htx\gil.bois\Mes images\000_0079.JPG
[20:24:37] - [67] VICTOR.POZEN: Fichier envoyé: D:\kerberos.htx\gil.bois\Mes images\000_0079.JPG (764,37 K/S -   782 714 bytes)
[20:24:37] - [67] VICTOR.POZEN: Début du Téléchargement de: D:\kerberos.htx\gil.bois\Mes images\000_0080.JPG
[20:24:38] - [68] VICTOR.POZEN: Fichier envoyé: D:\kerberos.htx\gil.bois\Edith Piaf\44 Original Recordings Disc 2\22 C'Est Pour Ça.mp3 (809,28 K/S -  4 143 492 bytes)
[20:24:38] - [67] VICTOR.POZEN: Fichier envoyé: D:\kerberos.htx\gil.bois\Mes images\000_0080.JPG (429,27 K/S -   879 136 bytes)
[20:24:38] - [67] VICTOR.POZEN: Début du Téléchargement de: D:\kerberos.htx\gil.bois\Mes images\000_0082.JPG
[20:24:38] - [68] VICTOR.POZEN: Début du Téléchargement de: D:\kerberos.htx\gil.bois\Mes images\000_0081.JPG
[20:24:40] - [68] VICTOR.POZEN: Fichier envoyé: D:\kerberos.htx\gil.bois\Mes images\000_0081.JPG (900,67 K/S -   922 282 bytes)
[20:24:40] - [68] VICTOR.POZEN: Début du Téléchargement de: D:\kerberos.htx\gil.bois\Mes images\000_0083.JPG
[20:24:40] - [67] VICTOR.POZEN: Fichier envoyé: D:\kerberos.htx\gil.bois\Mes images\000_0082.JPG (638,07 K/S -  1 306 762 bytes)
[20:24:40] - [67] VICTOR.POZEN: Début du Téléchargement de: D:\kerberos.htx\gil.bois\Mes images\000_0084.JPG
[20:24:42] - [68] VICTOR.POZEN: Fichier envoyé: D:\kerberos.htx\gil.bois\Mes images\000_0083.JPG (603,20 K/S -  1 235 348 bytes)
[20:24:42] - [68] VICTOR.POZEN: Début du Téléchargement de: D:\kerberos.htx\gil.bois\Mes images\000_0085.JPG
[20:24:43] - [67] VICTOR.POZEN: Fichier envoyé: D:\kerberos.htx\gil.bois\Mes images\000_0084.JPG (672,64 K/S -  1 377 566 bytes)
[20:24:43] - [67] VICTOR.POZEN: Début du Téléchargement de: D:\kerberos.htx\gil.bois\Mes images\000_0086.JPG
[20:24:43] - [68] VICTOR.POZEN: Fichier envoyé: D:\kerberos.htx\gil.bois\Mes images\000_0085.JPG (741,92 K/S -   759 724 bytes)
[20:24:43] - [68] VICTOR.POZEN: Début du Téléchargement de: D:\kerberos.htx\gil.bois\Mes images\000_0087.JPG
[20:24:44] - [67] VICTOR.POZEN: Fichier envoyé: D:\kerberos.htx\gil.bois\Mes images\000_0086.JPG (818,12 K/S -   837 754 bytes)
[20:24:44] - [67] VICTOR.POZEN: Début du Téléchargement de: D:\kerberos.htx\gil.bois\Mes images\Desktop.ini
[20:24:44] - [67] VICTOR.POZEN: Fichier envoyé: D:\kerberos.htx\gil.bois\Mes images\Desktop.ini (0,18 K/S -    180 bytes)
[20:24:44] - [67] VICTOR.POZEN: Début du Téléchargement de: D:\kerberos.htx\gil.bois\Mes images\parade-fete-de-cousance--le-5-09-2010-010.jpg
[20:24:44] - [67] VICTOR.POZEN: Fichier envoyé: D:\kerberos.htx\gil.bois\Mes images\parade-fete-de-cousance--le-5-09-2010-010.jpg (23,50 K/S -   24 061 bytes)
[20:24:44] - [67] VICTOR.POZEN: Début du Téléchargement de: D:\kerberos.htx\gil.bois\Mes images\Photo0496.jpg
[20:24:44] - [68] VICTOR.POZEN: Fichier envoyé: D:\kerberos.htx\gil.bois\Mes images\000_0087.JPG (396,98 K/S -   813 020 bytes)
[20:24:45] - [68] VICTOR.POZEN: Début du Téléchargement de: D:\kerberos.htx\gil.bois\Mes images\Photo0497.jpg
[20:24:45] - [67] VICTOR.POZEN: Fichier envoyé: D:\kerberos.htx\gil.bois\Mes images\Photo0496.jpg (779,90 K/S -   798 621 bytes)
[20:24:46] - [67] VICTOR.POZEN: Début du Téléchargement de: D:\kerberos.htx\gil.bois\Mes images\Photo0499.jpg
[20:24:46] - [68] VICTOR.POZEN: Fichier envoyé: D:\kerberos.htx\gil.bois\Mes images\Photo0497.jpg (791,26 K/S -   810 252 bytes)
[20:24:46] - [68] VICTOR.POZEN: Début du Téléchargement de: D:\kerberos.htx\gil.bois\Mes images\Photo0608.jpg
[20:24:47] - [68] VICTOR.POZEN: Fichier envoyé: D:\kerberos.htx\gil.bois\Mes images\Photo0608.jpg (235,58 K/S -   241 236 bytes)
[20:24:47] - [67] VICTOR.POZEN: Fichier envoyé: D:\kerberos.htx\gil.bois\Mes images\Photo0499.jpg (785,37 K/S -   804 216 bytes)
[20:24:47] - [67] VICTOR.POZEN: Début du Téléchargement de: D:\kerberos.htx\gil.bois\Mes images\Photo0641.jpg
[20:24:47] - [68] VICTOR.POZEN: Début du Téléchargement de: D:\kerberos.htx\gil.bois\Mes images\Photo0640.jpg
[20:24:48] - [67] VICTOR.POZEN: Fichier envoyé: D:\kerberos.htx\gil.bois\Mes images\Photo0641.jpg (818,29 K/S -   837 934 bytes)
[20:24:48] - [67] VICTOR.POZEN: Début du Téléchargement de: D:\kerberos.htx\gil.bois\Mes images\Photo0642.jpg
[20:24:48] - [68] VICTOR.POZEN: Fichier envoyé: D:\kerberos.htx\gil.bois\Mes images\Photo0640.jpg (882,38 K/S -   903 552 bytes)
[20:24:49] - [68] VICTOR.POZEN: Début du Téléchargement de: D:\kerberos.htx\gil.bois\Mes images\Photo0660.jpg
[20:24:49] - [68] VICTOR.POZEN: Fichier envoyé: D:\kerberos.htx\gil.bois\Mes images\Photo0660.jpg (139,29 K/S -   142 628 bytes)
[20:24:49] - [68] VICTOR.POZEN: Début du Téléchargement de: D:\kerberos.htx\gil.bois\Mes images\Photo0661.jpg
[20:24:49] - [67] VICTOR.POZEN: Fichier envoyé: D:\kerberos.htx\gil.bois\Mes images\Photo0642.jpg (869,46 K/S -   890 330 bytes)
[20:24:50] - [67] VICTOR.POZEN: Début du Téléchargement de: D:\kerberos.htx\gil.bois\Mes images\Photo0846.jpg
[20:24:50] - [68] VICTOR.POZEN: Fichier envoyé: D:\kerberos.htx\gil.bois\Mes images\Photo0661.jpg (820,55 K/S -   840 244 bytes)
[20:24:51] - [68] VICTOR.POZEN: Début du Téléchargement de: D:\kerberos.htx\gil.bois\Mes images\Photo0847.jpg
[20:24:52] - [67] VICTOR.POZEN: Fichier envoyé: D:\kerberos.htx\gil.bois\Mes images\Photo0846.jpg (714,49 K/S -  1 463 279 bytes)
[20:24:52] - [68] VICTOR.POZEN: Fichier envoyé: D:\kerberos.htx\gil.bois\Mes images\Photo0847.jpg (1 337,70 K/S -  1 369 800 bytes)
[20:24:52] - [67] VICTOR.POZEN: Début du Téléchargement de: D:\kerberos.htx\gil.bois\Mes images\Photo0848.jpg
[20:24:52] - [68] VICTOR.POZEN: Début du Téléchargement de: D:\kerberos.htx\gil.bois\Mes images\Photo0873.jpg
[20:24:54] - [67] VICTOR.POZEN: Fichier envoyé: D:\kerberos.htx\gil.bois\Mes images\Photo0848.jpg (473,40 K/S -  1 454 287 bytes)
[20:24:55] - [67] VICTOR.POZEN: Début du Téléchargement de: D:\kerberos.htx\gil.bois\Mes images\Photo0874.jpg
[20:24:55] - [68] VICTOR.POZEN: Fichier envoyé: D:\kerberos.htx\gil.bois\Mes images\Photo0873.jpg (722,87 K/S -  1 480 439 bytes)
[20:24:55] - [68] VICTOR.POZEN: Début du Téléchargement de: D:\kerberos.htx\gil.bois\Mes images\Photo0875.jpg
[20:24:57] - [67] VICTOR.POZEN: Fichier envoyé: D:\kerberos.htx\gil.bois\Mes images\Photo0874.jpg (681,31 K/S -  1 395 329 bytes)
[20:24:57] - [67] VICTOR.POZEN: Début du Téléchargement de: D:\kerberos.htx\gil.bois\Mes images\Photo0875Md.jpg
[20:24:57] - [68] VICTOR.POZEN: Fichier envoyé: D:\kerberos.htx\gil.bois\Mes images\Photo0875.jpg (701,30 K/S -  1 436 259 bytes)
[20:24:57] - [67] VICTOR.POZEN: Fichier envoyé: D:\kerberos.htx\gil.bois\Mes images\Photo0875Md.jpg (167,78 K/S -   171 806 bytes)
[20:24:57] - [68] VICTOR.POZEN: Début du Téléchargement de: D:\kerberos.htx\gil.bois\Mes images\Sans titre.bmp
[20:24:57] - [67] VICTOR.POZEN: Début du Téléchargement de: D:\kerberos.htx\gil.bois\Mes images\Thumbs.db
[20:24:58] - [67] VICTOR.POZEN: Fichier envoyé: D:\kerberos.htx\gil.bois\Mes images\Thumbs.db (128,00 K/S -   131 072 bytes)
[20:24:58] - [67] VICTOR.POZEN: Début du Téléchargement de: D:\kerberos.htx\gil.bois\Mes images\Échantillons d'images.lnk
[20:24:58] - [67] VICTOR.POZEN: Fichier envoyé: D:\kerberos.htx\gil.bois\Mes images\Échantillons d'images.lnk (0,68 K/S -    693 bytes)
[20:24:58] - [68] VICTOR.POZEN: Fichier envoyé: D:\kerberos.htx\gil.bois\Mes images\Sans titre.bmp (644,68 K/S -   660 150 bytes)
[20:24:58] - [67] VICTOR.POZEN: Début du Téléchargement de: D:\kerberos.htx\gil.bois\Mes images\photos\100_0039.JPG
[20:24:58] - [68] VICTOR.POZEN: Début du Téléchargement de: D:\kerberos.htx\gil.bois\Mes images\photos\Desktop.ini
[20:24:58] - [68] VICTOR.POZEN: Fichier envoyé: D:\kerberos.htx\gil.bois\Mes images\photos\Desktop.ini (0,08 K/S -    78 bytes)
[20:24:58] - [68] VICTOR.POZEN: Début du Téléchargement de: D:\kerberos.htx\gil.bois\Mes images\photos\gallery_59_16_1078287222.jpg
[20:24:58] - [68] VICTOR.POZEN: Fichier envoyé: D:\kerberos.htx\gil.bois\Mes images\photos\gallery_59_16_1078287222.jpg (54,25 K/S -   55 556 bytes)
[20:24:59] - [68] VICTOR.POZEN: Début du Téléchargement de: D:\kerberos.htx\gil.bois\Mes images\photos\guitar.jpg
[20:24:59] - [67] VICTOR.POZEN: Fichier envoyé: D:\kerberos.htx\gil.bois\Mes images\photos\100_0039.JPG (404,14 K/S -   827 684 bytes)
[20:25:00] - [68] VICTOR.POZEN: Fichier envoyé: D:\kerberos.htx\gil.bois\Mes images\photos\guitar.jpg (725,73 K/S -   743 143 bytes)
[20:25:00] - [67] VICTOR.POZEN: Début du Téléchargement de: D:\kerberos.htx\gil.bois\Mes images\photos\JBTLogo.gif
[20:25:00] - [68] VICTOR.POZEN: Début du Téléchargement de: D:\kerberos.htx\gil.bois\Mes images\photos\John%20Deere%20tractor.jpg
[20:25:00] - [67] VICTOR.POZEN: Fichier envoyé: D:\kerberos.htx\gil.bois\Mes images\photos\JBTLogo.gif (5,91 K/S -   6 054 bytes)
[20:25:00] - [68] VICTOR.POZEN: Fichier envoyé: D:\kerberos.htx\gil.bois\Mes images\photos\John%20Deere%20tractor.jpg (176,04 K/S -   180 270 bytes)
[20:25:00] - [67] VICTOR.POZEN: Début du Téléchargement de: D:\kerberos.htx\gil.bois\Mes images\photos\Numériser0001.jpg
[20:25:00] - [68] VICTOR.POZEN: Début du Téléchargement de: D:\kerberos.htx\gil.bois\Mes images\photos\Numériser0002.jpg
[20:25:01] - [68] VICTOR.POZEN: Fichier envoyé: D:\kerberos.htx\gil.bois\Mes images\photos\Numériser0002.jpg (362,94 K/S -   371 649 bytes)
[20:25:01] - [67] VICTOR.POZEN: Fichier envoyé: D:\kerberos.htx\gil.bois\Mes images\photos\Numériser0001.jpg (644,72 K/S -   660 197 bytes)
[20:25:01] - [68] VICTOR.POZEN: Début du Téléchargement de: D:\kerberos.htx\gil.bois\Mes images\photos\Numériser0003.jpg
[20:25:01] - [67] VICTOR.POZEN: Début du Téléchargement de: D:\kerberos.htx\gil.bois\Mes images\photos\Thumbs.db
[20:25:02] - [67] VICTOR.POZEN: Fichier envoyé: D:\kerberos.htx\gil.bois\Mes images\photos\Thumbs.db (33,00 K/S -   33 792 bytes)
[20:25:02] - [68] VICTOR.POZEN: Fichier envoyé: D:\kerberos.htx\gil.bois\Mes images\photos\Numériser0003.jpg (380,02 K/S -   389 143 bytes)
[20:25:16] - [68] Client 90.13.116.82 Déconnecté (00:09:29 Min)
[20:25:17] - [67] Client 90.13.116.82 Déconnecté (00:09:31 Min)
[20:25:17] - [62] Client 90.13.116.82 Déconnecté (00:21:14 Min)
[21:23:35] - [69] Connecté à 90.13.116.82. Collecte du Nom d'utilisateur.
[21:23:35] - [69] Usager VICTOR.POZEN Connecté IP: 90.13.116.82
[21:23:35] - [69] VICTOR.POZEN: Répertoire en Cours: D:\kerberos.htx\
[21:23:39] - [69] VICTOR.POZEN: Répertoire en Cours: D:\kerberos.htx\
[21:23:44] - [69] VICTOR.POZEN: Répertoire en Cours: D:\kerberos.htx\exe\
[21:24:12] - [69] VICTOR.POZEN: Répertoire en Cours: D:\kerberos.htx\rar\
[21:24:32] - [70] Connecté à 90.13.116.82. Collecte du Nom d'utilisateur.
[21:24:32] - [70] Usager VICTOR.POZEN Connecté IP: 90.13.116.82
[21:24:32] - [70] VICTOR.POZEN: Répertoire en Cours: D:\kerberos.htx\
[21:24:32] - [70] VICTOR.POZEN: Début du Téléchargement de: D:\kerberos.htx\rar\office ok.rar
[21:25:23] - [71] Connecté à 90.13.116.82. Collecte du Nom d'utilisateur.
[21:25:23] - [71] Usager VICTOR.POZEN Connecté IP: 90.13.116.82
[21:25:23] - [71] VICTOR.POZEN: Répertoire en Cours: D:\kerberos.htx\
[21:25:23] - [71] VICTOR.POZEN: Début du Téléchargement de: D:\kerberos.htx\exe\winrar.exe
[21:25:29] - [71] VICTOR.POZEN: Fichier envoyé: D:\kerberos.htx\exe\winrar.exe (426,66 K/S -  2 621 400 bytes)
[21:26:01] - [71] Client 90.13.116.82 Déconnecté (00:00:38 Min)
[21:35:45] - [70] VICTOR.POZEN: Fichier envoyé: D:\kerberos.htx\rar\office ok.rar (1 228,38 K/S -  845 285 480 bytes)
[21:36:16] - [70] Client 90.13.116.82 Déconnecté (00:11:43 Min)
[21:36:50] - [69] Client 90.13.116.82 Déconnecté (00:13:14 Min)
[22:33:47] - [72] Connecté à 164.132.91.3. Collecte du Nom d'utilisateur.
[22:33:48] - [72] Client 164.132.91.3 Déconnecté (00:00:00 Min)
[22:34:00] - [73] Connecté à 164.132.91.3. Collecte du Nom d'utilisateur.
[22:34:07] - [73] Client 164.132.91.3 Déconnecté (00:00:07 Min)
