[04:54:57] - [17] Connecté à 202.83.102.53. Collecte du Nom d'utilisateur.
[04:54:58] - [17] Client 202.83.102.53 Déconnecté (00:00:00 Min)
[09:25:54] - [18] Connecté à 39.60.36.218. Collecte du Nom d'utilisateur.
[09:25:54] - [18] Authentification Incorrect: Utilisateur ADMIN IP: 39.60.36.218
[09:25:55] - [18] Client 39.60.36.218 Déconnecté (00:00:00 Min)
[10:42:08] - [19] Connecté à 90.125.133.75. Collecte du Nom d'utilisateur.
[10:42:08] - [19] Usager SPOKE.FILES Connecté IP: 90.125.133.75
[10:42:08] - [19] SPOKE.FILES: Répertoire en Cours: F:\spoke.files\
[10:42:08] - [19] SPOKE.FILES: Répertoire en Cours: F:\spoke.files\
[10:42:12] - [19] SPOKE.FILES: Répertoire en Cours: F:\spoke.files\progz\
[10:42:29] - [19] Client 90.125.133.75 Déconnecté (00:00:21 Min)
[10:42:29] - [20] Connecté à 90.125.133.75. Collecte du Nom d'utilisateur.
[10:42:29] - [20] Usager VICTOR.POZEN Connecté IP: 90.125.133.75
[10:42:29] - [20] VICTOR.POZEN: Répertoire en Cours: D:\kerberos.htx\
[10:42:30] - [20] VICTOR.POZEN: Répertoire en Cours: D:\kerberos.htx\
[10:42:34] - [20] VICTOR.POZEN: Répertoire en Cours: D:\kerberos.htx\jeu loren\
[10:42:47] - [20] VICTOR.POZEN: Répertoire en Cours: D:\kerberos.htx\gamez1\
[10:43:28] - [20] VICTOR.POZEN: Répertoire en Cours: D:\kerberos.htx\gamez1\Legends of Atlantis - Exodus\
[10:43:28] - [20] VICTOR.POZEN: Répertoire en Cours: D:\kerberos.htx\gamez1\Legends of Atlantis - Exodus\pics\
[10:43:28] - [20] VICTOR.POZEN: Répertoire en Cours: D:\kerberos.htx\gamez1\Legends of Atlantis - Exodus\Original\
[10:43:29] - [20] VICTOR.POZEN: Répertoire en Cours: D:\kerberos.htx\gamez1\Legends of Atlantis - Exodus\branding\
[10:43:29] - [20] VICTOR.POZEN: Répertoire en Cours: D:\kerberos.htx\gamez1\Rescue Team 3 - Full PreCracked - Foxy Games\
[10:43:30] - [20] VICTOR.POZEN: Répertoire en Cours: D:\kerberos.htx\gamez1\Rescue Team 3 - Full PreCracked - Foxy Games\Monument Builders - Tour Eiffel -RD09\
[10:43:30] - [20] VICTOR.POZEN: Répertoire en Cours: D:\kerberos.htx\gamez1\Rescue Team 3 - Full PreCracked - Foxy Games\Monument Builders - Tour Eiffel -RD09\pics\
[10:43:30] - [20] VICTOR.POZEN: Répertoire en Cours: D:\kerberos.htx\gamez1\Rescue Team 3 - Full PreCracked - Foxy Games\Monument Builders - Tour Eiffel -RD09\MB_Data\
[10:43:31] - [20] VICTOR.POZEN: Répertoire en Cours: D:\kerberos.htx\gamez1\Rescue Team 3 - Full PreCracked - Foxy Games\Monument Builders - Tour Eiffel -RD09\MB_Data\Resources\
[10:43:31] - [20] VICTOR.POZEN: Répertoire en Cours: D:\kerberos.htx\gamez1\Rescue Team 3 - Full PreCracked - Foxy Games\Monument Builders - Tour Eiffel -RD09\MB_Data\Mono\
[10:43:31] - [20] VICTOR.POZEN: Répertoire en Cours: D:\kerberos.htx\gamez1\Rescue Team 3 - Full PreCracked - Foxy Games\Monument Builders - Tour Eiffel -RD09\MB_Data\Mono\etc\
[10:43:32] - [20] VICTOR.POZEN: Répertoire en Cours: D:\kerberos.htx\gamez1\Rescue Team 3 - Full PreCracked - Foxy Games\Monument Builders - Tour Eiffel -RD09\MB_Data\Mono\etc\mono\
[10:43:32] - [20] VICTOR.POZEN: Répertoire en Cours: D:\kerberos.htx\gamez1\Rescue Team 3 - Full PreCracked - Foxy Games\Monument Builders - Tour Eiffel -RD09\MB_Data\Mono\etc\mono\mconfig\
[10:43:32] - [20] VICTOR.POZEN: Répertoire en Cours: D:\kerberos.htx\gamez1\Rescue Team 3 - Full PreCracked - Foxy Games\Monument Builders - Tour Eiffel -RD09\MB_Data\Mono\etc\mono\2.0\
[10:43:33] - [20] VICTOR.POZEN: Répertoire en Cours: D:\kerberos.htx\gamez1\Rescue Team 3 - Full PreCracked - Foxy Games\Monument Builders - Tour Eiffel -RD09\MB_Data\Mono\etc\mono\2.0\Browsers\
[10:43:33] - [20] VICTOR.POZEN: Répertoire en Cours: D:\kerberos.htx\gamez1\Rescue Team 3 - Full PreCracked - Foxy Games\Monument Builders - Tour Eiffel -RD09\MB_Data\Mono\etc\mono\1.0\
[10:43:33] - [20] VICTOR.POZEN: Répertoire en Cours: D:\kerberos.htx\gamez1\Rescue Team 3 - Full PreCracked - Foxy Games\Monument Builders - Tour Eiffel -RD09\MB_Data\Managed\
[10:43:34] - [20] VICTOR.POZEN: Répertoire en Cours: D:\kerberos.htx\gamez1\Roads of Rome FR\
[10:43:34] - [20] VICTOR.POZEN: Répertoire en Cours: D:\kerberos.htx\gamez1\Roads of Rome FR\Roads of Rome ( VF )\
[10:43:35] - [20] VICTOR.POZEN: Répertoire en Cours: D:\kerberos.htx\gamez1\Roads of Rome FR\Roads of Rome ( VF )\res\
[10:43:35] - [20] VICTOR.POZEN: Répertoire en Cours: D:\kerberos.htx\gamez1\Roads of Rome FR\Roads of Rome ( VF )\res\xml\
[10:43:35] - [20] VICTOR.POZEN: Répertoire en Cours: D:\kerberos.htx\gamez1\Roads of Rome FR\Roads of Rome ( VF )\res\xml\levels\
[10:43:36] - [20] VICTOR.POZEN: Répertoire en Cours: D:\kerberos.htx\gamez1\Roads of Rome FR\Roads of Rome ( VF )\res\xml\comics\
[10:43:36] - [20] VICTOR.POZEN: Répertoire en Cours: D:\kerberos.htx\gamez1\Roads of Rome FR\Roads of Rome ( VF )\res\fx\
[10:43:36] - [20] VICTOR.POZEN: Répertoire en Cours: D:\kerberos.htx\gamez1\Roads of Rome FR\Roads of Rome ( VF )\res\fonts\
[10:43:37] - [20] VICTOR.POZEN: Répertoire en Cours: D:\kerberos.htx\gamez1\Roads of Rome FR\Roads of Rome ( VF )\res\fonts\menu\
[10:43:37] - [20] VICTOR.POZEN: Répertoire en Cours: D:\kerberos.htx\gamez1\Roads of Rome FR\Roads of Rome ( VF )\res\animations\
[10:43:38] - [20] VICTOR.POZEN: Répertoire en Cours: D:\kerberos.htx\gamez1\RollerCoaster Tycoon 2 Triple Thrill Pack\
[10:43:38] - [20] VICTOR.POZEN: Répertoire en Cours: D:\kerberos.htx\gamez1\RollerCoaster Tycoon 2 Triple Thrill Pack\Scenarios\
[10:43:38] - [20] VICTOR.POZEN: Répertoire en Cours: D:\kerberos.htx\gamez1\RollerCoaster Tycoon 2 Triple Thrill Pack\RCT3_PREVIEW\
[10:43:39] - [20] VICTOR.POZEN: Répertoire en Cours: D:\kerberos.htx\gamez1\RollerCoaster Tycoon 2 Triple Thrill Pack\RCT3_PREVIEW\RCT3 Wallpapers\
[10:43:39] - [20] VICTOR.POZEN: Répertoire en Cours: D:\kerberos.htx\gamez1\RollerCoaster Tycoon 2 Triple Thrill Pack\Patch FR + Crack\
[10:43:39] - [20] VICTOR.POZEN: Répertoire en Cours: D:\kerberos.htx\gamez1\RollerCoaster Tycoon 2 Triple Thrill Pack\Manual\
[10:43:40] - [20] VICTOR.POZEN: Répertoire en Cours: D:\kerberos.htx\gamez1\RollerCoaster Tycoon 2 Triple Thrill Pack\DirectX\
[10:43:40] - [20] VICTOR.POZEN: Répertoire en Cours: D:\kerberos.htx\gamez1\RollerCoaster Tycoon 2 Triple Thrill Pack\Autorun\
[10:43:41] - [20] VICTOR.POZEN: Répertoire en Cours: D:\kerberos.htx\gamez1\RollerCoaster Tycoon 2 Triple Thrill Pack\Autorun\Art\
[10:43:41] - [20] VICTOR.POZEN: Répertoire en Cours: D:\kerberos.htx\gamez1\RollerCoaster_Tycoon_3_Premium\
[10:43:41] - [20] VICTOR.POZEN: Répertoire en Cours: D:\kerberos.htx\gamez1\RollerCoaster_Tycoon_3_Premium\Roller Coaster Tycoon 3\
[10:43:42] - [20] VICTOR.POZEN: Répertoire en Cours: D:\kerberos.htx\gamez1\RollerCoaster_Tycoon_3_Premium\Roller Coaster Tycoon 3\PlatinumNO-CD\
[10:43:42] - [20] VICTOR.POZEN: Répertoire en Cours: D:\kerberos.htx\gamez1\Supercow\
[10:43:42] - [20] VICTOR.POZEN: Répertoire en Cours: D:\kerberos.htx\gamez1\Supercow\pics\
[10:43:43] - [20] VICTOR.POZEN: Répertoire en Cours: D:\kerberos.htx\gamez1\Supercow\data\
[10:43:43] - [20] VICTOR.POZEN: Répertoire en Cours: D:\kerberos.htx\gamez1\Supercow\data\ui\
[10:43:43] - [20] VICTOR.POZEN: Répertoire en Cours: D:\kerberos.htx\gamez1\Supercow\data\txt\
[10:43:44] - [20] VICTOR.POZEN: Répertoire en Cours: D:\kerberos.htx\gamez1\Supercow\data\txt\us\
[10:43:44] - [20] VICTOR.POZEN: Répertoire en Cours: D:\kerberos.htx\gamez1\Supercow\data\trophies\
[10:43:45] - [20] VICTOR.POZEN: Répertoire en Cours: D:\kerberos.htx\gamez1\Supercow\data\sprites\
[10:43:45] - [20] VICTOR.POZEN: Répertoire en Cours: D:\kerberos.htx\gamez1\Supercow\data\sprites\Night\
[10:43:45] - [20] VICTOR.POZEN: Répertoire en Cours: D:\kerberos.htx\gamez1\Supercow\data\pers\
[10:43:46] - [20] VICTOR.POZEN: Répertoire en Cours: D:\kerberos.htx\gamez1\Supercow\data\levels\
[10:43:46] - [20] VICTOR.POZEN: Répertoire en Cours: D:\kerberos.htx\gamez1\Supercow\data\levels\9\
[10:43:46] - [20] VICTOR.POZEN: Répertoire en Cours: D:\kerberos.htx\gamez1\Supercow\data\levels\8\
[10:43:47] - [20] VICTOR.POZEN: Répertoire en Cours: D:\kerberos.htx\gamez1\Supercow\data\levels\7\
[10:43:47] - [20] VICTOR.POZEN: Répertoire en Cours: D:\kerberos.htx\gamez1\Supercow\data\levels\6\
[10:43:48] - [20] VICTOR.POZEN: Répertoire en Cours: D:\kerberos.htx\gamez1\Supercow\data\levels\5\
[10:43:48] - [20] VICTOR.POZEN: Répertoire en Cours: D:\kerberos.htx\gamez1\Supercow\data\levels\4\
[10:43:48] - [20] VICTOR.POZEN: Répertoire en Cours: D:\kerberos.htx\gamez1\Supercow\data\levels\3\
[10:43:49] - [20] VICTOR.POZEN: Répertoire en Cours: D:\kerberos.htx\gamez1\Supercow\data\levels\2\
[10:43:49] - [20] VICTOR.POZEN: Répertoire en Cours: D:\kerberos.htx\gamez1\Supercow\data\levels\12\
[10:43:50] - [20] VICTOR.POZEN: Répertoire en Cours: D:\kerberos.htx\gamez1\Supercow\data\levels\11\
[10:43:50] - [20] VICTOR.POZEN: Répertoire en Cours: D:\kerberos.htx\gamez1\Supercow\data\levels\10\
[10:43:50] - [20] VICTOR.POZEN: Répertoire en Cours: D:\kerberos.htx\gamez1\Supercow\data\levels\1\
[10:43:51] - [20] VICTOR.POZEN: Répertoire en Cours: D:\kerberos.htx\gamez1\Supercow\data\levelobjs\
[10:43:51] - [20] VICTOR.POZEN: Répertoire en Cours: D:\kerberos.htx\gamez1\Supercow\data\levelbacks\
[10:43:52] - [20] VICTOR.POZEN: Répertoire en Cours: D:\kerberos.htx\gamez1\Supercow\data\geomobjs\
[10:43:52] - [20] VICTOR.POZEN: Répertoire en Cours: D:\kerberos.htx\gamez1\Supercow\data\gamemap\
[10:43:53] - [20] VICTOR.POZEN: Répertoire en Cours: D:\kerberos.htx\gamez1\Supercow\data\comics\
[10:43:53] - [20] VICTOR.POZEN: Répertoire en Cours: D:\kerberos.htx\gamez1\Supercow\data\characters\
[10:43:54] - [20] VICTOR.POZEN: Répertoire en Cours: D:\kerberos.htx\gamez1\Supercow\data\audio\
[10:43:54] - [20] VICTOR.POZEN: Répertoire en Cours: D:\kerberos.htx\gamez1\Supercow\data\audio\voices_us\
[10:43:55] - [20] VICTOR.POZEN: Répertoire en Cours: D:\kerberos.htx\gamez1\Supercow\data\audio\sounds\
[10:43:55] - [20] VICTOR.POZEN: Répertoire en Cours: D:\kerberos.htx\gamez1\Supercow\data\audio\music\
[10:43:56] - [20] VICTOR.POZEN: Répertoire en Cours: D:\kerberos.htx\gamez1\Supercow\data\animbacks\
[10:43:56] - [20] VICTOR.POZEN: Répertoire en Cours: D:\kerberos.htx\gamez1\The island - Castaway 2 -RD09\
[10:43:56] - [20] VICTOR.POZEN: Répertoire en Cours: D:\kerberos.htx\gamez1\The island - Castaway 2 -RD09\ExternalIntro\
[10:43:57] - [20] VICTOR.POZEN: Répertoire en Cours: D:\kerberos.htx\gamez1\The island - Castaway 2 -RD09\DebugLogs\
[10:43:57] - [20] VICTOR.POZEN: Répertoire en Cours: D:\kerberos.htx\gamez1\The island - Castaway 2 -RD09\DebugLogs\Zip\
[10:43:58] - [20] VICTOR.POZEN: Répertoire en Cours: D:\kerberos.htx\gamez1\The Island Castaway\
[10:43:58] - [20] VICTOR.POZEN: Répertoire en Cours: D:\kerberos.htx\gamez1\The Island Castaway\pics\
[10:43:58] - [20] VICTOR.POZEN: Répertoire en Cours: D:\kerberos.htx\gamez1\The Island Castaway\ExternalIntro\
[10:43:59] - [20] VICTOR.POZEN: Répertoire en Cours: D:\kerberos.htx\gamez1\The Island Castaway\Exe Original\
[10:43:59] - [20] VICTOR.POZEN: Répertoire en Cours: D:\kerberos.htx\gamez1\The Island Castaway\DebugLogs\
[10:44:00] - [20] VICTOR.POZEN: Répertoire en Cours: D:\kerberos.htx\gamez1\The Island Castaway\DebugLogs\Zip\
[10:44:00] - [20] VICTOR.POZEN: Répertoire en Cours: D:\kerberos.htx\gamez1\Virtual villagers 3 + Crack\
[10:44:00] - [20] VICTOR.POZEN: Répertoire en Cours: D:\kerberos.htx\gamez1\Virtual villagers 3 + Crack\Crack\
[10:44:01] - [20] VICTOR.POZEN: Répertoire en Cours: D:\kerberos.htx\gamez1\Virtual Villagers 5 New Believers Deluxe ( VF )\
[10:44:01] - [20] VICTOR.POZEN: Répertoire en Cours: D:\kerberos.htx\gamez1\Virtual Villagers 5 New Believers Deluxe ( VF )\Sounds\
[10:44:02] - [20] VICTOR.POZEN: Répertoire en Cours: D:\kerberos.htx\gamez1\Virtual Villagers 5 New Believers Deluxe ( VF )\Images\
[10:44:03] - [20] VICTOR.POZEN: Répertoire en Cours: D:\kerberos.htx\gamez1\Virtual Villagers 5 New Believers Deluxe ( VF )\Assets\
[10:44:03] - [20] VICTOR.POZEN: Répertoire en Cours: D:\kerberos.htx\gamez1\Women’s Murder Club  La noirceur du mensonge.exe\
[10:44:04] - [20] VICTOR.POZEN: Répertoire en Cours: D:\kerberos.htx\gamez1\Women’s Murder Club  La noirceur du mensonge.exe\SplashScr\
[10:44:04] - [20] VICTOR.POZEN: Répertoire en Cours: D:\kerberos.htx\gamez1\Women’s Murder Club  La noirceur du mensonge.exe\omdata\
[10:44:04] - [20] VICTOR.POZEN: Répertoire en Cours: D:\kerberos.htx\gamez1\Women’s Murder Club  La noirceur du mensonge.exe\omdata\images\
[10:44:05] - [21] Connecté à 90.125.133.75. Collecte du Nom d'utilisateur.
[10:44:05] - [22] Connecté à 90.125.133.75. Collecte du Nom d'utilisateur.
[10:44:05] - [21] Usager VICTOR.POZEN Connecté IP: 90.125.133.75
[10:44:05] - [21] VICTOR.POZEN: Répertoire en Cours: D:\kerberos.htx\
[10:44:05] - [22] Usager VICTOR.POZEN Connecté IP: 90.125.133.75
[10:44:05] - [22] VICTOR.POZEN: Répertoire en Cours: D:\kerberos.htx\
[10:44:05] - [21] VICTOR.POZEN: Début du Téléchargement de: D:\kerberos.htx\gamez1\Legends of Atlantis - Exodus\atlantis_pc.vpb
[10:44:05] - [22] VICTOR.POZEN: Début du Téléchargement de: D:\kerberos.htx\gamez1\Legends of Atlantis - Exodus\atlantis_pc.vpi
[10:44:07] - [22] VICTOR.POZEN: Fichier envoyé: D:\kerberos.htx\gamez1\Legends of Atlantis - Exodus\atlantis_pc.vpi (46,71 K/S -   95 661 bytes)
[10:44:08] - [22] VICTOR.POZEN: Début du Téléchargement de: D:\kerberos.htx\gamez1\Legends of Atlantis - Exodus\game_atlantis_fr.exe
[10:46:08] - [22] VICTOR.POZEN: Fichier envoyé: D:\kerberos.htx\gamez1\Legends of Atlantis - Exodus\game_atlantis_fr.exe (48,37 K/S -  5 943 296 bytes)
[10:46:09] - [22] VICTOR.POZEN: Début du Téléchargement de: D:\kerberos.htx\gamez1\Legends of Atlantis - Exodus\pics\60x40.jpg
[10:46:09] - [22] VICTOR.POZEN: Fichier envoyé: D:\kerberos.htx\gamez1\Legends of Atlantis - Exodus\pics\60x40.jpg (2,82 K/S -   2 886 bytes)
[10:46:09] - [22] VICTOR.POZEN: Début du Téléchargement de: D:\kerberos.htx\gamez1\Legends of Atlantis - Exodus\pics\80x80.jpg
[10:46:09] - [22] VICTOR.POZEN: Fichier envoyé: D:\kerberos.htx\gamez1\Legends of Atlantis - Exodus\pics\80x80.jpg (4,53 K/S -   4 637 bytes)
[10:46:10] - [22] VICTOR.POZEN: Début du Téléchargement de: D:\kerberos.htx\gamez1\Legends of Atlantis - Exodus\pics\feature.jpg
[10:46:10] - [22] VICTOR.POZEN: Fichier envoyé: D:\kerberos.htx\gamez1\Legends of Atlantis - Exodus\pics\feature.jpg (14,17 K/S -   14 509 bytes)
[10:46:11] - [22] VICTOR.POZEN: Début du Téléchargement de: D:\kerberos.htx\gamez1\Legends of Atlantis - Exodus\Original\game_atlantis_fr.exe
[10:46:27] - [23] Connecté à 90.125.133.75. Collecte du Nom d'utilisateur.
[10:46:27] - [20] Client 90.125.133.75 Déconnecté (00:03:57 Min)
[10:46:27] - [23] Usager VICTOR.POZEN Connecté IP: 90.125.133.75
[10:46:27] - [23] VICTOR.POZEN: Répertoire en Cours: D:\kerberos.htx\
[10:47:42] - [22] VICTOR.POZEN: Fichier envoyé: D:\kerberos.htx\gamez1\Legends of Atlantis - Exodus\Original\game_atlantis_fr.exe (42,19 K/S -  3 974 528 bytes)
[10:47:43] - [22] VICTOR.POZEN: Début du Téléchargement de: D:\kerberos.htx\gamez1\Legends of Atlantis - Exodus\branding\splash1.jpg
[10:47:46] - [22] VICTOR.POZEN: Fichier envoyé: D:\kerberos.htx\gamez1\Legends of Atlantis - Exodus\branding\splash1.jpg (42,77 K/S -   175 183 bytes)
[10:47:47] - [22] VICTOR.POZEN: Début du Téléchargement de: D:\kerberos.htx\gamez1\Legends of Atlantis - Exodus\branding\splash2.jpg
[10:47:49] - [22] VICTOR.POZEN: Fichier envoyé: D:\kerberos.htx\gamez1\Legends of Atlantis - Exodus\branding\splash2.jpg (50,22 K/S -   102 859 bytes)
[10:47:49] - [22] VICTOR.POZEN: Début du Téléchargement de: D:\kerberos.htx\gamez1\Legends of Atlantis - Exodus\branding\Thumbs.db
[10:47:50] - [22] VICTOR.POZEN: Fichier envoyé: D:\kerberos.htx\gamez1\Legends of Atlantis - Exodus\branding\Thumbs.db (18,50 K/S -   18 944 bytes)
[10:47:50] - [22] VICTOR.POZEN: Début du Téléchargement de: D:\kerberos.htx\gamez1\Rescue Team 3 - Full PreCracked - Foxy Games\Rescue Team 3 - Full PreCracked - Foxy Games.exe
[10:49:22] - [23] VICTOR.POZEN: Répertoire en Cours: D:\kerberos.htx\pc dell\
[10:49:28] - [23] VICTOR.POZEN: Répertoire en Cours: D:\kerberos.htx\pc dell\AusLogics Disk Defrag\
[10:49:29] - [23] VICTOR.POZEN: Répertoire en Cours: D:\kerberos.htx\pc dell\AusLogics Disk Defrag\reports\
[10:49:31] - [23] VICTOR.POZEN: Répertoire en Cours: D:\kerberos.htx\pc dell\AusLogics Disk Defrag\Lang\
[10:49:32] - [23] VICTOR.POZEN: Répertoire en Cours: D:\kerberos.htx\pc dell\AusLogics Disk Defrag\Data\
[10:49:48] - [23] VICTOR.POZEN: Répertoire en Cours: D:\kerberos.htx\pc dell\film\
[10:50:08] - [23] VICTOR.POZEN: Répertoire en Cours: D:\kerberos.htx\http2\
[10:50:16] - [23] VICTOR.POZEN: Répertoire en Cours: D:\kerberos.htx\http2\last.googd\
[11:09:09] - [22] VICTOR.POZEN: Fichier envoyé: D:\kerberos.htx\gamez1\Rescue Team 3 - Full PreCracked - Foxy Games\Rescue Team 3 - Full PreCracked - Foxy Games.exe (49,03 K/S -  64 220 402 bytes)
[11:09:10] - [22] VICTOR.POZEN: Début du Téléchargement de: D:\kerberos.htx\gamez1\Rescue Team 3 - Full PreCracked - Foxy Games\Monument Builders - Tour Eiffel -RD09\cwzjbjp.exe
[11:09:25] - [23] Client 90.125.133.75 Déconnecté (00:22:58 Min)
[11:09:26] - [24] Connecté à 90.125.133.75. Collecte du Nom d'utilisateur.
[11:09:26] - [24] Usager VICTOR.POZEN Connecté IP: 90.125.133.75
[11:09:26] - [24] VICTOR.POZEN: Répertoire en Cours: D:\kerberos.htx\
[11:10:11] - [22] VICTOR.POZEN: Fichier envoyé: D:\kerberos.htx\gamez1\Rescue Team 3 - Full PreCracked - Foxy Games\Monument Builders - Tour Eiffel -RD09\cwzjbjp.exe (37,46 K/S -  2 340 184 bytes)
[11:10:11] - [22] VICTOR.POZEN: Début du Téléchargement de: D:\kerberos.htx\gamez1\Rescue Team 3 - Full PreCracked - Foxy Games\Monument Builders - Tour Eiffel -RD09\Info.txt
[11:10:11] - [22] VICTOR.POZEN: Fichier envoyé: D:\kerberos.htx\gamez1\Rescue Team 3 - Full PreCracked - Foxy Games\Monument Builders - Tour Eiffel -RD09\Info.txt (0,02 K/S -    18 bytes)
[11:10:12] - [22] VICTOR.POZEN: Début du Téléchargement de: D:\kerberos.htx\gamez1\Rescue Team 3 - Full PreCracked - Foxy Games\Monument Builders - Tour Eiffel -RD09\MB.exe
[11:12:56] - [22] VICTOR.POZEN: Fichier envoyé: D:\kerberos.htx\gamez1\Rescue Team 3 - Full PreCracked - Foxy Games\Monument Builders - Tour Eiffel -RD09\MB.exe (49,14 K/S -  8 252 416 bytes)
[11:12:56] - [22] VICTOR.POZEN: Début du Téléchargement de: D:\kerberos.htx\gamez1\Rescue Team 3 - Full PreCracked - Foxy Games\Monument Builders - Tour Eiffel -RD09\MB.exe.old
[11:16:43] - [22] VICTOR.POZEN: Fichier envoyé: D:\kerberos.htx\gamez1\Rescue Team 3 - Full PreCracked - Foxy Games\Monument Builders - Tour Eiffel -RD09\MB.exe.old (45,71 K/S -  10 671 448 bytes)
[11:16:44] - [22] VICTOR.POZEN: Début du Téléchargement de: D:\kerberos.htx\gamez1\Rescue Team 3 - Full PreCracked - Foxy Games\Monument Builders - Tour Eiffel -RD09\pics\60x40.jpg
[11:16:44] - [22] VICTOR.POZEN: Fichier envoyé: D:\kerberos.htx\gamez1\Rescue Team 3 - Full PreCracked - Foxy Games\Monument Builders - Tour Eiffel -RD09\pics\60x40.jpg (2,74 K/S -   2 801 bytes)
[11:16:45] - [22] VICTOR.POZEN: Début du Téléchargement de: D:\kerberos.htx\gamez1\Rescue Team 3 - Full PreCracked - Foxy Games\Monument Builders - Tour Eiffel -RD09\pics\80x80.jpg
[11:16:45] - [22] VICTOR.POZEN: Fichier envoyé: D:\kerberos.htx\gamez1\Rescue Team 3 - Full PreCracked - Foxy Games\Monument Builders - Tour Eiffel -RD09\pics\80x80.jpg (4,47 K/S -   4 578 bytes)
[11:16:45] - [22] VICTOR.POZEN: Début du Téléchargement de: D:\kerberos.htx\gamez1\Rescue Team 3 - Full PreCracked - Foxy Games\Monument Builders - Tour Eiffel -RD09\pics\feature.jpg
[11:16:46] - [22] VICTOR.POZEN: Fichier envoyé: D:\kerberos.htx\gamez1\Rescue Team 3 - Full PreCracked - Foxy Games\Monument Builders - Tour Eiffel -RD09\pics\feature.jpg (14,15 K/S -   14 492 bytes)
[11:16:47] - [22] VICTOR.POZEN: Début du Téléchargement de: D:\kerberos.htx\gamez1\Rescue Team 3 - Full PreCracked - Foxy Games\Monument Builders - Tour Eiffel -RD09\MB_Data\level0
[11:16:47] - [22] VICTOR.POZEN: Fichier envoyé: D:\kerberos.htx\gamez1\Rescue Team 3 - Full PreCracked - Foxy Games\Monument Builders - Tour Eiffel -RD09\MB_Data\level0 (16,50 K/S -   16 894 bytes)
[11:16:47] - [22] VICTOR.POZEN: Début du Téléchargement de: D:\kerberos.htx\gamez1\Rescue Team 3 - Full PreCracked - Foxy Games\Monument Builders - Tour Eiffel -RD09\MB_Data\level1
[11:16:48] - [22] VICTOR.POZEN: Fichier envoyé: D:\kerberos.htx\gamez1\Rescue Team 3 - Full PreCracked - Foxy Games\Monument Builders - Tour Eiffel -RD09\MB_Data\level1 (42,02 K/S -   43 028 bytes)
[11:16:49] - [22] VICTOR.POZEN: Début du Téléchargement de: D:\kerberos.htx\gamez1\Rescue Team 3 - Full PreCracked - Foxy Games\Monument Builders - Tour Eiffel -RD09\MB_Data\level2
[11:16:49] - [22] VICTOR.POZEN: Fichier envoyé: D:\kerberos.htx\gamez1\Rescue Team 3 - Full PreCracked - Foxy Games\Monument Builders - Tour Eiffel -RD09\MB_Data\level2 (18,66 K/S -   19 104 bytes)
[11:16:49] - [22] VICTOR.POZEN: Début du Téléchargement de: D:\kerberos.htx\gamez1\Rescue Team 3 - Full PreCracked - Foxy Games\Monument Builders - Tour Eiffel -RD09\MB_Data\level3
[11:16:50] - [22] VICTOR.POZEN: Fichier envoyé: D:\kerberos.htx\gamez1\Rescue Team 3 - Full PreCracked - Foxy Games\Monument Builders - Tour Eiffel -RD09\MB_Data\level3 (17,59 K/S -   18 010 bytes)
[11:16:50] - [22] VICTOR.POZEN: Début du Téléchargement de: D:\kerberos.htx\gamez1\Rescue Team 3 - Full PreCracked - Foxy Games\Monument Builders - Tour Eiffel -RD09\MB_Data\level4
[11:16:53] - [22] VICTOR.POZEN: Fichier envoyé: D:\kerberos.htx\gamez1\Rescue Team 3 - Full PreCracked - Foxy Games\Monument Builders - Tour Eiffel -RD09\MB_Data\level4 (38,30 K/S -   156 876 bytes)
[11:16:54] - [22] VICTOR.POZEN: Début du Téléchargement de: D:\kerberos.htx\gamez1\Rescue Team 3 - Full PreCracked - Foxy Games\Monument Builders - Tour Eiffel -RD09\MB_Data\level5
[11:16:54] - [22] VICTOR.POZEN: Fichier envoyé: D:\kerberos.htx\gamez1\Rescue Team 3 - Full PreCracked - Foxy Games\Monument Builders - Tour Eiffel -RD09\MB_Data\level5 (3,50 K/S -   3 581 bytes)
[11:16:54] - [22] VICTOR.POZEN: Début du Téléchargement de: D:\kerberos.htx\gamez1\Rescue Team 3 - Full PreCracked - Foxy Games\Monument Builders - Tour Eiffel -RD09\MB_Data\level6
[11:16:54] - [22] VICTOR.POZEN: Fichier envoyé: D:\kerberos.htx\gamez1\Rescue Team 3 - Full PreCracked - Foxy Games\Monument Builders - Tour Eiffel -RD09\MB_Data\level6 (4,19 K/S -   4 295 bytes)
[11:16:55] - [22] VICTOR.POZEN: Début du Téléchargement de: D:\kerberos.htx\gamez1\Rescue Team 3 - Full PreCracked - Foxy Games\Monument Builders - Tour Eiffel -RD09\MB_Data\level7
[11:16:55] - [22] VICTOR.POZEN: Fichier envoyé: D:\kerberos.htx\gamez1\Rescue Team 3 - Full PreCracked - Foxy Games\Monument Builders - Tour Eiffel -RD09\MB_Data\level7 (0,73 K/S -    748 bytes)
[11:16:55] - [22] VICTOR.POZEN: Début du Téléchargement de: D:\kerberos.htx\gamez1\Rescue Team 3 - Full PreCracked - Foxy Games\Monument Builders - Tour Eiffel -RD09\MB_Data\mainData
[11:16:56] - [22] VICTOR.POZEN: Fichier envoyé: D:\kerberos.htx\gamez1\Rescue Team 3 - Full PreCracked - Foxy Games\Monument Builders - Tour Eiffel -RD09\MB_Data\mainData (21,59 K/S -   22 107 bytes)
[11:16:56] - [22] VICTOR.POZEN: Début du Téléchargement de: D:\kerberos.htx\gamez1\Rescue Team 3 - Full PreCracked - Foxy Games\Monument Builders - Tour Eiffel -RD09\MB_Data\output_log.txt
[11:16:56] - [22] VICTOR.POZEN: Fichier envoyé: D:\kerberos.htx\gamez1\Rescue Team 3 - Full PreCracked - Foxy Games\Monument Builders - Tour Eiffel -RD09\MB_Data\output_log.txt (12,75 K/S -   13 053 bytes)
[11:16:57] - [22] VICTOR.POZEN: Début du Téléchargement de: D:\kerberos.htx\gamez1\Rescue Team 3 - Full PreCracked - Foxy Games\Monument Builders - Tour Eiffel -RD09\MB_Data\resources.assets
[11:31:53] - [22] VICTOR.POZEN: Fichier envoyé: D:\kerberos.htx\gamez1\Rescue Team 3 - Full PreCracked - Foxy Games\Monument Builders - Tour Eiffel -RD09\MB_Data\resources.assets (50,49 K/S -  46 373 000 bytes)
[11:31:54] - [22] VICTOR.POZEN: Début du Téléchargement de: D:\kerberos.htx\gamez1\Rescue Team 3 - Full PreCracked - Foxy Games\Monument Builders - Tour Eiffel -RD09\MB_Data\sharedassets0.assets
[11:33:46] - [22] VICTOR.POZEN: Fichier envoyé: D:\kerberos.htx\gamez1\Rescue Team 3 - Full PreCracked - Foxy Games\Monument Builders - Tour Eiffel -RD09\MB_Data\sharedassets0.assets (50,34 K/S -  5 773 292 bytes)
[11:33:46] - [22] VICTOR.POZEN: Début du Téléchargement de: D:\kerberos.htx\gamez1\Rescue Team 3 - Full PreCracked - Foxy Games\Monument Builders - Tour Eiffel -RD09\MB_Data\sharedassets0.assets.streamingResourceImage
[11:34:42] - [25] Connecté à 90.125.133.75. Collecte du Nom d'utilisateur.
[11:34:43] - [25] Usager VICTOR.POZEN Connecté IP: 90.125.133.75
[11:34:43] - [25] VICTOR.POZEN: Répertoire en Cours: D:\kerberos.htx\
[11:34:43] - [25] VICTOR.POZEN: Répertoire en Cours: D:\kerberos.htx\
[11:35:32] - [22] VICTOR.POZEN: Fichier envoyé: D:\kerberos.htx\gamez1\Rescue Team 3 - Full PreCracked - Foxy Games\Monument Builders - Tour Eiffel -RD09\MB_Data\sharedassets0.assets.streamingResourceImage (48,61 K/S -  5 276 602 bytes)
[11:35:33] - [22] VICTOR.POZEN: Début du Téléchargement de: D:\kerberos.htx\gamez1\Rescue Team 3 - Full PreCracked - Foxy Games\Monument Builders - Tour Eiffel -RD09\MB_Data\sharedassets1.assets
[11:36:43] - [25] Client 90.125.133.75 Déconnecté (00:02:00 Min)
[11:36:50] - [24] VICTOR.POZEN: Répertoire en Cours: D:\kerberos.htx\http2\
[11:51:08] - [22] VICTOR.POZEN: Fichier envoyé: D:\kerberos.htx\gamez1\Rescue Team 3 - Full PreCracked - Foxy Games\Monument Builders - Tour Eiffel -RD09\MB_Data\sharedassets1.assets (50,42 K/S -  48 274 684 bytes)
[11:51:08] - [22] VICTOR.POZEN: Début du Téléchargement de: D:\kerberos.htx\gamez1\Rescue Team 3 - Full PreCracked - Foxy Games\Monument Builders - Tour Eiffel -RD09\MB_Data\sharedassets2.assets
[11:52:56] - [22] VICTOR.POZEN: Fichier envoyé: D:\kerberos.htx\gamez1\Rescue Team 3 - Full PreCracked - Foxy Games\Monument Builders - Tour Eiffel -RD09\MB_Data\sharedassets2.assets (49,85 K/S -  5 512 886 bytes)
[11:52:57] - [22] VICTOR.POZEN: Début du Téléchargement de: D:\kerberos.htx\gamez1\Rescue Team 3 - Full PreCracked - Foxy Games\Monument Builders - Tour Eiffel -RD09\MB_Data\sharedassets3.assets
[12:06:00] - [26] Connecté à 90.125.133.75. Collecte du Nom d'utilisateur.
[12:06:00] - [26] Usager VICTOR.POZEN Connecté IP: 90.125.133.75
[12:06:00] - [26] VICTOR.POZEN: Répertoire en Cours: D:\kerberos.htx\
[12:06:01] - [26] VICTOR.POZEN: Répertoire en Cours: D:\kerberos.htx\
[12:06:16] - [27] Connecté à 90.125.133.75. Collecte du Nom d'utilisateur.
[12:06:16] - [27] Usager VICTOR.POZEN Connecté IP: 90.125.133.75
[12:06:16] - [27] VICTOR.POZEN: Répertoire en Cours: D:\kerberos.htx\
[12:06:17] - [27] VICTOR.POZEN: Début d'Upload de D:\kerberos.htx\accents.html
[12:06:19] - [27] VICTOR.POZEN: Fichier Upload: D:\kerberos.htx\accents.html (100,88 K/S -   206 602 bytes)
[12:06:22] - [27] Client 90.125.133.75 Déconnecté (00:00:06 Min)
[12:06:22] - [26] Client 90.125.133.75 Déconnecté (00:00:22 Min)
[12:20:15] - [28] Connecté à 90.125.133.75. Collecte du Nom d'utilisateur.
[12:20:16] - [28] Usager VICTOR.POZEN Connecté IP: 90.125.133.75
[12:20:16] - [28] VICTOR.POZEN: Répertoire en Cours: D:\kerberos.htx\
[12:20:16] - [28] VICTOR.POZEN: Répertoire en Cours: D:\kerberos.htx\
[12:20:37] - [29] Connecté à 90.125.133.75. Collecte du Nom d'utilisateur.
[12:20:37] - [29] Usager VICTOR.POZEN Connecté IP: 90.125.133.75
[12:20:37] - [29] VICTOR.POZEN: Répertoire en Cours: D:\kerberos.htx\
[12:20:38] - [29] VICTOR.POZEN: Début du Téléchargement de: D:\kerberos.htx\accents.html
[12:20:44] - [29] VICTOR.POZEN: Fichier envoyé: D:\kerberos.htx\accents.html (33,63 K/S -   206 602 bytes)
[12:20:46] - [29] Client 90.125.133.75 Déconnecté (00:00:09 Min)
[12:20:46] - [28] Client 90.125.133.75 Déconnecté (00:00:31 Min)
[12:21:44] - [22] VICTOR.POZEN: Fichier envoyé: D:\kerberos.htx\gamez1\Rescue Team 3 - Full PreCracked - Foxy Games\Monument Builders - Tour Eiffel -RD09\MB_Data\sharedassets3.assets (49,95 K/S -  88 327 111 bytes)
[12:21:45] - [22] VICTOR.POZEN: Début du Téléchargement de: D:\kerberos.htx\gamez1\Rescue Team 3 - Full PreCracked - Foxy Games\Monument Builders - Tour Eiffel -RD09\MB_Data\sharedassets4.assets
[12:21:45] - [22] VICTOR.POZEN: Fichier envoyé: D:\kerberos.htx\gamez1\Rescue Team 3 - Full PreCracked - Foxy Games\Monument Builders - Tour Eiffel -RD09\MB_Data\sharedassets4.assets (4,63 K/S -   4 738 bytes)
[12:21:45] - [22] VICTOR.POZEN: Début du Téléchargement de: D:\kerberos.htx\gamez1\Rescue Team 3 - Full PreCracked - Foxy Games\Monument Builders - Tour Eiffel -RD09\MB_Data\sharedassets5.assets
[12:25:02] - [22] VICTOR.POZEN: Fichier envoyé: D:\kerberos.htx\gamez1\Rescue Team 3 - Full PreCracked - Foxy Games\Monument Builders - Tour Eiffel -RD09\MB_Data\sharedassets5.assets (50,23 K/S -  10 131 967 bytes)
[12:25:02] - [22] VICTOR.POZEN: Début du Téléchargement de: D:\kerberos.htx\gamez1\Rescue Team 3 - Full PreCracked - Foxy Games\Monument Builders - Tour Eiffel -RD09\MB_Data\sharedassets6.assets
[12:32:38] - [22] VICTOR.POZEN: Fichier envoyé: D:\kerberos.htx\gamez1\Rescue Team 3 - Full PreCracked - Foxy Games\Monument Builders - Tour Eiffel -RD09\MB_Data\sharedassets6.assets (51,00 K/S -  23 812 965 bytes)
[12:32:38] - [22] VICTOR.POZEN: Début du Téléchargement de: D:\kerberos.htx\gamez1\Rescue Team 3 - Full PreCracked - Foxy Games\Monument Builders - Tour Eiffel -RD09\MB_Data\sharedassets7.assets
[12:39:04] - [22] VICTOR.POZEN: Fichier envoyé: D:\kerberos.htx\gamez1\Rescue Team 3 - Full PreCracked - Foxy Games\Monument Builders - Tour Eiffel -RD09\MB_Data\sharedassets7.assets (50,51 K/S -  19 965 415 bytes)
[12:39:05] - [22] VICTOR.POZEN: Début du Téléchargement de: D:\kerberos.htx\gamez1\Rescue Team 3 - Full PreCracked - Foxy Games\Monument Builders - Tour Eiffel -RD09\MB_Data\sharedassets8.assets
[12:39:05] - [22] VICTOR.POZEN: Fichier envoyé: D:\kerberos.htx\gamez1\Rescue Team 3 - Full PreCracked - Foxy Games\Monument Builders - Tour Eiffel -RD09\MB_Data\sharedassets8.assets (0,12 K/S -    124 bytes)
[12:39:06] - [22] VICTOR.POZEN: Début du Téléchargement de: D:\kerberos.htx\gamez1\Rescue Team 3 - Full PreCracked - Foxy Games\Monument Builders - Tour Eiffel -RD09\MB_Data\Resources\unity default resources
[12:40:02] - [22] VICTOR.POZEN: Fichier envoyé: D:\kerberos.htx\gamez1\Rescue Team 3 - Full PreCracked - Foxy Games\Monument Builders - Tour Eiffel -RD09\MB_Data\Resources\unity default resources (49,92 K/S -  2 862 603 bytes)
[12:40:03] - [22] VICTOR.POZEN: Début du Téléchargement de: D:\kerberos.htx\gamez1\Rescue Team 3 - Full PreCracked - Foxy Games\Monument Builders - Tour Eiffel -RD09\MB_Data\Mono\mono.dll
[12:40:44] - [22] VICTOR.POZEN: Fichier envoyé: D:\kerberos.htx\gamez1\Rescue Team 3 - Full PreCracked - Foxy Games\Monument Builders - Tour Eiffel -RD09\MB_Data\Mono\mono.dll (49,71 K/S -  2 086 912 bytes)
[12:40:45] - [22] VICTOR.POZEN: Début du Téléchargement de: D:\kerberos.htx\gamez1\Rescue Team 3 - Full PreCracked - Foxy Games\Monument Builders - Tour Eiffel -RD09\MB_Data\Mono\etc\mono\browscap.ini
[12:40:51] - [22] VICTOR.POZEN: Fichier envoyé: D:\kerberos.htx\gamez1\Rescue Team 3 - Full PreCracked - Foxy Games\Monument Builders - Tour Eiffel -RD09\MB_Data\Mono\etc\mono\browscap.ini (50,78 K/S -   311 984 bytes)
[12:40:52] - [22] VICTOR.POZEN: Début du Téléchargement de: D:\kerberos.htx\gamez1\Rescue Team 3 - Full PreCracked - Foxy Games\Monument Builders - Tour Eiffel -RD09\MB_Data\Mono\etc\mono\config
[12:40:52] - [22] VICTOR.POZEN: Fichier envoyé: D:\kerberos.htx\gamez1\Rescue Team 3 - Full PreCracked - Foxy Games\Monument Builders - Tour Eiffel -RD09\MB_Data\Mono\etc\mono\config (1,65 K/S -   1 691 bytes)
[12:40:53] - [22] VICTOR.POZEN: Début du Téléchargement de: D:\kerberos.htx\gamez1\Rescue Team 3 - Full PreCracked - Foxy Games\Monument Builders - Tour Eiffel -RD09\MB_Data\Mono\etc\mono\mconfig\config.xml
[12:40:53] - [22] VICTOR.POZEN: Fichier envoyé: D:\kerberos.htx\gamez1\Rescue Team 3 - Full PreCracked - Foxy Games\Monument Builders - Tour Eiffel -RD09\MB_Data\Mono\etc\mono\mconfig\config.xml (25,21 K/S -   25 817 bytes)
[12:40:54] - [22] VICTOR.POZEN: Début du Téléchargement de: D:\kerberos.htx\gamez1\Rescue Team 3 - Full PreCracked - Foxy Games\Monument Builders - Tour Eiffel -RD09\MB_Data\Mono\etc\mono\2.0\DefaultWsdlHelpGenerator.aspx
[12:40:57] - [22] VICTOR.POZEN: Fichier envoyé: D:\kerberos.htx\gamez1\Rescue Team 3 - Full PreCracked - Foxy Games\Monument Builders - Tour Eiffel -RD09\MB_Data\Mono\etc\mono\2.0\DefaultWsdlHelpGenerator.aspx (29,52 K/S -   60 453 bytes)
[12:40:58] - [22] VICTOR.POZEN: Début du Téléchargement de: D:\kerberos.htx\gamez1\Rescue Team 3 - Full PreCracked - Foxy Games\Monument Builders - Tour Eiffel -RD09\MB_Data\Mono\etc\mono\2.0\machine.config
[12:40:58] - [22] VICTOR.POZEN: Fichier envoyé: D:\kerberos.htx\gamez1\Rescue Team 3 - Full PreCracked - Foxy Games\Monument Builders - Tour Eiffel -RD09\MB_Data\Mono\etc\mono\2.0\machine.config (26,98 K/S -   27 626 bytes)
[12:40:59] - [22] VICTOR.POZEN: Début du Téléchargement de: D:\kerberos.htx\gamez1\Rescue Team 3 - Full PreCracked - Foxy Games\Monument Builders - Tour Eiffel -RD09\MB_Data\Mono\etc\mono\2.0\settings.map
[12:40:59] - [22] VICTOR.POZEN: Fichier envoyé: D:\kerberos.htx\gamez1\Rescue Team 3 - Full PreCracked - Foxy Games\Monument Builders - Tour Eiffel -RD09\MB_Data\Mono\etc\mono\2.0\settings.map (2,56 K/S -   2 618 bytes)
[12:40:59] - [22] VICTOR.POZEN: Début du Téléchargement de: D:\kerberos.htx\gamez1\Rescue Team 3 - Full PreCracked - Foxy Games\Monument Builders - Tour Eiffel -RD09\MB_Data\Mono\etc\mono\2.0\web.config
[12:40:59] - [22] VICTOR.POZEN: Fichier envoyé: D:\kerberos.htx\gamez1\Rescue Team 3 - Full PreCracked - Foxy Games\Monument Builders - Tour Eiffel -RD09\MB_Data\Mono\etc\mono\2.0\web.config (11,41 K/S -   11 686 bytes)
[12:41:00] - [22] VICTOR.POZEN: Début du Téléchargement de: D:\kerberos.htx\gamez1\Rescue Team 3 - Full PreCracked - Foxy Games\Monument Builders - Tour Eiffel -RD09\MB_Data\Mono\etc\mono\2.0\Browsers\Compat.browser
[12:41:00] - [22] VICTOR.POZEN: Fichier envoyé: D:\kerberos.htx\gamez1\Rescue Team 3 - Full PreCracked - Foxy Games\Monument Builders - Tour Eiffel -RD09\MB_Data\Mono\etc\mono\2.0\Browsers\Compat.browser (1,57 K/S -   1 605 bytes)
[12:41:01] - [22] VICTOR.POZEN: Début du Téléchargement de: D:\kerberos.htx\gamez1\Rescue Team 3 - Full PreCracked - Foxy Games\Monument Builders - Tour Eiffel -RD09\MB_Data\Mono\etc\mono\1.0\DefaultWsdlHelpGenerator.aspx
[12:41:04] - [22] VICTOR.POZEN: Fichier envoyé: D:\kerberos.htx\gamez1\Rescue Team 3 - Full PreCracked - Foxy Games\Monument Builders - Tour Eiffel -RD09\MB_Data\Mono\etc\mono\1.0\DefaultWsdlHelpGenerator.aspx (28,42 K/S -   58 196 bytes)
[12:41:04] - [22] VICTOR.POZEN: Début du Téléchargement de: D:\kerberos.htx\gamez1\Rescue Team 3 - Full PreCracked - Foxy Games\Monument Builders - Tour Eiffel -RD09\MB_Data\Mono\etc\mono\1.0\machine.config
[12:41:05] - [22] VICTOR.POZEN: Fichier envoyé: D:\kerberos.htx\gamez1\Rescue Team 3 - Full PreCracked - Foxy Games\Monument Builders - Tour Eiffel -RD09\MB_Data\Mono\etc\mono\1.0\machine.config (16,85 K/S -   17 259 bytes)
[12:41:06] - [22] VICTOR.POZEN: Début du Téléchargement de: D:\kerberos.htx\gamez1\Rescue Team 3 - Full PreCracked - Foxy Games\Monument Builders - Tour Eiffel -RD09\MB_Data\Managed\Assembly-CSharp-firstpass.dll
[12:41:13] - [22] VICTOR.POZEN: Fichier envoyé: D:\kerberos.htx\gamez1\Rescue Team 3 - Full PreCracked - Foxy Games\Monument Builders - Tour Eiffel -RD09\MB_Data\Managed\Assembly-CSharp-firstpass.dll (48,64 K/S -   348 672 bytes)
[12:41:13] - [22] VICTOR.POZEN: Début du Téléchargement de: D:\kerberos.htx\gamez1\Rescue Team 3 - Full PreCracked - Foxy Games\Monument Builders - Tour Eiffel -RD09\MB_Data\Managed\Assembly-CSharp.dll
[12:41:18] - [22] VICTOR.POZEN: Fichier envoyé: D:\kerberos.htx\gamez1\Rescue Team 3 - Full PreCracked - Foxy Games\Monument Builders - Tour Eiffel -RD09\MB_Data\Managed\Assembly-CSharp.dll (45,90 K/S -   235 008 bytes)
[12:41:18] - [22] VICTOR.POZEN: Début du Téléchargement de: D:\kerberos.htx\gamez1\Rescue Team 3 - Full PreCracked - Foxy Games\Monument Builders - Tour Eiffel -RD09\MB_Data\Managed\Assembly-UnityScript.dll
[12:41:18] - [22] VICTOR.POZEN: Fichier envoyé: D:\kerberos.htx\gamez1\Rescue Team 3 - Full PreCracked - Foxy Games\Monument Builders - Tour Eiffel -RD09\MB_Data\Managed\Assembly-UnityScript.dll (2,50 K/S -   2 560 bytes)
[12:41:19] - [22] VICTOR.POZEN: Début du Téléchargement de: D:\kerberos.htx\gamez1\Rescue Team 3 - Full PreCracked - Foxy Games\Monument Builders - Tour Eiffel -RD09\MB_Data\Managed\Mono.Security.dll
[12:41:25] - [22] VICTOR.POZEN: Fichier envoyé: D:\kerberos.htx\gamez1\Rescue Team 3 - Full PreCracked - Foxy Games\Monument Builders - Tour Eiffel -RD09\MB_Data\Managed\Mono.Security.dll (47,67 K/S -   292 864 bytes)
[12:41:25] - [22] VICTOR.POZEN: Début du Téléchargement de: D:\kerberos.htx\gamez1\Rescue Team 3 - Full PreCracked - Foxy Games\Monument Builders - Tour Eiffel -RD09\MB_Data\Managed\mscorlib.dll
[12:42:14] - [22] VICTOR.POZEN: Fichier envoyé: D:\kerberos.htx\gamez1\Rescue Team 3 - Full PreCracked - Foxy Games\Monument Builders - Tour Eiffel -RD09\MB_Data\Managed\mscorlib.dll (49,73 K/S -  2 495 488 bytes)
[12:42:14] - [22] VICTOR.POZEN: Début du Téléchargement de: D:\kerberos.htx\gamez1\Rescue Team 3 - Full PreCracked - Foxy Games\Monument Builders - Tour Eiffel -RD09\MB_Data\Managed\System.dll
[12:42:35] - [22] VICTOR.POZEN: Fichier envoyé: D:\kerberos.htx\gamez1\Rescue Team 3 - Full PreCracked - Foxy Games\Monument Builders - Tour Eiffel -RD09\MB_Data\Managed\System.dll (52,18 K/S -  1 068 544 bytes)
[12:42:36] - [22] VICTOR.POZEN: Début du Téléchargement de: D:\kerberos.htx\gamez1\Rescue Team 3 - Full PreCracked - Foxy Games\Monument Builders - Tour Eiffel -RD09\MB_Data\Managed\System.Xml.dll
[12:43:00] - [22] VICTOR.POZEN: Fichier envoyé: D:\kerberos.htx\gamez1\Rescue Team 3 - Full PreCracked - Foxy Games\Monument Builders - Tour Eiffel -RD09\MB_Data\Managed\System.Xml.dll (50,15 K/S -  1 232 384 bytes)
[12:43:00] - [22] VICTOR.POZEN: Début du Téléchargement de: D:\kerberos.htx\gamez1\Rescue Team 3 - Full PreCracked - Foxy Games\Monument Builders - Tour Eiffel -RD09\MB_Data\Managed\UnityEngine.dll
[12:43:09] - [22] VICTOR.POZEN: Fichier envoyé: D:\kerberos.htx\gamez1\Rescue Team 3 - Full PreCracked - Foxy Games\Monument Builders - Tour Eiffel -RD09\MB_Data\Managed\UnityEngine.dll (51,00 K/S -   417 792 bytes)
[12:43:09] - [22] VICTOR.POZEN: Début du Téléchargement de: D:\kerberos.htx\gamez1\Rescue Team 3 - Full PreCracked - Foxy Games\Monument Builders - Tour Eiffel -RD09\MB_Data\Managed\UnityEngine.dll.mdb
[12:43:12] - [22] VICTOR.POZEN: Fichier envoyé: D:\kerberos.htx\gamez1\Rescue Team 3 - Full PreCracked - Foxy Games\Monument Builders - Tour Eiffel -RD09\MB_Data\Managed\UnityEngine.dll.mdb (67,65 K/S -   138 552 bytes)
[12:43:13] - [22] VICTOR.POZEN: Début du Téléchargement de: D:\kerberos.htx\gamez1\Roads of Rome FR\Roads of Rome 1 et 2.NFO
[12:43:13] - [22] VICTOR.POZEN: Fichier envoyé: D:\kerberos.htx\gamez1\Roads of Rome FR\Roads of Rome 1 et 2.NFO (0,36 K/S -    364 bytes)
[12:43:14] - [22] VICTOR.POZEN: Début du Téléchargement de: D:\kerberos.htx\gamez1\Roads of Rome FR\Roads of Rome 1.rar
[13:15:01] - [21] VICTOR.POZEN: Fichier envoyé: D:\kerberos.htx\gamez1\Legends of Atlantis - Exodus\atlantis_pc.vpb (50,08 K/S -  464 384 841 bytes)
[13:15:20] - [21] Client 90.125.133.75 Déconnecté (02:31:15 Min)
[13:15:31] - [30] Connecté à 90.125.133.75. Collecte du Nom d'utilisateur.
[13:15:31] - [30] Usager VICTOR.POZEN Connecté IP: 90.125.133.75
[13:15:31] - [30] VICTOR.POZEN: Répertoire en Cours: D:\kerberos.htx\
[13:15:32] - [30] VICTOR.POZEN: Résumé du Téléchargement de: D:\kerberos.htx\gamez1\Legends of Atlantis - Exodus\atlantis_pc.vpb A:  464 384 841 bytes
[13:15:32] - [30] VICTOR.POZEN: Fichier envoyé: D:\kerberos.htx\gamez1\Legends of Atlantis - Exodus\atlantis_pc.vpb (4,535E5 K/S -  464 384 841 bytes)
[13:15:33] - [30] VICTOR.POZEN: Début du Téléchargement de: D:\kerberos.htx\gamez1\Roads of Rome FR\Roads of Rome 2.rar
[13:30:44] - [22] VICTOR.POZEN: Fichier envoyé: D:\kerberos.htx\gamez1\Roads of Rome FR\Roads of Rome 1.rar (51,53 K/S -  150 434 766 bytes)
[13:30:45] - [22] VICTOR.POZEN: Début du Téléchargement de: D:\kerberos.htx\gamez1\Roads of Rome FR\RoadsofRome2293x167.jpg
[13:30:45] - [22] VICTOR.POZEN: Fichier envoyé: D:\kerberos.htx\gamez1\Roads of Rome FR\RoadsofRome2293x167.jpg (29,97 K/S -   30 688 bytes)
[13:30:46] - [22] VICTOR.POZEN: Début du Téléchargement de: D:\kerberos.htx\gamez1\Roads of Rome FR\RoadsOfRome293x167.jpg
[13:30:46] - [22] VICTOR.POZEN: Fichier envoyé: D:\kerberos.htx\gamez1\Roads of Rome FR\RoadsOfRome293x167.jpg (24,80 K/S -   25 397 bytes)
[13:30:47] - [22] VICTOR.POZEN: Début du Téléchargement de: D:\kerberos.htx\gamez1\Roads of Rome FR\Thumbs.db
[13:30:47] - [22] VICTOR.POZEN: Fichier envoyé: D:\kerberos.htx\gamez1\Roads of Rome FR\Thumbs.db (11,00 K/S -   11 264 bytes)
[13:30:48] - [22] VICTOR.POZEN: Début du Téléchargement de: D:\kerberos.htx\gamez1\Roads of Rome FR\Roads of Rome ( VF )\bass.dll
[13:30:50] - [22] VICTOR.POZEN: Fichier envoyé: D:\kerberos.htx\gamez1\Roads of Rome FR\Roads of Rome ( VF )\bass.dll (30,35 K/S -   93 240 bytes)
[13:30:51] - [22] VICTOR.POZEN: Début du Téléchargement de: D:\kerberos.htx\gamez1\Roads of Rome FR\Roads of Rome ( VF )\gameinst.xml
[13:30:51] - [22] VICTOR.POZEN: Fichier envoyé: D:\kerberos.htx\gamez1\Roads of Rome FR\Roads of Rome ( VF )\gameinst.xml (0,19 K/S -    192 bytes)
[13:30:51] - [22] VICTOR.POZEN: Début du Téléchargement de: D:\kerberos.htx\gamez1\Roads of Rome FR\Roads of Rome ( VF )\main - Copy.pak
[13:49:29] - [30] VICTOR.POZEN: Fichier envoyé: D:\kerberos.htx\gamez1\Roads of Rome FR\Roads of Rome 2.rar (50,42 K/S -  105 108 613 bytes)
[13:49:30] - [30] VICTOR.POZEN: Début du Téléchargement de: D:\kerberos.htx\gamez1\Roads of Rome FR\Roads of Rome ( VF )\main.pak
[13:54:10] - [22] VICTOR.POZEN: Fichier envoyé: D:\kerberos.htx\gamez1\Roads of Rome FR\Roads of Rome ( VF )\main - Copy.pak (50,37 K/S -  72 152 351 bytes)
[13:54:10] - [22] VICTOR.POZEN: Début du Téléchargement de: D:\kerberos.htx\gamez1\Roads of Rome FR\Roads of Rome ( VF )\pyro.dll
[13:54:19] - [22] VICTOR.POZEN: Fichier envoyé: D:\kerberos.htx\gamez1\Roads of Rome FR\Roads of Rome ( VF )\pyro.dll (47,56 K/S -   438 272 bytes)
[13:54:19] - [22] VICTOR.POZEN: Début du Téléchargement de: D:\kerberos.htx\gamez1\Roads of Rome FR\Roads of Rome ( VF )\RoadsOfRome.exe
[13:55:30] - [22] VICTOR.POZEN: Fichier envoyé: D:\kerberos.htx\gamez1\Roads of Rome FR\Roads of Rome ( VF )\RoadsOfRome.exe (49,86 K/S -  3 624 960 bytes)
[13:55:31] - [22] VICTOR.POZEN: Début du Téléchargement de: D:\kerberos.htx\gamez1\Roads of Rome FR\Roads of Rome ( VF )\Version.txt
[13:55:31] - [22] VICTOR.POZEN: Fichier envoyé: D:\kerberos.htx\gamez1\Roads of Rome FR\Roads of Rome ( VF )\Version.txt (0,02 K/S -    19 bytes)
[13:55:32] - [22] VICTOR.POZEN: Début du Téléchargement de: D:\kerberos.htx\gamez1\Roads of Rome FR\Roads of Rome ( VF )\res\First_Logo.jpg
[13:55:35] - [22] VICTOR.POZEN: Fichier envoyé: D:\kerberos.htx\gamez1\Roads of Rome FR\Roads of Rome ( VF )\res\First_Logo.jpg (51,35 K/S -   157 746 bytes)
[13:55:35] - [22] VICTOR.POZEN: Début du Téléchargement de: D:\kerberos.htx\gamez1\Roads of Rome FR\Roads of Rome ( VF )\res\REALORE.JPG
[13:55:38] - [22] VICTOR.POZEN: Fichier envoyé: D:\kerberos.htx\gamez1\Roads of Rome FR\Roads of Rome ( VF )\res\REALORE.JPG (39,62 K/S -   121 719 bytes)
[13:55:38] - [22] VICTOR.POZEN: Début du Téléchargement de: D:\kerberos.htx\gamez1\Roads of Rome FR\Roads of Rome ( VF )\res\splash.xml
[13:55:38] - [22] VICTOR.POZEN: Fichier envoyé: D:\kerberos.htx\gamez1\Roads of Rome FR\Roads of Rome ( VF )\res\splash.xml (0,21 K/S -    213 bytes)
[13:55:38] - [22] VICTOR.POZEN: Début du Téléchargement de: D:\kerberos.htx\gamez1\Roads of Rome FR\Roads of Rome ( VF )\res\Whiterra.jpg
[13:55:43] - [22] VICTOR.POZEN: Fichier envoyé: D:\kerberos.htx\gamez1\Roads of Rome FR\Roads of Rome ( VF )\res\Whiterra.jpg (58,90 K/S -   241 262 bytes)
[13:55:44] - [22] VICTOR.POZEN: Début du Téléchargement de: D:\kerberos.htx\gamez1\Roads of Rome FR\Roads of Rome ( VF )\res\xml\broken.xml
[13:55:44] - [22] VICTOR.POZEN: Fichier envoyé: D:\kerberos.htx\gamez1\Roads of Rome FR\Roads of Rome ( VF )\res\xml\broken.xml (4,30 K/S -   4 402 bytes)
[13:55:45] - [22] VICTOR.POZEN: Début du Téléchargement de: D:\kerberos.htx\gamez1\Roads of Rome FR\Roads of Rome ( VF )\res\xml\dialogs.xml
[13:55:45] - [22] VICTOR.POZEN: Fichier envoyé: D:\kerberos.htx\gamez1\Roads of Rome FR\Roads of Rome ( VF )\res\xml\dialogs.xml (35,11 K/S -   35 951 bytes)
[13:55:46] - [22] VICTOR.POZEN: Début du Téléchargement de: D:\kerberos.htx\gamez1\Roads of Rome FR\Roads of Rome ( VF )\res\xml\resources.xml
[13:55:47] - [22] VICTOR.POZEN: Fichier envoyé: D:\kerberos.htx\gamez1\Roads of Rome FR\Roads of Rome ( VF )\res\xml\resources.xml (40,89 K/S -   41 874 bytes)
[13:55:47] - [22] VICTOR.POZEN: Début du Téléchargement de: D:\kerberos.htx\gamez1\Roads of Rome FR\Roads of Rome ( VF )\res\xml\string.xml
[13:55:48] - [22] VICTOR.POZEN: Fichier envoyé: D:\kerberos.htx\gamez1\Roads of Rome FR\Roads of Rome ( VF )\res\xml\string.xml (30,01 K/S -   30 727 bytes)
[13:55:48] - [22] VICTOR.POZEN: Début du Téléchargement de: D:\kerberos.htx\gamez1\Roads of Rome FR\Roads of Rome ( VF )\res\xml\tutorial.xml
[13:55:48] - [22] VICTOR.POZEN: Fichier envoyé: D:\kerberos.htx\gamez1\Roads of Rome FR\Roads of Rome ( VF )\res\xml\tutorial.xml (7,31 K/S -   7 490 bytes)
[13:55:49] - [22] VICTOR.POZEN: Début du Téléchargement de: D:\kerberos.htx\gamez1\Roads of Rome FR\Roads of Rome ( VF )\res\xml\levels\achievements.xml
[13:55:49] - [22] VICTOR.POZEN: Fichier envoyé: D:\kerberos.htx\gamez1\Roads of Rome FR\Roads of Rome ( VF )\res\xml\levels\achievements.xml (2,72 K/S -   2 782 bytes)
[13:55:50] - [22] VICTOR.POZEN: Début du Téléchargement de: D:\kerberos.htx\gamez1\Roads of Rome FR\Roads of Rome ( VF )\res\xml\levels\blast.xml
[13:55:50] - [22] VICTOR.POZEN: Fichier envoyé: D:\kerberos.htx\gamez1\Roads of Rome FR\Roads of Rome ( VF )\res\xml\levels\blast.xml (1,23 K/S -   1 260 bytes)
[13:55:50] - [22] VICTOR.POZEN: Début du Téléchargement de: D:\kerberos.htx\gamez1\Roads of Rome FR\Roads of Rome ( VF )\res\xml\levels\level01.xml
[13:55:50] - [22] VICTOR.POZEN: Fichier envoyé: D:\kerberos.htx\gamez1\Roads of Rome FR\Roads of Rome ( VF )\res\xml\levels\level01.xml (6,55 K/S -   6 712 bytes)
[13:55:51] - [22] VICTOR.POZEN: Début du Téléchargement de: D:\kerberos.htx\gamez1\Roads of Rome FR\Roads of Rome ( VF )\res\xml\levels\level02.xml
[13:55:51] - [22] VICTOR.POZEN: Fichier envoyé: D:\kerberos.htx\gamez1\Roads of Rome FR\Roads of Rome ( VF )\res\xml\levels\level02.xml (7,79 K/S -   7 981 bytes)
[13:55:52] - [22] VICTOR.POZEN: Début du Téléchargement de: D:\kerberos.htx\gamez1\Roads of Rome FR\Roads of Rome ( VF )\res\xml\levels\level03.xml
[13:55:52] - [22] VICTOR.POZEN: Fichier envoyé: D:\kerberos.htx\gamez1\Roads of Rome FR\Roads of Rome ( VF )\res\xml\levels\level03.xml (7,93 K/S -   8 116 bytes)
[13:55:52] - [22] VICTOR.POZEN: Début du Téléchargement de: D:\kerberos.htx\gamez1\Roads of Rome FR\Roads of Rome ( VF )\res\xml\levels\level04.xml
[13:55:52] - [22] VICTOR.POZEN: Fichier envoyé: D:\kerberos.htx\gamez1\Roads of Rome FR\Roads of Rome ( VF )\res\xml\levels\level04.xml (10,60 K/S -   10 859 bytes)
[13:55:53] - [22] VICTOR.POZEN: Début du Téléchargement de: D:\kerberos.htx\gamez1\Roads of Rome FR\Roads of Rome ( VF )\res\xml\levels\level05.xml
[13:55:53] - [22] VICTOR.POZEN: Fichier envoyé: D:\kerberos.htx\gamez1\Roads of Rome FR\Roads of Rome ( VF )\res\xml\levels\level05.xml (8,76 K/S -   8 971 bytes)
[13:55:53] - [22] VICTOR.POZEN: Début du Téléchargement de: D:\kerberos.htx\gamez1\Roads of Rome FR\Roads of Rome ( VF )\res\xml\levels\level06.xml
[13:55:53] - [22] VICTOR.POZEN: Fichier envoyé: D:\kerberos.htx\gamez1\Roads of Rome FR\Roads of Rome ( VF )\res\xml\levels\level06.xml (9,16 K/S -   9 379 bytes)
[13:55:54] - [22] VICTOR.POZEN: Début du Téléchargement de: D:\kerberos.htx\gamez1\Roads of Rome FR\Roads of Rome ( VF )\res\xml\levels\level07.xml
[13:55:54] - [22] VICTOR.POZEN: Fichier envoyé: D:\kerberos.htx\gamez1\Roads of Rome FR\Roads of Rome ( VF )\res\xml\levels\level07.xml (9,27 K/S -   9 489 bytes)
[13:55:54] - [22] VICTOR.POZEN: Début du Téléchargement de: D:\kerberos.htx\gamez1\Roads of Rome FR\Roads of Rome ( VF )\res\xml\levels\level08.xml
[13:55:55] - [22] VICTOR.POZEN: Fichier envoyé: D:\kerberos.htx\gamez1\Roads of Rome FR\Roads of Rome ( VF )\res\xml\levels\level08.xml (9,54 K/S -   9 773 bytes)
[13:55:55] - [22] VICTOR.POZEN: Début du Téléchargement de: D:\kerberos.htx\gamez1\Roads of Rome FR\Roads of Rome ( VF )\res\xml\levels\level09.xml
[13:55:55] - [22] VICTOR.POZEN: Fichier envoyé: D:\kerberos.htx\gamez1\Roads of Rome FR\Roads of Rome ( VF )\res\xml\levels\level09.xml (9,75 K/S -   9 984 bytes)
[13:55:55] - [22] VICTOR.POZEN: Début du Téléchargement de: D:\kerberos.htx\gamez1\Roads of Rome FR\Roads of Rome ( VF )\res\xml\levels\level10.xml
[13:55:56] - [22] VICTOR.POZEN: Fichier envoyé: D:\kerberos.htx\gamez1\Roads of Rome FR\Roads of Rome ( VF )\res\xml\levels\level10.xml (4,93 K/S -   5 051 bytes)
[13:55:56] - [22] VICTOR.POZEN: Début du Téléchargement de: D:\kerberos.htx\gamez1\Roads of Rome FR\Roads of Rome ( VF )\res\xml\levels\level11.xml
[13:55:56] - [22] VICTOR.POZEN: Fichier envoyé: D:\kerberos.htx\gamez1\Roads of Rome FR\Roads of Rome ( VF )\res\xml\levels\level11.xml (10,21 K/S -   10 457 bytes)
[13:55:57] - [22] VICTOR.POZEN: Début du Téléchargement de: D:\kerberos.htx\gamez1\Roads of Rome FR\Roads of Rome ( VF )\res\xml\levels\level12.xml
[13:55:57] - [22] VICTOR.POZEN: Fichier envoyé: D:\kerberos.htx\gamez1\Roads of Rome FR\Roads of Rome ( VF )\res\xml\levels\level12.xml (11,61 K/S -   11 891 bytes)
[13:55:57] - [22] VICTOR.POZEN: Début du Téléchargement de: D:\kerberos.htx\gamez1\Roads of Rome FR\Roads of Rome ( VF )\res\xml\levels\level13.xml
[13:55:57] - [22] VICTOR.POZEN: Fichier envoyé: D:\kerberos.htx\gamez1\Roads of Rome FR\Roads of Rome ( VF )\res\xml\levels\level13.xml (10,46 K/S -   10 711 bytes)
[13:55:58] - [22] VICTOR.POZEN: Début du Téléchargement de: D:\kerberos.htx\gamez1\Roads of Rome FR\Roads of Rome ( VF )\res\xml\levels\level14.xml
[13:55:58] - [22] VICTOR.POZEN: Fichier envoyé: D:\kerberos.htx\gamez1\Roads of Rome FR\Roads of Rome ( VF )\res\xml\levels\level14.xml (11,59 K/S -   11 869 bytes)
[13:55:58] - [22] VICTOR.POZEN: Début du Téléchargement de: D:\kerberos.htx\gamez1\Roads of Rome FR\Roads of Rome ( VF )\res\xml\levels\level15.xml
[13:55:59] - [22] VICTOR.POZEN: Fichier envoyé: D:\kerberos.htx\gamez1\Roads of Rome FR\Roads of Rome ( VF )\res\xml\levels\level15.xml (11,34 K/S -   11 609 bytes)
[13:55:59] - [22] VICTOR.POZEN: Début du Téléchargement de: D:\kerberos.htx\gamez1\Roads of Rome FR\Roads of Rome ( VF )\res\xml\levels\level16.xml
[13:55:59] - [22] VICTOR.POZEN: Fichier envoyé: D:\kerberos.htx\gamez1\Roads of Rome FR\Roads of Rome ( VF )\res\xml\levels\level16.xml (11,48 K/S -   11 751 bytes)
[13:56:00] - [22] VICTOR.POZEN: Début du Téléchargement de: D:\kerberos.htx\gamez1\Roads of Rome FR\Roads of Rome ( VF )\res\xml\levels\level17.xml
[13:56:00] - [22] VICTOR.POZEN: Fichier envoyé: D:\kerberos.htx\gamez1\Roads of Rome FR\Roads of Rome ( VF )\res\xml\levels\level17.xml (11,29 K/S -   11 564 bytes)
[13:56:00] - [22] VICTOR.POZEN: Début du Téléchargement de: D:\kerberos.htx\gamez1\Roads of Rome FR\Roads of Rome ( VF )\res\xml\levels\level18.xml
[13:56:01] - [22] VICTOR.POZEN: Fichier envoyé: D:\kerberos.htx\gamez1\Roads of Rome FR\Roads of Rome ( VF )\res\xml\levels\level18.xml (12,78 K/S -   13 084 bytes)
[13:56:01] - [22] VICTOR.POZEN: Début du Téléchargement de: D:\kerberos.htx\gamez1\Roads of Rome FR\Roads of Rome ( VF )\res\xml\levels\level19.xml
[13:56:01] - [22] VICTOR.POZEN: Fichier envoyé: D:\kerberos.htx\gamez1\Roads of Rome FR\Roads of Rome ( VF )\res\xml\levels\level19.xml (12,10 K/S -   12 393 bytes)
[13:56:02] - [22] VICTOR.POZEN: Début du Téléchargement de: D:\kerberos.htx\gamez1\Roads of Rome FR\Roads of Rome ( VF )\res\xml\levels\level20.xml
[13:56:02] - [22] VICTOR.POZEN: Fichier envoyé: D:\kerberos.htx\gamez1\Roads of Rome FR\Roads of Rome ( VF )\res\xml\levels\level20.xml (5,08 K/S -   5 202 bytes)
[13:56:02] - [22] VICTOR.POZEN: Début du Téléchargement de: D:\kerberos.htx\gamez1\Roads of Rome FR\Roads of Rome ( VF )\res\xml\levels\level21.xml
[13:56:02] - [22] VICTOR.POZEN: Fichier envoyé: D:\kerberos.htx\gamez1\Roads of Rome FR\Roads of Rome ( VF )\res\xml\levels\level21.xml (10,20 K/S -   10 441 bytes)
[13:56:03] - [22] VICTOR.POZEN: Début du Téléchargement de: D:\kerberos.htx\gamez1\Roads of Rome FR\Roads of Rome ( VF )\res\xml\levels\level22.xml
[13:56:03] - [22] VICTOR.POZEN: Fichier envoyé: D:\kerberos.htx\gamez1\Roads of Rome FR\Roads of Rome ( VF )\res\xml\levels\level22.xml (10,96 K/S -   11 228 bytes)
[13:56:03] - [22] VICTOR.POZEN: Début du Téléchargement de: D:\kerberos.htx\gamez1\Roads of Rome FR\Roads of Rome ( VF )\res\xml\levels\level23.xml
[13:56:03] - [22] VICTOR.POZEN: Fichier envoyé: D:\kerberos.htx\gamez1\Roads of Rome FR\Roads of Rome ( VF )\res\xml\levels\level23.xml (10,27 K/S -   10 519 bytes)
[13:56:04] - [22] VICTOR.POZEN: Début du Téléchargement de: D:\kerberos.htx\gamez1\Roads of Rome FR\Roads of Rome ( VF )\res\xml\levels\level24.xml
[13:56:04] - [22] VICTOR.POZEN: Fichier envoyé: D:\kerberos.htx\gamez1\Roads of Rome FR\Roads of Rome ( VF )\res\xml\levels\level24.xml (11,20 K/S -   11 473 bytes)
[13:56:04] - [22] VICTOR.POZEN: Début du Téléchargement de: D:\kerberos.htx\gamez1\Roads of Rome FR\Roads of Rome ( VF )\res\xml\levels\level25.xml
[13:56:05] - [22] VICTOR.POZEN: Fichier envoyé: D:\kerberos.htx\gamez1\Roads of Rome FR\Roads of Rome ( VF )\res\xml\levels\level25.xml (10,88 K/S -   11 139 bytes)
[13:56:05] - [22] VICTOR.POZEN: Début du Téléchargement de: D:\kerberos.htx\gamez1\Roads of Rome FR\Roads of Rome ( VF )\res\xml\levels\level26.xml
[13:56:05] - [22] VICTOR.POZEN: Fichier envoyé: D:\kerberos.htx\gamez1\Roads of Rome FR\Roads of Rome ( VF )\res\xml\levels\level26.xml (10,05 K/S -   10 293 bytes)
[13:56:06] - [22] VICTOR.POZEN: Début du Téléchargement de: D:\kerberos.htx\gamez1\Roads of Rome FR\Roads of Rome ( VF )\res\xml\levels\level27.xml
[13:56:06] - [22] VICTOR.POZEN: Fichier envoyé: D:\kerberos.htx\gamez1\Roads of Rome FR\Roads of Rome ( VF )\res\xml\levels\level27.xml (10,10 K/S -   10 344 bytes)
[13:56:06] - [22] VICTOR.POZEN: Début du Téléchargement de: D:\kerberos.htx\gamez1\Roads of Rome FR\Roads of Rome ( VF )\res\xml\levels\level28.xml
[13:56:06] - [22] VICTOR.POZEN: Fichier envoyé: D:\kerberos.htx\gamez1\Roads of Rome FR\Roads of Rome ( VF )\res\xml\levels\level28.xml (10,35 K/S -   10 596 bytes)
[13:56:07] - [22] VICTOR.POZEN: Début du Téléchargement de: D:\kerberos.htx\gamez1\Roads of Rome FR\Roads of Rome ( VF )\res\xml\levels\level29.xml
[13:56:07] - [22] VICTOR.POZEN: Fichier envoyé: D:\kerberos.htx\gamez1\Roads of Rome FR\Roads of Rome ( VF )\res\xml\levels\level29.xml (10,17 K/S -   10 411 bytes)
[13:56:07] - [22] VICTOR.POZEN: Début du Téléchargement de: D:\kerberos.htx\gamez1\Roads of Rome FR\Roads of Rome ( VF )\res\xml\levels\level30.xml
[13:56:07] - [22] VICTOR.POZEN: Fichier envoyé: D:\kerberos.htx\gamez1\Roads of Rome FR\Roads of Rome ( VF )\res\xml\levels\level30.xml (5,08 K/S -   5 202 bytes)
[13:56:08] - [22] VICTOR.POZEN: Début du Téléchargement de: D:\kerberos.htx\gamez1\Roads of Rome FR\Roads of Rome ( VF )\res\xml\levels\level31.xml
[13:56:08] - [22] VICTOR.POZEN: Fichier envoyé: D:\kerberos.htx\gamez1\Roads of Rome FR\Roads of Rome ( VF )\res\xml\levels\level31.xml (10,14 K/S -   10 383 bytes)
[13:56:08] - [22] VICTOR.POZEN: Début du Téléchargement de: D:\kerberos.htx\gamez1\Roads of Rome FR\Roads of Rome ( VF )\res\xml\levels\level32.xml
[13:56:09] - [22] VICTOR.POZEN: Fichier envoyé: D:\kerberos.htx\gamez1\Roads of Rome FR\Roads of Rome ( VF )\res\xml\levels\level32.xml (11,51 K/S -   11 783 bytes)
[13:56:09] - [22] VICTOR.POZEN: Début du Téléchargement de: D:\kerberos.htx\gamez1\Roads of Rome FR\Roads of Rome ( VF )\res\xml\levels\level33.xml
[13:56:09] - [22] VICTOR.POZEN: Fichier envoyé: D:\kerberos.htx\gamez1\Roads of Rome FR\Roads of Rome ( VF )\res\xml\levels\level33.xml (10,32 K/S -   10 571 bytes)
[13:56:10] - [22] VICTOR.POZEN: Début du Téléchargement de: D:\kerberos.htx\gamez1\Roads of Rome FR\Roads of Rome ( VF )\res\xml\levels\level34.xml
[13:56:10] - [22] VICTOR.POZEN: Fichier envoyé: D:\kerberos.htx\gamez1\Roads of Rome FR\Roads of Rome ( VF )\res\xml\levels\level34.xml (10,72 K/S -   10 980 bytes)
[13:56:10] - [22] VICTOR.POZEN: Début du Téléchargement de: D:\kerberos.htx\gamez1\Roads of Rome FR\Roads of Rome ( VF )\res\xml\levels\level35.xml
[13:56:10] - [22] VICTOR.POZEN: Fichier envoyé: D:\kerberos.htx\gamez1\Roads of Rome FR\Roads of Rome ( VF )\res\xml\levels\level35.xml (10,71 K/S -   10 969 bytes)
[13:56:11] - [22] VICTOR.POZEN: Début du Téléchargement de: D:\kerberos.htx\gamez1\Roads of Rome FR\Roads of Rome ( VF )\res\xml\levels\level36.xml
[13:56:11] - [22] VICTOR.POZEN: Fichier envoyé: D:\kerberos.htx\gamez1\Roads of Rome FR\Roads of Rome ( VF )\res\xml\levels\level36.xml (10,09 K/S -   10 334 bytes)
[13:56:11] - [22] VICTOR.POZEN: Début du Téléchargement de: D:\kerberos.htx\gamez1\Roads of Rome FR\Roads of Rome ( VF )\res\xml\levels\level37.xml
[13:56:12] - [22] VICTOR.POZEN: Fichier envoyé: D:\kerberos.htx\gamez1\Roads of Rome FR\Roads of Rome ( VF )\res\xml\levels\level37.xml (11,03 K/S -   11 298 bytes)
[13:56:12] - [22] VICTOR.POZEN: Début du Téléchargement de: D:\kerberos.htx\gamez1\Roads of Rome FR\Roads of Rome ( VF )\res\xml\levels\level38.xml
[13:56:12] - [22] VICTOR.POZEN: Fichier envoyé: D:\kerberos.htx\gamez1\Roads of Rome FR\Roads of Rome ( VF )\res\xml\levels\level38.xml (11,77 K/S -   12 057 bytes)
[13:56:13] - [22] VICTOR.POZEN: Début du Téléchargement de: D:\kerberos.htx\gamez1\Roads of Rome FR\Roads of Rome ( VF )\res\xml\levels\level39.xml
[13:56:13] - [22] VICTOR.POZEN: Fichier envoyé: D:\kerberos.htx\gamez1\Roads of Rome FR\Roads of Rome ( VF )\res\xml\levels\level39.xml (11,35 K/S -   11 621 bytes)
[13:56:13] - [22] VICTOR.POZEN: Début du Téléchargement de: D:\kerberos.htx\gamez1\Roads of Rome FR\Roads of Rome ( VF )\res\xml\levels\level40.xml
[13:56:13] - [22] VICTOR.POZEN: Fichier envoyé: D:\kerberos.htx\gamez1\Roads of Rome FR\Roads of Rome ( VF )\res\xml\levels\level40.xml (5,08 K/S -   5 202 bytes)
[13:56:14] - [22] VICTOR.POZEN: Début du Téléchargement de: D:\kerberos.htx\gamez1\Roads of Rome FR\Roads of Rome ( VF )\res\xml\levels\level_valley.xml
[13:56:14] - [22] VICTOR.POZEN: Fichier envoyé: D:\kerberos.htx\gamez1\Roads of Rome FR\Roads of Rome ( VF )\res\xml\levels\level_valley.xml (7,50 K/S -   7 680 bytes)
[13:56:14] - [22] VICTOR.POZEN: Début du Téléchargement de: D:\kerberos.htx\gamez1\Roads of Rome FR\Roads of Rome ( VF )\res\xml\levels\load_level.xml
[13:56:14] - [22] VICTOR.POZEN: Fichier envoyé: D:\kerberos.htx\gamez1\Roads of Rome FR\Roads of Rome ( VF )\res\xml\levels\load_level.xml (2,32 K/S -   2 372 bytes)
[13:56:15] - [22] VICTOR.POZEN: Début du Téléchargement de: D:\kerberos.htx\gamez1\Roads of Rome FR\Roads of Rome ( VF )\res\xml\levels\map.xml
[13:56:15] - [22] VICTOR.POZEN: Fichier envoyé: D:\kerberos.htx\gamez1\Roads of Rome FR\Roads of Rome ( VF )\res\xml\levels\map.xml (3,62 K/S -   3 704 bytes)
[13:56:15] - [22] VICTOR.POZEN: Début du Téléchargement de: D:\kerberos.htx\gamez1\Roads of Rome FR\Roads of Rome ( VF )\res\xml\levels\templates.xml
[13:56:18] - [22] VICTOR.POZEN: Fichier envoyé: D:\kerberos.htx\gamez1\Roads of Rome FR\Roads of Rome ( VF )\res\xml\levels\templates.xml (65,36 K/S -   133 851 bytes)
[13:56:19] - [22] VICTOR.POZEN: Début du Téléchargement de: D:\kerberos.htx\gamez1\Roads of Rome FR\Roads of Rome ( VF )\res\xml\comics\after_episode_comics_1.xml
[13:56:19] - [22] VICTOR.POZEN: Fichier envoyé: D:\kerberos.htx\gamez1\Roads of Rome FR\Roads of Rome ( VF )\res\xml\comics\after_episode_comics_1.xml (0,61 K/S -    621 bytes)
[13:56:19] - [22] VICTOR.POZEN: Début du Téléchargement de: D:\kerberos.htx\gamez1\Roads of Rome FR\Roads of Rome ( VF )\res\xml\comics\after_episode_comics_2.xml
[13:56:19] - [22] VICTOR.POZEN: Fichier envoyé: D:\kerberos.htx\gamez1\Roads of Rome FR\Roads of Rome ( VF )\res\xml\comics\after_episode_comics_2.xml (0,63 K/S -    649 bytes)
[13:56:20] - [22] VICTOR.POZEN: Début du Téléchargement de: D:\kerberos.htx\gamez1\Roads of Rome FR\Roads of Rome ( VF )\res\xml\comics\after_episode_comics_3.xml
[13:56:20] - [22] VICTOR.POZEN: Fichier envoyé: D:\kerberos.htx\gamez1\Roads of Rome FR\Roads of Rome ( VF )\res\xml\comics\after_episode_comics_3.xml (0,50 K/S -    509 bytes)
[13:56:20] - [22] VICTOR.POZEN: Début du Téléchargement de: D:\kerberos.htx\gamez1\Roads of Rome FR\Roads of Rome ( VF )\res\xml\comics\after_episode_comics_4.xml
[13:56:20] - [22] VICTOR.POZEN: Fichier envoyé: D:\kerberos.htx\gamez1\Roads of Rome FR\Roads of Rome ( VF )\res\xml\comics\after_episode_comics_4.xml (0,63 K/S -    650 bytes)
[13:56:21] - [22] VICTOR.POZEN: Début du Téléchargement de: D:\kerberos.htx\gamez1\Roads of Rome FR\Roads of Rome ( VF )\res\xml\comics\comics_01.xml
[13:56:21] - [22] VICTOR.POZEN: Fichier envoyé: D:\kerberos.htx\gamez1\Roads of Rome FR\Roads of Rome ( VF )\res\xml\comics\comics_01.xml (0,77 K/S -    786 bytes)
[13:56:21] - [22] VICTOR.POZEN: Début du Téléchargement de: D:\kerberos.htx\gamez1\Roads of Rome FR\Roads of Rome ( VF )\res\xml\comics\comics_02.xml
[13:56:21] - [22] VICTOR.POZEN: Fichier envoyé: D:\kerberos.htx\gamez1\Roads of Rome FR\Roads of Rome ( VF )\res\xml\comics\comics_02.xml (0,74 K/S -    760 bytes)
[13:56:22] - [22] VICTOR.POZEN: Début du Téléchargement de: D:\kerberos.htx\gamez1\Roads of Rome FR\Roads of Rome ( VF )\res\xml\comics\comics_03.xml
[13:56:22] - [22] VICTOR.POZEN: Fichier envoyé: D:\kerberos.htx\gamez1\Roads of Rome FR\Roads of Rome ( VF )\res\xml\comics\comics_03.xml (0,73 K/S -    748 bytes)
[13:56:22] - [22] VICTOR.POZEN: Début du Téléchargement de: D:\kerberos.htx\gamez1\Roads of Rome FR\Roads of Rome ( VF )\res\xml\comics\comics_04.xml
[13:56:22] - [22] VICTOR.POZEN: Fichier envoyé: D:\kerberos.htx\gamez1\Roads of Rome FR\Roads of Rome ( VF )\res\xml\comics\comics_04.xml (0,75 K/S -    769 bytes)
[13:56:23] - [22] VICTOR.POZEN: Début du Téléchargement de: D:\kerberos.htx\gamez1\Roads of Rome FR\Roads of Rome ( VF )\res\xml\comics\comics_05.xml
[13:56:23] - [22] VICTOR.POZEN: Fichier envoyé: D:\kerberos.htx\gamez1\Roads of Rome FR\Roads of Rome ( VF )\res\xml\comics\comics_05.xml (0,75 K/S -    763 bytes)
[13:56:23] - [22] VICTOR.POZEN: Début du Téléchargement de: D:\kerberos.htx\gamez1\Roads of Rome FR\Roads of Rome ( VF )\res\xml\comics\comics_06.xml
[13:56:23] - [22] VICTOR.POZEN: Fichier envoyé: D:\kerberos.htx\gamez1\Roads of Rome FR\Roads of Rome ( VF )\res\xml\comics\comics_06.xml (0,75 K/S -    764 bytes)
[13:56:24] - [22] VICTOR.POZEN: Début du Téléchargement de: D:\kerberos.htx\gamez1\Roads of Rome FR\Roads of Rome ( VF )\res\xml\comics\comics_07.xml
[13:56:24] - [22] VICTOR.POZEN: Fichier envoyé: D:\kerberos.htx\gamez1\Roads of Rome FR\Roads of Rome ( VF )\res\xml\comics\comics_07.xml (0,73 K/S -    745 bytes)
[13:56:24] - [22] VICTOR.POZEN: Début du Téléchargement de: D:\kerberos.htx\gamez1\Roads of Rome FR\Roads of Rome ( VF )\res\xml\comics\comics_08.xml
[13:56:24] - [22] VICTOR.POZEN: Fichier envoyé: D:\kerberos.htx\gamez1\Roads of Rome FR\Roads of Rome ( VF )\res\xml\comics\comics_08.xml (0,77 K/S -    788 bytes)
[13:56:25] - [22] VICTOR.POZEN: Début du Téléchargement de: D:\kerberos.htx\gamez1\Roads of Rome FR\Roads of Rome ( VF )\res\xml\comics\comics_08p.xml
[13:56:25] - [22] VICTOR.POZEN: Fichier envoyé: D:\kerberos.htx\gamez1\Roads of Rome FR\Roads of Rome ( VF )\res\xml\comics\comics_08p.xml (0,78 K/S -    801 bytes)
[13:56:25] - [22] VICTOR.POZEN: Début du Téléchargement de: D:\kerberos.htx\gamez1\Roads of Rome FR\Roads of Rome ( VF )\res\xml\comics\comics_09.xml
[13:56:25] - [22] VICTOR.POZEN: Fichier envoyé: D:\kerberos.htx\gamez1\Roads of Rome FR\Roads of Rome ( VF )\res\xml\comics\comics_09.xml (0,77 K/S -    784 bytes)
[13:56:26] - [22] VICTOR.POZEN: Début du Téléchargement de: D:\kerberos.htx\gamez1\Roads of Rome FR\Roads of Rome ( VF )\res\xml\comics\comics_10.xml
[13:56:26] - [22] VICTOR.POZEN: Fichier envoyé: D:\kerberos.htx\gamez1\Roads of Rome FR\Roads of Rome ( VF )\res\xml\comics\comics_10.xml (0,74 K/S -    756 bytes)
[13:56:26] - [22] VICTOR.POZEN: Début du Téléchargement de: D:\kerberos.htx\gamez1\Roads of Rome FR\Roads of Rome ( VF )\res\xml\comics\comics_11.xml
[13:56:26] - [22] VICTOR.POZEN: Fichier envoyé: D:\kerberos.htx\gamez1\Roads of Rome FR\Roads of Rome ( VF )\res\xml\comics\comics_11.xml (0,73 K/S -    750 bytes)
[13:56:27] - [22] VICTOR.POZEN: Début du Téléchargement de: D:\kerberos.htx\gamez1\Roads of Rome FR\Roads of Rome ( VF )\res\xml\comics\comics_13.xml
[13:56:27] - [22] VICTOR.POZEN: Fichier envoyé: D:\kerberos.htx\gamez1\Roads of Rome FR\Roads of Rome ( VF )\res\xml\comics\comics_13.xml (0,73 K/S -    749 bytes)
[13:56:27] - [22] VICTOR.POZEN: Début du Téléchargement de: D:\kerberos.htx\gamez1\Roads of Rome FR\Roads of Rome ( VF )\res\xml\comics\comics_14.xml
[13:56:27] - [22] VICTOR.POZEN: Fichier envoyé: D:\kerberos.htx\gamez1\Roads of Rome FR\Roads of Rome ( VF )\res\xml\comics\comics_14.xml (0,74 K/S -    761 bytes)
[13:56:28] - [22] VICTOR.POZEN: Début du Téléchargement de: D:\kerberos.htx\gamez1\Roads of Rome FR\Roads of Rome ( VF )\res\xml\comics\comics_15.xml
[13:56:28] - [22] VICTOR.POZEN: Fichier envoyé: D:\kerberos.htx\gamez1\Roads of Rome FR\Roads of Rome ( VF )\res\xml\comics\comics_15.xml (0,74 K/S -    755 bytes)
[13:56:28] - [22] VICTOR.POZEN: Début du Téléchargement de: D:\kerberos.htx\gamez1\Roads of Rome FR\Roads of Rome ( VF )\res\xml\comics\comics_17.xml
[13:56:28] - [22] VICTOR.POZEN: Fichier envoyé: D:\kerberos.htx\gamez1\Roads of Rome FR\Roads of Rome ( VF )\res\xml\comics\comics_17.xml (0,74 K/S -    758 bytes)
[13:56:29] - [22] VICTOR.POZEN: Début du Téléchargement de: D:\kerberos.htx\gamez1\Roads of Rome FR\Roads of Rome ( VF )\res\xml\comics\comics_19.xml
[13:56:29] - [22] VICTOR.POZEN: Fichier envoyé: D:\kerberos.htx\gamez1\Roads of Rome FR\Roads of Rome ( VF )\res\xml\comics\comics_19.xml (0,62 K/S -    637 bytes)
[13:56:29] - [22] VICTOR.POZEN: Début du Téléchargement de: D:\kerberos.htx\gamez1\Roads of Rome FR\Roads of Rome ( VF )\res\xml\comics\comics_21.xml
[13:56:30] - [22] VICTOR.POZEN: Fichier envoyé: D:\kerberos.htx\gamez1\Roads of Rome FR\Roads of Rome ( VF )\res\xml\comics\comics_21.xml (0,73 K/S -    747 bytes)
[13:56:31] - [22] VICTOR.POZEN: Début du Téléchargement de: D:\kerberos.htx\gamez1\Roads of Rome FR\Roads of Rome ( VF )\res\fx\AnimalBorn.pyro
[13:56:31] - [22] VICTOR.POZEN: Fichier envoyé: D:\kerberos.htx\gamez1\Roads of Rome FR\Roads of Rome ( VF )\res\fx\AnimalBorn.pyro (7,40 K/S -   7 574 bytes)
[13:56:31] - [22] VICTOR.POZEN: Début du Téléchargement de: D:\kerberos.htx\gamez1\Roads of Rome FR\Roads of Rome ( VF )\res\fx\BlockerOut.pyro
[13:56:32] - [22] VICTOR.POZEN: Fichier envoyé: D:\kerberos.htx\gamez1\Roads of Rome FR\Roads of Rome ( VF )\res\fx\BlockerOut.pyro (41,87 K/S -   42 871 bytes)
[13:56:32] - [22] VICTOR.POZEN: Début du Téléchargement de: D:\kerberos.htx\gamez1\Roads of Rome FR\Roads of Rome ( VF )\res\fx\Blow_Small.pyro
[13:56:32] - [22] VICTOR.POZEN: Fichier envoyé: D:\kerberos.htx\gamez1\Roads of Rome FR\Roads of Rome ( VF )\res\fx\Blow_Small.pyro (7,10 K/S -   7 271 bytes)
[13:56:33] - [22] VICTOR.POZEN: Début du Téléchargement de: D:\kerberos.htx\gamez1\Roads of Rome FR\Roads of Rome ( VF )\res\fx\BrockenFlash.pyro
[13:56:34] - [22] VICTOR.POZEN: Fichier envoyé: D:\kerberos.htx\gamez1\Roads of Rome FR\Roads of Rome ( VF )\res\fx\BrockenFlash.pyro (24,55 K/S -   25 135 bytes)
[13:56:34] - [22] VICTOR.POZEN: Début du Téléchargement de: D:\kerberos.htx\gamez1\Roads of Rome FR\Roads of Rome ( VF )\res\fx\BrockenSmoke.pyro
[13:56:34] - [22] VICTOR.POZEN: Fichier envoyé: D:\kerberos.htx\gamez1\Roads of Rome FR\Roads of Rome ( VF )\res\fx\BrockenSmoke.pyro (7,47 K/S -   7 650 bytes)
[13:56:34] - [22] VICTOR.POZEN: Début du Téléchargement de: D:\kerberos.htx\gamez1\Roads of Rome FR\Roads of Rome ( VF )\res\fx\BuildingEnd.pyro
[13:56:35] - [22] VICTOR.POZEN: Fichier envoyé: D:\kerberos.htx\gamez1\Roads of Rome FR\Roads of Rome ( VF )\res\fx\BuildingEnd.pyro (21,04 K/S -   21 546 bytes)
[13:56:35] - [22] VICTOR.POZEN: Début du Téléchargement de: D:\kerberos.htx\gamez1\Roads of Rome FR\Roads of Rome ( VF )\res\fx\BuildProgress.pyro
[13:56:35] - [22] VICTOR.POZEN: Fichier envoyé: D:\kerberos.htx\gamez1\Roads of Rome FR\Roads of Rome ( VF )\res\fx\BuildProgress.pyro (9,08 K/S -   9 301 bytes)
[13:56:36] - [22] VICTOR.POZEN: Début du Téléchargement de: D:\kerberos.htx\gamez1\Roads of Rome FR\Roads of Rome ( VF )\res\fx\CometBlast.pyro
[13:56:36] - [22] VICTOR.POZEN: Fichier envoyé: D:\kerberos.htx\gamez1\Roads of Rome FR\Roads of Rome ( VF )\res\fx\CometBlast.pyro (11,83 K/S -   12 118 bytes)
[13:56:37] - [22] VICTOR.POZEN: Début du Téléchargement de: D:\kerberos.htx\gamez1\Roads of Rome FR\Roads of Rome ( VF )\res\fx\CometBonus.pyro
[13:56:37] - [22] VICTOR.POZEN: Fichier envoyé: D:\kerberos.htx\gamez1\Roads of Rome FR\Roads of Rome ( VF )\res\fx\CometBonus.pyro (11,79 K/S -   12 078 bytes)
[13:56:37] - [22] VICTOR.POZEN: Début du Téléchargement de: D:\kerberos.htx\gamez1\Roads of Rome FR\Roads of Rome ( VF )\res\fx\CometTask.pyro
[13:56:38] - [22] VICTOR.POZEN: Fichier envoyé: D:\kerberos.htx\gamez1\Roads of Rome FR\Roads of Rome ( VF )\res\fx\CometTask.pyro (13,57 K/S -   13 894 bytes)
[13:56:38] - [22] VICTOR.POZEN: Début du Téléchargement de: D:\kerberos.htx\gamez1\Roads of Rome FR\Roads of Rome ( VF )\res\fx\DustStonepit.pyro
[13:56:39] - [22] VICTOR.POZEN: Fichier envoyé: D:\kerberos.htx\gamez1\Roads of Rome FR\Roads of Rome ( VF )\res\fx\DustStonepit.pyro (41,19 K/S -   42 183 bytes)
[13:56:39] - [22] VICTOR.POZEN: Début du Téléchargement de: D:\kerberos.htx\gamez1\Roads of Rome FR\Roads of Rome ( VF )\res\fx\ExplosionBonus.pyro
[13:56:39] - [22] VICTOR.POZEN: Fichier envoyé: D:\kerberos.htx\gamez1\Roads of Rome FR\Roads of Rome ( VF )\res\fx\ExplosionBonus.pyro (15,11 K/S -   15 475 bytes)
[13:56:40] - [22] VICTOR.POZEN: Début du Téléchargement de: D:\kerberos.htx\gamez1\Roads of Rome FR\Roads of Rome ( VF )\res\fx\ExplosionStat.pyro
[13:56:40] - [22] VICTOR.POZEN: Fichier envoyé: D:\kerberos.htx\gamez1\Roads of Rome FR\Roads of Rome ( VF )\res\fx\ExplosionStat.pyro (15,11 K/S -   15 475 bytes)
[13:56:41] - [22] VICTOR.POZEN: Début du Téléchargement de: D:\kerberos.htx\gamez1\Roads of Rome FR\Roads of Rome ( VF )\res\fx\ExplosionTask.pyro
[13:56:41] - [22] VICTOR.POZEN: Fichier envoyé: D:\kerberos.htx\gamez1\Roads of Rome FR\Roads of Rome ( VF )\res\fx\ExplosionTask.pyro (15,11 K/S -   15 475 bytes)
[13:56:41] - [22] VICTOR.POZEN: Début du Téléchargement de: D:\kerberos.htx\gamez1\Roads of Rome FR\Roads of Rome ( VF )\res\fx\MG_Bomb_Explosion.pyro
[13:56:42] - [22] VICTOR.POZEN: Fichier envoyé: D:\kerberos.htx\gamez1\Roads of Rome FR\Roads of Rome ( VF )\res\fx\MG_Bomb_Explosion.pyro (47,57 K/S -   48 708 bytes)
[13:56:43] - [22] VICTOR.POZEN: Début du Téléchargement de: D:\kerberos.htx\gamez1\Roads of Rome FR\Roads of Rome ( VF )\res\fx\MG_Bomb_Static.pyro
[13:56:43] - [22] VICTOR.POZEN: Fichier envoyé: D:\kerberos.htx\gamez1\Roads of Rome FR\Roads of Rome ( VF )\res\fx\MG_Bomb_Static.pyro (26,28 K/S -   26 911 bytes)
[13:56:44] - [22] VICTOR.POZEN: Début du Téléchargement de: D:\kerberos.htx\gamez1\Roads of Rome FR\Roads of Rome ( VF )\res\fx\ResourceBorn.pyro
[13:56:45] - [22] VICTOR.POZEN: Fichier envoyé: D:\kerberos.htx\gamez1\Roads of Rome FR\Roads of Rome ( VF )\res\fx\ResourceBorn.pyro (47,56 K/S -   48 700 bytes)
[13:56:45] - [22] VICTOR.POZEN: Début du Téléchargement de: D:\kerberos.htx\gamez1\Roads of Rome FR\Roads of Rome ( VF )\res\fx\SaluteObjectives.pyro
[13:56:45] - [22] VICTOR.POZEN: Fichier envoyé: D:\kerberos.htx\gamez1\Roads of Rome FR\Roads of Rome ( VF )\res\fx\SaluteObjectives.pyro (8,26 K/S -   8 462 bytes)
[13:56:45] - [22] VICTOR.POZEN: Début du Téléchargement de: D:\kerberos.htx\gamez1\Roads of Rome FR\Roads of Rome ( VF )\res\fx\SaluteVictory.pyro
[13:56:46] - [22] VICTOR.POZEN: Fichier envoyé: D:\kerberos.htx\gamez1\Roads of Rome FR\Roads of Rome ( VF )\res\fx\SaluteVictory.pyro (9,66 K/S -   9 894 bytes)
[13:56:46] - [22] VICTOR.POZEN: Début du Téléchargement de: D:\kerberos.htx\gamez1\Roads of Rome FR\Roads of Rome ( VF )\res\fx\SaluteVictoryBlue.pyro
[13:56:46] - [22] VICTOR.POZEN: Fichier envoyé: D:\kerberos.htx\gamez1\Roads of Rome FR\Roads of Rome ( VF )\res\fx\SaluteVictoryBlue.pyro (8,15 K/S -   8 343 bytes)
[13:56:47] - [22] VICTOR.POZEN: Début du Téléchargement de: D:\kerberos.htx\gamez1\Roads of Rome FR\Roads of Rome ( VF )\res\fx\SaluteVictoryGreen.pyro
[13:56:47] - [22] VICTOR.POZEN: Fichier envoyé: D:\kerberos.htx\gamez1\Roads of Rome FR\Roads of Rome ( VF )\res\fx\SaluteVictoryGreen.pyro (8,19 K/S -   8 391 bytes)
[13:56:47] - [22] VICTOR.POZEN: Début du Téléchargement de: D:\kerberos.htx\gamez1\Roads of Rome FR\Roads of Rome ( VF )\res\fx\SaluteVictoryRed.pyro
[13:56:47] - [22] VICTOR.POZEN: Fichier envoyé: D:\kerberos.htx\gamez1\Roads of Rome FR\Roads of Rome ( VF )\res\fx\SaluteVictoryRed.pyro (7,95 K/S -   8 143 bytes)
[13:56:48] - [22] VICTOR.POZEN: Début du Téléchargement de: D:\kerberos.htx\gamez1\Roads of Rome FR\Roads of Rome ( VF )\res\fx\SaluteVictoryVIolette.pyro
[13:56:48] - [22] VICTOR.POZEN: Fichier envoyé: D:\kerberos.htx\gamez1\Roads of Rome FR\Roads of Rome ( VF )\res\fx\SaluteVictoryVIolette.pyro (8,19 K/S -   8 389 bytes)
[13:56:48] - [22] VICTOR.POZEN: Début du Téléchargement de: D:\kerberos.htx\gamez1\Roads of Rome FR\Roads of Rome ( VF )\res\fx\SaluteVictoryYello.pyro
[13:56:48] - [22] VICTOR.POZEN: Fichier envoyé: D:\kerberos.htx\gamez1\Roads of Rome FR\Roads of Rome ( VF )\res\fx\SaluteVictoryYello.pyro (8,32 K/S -   8 518 bytes)
[13:56:49] - [22] VICTOR.POZEN: Début du Téléchargement de: D:\kerberos.htx\gamez1\Roads of Rome FR\Roads of Rome ( VF )\res\fx\StatueBorn.pyro
[13:56:49] - [22] VICTOR.POZEN: Fichier envoyé: D:\kerberos.htx\gamez1\Roads of Rome FR\Roads of Rome ( VF )\res\fx\StatueBorn.pyro (18,13 K/S -   18 567 bytes)
[13:56:49] - [22] VICTOR.POZEN: Début du Téléchargement de: D:\kerberos.htx\gamez1\Roads of Rome FR\Roads of Rome ( VF )\res\fx\Volcano.pyro
[13:56:50] - [22] VICTOR.POZEN: Fichier envoyé: D:\kerberos.htx\gamez1\Roads of Rome FR\Roads of Rome ( VF )\res\fx\Volcano.pyro (7,55 K/S -   7 734 bytes)
[13:56:51] - [22] VICTOR.POZEN: Début du Téléchargement de: D:\kerberos.htx\gamez1\Roads of Rome FR\Roads of Rome ( VF )\res\fonts\Final_Big_20.png
[13:56:52] - [22] VICTOR.POZEN: Fichier envoyé: D:\kerberos.htx\gamez1\Roads of Rome FR\Roads of Rome ( VF )\res\fonts\Final_Big_20.png (42,31 K/S -   86 660 bytes)
[13:56:53] - [22] VICTOR.POZEN: Début du Téléchargement de: D:\kerberos.htx\gamez1\Roads of Rome FR\Roads of Rome ( VF )\res\fonts\Final_Big_20.txt
[13:56:53] - [22] VICTOR.POZEN: Fichier envoyé: D:\kerberos.htx\gamez1\Roads of Rome FR\Roads of Rome ( VF )\res\fonts\Final_Big_20.txt (7,00 K/S -   7 170 bytes)
[13:56:53] - [22] VICTOR.POZEN: Début du Téléchargement de: D:\kerberos.htx\gamez1\Roads of Rome FR\Roads of Rome ( VF )\res\fonts\Ingame_Butt_12.png
[13:56:54] - [22] VICTOR.POZEN: Fichier envoyé: D:\kerberos.htx\gamez1\Roads of Rome FR\Roads of Rome ( VF )\res\fonts\Ingame_Butt_12.png (41,92 K/S -   42 923 bytes)
[13:56:55] - [22] VICTOR.POZEN: Début du Téléchargement de: D:\kerberos.htx\gamez1\Roads of Rome FR\Roads of Rome ( VF )\res\fonts\Ingame_Butt_12.txt
[13:56:55] - [22] VICTOR.POZEN: Fichier envoyé: D:\kerberos.htx\gamez1\Roads of Rome FR\Roads of Rome ( VF )\res\fonts\Ingame_Butt_12.txt (7,00 K/S -   7 172 bytes)
[13:56:55] - [22] VICTOR.POZEN: Début du Téléchargement de: D:\kerberos.htx\gamez1\Roads of Rome FR\Roads of Rome ( VF )\res\fonts\Ingame_Count_13.txt
[13:56:55] - [22] VICTOR.POZEN: Fichier envoyé: D:\kerberos.htx\gamez1\Roads of Rome FR\Roads of Rome ( VF )\res\fonts\Ingame_Count_13.txt (1,38 K/S -   1 416 bytes)
[13:56:56] - [22] VICTOR.POZEN: Début du Téléchargement de: D:\kerberos.htx\gamez1\Roads of Rome FR\Roads of Rome ( VF )\res\fonts\Ingame_Fly_13.png
[13:56:56] - [22] VICTOR.POZEN: Fichier envoyé: D:\kerberos.htx\gamez1\Roads of Rome FR\Roads of Rome ( VF )\res\fonts\Ingame_Fly_13.png (7,07 K/S -   7 238 bytes)
[13:56:56] - [22] VICTOR.POZEN: Début du Téléchargement de: D:\kerberos.htx\gamez1\Roads of Rome FR\Roads of Rome ( VF )\res\fonts\Ingame_Fly_13.txt
[13:56:56] - [22] VICTOR.POZEN: Fichier envoyé: D:\kerberos.htx\gamez1\Roads of Rome FR\Roads of Rome ( VF )\res\fonts\Ingame_Fly_13.txt (0,97 K/S -    990 bytes)
[13:56:57] - [22] VICTOR.POZEN: Début du Téléchargement de: D:\kerberos.htx\gamez1\Roads of Rome FR\Roads of Rome ( VF )\res\fonts\Ingame_Task_10.txt
[13:56:57] - [22] VICTOR.POZEN: Fichier envoyé: D:\kerberos.htx\gamez1\Roads of Rome FR\Roads of Rome ( VF )\res\fonts\Ingame_Task_10.txt (7,00 K/S -   7 172 bytes)
[13:56:57] - [22] VICTOR.POZEN: Début du Téléchargement de: D:\kerberos.htx\gamez1\Roads of Rome FR\Roads of Rome ( VF )\res\fonts\MG_Fly_21.png
[13:56:57] - [22] VICTOR.POZEN: Fichier envoyé: D:\kerberos.htx\gamez1\Roads of Rome FR\Roads of Rome ( VF )\res\fonts\MG_Fly_21.png (6,94 K/S -   7 108 bytes)
[13:56:58] - [22] VICTOR.POZEN: Début du Téléchargement de: D:\kerberos.htx\gamez1\Roads of Rome FR\Roads of Rome ( VF )\res\fonts\MG_Fly_21.txt
[13:56:58] - [22] VICTOR.POZEN: Fichier envoyé: D:\kerberos.htx\gamez1\Roads of Rome FR\Roads of Rome ( VF )\res\fonts\MG_Fly_21.txt (0,96 K/S -    986 bytes)
[13:56:58] - [22] VICTOR.POZEN: Début du Téléchargement de: D:\kerberos.htx\gamez1\Roads of Rome FR\Roads of Rome ( VF )\res\fonts\_Ingame_Count_13.png
[13:56:58] - [22] VICTOR.POZEN: Fichier envoyé: D:\kerberos.htx\gamez1\Roads of Rome FR\Roads of Rome ( VF )\res\fonts\_Ingame_Count_13.png (2,13 K/S -   2 176 bytes)
[13:56:59] - [22] VICTOR.POZEN: Début du Téléchargement de: D:\kerberos.htx\gamez1\Roads of Rome FR\Roads of Rome ( VF )\res\fonts\_Ingame_Task_10.png
[13:56:59] - [22] VICTOR.POZEN: Fichier envoyé: D:\kerberos.htx\gamez1\Roads of Rome FR\Roads of Rome ( VF )\res\fonts\_Ingame_Task_10.png (14,98 K/S -   15 341 bytes)
[13:57:00] - [22] VICTOR.POZEN: Début du Téléchargement de: D:\kerberos.htx\gamez1\Roads of Rome FR\Roads of Rome ( VF )\res\fonts\menu\Menu_Blue_14.png
[13:57:00] - [22] VICTOR.POZEN: Fichier envoyé: D:\kerberos.htx\gamez1\Roads of Rome FR\Roads of Rome ( VF )\res\fonts\menu\Menu_Blue_14.png (7,93 K/S -   8 121 bytes)
[13:57:01] - [22] VICTOR.POZEN: Début du Téléchargement de: D:\kerberos.htx\gamez1\Roads of Rome FR\Roads of Rome ( VF )\res\fonts\menu\Menu_Blue_14.txt
[13:57:01] - [22] VICTOR.POZEN: Fichier envoyé: D:\kerberos.htx\gamez1\Roads of Rome FR\Roads of Rome ( VF )\res\fonts\menu\Menu_Blue_14.txt (1,12 K/S -   1 150 bytes)
[13:57:01] - [22] VICTOR.POZEN: Début du Téléchargement de: D:\kerberos.htx\gamez1\Roads of Rome FR\Roads of Rome ( VF )\res\fonts\menu\Menu_Brown_14.png
[13:57:02] - [22] VICTOR.POZEN: Fichier envoyé: D:\kerberos.htx\gamez1\Roads of Rome FR\Roads of Rome ( VF )\res\fonts\menu\Menu_Brown_14.png (39,60 K/S -   40 551 bytes)
[13:57:02] - [22] VICTOR.POZEN: Début du Téléchargement de: D:\kerberos.htx\gamez1\Roads of Rome FR\Roads of Rome ( VF )\res\fonts\menu\Menu_Brown_14.txt
[13:57:02] - [22] VICTOR.POZEN: Fichier envoyé: D:\kerberos.htx\gamez1\Roads of Rome FR\Roads of Rome ( VF )\res\fonts\menu\Menu_Brown_14.txt (7,00 K/S -   7 171 bytes)
[13:57:03] - [22] VICTOR.POZEN: Début du Téléchargement de: D:\kerberos.htx\gamez1\Roads of Rome FR\Roads of Rome ( VF )\res\fonts\menu\Menu_White_14.txt
[13:57:03] - [22] VICTOR.POZEN: Fichier envoyé: D:\kerberos.htx\gamez1\Roads of Rome FR\Roads of Rome ( VF )\res\fonts\menu\Menu_White_14.txt (7,00 K/S -   7 171 bytes)
[13:57:03] - [22] VICTOR.POZEN: Début du Téléchargement de: D:\kerberos.htx\gamez1\Roads of Rome FR\Roads of Rome ( VF )\res\fonts\menu\_Menu_White_14.png
[13:57:04] - [22] VICTOR.POZEN: Fichier envoyé: D:\kerberos.htx\gamez1\Roads of Rome FR\Roads of Rome ( VF )\res\fonts\menu\_Menu_White_14.png (27,77 K/S -   28 438 bytes)
[13:57:05] - [22] VICTOR.POZEN: Début du Téléchargement de: D:\kerberos.htx\gamez1\Roads of Rome FR\Roads of Rome ( VF )\res\animations\animal_in.xml
[13:57:05] - [22] VICTOR.POZEN: Fichier envoyé: D:\kerberos.htx\gamez1\Roads of Rome FR\Roads of Rome ( VF )\res\animations\animal_in.xml (0,75 K/S -    764 bytes)
[13:57:05] - [22] VICTOR.POZEN: Début du Téléchargement de: D:\kerberos.htx\gamez1\Roads of Rome FR\Roads of Rome ( VF )\res\animations\animal_out.xml
[13:57:05] - [22] VICTOR.POZEN: Fichier envoyé: D:\kerberos.htx\gamez1\Roads of Rome FR\Roads of Rome ( VF )\res\animations\animal_out.xml (0,44 K/S -    449 bytes)
[13:57:06] - [22] VICTOR.POZEN: Début du Téléchargement de: D:\kerberos.htx\gamez1\Roads of Rome FR\Roads of Rome ( VF )\res\animations\arrow.xml
[13:57:06] - [22] VICTOR.POZEN: Fichier envoyé: D:\kerberos.htx\gamez1\Roads of Rome FR\Roads of Rome ( VF )\res\animations\arrow.xml (0,61 K/S -    623 bytes)
[13:57:06] - [22] VICTOR.POZEN: Début du Téléchargement de: D:\kerberos.htx\gamez1\Roads of Rome FR\Roads of Rome ( VF )\res\animations\blast_move_lines_up.xml
[13:57:06] - [22] VICTOR.POZEN: Fichier envoyé: D:\kerberos.htx\gamez1\Roads of Rome FR\Roads of Rome ( VF )\res\animations\blast_move_lines_up.xml (0,30 K/S -    305 bytes)
[13:57:07] - [22] VICTOR.POZEN: Début du Téléchargement de: D:\kerberos.htx\gamez1\Roads of Rome FR\Roads of Rome ( VF )\res\animations\bonus_in.xml
[13:57:07] - [22] VICTOR.POZEN: Fichier envoyé: D:\kerberos.htx\gamez1\Roads of Rome FR\Roads of Rome ( VF )\res\animations\bonus_in.xml (0,48 K/S -    488 bytes)
[13:57:07] - [22] VICTOR.POZEN: Début du Téléchargement de: D:\kerberos.htx\gamez1\Roads of Rome FR\Roads of Rome ( VF )\res\animations\branch1.xml
[13:57:07] - [22] VICTOR.POZEN: Fichier envoyé: D:\kerberos.htx\gamez1\Roads of Rome FR\Roads of Rome ( VF )\res\animations\branch1.xml (0,76 K/S -    779 bytes)
[13:57:08] - [22] VICTOR.POZEN: Début du Téléchargement de: D:\kerberos.htx\gamez1\Roads of Rome FR\Roads of Rome ( VF )\res\animations\branch2.xml
[13:57:08] - [22] VICTOR.POZEN: Fichier envoyé: D:\kerberos.htx\gamez1\Roads of Rome FR\Roads of Rome ( VF )\res\animations\branch2.xml (0,76 K/S -    778 bytes)
[13:57:08] - [22] VICTOR.POZEN: Début du Téléchargement de: D:\kerberos.htx\gamez1\Roads of Rome FR\Roads of Rome ( VF )\res\animations\comics.xml
[13:57:08] - [22] VICTOR.POZEN: Fichier envoyé: D:\kerberos.htx\gamez1\Roads of Rome FR\Roads of Rome ( VF )\res\animations\comics.xml (0,67 K/S -    690 bytes)
[13:57:09] - [22] VICTOR.POZEN: Début du Téléchargement de: D:\kerberos.htx\gamez1\Roads of Rome FR\Roads of Rome ( VF )\res\animations\hat.xml
[13:57:09] - [22] VICTOR.POZEN: Fichier envoyé: D:\kerberos.htx\gamez1\Roads of Rome FR\Roads of Rome ( VF )\res\animations\hat.xml (1,05 K/S -   1 074 bytes)
[13:57:09] - [22] VICTOR.POZEN: Début du Téléchargement de: D:\kerberos.htx\gamez1\Roads of Rome FR\Roads of Rome ( VF )\res\animations\logo.xml
[13:57:09] - [22] VICTOR.POZEN: Fichier envoyé: D:\kerberos.htx\gamez1\Roads of Rome FR\Roads of Rome ( VF )\res\animations\logo.xml (0,65 K/S -    665 bytes)
[13:57:10] - [22] VICTOR.POZEN: Début du Téléchargement de: D:\kerberos.htx\gamez1\Roads of Rome FR\Roads of Rome ( VF )\res\animations\obstacle_hide.xml
[13:57:10] - [22] VICTOR.POZEN: Fichier envoyé: D:\kerberos.htx\gamez1\Roads of Rome FR\Roads of Rome ( VF )\res\animations\obstacle_hide.xml (0,33 K/S -    339 bytes)
[13:57:10] - [22] VICTOR.POZEN: Début du Téléchargement de: D:\kerberos.htx\gamez1\Roads of Rome FR\Roads of Rome ( VF )\res\animations\obstacle_res_hide.xml
[13:57:10] - [22] VICTOR.POZEN: Fichier envoyé: D:\kerberos.htx\gamez1\Roads of Rome FR\Roads of Rome ( VF )\res\animations\obstacle_res_hide.xml (0,31 K/S -    313 bytes)
[13:57:11] - [22] VICTOR.POZEN: Début du Téléchargement de: D:\kerberos.htx\gamez1\Roads of Rome FR\Roads of Rome ( VF )\res\animations\res_in.xml
[13:57:11] - [22] VICTOR.POZEN: Fichier envoyé: D:\kerberos.htx\gamez1\Roads of Rome FR\Roads of Rome ( VF )\res\animations\res_in.xml (0,48 K/S -    488 bytes)
[13:57:11] - [22] VICTOR.POZEN: Début du Téléchargement de: D:\kerberos.htx\gamez1\Roads of Rome FR\Roads of Rome ( VF )\res\animations\spruse1.xml
[13:57:11] - [22] VICTOR.POZEN: Fichier envoyé: D:\kerberos.htx\gamez1\Roads of Rome FR\Roads of Rome ( VF )\res\animations\spruse1.xml (1,05 K/S -   1 076 bytes)
[13:57:12] - [22] VICTOR.POZEN: Début du Téléchargement de: D:\kerberos.htx\gamez1\Roads of Rome FR\Roads of Rome ( VF )\res\animations\spruse2.xml
[13:57:12] - [22] VICTOR.POZEN: Fichier envoyé: D:\kerberos.htx\gamez1\Roads of Rome FR\Roads of Rome ( VF )\res\animations\spruse2.xml (1,05 K/S -   1 077 bytes)
[13:57:12] - [22] VICTOR.POZEN: Début du Téléchargement de: D:\kerberos.htx\gamez1\Roads of Rome FR\Roads of Rome ( VF )\res\animations\stamp_effect.xml
[13:57:12] - [22] VICTOR.POZEN: Fichier envoyé: D:\kerberos.htx\gamez1\Roads of Rome FR\Roads of Rome ( VF )\res\animations\stamp_effect.xml (0,43 K/S -    441 bytes)
[13:57:13] - [22] VICTOR.POZEN: Début du Téléchargement de: D:\kerberos.htx\gamez1\Roads of Rome FR\Roads of Rome ( VF )\res\animations\tree_fall.xml
[13:57:13] - [22] VICTOR.POZEN: Fichier envoyé: D:\kerberos.htx\gamez1\Roads of Rome FR\Roads of Rome ( VF )\res\animations\tree_fall.xml (0,47 K/S -    478 bytes)
[13:57:14] - [22] VICTOR.POZEN: Début du Téléchargement de: D:\kerberos.htx\gamez1\RollerCoaster Tycoon 2 Triple Thrill Pack\Autorun.exe
[13:57:17] - [22] VICTOR.POZEN: Fichier envoyé: D:\kerberos.htx\gamez1\RollerCoaster Tycoon 2 Triple Thrill Pack\Autorun.exe (52,00 K/S -   159 744 bytes)
[13:57:17] - [22] VICTOR.POZEN: Début du Téléchargement de: D:\kerberos.htx\gamez1\RollerCoaster Tycoon 2 Triple Thrill Pack\Autorun.inf
[13:57:17] - [22] VICTOR.POZEN: Fichier envoyé: D:\kerberos.htx\gamez1\RollerCoaster Tycoon 2 Triple Thrill Pack\Autorun.inf (0,04 K/S -    42 bytes)
[13:57:18] - [22] VICTOR.POZEN: Début du Téléchargement de: D:\kerberos.htx\gamez1\RollerCoaster Tycoon 2 Triple Thrill Pack\data1.cab
[13:57:44] - [22] VICTOR.POZEN: Fichier envoyé: D:\kerberos.htx\gamez1\RollerCoaster Tycoon 2 Triple Thrill Pack\data1.cab (50,69 K/S -  1 349 451 bytes)
[13:57:45] - [22] VICTOR.POZEN: Début du Téléchargement de: D:\kerberos.htx\gamez1\RollerCoaster Tycoon 2 Triple Thrill Pack\data1.hdr
[13:57:50] - [22] VICTOR.POZEN: Fichier envoyé: D:\kerberos.htx\gamez1\RollerCoaster Tycoon 2 Triple Thrill Pack\data1.hdr (50,33 K/S -   257 711 bytes)
[13:57:50] - [22] VICTOR.POZEN: Début du Téléchargement de: D:\kerberos.htx\gamez1\RollerCoaster Tycoon 2 Triple Thrill Pack\data2.cab
[14:11:38] - [30] VICTOR.POZEN: Fichier envoyé: D:\kerberos.htx\gamez1\Roads of Rome FR\Roads of Rome ( VF )\main.pak (53,06 K/S -  72 152 351 bytes)
[14:11:38] - [30] VICTOR.POZEN: Début du Téléchargement de: D:\kerberos.htx\gamez1\RollerCoaster Tycoon 2 Triple Thrill Pack\engine32.cab
[14:11:47] - [30] VICTOR.POZEN: Fichier envoyé: D:\kerberos.htx\gamez1\RollerCoaster Tycoon 2 Triple Thrill Pack\engine32.cab (51,06 K/S -   418 296 bytes)
[14:11:47] - [30] VICTOR.POZEN: Début du Téléchargement de: D:\kerberos.htx\gamez1\RollerCoaster Tycoon 2 Triple Thrill Pack\Install_Guide.doc
[14:11:48] - [30] VICTOR.POZEN: Fichier envoyé: D:\kerberos.htx\gamez1\RollerCoaster Tycoon 2 Triple Thrill Pack\Install_Guide.doc (40,50 K/S -   41 472 bytes)
[14:11:48] - [30] VICTOR.POZEN: Début du Téléchargement de: D:\kerberos.htx\gamez1\RollerCoaster Tycoon 2 Triple Thrill Pack\layout.bin
[14:11:48] - [30] VICTOR.POZEN: Fichier envoyé: D:\kerberos.htx\gamez1\RollerCoaster Tycoon 2 Triple Thrill Pack\layout.bin (0,46 K/S -    474 bytes)
[14:11:49] - [30] VICTOR.POZEN: Début du Téléchargement de: D:\kerberos.htx\gamez1\RollerCoaster Tycoon 2 Triple Thrill Pack\RCT2.dat
[14:14:06] - [30] VICTOR.POZEN: Fichier envoyé: D:\kerberos.htx\gamez1\RollerCoaster Tycoon 2 Triple Thrill Pack\RCT2.dat (49,28 K/S -  6 913 491 bytes)
[14:14:06] - [30] VICTOR.POZEN: Début du Téléchargement de: D:\kerberos.htx\gamez1\RollerCoaster Tycoon 2 Triple Thrill Pack\rct2.ico
[14:14:06] - [30] VICTOR.POZEN: Fichier envoyé: D:\kerberos.htx\gamez1\RollerCoaster Tycoon 2 Triple Thrill Pack\rct2.ico (2,19 K/S -   2 238 bytes)
[14:14:06] - [30] VICTOR.POZEN: Début du Téléchargement de: D:\kerberos.htx\gamez1\RollerCoaster Tycoon 2 Triple Thrill Pack\rct2ttp.iso
[16:52:13] - [22] VICTOR.POZEN: Fichier envoyé: D:\kerberos.htx\gamez1\RollerCoaster Tycoon 2 Triple Thrill Pack\data2.cab (50,98 K/S -  546 234 248 bytes)
[16:52:38] - [22] Client 90.125.133.75 Déconnecté (06:08:33 Min)
[16:52:44] - [31] Connecté à 90.125.133.75. Collecte du Nom d'utilisateur.
[16:52:44] - [31] Usager VICTOR.POZEN Connecté IP: 90.125.133.75
[16:52:44] - [31] VICTOR.POZEN: Répertoire en Cours: D:\kerberos.htx\
[16:52:45] - [31] VICTOR.POZEN: Résumé du Téléchargement de: D:\kerberos.htx\gamez1\RollerCoaster Tycoon 2 Triple Thrill Pack\data2.cab A:  546 234 248 bytes
[16:52:45] - [31] VICTOR.POZEN: Fichier envoyé: D:\kerberos.htx\gamez1\RollerCoaster Tycoon 2 Triple Thrill Pack\data2.cab (5,3343E5 K/S -  546 234 248 bytes)
[16:52:45] - [31] VICTOR.POZEN: Début du Téléchargement de: D:\kerberos.htx\gamez1\RollerCoaster Tycoon 2 Triple Thrill Pack\Readme.txt
[16:52:46] - [31] VICTOR.POZEN: Fichier envoyé: D:\kerberos.htx\gamez1\RollerCoaster Tycoon 2 Triple Thrill Pack\Readme.txt (20,59 K/S -   21 083 bytes)
[16:52:46] - [31] VICTOR.POZEN: Début du Téléchargement de: D:\kerberos.htx\gamez1\RollerCoaster Tycoon 2 Triple Thrill Pack\Rtc2.nfo
[16:52:46] - [31] VICTOR.POZEN: Fichier envoyé: D:\kerberos.htx\gamez1\RollerCoaster Tycoon 2 Triple Thrill Pack\Rtc2.nfo (1,13 K/S -   1 153 bytes)
[16:52:47] - [31] VICTOR.POZEN: Début du Téléchargement de: D:\kerberos.htx\gamez1\RollerCoaster Tycoon 2 Triple Thrill Pack\setup.bmp
[16:52:54] - [31] VICTOR.POZEN: Fichier envoyé: D:\kerberos.htx\gamez1\RollerCoaster Tycoon 2 Triple Thrill Pack\setup.bmp (47,80 K/S -   391 556 bytes)
[16:52:55] - [31] VICTOR.POZEN: Début du Téléchargement de: D:\kerberos.htx\gamez1\RollerCoaster Tycoon 2 Triple Thrill Pack\setup.boot
[16:53:01] - [31] VICTOR.POZEN: Fichier envoyé: D:\kerberos.htx\gamez1\RollerCoaster Tycoon 2 Triple Thrill Pack\setup.boot (47,74 K/S -   342 212 bytes)
[16:53:02] - [31] VICTOR.POZEN: Début du Téléchargement de: D:\kerberos.htx\gamez1\RollerCoaster Tycoon 2 Triple Thrill Pack\setup.exe
[16:53:04] - [31] VICTOR.POZEN: Fichier envoyé: D:\kerberos.htx\gamez1\RollerCoaster Tycoon 2 Triple Thrill Pack\setup.exe (52,50 K/S -   107 512 bytes)
[16:53:04] - [31] VICTOR.POZEN: Début du Téléchargement de: D:\kerberos.htx\gamez1\RollerCoaster Tycoon 2 Triple Thrill Pack\setup.ini
[16:53:04] - [31] VICTOR.POZEN: Fichier envoyé: D:\kerberos.htx\gamez1\RollerCoaster Tycoon 2 Triple Thrill Pack\setup.ini (0,41 K/S -    415 bytes)
[16:53:05] - [31] VICTOR.POZEN: Début du Téléchargement de: D:\kerberos.htx\gamez1\RollerCoaster Tycoon 2 Triple Thrill Pack\setup.inx
[16:53:09] - [31] VICTOR.POZEN: Fichier envoyé: D:\kerberos.htx\gamez1\RollerCoaster Tycoon 2 Triple Thrill Pack\setup.inx (45,72 K/S -   187 260 bytes)
[16:53:10] - [31] VICTOR.POZEN: Début du Téléchargement de: D:\kerberos.htx\gamez1\RollerCoaster Tycoon 2 Triple Thrill Pack\Scenarios\Build your own Six Flags Park.SC6
[16:53:16] - [31] VICTOR.POZEN: Fichier envoyé: D:\kerberos.htx\gamez1\RollerCoaster Tycoon 2 Triple Thrill Pack\Scenarios\Build your own Six Flags Park.SC6 (47,39 K/S -   339 695 bytes)
[16:53:17] - [31] VICTOR.POZEN: Début du Téléchargement de: D:\kerberos.htx\gamez1\RollerCoaster Tycoon 2 Triple Thrill Pack\Scenarios\Six Flags Magic Mountain.SC6
[16:53:45] - [31] VICTOR.POZEN: Fichier envoyé: D:\kerberos.htx\gamez1\RollerCoaster Tycoon 2 Triple Thrill Pack\Scenarios\Six Flags Magic Mountain.SC6 (50,52 K/S -  1 448 614 bytes)
[16:53:46] - [31] VICTOR.POZEN: Début du Téléchargement de: D:\kerberos.htx\gamez1\RollerCoaster Tycoon 2 Triple Thrill Pack\RCT3_PREVIEW\RCT3_Preview_READ_ME.TXT
[16:53:46] - [31] VICTOR.POZEN: Fichier envoyé: D:\kerberos.htx\gamez1\RollerCoaster Tycoon 2 Triple Thrill Pack\RCT3_PREVIEW\RCT3_Preview_READ_ME.TXT (0,69 K/S -    705 bytes)
[16:53:47] - [31] VICTOR.POZEN: Début du Téléchargement de: D:\kerberos.htx\gamez1\RollerCoaster Tycoon 2 Triple Thrill Pack\RCT3_PREVIEW\RCT3_Preview_Trailer.wmv
[17:00:33] - [31] VICTOR.POZEN: Fichier envoyé: D:\kerberos.htx\gamez1\RollerCoaster Tycoon 2 Triple Thrill Pack\RCT3_PREVIEW\RCT3_Preview_Trailer.wmv (50,87 K/S -  21 147 100 bytes)
[17:00:33] - [31] VICTOR.POZEN: Début du Téléchargement de: D:\kerberos.htx\gamez1\RollerCoaster Tycoon 2 Triple Thrill Pack\RCT3_PREVIEW\Thumbs.db
[17:00:33] - [31] VICTOR.POZEN: Fichier envoyé: D:\kerberos.htx\gamez1\RollerCoaster Tycoon 2 Triple Thrill Pack\RCT3_PREVIEW\Thumbs.db (3,00 K/S -   3 072 bytes)
[17:00:34] - [31] VICTOR.POZEN: Début du Téléchargement de: D:\kerberos.htx\gamez1\RollerCoaster Tycoon 2 Triple Thrill Pack\RCT3_PREVIEW\RCT3 Wallpapers\rct3 wallpaper1 1024x768.jpg
[17:00:36] - [31] VICTOR.POZEN: Fichier envoyé: D:\kerberos.htx\gamez1\RollerCoaster Tycoon 2 Triple Thrill Pack\RCT3_PREVIEW\RCT3 Wallpapers\rct3 wallpaper1 1024x768.jpg (43,12 K/S -   88 302 bytes)
[17:00:36] - [31] VICTOR.POZEN: Début du Téléchargement de: D:\kerberos.htx\gamez1\RollerCoaster Tycoon 2 Triple Thrill Pack\RCT3_PREVIEW\RCT3 Wallpapers\rct3 wallpaper1 1280x960.jpg
[17:00:39] - [31] VICTOR.POZEN: Fichier envoyé: D:\kerberos.htx\gamez1\RollerCoaster Tycoon 2 Triple Thrill Pack\RCT3_PREVIEW\RCT3 Wallpapers\rct3 wallpaper1 1280x960.jpg (38,88 K/S -   119 441 bytes)
[17:00:39] - [31] VICTOR.POZEN: Début du Téléchargement de: D:\kerberos.htx\gamez1\RollerCoaster Tycoon 2 Triple Thrill Pack\RCT3_PREVIEW\RCT3 Wallpapers\rct3 wallpaper1 1600x1200.jpg
[17:00:42] - [31] VICTOR.POZEN: Fichier envoyé: D:\kerberos.htx\gamez1\RollerCoaster Tycoon 2 Triple Thrill Pack\RCT3_PREVIEW\RCT3 Wallpapers\rct3 wallpaper1 1600x1200.jpg (53,41 K/S -   164 073 bytes)
[17:00:43] - [31] VICTOR.POZEN: Début du Téléchargement de: D:\kerberos.htx\gamez1\RollerCoaster Tycoon 2 Triple Thrill Pack\RCT3_PREVIEW\RCT3 Wallpapers\rct3 wallpaper1 800x600.jpg
[17:00:44] - [31] VICTOR.POZEN: Fichier envoyé: D:\kerberos.htx\gamez1\RollerCoaster Tycoon 2 Triple Thrill Pack\RCT3_PREVIEW\RCT3 Wallpapers\rct3 wallpaper1 800x600.jpg (62,50 K/S -   64 001 bytes)
[17:00:44] - [31] VICTOR.POZEN: Début du Téléchargement de: D:\kerberos.htx\gamez1\RollerCoaster Tycoon 2 Triple Thrill Pack\RCT3_PREVIEW\RCT3 Wallpapers\rct3 wallpaper2 1024x768.jpg
[17:00:47] - [31] VICTOR.POZEN: Fichier envoyé: D:\kerberos.htx\gamez1\RollerCoaster Tycoon 2 Triple Thrill Pack\RCT3_PREVIEW\RCT3 Wallpapers\rct3 wallpaper2 1024x768.jpg (64,52 K/S -   132 130 bytes)
[17:00:47] - [31] VICTOR.POZEN: Début du Téléchargement de: D:\kerberos.htx\gamez1\RollerCoaster Tycoon 2 Triple Thrill Pack\RCT3_PREVIEW\RCT3 Wallpapers\rct3 wallpaper2 1280x960.jpg
[17:00:51] - [31] VICTOR.POZEN: Fichier envoyé: D:\kerberos.htx\gamez1\RollerCoaster Tycoon 2 Triple Thrill Pack\RCT3_PREVIEW\RCT3 Wallpapers\rct3 wallpaper2 1280x960.jpg (59,86 K/S -   183 895 bytes)
[17:00:51] - [31] VICTOR.POZEN: Début du Téléchargement de: D:\kerberos.htx\gamez1\RollerCoaster Tycoon 2 Triple Thrill Pack\RCT3_PREVIEW\RCT3 Wallpapers\rct3 wallpaper2 1600x1200.jpg
[17:00:56] - [31] VICTOR.POZEN: Fichier envoyé: D:\kerberos.htx\gamez1\RollerCoaster Tycoon 2 Triple Thrill Pack\RCT3_PREVIEW\RCT3 Wallpapers\rct3 wallpaper2 1600x1200.jpg (50,82 K/S -   260 217 bytes)
[17:00:57] - [31] VICTOR.POZEN: Début du Téléchargement de: D:\kerberos.htx\gamez1\RollerCoaster Tycoon 2 Triple Thrill Pack\RCT3_PREVIEW\RCT3 Wallpapers\rct3 wallpaper2 800x600.jpg
[17:00:59] - [31] VICTOR.POZEN: Fichier envoyé: D:\kerberos.htx\gamez1\RollerCoaster Tycoon 2 Triple Thrill Pack\RCT3_PREVIEW\RCT3 Wallpapers\rct3 wallpaper2 800x600.jpg (45,60 K/S -   93 399 bytes)
[17:00:59] - [31] VICTOR.POZEN: Début du Téléchargement de: D:\kerberos.htx\gamez1\RollerCoaster Tycoon 2 Triple Thrill Pack\RCT3_PREVIEW\RCT3 Wallpapers\rct3 wallpaper3 1024x768.jpg
[17:01:01] - [31] VICTOR.POZEN: Fichier envoyé: D:\kerberos.htx\gamez1\RollerCoaster Tycoon 2 Triple Thrill Pack\RCT3_PREVIEW\RCT3 Wallpapers\rct3 wallpaper3 1024x768.jpg (34,01 K/S -   104 475 bytes)
[17:01:02] - [31] VICTOR.POZEN: Début du Téléchargement de: D:\kerberos.htx\gamez1\RollerCoaster Tycoon 2 Triple Thrill Pack\RCT3_PREVIEW\RCT3 Wallpapers\rct3 wallpaper3 1280x960.jpg
[17:01:05] - [31] VICTOR.POZEN: Fichier envoyé: D:\kerberos.htx\gamez1\RollerCoaster Tycoon 2 Triple Thrill Pack\RCT3_PREVIEW\RCT3 Wallpapers\rct3 wallpaper3 1280x960.jpg (47,43 K/S -   145 702 bytes)
[17:01:05] - [31] VICTOR.POZEN: Début du Téléchargement de: D:\kerberos.htx\gamez1\RollerCoaster Tycoon 2 Triple Thrill Pack\RCT3_PREVIEW\RCT3 Wallpapers\rct3 wallpaper3 1600x1200.jpg
[17:01:09] - [31] VICTOR.POZEN: Fichier envoyé: D:\kerberos.htx\gamez1\RollerCoaster Tycoon 2 Triple Thrill Pack\RCT3_PREVIEW\RCT3 Wallpapers\rct3 wallpaper3 1600x1200.jpg (50,19 K/S -   205 574 bytes)
[17:01:09] - [31] VICTOR.POZEN: Début du Téléchargement de: D:\kerberos.htx\gamez1\RollerCoaster Tycoon 2 Triple Thrill Pack\RCT3_PREVIEW\RCT3 Wallpapers\rct3 wallpaper3 800x600.jpg
[17:01:11] - [31] VICTOR.POZEN: Fichier envoyé: D:\kerberos.htx\gamez1\RollerCoaster Tycoon 2 Triple Thrill Pack\RCT3_PREVIEW\RCT3 Wallpapers\rct3 wallpaper3 800x600.jpg (71,58 K/S -   73 303 bytes)
[17:01:11] - [31] VICTOR.POZEN: Début du Téléchargement de: D:\kerberos.htx\gamez1\RollerCoaster Tycoon 2 Triple Thrill Pack\RCT3_PREVIEW\RCT3 Wallpapers\rct3 wallpaper4 1024x768.jpg
[17:01:14] - [31] VICTOR.POZEN: Fichier envoyé: D:\kerberos.htx\gamez1\RollerCoaster Tycoon 2 Triple Thrill Pack\RCT3_PREVIEW\RCT3 Wallpapers\rct3 wallpaper4 1024x768.jpg (57,24 K/S -   117 223 bytes)
[17:01:14] - [31] VICTOR.POZEN: Début du Téléchargement de: D:\kerberos.htx\gamez1\RollerCoaster Tycoon 2 Triple Thrill Pack\RCT3_PREVIEW\RCT3 Wallpapers\rct3 wallpaper4 1280x960.jpg
[17:01:17] - [31] VICTOR.POZEN: Fichier envoyé: D:\kerberos.htx\gamez1\RollerCoaster Tycoon 2 Triple Thrill Pack\RCT3_PREVIEW\RCT3 Wallpapers\rct3 wallpaper4 1280x960.jpg (50,93 K/S -   156 462 bytes)
[17:01:17] - [31] VICTOR.POZEN: Début du Téléchargement de: D:\kerberos.htx\gamez1\RollerCoaster Tycoon 2 Triple Thrill Pack\RCT3_PREVIEW\RCT3 Wallpapers\rct3 wallpaper4 1600x1200.jpg
[17:01:22] - [31] VICTOR.POZEN: Fichier envoyé: D:\kerberos.htx\gamez1\RollerCoaster Tycoon 2 Triple Thrill Pack\RCT3_PREVIEW\RCT3 Wallpapers\rct3 wallpaper4 1600x1200.jpg (51,35 K/S -   210 318 bytes)
[17:01:22] - [31] VICTOR.POZEN: Début du Téléchargement de: D:\kerberos.htx\gamez1\RollerCoaster Tycoon 2 Triple Thrill Pack\RCT3_PREVIEW\RCT3 Wallpapers\rct3 wallpaper4 800x600.jpg
[17:01:24] - [31] VICTOR.POZEN: Fichier envoyé: D:\kerberos.htx\gamez1\RollerCoaster Tycoon 2 Triple Thrill Pack\RCT3_PREVIEW\RCT3 Wallpapers\rct3 wallpaper4 800x600.jpg (40,95 K/S -   83 866 bytes)
[17:01:24] - [31] VICTOR.POZEN: Début du Téléchargement de: D:\kerberos.htx\gamez1\RollerCoaster Tycoon 2 Triple Thrill Pack\RCT3_PREVIEW\RCT3 Wallpapers\Thumbs.db
[17:01:25] - [31] VICTOR.POZEN: Fichier envoyé: D:\kerberos.htx\gamez1\RollerCoaster Tycoon 2 Triple Thrill Pack\RCT3_PREVIEW\RCT3 Wallpapers\Thumbs.db (31,25 K/S -   64 000 bytes)
[17:01:26] - [31] VICTOR.POZEN: Début du Téléchargement de: D:\kerberos.htx\gamez1\RollerCoaster Tycoon 2 Triple Thrill Pack\Patch FR + Crack\rct2.exe
[17:03:39] - [31] VICTOR.POZEN: Fichier envoyé: D:\kerberos.htx\gamez1\RollerCoaster Tycoon 2 Triple Thrill Pack\Patch FR + Crack\rct2.exe (49,82 K/S -  6 785 536 bytes)
[17:03:40] - [31] VICTOR.POZEN: Début du Téléchargement de: D:\kerberos.htx\gamez1\RollerCoaster Tycoon 2 Triple Thrill Pack\Patch FR + Crack\RegSetup.exe
[17:03:41] - [31] VICTOR.POZEN: Fichier envoyé: D:\kerberos.htx\gamez1\RollerCoaster Tycoon 2 Triple Thrill Pack\Patch FR + Crack\RegSetup.exe (40,57 K/S -   41 548 bytes)
[17:03:42] - [31] VICTOR.POZEN: Début du Téléchargement de: D:\kerberos.htx\gamez1\RollerCoaster Tycoon 2 Triple Thrill Pack\Manual\AdbeRdr60_enu_full.exe
[17:09:10] - [31] VICTOR.POZEN: Fichier envoyé: D:\kerberos.htx\gamez1\RollerCoaster Tycoon 2 Triple Thrill Pack\Manual\AdbeRdr60_enu_full.exe (49,74 K/S -  16 706 160 bytes)
[17:09:10] - [31] VICTOR.POZEN: Début du Téléchargement de: D:\kerberos.htx\gamez1\RollerCoaster Tycoon 2 Triple Thrill Pack\Manual\RCT2TTP_MANUAL_ENU.PDF
[17:11:36] - [31] VICTOR.POZEN: Fichier envoyé: D:\kerberos.htx\gamez1\RollerCoaster Tycoon 2 Triple Thrill Pack\Manual\RCT2TTP_MANUAL_ENU.PDF (50,08 K/S -  7 487 209 bytes)
[17:11:37] - [31] VICTOR.POZEN: Début du Téléchargement de: D:\kerberos.htx\gamez1\RollerCoaster Tycoon 2 Triple Thrill Pack\DirectX\BDA.cab
[17:11:48] - [31] VICTOR.POZEN: Fichier envoyé: D:\kerberos.htx\gamez1\RollerCoaster Tycoon 2 Triple Thrill Pack\DirectX\BDA.cab (49,91 K/S -   562 193 bytes)
[17:11:48] - [31] VICTOR.POZEN: Début du Téléchargement de: D:\kerberos.htx\gamez1\RollerCoaster Tycoon 2 Triple Thrill Pack\DirectX\BDANT.cab
[17:12:00] - [31] VICTOR.POZEN: Fichier envoyé: D:\kerberos.htx\gamez1\RollerCoaster Tycoon 2 Triple Thrill Pack\DirectX\BDANT.cab (49,94 K/S -   562 548 bytes)
[17:12:00] - [31] VICTOR.POZEN: Début du Téléchargement de: D:\kerberos.htx\gamez1\RollerCoaster Tycoon 2 Triple Thrill Pack\DirectX\cfgmgr32.dll
[17:12:01] - [31] VICTOR.POZEN: Fichier envoyé: D:\kerberos.htx\gamez1\RollerCoaster Tycoon 2 Triple Thrill Pack\DirectX\cfgmgr32.dll (41,00 K/S -   41 984 bytes)
[17:12:01] - [31] VICTOR.POZEN: Début du Téléchargement de: D:\kerberos.htx\gamez1\RollerCoaster Tycoon 2 Triple Thrill Pack\DirectX\DirectX.cab
[17:16:38] - [31] VICTOR.POZEN: Fichier envoyé: D:\kerberos.htx\gamez1\RollerCoaster Tycoon 2 Triple Thrill Pack\DirectX\DirectX.cab (50,52 K/S -  14 382 402 bytes)
[17:16:39] - [31] VICTOR.POZEN: Début du Téléchargement de: D:\kerberos.htx\gamez1\RollerCoaster Tycoon 2 Triple Thrill Pack\DirectX\DSETUP.dll
[17:16:40] - [31] VICTOR.POZEN: Fichier envoyé: D:\kerberos.htx\gamez1\RollerCoaster Tycoon 2 Triple Thrill Pack\DirectX\DSETUP.dll (34,50 K/S -   35 328 bytes)
[17:16:40] - [31] VICTOR.POZEN: Début du Téléchargement de: D:\kerberos.htx\gamez1\RollerCoaster Tycoon 2 Triple Thrill Pack\DirectX\dsetup32.dll
[17:17:17] - [31] VICTOR.POZEN: Fichier envoyé: D:\kerberos.htx\gamez1\RollerCoaster Tycoon 2 Triple Thrill Pack\DirectX\dsetup32.dll (50,18 K/S -  1 901 056 bytes)
[17:17:17] - [31] VICTOR.POZEN: Début du Téléchargement de: D:\kerberos.htx\gamez1\RollerCoaster Tycoon 2 Triple Thrill Pack\DirectX\dxnt.cab
[17:20:28] - [31] VICTOR.POZEN: Fichier envoyé: D:\kerberos.htx\gamez1\RollerCoaster Tycoon 2 Triple Thrill Pack\DirectX\dxnt.cab (50,97 K/S -  9 917 535 bytes)
[17:20:28] - [31] VICTOR.POZEN: Début du Téléchargement de: D:\kerberos.htx\gamez1\RollerCoaster Tycoon 2 Triple Thrill Pack\DirectX\dxsetup.exe
[17:20:31] - [31] VICTOR.POZEN: Fichier envoyé: D:\kerberos.htx\gamez1\RollerCoaster Tycoon 2 Triple Thrill Pack\DirectX\dxsetup.exe (68,50 K/S -   140 288 bytes)
[17:20:32] - [31] VICTOR.POZEN: Début du Téléchargement de: D:\kerberos.htx\gamez1\RollerCoaster Tycoon 2 Triple Thrill Pack\DirectX\setupapi.dll
[17:20:38] - [31] VICTOR.POZEN: Fichier envoyé: D:\kerberos.htx\gamez1\RollerCoaster Tycoon 2 Triple Thrill Pack\DirectX\setupapi.dll (47,61 K/S -   341 264 bytes)
[17:20:40] - [31] VICTOR.POZEN: Début du Téléchargement de: D:\kerberos.htx\gamez1\RollerCoaster Tycoon 2 Triple Thrill Pack\Autorun\DEFAULT.INI
[17:20:40] - [31] VICTOR.POZEN: Fichier envoyé: D:\kerberos.htx\gamez1\RollerCoaster Tycoon 2 Triple Thrill Pack\Autorun\DEFAULT.INI (1,24 K/S -   1 272 bytes)
[17:20:40] - [31] VICTOR.POZEN: Début du Téléchargement de: D:\kerberos.htx\gamez1\RollerCoaster Tycoon 2 Triple Thrill Pack\Autorun\ENGLISH.STR
[17:20:40] - [31] VICTOR.POZEN: Fichier envoyé: D:\kerberos.htx\gamez1\RollerCoaster Tycoon 2 Triple Thrill Pack\Autorun\ENGLISH.STR (0,66 K/S -    678 bytes)
[17:20:41] - [31] VICTOR.POZEN: Début du Téléchargement de: D:\kerberos.htx\gamez1\RollerCoaster Tycoon 2 Triple Thrill Pack\Autorun\LANGUAGE.INI
[17:20:41] - [31] VICTOR.POZEN: Fichier envoyé: D:\kerberos.htx\gamez1\RollerCoaster Tycoon 2 Triple Thrill Pack\Autorun\LANGUAGE.INI (4,45 K/S -   4 560 bytes)
[17:20:41] - [31] VICTOR.POZEN: Début du Téléchargement de: D:\kerberos.htx\gamez1\RollerCoaster Tycoon 2 Triple Thrill Pack\Autorun\resrc.dll
[17:20:45] - [31] VICTOR.POZEN: Fichier envoyé: D:\kerberos.htx\gamez1\RollerCoaster Tycoon 2 Triple Thrill Pack\Autorun\resrc.dll (47,00 K/S -   192 512 bytes)
[17:20:46] - [31] VICTOR.POZEN: Début du Téléchargement de: D:\kerberos.htx\gamez1\RollerCoaster Tycoon 2 Triple Thrill Pack\Autorun\Art\btnExit.bmp
[17:20:47] - [31] VICTOR.POZEN: Fichier envoyé: D:\kerberos.htx\gamez1\RollerCoaster Tycoon 2 Triple Thrill Pack\Autorun\Art\btnExit.bmp (30,95 K/S -   31 696 bytes)
[17:20:47] - [31] VICTOR.POZEN: Début du Téléchargement de: D:\kerberos.htx\gamez1\RollerCoaster Tycoon 2 Triple Thrill Pack\Autorun\Art\btnInst.bmp
[17:20:49] - [31] VICTOR.POZEN: Fichier envoyé: D:\kerberos.htx\gamez1\RollerCoaster Tycoon 2 Triple Thrill Pack\Autorun\Art\btnInst.bmp (43,97 K/S -   90 056 bytes)
[17:20:49] - [31] VICTOR.POZEN: Début du Téléchargement de: D:\kerberos.htx\gamez1\RollerCoaster Tycoon 2 Triple Thrill Pack\Autorun\Art\btnManl.bmp
[17:20:51] - [31] VICTOR.POZEN: Fichier envoyé: D:\kerberos.htx\gamez1\RollerCoaster Tycoon 2 Triple Thrill Pack\Autorun\Art\btnManl.bmp (87,95 K/S -   90 056 bytes)
[17:20:52] - [31] VICTOR.POZEN: Début du Téléchargement de: D:\kerberos.htx\gamez1\RollerCoaster Tycoon 2 Triple Thrill Pack\Autorun\Art\btnManual.bmp
[17:20:53] - [31] VICTOR.POZEN: Fichier envoyé: D:\kerberos.htx\gamez1\RollerCoaster Tycoon 2 Triple Thrill Pack\Autorun\Art\btnManual.bmp (59,28 K/S -   60 704 bytes)
[17:20:53] - [31] VICTOR.POZEN: Début du Téléchargement de: D:\kerberos.htx\gamez1\RollerCoaster Tycoon 2 Triple Thrill Pack\Autorun\Art\btnPlay.bmp
[17:20:55] - [31] VICTOR.POZEN: Fichier envoyé: D:\kerberos.htx\gamez1\RollerCoaster Tycoon 2 Triple Thrill Pack\Autorun\Art\btnPlay.bmp (43,97 K/S -   90 056 bytes)
[17:20:55] - [31] VICTOR.POZEN: Début du Téléchargement de: D:\kerberos.htx\gamez1\RollerCoaster Tycoon 2 Triple Thrill Pack\Autorun\Art\btnRead.bmp
[17:20:57] - [31] VICTOR.POZEN: Fichier envoyé: D:\kerberos.htx\gamez1\RollerCoaster Tycoon 2 Triple Thrill Pack\Autorun\Art\btnRead.bmp (87,95 K/S -   90 056 bytes)
[17:20:58] - [31] VICTOR.POZEN: Début du Téléchargement de: D:\kerberos.htx\gamez1\RollerCoaster Tycoon 2 Triple Thrill Pack\Autorun\Art\btnReadme.bmp
[17:20:59] - [31] VICTOR.POZEN: Fichier envoyé: D:\kerberos.htx\gamez1\RollerCoaster Tycoon 2 Triple Thrill Pack\Autorun\Art\btnReadme.bmp (59,28 K/S -   60 704 bytes)
[17:20:59] - [31] VICTOR.POZEN: Début du Téléchargement de: D:\kerberos.htx\gamez1\RollerCoaster Tycoon 2 Triple Thrill Pack\Autorun\Art\ClickIn.wav
[17:20:59] - [31] VICTOR.POZEN: Fichier envoyé: D:\kerberos.htx\gamez1\RollerCoaster Tycoon 2 Triple Thrill Pack\Autorun\Art\ClickIn.wav (4,76 K/S -   4 876 bytes)
[17:21:00] - [31] VICTOR.POZEN: Début du Téléchargement de: D:\kerberos.htx\gamez1\RollerCoaster Tycoon 2 Triple Thrill Pack\Autorun\Art\ClickOut.wav
[17:21:00] - [31] VICTOR.POZEN: Fichier envoyé: D:\kerberos.htx\gamez1\RollerCoaster Tycoon 2 Triple Thrill Pack\Autorun\Art\ClickOut.wav (34,63 K/S -   35 458 bytes)
[17:21:01] - [31] VICTOR.POZEN: Début du Téléchargement de: D:\kerberos.htx\gamez1\RollerCoaster Tycoon 2 Triple Thrill Pack\Autorun\Art\Rollover.wav
[17:21:01] - [31] VICTOR.POZEN: Fichier envoyé: D:\kerberos.htx\gamez1\RollerCoaster Tycoon 2 Triple Thrill Pack\Autorun\Art\Rollover.wav (4,89 K/S -   5 012 bytes)
[17:21:01] - [31] VICTOR.POZEN: Début du Téléchargement de: D:\kerberos.htx\gamez1\RollerCoaster Tycoon 2 Triple Thrill Pack\Autorun\Art\Text.bmp
[17:21:03] - [31] VICTOR.POZEN: Fichier envoyé: D:\kerberos.htx\gamez1\RollerCoaster Tycoon 2 Triple Thrill Pack\Autorun\Art\Text.bmp (48,75 K/S -   99 848 bytes)
[17:21:04] - [31] VICTOR.POZEN: Début du Téléchargement de: D:\kerberos.htx\gamez1\RollerCoaster Tycoon 2 Triple Thrill Pack\Autorun\Art\WndBG.bmp
[17:21:21] - [31] VICTOR.POZEN: Fichier envoyé: D:\kerberos.htx\gamez1\RollerCoaster Tycoon 2 Triple Thrill Pack\Autorun\Art\WndBG.bmp (50,00 K/S -   921 656 bytes)
[17:21:22] - [31] VICTOR.POZEN: Début du Téléchargement de: D:\kerberos.htx\gamez1\RollerCoaster_Tycoon_3_Premium\RollerCoaster_Tycoon_3_Premium_+_2_Extension.rar
[17:37:16] - [30] VICTOR.POZEN: Fichier envoyé: D:\kerberos.htx\gamez1\RollerCoaster Tycoon 2 Triple Thrill Pack\rct2ttp.iso (50,95 K/S -  635 877 376 bytes)
[17:37:44] - [30] Client 90.125.133.75 Déconnecté (04:22:12 Min)
[17:37:47] - [32] Connecté à 90.125.133.75. Collecte du Nom d'utilisateur.
[17:37:47] - [32] Usager VICTOR.POZEN Connecté IP: 90.125.133.75
[17:37:47] - [32] VICTOR.POZEN: Répertoire en Cours: D:\kerberos.htx\
[17:37:48] - [32] VICTOR.POZEN: Résumé du Téléchargement de: D:\kerberos.htx\gamez1\RollerCoaster Tycoon 2 Triple Thrill Pack\rct2ttp.iso A:  635 877 376 bytes
[17:37:48] - [32] VICTOR.POZEN: Fichier envoyé: D:\kerberos.htx\gamez1\RollerCoaster Tycoon 2 Triple Thrill Pack\rct2ttp.iso (6,2097E5 K/S -  635 877 376 bytes)
[17:37:49] - [32] VICTOR.POZEN: Début du Téléchargement de: D:\kerberos.htx\gamez1\RollerCoaster_Tycoon_3_Premium\RollerCoaster_Tycoon_3_Premium_Install_Info.nfo
[17:37:49] - [32] VICTOR.POZEN: Fichier envoyé: D:\kerberos.htx\gamez1\RollerCoaster_Tycoon_3_Premium\RollerCoaster_Tycoon_3_Premium_Install_Info.nfo (4,36 K/S -   4 468 bytes)
[17:37:50] - [32] VICTOR.POZEN: Début du Téléchargement de: D:\kerberos.htx\gamez1\RollerCoaster_Tycoon_3_Premium\Roller Coaster Tycoon 3\Patch fr.rar
[17:38:00] - [32] VICTOR.POZEN: Fichier envoyé: D:\kerberos.htx\gamez1\RollerCoaster_Tycoon_3_Premium\Roller Coaster Tycoon 3\Patch fr.rar (50,30 K/S -   515 082 bytes)
[17:38:01] - [32] VICTOR.POZEN: Début du Téléchargement de: D:\kerberos.htx\gamez1\RollerCoaster_Tycoon_3_Premium\Roller Coaster Tycoon 3\PlatinumNO-CD\GraphFix.log
[17:38:01] - [32] VICTOR.POZEN: Fichier envoyé: D:\kerberos.htx\gamez1\RollerCoaster_Tycoon_3_Premium\Roller Coaster Tycoon 3\PlatinumNO-CD\GraphFix.log (0,26 K/S -    271 bytes)
[17:38:02] - [32] VICTOR.POZEN: Début du Téléchargement de: D:\kerberos.htx\gamez1\RollerCoaster_Tycoon_3_Premium\Roller Coaster Tycoon 3\PlatinumNO-CD\RCT3plus.exe
[17:43:09] - [32] VICTOR.POZEN: Fichier envoyé: D:\kerberos.htx\gamez1\RollerCoaster_Tycoon_3_Premium\Roller Coaster Tycoon 3\PlatinumNO-CD\RCT3plus.exe (50,53 K/S -  15 884 288 bytes)
[17:43:10] - [32] VICTOR.POZEN: Début du Téléchargement de: D:\kerberos.htx\gamez1\Supercow\activation_info.xml
[17:43:10] - [32] VICTOR.POZEN: Fichier envoyé: D:\kerberos.htx\gamez1\Supercow\activation_info.xml (0,12 K/S -    124 bytes)
[17:43:10] - [32] VICTOR.POZEN: Début du Téléchargement de: D:\kerberos.htx\gamez1\Supercow\BASS.DLL
[17:43:13] - [32] VICTOR.POZEN: Fichier envoyé: D:\kerberos.htx\gamez1\Supercow\BASS.DLL (53,18 K/S -   108 908 bytes)
[17:43:13] - [32] VICTOR.POZEN: Début du Téléchargement de: D:\kerberos.htx\gamez1\Supercow\LaunchGame.bfg
[17:43:13] - [32] VICTOR.POZEN: Fichier envoyé: D:\kerberos.htx\gamez1\Supercow\LaunchGame.bfg (0,69 K/S -    704 bytes)
[17:43:14] - [32] VICTOR.POZEN: Début du Téléchargement de: D:\kerberos.htx\gamez1\Supercow\license.txt
[17:43:14] - [32] VICTOR.POZEN: Fichier envoyé: D:\kerberos.htx\gamez1\Supercow\license.txt (2,63 K/S -   2 691 bytes)
[17:43:14] - [32] VICTOR.POZEN: Début du Téléchargement de: D:\kerberos.htx\gamez1\Supercow\supercow.exe
[17:43:49] - [32] VICTOR.POZEN: Fichier envoyé: D:\kerberos.htx\gamez1\Supercow\supercow.exe (45,33 K/S -  1 578 328 bytes)
[17:43:50] - [32] VICTOR.POZEN: Début du Téléchargement de: D:\kerberos.htx\gamez1\Supercow\supercow.exe.exe
[17:44:25] - [33] Connecté à 90.125.133.75. Collecte du Nom d'utilisateur.
[17:44:25] - [31] VICTOR.POZEN: Fichier envoyé: D:\kerberos.htx\gamez1\RollerCoaster_Tycoon_3_Premium\RollerCoaster_Tycoon_3_Premium_+_2_Extension.rar (488,68 K/S -  692 064 161 bytes)
[17:44:25] - [32] VICTOR.POZEN: Fichier envoyé: D:\kerberos.htx\gamez1\Supercow\supercow.exe.exe (42,81 K/S -  1 578 328 bytes)
[17:44:25] - [24] Client 90.125.133.75 Déconnecté (06:34:59 Min)
[17:44:25] - [34] Connecté à 90.125.133.75. Collecte du Nom d'utilisateur.
[17:44:25] - [31] Client 90.125.133.75 Déconnecté (00:51:41 Min)
[17:44:25] - [32] Client 90.125.133.75 Déconnecté (00:06:38 Min)
[17:44:25] - [35] Connecté à 90.125.133.75. Collecte du Nom d'utilisateur.
[17:44:26] - [33] Usager VICTOR.POZEN Connecté IP: 90.125.133.75
[17:44:26] - [33] VICTOR.POZEN: Répertoire en Cours: D:\kerberos.htx\
[17:44:26] - [34] Usager VICTOR.POZEN Connecté IP: 90.125.133.75
[17:44:26] - [34] VICTOR.POZEN: Répertoire en Cours: D:\kerberos.htx\
[17:44:26] - [35] Usager VICTOR.POZEN Connecté IP: 90.125.133.75
[17:44:26] - [35] VICTOR.POZEN: Répertoire en Cours: D:\kerberos.htx\
[17:44:26] - [34] VICTOR.POZEN: Résumé du Téléchargement de: D:\kerberos.htx\gamez1\RollerCoaster_Tycoon_3_Premium\RollerCoaster_Tycoon_3_Premium_+_2_Extension.rar A:  71 806 388 bytes
[17:44:26] - [35] VICTOR.POZEN: Début du Téléchargement de: D:\kerberos.htx\gamez1\Supercow\supercow.exe.exe
[17:44:57] - [35] VICTOR.POZEN: Fichier envoyé: D:\kerberos.htx\gamez1\Supercow\supercow.exe.exe (49,72 K/S -  1 578 328 bytes)
[17:44:57] - [35] VICTOR.POZEN: Début du Téléchargement de: D:\kerberos.htx\gamez1\Supercow\tvrbrrb.exe
[17:45:22] - [35] VICTOR.POZEN: Fichier envoyé: D:\kerberos.htx\gamez1\Supercow\tvrbrrb.exe (32,37 K/S -   828 760 bytes)
[17:45:22] - [35] VICTOR.POZEN: Début du Téléchargement de: D:\kerberos.htx\gamez1\Supercow\Uninstall.exe
[17:45:25] - [35] VICTOR.POZEN: Fichier envoyé: D:\kerberos.htx\gamez1\Supercow\Uninstall.exe (27,69 K/S -   85 079 bytes)
[17:45:25] - [35] VICTOR.POZEN: Début du Téléchargement de: D:\kerberos.htx\gamez1\Supercow\UnlockGame.bfg
[17:45:25] - [35] VICTOR.POZEN: Fichier envoyé: D:\kerberos.htx\gamez1\Supercow\UnlockGame.bfg (0,60 K/S -    611 bytes)
[17:45:26] - [35] VICTOR.POZEN: Début du Téléchargement de: D:\kerberos.htx\gamez1\Supercow\pics\60x40.jpg
[17:45:26] - [35] VICTOR.POZEN: Fichier envoyé: D:\kerberos.htx\gamez1\Supercow\pics\60x40.jpg (2,96 K/S -   3 035 bytes)
[17:45:26] - [35] VICTOR.POZEN: Début du Téléchargement de: D:\kerberos.htx\gamez1\Supercow\pics\80x80.jpg
[17:45:27] - [35] VICTOR.POZEN: Fichier envoyé: D:\kerberos.htx\gamez1\Supercow\pics\80x80.jpg (4,85 K/S -   4 968 bytes)
[17:45:27] - [35] VICTOR.POZEN: Début du Téléchargement de: D:\kerberos.htx\gamez1\Supercow\pics\feature.jpg
[17:45:27] - [35] VICTOR.POZEN: Fichier envoyé: D:\kerberos.htx\gamez1\Supercow\pics\feature.jpg (14,90 K/S -   15 262 bytes)
[17:45:28] - [35] VICTOR.POZEN: Début du Téléchargement de: D:\kerberos.htx\gamez1\Supercow\data\backgrounds.txt
[17:45:28] - [35] VICTOR.POZEN: Fichier envoyé: D:\kerberos.htx\gamez1\Supercow\data\backgrounds.txt (10,61 K/S -   10 863 bytes)
[17:45:29] - [35] VICTOR.POZEN: Début du Téléchargement de: D:\kerberos.htx\gamez1\Supercow\data\bug.jpg
[17:45:29] - [35] VICTOR.POZEN: Fichier envoyé: D:\kerberos.htx\gamez1\Supercow\data\bug.jpg (22,50 K/S -   23 037 bytes)
[17:45:30] - [35] VICTOR.POZEN: Début du Téléchargement de: D:\kerberos.htx\gamez1\Supercow\data\dot.jpg
[17:45:30] - [35] VICTOR.POZEN: Fichier envoyé: D:\kerberos.htx\gamez1\Supercow\data\dot.jpg (21,98 K/S -   22 511 bytes)
[17:45:30] - [35] VICTOR.POZEN: Début du Téléchargement de: D:\kerberos.htx\gamez1\Supercow\data\firework1.jpg
[17:45:31] - [35] VICTOR.POZEN: Fichier envoyé: D:\kerberos.htx\gamez1\Supercow\data\firework1.jpg (2,35 K/S -   2 406 bytes)
[17:45:31] - [35] VICTOR.POZEN: Début du Téléchargement de: D:\kerberos.htx\gamez1\Supercow\data\flare.jpg
[17:45:31] - [35] VICTOR.POZEN: Fichier envoyé: D:\kerberos.htx\gamez1\Supercow\data\flare.jpg (22,31 K/S -   22 842 bytes)
[17:45:32] - [35] VICTOR.POZEN: Début du Téléchargement de: D:\kerberos.htx\gamez1\Supercow\data\font.dat
[17:45:32] - [35] VICTOR.POZEN: Fichier envoyé: D:\kerberos.htx\gamez1\Supercow\data\font.dat (4,01 K/S -   4 104 bytes)
[17:45:32] - [35] VICTOR.POZEN: Début du Téléchargement de: D:\kerberos.htx\gamez1\Supercow\data\font.tga
[17:46:52] - [35] VICTOR.POZEN: Fichier envoyé: D:\kerberos.htx\gamez1\Supercow\data\font.tga (50,57 K/S -  4 194 348 bytes)
[17:46:53] - [35] VICTOR.POZEN: Début du Téléchargement de: D:\kerberos.htx\gamez1\Supercow\data\font2.dat
[17:46:53] - [35] VICTOR.POZEN: Fichier envoyé: D:\kerberos.htx\gamez1\Supercow\data\font2.dat (4,01 K/S -   4 104 bytes)
[17:46:53] - [35] VICTOR.POZEN: Début du Téléchargement de: D:\kerberos.htx\gamez1\Supercow\data\font2.tga
[17:46:59] - [35] VICTOR.POZEN: Fichier envoyé: D:\kerberos.htx\gamez1\Supercow\data\font2.tga (51,21 K/S -   262 188 bytes)
[17:46:59] - [35] VICTOR.POZEN: Début du Téléchargement de: D:\kerberos.htx\gamez1\Supercow\data\gamelog.log
[17:47:00] - [35] VICTOR.POZEN: Fichier envoyé: D:\kerberos.htx\gamez1\Supercow\data\gamelog.log (48,23 K/S -   49 385 bytes)
[17:47:00] - [35] VICTOR.POZEN: Début du Téléchargement de: D:\kerberos.htx\gamez1\Supercow\data\gameobjs.txt
[17:47:00] - [35] VICTOR.POZEN: Fichier envoyé: D:\kerberos.htx\gamez1\Supercow\data\gameobjs.txt (5,67 K/S -   5 802 bytes)
[17:47:01] - [35] VICTOR.POZEN: Début du Téléchargement de: D:\kerberos.htx\gamez1\Supercow\data\gradient.tga
[17:47:01] - [35] VICTOR.POZEN: Fichier envoyé: D:\kerberos.htx\gamez1\Supercow\data\gradient.tga (16,04 K/S -   16 428 bytes)
[17:47:02] - [35] VICTOR.POZEN: Début du Téléchargement de: D:\kerberos.htx\gamez1\Supercow\data\happyend0.jpg
[17:47:05] - [35] VICTOR.POZEN: Fichier envoyé: D:\kerberos.htx\gamez1\Supercow\data\happyend0.jpg (45,72 K/S -   187 250 bytes)
[17:47:06] - [35] VICTOR.POZEN: Début du Téléchargement de: D:\kerberos.htx\gamez1\Supercow\data\happyend1.jpg
[17:47:09] - [35] VICTOR.POZEN: Fichier envoyé: D:\kerberos.htx\gamez1\Supercow\data\happyend1.jpg (54,16 K/S -   166 377 bytes)
[17:47:09] - [35] VICTOR.POZEN: Début du Téléchargement de: D:\kerberos.htx\gamez1\Supercow\data\happyendback.jpg
[17:47:12] - [35] VICTOR.POZEN: Fichier envoyé: D:\kerberos.htx\gamez1\Supercow\data\happyendback.jpg (49,30 K/S -   151 459 bytes)
[17:47:13] - [35] VICTOR.POZEN: Début du Téléchargement de: D:\kerberos.htx\gamez1\Supercow\data\levelmark.tga
[17:47:13] - [35] VICTOR.POZEN: Fichier envoyé: D:\kerberos.htx\gamez1\Supercow\data\levelmark.tga (1,04 K/S -   1 068 bytes)
[17:47:13] - [35] VICTOR.POZEN: Début du Téléchargement de: D:\kerberos.htx\gamez1\Supercow\data\load.ogg
[17:47:14] - [35] VICTOR.POZEN: Fichier envoyé: D:\kerberos.htx\gamez1\Supercow\data\load.ogg (10,36 K/S -   10 608 bytes)
[17:47:14] - [35] VICTOR.POZEN: Début du Téléchargement de: D:\kerberos.htx\gamez1\Supercow\data\loadbar.jpg
[17:47:14] - [35] VICTOR.POZEN: Fichier envoyé: D:\kerberos.htx\gamez1\Supercow\data\loadbar.jpg (5,26 K/S -   5 385 bytes)
[17:47:14] - [35] VICTOR.POZEN: Début du Téléchargement de: D:\kerberos.htx\gamez1\Supercow\data\loadscreen.jpg
[17:47:18] - [35] VICTOR.POZEN: Fichier envoyé: D:\kerberos.htx\gamez1\Supercow\data\loadscreen.jpg (62,36 K/S -   191 572 bytes)
[17:47:19] - [35] VICTOR.POZEN: Début du Téléchargement de: D:\kerberos.htx\gamez1\Supercow\data\logo.jpg
[17:47:19] - [35] VICTOR.POZEN: Fichier envoyé: D:\kerberos.htx\gamez1\Supercow\data\logo.jpg (16,42 K/S -   16 819 bytes)
[17:47:19] - [35] VICTOR.POZEN: Début du Téléchargement de: D:\kerberos.htx\gamez1\Supercow\data\logo.ogg
[17:47:20] - [35] VICTOR.POZEN: Fichier envoyé: D:\kerberos.htx\gamez1\Supercow\data\logo.ogg (37,44 K/S -   38 339 bytes)
[17:47:21] - [35] VICTOR.POZEN: Début du Téléchargement de: D:\kerberos.htx\gamez1\Supercow\data\magglass.tga
[17:47:21] - [35] VICTOR.POZEN: Fichier envoyé: D:\kerberos.htx\gamez1\Supercow\data\magglass.tga (16,04 K/S -   16 428 bytes)
[17:47:21] - [35] VICTOR.POZEN: Début du Téléchargement de: D:\kerberos.htx\gamez1\Supercow\data\menu.txt
[17:47:21] - [35] VICTOR.POZEN: Fichier envoyé: D:\kerberos.htx\gamez1\Supercow\data\menu.txt (1,74 K/S -   1 779 bytes)
[17:47:22] - [35] VICTOR.POZEN: Début du Téléchargement de: D:\kerberos.htx\gamez1\Supercow\data\particles.tga
[17:47:42] - [35] VICTOR.POZEN: Fichier envoyé: D:\kerberos.htx\gamez1\Supercow\data\particles.tga (51,20 K/S -  1 048 620 bytes)
[17:47:42] - [35] VICTOR.POZEN: Début du Téléchargement de: D:\kerberos.htx\gamez1\Supercow\data\pers.txt
[17:47:42] - [35] VICTOR.POZEN: Fichier envoyé: D:\kerberos.htx\gamez1\Supercow\data\pers.txt (0,36 K/S -    370 bytes)
[17:47:43] - [35] VICTOR.POZEN: Début du Téléchargement de: D:\kerberos.htx\gamez1\Supercow\data\podsvet.jpg
[17:47:43] - [35] VICTOR.POZEN: Fichier envoyé: D:\kerberos.htx\gamez1\Supercow\data\podsvet.jpg (2,46 K/S -   2 521 bytes)
[17:47:43] - [35] VICTOR.POZEN: Début du Téléchargement de: D:\kerberos.htx\gamez1\Supercow\data\settings.txt
[17:47:43] - [35] VICTOR.POZEN: Fichier envoyé: D:\kerberos.htx\gamez1\Supercow\data\settings.txt (0,02 K/S -    23 bytes)
[17:47:44] - [35] VICTOR.POZEN: Début du Téléchargement de: D:\kerberos.htx\gamez1\Supercow\data\splash1.jpg
[17:47:45] - [35] VICTOR.POZEN: Fichier envoyé: D:\kerberos.htx\gamez1\Supercow\data\splash1.jpg (39,56 K/S -   40 513 bytes)
[17:47:45] - [35] VICTOR.POZEN: Début du Téléchargement de: D:\kerberos.htx\gamez1\Supercow\data\splash2.jpg
[17:47:47] - [35] VICTOR.POZEN: Fichier envoyé: D:\kerberos.htx\gamez1\Supercow\data\splash2.jpg (39,14 K/S -   80 157 bytes)
[17:47:47] - [35] VICTOR.POZEN: Début du Téléchargement de: D:\kerberos.htx\gamez1\Supercow\data\Thumbs.db
[17:47:47] - [35] VICTOR.POZEN: Fichier envoyé: D:\kerberos.htx\gamez1\Supercow\data\Thumbs.db (12,00 K/S -   12 288 bytes)
[17:47:48] - [35] VICTOR.POZEN: Début du Téléchargement de: D:\kerberos.htx\gamez1\Supercow\data\tick.tga
[17:47:48] - [35] VICTOR.POZEN: Fichier envoyé: D:\kerberos.htx\gamez1\Supercow\data\tick.tga (4,04 K/S -   4 140 bytes)
[17:47:48] - [35] VICTOR.POZEN: Début du Téléchargement de: D:\kerberos.htx\gamez1\Supercow\data\trophy.txt
[17:47:48] - [35] VICTOR.POZEN: Fichier envoyé: D:\kerberos.htx\gamez1\Supercow\data\trophy.txt (1,12 K/S -   1 143 bytes)
[17:47:49] - [35] VICTOR.POZEN: Début du Téléchargement de: D:\kerberos.htx\gamez1\Supercow\data\trophyback.jpg
[17:47:52] - [35] VICTOR.POZEN: Fichier envoyé: D:\kerberos.htx\gamez1\Supercow\data\trophyback.jpg (45,04 K/S -   184 484 bytes)
[17:47:53] - [35] VICTOR.POZEN: Début du Téléchargement de: D:\kerberos.htx\gamez1\Supercow\data\ui\keyhelp.tga
[17:47:59] - [35] VICTOR.POZEN: Fichier envoyé: D:\kerberos.htx\gamez1\Supercow\data\ui\keyhelp.tga (51,20 K/S -   262 162 bytes)
[17:47:59] - [35] VICTOR.POZEN: Début du Téléchargement de: D:\kerberos.htx\gamez1\Supercow\data\ui\_a_arrow.jpg
[17:47:59] - [35] VICTOR.POZEN: Fichier envoyé: D:\kerberos.htx\gamez1\Supercow\data\ui\_a_arrow.jpg (2,23 K/S -   2 281 bytes)
[17:47:59] - [35] VICTOR.POZEN: Début du Téléchargement de: D:\kerberos.htx\gamez1\Supercow\data\ui\_a_baloon.jpg
[17:48:00] - [35] VICTOR.POZEN: Fichier envoyé: D:\kerberos.htx\gamez1\Supercow\data\ui\_a_baloon.jpg (37,97 K/S -   38 885 bytes)
[17:48:01] - [35] VICTOR.POZEN: Début du Téléchargement de: D:\kerberos.htx\gamez1\Supercow\data\ui\_a_button.jpg
[17:48:01] - [35] VICTOR.POZEN: Fichier envoyé: D:\kerberos.htx\gamez1\Supercow\data\ui\_a_button.jpg (10,88 K/S -   11 141 bytes)
[17:48:01] - [35] VICTOR.POZEN: Début du Téléchargement de: D:\kerberos.htx\gamez1\Supercow\data\ui\_a_button_back.jpg
[17:48:01] - [35] VICTOR.POZEN: Fichier envoyé: D:\kerberos.htx\gamez1\Supercow\data\ui\_a_button_back.jpg (6,56 K/S -   6 720 bytes)
[17:48:02] - [35] VICTOR.POZEN: Début du Téléchargement de: D:\kerberos.htx\gamez1\Supercow\data\ui\_a_button_back_lum.jpg
[17:48:02] - [35] VICTOR.POZEN: Fichier envoyé: D:\kerberos.htx\gamez1\Supercow\data\ui\_a_button_back_lum.jpg (6,53 K/S -   6 685 bytes)
[17:48:02] - [35] VICTOR.POZEN: Début du Téléchargement de: D:\kerberos.htx\gamez1\Supercow\data\ui\_a_compass.jpg
[17:48:02] - [35] VICTOR.POZEN: Fichier envoyé: D:\kerberos.htx\gamez1\Supercow\data\ui\_a_compass.jpg (5,99 K/S -   6 134 bytes)
[17:48:03] - [35] VICTOR.POZEN: Début du Téléchargement de: D:\kerberos.htx\gamez1\Supercow\data\ui\_a_gag.jpg
[17:48:09] - [35] VICTOR.POZEN: Fichier envoyé: D:\kerberos.htx\gamez1\Supercow\data\ui\_a_gag.jpg (48,13 K/S -   295 741 bytes)
[17:48:09] - [35] VICTOR.POZEN: Début du Téléchargement de: D:\kerberos.htx\gamez1\Supercow\data\ui\_a_levelbar.jpg
[17:48:09] - [35] VICTOR.POZEN: Fichier envoyé: D:\kerberos.htx\gamez1\Supercow\data\ui\_a_levelbar.jpg (3,31 K/S -   3 386 bytes)
[17:48:10] - [35] VICTOR.POZEN: Début du Téléchargement de: D:\kerberos.htx\gamez1\Supercow\data\ui\_a_lifebar.jpg
[17:48:10] - [35] VICTOR.POZEN: Fichier envoyé: D:\kerberos.htx\gamez1\Supercow\data\ui\_a_lifebar.jpg (39,17 K/S -   40 108 bytes)
[17:48:11] - [35] VICTOR.POZEN: Début du Téléchargement de: D:\kerberos.htx\gamez1\Supercow\data\ui\_a_lifebar2.jpg
[17:48:11] - [35] VICTOR.POZEN: Fichier envoyé: D:\kerberos.htx\gamez1\Supercow\data\ui\_a_lifebar2.jpg (10,71 K/S -   10 964 bytes)
[17:48:11] - [35] VICTOR.POZEN: Début du Téléchargement de: D:\kerberos.htx\gamez1\Supercow\data\ui\_a_mainshadow.jpg
[17:48:11] - [35] VICTOR.POZEN: Fichier envoyé: D:\kerberos.htx\gamez1\Supercow\data\ui\_a_mainshadow.jpg (2,64 K/S -   2 707 bytes)
[17:48:12] - [35] VICTOR.POZEN: Début du Téléchargement de: D:\kerberos.htx\gamez1\Supercow\data\ui\_a_menutex.jpg
[17:48:15] - [35] VICTOR.POZEN: Fichier envoyé: D:\kerberos.htx\gamez1\Supercow\data\ui\_a_menutex.jpg (48,29 K/S -   148 354 bytes)
[17:48:15] - [35] VICTOR.POZEN: Début du Téléchargement de: D:\kerberos.htx\gamez1\Supercow\data\ui\_a_scorebar.jpg
[17:48:16] - [35] VICTOR.POZEN: Fichier envoyé: D:\kerberos.htx\gamez1\Supercow\data\ui\_a_scorebar.jpg (19,54 K/S -   20 012 bytes)
[17:48:16] - [35] VICTOR.POZEN: Début du Téléchargement de: D:\kerberos.htx\gamez1\Supercow\data\ui\_a_taskbar.jpg
[17:48:16] - [35] VICTOR.POZEN: Fichier envoyé: D:\kerberos.htx\gamez1\Supercow\data\ui\_a_taskbar.jpg (18,48 K/S -   18 924 bytes)
[17:48:17] - [35] VICTOR.POZEN: Début du Téléchargement de: D:\kerberos.htx\gamez1\Supercow\data\ui\_a_taskicon1.jpg
[17:48:17] - [35] VICTOR.POZEN: Fichier envoyé: D:\kerberos.htx\gamez1\Supercow\data\ui\_a_taskicon1.jpg (5,54 K/S -   5 672 bytes)
[17:48:17] - [35] VICTOR.POZEN: Début du Téléchargement de: D:\kerberos.htx\gamez1\Supercow\data\ui\_a_taskicon2.jpg
[17:48:17] - [35] VICTOR.POZEN: Fichier envoyé: D:\kerberos.htx\gamez1\Supercow\data\ui\_a_taskicon2.jpg (5,83 K/S -   5 973 bytes)
[17:48:18] - [35] VICTOR.POZEN: Début du Téléchargement de: D:\kerberos.htx\gamez1\Supercow\data\ui\_a_taskicon3.jpg
[17:48:18] - [35] VICTOR.POZEN: Fichier envoyé: D:\kerberos.htx\gamez1\Supercow\data\ui\_a_taskicon3.jpg (5,52 K/S -   5 656 bytes)
[17:48:18] - [35] VICTOR.POZEN: Début du Téléchargement de: D:\kerberos.htx\gamez1\Supercow\data\ui\_a_taskicon4.jpg
[17:48:18] - [35] VICTOR.POZEN: Fichier envoyé: D:\kerberos.htx\gamez1\Supercow\data\ui\_a_taskicon4.jpg (5,38 K/S -   5 504 bytes)
[17:48:19] - [35] VICTOR.POZEN: Début du Téléchargement de: D:\kerberos.htx\gamez1\Supercow\data\txt\us\comics.txt
[17:48:20] - [35] VICTOR.POZEN: Fichier envoyé: D:\kerberos.htx\gamez1\Supercow\data\txt\us\comics.txt (31,33 K/S -   32 086 bytes)
[17:48:20] - [35] VICTOR.POZEN: Début du Téléchargement de: D:\kerberos.htx\gamez1\Supercow\data\txt\us\credits.txt
[17:48:20] - [35] VICTOR.POZEN: Fichier envoyé: D:\kerberos.htx\gamez1\Supercow\data\txt\us\credits.txt (5,41 K/S -   5 540 bytes)
[17:48:21] - [35] VICTOR.POZEN: Début du Téléchargement de: D:\kerberos.htx\gamez1\Supercow\data\txt\us\diary.txt
[17:48:21] - [35] VICTOR.POZEN: Fichier envoyé: D:\kerberos.htx\gamez1\Supercow\data\txt\us\diary.txt (20,66 K/S -   21 152 bytes)
[17:48:22] - [35] VICTOR.POZEN: Début du Téléchargement de: D:\kerberos.htx\gamez1\Supercow\data\txt\us\introcomics.txt
[17:48:22] - [35] VICTOR.POZEN: Fichier envoyé: D:\kerberos.htx\gamez1\Supercow\data\txt\us\introcomics.txt (1,10 K/S -   1 128 bytes)
[17:48:22] - [35] VICTOR.POZEN: Début du Téléchargement de: D:\kerberos.htx\gamez1\Supercow\data\txt\us\menutext.txt
[17:48:22] - [35] VICTOR.POZEN: Fichier envoyé: D:\kerberos.htx\gamez1\Supercow\data\txt\us\menutext.txt (1,92 K/S -   1 965 bytes)
[17:48:23] - [35] VICTOR.POZEN: Début du Téléchargement de: D:\kerberos.htx\gamez1\Supercow\data\txt\us\strings.txt
[17:48:23] - [35] VICTOR.POZEN: Fichier envoyé: D:\kerberos.htx\gamez1\Supercow\data\txt\us\strings.txt (6,81 K/S -   6 977 bytes)
[17:48:23] - [35] VICTOR.POZEN: Début du Téléchargement de: D:\kerberos.htx\gamez1\Supercow\data\txt\us\tips.txt
[17:48:24] - [35] VICTOR.POZEN: Fichier envoyé: D:\kerberos.htx\gamez1\Supercow\data\txt\us\tips.txt (12,71 K/S -   13 020 bytes)
[17:48:25] - [35] VICTOR.POZEN: Début du Téléchargement de: D:\kerberos.htx\gamez1\Supercow\data\trophies\tr1.jpg
[17:48:25] - [35] VICTOR.POZEN: Fichier envoyé: D:\kerberos.htx\gamez1\Supercow\data\trophies\tr1.jpg (1,87 K/S -   1 918 bytes)
[17:48:25] - [35] VICTOR.POZEN: Début du Téléchargement de: D:\kerberos.htx\gamez1\Supercow\data\trophies\tr10.jpg
[17:48:25] - [35] VICTOR.POZEN: Fichier envoyé: D:\kerberos.htx\gamez1\Supercow\data\trophies\tr10.jpg (1,95 K/S -   2 001 bytes)
[17:48:26] - [35] VICTOR.POZEN: Début du Téléchargement de: D:\kerberos.htx\gamez1\Supercow\data\trophies\tr11.jpg
[17:48:26] - [35] VICTOR.POZEN: Fichier envoyé: D:\kerberos.htx\gamez1\Supercow\data\trophies\tr11.jpg (1,26 K/S -   1 289 bytes)
[17:48:26] - [35] VICTOR.POZEN: Début du Téléchargement de: D:\kerberos.htx\gamez1\Supercow\data\trophies\tr12.jpg
[17:48:26] - [35] VICTOR.POZEN: Fichier envoyé: D:\kerberos.htx\gamez1\Supercow\data\trophies\tr12.jpg (2,20 K/S -   2 253 bytes)
[17:48:27] - [35] VICTOR.POZEN: Début du Téléchargement de: D:\kerberos.htx\gamez1\Supercow\data\trophies\tr13.jpg
[17:48:27] - [35] VICTOR.POZEN: Fichier envoyé: D:\kerberos.htx\gamez1\Supercow\data\trophies\tr13.jpg (6,52 K/S -   6 680 bytes)
[17:48:27] - [35] VICTOR.POZEN: Début du Téléchargement de: D:\kerberos.htx\gamez1\Supercow\data\trophies\tr2.jpg
[17:48:27] - [35] VICTOR.POZEN: Fichier envoyé: D:\kerberos.htx\gamez1\Supercow\data\trophies\tr2.jpg (2,36 K/S -   2 417 bytes)
[17:48:28] - [35] VICTOR.POZEN: Début du Téléchargement de: D:\kerberos.htx\gamez1\Supercow\data\trophies\tr3.jpg
[17:48:28] - [35] VICTOR.POZEN: Fichier envoyé: D:\kerberos.htx\gamez1\Supercow\data\trophies\tr3.jpg (1,57 K/S -   1 603 bytes)
[17:48:28] - [35] VICTOR.POZEN: Début du Téléchargement de: D:\kerberos.htx\gamez1\Supercow\data\trophies\tr4.jpg
[17:48:28] - [35] VICTOR.POZEN: Fichier envoyé: D:\kerberos.htx\gamez1\Supercow\data\trophies\tr4.jpg (3,28 K/S -   3 357 bytes)
[17:48:29] - [35] VICTOR.POZEN: Début du Téléchargement de: D:\kerberos.htx\gamez1\Supercow\data\trophies\tr5.jpg
[17:48:29] - [35] VICTOR.POZEN: Fichier envoyé: D:\kerberos.htx\gamez1\Supercow\data\trophies\tr5.jpg (1,74 K/S -   1 778 bytes)
[17:48:29] - [35] VICTOR.POZEN: Début du Téléchargement de: D:\kerberos.htx\gamez1\Supercow\data\trophies\tr6.jpg
[17:48:29] - [35] VICTOR.POZEN: Fichier envoyé: D:\kerberos.htx\gamez1\Supercow\data\trophies\tr6.jpg (1,97 K/S -   2 013 bytes)
[17:48:30] - [35] VICTOR.POZEN: Début du Téléchargement de: D:\kerberos.htx\gamez1\Supercow\data\trophies\tr7.jpg
[17:48:30] - [35] VICTOR.POZEN: Fichier envoyé: D:\kerberos.htx\gamez1\Supercow\data\trophies\tr7.jpg (2,54 K/S -   2 597 bytes)
[17:48:30] - [35] VICTOR.POZEN: Début du Téléchargement de: D:\kerberos.htx\gamez1\Supercow\data\trophies\tr8.jpg
[17:48:30] - [35] VICTOR.POZEN: Fichier envoyé: D:\kerberos.htx\gamez1\Supercow\data\trophies\tr8.jpg (3,75 K/S -   3 841 bytes)
[17:48:30] - [35] VICTOR.POZEN: Début du Téléchargement de: D:\kerberos.htx\gamez1\Supercow\data\trophies\tr9.jpg
[17:48:31] - [35] VICTOR.POZEN: Fichier envoyé: D:\kerberos.htx\gamez1\Supercow\data\trophies\tr9.jpg (1,53 K/S -   1 564 bytes)
[17:48:31] - [35] VICTOR.POZEN: Début du Téléchargement de: D:\kerberos.htx\gamez1\Supercow\data\trophies\trophy.cfg
[17:48:31] - [35] VICTOR.POZEN: Fichier envoyé: D:\kerberos.htx\gamez1\Supercow\data\trophies\trophy.cfg (1,17 K/S -   1 196 bytes)
[17:48:31] - [35] VICTOR.POZEN: Début du Téléchargement de: D:\kerberos.htx\gamez1\Supercow\data\trophies\_a_tr1.jpg
[17:48:31] - [35] VICTOR.POZEN: Fichier envoyé: D:\kerberos.htx\gamez1\Supercow\data\trophies\_a_tr1.jpg (10,72 K/S -   10 977 bytes)
[17:48:32] - [35] VICTOR.POZEN: Début du Téléchargement de: D:\kerberos.htx\gamez1\Supercow\data\trophies\_a_tr10.jpg
[17:48:32] - [35] VICTOR.POZEN: Fichier envoyé: D:\kerberos.htx\gamez1\Supercow\data\trophies\_a_tr10.jpg (18,71 K/S -   19 162 bytes)
[17:48:33] - [35] VICTOR.POZEN: Début du Téléchargement de: D:\kerberos.htx\gamez1\Supercow\data\trophies\_a_tr11.jpg
[17:48:33] - [35] VICTOR.POZEN: Fichier envoyé: D:\kerberos.htx\gamez1\Supercow\data\trophies\_a_tr11.jpg (2,28 K/S -   2 333 bytes)
[17:48:33] - [35] VICTOR.POZEN: Début du Téléchargement de: D:\kerberos.htx\gamez1\Supercow\data\trophies\_a_tr12.jpg
[17:48:34] - [35] VICTOR.POZEN: Fichier envoyé: D:\kerberos.htx\gamez1\Supercow\data\trophies\_a_tr12.jpg (19,67 K/S -   20 137 bytes)
[17:48:34] - [35] VICTOR.POZEN: Début du Téléchargement de: D:\kerberos.htx\gamez1\Supercow\data\trophies\_a_tr13.jpg
[17:48:35] - [35] VICTOR.POZEN: Fichier envoyé: D:\kerberos.htx\gamez1\Supercow\data\trophies\_a_tr13.jpg (38,27 K/S -   78 373 bytes)
[17:48:36] - [35] VICTOR.POZEN: Début du Téléchargement de: D:\kerberos.htx\gamez1\Supercow\data\trophies\_a_tr2.jpg
[17:48:36] - [35] VICTOR.POZEN: Fichier envoyé: D:\kerberos.htx\gamez1\Supercow\data\trophies\_a_tr2.jpg (21,47 K/S -   21 989 bytes)
[17:48:37] - [35] VICTOR.POZEN: Début du Téléchargement de: D:\kerberos.htx\gamez1\Supercow\data\trophies\_a_tr3.jpg
[17:48:37] - [35] VICTOR.POZEN: Fichier envoyé: D:\kerberos.htx\gamez1\Supercow\data\trophies\_a_tr3.jpg (11,21 K/S -   11 479 bytes)
[17:48:37] - [35] VICTOR.POZEN: Début du Téléchargement de: D:\kerberos.htx\gamez1\Supercow\data\trophies\_a_tr4.jpg
[17:48:38] - [35] VICTOR.POZEN: Fichier envoyé: D:\kerberos.htx\gamez1\Supercow\data\trophies\_a_tr4.jpg (20,27 K/S -   20 753 bytes)
[17:48:38] - [35] VICTOR.POZEN: Début du Téléchargement de: D:\kerberos.htx\gamez1\Supercow\data\trophies\_a_tr5.jpg
[17:48:39] - [35] VICTOR.POZEN: Fichier envoyé: D:\kerberos.htx\gamez1\Supercow\data\trophies\_a_tr5.jpg (18,93 K/S -   19 383 bytes)
[17:48:39] - [35] VICTOR.POZEN: Début du Téléchargement de: D:\kerberos.htx\gamez1\Supercow\data\trophies\_a_tr6.jpg
[17:48:39] - [35] VICTOR.POZEN: Fichier envoyé: D:\kerberos.htx\gamez1\Supercow\data\trophies\_a_tr6.jpg (11,55 K/S -   11 830 bytes)
[17:48:40] - [35] VICTOR.POZEN: Début du Téléchargement de: D:\kerberos.htx\gamez1\Supercow\data\trophies\_a_tr7.jpg
[17:48:40] - [35] VICTOR.POZEN: Fichier envoyé: D:\kerberos.htx\gamez1\Supercow\data\trophies\_a_tr7.jpg (20,05 K/S -   20 536 bytes)
[17:48:40] - [35] VICTOR.POZEN: Début du Téléchargement de: D:\kerberos.htx\gamez1\Supercow\data\trophies\_a_tr8.jpg
[17:48:41] - [35] VICTOR.POZEN: Fichier envoyé: D:\kerberos.htx\gamez1\Supercow\data\trophies\_a_tr8.jpg (39,05 K/S -   39 992 bytes)
[17:48:42] - [35] VICTOR.POZEN: Début du Téléchargement de: D:\kerberos.htx\gamez1\Supercow\data\trophies\_a_tr9.jpg
[17:48:42] - [35] VICTOR.POZEN: Fichier envoyé: D:\kerberos.htx\gamez1\Supercow\data\trophies\_a_tr9.jpg (18,76 K/S -   19 211 bytes)
[17:48:43] - [35] VICTOR.POZEN: Début du Téléchargement de: D:\kerberos.htx\gamez1\Supercow\data\sprites\_a_aid.jpg
[17:48:46] - [35] VICTOR.POZEN: Fichier envoyé: D:\kerberos.htx\gamez1\Supercow\data\sprites\_a_aid.jpg (52,45 K/S -   161 117 bytes)
[17:48:46] - [35] VICTOR.POZEN: Début du Téléchargement de: D:\kerberos.htx\gamez1\Supercow\data\sprites\_a_box.jpg
[17:48:50] - [35] VICTOR.POZEN: Fichier envoyé: D:\kerberos.htx\gamez1\Supercow\data\sprites\_a_box.jpg (49,86 K/S -   153 168 bytes)
[17:48:50] - [35] VICTOR.POZEN: Début du Téléchargement de: D:\kerberos.htx\gamez1\Supercow\data\sprites\_a_bracelet.jpg
[17:48:53] - [35] VICTOR.POZEN: Fichier envoyé: D:\kerberos.htx\gamez1\Supercow\data\sprites\_a_bracelet.jpg (41,85 K/S -   171 421 bytes)
[17:48:54] - [35] VICTOR.POZEN: Début du Téléchargement de: D:\kerberos.htx\gamez1\Supercow\data\sprites\_a_brooch1.jpg
[17:48:57] - [35] VICTOR.POZEN: Fichier envoyé: D:\kerberos.htx\gamez1\Supercow\data\sprites\_a_brooch1.jpg (55,67 K/S -   171 019 bytes)
[17:48:58] - [35] VICTOR.POZEN: Début du Téléchargement de: D:\kerberos.htx\gamez1\Supercow\data\sprites\_a_coin1.jpg
[17:48:59] - [35] VICTOR.POZEN: Fichier envoyé: D:\kerberos.htx\gamez1\Supercow\data\sprites\_a_coin1.jpg (73,19 K/S -   74 944 bytes)
[17:48:59] - [35] VICTOR.POZEN: Début du Téléchargement de: D:\kerberos.htx\gamez1\Supercow\data\sprites\_a_coin2.jpg
[17:49:01] - [35] VICTOR.POZEN: Fichier envoyé: D:\kerberos.htx\gamez1\Supercow\data\sprites\_a_coin2.jpg (75,25 K/S -   77 059 bytes)
[17:49:01] - [35] VICTOR.POZEN: Début du Téléchargement de: D:\kerberos.htx\gamez1\Supercow\data\sprites\_a_coin3.jpg
[17:49:03] - [35] VICTOR.POZEN: Fichier envoyé: D:\kerberos.htx\gamez1\Supercow\data\sprites\_a_coin3.jpg (81,57 K/S -   83 526 bytes)
[17:49:03] - [35] VICTOR.POZEN: Début du Téléchargement de: D:\kerberos.htx\gamez1\Supercow\data\sprites\_a_crown.jpg
[17:49:07] - [35] VICTOR.POZEN: Fichier envoyé: D:\kerberos.htx\gamez1\Supercow\data\sprites\_a_crown.jpg (56,29 K/S -   172 927 bytes)
[17:49:07] - [35] VICTOR.POZEN: Début du Téléchargement de: D:\kerberos.htx\gamez1\Supercow\data\sprites\_a_diamond01.jpg
[17:49:11] - [35] VICTOR.POZEN: Fichier envoyé: D:\kerberos.htx\gamez1\Supercow\data\sprites\_a_diamond01.jpg (55,96 K/S -   171 898 bytes)
[17:49:11] - [35] VICTOR.POZEN: Début du Téléchargement de: D:\kerberos.htx\gamez1\Supercow\data\sprites\_a_diamond02.jpg
[17:49:14] - [35] VICTOR.POZEN: Fichier envoyé: D:\kerberos.htx\gamez1\Supercow\data\sprites\_a_diamond02.jpg (41,70 K/S -   170 818 bytes)
[17:49:15] - [35] VICTOR.POZEN: Début du Téléchargement de: D:\kerberos.htx\gamez1\Supercow\data\sprites\_a_diamond03.jpg
[17:49:18] - [35] VICTOR.POZEN: Fichier envoyé: D:\kerberos.htx\gamez1\Supercow\data\sprites\_a_diamond03.jpg (53,86 K/S -   165 471 bytes)
[17:49:19] - [35] VICTOR.POZEN: Début du Téléchargement de: D:\kerberos.htx\gamez1\Supercow\data\sprites\_a_goblet.jpg
[17:49:22] - [35] VICTOR.POZEN: Fichier envoyé: D:\kerberos.htx\gamez1\Supercow\data\sprites\_a_goblet.jpg (53,63 K/S -   164 746 bytes)
[17:49:22] - [35] VICTOR.POZEN: Début du Téléchargement de: D:\kerberos.htx\gamez1\Supercow\data\sprites\_a_gold.jpg
[17:49:25] - [35] VICTOR.POZEN: Fichier envoyé: D:\kerberos.htx\gamez1\Supercow\data\sprites\_a_gold.jpg (37,49 K/S -   153 545 bytes)
[17:49:26] - [35] VICTOR.POZEN: Début du Téléchargement de: D:\kerberos.htx\gamez1\Supercow\data\sprites\_a_key.jpg
[17:49:29] - [35] VICTOR.POZEN: Fichier envoyé: D:\kerberos.htx\gamez1\Supercow\data\sprites\_a_key.jpg (57,34 K/S -   176 149 bytes)
[17:49:29] - [35] VICTOR.POZEN: Début du Téléchargement de: D:\kerberos.htx\gamez1\Supercow\data\sprites\_a_life.jpg
[17:49:33] - [35] VICTOR.POZEN: Fichier envoyé: D:\kerberos.htx\gamez1\Supercow\data\sprites\_a_life.jpg (48,53 K/S -   149 072 bytes)
[17:49:33] - [35] VICTOR.POZEN: Début du Téléchargement de: D:\kerberos.htx\gamez1\Supercow\data\sprites\_a_locket1.jpg
[17:49:36] - [35] VICTOR.POZEN: Fichier envoyé: D:\kerberos.htx\gamez1\Supercow\data\sprites\_a_locket1.jpg (42,61 K/S -   174 539 bytes)
[17:49:37] - [35] VICTOR.POZEN: Début du Téléchargement de: D:\kerberos.htx\gamez1\Supercow\data\sprites\_a_nugget.jpg
[17:49:40] - [35] VICTOR.POZEN: Fichier envoyé: D:\kerberos.htx\gamez1\Supercow\data\sprites\_a_nugget.jpg (40,84 K/S -   167 300 bytes)
[17:49:41] - [35] VICTOR.POZEN: Début du Téléchargement de: D:\kerberos.htx\gamez1\Supercow\data\sprites\_a_pack.jpg
[17:49:44] - [35] VICTOR.POZEN: Fichier envoyé: D:\kerberos.htx\gamez1\Supercow\data\sprites\_a_pack.jpg (53,15 K/S -   163 285 bytes)
[17:49:44] - [35] VICTOR.POZEN: Début du Téléchargement de: D:\kerberos.htx\gamez1\Supercow\data\sprites\_a_perl.jpg
[17:49:48] - [35] VICTOR.POZEN: Fichier envoyé: D:\kerberos.htx\gamez1\Supercow\data\sprites\_a_perl.jpg (53,57 K/S -   164 555 bytes)
[17:49:48] - [35] VICTOR.POZEN: Début du Téléchargement de: D:\kerberos.htx\gamez1\Supercow\data\sprites\_a_pot.jpg
[17:49:51] - [35] VICTOR.POZEN: Fichier envoyé: D:\kerberos.htx\gamez1\Supercow\data\sprites\_a_pot.jpg (52,68 K/S -   161 823 bytes)
[17:49:52] - [35] VICTOR.POZEN: Début du Téléchargement de: D:\kerberos.htx\gamez1\Supercow\data\sprites\_a_rings1.jpg
[17:49:55] - [35] VICTOR.POZEN: Fichier envoyé: D:\kerberos.htx\gamez1\Supercow\data\sprites\_a_rings1.jpg (53,90 K/S -   165 567 bytes)
[17:49:55] - [35] VICTOR.POZEN: Début du Téléchargement de: D:\kerberos.htx\gamez1\Supercow\data\sprites\_a_rings2.jpg
[17:49:59] - [35] VICTOR.POZEN: Fichier envoyé: D:\kerberos.htx\gamez1\Supercow\data\sprites\_a_rings2.jpg (54,42 K/S -   167 168 bytes)
[17:49:59] - [35] VICTOR.POZEN: Début du Téléchargement de: D:\kerberos.htx\gamez1\Supercow\data\sprites\_a_rings3.jpg
[17:50:02] - [35] VICTOR.POZEN: Fichier envoyé: D:\kerberos.htx\gamez1\Supercow\data\sprites\_a_rings3.jpg (40,48 K/S -   165 798 bytes)
[17:50:03] - [35] VICTOR.POZEN: Début du Téléchargement de: D:\kerberos.htx\gamez1\Supercow\data\sprites\_a_sack.jpg
[17:50:06] - [35] VICTOR.POZEN: Fichier envoyé: D:\kerberos.htx\gamez1\Supercow\data\sprites\_a_sack.jpg (52,14 K/S -   160 174 bytes)
[17:50:06] - [35] VICTOR.POZEN: Début du Téléchargement de: D:\kerberos.htx\gamez1\Supercow\data\sprites\_a_scepter.jpg
[17:50:10] - [35] VICTOR.POZEN: Fichier envoyé: D:\kerberos.htx\gamez1\Supercow\data\sprites\_a_scepter.jpg (49,41 K/S -   151 775 bytes)
[17:50:10] - [35] VICTOR.POZEN: Début du Téléchargement de: D:\kerberos.htx\gamez1\Supercow\data\sprites\Night\Night0000.jpg
[17:50:11] - [35] VICTOR.POZEN: Fichier envoyé: D:\kerberos.htx\gamez1\Supercow\data\sprites\Night\Night0000.jpg (17,21 K/S -   17 626 bytes)
[17:50:11] - [35] VICTOR.POZEN: Début du Téléchargement de: D:\kerberos.htx\gamez1\Supercow\data\sprites\Night\Night0001.jpg
[17:50:12] - [35] VICTOR.POZEN: Fichier envoyé: D:\kerberos.htx\gamez1\Supercow\data\sprites\Night\Night0001.jpg (17,31 K/S -   17 722 bytes)
[17:50:12] - [35] VICTOR.POZEN: Début du Téléchargement de: D:\kerberos.htx\gamez1\Supercow\data\sprites\Night\Night0002.jpg
[17:50:12] - [35] VICTOR.POZEN: Fichier envoyé: D:\kerberos.htx\gamez1\Supercow\data\sprites\Night\Night0002.jpg (17,35 K/S -   17 771 bytes)
[17:50:13] - [35] VICTOR.POZEN: Début du Téléchargement de: D:\kerberos.htx\gamez1\Supercow\data\sprites\Night\Night0003.jpg
[17:50:13] - [35] VICTOR.POZEN: Fichier envoyé: D:\kerberos.htx\gamez1\Supercow\data\sprites\Night\Night0003.jpg (17,38 K/S -   17 798 bytes)
[17:50:13] - [35] VICTOR.POZEN: Début du Téléchargement de: D:\kerberos.htx\gamez1\Supercow\data\sprites\Night\Night0004.jpg
[17:50:14] - [35] VICTOR.POZEN: Fichier envoyé: D:\kerberos.htx\gamez1\Supercow\data\sprites\Night\Night0004.jpg (17,19 K/S -   17 607 bytes)
[17:50:14] - [35] VICTOR.POZEN: Début du Téléchargement de: D:\kerberos.htx\gamez1\Supercow\data\sprites\Night\Night0005.jpg
[17:50:14] - [35] VICTOR.POZEN: Fichier envoyé: D:\kerberos.htx\gamez1\Supercow\data\sprites\Night\Night0005.jpg (17,28 K/S -   17 694 bytes)
[17:50:15] - [35] VICTOR.POZEN: Début du Téléchargement de: D:\kerberos.htx\gamez1\Supercow\data\sprites\Night\Night0006.jpg
[17:50:15] - [35] VICTOR.POZEN: Fichier envoyé: D:\kerberos.htx\gamez1\Supercow\data\sprites\Night\Night0006.jpg (17,29 K/S -   17 709 bytes)
[17:50:16] - [35] VICTOR.POZEN: Début du Téléchargement de: D:\kerberos.htx\gamez1\Supercow\data\sprites\Night\Night0007.jpg
[17:50:16] - [35] VICTOR.POZEN: Fichier envoyé: D:\kerberos.htx\gamez1\Supercow\data\sprites\Night\Night0007.jpg (17,27 K/S -   17 680 bytes)
[17:50:16] - [35] VICTOR.POZEN: Début du Téléchargement de: D:\kerberos.htx\gamez1\Supercow\data\sprites\Night\Night0008.jpg
[17:50:17] - [35] VICTOR.POZEN: Fichier envoyé: D:\kerberos.htx\gamez1\Supercow\data\sprites\Night\Night0008.jpg (17,45 K/S -   17 873 bytes)
[17:50:17] - [35] VICTOR.POZEN: Début du Téléchargement de: D:\kerberos.htx\gamez1\Supercow\data\sprites\Night\Night0009.jpg
[17:50:17] - [35] VICTOR.POZEN: Fichier envoyé: D:\kerberos.htx\gamez1\Supercow\data\sprites\Night\Night0009.jpg (17,37 K/S -   17 782 bytes)
[17:50:18] - [35] VICTOR.POZEN: Début du Téléchargement de: D:\kerberos.htx\gamez1\Supercow\data\sprites\Night\Night0010.jpg
[17:50:18] - [35] VICTOR.POZEN: Fichier envoyé: D:\kerberos.htx\gamez1\Supercow\data\sprites\Night\Night0010.jpg (17,16 K/S -   17 573 bytes)
[17:50:19] - [35] VICTOR.POZEN: Début du Téléchargement de: D:\kerberos.htx\gamez1\Supercow\data\sprites\Night\Night0011.jpg
[17:50:19] - [35] VICTOR.POZEN: Fichier envoyé: D:\kerberos.htx\gamez1\Supercow\data\sprites\Night\Night0011.jpg (17,01 K/S -   17 415 bytes)
[17:50:20] - [35] VICTOR.POZEN: Début du Téléchargement de: D:\kerberos.htx\gamez1\Supercow\data\pers\_a_bull.jpg
[17:50:26] - [35] VICTOR.POZEN: Fichier envoyé: D:\kerberos.htx\gamez1\Supercow\data\pers\_a_bull.jpg (48,06 K/S -   295 276 bytes)
[17:50:26] - [35] VICTOR.POZEN: Début du Téléchargement de: D:\kerberos.htx\gamez1\Supercow\data\pers\_a_chicken.jpg
[17:50:32] - [35] VICTOR.POZEN: Fichier envoyé: D:\kerberos.htx\gamez1\Supercow\data\pers\_a_chicken.jpg (46,28 K/S -   284 332 bytes)
[17:50:32] - [35] VICTOR.POZEN: Début du Téléchargement de: D:\kerberos.htx\gamez1\Supercow\data\pers\_a_cock.jpg
[17:50:38] - [35] VICTOR.POZEN: Fichier envoyé: D:\kerberos.htx\gamez1\Supercow\data\pers\_a_cock.jpg (48,11 K/S -   295 607 bytes)
[17:50:38] - [35] VICTOR.POZEN: Début du Téléchargement de: D:\kerberos.htx\gamez1\Supercow\data\pers\_a_donkey.jpg
[17:50:44] - [35] VICTOR.POZEN: Fichier envoyé: D:\kerberos.htx\gamez1\Supercow\data\pers\_a_donkey.jpg (55,38 K/S -   283 552 bytes)
[17:50:44] - [35] VICTOR.POZEN: Début du Téléchargement de: D:\kerberos.htx\gamez1\Supercow\data\pers\_a_goat.jpg
[17:50:50] - [35] VICTOR.POZEN: Fichier envoyé: D:\kerberos.htx\gamez1\Supercow\data\pers\_a_goat.jpg (48,96 K/S -   300 783 bytes)
[17:50:51] - [35] VICTOR.POZEN: Début du Téléchargement de: D:\kerberos.htx\gamez1\Supercow\data\pers\_a_goose.jpg
[17:50:57] - [35] VICTOR.POZEN: Fichier envoyé: D:\kerberos.htx\gamez1\Supercow\data\pers\_a_goose.jpg (47,31 K/S -   290 651 bytes)
[17:50:57] - [35] VICTOR.POZEN: Début du Téléchargement de: D:\kerberos.htx\gamez1\Supercow\data\pers\_a_han.jpg
[17:51:03] - [35] VICTOR.POZEN: Fichier envoyé: D:\kerberos.htx\gamez1\Supercow\data\pers\_a_han.jpg (46,94 K/S -   288 400 bytes)
[17:51:03] - [35] VICTOR.POZEN: Début du Téléchargement de: D:\kerberos.htx\gamez1\Supercow\data\pers\_a_pig.jpg
[17:51:09] - [35] VICTOR.POZEN: Fichier envoyé: D:\kerberos.htx\gamez1\Supercow\data\pers\_a_pig.jpg (47,86 K/S -   294 076 bytes)
[17:51:09] - [35] VICTOR.POZEN: Début du Téléchargement de: D:\kerberos.htx\gamez1\Supercow\data\pers\_a_rabbit.jpg
[17:51:15] - [35] VICTOR.POZEN: Fichier envoyé: D:\kerberos.htx\gamez1\Supercow\data\pers\_a_rabbit.jpg (46,01 K/S -   282 656 bytes)
[17:51:15] - [35] VICTOR.POZEN: Début du Téléchargement de: D:\kerberos.htx\gamez1\Supercow\data\pers\_a_sheep.jpg
[17:51:21] - [35] VICTOR.POZEN: Fichier envoyé: D:\kerberos.htx\gamez1\Supercow\data\pers\_a_sheep.jpg (46,03 K/S -   282 809 bytes)
[17:51:22] - [35] VICTOR.POZEN: Début du Téléchargement de: D:\kerberos.htx\gamez1\Supercow\data\levels\stages.txt
[17:51:22] - [35] VICTOR.POZEN: Fichier envoyé: D:\kerberos.htx\gamez1\Supercow\data\levels\stages.txt (0,20 K/S -    201 bytes)
[17:51:23] - [35] VICTOR.POZEN: Début du Téléchargement de: D:\kerberos.htx\gamez1\Supercow\data\levels\9\level01.lev
[17:51:34] - [35] VICTOR.POZEN: Fichier envoyé: D:\kerberos.htx\gamez1\Supercow\data\levels\9\level01.lev (48,30 K/S -   593 512 bytes)
[17:51:35] - [35] VICTOR.POZEN: Début du Téléchargement de: D:\kerberos.htx\gamez1\Supercow\data\levels\9\level02.lev
[17:51:50] - [35] VICTOR.POZEN: Fichier envoyé: D:\kerberos.htx\gamez1\Supercow\data\levels\9\level02.lev (50,19 K/S -   770 958 bytes)
[17:51:50] - [35] VICTOR.POZEN: Début du Téléchargement de: D:\kerberos.htx\gamez1\Supercow\data\levels\9\level03.lev
[17:52:04] - [35] VICTOR.POZEN: Fichier envoyé: D:\kerberos.htx\gamez1\Supercow\data\levels\9\level03.lev (51,50 K/S -   685 559 bytes)
[17:52:04] - [35] VICTOR.POZEN: Début du Téléchargement de: D:\kerberos.htx\gamez1\Supercow\data\levels\9\level04.lev
[17:52:18] - [35] VICTOR.POZEN: Fichier envoyé: D:\kerberos.htx\gamez1\Supercow\data\levels\9\level04.lev (52,86 K/S -   703 677 bytes)
[17:52:19] - [35] VICTOR.POZEN: Début du Téléchargement de: D:\kerberos.htx\gamez1\Supercow\data\levels\9\level05.lev
[17:52:30] - [35] VICTOR.POZEN: Fichier envoyé: D:\kerberos.htx\gamez1\Supercow\data\levels\9\level05.lev (49,72 K/S -   560 086 bytes)
[17:52:31] - [35] VICTOR.POZEN: Début du Téléchargement de: D:\kerberos.htx\gamez1\Supercow\data\levels\8\level01.lev
[17:52:42] - [35] VICTOR.POZEN: Fichier envoyé: D:\kerberos.htx\gamez1\Supercow\data\levels\8\level01.lev (48,65 K/S -   597 865 bytes)
[17:52:43] - [35] VICTOR.POZEN: Début du Téléchargement de: D:\kerberos.htx\gamez1\Supercow\data\levels\8\level02.lev
[17:52:54] - [35] VICTOR.POZEN: Fichier envoyé: D:\kerberos.htx\gamez1\Supercow\data\levels\8\level02.lev (49,34 K/S -   555 757 bytes)
[17:52:54] - [35] VICTOR.POZEN: Début du Téléchargement de: D:\kerberos.htx\gamez1\Supercow\data\levels\8\level03.lev
[17:53:07] - [35] VICTOR.POZEN: Fichier envoyé: D:\kerberos.htx\gamez1\Supercow\data\levels\8\level03.lev (47,31 K/S -   629 731 bytes)
[17:53:07] - [35] VICTOR.POZEN: Début du Téléchargement de: D:\kerberos.htx\gamez1\Supercow\data\levels\8\level04.lev
[17:53:21] - [35] VICTOR.POZEN: Fichier envoyé: D:\kerberos.htx\gamez1\Supercow\data\levels\8\level04.lev (49,91 K/S -   715 520 bytes)
[17:53:21] - [35] VICTOR.POZEN: Début du Téléchargement de: D:\kerberos.htx\gamez1\Supercow\data\levels\8\level05.lev
[17:53:34] - [35] VICTOR.POZEN: Fichier envoyé: D:\kerberos.htx\gamez1\Supercow\data\levels\8\level05.lev (52,89 K/S -   649 953 bytes)
[17:53:35] - [35] VICTOR.POZEN: Début du Téléchargement de: D:\kerberos.htx\gamez1\Supercow\data\levels\7\level01.lev
[17:53:47] - [35] VICTOR.POZEN: Fichier envoyé: D:\kerberos.htx\gamez1\Supercow\data\levels\7\level01.lev (49,84 K/S -   612 422 bytes)
[17:53:47] - [35] VICTOR.POZEN: Début du Téléchargement de: D:\kerberos.htx\gamez1\Supercow\data\levels\7\level02.lev
[17:54:00] - [35] VICTOR.POZEN: Fichier envoyé: D:\kerberos.htx\gamez1\Supercow\data\levels\7\level02.lev (52,00 K/S -   638 955 bytes)
[17:54:00] - [35] VICTOR.POZEN: Début du Téléchargement de: D:\kerberos.htx\gamez1\Supercow\data\levels\7\level03.lev
[17:54:12] - [35] VICTOR.POZEN: Fichier envoyé: D:\kerberos.htx\gamez1\Supercow\data\levels\7\level03.lev (47,14 K/S -   579 302 bytes)
[17:54:12] - [35] VICTOR.POZEN: Début du Téléchargement de: D:\kerberos.htx\gamez1\Supercow\data\levels\7\level04.lev
[17:54:25] - [35] VICTOR.POZEN: Fichier envoyé: D:\kerberos.htx\gamez1\Supercow\data\levels\7\level04.lev (50,32 K/S -   669 808 bytes)
[17:54:26] - [35] VICTOR.POZEN: Début du Téléchargement de: D:\kerberos.htx\gamez1\Supercow\data\levels\7\level05.lev
[17:54:37] - [35] VICTOR.POZEN: Fichier envoyé: D:\kerberos.htx\gamez1\Supercow\data\levels\7\level05.lev (52,28 K/S -   588 843 bytes)
[17:54:38] - [35] VICTOR.POZEN: Début du Téléchargement de: D:\kerberos.htx\gamez1\Supercow\data\levels\6\level01.lev
[17:54:50] - [35] VICTOR.POZEN: Fichier envoyé: D:\kerberos.htx\gamez1\Supercow\data\levels\6\level01.lev (49,97 K/S -   614 056 bytes)
[17:54:50] - [35] VICTOR.POZEN: Début du Téléchargement de: D:\kerberos.htx\gamez1\Supercow\data\levels\6\level02.lev
[17:55:00] - [35] VICTOR.POZEN: Fichier envoyé: D:\kerberos.htx\gamez1\Supercow\data\levels\6\level02.lev (49,63 K/S -   508 187 bytes)
[17:55:01] - [35] VICTOR.POZEN: Début du Téléchargement de: D:\kerberos.htx\gamez1\Supercow\data\levels\6\level03.lev
[17:55:11] - [35] VICTOR.POZEN: Fichier envoyé: D:\kerberos.htx\gamez1\Supercow\data\levels\6\level03.lev (51,03 K/S -   522 538 bytes)
[17:55:12] - [35] VICTOR.POZEN: Début du Téléchargement de: D:\kerberos.htx\gamez1\Supercow\data\levels\6\level04.lev
[17:55:27] - [35] VICTOR.POZEN: Fichier envoyé: D:\kerberos.htx\gamez1\Supercow\data\levels\6\level04.lev (48,67 K/S -   747 605 bytes)
[17:55:27] - [35] VICTOR.POZEN: Début du Téléchargement de: D:\kerberos.htx\gamez1\Supercow\data\levels\6\level05.lev
[17:55:34] - [35] VICTOR.POZEN: Fichier envoyé: D:\kerberos.htx\gamez1\Supercow\data\levels\6\level05.lev (48,47 K/S -   347 401 bytes)
[17:55:35] - [35] VICTOR.POZEN: Début du Téléchargement de: D:\kerberos.htx\gamez1\Supercow\data\levels\5\level01.lev
[17:55:43] - [35] VICTOR.POZEN: Fichier envoyé: D:\kerberos.htx\gamez1\Supercow\data\levels\5\level01.lev (47,79 K/S -   391 484 bytes)
[17:55:43] - [35] VICTOR.POZEN: Début du Téléchargement de: D:\kerberos.htx\gamez1\Supercow\data\levels\5\level02.lev
[17:55:53] - [35] VICTOR.POZEN: Fichier envoyé: D:\kerberos.htx\gamez1\Supercow\data\levels\5\level02.lev (48,81 K/S -   499 805 bytes)
[17:55:53] - [35] VICTOR.POZEN: Début du Téléchargement de: D:\kerberos.htx\gamez1\Supercow\data\levels\5\level03.lev
[17:56:03] - [35] VICTOR.POZEN: Fichier envoyé: D:\kerberos.htx\gamez1\Supercow\data\levels\5\level03.lev (49,97 K/S -   511 658 bytes)
[17:56:04] - [35] VICTOR.POZEN: Début du Téléchargement de: D:\kerberos.htx\gamez1\Supercow\data\levels\5\level04.lev
[17:56:14] - [35] VICTOR.POZEN: Fichier envoyé: D:\kerberos.htx\gamez1\Supercow\data\levels\5\level04.lev (49,87 K/S -   510 674 bytes)
[17:56:14] - [35] VICTOR.POZEN: Début du Téléchargement de: D:\kerberos.htx\gamez1\Supercow\data\levels\5\level05.lev
[17:56:23] - [35] VICTOR.POZEN: Fichier envoyé: D:\kerberos.htx\gamez1\Supercow\data\levels\5\level05.lev (53,16 K/S -   435 494 bytes)
[17:56:24] - [35] VICTOR.POZEN: Début du Téléchargement de: D:\kerberos.htx\gamez1\Supercow\data\levels\4\level01.lev
[17:56:34] - [35] VICTOR.POZEN: Fichier envoyé: D:\kerberos.htx\gamez1\Supercow\data\levels\4\level01.lev (49,55 K/S -   507 379 bytes)
[17:56:35] - [35] VICTOR.POZEN: Début du Téléchargement de: D:\kerberos.htx\gamez1\Supercow\data\levels\4\level02.lev
[17:56:42] - [35] VICTOR.POZEN: Fichier envoyé: D:\kerberos.htx\gamez1\Supercow\data\levels\4\level02.lev (49,93 K/S -   357 919 bytes)
[17:56:42] - [35] VICTOR.POZEN: Début du Téléchargement de: D:\kerberos.htx\gamez1\Supercow\data\levels\4\level03.lev
[17:56:51] - [35] VICTOR.POZEN: Fichier envoyé: D:\kerberos.htx\gamez1\Supercow\data\levels\4\level03.lev (45,83 K/S -   469 284 bytes)
[17:56:52] - [35] VICTOR.POZEN: Début du Téléchargement de: D:\kerberos.htx\gamez1\Supercow\data\levels\4\level04.lev
[17:56:59] - [35] VICTOR.POZEN: Fichier envoyé: D:\kerberos.htx\gamez1\Supercow\data\levels\4\level04.lev (51,67 K/S -   370 377 bytes)
[17:56:59] - [35] VICTOR.POZEN: Début du Téléchargement de: D:\kerberos.htx\gamez1\Supercow\data\levels\4\level05.lev
[17:57:03] - [35] VICTOR.POZEN: Fichier envoyé: D:\kerberos.htx\gamez1\Supercow\data\levels\4\level05.lev (48,33 K/S -   197 969 bytes)
[17:57:04] - [35] VICTOR.POZEN: Début du Téléchargement de: D:\kerberos.htx\gamez1\Supercow\data\levels\3\level01.lev
[17:57:17] - [35] VICTOR.POZEN: Fichier envoyé: D:\kerberos.htx\gamez1\Supercow\data\levels\3\level01.lev (50,25 K/S -   668 994 bytes)
[17:57:17] - [35] VICTOR.POZEN: Début du Téléchargement de: D:\kerberos.htx\gamez1\Supercow\data\levels\3\level02.lev
[17:57:24] - [35] VICTOR.POZEN: Fichier envoyé: D:\kerberos.htx\gamez1\Supercow\data\levels\3\level02.lev (52,26 K/S -   321 056 bytes)
[17:57:24] - [35] VICTOR.POZEN: Début du Téléchargement de: D:\kerberos.htx\gamez1\Supercow\data\levels\3\level03.lev
[17:57:32] - [35] VICTOR.POZEN: Fichier envoyé: D:\kerberos.htx\gamez1\Supercow\data\levels\3\level03.lev (49,31 K/S -   403 920 bytes)
[17:57:33] - [35] VICTOR.POZEN: Début du Téléchargement de: D:\kerberos.htx\gamez1\Supercow\data\levels\3\level04.lev
[17:57:41] - [35] VICTOR.POZEN: Fichier envoyé: D:\kerberos.htx\gamez1\Supercow\data\levels\3\level04.lev (53,73 K/S -   440 179 bytes)
[17:57:42] - [35] VICTOR.POZEN: Début du Téléchargement de: D:\kerberos.htx\gamez1\Supercow\data\levels\3\level05.lev
[17:57:50] - [35] VICTOR.POZEN: Fichier envoyé: D:\kerberos.htx\gamez1\Supercow\data\levels\3\level05.lev (52,53 K/S -   430 310 bytes)
[17:57:51] - [35] VICTOR.POZEN: Début du Téléchargement de: D:\kerberos.htx\gamez1\Supercow\data\levels\2\level01.lev
[17:57:56] - [35] VICTOR.POZEN: Fichier envoyé: D:\kerberos.htx\gamez1\Supercow\data\levels\2\level01.lev (42,16 K/S -   259 053 bytes)
[17:57:57] - [35] VICTOR.POZEN: Début du Téléchargement de: D:\kerberos.htx\gamez1\Supercow\data\levels\2\level02.lev
[17:58:04] - [35] VICTOR.POZEN: Fichier envoyé: D:\kerberos.htx\gamez1\Supercow\data\levels\2\level02.lev (53,47 K/S -   383 261 bytes)
[17:58:05] - [35] VICTOR.POZEN: Début du Téléchargement de: D:\kerberos.htx\gamez1\Supercow\data\levels\2\level03.lev
[17:58:10] - [35] VICTOR.POZEN: Fichier envoyé: D:\kerberos.htx\gamez1\Supercow\data\levels\2\level03.lev (55,18 K/S -   282 527 bytes)
[17:58:11] - [35] VICTOR.POZEN: Début du Téléchargement de: D:\kerberos.htx\gamez1\Supercow\data\levels\2\level04.lev
[17:58:17] - [35] VICTOR.POZEN: Fichier envoyé: D:\kerberos.htx\gamez1\Supercow\data\levels\2\level04.lev (50,17 K/S -   308 257 bytes)
[17:58:18] - [35] VICTOR.POZEN: Début du Téléchargement de: D:\kerberos.htx\gamez1\Supercow\data\levels\12\level01.lev
[17:58:20] - [35] VICTOR.POZEN: Fichier envoyé: D:\kerberos.htx\gamez1\Supercow\data\levels\12\level01.lev (50,52 K/S -   103 469 bytes)
[17:58:21] - [35] VICTOR.POZEN: Début du Téléchargement de: D:\kerberos.htx\gamez1\Supercow\data\levels\11\level01.lev
[17:58:23] - [35] VICTOR.POZEN: Fichier envoyé: D:\kerberos.htx\gamez1\Supercow\data\levels\11\level01.lev (51,63 K/S -   105 745 bytes)
[17:58:23] - [35] VICTOR.POZEN: Début du Téléchargement de: D:\kerberos.htx\gamez1\Supercow\data\levels\11\level02.lev
[17:58:26] - [35] VICTOR.POZEN: Fichier envoyé: D:\kerberos.htx\gamez1\Supercow\data\levels\11\level02.lev (50,52 K/S -   103 458 bytes)
[17:58:26] - [35] VICTOR.POZEN: Début du Téléchargement de: D:\kerberos.htx\gamez1\Supercow\data\levels\11\level03.lev
[17:58:28] - [35] VICTOR.POZEN: Fichier envoyé: D:\kerberos.htx\gamez1\Supercow\data\levels\11\level03.lev (50,57 K/S -   103 568 bytes)
[17:58:28] - [35] VICTOR.POZEN: Début du Téléchargement de: D:\kerberos.htx\gamez1\Supercow\data\levels\11\level04.lev
[17:58:30] - [35] VICTOR.POZEN: Fichier envoyé: D:\kerberos.htx\gamez1\Supercow\data\levels\11\level04.lev (48,76 K/S -   99 855 bytes)
[17:58:31] - [35] VICTOR.POZEN: Début du Téléchargement de: D:\kerberos.htx\gamez1\Supercow\data\levels\11\level05.lev
[17:58:33] - [35] VICTOR.POZEN: Fichier envoyé: D:\kerberos.htx\gamez1\Supercow\data\levels\11\level05.lev (50,39 K/S -   103 207 bytes)
[17:58:33] - [35] VICTOR.POZEN: Début du Téléchargement de: D:\kerberos.htx\gamez1\Supercow\data\levels\11\level06.lev
[17:58:35] - [35] VICTOR.POZEN: Fichier envoyé: D:\kerberos.htx\gamez1\Supercow\data\levels\11\level06.lev (33,14 K/S -   101 793 bytes)
[17:58:36] - [35] VICTOR.POZEN: Début du Téléchargement de: D:\kerberos.htx\gamez1\Supercow\data\levels\11\level07.lev
[17:58:38] - [35] VICTOR.POZEN: Fichier envoyé: D:\kerberos.htx\gamez1\Supercow\data\levels\11\level07.lev (51,95 K/S -   106 401 bytes)
[17:58:39] - [35] VICTOR.POZEN: Début du Téléchargement de: D:\kerberos.htx\gamez1\Supercow\data\levels\10\level01.lev
[17:58:54] - [35] VICTOR.POZEN: Fichier envoyé: D:\kerberos.htx\gamez1\Supercow\data\levels\10\level01.lev (50,08 K/S -   769 228 bytes)
[17:58:54] - [35] VICTOR.POZEN: Début du Téléchargement de: D:\kerberos.htx\gamez1\Supercow\data\levels\10\level02.lev
[17:59:09] - [35] VICTOR.POZEN: Fichier envoyé: D:\kerberos.htx\gamez1\Supercow\data\levels\10\level02.lev (46,37 K/S -   759 705 bytes)
[17:59:10] - [35] VICTOR.POZEN: Début du Téléchargement de: D:\kerberos.htx\gamez1\Supercow\data\levels\10\level03.lev
[17:59:22] - [35] VICTOR.POZEN: Fichier envoyé: D:\kerberos.htx\gamez1\Supercow\data\levels\10\level03.lev (50,64 K/S -   622 216 bytes)
[17:59:22] - [35] VICTOR.POZEN: Début du Téléchargement de: D:\kerberos.htx\gamez1\Supercow\data\levels\10\level04.lev
[17:59:35] - [35] VICTOR.POZEN: Fichier envoyé: D:\kerberos.htx\gamez1\Supercow\data\levels\10\level04.lev (46,37 K/S -   617 334 bytes)
[17:59:35] - [35] VICTOR.POZEN: Début du Téléchargement de: D:\kerberos.htx\gamez1\Supercow\data\levels\10\level05.lev
[17:59:43] - [35] VICTOR.POZEN: Fichier envoyé: D:\kerberos.htx\gamez1\Supercow\data\levels\10\level05.lev (50,93 K/S -   417 186 bytes)
[17:59:43] - [35] VICTOR.POZEN: Début du Téléchargement de: D:\kerberos.htx\gamez1\Supercow\data\levels\10\level06.lev
[17:59:46] - [35] VICTOR.POZEN: Fichier envoyé: D:\kerberos.htx\gamez1\Supercow\data\levels\10\level06.lev (65,53 K/S -   134 205 bytes)
[17:59:47] - [35] VICTOR.POZEN: Début du Téléchargement de: D:\kerberos.htx\gamez1\Supercow\data\levels\1\level01.lev
[17:59:52] - [35] VICTOR.POZEN: Fichier envoyé: D:\kerberos.htx\gamez1\Supercow\data\levels\1\level01.lev (44,94 K/S -   276 129 bytes)
[17:59:53] - [35] VICTOR.POZEN: Début du Téléchargement de: D:\kerberos.htx\gamez1\Supercow\data\levels\1\level02.lev
[17:59:58] - [35] VICTOR.POZEN: Fichier envoyé: D:\kerberos.htx\gamez1\Supercow\data\levels\1\level02.lev (47,22 K/S -   290 104 bytes)
[17:59:59] - [35] VICTOR.POZEN: Début du Téléchargement de: D:\kerberos.htx\gamez1\Supercow\data\levels\1\level03.lev
[18:00:05] - [35] VICTOR.POZEN: Fichier envoyé: D:\kerberos.htx\gamez1\Supercow\data\levels\1\level03.lev (46,06 K/S -   330 152 bytes)
[18:00:07] - [35] VICTOR.POZEN: Début du Téléchargement de: D:\kerberos.htx\gamez1\Supercow\data\levelobjs\electro.jpg
[18:00:07] - [35] VICTOR.POZEN: Fichier envoyé: D:\kerberos.htx\gamez1\Supercow\data\levelobjs\electro.jpg (9,86 K/S -   10 093 bytes)
[18:00:07] - [35] VICTOR.POZEN: Début du Téléchargement de: D:\kerberos.htx\gamez1\Supercow\data\levelobjs\hellfire.jpg
[18:00:07] - [35] VICTOR.POZEN: Fichier envoyé: D:\kerberos.htx\gamez1\Supercow\data\levelobjs\hellfire.jpg (4,31 K/S -   4 414 bytes)
[18:00:08] - [35] VICTOR.POZEN: Début du Téléchargement de: D:\kerberos.htx\gamez1\Supercow\data\levelobjs\water.jpg
[18:00:08] - [35] VICTOR.POZEN: Fichier envoyé: D:\kerberos.htx\gamez1\Supercow\data\levelobjs\water.jpg (22,55 K/S -   23 095 bytes)
[18:00:08] - [35] VICTOR.POZEN: Début du Téléchargement de: D:\kerberos.htx\gamez1\Supercow\data\levelobjs\white.jpg
[18:00:08] - [35] VICTOR.POZEN: Fichier envoyé: D:\kerberos.htx\gamez1\Supercow\data\levelobjs\white.jpg (2,09 K/S -   2 143 bytes)
[18:00:09] - [35] VICTOR.POZEN: Début du Téléchargement de: D:\kerberos.htx\gamez1\Supercow\data\levelobjs\_a_apple.jpg
[18:00:09] - [35] VICTOR.POZEN: Fichier envoyé: D:\kerberos.htx\gamez1\Supercow\data\levelobjs\_a_apple.jpg (5,62 K/S -   5 755 bytes)
[18:00:09] - [35] VICTOR.POZEN: Début du Téléchargement de: D:\kerberos.htx\gamez1\Supercow\data\levelobjs\_a_art_001.jpg
[18:00:10] - [35] VICTOR.POZEN: Fichier envoyé: D:\kerberos.htx\gamez1\Supercow\data\levelobjs\_a_art_001.jpg (21,41 K/S -   21 922 bytes)
[18:00:10] - [35] VICTOR.POZEN: Début du Téléchargement de: D:\kerberos.htx\gamez1\Supercow\data\levelobjs\_a_art_002.jpg
[18:00:10] - [35] VICTOR.POZEN: Fichier envoyé: D:\kerberos.htx\gamez1\Supercow\data\levelobjs\_a_art_002.jpg (5,97 K/S -   6 112 bytes)
[18:00:11] - [35] VICTOR.POZEN: Début du Téléchargement de: D:\kerberos.htx\gamez1\Supercow\data\levelobjs\_a_art_003.jpg
[18:00:11] - [35] VICTOR.POZEN: Fichier envoyé: D:\kerberos.htx\gamez1\Supercow\data\levelobjs\_a_art_003.jpg (21,17 K/S -   21 681 bytes)
[18:00:12] - [35] VICTOR.POZEN: Début du Téléchargement de: D:\kerberos.htx\gamez1\Supercow\data\levelobjs\_a_art_004.jpg
[18:00:12] - [35] VICTOR.POZEN: Fichier envoyé: D:\kerberos.htx\gamez1\Supercow\data\levelobjs\_a_art_004.jpg (21,53 K/S -   22 050 bytes)
[18:00:12] - [35] VICTOR.POZEN: Début du Téléchargement de: D:\kerberos.htx\gamez1\Supercow\data\levelobjs\_a_art_005.jpg
[18:00:12] - [35] VICTOR.POZEN: Fichier envoyé: D:\kerberos.htx\gamez1\Supercow\data\levelobjs\_a_art_005.jpg (6,31 K/S -   6 459 bytes)
[18:00:13] - [35] VICTOR.POZEN: Début du Téléchargement de: D:\kerberos.htx\gamez1\Supercow\data\levelobjs\_a_art_006.jpg
[18:00:13] - [35] VICTOR.POZEN: Fichier envoyé: D:\kerberos.htx\gamez1\Supercow\data\levelobjs\_a_art_006.jpg (6,51 K/S -   6 668 bytes)
[18:00:13] - [35] VICTOR.POZEN: Début du Téléchargement de: D:\kerberos.htx\gamez1\Supercow\data\levelobjs\_a_art_007.jpg
[18:00:15] - [35] VICTOR.POZEN: Fichier envoyé: D:\kerberos.htx\gamez1\Supercow\data\levelobjs\_a_art_007.jpg (79,14 K/S -   81 041 bytes)
[18:00:16] - [35] VICTOR.POZEN: Début du Téléchargement de: D:\kerberos.htx\gamez1\Supercow\data\levelobjs\_a_art_008.jpg
[18:00:16] - [35] VICTOR.POZEN: Fichier envoyé: D:\kerberos.htx\gamez1\Supercow\data\levelobjs\_a_art_008.jpg (10,30 K/S -   10 543 bytes)
[18:00:16] - [35] VICTOR.POZEN: Début du Téléchargement de: D:\kerberos.htx\gamez1\Supercow\data\levelobjs\_a_art_009.jpg
[18:00:17] - [35] VICTOR.POZEN: Fichier envoyé: D:\kerberos.htx\gamez1\Supercow\data\levelobjs\_a_art_009.jpg (20,36 K/S -   20 849 bytes)
[18:00:17] - [35] VICTOR.POZEN: Début du Téléchargement de: D:\kerberos.htx\gamez1\Supercow\data\levelobjs\_a_art_010.jpg
[18:00:19] - [35] VICTOR.POZEN: Fichier envoyé: D:\kerberos.htx\gamez1\Supercow\data\levelobjs\_a_art_010.jpg (38,98 K/S -   79 822 bytes)
[18:00:19] - [35] VICTOR.POZEN: Début du Téléchargement de: D:\kerberos.htx\gamez1\Supercow\data\levelobjs\_a_art_011.jpg
[18:00:19] - [35] VICTOR.POZEN: Fichier envoyé: D:\kerberos.htx\gamez1\Supercow\data\levelobjs\_a_art_011.jpg (5,53 K/S -   5 658 bytes)
[18:00:19] - [35] VICTOR.POZEN: Début du Téléchargement de: D:\kerberos.htx\gamez1\Supercow\data\levelobjs\_a_art_012.jpg
[18:00:20] - [35] VICTOR.POZEN: Fichier envoyé: D:\kerberos.htx\gamez1\Supercow\data\levelobjs\_a_art_012.jpg (18,93 K/S -   19 380 bytes)
[18:00:20] - [35] VICTOR.POZEN: Début du Téléchargement de: D:\kerberos.htx\gamez1\Supercow\data\levelobjs\_a_art_013.jpg
[18:00:22] - [35] VICTOR.POZEN: Fichier envoyé: D:\kerberos.htx\gamez1\Supercow\data\levelobjs\_a_art_013.jpg (38,07 K/S -   77 963 bytes)
[18:00:22] - [35] VICTOR.POZEN: Début du Téléchargement de: D:\kerberos.htx\gamez1\Supercow\data\levelobjs\_a_art_014.jpg
[18:00:22] - [35] VICTOR.POZEN: Fichier envoyé: D:\kerberos.htx\gamez1\Supercow\data\levelobjs\_a_art_014.jpg (11,02 K/S -   11 289 bytes)
[18:00:23] - [35] VICTOR.POZEN: Début du Téléchargement de: D:\kerberos.htx\gamez1\Supercow\data\levelobjs\_a_art_015.jpg
[18:00:23] - [35] VICTOR.POZEN: Fichier envoyé: D:\kerberos.htx\gamez1\Supercow\data\levelobjs\_a_art_015.jpg (5,61 K/S -   5 745 bytes)
[18:00:23] - [35] VICTOR.POZEN: Début du Téléchargement de: D:\kerberos.htx\gamez1\Supercow\data\levelobjs\_a_art_016.jpg
[18:00:23] - [35] VICTOR.POZEN: Fichier envoyé: D:\kerberos.htx\gamez1\Supercow\data\levelobjs\_a_art_016.jpg (10,71 K/S -   10 964 bytes)
[18:00:24] - [35] VICTOR.POZEN: Début du Téléchargement de: D:\kerberos.htx\gamez1\Supercow\data\levelobjs\_a_art_017.jpg
[18:00:25] - [35] VICTOR.POZEN: Fichier envoyé: D:\kerberos.htx\gamez1\Supercow\data\levelobjs\_a_art_017.jpg (39,58 K/S -   40 530 bytes)
[18:00:25] - [35] VICTOR.POZEN: Début du Téléchargement de: D:\kerberos.htx\gamez1\Supercow\data\levelobjs\_a_art_018.jpg
[18:00:25] - [35] VICTOR.POZEN: Fichier envoyé: D:\kerberos.htx\gamez1\Supercow\data\levelobjs\_a_art_018.jpg (21,02 K/S -   21 525 bytes)
[18:00:26] - [35] VICTOR.POZEN: Début du Téléchargement de: D:\kerberos.htx\gamez1\Supercow\data\levelobjs\_a_art_019.jpg
[18:00:26] - [35] VICTOR.POZEN: Fichier envoyé: D:\kerberos.htx\gamez1\Supercow\data\levelobjs\_a_art_019.jpg (21,98 K/S -   22 510 bytes)
[18:00:27] - [35] VICTOR.POZEN: Début du Téléchargement de: D:\kerberos.htx\gamez1\Supercow\data\levelobjs\_a_art_020.jpg
[18:00:27] - [35] VICTOR.POZEN: Fichier envoyé: D:\kerberos.htx\gamez1\Supercow\data\levelobjs\_a_art_020.jpg (6,03 K/S -   6 175 bytes)
[18:00:27] - [35] VICTOR.POZEN: Début du Téléchargement de: D:\kerberos.htx\gamez1\Supercow\data\levelobjs\_a_art_021.jpg
[18:00:28] - [35] VICTOR.POZEN: Fichier envoyé: D:\kerberos.htx\gamez1\Supercow\data\levelobjs\_a_art_021.jpg (20,00 K/S -   20 481 bytes)
[18:00:28] - [35] VICTOR.POZEN: Début du Téléchargement de: D:\kerberos.htx\gamez1\Supercow\data\levelobjs\_a_art_022.jpg
[18:00:28] - [35] VICTOR.POZEN: Fichier envoyé: D:\kerberos.htx\gamez1\Supercow\data\levelobjs\_a_art_022.jpg (6,24 K/S -   6 394 bytes)
[18:00:29] - [35] VICTOR.POZEN: Début du Téléchargement de: D:\kerberos.htx\gamez1\Supercow\data\levelobjs\_a_art_023.jpg
[18:00:29] - [35] VICTOR.POZEN: Fichier envoyé: D:\kerberos.htx\gamez1\Supercow\data\levelobjs\_a_art_023.jpg (19,73 K/S -   20 203 bytes)
[18:00:29] - [35] VICTOR.POZEN: Début du Téléchargement de: D:\kerberos.htx\gamez1\Supercow\data\levelobjs\_a_art_024.jpg
[18:00:30] - [35] VICTOR.POZEN: Fichier envoyé: D:\kerberos.htx\gamez1\Supercow\data\levelobjs\_a_art_024.jpg (19,31 K/S -   19 769 bytes)
[18:00:30] - [35] VICTOR.POZEN: Début du Téléchargement de: D:\kerberos.htx\gamez1\Supercow\data\levelobjs\_a_art_025.jpg
[18:00:30] - [35] VICTOR.POZEN: Fichier envoyé: D:\kerberos.htx\gamez1\Supercow\data\levelobjs\_a_art_025.jpg (11,90 K/S -   12 189 bytes)
[18:00:31] - [35] VICTOR.POZEN: Début du Téléchargement de: D:\kerberos.htx\gamez1\Supercow\data\levelobjs\_a_art_026.jpg
[18:00:31] - [35] VICTOR.POZEN: Fichier envoyé: D:\kerberos.htx\gamez1\Supercow\data\levelobjs\_a_art_026.jpg (11,31 K/S -   11 585 bytes)
[18:00:32] - [35] VICTOR.POZEN: Début du Téléchargement de: D:\kerberos.htx\gamez1\Supercow\data\levelobjs\_a_art_027.jpg
[18:00:32] - [35] VICTOR.POZEN: Fichier envoyé: D:\kerberos.htx\gamez1\Supercow\data\levelobjs\_a_art_027.jpg (12,65 K/S -   12 956 bytes)
[18:00:32] - [35] VICTOR.POZEN: Début du Téléchargement de: D:\kerberos.htx\gamez1\Supercow\data\levelobjs\_a_art_028.jpg
[18:00:33] - [35] VICTOR.POZEN: Fichier envoyé: D:\kerberos.htx\gamez1\Supercow\data\levelobjs\_a_art_028.jpg (24,17 K/S -   24 748 bytes)
[18:00:33] - [35] VICTOR.POZEN: Début du Téléchargement de: D:\kerberos.htx\gamez1\Supercow\data\levelobjs\_a_art_029.jpg
[18:00:34] - [35] VICTOR.POZEN: Fichier envoyé: D:\kerberos.htx\gamez1\Supercow\data\levelobjs\_a_art_029.jpg (23,61 K/S -   24 175 bytes)
[18:00:34] - [35] VICTOR.POZEN: Début du Téléchargement de: D:\kerberos.htx\gamez1\Supercow\data\levelobjs\_a_art_030.jpg
[18:00:35] - [35] VICTOR.POZEN: Fichier envoyé: D:\kerberos.htx\gamez1\Supercow\data\levelobjs\_a_art_030.jpg (23,64 K/S -   24 207 bytes)
[18:00:35] - [35] VICTOR.POZEN: Début du Téléchargement de: D:\kerberos.htx\gamez1\Supercow\data\levelobjs\_a_art_031.jpg
[18:00:37] - [35] VICTOR.POZEN: Fichier envoyé: D:\kerberos.htx\gamez1\Supercow\data\levelobjs\_a_art_031.jpg (40,13 K/S -   82 193 bytes)
[18:00:37] - [35] VICTOR.POZEN: Début du Téléchargement de: D:\kerberos.htx\gamez1\Supercow\data\levelobjs\_a_art_032.jpg
[18:00:37] - [35] VICTOR.POZEN: Fichier envoyé: D:\kerberos.htx\gamez1\Supercow\data\levelobjs\_a_art_032.jpg (1,92 K/S -   1 961 bytes)
[18:00:37] - [35] VICTOR.POZEN: Début du Téléchargement de: D:\kerberos.htx\gamez1\Supercow\data\levelobjs\_a_art_033.jpg
[18:00:37] - [35] VICTOR.POZEN: Fichier envoyé: D:\kerberos.htx\gamez1\Supercow\data\levelobjs\_a_art_033.jpg (2,04 K/S -   2 085 bytes)
[18:00:38] - [35] VICTOR.POZEN: Début du Téléchargement de: D:\kerberos.htx\gamez1\Supercow\data\levelobjs\_a_art_034.jpg
[18:00:40] - [35] VICTOR.POZEN: Fichier envoyé: D:\kerberos.htx\gamez1\Supercow\data\levelobjs\_a_art_034.jpg (40,05 K/S -   82 020 bytes)
[18:00:40] - [35] VICTOR.POZEN: Début du Téléchargement de: D:\kerberos.htx\gamez1\Supercow\data\levelobjs\_a_art_035.jpg
[18:00:42] - [35] VICTOR.POZEN: Fichier envoyé: D:\kerberos.htx\gamez1\Supercow\data\levelobjs\_a_art_035.jpg (39,56 K/S -   81 016 bytes)
[18:00:42] - [35] VICTOR.POZEN: Début du Téléchargement de: D:\kerberos.htx\gamez1\Supercow\data\levelobjs\_a_art_036.jpg
[18:00:44] - [35] VICTOR.POZEN: Fichier envoyé: D:\kerberos.htx\gamez1\Supercow\data\levelobjs\_a_art_036.jpg (38,57 K/S -   78 993 bytes)
[18:00:44] - [35] VICTOR.POZEN: Début du Téléchargement de: D:\kerberos.htx\gamez1\Supercow\data\levelobjs\_a_badexit1.jpg
[18:00:45] - [35] VICTOR.POZEN: Fichier envoyé: D:\kerberos.htx\gamez1\Supercow\data\levelobjs\_a_badexit1.jpg (42,92 K/S -   43 946 bytes)
[18:00:45] - [35] VICTOR.POZEN: Début du Téléchargement de: D:\kerberos.htx\gamez1\Supercow\data\levelobjs\_a_badexit2.jpg
[18:00:46] - [35] VICTOR.POZEN: Fichier envoyé: D:\kerberos.htx\gamez1\Supercow\data\levelobjs\_a_badexit2.jpg (44,08 K/S -   45 141 bytes)
[18:00:46] - [35] VICTOR.POZEN: Début du Téléchargement de: D:\kerberos.htx\gamez1\Supercow\data\levelobjs\_a_badexit3.jpg
[18:00:47] - [35] VICTOR.POZEN: Fichier envoyé: D:\kerberos.htx\gamez1\Supercow\data\levelobjs\_a_badexit3.jpg (44,51 K/S -   45 582 bytes)
[18:00:48] - [35] VICTOR.POZEN: Début du Téléchargement de: D:\kerberos.htx\gamez1\Supercow\data\levelobjs\_a_bad_wc.jpg
[18:00:49] - [35] VICTOR.POZEN: Fichier envoyé: D:\kerberos.htx\gamez1\Supercow\data\levelobjs\_a_bad_wc.jpg (38,23 K/S -   78 301 bytes)
[18:00:50] - [35] VICTOR.POZEN: Début du Téléchargement de: D:\kerberos.htx\gamez1\Supercow\data\levelobjs\_a_barrel1.jpg
[18:00:50] - [35] VICTOR.POZEN: Fichier envoyé: D:\kerberos.htx\gamez1\Supercow\data\levelobjs\_a_barrel1.jpg (19,80 K/S -   20 279 bytes)
[18:00:51] - [35] VICTOR.POZEN: Début du Téléchargement de: D:\kerberos.htx\gamez1\Supercow\data\levelobjs\_a_barrel2.jpg
[18:00:51] - [35] VICTOR.POZEN: Fichier envoyé: D:\kerberos.htx\gamez1\Supercow\data\levelobjs\_a_barrel2.jpg (21,02 K/S -   21 524 bytes)
[18:00:51] - [35] VICTOR.POZEN: Début du Téléchargement de: D:\kerberos.htx\gamez1\Supercow\data\levelobjs\_a_bochka1.jpg
[18:00:52] - [35] VICTOR.POZEN: Fichier envoyé: D:\kerberos.htx\gamez1\Supercow\data\levelobjs\_a_bochka1.jpg (10,45 K/S -   10 700 bytes)
[18:00:52] - [35] VICTOR.POZEN: Début du Téléchargement de: D:\kerberos.htx\gamez1\Supercow\data\levelobjs\_a_bridge0.jpg
[18:00:52] - [35] VICTOR.POZEN: Fichier envoyé: D:\kerberos.htx\gamez1\Supercow\data\levelobjs\_a_bridge0.jpg (5,34 K/S -   5 470 bytes)
[18:00:52] - [35] VICTOR.POZEN: Début du Téléchargement de: D:\kerberos.htx\gamez1\Supercow\data\levelobjs\_a_bridge1.jpg
[18:00:53] - [35] VICTOR.POZEN: Fichier envoyé: D:\kerberos.htx\gamez1\Supercow\data\levelobjs\_a_bridge1.jpg (3,44 K/S -   3 524 bytes)
[18:00:53] - [35] VICTOR.POZEN: Début du Téléchargement de: D:\kerberos.htx\gamez1\Supercow\data\levelobjs\_a_bucket1.jpg
[18:00:53] - [35] VICTOR.POZEN: Fichier envoyé: D:\kerberos.htx\gamez1\Supercow\data\levelobjs\_a_bucket1.jpg (3,28 K/S -   3 359 bytes)
[18:00:53] - [35] VICTOR.POZEN: Début du Téléchargement de: D:\kerberos.htx\gamez1\Supercow\data\levelobjs\_a_bucket2.jpg
[18:00:53] - [35] VICTOR.POZEN: Fichier envoyé: D:\kerberos.htx\gamez1\Supercow\data\levelobjs\_a_bucket2.jpg (5,64 K/S -   5 776 bytes)
[18:00:54] - [35] VICTOR.POZEN: Début du Téléchargement de: D:\kerberos.htx\gamez1\Supercow\data\levelobjs\_a_bucket3.jpg
[18:00:54] - [35] VICTOR.POZEN: Fichier envoyé: D:\kerberos.htx\gamez1\Supercow\data\levelobjs\_a_bucket3.jpg (5,83 K/S -   5 971 bytes)
[18:00:55] - [35] VICTOR.POZEN: Début du Téléchargement de: D:\kerberos.htx\gamez1\Supercow\data\levelobjs\_a_bush03.jpg
[18:00:55] - [35] VICTOR.POZEN: Fichier envoyé: D:\kerberos.htx\gamez1\Supercow\data\levelobjs\_a_bush03.jpg (20,97 K/S -   21 474 bytes)
[18:00:55] - [35] VICTOR.POZEN: Début du Téléchargement de: D:\kerberos.htx\gamez1\Supercow\data\levelobjs\_a_bush04.jpg
[18:00:56] - [35] VICTOR.POZEN: Fichier envoyé: D:\kerberos.htx\gamez1\Supercow\data\levelobjs\_a_bush04.jpg (20,60 K/S -   21 097 bytes)
[18:00:56] - [35] VICTOR.POZEN: Début du Téléchargement de: D:\kerberos.htx\gamez1\Supercow\data\levelobjs\_a_bush05.jpg
[18:00:57] - [35] VICTOR.POZEN: Fichier envoyé: D:\kerberos.htx\gamez1\Supercow\data\levelobjs\_a_bush05.jpg (21,50 K/S -   22 021 bytes)
[18:00:57] - [35] VICTOR.POZEN: Début du Téléchargement de: D:\kerberos.htx\gamez1\Supercow\data\levelobjs\_a_bush06.jpg
[18:00:57] - [35] VICTOR.POZEN: Fichier envoyé: D:\kerberos.htx\gamez1\Supercow\data\levelobjs\_a_bush06.jpg (21,47 K/S -   21 989 bytes)
[18:00:58] - [35] VICTOR.POZEN: Début du Téléchargement de: D:\kerberos.htx\gamez1\Supercow\data\levelobjs\_a_bush07.jpg
[18:00:58] - [35] VICTOR.POZEN: Fichier envoyé: D:\kerberos.htx\gamez1\Supercow\data\levelobjs\_a_bush07.jpg (20,71 K/S -   21 211 bytes)
[18:00:59] - [35] VICTOR.POZEN: Début du Téléchargement de: D:\kerberos.htx\gamez1\Supercow\data\levelobjs\_a_bush08.jpg
[18:00:59] - [35] VICTOR.POZEN: Fichier envoyé: D:\kerberos.htx\gamez1\Supercow\data\levelobjs\_a_bush08.jpg (19,94 K/S -   20 418 bytes)
[18:01:00] - [35] VICTOR.POZEN: Début du Téléchargement de: D:\kerberos.htx\gamez1\Supercow\data\levelobjs\_a_bush09.jpg
[18:01:00] - [35] VICTOR.POZEN: Fichier envoyé: D:\kerberos.htx\gamez1\Supercow\data\levelobjs\_a_bush09.jpg (20,10 K/S -   20 585 bytes)
[18:01:00] - [35] VICTOR.POZEN: Début du Téléchargement de: D:\kerberos.htx\gamez1\Supercow\data\levelobjs\_a_checkpoint01.jpg
[18:01:01] - [35] VICTOR.POZEN: Fichier envoyé: D:\kerberos.htx\gamez1\Supercow\data\levelobjs\_a_checkpoint01.jpg (38,17 K/S -   39 085 bytes)
[18:01:02] - [35] VICTOR.POZEN: Début du Téléchargement de: D:\kerberos.htx\gamez1\Supercow\data\levelobjs\_a_checkpoint02.jpg
[18:01:02] - [35] VICTOR.POZEN: Fichier envoyé: D:\kerberos.htx\gamez1\Supercow\data\levelobjs\_a_checkpoint02.jpg (38,88 K/S -   39 811 bytes)
[18:01:03] - [35] VICTOR.POZEN: Début du Téléchargement de: D:\kerberos.htx\gamez1\Supercow\data\levelobjs\_a_checkpoint03.jpg
[18:01:04] - [35] VICTOR.POZEN: Fichier envoyé: D:\kerberos.htx\gamez1\Supercow\data\levelobjs\_a_checkpoint03.jpg (39,39 K/S -   40 337 bytes)
[18:01:04] - [35] VICTOR.POZEN: Début du Téléchargement de: D:\kerberos.htx\gamez1\Supercow\data\levelobjs\_a_checkpointEVIL01.jpg
[18:01:05] - [35] VICTOR.POZEN: Fichier envoyé: D:\kerberos.htx\gamez1\Supercow\data\levelobjs\_a_checkpointEVIL01.jpg (38,11 K/S -   39 025 bytes)
[18:01:05] - [35] VICTOR.POZEN: Début du Téléchargement de: D:\kerberos.htx\gamez1\Supercow\data\levelobjs\_a_checkpointEVIL02.jpg
[18:01:06] - [35] VICTOR.POZEN: Fichier envoyé: D:\kerberos.htx\gamez1\Supercow\data\levelobjs\_a_checkpointEVIL02.jpg (38,48 K/S -   39 405 bytes)
[18:01:07] - [35] VICTOR.POZEN: Début du Téléchargement de: D:\kerberos.htx\gamez1\Supercow\data\levelobjs\_a_checkpointEVIL03.jpg
[18:01:07] - [35] VICTOR.POZEN: Fichier envoyé: D:\kerberos.htx\gamez1\Supercow\data\levelobjs\_a_checkpointEVIL03.jpg (38,79 K/S -   39 723 bytes)
[18:01:08] - [35] VICTOR.POZEN: Début du Téléchargement de: D:\kerberos.htx\gamez1\Supercow\data\levelobjs\_a_clothes1.jpg
[18:01:08] - [35] VICTOR.POZEN: Fichier envoyé: D:\kerberos.htx\gamez1\Supercow\data\levelobjs\_a_clothes1.jpg (11,42 K/S -   11 691 bytes)
[18:01:09] - [35] VICTOR.POZEN: Début du Téléchargement de: D:\kerberos.htx\gamez1\Supercow\data\levelobjs\_a_clothes2.jpg
[18:01:09] - [35] VICTOR.POZEN: Fichier envoyé: D:\kerberos.htx\gamez1\Supercow\data\levelobjs\_a_clothes2.jpg (3,26 K/S -   3 339 bytes)
[18:01:09] - [35] VICTOR.POZEN: Début du Téléchargement de: D:\kerberos.htx\gamez1\Supercow\data\levelobjs\_a_clothes3.jpg
[18:01:09] - [35] VICTOR.POZEN: Fichier envoyé: D:\kerberos.htx\gamez1\Supercow\data\levelobjs\_a_clothes3.jpg (6,02 K/S -   6 163 bytes)
[18:01:09] - [35] VICTOR.POZEN: Début du Téléchargement de: D:\kerberos.htx\gamez1\Supercow\data\levelobjs\_a_clothes4.jpg
[18:01:10] - [35] VICTOR.POZEN: Fichier envoyé: D:\kerberos.htx\gamez1\Supercow\data\levelobjs\_a_clothes4.jpg (3,22 K/S -   3 301 bytes)
[18:01:10] - [35] VICTOR.POZEN: Début du Téléchargement de: D:\kerberos.htx\gamez1\Supercow\data\levelobjs\_a_clothes5.jpg
[18:01:10] - [35] VICTOR.POZEN: Fichier envoyé: D:\kerberos.htx\gamez1\Supercow\data\levelobjs\_a_clothes5.jpg (20,79 K/S -   21 287 bytes)
[18:01:11] - [35] VICTOR.POZEN: Début du Téléchargement de: D:\kerberos.htx\gamez1\Supercow\data\levelobjs\_a_clothes6.jpg
[18:01:11] - [35] VICTOR.POZEN: Fichier envoyé: D:\kerberos.htx\gamez1\Supercow\data\levelobjs\_a_clothes6.jpg (10,71 K/S -   10 968 bytes)
[18:01:11] - [35] VICTOR.POZEN: Début du Téléchargement de: D:\kerberos.htx\gamez1\Supercow\data\levelobjs\_a_clothes7.jpg
[18:01:11] - [35] VICTOR.POZEN: Fichier envoyé: D:\kerberos.htx\gamez1\Supercow\data\levelobjs\_a_clothes7.jpg (6,49 K/S -   6 646 bytes)
[18:01:12] - [35] VICTOR.POZEN: Début du Téléchargement de: D:\kerberos.htx\gamez1\Supercow\data\levelobjs\_a_cloud1.jpg
[18:01:12] - [35] VICTOR.POZEN: Fichier envoyé: D:\kerberos.htx\gamez1\Supercow\data\levelobjs\_a_cloud1.jpg (5,86 K/S -   5 998 bytes)
[18:01:12] - [35] VICTOR.POZEN: Début du Téléchargement de: D:\kerberos.htx\gamez1\Supercow\data\levelobjs\_a_colb_crash.jpg
[18:01:13] - [35] VICTOR.POZEN: Fichier envoyé: D:\kerberos.htx\gamez1\Supercow\data\levelobjs\_a_colb_crash.jpg (42,12 K/S -   43 135 bytes)
[18:01:14] - [35] VICTOR.POZEN: Début du Téléchargement de: D:\kerberos.htx\gamez1\Supercow\data\levelobjs\_a_colb_dog.jpg
[18:01:15] - [35] VICTOR.POZEN: Fichier envoyé: D:\kerberos.htx\gamez1\Supercow\data\levelobjs\_a_colb_dog.jpg (44,62 K/S -   45 691 bytes)
[18:01:15] - [35] VICTOR.POZEN: Début du Téléchargement de: D:\kerberos.htx\gamez1\Supercow\data\levelobjs\_a_colb_full.jpg
[18:01:16] - [35] VICTOR.POZEN: Fichier envoyé: D:\kerberos.htx\gamez1\Supercow\data\levelobjs\_a_colb_full.jpg (42,82 K/S -   43 847 bytes)
[18:01:16] - [35] VICTOR.POZEN: Début du Téléchargement de: D:\kerberos.htx\gamez1\Supercow\data\levelobjs\_a_colb_krot.jpg
[18:01:17] - [35] VICTOR.POZEN: Fichier envoyé: D:\kerberos.htx\gamez1\Supercow\data\levelobjs\_a_colb_krot.jpg (44,58 K/S -   45 649 bytes)
[18:01:18] - [35] VICTOR.POZEN: Début du Téléchargement de: D:\kerberos.htx\gamez1\Supercow\data\levelobjs\_a_colb_osa.jpg
[18:01:19] - [35] VICTOR.POZEN: Fichier envoyé: D:\kerberos.htx\gamez1\Supercow\data\levelobjs\_a_colb_osa.jpg (44,33 K/S -   45 389 bytes)
[18:01:19] - [35] VICTOR.POZEN: Début du Téléchargement de: D:\kerberos.htx\gamez1\Supercow\data\levelobjs\_a_colb_safe.jpg
[18:01:20] - [35] VICTOR.POZEN: Fichier envoyé: D:\kerberos.htx\gamez1\Supercow\data\levelobjs\_a_colb_safe.jpg (42,74 K/S -   43 767 bytes)
[18:01:20] - [35] VICTOR.POZEN: Début du Téléchargement de: D:\kerberos.htx\gamez1\Supercow\data\levelobjs\_a_danger1.jpg
[18:01:20] - [35] VICTOR.POZEN: Fichier envoyé: D:\kerberos.htx\gamez1\Supercow\data\levelobjs\_a_danger1.jpg (6,04 K/S -   6 183 bytes)
[18:01:21] - [35] VICTOR.POZEN: Début du Téléchargement de: D:\kerberos.htx\gamez1\Supercow\data\levelobjs\_a_dynplatform1.jpg
[18:01:21] - [35] VICTOR.POZEN: Fichier envoyé: D:\kerberos.htx\gamez1\Supercow\data\levelobjs\_a_dynplatform1.jpg (21,98 K/S -   22 512 bytes)
[18:01:22] - [35] VICTOR.POZEN: Début du Téléchargement de: D:\kerberos.htx\gamez1\Supercow\data\levelobjs\_a_dynplatform2.jpg
[18:01:22] - [35] VICTOR.POZEN: Fichier envoyé: D:\kerberos.htx\gamez1\Supercow\data\levelobjs\_a_dynplatform2.jpg (23,51 K/S -   24 075 bytes)
[18:01:23] - [35] VICTOR.POZEN: Début du Téléchargement de: D:\kerberos.htx\gamez1\Supercow\data\levelobjs\_a_dynplatform3.jpg
[18:01:23] - [35] VICTOR.POZEN: Fichier envoyé: D:\kerberos.htx\gamez1\Supercow\data\levelobjs\_a_dynplatform3.jpg (22,52 K/S -   23 062 bytes)
[18:01:23] - [35] VICTOR.POZEN: Début du Téléchargement de: D:\kerberos.htx\gamez1\Supercow\data\levelobjs\_a_dynplatform4.jpg
[18:01:24] - [35] VICTOR.POZEN: Fichier envoyé: D:\kerberos.htx\gamez1\Supercow\data\levelobjs\_a_dynplatform4.jpg (23,86 K/S -   24 432 bytes)
[18:01:24] - [35] VICTOR.POZEN: Début du Téléchargement de: D:\kerberos.htx\gamez1\Supercow\data\levelobjs\_a_egipt05.jpg
[18:01:26] - [35] VICTOR.POZEN: Fichier envoyé: D:\kerberos.htx\gamez1\Supercow\data\levelobjs\_a_egipt05.jpg (65,61 K/S -   67 187 bytes)
[18:01:26] - [35] VICTOR.POZEN: Début du Téléchargement de: D:\kerberos.htx\gamez1\Supercow\data\levelobjs\_a_egipt06.jpg
[18:01:28] - [35] VICTOR.POZEN: Fichier envoyé: D:\kerberos.htx\gamez1\Supercow\data\levelobjs\_a_egipt06.jpg (32,81 K/S -   67 187 bytes)
[18:01:28] - [35] VICTOR.POZEN: Début du Téléchargement de: D:\kerberos.htx\gamez1\Supercow\data\levelobjs\_a_elevator1.jpg
[18:01:30] - [35] VICTOR.POZEN: Fichier envoyé: D:\kerberos.htx\gamez1\Supercow\data\levelobjs\_a_elevator1.jpg (39,68 K/S -   81 261 bytes)
[18:01:30] - [35] VICTOR.POZEN: Début du Téléchargement de: D:\kerberos.htx\gamez1\Supercow\data\levelobjs\_a_elevator2.jpg
[18:01:30] - [35] VICTOR.POZEN: Fichier envoyé: D:\kerberos.htx\gamez1\Supercow\data\levelobjs\_a_elevator2.jpg (21,33 K/S -   21 846 bytes)
[18:01:31] - [35] VICTOR.POZEN: Début du Téléchargement de: D:\kerberos.htx\gamez1\Supercow\data\levelobjs\_a_exit.jpg
[18:01:32] - [35] VICTOR.POZEN: Fichier envoyé: D:\kerberos.htx\gamez1\Supercow\data\levelobjs\_a_exit.jpg (41,15 K/S -   42 133 bytes)
[18:01:32] - [35] VICTOR.POZEN: Début du Téléchargement de: D:\kerberos.htx\gamez1\Supercow\data\levelobjs\_a_fence1.jpg
[18:01:34] - [35] VICTOR.POZEN: Fichier envoyé: D:\kerberos.htx\gamez1\Supercow\data\levelobjs\_a_fence1.jpg (41,54 K/S -   85 081 bytes)
[18:01:34] - [35] VICTOR.POZEN: Début du Téléchargement de: D:\kerberos.htx\gamez1\Supercow\data\levelobjs\_a_fence2.jpg
[18:01:36] - [35] VICTOR.POZEN: Fichier envoyé: D:\kerberos.htx\gamez1\Supercow\data\levelobjs\_a_fence2.jpg (41,45 K/S -   84 887 bytes)
[18:01:36] - [35] VICTOR.POZEN: Début du Téléchargement de: D:\kerberos.htx\gamez1\Supercow\data\levelobjs\_a_fire.jpg
[18:01:37] - [35] VICTOR.POZEN: Fichier envoyé: D:\kerberos.htx\gamez1\Supercow\data\levelobjs\_a_fire.jpg (21,39 K/S -   21 908 bytes)
[18:01:37] - [35] VICTOR.POZEN: Début du Téléchargement de: D:\kerberos.htx\gamez1\Supercow\data\levelobjs\_a_firmness.jpg
[18:01:37] - [35] VICTOR.POZEN: Fichier envoyé: D:\kerberos.htx\gamez1\Supercow\data\levelobjs\_a_firmness.jpg (6,06 K/S -   6 207 bytes)
[18:01:37] - [35] VICTOR.POZEN: Début du Téléchargement de: D:\kerberos.htx\gamez1\Supercow\data\levelobjs\_a_flowers1.jpg
[18:01:38] - [35] VICTOR.POZEN: Fichier envoyé: D:\kerberos.htx\gamez1\Supercow\data\levelobjs\_a_flowers1.jpg (23,64 K/S -   24 204 bytes)
[18:01:38] - [35] VICTOR.POZEN: Début du Téléchargement de: D:\kerberos.htx\gamez1\Supercow\data\levelobjs\_a_grate.jpg
[18:01:40] - [35] VICTOR.POZEN: Fichier envoyé: D:\kerberos.htx\gamez1\Supercow\data\levelobjs\_a_grate.jpg (91,07 K/S -   93 253 bytes)
[18:01:41] - [35] VICTOR.POZEN: Début du Téléchargement de: D:\kerberos.htx\gamez1\Supercow\data\levelobjs\_a_grate2.jpg
[18:01:43] - [35] VICTOR.POZEN: Fichier envoyé: D:\kerberos.htx\gamez1\Supercow\data\levelobjs\_a_grate2.jpg (49,74 K/S -   101 875 bytes)
[18:01:43] - [35] VICTOR.POZEN: Début du Téléchargement de: D:\kerberos.htx\gamez1\Supercow\data\levelobjs\_a_ground1.jpg
[18:01:50] - [35] VICTOR.POZEN: Fichier envoyé: D:\kerberos.htx\gamez1\Supercow\data\levelobjs\_a_ground1.jpg (46,49 K/S -   333 232 bytes)
[18:01:50] - [35] VICTOR.POZEN: Début du Téléchargement de: D:\kerberos.htx\gamez1\Supercow\data\levelobjs\_a_ground2.jpg
[18:01:57] - [35] VICTOR.POZEN: Fichier envoyé: D:\kerberos.htx\gamez1\Supercow\data\levelobjs\_a_ground2.jpg (47,91 K/S -   343 435 bytes)
[18:01:57] - [35] VICTOR.POZEN: Début du Téléchargement de: D:\kerberos.htx\gamez1\Supercow\data\levelobjs\_a_ground3.jpg
[18:02:04] - [35] VICTOR.POZEN: Fichier envoyé: D:\kerberos.htx\gamez1\Supercow\data\levelobjs\_a_ground3.jpg (52,53 K/S -   322 774 bytes)
[18:02:04] - [35] VICTOR.POZEN: Début du Téléchargement de: D:\kerberos.htx\gamez1\Supercow\data\levelobjs\_a_ground4.jpg
[18:02:11] - [35] VICTOR.POZEN: Fichier envoyé: D:\kerberos.htx\gamez1\Supercow\data\levelobjs\_a_ground4.jpg (49,28 K/S -   353 214 bytes)
[18:02:11] - [35] VICTOR.POZEN: Début du Téléchargement de: D:\kerberos.htx\gamez1\Supercow\data\levelobjs\_a_ground5.jpg
[18:02:18] - [35] VICTOR.POZEN: Fichier envoyé: D:\kerberos.htx\gamez1\Supercow\data\levelobjs\_a_ground5.jpg (48,85 K/S -   350 157 bytes)
[18:02:19] - [35] VICTOR.POZEN: Début du Téléchargement de: D:\kerberos.htx\gamez1\Supercow\data\levelobjs\_a_guillotine.jpg
[18:02:19] - [35] VICTOR.POZEN: Fichier envoyé: D:\kerberos.htx\gamez1\Supercow\data\levelobjs\_a_guillotine.jpg (20,52 K/S -   21 017 bytes)
[18:02:20] - [35] VICTOR.POZEN: Début du Téléchargement de: D:\kerberos.htx\gamez1\Supercow\data\levelobjs\_a_guillotine2.jpg
[18:02:20] - [35] VICTOR.POZEN: Fichier envoyé: D:\kerberos.htx\gamez1\Supercow\data\levelobjs\_a_guillotine2.jpg (21,76 K/S -   22 287 bytes)
[18:02:20] - [35] VICTOR.POZEN: Début du Téléchargement de: D:\kerberos.htx\gamez1\Supercow\data\levelobjs\_a_guillo_down.jpg
[18:02:21] - [35] VICTOR.POZEN: Fichier envoyé: D:\kerberos.htx\gamez1\Supercow\data\levelobjs\_a_guillo_down.jpg (5,71 K/S -   5 844 bytes)
[18:02:21] - [35] VICTOR.POZEN: Début du Téléchargement de: D:\kerberos.htx\gamez1\Supercow\data\levelobjs\_a_guillo_down2.jpg
[18:02:21] - [35] VICTOR.POZEN: Fichier envoyé: D:\kerberos.htx\gamez1\Supercow\data\levelobjs\_a_guillo_down2.jpg (5,62 K/S -   5 758 bytes)
[18:02:21] - [35] VICTOR.POZEN: Début du Téléchargement de: D:\kerberos.htx\gamez1\Supercow\data\levelobjs\_a_guillo_up.jpg
[18:02:22] - [35] VICTOR.POZEN: Fichier envoyé: D:\kerberos.htx\gamez1\Supercow\data\levelobjs\_a_guillo_up.jpg (6,22 K/S -   6 370 bytes)
[18:02:22] - [35] VICTOR.POZEN: Début du Téléchargement de: D:\kerberos.htx\gamez1\Supercow\data\levelobjs\_a_guillo_up2.jpg
[18:02:22] - [35] VICTOR.POZEN: Fichier envoyé: D:\kerberos.htx\gamez1\Supercow\data\levelobjs\_a_guillo_up2.jpg (6,53 K/S -   6 684 bytes)
[18:02:23] - [35] VICTOR.POZEN: Début du Téléchargement de: D:\kerberos.htx\gamez1\Supercow\data\levelobjs\_a_hand.jpg
[18:02:23] - [35] VICTOR.POZEN: Fichier envoyé: D:\kerberos.htx\gamez1\Supercow\data\levelobjs\_a_hand.jpg (5,82 K/S -   5 956 bytes)
[18:02:23] - [35] VICTOR.POZEN: Début du Téléchargement de: D:\kerberos.htx\gamez1\Supercow\data\levelobjs\_a_hand_dunno.jpg
[18:02:23] - [35] VICTOR.POZEN: Fichier envoyé: D:\kerberos.htx\gamez1\Supercow\data\levelobjs\_a_hand_dunno.jpg (6,23 K/S -   6 382 bytes)
[18:02:24] - [35] VICTOR.POZEN: Début du Téléchargement de: D:\kerberos.htx\gamez1\Supercow\data\levelobjs\_a_hand_no.jpg
[18:02:24] - [35] VICTOR.POZEN: Fichier envoyé: D:\kerberos.htx\gamez1\Supercow\data\levelobjs\_a_hand_no.jpg (5,91 K/S -   6 047 bytes)
[18:02:24] - [35] VICTOR.POZEN: Début du Téléchargement de: D:\kerberos.htx\gamez1\Supercow\data\levelobjs\_a_horseshoe.jpg
[18:02:24] - [35] VICTOR.POZEN: Fichier envoyé: D:\kerberos.htx\gamez1\Supercow\data\levelobjs\_a_horseshoe.jpg (6,33 K/S -   6 486 bytes)
[18:02:25] - [35] VICTOR.POZEN: Début du Téléchargement de: D:\kerberos.htx\gamez1\Supercow\data\levelobjs\_a_house1.jpg
[18:02:27] - [35] VICTOR.POZEN: Fichier envoyé: D:\kerberos.htx\gamez1\Supercow\data\levelobjs\_a_house1.jpg (42,82 K/S -   87 697 bytes)
[18:02:27] - [35] VICTOR.POZEN: Début du Téléchargement de: D:\kerberos.htx\gamez1\Supercow\data\levelobjs\_a_house2.jpg
[18:02:29] - [35] VICTOR.POZEN: Fichier envoyé: D:\kerberos.htx\gamez1\Supercow\data\levelobjs\_a_house2.jpg (41,86 K/S -   85 739 bytes)
[18:02:29] - [35] VICTOR.POZEN: Début du Téléchargement de: D:\kerberos.htx\gamez1\Supercow\data\levelobjs\_a_house3.jpg
[18:02:31] - [35] VICTOR.POZEN: Fichier envoyé: D:\kerberos.htx\gamez1\Supercow\data\levelobjs\_a_house3.jpg (42,62 K/S -   87 283 bytes)
[18:02:31] - [35] VICTOR.POZEN: Début du Téléchargement de: D:\kerberos.htx\gamez1\Supercow\data\levelobjs\_a_house4.jpg
[18:02:33] - [35] VICTOR.POZEN: Fichier envoyé: D:\kerberos.htx\gamez1\Supercow\data\levelobjs\_a_house4.jpg (44,35 K/S -   90 836 bytes)
[18:02:33] - [35] VICTOR.POZEN: Début du Téléchargement de: D:\kerberos.htx\gamez1\Supercow\data\levelobjs\_a_jump.jpg
[18:02:33] - [35] VICTOR.POZEN: Fichier envoyé: D:\kerberos.htx\gamez1\Supercow\data\levelobjs\_a_jump.jpg (5,83 K/S -   5 969 bytes)
[18:02:34] - [35] VICTOR.POZEN: Début du Téléchargement de: D:\kerberos.htx\gamez1\Supercow\data\levelobjs\_a_kennel.jpg
[18:02:35] - [35] VICTOR.POZEN: Fichier envoyé: D:\kerberos.htx\gamez1\Supercow\data\levelobjs\_a_kennel.jpg (38,72 K/S -   79 289 bytes)
[18:02:36] - [35] VICTOR.POZEN: Début du Téléchargement de: D:\kerberos.htx\gamez1\Supercow\data\levelobjs\_a_korito.jpg
[18:02:36] - [35] VICTOR.POZEN: Fichier envoyé: D:\kerberos.htx\gamez1\Supercow\data\levelobjs\_a_korito.jpg (10,83 K/S -   11 094 bytes)
[18:02:36] - [35] VICTOR.POZEN: Début du Téléchargement de: D:\kerberos.htx\gamez1\Supercow\data\levelobjs\_a_liana.jpg
[18:02:36] - [35] VICTOR.POZEN: Fichier envoyé: D:\kerberos.htx\gamez1\Supercow\data\levelobjs\_a_liana.jpg (1,90 K/S -   1 948 bytes)
[18:02:37] - [35] VICTOR.POZEN: Début du Téléchargement de: D:\kerberos.htx\gamez1\Supercow\data\levelobjs\_a_liana_down.jpg
[18:02:37] - [35] VICTOR.POZEN: Fichier envoyé: D:\kerberos.htx\gamez1\Supercow\data\levelobjs\_a_liana_down.jpg (1,99 K/S -   2 035 bytes)
[18:02:37] - [35] VICTOR.POZEN: Début du Téléchargement de: D:\kerberos.htx\gamez1\Supercow\data\levelobjs\_a_liana_up.jpg
[18:02:37] - [35] VICTOR.POZEN: Fichier envoyé: D:\kerberos.htx\gamez1\Supercow\data\levelobjs\_a_liana_up.jpg (6,21 K/S -   6 361 bytes)
[18:02:38] - [35] VICTOR.POZEN: Début du Téléchargement de: D:\kerberos.htx\gamez1\Supercow\data\levelobjs\_a_light1.jpg
[18:02:38] - [35] VICTOR.POZEN: Fichier envoyé: D:\kerberos.htx\gamez1\Supercow\data\levelobjs\_a_light1.jpg (33,11 K/S -   33 907 bytes)
[18:02:39] - [35] VICTOR.POZEN: Début du Téléchargement de: D:\kerberos.htx\gamez1\Supercow\data\levelobjs\_a_light2.jpg
[18:02:40] - [35] VICTOR.POZEN: Fichier envoyé: D:\kerberos.htx\gamez1\Supercow\data\levelobjs\_a_light2.jpg (33,11 K/S -   33 907 bytes)
[18:02:40] - [35] VICTOR.POZEN: Début du Téléchargement de: D:\kerberos.htx\gamez1\Supercow\data\levelobjs\_a_meshok.jpg
[18:02:40] - [35] VICTOR.POZEN: Fichier envoyé: D:\kerberos.htx\gamez1\Supercow\data\levelobjs\_a_meshok.jpg (22,05 K/S -   22 582 bytes)
[18:02:41] - [35] VICTOR.POZEN: Début du Téléchargement de: D:\kerberos.htx\gamez1\Supercow\data\levelobjs\_a_metal_box.jpg
[18:02:41] - [35] VICTOR.POZEN: Fichier envoyé: D:\kerberos.htx\gamez1\Supercow\data\levelobjs\_a_metal_box.jpg (19,48 K/S -   19 947 bytes)
[18:02:42] - [35] VICTOR.POZEN: Début du Téléchargement de: D:\kerberos.htx\gamez1\Supercow\data\levelobjs\_a_mummy.jpg
[18:02:42] - [35] VICTOR.POZEN: Fichier envoyé: D:\kerberos.htx\gamez1\Supercow\data\levelobjs\_a_mummy.jpg (21,42 K/S -   21 937 bytes)
[18:02:43] - [35] VICTOR.POZEN: Début du Téléchargement de: D:\kerberos.htx\gamez1\Supercow\data\levelobjs\_a_nest.jpg
[18:02:43] - [35] VICTOR.POZEN: Fichier envoyé: D:\kerberos.htx\gamez1\Supercow\data\levelobjs\_a_nest.jpg (3,60 K/S -   3 688 bytes)
[18:02:43] - [35] VICTOR.POZEN: Début du Téléchargement de: D:\kerberos.htx\gamez1\Supercow\data\levelobjs\_a_os.jpg
[18:02:43] - [35] VICTOR.POZEN: Fichier envoyé: D:\kerberos.htx\gamez1\Supercow\data\levelobjs\_a_os.jpg (6,07 K/S -   6 218 bytes)
[18:02:44] - [35] VICTOR.POZEN: Début du Téléchargement de: D:\kerberos.htx\gamez1\Supercow\data\levelobjs\_a_pear.jpg
[18:02:44] - [35] VICTOR.POZEN: Fichier envoyé: D:\kerberos.htx\gamez1\Supercow\data\levelobjs\_a_pear.jpg (5,29 K/S -   5 414 bytes)
[18:02:44] - [35] VICTOR.POZEN: Début du Téléchargement de: D:\kerberos.htx\gamez1\Supercow\data\levelobjs\_a_picket.jpg
[18:02:45] - [35] VICTOR.POZEN: Fichier envoyé: D:\kerberos.htx\gamez1\Supercow\data\levelobjs\_a_picket.jpg (22,37 K/S -   22 909 bytes)
[18:02:45] - [35] VICTOR.POZEN: Début du Téléchargement de: D:\kerberos.htx\gamez1\Supercow\data\levelobjs\_a_picket2.jpg
[18:02:45] - [35] VICTOR.POZEN: Fichier envoyé: D:\kerberos.htx\gamez1\Supercow\data\levelobjs\_a_picket2.jpg (22,77 K/S -   23 312 bytes)
[18:02:46] - [35] VICTOR.POZEN: Début du Téléchargement de: D:\kerberos.htx\gamez1\Supercow\data\levelobjs\_a_pile.jpg
[18:02:47] - [35] VICTOR.POZEN: Fichier envoyé: D:\kerberos.htx\gamez1\Supercow\data\levelobjs\_a_pile.jpg (42,64 K/S -   87 322 bytes)
[18:02:48] - [35] VICTOR.POZEN: Début du Téléchargement de: D:\kerberos.htx\gamez1\Supercow\data\levelobjs\_a_platform1.jpg
[18:02:48] - [35] VICTOR.POZEN: Fichier envoyé: D:\kerberos.htx\gamez1\Supercow\data\levelobjs\_a_platform1.jpg (23,02 K/S -   23 572 bytes)
[18:02:49] - [35] VICTOR.POZEN: Début du Téléchargement de: D:\kerberos.htx\gamez1\Supercow\data\levelobjs\_a_platform10.jpg
[18:02:49] - [35] VICTOR.POZEN: Fichier envoyé: D:\kerberos.htx\gamez1\Supercow\data\levelobjs\_a_platform10.jpg (21,04 K/S -   21 547 bytes)
[18:02:49] - [35] VICTOR.POZEN: Début du Téléchargement de: D:\kerberos.htx\gamez1\Supercow\data\levelobjs\_a_platform2.jpg
[18:02:50] - [35] VICTOR.POZEN: Fichier envoyé: D:\kerberos.htx\gamez1\Supercow\data\levelobjs\_a_platform2.jpg (22,75 K/S -   23 293 bytes)
[18:02:50] - [35] VICTOR.POZEN: Début du Téléchargement de: D:\kerberos.htx\gamez1\Supercow\data\levelobjs\_a_platform3.jpg
[18:02:51] - [35] VICTOR.POZEN: Fichier envoyé: D:\kerberos.htx\gamez1\Supercow\data\levelobjs\_a_platform3.jpg (21,92 K/S -   22 446 bytes)
[18:02:51] - [35] VICTOR.POZEN: Début du Téléchargement de: D:\kerberos.htx\gamez1\Supercow\data\levelobjs\_a_platform4.jpg
[18:02:52] - [35] VICTOR.POZEN: Fichier envoyé: D:\kerberos.htx\gamez1\Supercow\data\levelobjs\_a_platform4.jpg (21,92 K/S -   22 446 bytes)
[18:02:52] - [35] VICTOR.POZEN: Début du Téléchargement de: D:\kerberos.htx\gamez1\Supercow\data\levelobjs\_a_platform5.jpg
[18:02:52] - [35] VICTOR.POZEN: Fichier envoyé: D:\kerberos.htx\gamez1\Supercow\data\levelobjs\_a_platform5.jpg (22,12 K/S -   22 647 bytes)
[18:02:53] - [35] VICTOR.POZEN: Début du Téléchargement de: D:\kerberos.htx\gamez1\Supercow\data\levelobjs\_a_platform6.jpg
[18:02:53] - [35] VICTOR.POZEN: Fichier envoyé: D:\kerberos.htx\gamez1\Supercow\data\levelobjs\_a_platform6.jpg (22,08 K/S -   22 607 bytes)
[18:02:54] - [35] VICTOR.POZEN: Début du Téléchargement de: D:\kerberos.htx\gamez1\Supercow\data\levelobjs\_a_platform7.jpg
[18:02:54] - [35] VICTOR.POZEN: Fichier envoyé: D:\kerberos.htx\gamez1\Supercow\data\levelobjs\_a_platform7.jpg (22,58 K/S -   23 127 bytes)
[18:02:54] - [35] VICTOR.POZEN: Début du Téléchargement de: D:\kerberos.htx\gamez1\Supercow\data\levelobjs\_a_platform8.jpg
[18:02:55] - [35] VICTOR.POZEN: Fichier envoyé: D:\kerberos.htx\gamez1\Supercow\data\levelobjs\_a_platform8.jpg (22,58 K/S -   23 127 bytes)
[18:02:55] - [35] VICTOR.POZEN: Début du Téléchargement de: D:\kerberos.htx\gamez1\Supercow\data\levelobjs\_a_platform9.jpg
[18:02:56] - [35] VICTOR.POZEN: Fichier envoyé: D:\kerberos.htx\gamez1\Supercow\data\levelobjs\_a_platform9.jpg (21,65 K/S -   22 171 bytes)
[18:02:56] - [35] VICTOR.POZEN: Début du Téléchargement de: D:\kerberos.htx\gamez1\Supercow\data\levelobjs\_a_plum.jpg
[18:02:56] - [35] VICTOR.POZEN: Fichier envoyé: D:\kerberos.htx\gamez1\Supercow\data\levelobjs\_a_plum.jpg (5,30 K/S -   5 429 bytes)
[18:02:57] - [35] VICTOR.POZEN: Début du Téléchargement de: D:\kerberos.htx\gamez1\Supercow\data\levelobjs\_a_refrigerator.jpg
[18:02:57] - [35] VICTOR.POZEN: Fichier envoyé: D:\kerberos.htx\gamez1\Supercow\data\levelobjs\_a_refrigerator.jpg (21,68 K/S -   22 202 bytes)
[18:02:57] - [35] VICTOR.POZEN: Début du Téléchargement de: D:\kerberos.htx\gamez1\Supercow\data\levelobjs\_a_romashka1.jpg
[18:02:58] - [35] VICTOR.POZEN: Fichier envoyé: D:\kerberos.htx\gamez1\Supercow\data\levelobjs\_a_romashka1.jpg (24,04 K/S -   24 622 bytes)
[18:02:58] - [35] VICTOR.POZEN: Début du Téléchargement de: D:\kerberos.htx\gamez1\Supercow\data\levelobjs\_a_rope1.jpg
[18:02:59] - [35] VICTOR.POZEN: Fichier envoyé: D:\kerberos.htx\gamez1\Supercow\data\levelobjs\_a_rope1.jpg (34,82 K/S -   35 655 bytes)
[18:03:00] - [35] VICTOR.POZEN: Début du Téléchargement de: D:\kerberos.htx\gamez1\Supercow\data\levelobjs\_a_rope2.jpg
[18:03:00] - [35] VICTOR.POZEN: Fichier envoyé: D:\kerberos.htx\gamez1\Supercow\data\levelobjs\_a_rope2.jpg (3,84 K/S -   3 935 bytes)
[18:03:00] - [35] VICTOR.POZEN: Début du Téléchargement de: D:\kerberos.htx\gamez1\Supercow\data\levelobjs\_a_signbull.jpg
[18:03:00] - [35] VICTOR.POZEN: Fichier envoyé: D:\kerberos.htx\gamez1\Supercow\data\levelobjs\_a_signbull.jpg (10,48 K/S -   10 731 bytes)
[18:03:01] - [35] VICTOR.POZEN: Début du Téléchargement de: D:\kerberos.htx\gamez1\Supercow\data\levelobjs\_a_signdog.jpg
[18:03:01] - [35] VICTOR.POZEN: Fichier envoyé: D:\kerberos.htx\gamez1\Supercow\data\levelobjs\_a_signdog.jpg (21,47 K/S -   21 982 bytes)
[18:03:01] - [35] VICTOR.POZEN: Début du Téléchargement de: D:\kerberos.htx\gamez1\Supercow\data\levelobjs\_a_signpresent.jpg
[18:03:02] - [35] VICTOR.POZEN: Fichier envoyé: D:\kerberos.htx\gamez1\Supercow\data\levelobjs\_a_signpresent.jpg (10,87 K/S -   11 133 bytes)
[18:03:02] - [35] VICTOR.POZEN: Début du Téléchargement de: D:\kerberos.htx\gamez1\Supercow\data\levelobjs\_a_signspider.jpg
[18:03:02] - [35] VICTOR.POZEN: Fichier envoyé: D:\kerberos.htx\gamez1\Supercow\data\levelobjs\_a_signspider.jpg (10,93 K/S -   11 195 bytes)
[18:03:03] - [35] VICTOR.POZEN: Début du Téléchargement de: D:\kerberos.htx\gamez1\Supercow\data\levelobjs\_a_start.jpg
[18:03:03] - [35] VICTOR.POZEN: Fichier envoyé: D:\kerberos.htx\gamez1\Supercow\data\levelobjs\_a_start.jpg (41,08 K/S -   42 069 bytes)
[18:03:04] - [35] VICTOR.POZEN: Début du Téléchargement de: D:\kerberos.htx\gamez1\Supercow\data\levelobjs\_a_stok1.jpg
[18:03:04] - [35] VICTOR.POZEN: Fichier envoyé: D:\kerberos.htx\gamez1\Supercow\data\levelobjs\_a_stok1.jpg (21,01 K/S -   21 519 bytes)
[18:03:05] - [35] VICTOR.POZEN: Début du Téléchargement de: D:\kerberos.htx\gamez1\Supercow\data\levelobjs\_a_stolb.jpg
[18:03:05] - [35] VICTOR.POZEN: Fichier envoyé: D:\kerberos.htx\gamez1\Supercow\data\levelobjs\_a_stolb.jpg (20,49 K/S -   20 978 bytes)
[18:03:06] - [35] VICTOR.POZEN: Début du Téléchargement de: D:\kerberos.htx\gamez1\Supercow\data\levelobjs\_a_stolb1.jpg
[18:03:06] - [35] VICTOR.POZEN: Fichier envoyé: D:\kerberos.htx\gamez1\Supercow\data\levelobjs\_a_stolb1.jpg (21,81 K/S -   22 337 bytes)
[18:03:06] - [35] VICTOR.POZEN: Début du Téléchargement de: D:\kerberos.htx\gamez1\Supercow\data\levelobjs\_a_stolb2.jpg
[18:03:07] - [35] VICTOR.POZEN: Fichier envoyé: D:\kerberos.htx\gamez1\Supercow\data\levelobjs\_a_stolb2.jpg (23,85 K/S -   24 424 bytes)
[18:03:07] - [35] VICTOR.POZEN: Début du Téléchargement de: D:\kerberos.htx\gamez1\Supercow\data\levelobjs\_a_stolb3.jpg
[18:03:08] - [35] VICTOR.POZEN: Fichier envoyé: D:\kerberos.htx\gamez1\Supercow\data\levelobjs\_a_stolb3.jpg (22,12 K/S -   22 648 bytes)
[18:03:08] - [35] VICTOR.POZEN: Début du Téléchargement de: D:\kerberos.htx\gamez1\Supercow\data\levelobjs\_a_stolb4.jpg
[18:03:09] - [35] VICTOR.POZEN: Fichier envoyé: D:\kerberos.htx\gamez1\Supercow\data\levelobjs\_a_stolb4.jpg (21,70 K/S -   22 217 bytes)
[18:03:09] - [35] VICTOR.POZEN: Début du Téléchargement de: D:\kerberos.htx\gamez1\Supercow\data\levelobjs\_a_stolb5.jpg
[18:03:09] - [35] VICTOR.POZEN: Fichier envoyé: D:\kerberos.htx\gamez1\Supercow\data\levelobjs\_a_stolb5.jpg (20,87 K/S -   21 369 bytes)
[18:03:10] - [35] VICTOR.POZEN: Début du Téléchargement de: D:\kerberos.htx\gamez1\Supercow\data\levelobjs\_a_stump.jpg
[18:03:10] - [35] VICTOR.POZEN: Fichier envoyé: D:\kerberos.htx\gamez1\Supercow\data\levelobjs\_a_stump.jpg (23,85 K/S -   24 425 bytes)
[18:03:11] - [35] VICTOR.POZEN: Début du Téléchargement de: D:\kerberos.htx\gamez1\Supercow\data\levelobjs\_a_sunflower1.jpg
[18:03:11] - [35] VICTOR.POZEN: Fichier envoyé: D:\kerberos.htx\gamez1\Supercow\data\levelobjs\_a_sunflower1.jpg (10,79 K/S -   11 053 bytes)
[18:03:11] - [35] VICTOR.POZEN: Début du Téléchargement de: D:\kerberos.htx\gamez1\Supercow\data\levelobjs\_a_sunflower2.jpg
[18:03:12] - [35] VICTOR.POZEN: Fichier envoyé: D:\kerberos.htx\gamez1\Supercow\data\levelobjs\_a_sunflower2.jpg (23,60 K/S -   24 166 bytes)
[18:03:12] - [35] VICTOR.POZEN: Début du Téléchargement de: D:\kerberos.htx\gamez1\Supercow\data\levelobjs\_a_tablet.jpg
[18:03:12] - [35] VICTOR.POZEN: Fichier envoyé: D:\kerberos.htx\gamez1\Supercow\data\levelobjs\_a_tablet.jpg (11,23 K/S -   11 501 bytes)
[18:03:13] - [35] VICTOR.POZEN: Début du Téléchargement de: D:\kerberos.htx\gamez1\Supercow\data\levelobjs\_a_tomato1.jpg
[18:03:13] - [35] VICTOR.POZEN: Fichier envoyé: D:\kerberos.htx\gamez1\Supercow\data\levelobjs\_a_tomato1.jpg (22,17 K/S -   22 702 bytes)
[18:03:14] - [35] VICTOR.POZEN: Début du Téléchargement de: D:\kerberos.htx\gamez1\Supercow\data\levelobjs\_a_trampoline.jpg
[18:03:14] - [35] VICTOR.POZEN: Fichier envoyé: D:\kerberos.htx\gamez1\Supercow\data\levelobjs\_a_trampoline.jpg (20,68 K/S -   21 173 bytes)
[18:03:15] - [35] VICTOR.POZEN: Début du Téléchargement de: D:\kerberos.htx\gamez1\Supercow\data\levelobjs\_a_trampoline2.jpg
[18:03:15] - [35] VICTOR.POZEN: Fichier envoyé: D:\kerberos.htx\gamez1\Supercow\data\levelobjs\_a_trampoline2.jpg (20,78 K/S -   21 281 bytes)
[18:03:15] - [35] VICTOR.POZEN: Début du Téléchargement de: D:\kerberos.htx\gamez1\Supercow\data\levelobjs\_a_trampoline3.jpg
[18:03:16] - [35] VICTOR.POZEN: Fichier envoyé: D:\kerberos.htx\gamez1\Supercow\data\levelobjs\_a_trampoline3.jpg (22,54 K/S -   23 086 bytes)
[18:03:16] - [35] VICTOR.POZEN: Début du Téléchargement de: D:\kerberos.htx\gamez1\Supercow\data\levelobjs\_a_trampoline4.jpg
[18:03:16] - [35] VICTOR.POZEN: Fichier envoyé: D:\kerberos.htx\gamez1\Supercow\data\levelobjs\_a_trampoline4.jpg (9,84 K/S -   10 075 bytes)
[18:03:17] - [35] VICTOR.POZEN: Début du Téléchargement de: D:\kerberos.htx\gamez1\Supercow\data\levelobjs\_a_trampopressed.jpg
[18:03:17] - [35] VICTOR.POZEN: Fichier envoyé: D:\kerberos.htx\gamez1\Supercow\data\levelobjs\_a_trampopressed.jpg (20,76 K/S -   21 255 bytes)
[18:03:18] - [35] VICTOR.POZEN: Début du Téléchargement de: D:\kerberos.htx\gamez1\Supercow\data\levelobjs\_a_trampopressed2.jpg
[18:03:18] - [35] VICTOR.POZEN: Fichier envoyé: D:\kerberos.htx\gamez1\Supercow\data\levelobjs\_a_trampopressed2.jpg (20,74 K/S -   21 236 bytes)
[18:03:19] - [35] VICTOR.POZEN: Début du Téléchargement de: D:\kerberos.htx\gamez1\Supercow\data\levelobjs\_a_trampopressed3.jpg
[18:03:19] - [35] VICTOR.POZEN: Fichier envoyé: D:\kerberos.htx\gamez1\Supercow\data\levelobjs\_a_trampopressed3.jpg (22,49 K/S -   23 027 bytes)
[18:03:19] - [35] VICTOR.POZEN: Début du Téléchargement de: D:\kerberos.htx\gamez1\Supercow\data\levelobjs\_a_trampopressed4.jpg
[18:03:20] - [35] VICTOR.POZEN: Fichier envoyé: D:\kerberos.htx\gamez1\Supercow\data\levelobjs\_a_trampopressed4.jpg (10,73 K/S -   10 991 bytes)
[18:03:20] - [35] VICTOR.POZEN: Début du Téléchargement de: D:\kerberos.htx\gamez1\Supercow\data\levelobjs\_a_tree1.jpg
[18:03:23] - [35] VICTOR.POZEN: Fichier envoyé: D:\kerberos.htx\gamez1\Supercow\data\levelobjs\_a_tree1.jpg (53,47 K/S -   164 265 bytes)
[18:03:24] - [35] VICTOR.POZEN: Début du Téléchargement de: D:\kerberos.htx\gamez1\Supercow\data\levelobjs\_a_tree10.jpg
[18:03:24] - [35] VICTOR.POZEN: Fichier envoyé: D:\kerberos.htx\gamez1\Supercow\data\levelobjs\_a_tree10.jpg (41,22 K/S -   42 209 bytes)
[18:03:25] - [35] VICTOR.POZEN: Début du Téléchargement de: D:\kerberos.htx\gamez1\Supercow\data\levelobjs\_a_tree11.jpg
[18:03:27] - [35] VICTOR.POZEN: Fichier envoyé: D:\kerberos.htx\gamez1\Supercow\data\levelobjs\_a_tree11.jpg (39,30 K/S -   80 490 bytes)
[18:03:27] - [35] VICTOR.POZEN: Début du Téléchargement de: D:\kerberos.htx\gamez1\Supercow\data\levelobjs\_a_tree2.jpg
[18:03:30] - [35] VICTOR.POZEN: Fichier envoyé: D:\kerberos.htx\gamez1\Supercow\data\levelobjs\_a_tree2.jpg (41,58 K/S -   170 312 bytes)
[18:03:31] - [35] VICTOR.POZEN: Début du Téléchargement de: D:\kerberos.htx\gamez1\Supercow\data\levelobjs\_a_tree3.jpg
[18:03:34] - [35] VICTOR.POZEN: Fichier envoyé: D:\kerberos.htx\gamez1\Supercow\data\levelobjs\_a_tree3.jpg (51,81 K/S -   159 161 bytes)
[18:03:34] - [35] VICTOR.POZEN: Début du Téléchargement de: D:\kerberos.htx\gamez1\Supercow\data\levelobjs\_a_tree5.jpg
[18:03:38] - [35] VICTOR.POZEN: Fichier envoyé: D:\kerberos.htx\gamez1\Supercow\data\levelobjs\_a_tree5.jpg (41,27 K/S -   169 060 bytes)
[18:03:38] - [35] VICTOR.POZEN: Début du Téléchargement de: D:\kerberos.htx\gamez1\Supercow\data\levelobjs\_a_tree6.jpg
[18:03:41] - [35] VICTOR.POZEN: Fichier envoyé: D:\kerberos.htx\gamez1\Supercow\data\levelobjs\_a_tree6.jpg (52,61 K/S -   161 632 bytes)
[18:03:42] - [35] VICTOR.POZEN: Début du Téléchargement de: D:\kerberos.htx\gamez1\Supercow\data\levelobjs\_a_tree7.jpg
[18:03:45] - [35] VICTOR.POZEN: Fichier envoyé: D:\kerberos.htx\gamez1\Supercow\data\levelobjs\_a_tree7.jpg (52,26 K/S -   160 541 bytes)
[18:03:45] - [35] VICTOR.POZEN: Début du Téléchargement de: D:\kerberos.htx\gamez1\Supercow\data\levelobjs\_a_tree8.jpg
[18:03:49] - [35] VICTOR.POZEN: Fichier envoyé: D:\kerberos.htx\gamez1\Supercow\data\levelobjs\_a_tree8.jpg (42,21 K/S -   172 880 bytes)
[18:03:49] - [35] VICTOR.POZEN: Début du Téléchargement de: D:\kerberos.htx\gamez1\Supercow\data\levelobjs\_a_tree9.jpg
[18:03:52] - [35] VICTOR.POZEN: Fichier envoyé: D:\kerberos.htx\gamez1\Supercow\data\levelobjs\_a_tree9.jpg (50,71 K/S -   155 783 bytes)
[18:03:53] - [35] VICTOR.POZEN: Début du Téléchargement de: D:\kerberos.htx\gamez1\Supercow\data\levelobjs\_a_tree_8.jpg
[18:03:56] - [35] VICTOR.POZEN: Fichier envoyé: D:\kerberos.htx\gamez1\Supercow\data\levelobjs\_a_tree_8.jpg (55,82 K/S -   171 465 bytes)
[18:03:56] - [35] VICTOR.POZEN: Début du Téléchargement de: D:\kerberos.htx\gamez1\Supercow\data\levelobjs\_a_tube1.jpg
[18:03:57] - [35] VICTOR.POZEN: Fichier envoyé: D:\kerberos.htx\gamez1\Supercow\data\levelobjs\_a_tube1.jpg (18,66 K/S -   19 110 bytes)
[18:03:57] - [35] VICTOR.POZEN: Début du Téléchargement de: D:\kerberos.htx\gamez1\Supercow\data\levelobjs\_a_tube2.jpg
[18:03:57] - [35] VICTOR.POZEN: Fichier envoyé: D:\kerberos.htx\gamez1\Supercow\data\levelobjs\_a_tube2.jpg (10,71 K/S -   10 972 bytes)
[18:03:58] - [35] VICTOR.POZEN: Début du Téléchargement de: D:\kerberos.htx\gamez1\Supercow\data\levelobjs\_a_tube3.jpg
[18:03:58] - [35] VICTOR.POZEN: Fichier envoyé: D:\kerberos.htx\gamez1\Supercow\data\levelobjs\_a_tube3.jpg (5,31 K/S -   5 436 bytes)
[18:03:58] - [35] VICTOR.POZEN: Début du Téléchargement de: D:\kerberos.htx\gamez1\Supercow\data\levelobjs\_a_tube4.jpg
[18:03:58] - [35] VICTOR.POZEN: Fichier envoyé: D:\kerberos.htx\gamez1\Supercow\data\levelobjs\_a_tube4.jpg (11,42 K/S -   11 696 bytes)
[18:03:59] - [35] VICTOR.POZEN: Début du Téléchargement de: D:\kerberos.htx\gamez1\Supercow\data\levelobjs\_a_tube5.jpg
[18:04:00] - [35] VICTOR.POZEN: Fichier envoyé: D:\kerberos.htx\gamez1\Supercow\data\levelobjs\_a_tube5.jpg (39,39 K/S -   40 338 bytes)
[18:04:00] - [35] VICTOR.POZEN: Début du Téléchargement de: D:\kerberos.htx\gamez1\Supercow\data\levelobjs\_a_tube6.jpg
[18:04:01] - [35] VICTOR.POZEN: Fichier envoyé: D:\kerberos.htx\gamez1\Supercow\data\levelobjs\_a_tube6.jpg (20,55 K/S -   21 041 bytes)
[18:04:01] - [35] VICTOR.POZEN: Début du Téléchargement de: D:\kerberos.htx\gamez1\Supercow\data\levelobjs\_a_tube7.jpg
[18:04:01] - [35] VICTOR.POZEN: Fichier envoyé: D:\kerberos.htx\gamez1\Supercow\data\levelobjs\_a_tube7.jpg (11,19 K/S -   11 459 bytes)
[18:04:02] - [35] VICTOR.POZEN: Début du Téléchargement de: D:\kerberos.htx\gamez1\Supercow\data\levelobjs\_a_tube8.jpg
[18:04:02] - [35] VICTOR.POZEN: Fichier envoyé: D:\kerberos.htx\gamez1\Supercow\data\levelobjs\_a_tube8.jpg (20,78 K/S -   21 282 bytes)
[18:04:02] - [35] VICTOR.POZEN: Début du Téléchargement de: D:\kerberos.htx\gamez1\Supercow\data\levelobjs\_a_ventil.jpg
[18:04:02] - [35] VICTOR.POZEN: Fichier envoyé: D:\kerberos.htx\gamez1\Supercow\data\levelobjs\_a_ventil.jpg (6,61 K/S -   6 766 bytes)
[18:04:03] - [35] VICTOR.POZEN: Début du Téléchargement de: D:\kerberos.htx\gamez1\Supercow\data\levelobjs\_a_warning1.jpg
[18:04:03] - [35] VICTOR.POZEN: Fichier envoyé: D:\kerberos.htx\gamez1\Supercow\data\levelobjs\_a_warning1.jpg (5,82 K/S -   5 956 bytes)
[18:04:03] - [35] VICTOR.POZEN: Début du Téléchargement de: D:\kerberos.htx\gamez1\Supercow\data\levelobjs\_a_waterfall.jpg
[18:04:04] - [35] VICTOR.POZEN: Fichier envoyé: D:\kerberos.htx\gamez1\Supercow\data\levelobjs\_a_waterfall.jpg (19,90 K/S -   20 373 bytes)
[18:04:04] - [35] VICTOR.POZEN: Début du Téléchargement de: D:\kerberos.htx\gamez1\Supercow\data\levelobjs\_a_waterfall2.jpg
[18:04:05] - [35] VICTOR.POZEN: Fichier envoyé: D:\kerberos.htx\gamez1\Supercow\data\levelobjs\_a_waterfall2.jpg (21,56 K/S -   22 073 bytes)
[18:04:05] - [35] VICTOR.POZEN: Début du Téléchargement de: D:\kerberos.htx\gamez1\Supercow\data\levelobjs\_a_waterup.jpg
[18:04:05] - [35] VICTOR.POZEN: Fichier envoyé: D:\kerberos.htx\gamez1\Supercow\data\levelobjs\_a_waterup.jpg (10,48 K/S -   10 732 bytes)
[18:04:06] - [35] VICTOR.POZEN: Début du Téléchargement de: D:\kerberos.htx\gamez1\Supercow\data\levelobjs\_a_wc1.jpg
[18:04:07] - [35] VICTOR.POZEN: Fichier envoyé: D:\kerberos.htx\gamez1\Supercow\data\levelobjs\_a_wc1.jpg (73,47 K/S -   75 238 bytes)
[18:04:07] - [35] VICTOR.POZEN: Début du Téléchargement de: D:\kerberos.htx\gamez1\Supercow\data\levelobjs\_a_wc2.jpg
[18:04:09] - [35] VICTOR.POZEN: Fichier envoyé: D:\kerberos.htx\gamez1\Supercow\data\levelobjs\_a_wc2.jpg (68,39 K/S -   70 033 bytes)
[18:04:10] - [35] VICTOR.POZEN: Début du Téléchargement de: D:\kerberos.htx\gamez1\Supercow\data\levelbacks\backsky1.jpg
[18:04:11] - [35] VICTOR.POZEN: Fichier envoyé: D:\kerberos.htx\gamez1\Supercow\data\levelbacks\backsky1.jpg (38,13 K/S -   39 045 bytes)
[18:04:11] - [35] VICTOR.POZEN: Début du Téléchargement de: D:\kerberos.htx\gamez1\Supercow\data\levelbacks\back_prof.jpg
[18:04:14] - [35] VICTOR.POZEN: Fichier envoyé: D:\kerberos.htx\gamez1\Supercow\data\levelbacks\back_prof.jpg (41,98 K/S -   128 967 bytes)
[18:04:14] - [35] VICTOR.POZEN: Début du Téléchargement de: D:\kerberos.htx\gamez1\Supercow\data\levelbacks\bog.jpg
[18:04:17] - [35] VICTOR.POZEN: Fichier envoyé: D:\kerberos.htx\gamez1\Supercow\data\levelbacks\bog.jpg (42,07 K/S -   129 233 bytes)
[18:04:17] - [35] VICTOR.POZEN: Début du Téléchargement de: D:\kerberos.htx\gamez1\Supercow\data\levelbacks\forestback2.jpg
[18:04:19] - [35] VICTOR.POZEN: Fichier envoyé: D:\kerberos.htx\gamez1\Supercow\data\levelbacks\forestback2.jpg (36,86 K/S -   75 485 bytes)
[18:04:19] - [35] VICTOR.POZEN: Début du Téléchargement de: D:\kerberos.htx\gamez1\Supercow\data\levelbacks\rock1.jpg
[18:04:20] - [35] VICTOR.POZEN: Fichier envoyé: D:\kerberos.htx\gamez1\Supercow\data\levelbacks\rock1.jpg (39,36 K/S -   40 305 bytes)
[18:04:20] - [35] VICTOR.POZEN: Début du Téléchargement de: D:\kerberos.htx\gamez1\Supercow\data\levelbacks\sky3.jpg
[18:04:21] - [35] VICTOR.POZEN: Fichier envoyé: D:\kerberos.htx\gamez1\Supercow\data\levelbacks\sky3.jpg (50,24 K/S -   51 443 bytes)
[18:04:22] - [35] VICTOR.POZEN: Début du Téléchargement de: D:\kerberos.htx\gamez1\Supercow\data\levelbacks\sky4.jpg
[18:04:24] - [35] VICTOR.POZEN: Fichier envoyé: D:\kerberos.htx\gamez1\Supercow\data\levelbacks\sky4.jpg (59,82 K/S -   122 512 bytes)
[18:04:25] - [35] VICTOR.POZEN: Début du Téléchargement de: D:\kerberos.htx\gamez1\Supercow\data\levelbacks\_a_backforest1.jpg
[18:04:32] - [35] VICTOR.POZEN: Fichier envoyé: D:\kerberos.htx\gamez1\Supercow\data\levelbacks\_a_backforest1.jpg (50,90 K/S -   364 862 bytes)
[18:04:32] - [35] VICTOR.POZEN: Début du Téléchargement de: D:\kerberos.htx\gamez1\Supercow\data\levelbacks\_a_backmount1.jpg
[18:04:38] - [35] VICTOR.POZEN: Fichier envoyé: D:\kerberos.htx\gamez1\Supercow\data\levelbacks\_a_backmount1.jpg (50,51 K/S -   310 339 bytes)
[18:04:39] - [35] VICTOR.POZEN: Début du Téléchargement de: D:\kerberos.htx\gamez1\Supercow\data\levelbacks\_a_backmount2.jpg
[18:04:45] - [35] VICTOR.POZEN: Fichier envoyé: D:\kerberos.htx\gamez1\Supercow\data\levelbacks\_a_backmount2.jpg (52,39 K/S -   321 871 bytes)
[18:04:45] - [35] VICTOR.POZEN: Début du Téléchargement de: D:\kerberos.htx\gamez1\Supercow\data\levelbacks\_a_back_prof1.jpg
[18:04:46] - [35] VICTOR.POZEN: Fichier envoyé: D:\kerberos.htx\gamez1\Supercow\data\levelbacks\_a_back_prof1.jpg (38,24 K/S -   39 155 bytes)
[18:04:47] - [35] VICTOR.POZEN: Début du Téléchargement de: D:\kerberos.htx\gamez1\Supercow\data\levelbacks\_a_back_prof2.jpg
[18:04:47] - [35] VICTOR.POZEN: Fichier envoyé: D:\kerberos.htx\gamez1\Supercow\data\levelbacks\_a_back_prof2.jpg (9,65 K/S -   9 886 bytes)
[18:04:47] - [35] VICTOR.POZEN: Début du Téléchargement de: D:\kerberos.htx\gamez1\Supercow\data\levelbacks\_a_back_prof3.jpg
[18:04:47] - [35] VICTOR.POZEN: Fichier envoyé: D:\kerberos.htx\gamez1\Supercow\data\levelbacks\_a_back_prof3.jpg (5,89 K/S -   6 028 bytes)
[18:04:48] - [35] VICTOR.POZEN: Début du Téléchargement de: D:\kerberos.htx\gamez1\Supercow\data\levelbacks\_a_back_prof4.jpg
[18:04:48] - [35] VICTOR.POZEN: Fichier envoyé: D:\kerberos.htx\gamez1\Supercow\data\levelbacks\_a_back_prof4.jpg (9,65 K/S -   9 886 bytes)
[18:04:48] - [35] VICTOR.POZEN: Début du Téléchargement de: D:\kerberos.htx\gamez1\Supercow\data\levelbacks\_a_back_prof5.jpg
[18:04:48] - [35] VICTOR.POZEN: Fichier envoyé: D:\kerberos.htx\gamez1\Supercow\data\levelbacks\_a_back_prof5.jpg (5,89 K/S -   6 032 bytes)
[18:04:49] - [35] VICTOR.POZEN: Début du Téléchargement de: D:\kerberos.htx\gamez1\Supercow\data\levelbacks\_a_cloud2.jpg
[18:04:50] - [35] VICTOR.POZEN: Fichier envoyé: D:\kerberos.htx\gamez1\Supercow\data\levelbacks\_a_cloud2.jpg (39,38 K/S -   40 328 bytes)
[18:04:50] - [35] VICTOR.POZEN: Début du Téléchargement de: D:\kerberos.htx\gamez1\Supercow\data\levelbacks\_a_forest_up.jpg
[18:04:51] - [35] VICTOR.POZEN: Fichier envoyé: D:\kerberos.htx\gamez1\Supercow\data\levelbacks\_a_forest_up.jpg (40,94 K/S -   41 922 bytes)
[18:04:51] - [35] VICTOR.POZEN: Début du Téléchargement de: D:\kerberos.htx\gamez1\Supercow\data\levelbacks\_a_grass.jpg
[18:04:52] - [35] VICTOR.POZEN: Fichier envoyé: D:\kerberos.htx\gamez1\Supercow\data\levelbacks\_a_grass.jpg (40,80 K/S -   41 777 bytes)
[18:04:53] - [35] VICTOR.POZEN: Début du Téléchargement de: D:\kerberos.htx\gamez1\Supercow\data\levelbacks\_a_grass2.jpg
[18:04:53] - [35] VICTOR.POZEN: Fichier envoyé: D:\kerberos.htx\gamez1\Supercow\data\levelbacks\_a_grass2.jpg (44,50 K/S -   45 569 bytes)
[18:04:54] - [35] VICTOR.POZEN: Début du Téléchargement de: D:\kerberos.htx\gamez1\Supercow\data\levelbacks\_a_rock2.jpg
[18:04:55] - [35] VICTOR.POZEN: Fichier envoyé: D:\kerberos.htx\gamez1\Supercow\data\levelbacks\_a_rock2.jpg (41,98 K/S -   42 987 bytes)
[18:04:55] - [35] VICTOR.POZEN: Début du Téléchargement de: D:\kerberos.htx\gamez1\Supercow\data\levelbacks\_a_rock3.jpg
[18:04:56] - [35] VICTOR.POZEN: Fichier envoyé: D:\kerberos.htx\gamez1\Supercow\data\levelbacks\_a_rock3.jpg (39,89 K/S -   40 848 bytes)
[18:04:56] - [35] VICTOR.POZEN: Début du Téléchargement de: D:\kerberos.htx\gamez1\Supercow\data\levelbacks\_a_rock4.jpg
[18:04:59] - [35] VICTOR.POZEN: Fichier envoyé: D:\kerberos.htx\gamez1\Supercow\data\levelbacks\_a_rock4.jpg (49,79 K/S -   152 949 bytes)
[18:05:00] - [35] VICTOR.POZEN: Début du Téléchargement de: D:\kerberos.htx\gamez1\Supercow\data\levelbacks\_a_stones1.jpg
[18:05:06] - [35] VICTOR.POZEN: Fichier envoyé: D:\kerberos.htx\gamez1\Supercow\data\levelbacks\_a_stones1.jpg (46,57 K/S -   333 819 bytes)
[18:05:07] - [35] VICTOR.POZEN: Début du Téléchargement de: D:\kerberos.htx\gamez1\Supercow\data\levelbacks\_a_trunk.jpg
[18:05:10] - [35] VICTOR.POZEN: Fichier envoyé: D:\kerberos.htx\gamez1\Supercow\data\levelbacks\_a_trunk.jpg (49,71 K/S -   152 718 bytes)
[18:05:11] - [35] VICTOR.POZEN: Début du Téléchargement de: D:\kerberos.htx\gamez1\Supercow\data\geomobjs\banjo.cgo
[18:05:11] - [35] VICTOR.POZEN: Fichier envoyé: D:\kerberos.htx\gamez1\Supercow\data\geomobjs\banjo.cgo (0,09 K/S -    97 bytes)
[18:05:11] - [35] VICTOR.POZEN: Début du Téléchargement de: D:\kerberos.htx\gamez1\Supercow\data\geomobjs\banjo.msh
[18:05:11] - [35] VICTOR.POZEN: Fichier envoyé: D:\kerberos.htx\gamez1\Supercow\data\geomobjs\banjo.msh (7,63 K/S -   7 813 bytes)
[18:05:12] - [35] VICTOR.POZEN: Début du Téléchargement de: D:\kerberos.htx\gamez1\Supercow\data\geomobjs\banjo_tex.jpg
[18:05:12] - [35] VICTOR.POZEN: Fichier envoyé: D:\kerberos.htx\gamez1\Supercow\data\geomobjs\banjo_tex.jpg (18,02 K/S -   18 455 bytes)
[18:05:13] - [35] VICTOR.POZEN: Début du Téléchargement de: D:\kerberos.htx\gamez1\Supercow\data\geomobjs\grabli.msh
[18:05:13] - [35] VICTOR.POZEN: Fichier envoyé: D:\kerberos.htx\gamez1\Supercow\data\geomobjs\grabli.msh (1,34 K/S -   1 369 bytes)
[18:05:13] - [35] VICTOR.POZEN: Début du Téléchargement de: D:\kerberos.htx\gamez1\Supercow\data\geomobjs\grabli.tga
[18:05:14] - [35] VICTOR.POZEN: Fichier envoyé: D:\kerberos.htx\gamez1\Supercow\data\geomobjs\grabli.tga (32,04 K/S -   32 812 bytes)
[18:05:14] - [35] VICTOR.POZEN: Début du Téléchargement de: D:\kerberos.htx\gamez1\Supercow\data\geomobjs\rake.cgo
[18:05:14] - [35] VICTOR.POZEN: Fichier envoyé: D:\kerberos.htx\gamez1\Supercow\data\geomobjs\rake.cgo (0,09 K/S -    95 bytes)
[18:05:15] - [35] VICTOR.POZEN: Début du Téléchargement de: D:\kerberos.htx\gamez1\Supercow\data\gamemap\boxglow1.jpg
[18:05:15] - [35] VICTOR.POZEN: Fichier envoyé: D:\kerberos.htx\gamez1\Supercow\data\gamemap\boxglow1.jpg (1,14 K/S -   1 167 bytes)
[18:05:16] - [35] VICTOR.POZEN: Début du Téléchargement de: D:\kerberos.htx\gamez1\Supercow\data\gamemap\boxglow2.jpg
[18:05:16] - [35] VICTOR.POZEN: Fichier envoyé: D:\kerberos.htx\gamez1\Supercow\data\gamemap\boxglow2.jpg (1,16 K/S -   1 188 bytes)
[18:05:16] - [35] VICTOR.POZEN: Début du Téléchargement de: D:\kerberos.htx\gamez1\Supercow\data\gamemap\boxglow3.jpg
[18:05:16] - [35] VICTOR.POZEN: Fichier envoyé: D:\kerberos.htx\gamez1\Supercow\data\gamemap\boxglow3.jpg (1,13 K/S -   1 154 bytes)
[18:05:17] - [35] VICTOR.POZEN: Début du Téléchargement de: D:\kerberos.htx\gamez1\Supercow\data\gamemap\levelglow1.jpg
[18:05:17] - [35] VICTOR.POZEN: Fichier envoyé: D:\kerberos.htx\gamez1\Supercow\data\gamemap\levelglow1.jpg (19,91 K/S -   20 392 bytes)
[18:05:18] - [35] VICTOR.POZEN: Début du Téléchargement de: D:\kerberos.htx\gamez1\Supercow\data\gamemap\levelglow2.jpg
[18:05:18] - [35] VICTOR.POZEN: Fichier envoyé: D:\kerberos.htx\gamez1\Supercow\data\gamemap\levelglow2.jpg (19,77 K/S -   20 246 bytes)
[18:05:18] - [35] VICTOR.POZEN: Début du Téléchargement de: D:\kerberos.htx\gamez1\Supercow\data\gamemap\levelglow3.jpg
[18:05:19] - [35] VICTOR.POZEN: Fichier envoyé: D:\kerberos.htx\gamez1\Supercow\data\gamemap\levelglow3.jpg (19,82 K/S -   20 294 bytes)
[18:05:19] - [35] VICTOR.POZEN: Début du Téléchargement de: D:\kerberos.htx\gamez1\Supercow\data\gamemap\levelmark.tga
[18:05:19] - [35] VICTOR.POZEN: Fichier envoyé: D:\kerberos.htx\gamez1\Supercow\data\gamemap\levelmark.tga (1,04 K/S -   1 068 bytes)
[18:05:20] - [35] VICTOR.POZEN: Début du Téléchargement de: D:\kerberos.htx\gamez1\Supercow\data\gamemap\mapback.jpg
[18:05:23] - [35] VICTOR.POZEN: Fichier envoyé: D:\kerberos.htx\gamez1\Supercow\data\gamemap\mapback.jpg (43,77 K/S -   134 471 bytes)
[18:05:23] - [35] VICTOR.POZEN: Début du Téléchargement de: D:\kerberos.htx\gamez1\Supercow\data\gamemap\maplevelmark.tga
[18:05:23] - [35] VICTOR.POZEN: Fichier envoyé: D:\kerberos.htx\gamez1\Supercow\data\gamemap\maplevelmark.tga (4,04 K/S -   4 140 bytes)
[18:05:23] - [35] VICTOR.POZEN: Début du Téléchargement de: D:\kerberos.htx\gamez1\Supercow\data\gamemap\mapstagemark.tga
[18:05:25] - [35] VICTOR.POZEN: Fichier envoyé: D:\kerberos.htx\gamez1\Supercow\data\gamemap\mapstagemark.tga (64,04 K/S -   65 580 bytes)
[18:05:25] - [35] VICTOR.POZEN: Début du Téléchargement de: D:\kerberos.htx\gamez1\Supercow\data\gamemap\mapstagemark0.tga
[18:05:26] - [35] VICTOR.POZEN: Fichier envoyé: D:\kerberos.htx\gamez1\Supercow\data\gamemap\mapstagemark0.tga (32,01 K/S -   65 554 bytes)
[18:05:27] - [35] VICTOR.POZEN: Début du Téléchargement de: D:\kerberos.htx\gamez1\Supercow\data\gamemap\mapstagemark1.tga
[18:05:28] - [35] VICTOR.POZEN: Fichier envoyé: D:\kerberos.htx\gamez1\Supercow\data\gamemap\mapstagemark1.tga (64,04 K/S -   65 580 bytes)
[18:05:28] - [35] VICTOR.POZEN: Début du Téléchargement de: D:\kerberos.htx\gamez1\Supercow\data\gamemap\mapstagemark10.tga
[18:05:30] - [35] VICTOR.POZEN: Fichier envoyé: D:\kerberos.htx\gamez1\Supercow\data\gamemap\mapstagemark10.tga (64,04 K/S -   65 580 bytes)
[18:05:30] - [35] VICTOR.POZEN: Début du Téléchargement de: D:\kerberos.htx\gamez1\Supercow\data\gamemap\mapstagemark2.tga
[18:05:32] - [35] VICTOR.POZEN: Fichier envoyé: D:\kerberos.htx\gamez1\Supercow\data\gamemap\mapstagemark2.tga (32,02 K/S -   65 580 bytes)
[18:05:32] - [35] VICTOR.POZEN: Début du Téléchargement de: D:\kerberos.htx\gamez1\Supercow\data\gamemap\mapstagemark3.tga
[18:05:33] - [35] VICTOR.POZEN: Fichier envoyé: D:\kerberos.htx\gamez1\Supercow\data\gamemap\mapstagemark3.tga (64,04 K/S -   65 580 bytes)
[18:05:34] - [35] VICTOR.POZEN: Début du Téléchargement de: D:\kerberos.htx\gamez1\Supercow\data\gamemap\mapstagemark4.tga
[18:05:35] - [35] VICTOR.POZEN: Fichier envoyé: D:\kerberos.htx\gamez1\Supercow\data\gamemap\mapstagemark4.tga (64,04 K/S -   65 580 bytes)
[18:05:35] - [35] VICTOR.POZEN: Début du Téléchargement de: D:\kerberos.htx\gamez1\Supercow\data\gamemap\mapstagemark5.tga
[18:05:37] - [35] VICTOR.POZEN: Fichier envoyé: D:\kerberos.htx\gamez1\Supercow\data\gamemap\mapstagemark5.tga (32,02 K/S -   65 580 bytes)
[18:05:37] - [35] VICTOR.POZEN: Début du Téléchargement de: D:\kerberos.htx\gamez1\Supercow\data\gamemap\mapstagemark6.tga
[18:05:38] - [35] VICTOR.POZEN: Fichier envoyé: D:\kerberos.htx\gamez1\Supercow\data\gamemap\mapstagemark6.tga (32,02 K/S -   65 580 bytes)
[18:05:39] - [35] VICTOR.POZEN: Début du Téléchargement de: D:\kerberos.htx\gamez1\Supercow\data\gamemap\mapstagemark7.tga
[18:05:40] - [35] VICTOR.POZEN: Fichier envoyé: D:\kerberos.htx\gamez1\Supercow\data\gamemap\mapstagemark7.tga (64,04 K/S -   65 580 bytes)
[18:05:40] - [35] VICTOR.POZEN: Début du Téléchargement de: D:\kerberos.htx\gamez1\Supercow\data\gamemap\mapstagemark8.tga
[18:05:42] - [35] VICTOR.POZEN: Fichier envoyé: D:\kerberos.htx\gamez1\Supercow\data\gamemap\mapstagemark8.tga (64,04 K/S -   65 580 bytes)
[18:05:42] - [35] VICTOR.POZEN: Début du Téléchargement de: D:\kerberos.htx\gamez1\Supercow\data\gamemap\mapstagemark9.tga
[18:05:44] - [35] VICTOR.POZEN: Fichier envoyé: D:\kerberos.htx\gamez1\Supercow\data\gamemap\mapstagemark9.tga (32,02 K/S -   65 580 bytes)
[18:05:44] - [35] VICTOR.POZEN: Début du Téléchargement de: D:\kerberos.htx\gamez1\Supercow\data\gamemap\mapstagequestion.tga
[18:05:44] - [35] VICTOR.POZEN: Fichier envoyé: D:\kerberos.htx\gamez1\Supercow\data\gamemap\mapstagequestion.tga (16,04 K/S -   16 428 bytes)
[18:05:45] - [35] VICTOR.POZEN: Début du Téléchargement de: D:\kerberos.htx\gamez1\Supercow\data\gamemap\mapstart.tga
[18:05:47] - [35] VICTOR.POZEN: Fichier envoyé: D:\kerberos.htx\gamez1\Supercow\data\gamemap\mapstart.tga (64,02 K/S -   131 116 bytes)
[18:05:48] - [35] VICTOR.POZEN: Début du Téléchargement de: D:\kerberos.htx\gamez1\Supercow\data\gamemap\megamap.jpg
[18:06:03] - [35] VICTOR.POZEN: Fichier envoyé: D:\kerberos.htx\gamez1\Supercow\data\gamemap\megamap.jpg (50,45 K/S -   774 839 bytes)
[18:06:03] - [35] VICTOR.POZEN: Début du Téléchargement de: D:\kerberos.htx\gamez1\Supercow\data\gamemap\stages.cfg
[18:06:03] - [35] VICTOR.POZEN: Fichier envoyé: D:\kerberos.htx\gamez1\Supercow\data\gamemap\stages.cfg (1,20 K/S -   1 232 bytes)
[18:06:04] - [35] VICTOR.POZEN: Début du Téléchargement de: D:\kerberos.htx\gamez1\Supercow\data\comics\1.jpg
[18:06:07] - [35] VICTOR.POZEN: Fichier envoyé: D:\kerberos.htx\gamez1\Supercow\data\comics\1.jpg (54,56 K/S -   111 732 bytes)
[18:06:07] - [35] VICTOR.POZEN: Début du Téléchargement de: D:\kerberos.htx\gamez1\Supercow\data\comics\2.jpg
[18:06:10] - [35] VICTOR.POZEN: Fichier envoyé: D:\kerberos.htx\gamez1\Supercow\data\comics\2.jpg (51,03 K/S -   156 761 bytes)
[18:06:10] - [35] VICTOR.POZEN: Début du Téléchargement de: D:\kerberos.htx\gamez1\Supercow\data\comics\3.jpg
[18:06:14] - [35] VICTOR.POZEN: Fichier envoyé: D:\kerberos.htx\gamez1\Supercow\data\comics\3.jpg (57,12 K/S -   175 463 bytes)
[18:06:14] - [35] VICTOR.POZEN: Début du Téléchargement de: D:\kerberos.htx\gamez1\Supercow\data\comics\4.jpg
[18:06:17] - [35] VICTOR.POZEN: Fichier envoyé: D:\kerberos.htx\gamez1\Supercow\data\comics\4.jpg (46,44 K/S -   142 652 bytes)
[18:06:17] - [35] VICTOR.POZEN: Début du Téléchargement de: D:\kerberos.htx\gamez1\Supercow\data\comics\5.jpg
[18:06:19] - [35] VICTOR.POZEN: Fichier envoyé: D:\kerberos.htx\gamez1\Supercow\data\comics\5.jpg (70,10 K/S -   71 787 bytes)
[18:06:20] - [35] VICTOR.POZEN: Début du Téléchargement de: D:\kerberos.htx\gamez1\Supercow\data\characters\bat.chr
[18:06:20] - [35] VICTOR.POZEN: Fichier envoyé: D:\kerberos.htx\gamez1\Supercow\data\characters\bat.chr (0,06 K/S -    64 bytes)
[18:06:20] - [35] VICTOR.POZEN: Début du Téléchargement de: D:\kerberos.htx\gamez1\Supercow\data\characters\bat.jpg
[18:06:20] - [35] VICTOR.POZEN: Fichier envoyé: D:\kerberos.htx\gamez1\Supercow\data\characters\bat.jpg (7,21 K/S -   7 385 bytes)
[18:06:21] - [35] VICTOR.POZEN: Début du Téléchargement de: D:\kerberos.htx\gamez1\Supercow\data\characters\bat.skl
[18:06:22] - [35] VICTOR.POZEN: Fichier envoyé: D:\kerberos.htx\gamez1\Supercow\data\characters\bat.skl (26,68 K/S -   27 324 bytes)
[18:06:22] - [35] VICTOR.POZEN: Début du Téléchargement de: D:\kerberos.htx\gamez1\Supercow\data\characters\bat_pause.anm
[18:06:22] - [35] VICTOR.POZEN: Fichier envoyé: D:\kerberos.htx\gamez1\Supercow\data\characters\bat_pause.anm (9,39 K/S -   9 612 bytes)
[18:06:23] - [35] VICTOR.POZEN: Début du Téléchargement de: D:\kerberos.htx\gamez1\Supercow\data\characters\bat_run.anm
[18:06:23] - [35] VICTOR.POZEN: Fichier envoyé: D:\kerberos.htx\gamez1\Supercow\data\characters\bat_run.anm (3,76 K/S -   3 852 bytes)
[18:06:23] - [35] VICTOR.POZEN: Début du Téléchargement de: D:\kerberos.htx\gamez1\Supercow\data\characters\bird.chr
[18:06:23] - [35] VICTOR.POZEN: Fichier envoyé: D:\kerberos.htx\gamez1\Supercow\data\characters\bird.chr (0,06 K/S -    64 bytes)
[18:06:23] - [35] VICTOR.POZEN: Début du Téléchargement de: D:\kerberos.htx\gamez1\Supercow\data\characters\bird.skl
[18:06:24] - [35] VICTOR.POZEN: Fichier envoyé: D:\kerberos.htx\gamez1\Supercow\data\characters\bird.skl (21,05 K/S -   21 560 bytes)
[18:06:24] - [35] VICTOR.POZEN: Début du Téléchargement de: D:\kerberos.htx\gamez1\Supercow\data\characters\bird2.chr
[18:06:24] - [35] VICTOR.POZEN: Fichier envoyé: D:\kerberos.htx\gamez1\Supercow\data\characters\bird2.chr (0,06 K/S -    64 bytes)
[18:06:25] - [35] VICTOR.POZEN: Début du Téléchargement de: D:\kerberos.htx\gamez1\Supercow\data\characters\bird_attack.anm
[18:06:25] - [35] VICTOR.POZEN: Fichier envoyé: D:\kerberos.htx\gamez1\Supercow\data\characters\bird_attack.anm (3,01 K/S -   3 084 bytes)
[18:06:25] - [35] VICTOR.POZEN: Début du Téléchargement de: D:\kerberos.htx\gamez1\Supercow\data\characters\bird_run.anm
[18:06:25] - [35] VICTOR.POZEN: Fichier envoyé: D:\kerberos.htx\gamez1\Supercow\data\characters\bird_run.anm (3,01 K/S -   3 084 bytes)
[18:06:26] - [35] VICTOR.POZEN: Début du Téléchargement de: D:\kerberos.htx\gamez1\Supercow\data\characters\boss_pig.chr
[18:06:26] - [35] VICTOR.POZEN: Fichier envoyé: D:\kerberos.htx\gamez1\Supercow\data\characters\boss_pig.chr (0,06 K/S -    64 bytes)
[18:06:26] - [35] VICTOR.POZEN: Début du Téléchargement de: D:\kerberos.htx\gamez1\Supercow\data\characters\boss_pig.skl
[18:06:27] - [35] VICTOR.POZEN: Fichier envoyé: D:\kerberos.htx\gamez1\Supercow\data\characters\boss_pig.skl (44,34 K/S -   45 404 bytes)
[18:06:28] - [35] VICTOR.POZEN: Début du Téléchargement de: D:\kerberos.htx\gamez1\Supercow\data\characters\bug.chr
[18:06:28] - [35] VICTOR.POZEN: Fichier envoyé: D:\kerberos.htx\gamez1\Supercow\data\characters\bug.chr (0,06 K/S -    64 bytes)
[18:06:28] - [35] VICTOR.POZEN: Début du Téléchargement de: D:\kerberos.htx\gamez1\Supercow\data\characters\bug.jpg
[18:06:29] - [35] VICTOR.POZEN: Fichier envoyé: D:\kerberos.htx\gamez1\Supercow\data\characters\bug.jpg (25,36 K/S -   25 968 bytes)
[18:06:29] - [35] VICTOR.POZEN: Début du Téléchargement de: D:\kerberos.htx\gamez1\Supercow\data\characters\bug.skl
[18:06:30] - [35] VICTOR.POZEN: Fichier envoyé: D:\kerberos.htx\gamez1\Supercow\data\characters\bug.skl (24,77 K/S -   25 364 bytes)
[18:06:30] - [35] VICTOR.POZEN: Début du Téléchargement de: D:\kerberos.htx\gamez1\Supercow\data\characters\bug_attack.anm
[18:06:30] - [35] VICTOR.POZEN: Fichier envoyé: D:\kerberos.htx\gamez1\Supercow\data\characters\bug_attack.anm (2,92 K/S -   2 988 bytes)
[18:06:30] - [35] VICTOR.POZEN: Début du Téléchargement de: D:\kerberos.htx\gamez1\Supercow\data\characters\bug_run.anm
[18:06:31] - [35] VICTOR.POZEN: Fichier envoyé: D:\kerberos.htx\gamez1\Supercow\data\characters\bug_run.anm (8,73 K/S -   8 940 bytes)
[18:06:31] - [35] VICTOR.POZEN: Début du Téléchargement de: D:\kerberos.htx\gamez1\Supercow\data\characters\cow.chr
[18:06:31] - [35] VICTOR.POZEN: Fichier envoyé: D:\kerberos.htx\gamez1\Supercow\data\characters\cow.chr (0,06 K/S -    64 bytes)
[18:06:31] - [35] VICTOR.POZEN: Début du Téléchargement de: D:\kerberos.htx\gamez1\Supercow\data\characters\cow.skl
[18:06:32] - [35] VICTOR.POZEN: Fichier envoyé: D:\kerberos.htx\gamez1\Supercow\data\characters\cow.skl (52,41 K/S -   53 664 bytes)
[18:06:33] - [35] VICTOR.POZEN: Début du Téléchargement de: D:\kerberos.htx\gamez1\Supercow\data\characters\cow_attack.anm
[18:06:33] - [35] VICTOR.POZEN: Fichier envoyé: D:\kerberos.htx\gamez1\Supercow\data\characters\cow_attack.anm (2,53 K/S -   2 592 bytes)
[18:06:33] - [35] VICTOR.POZEN: Début du Téléchargement de: D:\kerberos.htx\gamez1\Supercow\data\characters\cow_banjo.anm
[18:06:34] - [35] VICTOR.POZEN: Fichier envoyé: D:\kerberos.htx\gamez1\Supercow\data\characters\cow_banjo.anm (10,59 K/S -   10 848 bytes)
[18:06:34] - [35] VICTOR.POZEN: Début du Téléchargement de: D:\kerberos.htx\gamez1\Supercow\data\characters\cow_banjo2.anm
[18:06:34] - [35] VICTOR.POZEN: Fichier envoyé: D:\kerberos.htx\gamez1\Supercow\data\characters\cow_banjo2.anm (21,18 K/S -   21 684 bytes)
[18:06:35] - [35] VICTOR.POZEN: Début du Téléchargement de: D:\kerberos.htx\gamez1\Supercow\data\characters\cow_beg.anm
[18:06:35] - [35] VICTOR.POZEN: Fichier envoyé: D:\kerberos.htx\gamez1\Supercow\data\characters\cow_beg.anm (5,05 K/S -   5 172 bytes)
[18:06:35] - [35] VICTOR.POZEN: Début du Téléchargement de: D:\kerberos.htx\gamez1\Supercow\data\characters\cow_dance1.anm
[18:06:35] - [35] VICTOR.POZEN: Fichier envoyé: D:\kerberos.htx\gamez1\Supercow\data\characters\cow_dance1.anm (15,63 K/S -   16 008 bytes)
[18:06:36] - [35] VICTOR.POZEN: Début du Téléchargement de: D:\kerberos.htx\gamez1\Supercow\data\characters\cow_dance2.anm
[18:06:36] - [35] VICTOR.POZEN: Fichier envoyé: D:\kerberos.htx\gamez1\Supercow\data\characters\cow_dance2.anm (12,11 K/S -   12 396 bytes)
[18:06:36] - [35] VICTOR.POZEN: Début du Téléchargement de: D:\kerberos.htx\gamez1\Supercow\data\characters\cow_dance3.anm
[18:06:37] - [35] VICTOR.POZEN: Fichier envoyé: D:\kerberos.htx\gamez1\Supercow\data\characters\cow_dance3.anm (20,67 K/S -   21 168 bytes)
[18:06:37] - [35] VICTOR.POZEN: Début du Téléchargement de: D:\kerberos.htx\gamez1\Supercow\data\characters\cow_death.anm
[18:06:38] - [35] VICTOR.POZEN: Fichier envoyé: D:\kerberos.htx\gamez1\Supercow\data\characters\cow_death.anm (11,10 K/S -   11 364 bytes)
[18:06:38] - [35] VICTOR.POZEN: Début du Téléchargement de: D:\kerberos.htx\gamez1\Supercow\data\characters\cow_hop.anm
[18:06:38] - [35] VICTOR.POZEN: Fichier envoyé: D:\kerberos.htx\gamez1\Supercow\data\characters\cow_hop.anm (5,05 K/S -   5 172 bytes)
[18:06:38] - [35] VICTOR.POZEN: Début du Téléchargement de: D:\kerberos.htx\gamez1\Supercow\data\characters\cow_jump.anm
[18:06:39] - [35] VICTOR.POZEN: Fichier envoyé: D:\kerberos.htx\gamez1\Supercow\data\characters\cow_jump.anm (2,53 K/S -   2 592 bytes)
[18:06:39] - [35] VICTOR.POZEN: Début du Téléchargement de: D:\kerberos.htx\gamez1\Supercow\data\characters\cow_jump_down.anm
[18:06:39] - [35] VICTOR.POZEN: Fichier envoyé: D:\kerberos.htx\gamez1\Supercow\data\characters\cow_jump_down.anm (2,53 K/S -   2 592 bytes)
[18:06:39] - [35] VICTOR.POZEN: Début du Téléchargement de: D:\kerberos.htx\gamez1\Supercow\data\characters\cow_jump_top.anm
[18:06:39] - [35] VICTOR.POZEN: Fichier envoyé: D:\kerberos.htx\gamez1\Supercow\data\characters\cow_jump_top.anm (2,53 K/S -   2 592 bytes)
[18:06:40] - [35] VICTOR.POZEN: Début du Téléchargement de: D:\kerberos.htx\gamez1\Supercow\data\characters\cow_jump_up.anm
[18:06:40] - [35] VICTOR.POZEN: Fichier envoyé: D:\kerberos.htx\gamez1\Supercow\data\characters\cow_jump_up.anm (5,05 K/S -   5 172 bytes)
[18:06:40] - [35] VICTOR.POZEN: Début du Téléchargement de: D:\kerberos.htx\gamez1\Supercow\data\characters\cow_liana.anm
[18:06:41] - [35] VICTOR.POZEN: Fichier envoyé: D:\kerberos.htx\gamez1\Supercow\data\characters\cow_liana.anm (14,63 K/S -   14 976 bytes)
[18:06:41] - [35] VICTOR.POZEN: Début du Téléchargement de: D:\kerberos.htx\gamez1\Supercow\data\characters\cow_loiter1.anm
[18:06:42] - [35] VICTOR.POZEN: Fichier envoyé: D:\kerberos.htx\gamez1\Supercow\data\characters\cow_loiter1.anm (33,77 K/S -   34 584 bytes)
[18:06:42] - [35] VICTOR.POZEN: Début du Téléchargement de: D:\kerberos.htx\gamez1\Supercow\data\characters\cow_loiter2.anm
[18:06:43] - [35] VICTOR.POZEN: Fichier envoyé: D:\kerberos.htx\gamez1\Supercow\data\characters\cow_loiter2.anm (39,82 K/S -   40 776 bytes)
[18:06:43] - [35] VICTOR.POZEN: Début du Téléchargement de: D:\kerberos.htx\gamez1\Supercow\data\characters\cow_loiter3.anm
[18:06:44] - [35] VICTOR.POZEN: Fichier envoyé: D:\kerberos.htx\gamez1\Supercow\data\characters\cow_loiter3.anm (32,77 K/S -   33 552 bytes)
[18:06:45] - [35] VICTOR.POZEN: Début du Téléchargement de: D:\kerberos.htx\gamez1\Supercow\data\characters\cow_loiter4.anm
[18:06:45] - [35] VICTOR.POZEN: Fichier envoyé: D:\kerberos.htx\gamez1\Supercow\data\characters\cow_loiter4.anm (20,17 K/S -   20 652 bytes)
[18:06:45] - [35] VICTOR.POZEN: Début du Téléchargement de: D:\kerberos.htx\gamez1\Supercow\data\characters\cow_loiter5.anm
[18:06:46] - [35] VICTOR.POZEN: Fichier envoyé: D:\kerberos.htx\gamez1\Supercow\data\characters\cow_loiter5.anm (13,62 K/S -   13 944 bytes)
[18:06:46] - [35] VICTOR.POZEN: Début du Téléchargement de: D:\kerberos.htx\gamez1\Supercow\data\characters\cow_lookdown.anm
[18:06:46] - [35] VICTOR.POZEN: Fichier envoyé: D:\kerberos.htx\gamez1\Supercow\data\characters\cow_lookdown.anm (10,09 K/S -   10 332 bytes)
[18:06:47] - [35] VICTOR.POZEN: Début du Téléchargement de: D:\kerberos.htx\gamez1\Supercow\data\characters\cow_poklon.anm
[18:06:47] - [35] VICTOR.POZEN: Fichier envoyé: D:\kerberos.htx\gamez1\Supercow\data\characters\cow_poklon.anm (18,15 K/S -   18 588 bytes)
[18:06:47] - [35] VICTOR.POZEN: Début du Téléchargement de: D:\kerberos.htx\gamez1\Supercow\data\characters\cow_read.anm
[18:06:49] - [35] VICTOR.POZEN: Fichier envoyé: D:\kerberos.htx\gamez1\Supercow\data\characters\cow_read.anm (65,52 K/S -   67 092 bytes)
[18:06:49] - [35] VICTOR.POZEN: Début du Téléchargement de: D:\kerberos.htx\gamez1\Supercow\data\characters\cow_shock.anm
[18:06:49] - [35] VICTOR.POZEN: Fichier envoyé: D:\kerberos.htx\gamez1\Supercow\data\characters\cow_shock.anm (2,53 K/S -   2 592 bytes)
[18:06:50] - [35] VICTOR.POZEN: Début du Téléchargement de: D:\kerberos.htx\gamez1\Supercow\data\characters\cow_sit.anm
[18:06:50] - [35] VICTOR.POZEN: Fichier envoyé: D:\kerberos.htx\gamez1\Supercow\data\characters\cow_sit.anm (3,04 K/S -   3 108 bytes)
[18:06:50] - [35] VICTOR.POZEN: Début du Téléchargement de: D:\kerberos.htx\gamez1\Supercow\data\characters\cow_stand.anm
[18:06:50] - [35] VICTOR.POZEN: Fichier envoyé: D:\kerberos.htx\gamez1\Supercow\data\characters\cow_stand.anm (3,54 K/S -   3 624 bytes)
[18:06:51] - [35] VICTOR.POZEN: Début du Téléchargement de: D:\kerberos.htx\gamez1\Supercow\data\characters\cow_start.anm
[18:06:51] - [35] VICTOR.POZEN: Fichier envoyé: D:\kerberos.htx\gamez1\Supercow\data\characters\cow_start.anm (16,64 K/S -   17 040 bytes)
[18:06:51] - [35] VICTOR.POZEN: Début du Téléchargement de: D:\kerberos.htx\gamez1\Supercow\data\characters\cow_turn1.anm
[18:06:52] - [35] VICTOR.POZEN: Fichier envoyé: D:\kerberos.htx\gamez1\Supercow\data\characters\cow_turn1.anm (17,65 K/S -   18 072 bytes)
[18:06:52] - [35] VICTOR.POZEN: Début du Téléchargement de: D:\kerberos.htx\gamez1\Supercow\data\characters\cow_turn2.anm
[18:06:52] - [35] VICTOR.POZEN: Fichier envoyé: D:\kerberos.htx\gamez1\Supercow\data\characters\cow_turn2.anm (10,09 K/S -   10 332 bytes)
[18:06:53] - [35] VICTOR.POZEN: Début du Téléchargement de: D:\kerberos.htx\gamez1\Supercow\data\characters\cow_victory.anm
[18:06:53] - [35] VICTOR.POZEN: Fichier envoyé: D:\kerberos.htx\gamez1\Supercow\data\characters\cow_victory.anm (12,61 K/S -   12 912 bytes)
[18:06:53] - [35] VICTOR.POZEN: Début du Téléchargement de: D:\kerberos.htx\gamez1\Supercow\data\characters\cow_void1.anm
[18:06:54] - [35] VICTOR.POZEN: Fichier envoyé: D:\kerberos.htx\gamez1\Supercow\data\characters\cow_void1.anm (28,35 K/S -   29 028 bytes)
[18:06:54] - [35] VICTOR.POZEN: Début du Téléchargement de: D:\kerberos.htx\gamez1\Supercow\data\characters\cow_walk.anm
[18:06:54] - [35] VICTOR.POZEN: Fichier envoyé: D:\kerberos.htx\gamez1\Supercow\data\characters\cow_walk.anm (5,05 K/S -   5 172 bytes)
[18:06:55] - [35] VICTOR.POZEN: Début du Téléchargement de: D:\kerberos.htx\gamez1\Supercow\data\characters\cow_wow.anm
[18:06:55] - [35] VICTOR.POZEN: Fichier envoyé: D:\kerberos.htx\gamez1\Supercow\data\characters\cow_wow.anm (20,17 K/S -   20 652 bytes)
[18:06:56] - [35] VICTOR.POZEN: Début du Téléchargement de: D:\kerberos.htx\gamez1\Supercow\data\characters\cow_zevok.anm
[18:06:56] - [35] VICTOR.POZEN: Fichier envoyé: D:\kerberos.htx\gamez1\Supercow\data\characters\cow_zevok.anm (14,63 K/S -   14 976 bytes)
[18:06:56] - [35] VICTOR.POZEN: Début du Téléchargement de: D:\kerberos.htx\gamez1\Supercow\data\characters\Dikobraz.tga
[18:06:58] - [35] VICTOR.POZEN: Fichier envoyé: D:\kerberos.htx\gamez1\Supercow\data\characters\Dikobraz.tga (32,02 K/S -   65 580 bytes)
[18:06:58] - [35] VICTOR.POZEN: Début du Téléchargement de: D:\kerberos.htx\gamez1\Supercow\data\characters\dog.chr
[18:06:58] - [35] VICTOR.POZEN: Fichier envoyé: D:\kerberos.htx\gamez1\Supercow\data\characters\dog.chr (0,06 K/S -    64 bytes)
[18:06:58] - [35] VICTOR.POZEN: Début du Téléchargement de: D:\kerberos.htx\gamez1\Supercow\data\characters\dog.skl
[18:06:59] - [35] VICTOR.POZEN: Fichier envoyé: D:\kerberos.htx\gamez1\Supercow\data\characters\dog.skl (23,54 K/S -   24 108 bytes)
[18:06:59] - [35] VICTOR.POZEN: Début du Téléchargement de: D:\kerberos.htx\gamez1\Supercow\data\characters\dog_atack.anm
[18:06:59] - [35] VICTOR.POZEN: Fichier envoyé: D:\kerberos.htx\gamez1\Supercow\data\characters\dog_atack.anm (2,61 K/S -   2 676 bytes)
[18:07:00] - [35] VICTOR.POZEN: Début du Téléchargement de: D:\kerberos.htx\gamez1\Supercow\data\characters\dog_dance.anm
[18:07:00] - [35] VICTOR.POZEN: Fichier envoyé: D:\kerberos.htx\gamez1\Supercow\data\characters\dog_dance.anm (13,45 K/S -   13 776 bytes)
[18:07:00] - [35] VICTOR.POZEN: Début du Téléchargement de: D:\kerberos.htx\gamez1\Supercow\data\characters\dog_pausa.anm
[18:07:01] - [35] VICTOR.POZEN: Fichier envoyé: D:\kerberos.htx\gamez1\Supercow\data\characters\dog_pausa.anm (13,02 K/S -   13 332 bytes)
[18:07:01] - [35] VICTOR.POZEN: Début du Téléchargement de: D:\kerberos.htx\gamez1\Supercow\data\characters\dog_pausa2.anm
[18:07:01] - [35] VICTOR.POZEN: Fichier envoyé: D:\kerberos.htx\gamez1\Supercow\data\characters\dog_pausa2.anm (15,19 K/S -   15 552 bytes)
[18:07:02] - [35] VICTOR.POZEN: Début du Téléchargement de: D:\kerberos.htx\gamez1\Supercow\data\characters\dog_run.anm
[18:07:02] - [35] VICTOR.POZEN: Fichier envoyé: D:\kerberos.htx\gamez1\Supercow\data\characters\dog_run.anm (3,48 K/S -   3 564 bytes)
[18:07:02] - [35] VICTOR.POZEN: Début du Téléchargement de: D:\kerberos.htx\gamez1\Supercow\data\characters\DoG_TGA.tga
[18:07:04] - [35] VICTOR.POZEN: Fichier envoyé: D:\kerberos.htx\gamez1\Supercow\data\characters\DoG_TGA.tga (64,04 K/S -   65 580 bytes)
[18:07:04] - [35] VICTOR.POZEN: Début du Téléchargement de: D:\kerberos.htx\gamez1\Supercow\data\characters\flycatcher.chr
[18:07:04] - [35] VICTOR.POZEN: Fichier envoyé: D:\kerberos.htx\gamez1\Supercow\data\characters\flycatcher.chr (0,06 K/S -    64 bytes)
[18:07:05] - [35] VICTOR.POZEN: Début du Téléchargement de: D:\kerberos.htx\gamez1\Supercow\data\characters\flycatcher.skl
[18:07:05] - [35] VICTOR.POZEN: Fichier envoyé: D:\kerberos.htx\gamez1\Supercow\data\characters\flycatcher.skl (20,00 K/S -   20 484 bytes)
[18:07:05] - [35] VICTOR.POZEN: Début du Téléchargement de: D:\kerberos.htx\gamez1\Supercow\data\characters\flycatcher_attack.anm
[18:07:05] - [35] VICTOR.POZEN: Fichier envoyé: D:\kerberos.htx\gamez1\Supercow\data\characters\flycatcher_attack.anm (3,95 K/S -   4 044 bytes)
[18:07:06] - [35] VICTOR.POZEN: Début du Téléchargement de: D:\kerberos.htx\gamez1\Supercow\data\characters\flycatcher_death.anm
[18:07:06] - [35] VICTOR.POZEN: Fichier envoyé: D:\kerberos.htx\gamez1\Supercow\data\characters\flycatcher_death.anm (3,29 K/S -   3 372 bytes)
[18:07:06] - [35] VICTOR.POZEN: Début du Téléchargement de: D:\kerberos.htx\gamez1\Supercow\data\characters\flycatcher_pause.anm
[18:07:06] - [35] VICTOR.POZEN: Fichier envoyé: D:\kerberos.htx\gamez1\Supercow\data\characters\flycatcher_pause.anm (6,57 K/S -   6 732 bytes)
[18:07:07] - [35] VICTOR.POZEN: Début du Téléchargement de: D:\kerberos.htx\gamez1\Supercow\data\characters\frog.chr
[18:07:07] - [35] VICTOR.POZEN: Fichier envoyé: D:\kerberos.htx\gamez1\Supercow\data\characters\frog.chr (0,06 K/S -    64 bytes)
[18:07:07] - [35] VICTOR.POZEN: Début du Téléchargement de: D:\kerberos.htx\gamez1\Supercow\data\characters\frog.jpg
[18:07:07] - [35] VICTOR.POZEN: Fichier envoyé: D:\kerberos.htx\gamez1\Supercow\data\characters\frog.jpg (9,23 K/S -   9 453 bytes)
[18:07:08] - [35] VICTOR.POZEN: Début du Téléchargement de: D:\kerberos.htx\gamez1\Supercow\data\characters\frog.skl
[18:07:08] - [35] VICTOR.POZEN: Fichier envoyé: D:\kerberos.htx\gamez1\Supercow\data\characters\frog.skl (23,70 K/S -   24 264 bytes)
[18:07:09] - [35] VICTOR.POZEN: Début du Téléchargement de: D:\kerberos.htx\gamez1\Supercow\data\characters\frog_ik.anm
[18:07:09] - [35] VICTOR.POZEN: Fichier envoyé: D:\kerberos.htx\gamez1\Supercow\data\characters\frog_ik.anm (15,95 K/S -   16 332 bytes)
[18:07:10] - [35] VICTOR.POZEN: Début du Téléchargement de: D:\kerberos.htx\gamez1\Supercow\data\characters\frog_jump.anm
[18:07:10] - [35] VICTOR.POZEN: Fichier envoyé: D:\kerberos.htx\gamez1\Supercow\data\characters\frog_jump.anm (13,96 K/S -   14 292 bytes)
[18:07:10] - [35] VICTOR.POZEN: Début du Téléchargement de: D:\kerberos.htx\gamez1\Supercow\data\characters\frog_plevok.anm
[18:07:10] - [35] VICTOR.POZEN: Fichier envoyé: D:\kerberos.htx\gamez1\Supercow\data\characters\frog_plevok.anm (11,96 K/S -   12 252 bytes)
[18:07:11] - [35] VICTOR.POZEN: Début du Téléchargement de: D:\kerberos.htx\gamez1\Supercow\data\characters\frog_turn.anm
[18:07:11] - [35] VICTOR.POZEN: Fichier envoyé: D:\kerberos.htx\gamez1\Supercow\data\characters\frog_turn.anm (12,76 K/S -   13 068 bytes)
[18:07:12] - [35] VICTOR.POZEN: Début du Téléchargement de: D:\kerberos.htx\gamez1\Supercow\data\characters\goat.chr
[18:07:12] - [35] VICTOR.POZEN: Fichier envoyé: D:\kerberos.htx\gamez1\Supercow\data\characters\goat.chr (0,06 K/S -    64 bytes)
[18:07:12] - [35] VICTOR.POZEN: Début du Téléchargement de: D:\kerberos.htx\gamez1\Supercow\data\characters\goat.skl
[18:07:13] - [35] VICTOR.POZEN: Fichier envoyé: D:\kerberos.htx\gamez1\Supercow\data\characters\goat.skl (39,81 K/S -   40 768 bytes)
[18:07:13] - [35] VICTOR.POZEN: Début du Téléchargement de: D:\kerberos.htx\gamez1\Supercow\data\characters\goat_attack.anm
[18:07:13] - [35] VICTOR.POZEN: Fichier envoyé: D:\kerberos.htx\gamez1\Supercow\data\characters\goat_attack.anm (7,75 K/S -   7 932 bytes)
[18:07:14] - [35] VICTOR.POZEN: Début du Téléchargement de: D:\kerberos.htx\gamez1\Supercow\data\characters\goat_dance.anm
[18:07:15] - [35] VICTOR.POZEN: Fichier envoyé: D:\kerberos.htx\gamez1\Supercow\data\characters\goat_dance.anm (38,48 K/S -   78 816 bytes)
[18:07:16] - [35] VICTOR.POZEN: Début du Téléchargement de: D:\kerberos.htx\gamez1\Supercow\data\characters\goat_death.anm
[18:07:16] - [35] VICTOR.POZEN: Fichier envoyé: D:\kerberos.htx\gamez1\Supercow\data\characters\goat_death.anm (22,44 K/S -   22 980 bytes)
[18:07:17] - [35] VICTOR.POZEN: Début du Téléchargement de: D:\kerberos.htx\gamez1\Supercow\data\characters\goat_run.anm
[18:07:17] - [35] VICTOR.POZEN: Fichier envoyé: D:\kerberos.htx\gamez1\Supercow\data\characters\goat_run.anm (5,81 K/S -   5 952 bytes)
[18:07:17] - [35] VICTOR.POZEN: Début du Téléchargement de: D:\kerberos.htx\gamez1\Supercow\data\characters\goat_stand.anm
[18:07:19] - [35] VICTOR.POZEN: Fichier envoyé: D:\kerberos.htx\gamez1\Supercow\data\characters\goat_stand.anm (30,94 K/S -   63 372 bytes)
[18:07:19] - [35] VICTOR.POZEN: Début du Téléchargement de: D:\kerberos.htx\gamez1\Supercow\data\characters\goat_throw.anm
[18:07:19] - [35] VICTOR.POZEN: Fichier envoyé: D:\kerberos.htx\gamez1\Supercow\data\characters\goat_throw.anm (9,68 K/S -   9 912 bytes)
[18:07:19] - [35] VICTOR.POZEN: Début du Téléchargement de: D:\kerberos.htx\gamez1\Supercow\data\characters\goat_walk.anm
[18:07:20] - [35] VICTOR.POZEN: Fichier envoyé: D:\kerberos.htx\gamez1\Supercow\data\characters\goat_walk.anm (7,36 K/S -   7 536 bytes)
[18:07:20] - [35] VICTOR.POZEN: Début du Téléchargement de: D:\kerberos.htx\gamez1\Supercow\data\characters\hedgehog.anm
[18:07:20] - [35] VICTOR.POZEN: Fichier envoyé: D:\kerberos.htx\gamez1\Supercow\data\characters\hedgehog.anm (1,18 K/S -   1 212 bytes)
[18:07:20] - [35] VICTOR.POZEN: Début du Téléchargement de: D:\kerberos.htx\gamez1\Supercow\data\characters\hedgehog.chr
[18:07:21] - [35] VICTOR.POZEN: Fichier envoyé: D:\kerberos.htx\gamez1\Supercow\data\characters\hedgehog.chr (0,06 K/S -    64 bytes)
[18:07:21] - [35] VICTOR.POZEN: Début du Téléchargement de: D:\kerberos.htx\gamez1\Supercow\data\characters\hedgehog.skl
[18:07:21] - [35] VICTOR.POZEN: Fichier envoyé: D:\kerberos.htx\gamez1\Supercow\data\characters\hedgehog.skl (27,44 K/S -   28 100 bytes)
[18:07:22] - [35] VICTOR.POZEN: Début du Téléchargement de: D:\kerberos.htx\gamez1\Supercow\data\characters\korova.jpg
[18:07:23] - [35] VICTOR.POZEN: Fichier envoyé: D:\kerberos.htx\gamez1\Supercow\data\characters\korova.jpg (47,61 K/S -   48 757 bytes)
[18:07:23] - [35] VICTOR.POZEN: Début du Téléchargement de: D:\kerberos.htx\gamez1\Supercow\data\characters\kozel.jpg
[18:07:24] - [35] VICTOR.POZEN: Fichier envoyé: D:\kerberos.htx\gamez1\Supercow\data\characters\kozel.jpg (46,03 K/S -   47 131 bytes)
[18:07:25] - [35] VICTOR.POZEN: Début du Téléchargement de: D:\kerberos.htx\gamez1\Supercow\data\characters\Krot.jpg
[18:07:25] - [35] VICTOR.POZEN: Fichier envoyé: D:\kerberos.htx\gamez1\Supercow\data\characters\Krot.jpg (11,09 K/S -   11 359 bytes)
[18:07:25] - [35] VICTOR.POZEN: Début du Téléchargement de: D:\kerberos.htx\gamez1\Supercow\data\characters\mole.chr
[18:07:25] - [35] VICTOR.POZEN: Fichier envoyé: D:\kerberos.htx\gamez1\Supercow\data\characters\mole.chr (0,06 K/S -    64 bytes)
[18:07:26] - [35] VICTOR.POZEN: Début du Téléchargement de: D:\kerberos.htx\gamez1\Supercow\data\characters\mole.skl
[18:07:26] - [35] VICTOR.POZEN: Fichier envoyé: D:\kerberos.htx\gamez1\Supercow\data\characters\mole.skl (23,14 K/S -   23 696 bytes)
[18:07:26] - [35] VICTOR.POZEN: Début du Téléchargement de: D:\kerberos.htx\gamez1\Supercow\data\characters\mole_attack.anm
[18:07:26] - [35] VICTOR.POZEN: Fichier envoyé: D:\kerberos.htx\gamez1\Supercow\data\characters\mole_attack.anm (5,11 K/S -   5 232 bytes)
[18:07:27] - [35] VICTOR.POZEN: Début du Téléchargement de: D:\kerberos.htx\gamez1\Supercow\data\characters\mole_fall.anm
[18:07:27] - [35] VICTOR.POZEN: Fichier envoyé: D:\kerberos.htx\gamez1\Supercow\data\characters\mole_fall.anm (8,51 K/S -   8 712 bytes)
[18:07:27] - [35] VICTOR.POZEN: Début du Téléchargement de: D:\kerberos.htx\gamez1\Supercow\data\characters\mole_look.anm
[18:07:27] - [35] VICTOR.POZEN: Fichier envoyé: D:\kerberos.htx\gamez1\Supercow\data\characters\mole_look.anm (6,81 K/S -   6 972 bytes)
[18:07:28] - [35] VICTOR.POZEN: Début du Téléchargement de: D:\kerberos.htx\gamez1\Supercow\data\characters\mole_void.anm
[18:07:28] - [35] VICTOR.POZEN: Fichier envoyé: D:\kerberos.htx\gamez1\Supercow\data\characters\mole_void.anm (2,05 K/S -   2 100 bytes)
[18:07:28] - [35] VICTOR.POZEN: Début du Téléchargement de: D:\kerberos.htx\gamez1\Supercow\data\characters\muholov.tga
[18:07:30] - [35] VICTOR.POZEN: Fichier envoyé: D:\kerberos.htx\gamez1\Supercow\data\characters\muholov.tga (64,04 K/S -   65 580 bytes)
[18:07:30] - [35] VICTOR.POZEN: Début du Téléchargement de: D:\kerberos.htx\gamez1\Supercow\data\characters\osa.tga
[18:07:32] - [35] VICTOR.POZEN: Fichier envoyé: D:\kerberos.htx\gamez1\Supercow\data\characters\osa.tga (32,02 K/S -   65 580 bytes)
[18:07:32] - [35] VICTOR.POZEN: Début du Téléchargement de: D:\kerberos.htx\gamez1\Supercow\data\characters\pauk.jpg
[18:07:32] - [35] VICTOR.POZEN: Fichier envoyé: D:\kerberos.htx\gamez1\Supercow\data\characters\pauk.jpg (23,76 K/S -   24 329 bytes)
[18:07:33] - [35] VICTOR.POZEN: Début du Téléchargement de: D:\kerberos.htx\gamez1\Supercow\data\characters\pig.jpg
[18:07:34] - [35] VICTOR.POZEN: Fichier envoyé: D:\kerberos.htx\gamez1\Supercow\data\characters\pig.jpg (54,28 K/S -   55 581 bytes)
[18:07:34] - [35] VICTOR.POZEN: Début du Téléchargement de: D:\kerberos.htx\gamez1\Supercow\data\characters\pig_attack.anm
[18:07:34] - [35] VICTOR.POZEN: Fichier envoyé: D:\kerberos.htx\gamez1\Supercow\data\characters\pig_attack.anm (3,29 K/S -   3 372 bytes)
[18:07:35] - [35] VICTOR.POZEN: Début du Téléchargement de: D:\kerberos.htx\gamez1\Supercow\data\characters\pig_run.anm
[18:07:35] - [35] VICTOR.POZEN: Fichier envoyé: D:\kerberos.htx\gamez1\Supercow\data\characters\pig_run.anm (3,29 K/S -   3 372 bytes)
[18:07:35] - [35] VICTOR.POZEN: Début du Téléchargement de: D:\kerberos.htx\gamez1\Supercow\data\characters\pig_stand.anm
[18:07:36] - [35] VICTOR.POZEN: Fichier envoyé: D:\kerberos.htx\gamez1\Supercow\data\characters\pig_stand.anm (20,52 K/S -   21 012 bytes)
[18:07:36] - [35] VICTOR.POZEN: Début du Téléchargement de: D:\kerberos.htx\gamez1\Supercow\data\characters\prof.chr
[18:07:36] - [35] VICTOR.POZEN: Fichier envoyé: D:\kerberos.htx\gamez1\Supercow\data\characters\prof.chr (0,06 K/S -    64 bytes)
[18:07:37] - [35] VICTOR.POZEN: Début du Téléchargement de: D:\kerberos.htx\gamez1\Supercow\data\characters\prof.jpg
[18:07:38] - [35] VICTOR.POZEN: Fichier envoyé: D:\kerberos.htx\gamez1\Supercow\data\characters\prof.jpg (43,39 K/S -   44 434 bytes)
[18:07:38] - [35] VICTOR.POZEN: Début du Téléchargement de: D:\kerberos.htx\gamez1\Supercow\data\characters\prof.skl
[18:07:39] - [35] VICTOR.POZEN: Fichier envoyé: D:\kerberos.htx\gamez1\Supercow\data\characters\prof.skl (52,29 K/S -   53 540 bytes)
[18:07:39] - [35] VICTOR.POZEN: Début du Téléchargement de: D:\kerberos.htx\gamez1\Supercow\data\characters\prof_attack.anm
[18:07:39] - [35] VICTOR.POZEN: Fichier envoyé: D:\kerberos.htx\gamez1\Supercow\data\characters\prof_attack.anm (8,92 K/S -   9 132 bytes)
[18:07:40] - [35] VICTOR.POZEN: Début du Téléchargement de: D:\kerberos.htx\gamez1\Supercow\data\characters\prof_walk.anm
[18:07:40] - [35] VICTOR.POZEN: Fichier envoyé: D:\kerberos.htx\gamez1\Supercow\data\characters\prof_walk.anm (4,46 K/S -   4 572 bytes)
[18:07:40] - [35] VICTOR.POZEN: Début du Téléchargement de: D:\kerberos.htx\gamez1\Supercow\data\characters\snail.chr
[18:07:40] - [35] VICTOR.POZEN: Fichier envoyé: D:\kerberos.htx\gamez1\Supercow\data\characters\snail.chr (0,06 K/S -    64 bytes)
[18:07:41] - [35] VICTOR.POZEN: Début du Téléchargement de: D:\kerberos.htx\gamez1\Supercow\data\characters\snail.skl
[18:07:41] - [35] VICTOR.POZEN: Fichier envoyé: D:\kerberos.htx\gamez1\Supercow\data\characters\snail.skl (18,88 K/S -   19 336 bytes)
[18:07:42] - [35] VICTOR.POZEN: Début du Téléchargement de: D:\kerberos.htx\gamez1\Supercow\data\characters\snail_attack.anm
[18:07:42] - [35] VICTOR.POZEN: Fichier envoyé: D:\kerberos.htx\gamez1\Supercow\data\characters\snail_attack.anm (1,70 K/S -   1 740 bytes)
[18:07:42] - [35] VICTOR.POZEN: Début du Téléchargement de: D:\kerberos.htx\gamez1\Supercow\data\characters\snail_left.anm
[18:07:42] - [35] VICTOR.POZEN: Fichier envoyé: D:\kerberos.htx\gamez1\Supercow\data\characters\snail_left.anm (2,82 K/S -   2 892 bytes)
[18:07:43] - [35] VICTOR.POZEN: Début du Téléchargement de: D:\kerberos.htx\gamez1\Supercow\data\characters\snail_pause.anm
[18:07:43] - [35] VICTOR.POZEN: Fichier envoyé: D:\kerberos.htx\gamez1\Supercow\data\characters\snail_pause.anm (22,51 K/S -   23 052 bytes)
[18:07:44] - [35] VICTOR.POZEN: Début du Téléchargement de: D:\kerberos.htx\gamez1\Supercow\data\characters\snail_right.anm
[18:07:44] - [35] VICTOR.POZEN: Fichier envoyé: D:\kerberos.htx\gamez1\Supercow\data\characters\snail_right.anm (2,82 K/S -   2 892 bytes)
[18:07:44] - [35] VICTOR.POZEN: Début du Téléchargement de: D:\kerberos.htx\gamez1\Supercow\data\characters\spider.chr
[18:07:44] - [35] VICTOR.POZEN: Fichier envoyé: D:\kerberos.htx\gamez1\Supercow\data\characters\spider.chr (0,06 K/S -    64 bytes)
[18:07:45] - [35] VICTOR.POZEN: Début du Téléchargement de: D:\kerberos.htx\gamez1\Supercow\data\characters\spider.skl
[18:07:45] - [35] VICTOR.POZEN: Fichier envoyé: D:\kerberos.htx\gamez1\Supercow\data\characters\spider.skl (22,49 K/S -   23 032 bytes)
[18:07:45] - [35] VICTOR.POZEN: Début du Téléchargement de: D:\kerberos.htx\gamez1\Supercow\data\characters\spider_run.anm
[18:07:45] - [35] VICTOR.POZEN: Fichier envoyé: D:\kerberos.htx\gamez1\Supercow\data\characters\spider_run.anm (4,23 K/S -   4 332 bytes)
[18:07:46] - [35] VICTOR.POZEN: Début du Téléchargement de: D:\kerberos.htx\gamez1\Supercow\data\characters\ulitka.jpg
[18:07:46] - [35] VICTOR.POZEN: Fichier envoyé: D:\kerberos.htx\gamez1\Supercow\data\characters\ulitka.jpg (19,28 K/S -   19 745 bytes)
[18:07:47] - [35] VICTOR.POZEN: Début du Téléchargement de: D:\kerberos.htx\gamez1\Supercow\data\characters\vorona.jpg
[18:07:47] - [35] VICTOR.POZEN: Fichier envoyé: D:\kerberos.htx\gamez1\Supercow\data\characters\vorona.jpg (21,53 K/S -   22 043 bytes)
[18:07:48] - [35] VICTOR.POZEN: Début du Téléchargement de: D:\kerberos.htx\gamez1\Supercow\data\characters\vorona2.jpg
[18:07:48] - [35] VICTOR.POZEN: Fichier envoyé: D:\kerberos.htx\gamez1\Supercow\data\characters\vorona2.jpg (28,23 K/S -   28 904 bytes)
[18:07:49] - [35] VICTOR.POZEN: Début du Téléchargement de: D:\kerberos.htx\gamez1\Supercow\data\characters\wasp.chr
[18:07:49] - [35] VICTOR.POZEN: Fichier envoyé: D:\kerberos.htx\gamez1\Supercow\data\characters\wasp.chr (0,06 K/S -    64 bytes)
[18:07:49] - [35] VICTOR.POZEN: Début du Téléchargement de: D:\kerberos.htx\gamez1\Supercow\data\characters\wasp.skl
[18:07:49] - [35] VICTOR.POZEN: Fichier envoyé: D:\kerberos.htx\gamez1\Supercow\data\characters\wasp.skl (7,55 K/S -   7 728 bytes)
[18:07:50] - [35] VICTOR.POZEN: Début du Téléchargement de: D:\kerberos.htx\gamez1\Supercow\data\characters\wasp_run.anm
[18:07:50] - [35] VICTOR.POZEN: Fichier envoyé: D:\kerberos.htx\gamez1\Supercow\data\characters\wasp_run.anm (5,26 K/S -   5 388 bytes)
[18:07:51] - [35] VICTOR.POZEN: Début du Téléchargement de: D:\kerberos.htx\gamez1\Supercow\data\audio\voices_us\10_h1.ogg
[18:07:52] - [35] VICTOR.POZEN: Fichier envoyé: D:\kerberos.htx\gamez1\Supercow\data\audio\voices_us\10_h1.ogg (31,84 K/S -   32 607 bytes)
[18:07:52] - [35] VICTOR.POZEN: Début du Téléchargement de: D:\kerberos.htx\gamez1\Supercow\data\audio\voices_us\10_h2.ogg
[18:07:53] - [35] VICTOR.POZEN: Fichier envoyé: D:\kerberos.htx\gamez1\Supercow\data\audio\voices_us\10_h2.ogg (49,91 K/S -   51 104 bytes)
[18:07:54] - [35] VICTOR.POZEN: Début du Téléchargement de: D:\kerberos.htx\gamez1\Supercow\data\audio\voices_us\10_h3.ogg
[18:07:54] - [35] VICTOR.POZEN: Fichier envoyé: D:\kerberos.htx\gamez1\Supercow\data\audio\voices_us\10_h3.ogg (19,74 K/S -   20 209 bytes)
[18:07:54] - [35] VICTOR.POZEN: Début du Téléchargement de: D:\kerberos.htx\gamez1\Supercow\data\audio\voices_us\10_h4.ogg
[18:07:56] - [35] VICTOR.POZEN: Fichier envoyé: D:\kerberos.htx\gamez1\Supercow\data\audio\voices_us\10_h4.ogg (58,57 K/S -   59 977 bytes)
[18:07:56] - [35] VICTOR.POZEN: Début du Téléchargement de: D:\kerberos.htx\gamez1\Supercow\data\audio\voices_us\10_h5.ogg
[18:07:57] - [35] VICTOR.POZEN: Fichier envoyé: D:\kerberos.htx\gamez1\Supercow\data\audio\voices_us\10_h5.ogg (32,39 K/S -   33 164 bytes)
[18:07:57] - [35] VICTOR.POZEN: Début du Téléchargement de: D:\kerberos.htx\gamez1\Supercow\data\audio\voices_us\10_v1.ogg
[18:07:57] - [35] VICTOR.POZEN: Fichier envoyé: D:\kerberos.htx\gamez1\Supercow\data\audio\voices_us\10_v1.ogg (19,83 K/S -   20 309 bytes)
[18:07:58] - [35] VICTOR.POZEN: Début du Téléchargement de: D:\kerberos.htx\gamez1\Supercow\data\audio\voices_us\10_v10.ogg
[18:07:58] - [35] VICTOR.POZEN: Fichier envoyé: D:\kerberos.htx\gamez1\Supercow\data\audio\voices_us\10_v10.ogg (14,54 K/S -   14 891 bytes)
[18:07:59] - [35] VICTOR.POZEN: Début du Téléchargement de: D:\kerberos.htx\gamez1\Supercow\data\audio\voices_us\10_v11.ogg
[18:08:00] - [35] VICTOR.POZEN: Fichier envoyé: D:\kerberos.htx\gamez1\Supercow\data\audio\voices_us\10_v11.ogg (51,29 K/S -   52 524 bytes)
[18:08:00] - [35] VICTOR.POZEN: Début du Téléchargement de: D:\kerberos.htx\gamez1\Supercow\data\audio\voices_us\10_v12.ogg
[18:08:01] - [35] VICTOR.POZEN: Fichier envoyé: D:\kerberos.htx\gamez1\Supercow\data\audio\voices_us\10_v12.ogg (46,82 K/S -   47 940 bytes)
[18:08:01] - [35] VICTOR.POZEN: Début du Téléchargement de: D:\kerberos.htx\gamez1\Supercow\data\audio\voices_us\10_v13.ogg
[18:08:03] - [35] VICTOR.POZEN: Fichier envoyé: D:\kerberos.htx\gamez1\Supercow\data\audio\voices_us\10_v13.ogg (63,36 K/S -   64 883 bytes)
[18:08:03] - [35] VICTOR.POZEN: Début du Téléchargement de: D:\kerberos.htx\gamez1\Supercow\data\audio\voices_us\10_v14.ogg
[18:08:04] - [35] VICTOR.POZEN: Fichier envoyé: D:\kerberos.htx\gamez1\Supercow\data\audio\voices_us\10_v14.ogg (37,72 K/S -   38 625 bytes)
[18:08:04] - [35] VICTOR.POZEN: Début du Téléchargement de: D:\kerberos.htx\gamez1\Supercow\data\audio\voices_us\10_v15.ogg
[18:08:05] - [35] VICTOR.POZEN: Fichier envoyé: D:\kerberos.htx\gamez1\Supercow\data\audio\voices_us\10_v15.ogg (29,17 K/S -   59 740 bytes)
[18:08:06] - [35] VICTOR.POZEN: Début du Téléchargement de: D:\kerberos.htx\gamez1\Supercow\data\audio\voices_us\10_v16.ogg
[18:08:07] - [35] VICTOR.POZEN: Fichier envoyé: D:\kerberos.htx\gamez1\Supercow\data\audio\voices_us\10_v16.ogg (48,84 K/S -   50 014 bytes)
[18:08:07] - [35] VICTOR.POZEN: Début du Téléchargement de: D:\kerberos.htx\gamez1\Supercow\data\audio\voices_us\10_v17.ogg
[18:08:08] - [35] VICTOR.POZEN: Fichier envoyé: D:\kerberos.htx\gamez1\Supercow\data\audio\voices_us\10_v17.ogg (39,41 K/S -   40 352 bytes)
[18:08:08] - [35] VICTOR.POZEN: Début du Téléchargement de: D:\kerberos.htx\gamez1\Supercow\data\audio\voices_us\10_v18.ogg
[18:08:10] - [35] VICTOR.POZEN: Fichier envoyé: D:\kerberos.htx\gamez1\Supercow\data\audio\voices_us\10_v18.ogg (64,28 K/S -   65 823 bytes)
[18:08:10] - [35] VICTOR.POZEN: Début du Téléchargement de: D:\kerberos.htx\gamez1\Supercow\data\audio\voices_us\10_v2.ogg
[18:08:11] - [35] VICTOR.POZEN: Fichier envoyé: D:\kerberos.htx\gamez1\Supercow\data\audio\voices_us\10_v2.ogg (24,73 K/S -   25 324 bytes)
[18:08:11] - [35] VICTOR.POZEN: Début du Téléchargement de: D:\kerberos.htx\gamez1\Supercow\data\audio\voices_us\10_v3.ogg
[18:08:12] - [35] VICTOR.POZEN: Fichier envoyé: D:\kerberos.htx\gamez1\Supercow\data\audio\voices_us\10_v3.ogg (25,40 K/S -   26 008 bytes)
[18:08:12] - [35] VICTOR.POZEN: Début du Téléchargement de: D:\kerberos.htx\gamez1\Supercow\data\audio\voices_us\10_v4.ogg
[18:08:13] - [35] VICTOR.POZEN: Fichier envoyé: D:\kerberos.htx\gamez1\Supercow\data\audio\voices_us\10_v4.ogg (49,19 K/S -   50 375 bytes)
[18:08:14] - [35] VICTOR.POZEN: Début du Téléchargement de: D:\kerberos.htx\gamez1\Supercow\data\audio\voices_us\10_v5.ogg
[18:08:15] - [35] VICTOR.POZEN: Fichier envoyé: D:\kerberos.htx\gamez1\Supercow\data\audio\voices_us\10_v5.ogg (45,16 K/S -   92 492 bytes)
[18:08:16] - [35] VICTOR.POZEN: Début du Téléchargement de: D:\kerberos.htx\gamez1\Supercow\data\audio\voices_us\10_v6.ogg
[18:08:16] - [35] VICTOR.POZEN: Fichier envoyé: D:\kerberos.htx\gamez1\Supercow\data\audio\voices_us\10_v6.ogg (29,22 K/S -   29 924 bytes)
[18:08:17] - [35] VICTOR.POZEN: Début du Téléchargement de: D:\kerberos.htx\gamez1\Supercow\data\audio\voices_us\10_v7.ogg
[18:08:17] - [35] VICTOR.POZEN: Fichier envoyé: D:\kerberos.htx\gamez1\Supercow\data\audio\voices_us\10_v7.ogg (25,48 K/S -   26 087 bytes)
[18:08:18] - [35] VICTOR.POZEN: Début du Téléchargement de: D:\kerberos.htx\gamez1\Supercow\data\audio\voices_us\10_v8.ogg
[18:08:19] - [35] VICTOR.POZEN: Fichier envoyé: D:\kerberos.htx\gamez1\Supercow\data\audio\voices_us\10_v8.ogg (34,74 K/S -   35 577 bytes)
[18:08:19] - [35] VICTOR.POZEN: Début du Téléchargement de: D:\kerberos.htx\gamez1\Supercow\data\audio\voices_us\10_v9.ogg
[18:08:19] - [35] VICTOR.POZEN: Fichier envoyé: D:\kerberos.htx\gamez1\Supercow\data\audio\voices_us\10_v9.ogg (25,36 K/S -   25 964 bytes)
[18:08:20] - [35] VICTOR.POZEN: Début du Téléchargement de: D:\kerberos.htx\gamez1\Supercow\data\audio\voices_us\1_h1.ogg
[18:08:20] - [35] VICTOR.POZEN: Fichier envoyé: D:\kerberos.htx\gamez1\Supercow\data\audio\voices_us\1_h1.ogg (22,48 K/S -   23 024 bytes)
[18:08:21] - [35] VICTOR.POZEN: Début du Téléchargement de: D:\kerberos.htx\gamez1\Supercow\data\audio\voices_us\1_h2.ogg
[18:08:21] - [35] VICTOR.POZEN: Fichier envoyé: D:\kerberos.htx\gamez1\Supercow\data\audio\voices_us\1_h2.ogg (36,84 K/S -   37 723 bytes)
[18:08:22] - [35] VICTOR.POZEN: Début du Téléchargement de: D:\kerberos.htx\gamez1\Supercow\data\audio\voices_us\1_h3.ogg
[18:08:22] - [35] VICTOR.POZEN: Fichier envoyé: D:\kerberos.htx\gamez1\Supercow\data\audio\voices_us\1_h3.ogg (25,74 K/S -   26 359 bytes)
[18:08:23] - [35] VICTOR.POZEN: Début du Téléchargement de: D:\kerberos.htx\gamez1\Supercow\data\audio\voices_us\1_h4.ogg
[18:08:24] - [35] VICTOR.POZEN: Fichier envoyé: D:\kerberos.htx\gamez1\Supercow\data\audio\voices_us\1_h4.ogg (48,21 K/S -   49 370 bytes)
[18:08:24] - [35] VICTOR.POZEN: Début du Téléchargement de: D:\kerberos.htx\gamez1\Supercow\data\audio\voices_us\1_h5.ogg
[18:08:25] - [35] VICTOR.POZEN: Fichier envoyé: D:\kerberos.htx\gamez1\Supercow\data\audio\voices_us\1_h5.ogg (22,64 K/S -   23 185 bytes)
[18:08:25] - [35] VICTOR.POZEN: Début du Téléchargement de: D:\kerberos.htx\gamez1\Supercow\data\audio\voices_us\1_h6.ogg
[18:08:26] - [35] VICTOR.POZEN: Fichier envoyé: D:\kerberos.htx\gamez1\Supercow\data\audio\voices_us\1_h6.ogg (33,14 K/S -   33 940 bytes)
[18:08:26] - [35] VICTOR.POZEN: Début du Téléchargement de: D:\kerberos.htx\gamez1\Supercow\data\audio\voices_us\1_h7.ogg
[18:08:27] - [35] VICTOR.POZEN: Fichier envoyé: D:\kerberos.htx\gamez1\Supercow\data\audio\voices_us\1_h7.ogg (34,77 K/S -   35 608 bytes)
[18:08:27] - [35] VICTOR.POZEN: Début du Téléchargement de: D:\kerberos.htx\gamez1\Supercow\data\audio\voices_us\1_h8.ogg
[18:08:28] - [35] VICTOR.POZEN: Fichier envoyé: D:\kerberos.htx\gamez1\Supercow\data\audio\voices_us\1_h8.ogg (34,13 K/S -   34 946 bytes)
[18:08:28] - [35] VICTOR.POZEN: Début du Téléchargement de: D:\kerberos.htx\gamez1\Supercow\data\audio\voices_us\1_v1.ogg
[18:08:29] - [35] VICTOR.POZEN: Fichier envoyé: D:\kerberos.htx\gamez1\Supercow\data\audio\voices_us\1_v1.ogg (34,90 K/S -   35 733 bytes)
[18:08:30] - [35] VICTOR.POZEN: Début du Téléchargement de: D:\kerberos.htx\gamez1\Supercow\data\audio\voices_us\1_v10.ogg
[18:08:31] - [35] VICTOR.POZEN: Fichier envoyé: D:\kerberos.htx\gamez1\Supercow\data\audio\voices_us\1_v10.ogg (44,26 K/S -   90 650 bytes)
[18:08:32] - [35] VICTOR.POZEN: Début du Téléchargement de: D:\kerberos.htx\gamez1\Supercow\data\audio\voices_us\1_v11.ogg
[18:08:32] - [35] VICTOR.POZEN: Fichier envoyé: D:\kerberos.htx\gamez1\Supercow\data\audio\voices_us\1_v11.ogg (28,15 K/S -   28 828 bytes)
[18:08:33] - [35] VICTOR.POZEN: Début du Téléchargement de: D:\kerberos.htx\gamez1\Supercow\data\audio\voices_us\1_v2.ogg
[18:08:34] - [35] VICTOR.POZEN: Fichier envoyé: D:\kerberos.htx\gamez1\Supercow\data\audio\voices_us\1_v2.ogg (38,39 K/S -   78 620 bytes)
[18:08:35] - [35] VICTOR.POZEN: Début du Téléchargement de: D:\kerberos.htx\gamez1\Supercow\data\audio\voices_us\1_v3.ogg
[18:08:37] - [35] VICTOR.POZEN: Fichier envoyé: D:\kerberos.htx\gamez1\Supercow\data\audio\voices_us\1_v3.ogg (41,44 K/S -   84 865 bytes)
[18:08:37] - [35] VICTOR.POZEN: Début du Téléchargement de: D:\kerberos.htx\gamez1\Supercow\data\audio\voices_us\1_v4.ogg
[18:08:38] - [35] VICTOR.POZEN: Fichier envoyé: D:\kerberos.htx\gamez1\Supercow\data\audio\voices_us\1_v4.ogg (54,97 K/S -   56 287 bytes)
[18:08:39] - [35] VICTOR.POZEN: Début du Téléchargement de: D:\kerberos.htx\gamez1\Supercow\data\audio\voices_us\1_v5.ogg
[18:08:40] - [35] VICTOR.POZEN: Fichier envoyé: D:\kerberos.htx\gamez1\Supercow\data\audio\voices_us\1_v5.ogg (56,32 K/S -   57 674 bytes)
[18:08:40] - [35] VICTOR.POZEN: Début du Téléchargement de: D:\kerberos.htx\gamez1\Supercow\data\audio\voices_us\1_v6.ogg
[18:08:42] - [35] VICTOR.POZEN: Fichier envoyé: D:\kerberos.htx\gamez1\Supercow\data\audio\voices_us\1_v6.ogg (39,34 K/S -   80 575 bytes)
[18:08:42] - [35] VICTOR.POZEN: Début du Téléchargement de: D:\kerberos.htx\gamez1\Supercow\data\audio\voices_us\1_v7.ogg
[18:08:43] - [35] VICTOR.POZEN: Fichier envoyé: D:\kerberos.htx\gamez1\Supercow\data\audio\voices_us\1_v7.ogg (44,69 K/S -   45 767 bytes)
[18:08:43] - [35] VICTOR.POZEN: Début du Téléchargement de: D:\kerberos.htx\gamez1\Supercow\data\audio\voices_us\1_v8.ogg
[18:08:45] - [35] VICTOR.POZEN: Fichier envoyé: D:\kerberos.htx\gamez1\Supercow\data\audio\voices_us\1_v8.ogg (89,34 K/S -   91 489 bytes)
[18:08:46] - [35] VICTOR.POZEN: Début du Téléchargement de: D:\kerberos.htx\gamez1\Supercow\data\audio\voices_us\1_v9.ogg
[18:08:47] - [35] VICTOR.POZEN: Fichier envoyé: D:\kerberos.htx\gamez1\Supercow\data\audio\voices_us\1_v9.ogg (48,19 K/S -   49 347 bytes)
[18:08:47] - [35] VICTOR.POZEN: Début du Téléchargement de: D:\kerberos.htx\gamez1\Supercow\data\audio\voices_us\2_h1.ogg
[18:08:48] - [35] VICTOR.POZEN: Fichier envoyé: D:\kerberos.htx\gamez1\Supercow\data\audio\voices_us\2_h1.ogg (29,49 K/S -   30 198 bytes)
[18:08:48] - [35] VICTOR.POZEN: Début du Téléchargement de: D:\kerberos.htx\gamez1\Supercow\data\audio\voices_us\2_h2.ogg
[18:08:49] - [35] VICTOR.POZEN: Fichier envoyé: D:\kerberos.htx\gamez1\Supercow\data\audio\voices_us\2_h2.ogg (20,03 K/S -   20 509 bytes)
[18:08:49] - [35] VICTOR.POZEN: Début du Téléchargement de: D:\kerberos.htx\gamez1\Supercow\data\audio\voices_us\2_h3.ogg
[18:08:50] - [35] VICTOR.POZEN: Fichier envoyé: D:\kerberos.htx\gamez1\Supercow\data\audio\voices_us\2_h3.ogg (50,14 K/S -   51 340 bytes)
[18:08:50] - [35] VICTOR.POZEN: Début du Téléchargement de: D:\kerberos.htx\gamez1\Supercow\data\audio\voices_us\2_h4.ogg
[18:08:51] - [35] VICTOR.POZEN: Fichier envoyé: D:\kerberos.htx\gamez1\Supercow\data\audio\voices_us\2_h4.ogg (35,54 K/S -   36 392 bytes)
[18:08:51] - [35] VICTOR.POZEN: Début du Téléchargement de: D:\kerberos.htx\gamez1\Supercow\data\audio\voices_us\2_h5.ogg
[18:08:53] - [35] VICTOR.POZEN: Fichier envoyé: D:\kerberos.htx\gamez1\Supercow\data\audio\voices_us\2_h5.ogg (61,21 K/S -   62 681 bytes)
[18:08:53] - [35] VICTOR.POZEN: Début du Téléchargement de: D:\kerberos.htx\gamez1\Supercow\data\audio\voices_us\2_h6.ogg
[18:08:53] - [35] VICTOR.POZEN: Fichier envoyé: D:\kerberos.htx\gamez1\Supercow\data\audio\voices_us\2_h6.ogg (20,89 K/S -   21 389 bytes)
[18:08:54] - [35] VICTOR.POZEN: Début du Téléchargement de: D:\kerberos.htx\gamez1\Supercow\data\audio\voices_us\2_h7.ogg
[18:08:56] - [35] VICTOR.POZEN: Fichier envoyé: D:\kerberos.htx\gamez1\Supercow\data\audio\voices_us\2_h7.ogg (49,92 K/S -   102 230 bytes)
[18:08:56] - [35] VICTOR.POZEN: Début du Téléchargement de: D:\kerberos.htx\gamez1\Supercow\data\audio\voices_us\2_h8.ogg
[18:08:57] - [35] VICTOR.POZEN: Fichier envoyé: D:\kerberos.htx\gamez1\Supercow\data\audio\voices_us\2_h8.ogg (39,26 K/S -   40 202 bytes)
[18:08:57] - [35] VICTOR.POZEN: Début du Téléchargement de: D:\kerberos.htx\gamez1\Supercow\data\audio\voices_us\2_v1.ogg
[18:08:59] - [35] VICTOR.POZEN: Fichier envoyé: D:\kerberos.htx\gamez1\Supercow\data\audio\voices_us\2_v1.ogg (56,32 K/S -   57 672 bytes)
[18:08:59] - [35] VICTOR.POZEN: Début du Téléchargement de: D:\kerberos.htx\gamez1\Supercow\data\audio\voices_us\2_v10.ogg
[18:09:00] - [35] VICTOR.POZEN: Fichier envoyé: D:\kerberos.htx\gamez1\Supercow\data\audio\voices_us\2_v10.ogg (29,91 K/S -   30 627 bytes)
[18:09:00] - [35] VICTOR.POZEN: Début du Téléchargement de: D:\kerberos.htx\gamez1\Supercow\data\audio\voices_us\2_v11.ogg
[18:09:02] - [35] VICTOR.POZEN: Fichier envoyé: D:\kerberos.htx\gamez1\Supercow\data\audio\voices_us\2_v11.ogg (37,15 K/S -   76 082 bytes)
[18:09:02] - [35] VICTOR.POZEN: Début du Téléchargement de: D:\kerberos.htx\gamez1\Supercow\data\audio\voices_us\2_v12.ogg
[18:09:03] - [35] VICTOR.POZEN: Fichier envoyé: D:\kerberos.htx\gamez1\Supercow\data\audio\voices_us\2_v12.ogg (34,95 K/S -   35 784 bytes)
[18:09:03] - [35] VICTOR.POZEN: Début du Téléchargement de: D:\kerberos.htx\gamez1\Supercow\data\audio\voices_us\2_v13.ogg
[18:09:04] - [35] VICTOR.POZEN: Fichier envoyé: D:\kerberos.htx\gamez1\Supercow\data\audio\voices_us\2_v13.ogg (43,79 K/S -   44 845 bytes)
[18:09:04] - [35] VICTOR.POZEN: Début du Téléchargement de: D:\kerberos.htx\gamez1\Supercow\data\audio\voices_us\2_v14.ogg
[18:09:05] - [35] VICTOR.POZEN: Fichier envoyé: D:\kerberos.htx\gamez1\Supercow\data\audio\voices_us\2_v14.ogg (47,95 K/S -   49 104 bytes)
[18:09:06] - [35] VICTOR.POZEN: Début du Téléchargement de: D:\kerberos.htx\gamez1\Supercow\data\audio\voices_us\2_v15.ogg
[18:09:07] - [35] VICTOR.POZEN: Fichier envoyé: D:\kerberos.htx\gamez1\Supercow\data\audio\voices_us\2_v15.ogg (40,62 K/S -   83 183 bytes)
[18:09:08] - [35] VICTOR.POZEN: Début du Téléchargement de: D:\kerberos.htx\gamez1\Supercow\data\audio\voices_us\2_v16.ogg
[18:09:09] - [35] VICTOR.POZEN: Fichier envoyé: D:\kerberos.htx\gamez1\Supercow\data\audio\voices_us\2_v16.ogg (35,20 K/S -   72 080 bytes)
[18:09:10] - [35] VICTOR.POZEN: Début du Téléchargement de: D:\kerberos.htx\gamez1\Supercow\data\audio\voices_us\2_v17.ogg
[18:09:11] - [35] VICTOR.POZEN: Fichier envoyé: D:\kerberos.htx\gamez1\Supercow\data\audio\voices_us\2_v17.ogg (65,28 K/S -   66 845 bytes)
[18:09:11] - [35] VICTOR.POZEN: Début du Téléchargement de: D:\kerberos.htx\gamez1\Supercow\data\audio\voices_us\2_v18.ogg
[18:09:12] - [35] VICTOR.POZEN: Fichier envoyé: D:\kerberos.htx\gamez1\Supercow\data\audio\voices_us\2_v18.ogg (37,17 K/S -   38 066 bytes)
[18:09:13] - [35] VICTOR.POZEN: Début du Téléchargement de: D:\kerberos.htx\gamez1\Supercow\data\audio\voices_us\2_v2.ogg
[18:09:14] - [35] VICTOR.POZEN: Fichier envoyé: D:\kerberos.htx\gamez1\Supercow\data\audio\voices_us\2_v2.ogg (47,26 K/S -   48 392 bytes)
[18:09:14] - [35] VICTOR.POZEN: Début du Téléchargement de: D:\kerberos.htx\gamez1\Supercow\data\audio\voices_us\2_v3.ogg
[18:09:14] - [35] VICTOR.POZEN: Fichier envoyé: D:\kerberos.htx\gamez1\Supercow\data\audio\voices_us\2_v3.ogg (12,99 K/S -   13 297 bytes)
[18:09:15] - [35] VICTOR.POZEN: Début du Téléchargement de: D:\kerberos.htx\gamez1\Supercow\data\audio\voices_us\2_v4.ogg
[18:09:16] - [35] VICTOR.POZEN: Fichier envoyé: D:\kerberos.htx\gamez1\Supercow\data\audio\voices_us\2_v4.ogg (39,02 K/S -   79 918 bytes)
[18:09:17] - [35] VICTOR.POZEN: Début du Téléchargement de: D:\kerberos.htx\gamez1\Supercow\data\audio\voices_us\2_v5.ogg
[18:09:18] - [35] VICTOR.POZEN: Fichier envoyé: D:\kerberos.htx\gamez1\Supercow\data\audio\voices_us\2_v5.ogg (59,49 K/S -   60 916 bytes)
[18:09:18] - [35] VICTOR.POZEN: Début du Téléchargement de: D:\kerberos.htx\gamez1\Supercow\data\audio\voices_us\2_v6.ogg
[18:09:20] - [35] VICTOR.POZEN: Fichier envoyé: D:\kerberos.htx\gamez1\Supercow\data\audio\voices_us\2_v6.ogg (67,95 K/S -   69 582 bytes)
[18:09:20] - [35] VICTOR.POZEN: Début du Téléchargement de: D:\kerberos.htx\gamez1\Supercow\data\audio\voices_us\2_v7.ogg
[18:09:21] - [35] VICTOR.POZEN: Fichier envoyé: D:\kerberos.htx\gamez1\Supercow\data\audio\voices_us\2_v7.ogg (34,12 K/S -   34 934 bytes)
[18:09:21] - [35] VICTOR.POZEN: Début du Téléchargement de: D:\kerberos.htx\gamez1\Supercow\data\audio\voices_us\2_v8.ogg
[18:09:22] - [35] VICTOR.POZEN: Fichier envoyé: D:\kerberos.htx\gamez1\Supercow\data\audio\voices_us\2_v8.ogg (18,55 K/S -   19 000 bytes)
[18:09:22] - [35] VICTOR.POZEN: Début du Téléchargement de: D:\kerberos.htx\gamez1\Supercow\data\audio\voices_us\2_v9.ogg
[18:09:23] - [35] VICTOR.POZEN: Fichier envoyé: D:\kerberos.htx\gamez1\Supercow\data\audio\voices_us\2_v9.ogg (44,74 K/S -   45 813 bytes)
[18:09:24] - [35] VICTOR.POZEN: Début du Téléchargement de: D:\kerberos.htx\gamez1\Supercow\data\audio\voices_us\3_h1.ogg
[18:09:24] - [35] VICTOR.POZEN: Fichier envoyé: D:\kerberos.htx\gamez1\Supercow\data\audio\voices_us\3_h1.ogg (23,64 K/S -   24 203 bytes)
[18:09:24] - [35] VICTOR.POZEN: Début du Téléchargement de: D:\kerberos.htx\gamez1\Supercow\data\audio\voices_us\3_h2.ogg
[18:09:25] - [35] VICTOR.POZEN: Fichier envoyé: D:\kerberos.htx\gamez1\Supercow\data\audio\voices_us\3_h2.ogg (33,84 K/S -   34 656 bytes)
[18:09:25] - [35] VICTOR.POZEN: Début du Téléchargement de: D:\kerberos.htx\gamez1\Supercow\data\audio\voices_us\3_h3.ogg
[18:09:27] - [35] VICTOR.POZEN: Fichier envoyé: D:\kerberos.htx\gamez1\Supercow\data\audio\voices_us\3_h3.ogg (49,45 K/S -   50 636 bytes)
[18:09:27] - [35] VICTOR.POZEN: Début du Téléchargement de: D:\kerberos.htx\gamez1\Supercow\data\audio\voices_us\3_h4.ogg
[18:09:28] - [35] VICTOR.POZEN: Fichier envoyé: D:\kerberos.htx\gamez1\Supercow\data\audio\voices_us\3_h4.ogg (44,91 K/S -   45 983 bytes)
[18:09:28] - [35] VICTOR.POZEN: Début du Téléchargement de: D:\kerberos.htx\gamez1\Supercow\data\audio\voices_us\3_h5.ogg
[18:09:30] - [35] VICTOR.POZEN: Fichier envoyé: D:\kerberos.htx\gamez1\Supercow\data\audio\voices_us\3_h5.ogg (32,73 K/S -   100 542 bytes)
[18:09:31] - [35] VICTOR.POZEN: Début du Téléchargement de: D:\kerberos.htx\gamez1\Supercow\data\audio\voices_us\3_h6.ogg
[18:09:32] - [35] VICTOR.POZEN: Fichier envoyé: D:\kerberos.htx\gamez1\Supercow\data\audio\voices_us\3_h6.ogg (40,75 K/S -   41 730 bytes)
[18:09:32] - [35] VICTOR.POZEN: Début du Téléchargement de: D:\kerberos.htx\gamez1\Supercow\data\audio\voices_us\3_h7.ogg
[18:09:33] - [35] VICTOR.POZEN: Fichier envoyé: D:\kerberos.htx\gamez1\Supercow\data\audio\voices_us\3_h7.ogg (35,51 K/S -   36 367 bytes)
[18:09:33] - [35] VICTOR.POZEN: Début du Téléchargement de: D:\kerberos.htx\gamez1\Supercow\data\audio\voices_us\3_h8.ogg
[18:09:34] - [35] VICTOR.POZEN: Fichier envoyé: D:\kerberos.htx\gamez1\Supercow\data\audio\voices_us\3_h8.ogg (30,32 K/S -   62 096 bytes)
[18:09:35] - [35] VICTOR.POZEN: Début du Téléchargement de: D:\kerberos.htx\gamez1\Supercow\data\audio\voices_us\3_h9.ogg
[18:09:35] - [35] VICTOR.POZEN: Fichier envoyé: D:\kerberos.htx\gamez1\Supercow\data\audio\voices_us\3_h9.ogg (16,71 K/S -   17 113 bytes)
[18:09:36] - [35] VICTOR.POZEN: Début du Téléchargement de: D:\kerberos.htx\gamez1\Supercow\data\audio\voices_us\3_v1.ogg
[18:09:36] - [35] VICTOR.POZEN: Fichier envoyé: D:\kerberos.htx\gamez1\Supercow\data\audio\voices_us\3_v1.ogg (25,87 K/S -   26 493 bytes)
[18:09:36] - [35] VICTOR.POZEN: Début du Téléchargement de: D:\kerberos.htx\gamez1\Supercow\data\audio\voices_us\3_v10.ogg
[18:09:38] - [35] VICTOR.POZEN: Fichier envoyé: D:\kerberos.htx\gamez1\Supercow\data\audio\voices_us\3_v10.ogg (81,47 K/S -   83 422 bytes)
[18:09:39] - [35] VICTOR.POZEN: Début du Téléchargement de: D:\kerberos.htx\gamez1\Supercow\data\audio\voices_us\3_v11.ogg
[18:09:39] - [35] VICTOR.POZEN: Fichier envoyé: D:\kerberos.htx\gamez1\Supercow\data\audio\voices_us\3_v11.ogg (38,72 K/S -   39 645 bytes)
[18:09:40] - [35] VICTOR.POZEN: Début du Téléchargement de: D:\kerberos.htx\gamez1\Supercow\data\audio\voices_us\3_v12.ogg
[18:09:41] - [35] VICTOR.POZEN: Fichier envoyé: D:\kerberos.htx\gamez1\Supercow\data\audio\voices_us\3_v12.ogg (42,88 K/S -   43 904 bytes)
[18:09:41] - [35] VICTOR.POZEN: Début du Téléchargement de: D:\kerberos.htx\gamez1\Supercow\data\audio\voices_us\3_v13.ogg
[18:09:42] - [35] VICTOR.POZEN: Fichier envoyé: D:\kerberos.htx\gamez1\Supercow\data\audio\voices_us\3_v13.ogg (28,17 K/S -   57 684 bytes)
[18:09:43] - [35] VICTOR.POZEN: Début du Téléchargement de: D:\kerberos.htx\gamez1\Supercow\data\audio\voices_us\3_v14.ogg
[18:09:45] - [35] VICTOR.POZEN: Fichier envoyé: D:\kerberos.htx\gamez1\Supercow\data\audio\voices_us\3_v14.ogg (49,88 K/S -   102 162 bytes)
[18:09:45] - [35] VICTOR.POZEN: Début du Téléchargement de: D:\kerberos.htx\gamez1\Supercow\data\audio\voices_us\3_v15.ogg
[18:09:46] - [35] VICTOR.POZEN: Fichier envoyé: D:\kerberos.htx\gamez1\Supercow\data\audio\voices_us\3_v15.ogg (38,43 K/S -   39 349 bytes)
[18:09:46] - [35] VICTOR.POZEN: Début du Téléchargement de: D:\kerberos.htx\gamez1\Supercow\data\audio\voices_us\3_v16.ogg
[18:09:47] - [35] VICTOR.POZEN: Fichier envoyé: D:\kerberos.htx\gamez1\Supercow\data\audio\voices_us\3_v16.ogg (26,11 K/S -   26 740 bytes)
[18:09:47] - [35] VICTOR.POZEN: Début du Téléchargement de: D:\kerberos.htx\gamez1\Supercow\data\audio\voices_us\3_v2.ogg
[18:09:48] - [35] VICTOR.POZEN: Fichier envoyé: D:\kerberos.htx\gamez1\Supercow\data\audio\voices_us\3_v2.ogg (56,35 K/S -   57 699 bytes)
[18:09:49] - [35] VICTOR.POZEN: Début du Téléchargement de: D:\kerberos.htx\gamez1\Supercow\data\audio\voices_us\3_v3.ogg
[18:09:50] - [35] VICTOR.POZEN: Fichier envoyé: D:\kerberos.htx\gamez1\Supercow\data\audio\voices_us\3_v3.ogg (32,41 K/S -   33 186 bytes)
[18:09:50] - [35] VICTOR.POZEN: Début du Téléchargement de: D:\kerberos.htx\gamez1\Supercow\data\audio\voices_us\3_v4.ogg
[18:09:51] - [35] VICTOR.POZEN: Fichier envoyé: D:\kerberos.htx\gamez1\Supercow\data\audio\voices_us\3_v4.ogg (56,49 K/S -   57 846 bytes)
[18:09:52] - [35] VICTOR.POZEN: Début du Téléchargement de: D:\kerberos.htx\gamez1\Supercow\data\audio\voices_us\3_v5.ogg
[18:09:53] - [35] VICTOR.POZEN: Fichier envoyé: D:\kerberos.htx\gamez1\Supercow\data\audio\voices_us\3_v5.ogg (52,92 K/S -   54 192 bytes)
[18:09:53] - [35] VICTOR.POZEN: Début du Téléchargement de: D:\kerberos.htx\gamez1\Supercow\data\audio\voices_us\3_v6.ogg
[18:09:54] - [35] VICTOR.POZEN: Fichier envoyé: D:\kerberos.htx\gamez1\Supercow\data\audio\voices_us\3_v6.ogg (31,57 K/S -   64 664 bytes)
[18:09:55] - [35] VICTOR.POZEN: Début du Téléchargement de: D:\kerberos.htx\gamez1\Supercow\data\audio\voices_us\3_v7.ogg
[18:09:56] - [35] VICTOR.POZEN: Fichier envoyé: D:\kerberos.htx\gamez1\Supercow\data\audio\voices_us\3_v7.ogg (51,94 K/S -   53 186 bytes)
[18:09:56] - [35] VICTOR.POZEN: Début du Téléchargement de: D:\kerberos.htx\gamez1\Supercow\data\audio\voices_us\3_v8.ogg
[18:09:57] - [35] VICTOR.POZEN: Fichier envoyé: D:\kerberos.htx\gamez1\Supercow\data\audio\voices_us\3_v8.ogg (37,14 K/S -   38 036 bytes)
[18:09:57] - [35] VICTOR.POZEN: Début du Téléchargement de: D:\kerberos.htx\gamez1\Supercow\data\audio\voices_us\3_v9.ogg
[18:09:58] - [35] VICTOR.POZEN: Fichier envoyé: D:\kerberos.htx\gamez1\Supercow\data\audio\voices_us\3_v9.ogg (51,19 K/S -   52 420 bytes)
[18:09:59] - [35] VICTOR.POZEN: Début du Téléchargement de: D:\kerberos.htx\gamez1\Supercow\data\audio\voices_us\4_h1.ogg
[18:09:59] - [35] VICTOR.POZEN: Fichier envoyé: D:\kerberos.htx\gamez1\Supercow\data\audio\voices_us\4_h1.ogg (35,81 K/S -   36 673 bytes)
[18:10:00] - [35] VICTOR.POZEN: Début du Téléchargement de: D:\kerberos.htx\gamez1\Supercow\data\audio\voices_us\4_h10.ogg
[18:10:01] - [35] VICTOR.POZEN: Fichier envoyé: D:\kerberos.htx\gamez1\Supercow\data\audio\voices_us\4_h10.ogg (31,41 K/S -   32 160 bytes)
[18:10:01] - [35] VICTOR.POZEN: Début du Téléchargement de: D:\kerberos.htx\gamez1\Supercow\data\audio\voices_us\4_h11.ogg
[18:10:02] - [35] VICTOR.POZEN: Fichier envoyé: D:\kerberos.htx\gamez1\Supercow\data\audio\voices_us\4_h11.ogg (30,75 K/S -   31 484 bytes)
[18:10:02] - [35] VICTOR.POZEN: Début du Téléchargement de: D:\kerberos.htx\gamez1\Supercow\data\audio\voices_us\4_h2.ogg
[18:10:02] - [35] VICTOR.POZEN: Fichier envoyé: D:\kerberos.htx\gamez1\Supercow\data\audio\voices_us\4_h2.ogg (16,78 K/S -   17 186 bytes)
[18:10:03] - [35] VICTOR.POZEN: Début du Téléchargement de: D:\kerberos.htx\gamez1\Supercow\data\audio\voices_us\4_h3.ogg
[18:10:03] - [35] VICTOR.POZEN: Fichier envoyé: D:\kerberos.htx\gamez1\Supercow\data\audio\voices_us\4_h3.ogg (34,51 K/S -   35 334 bytes)
[18:10:04] - [35] VICTOR.POZEN: Début du Téléchargement de: D:\kerberos.htx\gamez1\Supercow\data\audio\voices_us\4_h4.ogg
[18:10:04] - [35] VICTOR.POZEN: Fichier envoyé: D:\kerberos.htx\gamez1\Supercow\data\audio\voices_us\4_h4.ogg (26,65 K/S -   27 292 bytes)
[18:10:05] - [35] VICTOR.POZEN: Début du Téléchargement de: D:\kerberos.htx\gamez1\Supercow\data\audio\voices_us\4_h5.ogg
[18:10:05] - [35] VICTOR.POZEN: Fichier envoyé: D:\kerberos.htx\gamez1\Supercow\data\audio\voices_us\4_h5.ogg (25,90 K/S -   26 519 bytes)
[18:10:06] - [35] VICTOR.POZEN: Début du Téléchargement de: D:\kerberos.htx\gamez1\Supercow\data\audio\voices_us\4_h6.ogg
[18:10:06] - [35] VICTOR.POZEN: Fichier envoyé: D:\kerberos.htx\gamez1\Supercow\data\audio\voices_us\4_h6.ogg (29,92 K/S -   30 633 bytes)
[18:10:07] - [35] VICTOR.POZEN: Début du Téléchargement de: D:\kerberos.htx\gamez1\Supercow\data\audio\voices_us\4_h7.ogg
[18:10:08] - [35] VICTOR.POZEN: Fichier envoyé: D:\kerberos.htx\gamez1\Supercow\data\audio\voices_us\4_h7.ogg (66,19 K/S -   67 776 bytes)
[18:10:09] - [35] VICTOR.POZEN: Début du Téléchargement de: D:\kerberos.htx\gamez1\Supercow\data\audio\voices_us\4_h8.ogg
[18:10:09] - [35] VICTOR.POZEN: Fichier envoyé: D:\kerberos.htx\gamez1\Supercow\data\audio\voices_us\4_h8.ogg (30,58 K/S -   31 315 bytes)
[18:10:10] - [35] VICTOR.POZEN: Début du Téléchargement de: D:\kerberos.htx\gamez1\Supercow\data\audio\voices_us\4_h9.ogg
[18:10:11] - [35] VICTOR.POZEN: Fichier envoyé: D:\kerberos.htx\gamez1\Supercow\data\audio\voices_us\4_h9.ogg (59,15 K/S -   60 571 bytes)
[18:10:11] - [35] VICTOR.POZEN: Début du Téléchargement de: D:\kerberos.htx\gamez1\Supercow\data\audio\voices_us\4_v1.ogg
[18:10:12] - [35] VICTOR.POZEN: Fichier envoyé: D:\kerberos.htx\gamez1\Supercow\data\audio\voices_us\4_v1.ogg (50,26 K/S -   51 470 bytes)
[18:10:13] - [35] VICTOR.POZEN: Début du Téléchargement de: D:\kerberos.htx\gamez1\Supercow\data\audio\voices_us\4_v10.ogg
[18:10:14] - [35] VICTOR.POZEN: Fichier envoyé: D:\kerberos.htx\gamez1\Supercow\data\audio\voices_us\4_v10.ogg (56,14 K/S -   57 484 bytes)
[18:10:14] - [35] VICTOR.POZEN: Début du Téléchargement de: D:\kerberos.htx\gamez1\Supercow\data\audio\voices_us\4_v11.ogg
[18:10:16] - [35] VICTOR.POZEN: Fichier envoyé: D:\kerberos.htx\gamez1\Supercow\data\audio\voices_us\4_v11.ogg (32,70 K/S -   66 968 bytes)
[18:10:16] - [35] VICTOR.POZEN: Début du Téléchargement de: D:\kerberos.htx\gamez1\Supercow\data\audio\voices_us\4_v12.ogg
[18:10:17] - [35] VICTOR.POZEN: Fichier envoyé: D:\kerberos.htx\gamez1\Supercow\data\audio\voices_us\4_v12.ogg (33,27 K/S -   34 065 bytes)
[18:10:17] - [35] VICTOR.POZEN: Début du Téléchargement de: D:\kerberos.htx\gamez1\Supercow\data\audio\voices_us\4_v2.ogg
[18:10:18] - [35] VICTOR.POZEN: Fichier envoyé: D:\kerberos.htx\gamez1\Supercow\data\audio\voices_us\4_v2.ogg (29,11 K/S -   59 614 bytes)
[18:10:19] - [35] VICTOR.POZEN: Début du Téléchargement de: D:\kerberos.htx\gamez1\Supercow\data\audio\voices_us\4_v3.ogg
[18:10:20] - [35] VICTOR.POZEN: Fichier envoyé: D:\kerberos.htx\gamez1\Supercow\data\audio\voices_us\4_v3.ogg (56,35 K/S -   57 703 bytes)
[18:10:20] - [35] VICTOR.POZEN: Début du Téléchargement de: D:\kerberos.htx\gamez1\Supercow\data\audio\voices_us\4_v4.ogg
[18:10:22] - [35] VICTOR.POZEN: Fichier envoyé: D:\kerberos.htx\gamez1\Supercow\data\audio\voices_us\4_v4.ogg (52,84 K/S -   108 216 bytes)
[18:10:23] - [35] VICTOR.POZEN: Début du Téléchargement de: D:\kerberos.htx\gamez1\Supercow\data\audio\voices_us\4_v5.ogg
[18:10:24] - [35] VICTOR.POZEN: Fichier envoyé: D:\kerberos.htx\gamez1\Supercow\data\audio\voices_us\4_v5.ogg (56,78 K/S -   58 147 bytes)
[18:10:24] - [35] VICTOR.POZEN: Début du Téléchargement de: D:\kerberos.htx\gamez1\Supercow\data\audio\voices_us\4_v6.ogg
[18:10:26] - [35] VICTOR.POZEN: Fichier envoyé: D:\kerberos.htx\gamez1\Supercow\data\audio\voices_us\4_v6.ogg (81,35 K/S -   83 298 bytes)
[18:10:27] - [35] VICTOR.POZEN: Début du Téléchargement de: D:\kerberos.htx\gamez1\Supercow\data\audio\voices_us\4_v7.ogg
[18:10:28] - [35] VICTOR.POZEN: Fichier envoyé: D:\kerberos.htx\gamez1\Supercow\data\audio\voices_us\4_v7.ogg (57,73 K/S -   59 118 bytes)
[18:10:28] - [35] VICTOR.POZEN: Début du Téléchargement de: D:\kerberos.htx\gamez1\Supercow\data\audio\voices_us\4_v8.ogg
[18:10:30] - [35] VICTOR.POZEN: Fichier envoyé: D:\kerberos.htx\gamez1\Supercow\data\audio\voices_us\4_v8.ogg (50,06 K/S -   102 518 bytes)
[18:10:31] - [35] VICTOR.POZEN: Début du Téléchargement de: D:\kerberos.htx\gamez1\Supercow\data\audio\voices_us\4_v9.ogg
[18:10:32] - [35] VICTOR.POZEN: Fichier envoyé: D:\kerberos.htx\gamez1\Supercow\data\audio\voices_us\4_v9.ogg (78,49 K/S -   80 374 bytes)
[18:10:33] - [35] VICTOR.POZEN: Début du Téléchargement de: D:\kerberos.htx\gamez1\Supercow\data\audio\voices_us\5_h1.ogg
[18:10:33] - [35] VICTOR.POZEN: Fichier envoyé: D:\kerberos.htx\gamez1\Supercow\data\audio\voices_us\5_h1.ogg (28,59 K/S -   29 277 bytes)
[18:10:34] - [35] VICTOR.POZEN: Début du Téléchargement de: D:\kerberos.htx\gamez1\Supercow\data\audio\voices_us\5_h10.ogg
[18:10:34] - [35] VICTOR.POZEN: Fichier envoyé: D:\kerberos.htx\gamez1\Supercow\data\audio\voices_us\5_h10.ogg (35,56 K/S -   36 411 bytes)
[18:10:35] - [35] VICTOR.POZEN: Début du Téléchargement de: D:\kerberos.htx\gamez1\Supercow\data\audio\voices_us\5_h11.ogg
[18:10:36] - [35] VICTOR.POZEN: Fichier envoyé: D:\kerberos.htx\gamez1\Supercow\data\audio\voices_us\5_h11.ogg (45,31 K/S -   46 397 bytes)
[18:10:36] - [35] VICTOR.POZEN: Début du Téléchargement de: D:\kerberos.htx\gamez1\Supercow\data\audio\voices_us\5_h12.ogg
[18:10:37] - [35] VICTOR.POZEN: Fichier envoyé: D:\kerberos.htx\gamez1\Supercow\data\audio\voices_us\5_h12.ogg (28,64 K/S -   58 650 bytes)
[18:10:38] - [35] VICTOR.POZEN: Début du Téléchargement de: D:\kerberos.htx\gamez1\Supercow\data\audio\voices_us\5_h2.ogg
[18:10:39] - [35] VICTOR.POZEN: Fichier envoyé: D:\kerberos.htx\gamez1\Supercow\data\audio\voices_us\5_h2.ogg (44,05 K/S -   45 111 bytes)
[18:10:39] - [35] VICTOR.POZEN: Début du Téléchargement de: D:\kerberos.htx\gamez1\Supercow\data\audio\voices_us\5_h3.ogg
[18:10:40] - [35] VICTOR.POZEN: Fichier envoyé: D:\kerberos.htx\gamez1\Supercow\data\audio\voices_us\5_h3.ogg (34,31 K/S -   35 135 bytes)
[18:10:40] - [35] VICTOR.POZEN: Début du Téléchargement de: D:\kerberos.htx\gamez1\Supercow\data\audio\voices_us\5_h4.ogg
[18:10:41] - [35] VICTOR.POZEN: Fichier envoyé: D:\kerberos.htx\gamez1\Supercow\data\audio\voices_us\5_h4.ogg (40,33 K/S -   41 298 bytes)
[18:10:41] - [35] VICTOR.POZEN: Début du Téléchargement de: D:\kerberos.htx\gamez1\Supercow\data\audio\voices_us\5_h5.ogg
[18:10:42] - [35] VICTOR.POZEN: Fichier envoyé: D:\kerberos.htx\gamez1\Supercow\data\audio\voices_us\5_h5.ogg (16,42 K/S -   16 819 bytes)
[18:10:42] - [35] VICTOR.POZEN: Début du Téléchargement de: D:\kerberos.htx\gamez1\Supercow\data\audio\voices_us\5_h6.ogg
[18:10:43] - [35] VICTOR.POZEN: Fichier envoyé: D:\kerberos.htx\gamez1\Supercow\data\audio\voices_us\5_h6.ogg (35,55 K/S -   36 407 bytes)
[18:10:43] - [35] VICTOR.POZEN: Début du Téléchargement de: D:\kerberos.htx\gamez1\Supercow\data\audio\voices_us\5_h7.ogg
[18:10:44] - [35] VICTOR.POZEN: Fichier envoyé: D:\kerberos.htx\gamez1\Supercow\data\audio\voices_us\5_h7.ogg (50,67 K/S -   51 890 bytes)
[18:10:45] - [35] VICTOR.POZEN: Début du Téléchargement de: D:\kerberos.htx\gamez1\Supercow\data\audio\voices_us\5_h8.ogg
[18:10:45] - [35] VICTOR.POZEN: Fichier envoyé: D:\kerberos.htx\gamez1\Supercow\data\audio\voices_us\5_h8.ogg (28,70 K/S -   29 385 bytes)
[18:10:46] - [35] VICTOR.POZEN: Début du Téléchargement de: D:\kerberos.htx\gamez1\Supercow\data\audio\voices_us\5_h9.ogg
[18:10:46] - [35] VICTOR.POZEN: Fichier envoyé: D:\kerberos.htx\gamez1\Supercow\data\audio\voices_us\5_h9.ogg (29,33 K/S -   30 036 bytes)
[18:10:47] - [35] VICTOR.POZEN: Début du Téléchargement de: D:\kerberos.htx\gamez1\Supercow\data\audio\voices_us\5_v1.ogg
[18:10:47] - [35] VICTOR.POZEN: Fichier envoyé: D:\kerberos.htx\gamez1\Supercow\data\audio\voices_us\5_v1.ogg (21,14 K/S -   21 646 bytes)
[18:10:48] - [35] VICTOR.POZEN: Début du Téléchargement de: D:\kerberos.htx\gamez1\Supercow\data\audio\voices_us\5_v10.ogg
[18:10:48] - [35] VICTOR.POZEN: Fichier envoyé: D:\kerberos.htx\gamez1\Supercow\data\audio\voices_us\5_v10.ogg (33,87 K/S -   34 687 bytes)
[18:10:49] - [35] VICTOR.POZEN: Début du Téléchargement de: D:\kerberos.htx\gamez1\Supercow\data\audio\voices_us\5_v11.ogg
[18:10:50] - [35] VICTOR.POZEN: Fichier envoyé: D:\kerberos.htx\gamez1\Supercow\data\audio\voices_us\5_v11.ogg (69,06 K/S -   70 714 bytes)
[18:10:50] - [35] VICTOR.POZEN: Début du Téléchargement de: D:\kerberos.htx\gamez1\Supercow\data\audio\voices_us\5_v12.ogg
[18:10:52] - [35] VICTOR.POZEN: Fichier envoyé: D:\kerberos.htx\gamez1\Supercow\data\audio\voices_us\5_v12.ogg (67,08 K/S -   68 685 bytes)
[18:10:52] - [35] VICTOR.POZEN: Début du Téléchargement de: D:\kerberos.htx\gamez1\Supercow\data\audio\voices_us\5_v13.ogg
[18:10:53] - [35] VICTOR.POZEN: Fichier envoyé: D:\kerberos.htx\gamez1\Supercow\data\audio\voices_us\5_v13.ogg (24,23 K/S -   24 815 bytes)
[18:10:53] - [35] VICTOR.POZEN: Début du Téléchargement de: D:\kerberos.htx\gamez1\Supercow\data\audio\voices_us\5_v14.ogg
[18:10:54] - [35] VICTOR.POZEN: Fichier envoyé: D:\kerberos.htx\gamez1\Supercow\data\audio\voices_us\5_v14.ogg (31,42 K/S -   32 173 bytes)
[18:10:54] - [35] VICTOR.POZEN: Début du Téléchargement de: D:\kerberos.htx\gamez1\Supercow\data\audio\voices_us\5_v2.ogg
[18:10:55] - [35] VICTOR.POZEN: Fichier envoyé: D:\kerberos.htx\gamez1\Supercow\data\audio\voices_us\5_v2.ogg (41,27 K/S -   42 257 bytes)
[18:10:55] - [35] VICTOR.POZEN: Début du Téléchargement de: D:\kerberos.htx\gamez1\Supercow\data\audio\voices_us\5_v3.ogg
[18:10:57] - [35] VICTOR.POZEN: Fichier envoyé: D:\kerberos.htx\gamez1\Supercow\data\audio\voices_us\5_v3.ogg (54,66 K/S -   55 970 bytes)
[18:10:57] - [35] VICTOR.POZEN: Début du Téléchargement de: D:\kerberos.htx\gamez1\Supercow\data\audio\voices_us\5_v4.ogg
[18:10:57] - [35] VICTOR.POZEN: Fichier envoyé: D:\kerberos.htx\gamez1\Supercow\data\audio\voices_us\5_v4.ogg (20,18 K/S -   20 663 bytes)
[18:10:58] - [35] VICTOR.POZEN: Début du Téléchargement de: D:\kerberos.htx\gamez1\Supercow\data\audio\voices_us\5_v5.ogg
[18:10:59] - [35] VICTOR.POZEN: Fichier envoyé: D:\kerberos.htx\gamez1\Supercow\data\audio\voices_us\5_v5.ogg (37,19 K/S -   38 083 bytes)
[18:10:59] - [35] VICTOR.POZEN: Début du Téléchargement de: D:\kerberos.htx\gamez1\Supercow\data\audio\voices_us\5_v6.ogg
[18:11:00] - [35] VICTOR.POZEN: Fichier envoyé: D:\kerberos.htx\gamez1\Supercow\data\audio\voices_us\5_v6.ogg (33,00 K/S -   33 794 bytes)
[18:11:00] - [35] VICTOR.POZEN: Début du Téléchargement de: D:\kerberos.htx\gamez1\Supercow\data\audio\voices_us\5_v7.ogg
[18:11:01] - [35] VICTOR.POZEN: Fichier envoyé: D:\kerberos.htx\gamez1\Supercow\data\audio\voices_us\5_v7.ogg (32,47 K/S -   33 248 bytes)
[18:11:01] - [35] VICTOR.POZEN: Début du Téléchargement de: D:\kerberos.htx\gamez1\Supercow\data\audio\voices_us\5_v8.ogg
[18:11:03] - [35] VICTOR.POZEN: Fichier envoyé: D:\kerberos.htx\gamez1\Supercow\data\audio\voices_us\5_v8.ogg (35,83 K/S -   73 379 bytes)
[18:11:03] - [35] VICTOR.POZEN: Début du Téléchargement de: D:\kerberos.htx\gamez1\Supercow\data\audio\voices_us\5_v9.ogg
[18:11:05] - [35] VICTOR.POZEN: Fichier envoyé: D:\kerberos.htx\gamez1\Supercow\data\audio\voices_us\5_v9.ogg (39,74 K/S -   81 381 bytes)
[18:11:05] - [35] VICTOR.POZEN: Début du Téléchargement de: D:\kerberos.htx\gamez1\Supercow\data\audio\voices_us\6_h1.ogg
[18:11:06] - [35] VICTOR.POZEN: Fichier envoyé: D:\kerberos.htx\gamez1\Supercow\data\audio\voices_us\6_h1.ogg (48,96 K/S -   50 138 bytes)
[18:11:06] - [35] VICTOR.POZEN: Début du Téléchargement de: D:\kerberos.htx\gamez1\Supercow\data\audio\voices_us\6_h2.ogg
[18:11:07] - [35] VICTOR.POZEN: Fichier envoyé: D:\kerberos.htx\gamez1\Supercow\data\audio\voices_us\6_h2.ogg (22,43 K/S -   22 970 bytes)
[18:11:07] - [35] VICTOR.POZEN: Début du Téléchargement de: D:\kerberos.htx\gamez1\Supercow\data\audio\voices_us\6_h3.ogg
[18:11:08] - [35] VICTOR.POZEN: Fichier envoyé: D:\kerberos.htx\gamez1\Supercow\data\audio\voices_us\6_h3.ogg (28,53 K/S -   29 211 bytes)
[18:11:08] - [35] VICTOR.POZEN: Début du Téléchargement de: D:\kerberos.htx\gamez1\Supercow\data\audio\voices_us\6_h4.ogg
[18:11:09] - [35] VICTOR.POZEN: Fichier envoyé: D:\kerberos.htx\gamez1\Supercow\data\audio\voices_us\6_h4.ogg (45,06 K/S -   46 138 bytes)
[18:11:10] - [35] VICTOR.POZEN: Début du Téléchargement de: D:\kerberos.htx\gamez1\Supercow\data\audio\voices_us\6_h5.ogg
[18:11:11] - [35] VICTOR.POZEN: Fichier envoyé: D:\kerberos.htx\gamez1\Supercow\data\audio\voices_us\6_h5.ogg (63,43 K/S -   64 951 bytes)
[18:11:11] - [35] VICTOR.POZEN: Début du Téléchargement de: D:\kerberos.htx\gamez1\Supercow\data\audio\voices_us\6_h6.ogg
[18:11:12] - [35] VICTOR.POZEN: Fichier envoyé: D:\kerberos.htx\gamez1\Supercow\data\audio\voices_us\6_h6.ogg (29,69 K/S -   30 401 bytes)
[18:11:12] - [35] VICTOR.POZEN: Début du Téléchargement de: D:\kerberos.htx\gamez1\Supercow\data\audio\voices_us\6_h7.ogg
[18:11:14] - [35] VICTOR.POZEN: Fichier envoyé: D:\kerberos.htx\gamez1\Supercow\data\audio\voices_us\6_h7.ogg (61,48 K/S -   62 951 bytes)
[18:11:14] - [35] VICTOR.POZEN: Début du Téléchargement de: D:\kerberos.htx\gamez1\Supercow\data\audio\voices_us\6_h8.ogg
[18:11:15] - [35] VICTOR.POZEN: Fichier envoyé: D:\kerberos.htx\gamez1\Supercow\data\audio\voices_us\6_h8.ogg (51,04 K/S -   52 266 bytes)
[18:11:15] - [35] VICTOR.POZEN: Début du Téléchargement de: D:\kerberos.htx\gamez1\Supercow\data\audio\voices_us\6_v1.ogg
[18:11:16] - [35] VICTOR.POZEN: Fichier envoyé: D:\kerberos.htx\gamez1\Supercow\data\audio\voices_us\6_v1.ogg (18,44 K/S -   18 886 bytes)
[18:11:16] - [35] VICTOR.POZEN: Début du Téléchargement de: D:\kerberos.htx\gamez1\Supercow\data\audio\voices_us\6_v10.ogg
[18:11:18] - [35] VICTOR.POZEN: Fichier envoyé: D:\kerberos.htx\gamez1\Supercow\data\audio\voices_us\6_v10.ogg (59,51 K/S -   60 940 bytes)
[18:11:18] - [35] VICTOR.POZEN: Début du Téléchargement de: D:\kerberos.htx\gamez1\Supercow\data\audio\voices_us\6_v2.ogg
[18:11:19] - [35] VICTOR.POZEN: Fichier envoyé: D:\kerberos.htx\gamez1\Supercow\data\audio\voices_us\6_v2.ogg (32,82 K/S -   33 604 bytes)
[18:11:19] - [35] VICTOR.POZEN: Début du Téléchargement de: D:\kerberos.htx\gamez1\Supercow\data\audio\voices_us\6_v3.ogg
[18:11:20] - [35] VICTOR.POZEN: Fichier envoyé: D:\kerberos.htx\gamez1\Supercow\data\audio\voices_us\6_v3.ogg (32,66 K/S -   66 890 bytes)
[18:11:21] - [35] VICTOR.POZEN: Début du Téléchargement de: D:\kerberos.htx\gamez1\Supercow\data\audio\voices_us\6_v4.ogg
[18:11:21] - [35] VICTOR.POZEN: Fichier envoyé: D:\kerberos.htx\gamez1\Supercow\data\audio\voices_us\6_v4.ogg (34,97 K/S -   35 810 bytes)
[18:11:22] - [35] VICTOR.POZEN: Début du Téléchargement de: D:\kerberos.htx\gamez1\Supercow\data\audio\voices_us\6_v5.ogg
[18:11:24] - [35] VICTOR.POZEN: Fichier envoyé: D:\kerberos.htx\gamez1\Supercow\data\audio\voices_us\6_v5.ogg (38,83 K/S -   79 523 bytes)
[18:11:24] - [35] VICTOR.POZEN: Début du Téléchargement de: D:\kerberos.htx\gamez1\Supercow\data\audio\voices_us\6_v6.ogg
[18:11:25] - [35] VICTOR.POZEN: Fichier envoyé: D:\kerberos.htx\gamez1\Supercow\data\audio\voices_us\6_v6.ogg (44,16 K/S -   45 217 bytes)
[18:11:25] - [35] VICTOR.POZEN: Début du Téléchargement de: D:\kerberos.htx\gamez1\Supercow\data\audio\voices_us\6_v7.ogg
[18:11:26] - [35] VICTOR.POZEN: Fichier envoyé: D:\kerberos.htx\gamez1\Supercow\data\audio\voices_us\6_v7.ogg (28,80 K/S -   58 975 bytes)
[18:11:27] - [35] VICTOR.POZEN: Début du Téléchargement de: D:\kerberos.htx\gamez1\Supercow\data\audio\voices_us\6_v8.ogg
[18:11:28] - [35] VICTOR.POZEN: Fichier envoyé: D:\kerberos.htx\gamez1\Supercow\data\audio\voices_us\6_v8.ogg (67,51 K/S -   69 135 bytes)
[18:11:29] - [35] VICTOR.POZEN: Début du Téléchargement de: D:\kerberos.htx\gamez1\Supercow\data\audio\voices_us\6_v9.ogg
[18:11:30] - [35] VICTOR.POZEN: Fichier envoyé: D:\kerberos.htx\gamez1\Supercow\data\audio\voices_us\6_v9.ogg (48,12 K/S -   49 274 bytes)
[18:11:30] - [35] VICTOR.POZEN: Début du Téléchargement de: D:\kerberos.htx\gamez1\Supercow\data\audio\voices_us\7_h1.ogg
[18:11:31] - [35] VICTOR.POZEN: Fichier envoyé: D:\kerberos.htx\gamez1\Supercow\data\audio\voices_us\7_h1.ogg (47,77 K/S -   48 921 bytes)
[18:11:31] - [35] VICTOR.POZEN: Début du Téléchargement de: D:\kerberos.htx\gamez1\Supercow\data\audio\voices_us\7_h2.ogg
[18:11:32] - [35] VICTOR.POZEN: Fichier envoyé: D:\kerberos.htx\gamez1\Supercow\data\audio\voices_us\7_h2.ogg (31,03 K/S -   31 774 bytes)
[18:11:33] - [35] VICTOR.POZEN: Début du Téléchargement de: D:\kerberos.htx\gamez1\Supercow\data\audio\voices_us\7_h3.ogg
[18:11:34] - [35] VICTOR.POZEN: Fichier envoyé: D:\kerberos.htx\gamez1\Supercow\data\audio\voices_us\7_h3.ogg (59,73 K/S -   61 160 bytes)
[18:11:34] - [35] VICTOR.POZEN: Début du Téléchargement de: D:\kerberos.htx\gamez1\Supercow\data\audio\voices_us\7_h4.ogg
[18:11:35] - [35] VICTOR.POZEN: Fichier envoyé: D:\kerberos.htx\gamez1\Supercow\data\audio\voices_us\7_h4.ogg (36,85 K/S -   37 733 bytes)
[18:11:35] - [35] VICTOR.POZEN: Début du Téléchargement de: D:\kerberos.htx\gamez1\Supercow\data\audio\voices_us\7_h5.ogg
[18:11:36] - [35] VICTOR.POZEN: Fichier envoyé: D:\kerberos.htx\gamez1\Supercow\data\audio\voices_us\7_h5.ogg (26,69 K/S -   54 656 bytes)
[18:11:37] - [35] VICTOR.POZEN: Début du Téléchargement de: D:\kerberos.htx\gamez1\Supercow\data\audio\voices_us\7_h6.ogg
[18:11:38] - [35] VICTOR.POZEN: Fichier envoyé: D:\kerberos.htx\gamez1\Supercow\data\audio\voices_us\7_h6.ogg (64,85 K/S -   66 403 bytes)
[18:11:38] - [35] VICTOR.POZEN: Début du Téléchargement de: D:\kerberos.htx\gamez1\Supercow\data\audio\voices_us\7_h7.ogg
[18:11:40] - [35] VICTOR.POZEN: Fichier envoyé: D:\kerberos.htx\gamez1\Supercow\data\audio\voices_us\7_h7.ogg (64,99 K/S -   66 547 bytes)
[18:11:40] - [35] VICTOR.POZEN: Début du Téléchargement de: D:\kerberos.htx\gamez1\Supercow\data\audio\voices_us\7_h8.ogg
[18:11:41] - [35] VICTOR.POZEN: Fichier envoyé: D:\kerberos.htx\gamez1\Supercow\data\audio\voices_us\7_h8.ogg (30,47 K/S -   62 408 bytes)
[18:11:42] - [35] VICTOR.POZEN: Début du Téléchargement de: D:\kerberos.htx\gamez1\Supercow\data\audio\voices_us\7_h9.ogg
[18:11:43] - [35] VICTOR.POZEN: Fichier envoyé: D:\kerberos.htx\gamez1\Supercow\data\audio\voices_us\7_h9.ogg (51,47 K/S -   52 702 bytes)
[18:11:43] - [35] VICTOR.POZEN: Début du Téléchargement de: D:\kerberos.htx\gamez1\Supercow\data\audio\voices_us\7_v1.ogg
[18:11:44] - [35] VICTOR.POZEN: Fichier envoyé: D:\kerberos.htx\gamez1\Supercow\data\audio\voices_us\7_v1.ogg (45,94 K/S -   47 042 bytes)
[18:11:45] - [35] VICTOR.POZEN: Début du Téléchargement de: D:\kerberos.htx\gamez1\Supercow\data\audio\voices_us\7_v10.ogg
[18:11:45] - [35] VICTOR.POZEN: Fichier envoyé: D:\kerberos.htx\gamez1\Supercow\data\audio\voices_us\7_v10.ogg (26,86 K/S -   27 504 bytes)
[18:11:46] - [35] VICTOR.POZEN: Début du Téléchargement de: D:\kerberos.htx\gamez1\Supercow\data\audio\voices_us\7_v11.ogg
[18:11:46] - [35] VICTOR.POZEN: Fichier envoyé: D:\kerberos.htx\gamez1\Supercow\data\audio\voices_us\7_v11.ogg (20,13 K/S -   20 617 bytes)
[18:11:46] - [35] VICTOR.POZEN: Début du Téléchargement de: D:\kerberos.htx\gamez1\Supercow\data\audio\voices_us\7_v12.ogg
[18:11:48] - [35] VICTOR.POZEN: Fichier envoyé: D:\kerberos.htx\gamez1\Supercow\data\audio\voices_us\7_v12.ogg (56,59 K/S -   57 952 bytes)
[18:11:48] - [35] VICTOR.POZEN: Début du Téléchargement de: D:\kerberos.htx\gamez1\Supercow\data\audio\voices_us\7_v13.ogg
[18:11:49] - [35] VICTOR.POZEN: Fichier envoyé: D:\kerberos.htx\gamez1\Supercow\data\audio\voices_us\7_v13.ogg (33,27 K/S -   34 067 bytes)
[18:11:49] - [35] VICTOR.POZEN: Début du Téléchargement de: D:\kerberos.htx\gamez1\Supercow\data\audio\voices_us\7_v14.ogg
[18:11:50] - [35] VICTOR.POZEN: Fichier envoyé: D:\kerberos.htx\gamez1\Supercow\data\audio\voices_us\7_v14.ogg (31,70 K/S -   32 465 bytes)
[18:11:50] - [35] VICTOR.POZEN: Début du Téléchargement de: D:\kerberos.htx\gamez1\Supercow\data\audio\voices_us\7_v2.ogg
[18:11:51] - [35] VICTOR.POZEN: Fichier envoyé: D:\kerberos.htx\gamez1\Supercow\data\audio\voices_us\7_v2.ogg (41,87 K/S -   42 870 bytes)
[18:11:52] - [35] VICTOR.POZEN: Début du Téléchargement de: D:\kerberos.htx\gamez1\Supercow\data\audio\voices_us\7_v3.ogg
[18:11:52] - [35] VICTOR.POZEN: Fichier envoyé: D:\kerberos.htx\gamez1\Supercow\data\audio\voices_us\7_v3.ogg (40,67 K/S -   41 651 bytes)
[18:11:53] - [35] VICTOR.POZEN: Début du Téléchargement de: D:\kerberos.htx\gamez1\Supercow\data\audio\voices_us\7_v4.ogg
[18:11:54] - [35] VICTOR.POZEN: Fichier envoyé: D:\kerberos.htx\gamez1\Supercow\data\audio\voices_us\7_v4.ogg (35,60 K/S -   36 450 bytes)
[18:11:54] - [35] VICTOR.POZEN: Début du Téléchargement de: D:\kerberos.htx\gamez1\Supercow\data\audio\voices_us\7_v5.ogg
[18:11:55] - [35] VICTOR.POZEN: Fichier envoyé: D:\kerberos.htx\gamez1\Supercow\data\audio\voices_us\7_v5.ogg (26,07 K/S -   26 692 bytes)
[18:11:55] - [35] VICTOR.POZEN: Début du Téléchargement de: D:\kerberos.htx\gamez1\Supercow\data\audio\voices_us\7_v6.ogg
[18:11:56] - [35] VICTOR.POZEN: Fichier envoyé: D:\kerberos.htx\gamez1\Supercow\data\audio\voices_us\7_v6.ogg (57,73 K/S -   59 113 bytes)
[18:11:56] - [35] VICTOR.POZEN: Début du Téléchargement de: D:\kerberos.htx\gamez1\Supercow\data\audio\voices_us\7_v7.ogg
[18:11:58] - [35] VICTOR.POZEN: Fichier envoyé: D:\kerberos.htx\gamez1\Supercow\data\audio\voices_us\7_v7.ogg (48,26 K/S -   49 422 bytes)
[18:11:58] - [35] VICTOR.POZEN: Début du Téléchargement de: D:\kerberos.htx\gamez1\Supercow\data\audio\voices_us\7_v8.ogg
[18:11:59] - [35] VICTOR.POZEN: Fichier envoyé: D:\kerberos.htx\gamez1\Supercow\data\audio\voices_us\7_v8.ogg (55,46 K/S -   56 791 bytes)
[18:12:00] - [35] VICTOR.POZEN: Début du Téléchargement de: D:\kerberos.htx\gamez1\Supercow\data\audio\voices_us\7_v9.ogg
[18:12:01] - [35] VICTOR.POZEN: Fichier envoyé: D:\kerberos.htx\gamez1\Supercow\data\audio\voices_us\7_v9.ogg (37,28 K/S -   76 350 bytes)
[18:12:02] - [35] VICTOR.POZEN: Début du Téléchargement de: D:\kerberos.htx\gamez1\Supercow\data\audio\voices_us\8_h1.ogg
[18:12:03] - [35] VICTOR.POZEN: Fichier envoyé: D:\kerberos.htx\gamez1\Supercow\data\audio\voices_us\8_h1.ogg (72,10 K/S -   73 829 bytes)
[18:12:04] - [35] VICTOR.POZEN: Début du Téléchargement de: D:\kerberos.htx\gamez1\Supercow\data\audio\voices_us\8_h10.ogg
[18:12:05] - [35] VICTOR.POZEN: Fichier envoyé: D:\kerberos.htx\gamez1\Supercow\data\audio\voices_us\8_h10.ogg (52,47 K/S -   53 728 bytes)
[18:12:05] - [35] VICTOR.POZEN: Début du Téléchargement de: D:\kerberos.htx\gamez1\Supercow\data\audio\voices_us\8_h11.ogg
[18:12:06] - [35] VICTOR.POZEN: Fichier envoyé: D:\kerberos.htx\gamez1\Supercow\data\audio\voices_us\8_h11.ogg (28,83 K/S -   29 521 bytes)
[18:12:06] - [35] VICTOR.POZEN: Début du Téléchargement de: D:\kerberos.htx\gamez1\Supercow\data\audio\voices_us\8_h12.ogg
[18:12:07] - [35] VICTOR.POZEN: Fichier envoyé: D:\kerberos.htx\gamez1\Supercow\data\audio\voices_us\8_h12.ogg (44,21 K/S -   45 273 bytes)
[18:12:07] - [35] VICTOR.POZEN: Début du Téléchargement de: D:\kerberos.htx\gamez1\Supercow\data\audio\voices_us\8_h2.ogg
[18:12:09] - [35] VICTOR.POZEN: Fichier envoyé: D:\kerberos.htx\gamez1\Supercow\data\audio\voices_us\8_h2.ogg (56,44 K/S -   57 792 bytes)
[18:12:09] - [35] VICTOR.POZEN: Début du Téléchargement de: D:\kerberos.htx\gamez1\Supercow\data\audio\voices_us\8_h3.ogg
[18:12:10] - [35] VICTOR.POZEN: Fichier envoyé: D:\kerberos.htx\gamez1\Supercow\data\audio\voices_us\8_h3.ogg (26,85 K/S -   27 491 bytes)
[18:12:10] - [35] VICTOR.POZEN: Début du Téléchargement de: D:\kerberos.htx\gamez1\Supercow\data\audio\voices_us\8_h4.ogg
[18:12:12] - [35] VICTOR.POZEN: Fichier envoyé: D:\kerberos.htx\gamez1\Supercow\data\audio\voices_us\8_h4.ogg (39,66 K/S -   81 226 bytes)
[18:12:12] - [35] VICTOR.POZEN: Début du Téléchargement de: D:\kerberos.htx\gamez1\Supercow\data\audio\voices_us\8_h5.ogg
[18:12:13] - [35] VICTOR.POZEN: Fichier envoyé: D:\kerberos.htx\gamez1\Supercow\data\audio\voices_us\8_h5.ogg (55,83 K/S -   57 165 bytes)
[18:12:14] - [35] VICTOR.POZEN: Début du Téléchargement de: D:\kerberos.htx\gamez1\Supercow\data\audio\voices_us\8_h6.ogg
[18:12:15] - [35] VICTOR.POZEN: Fichier envoyé: D:\kerberos.htx\gamez1\Supercow\data\audio\voices_us\8_h6.ogg (54,89 K/S -   56 212 bytes)
[18:12:15] - [35] VICTOR.POZEN: Début du Téléchargement de: D:\kerberos.htx\gamez1\Supercow\data\audio\voices_us\8_h7.ogg
[18:12:16] - [35] VICTOR.POZEN: Fichier envoyé: D:\kerberos.htx\gamez1\Supercow\data\audio\voices_us\8_h7.ogg (33,50 K/S -   34 303 bytes)
[18:12:16] - [35] VICTOR.POZEN: Début du Téléchargement de: D:\kerberos.htx\gamez1\Supercow\data\audio\voices_us\8_h8.ogg
[18:12:17] - [35] VICTOR.POZEN: Fichier envoyé: D:\kerberos.htx\gamez1\Supercow\data\audio\voices_us\8_h8.ogg (34,90 K/S -   35 735 bytes)
[18:12:17] - [35] VICTOR.POZEN: Début du Téléchargement de: D:\kerberos.htx\gamez1\Supercow\data\audio\voices_us\8_h9.ogg
[18:12:19] - [35] VICTOR.POZEN: Fichier envoyé: D:\kerberos.htx\gamez1\Supercow\data\audio\voices_us\8_h9.ogg (53,30 K/S -   54 581 bytes)
[18:12:19] - [35] VICTOR.POZEN: Début du Téléchargement de: D:\kerberos.htx\gamez1\Supercow\data\audio\voices_us\8_v1.ogg
[18:12:19] - [35] VICTOR.POZEN: Fichier envoyé: D:\kerberos.htx\gamez1\Supercow\data\audio\voices_us\8_v1.ogg (26,99 K/S -   27 642 bytes)
[18:12:20] - [35] VICTOR.POZEN: Début du Téléchargement de: D:\kerberos.htx\gamez1\Supercow\data\audio\voices_us\8_v10.ogg
[18:12:21] - [35] VICTOR.POZEN: Fichier envoyé: D:\kerberos.htx\gamez1\Supercow\data\audio\voices_us\8_v10.ogg (33,80 K/S -   34 614 bytes)
[18:12:21] - [35] VICTOR.POZEN: Début du Téléchargement de: D:\kerberos.htx\gamez1\Supercow\data\audio\voices_us\8_v11.ogg
[18:12:22] - [35] VICTOR.POZEN: Fichier envoyé: D:\kerberos.htx\gamez1\Supercow\data\audio\voices_us\8_v11.ogg (29,36 K/S -   30 061 bytes)
[18:12:22] - [35] VICTOR.POZEN: Début du Téléchargement de: D:\kerberos.htx\gamez1\Supercow\data\audio\voices_us\8_v12.ogg
[18:12:24] - [35] VICTOR.POZEN: Fichier envoyé: D:\kerberos.htx\gamez1\Supercow\data\audio\voices_us\8_v12.ogg (44,68 K/S -   91 498 bytes)
[18:12:24] - [35] VICTOR.POZEN: Début du Téléchargement de: D:\kerberos.htx\gamez1\Supercow\data\audio\voices_us\8_v13.ogg
[18:12:25] - [35] VICTOR.POZEN: Fichier envoyé: D:\kerberos.htx\gamez1\Supercow\data\audio\voices_us\8_v13.ogg (25,50 K/S -   26 109 bytes)
[18:12:25] - [35] VICTOR.POZEN: Début du Téléchargement de: D:\kerberos.htx\gamez1\Supercow\data\audio\voices_us\8_v2.ogg
[18:12:26] - [35] VICTOR.POZEN: Fichier envoyé: D:\kerberos.htx\gamez1\Supercow\data\audio\voices_us\8_v2.ogg (27,98 K/S -   57 302 bytes)
[18:12:27] - [35] VICTOR.POZEN: Début du Téléchargement de: D:\kerberos.htx\gamez1\Supercow\data\audio\voices_us\8_v3.ogg
[18:12:28] - [35] VICTOR.POZEN: Fichier envoyé: D:\kerberos.htx\gamez1\Supercow\data\audio\voices_us\8_v3.ogg (58,24 K/S -   59 640 bytes)
[18:12:28] - [35] VICTOR.POZEN: Début du Téléchargement de: D:\kerberos.htx\gamez1\Supercow\data\audio\voices_us\8_v4.ogg
[18:12:29] - [35] VICTOR.POZEN: Fichier envoyé: D:\kerberos.htx\gamez1\Supercow\data\audio\voices_us\8_v4.ogg (40,31 K/S -   41 273 bytes)
[18:12:29] - [35] VICTOR.POZEN: Début du Téléchargement de: D:\kerberos.htx\gamez1\Supercow\data\audio\voices_us\8_v5.ogg
[18:12:30] - [35] VICTOR.POZEN: Fichier envoyé: D:\kerberos.htx\gamez1\Supercow\data\audio\voices_us\8_v5.ogg (29,14 K/S -   29 838 bytes)
[18:12:30] - [35] VICTOR.POZEN: Début du Téléchargement de: D:\kerberos.htx\gamez1\Supercow\data\audio\voices_us\8_v6.ogg
[18:12:31] - [35] VICTOR.POZEN: Fichier envoyé: D:\kerberos.htx\gamez1\Supercow\data\audio\voices_us\8_v6.ogg (20,71 K/S -   21 203 bytes)
[18:12:31] - [35] VICTOR.POZEN: Début du Téléchargement de: D:\kerberos.htx\gamez1\Supercow\data\audio\voices_us\8_v7.ogg
[18:12:33] - [35] VICTOR.POZEN: Fichier envoyé: D:\kerberos.htx\gamez1\Supercow\data\audio\voices_us\8_v7.ogg (83,61 K/S -   85 612 bytes)
[18:12:33] - [35] VICTOR.POZEN: Début du Téléchargement de: D:\kerberos.htx\gamez1\Supercow\data\audio\voices_us\8_v8.ogg
[18:12:34] - [35] VICTOR.POZEN: Fichier envoyé: D:\kerberos.htx\gamez1\Supercow\data\audio\voices_us\8_v8.ogg (14,85 K/S -   15 204 bytes)
[18:12:34] - [35] VICTOR.POZEN: Début du Téléchargement de: D:\kerberos.htx\gamez1\Supercow\data\audio\voices_us\8_v9.ogg
[18:12:35] - [35] VICTOR.POZEN: Fichier envoyé: D:\kerberos.htx\gamez1\Supercow\data\audio\voices_us\8_v9.ogg (41,99 K/S -   42 995 bytes)
[18:12:35] - [35] VICTOR.POZEN: Début du Téléchargement de: D:\kerberos.htx\gamez1\Supercow\data\audio\voices_us\9_h1.ogg
[18:12:36] - [35] VICTOR.POZEN: Fichier envoyé: D:\kerberos.htx\gamez1\Supercow\data\audio\voices_us\9_h1.ogg (25,51 K/S -   26 126 bytes)
[18:12:36] - [35] VICTOR.POZEN: Début du Téléchargement de: D:\kerberos.htx\gamez1\Supercow\data\audio\voices_us\9_h2.ogg
[18:12:37] - [35] VICTOR.POZEN: Fichier envoyé: D:\kerberos.htx\gamez1\Supercow\data\audio\voices_us\9_h2.ogg (34,76 K/S -   35 590 bytes)
[18:12:37] - [35] VICTOR.POZEN: Début du Téléchargement de: D:\kerberos.htx\gamez1\Supercow\data\audio\voices_us\9_h3.ogg
[18:12:38] - [35] VICTOR.POZEN: Fichier envoyé: D:\kerberos.htx\gamez1\Supercow\data\audio\voices_us\9_h3.ogg (34,90 K/S -   35 735 bytes)
[18:12:38] - [35] VICTOR.POZEN: Début du Téléchargement de: D:\kerberos.htx\gamez1\Supercow\data\audio\voices_us\9_h4.ogg
[18:12:40] - [35] VICTOR.POZEN: Fichier envoyé: D:\kerberos.htx\gamez1\Supercow\data\audio\voices_us\9_h4.ogg (54,12 K/S -   55 421 bytes)
[18:12:40] - [35] VICTOR.POZEN: Début du Téléchargement de: D:\kerberos.htx\gamez1\Supercow\data\audio\voices_us\9_h5.ogg
[18:12:41] - [35] VICTOR.POZEN: Fichier envoyé: D:\kerberos.htx\gamez1\Supercow\data\audio\voices_us\9_h5.ogg (24,06 K/S -   24 642 bytes)
[18:12:41] - [35] VICTOR.POZEN: Début du Téléchargement de: D:\kerberos.htx\gamez1\Supercow\data\audio\voices_us\9_h6.ogg
[18:12:42] - [35] VICTOR.POZEN: Fichier envoyé: D:\kerberos.htx\gamez1\Supercow\data\audio\voices_us\9_h6.ogg (32,63 K/S -   33 409 bytes)
[18:12:42] - [35] VICTOR.POZEN: Début du Téléchargement de: D:\kerberos.htx\gamez1\Supercow\data\audio\voices_us\9_h7.ogg
[18:12:43] - [35] VICTOR.POZEN: Fichier envoyé: D:\kerberos.htx\gamez1\Supercow\data\audio\voices_us\9_h7.ogg (41,88 K/S -   42 886 bytes)
[18:12:43] - [35] VICTOR.POZEN: Début du Téléchargement de: D:\kerberos.htx\gamez1\Supercow\data\audio\voices_us\9_h8.ogg
[18:12:44] - [35] VICTOR.POZEN: Fichier envoyé: D:\kerberos.htx\gamez1\Supercow\data\audio\voices_us\9_h8.ogg (50,09 K/S -   51 290 bytes)
[18:12:45] - [35] VICTOR.POZEN: Début du Téléchargement de: D:\kerberos.htx\gamez1\Supercow\data\audio\voices_us\9_v1.ogg
[18:12:45] - [35] VICTOR.POZEN: Fichier envoyé: D:\kerberos.htx\gamez1\Supercow\data\audio\voices_us\9_v1.ogg (27,65 K/S -   28 311 bytes)
[18:12:46] - [35] VICTOR.POZEN: Début du Téléchargement de: D:\kerberos.htx\gamez1\Supercow\data\audio\voices_us\9_v10.ogg
[18:12:47] - [35] VICTOR.POZEN: Fichier envoyé: D:\kerberos.htx\gamez1\Supercow\data\audio\voices_us\9_v10.ogg (38,76 K/S -   39 694 bytes)
[18:12:47] - [35] VICTOR.POZEN: Début du Téléchargement de: D:\kerberos.htx\gamez1\Supercow\data\audio\voices_us\9_v11.ogg
[18:12:48] - [35] VICTOR.POZEN: Fichier envoyé: D:\kerberos.htx\gamez1\Supercow\data\audio\voices_us\9_v11.ogg (31,21 K/S -   63 910 bytes)
[18:12:49] - [35] VICTOR.POZEN: Début du Téléchargement de: D:\kerberos.htx\gamez1\Supercow\data\audio\voices_us\9_v12.ogg
[18:12:50] - [35] VICTOR.POZEN: Fichier envoyé: D:\kerberos.htx\gamez1\Supercow\data\audio\voices_us\9_v12.ogg (50,57 K/S -   51 788 bytes)
[18:12:50] - [35] VICTOR.POZEN: Début du Téléchargement de: D:\kerberos.htx\gamez1\Supercow\data\audio\voices_us\9_v13.ogg
[18:12:51] - [35] VICTOR.POZEN: Fichier envoyé: D:\kerberos.htx\gamez1\Supercow\data\audio\voices_us\9_v13.ogg (50,22 K/S -   51 429 bytes)
[18:12:52] - [35] VICTOR.POZEN: Début du Téléchargement de: D:\kerberos.htx\gamez1\Supercow\data\audio\voices_us\9_v14.ogg
[18:12:52] - [35] VICTOR.POZEN: Fichier envoyé: D:\kerberos.htx\gamez1\Supercow\data\audio\voices_us\9_v14.ogg (24,61 K/S -   25 204 bytes)
[18:12:52] - [35] VICTOR.POZEN: Début du Téléchargement de: D:\kerberos.htx\gamez1\Supercow\data\audio\voices_us\9_v15.ogg
[18:12:53] - [35] VICTOR.POZEN: Fichier envoyé: D:\kerberos.htx\gamez1\Supercow\data\audio\voices_us\9_v15.ogg (44,67 K/S -   45 740 bytes)
[18:12:54] - [35] VICTOR.POZEN: Début du Téléchargement de: D:\kerberos.htx\gamez1\Supercow\data\audio\voices_us\9_v16.ogg
[18:12:54] - [35] VICTOR.POZEN: Fichier envoyé: D:\kerberos.htx\gamez1\Supercow\data\audio\voices_us\9_v16.ogg (26,17 K/S -   26 793 bytes)
[18:12:55] - [35] VICTOR.POZEN: Début du Téléchargement de: D:\kerberos.htx\gamez1\Supercow\data\audio\voices_us\9_v2.ogg
[18:12:56] - [35] VICTOR.POZEN: Fichier envoyé: D:\kerberos.htx\gamez1\Supercow\data\audio\voices_us\9_v2.ogg (42,01 K/S -   43 019 bytes)
[18:12:56] - [35] VICTOR.POZEN: Début du Téléchargement de: D:\kerberos.htx\gamez1\Supercow\data\audio\voices_us\9_v3.ogg
[18:12:57] - [35] VICTOR.POZEN: Fichier envoyé: D:\kerberos.htx\gamez1\Supercow\data\audio\voices_us\9_v3.ogg (38,78 K/S -   39 713 bytes)
[18:12:57] - [35] VICTOR.POZEN: Début du Téléchargement de: D:\kerberos.htx\gamez1\Supercow\data\audio\voices_us\9_v4.ogg
[18:12:58] - [35] VICTOR.POZEN: Fichier envoyé: D:\kerberos.htx\gamez1\Supercow\data\audio\voices_us\9_v4.ogg (26,90 K/S -   27 548 bytes)
[18:12:58] - [35] VICTOR.POZEN: Début du Téléchargement de: D:\kerberos.htx\gamez1\Supercow\data\audio\voices_us\9_v5.ogg
[18:12:59] - [35] VICTOR.POZEN: Fichier envoyé: D:\kerberos.htx\gamez1\Supercow\data\audio\voices_us\9_v5.ogg (25,05 K/S -   25 652 bytes)
[18:12:59] - [35] VICTOR.POZEN: Début du Téléchargement de: D:\kerberos.htx\gamez1\Supercow\data\audio\voices_us\9_v6.ogg
[18:13:01] - [35] VICTOR.POZEN: Fichier envoyé: D:\kerberos.htx\gamez1\Supercow\data\audio\voices_us\9_v6.ogg (31,41 K/S -   64 328 bytes)
[18:13:01] - [35] VICTOR.POZEN: Début du Téléchargement de: D:\kerberos.htx\gamez1\Supercow\data\audio\voices_us\9_v7.ogg
[18:13:02] - [35] VICTOR.POZEN: Fichier envoyé: D:\kerberos.htx\gamez1\Supercow\data\audio\voices_us\9_v7.ogg (25,54 K/S -   26 158 bytes)
[18:13:02] - [35] VICTOR.POZEN: Début du Téléchargement de: D:\kerberos.htx\gamez1\Supercow\data\audio\voices_us\9_v8.ogg
[18:13:03] - [35] VICTOR.POZEN: Fichier envoyé: D:\kerberos.htx\gamez1\Supercow\data\audio\voices_us\9_v8.ogg (40,57 K/S -   41 541 bytes)
[18:13:03] - [35] VICTOR.POZEN: Début du Téléchargement de: D:\kerberos.htx\gamez1\Supercow\data\audio\voices_us\9_v9.ogg
[18:13:04] - [35] VICTOR.POZEN: Fichier envoyé: D:\kerberos.htx\gamez1\Supercow\data\audio\voices_us\9_v9.ogg (30,62 K/S -   62 700 bytes)
[18:13:05] - [35] VICTOR.POZEN: Début du Téléchargement de: D:\kerberos.htx\gamez1\Supercow\data\audio\voices_us\backdanger.ogg
[18:13:07] - [35] VICTOR.POZEN: Fichier envoyé: D:\kerberos.htx\gamez1\Supercow\data\audio\voices_us\backdanger.ogg (43,16 K/S -   88 393 bytes)
[18:13:07] - [35] VICTOR.POZEN: Début du Téléchargement de: D:\kerberos.htx\gamez1\Supercow\data\audio\voices_us\backfarm.ogg
[18:13:12] - [35] VICTOR.POZEN: Fichier envoyé: D:\kerberos.htx\gamez1\Supercow\data\audio\voices_us\backfarm.ogg (48,55 K/S -   248 594 bytes)
[18:13:12] - [35] VICTOR.POZEN: Début du Téléchargement de: D:\kerberos.htx\gamez1\Supercow\data\audio\voices_us\death1.ogg
[18:13:13] - [35] VICTOR.POZEN: Fichier envoyé: D:\kerberos.htx\gamez1\Supercow\data\audio\voices_us\death1.ogg (20,03 K/S -   20 514 bytes)
[18:13:13] - [35] VICTOR.POZEN: Début du Téléchargement de: D:\kerberos.htx\gamez1\Supercow\data\audio\voices_us\death2.ogg
[18:13:14] - [35] VICTOR.POZEN: Fichier envoyé: D:\kerberos.htx\gamez1\Supercow\data\audio\voices_us\death2.ogg (25,29 K/S -   25 902 bytes)
[18:13:14] - [35] VICTOR.POZEN: Début du Téléchargement de: D:\kerberos.htx\gamez1\Supercow\data\audio\voices_us\death3.ogg
[18:13:15] - [35] VICTOR.POZEN: Fichier envoyé: D:\kerberos.htx\gamez1\Supercow\data\audio\voices_us\death3.ogg (22,44 K/S -   22 976 bytes)
[18:13:15] - [35] VICTOR.POZEN: Début du Téléchargement de: D:\kerberos.htx\gamez1\Supercow\data\audio\voices_us\death4.ogg
[18:13:15] - [35] VICTOR.POZEN: Fichier envoyé: D:\kerberos.htx\gamez1\Supercow\data\audio\voices_us\death4.ogg (21,99 K/S -   22 518 bytes)
[18:13:16] - [35] VICTOR.POZEN: Début du Téléchargement de: D:\kerberos.htx\gamez1\Supercow\data\audio\voices_us\death5.ogg
[18:13:16] - [35] VICTOR.POZEN: Fichier envoyé: D:\kerberos.htx\gamez1\Supercow\data\audio\voices_us\death5.ogg (19,52 K/S -   19 986 bytes)
[18:13:17] - [35] VICTOR.POZEN: Début du Téléchargement de: D:\kerberos.htx\gamez1\Supercow\data\audio\voices_us\death6.ogg
[18:13:17] - [35] VICTOR.POZEN: Fichier envoyé: D:\kerberos.htx\gamez1\Supercow\data\audio\voices_us\death6.ogg (19,48 K/S -   19 945 bytes)
[18:13:18] - [35] VICTOR.POZEN: Début du Téléchargement de: D:\kerberos.htx\gamez1\Supercow\data\audio\voices_us\intro1.ogg
[18:13:19] - [35] VICTOR.POZEN: Fichier envoyé: D:\kerberos.htx\gamez1\Supercow\data\audio\voices_us\intro1.ogg (52,88 K/S -   54 145 bytes)
[18:13:19] - [35] VICTOR.POZEN: Début du Téléchargement de: D:\kerberos.htx\gamez1\Supercow\data\audio\voices_us\intro2.ogg
[18:13:20] - [35] VICTOR.POZEN: Fichier envoyé: D:\kerberos.htx\gamez1\Supercow\data\audio\voices_us\intro2.ogg (46,60 K/S -   47 716 bytes)
[18:13:20] - [35] VICTOR.POZEN: Début du Téléchargement de: D:\kerberos.htx\gamez1\Supercow\data\audio\voices_us\intro3.ogg
[18:13:22] - [35] VICTOR.POZEN: Fichier envoyé: D:\kerberos.htx\gamez1\Supercow\data\audio\voices_us\intro3.ogg (54,75 K/S -   56 064 bytes)
[18:13:22] - [35] VICTOR.POZEN: Début du Téléchargement de: D:\kerberos.htx\gamez1\Supercow\data\audio\voices_us\intro4.ogg
[18:13:23] - [35] VICTOR.POZEN: Fichier envoyé: D:\kerberos.htx\gamez1\Supercow\data\audio\voices_us\intro4.ogg (56,90 K/S -   58 268 bytes)
[18:13:24] - [35] VICTOR.POZEN: Début du Téléchargement de: D:\kerberos.htx\gamez1\Supercow\data\audio\voices_us\intro5.ogg
[18:13:26] - [35] VICTOR.POZEN: Fichier envoyé: D:\kerberos.htx\gamez1\Supercow\data\audio\voices_us\intro5.ogg (48,65 K/S -   99 627 bytes)
[18:13:27] - [35] VICTOR.POZEN: Début du Téléchargement de: D:\kerberos.htx\gamez1\Supercow\data\audio\sounds\addthunder.ogg
[18:13:28] - [35] VICTOR.POZEN: Fichier envoyé: D:\kerberos.htx\gamez1\Supercow\data\audio\sounds\addthunder.ogg (44,61 K/S -   45 676 bytes)
[18:13:28] - [35] VICTOR.POZEN: Début du Téléchargement de: D:\kerberos.htx\gamez1\Supercow\data\audio\sounds\addtrophy.ogg
[18:13:29] - [35] VICTOR.POZEN: Fichier envoyé: D:\kerberos.htx\gamez1\Supercow\data\audio\sounds\addtrophy.ogg (30,10 K/S -   61 635 bytes)
[18:13:30] - [35] VICTOR.POZEN: Début du Téléchargement de: D:\kerberos.htx\gamez1\Supercow\data\audio\sounds\appgag.ogg
[18:13:30] - [35] VICTOR.POZEN: Fichier envoyé: D:\kerberos.htx\gamez1\Supercow\data\audio\sounds\appgag.ogg (34,71 K/S -   35 546 bytes)
[18:13:31] - [35] VICTOR.POZEN: Début du Téléchargement de: D:\kerberos.htx\gamez1\Supercow\data\audio\sounds\applause.ogg
[18:13:32] - [35] VICTOR.POZEN: Fichier envoyé: D:\kerberos.htx\gamez1\Supercow\data\audio\sounds\applause.ogg (39,65 K/S -   81 206 bytes)
[18:13:33] - [35] VICTOR.POZEN: Début du Téléchargement de: D:\kerberos.htx\gamez1\Supercow\data\audio\sounds\bat.ogg
[18:13:33] - [35] VICTOR.POZEN: Fichier envoyé: D:\kerberos.htx\gamez1\Supercow\data\audio\sounds\bat.ogg (8,02 K/S -   8 216 bytes)
[18:13:33] - [35] VICTOR.POZEN: Début du Téléchargement de: D:\kerberos.htx\gamez1\Supercow\data\audio\sounds\batvoice.ogg
[18:13:34] - [35] VICTOR.POZEN: Fichier envoyé: D:\kerberos.htx\gamez1\Supercow\data\audio\sounds\batvoice.ogg (24,06 K/S -   24 637 bytes)
[18:13:34] - [35] VICTOR.POZEN: Début du Téléchargement de: D:\kerberos.htx\gamez1\Supercow\data\audio\sounds\birdeggcrash.ogg
[18:13:34] - [35] VICTOR.POZEN: Fichier envoyé: D:\kerberos.htx\gamez1\Supercow\data\audio\sounds\birdeggcrash.ogg (9,62 K/S -   9 852 bytes)
[18:13:35] - [35] VICTOR.POZEN: Début du Téléchargement de: D:\kerberos.htx\gamez1\Supercow\data\audio\sounds\bonuscoin1.ogg
[18:13:35] - [35] VICTOR.POZEN: Fichier envoyé: D:\kerberos.htx\gamez1\Supercow\data\audio\sounds\bonuscoin1.ogg (8,04 K/S -   8 230 bytes)
[18:13:35] - [35] VICTOR.POZEN: Début du Téléchargement de: D:\kerberos.htx\gamez1\Supercow\data\audio\sounds\bonuscoin2.ogg
[18:13:36] - [35] VICTOR.POZEN: Fichier envoyé: D:\kerberos.htx\gamez1\Supercow\data\audio\sounds\bonuscoin2.ogg (11,88 K/S -   12 165 bytes)
[18:13:36] - [35] VICTOR.POZEN: Début du Téléchargement de: D:\kerberos.htx\gamez1\Supercow\data\audio\sounds\bonuscoin3.ogg
[18:13:36] - [35] VICTOR.POZEN: Fichier envoyé: D:\kerberos.htx\gamez1\Supercow\data\audio\sounds\bonuscoin3.ogg (14,46 K/S -   14 803 bytes)
[18:13:37] - [35] VICTOR.POZEN: Début du Téléchargement de: D:\kerberos.htx\gamez1\Supercow\data\audio\sounds\bonusgem.ogg
[18:13:37] - [35] VICTOR.POZEN: Fichier envoyé: D:\kerberos.htx\gamez1\Supercow\data\audio\sounds\bonusgem.ogg (9,86 K/S -   10 099 bytes)
[18:13:37] - [35] VICTOR.POZEN: Début du Téléchargement de: D:\kerberos.htx\gamez1\Supercow\data\audio\sounds\bonustreasure.ogg
[18:13:38] - [35] VICTOR.POZEN: Fichier envoyé: D:\kerberos.htx\gamez1\Supercow\data\audio\sounds\bonustreasure.ogg (12,28 K/S -   12 578 bytes)
[18:13:38] - [35] VICTOR.POZEN: Début du Téléchargement de: D:\kerberos.htx\gamez1\Supercow\data\audio\sounds\bridge1.ogg
[18:13:38] - [35] VICTOR.POZEN: Fichier envoyé: D:\kerberos.htx\gamez1\Supercow\data\audio\sounds\bridge1.ogg (15,96 K/S -   16 340 bytes)
[18:13:39] - [35] VICTOR.POZEN: Début du Téléchargement de: D:\kerberos.htx\gamez1\Supercow\data\audio\sounds\bridge2.ogg
[18:13:39] - [35] VICTOR.POZEN: Fichier envoyé: D:\kerberos.htx\gamez1\Supercow\data\audio\sounds\bridge2.ogg (19,54 K/S -   20 006 bytes)
[18:13:39] - [35] VICTOR.POZEN: Début du Téléchargement de: D:\kerberos.htx\gamez1\Supercow\data\audio\sounds\brook.ogg
[18:13:40] - [35] VICTOR.POZEN: Fichier envoyé: D:\kerberos.htx\gamez1\Supercow\data\audio\sounds\brook.ogg (53,32 K/S -   54 598 bytes)
[18:13:41] - [35] VICTOR.POZEN: Début du Téléchargement de: D:\kerberos.htx\gamez1\Supercow\data\audio\sounds\bug.ogg
[18:13:41] - [35] VICTOR.POZEN: Fichier envoyé: D:\kerberos.htx\gamez1\Supercow\data\audio\sounds\bug.ogg (5,48 K/S -   5 609 bytes)
[18:13:41] - [35] VICTOR.POZEN: Début du Téléchargement de: D:\kerberos.htx\gamez1\Supercow\data\audio\sounds\cabbage.ogg
[18:13:42] - [35] VICTOR.POZEN: Fichier envoyé: D:\kerberos.htx\gamez1\Supercow\data\audio\sounds\cabbage.ogg (10,41 K/S -   10 658 bytes)
[18:13:42] - [35] VICTOR.POZEN: Début du Téléchargement de: D:\kerberos.htx\gamez1\Supercow\data\audio\sounds\cabbagecrash.ogg
[18:13:42] - [35] VICTOR.POZEN: Fichier envoyé: D:\kerberos.htx\gamez1\Supercow\data\audio\sounds\cabbagecrash.ogg (13,11 K/S -   13 423 bytes)
[18:13:43] - [35] VICTOR.POZEN: Début du Téléchargement de: D:\kerberos.htx\gamez1\Supercow\data\audio\sounds\camera.ogg
[18:13:43] - [35] VICTOR.POZEN: Fichier envoyé: D:\kerberos.htx\gamez1\Supercow\data\audio\sounds\camera.ogg (17,26 K/S -   17 670 bytes)
[18:13:43] - [35] VICTOR.POZEN: Début du Téléchargement de: D:\kerberos.htx\gamez1\Supercow\data\audio\sounds\checkpont.ogg
[18:13:44] - [35] VICTOR.POZEN: Fichier envoyé: D:\kerberos.htx\gamez1\Supercow\data\audio\sounds\checkpont.ogg (28,10 K/S -   28 774 bytes)
[18:13:44] - [35] VICTOR.POZEN: Début du Téléchargement de: D:\kerberos.htx\gamez1\Supercow\data\audio\sounds\checkpont2.ogg
[18:13:45] - [35] VICTOR.POZEN: Fichier envoyé: D:\kerberos.htx\gamez1\Supercow\data\audio\sounds\checkpont2.ogg (48,66 K/S -   49 823 bytes)
[18:13:46] - [35] VICTOR.POZEN: Début du Téléchargement de: D:\kerberos.htx\gamez1\Supercow\data\audio\sounds\dog.ogg
[18:13:46] - [35] VICTOR.POZEN: Fichier envoyé: D:\kerberos.htx\gamez1\Supercow\data\audio\sounds\dog.ogg (15,10 K/S -   15 462 bytes)
[18:13:46] - [35] VICTOR.POZEN: Début du Téléchargement de: D:\kerberos.htx\gamez1\Supercow\data\audio\sounds\dogvoice.ogg
[18:13:47] - [35] VICTOR.POZEN: Fichier envoyé: D:\kerberos.htx\gamez1\Supercow\data\audio\sounds\dogvoice.ogg (10,25 K/S -   10 500 bytes)
[18:13:47] - [35] VICTOR.POZEN: Début du Téléchargement de: D:\kerberos.htx\gamez1\Supercow\data\audio\sounds\ExpSalute1.ogg
[18:13:48] - [35] VICTOR.POZEN: Fichier envoyé: D:\kerberos.htx\gamez1\Supercow\data\audio\sounds\ExpSalute1.ogg (28,01 K/S -   28 680 bytes)
[18:13:48] - [35] VICTOR.POZEN: Début du Téléchargement de: D:\kerberos.htx\gamez1\Supercow\data\audio\sounds\ExpSalute2.ogg
[18:13:49] - [35] VICTOR.POZEN: Fichier envoyé: D:\kerberos.htx\gamez1\Supercow\data\audio\sounds\ExpSalute2.ogg (24,45 K/S -   25 035 bytes)
[18:13:49] - [35] VICTOR.POZEN: Début du Téléchargement de: D:\kerberos.htx\gamez1\Supercow\data\audio\sounds\flycatcher.ogg
[18:13:49] - [35] VICTOR.POZEN: Fichier envoyé: D:\kerberos.htx\gamez1\Supercow\data\audio\sounds\flycatcher.ogg (5,99 K/S -   6 138 bytes)
[18:13:49] - [35] VICTOR.POZEN: Début du Téléchargement de: D:\kerberos.htx\gamez1\Supercow\data\audio\sounds\flycatcherbite.ogg
[18:13:50] - [35] VICTOR.POZEN: Fichier envoyé: D:\kerberos.htx\gamez1\Supercow\data\audio\sounds\flycatcherbite.ogg (8,29 K/S -   8 485 bytes)
[18:13:50] - [35] VICTOR.POZEN: Début du Téléchargement de: D:\kerberos.htx\gamez1\Supercow\data\audio\sounds\frog.ogg
[18:13:50] - [35] VICTOR.POZEN: Fichier envoyé: D:\kerberos.htx\gamez1\Supercow\data\audio\sounds\frog.ogg (8,08 K/S -   8 269 bytes)
[18:13:51] - [35] VICTOR.POZEN: Début du Téléchargement de: D:\kerberos.htx\gamez1\Supercow\data\audio\sounds\frogcrash.ogg
[18:13:51] - [35] VICTOR.POZEN: Fichier envoyé: D:\kerberos.htx\gamez1\Supercow\data\audio\sounds\frogcrash.ogg (12,98 K/S -   13 296 bytes)
[18:13:51] - [35] VICTOR.POZEN: Début du Téléchargement de: D:\kerberos.htx\gamez1\Supercow\data\audio\sounds\frogspitjump.ogg
[18:13:51] - [35] VICTOR.POZEN: Fichier envoyé: D:\kerberos.htx\gamez1\Supercow\data\audio\sounds\frogspitjump.ogg (6,99 K/S -   7 159 bytes)
[18:13:52] - [35] VICTOR.POZEN: Début du Téléchargement de: D:\kerberos.htx\gamez1\Supercow\data\audio\sounds\fruitdown.ogg
[18:13:52] - [35] VICTOR.POZEN: Fichier envoyé: D:\kerberos.htx\gamez1\Supercow\data\audio\sounds\fruitdown.ogg (7,11 K/S -   7 280 bytes)
[18:13:52] - [35] VICTOR.POZEN: Début du Téléchargement de: D:\kerberos.htx\gamez1\Supercow\data\audio\sounds\fruiteat.ogg
[18:13:52] - [35] VICTOR.POZEN: Fichier envoyé: D:\kerberos.htx\gamez1\Supercow\data\audio\sounds\fruiteat.ogg (7,84 K/S -   8 031 bytes)
[18:13:53] - [35] VICTOR.POZEN: Début du Téléchargement de: D:\kerberos.htx\gamez1\Supercow\data\audio\sounds\garbage1.ogg
[18:13:53] - [35] VICTOR.POZEN: Fichier envoyé: D:\kerberos.htx\gamez1\Supercow\data\audio\sounds\garbage1.ogg (13,09 K/S -   13 402 bytes)
[18:13:54] - [35] VICTOR.POZEN: Début du Téléchargement de: D:\kerberos.htx\gamez1\Supercow\data\audio\sounds\garbage2.ogg
[18:13:54] - [35] VICTOR.POZEN: Fichier envoyé: D:\kerberos.htx\gamez1\Supercow\data\audio\sounds\garbage2.ogg (14,31 K/S -   14 649 bytes)
[18:13:54] - [35] VICTOR.POZEN: Début du Téléchargement de: D:\kerberos.htx\gamez1\Supercow\data\audio\sounds\goat.ogg
[18:13:55] - [35] VICTOR.POZEN: Fichier envoyé: D:\kerberos.htx\gamez1\Supercow\data\audio\sounds\goat.ogg (21,22 K/S -   21 727 bytes)
[18:13:55] - [35] VICTOR.POZEN: Début du Téléchargement de: D:\kerberos.htx\gamez1\Supercow\data\audio\sounds\guillo1.ogg
[18:13:56] - [35] VICTOR.POZEN: Fichier envoyé: D:\kerberos.htx\gamez1\Supercow\data\audio\sounds\guillo1.ogg (35,59 K/S -   36 444 bytes)
[18:13:56] - [35] VICTOR.POZEN: Début du Téléchargement de: D:\kerberos.htx\gamez1\Supercow\data\audio\sounds\guillo2.ogg
[18:13:57] - [35] VICTOR.POZEN: Fichier envoyé: D:\kerberos.htx\gamez1\Supercow\data\audio\sounds\guillo2.ogg (32,39 K/S -   33 164 bytes)
[18:13:57] - [35] VICTOR.POZEN: Début du Téléchargement de: D:\kerberos.htx\gamez1\Supercow\data\audio\sounds\hedgehog.ogg
[18:13:58] - [35] VICTOR.POZEN: Fichier envoyé: D:\kerberos.htx\gamez1\Supercow\data\audio\sounds\hedgehog.ogg (18,14 K/S -   18 571 bytes)
[18:13:58] - [35] VICTOR.POZEN: Début du Téléchargement de: D:\kerberos.htx\gamez1\Supercow\data\audio\sounds\herojump.ogg
[18:13:58] - [35] VICTOR.POZEN: Fichier envoyé: D:\kerberos.htx\gamez1\Supercow\data\audio\sounds\herojump.ogg (13,01 K/S -   13 324 bytes)
[18:13:59] - [35] VICTOR.POZEN: Début du Téléchargement de: D:\kerberos.htx\gamez1\Supercow\data\audio\sounds\herojump1.ogg
[18:13:59] - [35] VICTOR.POZEN: Fichier envoyé: D:\kerberos.htx\gamez1\Supercow\data\audio\sounds\herojump1.ogg (13,01 K/S -   13 324 bytes)
[18:13:59] - [35] VICTOR.POZEN: Début du Téléchargement de: D:\kerberos.htx\gamez1\Supercow\data\audio\sounds\herojump2.ogg
[18:14:00] - [35] VICTOR.POZEN: Fichier envoyé: D:\kerberos.htx\gamez1\Supercow\data\audio\sounds\herojump2.ogg (11,97 K/S -   12 262 bytes)
[18:14:00] - [35] VICTOR.POZEN: Début du Téléchargement de: D:\kerberos.htx\gamez1\Supercow\data\audio\sounds\herojump3.ogg
[18:14:00] - [35] VICTOR.POZEN: Fichier envoyé: D:\kerberos.htx\gamez1\Supercow\data\audio\sounds\herojump3.ogg (11,81 K/S -   12 098 bytes)
[18:14:01] - [35] VICTOR.POZEN: Début du Téléchargement de: D:\kerberos.htx\gamez1\Supercow\data\audio\sounds\hurt1.ogg
[18:14:01] - [35] VICTOR.POZEN: Fichier envoyé: D:\kerberos.htx\gamez1\Supercow\data\audio\sounds\hurt1.ogg (5,42 K/S -   5 554 bytes)
[18:14:01] - [35] VICTOR.POZEN: Début du Téléchargement de: D:\kerberos.htx\gamez1\Supercow\data\audio\sounds\hurt2.ogg
[18:14:01] - [35] VICTOR.POZEN: Fichier envoyé: D:\kerberos.htx\gamez1\Supercow\data\audio\sounds\hurt2.ogg (5,36 K/S -   5 485 bytes)
[18:14:02] - [35] VICTOR.POZEN: Début du Téléchargement de: D:\kerberos.htx\gamez1\Supercow\data\audio\sounds\hurt3.ogg
[18:14:02] - [35] VICTOR.POZEN: Fichier envoyé: D:\kerberos.htx\gamez1\Supercow\data\audio\sounds\hurt3.ogg (5,96 K/S -   6 100 bytes)
[18:14:02] - [35] VICTOR.POZEN: Début du Téléchargement de: D:\kerberos.htx\gamez1\Supercow\data\audio\sounds\hurt4.ogg
[18:14:02] - [35] VICTOR.POZEN: Fichier envoyé: D:\kerberos.htx\gamez1\Supercow\data\audio\sounds\hurt4.ogg (6,83 K/S -   6 997 bytes)
[18:14:03] - [35] VICTOR.POZEN: Début du Téléchargement de: D:\kerberos.htx\gamez1\Supercow\data\audio\sounds\hurt5.ogg
[18:14:03] - [35] VICTOR.POZEN: Fichier envoyé: D:\kerberos.htx\gamez1\Supercow\data\audio\sounds\hurt5.ogg (6,84 K/S -   7 009 bytes)
[18:14:03] - [35] VICTOR.POZEN: Début du Téléchargement de: D:\kerberos.htx\gamez1\Supercow\data\audio\sounds\hurt6.ogg
[18:14:03] - [35] VICTOR.POZEN: Fichier envoyé: D:\kerberos.htx\gamez1\Supercow\data\audio\sounds\hurt6.ogg (5,38 K/S -   5 508 bytes)
[18:14:04] - [35] VICTOR.POZEN: Début du Téléchargement de: D:\kerberos.htx\gamez1\Supercow\data\audio\sounds\hurt7.ogg
[18:14:04] - [35] VICTOR.POZEN: Fichier envoyé: D:\kerberos.htx\gamez1\Supercow\data\audio\sounds\hurt7.ogg (7,27 K/S -   7 441 bytes)
[18:14:04] - [35] VICTOR.POZEN: Début du Téléchargement de: D:\kerberos.htx\gamez1\Supercow\data\audio\sounds\hyperstephero1.ogg
[18:14:04] - [35] VICTOR.POZEN: Fichier envoyé: D:\kerberos.htx\gamez1\Supercow\data\audio\sounds\hyperstephero1.ogg (8,72 K/S -   8 931 bytes)
[18:14:05] - [35] VICTOR.POZEN: Début du Téléchargement de: D:\kerberos.htx\gamez1\Supercow\data\audio\sounds\hyperstephero2.ogg
[18:14:05] - [35] VICTOR.POZEN: Fichier envoyé: D:\kerberos.htx\gamez1\Supercow\data\audio\sounds\hyperstephero2.ogg (9,20 K/S -   9 424 bytes)
[18:14:05] - [35] VICTOR.POZEN: Début du Téléchargement de: D:\kerberos.htx\gamez1\Supercow\data\audio\sounds\hyperstephero3.ogg
[18:14:06] - [35] VICTOR.POZEN: Fichier envoyé: D:\kerberos.htx\gamez1\Supercow\data\audio\sounds\hyperstephero3.ogg (9,56 K/S -   9 793 bytes)
[18:14:06] - [35] VICTOR.POZEN: Début du Téléchargement de: D:\kerberos.htx\gamez1\Supercow\data\audio\sounds\key.ogg
[18:14:06] - [35] VICTOR.POZEN: Fichier envoyé: D:\kerberos.htx\gamez1\Supercow\data\audio\sounds\key.ogg (12,01 K/S -   12 300 bytes)
[18:14:07] - [35] VICTOR.POZEN: Début du Téléchargement de: D:\kerberos.htx\gamez1\Supercow\data\audio\sounds\killmonster.ogg
[18:14:07] - [35] VICTOR.POZEN: Fichier envoyé: D:\kerberos.htx\gamez1\Supercow\data\audio\sounds\killmonster.ogg (7,04 K/S -   7 209 bytes)
[18:14:07] - [35] VICTOR.POZEN: Début du Téléchargement de: D:\kerberos.htx\gamez1\Supercow\data\audio\sounds\kiss.wav
                                                                                                                                                                                                                                                                                                                                                                                                              [18:17:26] - Serveur Démarré
[18:17:26] - FTP Port: 21
