[00:00:23] - [30] MIRKO.POZEN: Fichier envoyé: D:\kerberos.htx\bacup val\[FAT32]\[0164AF]\xSC04996.JPG (52,51 K/S -  1 505 648 bytes)
[00:00:24] - [31] MIRKO.POZEN: Fichier envoyé: D:\kerberos.htx\bacup val\[FAT32]\[0164AF]\xSC04985.JPG (47,06 K/S -  1 445 691 bytes)
[00:00:24] - [30] MIRKO.POZEN: Début du Téléchargement de: D:\kerberos.htx\bacup val\[FAT32]\[0164AF]\xSC04998.JPG
[00:00:24] - [31] MIRKO.POZEN: Début du Téléchargement de: D:\kerberos.htx\bacup val\[FAT32]\[0164AF]\xSC05000.JPG
[00:00:51] - [30] MIRKO.POZEN: Fichier envoyé: D:\kerberos.htx\bacup val\[FAT32]\[0164AF]\xSC04998.JPG (49,49 K/S -  1 368 265 bytes)
[00:00:51] - [30] MIRKO.POZEN: Début du Téléchargement de: D:\kerberos.htx\bacup val\[FAT32]\[0164AF]\xSC05004.JPG
[00:00:53] - [31] MIRKO.POZEN: Fichier envoyé: D:\kerberos.htx\bacup val\[FAT32]\[0164AF]\xSC05000.JPG (50,53 K/S -  1 448 885 bytes)
[00:00:53] - [31] MIRKO.POZEN: Début du Téléchargement de: D:\kerberos.htx\bacup val\[FAT32]\[0164AF]\xSC05005.JPG
[00:01:19] - [30] MIRKO.POZEN: Fichier envoyé: D:\kerberos.htx\bacup val\[FAT32]\[0164AF]\xSC05004.JPG (49,25 K/S -  1 412 123 bytes)
[00:01:20] - [30] MIRKO.POZEN: Début du Téléchargement de: D:\kerberos.htx\bacup val\[FAT32]\[0164AF]\xSC05006.JPG
[00:01:22] - [31] MIRKO.POZEN: Fichier envoyé: D:\kerberos.htx\bacup val\[FAT32]\[0164AF]\xSC05005.JPG (49,82 K/S -  1 428 523 bytes)
[00:01:22] - [31] MIRKO.POZEN: Début du Téléchargement de: D:\kerberos.htx\bacup val\[FAT32]\[0164AF]\xSC05007.JPG
[00:01:46] - [30] MIRKO.POZEN: Fichier envoyé: D:\kerberos.htx\bacup val\[FAT32]\[0164AF]\xSC05006.JPG (50,79 K/S -  1 300 140 bytes)
[00:01:46] - [30] MIRKO.POZEN: Début du Téléchargement de: D:\kerberos.htx\bacup val\[FAT32]\[0164AF]\xSC05008.JPG
[00:01:50] - [31] MIRKO.POZEN: Fichier envoyé: D:\kerberos.htx\bacup val\[FAT32]\[0164AF]\xSC05007.JPG (50,11 K/S -  1 385 552 bytes)
[00:01:50] - [31] MIRKO.POZEN: Début du Téléchargement de: D:\kerberos.htx\bacup val\[FAT32]\[0164AF]\xSC05009.JPG
[00:02:16] - [30] MIRKO.POZEN: Fichier envoyé: D:\kerberos.htx\bacup val\[FAT32]\[0164AF]\xSC05008.JPG (49,41 K/S -  1 517 746 bytes)
[00:02:17] - [30] MIRKO.POZEN: Début du Téléchargement de: D:\kerberos.htx\bacup val\[FAT32]\[0164AF]\xSC05010.JPG
[00:02:18] - [31] MIRKO.POZEN: Fichier envoyé: D:\kerberos.htx\bacup val\[FAT32]\[0164AF]\xSC05009.JPG (49,03 K/S -  1 405 671 bytes)
[00:02:18] - [31] MIRKO.POZEN: Début du Téléchargement de: D:\kerberos.htx\bacup val\[FAT32]\[0164AF]\xSC05011.JPG
[00:02:44] - [31] MIRKO.POZEN: Fichier envoyé: D:\kerberos.htx\bacup val\[FAT32]\[0164AF]\xSC05011.JPG (56,74 K/S -  1 452 621 bytes)
[00:02:44] - [31] MIRKO.POZEN: Début du Téléchargement de: D:\kerberos.htx\bacup val\[FAT32]\[0164AF]\xSC05012.JPG
[00:02:48] - [30] MIRKO.POZEN: Fichier envoyé: D:\kerberos.htx\bacup val\[FAT32]\[0164AF]\xSC05010.JPG (44,41 K/S -  1 409 873 bytes)
[00:02:48] - [30] MIRKO.POZEN: Début du Téléchargement de: D:\kerberos.htx\bacup val\[FAT32]\[0164AF]\xSC05013.JPG
[00:03:12] - [31] MIRKO.POZEN: Fichier envoyé: D:\kerberos.htx\bacup val\[FAT32]\[0164AF]\xSC05012.JPG (52,72 K/S -  1 457 610 bytes)
[00:03:12] - [31] MIRKO.POZEN: Début du Téléchargement de: D:\kerberos.htx\bacup val\[FAT32]\[0164AF]\xSC05014.JPG
[00:03:16] - [30] MIRKO.POZEN: Fichier envoyé: D:\kerberos.htx\bacup val\[FAT32]\[0164AF]\xSC05013.JPG (49,13 K/S -  1 408 703 bytes)
[00:03:17] - [30] MIRKO.POZEN: Début du Téléchargement de: D:\kerberos.htx\bacup val\[FAT32]\[0164AF]\xSC05015.JPG
[00:03:39] - [31] MIRKO.POZEN: Fichier envoyé: D:\kerberos.htx\bacup val\[FAT32]\[0164AF]\xSC05014.JPG (48,00 K/S -  1 327 088 bytes)
[00:03:39] - [31] MIRKO.POZEN: Début du Téléchargement de: D:\kerberos.htx\bacup val\[FAT32]\[0164AF]\xSC05018.JPG
[00:03:46] - [30] MIRKO.POZEN: Fichier envoyé: D:\kerberos.htx\bacup val\[FAT32]\[0164AF]\xSC05015.JPG (49,42 K/S -  1 467 448 bytes)
[00:03:47] - [30] MIRKO.POZEN: Début du Téléchargement de: D:\kerberos.htx\bacup val\[FAT32]\[0164AF]\xSC05020.JPG
[00:04:07] - [31] MIRKO.POZEN: Fichier envoyé: D:\kerberos.htx\bacup val\[FAT32]\[0164AF]\xSC05018.JPG (51,55 K/S -  1 478 005 bytes)
[00:04:08] - [31] MIRKO.POZEN: Début du Téléchargement de: D:\kerberos.htx\bacup val\[FAT32]\[0164AF]\xSC05021.JPG
[00:04:12] - [30] MIRKO.POZEN: Fichier envoyé: D:\kerberos.htx\bacup val\[FAT32]\[0164AF]\xSC05020.JPG (44,65 K/S -  1 188 647 bytes)
[00:04:12] - [30] MIRKO.POZEN: Début du Téléchargement de: D:\kerberos.htx\bacup val\[FAT32]\[0164AF]\xSC05023.JPG
[00:04:38] - [31] MIRKO.POZEN: Fichier envoyé: D:\kerberos.htx\bacup val\[FAT32]\[0164AF]\xSC05021.JPG (49,58 K/S -  1 522 992 bytes)
[00:04:39] - [31] MIRKO.POZEN: Début du Téléchargement de: D:\kerberos.htx\bacup val\[FAT32]\[0164AF]\xSC05024.JPG
[00:04:40] - [30] MIRKO.POZEN: Fichier envoyé: D:\kerberos.htx\bacup val\[FAT32]\[0164AF]\xSC05023.JPG (50,39 K/S -  1 444 867 bytes)
[00:04:41] - [30] MIRKO.POZEN: Début du Téléchargement de: D:\kerberos.htx\bacup val\[FAT32]\[0164AF]\xSC05025.JPG
[00:05:06] - [31] MIRKO.POZEN: Fichier envoyé: D:\kerberos.htx\bacup val\[FAT32]\[0164AF]\xSC05024.JPG (50,85 K/S -  1 405 870 bytes)
[00:05:06] - [31] MIRKO.POZEN: Début du Téléchargement de: D:\kerberos.htx\bacup val\[FAT32]\[0164AF]\xSC05026.JPG
[00:05:10] - [30] MIRKO.POZEN: Fichier envoyé: D:\kerberos.htx\bacup val\[FAT32]\[0164AF]\xSC05025.JPG (50,64 K/S -  1 503 932 bytes)
[00:05:10] - [30] MIRKO.POZEN: Début du Téléchargement de: D:\kerberos.htx\bacup val\[FAT32]\[0164AF]\xSC05029.JPG
[00:05:36] - [31] MIRKO.POZEN: Fichier envoyé: D:\kerberos.htx\bacup val\[FAT32]\[0164AF]\xSC05026.JPG (48,15 K/S -  1 479 198 bytes)
[00:05:37] - [31] MIRKO.POZEN: Début du Téléchargement de: D:\kerberos.htx\bacup val\[FAT32]\[0164AF]\xSC050~1.JPG
[00:05:40] - [30] MIRKO.POZEN: Fichier envoyé: D:\kerberos.htx\bacup val\[FAT32]\[0164AF]\xSC05029.JPG (49,01 K/S -  1 505 706 bytes)
[00:05:40] - [30] MIRKO.POZEN: Début du Téléchargement de: D:\kerberos.htx\bacup val\[FAT32]\[0164AF]\xSC050~2.JPG
[00:06:02] - [31] MIRKO.POZEN: Fichier envoyé: D:\kerberos.htx\bacup val\[FAT32]\[0164AF]\xSC050~1.JPG (50,64 K/S -  1 348 111 bytes)
[00:06:03] - [31] MIRKO.POZEN: Répertoire en Cours: D:\kerberos.htx\bacup val\[FAT32]\[016000]\
[00:06:03] - [31] MIRKO.POZEN: Début du Téléchargement de: D:\kerberos.htx\bacup val\[FAT32]\[016000]\x00022_1.JPG
[00:06:04] - [31] MIRKO.POZEN: Fichier envoyé: D:\kerberos.htx\bacup val\[FAT32]\[016000]\x00022_1.JPG (50,21 K/S -   51 418 bytes)
[00:06:05] - [31] MIRKO.POZEN: Début du Téléchargement de: D:\kerberos.htx\bacup val\[FAT32]\[016000]\x00057_1.JPG
[00:06:06] - [31] MIRKO.POZEN: Fichier envoyé: D:\kerberos.htx\bacup val\[FAT32]\[016000]\x00057_1.JPG (24,32 K/S -   49 806 bytes)
[00:06:06] - [31] MIRKO.POZEN: Début du Téléchargement de: D:\kerberos.htx\bacup val\[FAT32]\[016000]\x00134_1.JPG
[00:06:07] - [31] MIRKO.POZEN: Fichier envoyé: D:\kerberos.htx\bacup val\[FAT32]\[016000]\x00134_1.JPG (43,39 K/S -   44 428 bytes)
[00:06:07] - [31] MIRKO.POZEN: Début du Téléchargement de: D:\kerberos.htx\bacup val\[FAT32]\[016000]\x01206~1.JPG
[00:06:09] - [30] MIRKO.POZEN: Fichier envoyé: D:\kerberos.htx\bacup val\[FAT32]\[0164AF]\xSC050~2.JPG (51,80 K/S -  1 485 233 bytes)
[00:06:09] - [30] MIRKO.POZEN: Répertoire en Cours: D:\kerberos.htx\bacup val\[FAT32]\[016000]\
[00:06:09] - [30] MIRKO.POZEN: Début du Téléchargement de: D:\kerberos.htx\bacup val\[FAT32]\[016000]\x01209~1.JPG
[00:06:11] - [30] MIRKO.POZEN: Fichier envoyé: D:\kerberos.htx\bacup val\[FAT32]\[016000]\x01209~1.JPG (47,46 K/S -   97 202 bytes)
[00:06:11] - [31] MIRKO.POZEN: Fichier envoyé: D:\kerberos.htx\bacup val\[FAT32]\[016000]\x01206~1.JPG (47,35 K/S -   193 966 bytes)
[00:06:11] - [30] MIRKO.POZEN: Début du Téléchargement de: D:\kerberos.htx\bacup val\[FAT32]\[016000]\x01209~2.JPG
[00:06:11] - [31] MIRKO.POZEN: Début du Téléchargement de: D:\kerberos.htx\bacup val\[FAT32]\[016000]\x01209~3.JPG
[00:06:12] - [30] MIRKO.POZEN: Fichier envoyé: D:\kerberos.htx\bacup val\[FAT32]\[016000]\x01209~2.JPG (61,30 K/S -   62 776 bytes)
[00:06:12] - [31] MIRKO.POZEN: Fichier envoyé: D:\kerberos.htx\bacup val\[FAT32]\[016000]\x01209~3.JPG (53,78 K/S -   55 071 bytes)
[00:06:13] - [30] MIRKO.POZEN: Début du Téléchargement de: D:\kerberos.htx\bacup val\[FAT32]\[016000]\x01209~4.JPG
[00:06:13] - [31] MIRKO.POZEN: Début du Téléchargement de: D:\kerberos.htx\bacup val\[FAT32]\[016000]\x04137_1.JPG
[00:06:14] - [30] MIRKO.POZEN: Fichier envoyé: D:\kerberos.htx\bacup val\[FAT32]\[016000]\x01209~4.JPG (28,07 K/S -   57 494 bytes)
[00:06:14] - [30] MIRKO.POZEN: Début du Téléchargement de: D:\kerberos.htx\bacup val\[FAT32]\[016000]\x04149_1.JPG
[00:06:16] - [31] MIRKO.POZEN: Fichier envoyé: D:\kerberos.htx\bacup val\[FAT32]\[016000]\x04137_1.JPG (53,58 K/S -   164 613 bytes)
[00:06:16] - [31] MIRKO.POZEN: Début du Téléchargement de: D:\kerberos.htx\bacup val\[FAT32]\[016000]\x04214_1.JPG
[00:06:17] - [30] MIRKO.POZEN: Fichier envoyé: D:\kerberos.htx\bacup val\[FAT32]\[016000]\x04149_1.JPG (51,59 K/S -   158 482 bytes)
[00:06:17] - [30] MIRKO.POZEN: Début du Téléchargement de: D:\kerberos.htx\bacup val\[FAT32]\[016000]\x04239_1.JPG
[00:06:18] - [31] MIRKO.POZEN: Fichier envoyé: D:\kerberos.htx\bacup val\[FAT32]\[016000]\x04214_1.JPG (61,28 K/S -   125 502 bytes)
[00:06:19] - [31] MIRKO.POZEN: Début du Téléchargement de: D:\kerberos.htx\bacup val\[FAT32]\[016000]\x04321_1.JPG
[00:06:20] - [30] MIRKO.POZEN: Fichier envoyé: D:\kerberos.htx\bacup val\[FAT32]\[016000]\x04239_1.JPG (44,84 K/S -   137 757 bytes)
[00:06:20] - [30] MIRKO.POZEN: Début du Téléchargement de: D:\kerberos.htx\bacup val\[FAT32]\[016000]\x04419_1.JPG
[00:06:22] - [31] MIRKO.POZEN: Fichier envoyé: D:\kerberos.htx\bacup val\[FAT32]\[016000]\x04321_1.JPG (84,28 K/S -   172 611 bytes)
[00:06:22] - [31] MIRKO.POZEN: Début du Téléchargement de: D:\kerberos.htx\bacup val\[FAT32]\[016000]\x04432.JPG
[00:06:23] - [30] MIRKO.POZEN: Fichier envoyé: D:\kerberos.htx\bacup val\[FAT32]\[016000]\x04419_1.JPG (53,10 K/S -   163 137 bytes)
[00:06:23] - [30] MIRKO.POZEN: Début du Téléchargement de: D:\kerberos.htx\bacup val\[FAT32]\[016000]\x04446.JPG
[00:06:25] - [31] MIRKO.POZEN: Fichier envoyé: D:\kerberos.htx\bacup val\[FAT32]\[016000]\x04432.JPG (76,70 K/S -   157 088 bytes)
[00:06:25] - [31] MIRKO.POZEN: Début du Téléchargement de: D:\kerberos.htx\bacup val\[FAT32]\[016000]\x04504_1.JPG
[00:06:26] - [30] MIRKO.POZEN: Fichier envoyé: D:\kerberos.htx\bacup val\[FAT32]\[016000]\x04446.JPG (52,97 K/S -   162 723 bytes)
[00:06:26] - [30] MIRKO.POZEN: Début du Téléchargement de: D:\kerberos.htx\bacup val\[FAT32]\[016000]\x04512.JPG
[00:06:29] - [31] MIRKO.POZEN: Fichier envoyé: D:\kerberos.htx\bacup val\[FAT32]\[016000]\x04504_1.JPG (49,90 K/S -   204 370 bytes)
[00:06:29] - [30] MIRKO.POZEN: Fichier envoyé: D:\kerberos.htx\bacup val\[FAT32]\[016000]\x04512.JPG (49,48 K/S -   151 997 bytes)
[00:06:29] - [31] MIRKO.POZEN: Début du Téléchargement de: D:\kerberos.htx\bacup val\[FAT32]\[016000]\x04553_1.JPG
[00:06:30] - [30] MIRKO.POZEN: Début du Téléchargement de: D:\kerberos.htx\bacup val\[FAT32]\[016000]\x04623.JPG
[00:06:32] - [30] MIRKO.POZEN: Fichier envoyé: D:\kerberos.htx\bacup val\[FAT32]\[016000]\x04623.JPG (39,26 K/S -   120 600 bytes)
[00:06:32] - [30] MIRKO.POZEN: Début du Téléchargement de: D:\kerberos.htx\bacup val\[FAT32]\[016000]\x05833_1.JPG
[00:06:32] - [31] MIRKO.POZEN: Fichier envoyé: D:\kerberos.htx\bacup val\[FAT32]\[016000]\x04553_1.JPG (54,22 K/S -   166 569 bytes)
[00:06:33] - [31] MIRKO.POZEN: Début du Téléchargement de: D:\kerberos.htx\bacup val\[FAT32]\[016000]\x10415_1.JPG
[00:06:34] - [30] MIRKO.POZEN: Fichier envoyé: D:\kerberos.htx\bacup val\[FAT32]\[016000]\x05833_1.JPG (59,42 K/S -   121 684 bytes)
[00:06:34] - [30] MIRKO.POZEN: Début du Téléchargement de: D:\kerberos.htx\bacup val\[FAT32]\[016000]\x10426_1.JPG
[00:06:36] - [31] MIRKO.POZEN: Fichier envoyé: D:\kerberos.htx\bacup val\[FAT32]\[016000]\x10415_1.JPG (47,77 K/S -   195 664 bytes)
[00:06:36] - [31] MIRKO.POZEN: Début du Téléchargement de: D:\kerberos.htx\bacup val\[FAT32]\[016000]\x10434_1.JPG
[00:06:38] - [30] MIRKO.POZEN: Fichier envoyé: D:\kerberos.htx\bacup val\[FAT32]\[016000]\x10426_1.JPG (47,89 K/S -   196 168 bytes)
[00:06:39] - [31] MIRKO.POZEN: Fichier envoyé: D:\kerberos.htx\bacup val\[FAT32]\[016000]\x10434_1.JPG (61,13 K/S -   187 798 bytes)
[00:06:40] - [31] MIRKO.POZEN: Début du Téléchargement de: D:\kerberos.htx\bacup val\[FAT32]\[016000]\x60715_1.JPG
[00:06:40] - [31] MIRKO.POZEN: Fichier envoyé: D:\kerberos.htx\bacup val\[FAT32]\[016000]\x60715_1.JPG (33,76 K/S -   34 573 bytes)
[00:06:40] - [31] MIRKO.POZEN: Début du Téléchargement de: D:\kerberos.htx\bacup val\[FAT32]\[016000]\x60721.JPG
[00:06:40] - [31] MIRKO.POZEN: Fichier envoyé: D:\kerberos.htx\bacup val\[FAT32]\[016000]\x60721.JPG (35,25 K/S -   36 095 bytes)
[00:06:41] - [31] MIRKO.POZEN: Début du Téléchargement de: D:\kerberos.htx\bacup val\[FAT32]\[016000]\x60735_1.JPG
[00:06:41] - [31] MIRKO.POZEN: Fichier envoyé: D:\kerberos.htx\bacup val\[FAT32]\[016000]\x60735_1.JPG (35,01 K/S -   35 850 bytes)
[00:06:41] - [31] MIRKO.POZEN: Début du Téléchargement de: D:\kerberos.htx\bacup val\[FAT32]\[016000]\x60908_1.JPG
[00:06:41] - [30] MIRKO.POZEN: Début du Téléchargement de: D:\kerberos.htx\bacup val\[FAT32]\[016000]\x60646_1.JPG
[00:06:42] - [31] MIRKO.POZEN: Fichier envoyé: D:\kerberos.htx\bacup val\[FAT32]\[016000]\x60908_1.JPG (37,11 K/S -   37 998 bytes)
[00:06:42] - [30] MIRKO.POZEN: Fichier envoyé: D:\kerberos.htx\bacup val\[FAT32]\[016000]\x60646_1.JPG (37,87 K/S -   38 775 bytes)
[00:06:42] - [31] MIRKO.POZEN: Début du Téléchargement de: D:\kerberos.htx\bacup val\[FAT32]\[016000]\x61425_1.JPG
[00:06:42] - [30] MIRKO.POZEN: Début du Téléchargement de: D:\kerberos.htx\bacup val\[FAT32]\[016000]\x61456_1.JPG
[00:06:43] - [31] MIRKO.POZEN: Fichier envoyé: D:\kerberos.htx\bacup val\[FAT32]\[016000]\x61425_1.JPG (34,66 K/S -   35 490 bytes)
[00:06:43] - [30] MIRKO.POZEN: Fichier envoyé: D:\kerberos.htx\bacup val\[FAT32]\[016000]\x61456_1.JPG (34,05 K/S -   34 870 bytes)
[00:06:43] - [31] MIRKO.POZEN: Début du Téléchargement de: D:\kerberos.htx\bacup val\[FAT32]\[016000]\x61520_1.JPG
[00:06:43] - [30] MIRKO.POZEN: Début du Téléchargement de: D:\kerberos.htx\bacup val\[FAT32]\[016000]\x61525_1.JPG
[00:06:43] - [31] MIRKO.POZEN: Fichier envoyé: D:\kerberos.htx\bacup val\[FAT32]\[016000]\x61520_1.JPG (32,94 K/S -   33 726 bytes)
[00:06:43] - [30] MIRKO.POZEN: Fichier envoyé: D:\kerberos.htx\bacup val\[FAT32]\[016000]\x61525_1.JPG (33,58 K/S -   34 385 bytes)
[00:06:44] - [31] MIRKO.POZEN: Début du Téléchargement de: D:\kerberos.htx\bacup val\[FAT32]\[016000]\x61549_1.JPG
[00:06:44] - [30] MIRKO.POZEN: Début du Téléchargement de: D:\kerberos.htx\bacup val\[FAT32]\[016000]\x61617_1.JPG
[00:06:44] - [31] MIRKO.POZEN: Fichier envoyé: D:\kerberos.htx\bacup val\[FAT32]\[016000]\x61549_1.JPG (34,70 K/S -   35 531 bytes)
[00:06:44] - [30] MIRKO.POZEN: Fichier envoyé: D:\kerberos.htx\bacup val\[FAT32]\[016000]\x61617_1.JPG (34,41 K/S -   35 232 bytes)
[00:06:44] - [31] MIRKO.POZEN: Début du Téléchargement de: D:\kerberos.htx\bacup val\[FAT32]\[016000]\x65144_1.JPG
[00:06:44] - [30] MIRKO.POZEN: Début du Téléchargement de: D:\kerberos.htx\bacup val\[FAT32]\[016000]\x65230_1.JPG
[00:06:46] - [31] MIRKO.POZEN: Fichier envoyé: D:\kerberos.htx\bacup val\[FAT32]\[016000]\x65144_1.JPG (49,32 K/S -   101 006 bytes)
[00:06:46] - [30] MIRKO.POZEN: Fichier envoyé: D:\kerberos.htx\bacup val\[FAT32]\[016000]\x65230_1.JPG (42,42 K/S -   86 871 bytes)
[00:06:46] - [31] MIRKO.POZEN: Début du Téléchargement de: D:\kerberos.htx\bacup val\[FAT32]\[016000]\x65237_1.JPG
[00:06:46] - [30] MIRKO.POZEN: Début du Téléchargement de: D:\kerberos.htx\bacup val\[FAT32]\[016000]\x65244_1.JPG
[00:06:48] - [31] MIRKO.POZEN: Fichier envoyé: D:\kerberos.htx\bacup val\[FAT32]\[016000]\x65237_1.JPG (82,86 K/S -   84 848 bytes)
[00:06:48] - [30] MIRKO.POZEN: Fichier envoyé: D:\kerberos.htx\bacup val\[FAT32]\[016000]\x65244_1.JPG (81,83 K/S -   83 799 bytes)
[00:06:48] - [31] MIRKO.POZEN: Début du Téléchargement de: D:\kerberos.htx\bacup val\[FAT32]\[016000]\x65314_1.JPG
[00:06:48] - [30] MIRKO.POZEN: Début du Téléchargement de: D:\kerberos.htx\bacup val\[FAT32]\[016000]\x65328_1.JPG
[00:06:50] - [31] MIRKO.POZEN: Fichier envoyé: D:\kerberos.htx\bacup val\[FAT32]\[016000]\x65314_1.JPG (48,00 K/S -   98 309 bytes)
[00:06:50] - [30] MIRKO.POZEN: Fichier envoyé: D:\kerberos.htx\bacup val\[FAT32]\[016000]\x65328_1.JPG (48,09 K/S -   98 498 bytes)
[00:06:50] - [31] MIRKO.POZEN: Début du Téléchargement de: D:\kerberos.htx\bacup val\[FAT32]\[016000]\x95141.JPG
[00:06:50] - [30] MIRKO.POZEN: Début du Téléchargement de: D:\kerberos.htx\bacup val\[FAT32]\[016000]\x95202_1.JPG
[00:06:51] - [31] MIRKO.POZEN: Fichier envoyé: D:\kerberos.htx\bacup val\[FAT32]\[016000]\x95141.JPG (55,72 K/S -   57 054 bytes)
[00:06:51] - [30] MIRKO.POZEN: Fichier envoyé: D:\kerberos.htx\bacup val\[FAT32]\[016000]\x95202_1.JPG (52,10 K/S -   53 355 bytes)
[00:06:51] - [31] MIRKO.POZEN: Début du Téléchargement de: D:\kerberos.htx\bacup val\[FAT32]\[016000]\x95228_1.JPG
[00:06:52] - [30] MIRKO.POZEN: Début du Téléchargement de: D:\kerberos.htx\bacup val\[FAT32]\[016000]\x95302_1.JPG
[00:06:52] - [31] MIRKO.POZEN: Fichier envoyé: D:\kerberos.htx\bacup val\[FAT32]\[016000]\x95228_1.JPG (55,21 K/S -   56 531 bytes)
[00:06:53] - [30] MIRKO.POZEN: Fichier envoyé: D:\kerberos.htx\bacup val\[FAT32]\[016000]\x95302_1.JPG (52,18 K/S -   53 431 bytes)
[00:06:53] - [31] MIRKO.POZEN: Début du Téléchargement de: D:\kerberos.htx\bacup val\[FAT32]\[016000]\x95318_1.JPG
[00:06:53] - [30] MIRKO.POZEN: Début du Téléchargement de: D:\kerberos.htx\bacup val\[FAT32]\[016000]\x95328_1.JPG
[00:06:53] - [31] MIRKO.POZEN: Fichier envoyé: D:\kerberos.htx\bacup val\[FAT32]\[016000]\x95318_1.JPG (45,92 K/S -   47 023 bytes)
[00:06:54] - [30] MIRKO.POZEN: Fichier envoyé: D:\kerberos.htx\bacup val\[FAT32]\[016000]\x95328_1.JPG (48,03 K/S -   49 180 bytes)
[00:06:54] - [31] MIRKO.POZEN: Début du Téléchargement de: D:\kerberos.htx\bacup val\[FAT32]\[016000]\x95409_1.JPG
[00:06:54] - [30] MIRKO.POZEN: Début du Téléchargement de: D:\kerberos.htx\bacup val\[FAT32]\[016000]\x95421_1.JPG
[00:06:55] - [31] MIRKO.POZEN: Fichier envoyé: D:\kerberos.htx\bacup val\[FAT32]\[016000]\x95409_1.JPG (58,07 K/S -   59 468 bytes)
[00:06:55] - [30] MIRKO.POZEN: Fichier envoyé: D:\kerberos.htx\bacup val\[FAT32]\[016000]\x95421_1.JPG (61,97 K/S -   63 459 bytes)
[00:06:55] - [31] MIRKO.POZEN: Début du Téléchargement de: D:\kerberos.htx\bacup val\[FAT32]\[016000]\x95505.JPG
[00:06:55] - [30] MIRKO.POZEN: Début du Téléchargement de: D:\kerberos.htx\bacup val\[FAT32]\[016000]\x95519_1.JPG
[00:06:56] - [31] MIRKO.POZEN: Fichier envoyé: D:\kerberos.htx\bacup val\[FAT32]\[016000]\x95505.JPG (55,20 K/S -   56 529 bytes)
[00:06:56] - [30] MIRKO.POZEN: Fichier envoyé: D:\kerberos.htx\bacup val\[FAT32]\[016000]\x95519_1.JPG (59,52 K/S -   60 950 bytes)
[00:06:56] - [31] MIRKO.POZEN: Début du Téléchargement de: D:\kerberos.htx\bacup val\[FAT32]\[016000]\x95602_1.JPG
[00:06:56] - [30] MIRKO.POZEN: Début du Téléchargement de: D:\kerberos.htx\bacup val\[FAT32]\[016000]\x95631_1.JPG
[00:06:57] - [31] MIRKO.POZEN: Fichier envoyé: D:\kerberos.htx\bacup val\[FAT32]\[016000]\x95602_1.JPG (45,82 K/S -   46 923 bytes)
[00:06:57] - [31] MIRKO.POZEN: Début du Téléchargement de: D:\kerberos.htx\bacup val\[FAT32]\[016000]\x95702_1.JPG
[00:06:57] - [30] MIRKO.POZEN: Fichier envoyé: D:\kerberos.htx\bacup val\[FAT32]\[016000]\x95631_1.JPG (50,09 K/S -   51 295 bytes)
[00:06:57] - [30] MIRKO.POZEN: Début du Téléchargement de: D:\kerberos.htx\bacup val\[FAT32]\[016000]\x95729_1.JPG
[00:06:57] - [31] MIRKO.POZEN: Fichier envoyé: D:\kerberos.htx\bacup val\[FAT32]\[016000]\x95702_1.JPG (33,99 K/S -   34 810 bytes)
[00:06:58] - [31] MIRKO.POZEN: Début du Téléchargement de: D:\kerberos.htx\bacup val\[FAT32]\[016000]\x95758_1.JPG
[00:06:58] - [30] MIRKO.POZEN: Fichier envoyé: D:\kerberos.htx\bacup val\[FAT32]\[016000]\x95729_1.JPG (57,90 K/S -   59 285 bytes)
[00:06:59] - [30] MIRKO.POZEN: Début du Téléchargement de: D:\kerberos.htx\bacup val\[FAT32]\[016000]\x95806_1.JPG
[00:06:59] - [31] MIRKO.POZEN: Fichier envoyé: D:\kerberos.htx\bacup val\[FAT32]\[016000]\x95758_1.JPG (28,09 K/S -   57 536 bytes)
[00:06:59] - [31] MIRKO.POZEN: Début du Téléchargement de: D:\kerberos.htx\bacup val\[FAT32]\[016000]\x95845_1.JPG
[00:07:00] - [30] MIRKO.POZEN: Fichier envoyé: D:\kerberos.htx\bacup val\[FAT32]\[016000]\x95806_1.JPG (28,61 K/S -   58 598 bytes)
[00:07:00] - [31] MIRKO.POZEN: Fichier envoyé: D:\kerberos.htx\bacup val\[FAT32]\[016000]\x95845_1.JPG (39,64 K/S -   40 589 bytes)
[00:07:00] - [30] MIRKO.POZEN: Début du Téléchargement de: D:\kerberos.htx\bacup val\[FAT32]\[016000]\x95932.JPG
[00:07:01] - [31] MIRKO.POZEN: Début du Téléchargement de: D:\kerberos.htx\bacup val\[FAT32]\[016000]\x95946_1.JPG
[00:07:01] - [30] MIRKO.POZEN: Fichier envoyé: D:\kerberos.htx\bacup val\[FAT32]\[016000]\x95932.JPG (50,46 K/S -   51 674 bytes)
[00:07:01] - [31] MIRKO.POZEN: Fichier envoyé: D:\kerberos.htx\bacup val\[FAT32]\[016000]\x95946_1.JPG (50,48 K/S -   51 691 bytes)
[00:07:01] - [30] MIRKO.POZEN: Début du Téléchargement de: D:\kerberos.htx\bacup val\[FAT32]\[016000]\xHOTOD~1.JPG
[00:07:02] - [31] MIRKO.POZEN: Début du Téléchargement de: D:\kerberos.htx\bacup val\[FAT32]\[016000]\xHOTOD~1.PNG
[00:07:04] - [30] MIRKO.POZEN: Fichier envoyé: D:\kerberos.htx\bacup val\[FAT32]\[016000]\xHOTOD~1.JPG (63,80 K/S -   130 669 bytes)
[00:07:04] - [30] MIRKO.POZEN: Début du Téléchargement de: D:\kerberos.htx\bacup val\[FAT32]\[016000]\xHOTOD~2.JPG
[00:07:05] - [30] MIRKO.POZEN: Fichier envoyé: D:\kerberos.htx\bacup val\[FAT32]\[016000]\xHOTOD~2.JPG (70,18 K/S -   71 865 bytes)
[00:07:06] - [30] MIRKO.POZEN: Début du Téléchargement de: D:\kerberos.htx\bacup val\[FAT32]\[016000]\xHOTOD~2.PNG
[00:07:07] - [31] MIRKO.POZEN: Fichier envoyé: D:\kerberos.htx\bacup val\[FAT32]\[016000]\xHOTOD~1.PNG (50,06 K/S -   307 538 bytes)
[00:07:07] - [31] MIRKO.POZEN: Début du Téléchargement de: D:\kerberos.htx\bacup val\[FAT32]\[016000]\xHOTOD~3.JPG
[00:07:09] - [31] MIRKO.POZEN: Fichier envoyé: D:\kerberos.htx\bacup val\[FAT32]\[016000]\xHOTOD~3.JPG (48,88 K/S -   100 100 bytes)
[00:07:09] - [31] MIRKO.POZEN: Début du Téléchargement de: D:\kerberos.htx\bacup val\[FAT32]\[016000]\xHOTOD~3.PNG
[00:07:10] - [30] MIRKO.POZEN: Fichier envoyé: D:\kerberos.htx\bacup val\[FAT32]\[016000]\xHOTOD~2.PNG (54,72 K/S -   280 148 bytes)
[00:07:11] - [30] MIRKO.POZEN: Début du Téléchargement de: D:\kerberos.htx\bacup val\[FAT32]\[016000]\xHOTOD~4.JPG
[00:07:15] - [30] MIRKO.POZEN: Fichier envoyé: D:\kerberos.htx\bacup val\[FAT32]\[016000]\xHOTOD~4.JPG (41,38 K/S -   211 882 bytes)
[00:07:15] - [31] MIRKO.POZEN: Fichier envoyé: D:\kerberos.htx\bacup val\[FAT32]\[016000]\xHOTOD~3.PNG (50,82 K/S -   312 253 bytes)
[00:07:15] - [30] MIRKO.POZEN: Début du Téléchargement de: D:\kerberos.htx\bacup val\[FAT32]\[016000]\xHOTOD~4.PNG
[00:07:15] - [31] MIRKO.POZEN: Début du Téléchargement de: D:\kerberos.htx\bacup val\[FAT32]\[016000]\xSC041~1.JPG
[00:07:20] - [30] MIRKO.POZEN: Fichier envoyé: D:\kerberos.htx\bacup val\[FAT32]\[016000]\xHOTOD~4.PNG (54,72 K/S -   280 148 bytes)
[00:07:21] - [30] MIRKO.POZEN: Début du Téléchargement de: D:\kerberos.htx\bacup val\[FAT32]\[016000]\xSC049~1.JPG
[00:07:29] - [31] MIRKO.POZEN: Fichier envoyé: D:\kerberos.htx\bacup val\[FAT32]\[016000]\xSC041~1.JPG (52,45 K/S -   751 983 bytes)
[00:07:30] - [31] MIRKO.POZEN: Début du Téléchargement de: D:\kerberos.htx\bacup val\[FAT32]\[016000]\xSC049~2.JPG
[00:07:47] - [30] MIRKO.POZEN: Fichier envoyé: D:\kerberos.htx\bacup val\[FAT32]\[016000]\xSC049~1.JPG (49,21 K/S -  1 360 561 bytes)
[00:07:47] - [30] MIRKO.POZEN: Début du Téléchargement de: D:\kerberos.htx\bacup val\[FAT32]\[016000]\xSC05137.JPG
[00:07:59] - [31] MIRKO.POZEN: Fichier envoyé: D:\kerberos.htx\bacup val\[FAT32]\[016000]\xSC049~2.JPG (48,54 K/S -  1 491 234 bytes)
[00:08:00] - [31] MIRKO.POZEN: Début du Téléchargement de: D:\kerberos.htx\bacup val\[FAT32]\[016000]\xSC05138.JPG
[00:08:15] - [30] MIRKO.POZEN: Fichier envoyé: D:\kerberos.htx\bacup val\[FAT32]\[016000]\xSC05137.JPG (49,57 K/S -  1 421 135 bytes)
[00:08:16] - [30] MIRKO.POZEN: Début du Téléchargement de: D:\kerberos.htx\bacup val\[FAT32]\[016000]\xSC051~1.JPG
[00:08:26] - [31] MIRKO.POZEN: Fichier envoyé: D:\kerberos.htx\bacup val\[FAT32]\[016000]\xSC05138.JPG (50,18 K/S -  1 335 875 bytes)
[00:08:26] - [31] MIRKO.POZEN: Répertoire en Cours: D:\kerberos.htx\bacup val\[FAT32]\[015F5D]\
[00:08:26] - [31] MIRKO.POZEN: Début du Téléchargement de: D:\kerberos.htx\bacup val\[FAT32]\[015F5D]\x90723_1.JPG
[00:08:28] - [31] MIRKO.POZEN: Fichier envoyé: D:\kerberos.htx\bacup val\[FAT32]\[015F5D]\x90723_1.JPG (42,97 K/S -   87 996 bytes)
[00:08:29] - [31] MIRKO.POZEN: Début du Téléchargement de: D:\kerberos.htx\bacup val\[FAT32]\[015F5D]\x90742_1.JPG
[00:08:31] - [31] MIRKO.POZEN: Fichier envoyé: D:\kerberos.htx\bacup val\[FAT32]\[015F5D]\x90742_1.JPG (87,68 K/S -   89 785 bytes)
[00:08:31] - [31] MIRKO.POZEN: Début du Téléchargement de: D:\kerberos.htx\bacup val\[FAT32]\[015F5D]\x90805_1.JPG
[00:08:41] - [30] MIRKO.POZEN: Fichier envoyé: D:\kerberos.htx\bacup val\[FAT32]\[016000]\xSC051~1.JPG (50,76 K/S -  1 351 371 bytes)
[00:08:41] - [30] MIRKO.POZEN: Répertoire en Cours: D:\kerberos.htx\bacup val\[FAT32]\[015F5D]\
[00:08:42] - [30] MIRKO.POZEN: Début du Téléchargement de: D:\kerberos.htx\bacup val\[FAT32]\[015F5D]\x90825_1.JPG
[00:08:46] - [31] MIRKO.POZEN: Fichier envoyé: D:\kerberos.htx\bacup val\[FAT32]\[015F5D]\x90805_1.JPG (52,20 K/S -   801 786 bytes)
[00:08:46] - [31] MIRKO.POZEN: Début du Téléchargement de: D:\kerberos.htx\bacup val\[FAT32]\[015F5D]\x90938_1.JPG
[00:08:57] - [30] MIRKO.POZEN: Fichier envoyé: D:\kerberos.htx\bacup val\[FAT32]\[015F5D]\x90825_1.JPG (48,78 K/S -   799 175 bytes)
[00:08:57] - [30] MIRKO.POZEN: Répertoire en Cours: D:\kerberos.htx\bacup val\[FAT32]\[015EB9]\
[00:08:57] - [30] MIRKO.POZEN: Début du Téléchargement de: D:\kerberos.htx\bacup val\[FAT32]\[015EB9]\x93246_1.JPG
[00:09:03] - [31] MIRKO.POZEN: Fichier envoyé: D:\kerberos.htx\bacup val\[FAT32]\[015F5D]\x90938_1.JPG (48,71 K/S -   848 017 bytes)
[00:09:03] - [31] MIRKO.POZEN: Répertoire en Cours: D:\kerberos.htx\bacup val\[FAT32]\[015EB9]\
[00:09:04] - [31] MIRKO.POZEN: Début du Téléchargement de: D:\kerberos.htx\bacup val\[FAT32]\[015EB9]\x93246~1.JPG
[00:09:11] - [30] MIRKO.POZEN: Fichier envoyé: D:\kerberos.htx\bacup val\[FAT32]\[015EB9]\x93246_1.JPG (52,40 K/S -   697 517 bytes)
[00:09:11] - [30] MIRKO.POZEN: Début du Téléchargement de: D:\kerberos.htx\bacup val\[FAT32]\[015EB9]\x93345_1.JPG
[00:09:15] - [31] MIRKO.POZEN: Fichier envoyé: D:\kerberos.htx\bacup val\[FAT32]\[015EB9]\x93246~1.JPG (52,78 K/S -   594 523 bytes)
[00:09:15] - [31] MIRKO.POZEN: Début du Téléchargement de: D:\kerberos.htx\bacup val\[FAT32]\[015EB9]\x93345~1.JPG
[00:09:24] - [30] MIRKO.POZEN: Fichier envoyé: D:\kerberos.htx\bacup val\[FAT32]\[015EB9]\x93345_1.JPG (51,82 K/S -   689 861 bytes)
[00:09:24] - [30] MIRKO.POZEN: Répertoire en Cours: D:\kerberos.htx\bacup val\[FAT32]\[015786]\
[00:09:25] - [30] MIRKO.POZEN: Début du Téléchargement de: D:\kerberos.htx\bacup val\[FAT32]\[015786]\x1020171.JPG
[00:09:27] - [31] MIRKO.POZEN: Fichier envoyé: D:\kerberos.htx\bacup val\[FAT32]\[015EB9]\x93345~1.JPG (52,95 K/S -   650 652 bytes)
[00:09:27] - [31] MIRKO.POZEN: Répertoire en Cours: D:\kerberos.htx\bacup val\[FAT32]\[015786]\
[00:09:28] - [31] MIRKO.POZEN: Début du Téléchargement de: D:\kerberos.htx\bacup val\[FAT32]\[015786]\xANSTI~1.JPG
[00:09:45] - [31] MIRKO.POZEN: Fichier envoyé: D:\kerberos.htx\bacup val\[FAT32]\[015786]\xANSTI~1.JPG (50,49 K/S -   878 963 bytes)
[00:09:46] - [31] MIRKO.POZEN: Début du Téléchargement de: D:\kerberos.htx\bacup val\[FAT32]\[015786]\xANSTI~2.JPG
[00:10:02] - [30] MIRKO.POZEN: Fichier envoyé: D:\kerberos.htx\bacup val\[FAT32]\[015786]\x1020171.JPG (50,30 K/S -  1 905 874 bytes)
[00:10:03] - [30] MIRKO.POZEN: Début du Téléchargement de: D:\kerberos.htx\bacup val\[FAT32]\[015786]\xANSTI~3.JPG
[00:10:10] - [30] MIRKO.POZEN: Fichier envoyé: D:\kerberos.htx\bacup val\[FAT32]\[015786]\xANSTI~3.JPG (43,16 K/S -   353 536 bytes)
[00:10:10] - [30] MIRKO.POZEN: Début du Téléchargement de: D:\kerberos.htx\bacup val\[FAT32]\[015786]\xARDON~1.JPG
[00:10:12] - [30] MIRKO.POZEN: Fichier envoyé: D:\kerberos.htx\bacup val\[FAT32]\[015786]\xARDON~1.JPG (66,59 K/S -   68 184 bytes)
[00:10:12] - [31] MIRKO.POZEN: Fichier envoyé: D:\kerberos.htx\bacup val\[FAT32]\[015786]\xANSTI~2.JPG (49,60 K/S -  1 320 652 bytes)
[00:10:12] - [30] MIRKO.POZEN: Début du Téléchargement de: D:\kerberos.htx\bacup val\[FAT32]\[015786]\xB001A_1.JPG
[00:10:12] - [31] MIRKO.POZEN: Début du Téléchargement de: D:\kerberos.htx\bacup val\[FAT32]\[015786]\xB001B.JPG
[00:10:13] - [30] MIRKO.POZEN: Fichier envoyé: D:\kerberos.htx\bacup val\[FAT32]\[015786]\xB001A_1.JPG (56,82 K/S -   58 184 bytes)
[00:10:13] - [30] MIRKO.POZEN: Début du Téléchargement de: D:\kerberos.htx\bacup val\[FAT32]\[015786]\xB001_1.JPG
[00:10:14] - [31] MIRKO.POZEN: Fichier envoyé: D:\kerberos.htx\bacup val\[FAT32]\[015786]\xB001B.JPG (54,22 K/S -   111 036 bytes)
[00:10:14] - [31] MIRKO.POZEN: Début du Téléchargement de: D:\kerberos.htx\bacup val\[FAT32]\[015786]\xB002A.JPG
[00:10:16] - [31] MIRKO.POZEN: Fichier envoyé: D:\kerberos.htx\bacup val\[FAT32]\[015786]\xB002A.JPG (37,56 K/S -   76 931 bytes)
[00:10:17] - [31] MIRKO.POZEN: Début du Téléchargement de: D:\kerberos.htx\bacup val\[FAT32]\[015786]\xB004.JPG
[00:10:19] - [31] MIRKO.POZEN: Fichier envoyé: D:\kerberos.htx\bacup val\[FAT32]\[015786]\xB004.JPG (47,25 K/S -   96 776 bytes)
[00:10:19] - [31] MIRKO.POZEN: Début du Téléchargement de: D:\kerberos.htx\bacup val\[FAT32]\[015786]\xBSÉPI~1.JPG
[00:10:34] - [31] MIRKO.POZEN: Fichier envoyé: D:\kerberos.htx\bacup val\[FAT32]\[015786]\xBSÉPI~1.JPG (41,16 K/S -   632 233 bytes)
[00:10:35] - [31] MIRKO.POZEN: Début du Téléchargement de: D:\kerberos.htx\bacup val\[FAT32]\[015786]\xEGARD~1.JPG
[00:10:39] - [30] MIRKO.POZEN: Fichier envoyé: D:\kerberos.htx\bacup val\[FAT32]\[015786]\xB001_1.JPG (57,39 K/S -  1 469 122 bytes)
[00:10:39] - [30] MIRKO.POZEN: Début du Téléchargement de: D:\kerberos.htx\bacup val\[FAT32]\[015786]\xEGARD~2.JPG
[00:10:42] - [30] MIRKO.POZEN: Fichier envoyé: D:\kerberos.htx\bacup val\[FAT32]\[015786]\xEGARD~2.JPG (53,19 K/S -   163 395 bytes)
[00:10:42] - [30] MIRKO.POZEN: Début du Téléchargement de: D:\kerberos.htx\bacup val\[FAT32]\[015786]\xITEVB~1.JPG
[00:10:44] - [30] MIRKO.POZEN: Fichier envoyé: D:\kerberos.htx\bacup val\[FAT32]\[015786]\xITEVB~1.JPG (41,02 K/S -   84 004 bytes)
[00:10:44] - [30] MIRKO.POZEN: Début du Téléchargement de: D:\kerberos.htx\bacup val\[FAT32]\[015786]\xS1CB4~1.JPG
[00:10:54] - [31] MIRKO.POZEN: Fichier envoyé: D:\kerberos.htx\bacup val\[FAT32]\[015786]\xEGARD~1.JPG (52,20 K/S -  1 015 559 bytes)
[00:10:54] - [31] MIRKO.POZEN: Début du Téléchargement de: D:\kerberos.htx\bacup val\[FAT32]\[015786]\xS2BBD~1.JPG
[00:11:00] - [30] MIRKO.POZEN: Fichier envoyé: D:\kerberos.htx\bacup val\[FAT32]\[015786]\xS1CB4~1.JPG (52,29 K/S -   856 638 bytes)
[00:11:01] - [30] MIRKO.POZEN: Début du Téléchargement de: D:\kerberos.htx\bacup val\[FAT32]\[015786]\xS3CAF~1.JPG
[00:11:11] - [31] MIRKO.POZEN: Fichier envoyé: D:\kerberos.htx\bacup val\[FAT32]\[015786]\xS2BBD~1.JPG (50,92 K/S -   834 224 bytes)
[00:11:11] - [31] MIRKO.POZEN: Début du Téléchargement de: D:\kerberos.htx\bacup val\[FAT32]\[015786]\xS4C04~1.JPG
[00:11:18] - [30] MIRKO.POZEN: Fichier envoyé: D:\kerberos.htx\bacup val\[FAT32]\[015786]\xS3CAF~1.JPG (52,44 K/S -   859 218 bytes)
[00:11:18] - [30] MIRKO.POZEN: Début du Téléchargement de: D:\kerberos.htx\bacup val\[FAT32]\[015786]\xS4DB6~1.JPG
[00:11:25] - [31] MIRKO.POZEN: Fichier envoyé: D:\kerberos.htx\bacup val\[FAT32]\[015786]\xS4C04~1.JPG (52,73 K/S -   755 891 bytes)
[00:11:25] - [31] MIRKO.POZEN: Début du Téléchargement de: D:\kerberos.htx\bacup val\[FAT32]\[015786]\xS5CBF~1.JPG
[00:11:34] - [30] MIRKO.POZEN: Fichier envoyé: D:\kerberos.htx\bacup val\[FAT32]\[015786]\xS4DB6~1.JPG (54,10 K/S -   831 037 bytes)
[00:11:34] - [30] MIRKO.POZEN: Début du Téléchargement de: D:\kerberos.htx\bacup val\[FAT32]\[015786]\xS6FC4~1.JPG
[00:11:42] - [31] MIRKO.POZEN: Fichier envoyé: D:\kerberos.htx\bacup val\[FAT32]\[015786]\xS5CBF~1.JPG (49,19 K/S -   856 359 bytes)
[00:11:43] - [31] MIRKO.POZEN: Début du Téléchargement de: D:\kerberos.htx\bacup val\[FAT32]\[015786]\xS898B~1.JPG
[00:11:48] - [30] MIRKO.POZEN: Fichier envoyé: D:\kerberos.htx\bacup val\[FAT32]\[015786]\xS6FC4~1.JPG (52,31 K/S -   749 960 bytes)
[00:11:49] - [30] MIRKO.POZEN: Début du Téléchargement de: D:\kerberos.htx\bacup val\[FAT32]\[015786]\xS9449~1.JPG
[00:11:58] - [31] MIRKO.POZEN: Fichier envoyé: D:\kerberos.htx\bacup val\[FAT32]\[015786]\xS898B~1.JPG (48,33 K/S -   791 825 bytes)
[00:11:58] - [31] MIRKO.POZEN: Début du Téléchargement de: D:\kerberos.htx\bacup val\[FAT32]\[015786]\xSAAD1~1.JPG
[00:12:04] - [30] MIRKO.POZEN: Fichier envoyé: D:\kerberos.htx\bacup val\[FAT32]\[015786]\xS9449~1.JPG (50,34 K/S -   824 703 bytes)
[00:12:05] - [30] MIRKO.POZEN: Début du Téléchargement de: D:\kerberos.htx\bacup val\[FAT32]\[015786]\xSBA8D~1.JPG
[00:12:13] - [31] MIRKO.POZEN: Fichier envoyé: D:\kerberos.htx\bacup val\[FAT32]\[015786]\xSAAD1~1.JPG (54,89 K/S -   786 906 bytes)
[00:12:13] - [31] MIRKO.POZEN: Début du Téléchargement de: D:\kerberos.htx\bacup val\[FAT32]\[015786]\xSBBC3~1.JPG
[00:12:20] - [30] MIRKO.POZEN: Fichier envoyé: D:\kerberos.htx\bacup val\[FAT32]\[015786]\xSBA8D~1.JPG (51,10 K/S -   837 224 bytes)
[00:12:21] - [30] MIRKO.POZEN: Début du Téléchargement de: D:\kerberos.htx\bacup val\[FAT32]\[015786]\xSBDE6~1.JPG
[00:12:29] - [31] MIRKO.POZEN: Fichier envoyé: D:\kerberos.htx\bacup val\[FAT32]\[015786]\xSBBC3~1.JPG (52,14 K/S -   800 927 bytes)
[00:12:29] - [31] MIRKO.POZEN: Début du Téléchargement de: D:\kerberos.htx\bacup val\[FAT32]\[015786]\xSC04143.JPG
[00:12:37] - [30] MIRKO.POZEN: Fichier envoyé: D:\kerberos.htx\bacup val\[FAT32]\[015786]\xSBDE6~1.JPG (54,12 K/S -   831 240 bytes)
[00:12:37] - [30] MIRKO.POZEN: Début du Téléchargement de: D:\kerberos.htx\bacup val\[FAT32]\[015786]\xSC04154.JPG
[00:12:45] - [31] MIRKO.POZEN: Fichier envoyé: D:\kerberos.htx\bacup val\[FAT32]\[015786]\xSC04143.JPG (51,39 K/S -   842 024 bytes)
[00:12:45] - [31] MIRKO.POZEN: Début du Téléchargement de: D:\kerberos.htx\bacup val\[FAT32]\[015786]\xSC041~1.JPG
[00:12:53] - [30] MIRKO.POZEN: Fichier envoyé: D:\kerberos.htx\bacup val\[FAT32]\[015786]\xSC04154.JPG (53,26 K/S -   818 139 bytes)
[00:12:53] - [30] MIRKO.POZEN: Début du Téléchargement de: D:\kerberos.htx\bacup val\[FAT32]\[015786]\xSC041~2.JPG
[00:13:01] - [31] MIRKO.POZEN: Fichier envoyé: D:\kerberos.htx\bacup val\[FAT32]\[015786]\xSC041~1.JPG (50,12 K/S -   821 221 bytes)
[00:13:01] - [31] MIRKO.POZEN: Début du Téléchargement de: D:\kerberos.htx\bacup val\[FAT32]\[015786]\xSC041~3.JPG
[00:13:10] - [30] MIRKO.POZEN: Fichier envoyé: D:\kerberos.htx\bacup val\[FAT32]\[015786]\xSC041~2.JPG (49,07 K/S -   854 259 bytes)
[00:13:10] - [30] MIRKO.POZEN: Début du Téléchargement de: D:\kerberos.htx\bacup val\[FAT32]\[015786]\xSC041~4.JPG
[00:13:18] - [31] MIRKO.POZEN: Fichier envoyé: D:\kerberos.htx\bacup val\[FAT32]\[015786]\xSC041~3.JPG (51,32 K/S -   840 875 bytes)
[00:13:18] - [31] MIRKO.POZEN: Début du Téléchargement de: D:\kerberos.htx\bacup val\[FAT32]\[015786]\xSC042~1.JPG
[00:13:26] - [30] MIRKO.POZEN: Fichier envoyé: D:\kerberos.htx\bacup val\[FAT32]\[015786]\xSC041~4.JPG (51,25 K/S -   839 647 bytes)
[00:13:27] - [30] MIRKO.POZEN: Début du Téléchargement de: D:\kerberos.htx\bacup val\[FAT32]\[015786]\xSC042~2.JPG
[00:13:33] - [31] MIRKO.POZEN: Fichier envoyé: D:\kerberos.htx\bacup val\[FAT32]\[015786]\xSC042~1.JPG (51,01 K/S -   783 487 bytes)
[00:13:33] - [31] MIRKO.POZEN: Début du Téléchargement de: D:\kerberos.htx\bacup val\[FAT32]\[015786]\xSC042~3.JPG
[00:13:42] - [30] MIRKO.POZEN: Fichier envoyé: D:\kerberos.htx\bacup val\[FAT32]\[015786]\xSC042~2.JPG (53,08 K/S -   815 314 bytes)
[00:13:43] - [30] MIRKO.POZEN: Début du Téléchargement de: D:\kerberos.htx\bacup val\[FAT32]\[015786]\xSC042~4.JPG
[00:13:49] - [31] MIRKO.POZEN: Fichier envoyé: D:\kerberos.htx\bacup val\[FAT32]\[015786]\xSC042~3.JPG (51,95 K/S -   851 075 bytes)
[00:13:50] - [31] MIRKO.POZEN: Début du Téléchargement de: D:\kerberos.htx\bacup val\[FAT32]\[015786]\xSCD92~1.JPG
[00:14:00] - [30] MIRKO.POZEN: Fichier envoyé: D:\kerberos.htx\bacup val\[FAT32]\[015786]\xSC042~4.JPG (47,29 K/S -   823 145 bytes)
[00:14:00] - [30] MIRKO.POZEN: Début du Téléchargement de: D:\kerberos.htx\bacup val\[FAT32]\[015786]\xSD33B~1.JPG
[00:14:05] - [31] MIRKO.POZEN: Fichier envoyé: D:\kerberos.htx\bacup val\[FAT32]\[015786]\xSCD92~1.JPG (54,29 K/S -   833 844 bytes)
[00:14:05] - [31] MIRKO.POZEN: Début du Téléchargement de: D:\kerberos.htx\bacup val\[FAT32]\[015786]\xSFDE1~1.JPG
[00:14:17] - [30] MIRKO.POZEN: Fichier envoyé: D:\kerberos.htx\bacup val\[FAT32]\[015786]\xSD33B~1.JPG (47,97 K/S -   835 056 bytes)
[00:14:17] - [30] MIRKO.POZEN: Répertoire en Cours: D:\kerberos.htx\bacup val\[FAT32]\[01452C]\
[00:14:18] - [30] MIRKO.POZEN: Début du Téléchargement de: D:\kerberos.htx\bacup val\[FAT32]\[01452C]\x01112~1.JPG
[00:14:20] - [30] MIRKO.POZEN: Fichier envoyé: D:\kerberos.htx\bacup val\[FAT32]\[01452C]\x01112~1.JPG (52,35 K/S -   107 206 bytes)
[00:14:21] - [30] MIRKO.POZEN: Début du Téléchargement de: D:\kerberos.htx\bacup val\[FAT32]\[01452C]\x01206~1.JPG
[00:14:21] - [31] MIRKO.POZEN: Fichier envoyé: D:\kerberos.htx\bacup val\[FAT32]\[015786]\xSFDE1~1.JPG (53,85 K/S -   827 155 bytes)
[00:14:21] - [31] MIRKO.POZEN: Répertoire en Cours: D:\kerberos.htx\bacup val\[FAT32]\[01452C]\
[00:14:21] - [31] MIRKO.POZEN: Début du Téléchargement de: D:\kerberos.htx\bacup val\[FAT32]\[01452C]\x01206~2.JPG
[00:14:23] - [30] MIRKO.POZEN: Fichier envoyé: D:\kerberos.htx\bacup val\[FAT32]\[01452C]\x01206~1.JPG (63,78 K/S -   130 627 bytes)
[00:14:23] - [31] MIRKO.POZEN: Fichier envoyé: D:\kerberos.htx\bacup val\[FAT32]\[01452C]\x01206~2.JPG (46,21 K/S -   94 646 bytes)
[00:14:23] - [30] MIRKO.POZEN: Début du Téléchargement de: D:\kerberos.htx\bacup val\[FAT32]\[01452C]\x01206~3.JPG
[00:14:23] - [31] MIRKO.POZEN: Début du Téléchargement de: D:\kerberos.htx\bacup val\[FAT32]\[01452C]\x05561~1.JPG
[00:14:23] - [31] MIRKO.POZEN: Fichier envoyé: D:\kerberos.htx\bacup val\[FAT32]\[01452C]\x05561~1.JPG (17,02 K/S -   17 426 bytes)
[00:14:24] - [31] MIRKO.POZEN: Début du Téléchargement de: D:\kerberos.htx\bacup val\[FAT32]\[01452C]\x1020939.JPG
[00:14:29] - [30] MIRKO.POZEN: Fichier envoyé: D:\kerberos.htx\bacup val\[FAT32]\[01452C]\x01206~3.JPG (48,80 K/S -   299 834 bytes)
[00:14:29] - [30] MIRKO.POZEN: Début du Téléchargement de: D:\kerberos.htx\bacup val\[FAT32]\[01452C]\x1020941.JPG
[00:15:05] - [31] MIRKO.POZEN: Fichier envoyé: D:\kerberos.htx\bacup val\[FAT32]\[01452C]\x1020939.JPG (48,37 K/S -  2 080 489 bytes)
[00:15:05] - [31] MIRKO.POZEN: Début du Téléchargement de: D:\kerberos.htx\bacup val\[FAT32]\[01452C]\x1020942.JPG
[00:15:27] - [30] MIRKO.POZEN: Fichier envoyé: D:\kerberos.htx\bacup val\[FAT32]\[01452C]\x1020941.JPG (51,41 K/S -  3 053 105 bytes)
[00:15:27] - [30] MIRKO.POZEN: Début du Téléchargement de: D:\kerberos.htx\bacup val\[FAT32]\[01452C]\x1020943.JPG
[00:16:10] - [31] MIRKO.POZEN: Fichier envoyé: D:\kerberos.htx\bacup val\[FAT32]\[01452C]\x1020942.JPG (46,42 K/S -  3 090 011 bytes)
[00:16:10] - [31] MIRKO.POZEN: Début du Téléchargement de: D:\kerberos.htx\bacup val\[FAT32]\[01452C]\x1020944.JPG
[00:16:15] - [30] MIRKO.POZEN: Fichier envoyé: D:\kerberos.htx\bacup val\[FAT32]\[01452C]\x1020943.JPG (49,72 K/S -  2 444 046 bytes)
[00:16:16] - [30] MIRKO.POZEN: Début du Téléchargement de: D:\kerberos.htx\bacup val\[FAT32]\[01452C]\x1020945.JPG
[00:17:12] - [31] MIRKO.POZEN: Fichier envoyé: D:\kerberos.htx\bacup val\[FAT32]\[01452C]\x1020944.JPG (49,94 K/S -  3 119 666 bytes)
[00:17:12] - [31] MIRKO.POZEN: Début du Téléchargement de: D:\kerberos.htx\bacup val\[FAT32]\[01452C]\x1020946.JPG
[00:17:16] - [30] MIRKO.POZEN: Fichier envoyé: D:\kerberos.htx\bacup val\[FAT32]\[01452C]\x1020945.JPG (49,66 K/S -  3 101 944 bytes)
[00:17:17] - [30] MIRKO.POZEN: Début du Téléchargement de: D:\kerberos.htx\bacup val\[FAT32]\[01452C]\x1020947.JPG
[00:18:02] - [30] MIRKO.POZEN: Fichier envoyé: D:\kerberos.htx\bacup val\[FAT32]\[01452C]\x1020947.JPG (51,13 K/S -  2 408 325 bytes)
[00:18:03] - [30] MIRKO.POZEN: Début du Téléchargement de: D:\kerberos.htx\bacup val\[FAT32]\[01452C]\x1020948.JPG
[00:18:03] - [31] MIRKO.POZEN: Fichier envoyé: D:\kerberos.htx\bacup val\[FAT32]\[01452C]\x1020946.JPG (46,91 K/S -  2 449 568 bytes)
[00:18:03] - [31] MIRKO.POZEN: Début du Téléchargement de: D:\kerberos.htx\bacup val\[FAT32]\[01452C]\x2NOV2~1.JPG
[00:18:06] - [31] MIRKO.POZEN: Fichier envoyé: D:\kerberos.htx\bacup val\[FAT32]\[01452C]\x2NOV2~1.JPG (43,55 K/S -   133 799 bytes)
[00:18:07] - [31] MIRKO.POZEN: Début du Téléchargement de: D:\kerberos.htx\bacup val\[FAT32]\[01452C]\x90938.JPG
[00:18:23] - [31] MIRKO.POZEN: Fichier envoyé: D:\kerberos.htx\bacup val\[FAT32]\[01452C]\x90938.JPG (48,71 K/S -   848 017 bytes)
[00:18:24] - [31] MIRKO.POZEN: Début du Téléchargement de: D:\kerberos.htx\bacup val\[FAT32]\[01452C]\x90938_1.JPG
[00:18:40] - [31] MIRKO.POZEN: Fichier envoyé: D:\kerberos.htx\bacup val\[FAT32]\[01452C]\x90938_1.JPG (48,71 K/S -   848 017 bytes)
[00:18:40] - [31] MIRKO.POZEN: Début du Téléchargement de: D:\kerberos.htx\bacup val\[FAT32]\[01452C]\x9734_~1.JPG
[00:18:41] - [31] MIRKO.POZEN: Fichier envoyé: D:\kerberos.htx\bacup val\[FAT32]\[01452C]\x9734_~1.JPG (21,56 K/S -   22 081 bytes)
[00:18:41] - [31] MIRKO.POZEN: Début du Téléchargement de: D:\kerberos.htx\bacup val\[FAT32]\[01452C]\xAB9AF~1.JPG
[00:19:02] - [30] MIRKO.POZEN: Fichier envoyé: D:\kerberos.htx\bacup val\[FAT32]\[01452C]\x1020948.JPG (50,69 K/S -  3 062 594 bytes)
[00:19:02] - [30] MIRKO.POZEN: Début du Téléchargement de: D:\kerberos.htx\bacup val\[FAT32]\[01452C]\xAF0C8~1.JPG
[00:19:04] - [30] MIRKO.POZEN: Fichier envoyé: D:\kerberos.htx\bacup val\[FAT32]\[01452C]\xAF0C8~1.JPG (49,29 K/S -   100 944 bytes)
[00:19:04] - [30] MIRKO.POZEN: Début du Téléchargement de: D:\kerberos.htx\bacup val\[FAT32]\[01452C]\xANSTI~1.JPG
[00:19:11] - [31] MIRKO.POZEN: Fichier envoyé: D:\kerberos.htx\bacup val\[FAT32]\[01452C]\xAB9AF~1.JPG (51,03 K/S -  1 515 288 bytes)
[00:19:11] - [31] MIRKO.POZEN: Début du Téléchargement de: D:\kerberos.htx\bacup val\[FAT32]\[01452C]\xANSTI~2.JPG
[00:19:18] - [31] MIRKO.POZEN: Fichier envoyé: D:\kerberos.htx\bacup val\[FAT32]\[01452C]\xANSTI~2.JPG (49,32 K/S -   353 536 bytes)
[00:19:18] - [31] MIRKO.POZEN: Début du Téléchargement de: D:\kerberos.htx\bacup val\[FAT32]\[01452C]\xANSTI~3.JPG
[00:19:21] - [30] MIRKO.POZEN: Fichier envoyé: D:\kerberos.htx\bacup val\[FAT32]\[01452C]\xANSTI~1.JPG (50,49 K/S -   878 963 bytes)
[00:19:22] - [30] MIRKO.POZEN: Début du Téléchargement de: D:\kerberos.htx\bacup val\[FAT32]\[01452C]\xANSTI~4.JPG
[00:19:30] - [30] MIRKO.POZEN: Fichier envoyé: D:\kerberos.htx\bacup val\[FAT32]\[01452C]\xANSTI~4.JPG (53,47 K/S -   438 050 bytes)
[00:19:30] - [30] MIRKO.POZEN: Début du Téléchargement de: D:\kerberos.htx\bacup val\[FAT32]\[01452C]\xB001.JPG
[00:19:53] - [31] MIRKO.POZEN: Fichier envoyé: D:\kerberos.htx\bacup val\[FAT32]\[01452C]\xANSTI~3.JPG (50,80 K/S -  1 820 615 bytes)
[00:19:53] - [31] MIRKO.POZEN: Début du Téléchargement de: D:\kerberos.htx\bacup val\[FAT32]\[01452C]\xB002.JPG
[00:19:58] - [30] MIRKO.POZEN: Fichier envoyé: D:\kerberos.htx\bacup val\[FAT32]\[01452C]\xB001.JPG (51,24 K/S -  1 469 122 bytes)
[00:19:59] - [30] MIRKO.POZEN: Début du Téléchargement de: D:\kerberos.htx\bacup val\[FAT32]\[01452C]\xB004_1.JPG
[00:20:00] - [30] MIRKO.POZEN: Fichier envoyé: D:\kerberos.htx\bacup val\[FAT32]\[01452C]\xB004_1.JPG (47,25 K/S -   96 776 bytes)
[00:20:01] - [30] MIRKO.POZEN: Début du Téléchargement de: D:\kerberos.htx\bacup val\[FAT32]\[01452C]\xBMAIL~1.JPG
[00:20:02] - [30] MIRKO.POZEN: Fichier envoyé: D:\kerberos.htx\bacup val\[FAT32]\[01452C]\xBMAIL~1.JPG (29,38 K/S -   30 080 bytes)
[00:20:02] - [30] MIRKO.POZEN: Début du Téléchargement de: D:\kerberos.htx\bacup val\[FAT32]\[01452C]\xBREGA~1.JPG
[00:20:15] - [31] MIRKO.POZEN: Fichier envoyé: D:\kerberos.htx\bacup val\[FAT32]\[01452C]\xB002.JPG (52,00 K/S -  1 171 352 bytes)
[00:20:16] - [30] MIRKO.POZEN: Fichier envoyé: D:\kerberos.htx\bacup val\[FAT32]\[01452C]\xBREGA~1.JPG (49,36 K/S -   707 650 bytes)
[00:20:16] - [30] MIRKO.POZEN: Début du Téléchargement de: D:\kerberos.htx\bacup val\[FAT32]\[01452C]\xEGARD~2.JPG
[00:20:19] - [30] MIRKO.POZEN: Fichier envoyé: D:\kerberos.htx\bacup val\[FAT32]\[01452C]\xEGARD~2.JPG (105,79 K/S -   216 659 bytes)
[00:20:19] - [30] MIRKO.POZEN: Début du Téléchargement de: D:\kerberos.htx\bacup val\[FAT32]\[01452C]\xEGARD~3.JPG
[00:20:19] - [31] MIRKO.POZEN: Début du Téléchargement de: D:\kerberos.htx\bacup val\[FAT32]\[01452C]\xEGARD~1.JPG
[00:20:20] - [31] MIRKO.POZEN: Fichier envoyé: D:\kerberos.htx\bacup val\[FAT32]\[01452C]\xEGARD~1.JPG (80,90 K/S -   82 840 bytes)
[00:20:21] - [31] MIRKO.POZEN: Début du Téléchargement de: D:\kerberos.htx\bacup val\[FAT32]\[01452C]\xEGARD~4.JPG
[00:20:23] - [31] MIRKO.POZEN: Fichier envoyé: D:\kerberos.htx\bacup val\[FAT32]\[01452C]\xEGARD~4.JPG (92,33 K/S -   94 546 bytes)
[00:20:23] - [31] MIRKO.POZEN: Début du Téléchargement de: D:\kerberos.htx\bacup val\[FAT32]\[01452C]\xEIL00~1.JPG
[00:20:23] - [31] MIRKO.POZEN: Fichier envoyé: D:\kerberos.htx\bacup val\[FAT32]\[01452C]\xEIL00~1.JPG (32,55 K/S -   33 331 bytes)
[00:20:24] - [31] MIRKO.POZEN: Début du Téléchargement de: D:\kerberos.htx\bacup val\[FAT32]\[01452C]\xHOTOD~1.JPG
[00:20:26] - [31] MIRKO.POZEN: Fichier envoyé: D:\kerberos.htx\bacup val\[FAT32]\[01452C]\xHOTOD~1.JPG (41,16 K/S -   126 451 bytes)
[00:20:26] - [31] MIRKO.POZEN: Début du Téléchargement de: D:\kerberos.htx\bacup val\[FAT32]\[01452C]\xISAGE~1.JPG
[00:20:38] - [30] MIRKO.POZEN: Fichier envoyé: D:\kerberos.htx\bacup val\[FAT32]\[01452C]\xEGARD~3.JPG (52,20 K/S -  1 015 559 bytes)
[00:20:38] - [30] MIRKO.POZEN: Début du Téléchargement de: D:\kerberos.htx\bacup val\[FAT32]\[01452C]\xISAGE~2.JPG
[00:20:47] - [30] MIRKO.POZEN: Fichier envoyé: D:\kerberos.htx\bacup val\[FAT32]\[01452C]\xISAGE~2.JPG (53,60 K/S -   493 960 bytes)
[00:20:48] - [30] MIRKO.POZEN: Début du Téléchargement de: D:\kerberos.htx\bacup val\[FAT32]\[01452C]\xISAGE~3.JPG
[00:20:51] - [31] MIRKO.POZEN: Fichier envoyé: D:\kerberos.htx\bacup val\[FAT32]\[01452C]\xISAGE~1.JPG (50,16 K/S -  1 284 060 bytes)
[00:20:52] - [31] MIRKO.POZEN: Début du Téléchargement de: D:\kerberos.htx\bacup val\[FAT32]\[01452C]\xISAGE~4.JPG
[00:20:58] - [30] MIRKO.POZEN: Fichier envoyé: D:\kerberos.htx\bacup val\[FAT32]\[01452C]\xISAGE~3.JPG (43,78 K/S -   493 107 bytes)
[00:20:58] - [30] MIRKO.POZEN: Début du Téléchargement de: D:\kerberos.htx\bacup val\[FAT32]\[01452C]\xSBDE6~1.JPG
[00:21:15] - [31] MIRKO.POZEN: Fichier envoyé: D:\kerberos.htx\bacup val\[FAT32]\[01452C]\xISAGE~4.JPG (55,66 K/S -  1 367 980 bytes)
[00:21:16] - [31] MIRKO.POZEN: Début du Téléchargement de: D:\kerberos.htx\bacup val\[FAT32]\[01452C]\xSC04122.JPG
[00:21:16] - [30] MIRKO.POZEN: Fichier envoyé: D:\kerberos.htx\bacup val\[FAT32]\[01452C]\xSBDE6~1.JPG (45,10 K/S -   831 240 bytes)
[00:21:17] - [30] MIRKO.POZEN: Début du Téléchargement de: D:\kerberos.htx\bacup val\[FAT32]\[01452C]\xSC04123.JPG
[00:21:32] - [31] MIRKO.POZEN: Fichier envoyé: D:\kerberos.htx\bacup val\[FAT32]\[01452C]\xSC04122.JPG (50,12 K/S -   821 168 bytes)
[00:21:32] - [30] MIRKO.POZEN: Fichier envoyé: D:\kerberos.htx\bacup val\[FAT32]\[01452C]\xSC04123.JPG (48,96 K/S -   751 983 bytes)
[00:21:32] - [31] MIRKO.POZEN: Début du Téléchargement de: D:\kerberos.htx\bacup val\[FAT32]\[01452C]\xSC04124.JPG
[00:21:32] - [30] MIRKO.POZEN: Début du Téléchargement de: D:\kerberos.htx\bacup val\[FAT32]\[01452C]\xSC04126.JPG
[00:21:47] - [30] MIRKO.POZEN: Fichier envoyé: D:\kerberos.htx\bacup val\[FAT32]\[01452C]\xSC04126.JPG (50,64 K/S -   777 825 bytes)
[00:21:47] - [31] MIRKO.POZEN: Fichier envoyé: D:\kerberos.htx\bacup val\[FAT32]\[01452C]\xSC04124.JPG (52,80 K/S -   810 940 bytes)
[00:21:48] - [30] MIRKO.POZEN: Début du Téléchargement de: D:\kerberos.htx\bacup val\[FAT32]\[01452C]\xSC04127.JPG
[00:21:48] - [31] MIRKO.POZEN: Début du Téléchargement de: D:\kerberos.htx\bacup val\[FAT32]\[01452C]\xSC04128.JPG
[00:22:02] - [31] MIRKO.POZEN: Fichier envoyé: D:\kerberos.htx\bacup val\[FAT32]\[01452C]\xSC04128.JPG (46,95 K/S -   721 223 bytes)
[00:22:02] - [30] MIRKO.POZEN: Fichier envoyé: D:\kerberos.htx\bacup val\[FAT32]\[01452C]\xSC04127.JPG (49,97 K/S -   767 524 bytes)
[00:22:02] - [31] MIRKO.POZEN: Début du Téléchargement de: D:\kerberos.htx\bacup val\[FAT32]\[01452C]\xSC04131.JPG
[00:22:02] - [30] MIRKO.POZEN: Début du Téléchargement de: D:\kerberos.htx\bacup val\[FAT32]\[01452C]\xSC04132.JPG
[00:22:17] - [30] MIRKO.POZEN: Fichier envoyé: D:\kerberos.htx\bacup val\[FAT32]\[01452C]\xSC04132.JPG (48,92 K/S -   751 440 bytes)
[00:22:17] - [30] MIRKO.POZEN: Début du Téléchargement de: D:\kerberos.htx\bacup val\[FAT32]\[01452C]\xSC04133.JPG
[00:22:18] - [31] MIRKO.POZEN: Fichier envoyé: D:\kerberos.htx\bacup val\[FAT32]\[01452C]\xSC04131.JPG (52,36 K/S -   857 862 bytes)
[00:22:18] - [31] MIRKO.POZEN: Début du Téléchargement de: D:\kerberos.htx\bacup val\[FAT32]\[01452C]\xSC04134.JPG
[00:22:33] - [30] MIRKO.POZEN: Fichier envoyé: D:\kerberos.htx\bacup val\[FAT32]\[01452C]\xSC04133.JPG (49,86 K/S -   816 884 bytes)
[00:22:34] - [30] MIRKO.POZEN: Début du Téléchargement de: D:\kerberos.htx\bacup val\[FAT32]\[01452C]\xSC04135.JPG
[00:22:35] - [31] MIRKO.POZEN: Fichier envoyé: D:\kerberos.htx\bacup val\[FAT32]\[01452C]\xSC04134.JPG (48,89 K/S -   851 009 bytes)
[00:22:35] - [31] MIRKO.POZEN: Début du Téléchargement de: D:\kerberos.htx\bacup val\[FAT32]\[01452C]\xSC04136.JPG
[00:22:49] - [30] MIRKO.POZEN: Fichier envoyé: D:\kerberos.htx\bacup val\[FAT32]\[01452C]\xSC04135.JPG (50,15 K/S -   821 658 bytes)
[00:22:49] - [30] MIRKO.POZEN: Début du Téléchargement de: D:\kerberos.htx\bacup val\[FAT32]\[01452C]\xSC04137.JPG
[00:22:50] - [31] MIRKO.POZEN: Fichier envoyé: D:\kerberos.htx\bacup val\[FAT32]\[01452C]\xSC04136.JPG (48,85 K/S -   750 410 bytes)
[00:22:51] - [31] MIRKO.POZEN: Début du Téléchargement de: D:\kerberos.htx\bacup val\[FAT32]\[01452C]\xSC04138.JPG
[00:23:04] - [30] MIRKO.POZEN: Fichier envoyé: D:\kerberos.htx\bacup val\[FAT32]\[01452C]\xSC04137.JPG (50,04 K/S -   768 681 bytes)
[00:23:05] - [30] MIRKO.POZEN: Début du Téléchargement de: D:\kerberos.htx\bacup val\[FAT32]\[01452C]\xSC04139.JPG
[00:23:06] - [31] MIRKO.POZEN: Fichier envoyé: D:\kerberos.htx\bacup val\[FAT32]\[01452C]\xSC04138.JPG (53,46 K/S -   821 221 bytes)
[00:23:06] - [31] MIRKO.POZEN: Début du Téléchargement de: D:\kerberos.htx\bacup val\[FAT32]\[01452C]\xSC04140.JPG
[00:23:21] - [30] MIRKO.POZEN: Fichier envoyé: D:\kerberos.htx\bacup val\[FAT32]\[01452C]\xSC04139.JPG (52,14 K/S -   854 259 bytes)
[00:23:22] - [30] MIRKO.POZEN: Début du Téléchargement de: D:\kerberos.htx\bacup val\[FAT32]\[01452C]\xSC04142.JPG
[00:23:22] - [31] MIRKO.POZEN: Fichier envoyé: D:\kerberos.htx\bacup val\[FAT32]\[01452C]\xSC04140.JPG (51,32 K/S -   840 875 bytes)
[00:23:22] - [31] MIRKO.POZEN: Début du Téléchargement de: D:\kerberos.htx\bacup val\[FAT32]\[01452C]\xSC04144.JPG
[00:23:38] - [30] MIRKO.POZEN: Fichier envoyé: D:\kerberos.htx\bacup val\[FAT32]\[01452C]\xSC04142.JPG (51,25 K/S -   839 647 bytes)
[00:23:38] - [30] MIRKO.POZEN: Début du Téléchargement de: D:\kerberos.htx\bacup val\[FAT32]\[01452C]\xSC04145.JPG
[00:23:39] - [31] MIRKO.POZEN: Fichier envoyé: D:\kerberos.htx\bacup val\[FAT32]\[01452C]\xSC04144.JPG (49,36 K/S -   859 218 bytes)
[00:23:39] - [31] MIRKO.POZEN: Début du Téléchargement de: D:\kerberos.htx\bacup val\[FAT32]\[01452C]\xSC04146.JPG
[00:23:54] - [30] MIRKO.POZEN: Fichier envoyé: D:\kerberos.htx\bacup val\[FAT32]\[01452C]\xSC04145.JPG (50,97 K/S -   835 056 bytes)
[00:23:54] - [30] MIRKO.POZEN: Début du Téléchargement de: D:\kerberos.htx\bacup val\[FAT32]\[01452C]\xSC04153.JPG
[00:23:55] - [31] MIRKO.POZEN: Fichier envoyé: D:\kerberos.htx\bacup val\[FAT32]\[01452C]\xSC04146.JPG (50,34 K/S -   824 703 bytes)
[00:23:55] - [31] MIRKO.POZEN: Début du Téléchargement de: D:\kerberos.htx\bacup val\[FAT32]\[01452C]\xSC04155.JPG
[00:24:09] - [30] MIRKO.POZEN: Fichier envoyé: D:\kerberos.htx\bacup val\[FAT32]\[01452C]\xSC04153.JPG (48,83 K/S -   749 960 bytes)
[00:24:10] - [30] MIRKO.POZEN: Début du Téléchargement de: D:\kerberos.htx\bacup val\[FAT32]\[01452C]\xSC04156.JPG
[00:24:12] - [31] MIRKO.POZEN: Fichier envoyé: D:\kerberos.htx\bacup val\[FAT32]\[01452C]\xSC04155.JPG (47,90 K/S -   833 844 bytes)
[00:24:12] - [31] MIRKO.POZEN: Début du Téléchargement de: D:\kerberos.htx\bacup val\[FAT32]\[01452C]\xSC04158.JPG
[00:24:24] - [30] MIRKO.POZEN: Fichier envoyé: D:\kerberos.htx\bacup val\[FAT32]\[01452C]\xSC04156.JPG (51,23 K/S -   786 906 bytes)
[00:24:24] - [30] MIRKO.POZEN: Début du Téléchargement de: D:\kerberos.htx\bacup val\[FAT32]\[01452C]\xSC04168.JPG
[00:24:28] - [31] MIRKO.POZEN: Fichier envoyé: D:\kerberos.htx\bacup val\[FAT32]\[01452C]\xSC04158.JPG (46,14 K/S -   755 891 bytes)
[00:24:29] - [31] MIRKO.POZEN: Début du Téléchargement de: D:\kerberos.htx\bacup val\[FAT32]\[01452C]\xSC04169.JPG
[00:24:41] - [30] MIRKO.POZEN: Fichier envoyé: D:\kerberos.htx\bacup val\[FAT32]\[01452C]\xSC04168.JPG (50,72 K/S -   831 037 bytes)
[00:24:41] - [30] MIRKO.POZEN: Début du Téléchargement de: D:\kerberos.htx\bacup val\[FAT32]\[01452C]\xSC04171.JPG
[00:24:45] - [31] MIRKO.POZEN: Fichier envoyé: D:\kerberos.htx\bacup val\[FAT32]\[01452C]\xSC04169.JPG (47,92 K/S -   834 224 bytes)
[00:24:46] - [31] MIRKO.POZEN: Début du Téléchargement de: D:\kerberos.htx\bacup val\[FAT32]\[01452C]\xSC041~1.JPG
[00:24:58] - [30] MIRKO.POZEN: Fichier envoyé: D:\kerberos.htx\bacup val\[FAT32]\[01452C]\xSC04171.JPG (51,10 K/S -   837 224 bytes)
[00:24:58] - [30] MIRKO.POZEN: Début du Téléchargement de: D:\kerberos.htx\bacup val\[FAT32]\[01452C]\xSC041~2.JPG
[00:25:01] - [31] MIRKO.POZEN: Fichier envoyé: D:\kerberos.htx\bacup val\[FAT32]\[01452C]\xSC041~1.JPG (50,12 K/S -   821 168 bytes)
[00:25:01] - [31] MIRKO.POZEN: Début du Téléchargement de: D:\kerberos.htx\bacup val\[FAT32]\[01452C]\xSC041~3.JPG
[00:25:14] - [30] MIRKO.POZEN: Fichier envoyé: D:\kerberos.htx\bacup val\[FAT32]\[01452C]\xSC041~2.JPG (51,39 K/S -   842 024 bytes)
[00:25:15] - [30] MIRKO.POZEN: Début du Téléchargement de: D:\kerberos.htx\bacup val\[FAT32]\[01452C]\xSC041~4.JPG
[00:25:17] - [31] MIRKO.POZEN: Fichier envoyé: D:\kerberos.htx\bacup val\[FAT32]\[01452C]\xSC041~3.JPG (49,94 K/S -   818 139 bytes)
[00:25:17] - [31] MIRKO.POZEN: Début du Téléchargement de: D:\kerberos.htx\bacup val\[FAT32]\[01452C]\xSC04209.JPG
[00:25:30] - [30] MIRKO.POZEN: Fichier envoyé: D:\kerberos.htx\bacup val\[FAT32]\[01452C]\xSC041~4.JPG (48,88 K/S -   800 927 bytes)
[00:25:30] - [30] MIRKO.POZEN: Début du Téléchargement de: D:\kerberos.htx\bacup val\[FAT32]\[01452C]\xSC04210.JPG
[00:25:33] - [31] MIRKO.POZEN: Fichier envoyé: D:\kerberos.htx\bacup val\[FAT32]\[01452C]\xSC04209.JPG (49,76 K/S -   815 314 bytes)
[00:25:33] - [31] MIRKO.POZEN: Début du Téléchargement de: D:\kerberos.htx\bacup val\[FAT32]\[01452C]\xSC042~1.JPG
[00:25:46] - [30] MIRKO.POZEN: Fichier envoyé: D:\kerberos.htx\bacup val\[FAT32]\[01452C]\xSC04210.JPG (51,95 K/S -   851 075 bytes)
[00:25:47] - [30] MIRKO.POZEN: Début du Téléchargement de: D:\kerberos.htx\bacup val\[FAT32]\[01452C]\xSC04897.JPG
[00:25:48] - [31] MIRKO.POZEN: Fichier envoyé: D:\kerberos.htx\bacup val\[FAT32]\[01452C]\xSC042~1.JPG (51,01 K/S -   783 487 bytes)
[00:25:48] - [31] MIRKO.POZEN: Début du Téléchargement de: D:\kerberos.htx\bacup val\[FAT32]\[01452C]\xSC04903.JPG
[00:26:14] - [30] MIRKO.POZEN: Fichier envoyé: D:\kerberos.htx\bacup val\[FAT32]\[01452C]\xSC04897.JPG (50,03 K/S -  1 383 114 bytes)
[00:26:14] - [30] MIRKO.POZEN: Début du Téléchargement de: D:\kerberos.htx\bacup val\[FAT32]\[01452C]\xSC049~1.JPG
[00:26:15] - [31] MIRKO.POZEN: Fichier envoyé: D:\kerberos.htx\bacup val\[FAT32]\[01452C]\xSC04903.JPG (51,10 K/S -  1 360 561 bytes)
[00:26:15] - [31] MIRKO.POZEN: Début du Téléchargement de: D:\kerberos.htx\bacup val\[FAT32]\[01452C]\xSC049~2.JPG
[00:26:39] - [30] MIRKO.POZEN: Fichier envoyé: D:\kerberos.htx\bacup val\[FAT32]\[01452C]\xSC049~1.JPG (50,45 K/S -  1 291 606 bytes)
[00:26:39] - [30] MIRKO.POZEN: Début du Téléchargement de: D:\kerberos.htx\bacup val\[FAT32]\[01452C]\xSC049~3.JPG
[00:26:42] - [31] MIRKO.POZEN: Fichier envoyé: D:\kerberos.htx\bacup val\[FAT32]\[01452C]\xSC049~2.JPG (51,10 K/S -  1 360 561 bytes)
[00:26:42] - [31] MIRKO.POZEN: Répertoire en Cours: D:\kerberos.htx\bacup val\[FAT32]\[014423]\
[00:26:43] - [31] MIRKO.POZEN: Début du Téléchargement de: D:\kerberos.htx\bacup val\[FAT32]\[014423]\x01112~1.JPG
[00:26:45] - [31] MIRKO.POZEN: Fichier envoyé: D:\kerberos.htx\bacup val\[FAT32]\[014423]\x01112~1.JPG (52,35 K/S -   107 206 bytes)
[00:26:45] - [31] MIRKO.POZEN: Début du Téléchargement de: D:\kerberos.htx\bacup val\[FAT32]\[014423]\x1030167.JPG
[00:27:06] - [30] MIRKO.POZEN: Fichier envoyé: D:\kerberos.htx\bacup val\[FAT32]\[01452C]\xSC049~3.JPG (53,94 K/S -  1 491 234 bytes)
[00:27:06] - [30] MIRKO.POZEN: Répertoire en Cours: D:\kerberos.htx\bacup val\[FAT32]\[014423]\
[00:27:07] - [30] MIRKO.POZEN: Début du Téléchargement de: D:\kerberos.htx\bacup val\[FAT32]\[014423]\xEGARD~1.JPG
[00:27:11] - [30] MIRKO.POZEN: Fichier envoyé: D:\kerberos.htx\bacup val\[FAT32]\[014423]\xEGARD~1.JPG (52,90 K/S -   216 659 bytes)
[00:27:11] - [30] MIRKO.POZEN: Répertoire en Cours: D:\kerberos.htx\bacup val\[FAT32]\[01286F]\
[00:27:12] - [30] MIRKO.POZEN: Début du Téléchargement de: D:\kerberos.htx\bacup val\[FAT32]\[01286F]\x'ENNU~1.JPG
[00:27:13] - [30] MIRKO.POZEN: Fichier envoyé: D:\kerberos.htx\bacup val\[FAT32]\[01286F]\x'ENNU~1.JPG (46,83 K/S -   95 918 bytes)
[00:27:14] - [30] MIRKO.POZEN: Début du Téléchargement de: D:\kerberos.htx\bacup val\[FAT32]\[01286F]\x01011~1.JPG
[00:27:15] - [30] MIRKO.POZEN: Fichier envoyé: D:\kerberos.htx\bacup val\[FAT32]\[01286F]\x01011~1.JPG (47,61 K/S -   97 503 bytes)
[00:27:16] - [30] MIRKO.POZEN: Début du Téléchargement de: D:\kerberos.htx\bacup val\[FAT32]\[01286F]\x01011~2.JPG
[00:27:17] - [30] MIRKO.POZEN: Fichier envoyé: D:\kerberos.htx\bacup val\[FAT32]\[01286F]\x01011~2.JPG (60,90 K/S -   62 362 bytes)
[00:27:17] - [30] MIRKO.POZEN: Début du Téléchargement de: D:\kerberos.htx\bacup val\[FAT32]\[01286F]\x01011~3.JPG
[00:27:18] - [30] MIRKO.POZEN: Fichier envoyé: D:\kerberos.htx\bacup val\[FAT32]\[01286F]\x01011~3.JPG (65,69 K/S -   67 263 bytes)
[00:27:19] - [30] MIRKO.POZEN: Début du Téléchargement de: D:\kerberos.htx\bacup val\[FAT32]\[01286F]\x01011~4.JPG
[00:27:20] - [30] MIRKO.POZEN: Fichier envoyé: D:\kerberos.htx\bacup val\[FAT32]\[01286F]\x01011~4.JPG (59,33 K/S -   60 759 bytes)
[00:27:21] - [30] MIRKO.POZEN: Début du Téléchargement de: D:\kerberos.htx\bacup val\[FAT32]\[01286F]\x02F78~1.JPG
[00:27:21] - [30] MIRKO.POZEN: Fichier envoyé: D:\kerberos.htx\bacup val\[FAT32]\[01286F]\x02F78~1.JPG (34,21 K/S -   35 029 bytes)
[00:27:22] - [30] MIRKO.POZEN: Début du Téléchargement de: D:\kerberos.htx\bacup val\[FAT32]\[01286F]\x03B24~1.JPG
[00:27:24] - [31] MIRKO.POZEN: Fichier envoyé: D:\kerberos.htx\bacup val\[FAT32]\[014423]\x1030167.JPG (51,32 K/S -  2 049 645 bytes)
[00:27:24] - [31] MIRKO.POZEN: Répertoire en Cours: D:\kerberos.htx\bacup val\[FAT32]\[01286F]\
[00:27:25] - [31] MIRKO.POZEN: Début du Téléchargement de: D:\kerberos.htx\bacup val\[FAT32]\[01286F]\x04E68~1.JPG
[00:27:27] - [31] MIRKO.POZEN: Fichier envoyé: D:\kerberos.htx\bacup val\[FAT32]\[01286F]\x04E68~1.JPG (38,46 K/S -   118 138 bytes)
[00:27:27] - [31] MIRKO.POZEN: Début du Téléchargement de: D:\kerberos.htx\bacup val\[FAT32]\[01286F]\x06C94~1.JPG
[00:27:44] - [31] MIRKO.POZEN: Fichier envoyé: D:\kerberos.htx\bacup val\[FAT32]\[01286F]\x06C94~1.JPG (52,07 K/S -   853 063 bytes)
[00:27:44] - [31] MIRKO.POZEN: Début du Téléchargement de: D:\kerberos.htx\bacup val\[FAT32]\[01286F]\x08964~1.JPG
[00:27:45] - [31] MIRKO.POZEN: Fichier envoyé: D:\kerberos.htx\bacup val\[FAT32]\[01286F]\x08964~1.JPG (32,66 K/S -   33 445 bytes)
[00:27:45] - [31] MIRKO.POZEN: Début du Téléchargement de: D:\kerberos.htx\bacup val\[FAT32]\[01286F]\x08CE7~1.JPG
[00:27:46] - [30] MIRKO.POZEN: Fichier envoyé: D:\kerberos.htx\bacup val\[FAT32]\[01286F]\x03B24~1.JPG (53,22 K/S -  1 308 035 bytes)
[00:27:46] - [30] MIRKO.POZEN: Début du Téléchargement de: D:\kerberos.htx\bacup val\[FAT32]\[01286F]\x0D249~1.JPG
[00:27:46] - [31] MIRKO.POZEN: Fichier envoyé: D:\kerberos.htx\bacup val\[FAT32]\[01286F]\x08CE7~1.JPG (93,27 K/S -   95 509 bytes)
[00:27:47] - [30] MIRKO.POZEN: Fichier envoyé: D:\kerberos.htx\bacup val\[FAT32]\[01286F]\x0D249~1.JPG (30,39 K/S -   31 117 bytes)
[00:27:47] - [31] MIRKO.POZEN: Début du Téléchargement de: D:\kerberos.htx\bacup val\[FAT32]\[01286F]\x0EB8C~1.JPG
[00:27:47] - [30] MIRKO.POZEN: Début du Téléchargement de: D:\kerberos.htx\bacup val\[FAT32]\[01286F]\x0FF5A~1.JPG
[00:27:48] - [31] MIRKO.POZEN: Fichier envoyé: D:\kerberos.htx\bacup val\[FAT32]\[01286F]\x0EB8C~1.JPG (50,38 K/S -   103 171 bytes)
[00:27:49] - [31] MIRKO.POZEN: Début du Téléchargement de: D:\kerberos.htx\bacup val\[FAT32]\[01286F]\x45143~1.JPG
[00:27:53] - [30] MIRKO.POZEN: Fichier envoyé: D:\kerberos.htx\bacup val\[FAT32]\[01286F]\x0FF5A~1.JPG (50,34 K/S -   309 312 bytes)
[00:27:53] - [30] MIRKO.POZEN: Début du Téléchargement de: D:\kerberos.htx\bacup val\[FAT32]\[01286F]\x45236~1.JPG
[00:27:55] - [31] MIRKO.POZEN: Fichier envoyé: D:\kerberos.htx\bacup val\[FAT32]\[01286F]\x45143~1.JPG (51,32 K/S -   315 314 bytes)
[00:27:55] - [31] MIRKO.POZEN: Début du Téléchargement de: D:\kerberos.htx\bacup val\[FAT32]\[01286F]\x45350~1.JPG
[00:28:00] - [30] MIRKO.POZEN: Fichier envoyé: D:\kerberos.htx\bacup val\[FAT32]\[01286F]\x45236~1.JPG (52,50 K/S -   322 567 bytes)
[00:28:00] - [30] MIRKO.POZEN: Début du Téléchargement de: D:\kerberos.htx\bacup val\[FAT32]\[01286F]\x45410.JPG
[00:28:01] - [31] MIRKO.POZEN: Fichier envoyé: D:\kerberos.htx\bacup val\[FAT32]\[01286F]\x45350~1.JPG (49,74 K/S -   305 598 bytes)
[00:28:02] - [31] MIRKO.POZEN: Début du Téléchargement de: D:\kerberos.htx\bacup val\[FAT32]\[01286F]\x45440~1.JPG
[00:28:08] - [31] MIRKO.POZEN: Fichier envoyé: D:\kerberos.htx\bacup val\[FAT32]\[01286F]\x45440~1.JPG (45,06 K/S -   323 021 bytes)
[00:28:09] - [31] MIRKO.POZEN: Début du Téléchargement de: D:\kerberos.htx\bacup val\[FAT32]\[01286F]\x45507~1.JPG
[00:28:12] - [30] MIRKO.POZEN: Fichier envoyé: D:\kerberos.htx\bacup val\[FAT32]\[01286F]\x45410.JPG (48,86 K/S -   600 353 bytes)
[00:28:12] - [30] MIRKO.POZEN: Début du Téléchargement de: D:\kerberos.htx\bacup val\[FAT32]\[01286F]\x45654~1.JPG
[00:28:14] - [31] MIRKO.POZEN: Fichier envoyé: D:\kerberos.htx\bacup val\[FAT32]\[01286F]\x45507~1.JPG (50,60 K/S -   310 865 bytes)
[00:28:15] - [31] MIRKO.POZEN: Début du Téléchargement de: D:\kerberos.htx\bacup val\[FAT32]\[01286F]\x45727.JPG
[00:28:18] - [30] MIRKO.POZEN: Fichier envoyé: D:\kerberos.htx\bacup val\[FAT32]\[01286F]\x45654~1.JPG (47,66 K/S -   292 852 bytes)
[00:28:19] - [30] MIRKO.POZEN: Début du Téléchargement de: D:\kerberos.htx\bacup val\[FAT32]\[01286F]\x45739~1.JPG
[00:28:25] - [30] MIRKO.POZEN: Fichier envoyé: D:\kerberos.htx\bacup val\[FAT32]\[01286F]\x45739~1.JPG (47,03 K/S -   288 975 bytes)
[00:28:25] - [30] MIRKO.POZEN: Début du Téléchargement de: D:\kerberos.htx\bacup val\[FAT32]\[01286F]\x45759~1.JPG
[00:28:26] - [31] MIRKO.POZEN: Fichier envoyé: D:\kerberos.htx\bacup val\[FAT32]\[01286F]\x45727.JPG (45,17 K/S -   555 012 bytes)
[00:28:26] - [31] MIRKO.POZEN: Début du Téléchargement de: D:\kerberos.htx\bacup val\[FAT32]\[01286F]\x45821~1.JPG
[00:28:31] - [30] MIRKO.POZEN: Fichier envoyé: D:\kerberos.htx\bacup val\[FAT32]\[01286F]\x45759~1.JPG (50,32 K/S -   309 192 bytes)
[00:28:31] - [30] MIRKO.POZEN: Début du Téléchargement de: D:\kerberos.htx\bacup val\[FAT32]\[01286F]\x45821~2.JPG
[00:28:32] - [31] MIRKO.POZEN: Fichier envoyé: D:\kerberos.htx\bacup val\[FAT32]\[01286F]\x45821~1.JPG (50,34 K/S -   309 312 bytes)
[00:28:33] - [31] MIRKO.POZEN: Début du Téléchargement de: D:\kerberos.htx\bacup val\[FAT32]\[01286F]\x50133~1.JPG
[00:28:37] - [30] MIRKO.POZEN: Fichier envoyé: D:\kerberos.htx\bacup val\[FAT32]\[01286F]\x45821~2.JPG (55,34 K/S -   339 980 bytes)
[00:28:38] - [30] MIRKO.POZEN: Début du Téléchargement de: D:\kerberos.htx\bacup val\[FAT32]\[01286F]\xB003.JPG
[00:28:38] - [31] MIRKO.POZEN: Fichier envoyé: D:\kerberos.htx\bacup val\[FAT32]\[01286F]\x50133~1.JPG (51,02 K/S -   313 449 bytes)
[00:28:38] - [31] MIRKO.POZEN: Début du Téléchargement de: D:\kerberos.htx\bacup val\[FAT32]\[01286F]\xBNOIR~1.JPG
[00:28:39] - [30] MIRKO.POZEN: Fichier envoyé: D:\kerberos.htx\bacup val\[FAT32]\[01286F]\xB003.JPG (58,18 K/S -   59 576 bytes)
[00:28:39] - [30] MIRKO.POZEN: Début du Téléchargement de: D:\kerberos.htx\bacup val\[FAT32]\[01286F]\xOURDE~1.JPG
[00:28:40] - [30] MIRKO.POZEN: Fichier envoyé: D:\kerberos.htx\bacup val\[FAT32]\[01286F]\xOURDE~1.JPG (84,71 K/S -   86 742 bytes)
[00:28:41] - [30] MIRKO.POZEN: Répertoire en Cours: D:\kerberos.htx\bacup val\[FAT32]\xP3\
[00:28:41] - [30] MIRKO.POZEN: Début du Téléchargement de: D:\kerberos.htx\bacup val\[FAT32]\xP3\Valérie.wmv
[00:28:43] - [31] MIRKO.POZEN: Fichier envoyé: D:\kerberos.htx\bacup val\[FAT32]\[01286F]\xBNOIR~1.JPG (71,61 K/S -   293 324 bytes)
[00:28:43] - [31] MIRKO.POZEN: Répertoire en Cours: D:\kerberos.htx\bacup val\[FAT32]\xOURNÉ~1\
[00:28:44] - [31] MIRKO.POZEN: Début du Téléchargement de: D:\kerberos.htx\bacup val\[FAT32]\xOURNÉ~1\Valérie.wmv
[00:40:27] - [30] MIRKO.POZEN: Fichier envoyé: D:\kerberos.htx\bacup val\[FAT32]\xP3\Valérie.wmv (52,36 K/S -  37 856 851 bytes)
[00:40:27] - [30] MIRKO.POZEN: Répertoire en Cours: D:\kerberos.htx\bacup val\[FAT32]\xIDEO\
[00:40:28] - [30] MIRKO.POZEN: Début du Téléchargement de: D:\kerberos.htx\bacup val\[FAT32]\xIDEO\xALÉRIE.WMV
[00:40:30] - [31] MIRKO.POZEN: Fichier envoyé: D:\kerberos.htx\bacup val\[FAT32]\xOURNÉ~1\Valérie.wmv (52,36 K/S -  37 856 851 bytes)
[00:40:30] - [31] MIRKO.POZEN: Répertoire en Cours: D:\kerberos.htx\bacup val\[FAT32]\MUSIQUE\
[00:40:31] - [31] MIRKO.POZEN: Début du Téléchargement de: D:\kerberos.htx\bacup val\[FAT32]\MUSIQUE\Adieu tristesse - YouTube (360p).mp3
[00:41:46] - [31] MIRKO.POZEN: Fichier envoyé: D:\kerberos.htx\bacup val\[FAT32]\MUSIQUE\Adieu tristesse - YouTube (360p).mp3 (52,42 K/S -  4 025 491 bytes)
[00:41:46] - [31] MIRKO.POZEN: Début du Téléchargement de: D:\kerberos.htx\bacup val\[FAT32]\MUSIQUE\Celine Dion - Vole - YouTube (360p).mp3
[00:42:38] - [31] MIRKO.POZEN: Fichier envoyé: D:\kerberos.htx\bacup val\[FAT32]\MUSIQUE\Celine Dion - Vole - YouTube (360p).mp3 (52,66 K/S -  2 803 797 bytes)
[00:42:39] - [31] MIRKO.POZEN: Début du Téléchargement de: D:\kerberos.htx\bacup val\[FAT32]\MUSIQUE\Hallelujah - YouTube (360p).mp3
[00:43:47] - [31] MIRKO.POZEN: Fichier envoyé: D:\kerberos.htx\bacup val\[FAT32]\MUSIQUE\Hallelujah - YouTube (360p).mp3 (56,18 K/S -  3 969 485 bytes)
[00:43:47] - [31] MIRKO.POZEN: Début du Téléchargement de: D:\kerberos.htx\bacup val\[FAT32]\MUSIQUE\Jacques Higelin - Champagne - YouTube (360p).mp3
[00:45:08] - [31] MIRKO.POZEN: Fichier envoyé: D:\kerberos.htx\bacup val\[FAT32]\MUSIQUE\Jacques Higelin - Champagne - YouTube (360p).mp3 (52,33 K/S -  4 340 633 bytes)
[00:45:09] - [31] MIRKO.POZEN: Début du Téléchargement de: D:\kerberos.htx\bacup val\[FAT32]\MUSIQUE\Jeff Buckley - Hallelujah - YouTube (360p).mp3
[00:47:01] - [31] MIRKO.POZEN: Fichier envoyé: D:\kerberos.htx\bacup val\[FAT32]\MUSIQUE\Jeff Buckley - Hallelujah - YouTube (360p).mp3 (57,31 K/S -  6 631 467 bytes)
[00:47:01] - [31] MIRKO.POZEN: Début du Téléchargement de: D:\kerberos.htx\bacup val\[FAT32]\MUSIQUE\Leonard Cohen - Hallelujah ((Live In London - Video Edit)) - YouTube (360p).mp3
[00:49:31] - [31] MIRKO.POZEN: Fichier envoyé: D:\kerberos.htx\bacup val\[FAT32]\MUSIQUE\Leonard Cohen - Hallelujah ((Live In London - Video Edit)) - YouTube (360p).mp3 (46,15 K/S -  7 041 067 bytes)
[00:49:31] - [31] MIRKO.POZEN: Début du Téléchargement de: D:\kerberos.htx\bacup val\[FAT32]\MUSIQUE\Leonard Cohen - Hallelujah - Traduction paroles Française - YouTube (360p).mp3
[00:51:06] - [31] MIRKO.POZEN: Fichier envoyé: D:\kerberos.htx\bacup val\[FAT32]\MUSIQUE\Leonard Cohen - Hallelujah - Traduction paroles Française - YouTube (360p).mp3 (45,29 K/S -  4 359 859 bytes)
[00:51:06] - [31] MIRKO.POZEN: Début du Téléchargement de: D:\kerberos.htx\bacup val\[FAT32]\MUSIQUE\Les larmes et des maux - Les Infidèles - YouTube (360p).mp3
[00:51:52] - [30] MIRKO.POZEN: Fichier envoyé: D:\kerberos.htx\bacup val\[FAT32]\xIDEO\xALÉRIE.WMV (54,13 K/S -  37 856 851 bytes)
[00:51:52] - [30] MIRKO.POZEN: Répertoire en Cours: D:\kerberos.htx\bacup val\[FAT32]\MUSIQUE\
[00:51:52] - [30] MIRKO.POZEN: Début du Téléchargement de: D:\kerberos.htx\bacup val\[FAT32]\MUSIQUE\Oh Freedom! - The Golden Gospel Singers (Lyrics in Description) - YouTube (360p).mp3
[00:52:32] - [31] MIRKO.POZEN: Fichier envoyé: D:\kerberos.htx\bacup val\[FAT32]\MUSIQUE\Les larmes et des maux - Les Infidèles - YouTube (360p).mp3 (48,63 K/S -  4 282 536 bytes)
[00:52:32] - [31] MIRKO.POZEN: Début du Téléchargement de: D:\kerberos.htx\bacup val\[FAT32]\MUSIQUE\St James Infirmary - Vistula River Brass Band. - YouTube (360p).mp3
[00:52:47] - [30] MIRKO.POZEN: Fichier envoyé: D:\kerberos.htx\bacup val\[FAT32]\MUSIQUE\Oh Freedom! - The Golden Gospel Singers (Lyrics in Description) - YouTube (360p).mp3 (52,56 K/S -  2 960 113 bytes)
[00:52:47] - [30] MIRKO.POZEN: Répertoire en Cours: D:\kerberos.htx\bacup val\[FAT32]\diaporama\
[00:52:48] - [30] MIRKO.POZEN: Début du Téléchargement de: D:\kerberos.htx\bacup val\[FAT32]\diaporama\Valérie.wmv
[00:54:01] - [31] MIRKO.POZEN: Fichier envoyé: D:\kerberos.htx\bacup val\[FAT32]\MUSIQUE\St James Infirmary - Vistula River Brass Band. - YouTube (360p).mp3 (53,00 K/S -  4 830 063 bytes)
[00:54:02] - [31] MIRKO.POZEN: Répertoire en Cours: D:\kerberos.htx\bacup val\val images\
[00:54:03] - [31] MIRKO.POZEN: Début du Téléchargement de: D:\kerberos.htx\bacup val\val images\02 nov 2010 matin 4 bis.jpg
[00:54:06] - [31] MIRKO.POZEN: Fichier envoyé: D:\kerberos.htx\bacup val\val images\02 nov 2010 matin 4 bis.jpg (43,55 K/S -   133 799 bytes)
[00:54:06] - [31] MIRKO.POZEN: Début du Téléchargement de: D:\kerberos.htx\bacup val\val images\065144_1.jpg
[00:54:08] - [31] MIRKO.POZEN: Fichier envoyé: D:\kerberos.htx\bacup val\val images\065144_1.jpg (49,32 K/S -   101 006 bytes)
[00:54:09] - [31] MIRKO.POZEN: Début du Téléchargement de: D:\kerberos.htx\bacup val\val images\065230_1.jpg
[00:54:11] - [31] MIRKO.POZEN: Fichier envoyé: D:\kerberos.htx\bacup val\val images\065230_1.jpg (42,42 K/S -   86 871 bytes)
[00:54:11] - [31] MIRKO.POZEN: Début du Téléchargement de: D:\kerberos.htx\bacup val\val images\065237_1.jpg
[00:54:13] - [31] MIRKO.POZEN: Fichier envoyé: D:\kerberos.htx\bacup val\val images\065237_1.jpg (82,86 K/S -   84 848 bytes)
[00:54:13] - [31] MIRKO.POZEN: Début du Téléchargement de: D:\kerberos.htx\bacup val\val images\065244_1.jpg
[00:54:15] - [31] MIRKO.POZEN: Fichier envoyé: D:\kerberos.htx\bacup val\val images\065244_1.jpg (40,92 K/S -   83 799 bytes)
[00:54:15] - [31] MIRKO.POZEN: Début du Téléchargement de: D:\kerberos.htx\bacup val\val images\065314_1.jpg
[00:54:17] - [31] MIRKO.POZEN: Fichier envoyé: D:\kerberos.htx\bacup val\val images\065314_1.jpg (48,00 K/S -   98 309 bytes)
[00:54:18] - [31] MIRKO.POZEN: Début du Téléchargement de: D:\kerberos.htx\bacup val\val images\065328_1.jpg
[00:54:20] - [31] MIRKO.POZEN: Fichier envoyé: D:\kerberos.htx\bacup val\val images\065328_1.jpg (32,06 K/S -   98 498 bytes)
[00:54:20] - [31] MIRKO.POZEN: Début du Téléchargement de: D:\kerberos.htx\bacup val\val images\080356_1.jpg
[00:54:26] - [31] MIRKO.POZEN: Fichier envoyé: D:\kerberos.htx\bacup val\val images\080356_1.jpg (49,69 K/S -   254 417 bytes)
[00:54:26] - [31] MIRKO.POZEN: Début du Téléchargement de: D:\kerberos.htx\bacup val\val images\104137_1.jpg
[00:54:30] - [31] MIRKO.POZEN: Fichier envoyé: D:\kerberos.htx\bacup val\val images\104137_1.jpg (53,58 K/S -   164 613 bytes)
[00:54:30] - [31] MIRKO.POZEN: Début du Téléchargement de: D:\kerberos.htx\bacup val\val images\104149_1.jpg
[00:54:33] - [31] MIRKO.POZEN: Fichier envoyé: D:\kerberos.htx\bacup val\val images\104149_1.jpg (51,59 K/S -   158 482 bytes)
[00:54:34] - [31] MIRKO.POZEN: Début du Téléchargement de: D:\kerberos.htx\bacup val\val images\104214_1.jpg
[00:54:36] - [31] MIRKO.POZEN: Fichier envoyé: D:\kerberos.htx\bacup val\val images\104214_1.jpg (40,85 K/S -   125 502 bytes)
[00:54:37] - [31] MIRKO.POZEN: Début du Téléchargement de: D:\kerberos.htx\bacup val\val images\104239_1.jpg
[00:54:40] - [31] MIRKO.POZEN: Fichier envoyé: D:\kerberos.htx\bacup val\val images\104239_1.jpg (44,84 K/S -   137 757 bytes)
[00:54:40] - [31] MIRKO.POZEN: Début du Téléchargement de: D:\kerberos.htx\bacup val\val images\104321_1.jpg
[00:54:44] - [31] MIRKO.POZEN: Fichier envoyé: D:\kerberos.htx\bacup val\val images\104321_1.jpg (56,19 K/S -   172 611 bytes)
[00:54:44] - [31] MIRKO.POZEN: Début du Téléchargement de: D:\kerberos.htx\bacup val\val images\104419_1.jpg
[00:54:48] - [31] MIRKO.POZEN: Fichier envoyé: D:\kerberos.htx\bacup val\val images\104419_1.jpg (53,10 K/S -   163 137 bytes)
[00:54:48] - [31] MIRKO.POZEN: Début du Téléchargement de: D:\kerberos.htx\bacup val\val images\104432.jpg
[00:54:51] - [31] MIRKO.POZEN: Fichier envoyé: D:\kerberos.htx\bacup val\val images\104432.jpg (51,14 K/S -   157 088 bytes)
[00:54:52] - [31] MIRKO.POZEN: Début du Téléchargement de: D:\kerberos.htx\bacup val\val images\104446.jpg
[00:54:55] - [31] MIRKO.POZEN: Fichier envoyé: D:\kerberos.htx\bacup val\val images\104446.jpg (39,73 K/S -   162 723 bytes)
[00:54:55] - [31] MIRKO.POZEN: Début du Téléchargement de: D:\kerberos.htx\bacup val\val images\104504_1.jpg
[00:55:00] - [31] MIRKO.POZEN: Fichier envoyé: D:\kerberos.htx\bacup val\val images\104504_1.jpg (39,92 K/S -   204 370 bytes)
[00:55:00] - [31] MIRKO.POZEN: Début du Téléchargement de: D:\kerberos.htx\bacup val\val images\104512.jpg
[00:55:04] - [31] MIRKO.POZEN: Fichier envoyé: D:\kerberos.htx\bacup val\val images\104512.jpg (49,48 K/S -   151 997 bytes)
[00:55:04] - [31] MIRKO.POZEN: Début du Téléchargement de: D:\kerberos.htx\bacup val\val images\104553_1.jpg
[00:55:07] - [31] MIRKO.POZEN: Fichier envoyé: D:\kerberos.htx\bacup val\val images\104553_1.jpg (54,22 K/S -   166 569 bytes)
[00:55:08] - [31] MIRKO.POZEN: Début du Téléchargement de: D:\kerberos.htx\bacup val\val images\104623.jpg
[00:55:10] - [31] MIRKO.POZEN: Fichier envoyé: D:\kerberos.htx\bacup val\val images\104623.jpg (58,89 K/S -   120 600 bytes)
[00:55:11] - [31] MIRKO.POZEN: Début du Téléchargement de: D:\kerberos.htx\bacup val\val images\105833_1.jpg
[00:55:13] - [31] MIRKO.POZEN: Fichier envoyé: D:\kerberos.htx\bacup val\val images\105833_1.jpg (59,42 K/S -   121 684 bytes)
[00:55:14] - [31] MIRKO.POZEN: Début du Téléchargement de: D:\kerberos.htx\bacup val\val images\110415_1.jpg
[00:55:18] - [31] MIRKO.POZEN: Fichier envoyé: D:\kerberos.htx\bacup val\val images\110415_1.jpg (38,22 K/S -   195 664 bytes)
[00:55:18] - [31] MIRKO.POZEN: Début du Téléchargement de: D:\kerberos.htx\bacup val\val images\110426_1.jpg
[00:55:23] - [31] MIRKO.POZEN: Fichier envoyé: D:\kerberos.htx\bacup val\val images\110426_1.jpg (47,89 K/S -   196 168 bytes)
[00:55:23] - [31] MIRKO.POZEN: Début du Téléchargement de: D:\kerberos.htx\bacup val\val images\110434_1.jpg
[00:55:27] - [31] MIRKO.POZEN: Fichier envoyé: D:\kerberos.htx\bacup val\val images\110434_1.jpg (45,85 K/S -   187 798 bytes)
[00:55:27] - [31] MIRKO.POZEN: Début du Téléchargement de: D:\kerberos.htx\bacup val\val images\12108911_10206405406866718_5448503062245100685_n.jpg
[00:55:29] - [31] MIRKO.POZEN: Fichier envoyé: D:\kerberos.htx\bacup val\val images\12108911_10206405406866718_5448503062245100685_n.jpg (43,72 K/S -   89 539 bytes)
[00:55:30] - [31] MIRKO.POZEN: Début du Téléchargement de: D:\kerberos.htx\bacup val\val images\145143bis_1.jpg
[00:55:36] - [31] MIRKO.POZEN: Fichier envoyé: D:\kerberos.htx\bacup val\val images\145143bis_1.jpg (43,99 K/S -   315 314 bytes)
[00:55:37] - [31] MIRKO.POZEN: Début du Téléchargement de: D:\kerberos.htx\bacup val\val images\145143_1.jpg
[00:55:50] - [31] MIRKO.POZEN: Fichier envoyé: D:\kerberos.htx\bacup val\val images\145143_1.jpg (42,28 K/S -   606 058 bytes)
[00:55:50] - [31] MIRKO.POZEN: Début du Téléchargement de: D:\kerberos.htx\bacup val\val images\145236bis_1.jpg
[00:55:57] - [31] MIRKO.POZEN: Fichier envoyé: D:\kerberos.htx\bacup val\val images\145236bis_1.jpg (45,00 K/S -   322 567 bytes)
[00:55:57] - [31] MIRKO.POZEN: Début du Téléchargement de: D:\kerberos.htx\bacup val\val images\145236_1.jpg
[00:56:11] - [31] MIRKO.POZEN: Fichier envoyé: D:\kerberos.htx\bacup val\val images\145236_1.jpg (43,59 K/S -   624 956 bytes)
[00:56:11] - [31] MIRKO.POZEN: Début du Téléchargement de: D:\kerberos.htx\bacup val\val images\145350bis.jpg
[00:56:18] - [31] MIRKO.POZEN: Fichier envoyé: D:\kerberos.htx\bacup val\val images\145350bis.jpg (49,74 K/S -   305 598 bytes)
[00:56:18] - [31] MIRKO.POZEN: Début du Téléchargement de: D:\kerberos.htx\bacup val\val images\145350bis_1.jpg
[00:56:24] - [31] MIRKO.POZEN: Fichier envoyé: D:\kerberos.htx\bacup val\val images\145350bis_1.jpg (59,69 K/S -   305 598 bytes)
[00:56:24] - [31] MIRKO.POZEN: Début du Téléchargement de: D:\kerberos.htx\bacup val\val images\145410.jpg
[00:56:35] - [31] MIRKO.POZEN: Fichier envoyé: D:\kerberos.htx\bacup val\val images\145410.jpg (53,30 K/S -   600 353 bytes)
[00:56:36] - [31] MIRKO.POZEN: Début du Téléchargement de: D:\kerberos.htx\bacup val\val images\145410bis_1.jpg
[00:56:41] - [31] MIRKO.POZEN: Fichier envoyé: D:\kerberos.htx\bacup val\val images\145410bis_1.jpg (49,85 K/S -   306 305 bytes)
[00:56:42] - [31] MIRKO.POZEN: Début du Téléchargement de: D:\kerberos.htx\bacup val\val images\145440bis_1.jpg
[00:56:48] - [31] MIRKO.POZEN: Fichier envoyé: D:\kerberos.htx\bacup val\val images\145440bis_1.jpg (52,58 K/S -   323 021 bytes)
[00:56:48] - [31] MIRKO.POZEN: Début du Téléchargement de: D:\kerberos.htx\bacup val\val images\145440_1.jpg
[00:57:00] - [31] MIRKO.POZEN: Fichier envoyé: D:\kerberos.htx\bacup val\val images\145440_1.jpg (56,46 K/S -   635 918 bytes)
[00:57:00] - [31] MIRKO.POZEN: Début du Téléchargement de: D:\kerberos.htx\bacup val\val images\145507bis_1.jpg
[00:57:06] - [31] MIRKO.POZEN: Fichier envoyé: D:\kerberos.htx\bacup val\val images\145507bis_1.jpg (60,72 K/S -   310 865 bytes)
[00:57:06] - [31] MIRKO.POZEN: Début du Téléchargement de: D:\kerberos.htx\bacup val\val images\145654bis_1.jpg
[00:57:11] - [31] MIRKO.POZEN: Fichier envoyé: D:\kerberos.htx\bacup val\val images\145654bis_1.jpg (57,20 K/S -   292 852 bytes)
[00:57:12] - [31] MIRKO.POZEN: Début du Téléchargement de: D:\kerberos.htx\bacup val\val images\145654_1.jpg
[00:57:22] - [31] MIRKO.POZEN: Fichier envoyé: D:\kerberos.htx\bacup val\val images\145654_1.jpg (54,96 K/S -   562 782 bytes)
[00:57:23] - [31] MIRKO.POZEN: Début du Téléchargement de: D:\kerberos.htx\bacup val\val images\145727.jpg
[00:57:35] - [31] MIRKO.POZEN: Fichier envoyé: D:\kerberos.htx\bacup val\val images\145727.jpg (45,17 K/S -   555 012 bytes)
[00:57:35] - [31] MIRKO.POZEN: Début du Téléchargement de: D:\kerberos.htx\bacup val\val images\145727_1.jpg
[00:57:47] - [31] MIRKO.POZEN: Fichier envoyé: D:\kerberos.htx\bacup val\val images\145727_1.jpg (45,17 K/S -   555 012 bytes)
[00:57:47] - [31] MIRKO.POZEN: Début du Téléchargement de: D:\kerberos.htx\bacup val\val images\145739.jpg
[00:57:59] - [31] MIRKO.POZEN: Fichier envoyé: D:\kerberos.htx\bacup val\val images\145739.jpg (44,83 K/S -   550 880 bytes)
[00:58:00] - [31] MIRKO.POZEN: Début du Téléchargement de: D:\kerberos.htx\bacup val\val images\145739bis_1.jpg
[00:58:06] - [31] MIRKO.POZEN: Fichier envoyé: D:\kerberos.htx\bacup val\val images\145739bis_1.jpg (47,03 K/S -   288 975 bytes)
[00:58:06] - [31] MIRKO.POZEN: Début du Téléchargement de: D:\kerberos.htx\bacup val\val images\145759bis_1.jpg
[00:58:13] - [31] MIRKO.POZEN: Fichier envoyé: D:\kerberos.htx\bacup val\val images\145759bis_1.jpg (43,14 K/S -   309 192 bytes)
[00:58:13] - [31] MIRKO.POZEN: Début du Téléchargement de: D:\kerberos.htx\bacup val\val images\145821bis_1.jpg
[00:58:20] - [31] MIRKO.POZEN: Fichier envoyé: D:\kerberos.htx\bacup val\val images\145821bis_1.jpg (43,15 K/S -   309 312 bytes)
[00:58:21] - [31] MIRKO.POZEN: Début du Téléchargement de: D:\kerberos.htx\bacup val\val images\145821Quatro.jpg
[00:58:28] - [31] MIRKO.POZEN: Fichier envoyé: D:\kerberos.htx\bacup val\val images\145821Quatro.jpg (41,50 K/S -   339 980 bytes)
[00:58:28] - [31] MIRKO.POZEN: Début du Téléchargement de: D:\kerberos.htx\bacup val\val images\145821Quatro_1.jpg
[00:58:36] - [31] MIRKO.POZEN: Fichier envoyé: D:\kerberos.htx\bacup val\val images\145821Quatro_1.jpg (47,43 K/S -   339 980 bytes)
[00:58:36] - [31] MIRKO.POZEN: Début du Téléchargement de: D:\kerberos.htx\bacup val\val images\150133bis_1.jpg
[00:58:43] - [31] MIRKO.POZEN: Fichier envoyé: D:\kerberos.htx\bacup val\val images\150133bis_1.jpg (51,02 K/S -   313 449 bytes)
[00:58:43] - [31] MIRKO.POZEN: Début du Téléchargement de: D:\kerberos.htx\bacup val\val images\160646_1.jpg
[00:58:44] - [31] MIRKO.POZEN: Fichier envoyé: D:\kerberos.htx\bacup val\val images\160646_1.jpg (37,87 K/S -   38 775 bytes)
[00:58:44] - [31] MIRKO.POZEN: Début du Téléchargement de: D:\kerberos.htx\bacup val\val images\160715_1.jpg
[00:58:45] - [31] MIRKO.POZEN: Fichier envoyé: D:\kerberos.htx\bacup val\val images\160715_1.jpg (33,76 K/S -   34 573 bytes)
[00:58:45] - [31] MIRKO.POZEN: Début du Téléchargement de: D:\kerberos.htx\bacup val\val images\160721.jpg
[00:58:46] - [31] MIRKO.POZEN: Fichier envoyé: D:\kerberos.htx\bacup val\val images\160721.jpg (35,25 K/S -   36 095 bytes)
[00:58:47] - [31] MIRKO.POZEN: Début du Téléchargement de: D:\kerberos.htx\bacup val\val images\160735_1.jpg
[00:58:47] - [31] MIRKO.POZEN: Fichier envoyé: D:\kerberos.htx\bacup val\val images\160735_1.jpg (35,01 K/S -   35 850 bytes)
[00:58:48] - [31] MIRKO.POZEN: Début du Téléchargement de: D:\kerberos.htx\bacup val\val images\160908_1.jpg
[00:58:48] - [31] MIRKO.POZEN: Fichier envoyé: D:\kerberos.htx\bacup val\val images\160908_1.jpg (37,11 K/S -   37 998 bytes)
[00:58:49] - [31] MIRKO.POZEN: Début du Téléchargement de: D:\kerberos.htx\bacup val\val images\161425_1.jpg
[00:58:50] - [31] MIRKO.POZEN: Fichier envoyé: D:\kerberos.htx\bacup val\val images\161425_1.jpg (34,66 K/S -   35 490 bytes)
[00:58:50] - [31] MIRKO.POZEN: Début du Téléchargement de: D:\kerberos.htx\bacup val\val images\161456_1.jpg
[00:58:51] - [31] MIRKO.POZEN: Fichier envoyé: D:\kerberos.htx\bacup val\val images\161456_1.jpg (34,05 K/S -   34 870 bytes)
[00:58:51] - [31] MIRKO.POZEN: Début du Téléchargement de: D:\kerberos.htx\bacup val\val images\161520_1.jpg
[00:58:52] - [31] MIRKO.POZEN: Fichier envoyé: D:\kerberos.htx\bacup val\val images\161520_1.jpg (32,94 K/S -   33 726 bytes)
[00:58:52] - [31] MIRKO.POZEN: Début du Téléchargement de: D:\kerberos.htx\bacup val\val images\161525_1.jpg
[00:58:53] - [31] MIRKO.POZEN: Fichier envoyé: D:\kerberos.htx\bacup val\val images\161525_1.jpg (33,58 K/S -   34 385 bytes)
[00:58:53] - [31] MIRKO.POZEN: Début du Téléchargement de: D:\kerberos.htx\bacup val\val images\161549_1.jpg
[00:58:54] - [31] MIRKO.POZEN: Fichier envoyé: D:\kerberos.htx\bacup val\val images\161549_1.jpg (34,70 K/S -   35 531 bytes)
[00:58:54] - [31] MIRKO.POZEN: Début du Téléchargement de: D:\kerberos.htx\bacup val\val images\161617_1.jpg
[00:58:55] - [31] MIRKO.POZEN: Fichier envoyé: D:\kerberos.htx\bacup val\val images\161617_1.jpg (34,41 K/S -   35 232 bytes)
[00:58:55] - [31] MIRKO.POZEN: Début du Téléchargement de: D:\kerberos.htx\bacup val\val images\190723_1.jpg
[00:58:57] - [31] MIRKO.POZEN: Fichier envoyé: D:\kerberos.htx\bacup val\val images\190723_1.jpg (42,97 K/S -   87 996 bytes)
[00:58:57] - [31] MIRKO.POZEN: Début du Téléchargement de: D:\kerberos.htx\bacup val\val images\190742_1.jpg
[00:58:59] - [31] MIRKO.POZEN: Fichier envoyé: D:\kerberos.htx\bacup val\val images\190742_1.jpg (43,84 K/S -   89 785 bytes)
[00:59:00] - [31] MIRKO.POZEN: Début du Téléchargement de: D:\kerberos.htx\bacup val\val images\190805_1.jpg
[00:59:17] - [31] MIRKO.POZEN: Fichier envoyé: D:\kerberos.htx\bacup val\val images\190805_1.jpg (43,50 K/S -   801 786 bytes)
[00:59:17] - [31] MIRKO.POZEN: Début du Téléchargement de: D:\kerberos.htx\bacup val\val images\190825_1.jpg
[00:59:33] - [31] MIRKO.POZEN: Fichier envoyé: D:\kerberos.htx\bacup val\val images\190825_1.jpg (48,78 K/S -   799 175 bytes)
[00:59:34] - [31] MIRKO.POZEN: Début du Téléchargement de: D:\kerberos.htx\bacup val\val images\190938.jpg
[00:59:52] - [31] MIRKO.POZEN: Fichier envoyé: D:\kerberos.htx\bacup val\val images\190938.jpg (43,59 K/S -   848 017 bytes)
[00:59:53] - [31] MIRKO.POZEN: Début du Téléchargement de: D:\kerberos.htx\bacup val\val images\190938_1.jpg
[01:00:11] - [31] MIRKO.POZEN: Fichier envoyé: D:\kerberos.htx\bacup val\val images\190938_1.jpg (43,59 K/S -   848 017 bytes)
[01:00:11] - [31] MIRKO.POZEN: Début du Téléchargement de: D:\kerberos.htx\bacup val\val images\193246bis_1.jpg
[01:00:24] - [31] MIRKO.POZEN: Fichier envoyé: D:\kerberos.htx\bacup val\val images\193246bis_1.jpg (44,66 K/S -   594 523 bytes)
[01:00:25] - [31] MIRKO.POZEN: Début du Téléchargement de: D:\kerberos.htx\bacup val\val images\193246_1.jpg
[01:00:40] - [31] MIRKO.POZEN: Fichier envoyé: D:\kerberos.htx\bacup val\val images\193246_1.jpg (45,41 K/S -   697 517 bytes)
[01:00:40] - [31] MIRKO.POZEN: Début du Téléchargement de: D:\kerberos.htx\bacup val\val images\193345bis_1.jpg
[01:00:54] - [31] MIRKO.POZEN: Fichier envoyé: D:\kerberos.htx\bacup val\val images\193345bis_1.jpg (45,39 K/S -   650 652 bytes)
[01:00:55] - [31] MIRKO.POZEN: Début du Téléchargement de: D:\kerberos.htx\bacup val\val images\193345_1.jpg
[01:01:09] - [31] MIRKO.POZEN: Fichier envoyé: D:\kerberos.htx\bacup val\val images\193345_1.jpg (44,91 K/S -   689 861 bytes)
[01:01:10] - [31] MIRKO.POZEN: Début du Téléchargement de: D:\kerberos.htx\bacup val\val images\195141.jpg
[01:01:11] - [31] MIRKO.POZEN: Fichier envoyé: D:\kerberos.htx\bacup val\val images\195141.jpg (55,72 K/S -   57 054 bytes)
[01:01:11] - [31] MIRKO.POZEN: Début du Téléchargement de: D:\kerberos.htx\bacup val\val images\195202_1.jpg
[01:01:13] - [31] MIRKO.POZEN: Fichier envoyé: D:\kerberos.htx\bacup val\val images\195202_1.jpg (52,10 K/S -   53 355 bytes)
[01:01:13] - [31] MIRKO.POZEN: Début du Téléchargement de: D:\kerberos.htx\bacup val\val images\195228_1.jpg
[01:01:14] - [31] MIRKO.POZEN: Fichier envoyé: D:\kerberos.htx\bacup val\val images\195228_1.jpg (55,21 K/S -   56 531 bytes)
[01:01:15] - [31] MIRKO.POZEN: Début du Téléchargement de: D:\kerberos.htx\bacup val\val images\195302_1.jpg
[01:01:16] - [31] MIRKO.POZEN: Fichier envoyé: D:\kerberos.htx\bacup val\val images\195302_1.jpg (52,18 K/S -   53 431 bytes)
[01:01:16] - [31] MIRKO.POZEN: Début du Téléchargement de: D:\kerberos.htx\bacup val\val images\195318_1.jpg
[01:01:17] - [31] MIRKO.POZEN: Fichier envoyé: D:\kerberos.htx\bacup val\val images\195318_1.jpg (45,92 K/S -   47 023 bytes)
[01:01:17] - [31] MIRKO.POZEN: Début du Téléchargement de: D:\kerberos.htx\bacup val\val images\195328_1.jpg
[01:01:18] - [31] MIRKO.POZEN: Fichier envoyé: D:\kerberos.htx\bacup val\val images\195328_1.jpg (48,03 K/S -   49 180 bytes)
[01:01:19] - [31] MIRKO.POZEN: Début du Téléchargement de: D:\kerberos.htx\bacup val\val images\195409_1.jpg
[01:01:20] - [31] MIRKO.POZEN: Fichier envoyé: D:\kerberos.htx\bacup val\val images\195409_1.jpg (58,07 K/S -   59 468 bytes)
[01:01:20] - [31] MIRKO.POZEN: Début du Téléchargement de: D:\kerberos.htx\bacup val\val images\195421_1.jpg
[01:01:22] - [31] MIRKO.POZEN: Fichier envoyé: D:\kerberos.htx\bacup val\val images\195421_1.jpg (61,97 K/S -   63 459 bytes)
[01:01:22] - [31] MIRKO.POZEN: Début du Téléchargement de: D:\kerberos.htx\bacup val\val images\195505.jpg
[01:01:23] - [31] MIRKO.POZEN: Fichier envoyé: D:\kerberos.htx\bacup val\val images\195505.jpg (55,20 K/S -   56 529 bytes)
[01:01:24] - [31] MIRKO.POZEN: Début du Téléchargement de: D:\kerberos.htx\bacup val\val images\195519_1.jpg
[01:01:25] - [31] MIRKO.POZEN: Fichier envoyé: D:\kerberos.htx\bacup val\val images\195519_1.jpg (29,76 K/S -   60 950 bytes)
[01:01:25] - [31] MIRKO.POZEN: Début du Téléchargement de: D:\kerberos.htx\bacup val\val images\195602_1.jpg
[01:01:26] - [31] MIRKO.POZEN: Fichier envoyé: D:\kerberos.htx\bacup val\val images\195602_1.jpg (45,82 K/S -   46 923 bytes)
[01:01:27] - [31] MIRKO.POZEN: Début du Téléchargement de: D:\kerberos.htx\bacup val\val images\195631_1.jpg
[01:01:28] - [31] MIRKO.POZEN: Fichier envoyé: D:\kerberos.htx\bacup val\val images\195631_1.jpg (50,09 K/S -   51 295 bytes)
[01:01:28] - [31] MIRKO.POZEN: Début du Téléchargement de: D:\kerberos.htx\bacup val\val images\195702_1.jpg
[01:01:29] - [31] MIRKO.POZEN: Fichier envoyé: D:\kerberos.htx\bacup val\val images\195702_1.jpg (33,99 K/S -   34 810 bytes)
[01:01:29] - [31] MIRKO.POZEN: Début du Téléchargement de: D:\kerberos.htx\bacup val\val images\195729_1.jpg
[01:01:30] - [31] MIRKO.POZEN: Fichier envoyé: D:\kerberos.htx\bacup val\val images\195729_1.jpg (57,90 K/S -   59 285 bytes)
[01:01:31] - [31] MIRKO.POZEN: Début du Téléchargement de: D:\kerberos.htx\bacup val\val images\195758_1.jpg
[01:01:32] - [31] MIRKO.POZEN: Fichier envoyé: D:\kerberos.htx\bacup val\val images\195758_1.jpg (28,09 K/S -   57 536 bytes)
[01:01:32] - [31] MIRKO.POZEN: Début du Téléchargement de: D:\kerberos.htx\bacup val\val images\195806_1.jpg
[01:01:33] - [31] MIRKO.POZEN: Fichier envoyé: D:\kerberos.htx\bacup val\val images\195806_1.jpg (57,22 K/S -   58 598 bytes)
[01:01:34] - [31] MIRKO.POZEN: Début du Téléchargement de: D:\kerberos.htx\bacup val\val images\195845_1.jpg
[01:01:35] - [31] MIRKO.POZEN: Fichier envoyé: D:\kerberos.htx\bacup val\val images\195845_1.jpg (39,64 K/S -   40 589 bytes)
[01:01:35] - [31] MIRKO.POZEN: Début du Téléchargement de: D:\kerberos.htx\bacup val\val images\195932.jpg
[01:01:36] - [31] MIRKO.POZEN: Fichier envoyé: D:\kerberos.htx\bacup val\val images\195932.jpg (50,46 K/S -   51 674 bytes)
[01:01:36] - [31] MIRKO.POZEN: Début du Téléchargement de: D:\kerberos.htx\bacup val\val images\195946_1.jpg
[01:01:37] - [31] MIRKO.POZEN: Fichier envoyé: D:\kerberos.htx\bacup val\val images\195946_1.jpg (50,48 K/S -   51 691 bytes)
[01:01:38] - [31] MIRKO.POZEN: Début du Téléchargement de: D:\kerberos.htx\bacup val\val images\200022_1.jpg
[01:01:39] - [31] MIRKO.POZEN: Fichier envoyé: D:\kerberos.htx\bacup val\val images\200022_1.jpg (50,21 K/S -   51 418 bytes)
[01:01:39] - [31] MIRKO.POZEN: Début du Téléchargement de: D:\kerberos.htx\bacup val\val images\200057_1.jpg
[01:01:40] - [31] MIRKO.POZEN: Fichier envoyé: D:\kerberos.htx\bacup val\val images\200057_1.jpg (48,64 K/S -   49 806 bytes)
[01:01:41] - [31] MIRKO.POZEN: Début du Téléchargement de: D:\kerberos.htx\bacup val\val images\200134_1.jpg
[01:01:42] - [31] MIRKO.POZEN: Fichier envoyé: D:\kerberos.htx\bacup val\val images\200134_1.jpg (43,39 K/S -   44 428 bytes)
[01:01:42] - [31] MIRKO.POZEN: Début du Téléchargement de: D:\kerberos.htx\bacup val\val images\2004 05 16 Gardon_1.jpg
[01:01:43] - [31] MIRKO.POZEN: Fichier envoyé: D:\kerberos.htx\bacup val\val images\2004 05 16 Gardon_1.jpg (54,10 K/S -   55 397 bytes)
[01:01:43] - [31] MIRKO.POZEN: Début du Téléchargement de: D:\kerberos.htx\bacup val\val images\2010 11 12 001_1.jpg
[01:01:46] - [31] MIRKO.POZEN: Fichier envoyé: D:\kerberos.htx\bacup val\val images\2010 11 12 001_1.jpg (47,61 K/S -   97 503 bytes)
[01:01:46] - [31] MIRKO.POZEN: Début du Téléchargement de: D:\kerberos.htx\bacup val\val images\2010 11 12 002_1.jpg
[01:01:47] - [31] MIRKO.POZEN: Fichier envoyé: D:\kerberos.htx\bacup val\val images\2010 11 12 002_1.jpg (60,90 K/S -   62 362 bytes)
[01:01:48] - [31] MIRKO.POZEN: Début du Téléchargement de: D:\kerberos.htx\bacup val\val images\2010 11 12 003bis_1.jpg
[01:01:49] - [31] MIRKO.POZEN: Fichier envoyé: D:\kerberos.htx\bacup val\val images\2010 11 12 003bis_1.jpg (32,84 K/S -   67 263 bytes)
[01:01:49] - [31] MIRKO.POZEN: Début du Téléchargement de: D:\kerberos.htx\bacup val\val images\2010 11 12 003_1.jpg
[01:01:51] - [31] MIRKO.POZEN: Fichier envoyé: D:\kerberos.htx\bacup val\val images\2010 11 12 003_1.jpg (59,33 K/S -   60 759 bytes)
[01:01:51] - [31] MIRKO.POZEN: Début du Téléchargement de: D:\kerberos.htx\bacup val\val images\2010 11 12 004_1.jpg
[01:01:58] - [31] MIRKO.POZEN: Fichier envoyé: D:\kerberos.htx\bacup val\val images\2010 11 12 004_1.jpg (50,34 K/S -   309 312 bytes)
[01:01:58] - [31] MIRKO.POZEN: Début du Téléchargement de: D:\kerberos.htx\bacup val\val images\2010 11 12 006.jpg
[01:02:27] - [31] MIRKO.POZEN: Fichier envoyé: D:\kerberos.htx\bacup val\val images\2010 11 12 006.jpg (45,62 K/S -  1 308 035 bytes)
[01:02:27] - [31] MIRKO.POZEN: Début du Téléchargement de: D:\kerberos.htx\bacup val\val images\2010 11 12 007bis_1.jpg
[01:02:28] - [31] MIRKO.POZEN: Fichier envoyé: D:\kerberos.htx\bacup val\val images\2010 11 12 007bis_1.jpg (30,39 K/S -   31 117 bytes)
[01:02:28] - [31] MIRKO.POZEN: Début du Téléchargement de: D:\kerberos.htx\bacup val\val images\2010 11 12 007_1.jpg
[01:02:29] - [31] MIRKO.POZEN: Fichier envoyé: D:\kerberos.htx\bacup val\val images\2010 11 12 007_1.jpg (32,66 K/S -   33 445 bytes)
[01:02:29] - [31] MIRKO.POZEN: Début du Téléchargement de: D:\kerberos.htx\bacup val\val images\2010 11 12 008_1.jpg
[01:02:47] - [31] MIRKO.POZEN: Fichier envoyé: D:\kerberos.htx\bacup val\val images\2010 11 12 008_1.jpg (46,28 K/S -   853 063 bytes)
[01:02:48] - [31] MIRKO.POZEN: Début du Téléchargement de: D:\kerberos.htx\bacup val\val images\2010 11 12 mms3_1.jpg
[01:02:50] - [31] MIRKO.POZEN: Fichier envoyé: D:\kerberos.htx\bacup val\val images\2010 11 12 mms3_1.jpg (50,38 K/S -   103 171 bytes)
[01:02:50] - [31] MIRKO.POZEN: Début du Téléchargement de: D:\kerberos.htx\bacup val\val images\2010 11 12 mms4_1.jpg
[01:02:52] - [31] MIRKO.POZEN: Fichier envoyé: D:\kerberos.htx\bacup val\val images\2010 11 12 mms4_1.jpg (46,64 K/S -   95 509 bytes)
[01:02:53] - [31] MIRKO.POZEN: Début du Téléchargement de: D:\kerberos.htx\bacup val\val images\2010 11 12 mms_1.jpg
[01:02:54] - [31] MIRKO.POZEN: Fichier envoyé: D:\kerberos.htx\bacup val\val images\2010 11 12 mms_1.jpg (34,21 K/S -   35 029 bytes)
[01:02:54] - [31] MIRKO.POZEN: Début du Téléchargement de: D:\kerberos.htx\bacup val\val images\2010 11 13 001.jpg
[01:02:56] - [31] MIRKO.POZEN: Fichier envoyé: D:\kerberos.htx\bacup val\val images\2010 11 13 001.jpg (57,68 K/S -   118 138 bytes)
[01:02:57] - [31] MIRKO.POZEN: Début du Téléchargement de: D:\kerberos.htx\bacup val\val images\2010 11 13 001_1.jpg
[01:02:59] - [31] MIRKO.POZEN: Fichier envoyé: D:\kerberos.htx\bacup val\val images\2010 11 13 001_1.jpg (57,68 K/S -   118 138 bytes)
[01:02:59] - [31] MIRKO.POZEN: Début du Téléchargement de: D:\kerberos.htx\bacup val\val images\2011 12 28 Règlage Webcam 001_1.jpg
[01:03:00] - [31] MIRKO.POZEN: Fichier envoyé: D:\kerberos.htx\bacup val\val images\2011 12 28 Règlage Webcam 001_1.jpg (65,51 K/S -   67 085 bytes)
[01:03:01] - [31] MIRKO.POZEN: Début du Téléchargement de: D:\kerberos.htx\bacup val\val images\2011 12 28 Règlage Webcam 002bis_1.jpg
[01:03:01] - [30] MIRKO.POZEN: Fichier envoyé: D:\kerberos.htx\bacup val\[FAT32]\diaporama\Valérie.wmv (60,31 K/S -  37 856 851 bytes)
[01:03:01] - [30] MIRKO.POZEN: Répertoire en Cours: D:\kerberos.htx\bacup val\val images\
[01:03:01] - [31] MIRKO.POZEN: Fichier envoyé: D:\kerberos.htx\bacup val\val images\2011 12 28 Règlage Webcam 002bis_1.jpg (32,18 K/S -   32 956 bytes)
[01:03:01] - [31] MIRKO.POZEN: Début du Téléchargement de: D:\kerberos.htx\bacup val\val images\2011 12 28 VB 001_1.jpg
[01:03:01] - [30] MIRKO.POZEN: Début du Téléchargement de: D:\kerberos.htx\bacup val\val images\2011 12 28 VB 001.jpg
[01:03:03] - [31] MIRKO.POZEN: Fichier envoyé: D:\kerberos.htx\bacup val\val images\2011 12 28 VB 001_1.jpg (52,35 K/S -   107 206 bytes)
[01:03:03] - [30] MIRKO.POZEN: Fichier envoyé: D:\kerberos.htx\bacup val\val images\2011 12 28 VB 001.jpg (52,35 K/S -   107 206 bytes)
[01:03:03] - [31] MIRKO.POZEN: Début du Téléchargement de: D:\kerberos.htx\bacup val\val images\2012 06 002_1.jpg
[01:03:03] - [30] MIRKO.POZEN: Début du Téléchargement de: D:\kerberos.htx\bacup val\val images\2012 06 003.jpg
[01:03:05] - [30] MIRKO.POZEN: Fichier envoyé: D:\kerberos.htx\bacup val\val images\2012 06 003.jpg (46,21 K/S -   94 646 bytes)
[01:03:05] - [31] MIRKO.POZEN: Fichier envoyé: D:\kerberos.htx\bacup val\val images\2012 06 002_1.jpg (63,78 K/S -   130 627 bytes)
[01:03:05] - [30] MIRKO.POZEN: Début du Téléchargement de: D:\kerberos.htx\bacup val\val images\2012 06 09 001.jpg
[01:03:06] - [31] MIRKO.POZEN: Début du Téléchargement de: D:\kerberos.htx\bacup val\val images\2012 06 09_1.jpg
[01:03:09] - [30] MIRKO.POZEN: Fichier envoyé: D:\kerberos.htx\bacup val\val images\2012 06 09 001.jpg (47,35 K/S -   193 966 bytes)
[01:03:09] - [30] MIRKO.POZEN: Début du Téléchargement de: D:\kerberos.htx\bacup val\val images\2012 09 10 002bis_1.jpg
[01:03:11] - [30] MIRKO.POZEN: Fichier envoyé: D:\kerberos.htx\bacup val\val images\2012 09 10 002bis_1.jpg (47,46 K/S -   97 202 bytes)
[01:03:11] - [31] MIRKO.POZEN: Fichier envoyé: D:\kerberos.htx\bacup val\val images\2012 06 09_1.jpg (58,56 K/S -   299 834 bytes)
[01:03:11] - [30] MIRKO.POZEN: Début du Téléchargement de: D:\kerberos.htx\bacup val\val images\2012 09 10 002ter_1.jpg
[01:03:11] - [31] MIRKO.POZEN: Début du Téléchargement de: D:\kerberos.htx\bacup val\val images\2012 09 10 002_1.jpg
[01:03:12] - [30] MIRKO.POZEN: Fichier envoyé: D:\kerberos.htx\bacup val\val images\2012 09 10 002ter_1.jpg (61,30 K/S -   62 776 bytes)
[01:03:12] - [31] MIRKO.POZEN: Fichier envoyé: D:\kerberos.htx\bacup val\val images\2012 09 10 002_1.jpg (53,78 K/S -   55 071 bytes)
[01:03:12] - [30] MIRKO.POZEN: Début du Téléchargement de: D:\kerberos.htx\bacup val\val images\2012 09 10 003FBbis_1.jpg
[01:03:12] - [31] MIRKO.POZEN: Début du Téléchargement de: D:\kerberos.htx\bacup val\val images\2012 09 10_1.jpg
[01:03:13] - [30] MIRKO.POZEN: Fichier envoyé: D:\kerberos.htx\bacup val\val images\2012 09 10 003FBbis_1.jpg (33,26 K/S -   34 063 bytes)
[01:03:13] - [30] MIRKO.POZEN: Début du Téléchargement de: D:\kerberos.htx\bacup val\val images\295369_4792583285209_1182596742_n.jpg
[01:03:13] - [31] MIRKO.POZEN: Fichier envoyé: D:\kerberos.htx\bacup val\val images\2012 09 10_1.jpg (56,15 K/S -   57 494 bytes)
[01:03:14] - [31] MIRKO.POZEN: Début du Téléchargement de: D:\kerberos.htx\bacup val\val images\317495_10200307652066659_632422248_n.jpg
[01:03:14] - [30] MIRKO.POZEN: Fichier envoyé: D:\kerberos.htx\bacup val\val images\295369_4792583285209_1182596742_n.jpg (32,10 K/S -   32 872 bytes)
[01:03:14] - [31] MIRKO.POZEN: Fichier envoyé: D:\kerberos.htx\bacup val\val images\317495_10200307652066659_632422248_n.jpg (18,42 K/S -   18 859 bytes)
[01:03:14] - [30] MIRKO.POZEN: Début du Téléchargement de: D:\kerberos.htx\bacup val\val images\405561_2650569976215_1014691639_32831021_1408864800_n_1.jpg
[01:03:14] - [30] MIRKO.POZEN: Fichier envoyé: D:\kerberos.htx\bacup val\val images\405561_2650569976215_1014691639_32831021_1408864800_n_1.jpg (17,02 K/S -   17 426 bytes)
[01:03:14] - [31] MIRKO.POZEN: Début du Téléchargement de: D:\kerberos.htx\bacup val\val images\426771_10200492031836038_74650669_n.jpg
[01:03:14] - [31] MIRKO.POZEN: Fichier envoyé: D:\kerberos.htx\bacup val\val images\426771_10200492031836038_74650669_n.jpg (19,11 K/S -   19 569 bytes)
[01:03:14] - [30] MIRKO.POZEN: Début du Téléchargement de: D:\kerberos.htx\bacup val\val images\541379_10200307652786677_1726698920_n.jpg
[01:03:14] - [30] MIRKO.POZEN: Fichier envoyé: D:\kerberos.htx\bacup val\val images\541379_10200307652786677_1726698920_n.jpg (18,83 K/S -   19 283 bytes)
[01:03:15] - [31] MIRKO.POZEN: Début du Téléchargement de: D:\kerberos.htx\bacup val\val images\69734_1633995922499_1014691639_31762325_4045862_n_1.jpg
[01:03:15] - [31] MIRKO.POZEN: Fichier envoyé: D:\kerberos.htx\bacup val\val images\69734_1633995922499_1014691639_31762325_4045862_n_1.jpg (21,56 K/S -   22 081 bytes)
[01:03:15] - [30] MIRKO.POZEN: Début du Téléchargement de: D:\kerberos.htx\bacup val\val images\babou et le chat.jpg
[01:03:15] - [31] MIRKO.POZEN: Début du Téléchargement de: D:\kerberos.htx\bacup val\val images\DSC04121_1.JPG
[01:03:30] - [31] MIRKO.POZEN: Fichier envoyé: D:\kerberos.htx\bacup val\val images\DSC04121_1.JPG (55,00 K/S -   788 474 bytes)
[01:03:30] - [31] MIRKO.POZEN: Début du Téléchargement de: D:\kerberos.htx\bacup val\val images\DSC04122.JPG
[01:03:45] - [30] MIRKO.POZEN: Fichier envoyé: D:\kerberos.htx\bacup val\val images\babou et le chat.jpg (52,42 K/S -  1 663 952 bytes)
[01:03:45] - [31] MIRKO.POZEN: Fichier envoyé: D:\kerberos.htx\bacup val\val images\DSC04122.JPG (53,46 K/S -   821 168 bytes)
[01:03:45] - [30] MIRKO.POZEN: Début du Téléchargement de: D:\kerberos.htx\bacup val\val images\DSC04122_1.JPG
[01:03:45] - [31] MIRKO.POZEN: Début du Téléchargement de: D:\kerberos.htx\bacup val\val images\DSC04123.JPG
[01:03:59] - [31] MIRKO.POZEN: Fichier envoyé: D:\kerberos.htx\bacup val\val images\DSC04123.JPG (52,45 K/S -   751 983 bytes)
[01:04:00] - [31] MIRKO.POZEN: Début du Téléchargement de: D:\kerberos.htx\bacup val\val images\DSC04123_1.JPG
[01:04:00] - [30] MIRKO.POZEN: Fichier envoyé: D:\kerberos.htx\bacup val\val images\DSC04122_1.JPG (53,46 K/S -   821 168 bytes)
[01:04:01] - [30] MIRKO.POZEN: Début du Téléchargement de: D:\kerberos.htx\bacup val\val images\DSC04124.JPG
[01:04:14] - [31] MIRKO.POZEN: Fichier envoyé: D:\kerberos.htx\bacup val\val images\DSC04123_1.JPG (56,49 K/S -   751 983 bytes)
[01:04:14] - [31] MIRKO.POZEN: Début du Téléchargement de: D:\kerberos.htx\bacup val\val images\DSC04125.JPG
[01:04:16] - [30] MIRKO.POZEN: Fichier envoyé: D:\kerberos.htx\bacup val\val images\DSC04124.JPG (52,80 K/S -   810 940 bytes)
[01:04:16] - [30] MIRKO.POZEN: Début du Téléchargement de: D:\kerberos.htx\bacup val\val images\DSC04126.JPG
[01:04:27] - [31] MIRKO.POZEN: Fichier envoyé: D:\kerberos.htx\bacup val\val images\DSC04125.JPG (64,42 K/S -   791 604 bytes)
[01:04:27] - [31] MIRKO.POZEN: Début du Téléchargement de: D:\kerberos.htx\bacup val\val images\DSC04127.JPG
[01:04:32] - [30] MIRKO.POZEN: Fichier envoyé: D:\kerberos.htx\bacup val\val images\DSC04126.JPG (50,64 K/S -   777 825 bytes)
[01:04:32] - [30] MIRKO.POZEN: Début du Téléchargement de: D:\kerberos.htx\bacup val\val images\DSC04128.JPG
[01:04:41] - [31] MIRKO.POZEN: Fichier envoyé: D:\kerberos.htx\bacup val\val images\DSC04127.JPG (57,66 K/S -   767 524 bytes)
[01:04:41] - [31] MIRKO.POZEN: Début du Téléchargement de: D:\kerberos.htx\bacup val\val images\DSC04131.JPG
[01:04:45] - [30] MIRKO.POZEN: Fichier envoyé: D:\kerberos.htx\bacup val\val images\DSC04128.JPG (54,18 K/S -   721 223 bytes)
[01:04:45] - [30] MIRKO.POZEN: Début du Téléchargement de: D:\kerberos.htx\bacup val\val images\DSC04132.JPG
[01:04:57] - [31] MIRKO.POZEN: Fichier envoyé: D:\kerberos.htx\bacup val\val images\DSC04131.JPG (52,36 K/S -   857 862 bytes)
[01:04:58] - [31] MIRKO.POZEN: Début du Téléchargement de: D:\kerberos.htx\bacup val\val images\DSC04133.JPG
[01:04:59] - [30] MIRKO.POZEN: Fichier envoyé: D:\kerberos.htx\bacup val\val images\DSC04132.JPG (52,42 K/S -   751 440 bytes)
[01:04:59] - [30] MIRKO.POZEN: Début du Téléchargement de: D:\kerberos.htx\bacup val\val images\DSC04134.JPG
[01:05:13] - [31] MIRKO.POZEN: Fichier envoyé: D:\kerberos.htx\bacup val\val images\DSC04133.JPG (53,18 K/S -   816 884 bytes)
[01:05:13] - [31] MIRKO.POZEN: Début du Téléchargement de: D:\kerberos.htx\bacup val\val images\DSC04135.JPG
[01:05:15] - [30] MIRKO.POZEN: Fichier envoyé: D:\kerberos.htx\bacup val\val images\DSC04134.JPG (55,40 K/S -   851 009 bytes)
[01:05:15] - [30] MIRKO.POZEN: Début du Téléchargement de: D:\kerberos.htx\bacup val\val images\DSC04136.JPG
[01:05:28] - [30] MIRKO.POZEN: Fichier envoyé: D:\kerberos.htx\bacup val\val images\DSC04136.JPG (56,37 K/S -   750 410 bytes)
[01:05:29] - [31] MIRKO.POZEN: Fichier envoyé: D:\kerberos.htx\bacup val\val images\DSC04135.JPG (53,49 K/S -   821 658 bytes)
[01:05:29] - [30] MIRKO.POZEN: Début du Téléchargement de: D:\kerberos.htx\bacup val\val images\DSC04137.JPG
[01:05:29] - [31] MIRKO.POZEN: Début du Téléchargement de: D:\kerberos.htx\bacup val\val images\DSC04138.JPG
[01:05:43] - [30] MIRKO.POZEN: Fichier envoyé: D:\kerberos.htx\bacup val\val images\DSC04137.JPG (50,04 K/S -   768 681 bytes)
[01:05:43] - [30] MIRKO.POZEN: Début du Téléchargement de: D:\kerberos.htx\bacup val\val images\DSC04138_1.JPG
[01:05:44] - [31] MIRKO.POZEN: Fichier envoyé: D:\kerberos.htx\bacup val\val images\DSC04138.JPG (53,46 K/S -   821 221 bytes)
[01:05:44] - [31] MIRKO.POZEN: Début du Téléchargement de: D:\kerberos.htx\bacup val\val images\DSC04139.JPG
[01:05:58] - [30] MIRKO.POZEN: Fichier envoyé: D:\kerberos.htx\bacup val\val images\DSC04138_1.JPG (53,46 K/S -   821 221 bytes)
[01:05:58] - [30] MIRKO.POZEN: Début du Téléchargement de: D:\kerberos.htx\bacup val\val images\DSC04139_1.JPG
[01:06:00] - [31] MIRKO.POZEN: Fichier envoyé: D:\kerberos.htx\bacup val\val images\DSC04139.JPG (52,14 K/S -   854 259 bytes)
[01:06:00] - [31] MIRKO.POZEN: Début du Téléchargement de: D:\kerberos.htx\bacup val\val images\DSC04140.JPG
[01:06:14] - [30] MIRKO.POZEN: Fichier envoyé: D:\kerberos.htx\bacup val\val images\DSC04139_1.JPG (52,14 K/S -   854 259 bytes)
[01:06:14] - [30] MIRKO.POZEN: Début du Téléchargement de: D:\kerberos.htx\bacup val\val images\DSC04140_1.JPG
[01:06:16] - [31] MIRKO.POZEN: Fichier envoyé: D:\kerberos.htx\bacup val\val images\DSC04140.JPG (54,74 K/S -   840 875 bytes)
[01:06:16] - [31] MIRKO.POZEN: Début du Téléchargement de: D:\kerberos.htx\bacup val\val images\DSC04142.JPG
[01:06:30] - [31] MIRKO.POZEN: Fichier envoyé: D:\kerberos.htx\bacup val\val images\DSC04142.JPG (58,57 K/S -   839 647 bytes)
[01:06:30] - [31] MIRKO.POZEN: Début du Téléchargement de: D:\kerberos.htx\bacup val\val images\DSC04142_1.JPG
[01:06:31] - [30] MIRKO.POZEN: Fichier envoyé: D:\kerberos.htx\bacup val\val images\DSC04140_1.JPG (48,30 K/S -   840 875 bytes)
[01:06:31] - [30] MIRKO.POZEN: Début du Téléchargement de: D:\kerberos.htx\bacup val\val images\DSC04143.JPG
[01:06:46] - [31] MIRKO.POZEN: Fichier envoyé: D:\kerberos.htx\bacup val\val images\DSC04142_1.JPG (54,66 K/S -   839 647 bytes)
[01:06:46] - [31] MIRKO.POZEN: Début du Téléchargement de: D:\kerberos.htx\bacup val\val images\DSC04143_1.JPG
[01:06:47] - [30] MIRKO.POZEN: Fichier envoyé: D:\kerberos.htx\bacup val\val images\DSC04143.JPG (54,82 K/S -   842 024 bytes)
[01:06:47] - [30] MIRKO.POZEN: Début du Téléchargement de: D:\kerberos.htx\bacup val\val images\DSC04144.JPG
[01:07:01] - [31] MIRKO.POZEN: Fichier envoyé: D:\kerberos.htx\bacup val\val images\DSC04143_1.JPG (54,82 K/S -   842 024 bytes)
[01:07:02] - [31] MIRKO.POZEN: Début du Téléchargement de: D:\kerberos.htx\bacup val\val images\DSC04144_1.JPG
[01:07:03] - [30] MIRKO.POZEN: Fichier envoyé: D:\kerberos.htx\bacup val\val images\DSC04144.JPG (55,94 K/S -   859 218 bytes)
[01:07:03] - [30] MIRKO.POZEN: Début du Téléchargement de: D:\kerberos.htx\bacup val\val images\DSC04145.JPG
[01:07:16] - [31] MIRKO.POZEN: Fichier envoyé: D:\kerberos.htx\bacup val\val images\DSC04144_1.JPG (55,94 K/S -   859 218 bytes)
[01:07:16] - [31] MIRKO.POZEN: Début du Téléchargement de: D:\kerberos.htx\bacup val\val images\DSC04145_1.JPG
[01:07:20] - [30] MIRKO.POZEN: Fichier envoyé: D:\kerberos.htx\bacup val\val images\DSC04145.JPG (50,97 K/S -   835 056 bytes)
[01:07:20] - [30] MIRKO.POZEN: Début du Téléchargement de: D:\kerberos.htx\bacup val\val images\DSC04146.JPG
[01:07:32] - [31] MIRKO.POZEN: Fichier envoyé: D:\kerberos.htx\bacup val\val images\DSC04145_1.JPG (54,37 K/S -   835 056 bytes)
[01:07:32] - [31] MIRKO.POZEN: Début du Téléchargement de: D:\kerberos.htx\bacup val\val images\DSC04146_1.JPG
[01:07:35] - [30] MIRKO.POZEN: Fichier envoyé: D:\kerberos.htx\bacup val\val images\DSC04146.JPG (53,69 K/S -   824 703 bytes)
[01:07:35] - [30] MIRKO.POZEN: Début du Téléchargement de: D:\kerberos.htx\bacup val\val images\DSC04153.JPG
[01:07:47] - [31] MIRKO.POZEN: Fichier envoyé: D:\kerberos.htx\bacup val\val images\DSC04146_1.JPG (53,69 K/S -   824 703 bytes)
[01:07:47] - [31] MIRKO.POZEN: Début du Téléchargement de: D:\kerberos.htx\bacup val\val images\DSC04153_1.JPG
[01:07:49] - [30] MIRKO.POZEN: Fichier envoyé: D:\kerberos.htx\bacup val\val images\DSC04153.JPG (52,31 K/S -   749 960 bytes)
[01:07:49] - [30] MIRKO.POZEN: Début du Téléchargement de: D:\kerberos.htx\bacup val\val images\DSC04154.JPG
[01:08:02] - [31] MIRKO.POZEN: Fichier envoyé: D:\kerberos.htx\bacup val\val images\DSC04153_1.JPG (48,83 K/S -   749 960 bytes)
[01:08:03] - [31] MIRKO.POZEN: Début du Téléchargement de: D:\kerberos.htx\bacup val\val images\DSC04154_1.JPG
[01:08:03] - [30] MIRKO.POZEN: Fichier envoyé: D:\kerberos.htx\bacup val\val images\DSC04154.JPG (57,07 K/S -   818 139 bytes)
[01:08:03] - [30] MIRKO.POZEN: Début du Téléchargement de: D:\kerberos.htx\bacup val\val images\DSC04155.JPG
[01:08:18] - [31] MIRKO.POZEN: Fichier envoyé: D:\kerberos.htx\bacup val\val images\DSC04154_1.JPG (53,26 K/S -   818 139 bytes)
[01:08:18] - [31] MIRKO.POZEN: Début du Téléchargement de: D:\kerberos.htx\bacup val\val images\DSC04155_1.JPG
[01:08:19] - [30] MIRKO.POZEN: Fichier envoyé: D:\kerberos.htx\bacup val\val images\DSC04155.JPG (54,29 K/S -   833 844 bytes)
[01:08:19] - [30] MIRKO.POZEN: Début du Téléchargement de: D:\kerberos.htx\bacup val\val images\DSC04156.JPG
[01:08:33] - [31] MIRKO.POZEN: Fichier envoyé: D:\kerberos.htx\bacup val\val images\DSC04155_1.JPG (54,29 K/S -   833 844 bytes)
[01:08:33] - [31] MIRKO.POZEN: Début du Téléchargement de: D:\kerberos.htx\bacup val\val images\DSC04156_1.JPG
[01:08:34] - [30] MIRKO.POZEN: Fichier envoyé: D:\kerberos.htx\bacup val\val images\DSC04156.JPG (54,89 K/S -   786 906 bytes)
[01:08:34] - [30] MIRKO.POZEN: Début du Téléchargement de: D:\kerberos.htx\bacup val\val images\DSC04157_1.JPG
[01:08:48] - [31] MIRKO.POZEN: Fichier envoyé: D:\kerberos.htx\bacup val\val images\DSC04156_1.JPG (51,23 K/S -   786 906 bytes)
[01:08:48] - [31] MIRKO.POZEN: Début du Téléchargement de: D:\kerberos.htx\bacup val\val images\DSC04158.JPG
[01:08:48] - [30] MIRKO.POZEN: Fichier envoyé: D:\kerberos.htx\bacup val\val images\DSC04157_1.JPG (55,87 K/S -   800 927 bytes)
[01:08:49] - [30] MIRKO.POZEN: Début du Téléchargement de: D:\kerberos.htx\bacup val\val images\DSC04158_1.JPG
[01:09:02] - [31] MIRKO.POZEN: Fichier envoyé: D:\kerberos.htx\bacup val\val images\DSC04158.JPG (52,73 K/S -   755 891 bytes)
[01:09:02] - [31] MIRKO.POZEN: Début du Téléchargement de: D:\kerberos.htx\bacup val\val images\DSC04167_1.JPG
[01:09:02] - [30] MIRKO.POZEN: Fichier envoyé: D:\kerberos.htx\bacup val\val images\DSC04158_1.JPG (52,73 K/S -   755 891 bytes)
[01:09:03] - [30] MIRKO.POZEN: Début du Téléchargement de: D:\kerberos.htx\bacup val\val images\DSC04168.JPG
[01:09:17] - [31] MIRKO.POZEN: Fichier envoyé: D:\kerberos.htx\bacup val\val images\DSC04167_1.JPG (51,55 K/S -   791 825 bytes)
[01:09:17] - [31] MIRKO.POZEN: Début du Téléchargement de: D:\kerberos.htx\bacup val\val images\DSC04168_1.JPG
[01:09:18] - [30] MIRKO.POZEN: Fichier envoyé: D:\kerberos.htx\bacup val\val images\DSC04168.JPG (54,10 K/S -   831 037 bytes)
[01:09:18] - [30] MIRKO.POZEN: Début du Téléchargement de: D:\kerberos.htx\bacup val\val images\DSC04169.JPG
[01:09:32] - [31] MIRKO.POZEN: Fichier envoyé: D:\kerberos.htx\bacup val\val images\DSC04168_1.JPG (54,10 K/S -   831 037 bytes)
[01:09:33] - [31] MIRKO.POZEN: Début du Téléchargement de: D:\kerberos.htx\bacup val\val images\DSC04169_1.JPG
[01:09:34] - [30] MIRKO.POZEN: Fichier envoyé: D:\kerberos.htx\bacup val\val images\DSC04169.JPG (54,31 K/S -   834 224 bytes)
[01:09:34] - [30] MIRKO.POZEN: Début du Téléchargement de: D:\kerberos.htx\bacup val\val images\DSC04170_1.JPG
[01:09:48] - [31] MIRKO.POZEN: Fichier envoyé: D:\kerberos.htx\bacup val\val images\DSC04169_1.JPG (50,92 K/S -   834 224 bytes)
[01:09:48] - [31] MIRKO.POZEN: Début du Téléchargement de: D:\kerberos.htx\bacup val\val images\DSC04171.JPG
[01:09:49] - [30] MIRKO.POZEN: Fichier envoyé: D:\kerberos.htx\bacup val\val images\DSC04170_1.JPG (54,12 K/S -   831 240 bytes)
[01:09:49] - [30] MIRKO.POZEN: Début du Téléchargement de: D:\kerberos.htx\bacup val\val images\DSC04171_1.JPG
[01:10:04] - [31] MIRKO.POZEN: Fichier envoyé: D:\kerberos.htx\bacup val\val images\DSC04171.JPG (54,51 K/S -   837 224 bytes)
[01:10:04] - [31] MIRKO.POZEN: Début du Téléchargement de: D:\kerberos.htx\bacup val\val images\DSC04172_1.JPG
[01:10:05] - [30] MIRKO.POZEN: Fichier envoyé: D:\kerberos.htx\bacup val\val images\DSC04171_1.JPG (54,51 K/S -   837 224 bytes)
[01:10:05] - [30] MIRKO.POZEN: Début du Téléchargement de: D:\kerberos.htx\bacup val\val images\DSC04173_1.JPG
[01:10:20] - [31] MIRKO.POZEN: Fichier envoyé: D:\kerberos.htx\bacup val\val images\DSC04172_1.JPG (55,77 K/S -   856 638 bytes)
[01:10:20] - [31] MIRKO.POZEN: Début du Téléchargement de: D:\kerberos.htx\bacup val\val images\DSC04175_1.JPG
[01:10:21] - [30] MIRKO.POZEN: Fichier envoyé: D:\kerberos.htx\bacup val\val images\DSC04173_1.JPG (55,75 K/S -   856 359 bytes)
[01:10:21] - [30] MIRKO.POZEN: Début du Téléchargement de: D:\kerberos.htx\bacup val\val images\DSC04208_1.JPG
[01:10:35] - [31] MIRKO.POZEN: Fichier envoyé: D:\kerberos.htx\bacup val\val images\DSC04175_1.JPG (53,85 K/S -   827 155 bytes)
[01:10:35] - [31] MIRKO.POZEN: Début du Téléchargement de: D:\kerberos.htx\bacup val\val images\DSC04209.JPG
[01:10:35] - [30] MIRKO.POZEN: Fichier envoyé: D:\kerberos.htx\bacup val\val images\DSC04208_1.JPG (54,65 K/S -   783 487 bytes)
[01:10:36] - [30] MIRKO.POZEN: Début du Téléchargement de: D:\kerberos.htx\bacup val\val images\DSC04209_1.JPG
[01:10:50] - [31] MIRKO.POZEN: Fichier envoyé: D:\kerberos.htx\bacup val\val images\DSC04209.JPG (53,08 K/S -   815 314 bytes)
[01:10:51] - [31] MIRKO.POZEN: Début du Téléchargement de: D:\kerberos.htx\bacup val\val images\DSC04210.JPG
[01:10:51] - [30] MIRKO.POZEN: Fichier envoyé: D:\kerberos.htx\bacup val\val images\DSC04209_1.JPG (53,08 K/S -   815 314 bytes)
[01:10:51] - [30] MIRKO.POZEN: Début du Téléchargement de: D:\kerberos.htx\bacup val\val images\DSC04210_1.JPG
[01:11:06] - [30] MIRKO.POZEN: Fichier envoyé: D:\kerberos.htx\bacup val\val images\DSC04210_1.JPG (55,41 K/S -   851 075 bytes)
[01:11:06] - [31] MIRKO.POZEN: Fichier envoyé: D:\kerberos.htx\bacup val\val images\DSC04210.JPG (51,95 K/S -   851 075 bytes)
[01:11:07] - [30] MIRKO.POZEN: Début du Téléchargement de: D:\kerberos.htx\bacup val\val images\DSC04211_1.JPG
[01:11:07] - [31] MIRKO.POZEN: Début du Téléchargement de: D:\kerberos.htx\bacup val\val images\DSC04897.JPG
[01:11:23] - [30] MIRKO.POZEN: Fichier envoyé: D:\kerberos.htx\bacup val\val images\DSC04211_1.JPG (47,29 K/S -   823 145 bytes)
[01:11:24] - [30] MIRKO.POZEN: Début du Téléchargement de: D:\kerberos.htx\bacup val\val images\DSC04900_1.JPG
[01:11:30] - [31] MIRKO.POZEN: Fichier envoyé: D:\kerberos.htx\bacup val\val images\DSC04897.JPG (56,28 K/S -  1 383 114 bytes)
[01:11:30] - [31] MIRKO.POZEN: Début du Téléchargement de: D:\kerberos.htx\bacup val\val images\DSC04902.JPG
[01:11:48] - [30] MIRKO.POZEN: Fichier envoyé: D:\kerberos.htx\bacup val\val images\DSC04900_1.JPG (50,45 K/S -  1 291 606 bytes)
[01:11:49] - [30] MIRKO.POZEN: Début du Téléchargement de: D:\kerberos.htx\bacup val\val images\DSC04903.JPG
[01:11:55] - [31] MIRKO.POZEN: Fichier envoyé: D:\kerberos.htx\bacup val\val images\DSC04902.JPG (53,86 K/S -  1 323 774 bytes)
[01:11:55] - [31] MIRKO.POZEN: Début du Téléchargement de: D:\kerberos.htx\bacup val\val images\DSC04903_1.JPG
[01:12:14] - [30] MIRKO.POZEN: Fichier envoyé: D:\kerberos.htx\bacup val\val images\DSC04903.JPG (53,15 K/S -  1 360 561 bytes)
[01:12:14] - [30] MIRKO.POZEN: Début du Téléchargement de: D:\kerberos.htx\bacup val\val images\DSC04905_1.JPG
[01:12:20] - [31] MIRKO.POZEN: Fichier envoyé: D:\kerberos.htx\bacup val\val images\DSC04903_1.JPG (53,15 K/S -  1 360 561 bytes)
[01:12:20] - [31] MIRKO.POZEN: Début du Téléchargement de: D:\kerberos.htx\bacup val\val images\DSC04985.JPG
[01:12:42] - [30] MIRKO.POZEN: Fichier envoyé: D:\kerberos.htx\bacup val\val images\DSC04905_1.JPG (53,94 K/S -  1 491 234 bytes)
[01:12:42] - [30] MIRKO.POZEN: Début du Téléchargement de: D:\kerberos.htx\bacup val\val images\DSC04996.JPG
[01:12:47] - [31] MIRKO.POZEN: Fichier envoyé: D:\kerberos.htx\bacup val\val images\DSC04985.JPG (52,29 K/S -  1 445 691 bytes)
[01:12:47] - [31] MIRKO.POZEN: Début du Téléchargement de: D:\kerberos.htx\bacup val\val images\DSC04998.JPG
[01:13:10] - [30] MIRKO.POZEN: Fichier envoyé: D:\kerberos.htx\bacup val\val images\DSC04996.JPG (54,46 K/S -  1 505 648 bytes)
[01:13:10] - [30] MIRKO.POZEN: Début du Téléchargement de: D:\kerberos.htx\bacup val\val images\DSC05000.JPG
[01:13:13] - [31] MIRKO.POZEN: Fichier envoyé: D:\kerberos.htx\bacup val\val images\DSC04998.JPG (53,45 K/S -  1 368 265 bytes)
[01:13:13] - [31] MIRKO.POZEN: Début du Téléchargement de: D:\kerberos.htx\bacup val\val images\DSC05003.JPG
[01:13:37] - [30] MIRKO.POZEN: Fichier envoyé: D:\kerberos.htx\bacup val\val images\DSC05000.JPG (54,42 K/S -  1 448 885 bytes)
[01:13:37] - [30] MIRKO.POZEN: Début du Téléchargement de: D:\kerberos.htx\bacup val\val images\DSC05003_1.JPG
[01:13:38] - [31] MIRKO.POZEN: Fichier envoyé: D:\kerberos.htx\bacup val\val images\DSC05003.JPG (54,85 K/S -  1 348 111 bytes)
[01:13:38] - [31] MIRKO.POZEN: Début du Téléchargement de: D:\kerberos.htx\bacup val\val images\DSC05004.JPG
[01:14:01] - [30] MIRKO.POZEN: Fichier envoyé: D:\kerberos.htx\bacup val\val images\DSC05003_1.JPG (54,85 K/S -  1 348 111 bytes)
[01:14:01] - [30] MIRKO.POZEN: Début du Téléchargement de: D:\kerberos.htx\bacup val\val images\DSC05005.JPG
[01:14:05] - [31] MIRKO.POZEN: Fichier envoyé: D:\kerberos.htx\bacup val\val images\DSC05004.JPG (51,08 K/S -  1 412 123 bytes)
[01:14:05] - [31] MIRKO.POZEN: Début du Téléchargement de: D:\kerberos.htx\bacup val\val images\DSC05006.JPG
[01:14:28] - [30] MIRKO.POZEN: Fichier envoyé: D:\kerberos.htx\bacup val\val images\DSC05005.JPG (53,66 K/S -  1 428 523 bytes)
[01:14:28] - [30] MIRKO.POZEN: Début du Téléchargement de: D:\kerberos.htx\bacup val\val images\DSC05007.JPG
[01:14:29] - [31] MIRKO.POZEN: Fichier envoyé: D:\kerberos.htx\bacup val\val images\DSC05006.JPG (52,90 K/S -  1 300 140 bytes)
[01:14:30] - [31] MIRKO.POZEN: Début du Téléchargement de: D:\kerberos.htx\bacup val\val images\DSC05008.JPG
[01:14:53] - [30] MIRKO.POZEN: Fichier envoyé: D:\kerberos.htx\bacup val\val images\DSC05007.JPG (54,12 K/S -  1 385 552 bytes)
[01:14:54] - [30] MIRKO.POZEN: Début du Téléchargement de: D:\kerberos.htx\bacup val\val images\DSC05008_1.JPG
[01:14:58] - [31] MIRKO.POZEN: Fichier envoyé: D:\kerberos.htx\bacup val\val images\DSC05008.JPG (52,93 K/S -  1 517 746 bytes)
[01:14:58] - [31] MIRKO.POZEN: Début du Téléchargement de: D:\kerberos.htx\bacup val\val images\DSC05009.JPG
[01:15:22] - [30] MIRKO.POZEN: Fichier envoyé: D:\kerberos.htx\bacup val\val images\DSC05008_1.JPG (52,93 K/S -  1 517 746 bytes)
[01:15:22] - [30] MIRKO.POZEN: Début du Téléchargement de: D:\kerberos.htx\bacup val\val images\DSC05010.JPG
[01:15:24] - [31] MIRKO.POZEN: Fichier envoyé: D:\kerberos.htx\bacup val\val images\DSC05009.JPG (52,80 K/S -  1 405 671 bytes)
[01:15:24] - [31] MIRKO.POZEN: Début du Téléchargement de: D:\kerberos.htx\bacup val\val images\DSC05010_1.JPG
[01:15:48] - [30] MIRKO.POZEN: Fichier envoyé: D:\kerberos.htx\bacup val\val images\DSC05010.JPG (52,95 K/S -  1 409 873 bytes)
[01:15:48] - [30] MIRKO.POZEN: Début du Téléchargement de: D:\kerberos.htx\bacup val\val images\DSC05011.JPG
[01:15:50] - [31] MIRKO.POZEN: Fichier envoyé: D:\kerberos.htx\bacup val\val images\DSC05010_1.JPG (52,95 K/S -  1 409 873 bytes)
[01:15:51] - [31] MIRKO.POZEN: Début du Téléchargement de: D:\kerberos.htx\bacup val\val images\DSC05012.JPG
[01:16:15] - [30] MIRKO.POZEN: Fichier envoyé: D:\kerberos.htx\bacup val\val images\DSC05011.JPG (52,54 K/S -  1 452 621 bytes)
[01:16:16] - [30] MIRKO.POZEN: Début du Téléchargement de: D:\kerberos.htx\bacup val\val images\DSC05013.JPG
[01:16:17] - [31] MIRKO.POZEN: Fichier envoyé: D:\kerberos.htx\bacup val\val images\DSC05012.JPG (52,72 K/S -  1 457 610 bytes)
[01:16:18] - [31] MIRKO.POZEN: Début du Téléchargement de: D:\kerberos.htx\bacup val\val images\DSC05014.JPG
[01:16:42] - [30] MIRKO.POZEN: Fichier envoyé: D:\kerberos.htx\bacup val\val images\DSC05013.JPG (52,91 K/S -  1 408 703 bytes)
[01:16:42] - [30] MIRKO.POZEN: Début du Téléchargement de: D:\kerberos.htx\bacup val\val images\DSC05015.JPG
[01:16:42] - [31] MIRKO.POZEN: Fichier envoyé: D:\kerberos.htx\bacup val\val images\DSC05014.JPG (54,00 K/S -  1 327 088 bytes)
[01:16:43] - [31] MIRKO.POZEN: Début du Téléchargement de: D:\kerberos.htx\bacup val\val images\DSC05015_1.JPG
[01:17:09] - [30] MIRKO.POZEN: Fichier envoyé: D:\kerberos.htx\bacup val\val images\DSC05015.JPG (53,08 K/S -  1 467 448 bytes)
[01:17:09] - [30] MIRKO.POZEN: Début du Téléchargement de: D:\kerberos.htx\bacup val\val images\DSC05018.JPG
[01:17:10] - [31] MIRKO.POZEN: Fichier envoyé: D:\kerberos.htx\bacup val\val images\DSC05015_1.JPG (53,08 K/S -  1 467 448 bytes)
[01:17:10] - [31] MIRKO.POZEN: Début du Téléchargement de: D:\kerberos.htx\bacup val\val images\DSC05019.JPG
[01:17:37] - [30] MIRKO.POZEN: Fichier envoyé: D:\kerberos.htx\bacup val\val images\DSC05018.JPG (53,46 K/S -  1 478 005 bytes)
[01:17:37] - [30] MIRKO.POZEN: Début du Téléchargement de: D:\kerberos.htx\bacup val\val images\DSC05019_1.JPG
[01:17:37] - [31] MIRKO.POZEN: Fichier envoyé: D:\kerberos.htx\bacup val\val images\DSC05019.JPG (53,72 K/S -  1 485 233 bytes)
[01:17:38] - [31] MIRKO.POZEN: Début du Téléchargement de: D:\kerberos.htx\bacup val\val images\DSC05020.JPG
[01:18:00] - [31] MIRKO.POZEN: Fichier envoyé: D:\kerberos.htx\bacup val\val images\DSC05020.JPG (52,76 K/S -  1 188 647 bytes)
[01:18:00] - [31] MIRKO.POZEN: Début du Téléchargement de: D:\kerberos.htx\bacup val\val images\DSC05020_1.JPG
[01:18:04] - [30] MIRKO.POZEN: Fichier envoyé: D:\kerberos.htx\bacup val\val images\DSC05019_1.JPG (53,72 K/S -  1 485 233 bytes)
[01:18:04] - [30] MIRKO.POZEN: Début du Téléchargement de: D:\kerberos.htx\bacup val\val images\DSC05021.JPG
[01:18:22] - [31] MIRKO.POZEN: Fichier envoyé: D:\kerberos.htx\bacup val\val images\DSC05020_1.JPG (52,76 K/S -  1 188 647 bytes)
[01:18:22] - [31] MIRKO.POZEN: Début du Téléchargement de: D:\kerberos.htx\bacup val\val images\DSC05023.JPG
[01:18:33] - [30] MIRKO.POZEN: Fichier envoyé: D:\kerberos.htx\bacup val\val images\DSC05021.JPG (53,12 K/S -  1 522 992 bytes)
[01:18:33] - [30] MIRKO.POZEN: Début du Téléchargement de: D:\kerberos.htx\bacup val\val images\DSC05024.JPG
[01:18:49] - [31] MIRKO.POZEN: Fichier envoyé: D:\kerberos.htx\bacup val\val images\DSC05023.JPG (52,26 K/S -  1 444 867 bytes)
[01:18:49] - [31] MIRKO.POZEN: Début du Téléchargement de: D:\kerberos.htx\bacup val\val images\DSC05025.JPG
[01:18:59] - [30] MIRKO.POZEN: Fichier envoyé: D:\kerberos.htx\bacup val\val images\DSC05024.JPG (54,92 K/S -  1 405 870 bytes)
[01:18:59] - [30] MIRKO.POZEN: Début du Téléchargement de: D:\kerberos.htx\bacup val\val images\DSC05026.JPG
[01:19:15] - [31] MIRKO.POZEN: Fichier envoyé: D:\kerberos.htx\bacup val\val images\DSC05025.JPG (56,49 K/S -  1 503 932 bytes)
[01:19:16] - [31] MIRKO.POZEN: Début du Téléchargement de: D:\kerberos.htx\bacup val\val images\DSC05029.JPG
[01:19:28] - [30] MIRKO.POZEN: Fichier envoyé: D:\kerberos.htx\bacup val\val images\DSC05026.JPG (49,81 K/S -  1 479 198 bytes)
[01:19:28] - [30] MIRKO.POZEN: Début du Téléchargement de: D:\kerberos.htx\bacup val\val images\DSC05029_1.JPG
[01:19:43] - [31] MIRKO.POZEN: Fichier envoyé: D:\kerberos.htx\bacup val\val images\DSC05029.JPG (52,51 K/S -  1 505 706 bytes)
[01:19:44] - [31] MIRKO.POZEN: Début du Téléchargement de: D:\kerberos.htx\bacup val\val images\DSC05030.JPG
[01:19:56] - [30] MIRKO.POZEN: Fichier envoyé: D:\kerberos.htx\bacup val\val images\DSC05029_1.JPG (52,51 K/S -  1 505 706 bytes)
[01:19:57] - [30] MIRKO.POZEN: Début du Téléchargement de: D:\kerberos.htx\bacup val\val images\DSC05031.JPG
[01:20:11] - [31] MIRKO.POZEN: Fichier envoyé: D:\kerberos.htx\bacup val\val images\DSC05030.JPG (54,04 K/S -  1 494 148 bytes)
[01:20:12] - [31] MIRKO.POZEN: Début du Téléchargement de: D:\kerberos.htx\bacup val\val images\DSC05032.JPG
[01:20:23] - [30] MIRKO.POZEN: Fichier envoyé: D:\kerberos.htx\bacup val\val images\DSC05031.JPG (51,78 K/S -  1 431 683 bytes)
[01:20:24] - [30] MIRKO.POZEN: Début du Téléchargement de: D:\kerberos.htx\bacup val\val images\DSC05033.JPG
[01:20:36] - [31] MIRKO.POZEN: Fichier envoyé: D:\kerberos.htx\bacup val\val images\DSC05032.JPG (55,82 K/S -  1 428 864 bytes)
[01:20:37] - [31] MIRKO.POZEN: Début du Téléchargement de: D:\kerberos.htx\bacup val\val images\DSC05034.JPG
[01:20:50] - [30] MIRKO.POZEN: Fichier envoyé: D:\kerberos.htx\bacup val\val images\DSC05033.JPG (49,59 K/S -  1 320 217 bytes)
[01:20:50] - [30] MIRKO.POZEN: Début du Téléchargement de: D:\kerberos.htx\bacup val\val images\DSC05035.JPG
[01:21:02] - [31] MIRKO.POZEN: Fichier envoyé: D:\kerberos.htx\bacup val\val images\DSC05034.JPG (51,48 K/S -  1 370 567 bytes)
[01:21:02] - [31] MIRKO.POZEN: Début du Téléchargement de: D:\kerberos.htx\bacup val\val images\DSC05036.JPG
[01:21:14] - [30] MIRKO.POZEN: Fichier envoyé: D:\kerberos.htx\bacup val\val images\DSC05035.JPG (57,89 K/S -  1 422 799 bytes)
[01:21:15] - [30] MIRKO.POZEN: Début du Téléchargement de: D:\kerberos.htx\bacup val\val images\DSC05040.JPG
[01:21:30] - [31] MIRKO.POZEN: Fichier envoyé: D:\kerberos.htx\bacup val\val images\DSC05036.JPG (48,75 K/S -  1 397 746 bytes)
[01:21:30] - [31] MIRKO.POZEN: Début du Téléchargement de: D:\kerberos.htx\bacup val\val images\DSC05041.JPG
[01:21:41] - [30] MIRKO.POZEN: Fichier envoyé: D:\kerberos.htx\bacup val\val images\DSC05040.JPG (52,36 K/S -  1 447 627 bytes)
[01:21:42] - [30] MIRKO.POZEN: Début du Téléchargement de: D:\kerberos.htx\bacup val\val images\DSC05104_1.JPG
[01:21:57] - [31] MIRKO.POZEN: Fichier envoyé: D:\kerberos.htx\bacup val\val images\DSC05041.JPG (52,64 K/S -  1 455 513 bytes)
[01:21:57] - [31] MIRKO.POZEN: Début du Téléchargement de: D:\kerberos.htx\bacup val\val images\DSC05105.JPG
[01:22:08] - [30] MIRKO.POZEN: Fichier envoyé: D:\kerberos.htx\bacup val\val images\DSC05104_1.JPG (52,20 K/S -  1 443 117 bytes)
[01:22:09] - [30] MIRKO.POZEN: Début du Téléchargement de: D:\kerberos.htx\bacup val\val images\DSC05106.JPG
[01:22:22] - [31] MIRKO.POZEN: Fichier envoyé: D:\kerberos.htx\bacup val\val images\DSC05105.JPG (52,29 K/S -  1 338 669 bytes)
[01:22:22] - [31] MIRKO.POZEN: Début du Téléchargement de: D:\kerberos.htx\bacup val\val images\DSC05107_1.JPG
[01:22:35] - [30] MIRKO.POZEN: Fichier envoyé: D:\kerberos.htx\bacup val\val images\DSC05106.JPG (52,12 K/S -  1 441 099 bytes)
[01:22:35] - [30] MIRKO.POZEN: Début du Téléchargement de: D:\kerberos.htx\bacup val\val images\DSC05137.JPG
[01:22:47] - [31] MIRKO.POZEN: Fichier envoyé: D:\kerberos.htx\bacup val\val images\DSC05107_1.JPG (52,66 K/S -  1 348 121 bytes)
[01:22:47] - [31] MIRKO.POZEN: Début du Téléchargement de: D:\kerberos.htx\bacup val\val images\DSC05138.JPG
[01:23:02] - [30] MIRKO.POZEN: Fichier envoyé: D:\kerberos.htx\bacup val\val images\DSC05137.JPG (53,38 K/S -  1 421 135 bytes)
[01:23:02] - [30] MIRKO.POZEN: Début du Téléchargement de: D:\kerberos.htx\bacup val\val images\DSC05139_1.JPG
[01:23:12] - [31] MIRKO.POZEN: Fichier envoyé: D:\kerberos.htx\bacup val\val images\DSC05138.JPG (52,18 K/S -  1 335 875 bytes)
[01:23:12] - [31] MIRKO.POZEN: Début du Téléchargement de: D:\kerberos.htx\bacup val\val images\DSC05358.JPG
[01:23:27] - [30] MIRKO.POZEN: Fichier envoyé: D:\kerberos.htx\bacup val\val images\DSC05139_1.JPG (52,79 K/S -  1 351 371 bytes)
[01:23:27] - [30] MIRKO.POZEN: Début du Téléchargement de: D:\kerberos.htx\bacup val\val images\FB Mail 003.jpg
[01:23:28] - [30] MIRKO.POZEN: Fichier envoyé: D:\kerberos.htx\bacup val\val images\FB Mail 003.jpg (29,38 K/S -   30 080 bytes)
[01:23:28] - [30] MIRKO.POZEN: Début du Téléchargement de: D:\kerberos.htx\bacup val\val images\FB001.jpg
[01:23:33] - [31] MIRKO.POZEN: Fichier envoyé: D:\kerberos.htx\bacup val\val images\DSC05358.JPG (54,21 K/S -  1 165 777 bytes)
[01:23:34] - [31] MIRKO.POZEN: Début du Téléchargement de: D:\kerberos.htx\bacup val\val images\FB001a_1.jpg
[01:23:35] - [31] MIRKO.POZEN: Fichier envoyé: D:\kerberos.htx\bacup val\val images\FB001a_1.jpg (28,41 K/S -   58 184 bytes)
[01:23:35] - [31] MIRKO.POZEN: Début du Téléchargement de: D:\kerberos.htx\bacup val\val images\FB001b.jpg
[01:23:37] - [31] MIRKO.POZEN: Fichier envoyé: D:\kerberos.htx\bacup val\val images\FB001b.jpg (54,22 K/S -   111 036 bytes)
[01:23:37] - [31] MIRKO.POZEN: Début du Téléchargement de: D:\kerberos.htx\bacup val\val images\FB001_1.jpg
[01:23:55] - [30] MIRKO.POZEN: Fichier envoyé: D:\kerberos.htx\bacup val\val images\FB001.jpg (53,14 K/S -  1 469 122 bytes)
[01:23:55] - [30] MIRKO.POZEN: Début du Téléchargement de: D:\kerberos.htx\bacup val\val images\FB002.jpg
[01:24:05] - [31] MIRKO.POZEN: Fichier envoyé: D:\kerberos.htx\bacup val\val images\FB001_1.jpg (53,14 K/S -  1 469 122 bytes)
[01:24:05] - [31] MIRKO.POZEN: Début du Téléchargement de: D:\kerberos.htx\bacup val\val images\FB002a.jpg
[01:24:06] - [31] MIRKO.POZEN: Fichier envoyé: D:\kerberos.htx\bacup val\val images\FB002a.jpg (75,13 K/S -   76 931 bytes)
[01:24:06] - [31] MIRKO.POZEN: Début du Téléchargement de: D:\kerberos.htx\bacup val\val images\FB003.jpg
[01:24:08] - [31] MIRKO.POZEN: Fichier envoyé: D:\kerberos.htx\bacup val\val images\FB003.jpg (58,18 K/S -   59 576 bytes)
[01:24:08] - [31] MIRKO.POZEN: Début du Téléchargement de: D:\kerberos.htx\bacup val\val images\FB004.jpg
[01:24:10] - [31] MIRKO.POZEN: Fichier envoyé: D:\kerberos.htx\bacup val\val images\FB004.jpg (94,51 K/S -   96 776 bytes)
[01:24:10] - [31] MIRKO.POZEN: Début du Téléchargement de: D:\kerberos.htx\bacup val\val images\FB004_1.jpg
[01:24:12] - [31] MIRKO.POZEN: Fichier envoyé: D:\kerberos.htx\bacup val\val images\FB004_1.jpg (94,51 K/S -   96 776 bytes)
[01:24:12] - [31] MIRKO.POZEN: Début du Téléchargement de: D:\kerberos.htx\bacup val\val images\Froid en Négatif.jpg
[01:24:13] - [31] MIRKO.POZEN: Fichier envoyé: D:\kerberos.htx\bacup val\val images\Froid en Négatif.jpg (59,73 K/S -   61 165 bytes)
[01:24:13] - [31] MIRKO.POZEN: Début du Téléchargement de: D:\kerberos.htx\bacup val\val images\Gardon 2011 12 10 001.jpg
[01:24:15] - [31] MIRKO.POZEN: Fichier envoyé: D:\kerberos.htx\bacup val\val images\Gardon 2011 12 10 001.jpg (35,06 K/S -   71 804 bytes)
[01:24:15] - [31] MIRKO.POZEN: Début du Téléchargement de: D:\kerberos.htx\bacup val\val images\Gardon 2011 12 10 001_1.jpg
[01:24:15] - [30] MIRKO.POZEN: Fichier envoyé: D:\kerberos.htx\bacup val\val images\FB002.jpg (57,19 K/S -  1 171 352 bytes)
[01:24:15] - [30] MIRKO.POZEN: Début du Téléchargement de: D:\kerberos.htx\bacup val\val images\Gardon 2011 12 10 002.jpg
[01:24:16] - [31] MIRKO.POZEN: Fichier envoyé: D:\kerberos.htx\bacup val\val images\Gardon 2011 12 10 001_1.jpg (70,12 K/S -   71 804 bytes)
[01:24:17] - [31] MIRKO.POZEN: Début du Téléchargement de: D:\kerberos.htx\bacup val\val images\Gardon 2011 12 10 003.jpg
[01:24:17] - [30] MIRKO.POZEN: Fichier envoyé: D:\kerberos.htx\bacup val\val images\Gardon 2011 12 10 002.jpg (43,85 K/S -   89 800 bytes)
[01:24:17] - [30] MIRKO.POZEN: Début du Téléchargement de: D:\kerberos.htx\bacup val\val images\Gardon 2011 12 10 004.jpg
[01:24:17] - [31] MIRKO.POZEN: Fichier envoyé: D:\kerberos.htx\bacup val\val images\Gardon 2011 12 10 003.jpg (60,23 K/S -   61 672 bytes)
[01:24:18] - [31] MIRKO.POZEN: Début du Téléchargement de: D:\kerberos.htx\bacup val\val images\Gardon 2011 12 10 005.jpg
[01:24:18] - [30] MIRKO.POZEN: Fichier envoyé: D:\kerberos.htx\bacup val\val images\Gardon 2011 12 10 004.jpg (66,59 K/S -   68 184 bytes)
[01:24:19] - [30] MIRKO.POZEN: Début du Téléchargement de: D:\kerberos.htx\bacup val\val images\Gardon 2011 12 10 006.jpg
[01:24:19] - [31] MIRKO.POZEN: Fichier envoyé: D:\kerberos.htx\bacup val\val images\Gardon 2011 12 10 005.jpg (66,90 K/S -   68 506 bytes)
[01:24:19] - [31] MIRKO.POZEN: Début du Téléchargement de: D:\kerberos.htx\bacup val\val images\Gardon 2011 12 10 006bis.jpg
[01:24:19] - [30] MIRKO.POZEN: Fichier envoyé: D:\kerberos.htx\bacup val\val images\Gardon 2011 12 10 006.jpg (52,05 K/S -   53 301 bytes)
[01:24:20] - [30] MIRKO.POZEN: Début du Téléchargement de: D:\kerberos.htx\bacup val\val images\Gardon 2011 12 10 006ter.jpg
[01:24:20] - [31] MIRKO.POZEN: Fichier envoyé: D:\kerberos.htx\bacup val\val images\Gardon 2011 12 10 006bis.jpg (63,24 K/S -   64 759 bytes)
[01:24:20] - [31] MIRKO.POZEN: Début du Téléchargement de: D:\kerberos.htx\bacup val\val images\Gardon 2011 12 10 006ter_1.jpg
[01:24:20] - [30] MIRKO.POZEN: Fichier envoyé: D:\kerberos.htx\bacup val\val images\Gardon 2011 12 10 006ter.jpg (60,81 K/S -   62 272 bytes)
[01:24:21] - [30] MIRKO.POZEN: Début du Téléchargement de: D:\kerberos.htx\bacup val\val images\Gardon 2012 02 15.jpg
[01:24:21] - [31] MIRKO.POZEN: Fichier envoyé: D:\kerberos.htx\bacup val\val images\Gardon 2011 12 10 006ter_1.jpg (60,81 K/S -   62 272 bytes)
[01:24:21] - [31] MIRKO.POZEN: Début du Téléchargement de: D:\kerberos.htx\bacup val\val images\Gite VB_1.jpg
[01:24:23] - [31] MIRKO.POZEN: Fichier envoyé: D:\kerberos.htx\bacup val\val images\Gite VB_1.jpg (41,02 K/S -   84 004 bytes)
[01:24:23] - [31] MIRKO.POZEN: Début du Téléchargement de: D:\kerberos.htx\bacup val\val images\Io 2012 10 21 003.jpg
[01:24:24] - [30] MIRKO.POZEN: Fichier envoyé: D:\kerberos.htx\bacup val\val images\Gardon 2012 02 15.jpg (62,97 K/S -   193 443 bytes)
[01:24:24] - [31] MIRKO.POZEN: Fichier envoyé: D:\kerberos.htx\bacup val\val images\Io 2012 10 21 003.jpg (61,83 K/S -   63 318 bytes)
[01:24:24] - [30] MIRKO.POZEN: Début du Téléchargement de: D:\kerberos.htx\bacup val\val images\Jour de Pluie_1.jpg
[01:24:24] - [31] MIRKO.POZEN: Début du Téléchargement de: D:\kerberos.htx\bacup val\val images\L'ennui_1.jpg
[01:24:25] - [30] MIRKO.POZEN: Fichier envoyé: D:\kerberos.htx\bacup val\val images\Jour de Pluie_1.jpg (84,71 K/S -   86 742 bytes)
[01:24:26] - [30] MIRKO.POZEN: Début du Téléchargement de: D:\kerberos.htx\bacup val\val images\Oeil 0001_1.jpg
[01:24:26] - [31] MIRKO.POZEN: Fichier envoyé: D:\kerberos.htx\bacup val\val images\L'ennui_1.jpg (46,83 K/S -   95 918 bytes)
[01:24:26] - [31] MIRKO.POZEN: Début du Téléchargement de: D:\kerberos.htx\bacup val\val images\P1010829_1.JPG
[01:24:26] - [30] MIRKO.POZEN: Fichier envoyé: D:\kerberos.htx\bacup val\val images\Oeil 0001_1.jpg (32,55 K/S -   33 331 bytes)
[01:24:26] - [30] MIRKO.POZEN: Début du Téléchargement de: D:\kerberos.htx\bacup val\val images\P1010835_1.JPG
[01:25:01] - [30] MIRKO.POZEN: Fichier envoyé: D:\kerberos.htx\bacup val\val images\P1010835_1.JPG (52,00 K/S -  1 863 762 bytes)
[01:25:01] - [30] MIRKO.POZEN: Début du Téléchargement de: D:\kerberos.htx\bacup val\val images\P1010852.JPG
[01:25:01] - [31] MIRKO.POZEN: Fichier envoyé: D:\kerberos.htx\bacup val\val images\P1010829_1.JPG (53,69 K/S -  1 924 133 bytes)
[01:25:02] - [31] MIRKO.POZEN: Début du Téléchargement de: D:\kerberos.htx\bacup val\val images\P1010855.JPG
[01:25:37] - [30] MIRKO.POZEN: Fichier envoyé: D:\kerberos.htx\bacup val\val images\P1010852.JPG (52,87 K/S -  1 894 792 bytes)
[01:25:37] - [30] MIRKO.POZEN: Début du Téléchargement de: D:\kerberos.htx\bacup val\val images\P1020171.JPG
[01:25:43] - [31] MIRKO.POZEN: Fichier envoyé: D:\kerberos.htx\bacup val\val images\P1010855.JPG (53,15 K/S -  2 231 535 bytes)
[01:25:43] - [31] MIRKO.POZEN: Début du Téléchargement de: D:\kerberos.htx\bacup val\val images\P1020933.JPG
[01:26:12] - [30] MIRKO.POZEN: Fichier envoyé: D:\kerberos.htx\bacup val\val images\P1020171.JPG (53,18 K/S -  1 905 874 bytes)
[01:26:12] - [30] MIRKO.POZEN: Début du Téléchargement de: D:\kerberos.htx\bacup val\val images\P1020934_1.JPG
[01:26:22] - [31] MIRKO.POZEN: Fichier envoyé: D:\kerberos.htx\bacup val\val images\P1020933.JPG (53,11 K/S -  2 066 555 bytes)
[01:26:22] - [31] MIRKO.POZEN: Début du Téléchargement de: D:\kerberos.htx\bacup val\val images\P1020935.JPG
[01:26:52] - [30] MIRKO.POZEN: Fichier envoyé: D:\kerberos.htx\bacup val\val images\P1020934_1.JPG (52,43 K/S -  2 147 346 bytes)
[01:26:53] - [30] MIRKO.POZEN: Début du Téléchargement de: D:\kerberos.htx\bacup val\val images\P1020936.JPG
[01:27:00] - [31] MIRKO.POZEN: Fichier envoyé: D:\kerberos.htx\bacup val\val images\P1020935.JPG (53,35 K/S -  2 076 113 bytes)
[01:27:01] - [31] MIRKO.POZEN: Début du Téléchargement de: D:\kerberos.htx\bacup val\val images\P1020937.JPG
[01:27:31] - [30] MIRKO.POZEN: Fichier envoyé: D:\kerberos.htx\bacup val\val images\P1020936.JPG (52,04 K/S -  2 078 215 bytes)
[01:27:31] - [30] MIRKO.POZEN: Début du Téléchargement de: D:\kerberos.htx\bacup val\val images\P1020938_1.JPG
[01:27:41] - [31] MIRKO.POZEN: Fichier envoyé: D:\kerberos.htx\bacup val\val images\P1020937.JPG (51,67 K/S -  2 169 419 bytes)
[01:27:41] - [31] MIRKO.POZEN: Début du Téléchargement de: D:\kerberos.htx\bacup val\val images\P1020939.JPG
[01:28:04] - [30] MIRKO.POZEN: Fichier envoyé: D:\kerberos.htx\bacup val\val images\P1020938_1.JPG (52,32 K/S -  1 768 048 bytes)
[01:28:04] - [30] MIRKO.POZEN: Début du Téléchargement de: D:\kerberos.htx\bacup val\val images\P1020941.JPG
[01:28:20] - [31] MIRKO.POZEN: Fichier envoyé: D:\kerberos.htx\bacup val\val images\P1020939.JPG (52,10 K/S -  2 080 489 bytes)
[01:28:20] - [31] MIRKO.POZEN: Début du Téléchargement de: D:\kerberos.htx\bacup val\val images\P1020942.JPG
[01:29:01] - [30] MIRKO.POZEN: Fichier envoyé: D:\kerberos.htx\bacup val\val images\P1020941.JPG (52,31 K/S -  3 053 105 bytes)
[01:29:01] - [30] MIRKO.POZEN: Début du Téléchargement de: D:\kerberos.htx\bacup val\val images\P1020943.JPG
[01:29:17] - [31] MIRKO.POZEN: Fichier envoyé: D:\kerberos.htx\bacup val\val images\P1020942.JPG (52,94 K/S -  3 090 011 bytes)
[01:29:18] - [31] MIRKO.POZEN: Début du Téléchargement de: D:\kerberos.htx\bacup val\val images\P1020944.JPG
[01:29:47] - [30] MIRKO.POZEN: Fichier envoyé: D:\kerberos.htx\bacup val\val images\P1020943.JPG (53,04 K/S -  2 444 046 bytes)
[01:29:47] - [30] MIRKO.POZEN: Début du Téléchargement de: D:\kerberos.htx\bacup val\val images\P1020945.JPG
[01:30:16] - [31] MIRKO.POZEN: Fichier envoyé: D:\kerberos.htx\bacup val\val images\P1020944.JPG (52,53 K/S -  3 119 666 bytes)
[01:30:16] - [31] MIRKO.POZEN: Début du Téléchargement de: D:\kerberos.htx\bacup val\val images\P1020946.JPG
[01:30:44] - [30] MIRKO.POZEN: Fichier envoyé: D:\kerberos.htx\bacup val\val images\P1020945.JPG (53,14 K/S -  3 101 944 bytes)
[01:30:45] - [30] MIRKO.POZEN: Début du Téléchargement de: D:\kerberos.htx\bacup val\val images\P1020947.JPG
[01:31:02] - [31] MIRKO.POZEN: Fichier envoyé: D:\kerberos.htx\bacup val\val images\P1020946.JPG (53,16 K/S -  2 449 568 bytes)
[01:31:02] - [31] MIRKO.POZEN: Début du Téléchargement de: D:\kerberos.htx\bacup val\val images\P1020948.JPG
[01:31:29] - [30] MIRKO.POZEN: Fichier envoyé: D:\kerberos.htx\bacup val\val images\P1020947.JPG (53,45 K/S -  2 408 325 bytes)
[01:31:30] - [30] MIRKO.POZEN: Début du Téléchargement de: D:\kerberos.htx\bacup val\val images\P1030165.JPG
[01:31:59] - [31] MIRKO.POZEN: Fichier envoyé: D:\kerberos.htx\bacup val\val images\P1020948.JPG (53,41 K/S -  3 062 594 bytes)
[01:31:59] - [31] MIRKO.POZEN: Début du Téléchargement de: D:\kerberos.htx\bacup val\val images\P1030167.JPG
[01:32:09] - [30] MIRKO.POZEN: Fichier envoyé: D:\kerberos.htx\bacup val\val images\P1030165.JPG (51,65 K/S -  2 115 686 bytes)
[01:32:09] - [30] MIRKO.POZEN: Début du Téléchargement de: D:\kerberos.htx\bacup val\val images\P1030230.JPG
[01:32:37] - [31] MIRKO.POZEN: Fichier envoyé: D:\kerberos.htx\bacup val\val images\P1030167.JPG (52,67 K/S -  2 049 645 bytes)
[01:32:37] - [31] MIRKO.POZEN: Début du Téléchargement de: D:\kerberos.htx\bacup val\val images\P1030231.JPG
[01:32:44] - [30] MIRKO.POZEN: Fichier envoyé: D:\kerberos.htx\bacup val\val images\P1030230.JPG (53,55 K/S -  1 864 450 bytes)
[01:32:44] - [30] MIRKO.POZEN: Début du Téléchargement de: D:\kerberos.htx\bacup val\val images\P1030235.JPG
[01:33:11] - [31] MIRKO.POZEN: Fichier envoyé: D:\kerberos.htx\bacup val\val images\P1030231.JPG (52,30 K/S -  1 820 767 bytes)
[01:33:11] - [31] MIRKO.POZEN: Début du Téléchargement de: D:\kerberos.htx\bacup val\val images\P1040295.JPG
[01:33:18] - [30] MIRKO.POZEN: Fichier envoyé: D:\kerberos.htx\bacup val\val images\P1030235.JPG (53,64 K/S -  1 812 493 bytes)
[01:33:18] - [30] MIRKO.POZEN: Début du Téléchargement de: D:\kerberos.htx\bacup val\val images\Photo de moi 1 bis 001.jpg
[01:33:19] - [30] MIRKO.POZEN: Fichier envoyé: D:\kerberos.htx\bacup val\val images\Photo de moi 1 bis 001.jpg (67,35 K/S -   68 966 bytes)
[01:33:19] - [30] MIRKO.POZEN: Début du Téléchargement de: D:\kerberos.htx\bacup val\val images\Photo de moi 1 bis 002.jpg
[01:33:20] - [30] MIRKO.POZEN: Fichier envoyé: D:\kerberos.htx\bacup val\val images\Photo de moi 1 bis 002.jpg (51,67 K/S -   52 908 bytes)
[01:33:21] - [30] MIRKO.POZEN: Début du Téléchargement de: D:\kerberos.htx\bacup val\val images\Photo de moi 1 bis 003_1.jpg
[01:33:22] - [30] MIRKO.POZEN: Fichier envoyé: D:\kerberos.htx\bacup val\val images\Photo de moi 1 bis 003_1.jpg (32,91 K/S -   67 401 bytes)
[01:33:22] - [30] MIRKO.POZEN: Début du Téléchargement de: D:\kerberos.htx\bacup val\val images\Photo de moi 1 bis 004.jpg
[01:33:23] - [30] MIRKO.POZEN: Fichier envoyé: D:\kerberos.htx\bacup val\val images\Photo de moi 1 bis 004.jpg (45,42 K/S -   46 509 bytes)
[01:33:23] - [30] MIRKO.POZEN: Début du Téléchargement de: D:\kerberos.htx\bacup val\val images\Photo de moi 1.jpg
[01:33:26] - [30] MIRKO.POZEN: Fichier envoyé: D:\kerberos.htx\bacup val\val images\Photo de moi 1.jpg (63,80 K/S -   130 669 bytes)
[01:33:26] - [30] MIRKO.POZEN: Début du Téléchargement de: D:\kerberos.htx\bacup val\val images\Photo de moi 1bis (1).png
[01:33:32] - [30] MIRKO.POZEN: Fichier envoyé: D:\kerberos.htx\bacup val\val images\Photo de moi 1bis (1).png (60,07 K/S -   307 538 bytes)
[01:33:32] - [30] MIRKO.POZEN: Début du Téléchargement de: D:\kerberos.htx\bacup val\val images\Photo de moi 1bis (2).png
[01:33:37] - [30] MIRKO.POZEN: Fichier envoyé: D:\kerberos.htx\bacup val\val images\Photo de moi 1bis (2).png (54,72 K/S -   280 148 bytes)
[01:33:38] - [30] MIRKO.POZEN: Début du Téléchargement de: D:\kerberos.htx\bacup val\val images\Photo de moi 1_1.png
[01:33:42] - [31] MIRKO.POZEN: Fichier envoyé: D:\kerberos.htx\bacup val\val images\P1040295.JPG (56,18 K/S -  1 783 442 bytes)
[01:33:43] - [31] MIRKO.POZEN: Début du Téléchargement de: D:\kerberos.htx\bacup val\val images\Photo de moi 2 001.jpg
[01:33:43] - [30] MIRKO.POZEN: Fichier envoyé: D:\kerberos.htx\bacup val\val images\Photo de moi 1_1.png (50,82 K/S -   312 253 bytes)
[01:33:43] - [30] MIRKO.POZEN: Début du Téléchargement de: D:\kerberos.htx\bacup val\val images\Photo de moi 3_1.png
[01:33:44] - [31] MIRKO.POZEN: Fichier envoyé: D:\kerberos.htx\bacup val\val images\Photo de moi 2 001.jpg (70,18 K/S -   71 865 bytes)
[01:33:44] - [31] MIRKO.POZEN: Début du Téléchargement de: D:\kerberos.htx\bacup val\val images\Photo de moi 4 002.jpg
[01:33:46] - [31] MIRKO.POZEN: Fichier envoyé: D:\kerberos.htx\bacup val\val images\Photo de moi 4 002.jpg (50,32 K/S -   103 046 bytes)
[01:33:46] - [31] MIRKO.POZEN: Début du Téléchargement de: D:\kerberos.htx\bacup val\val images\Photo de moi 4 003_1.jpg
[01:33:48] - [30] MIRKO.POZEN: Fichier envoyé: D:\kerberos.htx\bacup val\val images\Photo de moi 3_1.png (54,72 K/S -   280 148 bytes)
[01:33:48] - [30] MIRKO.POZEN: Début du Téléchargement de: D:\kerberos.htx\bacup val\val images\Photo de moi 4 004.jpg
[01:33:49] - [31] MIRKO.POZEN: Fichier envoyé: D:\kerberos.htx\bacup val\val images\Photo de moi 4 003_1.jpg (47,94 K/S -   147 270 bytes)
[01:33:49] - [31] MIRKO.POZEN: Début du Téléchargement de: D:\kerberos.htx\bacup val\val images\Photo de moi 4 005 coutours plus nets contrastes et niveaux automatiques 003_1.jpg
[01:33:50] - [30] MIRKO.POZEN: Fichier envoyé: D:\kerberos.htx\bacup val\val images\Photo de moi 4 004.jpg (48,88 K/S -   100 100 bytes)
[01:33:50] - [30] MIRKO.POZEN: Début du Téléchargement de: D:\kerberos.htx\bacup val\val images\Photo de moi 4 005 coutours plus nets_1.jpg
[01:33:51] - [31] MIRKO.POZEN: Fichier envoyé: D:\kerberos.htx\bacup val\val images\Photo de moi 4 005 coutours plus nets contrastes et niveaux automatiques 003_1.jpg (57,87 K/S -   118 523 bytes)
[01:33:51] - [31] MIRKO.POZEN: Début du Téléchargement de: D:\kerberos.htx\bacup val\val images\Photo de moi 4 006.jpg
[01:33:53] - [30] MIRKO.POZEN: Fichier envoyé: D:\kerberos.htx\bacup val\val images\Photo de moi 4 005 coutours plus nets_1.jpg (52,31 K/S -   160 701 bytes)
[01:33:53] - [30] MIRKO.POZEN: Début du Téléchargement de: D:\kerberos.htx\bacup val\val images\Photo de moi 4 006_1.jpg
[01:33:55] - [31] MIRKO.POZEN: Fichier envoyé: D:\kerberos.htx\bacup val\val images\Photo de moi 4 006.jpg (51,73 K/S -   211 882 bytes)
[01:33:55] - [31] MIRKO.POZEN: Début du Téléchargement de: D:\kerberos.htx\bacup val\val images\Photo de moi 4 007 gaufré_1.jpg
[01:33:57] - [30] MIRKO.POZEN: Fichier envoyé: D:\kerberos.htx\bacup val\val images\Photo de moi 4 006_1.jpg (51,73 K/S -   211 882 bytes)
[01:33:57] - [31] MIRKO.POZEN: Fichier envoyé: D:\kerberos.htx\bacup val\val images\Photo de moi 4 007 gaufré_1.jpg (45,18 K/S -   92 534 bytes)
[01:33:57] - [30] MIRKO.POZEN: Début du Téléchargement de: D:\kerberos.htx\bacup val\val images\Photo de moi 4_1.jpg
[01:33:57] - [31] MIRKO.POZEN: Début du Téléchargement de: D:\kerberos.htx\bacup val\val images\Regard 001_1.jpg
[01:33:59] - [31] MIRKO.POZEN: Fichier envoyé: D:\kerberos.htx\bacup val\val images\Regard 001_1.jpg (80,90 K/S -   82 840 bytes)
[01:33:59] - [31] MIRKO.POZEN: Début du Téléchargement de: D:\kerberos.htx\bacup val\val images\Regard 002.jpg
[01:33:59] - [30] MIRKO.POZEN: Fichier envoyé: D:\kerberos.htx\bacup val\val images\Photo de moi 4_1.jpg (61,74 K/S -   126 451 bytes)
[01:34:00] - [30] MIRKO.POZEN: Début du Téléchargement de: D:\kerberos.htx\bacup val\val images\Regard 002_1.jpg
[01:34:03] - [31] MIRKO.POZEN: Fichier envoyé: D:\kerberos.htx\bacup val\val images\Regard 002.jpg (70,53 K/S -   216 659 bytes)
[01:34:03] - [31] MIRKO.POZEN: Début du Téléchargement de: D:\kerberos.htx\bacup val\val images\Regard VB 001_1.jpg
[01:34:03] - [30] MIRKO.POZEN: Fichier envoyé: D:\kerberos.htx\bacup val\val images\Regard 002_1.jpg (52,90 K/S -   216 659 bytes)
[01:34:04] - [30] MIRKO.POZEN: Début du Téléchargement de: D:\kerberos.htx\bacup val\val images\Regard VB FB.jpg
[01:34:05] - [30] MIRKO.POZEN: Fichier envoyé: D:\kerberos.htx\bacup val\val images\Regard VB FB.jpg (46,17 K/S -   94 546 bytes)
[01:34:06] - [30] MIRKO.POZEN: Début du Téléchargement de: D:\kerberos.htx\bacup val\val images\Regard VB.jpg
[01:34:09] - [30] MIRKO.POZEN: Fichier envoyé: D:\kerberos.htx\bacup val\val images\Regard VB.jpg (53,19 K/S -   163 395 bytes)
[01:34:09] - [30] MIRKO.POZEN: Début du Téléchargement de: D:\kerberos.htx\bacup val\val images\Sans titre 001.jpg
[01:34:20] - [31] MIRKO.POZEN: Fichier envoyé: D:\kerberos.htx\bacup val\val images\Regard VB 001_1.jpg (61,98 K/S -  1 015 559 bytes)
[01:34:20] - [31] MIRKO.POZEN: Début du Téléchargement de: D:\kerberos.htx\bacup val\val images\Sans titre 002_1.jpg
[01:34:26] - [30] MIRKO.POZEN: Fichier envoyé: D:\kerberos.htx\bacup val\val images\Sans titre 001.jpg (50,49 K/S -   878 963 bytes)
[01:34:27] - [30] MIRKO.POZEN: Début du Téléchargement de: D:\kerberos.htx\bacup val\val images\Sans titre 003.jpg
[01:34:33] - [30] MIRKO.POZEN: Fichier envoyé: D:\kerberos.htx\bacup val\val images\Sans titre 003.jpg (49,32 K/S -   353 536 bytes)
[01:34:34] - [30] MIRKO.POZEN: Début du Téléchargement de: D:\kerberos.htx\bacup val\val images\Sans titre 1_1.jpg
[01:34:44] - [31] MIRKO.POZEN: Fichier envoyé: D:\kerberos.htx\bacup val\val images\Sans titre 002_1.jpg (53,74 K/S -  1 320 652 bytes)
[01:34:44] - [31] MIRKO.POZEN: Début du Téléchargement de: D:\kerberos.htx\bacup val\val images\Sans titre 2_1.jpg
[01:35:01] - [30] MIRKO.POZEN: Fichier envoyé: D:\kerberos.htx\bacup val\val images\Sans titre 1_1.jpg (52,77 K/S -  1 512 932 bytes)
[01:35:01] - [30] MIRKO.POZEN: Début du Téléchargement de: D:\kerberos.htx\bacup val\val images\Sans titre 3.jpg
[01:35:09] - [30] MIRKO.POZEN: Fichier envoyé: D:\kerberos.htx\bacup val\val images\Sans titre 3.jpg (53,47 K/S -   438 050 bytes)
[01:35:10] - [30] MIRKO.POZEN: Début du Téléchargement de: D:\kerberos.htx\bacup val\val images\Sans titre 4.jpg
[01:35:18] - [31] MIRKO.POZEN: Fichier envoyé: D:\kerberos.htx\bacup val\val images\Sans titre 2_1.jpg (52,29 K/S -  1 820 615 bytes)
[01:35:19] - [31] MIRKO.POZEN: Début du Téléchargement de: D:\kerberos.htx\bacup val\val images\Sans titre 5.jpg
[01:35:41] - [30] MIRKO.POZEN: Fichier envoyé: D:\kerberos.htx\bacup val\val images\Sans titre 4.jpg (52,93 K/S -  1 680 122 bytes)
[01:35:41] - [30] MIRKO.POZEN: Début du Téléchargement de: D:\kerberos.htx\bacup val\val images\Sans titre 7.jpg
[01:35:43] - [30] MIRKO.POZEN: Fichier envoyé: D:\kerberos.htx\bacup val\val images\Sans titre 7.jpg (49,29 K/S -   100 944 bytes)
[01:35:43] - [30] MIRKO.POZEN: Début du Téléchargement de: D:\kerberos.htx\bacup val\val images\VB FB 001_1.jpg
[01:35:44] - [30] MIRKO.POZEN: Fichier envoyé: D:\kerberos.htx\bacup val\val images\VB FB 001_1.jpg (40,47 K/S -   41 441 bytes)
[01:35:44] - [30] MIRKO.POZEN: Début du Téléchargement de: D:\kerberos.htx\bacup val\val images\VB Noir&Blanc.jpg
[01:35:46] - [31] MIRKO.POZEN: Fichier envoyé: D:\kerberos.htx\bacup val\val images\Sans titre 5.jpg (52,85 K/S -  1 515 288 bytes)
[01:35:46] - [31] MIRKO.POZEN: Début du Téléchargement de: D:\kerberos.htx\bacup val\val images\VB Regard 001.jpg
[01:35:49] - [30] MIRKO.POZEN: Fichier envoyé: D:\kerberos.htx\bacup val\val images\VB Noir&Blanc.jpg (57,29 K/S -   293 324 bytes)
[01:35:50] - [30] MIRKO.POZEN: Début du Téléchargement de: D:\kerberos.htx\bacup val\val images\VB Sépia.jpg
[01:35:59] - [31] MIRKO.POZEN: Fichier envoyé: D:\kerberos.htx\bacup val\val images\VB Regard 001.jpg (53,16 K/S -   707 650 bytes)
[01:36:00] - [31] MIRKO.POZEN: Début du Téléchargement de: D:\kerberos.htx\bacup val\val images\VB Sépia_1.jpg
[01:36:01] - [30] MIRKO.POZEN: Fichier envoyé: D:\kerberos.htx\bacup val\val images\VB Sépia.jpg (56,13 K/S -   632 233 bytes)
[01:36:02] - [30] MIRKO.POZEN: Début du Téléchargement de: D:\kerberos.htx\bacup val\val images\Visage 001_1.jpg
[01:36:11] - [31] MIRKO.POZEN: Fichier envoyé: D:\kerberos.htx\bacup val\val images\VB Sépia_1.jpg (51,45 K/S -   632 233 bytes)
[01:36:11] - [31] MIRKO.POZEN: Début du Téléchargement de: D:\kerberos.htx\bacup val\val images\Visage 002_1.jpg
[01:36:21] - [31] MIRKO.POZEN: Fichier envoyé: D:\kerberos.htx\bacup val\val images\Visage 002_1.jpg (53,60 K/S -   493 960 bytes)
[01:36:21] - [31] MIRKO.POZEN: Début du Téléchargement de: D:\kerberos.htx\bacup val\val images\Visage 003.jpg
[01:36:25] - [30] MIRKO.POZEN: Fichier envoyé: D:\kerberos.htx\bacup val\val images\Visage 001_1.jpg (52,25 K/S -  1 284 060 bytes)
[01:36:25] - [30] MIRKO.POZEN: Début du Téléchargement de: D:\kerberos.htx\bacup val\val images\Visage 004_1.jpg
[01:36:30] - [31] MIRKO.POZEN: Fichier envoyé: D:\kerberos.htx\bacup val\val images\Visage 003.jpg (53,51 K/S -   493 107 bytes)
[01:36:30] - [31] MIRKO.POZEN: Répertoire en Cours: D:\kerberos.htx\bacup val\img val\val kokine\
[01:36:31] - [31] MIRKO.POZEN: Début du Téléchargement de: D:\kerberos.htx\bacup val\img val\val kokine\104339.jpg
[01:36:34] - [31] MIRKO.POZEN: Fichier envoyé: D:\kerberos.htx\bacup val\img val\val kokine\104339.jpg (50,35 K/S -   154 667 bytes)
[01:36:34] - [31] MIRKO.POZEN: Début du Téléchargement de: D:\kerberos.htx\bacup val\img val\val kokine\104408_1.jpg
[01:36:37] - [31] MIRKO.POZEN: Fichier envoyé: D:\kerberos.htx\bacup val\img val\val kokine\104408_1.jpg (70,26 K/S -   143 886 bytes)
[01:36:37] - [31] MIRKO.POZEN: Début du Téléchargement de: D:\kerberos.htx\bacup val\img val\val kokine\105657_1.jpg
[01:36:40] - [31] MIRKO.POZEN: Fichier envoyé: D:\kerberos.htx\bacup val\img val\val kokine\105657_1.jpg (55,80 K/S -   171 423 bytes)
[01:36:40] - [31] MIRKO.POZEN: Début du Téléchargement de: D:\kerberos.htx\bacup val\img val\val kokine\105813_1.jpg
[01:36:44] - [31] MIRKO.POZEN: Fichier envoyé: D:\kerberos.htx\bacup val\img val\val kokine\105813_1.jpg (47,59 K/S -   194 915 bytes)
[01:36:44] - [31] MIRKO.POZEN: Début du Téléchargement de: D:\kerberos.htx\bacup val\img val\val kokine\105820_1.jpg
[01:36:48] - [31] MIRKO.POZEN: Fichier envoyé: D:\kerberos.htx\bacup val\img val\val kokine\105820_1.jpg (57,91 K/S -   177 905 bytes)
[01:36:48] - [31] MIRKO.POZEN: Début du Téléchargement de: D:\kerberos.htx\bacup val\img val\val kokine\110314_1.jpg
[01:36:48] - [30] MIRKO.POZEN: Fichier envoyé: D:\kerberos.htx\bacup val\val images\Visage 004_1.jpg (58,08 K/S -  1 367 980 bytes)
[01:36:49] - [30] MIRKO.POZEN: Répertoire en Cours: D:\kerberos.htx\bacup val\img val\val kokine\
[01:36:49] - [30] MIRKO.POZEN: Début du Téléchargement de: D:\kerberos.htx\bacup val\img val\val kokine\110353_1.jpg
[01:36:51] - [31] MIRKO.POZEN: Fichier envoyé: D:\kerberos.htx\bacup val\img val\val kokine\110314_1.jpg (61,01 K/S -   187 416 bytes)
[01:36:52] - [31] MIRKO.POZEN: Début du Téléchargement de: D:\kerberos.htx\bacup val\img val\val kokine\2012 06 09 montage 001_1.jpg
[01:36:53] - [30] MIRKO.POZEN: Fichier envoyé: D:\kerberos.htx\bacup val\img val\val kokine\110353_1.jpg (71,43 K/S -   219 421 bytes)
[01:36:53] - [30] MIRKO.POZEN: Début du Téléchargement de: D:\kerberos.htx\bacup val\img val\val kokine\2012 06 09 montage 002FB_1.jpg
[01:36:53] - [30] MIRKO.POZEN: Fichier envoyé: D:\kerberos.htx\bacup val\img val\val kokine\2012 06 09 montage 002FB_1.jpg (13,29 K/S -   13 607 bytes)
[01:36:53] - [30] MIRKO.POZEN: Répertoire en Cours: D:\kerberos.htx\bacup val\img val\val fotos noir blanc\
[01:36:54] - [31] MIRKO.POZEN: Fichier envoyé: D:\kerberos.htx\bacup val\img val\val kokine\2012 06 09 montage 001_1.jpg (78,53 K/S -   160 831 bytes)
[01:36:54] - [31] MIRKO.POZEN: Répertoire en Cours: D:\kerberos.htx\bacup val\img val\val fotos noir blanc\
[01:36:54] - [30] MIRKO.POZEN: Début du Téléchargement de: D:\kerberos.htx\bacup val\img val\val fotos noir blanc\145143_1.jpg
[01:36:54] - [31] MIRKO.POZEN: Début du Téléchargement de: D:\kerberos.htx\bacup val\img val\val fotos noir blanc\145236_1.jpg
[01:37:05] - [30] MIRKO.POZEN: Fichier envoyé: D:\kerberos.htx\bacup val\img val\val fotos noir blanc\145143_1.jpg (53,80 K/S -   606 058 bytes)
[01:37:05] - [30] MIRKO.POZEN: Début du Téléchargement de: D:\kerberos.htx\bacup val\img val\val fotos noir blanc\145350bis.jpg
[01:37:06] - [31] MIRKO.POZEN: Fichier envoyé: D:\kerberos.htx\bacup val\img val\val fotos noir blanc\145236_1.jpg (50,86 K/S -   624 956 bytes)
[01:37:06] - [31] MIRKO.POZEN: Début du Téléchargement de: D:\kerberos.htx\bacup val\img val\val fotos noir blanc\145410bis_1.jpg
[01:37:11] - [30] MIRKO.POZEN: Fichier envoyé: D:\kerberos.htx\bacup val\img val\val fotos noir blanc\145350bis.jpg (59,69 K/S -   305 598 bytes)
[01:37:11] - [30] MIRKO.POZEN: Début du Téléchargement de: D:\kerberos.htx\bacup val\img val\val fotos noir blanc\145440_1.jpg
[01:37:11] - [31] MIRKO.POZEN: Fichier envoyé: D:\kerberos.htx\bacup val\img val\val fotos noir blanc\145410bis_1.jpg (59,83 K/S -   306 305 bytes)
[01:37:12] - [31] MIRKO.POZEN: Début du Téléchargement de: D:\kerberos.htx\bacup val\img val\val fotos noir blanc\145507bis_1.jpg
[01:37:18] - [31] MIRKO.POZEN: Fichier envoyé: D:\kerberos.htx\bacup val\img val\val fotos noir blanc\145507bis_1.jpg (60,72 K/S -   310 865 bytes)
[01:37:18] - [31] MIRKO.POZEN: Début du Téléchargement de: D:\kerberos.htx\bacup val\img val\val fotos noir blanc\145654_1.jpg
[01:37:22] - [30] MIRKO.POZEN: Fichier envoyé: D:\kerberos.htx\bacup val\img val\val fotos noir blanc\145440_1.jpg (56,46 K/S -   635 918 bytes)
[01:37:23] - [30] MIRKO.POZEN: Début du Téléchargement de: D:\kerberos.htx\bacup val\img val\val fotos noir blanc\145727_1.jpg
[01:37:28] - [31] MIRKO.POZEN: Fichier envoyé: D:\kerberos.htx\bacup val\img val\val fotos noir blanc\145654_1.jpg (54,96 K/S -   562 782 bytes)
[01:37:28] - [31] MIRKO.POZEN: Début du Téléchargement de: D:\kerberos.htx\bacup val\img val\val fotos noir blanc\145739.jpg
[01:37:33] - [30] MIRKO.POZEN: Fichier envoyé: D:\kerberos.htx\bacup val\img val\val fotos noir blanc\145727_1.jpg (54,20 K/S -   555 012 bytes)
[01:37:33] - [30] MIRKO.POZEN: Début du Téléchargement de: D:\kerberos.htx\bacup val\img val\val fotos noir blanc\145759bis_1.jpg
[01:37:38] - [31] MIRKO.POZEN: Fichier envoyé: D:\kerberos.htx\bacup val\img val\val fotos noir blanc\145739.jpg (53,80 K/S -   550 880 bytes)
[01:37:39] - [30] MIRKO.POZEN: Fichier envoyé: D:\kerberos.htx\bacup val\img val\val fotos noir blanc\145759bis_1.jpg (60,39 K/S -   309 192 bytes)
[01:37:39] - [31] MIRKO.POZEN: Début du Téléchargement de: D:\kerberos.htx\bacup val\img val\val fotos noir blanc\145821bis_1.jpg
[01:37:39] - [30] MIRKO.POZEN: Début du Téléchargement de: D:\kerberos.htx\bacup val\img val\val fotos noir blanc\145821Quatro_1.jpg
[01:37:44] - [31] MIRKO.POZEN: Fichier envoyé: D:\kerberos.htx\bacup val\img val\val fotos noir blanc\145821bis_1.jpg (50,34 K/S -   309 312 bytes)
[01:37:45] - [31] MIRKO.POZEN: Début du Téléchargement de: D:\kerberos.htx\bacup val\img val\val fotos noir blanc\150133bis_1.jpg
[01:37:45] - [30] MIRKO.POZEN: Fichier envoyé: D:\kerberos.htx\bacup val\img val\val fotos noir blanc\145821Quatro_1.jpg (55,34 K/S -   339 980 bytes)
[01:37:45] - [30] MIRKO.POZEN: Début du Téléchargement de: D:\kerberos.htx\bacup val\img val\val fotos noir blanc\2010 11 13 001.jpg
[01:37:47] - [30] MIRKO.POZEN: Fichier envoyé: D:\kerberos.htx\bacup val\img val\val fotos noir blanc\2010 11 13 001.jpg (57,68 K/S -   118 138 bytes)
[01:37:48] - [30] MIRKO.POZEN: Début du Téléchargement de: D:\kerberos.htx\bacup val\img val\val fotos noir blanc\VB FB 001_1.jpg
[01:37:48] - [30] MIRKO.POZEN: Fichier envoyé: D:\kerberos.htx\bacup val\img val\val fotos noir blanc\VB FB 001_1.jpg (40,47 K/S -   41 441 bytes)
[01:37:49] - [30] MIRKO.POZEN: Répertoire en Cours: D:\kerberos.htx\bacup val\img val\val fotos modifie\
[01:37:49] - [31] MIRKO.POZEN: Fichier envoyé: D:\kerberos.htx\bacup val\img val\val fotos noir blanc\150133bis_1.jpg (61,22 K/S -   313 449 bytes)
[01:37:49] - [30] MIRKO.POZEN: Début du Téléchargement de: D:\kerberos.htx\bacup val\img val\val fotos modifie\080356_1.jpg
[01:37:49] - [31] MIRKO.POZEN: Répertoire en Cours: D:\kerberos.htx\bacup val\img val\val fotos modifie\
[01:37:50] - [31] MIRKO.POZEN: Début du Téléchargement de: D:\kerberos.htx\bacup val\img val\val fotos modifie\2011 12 28 Règlage Webcam 001_1.jpg
[01:37:51] - [31] MIRKO.POZEN: Fichier envoyé: D:\kerberos.htx\bacup val\img val\val fotos modifie\2011 12 28 Règlage Webcam 001_1.jpg (32,76 K/S -   67 085 bytes)
[01:37:51] - [31] MIRKO.POZEN: Début du Téléchargement de: D:\kerberos.htx\bacup val\img val\val fotos modifie\2011 12 28 Règlage Webcam 002bis_1.jpg
[01:37:52] - [31] MIRKO.POZEN: Fichier envoyé: D:\kerberos.htx\bacup val\img val\val fotos modifie\2011 12 28 Règlage Webcam 002bis_1.jpg (32,18 K/S -   32 956 bytes)
[01:37:52] - [31] MIRKO.POZEN: Début du Téléchargement de: D:\kerberos.htx\bacup val\img val\val fotos modifie\2012 09 10 003FBbis_1.jpg
[01:37:53] - [31] MIRKO.POZEN: Fichier envoyé: D:\kerberos.htx\bacup val\img val\val fotos modifie\2012 09 10 003FBbis_1.jpg (33,26 K/S -   34 063 bytes)
[01:37:53] - [30] MIRKO.POZEN: Fichier envoyé: D:\kerberos.htx\bacup val\img val\val fotos modifie\080356_1.jpg (62,11 K/S -   254 417 bytes)
[01:37:53] - [31] MIRKO.POZEN: Début du Téléchargement de: D:\kerberos.htx\bacup val\img val\val fotos modifie\DSC04121_1.JPG
[01:37:53] - [30] MIRKO.POZEN: Début du Téléchargement de: D:\kerberos.htx\bacup val\img val\val fotos modifie\DSC04125.JPG
[01:38:07] - [31] MIRKO.POZEN: Fichier envoyé: D:\kerberos.htx\bacup val\img val\val fotos modifie\DSC04121_1.JPG (55,00 K/S -   788 474 bytes)
[01:38:08] - [30] MIRKO.POZEN: Fichier envoyé: D:\kerberos.htx\bacup val\img val\val fotos modifie\DSC04125.JPG (55,22 K/S -   791 604 bytes)
[01:38:08] - [31] MIRKO.POZEN: Début du Téléchargement de: D:\kerberos.htx\bacup val\img val\val fotos modifie\DSC04902.JPG
[01:38:08] - [30] MIRKO.POZEN: Début du Téléchargement de: D:\kerberos.htx\bacup val\img val\val fotos modifie\DSC05104_1.JPG
[01:38:32] - [31] MIRKO.POZEN: Fichier envoyé: D:\kerberos.htx\bacup val\img val\val fotos modifie\DSC04902.JPG (53,86 K/S -  1 323 774 bytes)
[01:38:33] - [31] MIRKO.POZEN: Début du Téléchargement de: D:\kerberos.htx\bacup val\img val\val fotos modifie\DSC05105.JPG
[01:38:35] - [30] MIRKO.POZEN: Fichier envoyé: D:\kerberos.htx\bacup val\img val\val fotos modifie\DSC05104_1.JPG (54,20 K/S -  1 443 117 bytes)
[01:38:35] - [30] MIRKO.POZEN: Début du Téléchargement de: D:\kerberos.htx\bacup val\img val\val fotos modifie\DSC05106.JPG
[01:38:57] - [31] MIRKO.POZEN: Fichier envoyé: D:\kerberos.htx\bacup val\img val\val fotos modifie\DSC05105.JPG (52,29 K/S -  1 338 669 bytes)
[01:38:58] - [31] MIRKO.POZEN: Début du Téléchargement de: D:\kerberos.htx\bacup val\img val\val fotos modifie\DSC05107_1.JPG
[01:39:01] - [30] MIRKO.POZEN: Fichier envoyé: D:\kerberos.htx\bacup val\img val\val fotos modifie\DSC05106.JPG (54,13 K/S -  1 441 099 bytes)
[01:39:02] - [30] MIRKO.POZEN: Début du Téléchargement de: D:\kerberos.htx\bacup val\img val\val fotos modifie\Froid en Négatif.jpg
[01:39:03] - [30] MIRKO.POZEN: Fichier envoyé: D:\kerberos.htx\bacup val\img val\val fotos modifie\Froid en Négatif.jpg (59,73 K/S -   61 165 bytes)
[01:39:03] - [30] MIRKO.POZEN: Début du Téléchargement de: D:\kerberos.htx\bacup val\img val\val fotos modifie\Photo de moi 1 bis 001.jpg
[01:39:05] - [30] MIRKO.POZEN: Fichier envoyé: D:\kerberos.htx\bacup val\img val\val fotos modifie\Photo de moi 1 bis 001.jpg (67,35 K/S -   68 966 bytes)
[01:39:05] - [30] MIRKO.POZEN: Début du Téléchargement de: D:\kerberos.htx\bacup val\img val\val fotos modifie\Photo de moi 1 bis 002.jpg
[01:39:06] - [30] MIRKO.POZEN: Fichier envoyé: D:\kerberos.htx\bacup val\img val\val fotos modifie\Photo de moi 1 bis 002.jpg (51,67 K/S -   52 908 bytes)
[01:39:06] - [30] MIRKO.POZEN: Début du Téléchargement de: D:\kerberos.htx\bacup val\img val\val fotos modifie\Photo de moi 1 bis 003_1.jpg
[01:39:07] - [30] MIRKO.POZEN: Fichier envoyé: D:\kerberos.htx\bacup val\img val\val fotos modifie\Photo de moi 1 bis 003_1.jpg (65,82 K/S -   67 401 bytes)
[01:39:08] - [30] MIRKO.POZEN: Début du Téléchargement de: D:\kerberos.htx\bacup val\img val\val fotos modifie\Photo de moi 1 bis 004.jpg
[01:39:08] - [30] MIRKO.POZEN: Fichier envoyé: D:\kerberos.htx\bacup val\img val\val fotos modifie\Photo de moi 1 bis 004.jpg (45,42 K/S -   46 509 bytes)
[01:39:09] - [30] MIRKO.POZEN: Début du Téléchargement de: D:\kerberos.htx\bacup val\img val\val fotos modifie\Photo de moi 4 002.jpg
[01:39:11] - [30] MIRKO.POZEN: Fichier envoyé: D:\kerberos.htx\bacup val\img val\val fotos modifie\Photo de moi 4 002.jpg (100,63 K/S -   103 046 bytes)
[01:39:11] - [30] MIRKO.POZEN: Début du Téléchargement de: D:\kerberos.htx\bacup val\img val\val fotos modifie\Photo de moi 4 003_1.jpg
[01:39:14] - [30] MIRKO.POZEN: Fichier envoyé: D:\kerberos.htx\bacup val\img val\val fotos modifie\Photo de moi 4 003_1.jpg (47,94 K/S -   147 270 bytes)
[01:39:14] - [30] MIRKO.POZEN: Début du Téléchargement de: D:\kerberos.htx\bacup val\img val\val fotos modifie\Photo de moi 4 005 coutours plus nets contrastes et niveaux automatiques 003_1.jpg
[01:39:16] - [30] MIRKO.POZEN: Fichier envoyé: D:\kerberos.htx\bacup val\img val\val fotos modifie\Photo de moi 4 005 coutours plus nets contrastes et niveaux automatiques 003_1.jpg (57,87 K/S -   118 523 bytes)
[01:39:17] - [30] MIRKO.POZEN: Début du Téléchargement de: D:\kerberos.htx\bacup val\img val\val fotos modifie\Photo de moi 4 005 coutours plus nets_1.jpg
[01:39:20] - [30] MIRKO.POZEN: Fichier envoyé: D:\kerberos.htx\bacup val\img val\val fotos modifie\Photo de moi 4 005 coutours plus nets_1.jpg (52,31 K/S -   160 701 bytes)
[01:39:20] - [30] MIRKO.POZEN: Début du Téléchargement de: D:\kerberos.htx\bacup val\img val\val fotos modifie\Photo de moi 4 006_1.jpg
[01:39:20] - [31] MIRKO.POZEN: Fichier envoyé: D:\kerberos.htx\bacup val\img val\val fotos modifie\DSC05107_1.JPG (57,24 K/S -  1 348 121 bytes)
[01:39:20] - [31] MIRKO.POZEN: Début du Téléchargement de: D:\kerberos.htx\bacup val\img val\val fotos modifie\Photo de moi 4 007 gaufré_1.jpg
[01:39:22] - [31] MIRKO.POZEN: Fichier envoyé: D:\kerberos.htx\bacup val\img val\val fotos modifie\Photo de moi 4 007 gaufré_1.jpg (45,18 K/S -   92 534 bytes)
[01:39:22] - [31] MIRKO.POZEN: Début du Téléchargement de: D:\kerberos.htx\bacup val\img val\val fotos modifie\VB Noir&Blanc.jpg
[01:39:23] - [30] MIRKO.POZEN: Fichier envoyé: D:\kerberos.htx\bacup val\img val\val fotos modifie\Photo de moi 4 006_1.jpg (68,97 K/S -   211 882 bytes)
[01:39:24] - [30] MIRKO.POZEN: Début du Téléchargement de: D:\kerberos.htx\bacup val\img val\val fotos modifie\VB Sépia.jpg
[01:39:27] - [31] MIRKO.POZEN: Fichier envoyé: D:\kerberos.htx\bacup val\img val\val fotos modifie\VB Noir&Blanc.jpg (57,29 K/S -   293 324 bytes)
[01:39:28] - [31] MIRKO.POZEN: Répertoire en Cours: D:\kerberos.htx\bacup val\img val\val face book\
[01:39:28] - [31] MIRKO.POZEN: Début du Téléchargement de: D:\kerberos.htx\bacup val\img val\val face book\12108911_10206405406866718_5448503062245100685_n.jpg
[01:39:30] - [31] MIRKO.POZEN: Fichier envoyé: D:\kerberos.htx\bacup val\img val\val face book\12108911_10206405406866718_5448503062245100685_n.jpg (43,72 K/S -   89 539 bytes)
[01:39:30] - [31] MIRKO.POZEN: Début du Téléchargement de: D:\kerberos.htx\bacup val\img val\val face book\295369_4792583285209_1182596742_n.jpg
[01:39:31] - [31] MIRKO.POZEN: Fichier envoyé: D:\kerberos.htx\bacup val\img val\val face book\295369_4792583285209_1182596742_n.jpg (32,10 K/S -   32 872 bytes)
[01:39:31] - [31] MIRKO.POZEN: Début du Téléchargement de: D:\kerberos.htx\bacup val\img val\val face book\317495_10200307652066659_632422248_n.jpg
[01:39:31] - [31] MIRKO.POZEN: Fichier envoyé: D:\kerberos.htx\bacup val\img val\val face book\317495_10200307652066659_632422248_n.jpg (18,42 K/S -   18 859 bytes)
[01:39:32] - [31] MIRKO.POZEN: Début du Téléchargement de: D:\kerberos.htx\bacup val\img val\val face book\426771_10200492031836038_74650669_n.jpg
[01:39:32] - [31] MIRKO.POZEN: Fichier envoyé: D:\kerberos.htx\bacup val\img val\val face book\426771_10200492031836038_74650669_n.jpg (19,11 K/S -   19 569 bytes)
[01:39:32] - [31] MIRKO.POZEN: Début du Téléchargement de: D:\kerberos.htx\bacup val\img val\val face book\541379_10200307652786677_1726698920_n.jpg
[01:39:33] - [31] MIRKO.POZEN: Fichier envoyé: D:\kerberos.htx\bacup val\img val\val face book\541379_10200307652786677_1726698920_n.jpg (18,83 K/S -   19 283 bytes)
[01:39:33] - [31] MIRKO.POZEN: Répertoire en Cours: D:\kerberos.htx\bacup val\img val\val et cheval\
[01:39:33] - [30] MIRKO.POZEN: Fichier envoyé: D:\kerberos.htx\bacup val\img val\val fotos modifie\VB Sépia.jpg (61,74 K/S -   632 233 bytes)
[01:39:33] - [30] MIRKO.POZEN: Répertoire en Cours: D:\kerberos.htx\bacup val\img val\val et cheval\
[01:39:34] - [31] MIRKO.POZEN: Début du Téléchargement de: D:\kerberos.htx\bacup val\img val\val et cheval\2004 05 16 Gardon_1.jpg
[01:39:34] - [30] MIRKO.POZEN: Début du Téléchargement de: D:\kerberos.htx\bacup val\img val\val et cheval\DSC04985.JPG
[01:39:34] - [31] MIRKO.POZEN: Fichier envoyé: D:\kerberos.htx\bacup val\img val\val et cheval\2004 05 16 Gardon_1.jpg (54,10 K/S -   55 397 bytes)
[01:39:35] - [31] MIRKO.POZEN: Début du Téléchargement de: D:\kerberos.htx\bacup val\img val\val et cheval\DSC04996.JPG
[01:40:00] - [30] MIRKO.POZEN: Fichier envoyé: D:\kerberos.htx\bacup val\img val\val et cheval\DSC04985.JPG (54,30 K/S -  1 445 691 bytes)
[01:40:01] - [30] MIRKO.POZEN: Début du Téléchargement de: D:\kerberos.htx\bacup val\img val\val et cheval\DSC04998.JPG
[01:40:02] - [31] MIRKO.POZEN: Fichier envoyé: D:\kerberos.htx\bacup val\img val\val et cheval\DSC04996.JPG (52,51 K/S -  1 505 648 bytes)
[01:40:03] - [31] MIRKO.POZEN: Début du Téléchargement de: D:\kerberos.htx\bacup val\img val\val et cheval\DSC05000.JPG
[01:40:26] - [30] MIRKO.POZEN: Fichier envoyé: D:\kerberos.htx\bacup val\img val\val et cheval\DSC04998.JPG (53,45 K/S -  1 368 265 bytes)
[01:40:26] - [30] MIRKO.POZEN: Début du Téléchargement de: D:\kerberos.htx\bacup val\img val\val et cheval\DSC05003.JPG
[01:40:29] - [31] MIRKO.POZEN: Fichier envoyé: D:\kerberos.htx\bacup val\img val\val et cheval\DSC05000.JPG (52,40 K/S -  1 448 885 bytes)
[01:40:30] - [31] MIRKO.POZEN: Début du Téléchargement de: D:\kerberos.htx\bacup val\img val\val et cheval\DSC05004.JPG
[01:40:51] - [30] MIRKO.POZEN: Fichier envoyé: D:\kerberos.htx\bacup val\img val\val et cheval\DSC05003.JPG (52,66 K/S -  1 348 111 bytes)
[01:40:51] - [30] MIRKO.POZEN: Début du Téléchargement de: D:\kerberos.htx\bacup val\img val\val et cheval\DSC05005.JPG
[01:40:56] - [31] MIRKO.POZEN: Fichier envoyé: D:\kerberos.htx\bacup val\img val\val et cheval\DSC05004.JPG (51,08 K/S -  1 412 123 bytes)
[01:40:56] - [31] MIRKO.POZEN: Début du Téléchargement de: D:\kerberos.htx\bacup val\img val\val et cheval\DSC05006.JPG
[01:41:18] - [30] MIRKO.POZEN: Fichier envoyé: D:\kerberos.htx\bacup val\img val\val et cheval\DSC05005.JPG (51,67 K/S -  1 428 523 bytes)
[01:41:18] - [30] MIRKO.POZEN: Début du Téléchargement de: D:\kerberos.htx\bacup val\img val\val et cheval\DSC05007.JPG
[01:41:20] - [31] MIRKO.POZEN: Fichier envoyé: D:\kerberos.htx\bacup val\img val\val et cheval\DSC05006.JPG (52,90 K/S -  1 300 140 bytes)
[01:41:20] - [31] MIRKO.POZEN: Début du Téléchargement de: D:\kerberos.htx\bacup val\img val\val et cheval\DSC05008_1.JPG
[01:41:44] - [30] MIRKO.POZEN: Fichier envoyé: D:\kerberos.htx\bacup val\img val\val et cheval\DSC05007.JPG (54,12 K/S -  1 385 552 bytes)
[01:41:44] - [30] MIRKO.POZEN: Début du Téléchargement de: D:\kerberos.htx\bacup val\img val\val et cheval\DSC05009.JPG
[01:41:48] - [31] MIRKO.POZEN: Fichier envoyé: D:\kerberos.htx\bacup val\img val\val et cheval\DSC05008_1.JPG (52,93 K/S -  1 517 746 bytes)
[01:41:49] - [31] MIRKO.POZEN: Début du Téléchargement de: D:\kerberos.htx\bacup val\img val\val et cheval\DSC05010_1.JPG
[01:42:10] - [30] MIRKO.POZEN: Fichier envoyé: D:\kerberos.htx\bacup val\img val\val et cheval\DSC05009.JPG (52,80 K/S -  1 405 671 bytes)
[01:42:10] - [30] MIRKO.POZEN: Début du Téléchargement de: D:\kerberos.htx\bacup val\img val\val et cheval\DSC05011.JPG
[01:42:15] - [31] MIRKO.POZEN: Fichier envoyé: D:\kerberos.htx\bacup val\img val\val et cheval\DSC05010_1.JPG (52,95 K/S -  1 409 873 bytes)
[01:42:15] - [31] MIRKO.POZEN: Début du Téléchargement de: D:\kerberos.htx\bacup val\img val\val et cheval\DSC05012.JPG
[01:42:37] - [30] MIRKO.POZEN: Fichier envoyé: D:\kerberos.htx\bacup val\img val\val et cheval\DSC05011.JPG (52,54 K/S -  1 452 621 bytes)
[01:42:37] - [30] MIRKO.POZEN: Début du Téléchargement de: D:\kerberos.htx\bacup val\img val\val et cheval\DSC05013.JPG
[01:42:42] - [31] MIRKO.POZEN: Fichier envoyé: D:\kerberos.htx\bacup val\img val\val et cheval\DSC05012.JPG (52,72 K/S -  1 457 610 bytes)
[01:42:42] - [31] MIRKO.POZEN: Début du Téléchargement de: D:\kerberos.htx\bacup val\img val\val et cheval\DSC05014.JPG
[01:43:03] - [30] MIRKO.POZEN: Fichier envoyé: D:\kerberos.htx\bacup val\img val\val et cheval\DSC05013.JPG (52,91 K/S -  1 408 703 bytes)
[01:43:04] - [30] MIRKO.POZEN: Début du Téléchargement de: D:\kerberos.htx\bacup val\img val\val et cheval\DSC05015_1.JPG
[01:43:07] - [31] MIRKO.POZEN: Fichier envoyé: D:\kerberos.htx\bacup val\img val\val et cheval\DSC05014.JPG (54,00 K/S -  1 327 088 bytes)
[01:43:07] - [31] MIRKO.POZEN: Début du Téléchargement de: D:\kerberos.htx\bacup val\img val\val et cheval\DSC05018.JPG
[01:43:31] - [30] MIRKO.POZEN: Fichier envoyé: D:\kerberos.htx\bacup val\img val\val et cheval\DSC05015_1.JPG (51,18 K/S -  1 467 448 bytes)
[01:43:31] - [30] MIRKO.POZEN: Début du Téléchargement de: D:\kerberos.htx\bacup val\img val\val et cheval\DSC05019.JPG
[01:43:34] - [31] MIRKO.POZEN: Fichier envoyé: D:\kerberos.htx\bacup val\img val\val et cheval\DSC05018.JPG (53,46 K/S -  1 478 005 bytes)
[01:43:35] - [31] MIRKO.POZEN: Début du Téléchargement de: D:\kerberos.htx\bacup val\img val\val et cheval\DSC05020_1.JPG
[01:43:57] - [31] MIRKO.POZEN: Fichier envoyé: D:\kerberos.htx\bacup val\img val\val et cheval\DSC05020_1.JPG (52,76 K/S -  1 188 647 bytes)
[01:43:57] - [31] MIRKO.POZEN: Début du Téléchargement de: D:\kerberos.htx\bacup val\img val\val et cheval\DSC05021.JPG
[01:43:58] - [30] MIRKO.POZEN: Fichier envoyé: D:\kerberos.htx\bacup val\img val\val et cheval\DSC05019.JPG (53,72 K/S -  1 485 233 bytes)
[01:43:59] - [30] MIRKO.POZEN: Début du Téléchargement de: D:\kerberos.htx\bacup val\img val\val et cheval\DSC05023.JPG
[01:44:25] - [31] MIRKO.POZEN: Fichier envoyé: D:\kerberos.htx\bacup val\img val\val et cheval\DSC05021.JPG (53,12 K/S -  1 522 992 bytes)
[01:44:25] - [30] MIRKO.POZEN: Fichier envoyé: D:\kerberos.htx\bacup val\img val\val et cheval\DSC05023.JPG (52,26 K/S -  1 444 867 bytes)
[01:44:25] - [31] MIRKO.POZEN: Début du Téléchargement de: D:\kerberos.htx\bacup val\img val\val et cheval\DSC05024.JPG
[01:44:26] - [30] MIRKO.POZEN: Début du Téléchargement de: D:\kerberos.htx\bacup val\img val\val et cheval\DSC05025.JPG
[01:44:51] - [31] MIRKO.POZEN: Fichier envoyé: D:\kerberos.htx\bacup val\img val\val et cheval\DSC05024.JPG (52,80 K/S -  1 405 870 bytes)
[01:44:52] - [31] MIRKO.POZEN: Début du Téléchargement de: D:\kerberos.htx\bacup val\img val\val et cheval\DSC05026.JPG
[01:44:53] - [30] MIRKO.POZEN: Fichier envoyé: D:\kerberos.htx\bacup val\img val\val et cheval\DSC05025.JPG (52,45 K/S -  1 503 932 bytes)
[01:44:54] - [30] MIRKO.POZEN: Début du Téléchargement de: D:\kerberos.htx\bacup val\img val\val et cheval\DSC05029_1.JPG
[01:45:19] - [31] MIRKO.POZEN: Fichier envoyé: D:\kerberos.htx\bacup val\img val\val et cheval\DSC05026.JPG (51,59 K/S -  1 479 198 bytes)
[01:45:19] - [31] MIRKO.POZEN: Début du Téléchargement de: D:\kerberos.htx\bacup val\img val\val et cheval\DSC05030.JPG
[01:45:22] - [30] MIRKO.POZEN: Fichier envoyé: D:\kerberos.htx\bacup val\img val\val et cheval\DSC05029_1.JPG (54,46 K/S -  1 505 706 bytes)
[01:45:22] - [30] MIRKO.POZEN: Début du Téléchargement de: D:\kerberos.htx\bacup val\img val\val et cheval\DSC05031.JPG
[01:45:47] - [31] MIRKO.POZEN: Fichier envoyé: D:\kerberos.htx\bacup val\img val\val et cheval\DSC05030.JPG (52,11 K/S -  1 494 148 bytes)
[01:45:47] - [31] MIRKO.POZEN: Début du Téléchargement de: D:\kerberos.htx\bacup val\img val\val et cheval\DSC05032.JPG
[01:45:48] - [30] MIRKO.POZEN: Fichier envoyé: D:\kerberos.htx\bacup val\img val\val et cheval\DSC05031.JPG (53,77 K/S -  1 431 683 bytes)
[01:45:49] - [30] MIRKO.POZEN: Début du Téléchargement de: D:\kerberos.htx\bacup val\img val\val et cheval\DSC05033.JPG
[01:46:13] - [30] MIRKO.POZEN: Fichier envoyé: D:\kerberos.htx\bacup val\img val\val et cheval\DSC05033.JPG (51,57 K/S -  1 320 217 bytes)
[01:46:13] - [31] MIRKO.POZEN: Fichier envoyé: D:\kerberos.htx\bacup val\img val\val et cheval\DSC05032.JPG (53,67 K/S -  1 428 864 bytes)
[01:46:14] - [30] MIRKO.POZEN: Début du Téléchargement de: D:\kerberos.htx\bacup val\img val\val et cheval\DSC05034.JPG
[01:46:14] - [31] MIRKO.POZEN: Début du Téléchargement de: D:\kerberos.htx\bacup val\img val\val et cheval\DSC05035.JPG
[01:46:39] - [30] MIRKO.POZEN: Fichier envoyé: D:\kerberos.htx\bacup val\img val\val et cheval\DSC05034.JPG (51,48 K/S -  1 370 567 bytes)
[01:46:39] - [30] MIRKO.POZEN: Début du Téléchargement de: D:\kerberos.htx\bacup val\img val\val et cheval\DSC05036.JPG
[01:46:40] - [31] MIRKO.POZEN: Fichier envoyé: D:\kerberos.htx\bacup val\img val\val et cheval\DSC05035.JPG (53,44 K/S -  1 422 799 bytes)
[01:46:40] - [31] MIRKO.POZEN: Début du Téléchargement de: D:\kerberos.htx\bacup val\img val\val et cheval\DSC05040.JPG
[01:47:05] - [30] MIRKO.POZEN: Fichier envoyé: D:\kerberos.htx\bacup val\img val\val et cheval\DSC05036.JPG (52,50 K/S -  1 397 746 bytes)
[01:47:05] - [30] MIRKO.POZEN: Début du Téléchargement de: D:\kerberos.htx\bacup val\img val\val et cheval\DSC05041.JPG
[01:47:07] - [31] MIRKO.POZEN: Fichier envoyé: D:\kerberos.htx\bacup val\img val\val et cheval\DSC05040.JPG (52,36 K/S -  1 447 627 bytes)
[01:47:07] - [31] MIRKO.POZEN: Début du Téléchargement de: D:\kerberos.htx\bacup val\img val\val et cheval\Gardon 2011 12 10 001.jpg
[01:47:09] - [31] MIRKO.POZEN: Fichier envoyé: D:\kerberos.htx\bacup val\img val\val et cheval\Gardon 2011 12 10 001.jpg (70,12 K/S -   71 804 bytes)
[01:47:09] - [31] MIRKO.POZEN: Début du Téléchargement de: D:\kerberos.htx\bacup val\img val\val et cheval\Gardon 2011 12 10 002.jpg
[01:47:11] - [31] MIRKO.POZEN: Fichier envoyé: D:\kerberos.htx\bacup val\img val\val et cheval\Gardon 2011 12 10 002.jpg (87,70 K/S -   89 800 bytes)
[01:47:11] - [31] MIRKO.POZEN: Début du Téléchargement de: D:\kerberos.htx\bacup val\img val\val et cheval\Gardon 2011 12 10 003.jpg
[01:47:12] - [31] MIRKO.POZEN: Fichier envoyé: D:\kerberos.htx\bacup val\img val\val et cheval\Gardon 2011 12 10 003.jpg (60,23 K/S -   61 672 bytes)
[01:47:12] - [31] MIRKO.POZEN: Début du Téléchargement de: D:\kerberos.htx\bacup val\img val\val et cheval\Gardon 2011 12 10 004.jpg
[01:47:14] - [31] MIRKO.POZEN: Fichier envoyé: D:\kerberos.htx\bacup val\img val\val et cheval\Gardon 2011 12 10 004.jpg (66,59 K/S -   68 184 bytes)
[01:47:14] - [31] MIRKO.POZEN: Début du Téléchargement de: D:\kerberos.htx\bacup val\img val\val et cheval\Gardon 2011 12 10 005.jpg
[01:47:15] - [31] MIRKO.POZEN: Fichier envoyé: D:\kerberos.htx\bacup val\img val\val et cheval\Gardon 2011 12 10 005.jpg (66,90 K/S -   68 506 bytes)
[01:47:16] - [31] MIRKO.POZEN: Début du Téléchargement de: D:\kerberos.htx\bacup val\img val\val et cheval\Gardon 2011 12 10 006.jpg
[01:47:17] - [31] MIRKO.POZEN: Fichier envoyé: D:\kerberos.htx\bacup val\img val\val et cheval\Gardon 2011 12 10 006.jpg (52,05 K/S -   53 301 bytes)
[01:47:17] - [31] MIRKO.POZEN: Début du Téléchargement de: D:\kerberos.htx\bacup val\img val\val et cheval\Gardon 2011 12 10 006bis.jpg
[01:47:18] - [31] MIRKO.POZEN: Fichier envoyé: D:\kerberos.htx\bacup val\img val\val et cheval\Gardon 2011 12 10 006bis.jpg (63,24 K/S -   64 759 bytes)
[01:47:18] - [31] MIRKO.POZEN: Début du Téléchargement de: D:\kerberos.htx\bacup val\img val\val et cheval\Gardon 2011 12 10 006ter.jpg
[01:47:20] - [31] MIRKO.POZEN: Fichier envoyé: D:\kerberos.htx\bacup val\img val\val et cheval\Gardon 2011 12 10 006ter.jpg (60,81 K/S -   62 272 bytes)
[01:47:20] - [31] MIRKO.POZEN: Début du Téléchargement de: D:\kerberos.htx\bacup val\img val\val et cheval\Gardon 2011 12 10 006ter_1.jpg
[01:47:21] - [31] MIRKO.POZEN: Fichier envoyé: D:\kerberos.htx\bacup val\img val\val et cheval\Gardon 2011 12 10 006ter_1.jpg (60,81 K/S -   62 272 bytes)
[01:47:21] - [31] MIRKO.POZEN: Début du Téléchargement de: D:\kerberos.htx\bacup val\img val\val et cheval\Gardon 2012 02 15.jpg
[01:47:25] - [31] MIRKO.POZEN: Fichier envoyé: D:\kerberos.htx\bacup val\img val\val et cheval\Gardon 2012 02 15.jpg (47,23 K/S -   193 443 bytes)
[01:47:25] - [31] MIRKO.POZEN: Début du Téléchargement de: D:\kerberos.htx\bacup val\img val\val et cheval\Io 2012 10 21 003.jpg
[01:47:26] - [31] MIRKO.POZEN: Fichier envoyé: D:\kerberos.htx\bacup val\img val\val et cheval\Io 2012 10 21 003.jpg (61,83 K/S -   63 318 bytes)
[01:47:27] - [31] MIRKO.POZEN: Début du Téléchargement de: D:\kerberos.htx\bacup val\img val\val et cheval\P1020933.JPG
[01:47:30] - [30] MIRKO.POZEN: Fichier envoyé: D:\kerberos.htx\bacup val\img val\val et cheval\DSC05041.JPG (59,22 K/S -  1 455 513 bytes)
[01:47:30] - [30] MIRKO.POZEN: Début du Téléchargement de: D:\kerberos.htx\bacup val\img val\val et cheval\P1020934_1.JPG
[01:48:05] - [31] MIRKO.POZEN: Fichier envoyé: D:\kerberos.htx\bacup val\img val\val et cheval\P1020933.JPG (53,11 K/S -  2 066 555 bytes)
[01:48:06] - [31] MIRKO.POZEN: Début du Téléchargement de: D:\kerberos.htx\bacup val\img val\val et cheval\P1020935.JPG
[01:48:10] - [30] MIRKO.POZEN: Fichier envoyé: D:\kerberos.htx\bacup val\img val\val et cheval\P1020934_1.JPG (53,77 K/S -  2 147 346 bytes)
[01:48:10] - [30] MIRKO.POZEN: Début du Téléchargement de: D:\kerberos.htx\bacup val\img val\val et cheval\P1020936.JPG
[01:48:44] - [31] MIRKO.POZEN: Fichier envoyé: D:\kerberos.htx\bacup val\img val\val et cheval\P1020935.JPG (51,99 K/S -  2 076 113 bytes)
[01:48:44] - [31] MIRKO.POZEN: Début du Téléchargement de: D:\kerberos.htx\bacup val\img val\val et cheval\P1020937.JPG
[01:48:48] - [30] MIRKO.POZEN: Fichier envoyé: D:\kerberos.htx\bacup val\img val\val et cheval\P1020936.JPG (53,41 K/S -  2 078 215 bytes)
[01:48:49] - [30] MIRKO.POZEN: Début du Téléchargement de: D:\kerberos.htx\bacup val\img val\val et cheval\P1020938_1.JPG
[01:49:22] - [30] MIRKO.POZEN: Fichier envoyé: D:\kerberos.htx\bacup val\img val\val et cheval\P1020938_1.JPG (52,32 K/S -  1 768 048 bytes)
[01:49:22] - [30] MIRKO.POZEN: Début du Téléchargement de: D:\kerberos.htx\bacup val\img val\val et cheval\P1030165.JPG
[01:49:24] - [31] MIRKO.POZEN: Fichier envoyé: D:\kerberos.htx\bacup val\img val\val et cheval\P1020937.JPG (52,96 K/S -  2 169 419 bytes)
[01:49:24] - [31] MIRKO.POZEN: Début du Téléchargement de: D:\kerberos.htx\bacup val\img val\val et cheval\P1030230.JPG
[01:49:59] - [31] MIRKO.POZEN: Fichier envoyé: D:\kerberos.htx\bacup val\img val\val et cheval\P1030230.JPG (52,02 K/S -  1 864 450 bytes)
[01:50:00] - [31] MIRKO.POZEN: Début du Téléchargement de: D:\kerberos.htx\bacup val\img val\val et cheval\P1030231.JPG
[01:50:01] - [30] MIRKO.POZEN: Fichier envoyé: D:\kerberos.htx\bacup val\img val\val et cheval\P1030165.JPG (52,98 K/S -  2 115 686 bytes)
[01:50:01] - [30] MIRKO.POZEN: Début du Téléchargement de: D:\kerberos.htx\bacup val\img val\val et cheval\P1030235.JPG
[01:50:33] - [31] MIRKO.POZEN: Fichier envoyé: D:\kerberos.htx\bacup val\img val\val et cheval\P1030231.JPG (52,30 K/S -  1 820 767 bytes)
[01:50:34] - [31] MIRKO.POZEN: Début du Téléchargement de: D:\kerberos.htx\bacup val\img val\val et cheval\P1040295.JPG
[01:50:35] - [30] MIRKO.POZEN: Fichier envoyé: D:\kerberos.htx\bacup val\img val\val et cheval\P1030235.JPG (52,06 K/S -  1 812 493 bytes)
[01:50:35] - [30] MIRKO.POZEN: Répertoire en Cours: D:\kerberos.htx\bacup val\img val\val et babou\
[01:50:36] - [30] MIRKO.POZEN: Début du Téléchargement de: D:\kerberos.htx\bacup val\img val\val et babou\P1010829_1.JPG
[01:51:03] - [31] MIRKO.POZEN: Fichier envoyé: D:\kerberos.htx\bacup val\img val\val et cheval\P1040295.JPG (60,06 K/S -  1 783 442 bytes)
[01:51:03] - [31] MIRKO.POZEN: Répertoire en Cours: D:\kerberos.htx\bacup val\img val\val et babou\
[01:51:03] - [31] MIRKO.POZEN: Début du Téléchargement de: D:\kerberos.htx\bacup val\img val\val et babou\P1010835_1.JPG
[01:51:15] - [30] MIRKO.POZEN: Fichier envoyé: D:\kerberos.htx\bacup val\img val\val et babou\P1010829_1.JPG (48,18 K/S -  1 924 133 bytes)
[01:51:15] - [30] MIRKO.POZEN: Début du Téléchargement de: D:\kerberos.htx\bacup val\img val\val et babou\P1010852.JPG
[01:51:38] - [31] MIRKO.POZEN: Fichier envoyé: D:\kerberos.htx\bacup val\img val\val et babou\P1010835_1.JPG (53,53 K/S -  1 863 762 bytes)
[01:51:38] - [31] MIRKO.POZEN: Début du Téléchargement de: D:\kerberos.htx\bacup val\img val\val et babou\P1010855.JPG
[01:51:50] - [30] MIRKO.POZEN: Fichier envoyé: D:\kerberos.htx\bacup val\img val\val et babou\P1010852.JPG (52,87 K/S -  1 894 792 bytes)
[01:51:50] - [30] MIRKO.POZEN: Répertoire en Cours: D:\kerberos.htx\bacup val\img val\val et andy\
[01:51:51] - [30] MIRKO.POZEN: Début du Téléchargement de: D:\kerberos.htx\bacup val\img val\val et andy\DSC05358.JPG
[01:52:13] - [30] MIRKO.POZEN: Fichier envoyé: D:\kerberos.htx\bacup val\img val\val et andy\DSC05358.JPG (51,75 K/S -  1 165 777 bytes)
[01:52:13] - [30] MIRKO.POZEN: Répertoire en Cours: D:\kerberos.htx\bacup val\img val\val chiens et chats\
[01:52:14] - [30] MIRKO.POZEN: Début du Téléchargement de: D:\kerberos.htx\bacup val\img val\val chiens et chats\DSC05358.JPG
[01:52:18] - [31] MIRKO.POZEN: Fichier envoyé: D:\kerberos.htx\bacup val\img val\val et babou\P1010855.JPG (54,48 K/S -  2 231 535 bytes)
[01:52:18] - [31] MIRKO.POZEN: Répertoire en Cours: D:\kerberos.htx\bacup val\img val\val chiens et chats\
[01:52:18] - [31] MIRKO.POZEN: Début du Téléchargement de: D:\kerberos.htx\bacup val\img val\val chiens et chats\P1010829_1.JPG
[01:52:35] - [30] MIRKO.POZEN: Fichier envoyé: D:\kerberos.htx\bacup val\img val\val chiens et chats\DSC05358.JPG (54,21 K/S -  1 165 777 bytes)
[01:52:36] - [30] MIRKO.POZEN: Début du Téléchargement de: D:\kerberos.htx\bacup val\img val\val chiens et chats\P1010835_1.JPG
[01:52:54] - [31] MIRKO.POZEN: Fichier envoyé: D:\kerberos.htx\bacup val\img val\val chiens et chats\P1010829_1.JPG (52,20 K/S -  1 924 133 bytes)
[01:52:54] - [31] MIRKO.POZEN: Début du Téléchargement de: D:\kerberos.htx\bacup val\img val\val chiens et chats\P1010852.JPG
[01:53:10] - [30] MIRKO.POZEN: Fichier envoyé: D:\kerberos.htx\bacup val\img val\val chiens et chats\P1010835_1.JPG (52,54 K/S -  1 883 060 bytes)
[01:53:11] - [30] MIRKO.POZEN: Début du Téléchargement de: D:\kerberos.htx\bacup val\img val\val chiens et chats\P1010855.JPG
[01:53:30] - [31] MIRKO.POZEN: Fichier envoyé: D:\kerberos.htx\bacup val\img val\val chiens et chats\P1010852.JPG (52,87 K/S -  1 894 792 bytes)
[01:53:30] - [31] MIRKO.POZEN: Début du Téléchargement de: D:\kerberos.htx\bacup val\img val\val chiens et chats\Sans titre 1_1.jpg
[01:53:52] - [30] MIRKO.POZEN: Fichier envoyé: D:\kerberos.htx\bacup val\img val\val chiens et chats\P1010855.JPG (53,15 K/S -  2 231 535 bytes)
[01:53:52] - [30] MIRKO.POZEN: Début du Téléchargement de: D:\kerberos.htx\bacup val\img val\val chiens et chats\Sans titre 3.jpg
[01:53:58] - [31] MIRKO.POZEN: Fichier envoyé: D:\kerberos.htx\bacup val\img val\val chiens et chats\Sans titre 1_1.jpg (52,77 K/S -  1 512 932 bytes)
[01:53:58] - [31] MIRKO.POZEN: Début du Téléchargement de: D:\kerberos.htx\bacup val\img val\val chiens et chats\Sans titre 4.jpg
[01:54:23] - [30] MIRKO.POZEN: Fichier envoyé: D:\kerberos.htx\bacup val\img val\val chiens et chats\Sans titre 3.jpg (52,42 K/S -  1 663 952 bytes)
[01:54:23] - [30] MIRKO.POZEN: Répertoire en Cours: D:\kerberos.htx\bacup val\img val\val a cheval\
[01:54:24] - [30] MIRKO.POZEN: Début du Téléchargement de: D:\kerberos.htx\bacup val\img val\val a cheval\2004 05 16 Gardon_1.jpg
[01:54:25] - [30] MIRKO.POZEN: Fichier envoyé: D:\kerberos.htx\bacup val\img val\val a cheval\2004 05 16 Gardon_1.jpg (54,10 K/S -   55 397 bytes)
[01:54:25] - [30] MIRKO.POZEN: Début du Téléchargement de: D:\kerberos.htx\bacup val\img val\val a cheval\DSC04985.JPG
[01:54:28] - [31] MIRKO.POZEN: Fichier envoyé: D:\kerberos.htx\bacup val\img val\val chiens et chats\Sans titre 4.jpg (54,69 K/S -  1 680 122 bytes)
[01:54:29] - [31] MIRKO.POZEN: Répertoire en Cours: D:\kerberos.htx\bacup val\img val\val a cheval\
[01:54:29] - [31] MIRKO.POZEN: Début du Téléchargement de: D:\kerberos.htx\bacup val\img val\val a cheval\DSC04996.JPG
[01:54:52] - [30] MIRKO.POZEN: Fichier envoyé: D:\kerberos.htx\bacup val\img val\val a cheval\DSC04985.JPG (52,29 K/S -  1 445 691 bytes)
[01:54:52] - [30] MIRKO.POZEN: Début du Téléchargement de: D:\kerberos.htx\bacup val\img val\val a cheval\DSC04998.JPG
[01:54:57] - [31] MIRKO.POZEN: Fichier envoyé: D:\kerberos.htx\bacup val\img val\val a cheval\DSC04996.JPG (54,46 K/S -  1 505 648 bytes)
[01:54:57] - [31] MIRKO.POZEN: Début du Téléchargement de: D:\kerberos.htx\bacup val\img val\val a cheval\DSC05000.JPG
[01:55:18] - [30] MIRKO.POZEN: Fichier envoyé: D:\kerberos.htx\bacup val\img val\val a cheval\DSC04998.JPG (53,45 K/S -  1 368 265 bytes)
[01:55:18] - [30] MIRKO.POZEN: Début du Téléchargement de: D:\kerberos.htx\bacup val\img val\val a cheval\DSC05003_1.JPG
[01:55:24] - [31] MIRKO.POZEN: Fichier envoyé: D:\kerberos.htx\bacup val\img val\val a cheval\DSC05000.JPG (54,42 K/S -  1 448 885 bytes)
[01:55:24] - [31] MIRKO.POZEN: Début du Téléchargement de: D:\kerberos.htx\bacup val\img val\val a cheval\DSC05004.JPG
[01:55:43] - [30] MIRKO.POZEN: Fichier envoyé: D:\kerberos.htx\bacup val\img val\val a cheval\DSC05003_1.JPG (54,85 K/S -  1 348 111 bytes)
[01:55:43] - [30] MIRKO.POZEN: Début du Téléchargement de: D:\kerberos.htx\bacup val\img val\val a cheval\DSC05005.JPG
[01:55:50] - [31] MIRKO.POZEN: Fichier envoyé: D:\kerberos.htx\bacup val\img val\val a cheval\DSC05004.JPG (53,04 K/S -  1 412 123 bytes)
[01:55:50] - [31] MIRKO.POZEN: Début du Téléchargement de: D:\kerberos.htx\bacup val\img val\val a cheval\DSC05006.JPG
[01:56:09] - [30] MIRKO.POZEN: Fichier envoyé: D:\kerberos.htx\bacup val\img val\val a cheval\DSC05005.JPG (53,66 K/S -  1 428 523 bytes)
[01:56:10] - [30] MIRKO.POZEN: Début du Téléchargement de: D:\kerberos.htx\bacup val\img val\val a cheval\DSC05007.JPG
[01:56:14] - [31] MIRKO.POZEN: Fichier envoyé: D:\kerberos.htx\bacup val\img val\val a cheval\DSC05006.JPG (52,90 K/S -  1 300 140 bytes)
[01:56:15] - [31] MIRKO.POZEN: Début du Téléchargement de: D:\kerberos.htx\bacup val\img val\val a cheval\DSC05008.JPG
[01:56:35] - [30] MIRKO.POZEN: Fichier envoyé: D:\kerberos.htx\bacup val\img val\val a cheval\DSC05007.JPG (52,04 K/S -  1 385 552 bytes)
[01:56:36] - [30] MIRKO.POZEN: Début du Téléchargement de: D:\kerberos.htx\bacup val\img val\val a cheval\DSC05009.JPG
[01:56:43] - [31] MIRKO.POZEN: Fichier envoyé: D:\kerberos.htx\bacup val\img val\val a cheval\DSC05008.JPG (52,93 K/S -  1 517 746 bytes)
[01:56:43] - [31] MIRKO.POZEN: Début du Téléchargement de: D:\kerberos.htx\bacup val\img val\val a cheval\DSC05010.JPG
[01:57:02] - [30] MIRKO.POZEN: Fichier envoyé: D:\kerberos.htx\bacup val\img val\val a cheval\DSC05009.JPG (52,80 K/S -  1 405 671 bytes)
[01:57:02] - [30] MIRKO.POZEN: Début du Téléchargement de: D:\kerberos.htx\bacup val\img val\val a cheval\DSC05011.JPG
[01:57:09] - [31] MIRKO.POZEN: Fichier envoyé: D:\kerberos.htx\bacup val\img val\val a cheval\DSC05010.JPG (52,95 K/S -  1 409 873 bytes)
[01:57:09] - [31] MIRKO.POZEN: Début du Téléchargement de: D:\kerberos.htx\bacup val\img val\val a cheval\DSC05012.JPG
[01:57:29] - [30] MIRKO.POZEN: Fichier envoyé: D:\kerberos.htx\bacup val\img val\val a cheval\DSC05011.JPG (54,56 K/S -  1 452 621 bytes)
[01:57:29] - [30] MIRKO.POZEN: Début du Téléchargement de: D:\kerberos.htx\bacup val\img val\val a cheval\DSC05013.JPG
[01:57:36] - [31] MIRKO.POZEN: Fichier envoyé: D:\kerberos.htx\bacup val\img val\val a cheval\DSC05012.JPG (52,72 K/S -  1 457 610 bytes)
[01:57:37] - [31] MIRKO.POZEN: Début du Téléchargement de: D:\kerberos.htx\bacup val\img val\val a cheval\DSC05014.JPG
[01:57:55] - [30] MIRKO.POZEN: Fichier envoyé: D:\kerberos.htx\bacup val\img val\val a cheval\DSC05013.JPG (52,91 K/S -  1 408 703 bytes)
[01:57:55] - [30] MIRKO.POZEN: Début du Téléchargement de: D:\kerberos.htx\bacup val\img val\val a cheval\DSC05015.JPG
[01:58:01] - [31] MIRKO.POZEN: Fichier envoyé: D:\kerberos.htx\bacup val\img val\val a cheval\DSC05014.JPG (51,84 K/S -  1 327 088 bytes)
[01:58:01] - [31] MIRKO.POZEN: Début du Téléchargement de: D:\kerberos.htx\bacup val\img val\val a cheval\DSC05018.JPG
[01:58:22] - [30] MIRKO.POZEN: Fichier envoyé: D:\kerberos.htx\bacup val\img val\val a cheval\DSC05015.JPG (53,08 K/S -  1 467 448 bytes)
[01:58:23] - [30] MIRKO.POZEN: Début du Téléchargement de: D:\kerberos.htx\bacup val\img val\val a cheval\DSC05019_1.JPG
[01:58:29] - [31] MIRKO.POZEN: Fichier envoyé: D:\kerberos.htx\bacup val\img val\val a cheval\DSC05018.JPG (53,46 K/S -  1 478 005 bytes)
[01:58:29] - [31] MIRKO.POZEN: Début du Téléchargement de: D:\kerberos.htx\bacup val\img val\val a cheval\DSC05020.JPG
[01:58:50] - [30] MIRKO.POZEN: Fichier envoyé: D:\kerberos.htx\bacup val\img val\val a cheval\DSC05019_1.JPG (51,80 K/S -  1 485 233 bytes)
[01:58:50] - [30] MIRKO.POZEN: Début du Téléchargement de: D:\kerberos.htx\bacup val\img val\val a cheval\DSC05021.JPG
[01:58:51] - [31] MIRKO.POZEN: Fichier envoyé: D:\kerberos.htx\bacup val\img val\val a cheval\DSC05020.JPG (52,76 K/S -  1 188 647 bytes)
[01:58:51] - [31] MIRKO.POZEN: Début du Téléchargement de: D:\kerberos.htx\bacup val\img val\val a cheval\DSC05023.JPG
[01:59:18] - [31] MIRKO.POZEN: Fichier envoyé: D:\kerberos.htx\bacup val\img val\val a cheval\DSC05023.JPG (52,26 K/S -  1 444 867 bytes)
[01:59:18] - [30] MIRKO.POZEN: Fichier envoyé: D:\kerberos.htx\bacup val\img val\val a cheval\DSC05021.JPG (53,12 K/S -  1 522 992 bytes)
[01:59:18] - [31] MIRKO.POZEN: Début du Téléchargement de: D:\kerberos.htx\bacup val\img val\val a cheval\DSC05024.JPG
[01:59:19] - [30] MIRKO.POZEN: Début du Téléchargement de: D:\kerberos.htx\bacup val\img val\val a cheval\DSC05025.JPG
[01:59:44] - [31] MIRKO.POZEN: Fichier envoyé: D:\kerberos.htx\bacup val\img val\val a cheval\DSC05024.JPG (52,80 K/S -  1 405 870 bytes)
[01:59:45] - [31] MIRKO.POZEN: Début du Téléchargement de: D:\kerberos.htx\bacup val\img val\val a cheval\DSC05026.JPG
[01:59:46] - [30] MIRKO.POZEN: Fichier envoyé: D:\kerberos.htx\bacup val\img val\val a cheval\DSC05025.JPG (52,45 K/S -  1 503 932 bytes)
[01:59:47] - [30] MIRKO.POZEN: Début du Téléchargement de: D:\kerberos.htx\bacup val\img val\val a cheval\DSC05029.JPG
[02:00:12] - [31] MIRKO.POZEN: Fichier envoyé: D:\kerberos.htx\bacup val\img val\val a cheval\DSC05026.JPG (51,59 K/S -  1 479 198 bytes)
[02:00:12] - [31] MIRKO.POZEN: Début du Téléchargement de: D:\kerberos.htx\bacup val\img val\val a cheval\Gardon 2011 12 10 001_1.jpg
[02:00:14] - [31] MIRKO.POZEN: Fichier envoyé: D:\kerberos.htx\bacup val\img val\val a cheval\Gardon 2011 12 10 001_1.jpg (70,12 K/S -   71 804 bytes)
[02:00:14] - [31] MIRKO.POZEN: Début du Téléchargement de: D:\kerberos.htx\bacup val\img val\val a cheval\Gardon 2011 12 10 006ter.jpg
[02:00:14] - [30] MIRKO.POZEN: Fichier envoyé: D:\kerberos.htx\bacup val\img val\val a cheval\DSC05029.JPG (52,51 K/S -  1 505 706 bytes)
[02:00:14] - [30] MIRKO.POZEN: Début du Téléchargement de: D:\kerberos.htx\bacup val\img val\val a cheval\Io 2012 10 21 003.jpg
[02:00:15] - [31] MIRKO.POZEN: Fichier envoyé: D:\kerberos.htx\bacup val\img val\val a cheval\Gardon 2011 12 10 006ter.jpg (60,81 K/S -   62 272 bytes)
[02:00:15] - [31] MIRKO.POZEN: Début du Téléchargement de: D:\kerberos.htx\bacup val\img val\val a cheval\P1030165.JPG
[02:00:15] - [30] MIRKO.POZEN: Fichier envoyé: D:\kerberos.htx\bacup val\img val\val a cheval\Io 2012 10 21 003.jpg (61,83 K/S -   63 318 bytes)
[02:00:16] - [30] MIRKO.POZEN: Début du Téléchargement de: D:\kerberos.htx\bacup val\img val\val a cheval\P1030167.JPG
[02:00:55] - [30] MIRKO.POZEN: Fichier envoyé: D:\kerberos.htx\bacup val\img val\val a cheval\P1030167.JPG (51,32 K/S -  2 049 645 bytes)
[02:00:55] - [31] MIRKO.POZEN: Fichier envoyé: D:\kerberos.htx\bacup val\img val\val a cheval\P1030165.JPG (51,65 K/S -  2 115 686 bytes)
[02:00:55] - [30] MIRKO.POZEN: Début du Téléchargement de: D:\kerberos.htx\bacup val\img val\val a cheval\P1030230.JPG
[02:00:55] - [31] MIRKO.POZEN: Début du Téléchargement de: D:\kerberos.htx\bacup val\img val\val a cheval\P1030231.JPG
[02:01:29] - [31] MIRKO.POZEN: Fichier envoyé: D:\kerberos.htx\bacup val\img val\val a cheval\P1030231.JPG (52,30 K/S -  1 820 767 bytes)
[02:01:29] - [30] MIRKO.POZEN: Fichier envoyé: D:\kerberos.htx\bacup val\img val\val a cheval\P1030230.JPG (53,55 K/S -  1 864 450 bytes)
[02:01:29] - [31] MIRKO.POZEN: Début du Téléchargement de: D:\kerberos.htx\bacup val\img val\val a cheval\P1030235.JPG
[02:01:30] - [30] MIRKO.POZEN: Début du Téléchargement de: D:\kerberos.htx\bacup val\img val\val a cheval\P1040295.JPG
[02:02:03] - [30] MIRKO.POZEN: Fichier envoyé: D:\kerberos.htx\bacup val\img val\val a cheval\P1040295.JPG (51,22 K/S -  1 783 442 bytes)
[02:02:03] - [31] MIRKO.POZEN: Fichier envoyé: D:\kerberos.htx\bacup val\img val\val a cheval\P1030235.JPG (52,06 K/S -  1 812 493 bytes)
[02:02:03] - [30] MIRKO.POZEN: Répertoire en Cours: D:\kerberos.htx\bacup val\img val\loren\
[02:02:03] - [31] MIRKO.POZEN: Répertoire en Cours: D:\kerberos.htx\bacup val\img val\loren\
[02:02:04] - [30] MIRKO.POZEN: Début du Téléchargement de: D:\kerberos.htx\bacup val\img val\loren\DSC05370.JPG
[02:02:04] - [31] MIRKO.POZEN: Début du Téléchargement de: D:\kerberos.htx\bacup val\img val\loren\DSC05371.JPG
[02:02:26] - [31] MIRKO.POZEN: Fichier envoyé: D:\kerberos.htx\bacup val\img val\loren\DSC05371.JPG (58,37 K/S -  1 374 725 bytes)
[02:02:27] - [31] MIRKO.POZEN: Début du Téléchargement de: D:\kerberos.htx\bacup val\img val\loren\DSC05372.JPG
[02:02:32] - [30] MIRKO.POZEN: Fichier envoyé: D:\kerberos.htx\bacup val\img val\loren\DSC05370.JPG (47,51 K/S -  1 410 940 bytes)
[02:02:33] - [30] MIRKO.POZEN: Début du Téléchargement de: D:\kerberos.htx\bacup val\img val\loren\Loren 2012 04 14 003.jpg
[02:02:33] - [30] MIRKO.POZEN: Fichier envoyé: D:\kerberos.htx\bacup val\img val\loren\Loren 2012 04 14 003.jpg (48,53 K/S -   49 692 bytes)
[02:02:34] - [30] MIRKO.POZEN: Début du Téléchargement de: D:\kerberos.htx\bacup val\img val\loren\Loren 2012 04 14.jpg
[02:02:34] - [30] MIRKO.POZEN: Fichier envoyé: D:\kerberos.htx\bacup val\img val\loren\Loren 2012 04 14.jpg (35,06 K/S -   35 897 bytes)
[02:02:35] - [30] MIRKO.POZEN: Début du Téléchargement de: D:\kerberos.htx\bacup val\img val\loren\loren photo 25.jpg
[02:02:36] - [30] MIRKO.POZEN: Fichier envoyé: D:\kerberos.htx\bacup val\img val\loren\loren photo 25.jpg (55,64 K/S -   56 979 bytes)
[02:02:36] - [30] MIRKO.POZEN: Répertoire en Cours: D:\kerberos.htx\bacup val\img val\img val mimiques\
[02:02:37] - [30] MIRKO.POZEN: Début du Téléchargement de: D:\kerberos.htx\bacup val\img val\img val mimiques\065144_1.jpg
[02:02:38] - [30] MIRKO.POZEN: Fichier envoyé: D:\kerberos.htx\bacup val\img val\img val mimiques\065144_1.jpg (49,32 K/S -   101 006 bytes)
[02:02:39] - [30] MIRKO.POZEN: Début du Téléchargement de: D:\kerberos.htx\bacup val\img val\img val mimiques\065230_1.jpg
[02:02:40] - [30] MIRKO.POZEN: Fichier envoyé: D:\kerberos.htx\bacup val\img val\img val mimiques\065230_1.jpg (84,83 K/S -   86 871 bytes)
[02:02:41] - [30] MIRKO.POZEN: Début du Téléchargement de: D:\kerberos.htx\bacup val\img val\img val mimiques\065237_1.jpg
[02:02:42] - [30] MIRKO.POZEN: Fichier envoyé: D:\kerberos.htx\bacup val\img val\img val mimiques\065237_1.jpg (41,43 K/S -   84 848 bytes)
[02:02:43] - [30] MIRKO.POZEN: Début du Téléchargement de: D:\kerberos.htx\bacup val\img val\img val mimiques\065244_1.jpg
[02:02:44] - [30] MIRKO.POZEN: Fichier envoyé: D:\kerberos.htx\bacup val\img val\img val mimiques\065244_1.jpg (40,92 K/S -   83 799 bytes)
[02:02:44] - [30] MIRKO.POZEN: Début du Téléchargement de: D:\kerberos.htx\bacup val\img val\img val mimiques\065314_1.jpg
[02:02:46] - [30] MIRKO.POZEN: Fichier envoyé: D:\kerberos.htx\bacup val\img val\img val mimiques\065314_1.jpg (48,00 K/S -   98 309 bytes)
[02:02:47] - [30] MIRKO.POZEN: Début du Téléchargement de: D:\kerberos.htx\bacup val\img val\img val mimiques\065328_1.jpg
[02:02:48] - [30] MIRKO.POZEN: Fichier envoyé: D:\kerberos.htx\bacup val\img val\img val mimiques\065328_1.jpg (48,09 K/S -   98 498 bytes)
[02:02:49] - [30] MIRKO.POZEN: Début du Téléchargement de: D:\kerberos.htx\bacup val\img val\img val mimiques\104137_1.jpg
[02:02:49] - [31] MIRKO.POZEN: Fichier envoyé: D:\kerberos.htx\bacup val\img val\loren\DSC05372.JPG (60,08 K/S -  1 353 560 bytes)
[02:02:49] - [31] MIRKO.POZEN: Répertoire en Cours: D:\kerberos.htx\bacup val\img val\img val mimiques\
[02:02:49] - [31] MIRKO.POZEN: Début du Téléchargement de: D:\kerberos.htx\bacup val\img val\img val mimiques\104149_1.jpg
[02:02:51] - [30] MIRKO.POZEN: Fichier envoyé: D:\kerberos.htx\bacup val\img val\img val mimiques\104137_1.jpg (53,58 K/S -   164 613 bytes)
[02:02:52] - [30] MIRKO.POZEN: Début du Téléchargement de: D:\kerberos.htx\bacup val\img val\img val mimiques\104214_1.jpg
[02:02:52] - [31] MIRKO.POZEN: Fichier envoyé: D:\kerberos.htx\bacup val\img val\img val mimiques\104149_1.jpg (51,59 K/S -   158 482 bytes)
[02:02:52] - [31] MIRKO.POZEN: Début du Téléchargement de: D:\kerberos.htx\bacup val\img val\img val mimiques\104239_1.jpg
[02:02:54] - [30] MIRKO.POZEN: Fichier envoyé: D:\kerberos.htx\bacup val\img val\img val mimiques\104214_1.jpg (61,28 K/S -   125 502 bytes)
[02:02:54] - [30] MIRKO.POZEN: Début du Téléchargement de: D:\kerberos.htx\bacup val\img val\img val mimiques\104321_1.jpg
[02:02:54] - [31] MIRKO.POZEN: Fichier envoyé: D:\kerberos.htx\bacup val\img val\img val mimiques\104239_1.jpg (67,26 K/S -   137 757 bytes)
[02:02:55] - [31] MIRKO.POZEN: Début du Téléchargement de: D:\kerberos.htx\bacup val\img val\img val mimiques\104419_1.jpg
[02:02:57] - [30] MIRKO.POZEN: Fichier envoyé: D:\kerberos.htx\bacup val\img val\img val mimiques\104321_1.jpg (56,19 K/S -   172 611 bytes)
[02:02:57] - [30] MIRKO.POZEN: Début du Téléchargement de: D:\kerberos.htx\bacup val\img val\img val mimiques\104432.jpg
[02:02:57] - [31] MIRKO.POZEN: Fichier envoyé: D:\kerberos.htx\bacup val\img val\img val mimiques\104419_1.jpg (79,66 K/S -   163 137 bytes)
[02:02:58] - [31] MIRKO.POZEN: Début du Téléchargement de: D:\kerberos.htx\bacup val\img val\img val mimiques\104446.jpg
[02:03:00] - [30] MIRKO.POZEN: Fichier envoyé: D:\kerberos.htx\bacup val\img val\img val mimiques\104432.jpg (51,14 K/S -   157 088 bytes)
[02:03:00] - [30] MIRKO.POZEN: Début du Téléchargement de: D:\kerberos.htx\bacup val\img val\img val mimiques\104504_1.jpg
[02:03:01] - [31] MIRKO.POZEN: Fichier envoyé: D:\kerberos.htx\bacup val\img val\img val mimiques\104446.jpg (79,45 K/S -   162 723 bytes)
[02:03:01] - [31] MIRKO.POZEN: Début du Téléchargement de: D:\kerberos.htx\bacup val\img val\img val mimiques\104512.jpg
[02:03:04] - [30] MIRKO.POZEN: Fichier envoyé: D:\kerberos.htx\bacup val\img val\img val mimiques\104504_1.jpg (66,53 K/S -   204 370 bytes)
[02:03:04] - [31] MIRKO.POZEN: Fichier envoyé: D:\kerberos.htx\bacup val\img val\img val mimiques\104512.jpg (74,22 K/S -   151 997 bytes)
[02:03:04] - [30] MIRKO.POZEN: Début du Téléchargement de: D:\kerberos.htx\bacup val\img val\img val mimiques\104553_1.jpg
[02:03:04] - [31] MIRKO.POZEN: Début du Téléchargement de: D:\kerberos.htx\bacup val\img val\img val mimiques\104623.jpg
[02:03:06] - [31] MIRKO.POZEN: Fichier envoyé: D:\kerberos.htx\bacup val\img val\img val mimiques\104623.jpg (58,89 K/S -   120 600 bytes)
[02:03:06] - [31] MIRKO.POZEN: Début du Téléchargement de: D:\kerberos.htx\bacup val\img val\img val mimiques\105833_1.jpg
[02:03:07] - [30] MIRKO.POZEN: Fichier envoyé: D:\kerberos.htx\bacup val\img val\img val mimiques\104553_1.jpg (81,33 K/S -   166 569 bytes)
[02:03:07] - [30] MIRKO.POZEN: Début du Téléchargement de: D:\kerberos.htx\bacup val\img val\img val mimiques\110415_1.jpg
[02:03:08] - [31] MIRKO.POZEN: Fichier envoyé: D:\kerberos.htx\bacup val\img val\img val mimiques\105833_1.jpg (59,42 K/S -   121 684 bytes)
[02:03:09] - [31] MIRKO.POZEN: Début du Téléchargement de: D:\kerberos.htx\bacup val\img val\img val mimiques\110426_1.jpg
[02:03:10] - [30] MIRKO.POZEN: Fichier envoyé: D:\kerberos.htx\bacup val\img val\img val mimiques\110415_1.jpg (63,69 K/S -   195 664 bytes)
[02:03:11] - [30] MIRKO.POZEN: Début du Téléchargement de: D:\kerberos.htx\bacup val\img val\img val mimiques\110434_1.jpg
[02:03:12] - [31] MIRKO.POZEN: Fichier envoyé: D:\kerberos.htx\bacup val\img val\img val mimiques\110426_1.jpg (47,89 K/S -   196 168 bytes)
[02:03:12] - [31] MIRKO.POZEN: Début du Téléchargement de: D:\kerberos.htx\bacup val\img val\img val mimiques\160646_1.jpg
[02:03:13] - [31] MIRKO.POZEN: Fichier envoyé: D:\kerberos.htx\bacup val\img val\img val mimiques\160646_1.jpg (37,87 K/S -   38 775 bytes)
[02:03:13] - [31] MIRKO.POZEN: Début du Téléchargement de: D:\kerberos.htx\bacup val\img val\img val mimiques\160715_1.jpg
[02:03:14] - [30] MIRKO.POZEN: Fichier envoyé: D:\kerberos.htx\bacup val\img val\img val mimiques\110434_1.jpg (61,13 K/S -   187 798 bytes)
[02:03:14] - [31] MIRKO.POZEN: Fichier envoyé: D:\kerberos.htx\bacup val\img val\img val mimiques\160715_1.jpg (33,76 K/S -   34 573 bytes)
[02:03:14] - [30] MIRKO.POZEN: Début du Téléchargement de: D:\kerberos.htx\bacup val\img val\img val mimiques\160721.jpg
[02:03:14] - [31] MIRKO.POZEN: Début du Téléchargement de: D:\kerberos.htx\bacup val\img val\img val mimiques\160735_1.jpg
[02:03:14] - [30] MIRKO.POZEN: Fichier envoyé: D:\kerberos.htx\bacup val\img val\img val mimiques\160721.jpg (35,25 K/S -   36 095 bytes)
[02:03:15] - [31] MIRKO.POZEN: Fichier envoyé: D:\kerberos.htx\bacup val\img val\img val mimiques\160735_1.jpg (35,01 K/S -   35 850 bytes)
[02:03:15] - [30] MIRKO.POZEN: Début du Téléchargement de: D:\kerberos.htx\bacup val\img val\img val mimiques\160908_1.jpg
[02:03:15] - [31] MIRKO.POZEN: Début du Téléchargement de: D:\kerberos.htx\bacup val\img val\img val mimiques\161425_1.jpg
[02:03:15] - [30] MIRKO.POZEN: Fichier envoyé: D:\kerberos.htx\bacup val\img val\img val mimiques\160908_1.jpg (37,11 K/S -   37 998 bytes)
[02:03:15] - [31] MIRKO.POZEN: Fichier envoyé: D:\kerberos.htx\bacup val\img val\img val mimiques\161425_1.jpg (34,66 K/S -   35 490 bytes)
[02:03:15] - [30] MIRKO.POZEN: Début du Téléchargement de: D:\kerberos.htx\bacup val\img val\img val mimiques\161456_1.jpg
[02:03:16] - [31] MIRKO.POZEN: Début du Téléchargement de: D:\kerberos.htx\bacup val\img val\img val mimiques\161520_1.jpg
[02:03:16] - [30] MIRKO.POZEN: Fichier envoyé: D:\kerberos.htx\bacup val\img val\img val mimiques\161456_1.jpg (34,05 K/S -   34 870 bytes)
[02:03:16] - [31] MIRKO.POZEN: Fichier envoyé: D:\kerberos.htx\bacup val\img val\img val mimiques\161520_1.jpg (32,94 K/S -   33 726 bytes)
[02:03:16] - [30] MIRKO.POZEN: Début du Téléchargement de: D:\kerberos.htx\bacup val\img val\img val mimiques\161525_1.jpg
[02:03:16] - [31] MIRKO.POZEN: Début du Téléchargement de: D:\kerberos.htx\bacup val\img val\img val mimiques\161549_1.jpg
[02:03:16] - [30] MIRKO.POZEN: Fichier envoyé: D:\kerberos.htx\bacup val\img val\img val mimiques\161525_1.jpg (33,58 K/S -   34 385 bytes)
[02:03:17] - [30] MIRKO.POZEN: Début du Téléchargement de: D:\kerberos.htx\bacup val\img val\img val mimiques\161617_1.jpg
[02:03:17] - [31] MIRKO.POZEN: Fichier envoyé: D:\kerberos.htx\bacup val\img val\img val mimiques\161549_1.jpg (34,70 K/S -   35 531 bytes)
[02:03:17] - [31] MIRKO.POZEN: Début du Téléchargement de: D:\kerberos.htx\bacup val\img val\img val mimiques\195141.jpg
[02:03:17] - [30] MIRKO.POZEN: Fichier envoyé: D:\kerberos.htx\bacup val\img val\img val mimiques\161617_1.jpg (34,41 K/S -   35 232 bytes)
[02:03:17] - [30] MIRKO.POZEN: Début du Téléchargement de: D:\kerberos.htx\bacup val\img val\img val mimiques\195202_1.jpg
[02:03:18] - [31] MIRKO.POZEN: Fichier envoyé: D:\kerberos.htx\bacup val\img val\img val mimiques\195141.jpg (55,72 K/S -   57 054 bytes)
[02:03:18] - [30] MIRKO.POZEN: Fichier envoyé: D:\kerberos.htx\bacup val\img val\img val mimiques\195202_1.jpg (52,10 K/S -   53 355 bytes)
[02:03:18] - [31] MIRKO.POZEN: Début du Téléchargement de: D:\kerberos.htx\bacup val\img val\img val mimiques\195228_1.jpg
[02:03:18] - [30] MIRKO.POZEN: Début du Téléchargement de: D:\kerberos.htx\bacup val\img val\img val mimiques\195302_1.jpg
[02:03:19] - [31] MIRKO.POZEN: Fichier envoyé: D:\kerberos.htx\bacup val\img val\img val mimiques\195228_1.jpg (55,21 K/S -   56 531 bytes)
[02:03:19] - [30] MIRKO.POZEN: Fichier envoyé: D:\kerberos.htx\bacup val\img val\img val mimiques\195302_1.jpg (52,18 K/S -   53 431 bytes)
[02:03:19] - [31] MIRKO.POZEN: Début du Téléchargement de: D:\kerberos.htx\bacup val\img val\img val mimiques\195318_1.jpg
[02:03:19] - [30] MIRKO.POZEN: Début du Téléchargement de: D:\kerberos.htx\bacup val\img val\img val mimiques\195328_1.jpg
[02:03:20] - [31] MIRKO.POZEN: Fichier envoyé: D:\kerberos.htx\bacup val\img val\img val mimiques\195318_1.jpg (45,92 K/S -   47 023 bytes)
[02:03:20] - [30] MIRKO.POZEN: Fichier envoyé: D:\kerberos.htx\bacup val\img val\img val mimiques\195328_1.jpg (48,03 K/S -   49 180 bytes)
[02:03:20] - [31] MIRKO.POZEN: Début du Téléchargement de: D:\kerberos.htx\bacup val\img val\img val mimiques\195409_1.jpg
[02:03:20] - [30] MIRKO.POZEN: Début du Téléchargement de: D:\kerberos.htx\bacup val\img val\img val mimiques\195421_1.jpg
[02:03:21] - [31] MIRKO.POZEN: Fichier envoyé: D:\kerberos.htx\bacup val\img val\img val mimiques\195409_1.jpg (58,07 K/S -   59 468 bytes)
[02:03:21] - [30] MIRKO.POZEN: Fichier envoyé: D:\kerberos.htx\bacup val\img val\img val mimiques\195421_1.jpg (61,97 K/S -   63 459 bytes)
[02:03:21] - [31] MIRKO.POZEN: Début du Téléchargement de: D:\kerberos.htx\bacup val\img val\img val mimiques\195505.jpg
[02:03:22] - [30] MIRKO.POZEN: Début du Téléchargement de: D:\kerberos.htx\bacup val\img val\img val mimiques\195519_1.jpg
[02:03:22] - [31] MIRKO.POZEN: Fichier envoyé: D:\kerberos.htx\bacup val\img val\img val mimiques\195505.jpg (55,20 K/S -   56 529 bytes)
[02:03:22] - [31] MIRKO.POZEN: Début du Téléchargement de: D:\kerberos.htx\bacup val\img val\img val mimiques\195602_1.jpg
[02:03:22] - [30] MIRKO.POZEN: Fichier envoyé: D:\kerberos.htx\bacup val\img val\img val mimiques\195519_1.jpg (59,52 K/S -   60 950 bytes)
[02:03:23] - [30] MIRKO.POZEN: Début du Téléchargement de: D:\kerberos.htx\bacup val\img val\img val mimiques\195631_1.jpg
[02:03:23] - [31] MIRKO.POZEN: Fichier envoyé: D:\kerberos.htx\bacup val\img val\img val mimiques\195602_1.jpg (45,82 K/S -   46 923 bytes)
[02:03:23] - [31] MIRKO.POZEN: Début du Téléchargement de: D:\kerberos.htx\bacup val\img val\img val mimiques\195702_1.jpg
[02:03:23] - [30] MIRKO.POZEN: Fichier envoyé: D:\kerberos.htx\bacup val\img val\img val mimiques\195631_1.jpg (50,09 K/S -   51 295 bytes)
[02:03:24] - [31] MIRKO.POZEN: Fichier envoyé: D:\kerberos.htx\bacup val\img val\img val mimiques\195702_1.jpg (33,99 K/S -   34 810 bytes)
[02:03:24] - [30] MIRKO.POZEN: Début du Téléchargement de: D:\kerberos.htx\bacup val\img val\img val mimiques\195729_1.jpg
[02:03:24] - [31] MIRKO.POZEN: Début du Téléchargement de: D:\kerberos.htx\bacup val\img val\img val mimiques\195758_1.jpg
[02:03:25] - [30] MIRKO.POZEN: Fichier envoyé: D:\kerberos.htx\bacup val\img val\img val mimiques\195729_1.jpg (57,90 K/S -   59 285 bytes)
[02:03:25] - [31] MIRKO.POZEN: Fichier envoyé: D:\kerberos.htx\bacup val\img val\img val mimiques\195758_1.jpg (56,19 K/S -   57 536 bytes)
[02:03:25] - [30] MIRKO.POZEN: Début du Téléchargement de: D:\kerberos.htx\bacup val\img val\img val mimiques\195806_1.jpg
[02:03:25] - [31] MIRKO.POZEN: Début du Téléchargement de: D:\kerberos.htx\bacup val\img val\img val mimiques\195845_1.jpg
[02:03:26] - [30] MIRKO.POZEN: Fichier envoyé: D:\kerberos.htx\bacup val\img val\img val mimiques\195806_1.jpg (57,22 K/S -   58 598 bytes)
[02:03:26] - [31] MIRKO.POZEN: Fichier envoyé: D:\kerberos.htx\bacup val\img val\img val mimiques\195845_1.jpg (39,64 K/S -   40 589 bytes)
[02:03:26] - [30] MIRKO.POZEN: Début du Téléchargement de: D:\kerberos.htx\bacup val\img val\img val mimiques\195932.jpg
[02:03:26] - [31] MIRKO.POZEN: Début du Téléchargement de: D:\kerberos.htx\bacup val\img val\img val mimiques\195946_1.jpg
[02:03:27] - [30] MIRKO.POZEN: Fichier envoyé: D:\kerberos.htx\bacup val\img val\img val mimiques\195932.jpg (50,46 K/S -   51 674 bytes)
[02:03:27] - [31] MIRKO.POZEN: Fichier envoyé: D:\kerberos.htx\bacup val\img val\img val mimiques\195946_1.jpg (50,48 K/S -   51 691 bytes)
[02:03:27] - [30] MIRKO.POZEN: Début du Téléchargement de: D:\kerberos.htx\bacup val\img val\img val mimiques\200022_1.jpg
[02:03:27] - [31] MIRKO.POZEN: Début du Téléchargement de: D:\kerberos.htx\bacup val\img val\img val mimiques\200057_1.jpg
[02:03:28] - [30] MIRKO.POZEN: Fichier envoyé: D:\kerberos.htx\bacup val\img val\img val mimiques\200022_1.jpg (50,21 K/S -   51 418 bytes)
[02:03:28] - [31] MIRKO.POZEN: Fichier envoyé: D:\kerberos.htx\bacup val\img val\img val mimiques\200057_1.jpg (48,64 K/S -   49 806 bytes)
[02:03:28] - [30] MIRKO.POZEN: Début du Téléchargement de: D:\kerberos.htx\bacup val\img val\img val mimiques\200134_1.jpg
[02:03:28] - [31] MIRKO.POZEN: Début du Téléchargement de: D:\kerberos.htx\bacup val\img val\img val mimiques\2012 06 09 001.jpg
[02:03:29] - [30] MIRKO.POZEN: Fichier envoyé: D:\kerberos.htx\bacup val\img val\img val mimiques\200134_1.jpg (43,39 K/S -   44 428 bytes)
[02:03:29] - [30] MIRKO.POZEN: Début du Téléchargement de: D:\kerberos.htx\bacup val\img val\img val mimiques\2012 09 10 002bis_1.jpg
[02:03:31] - [30] MIRKO.POZEN: Fichier envoyé: D:\kerberos.htx\bacup val\img val\img val mimiques\2012 09 10 002bis_1.jpg (94,92 K/S -   97 202 bytes)
[02:03:31] - [30] MIRKO.POZEN: Début du Téléchargement de: D:\kerberos.htx\bacup val\img val\img val mimiques\2012 09 10 002ter_1.jpg
[02:03:31] - [31] MIRKO.POZEN: Fichier envoyé: D:\kerberos.htx\bacup val\img val\img val mimiques\2012 06 09 001.jpg (63,14 K/S -   193 966 bytes)
[02:03:31] - [31] MIRKO.POZEN: Début du Téléchargement de: D:\kerberos.htx\bacup val\img val\img val mimiques\2012 09 10 002_1.jpg
[02:03:32] - [30] MIRKO.POZEN: Fichier envoyé: D:\kerberos.htx\bacup val\img val\img val mimiques\2012 09 10 002ter_1.jpg (61,30 K/S -   62 776 bytes)
[02:03:32] - [31] MIRKO.POZEN: Fichier envoyé: D:\kerberos.htx\bacup val\img val\img val mimiques\2012 09 10 002_1.jpg (53,78 K/S -   55 071 bytes)
[02:03:32] - [30] MIRKO.POZEN: Début du Téléchargement de: D:\kerberos.htx\bacup val\img val\img val mimiques\2012 09 10_1.jpg
[02:03:33] - [31] MIRKO.POZEN: Début du Téléchargement de: D:\kerberos.htx\bacup val\img val\img val mimiques\DSC04123_1.JPG
[02:03:33] - [30] MIRKO.POZEN: Fichier envoyé: D:\kerberos.htx\bacup val\img val\img val mimiques\2012 09 10_1.jpg (56,15 K/S -   57 494 bytes)
[02:03:33] - [30] MIRKO.POZEN: Début du Téléchargement de: D:\kerberos.htx\bacup val\img val\img val mimiques\DSC04903_1.JPG
[02:03:46] - [31] MIRKO.POZEN: Fichier envoyé: D:\kerberos.htx\bacup val\img val\img val mimiques\DSC04123_1.JPG (52,45 K/S -   751 983 bytes)
[02:03:47] - [31] MIRKO.POZEN: Début du Téléchargement de: D:\kerberos.htx\bacup val\img val\img val mimiques\DSC04905_1.JPG
[02:03:58] - [30] MIRKO.POZEN: Fichier envoyé: D:\kerberos.htx\bacup val\img val\img val mimiques\DSC04903_1.JPG (53,15 K/S -  1 360 561 bytes)
[02:03:59] - [30] MIRKO.POZEN: Début du Téléchargement de: D:\kerberos.htx\bacup val\img val\img val mimiques\DSC05137.JPG
[02:04:14] - [31] MIRKO.POZEN: Fichier envoyé: D:\kerberos.htx\bacup val\img val\img val mimiques\DSC04905_1.JPG (52,01 K/S -  1 491 234 bytes)
[02:04:14] - [31] MIRKO.POZEN: Début du Téléchargement de: D:\kerberos.htx\bacup val\img val\img val mimiques\DSC05138.JPG
[02:04:25] - [30] MIRKO.POZEN: Fichier envoyé: D:\kerberos.htx\bacup val\img val\img val mimiques\DSC05137.JPG (53,38 K/S -  1 421 135 bytes)
[02:04:25] - [30] MIRKO.POZEN: Début du Téléchargement de: D:\kerberos.htx\bacup val\img val\img val mimiques\DSC05139_1.JPG
[02:04:39] - [31] MIRKO.POZEN: Fichier envoyé: D:\kerberos.htx\bacup val\img val\img val mimiques\DSC05138.JPG (52,18 K/S -  1 335 875 bytes)
[02:04:39] - [31] MIRKO.POZEN: Début du Téléchargement de: D:\kerberos.htx\bacup val\img val\img val mimiques\Photo de moi 1.jpg
[02:04:42] - [31] MIRKO.POZEN: Fichier envoyé: D:\kerberos.htx\bacup val\img val\img val mimiques\Photo de moi 1.jpg (42,54 K/S -   130 669 bytes)
[02:04:42] - [31] MIRKO.POZEN: Début du Téléchargement de: D:\kerberos.htx\bacup val\img val\img val mimiques\Photo de moi 1bis (1).png
[02:04:48] - [31] MIRKO.POZEN: Fichier envoyé: D:\kerberos.htx\bacup val\img val\img val mimiques\Photo de moi 1bis (1).png (50,06 K/S -   307 538 bytes)
[02:04:48] - [31] MIRKO.POZEN: Début du Téléchargement de: D:\kerberos.htx\bacup val\img val\img val mimiques\Photo de moi 1bis (2).png
[02:04:50] - [30] MIRKO.POZEN: Fichier envoyé: D:\kerberos.htx\bacup val\img val\img val mimiques\DSC05139_1.JPG (54,99 K/S -  1 351 371 bytes)
[02:04:50] - [30] MIRKO.POZEN: Début du Téléchargement de: D:\kerberos.htx\bacup val\img val\img val mimiques\Photo de moi 1_1.png
[02:04:53] - [31] MIRKO.POZEN: Fichier envoyé: D:\kerberos.htx\bacup val\img val\img val mimiques\Photo de moi 1bis (2).png (54,72 K/S -   280 148 bytes)
[02:04:53] - [31] MIRKO.POZEN: Début du Téléchargement de: D:\kerberos.htx\bacup val\img val\img val mimiques\Photo de moi 2 001.jpg
[02:04:55] - [31] MIRKO.POZEN: Fichier envoyé: D:\kerberos.htx\bacup val\img val\img val mimiques\Photo de moi 2 001.jpg (35,09 K/S -   71 865 bytes)
[02:04:55] - [31] MIRKO.POZEN: Début du Téléchargement de: D:\kerberos.htx\bacup val\img val\img val mimiques\Photo de moi 3_1.png
[02:04:55] - [30] MIRKO.POZEN: Fichier envoyé: D:\kerberos.htx\bacup val\img val\img val mimiques\Photo de moi 1_1.png (60,99 K/S -   312 253 bytes)
[02:04:56] - [30] MIRKO.POZEN: Début du Téléchargement de: D:\kerberos.htx\bacup val\img val\img val mimiques\Photo de moi 4 004.jpg
[02:04:57] - [30] MIRKO.POZEN: Fichier envoyé: D:\kerberos.htx\bacup val\img val\img val mimiques\Photo de moi 4 004.jpg (48,88 K/S -   100 100 bytes)
[02:04:58] - [30] MIRKO.POZEN: Début du Téléchargement de: D:\kerberos.htx\bacup val\img val\img val mimiques\Photo de moi 4 006.jpg
[02:05:00] - [31] MIRKO.POZEN: Fichier envoyé: D:\kerberos.htx\bacup val\img val\img val mimiques\Photo de moi 3_1.png (68,40 K/S -   280 148 bytes)
[02:05:00] - [31] MIRKO.POZEN: Répertoire en Cours: D:\kerberos.htx\bacup val\img val\fotos val divers\
[02:05:01] - [31] MIRKO.POZEN: Début du Téléchargement de: D:\kerberos.htx\bacup val\img val\fotos val divers\2011 12 28 VB 001.jpg
[02:05:01] - [30] MIRKO.POZEN: Fichier envoyé: D:\kerberos.htx\bacup val\img val\img val mimiques\Photo de moi 4 006.jpg (51,73 K/S -   211 882 bytes)
[02:05:01] - [30] MIRKO.POZEN: Répertoire en Cours: D:\kerberos.htx\bacup val\img val\fotos val divers\
[02:05:01] - [30] MIRKO.POZEN: Début du Téléchargement de: D:\kerberos.htx\bacup val\img val\fotos val divers\P1020171.JPG
[02:05:02] - [31] MIRKO.POZEN: Fichier envoyé: D:\kerberos.htx\bacup val\img val\fotos val divers\2011 12 28 VB 001.jpg (52,35 K/S -   107 206 bytes)
[02:05:02] - [31] MIRKO.POZEN: Début du Téléchargement de: D:\kerberos.htx\bacup val\img val\fotos val divers\P1030167.JPG
[02:05:37] - [30] MIRKO.POZEN: Fichier envoyé: D:\kerberos.htx\bacup val\img val\fotos val divers\P1020171.JPG (53,18 K/S -  1 905 874 bytes)
[02:05:37] - [30] MIRKO.POZEN: Début du Téléchargement de: D:\kerberos.htx\bacup val\img val\fotos val divers\Regard 002_1.jpg
[02:05:40] - [31] MIRKO.POZEN: Fichier envoyé: D:\kerberos.htx\bacup val\img val\fotos val divers\P1030167.JPG (52,67 K/S -  2 049 645 bytes)
[02:05:41] - [31] MIRKO.POZEN: Répertoire en Cours: D:\kerberos.htx\bacup val\img val\diaporama\
[02:05:41] - [30] MIRKO.POZEN: Fichier envoyé: D:\kerberos.htx\bacup val\img val\fotos val divers\Regard 002_1.jpg (70,53 K/S -   216 659 bytes)
[02:05:41] - [30] MIRKO.POZEN: Répertoire en Cours: D:\kerberos.htx\bacup val\img val\diaporama\
[02:05:41] - [31] MIRKO.POZEN: Début du Téléchargement de: D:\kerberos.htx\bacup val\img val\diaporama\1.jpg
[02:05:41] - [30] MIRKO.POZEN: Début du Téléchargement de: D:\kerberos.htx\bacup val\img val\diaporama\10.JPG
[02:05:42] - [31] MIRKO.POZEN: Fichier envoyé: D:\kerberos.htx\bacup val\img val\diaporama\1.jpg (46,72 K/S -   47 838 bytes)
[02:05:42] - [31] MIRKO.POZEN: Début du Téléchargement de: D:\kerberos.htx\bacup val\img val\diaporama\11.JPG
[02:06:07] - [30] MIRKO.POZEN: Fichier envoyé: D:\kerberos.htx\bacup val\img val\diaporama\10.JPG (52,04 K/S -  1 385 552 bytes)
[02:06:07] - [30] MIRKO.POZEN: Début du Téléchargement de: D:\kerberos.htx\bacup val\img val\diaporama\12.JPG
[02:06:10] - [31] MIRKO.POZEN: Fichier envoyé: D:\kerberos.htx\bacup val\img val\diaporama\11.JPG (52,93 K/S -  1 517 746 bytes)
[02:06:10] - [31] MIRKO.POZEN: Début du Téléchargement de: D:\kerberos.htx\bacup val\img val\diaporama\12108911_10206405406866718_5448503062245100685_n.jpg
[02:06:12] - [31] MIRKO.POZEN: Fichier envoyé: D:\kerberos.htx\bacup val\img val\diaporama\12108911_10206405406866718_5448503062245100685_n.jpg (43,72 K/S -   89 539 bytes)
[02:06:12] - [31] MIRKO.POZEN: Début du Téléchargement de: D:\kerberos.htx\bacup val\img val\diaporama\13.JPG
[02:06:33] - [30] MIRKO.POZEN: Fichier envoyé: D:\kerberos.htx\bacup val\img val\diaporama\12.JPG (52,80 K/S -  1 405 671 bytes)
[02:06:33] - [30] MIRKO.POZEN: Début du Téléchargement de: D:\kerberos.htx\bacup val\img val\diaporama\14.JPG
[02:06:38] - [31] MIRKO.POZEN: Fichier envoyé: D:\kerberos.htx\bacup val\img val\diaporama\13.JPG (52,95 K/S -  1 409 873 bytes)
[02:06:39] - [31] MIRKO.POZEN: Début du Téléchargement de: D:\kerberos.htx\bacup val\img val\diaporama\15.JPG
[02:07:00] - [30] MIRKO.POZEN: Fichier envoyé: D:\kerberos.htx\bacup val\img val\diaporama\14.JPG (52,54 K/S -  1 452 621 bytes)
[02:07:00] - [30] MIRKO.POZEN: Début du Téléchargement de: D:\kerberos.htx\bacup val\img val\diaporama\16.JPG
[02:07:05] - [31] MIRKO.POZEN: Fichier envoyé: D:\kerberos.htx\bacup val\img val\diaporama\15.JPG (52,72 K/S -  1 457 610 bytes)
[02:07:06] - [31] MIRKO.POZEN: Début du Téléchargement de: D:\kerberos.htx\bacup val\img val\diaporama\17.JPG
[02:07:26] - [30] MIRKO.POZEN: Fichier envoyé: D:\kerberos.htx\bacup val\img val\diaporama\16.JPG (52,91 K/S -  1 408 703 bytes)
[02:07:27] - [30] MIRKO.POZEN: Début du Téléchargement de: D:\kerberos.htx\bacup val\img val\diaporama\18.1.JPG
[02:07:30] - [31] MIRKO.POZEN: Fichier envoyé: D:\kerberos.htx\bacup val\img val\diaporama\17.JPG (54,00 K/S -  1 327 088 bytes)
[02:07:31] - [31] MIRKO.POZEN: Début du Téléchargement de: D:\kerberos.htx\bacup val\img val\diaporama\18.JPG
[02:07:54] - [30] MIRKO.POZEN: Fichier envoyé: D:\kerberos.htx\bacup val\img val\diaporama\18.1.JPG (51,55 K/S -  1 478 005 bytes)
[02:07:54] - [30] MIRKO.POZEN: Début du Téléchargement de: D:\kerberos.htx\bacup val\img val\diaporama\19.1.JPG
[02:07:58] - [31] MIRKO.POZEN: Fichier envoyé: D:\kerberos.htx\bacup val\img val\diaporama\18.JPG (53,08 K/S -  1 467 448 bytes)
[02:07:58] - [31] MIRKO.POZEN: Début du Téléchargement de: D:\kerberos.htx\bacup val\img val\diaporama\2.JPG
[02:08:21] - [30] MIRKO.POZEN: Fichier envoyé: D:\kerberos.htx\bacup val\img val\diaporama\19.1.JPG (52,26 K/S -  1 444 867 bytes)
[02:08:21] - [30] MIRKO.POZEN: Début du Téléchargement de: D:\kerberos.htx\bacup val\img val\diaporama\20.JPG
[02:08:26] - [31] MIRKO.POZEN: Fichier envoyé: D:\kerberos.htx\bacup val\img val\diaporama\2.JPG (52,51 K/S -  1 505 648 bytes)
[02:08:26] - [31] MIRKO.POZEN: Début du Téléchargement de: D:\kerberos.htx\bacup val\img val\diaporama\2004 05 16 Gardon_1.jpg
[02:08:27] - [31] MIRKO.POZEN: Fichier envoyé: D:\kerberos.htx\bacup val\img val\diaporama\2004 05 16 Gardon_1.jpg (54,10 K/S -   55 397 bytes)
[02:08:27] - [31] MIRKO.POZEN: Début du Téléchargement de: D:\kerberos.htx\bacup val\img val\diaporama\21.JPG
[02:08:48] - [30] MIRKO.POZEN: Fichier envoyé: D:\kerberos.htx\bacup val\img val\diaporama\20.JPG (53,72 K/S -  1 485 233 bytes)
[02:08:49] - [30] MIRKO.POZEN: Début du Téléchargement de: D:\kerberos.htx\bacup val\img val\diaporama\22.JPG
[02:08:55] - [31] MIRKO.POZEN: Fichier envoyé: D:\kerberos.htx\bacup val\img val\diaporama\21.JPG (51,80 K/S -  1 485 233 bytes)
[02:08:55] - [31] MIRKO.POZEN: Début du Téléchargement de: D:\kerberos.htx\bacup val\img val\diaporama\23.JPG
[02:09:17] - [30] MIRKO.POZEN: Fichier envoyé: D:\kerberos.htx\bacup val\img val\diaporama\22.JPG (53,12 K/S -  1 522 992 bytes)
[02:09:17] - [30] MIRKO.POZEN: Début du Téléchargement de: D:\kerberos.htx\bacup val\img val\diaporama\24.JPG
[02:09:21] - [31] MIRKO.POZEN: Fichier envoyé: D:\kerberos.htx\bacup val\img val\diaporama\23.JPG (52,80 K/S -  1 405 870 bytes)
[02:09:21] - [31] MIRKO.POZEN: Début du Téléchargement de: D:\kerberos.htx\bacup val\img val\diaporama\25.JPG
[02:09:45] - [30] MIRKO.POZEN: Fichier envoyé: D:\kerberos.htx\bacup val\img val\diaporama\24.JPG (52,45 K/S -  1 503 932 bytes)
[02:09:45] - [30] MIRKO.POZEN: Début du Téléchargement de: D:\kerberos.htx\bacup val\img val\diaporama\26.jpg
[02:09:46] - [30] MIRKO.POZEN: Fichier envoyé: D:\kerberos.htx\bacup val\img val\diaporama\26.jpg (32,10 K/S -   32 872 bytes)
[02:09:46] - [30] MIRKO.POZEN: Début du Téléchargement de: D:\kerberos.htx\bacup val\img val\diaporama\27.JPG
[02:09:48] - [31] MIRKO.POZEN: Fichier envoyé: D:\kerberos.htx\bacup val\img val\diaporama\25.JPG (53,50 K/S -  1 479 198 bytes)
[02:09:49] - [31] MIRKO.POZEN: Début du Téléchargement de: D:\kerberos.htx\bacup val\img val\diaporama\28.JPG
[02:10:24] - [30] MIRKO.POZEN: Fichier envoyé: D:\kerberos.htx\bacup val\img val\diaporama\27.JPG (52,67 K/S -  2 049 645 bytes)
[02:10:24] - [30] MIRKO.POZEN: Début du Téléchargement de: D:\kerberos.htx\bacup val\img val\diaporama\3.JPG
[02:10:28] - [31] MIRKO.POZEN: Fichier envoyé: D:\kerberos.htx\bacup val\img val\diaporama\28.JPG (52,98 K/S -  2 115 686 bytes)
[02:10:28] - [31] MIRKO.POZEN: Début du Téléchargement de: D:\kerberos.htx\bacup val\img val\diaporama\30.JPG
[02:10:50] - [30] MIRKO.POZEN: Fichier envoyé: D:\kerberos.htx\bacup val\img val\diaporama\3.JPG (53,45 K/S -  1 368 265 bytes)
[02:10:50] - [30] MIRKO.POZEN: Début du Téléchargement de: D:\kerberos.htx\bacup val\img val\diaporama\31.JPG
[02:11:01] - [31] MIRKO.POZEN: Fichier envoyé: D:\kerberos.htx\bacup val\img val\diaporama\30.JPG (52,78 K/S -  1 783 442 bytes)
[02:11:02] - [31] MIRKO.POZEN: Début du Téléchargement de: D:\kerberos.htx\bacup val\img val\diaporama\317495_10200307652066659_632422248_n.jpg
[02:11:02] - [31] MIRKO.POZEN: Fichier envoyé: D:\kerberos.htx\bacup val\img val\diaporama\317495_10200307652066659_632422248_n.jpg (18,42 K/S -   18 859 bytes)
[02:11:02] - [31] MIRKO.POZEN: Début du Téléchargement de: D:\kerberos.htx\bacup val\img val\diaporama\32.JPG
[02:11:23] - [30] MIRKO.POZEN: Fichier envoyé: D:\kerberos.htx\bacup val\img val\diaporama\31.JPG (53,64 K/S -  1 812 493 bytes)
[02:11:24] - [30] MIRKO.POZEN: Début du Téléchargement de: D:\kerberos.htx\bacup val\img val\diaporama\33.JPG
[02:11:36] - [31] MIRKO.POZEN: Fichier envoyé: D:\kerberos.htx\bacup val\img val\diaporama\32.JPG (52,30 K/S -  1 820 767 bytes)
[02:11:36] - [31] MIRKO.POZEN: Début du Téléchargement de: D:\kerberos.htx\bacup val\img val\diaporama\34.1.jpg
[02:11:37] - [31] MIRKO.POZEN: Fichier envoyé: D:\kerberos.htx\bacup val\img val\diaporama\34.1.jpg (61,83 K/S -   63 318 bytes)
[02:11:38] - [31] MIRKO.POZEN: Début du Téléchargement de: D:\kerberos.htx\bacup val\img val\diaporama\34.jpg
[02:11:55] - [31] MIRKO.POZEN: Fichier envoyé: D:\kerberos.htx\bacup val\img val\diaporama\34.jpg (51,89 K/S -   956 428 bytes)
[02:11:56] - [31] MIRKO.POZEN: Début du Téléchargement de: D:\kerberos.htx\bacup val\img val\diaporama\35.JPG
[02:11:58] - [30] MIRKO.POZEN: Fichier envoyé: D:\kerberos.htx\bacup val\img val\diaporama\33.JPG (53,55 K/S -  1 864 450 bytes)
[02:11:58] - [30] MIRKO.POZEN: Début du Téléchargement de: D:\kerberos.htx\bacup val\img val\diaporama\36.JPG
[02:12:32] - [31] MIRKO.POZEN: Fichier envoyé: D:\kerberos.htx\bacup val\img val\diaporama\35.JPG (53,69 K/S -  1 924 133 bytes)
[02:12:32] - [31] MIRKO.POZEN: Début du Téléchargement de: D:\kerberos.htx\bacup val\img val\diaporama\37.JPG
[02:12:33] - [30] MIRKO.POZEN: Fichier envoyé: D:\kerberos.htx\bacup val\img val\diaporama\36.JPG (53,53 K/S -  1 863 762 bytes)
[02:12:33] - [30] MIRKO.POZEN: Début du Téléchargement de: D:\kerberos.htx\bacup val\img val\diaporama\38.JPG
[02:13:07] - [31] MIRKO.POZEN: Fichier envoyé: D:\kerberos.htx\bacup val\img val\diaporama\37.JPG (52,87 K/S -  1 894 792 bytes)
[02:13:07] - [31] MIRKO.POZEN: Début du Téléchargement de: D:\kerberos.htx\bacup val\img val\diaporama\39.JPG
[02:13:14] - [30] MIRKO.POZEN: Fichier envoyé: D:\kerberos.htx\bacup val\img val\diaporama\38.JPG (53,15 K/S -  2 231 535 bytes)
[02:13:15] - [30] MIRKO.POZEN: Début du Téléchargement de: D:\kerberos.htx\bacup val\img val\diaporama\4.JPG
[02:13:29] - [31] MIRKO.POZEN: Fichier envoyé: D:\kerberos.htx\bacup val\img val\diaporama\39.JPG (51,75 K/S -  1 165 777 bytes)
[02:13:29] - [31] MIRKO.POZEN: Début du Téléchargement de: D:\kerberos.htx\bacup val\img val\diaporama\426771_10200492031836038_74650669_n.jpg
[02:13:30] - [31] MIRKO.POZEN: Fichier envoyé: D:\kerberos.htx\bacup val\img val\diaporama\426771_10200492031836038_74650669_n.jpg (19,11 K/S -   19 569 bytes)
[02:13:30] - [31] MIRKO.POZEN: Début du Téléchargement de: D:\kerberos.htx\bacup val\img val\diaporama\5.JPG
[02:13:41] - [30] MIRKO.POZEN: Fichier envoyé: D:\kerberos.htx\bacup val\img val\diaporama\4.JPG (52,40 K/S -  1 448 885 bytes)
[02:13:42] - [30] MIRKO.POZEN: Début du Téléchargement de: D:\kerberos.htx\bacup val\img val\diaporama\541379_10200307652786677_1726698920_n.jpg
[02:13:42] - [30] MIRKO.POZEN: Fichier envoyé: D:\kerberos.htx\bacup val\img val\diaporama\541379_10200307652786677_1726698920_n.jpg (18,83 K/S -   19 283 bytes)
[02:13:42] - [30] MIRKO.POZEN: Début du Téléchargement de: D:\kerberos.htx\bacup val\img val\diaporama\6.JPG
[02:13:55] - [31] MIRKO.POZEN: Fichier envoyé: D:\kerberos.htx\bacup val\img val\diaporama\5.JPG (54,85 K/S -  1 348 111 bytes)
[02:13:55] - [31] MIRKO.POZEN: Début du Téléchargement de: D:\kerberos.htx\bacup val\img val\diaporama\7.JPG
[02:14:07] - [30] MIRKO.POZEN: Fichier envoyé: D:\kerberos.htx\bacup val\img val\diaporama\6.JPG (52,66 K/S -  1 348 111 bytes)
[02:14:07] - [30] MIRKO.POZEN: Début du Téléchargement de: D:\kerberos.htx\bacup val\img val\diaporama\8.JPG
[02:14:21] - [31] MIRKO.POZEN: Fichier envoyé: D:\kerberos.htx\bacup val\img val\diaporama\7.JPG (53,04 K/S -  1 412 123 bytes)
[02:14:21] - [31] MIRKO.POZEN: Début du Téléchargement de: D:\kerberos.htx\bacup val\img val\diaporama\9.JPG
[02:14:34] - [30] MIRKO.POZEN: Fichier envoyé: D:\kerberos.htx\bacup val\img val\diaporama\8.JPG (53,66 K/S -  1 428 523 bytes)
[02:14:34] - [30] MIRKO.POZEN: Début du Téléchargement de: D:\kerberos.htx\bacup val\img val\diaporama\DSC04985.JPG
[02:14:45] - [31] MIRKO.POZEN: Fichier envoyé: D:\kerberos.htx\bacup val\img val\diaporama\9.JPG (52,90 K/S -  1 300 140 bytes)
[02:14:46] - [31] MIRKO.POZEN: Début du Téléchargement de: D:\kerberos.htx\bacup val\img val\diaporama\DSC05020.JPG
[02:15:01] - [30] MIRKO.POZEN: Fichier envoyé: D:\kerberos.htx\bacup val\img val\diaporama\DSC04985.JPG (54,30 K/S -  1 445 691 bytes)
[02:15:01] - [30] MIRKO.POZEN: Début du Téléchargement de: D:\kerberos.htx\bacup val\img val\diaporama\DSC05029.JPG
[02:15:07] - [31] MIRKO.POZEN: Fichier envoyé: D:\kerberos.htx\bacup val\img val\diaporama\DSC05020.JPG (52,76 K/S -  1 188 647 bytes)
[02:15:08] - [31] MIRKO.POZEN: Début du Téléchargement de: D:\kerberos.htx\bacup val\img val\diaporama\Gardon 2011 12 10 006ter.jpg
[02:15:09] - [31] MIRKO.POZEN: Fichier envoyé: D:\kerberos.htx\bacup val\img val\diaporama\Gardon 2011 12 10 006ter.jpg (60,81 K/S -   62 272 bytes)
[02:15:19] - [30] MIRKO.POZEN: Fichier envoyé: D:\kerberos.htx\bacup val\img val\diaporama\DSC05029.JPG (81,69 K/S -  1 505 706 bytes)
[02:15:40] - [31] Client 86.235.162.42 Déconnecté (02:36:30 Min)
[02:15:50] - [30] Client 86.235.162.42 Déconnecté (02:36:41 Min)
[03:54:45] - [32] Connecté à 71.6.199.23. Collecte du Nom d'utilisateur.
[03:54:46] - [32] Usager ANONYMOUS Connecté IP: 71.6.199.23
[03:54:46] - [32] Mot de Passe Incorrect: Utilisateur ANONYMOUS IP: 71.6.199.23
[03:54:47] - [32] Client 71.6.199.23 Déconnecté (00:00:01 Min)
[04:32:27] - [33] Connecté à 199.116.115.136. Collecte du Nom d'utilisateur.
[04:32:28] - [33] Usager ANONYMOUS Connecté IP: 199.116.115.136
[04:32:28] - [33] Mot de Passe Incorrect: Utilisateur ANONYMOUS IP: 199.116.115.136
[04:32:28] - [33] Client 199.116.115.136 Déconnecté (00:00:00 Min)
[07:51:51] - [34] Connecté à 158.181.18.132. Collecte du Nom d'utilisateur.
[07:51:51] - [34] Authentification Incorrect: Utilisateur USER IP: 158.181.18.132
[07:51:51] - [34] Client 158.181.18.132 Déconnecté (00:00:00 Min)
[08:03:55] - [35] Connecté à 107.170.202.114. Collecte du Nom d'utilisateur.
[08:04:05] - [35] Client 107.170.202.114 Déconnecté (00:00:09 Min)
[08:19:00] - [36] Connecté à 184.105.139.68. Collecte du Nom d'utilisateur.
[08:19:00] - [36] Client 184.105.139.68 Déconnecté (00:00:00 Min)
[20:49:21] - [37] Connecté à 175.110.102.146. Collecte du Nom d'utilisateur.
[20:49:21] - [37] Authentification Incorrect: Utilisateur FTP IP: 175.110.102.146
[20:49:21] - [37] Client 175.110.102.146 Déconnecté (00:00:00 Min)
[21:02:41] - [38] Connecté à 196.52.43.127. Collecte du Nom d'utilisateur.
[21:03:12] - [38] Client 196.52.43.127 Déconnecté (00:00:30 Min)
[21:05:32] - [39] Connecté à 196.52.43.57. Collecte du Nom d'utilisateur.
[21:05:42] - [39] Client 196.52.43.57 Déconnecté (00:00:09 Min)
[21:12:21] - [40] Connecté à 192.168.0.1. Collecte du Nom d'utilisateur.
[21:12:21] - [40] Usager MIRKO.POZEN Connecté IP: 192.168.0.1
[21:12:21] - [40] MIRKO.POZEN: Répertoire en Cours: D:\kerberos.htx\
[21:12:21] - [40] MIRKO.POZEN: Répertoire en Cours: D:\kerberos.htx\
[21:12:25] - [40] MIRKO.POZEN: Répertoire en Cours: D:\kerberos.htx\exe\
[21:13:00] - [41] Connecté à 192.168.0.1. Collecte du Nom d'utilisateur.
[21:13:00] - [41] Usager MIRKO.POZEN Connecté IP: 192.168.0.1
[21:13:00] - [41] MIRKO.POZEN: Répertoire en Cours: D:\kerberos.htx\
[21:13:00] - [41] MIRKO.POZEN: Répertoire en Cours: D:\kerberos.htx\exe\
[21:13:00] - [41] MIRKO.POZEN: Début du Téléchargement de: D:\kerberos.htx\exe\free-iso-burner_free_iso_burner_1.2_anglais_272722.exe
[21:13:03] - [41] MIRKO.POZEN: Fichier envoyé: D:\kerberos.htx\exe\free-iso-burner_free_iso_burner_1.2_anglais_272722.exe (266,83 K/S -   819 712 bytes)
[21:13:34] - [41] Client 192.168.0.1 Déconnecté (00:00:34 Min)
[21:14:46] - [40] Client 192.168.0.1 Déconnecté (00:02:24 Min)
[22:22:09] - [42] Connecté à 192.168.0.1. Collecte du Nom d'utilisateur.
[22:22:09] - [42] Usager MIRKO.POZEN Connecté IP: 192.168.0.1
[22:22:09] - [42] MIRKO.POZEN: Répertoire en Cours: D:\kerberos.htx\
[22:22:09] - [42] MIRKO.POZEN: Répertoire en Cours: D:\kerberos.htx\
[22:22:15] - [42] MIRKO.POZEN: Répertoire en Cours: D:\kerberos.htx\GetDataBack for NTFS\
[22:22:28] - [43] Connecté à 192.168.0.1. Collecte du Nom d'utilisateur.
[22:22:28] - [44] Connecté à 192.168.0.1. Collecte du Nom d'utilisateur.
[22:22:28] - [43] Usager MIRKO.POZEN Connecté IP: 192.168.0.1
[22:22:28] - [43] MIRKO.POZEN: Répertoire en Cours: D:\kerberos.htx\
[22:22:29] - [44] Usager MIRKO.POZEN Connecté IP: 192.168.0.1
[22:22:29] - [44] MIRKO.POZEN: Répertoire en Cours: D:\kerberos.htx\
[22:22:29] - [43] MIRKO.POZEN: Répertoire en Cours: D:\kerberos.htx\GetDataBack for NTFS\
[22:22:29] - [44] MIRKO.POZEN: Répertoire en Cours: D:\kerberos.htx\GetDataBack for NTFS\
[22:22:29] - [43] MIRKO.POZEN: Début du Téléchargement de: D:\kerberos.htx\GetDataBack for NTFS\DRV16.DLL
[22:22:29] - [44] MIRKO.POZEN: Début du Téléchargement de: D:\kerberos.htx\GetDataBack for NTFS\gdbnt.DEU
[22:22:29] - [43] MIRKO.POZEN: Fichier envoyé: D:\kerberos.htx\GetDataBack for NTFS\DRV16.DLL (23,25 K/S -   23 808 bytes)
[22:22:29] - [43] MIRKO.POZEN: Début du Téléchargement de: D:\kerberos.htx\GetDataBack for NTFS\gdbnt.exe
[22:22:33] - [42] MIRKO.POZEN: Répertoire en Cours: D:\kerberos.htx\
[22:22:33] - [42] MIRKO.POZEN: Répertoire en Cours: D:\kerberos.htx\exe\
[22:22:35] - [44] MIRKO.POZEN: Fichier envoyé: D:\kerberos.htx\GetDataBack for NTFS\gdbnt.DEU (141,86 K/S -  1 016 832 bytes)
[22:22:36] - [44] MIRKO.POZEN: Début du Téléchargement de: D:\kerberos.htx\GetDataBack for NTFS\gdbnt.FRA
[22:22:37] - [43] MIRKO.POZEN: Fichier envoyé: D:\kerberos.htx\GetDataBack for NTFS\gdbnt.exe (212,90 K/S -  1 744 104 bytes)
[22:22:37] - [43] MIRKO.POZEN: Début du Téléchargement de: D:\kerberos.htx\GetDataBack for NTFS\gdbnt.ini
[22:22:37] - [43] MIRKO.POZEN: Fichier envoyé: D:\kerberos.htx\GetDataBack for NTFS\gdbnt.ini (1,68 K/S -   1 724 bytes)
[22:22:38] - [44] MIRKO.POZEN: Fichier envoyé: D:\kerberos.htx\GetDataBack for NTFS\gdbnt.FRA (497,75 K/S -  1 019 392 bytes)
[22:22:38] - [43] MIRKO.POZEN: Début du Téléchargement de: D:\kerberos.htx\GetDataBack for NTFS\gdb_nt.chm
[22:22:38] - [44] MIRKO.POZEN: Début du Téléchargement de: D:\kerberos.htx\GetDataBack for NTFS\gdb_nt_deu.chm
[22:22:38] - [43] MIRKO.POZEN: Fichier envoyé: D:\kerberos.htx\GetDataBack for NTFS\gdb_nt.chm (100,48 K/S -   102 888 bytes)
[22:22:38] - [43] MIRKO.POZEN: Début du Téléchargement de: D:\kerberos.htx\GetDataBack for NTFS\gdb_nt_fra.chm
[22:22:38] - [44] MIRKO.POZEN: Fichier envoyé: D:\kerberos.htx\GetDataBack for NTFS\gdb_nt_deu.chm (119,77 K/S -   122 644 bytes)
[22:22:38] - [44] MIRKO.POZEN: Début du Téléchargement de: D:\kerberos.htx\GetDataBack for NTFS\INSTALL.LOG
[22:22:38] - [44] MIRKO.POZEN: Fichier envoyé: D:\kerberos.htx\GetDataBack for NTFS\INSTALL.LOG (2,23 K/S -   2 285 bytes)
[22:22:38] - [43] MIRKO.POZEN: Fichier envoyé: D:\kerberos.htx\GetDataBack for NTFS\gdb_nt_fra.chm (112,68 K/S -   115 388 bytes)
[22:22:38] - [43] MIRKO.POZEN: Début du Téléchargement de: D:\kerberos.htx\GetDataBack for NTFS\install.sss
[22:22:38] - [43] MIRKO.POZEN: Fichier envoyé: D:\kerberos.htx\GetDataBack for NTFS\install.sss (1,20 K/S -   1 227 bytes)
[22:22:38] - [44] MIRKO.POZEN: Début du Téléchargement de: D:\kerberos.htx\GetDataBack for NTFS\registerx64.reg
[22:22:38] - [44] MIRKO.POZEN: Fichier envoyé: D:\kerberos.htx\GetDataBack for NTFS\registerx64.reg (0,27 K/S -    273 bytes)
[22:22:39] - [43] MIRKO.POZEN: Début du Téléchargement de: D:\kerberos.htx\GetDataBack for NTFS\Uninstall.exe
[22:22:41] - [43] MIRKO.POZEN: Fichier envoyé: D:\kerberos.htx\GetDataBack for NTFS\Uninstall.exe (143,44 K/S -   440 652 bytes)
[22:22:55] - [44] MIRKO.POZEN: Répertoire en Cours: D:\kerberos.htx\exe\
[22:22:55] - [44] MIRKO.POZEN: Début du Téléchargement de: D:\kerberos.htx\exe\gdbnt.zip
[22:22:59] - [44] MIRKO.POZEN: Fichier envoyé: D:\kerberos.htx\exe\gdbnt.zip (648,92 K/S -  2 657 967 bytes)
[22:23:07] - [44] Client 192.168.0.1 Déconnecté (00:00:38 Min)
[22:23:07] - [43] Client 192.168.0.1 Déconnecté (00:00:38 Min)
[22:23:07] - [42] Client 192.168.0.1 Déconnecté (00:00:57 Min)
[22:53:22] - [27] Client 86.235.162.42 Déconnecté (23:26:35 Min)
