[01:12:26] - [28] Connecté à 192.168.0.1. Collecte du Nom d'utilisateur.
[01:12:26] - [28] Usager MIRKO.POZEN Connecté IP: 192.168.0.1
[01:12:26] - [28] MIRKO.POZEN: Répertoire en Cours: D:\kerberos.htx\
[01:12:26] - [28] MIRKO.POZEN: Répertoire en Cours: D:\kerberos.htx\
[01:12:52] - [28] MIRKO.POZEN: Répertoire en Cours: D:\kerberos.htx\exe\
[01:13:18] - [29] Connecté à 192.168.0.1. Collecte du Nom d'utilisateur.
[01:13:18] - [29] Usager MIRKO.POZEN Connecté IP: 192.168.0.1
[01:13:18] - [29] MIRKO.POZEN: Répertoire en Cours: D:\kerberos.htx\
[01:13:18] - [29] MIRKO.POZEN: Répertoire en Cours: D:\kerberos.htx\exe\
[01:13:18] - [29] MIRKO.POZEN: Début du Téléchargement de: D:\kerberos.htx\exe\spark_2_7_3.exe
[01:14:49] - [29] MIRKO.POZEN: Fichier envoyé: D:\kerberos.htx\exe\spark_2_7_3.exe (667,77 K/S -  61 541 888 bytes)
[01:15:14] - [28] Client 192.168.0.1 Déconnecté (00:02:47 Min)
[01:15:14] - [29] Client 192.168.0.1 Déconnecté (00:01:55 Min)
[01:39:33] - [30] Connecté à 140.136.186.74. Collecte du Nom d'utilisateur.
[01:39:34] - [30] Authentification Incorrect: Utilisateur WWW-DATA IP: 140.136.186.74
[01:39:34] - [30] Client 140.136.186.74 Déconnecté (00:00:01 Min)
[08:06:07] - [31] Connecté à 184.105.247.252. Collecte du Nom d'utilisateur.
[08:06:08] - [31] Client 184.105.247.252 Déconnecté (00:00:00 Min)
[14:04:59] - [32] Connecté à 172.105.218.213. Collecte du Nom d'utilisateur.
[14:05:00] - [32] Client 172.105.218.213 Déconnecté (00:00:00 Min)
[17:36:11] - [33] Connecté à 192.168.0.1. Collecte du Nom d'utilisateur.
[17:36:11] - [33] Usager MIRKO.POZEN Connecté IP: 192.168.0.1
[17:36:11] - [33] MIRKO.POZEN: Répertoire en Cours: D:\kerberos.htx\
[17:36:12] - [33] MIRKO.POZEN: Répertoire en Cours: D:\kerberos.htx\
[17:36:17] - [33] MIRKO.POZEN: Répertoire en Cours: D:\kerberos.htx\exe\
[17:37:22] - [33] MIRKO.POZEN: Répertoire en Cours: D:\kerberos.htx\
[17:37:22] - [33] MIRKO.POZEN: Répertoire en Cours: D:\kerberos.htx\a trier\
[17:37:48] - [33] MIRKO.POZEN: Répertoire en Cours: D:\kerberos.htx\a trier\1\
[17:38:19] - [33] MIRKO.POZEN: Répertoire en Cours: D:\kerberos.htx\a trier\
[17:38:19] - [33] MIRKO.POZEN: Répertoire en Cours: D:\kerberos.htx\a trier\2\
[17:38:28] - [33] MIRKO.POZEN: Répertoire en Cours: D:\kerberos.htx\a trier\
[17:38:28] - [33] MIRKO.POZEN: Répertoire en Cours: D:\kerberos.htx\a trier\cleusb 16go\
[17:38:56] - [33] MIRKO.POZEN: Répertoire en Cours: D:\kerberos.htx\a trier\
[17:38:56] - [33] MIRKO.POZEN: Répertoire en Cours: D:\kerberos.htx\a trier\douwloads\
[17:39:26] - [33] MIRKO.POZEN: Répertoire en Cours: D:\kerberos.htx\a trier\
[17:39:26] - [33] MIRKO.POZEN: Répertoire en Cours: D:\kerberos.htx\a trier\office 2017\
[17:39:31] - [33] MIRKO.POZEN: Répertoire en Cours: D:\kerberos.htx\a trier\office 2017\acrobat\
[17:39:39] - [33] MIRKO.POZEN: Répertoire en Cours: D:\kerberos.htx\a trier\office 2017\acrobat\reader\
[17:39:40] - [33] MIRKO.POZEN: Répertoire en Cours: D:\kerberos.htx\a trier\office 2017\acrobat\reader\v 9.1\
[17:39:41] - [33] MIRKO.POZEN: Répertoire en Cours: D:\kerberos.htx\a trier\office 2017\acrobat\
[17:39:41] - [33] MIRKO.POZEN: Répertoire en Cours: D:\kerberos.htx\a trier\office 2017\acrobat\pdf creator\
[17:39:42] - [34] Connecté à 192.168.0.1. Collecte du Nom d'utilisateur.
[17:39:42] - [35] Connecté à 192.168.0.1. Collecte du Nom d'utilisateur.
[17:39:42] - [34] Usager MIRKO.POZEN Connecté IP: 192.168.0.1
[17:39:42] - [34] MIRKO.POZEN: Répertoire en Cours: D:\kerberos.htx\
[17:39:42] - [35] Usager MIRKO.POZEN Connecté IP: 192.168.0.1
[17:39:42] - [35] MIRKO.POZEN: Répertoire en Cours: D:\kerberos.htx\
[17:39:42] - [34] MIRKO.POZEN: Répertoire en Cours: D:\kerberos.htx\a trier\office 2017\acrobat\reader\v 9.1\
[17:39:42] - [35] MIRKO.POZEN: Répertoire en Cours: D:\kerberos.htx\a trier\office 2017\acrobat\pdf creator\
[17:39:42] - [35] MIRKO.POZEN: Début du Téléchargement de: D:\kerberos.htx\a trier\office 2017\acrobat\pdf creator\PDFCreator-0_9_6_setup.exe
[17:39:47] - [34] MIRKO.POZEN: Début du Téléchargement de: D:\kerberos.htx\a trier\office 2017\acrobat\reader\v 9.1\AdbeRdr910_fr_FR.exe
[17:40:30] - [35] MIRKO.POZEN: Fichier envoyé: D:\kerberos.htx\a trier\office 2017\acrobat\pdf creator\PDFCreator-0_9_6_setup.exe (329,49 K/S -  16 194 992 bytes)
[17:40:46] - [34] MIRKO.POZEN: Fichier envoyé: D:\kerberos.htx\a trier\office 2017\acrobat\reader\v 9.1\AdbeRdr910_fr_FR.exe (445,20 K/S -  26 897 264 bytes)
[17:41:01] - [35] Client 192.168.0.1 Déconnecté (00:01:18 Min)
[17:41:17] - [34] Client 192.168.0.1 Déconnecté (00:01:35 Min)
[17:52:59] - [33] MIRKO.POZEN: Répertoire en Cours: D:\kerberos.htx\a trier\
[17:52:59] - [33] MIRKO.POZEN: Répertoire en Cours: D:\kerberos.htx\a trier\exe\
[17:53:15] - [36] Connecté à 192.168.0.1. Collecte du Nom d'utilisateur.
[17:53:15] - [36] Usager MIRKO.POZEN Connecté IP: 192.168.0.1
[17:53:15] - [36] MIRKO.POZEN: Répertoire en Cours: D:\kerberos.htx\
[17:53:15] - [36] MIRKO.POZEN: Répertoire en Cours: D:\kerberos.htx\a trier\exe\
[17:53:15] - [36] MIRKO.POZEN: Début du Téléchargement de: D:\kerberos.htx\a trier\exe\spark_2_7_3.exe
[17:54:55] - [36] MIRKO.POZEN: Fichier envoyé: D:\kerberos.htx\a trier\exe\spark_2_7_3.exe (607,07 K/S -  61 541 888 bytes)
[17:55:26] - [36] Client 192.168.0.1 Déconnecté (00:02:10 Min)
[18:06:19] - [33] Client 192.168.0.1 Déconnecté (00:30:08 Min)
[19:29:02] - [37] Connecté à 192.168.0.1. Collecte du Nom d'utilisateur.
[19:29:02] - [37] Usager MIRKO.POZEN Connecté IP: 192.168.0.1
[19:29:02] - [37] MIRKO.POZEN: Répertoire en Cours: D:\kerberos.htx\
[19:29:02] - [37] MIRKO.POZEN: Répertoire en Cours: D:\kerberos.htx\
[19:29:05] - [37] MIRKO.POZEN: Répertoire en Cours: D:\kerberos.htx\alex\
[19:29:12] - [37] MIRKO.POZEN: Répertoire en Cours: D:\kerberos.htx\alex\alex\
[19:29:12] - [38] Connecté à 192.168.0.1. Collecte du Nom d'utilisateur.
[19:29:12] - [39] Connecté à 192.168.0.1. Collecte du Nom d'utilisateur.
[19:29:12] - [38] Usager MIRKO.POZEN Connecté IP: 192.168.0.1
[19:29:12] - [38] MIRKO.POZEN: Répertoire en Cours: D:\kerberos.htx\
[19:29:12] - [39] Usager MIRKO.POZEN Connecté IP: 192.168.0.1
[19:29:12] - [39] MIRKO.POZEN: Répertoire en Cours: D:\kerberos.htx\
[19:29:12] - [38] MIRKO.POZEN: Répertoire en Cours: D:\kerberos.htx\alex\alex\
[19:29:12] - [39] MIRKO.POZEN: Répertoire en Cours: D:\kerberos.htx\alex\alex\
[19:29:12] - [38] MIRKO.POZEN: Début du Téléchargement de: D:\kerberos.htx\alex\alex\setup.log
[19:29:12] - [39] MIRKO.POZEN: Début du Téléchargement de: D:\kerberos.htx\alex\alex\TeamViewer.exe
[19:29:28] - [38] MIRKO.POZEN: Fichier envoyé: D:\kerberos.htx\alex\alex\setup.log (0,14 K/S -   2 126 bytes)
[19:29:28] - [38] MIRKO.POZEN: Début du Téléchargement de: D:\kerberos.htx\alex\alex\TeamViewer_Resource_en.dll
[19:29:30] - [38] MIRKO.POZEN: Fichier envoyé: D:\kerberos.htx\alex\alex\TeamViewer_Resource_en.dll (271,10 K/S -   832 808 bytes)
[19:29:30] - [38] MIRKO.POZEN: Début du Téléchargement de: D:\kerberos.htx\alex\alex\uninstall.exe
[19:29:31] - [38] MIRKO.POZEN: Fichier envoyé: D:\kerberos.htx\alex\alex\uninstall.exe (63,00 K/S -   64 512 bytes)
[19:29:32] - [39] MIRKO.POZEN: Fichier envoyé: D:\kerberos.htx\alex\alex\TeamViewer.exe (91,07 K/S -  1 865 104 bytes)
[19:29:36] - [39] Client 192.168.0.1 Déconnecté (00:00:23 Min)
[19:29:36] - [38] Client 192.168.0.1 Déconnecté (00:00:23 Min)
[19:29:36] - [37] Client 192.168.0.1 Déconnecté (00:00:34 Min)
[19:59:16] - [40] Connecté à 196.52.43.98. Collecte du Nom d'utilisateur.
[19:59:48] - [40] Client 196.52.43.98 Déconnecté (00:00:31 Min)
[20:02:05] - [41] Connecté à 196.52.43.124. Collecte du Nom d'utilisateur.
[20:02:15] - [41] Client 196.52.43.124 Déconnecté (00:00:09 Min)
[20:25:05] - [42] Connecté à 192.168.0.1. Collecte du Nom d'utilisateur.
[20:25:05] - [42] Usager MIRKO.POZEN Connecté IP: 192.168.0.1
[20:25:05] - [42] MIRKO.POZEN: Répertoire en Cours: D:\kerberos.htx\
[20:25:06] - [42] MIRKO.POZEN: Répertoire en Cours: D:\kerberos.htx\
[20:25:09] - [42] MIRKO.POZEN: Répertoire en Cours: D:\kerberos.htx\exe\
[20:25:22] - [42] MIRKO.POZEN: Répertoire en Cours: D:\kerberos.htx\exe\AusLogics.BoostSpeed.5.0.6.245 incl crack\
[20:25:34] - [42] MIRKO.POZEN: Répertoire en Cours: D:\kerberos.htx\exe\AusLogics.BoostSpeed.5.0.6.245 incl crack\CRACK\
[20:25:35] - [43] Connecté à 192.168.0.1. Collecte du Nom d'utilisateur.
[20:25:35] - [44] Connecté à 192.168.0.1. Collecte du Nom d'utilisateur.
[20:25:35] - [43] Usager MIRKO.POZEN Connecté IP: 192.168.0.1
[20:25:35] - [43] MIRKO.POZEN: Répertoire en Cours: D:\kerberos.htx\
[20:25:35] - [44] Usager MIRKO.POZEN Connecté IP: 192.168.0.1
[20:25:35] - [44] MIRKO.POZEN: Répertoire en Cours: D:\kerberos.htx\
[20:25:35] - [43] MIRKO.POZEN: Répertoire en Cours: D:\kerberos.htx\exe\AusLogics.BoostSpeed.5.0.6.245 incl crack\
[20:25:35] - [44] MIRKO.POZEN: Répertoire en Cours: D:\kerberos.htx\exe\AusLogics.BoostSpeed.5.0.6.245 incl crack\CRACK\
[20:25:35] - [43] MIRKO.POZEN: Début du Téléchargement de: D:\kerberos.htx\exe\AusLogics.BoostSpeed.5.0.6.245 incl crack\boost-speed-setup.exe
[20:25:36] - [44] MIRKO.POZEN: Début du Téléchargement de: D:\kerberos.htx\exe\AusLogics.BoostSpeed.5.0.6.245 incl crack\CRACK\aushelper.dll
[20:25:37] - [44] MIRKO.POZEN: Fichier envoyé: D:\kerberos.htx\exe\AusLogics.BoostSpeed.5.0.6.245 incl crack\CRACK\aushelper.dll (148,50 K/S -   152 064 bytes)
[20:25:47] - [43] MIRKO.POZEN: Fichier envoyé: D:\kerberos.htx\exe\AusLogics.BoostSpeed.5.0.6.245 incl crack\boost-speed-setup.exe (712,66 K/S -  8 027 408 bytes)
[20:25:49] - [42] MIRKO.POZEN: Répertoire en Cours: D:\kerberos.htx\exe\
[20:25:49] - [42] MIRKO.POZEN: Répertoire en Cours: D:\kerberos.htx\exe\Windows 7 Manager v.2.0.0.x32-x64+Serial\
[20:25:57] - [44] MIRKO.POZEN: Répertoire en Cours: D:\kerberos.htx\exe\Windows 7 Manager v.2.0.0.x32-x64+Serial\
[20:25:57] - [44] MIRKO.POZEN: Début du Téléchargement de: D:\kerberos.htx\exe\Windows 7 Manager v.2.0.0.x32-x64+Serial\windows7manager_x64.exe
[20:26:01] - [43] MIRKO.POZEN: Répertoire en Cours: D:\kerberos.htx\exe\Windows 7 Manager v.2.0.0.x32-x64+Serial\
[20:26:01] - [43] MIRKO.POZEN: Début du Téléchargement de: D:\kerberos.htx\exe\Windows 7 Manager v.2.0.0.x32-x64+Serial\Serial.txt
[20:26:01] - [43] MIRKO.POZEN: Fichier envoyé: D:\kerberos.htx\exe\Windows 7 Manager v.2.0.0.x32-x64+Serial\Serial.txt (0,09 K/S -    95 bytes)
[20:26:08] - [43] MIRKO.POZEN: Début du Téléchargement de: D:\kerberos.htx\exe\Windows 7 Manager v.2.0.0.x32-x64+Serial\info.txt
[20:26:08] - [43] MIRKO.POZEN: Fichier envoyé: D:\kerberos.htx\exe\Windows 7 Manager v.2.0.0.x32-x64+Serial\info.txt (0,13 K/S -    129 bytes)
[20:26:09] - [44] MIRKO.POZEN: Fichier envoyé: D:\kerberos.htx\exe\Windows 7 Manager v.2.0.0.x32-x64+Serial\windows7manager_x64.exe (588,17 K/S -  7 829 723 bytes)
[20:26:40] - [44] Client 192.168.0.1 Déconnecté (00:01:05 Min)
[20:26:40] - [43] Client 192.168.0.1 Déconnecté (00:01:05 Min)
[21:15:25] - [45] Connecté à 192.168.0.1. Collecte du Nom d'utilisateur.
[21:15:25] - [45] Usager MIRKO.POZEN Connecté IP: 192.168.0.1
[21:15:25] - [45] MIRKO.POZEN: Répertoire en Cours: D:\kerberos.htx\
[21:15:25] - [45] MIRKO.POZEN: Répertoire en Cours: D:\kerberos.htx\
[21:15:39] - [45] MIRKO.POZEN: Répertoire en Cours: D:\kerberos.htx\a trier\
[21:15:47] - [45] MIRKO.POZEN: Répertoire en Cours: D:\kerberos.htx\a trier\exe\
[21:16:07] - [45] MIRKO.POZEN: Répertoire en Cours: D:\kerberos.htx\a trier\
[21:16:07] - [45] MIRKO.POZEN: Répertoire en Cours: D:\kerberos.htx\a trier\1\
[21:16:19] - [45] MIRKO.POZEN: Répertoire en Cours: D:\kerberos.htx\a trier\
[21:16:19] - [45] MIRKO.POZEN: Répertoire en Cours: D:\kerberos.htx\a trier\2\
[21:16:27] - [45] MIRKO.POZEN: Répertoire en Cours: D:\kerberos.htx\a trier\
[21:16:27] - [45] MIRKO.POZEN: Répertoire en Cours: D:\kerberos.htx\a trier\cleusb 16go\
[21:16:39] - [45] MIRKO.POZEN: Répertoire en Cours: D:\kerberos.htx\a trier\cleusb 16go\alex\
[21:16:42] - [45] MIRKO.POZEN: Répertoire en Cours: D:\kerberos.htx\a trier\cleusb 16go\alex\ALEX\
[21:16:42] - [46] Connecté à 192.168.0.1. Collecte du Nom d'utilisateur.
[21:16:42] - [47] Connecté à 192.168.0.1. Collecte du Nom d'utilisateur.
[21:16:42] - [46] Usager MIRKO.POZEN Connecté IP: 192.168.0.1
[21:16:42] - [46] MIRKO.POZEN: Répertoire en Cours: D:\kerberos.htx\
[21:16:42] - [47] Usager MIRKO.POZEN Connecté IP: 192.168.0.1
[21:16:42] - [47] MIRKO.POZEN: Répertoire en Cours: D:\kerberos.htx\
[21:16:42] - [46] MIRKO.POZEN: Répertoire en Cours: D:\kerberos.htx\a trier\cleusb 16go\alex\ALEX\
[21:16:43] - [47] MIRKO.POZEN: Répertoire en Cours: D:\kerberos.htx\a trier\cleusb 16go\alex\ALEX\
[21:16:43] - [46] MIRKO.POZEN: Début du Téléchargement de: D:\kerberos.htx\a trier\cleusb 16go\alex\ALEX\setup.log
[21:16:43] - [46] MIRKO.POZEN: Fichier envoyé: D:\kerberos.htx\a trier\cleusb 16go\alex\ALEX\setup.log (2,08 K/S -   2 126 bytes)
[21:16:43] - [47] MIRKO.POZEN: Début du Téléchargement de: D:\kerberos.htx\a trier\cleusb 16go\alex\ALEX\TeamViewer.exe
[21:16:58] - [45] MIRKO.POZEN: Répertoire en Cours: D:\kerberos.htx\a trier\
[21:16:58] - [46] MIRKO.POZEN: Début du Téléchargement de: D:\kerberos.htx\a trier\cleusb 16go\alex\ALEX\TeamViewer_Resource_en.dll
[21:16:58] - [45] MIRKO.POZEN: Répertoire en Cours: D:\kerberos.htx\a trier\douwloads\
[21:17:00] - [46] MIRKO.POZEN: Fichier envoyé: D:\kerberos.htx\a trier\cleusb 16go\alex\ALEX\TeamViewer_Resource_en.dll (406,64 K/S -   832 808 bytes)
[21:17:00] - [46] MIRKO.POZEN: Début du Téléchargement de: D:\kerberos.htx\a trier\cleusb 16go\alex\ALEX\uninstall.exe
[21:17:01] - [46] MIRKO.POZEN: Fichier envoyé: D:\kerberos.htx\a trier\cleusb 16go\alex\ALEX\uninstall.exe (63,00 K/S -   64 512 bytes)
[21:17:02] - [47] MIRKO.POZEN: Fichier envoyé: D:\kerberos.htx\a trier\cleusb 16go\alex\ALEX\TeamViewer.exe (91,07 K/S -  1 865 104 bytes)
[21:17:13] - [45] MIRKO.POZEN: Répertoire en Cours: D:\kerberos.htx\a trier\
[21:17:13] - [45] MIRKO.POZEN: Répertoire en Cours: D:\kerberos.htx\a trier\cr wk7\
[21:17:28] - [45] MIRKO.POZEN: Répertoire en Cours: D:\kerberos.htx\a trier\
[21:17:28] - [45] MIRKO.POZEN: Répertoire en Cours: D:\kerberos.htx\a trier\office 2017\
[21:17:33] - [46] Client 192.168.0.1 Déconnecté (00:00:50 Min)
[21:17:34] - [47] Client 192.168.0.1 Déconnecté (00:00:51 Min)
[21:17:34] - [45] MIRKO.POZEN: Répertoire en Cours: D:\kerberos.htx\a trier\office 2017\office 2007 free\
[21:17:34] - [45] MIRKO.POZEN: Répertoire en Cours: D:\kerberos.htx\a trier\office 2017\office 2007 free\Microsoft.Office.Professional.2007.FR.By Gervais\
[21:17:35] - [45] MIRKO.POZEN: Répertoire en Cours: D:\kerberos.htx\a trier\office 2017\office 2007 free\Microsoft.Office.Professional.2007.FR.By Gervais\WORD.FR-FR\
[21:17:36] - [45] MIRKO.POZEN: Répertoire en Cours: D:\kerberos.htx\a trier\office 2017\office 2007 free\Microsoft.Office.Professional.2007.FR.By Gervais\
[21:17:36] - [45] MIRKO.POZEN: Répertoire en Cours: D:\kerberos.htx\a trier\office 2017\office 2007 free\Microsoft.Office.Professional.2007.FR.By Gervais\UPDATES\
[21:17:37] - [45] MIRKO.POZEN: Répertoire en Cours: D:\kerberos.htx\a trier\office 2017\office 2007 free\Microsoft.Office.Professional.2007.FR.By Gervais\
[21:17:37] - [45] MIRKO.POZEN: Répertoire en Cours: D:\kerberos.htx\a trier\office 2017\office 2007 free\Microsoft.Office.Professional.2007.FR.By Gervais\ROSEBUD.FR-FR\
[21:17:39] - [45] MIRKO.POZEN: Répertoire en Cours: D:\kerberos.htx\a trier\office 2017\office 2007 free\Microsoft.Office.Professional.2007.FR.By Gervais\
[21:17:39] - [45] MIRKO.POZEN: Répertoire en Cours: D:\kerberos.htx\a trier\office 2017\office 2007 free\Microsoft.Office.Professional.2007.FR.By Gervais\PUBLISHER.FR-FR\
[21:17:39] - [45] MIRKO.POZEN: Répertoire en Cours: D:\kerberos.htx\a trier\office 2017\office 2007 free\Microsoft.Office.Professional.2007.FR.By Gervais\
[21:17:39] - [45] MIRKO.POZEN: Répertoire en Cours: D:\kerberos.htx\a trier\office 2017\office 2007 free\Microsoft.Office.Professional.2007.FR.By Gervais\PROPLUS.WW\
[21:17:40] - [45] MIRKO.POZEN: Répertoire en Cours: D:\kerberos.htx\a trier\office 2017\office 2007 free\Microsoft.Office.Professional.2007.FR.By Gervais\
[21:17:40] - [45] MIRKO.POZEN: Répertoire en Cours: D:\kerberos.htx\a trier\office 2017\office 2007 free\Microsoft.Office.Professional.2007.FR.By Gervais\PROOFING.FR-FR\
[21:17:41] - [45] MIRKO.POZEN: Répertoire en Cours: D:\kerberos.htx\a trier\office 2017\office 2007 free\Microsoft.Office.Professional.2007.FR.By Gervais\PROOFING.FR-FR\PROOF.NL\
[21:17:42] - [45] MIRKO.POZEN: Répertoire en Cours: D:\kerberos.htx\a trier\office 2017\office 2007 free\Microsoft.Office.Professional.2007.FR.By Gervais\PROOFING.FR-FR\
[21:17:42] - [45] MIRKO.POZEN: Répertoire en Cours: D:\kerberos.htx\a trier\office 2017\office 2007 free\Microsoft.Office.Professional.2007.FR.By Gervais\PROOFING.FR-FR\PROOF.FR\
[21:17:43] - [45] MIRKO.POZEN: Répertoire en Cours: D:\kerberos.htx\a trier\office 2017\office 2007 free\Microsoft.Office.Professional.2007.FR.By Gervais\PROOFING.FR-FR\
[21:17:43] - [45] MIRKO.POZEN: Répertoire en Cours: D:\kerberos.htx\a trier\office 2017\office 2007 free\Microsoft.Office.Professional.2007.FR.By Gervais\PROOFING.FR-FR\PROOF.ES\
[21:17:44] - [45] MIRKO.POZEN: Répertoire en Cours: D:\kerberos.htx\a trier\office 2017\office 2007 free\Microsoft.Office.Professional.2007.FR.By Gervais\PROOFING.FR-FR\
[21:17:44] - [45] MIRKO.POZEN: Répertoire en Cours: D:\kerberos.htx\a trier\office 2017\office 2007 free\Microsoft.Office.Professional.2007.FR.By Gervais\PROOFING.FR-FR\PROOF.EN\
[21:17:44] - [45] MIRKO.POZEN: Répertoire en Cours: D:\kerberos.htx\a trier\office 2017\office 2007 free\Microsoft.Office.Professional.2007.FR.By Gervais\PROOFING.FR-FR\
[21:17:44] - [45] MIRKO.POZEN: Répertoire en Cours: D:\kerberos.htx\a trier\office 2017\office 2007 free\Microsoft.Office.Professional.2007.FR.By Gervais\PROOFING.FR-FR\PROOF.DE\
[21:17:45] - [45] MIRKO.POZEN: Répertoire en Cours: D:\kerberos.htx\a trier\office 2017\office 2007 free\Microsoft.Office.Professional.2007.FR.By Gervais\PROOFING.FR-FR\
[21:17:45] - [45] MIRKO.POZEN: Répertoire en Cours: D:\kerberos.htx\a trier\office 2017\office 2007 free\Microsoft.Office.Professional.2007.FR.By Gervais\PROOFING.FR-FR\PROOF.AR\
[21:17:46] - [45] MIRKO.POZEN: Répertoire en Cours: D:\kerberos.htx\a trier\office 2017\office 2007 free\Microsoft.Office.Professional.2007.FR.By Gervais\
[21:17:46] - [45] MIRKO.POZEN: Répertoire en Cours: D:\kerberos.htx\a trier\office 2017\office 2007 free\Microsoft.Office.Professional.2007.FR.By Gervais\POWERPOINT.FR-FR\
[21:17:47] - [45] MIRKO.POZEN: Répertoire en Cours: D:\kerberos.htx\a trier\office 2017\office 2007 free\Microsoft.Office.Professional.2007.FR.By Gervais\
[21:17:47] - [45] MIRKO.POZEN: Répertoire en Cours: D:\kerberos.htx\a trier\office 2017\office 2007 free\Microsoft.Office.Professional.2007.FR.By Gervais\OUTLOOK.FR-FR\
[21:17:48] - [45] MIRKO.POZEN: Répertoire en Cours: D:\kerberos.htx\a trier\office 2017\office 2007 free\Microsoft.Office.Professional.2007.FR.By Gervais\
[21:17:48] - [45] MIRKO.POZEN: Répertoire en Cours: D:\kerberos.htx\a trier\office 2017\office 2007 free\Microsoft.Office.Professional.2007.FR.By Gervais\OFFICE64.FR-FR\
[21:17:49] - [45] MIRKO.POZEN: Répertoire en Cours: D:\kerberos.htx\a trier\office 2017\office 2007 free\Microsoft.Office.Professional.2007.FR.By Gervais\OFFICE64.FR-FR\INFOPATH.FR-FR\
[21:17:50] - [45] MIRKO.POZEN: Répertoire en Cours: D:\kerberos.htx\a trier\office 2017\office 2007 free\Microsoft.Office.Professional.2007.FR.By Gervais\
[21:17:50] - [45] MIRKO.POZEN: Répertoire en Cours: D:\kerberos.htx\a trier\office 2017\office 2007 free\Microsoft.Office.Professional.2007.FR.By Gervais\OFFICE.FR-FR\
[21:17:51] - [45] MIRKO.POZEN: Répertoire en Cours: D:\kerberos.htx\a trier\office 2017\office 2007 free\Microsoft.Office.Professional.2007.FR.By Gervais\OFFICE.FR-FR\1036\
[21:17:51] - [45] MIRKO.POZEN: Répertoire en Cours: D:\kerberos.htx\a trier\office 2017\office 2007 free\Microsoft.Office.Professional.2007.FR.By Gervais\
[21:17:51] - [45] MIRKO.POZEN: Répertoire en Cours: D:\kerberos.htx\a trier\office 2017\office 2007 free\Microsoft.Office.Professional.2007.FR.By Gervais\INFOPATH.FR-FR\
[21:17:52] - [45] MIRKO.POZEN: Répertoire en Cours: D:\kerberos.htx\a trier\office 2017\office 2007 free\Microsoft.Office.Professional.2007.FR.By Gervais\
[21:17:52] - [45] MIRKO.POZEN: Répertoire en Cours: D:\kerberos.htx\a trier\office 2017\office 2007 free\Microsoft.Office.Professional.2007.FR.By Gervais\EXCEL.FR-FR\
[21:17:53] - [45] MIRKO.POZEN: Répertoire en Cours: D:\kerberos.htx\a trier\office 2017\office 2007 free\Microsoft.Office.Professional.2007.FR.By Gervais\
[21:17:53] - [45] MIRKO.POZEN: Répertoire en Cours: D:\kerberos.htx\a trier\office 2017\office 2007 free\Microsoft.Office.Professional.2007.FR.By Gervais\CATALOG\
[21:17:54] - [45] MIRKO.POZEN: Répertoire en Cours: D:\kerberos.htx\a trier\office 2017\office 2007 free\Microsoft.Office.Professional.2007.FR.By Gervais\
[21:17:54] - [45] MIRKO.POZEN: Répertoire en Cours: D:\kerberos.htx\a trier\office 2017\office 2007 free\Microsoft.Office.Professional.2007.FR.By Gervais\ADMIN\
[21:17:55] - [45] MIRKO.POZEN: Répertoire en Cours: D:\kerberos.htx\a trier\office 2017\office 2007 free\Microsoft.Office.Professional.2007.FR.By Gervais\ADMIN\ZH-TW\
[21:17:56] - [45] MIRKO.POZEN: Répertoire en Cours: D:\kerberos.htx\a trier\office 2017\office 2007 free\Microsoft.Office.Professional.2007.FR.By Gervais\ADMIN\
[21:17:56] - [45] MIRKO.POZEN: Répertoire en Cours: D:\kerberos.htx\a trier\office 2017\office 2007 free\Microsoft.Office.Professional.2007.FR.By Gervais\ADMIN\ZH-CN\
[21:17:57] - [45] MIRKO.POZEN: Répertoire en Cours: D:\kerberos.htx\a trier\office 2017\office 2007 free\Microsoft.Office.Professional.2007.FR.By Gervais\ADMIN\
[21:17:57] - [45] MIRKO.POZEN: Répertoire en Cours: D:\kerberos.htx\a trier\office 2017\office 2007 free\Microsoft.Office.Professional.2007.FR.By Gervais\ADMIN\KO-KR\
[21:17:58] - [45] MIRKO.POZEN: Répertoire en Cours: D:\kerberos.htx\a trier\office 2017\office 2007 free\Microsoft.Office.Professional.2007.FR.By Gervais\ADMIN\
[21:17:58] - [45] MIRKO.POZEN: Répertoire en Cours: D:\kerberos.htx\a trier\office 2017\office 2007 free\Microsoft.Office.Professional.2007.FR.By Gervais\ADMIN\JA-JP\
[21:17:58] - [45] MIRKO.POZEN: Répertoire en Cours: D:\kerberos.htx\a trier\office 2017\office 2007 free\Microsoft.Office.Professional.2007.FR.By Gervais\ADMIN\
[21:17:59] - [45] MIRKO.POZEN: Répertoire en Cours: D:\kerberos.htx\a trier\office 2017\office 2007 free\Microsoft.Office.Professional.2007.FR.By Gervais\ADMIN\IT-IT\
[21:17:59] - [45] MIRKO.POZEN: Répertoire en Cours: D:\kerberos.htx\a trier\office 2017\office 2007 free\Microsoft.Office.Professional.2007.FR.By Gervais\ADMIN\
[21:17:59] - [45] MIRKO.POZEN: Répertoire en Cours: D:\kerberos.htx\a trier\office 2017\office 2007 free\Microsoft.Office.Professional.2007.FR.By Gervais\ADMIN\FR-FR\
[21:18:00] - [45] MIRKO.POZEN: Répertoire en Cours: D:\kerberos.htx\a trier\office 2017\office 2007 free\Microsoft.Office.Professional.2007.FR.By Gervais\ADMIN\
[21:18:00] - [45] MIRKO.POZEN: Répertoire en Cours: D:\kerberos.htx\a trier\office 2017\office 2007 free\Microsoft.Office.Professional.2007.FR.By Gervais\ADMIN\ES-ES\
[21:18:01] - [45] MIRKO.POZEN: Répertoire en Cours: D:\kerberos.htx\a trier\office 2017\office 2007 free\Microsoft.Office.Professional.2007.FR.By Gervais\ADMIN\
[21:18:01] - [45] MIRKO.POZEN: Répertoire en Cours: D:\kerberos.htx\a trier\office 2017\office 2007 free\Microsoft.Office.Professional.2007.FR.By Gervais\ADMIN\EN-US\
[21:18:02] - [45] MIRKO.POZEN: Répertoire en Cours: D:\kerberos.htx\a trier\office 2017\office 2007 free\Microsoft.Office.Professional.2007.FR.By Gervais\ADMIN\
[21:18:02] - [45] MIRKO.POZEN: Répertoire en Cours: D:\kerberos.htx\a trier\office 2017\office 2007 free\Microsoft.Office.Professional.2007.FR.By Gervais\ADMIN\DE-DE\
[21:18:03] - [45] MIRKO.POZEN: Répertoire en Cours: D:\kerberos.htx\a trier\office 2017\office 2007 free\Microsoft.Office.Professional.2007.FR.By Gervais\
[21:18:03] - [45] MIRKO.POZEN: Répertoire en Cours: D:\kerberos.htx\a trier\office 2017\office 2007 free\Microsoft.Office.Professional.2007.FR.By Gervais\ACCESS.FR-FR\
[21:18:04] - [48] Connecté à 192.168.0.1. Collecte du Nom d'utilisateur.
[21:18:04] - [49] Connecté à 192.168.0.1. Collecte du Nom d'utilisateur.
[21:18:04] - [48] Usager MIRKO.POZEN Connecté IP: 192.168.0.1
[21:18:04] - [48] MIRKO.POZEN: Répertoire en Cours: D:\kerberos.htx\
[21:18:04] - [48] MIRKO.POZEN: Répertoire en Cours: D:\kerberos.htx\a trier\office 2017\office 2007 free\Microsoft.Office.Professional.2007.FR.By Gervais\
[21:18:05] - [49] Usager MIRKO.POZEN Connecté IP: 192.168.0.1
[21:18:05] - [49] MIRKO.POZEN: Répertoire en Cours: D:\kerberos.htx\
[21:18:05] - [48] MIRKO.POZEN: Début du Téléchargement de: D:\kerberos.htx\a trier\office 2017\office 2007 free\Microsoft.Office.Professional.2007.FR.By Gervais\AUTORUN.INF
[21:18:05] - [49] MIRKO.POZEN: Répertoire en Cours: D:\kerberos.htx\a trier\office 2017\office 2007 free\
[21:18:05] - [48] MIRKO.POZEN: Fichier envoyé: D:\kerberos.htx\a trier\office 2017\office 2007 free\Microsoft.Office.Professional.2007.FR.By Gervais\AUTORUN.INF (0,17 K/S -    175 bytes)
[21:18:05] - [49] MIRKO.POZEN: Début du Téléchargement de: D:\kerberos.htx\a trier\office 2017\office 2007 free\Microsoft.Office.Professional.2007.FR.By BlackiPod.rar
[21:18:05] - [48] MIRKO.POZEN: Début du Téléchargement de: D:\kerberos.htx\a trier\office 2017\office 2007 free\Microsoft.Office.Professional.2007.FR.By Gervais\key.txt
[21:18:05] - [48] MIRKO.POZEN: Fichier envoyé: D:\kerberos.htx\a trier\office 2017\office 2007 free\Microsoft.Office.Professional.2007.FR.By Gervais\key.txt (0,03 K/S -    29 bytes)
[21:18:05] - [48] MIRKO.POZEN: Début du Téléchargement de: D:\kerberos.htx\a trier\office 2017\office 2007 free\Microsoft.Office.Professional.2007.FR.By Gervais\Lisez moi_Read me.txt
[21:18:05] - [48] MIRKO.POZEN: Fichier envoyé: D:\kerberos.htx\a trier\office 2017\office 2007 free\Microsoft.Office.Professional.2007.FR.By Gervais\Lisez moi_Read me.txt (0,07 K/S -    71 bytes)
[21:18:05] - [48] MIRKO.POZEN: Début du Téléchargement de: D:\kerberos.htx\a trier\office 2017\office 2007 free\Microsoft.Office.Professional.2007.FR.By Gervais\LISEZMOI.HTM
[21:18:05] - [48] MIRKO.POZEN: Fichier envoyé: D:\kerberos.htx\a trier\office 2017\office 2007 free\Microsoft.Office.Professional.2007.FR.By Gervais\LISEZMOI.HTM (2,54 K/S -   2 599 bytes)
[21:18:06] - [48] MIRKO.POZEN: Début du Téléchargement de: D:\kerberos.htx\a trier\office 2017\office 2007 free\Microsoft.Office.Professional.2007.FR.By Gervais\SaveAsPDFandXPS.exe
[21:18:08] - [48] MIRKO.POZEN: Fichier envoyé: D:\kerberos.htx\a trier\office 2017\office 2007 free\Microsoft.Office.Professional.2007.FR.By Gervais\SaveAsPDFandXPS.exe (348,29 K/S -   713 288 bytes)
[21:18:08] - [48] MIRKO.POZEN: Début du Téléchargement de: D:\kerberos.htx\a trier\office 2017\office 2007 free\Microsoft.Office.Professional.2007.FR.By Gervais\SETUP.EXE
[21:18:10] - [48] MIRKO.POZEN: Fichier envoyé: D:\kerberos.htx\a trier\office 2017\office 2007 free\Microsoft.Office.Professional.2007.FR.By Gervais\SETUP.EXE (226,15 K/S -   463 152 bytes)
[21:18:10] - [48] MIRKO.POZEN: Répertoire en Cours: D:\kerberos.htx\a trier\office 2017\office 2007 free\Microsoft.Office.Professional.2007.FR.By Gervais\WORD.FR-FR\
[21:18:10] - [48] MIRKO.POZEN: Début du Téléchargement de: D:\kerberos.htx\a trier\office 2017\office 2007 free\Microsoft.Office.Professional.2007.FR.By Gervais\WORD.FR-FR\SETUP.XML
[21:18:10] - [48] MIRKO.POZEN: Fichier envoyé: D:\kerberos.htx\a trier\office 2017\office 2007 free\Microsoft.Office.Professional.2007.FR.By Gervais\WORD.FR-FR\SETUP.XML (2,62 K/S -   2 678 bytes)
[21:18:10] - [48] MIRKO.POZEN: Début du Téléchargement de: D:\kerberos.htx\a trier\office 2017\office 2007 free\Microsoft.Office.Professional.2007.FR.By Gervais\WORD.FR-FR\WORDLR.CAB
[21:18:52] - [48] MIRKO.POZEN: Fichier envoyé: D:\kerberos.htx\a trier\office 2017\office 2007 free\Microsoft.Office.Professional.2007.FR.By Gervais\WORD.FR-FR\WORDLR.CAB (392,40 K/S -  16 876 234 bytes)
[21:18:52] - [48] MIRKO.POZEN: Début du Téléchargement de: D:\kerberos.htx\a trier\office 2017\office 2007 free\Microsoft.Office.Professional.2007.FR.By Gervais\WORD.FR-FR\WORDMUI.MSI
[21:18:56] - [48] MIRKO.POZEN: Fichier envoyé: D:\kerberos.htx\a trier\office 2017\office 2007 free\Microsoft.Office.Professional.2007.FR.By Gervais\WORD.FR-FR\WORDMUI.MSI (405,00 K/S -  1 658 880 bytes)
[21:18:56] - [48] MIRKO.POZEN: Début du Téléchargement de: D:\kerberos.htx\a trier\office 2017\office 2007 free\Microsoft.Office.Professional.2007.FR.By Gervais\WORD.FR-FR\WORDMUI.XML
[21:18:56] - [48] MIRKO.POZEN: Fichier envoyé: D:\kerberos.htx\a trier\office 2017\office 2007 free\Microsoft.Office.Professional.2007.FR.By Gervais\WORD.FR-FR\WORDMUI.XML (1,76 K/S -   1 799 bytes)
[21:18:56] - [48] MIRKO.POZEN: Répertoire en Cours: D:\kerberos.htx\a trier\office 2017\office 2007 free\Microsoft.Office.Professional.2007.FR.By Gervais\UPDATES\
[21:18:56] - [48] MIRKO.POZEN: Début du Téléchargement de: D:\kerberos.htx\a trier\office 2017\office 2007 free\Microsoft.Office.Professional.2007.FR.By Gervais\UPDATES\LISEZMOI.TXT
[21:18:56] - [48] MIRKO.POZEN: Fichier envoyé: D:\kerberos.htx\a trier\office 2017\office 2007 free\Microsoft.Office.Professional.2007.FR.By Gervais\UPDATES\LISEZMOI.TXT (0,07 K/S -    75 bytes)
[21:18:57] - [48] MIRKO.POZEN: Répertoire en Cours: D:\kerberos.htx\a trier\office 2017\office 2007 free\Microsoft.Office.Professional.2007.FR.By Gervais\ROSEBUD.FR-FR\
[21:18:57] - [48] MIRKO.POZEN: Début du Téléchargement de: D:\kerberos.htx\a trier\office 2017\office 2007 free\Microsoft.Office.Professional.2007.FR.By Gervais\ROSEBUD.FR-FR\RBUDLR.CAB
[21:19:01] - [48] MIRKO.POZEN: Fichier envoyé: D:\kerberos.htx\a trier\office 2017\office 2007 free\Microsoft.Office.Professional.2007.FR.By Gervais\ROSEBUD.FR-FR\RBUDLR.CAB (309,13 K/S -  1 582 766 bytes)
[21:19:01] - [48] MIRKO.POZEN: Début du Téléchargement de: D:\kerberos.htx\a trier\office 2017\office 2007 free\Microsoft.Office.Professional.2007.FR.By Gervais\ROSEBUD.FR-FR\ROSEBUDMUI.MSI
[21:19:01] - [48] MIRKO.POZEN: Fichier envoyé: D:\kerberos.htx\a trier\office 2017\office 2007 free\Microsoft.Office.Professional.2007.FR.By Gervais\ROSEBUD.FR-FR\ROSEBUDMUI.MSI (48,00 K/S -   49 152 bytes)
[21:19:01] - [48] MIRKO.POZEN: Début du Téléchargement de: D:\kerberos.htx\a trier\office 2017\office 2007 free\Microsoft.Office.Professional.2007.FR.By Gervais\ROSEBUD.FR-FR\ROSEBUDMUI.XML
[21:19:01] - [48] MIRKO.POZEN: Fichier envoyé: D:\kerberos.htx\a trier\office 2017\office 2007 free\Microsoft.Office.Professional.2007.FR.By Gervais\ROSEBUD.FR-FR\ROSEBUDMUI.XML (0,79 K/S -    811 bytes)
[21:19:02] - [48] MIRKO.POZEN: Début du Téléchargement de: D:\kerberos.htx\a trier\office 2017\office 2007 free\Microsoft.Office.Professional.2007.FR.By Gervais\ROSEBUD.FR-FR\SETUP.XML
[21:19:02] - [48] MIRKO.POZEN: Fichier envoyé: D:\kerberos.htx\a trier\office 2017\office 2007 free\Microsoft.Office.Professional.2007.FR.By Gervais\ROSEBUD.FR-FR\SETUP.XML (1,22 K/S -   1 251 bytes)
[21:19:02] - [48] MIRKO.POZEN: Répertoire en Cours: D:\kerberos.htx\a trier\office 2017\office 2007 free\Microsoft.Office.Professional.2007.FR.By Gervais\PUBLISHER.FR-FR\
[21:19:02] - [48] MIRKO.POZEN: Début du Téléchargement de: D:\kerberos.htx\a trier\office 2017\office 2007 free\Microsoft.Office.Professional.2007.FR.By Gervais\PUBLISHER.FR-FR\PUBLISHERMUI.MSI
[21:19:07] - [48] MIRKO.POZEN: Fichier envoyé: D:\kerberos.htx\a trier\office 2017\office 2007 free\Microsoft.Office.Professional.2007.FR.By Gervais\PUBLISHER.FR-FR\PUBLISHERMUI.MSI (325,60 K/S -  1 667 072 bytes)
[21:19:07] - [48] MIRKO.POZEN: Début du Téléchargement de: D:\kerberos.htx\a trier\office 2017\office 2007 free\Microsoft.Office.Professional.2007.FR.By Gervais\PUBLISHER.FR-FR\PUBLISHERMUI.XML
[21:19:07] - [48] MIRKO.POZEN: Fichier envoyé: D:\kerberos.htx\a trier\office 2017\office 2007 free\Microsoft.Office.Professional.2007.FR.By Gervais\PUBLISHER.FR-FR\PUBLISHERMUI.XML (1,44 K/S -   1 470 bytes)
[21:19:07] - [48] MIRKO.POZEN: Début du Téléchargement de: D:\kerberos.htx\a trier\office 2017\office 2007 free\Microsoft.Office.Professional.2007.FR.By Gervais\PUBLISHER.FR-FR\PUBLR.CAB
[21:19:20] - [50] Connecté à 51.38.12.23. Collecte du Nom d'utilisateur.
[21:19:20] - [50] Client 51.38.12.23 Déconnecté (00:00:00 Min)
[21:19:40] - [48] MIRKO.POZEN: Fichier envoyé: D:\kerberos.htx\a trier\office 2017\office 2007 free\Microsoft.Office.Professional.2007.FR.By Gervais\PUBLISHER.FR-FR\PUBLR.CAB (375,43 K/S -  12 686 495 bytes)
[21:19:40] - [48] MIRKO.POZEN: Début du Téléchargement de: D:\kerberos.htx\a trier\office 2017\office 2007 free\Microsoft.Office.Professional.2007.FR.By Gervais\PUBLISHER.FR-FR\SETUP.XML
[21:19:40] - [48] MIRKO.POZEN: Fichier envoyé: D:\kerberos.htx\a trier\office 2017\office 2007 free\Microsoft.Office.Professional.2007.FR.By Gervais\PUBLISHER.FR-FR\SETUP.XML (1,78 K/S -   1 826 bytes)
[21:19:41] - [48] MIRKO.POZEN: Répertoire en Cours: D:\kerberos.htx\a trier\office 2017\office 2007 free\Microsoft.Office.Professional.2007.FR.By Gervais\PROPLUS.WW\
[21:19:41] - [48] MIRKO.POZEN: Début du Téléchargement de: D:\kerberos.htx\a trier\office 2017\office 2007 free\Microsoft.Office.Professional.2007.FR.By Gervais\PROPLUS.WW\CONFIG.XML
[21:19:41] - [48] MIRKO.POZEN: Fichier envoyé: D:\kerberos.htx\a trier\office 2017\office 2007 free\Microsoft.Office.Professional.2007.FR.By Gervais\PROPLUS.WW\CONFIG.XML (0,93 K/S -    956 bytes)
[21:19:41] - [48] MIRKO.POZEN: Début du Téléchargement de: D:\kerberos.htx\a trier\office 2017\office 2007 free\Microsoft.Office.Professional.2007.FR.By Gervais\PROPLUS.WW\ID_00011.DPC
[21:19:41] - [48] MIRKO.POZEN: Fichier envoyé: D:\kerberos.htx\a trier\office 2017\office 2007 free\Microsoft.Office.Professional.2007.FR.By Gervais\PROPLUS.WW\ID_00011.DPC (1,61 K/S -   1 646 bytes)
[21:19:41] - [48] MIRKO.POZEN: Début du Téléchargement de: D:\kerberos.htx\a trier\office 2017\office 2007 free\Microsoft.Office.Professional.2007.FR.By Gervais\PROPLUS.WW\OFFICE64WW.MSI
[21:19:43] - [48] MIRKO.POZEN: Fichier envoyé: D:\kerberos.htx\a trier\office 2017\office 2007 free\Microsoft.Office.Professional.2007.FR.By Gervais\PROPLUS.WW\OFFICE64WW.MSI (828,00 K/S -   847 872 bytes)
[21:19:43] - [48] MIRKO.POZEN: Début du Téléchargement de: D:\kerberos.htx\a trier\office 2017\office 2007 free\Microsoft.Office.Professional.2007.FR.By Gervais\PROPLUS.WW\OFFICE64WW.XML
[21:19:43] - [48] MIRKO.POZEN: Fichier envoyé: D:\kerberos.htx\a trier\office 2017\office 2007 free\Microsoft.Office.Professional.2007.FR.By Gervais\PROPLUS.WW\OFFICE64WW.XML (2,26 K/S -   2 310 bytes)
[21:19:43] - [48] MIRKO.POZEN: Début du Téléchargement de: D:\kerberos.htx\a trier\office 2017\office 2007 free\Microsoft.Office.Professional.2007.FR.By Gervais\PROPLUS.WW\OSE.EXE
[21:19:44] - [48] MIRKO.POZEN: Fichier envoyé: D:\kerberos.htx\a trier\office 2017\office 2007 free\Microsoft.Office.Professional.2007.FR.By Gervais\PROPLUS.WW\OSE.EXE (141,78 K/S -   145 184 bytes)
[21:19:44] - [48] MIRKO.POZEN: Début du Téléchargement de: D:\kerberos.htx\a trier\office 2017\office 2007 free\Microsoft.Office.Professional.2007.FR.By Gervais\PROPLUS.WW\OSETUP.DLL
[21:20:00] - [48] MIRKO.POZEN: Fichier envoyé: D:\kerberos.htx\a trier\office 2017\office 2007 free\Microsoft.Office.Professional.2007.FR.By Gervais\PROPLUS.WW\OSETUP.DLL (375,52 K/S -  6 536 992 bytes)
[21:20:01] - [48] MIRKO.POZEN: Début du Téléchargement de: D:\kerberos.htx\a trier\office 2017\office 2007 free\Microsoft.Office.Professional.2007.FR.By Gervais\PROPLUS.WW\OWOW64WW.CAB
[21:20:11] - [48] MIRKO.POZEN: Fichier envoyé: D:\kerberos.htx\a trier\office 2017\office 2007 free\Microsoft.Office.Professional.2007.FR.By Gervais\PROPLUS.WW\OWOW64WW.CAB (405,38 K/S -  4 151 139 bytes)
[21:20:11] - [48] MIRKO.POZEN: Début du Téléchargement de: D:\kerberos.htx\a trier\office 2017\office 2007 free\Microsoft.Office.Professional.2007.FR.By Gervais\PROPLUS.WW\PROPLSWW.CAB
[21:27:48] - [45] MIRKO.POZEN: Répertoire en Cours: D:\kerberos.htx\a trier\
[21:27:48] - [45] MIRKO.POZEN: Répertoire en Cours: D:\kerberos.htx\a trier\hack fb\
[21:27:56] - [45] MIRKO.POZEN: Répertoire en Cours: D:\kerberos.htx\a trier\
[21:27:56] - [45] MIRKO.POZEN: Répertoire en Cours: D:\kerberos.htx\a trier\img\
[21:28:12] - [45] MIRKO.POZEN: Répertoire en Cours: D:\kerberos.htx\a trier\
[21:28:12] - [45] MIRKO.POZEN: Répertoire en Cours: D:\kerberos.htx\a trier\progz mig\
[21:28:16] - [45] MIRKO.POZEN: Répertoire en Cours: D:\kerberos.htx\a trier\progz mig\AusLogics Disk Defrag\
[21:28:17] - [45] MIRKO.POZEN: Répertoire en Cours: D:\kerberos.htx\a trier\progz mig\AusLogics Disk Defrag\reports\
[21:28:18] - [45] MIRKO.POZEN: Répertoire en Cours: D:\kerberos.htx\a trier\progz mig\AusLogics Disk Defrag\
[21:28:18] - [45] MIRKO.POZEN: Répertoire en Cours: D:\kerberos.htx\a trier\progz mig\AusLogics Disk Defrag\Lang\
[21:28:19] - [45] MIRKO.POZEN: Répertoire en Cours: D:\kerberos.htx\a trier\progz mig\AusLogics Disk Defrag\
[21:28:19] - [45] MIRKO.POZEN: Répertoire en Cours: D:\kerberos.htx\a trier\progz mig\AusLogics Disk Defrag\Data\
[21:28:40] - [45] MIRKO.POZEN: Répertoire en Cours: D:\kerberos.htx\a trier\
[21:28:40] - [45] MIRKO.POZEN: Répertoire en Cours: D:\kerberos.htx\a trier\rar\
[21:29:38] - [48] MIRKO.POZEN: Fichier envoyé: D:\kerberos.htx\a trier\office 2017\office 2007 free\Microsoft.Office.Professional.2007.FR.By Gervais\PROPLUS.WW\PROPLSWW.CAB (408,06 K/S -  236 505 785 bytes)
[21:29:38] - [48] MIRKO.POZEN: Début du Téléchargement de: D:\kerberos.htx\a trier\office 2017\office 2007 free\Microsoft.Office.Professional.2007.FR.By Gervais\PROPLUS.WW\PROPLUSWW.MSI
[21:30:15] - [48] MIRKO.POZEN: Fichier envoyé: D:\kerberos.htx\a trier\office 2017\office 2007 free\Microsoft.Office.Professional.2007.FR.By Gervais\PROPLUS.WW\PROPLUSWW.MSI (406,86 K/S -  15 831 552 bytes)
[21:30:15] - [48] MIRKO.POZEN: Début du Téléchargement de: D:\kerberos.htx\a trier\office 2017\office 2007 free\Microsoft.Office.Professional.2007.FR.By Gervais\PROPLUS.WW\PROPLUSWW.XML
[21:30:15] - [48] MIRKO.POZEN: Fichier envoyé: D:\kerberos.htx\a trier\office 2017\office 2007 free\Microsoft.Office.Professional.2007.FR.By Gervais\PROPLUS.WW\PROPLUSWW.XML (15,44 K/S -   15 813 bytes)
[21:30:15] - [48] MIRKO.POZEN: Début du Téléchargement de: D:\kerberos.htx\a trier\office 2017\office 2007 free\Microsoft.Office.Professional.2007.FR.By Gervais\PROPLUS.WW\SETUP.XML
[21:30:16] - [48] MIRKO.POZEN: Fichier envoyé: D:\kerberos.htx\a trier\office 2017\office 2007 free\Microsoft.Office.Professional.2007.FR.By Gervais\PROPLUS.WW\SETUP.XML (25,96 K/S -   26 579 bytes)
[21:30:16] - [48] MIRKO.POZEN: Répertoire en Cours: D:\kerberos.htx\a trier\office 2017\office 2007 free\Microsoft.Office.Professional.2007.FR.By Gervais\PROOFING.FR-FR\
[21:30:16] - [48] MIRKO.POZEN: Début du Téléchargement de: D:\kerberos.htx\a trier\office 2017\office 2007 free\Microsoft.Office.Professional.2007.FR.By Gervais\PROOFING.FR-FR\PROOFING.MSI
[21:30:17] - [48] MIRKO.POZEN: Fichier envoyé: D:\kerberos.htx\a trier\office 2017\office 2007 free\Microsoft.Office.Professional.2007.FR.By Gervais\PROOFING.FR-FR\PROOFING.MSI (247,00 K/S -   505 856 bytes)
[21:30:17] - [48] MIRKO.POZEN: Début du Téléchargement de: D:\kerberos.htx\a trier\office 2017\office 2007 free\Microsoft.Office.Professional.2007.FR.By Gervais\PROOFING.FR-FR\PROOFING.XML
[21:30:17] - [48] MIRKO.POZEN: Fichier envoyé: D:\kerberos.htx\a trier\office 2017\office 2007 free\Microsoft.Office.Professional.2007.FR.By Gervais\PROOFING.FR-FR\PROOFING.XML (0,79 K/S -    807 bytes)
[21:30:17] - [48] MIRKO.POZEN: Début du Téléchargement de: D:\kerberos.htx\a trier\office 2017\office 2007 free\Microsoft.Office.Professional.2007.FR.By Gervais\PROOFING.FR-FR\SETUP.XML
[21:30:17] - [48] MIRKO.POZEN: Fichier envoyé: D:\kerberos.htx\a trier\office 2017\office 2007 free\Microsoft.Office.Professional.2007.FR.By Gervais\PROOFING.FR-FR\SETUP.XML (9,57 K/S -   9 804 bytes)
[21:30:18] - [48] MIRKO.POZEN: Répertoire en Cours: D:\kerberos.htx\a trier\office 2017\office 2007 free\Microsoft.Office.Professional.2007.FR.By Gervais\PROOFING.FR-FR\PROOF.NL\
[21:30:18] - [48] MIRKO.POZEN: Début du Téléchargement de: D:\kerberos.htx\a trier\office 2017\office 2007 free\Microsoft.Office.Professional.2007.FR.By Gervais\PROOFING.FR-FR\PROOF.NL\PROOF.CAB
[21:30:30] - [48] MIRKO.POZEN: Fichier envoyé: D:\kerberos.htx\a trier\office 2017\office 2007 free\Microsoft.Office.Professional.2007.FR.By Gervais\PROOFING.FR-FR\PROOF.NL\PROOF.CAB (394,25 K/S -  4 844 595 bytes)
[21:30:30] - [48] MIRKO.POZEN: Début du Téléchargement de: D:\kerberos.htx\a trier\office 2017\office 2007 free\Microsoft.Office.Professional.2007.FR.By Gervais\PROOFING.FR-FR\PROOF.NL\PROOF.MSI
[21:30:31] - [48] MIRKO.POZEN: Fichier envoyé: D:\kerberos.htx\a trier\office 2017\office 2007 free\Microsoft.Office.Professional.2007.FR.By Gervais\PROOFING.FR-FR\PROOF.NL\PROOF.MSI (247,25 K/S -   506 368 bytes)
[21:30:31] - [48] MIRKO.POZEN: Début du Téléchargement de: D:\kerberos.htx\a trier\office 2017\office 2007 free\Microsoft.Office.Professional.2007.FR.By Gervais\PROOFING.FR-FR\PROOF.NL\PROOF.XML
[21:30:31] - [48] MIRKO.POZEN: Fichier envoyé: D:\kerberos.htx\a trier\office 2017\office 2007 free\Microsoft.Office.Professional.2007.FR.By Gervais\PROOFING.FR-FR\PROOF.NL\PROOF.XML (1,20 K/S -   1 233 bytes)
[21:30:31] - [48] MIRKO.POZEN: Répertoire en Cours: D:\kerberos.htx\a trier\office 2017\office 2007 free\Microsoft.Office.Professional.2007.FR.By Gervais\PROOFING.FR-FR\PROOF.FR\
[21:30:31] - [48] MIRKO.POZEN: Début du Téléchargement de: D:\kerberos.htx\a trier\office 2017\office 2007 free\Microsoft.Office.Professional.2007.FR.By Gervais\PROOFING.FR-FR\PROOF.FR\PROOF.CAB
[21:31:00] - [48] MIRKO.POZEN: Fichier envoyé: D:\kerberos.htx\a trier\office 2017\office 2007 free\Microsoft.Office.Professional.2007.FR.By Gervais\PROOFING.FR-FR\PROOF.FR\PROOF.CAB (386,58 K/S -  11 479 987 bytes)
[21:31:00] - [48] MIRKO.POZEN: Début du Téléchargement de: D:\kerberos.htx\a trier\office 2017\office 2007 free\Microsoft.Office.Professional.2007.FR.By Gervais\PROOFING.FR-FR\PROOF.FR\PROOF.MSI
[21:31:02] - [48] MIRKO.POZEN: Fichier envoyé: D:\kerberos.htx\a trier\office 2017\office 2007 free\Microsoft.Office.Professional.2007.FR.By Gervais\PROOFING.FR-FR\PROOF.FR\PROOF.MSI (506,00 K/S -   518 144 bytes)
[21:31:02] - [48] MIRKO.POZEN: Début du Téléchargement de: D:\kerberos.htx\a trier\office 2017\office 2007 free\Microsoft.Office.Professional.2007.FR.By Gervais\PROOFING.FR-FR\PROOF.FR\PROOF.XML
[21:31:02] - [48] MIRKO.POZEN: Fichier envoyé: D:\kerberos.htx\a trier\office 2017\office 2007 free\Microsoft.Office.Professional.2007.FR.By Gervais\PROOFING.FR-FR\PROOF.FR\PROOF.XML (1,42 K/S -   1 459 bytes)
[21:31:02] - [48] MIRKO.POZEN: Répertoire en Cours: D:\kerberos.htx\a trier\office 2017\office 2007 free\Microsoft.Office.Professional.2007.FR.By Gervais\PROOFING.FR-FR\PROOF.ES\
[21:31:02] - [48] MIRKO.POZEN: Début du Téléchargement de: D:\kerberos.htx\a trier\office 2017\office 2007 free\Microsoft.Office.Professional.2007.FR.By Gervais\PROOFING.FR-FR\PROOF.ES\PROOF.CAB
[21:31:56] - [48] MIRKO.POZEN: Fichier envoyé: D:\kerberos.htx\a trier\office 2017\office 2007 free\Microsoft.Office.Professional.2007.FR.By Gervais\PROOFING.FR-FR\PROOF.ES\PROOF.CAB (297,61 K/S -  16 456 790 bytes)
[21:31:56] - [48] MIRKO.POZEN: Début du Téléchargement de: D:\kerberos.htx\a trier\office 2017\office 2007 free\Microsoft.Office.Professional.2007.FR.By Gervais\PROOFING.FR-FR\PROOF.ES\PROOF.MSI
[21:31:58] - [48] MIRKO.POZEN: Fichier envoyé: D:\kerberos.htx\a trier\office 2017\office 2007 free\Microsoft.Office.Professional.2007.FR.By Gervais\PROOFING.FR-FR\PROOF.ES\PROOF.MSI (251,00 K/S -   514 048 bytes)
[21:31:58] - [48] MIRKO.POZEN: Début du Téléchargement de: D:\kerberos.htx\a trier\office 2017\office 2007 free\Microsoft.Office.Professional.2007.FR.By Gervais\PROOFING.FR-FR\PROOF.ES\PROOF.XML
[21:31:58] - [48] MIRKO.POZEN: Fichier envoyé: D:\kerberos.htx\a trier\office 2017\office 2007 free\Microsoft.Office.Professional.2007.FR.By Gervais\PROOFING.FR-FR\PROOF.ES\PROOF.XML (1,43 K/S -   1 460 bytes)
[21:31:58] - [48] MIRKO.POZEN: Répertoire en Cours: D:\kerberos.htx\a trier\office 2017\office 2007 free\Microsoft.Office.Professional.2007.FR.By Gervais\PROOFING.FR-FR\PROOF.EN\
[21:31:59] - [48] MIRKO.POZEN: Début du Téléchargement de: D:\kerberos.htx\a trier\office 2017\office 2007 free\Microsoft.Office.Professional.2007.FR.By Gervais\PROOFING.FR-FR\PROOF.EN\PROOF.CAB
[21:33:27] - [48] MIRKO.POZEN: Fichier envoyé: D:\kerberos.htx\a trier\office 2017\office 2007 free\Microsoft.Office.Professional.2007.FR.By Gervais\PROOFING.FR-FR\PROOF.EN\PROOF.CAB (245,84 K/S -  22 404 970 bytes)
[21:33:27] - [48] MIRKO.POZEN: Début du Téléchargement de: D:\kerberos.htx\a trier\office 2017\office 2007 free\Microsoft.Office.Professional.2007.FR.By Gervais\PROOFING.FR-FR\PROOF.EN\PROOF.MSI
[21:33:29] - [48] MIRKO.POZEN: Fichier envoyé: D:\kerberos.htx\a trier\office 2017\office 2007 free\Microsoft.Office.Professional.2007.FR.By Gervais\PROOFING.FR-FR\PROOF.EN\PROOF.MSI (496,00 K/S -   507 904 bytes)
[21:33:29] - [48] MIRKO.POZEN: Début du Téléchargement de: D:\kerberos.htx\a trier\office 2017\office 2007 free\Microsoft.Office.Professional.2007.FR.By Gervais\PROOFING.FR-FR\PROOF.EN\PROOF.XML
[21:33:29] - [48] MIRKO.POZEN: Fichier envoyé: D:\kerberos.htx\a trier\office 2017\office 2007 free\Microsoft.Office.Professional.2007.FR.By Gervais\PROOFING.FR-FR\PROOF.EN\PROOF.XML (1,32 K/S -   1 350 bytes)
[21:33:29] - [48] MIRKO.POZEN: Répertoire en Cours: D:\kerberos.htx\a trier\office 2017\office 2007 free\Microsoft.Office.Professional.2007.FR.By Gervais\PROOFING.FR-FR\PROOF.DE\
[21:33:29] - [48] MIRKO.POZEN: Début du Téléchargement de: D:\kerberos.htx\a trier\office 2017\office 2007 free\Microsoft.Office.Professional.2007.FR.By Gervais\PROOFING.FR-FR\PROOF.DE\PROOF.CAB
[21:34:19] - [48] MIRKO.POZEN: Fichier envoyé: D:\kerberos.htx\a trier\office 2017\office 2007 free\Microsoft.Office.Professional.2007.FR.By Gervais\PROOFING.FR-FR\PROOF.DE\PROOF.CAB (404,63 K/S -  20 302 883 bytes)
[21:34:19] - [48] MIRKO.POZEN: Début du Téléchargement de: D:\kerberos.htx\a trier\office 2017\office 2007 free\Microsoft.Office.Professional.2007.FR.By Gervais\PROOFING.FR-FR\PROOF.DE\PROOF.MSI
[21:34:20] - [48] MIRKO.POZEN: Fichier envoyé: D:\kerberos.htx\a trier\office 2017\office 2007 free\Microsoft.Office.Professional.2007.FR.By Gervais\PROOFING.FR-FR\PROOF.DE\PROOF.MSI (251,50 K/S -   515 072 bytes)
[21:34:20] - [48] MIRKO.POZEN: Début du Téléchargement de: D:\kerberos.htx\a trier\office 2017\office 2007 free\Microsoft.Office.Professional.2007.FR.By Gervais\PROOFING.FR-FR\PROOF.DE\PROOF.XML
[21:34:21] - [48] MIRKO.POZEN: Fichier envoyé: D:\kerberos.htx\a trier\office 2017\office 2007 free\Microsoft.Office.Professional.2007.FR.By Gervais\PROOFING.FR-FR\PROOF.DE\PROOF.XML (1,43 K/S -   1 461 bytes)
[21:34:21] - [48] MIRKO.POZEN: Répertoire en Cours: D:\kerberos.htx\a trier\office 2017\office 2007 free\Microsoft.Office.Professional.2007.FR.By Gervais\PROOFING.FR-FR\PROOF.AR\
[21:34:21] - [48] MIRKO.POZEN: Début du Téléchargement de: D:\kerberos.htx\a trier\office 2017\office 2007 free\Microsoft.Office.Professional.2007.FR.By Gervais\PROOFING.FR-FR\PROOF.AR\PROOF.CAB
[21:34:37] - [48] MIRKO.POZEN: Fichier envoyé: D:\kerberos.htx\a trier\office 2017\office 2007 free\Microsoft.Office.Professional.2007.FR.By Gervais\PROOFING.FR-FR\PROOF.AR\PROOF.CAB (379,37 K/S -  6 604 112 bytes)
[21:34:37] - [48] MIRKO.POZEN: Début du Téléchargement de: D:\kerberos.htx\a trier\office 2017\office 2007 free\Microsoft.Office.Professional.2007.FR.By Gervais\PROOFING.FR-FR\PROOF.AR\PROOF.MSI
[21:34:39] - [48] MIRKO.POZEN: Fichier envoyé: D:\kerberos.htx\a trier\office 2017\office 2007 free\Microsoft.Office.Professional.2007.FR.By Gervais\PROOFING.FR-FR\PROOF.AR\PROOF.MSI (503,50 K/S -   515 584 bytes)
[21:34:39] - [48] MIRKO.POZEN: Début du Téléchargement de: D:\kerberos.htx\a trier\office 2017\office 2007 free\Microsoft.Office.Professional.2007.FR.By Gervais\PROOFING.FR-FR\PROOF.AR\PROOF.XML
[21:34:39] - [48] MIRKO.POZEN: Fichier envoyé: D:\kerberos.htx\a trier\office 2017\office 2007 free\Microsoft.Office.Professional.2007.FR.By Gervais\PROOFING.FR-FR\PROOF.AR\PROOF.XML (1,12 K/S -   1 151 bytes)
[21:34:39] - [48] MIRKO.POZEN: Répertoire en Cours: D:\kerberos.htx\a trier\office 2017\office 2007 free\Microsoft.Office.Professional.2007.FR.By Gervais\POWERPOINT.FR-FR\
[21:34:39] - [48] MIRKO.POZEN: Début du Téléchargement de: D:\kerberos.htx\a trier\office 2017\office 2007 free\Microsoft.Office.Professional.2007.FR.By Gervais\POWERPOINT.FR-FR\POWERPOINTMUI.MSI
[21:34:44] - [48] MIRKO.POZEN: Fichier envoyé: D:\kerberos.htx\a trier\office 2017\office 2007 free\Microsoft.Office.Professional.2007.FR.By Gervais\POWERPOINT.FR-FR\POWERPOINTMUI.MSI (402,13 K/S -  1 647 104 bytes)
[21:34:44] - [48] MIRKO.POZEN: Début du Téléchargement de: D:\kerberos.htx\a trier\office 2017\office 2007 free\Microsoft.Office.Professional.2007.FR.By Gervais\POWERPOINT.FR-FR\POWERPOINTMUI.XML
[21:34:44] - [48] MIRKO.POZEN: Fichier envoyé: D:\kerberos.htx\a trier\office 2017\office 2007 free\Microsoft.Office.Professional.2007.FR.By Gervais\POWERPOINT.FR-FR\POWERPOINTMUI.XML (1,52 K/S -   1 554 bytes)
[21:34:44] - [48] MIRKO.POZEN: Début du Téléchargement de: D:\kerberos.htx\a trier\office 2017\office 2007 free\Microsoft.Office.Professional.2007.FR.By Gervais\POWERPOINT.FR-FR\PPTLR.CAB
[21:35:21] - [48] MIRKO.POZEN: Fichier envoyé: D:\kerberos.htx\a trier\office 2017\office 2007 free\Microsoft.Office.Professional.2007.FR.By Gervais\POWERPOINT.FR-FR\PPTLR.CAB (382,61 K/S -  14 496 400 bytes)
[21:35:21] - [48] MIRKO.POZEN: Début du Téléchargement de: D:\kerberos.htx\a trier\office 2017\office 2007 free\Microsoft.Office.Professional.2007.FR.By Gervais\POWERPOINT.FR-FR\SETUP.XML
[21:35:21] - [48] MIRKO.POZEN: Fichier envoyé: D:\kerberos.htx\a trier\office 2017\office 2007 free\Microsoft.Office.Professional.2007.FR.By Gervais\POWERPOINT.FR-FR\SETUP.XML (1,96 K/S -   2 004 bytes)
[21:35:22] - [48] MIRKO.POZEN: Répertoire en Cours: D:\kerberos.htx\a trier\office 2017\office 2007 free\Microsoft.Office.Professional.2007.FR.By Gervais\OUTLOOK.FR-FR\
[21:35:22] - [48] MIRKO.POZEN: Début du Téléchargement de: D:\kerberos.htx\a trier\office 2017\office 2007 free\Microsoft.Office.Professional.2007.FR.By Gervais\OUTLOOK.FR-FR\OUTLKLR.CAB
[21:36:02] - [48] MIRKO.POZEN: Fichier envoyé: D:\kerberos.htx\a trier\office 2017\office 2007 free\Microsoft.Office.Professional.2007.FR.By Gervais\OUTLOOK.FR-FR\OUTLKLR.CAB (395,16 K/S -  16 185 637 bytes)
[21:36:02] - [48] MIRKO.POZEN: Début du Téléchargement de: D:\kerberos.htx\a trier\office 2017\office 2007 free\Microsoft.Office.Professional.2007.FR.By Gervais\OUTLOOK.FR-FR\OUTLOOKMUI.MSI
[21:36:07] - [48] MIRKO.POZEN: Fichier envoyé: D:\kerberos.htx\a trier\office 2017\office 2007 free\Microsoft.Office.Professional.2007.FR.By Gervais\OUTLOOK.FR-FR\OUTLOOKMUI.MSI (396,30 K/S -  2 029 056 bytes)
[21:36:07] - [48] MIRKO.POZEN: Début du Téléchargement de: D:\kerberos.htx\a trier\office 2017\office 2007 free\Microsoft.Office.Professional.2007.FR.By Gervais\OUTLOOK.FR-FR\OUTLOOKMUI.XML
[21:36:07] - [48] MIRKO.POZEN: Fichier envoyé: D:\kerberos.htx\a trier\office 2017\office 2007 free\Microsoft.Office.Professional.2007.FR.By Gervais\OUTLOOK.FR-FR\OUTLOOKMUI.XML (2,88 K/S -   2 947 bytes)
[21:36:07] - [48] MIRKO.POZEN: Début du Téléchargement de: D:\kerberos.htx\a trier\office 2017\office 2007 free\Microsoft.Office.Professional.2007.FR.By Gervais\OUTLOOK.FR-FR\SETUP.XML
[21:36:07] - [48] MIRKO.POZEN: Fichier envoyé: D:\kerberos.htx\a trier\office 2017\office 2007 free\Microsoft.Office.Professional.2007.FR.By Gervais\OUTLOOK.FR-FR\SETUP.XML (3,77 K/S -   3 861 bytes)
[21:36:07] - [48] MIRKO.POZEN: Répertoire en Cours: D:\kerberos.htx\a trier\office 2017\office 2007 free\Microsoft.Office.Professional.2007.FR.By Gervais\OFFICE64.FR-FR\
[21:36:08] - [48] MIRKO.POZEN: Début du Téléchargement de: D:\kerberos.htx\a trier\office 2017\office 2007 free\Microsoft.Office.Professional.2007.FR.By Gervais\OFFICE64.FR-FR\OFFICE64MUI.MSI
[21:36:09] - [48] MIRKO.POZEN: Fichier envoyé: D:\kerberos.htx\a trier\office 2017\office 2007 free\Microsoft.Office.Professional.2007.FR.By Gervais\OFFICE64.FR-FR\OFFICE64MUI.MSI (495,00 K/S -   506 880 bytes)
[21:36:09] - [48] MIRKO.POZEN: Début du Téléchargement de: D:\kerberos.htx\a trier\office 2017\office 2007 free\Microsoft.Office.Professional.2007.FR.By Gervais\OFFICE64.FR-FR\OFFICE64MUI.XML
[21:36:09] - [48] MIRKO.POZEN: Fichier envoyé: D:\kerberos.htx\a trier\office 2017\office 2007 free\Microsoft.Office.Professional.2007.FR.By Gervais\OFFICE64.FR-FR\OFFICE64MUI.XML (1,00 K/S -   1 027 bytes)
[21:36:09] - [48] MIRKO.POZEN: Début du Téléchargement de: D:\kerberos.htx\a trier\office 2017\office 2007 free\Microsoft.Office.Professional.2007.FR.By Gervais\OFFICE64.FR-FR\OWOW64LR.CAB
[21:36:09] - [48] MIRKO.POZEN: Fichier envoyé: D:\kerberos.htx\a trier\office 2017\office 2007 free\Microsoft.Office.Professional.2007.FR.By Gervais\OFFICE64.FR-FR\OWOW64LR.CAB (7,10 K/S -   7 266 bytes)
[21:36:10] - [48] MIRKO.POZEN: Début du Téléchargement de: D:\kerberos.htx\a trier\office 2017\office 2007 free\Microsoft.Office.Professional.2007.FR.By Gervais\OFFICE64.FR-FR\SETUP.XML
[21:36:10] - [48] MIRKO.POZEN: Fichier envoyé: D:\kerberos.htx\a trier\office 2017\office 2007 free\Microsoft.Office.Professional.2007.FR.By Gervais\OFFICE64.FR-FR\SETUP.XML (1,43 K/S -   1 468 bytes)
[21:36:10] - [48] MIRKO.POZEN: Répertoire en Cours: D:\kerberos.htx\a trier\office 2017\office 2007 free\Microsoft.Office.Professional.2007.FR.By Gervais\OFFICE.FR-FR\
[21:36:10] - [48] MIRKO.POZEN: Début du Téléchargement de: D:\kerberos.htx\a trier\office 2017\office 2007 free\Microsoft.Office.Professional.2007.FR.By Gervais\OFFICE.FR-FR\BRANDING.XML
[21:36:12] - [48] MIRKO.POZEN: Fichier envoyé: D:\kerberos.htx\a trier\office 2017\office 2007 free\Microsoft.Office.Professional.2007.FR.By Gervais\OFFICE.FR-FR\BRANDING.XML (305,10 K/S -   624 843 bytes)
[21:36:12] - [48] MIRKO.POZEN: Début du Téléchargement de: D:\kerberos.htx\a trier\office 2017\office 2007 free\Microsoft.Office.Professional.2007.FR.By Gervais\OFFICE.FR-FR\DW20.EXE
[21:36:14] - [48] MIRKO.POZEN: Fichier envoyé: D:\kerberos.htx\a trier\office 2017\office 2007 free\Microsoft.Office.Professional.2007.FR.By Gervais\OFFICE.FR-FR\DW20.EXE (264,77 K/S -   813 384 bytes)
[21:36:14] - [48] MIRKO.POZEN: Début du Téléchargement de: D:\kerberos.htx\a trier\office 2017\office 2007 free\Microsoft.Office.Professional.2007.FR.By Gervais\OFFICE.FR-FR\DWDCW20.DLL
[21:36:16] - [48] MIRKO.POZEN: Fichier envoyé: D:\kerberos.htx\a trier\office 2017\office 2007 free\Microsoft.Office.Professional.2007.FR.By Gervais\OFFICE.FR-FR\DWDCW20.DLL (429,27 K/S -   439 568 bytes)
[21:36:16] - [48] MIRKO.POZEN: Début du Téléchargement de: D:\kerberos.htx\a trier\office 2017\office 2007 free\Microsoft.Office.Professional.2007.FR.By Gervais\OFFICE.FR-FR\DWTRIG20.EXE
[21:36:17] - [48] MIRKO.POZEN: Fichier envoyé: D:\kerberos.htx\a trier\office 2017\office 2007 free\Microsoft.Office.Professional.2007.FR.By Gervais\OFFICE.FR-FR\DWTRIG20.EXE (212,17 K/S -   434 528 bytes)
[21:36:17] - [48] MIRKO.POZEN: Début du Téléchargement de: D:\kerberos.htx\a trier\office 2017\office 2007 free\Microsoft.Office.Professional.2007.FR.By Gervais\OFFICE.FR-FR\MICROSOFT.VC80.CRT.MANIFEST
[21:36:17] - [48] MIRKO.POZEN: Fichier envoyé: D:\kerberos.htx\a trier\office 2017\office 2007 free\Microsoft.Office.Professional.2007.FR.By Gervais\OFFICE.FR-FR\MICROSOFT.VC80.CRT.MANIFEST (0,51 K/S -    522 bytes)
[21:36:18] - [48] MIRKO.POZEN: Début du Téléchargement de: D:\kerberos.htx\a trier\office 2017\office 2007 free\Microsoft.Office.Professional.2007.FR.By Gervais\OFFICE.FR-FR\MSVCR80.DLL
[21:36:19] - [48] MIRKO.POZEN: Fichier envoyé: D:\kerberos.htx\a trier\office 2017\office 2007 free\Microsoft.Office.Professional.2007.FR.By Gervais\OFFICE.FR-FR\MSVCR80.DLL (306,00 K/S -   626 688 bytes)
[21:36:19] - [48] MIRKO.POZEN: Début du Téléchargement de: D:\kerberos.htx\a trier\office 2017\office 2007 free\Microsoft.Office.Professional.2007.FR.By Gervais\OFFICE.FR-FR\OFFICELR.CAB
[21:37:29] - [48] MIRKO.POZEN: Fichier envoyé: D:\kerberos.htx\a trier\office 2017\office 2007 free\Microsoft.Office.Professional.2007.FR.By Gervais\OFFICE.FR-FR\OFFICELR.CAB (398,79 K/S -  28 585 504 bytes)
[21:37:29] - [48] MIRKO.POZEN: Début du Téléchargement de: D:\kerberos.htx\a trier\office 2017\office 2007 free\Microsoft.Office.Professional.2007.FR.By Gervais\OFFICE.FR-FR\OFFICEMUI.MSI
[21:37:35] - [48] MIRKO.POZEN: Fichier envoyé: D:\kerberos.htx\a trier\office 2017\office 2007 free\Microsoft.Office.Professional.2007.FR.By Gervais\OFFICE.FR-FR\OFFICEMUI.MSI (393,75 K/S -  2 419 200 bytes)
[21:37:35] - [48] MIRKO.POZEN: Début du Téléchargement de: D:\kerberos.htx\a trier\office 2017\office 2007 free\Microsoft.Office.Professional.2007.FR.By Gervais\OFFICE.FR-FR\OFFICEMUI.XML
[21:37:35] - [48] MIRKO.POZEN: Fichier envoyé: D:\kerberos.htx\a trier\office 2017\office 2007 free\Microsoft.Office.Professional.2007.FR.By Gervais\OFFICE.FR-FR\OFFICEMUI.XML (5,64 K/S -   5 772 bytes)
[21:37:35] - [48] MIRKO.POZEN: Début du Téléchargement de: D:\kerberos.htx\a trier\office 2017\office 2007 free\Microsoft.Office.Professional.2007.FR.By Gervais\OFFICE.FR-FR\OSETUPUI.DLL
[21:37:36] - [48] MIRKO.POZEN: Fichier envoyé: D:\kerberos.htx\a trier\office 2017\office 2007 free\Microsoft.Office.Professional.2007.FR.By Gervais\OFFICE.FR-FR\OSETUPUI.DLL (219,30 K/S -   224 568 bytes)
[21:37:36] - [48] MIRKO.POZEN: Début du Téléchargement de: D:\kerberos.htx\a trier\office 2017\office 2007 free\Microsoft.Office.Professional.2007.FR.By Gervais\OFFICE.FR-FR\PSS10R.CHM
[21:37:36] - [48] MIRKO.POZEN: Fichier envoyé: D:\kerberos.htx\a trier\office 2017\office 2007 free\Microsoft.Office.Professional.2007.FR.By Gervais\OFFICE.FR-FR\PSS10R.CHM (26,60 K/S -   27 243 bytes)
[21:37:36] - [48] MIRKO.POZEN: Début du Téléchargement de: D:\kerberos.htx\a trier\office 2017\office 2007 free\Microsoft.Office.Professional.2007.FR.By Gervais\OFFICE.FR-FR\SETUP.CHM
[21:37:36] - [48] MIRKO.POZEN: Fichier envoyé: D:\kerberos.htx\a trier\office 2017\office 2007 free\Microsoft.Office.Professional.2007.FR.By Gervais\OFFICE.FR-FR\SETUP.CHM (52,72 K/S -   53 989 bytes)
[21:37:36] - [48] MIRKO.POZEN: Début du Téléchargement de: D:\kerberos.htx\a trier\office 2017\office 2007 free\Microsoft.Office.Professional.2007.FR.By Gervais\OFFICE.FR-FR\SETUP.XML
[21:37:36] - [48] MIRKO.POZEN: Fichier envoyé: D:\kerberos.htx\a trier\office 2017\office 2007 free\Microsoft.Office.Professional.2007.FR.By Gervais\OFFICE.FR-FR\SETUP.XML (9,16 K/S -   9 378 bytes)
[21:37:37] - [48] MIRKO.POZEN: Début du Téléchargement de: D:\kerberos.htx\a trier\office 2017\office 2007 free\Microsoft.Office.Professional.2007.FR.By Gervais\OFFICE.FR-FR\SHELLUI.MST
[21:37:37] - [48] MIRKO.POZEN: Fichier envoyé: D:\kerberos.htx\a trier\office 2017\office 2007 free\Microsoft.Office.Professional.2007.FR.By Gervais\OFFICE.FR-FR\SHELLUI.MST (66,00 K/S -   67 584 bytes)
[21:37:37] - [48] MIRKO.POZEN: Répertoire en Cours: D:\kerberos.htx\a trier\office 2017\office 2007 free\Microsoft.Office.Professional.2007.FR.By Gervais\OFFICE.FR-FR\1036\
[21:37:37] - [48] MIRKO.POZEN: Début du Téléchargement de: D:\kerberos.htx\a trier\office 2017\office 2007 free\Microsoft.Office.Professional.2007.FR.By Gervais\OFFICE.FR-FR\1036\DWINTL20.DLL
[21:37:37] - [48] MIRKO.POZEN: Fichier envoyé: D:\kerberos.htx\a trier\office 2017\office 2007 free\Microsoft.Office.Professional.2007.FR.By Gervais\OFFICE.FR-FR\1036\DWINTL20.DLL (109,34 K/S -   111 960 bytes)
[21:37:37] - [48] MIRKO.POZEN: Répertoire en Cours: D:\kerberos.htx\a trier\office 2017\office 2007 free\Microsoft.Office.Professional.2007.FR.By Gervais\INFOPATH.FR-FR\
[21:37:37] - [48] MIRKO.POZEN: Début du Téléchargement de: D:\kerberos.htx\a trier\office 2017\office 2007 free\Microsoft.Office.Professional.2007.FR.By Gervais\INFOPATH.FR-FR\INFLR.CAB
[21:38:46] - [48] MIRKO.POZEN: Fichier envoyé: D:\kerberos.htx\a trier\office 2017\office 2007 free\Microsoft.Office.Professional.2007.FR.By Gervais\INFOPATH.FR-FR\INFLR.CAB (391,97 K/S -  27 293 888 bytes)
[21:38:46] - [48] MIRKO.POZEN: Début du Téléchargement de: D:\kerberos.htx\a trier\office 2017\office 2007 free\Microsoft.Office.Professional.2007.FR.By Gervais\INFOPATH.FR-FR\INFOPATHMUI.MSI
[21:38:47] - [49] MIRKO.POZEN: Fichier envoyé: D:\kerberos.htx\a trier\office 2017\office 2007 free\Microsoft.Office.Professional.2007.FR.By BlackiPod.rar (394,84 K/S -  502 566 791 bytes)
[21:38:47] - [49] MIRKO.POZEN: Répertoire en Cours: D:\kerberos.htx\a trier\office 2017\office 2007 free\Microsoft.Office.Professional.2007.FR.By Gervais\INFOPATH.FR-FR\
[21:38:48] - [49] MIRKO.POZEN: Début du Téléchargement de: D:\kerberos.htx\a trier\office 2017\office 2007 free\Microsoft.Office.Professional.2007.FR.By Gervais\INFOPATH.FR-FR\INFOPATHMUI.XML
[21:38:48] - [49] MIRKO.POZEN: Fichier envoyé: D:\kerberos.htx\a trier\office 2017\office 2007 free\Microsoft.Office.Professional.2007.FR.By Gervais\INFOPATH.FR-FR\INFOPATHMUI.XML (4,47 K/S -   4 573 bytes)
[21:38:48] - [49] MIRKO.POZEN: Début du Téléchargement de: D:\kerberos.htx\a trier\office 2017\office 2007 free\Microsoft.Office.Professional.2007.FR.By Gervais\INFOPATH.FR-FR\SETUP.XML
[21:38:48] - [49] MIRKO.POZEN: Fichier envoyé: D:\kerberos.htx\a trier\office 2017\office 2007 free\Microsoft.Office.Professional.2007.FR.By Gervais\INFOPATH.FR-FR\SETUP.XML (5,03 K/S -   5 151 bytes)
[21:38:48] - [49] MIRKO.POZEN: Répertoire en Cours: D:\kerberos.htx\a trier\office 2017\office 2007 free\Microsoft.Office.Professional.2007.FR.By Gervais\EXCEL.FR-FR\
[21:38:48] - [49] MIRKO.POZEN: Début du Téléchargement de: D:\kerberos.htx\a trier\office 2017\office 2007 free\Microsoft.Office.Professional.2007.FR.By Gervais\EXCEL.FR-FR\EXCELLR.CAB
[21:38:51] - [48] MIRKO.POZEN: Fichier envoyé: D:\kerberos.htx\a trier\office 2017\office 2007 free\Microsoft.Office.Professional.2007.FR.By Gervais\INFOPATH.FR-FR\INFOPATHMUI.MSI (385,42 K/S -  2 368 000 bytes)
[21:38:51] - [48] MIRKO.POZEN: Répertoire en Cours: D:\kerberos.htx\a trier\office 2017\office 2007 free\Microsoft.Office.Professional.2007.FR.By Gervais\EXCEL.FR-FR\
[21:38:51] - [48] MIRKO.POZEN: Début du Téléchargement de: D:\kerberos.htx\a trier\office 2017\office 2007 free\Microsoft.Office.Professional.2007.FR.By Gervais\EXCEL.FR-FR\EXCELMUI.MSI
[21:38:56] - [48] MIRKO.POZEN: Fichier envoyé: D:\kerberos.htx\a trier\office 2017\office 2007 free\Microsoft.Office.Professional.2007.FR.By Gervais\EXCEL.FR-FR\EXCELMUI.MSI (342,80 K/S -  1 755 136 bytes)
[21:38:56] - [48] MIRKO.POZEN: Début du Téléchargement de: D:\kerberos.htx\a trier\office 2017\office 2007 free\Microsoft.Office.Professional.2007.FR.By Gervais\EXCEL.FR-FR\EXCELMUI.XML
[21:38:56] - [48] MIRKO.POZEN: Fichier envoyé: D:\kerberos.htx\a trier\office 2017\office 2007 free\Microsoft.Office.Professional.2007.FR.By Gervais\EXCEL.FR-FR\EXCELMUI.XML (1,88 K/S -   1 921 bytes)
[21:38:56] - [48] MIRKO.POZEN: Début du Téléchargement de: D:\kerberos.htx\a trier\office 2017\office 2007 free\Microsoft.Office.Professional.2007.FR.By Gervais\EXCEL.FR-FR\SETUP.XML
[21:38:56] - [48] MIRKO.POZEN: Fichier envoyé: D:\kerberos.htx\a trier\office 2017\office 2007 free\Microsoft.Office.Professional.2007.FR.By Gervais\EXCEL.FR-FR\SETUP.XML (2,58 K/S -   2 640 bytes)
[21:38:57] - [48] MIRKO.POZEN: Répertoire en Cours: D:\kerberos.htx\a trier\office 2017\office 2007 free\Microsoft.Office.Professional.2007.FR.By Gervais\CATALOG\
[21:38:57] - [48] MIRKO.POZEN: Début du Téléchargement de: D:\kerberos.htx\a trier\office 2017\office 2007 free\Microsoft.Office.Professional.2007.FR.By Gervais\CATALOG\FILES12.CAT
[21:39:00] - [48] MIRKO.POZEN: Fichier envoyé: D:\kerberos.htx\a trier\office 2017\office 2007 free\Microsoft.Office.Professional.2007.FR.By Gervais\CATALOG\FILES12.CAT (430,67 K/S -  1 323 033 bytes)
[21:39:00] - [48] MIRKO.POZEN: Répertoire en Cours: D:\kerberos.htx\a trier\office 2017\office 2007 free\Microsoft.Office.Professional.2007.FR.By Gervais\ADMIN\
[21:39:00] - [48] MIRKO.POZEN: Début du Téléchargement de: D:\kerberos.htx\a trier\office 2017\office 2007 free\Microsoft.Office.Professional.2007.FR.By Gervais\ADMIN\OCT.DLL
[21:39:09] - [48] MIRKO.POZEN: Fichier envoyé: D:\kerberos.htx\a trier\office 2017\office 2007 free\Microsoft.Office.Professional.2007.FR.By Gervais\ADMIN\OCT.DLL (392,54 K/S -  3 215 680 bytes)
[21:39:09] - [48] MIRKO.POZEN: Début du Téléchargement de: D:\kerberos.htx\a trier\office 2017\office 2007 free\Microsoft.Office.Professional.2007.FR.By Gervais\ADMIN\OCTCA.DLL
[21:39:09] - [48] MIRKO.POZEN: Fichier envoyé: D:\kerberos.htx\a trier\office 2017\office 2007 free\Microsoft.Office.Professional.2007.FR.By Gervais\ADMIN\OCTCA.DLL (95,27 K/S -   97 552 bytes)
[21:39:09] - [48] MIRKO.POZEN: Répertoire en Cours: D:\kerberos.htx\a trier\office 2017\office 2007 free\Microsoft.Office.Professional.2007.FR.By Gervais\ADMIN\ZH-TW\
[21:39:09] - [48] MIRKO.POZEN: Début du Téléchargement de: D:\kerberos.htx\a trier\office 2017\office 2007 free\Microsoft.Office.Professional.2007.FR.By Gervais\ADMIN\ZH-TW\ACCESS12.OPA
[21:39:09] - [48] MIRKO.POZEN: Fichier envoyé: D:\kerberos.htx\a trier\office 2017\office 2007 free\Microsoft.Office.Professional.2007.FR.By Gervais\ADMIN\ZH-TW\ACCESS12.OPA (43,06 K/S -   44 094 bytes)
[21:39:10] - [48] MIRKO.POZEN: Début du Téléchargement de: D:\kerberos.htx\a trier\office 2017\office 2007 free\Microsoft.Office.Professional.2007.FR.By Gervais\ADMIN\ZH-TW\CPAO12.OPA
[21:39:10] - [48] MIRKO.POZEN: Fichier envoyé: D:\kerberos.htx\a trier\office 2017\office 2007 free\Microsoft.Office.Professional.2007.FR.By Gervais\ADMIN\ZH-TW\CPAO12.OPA (17,66 K/S -   18 086 bytes)
[21:39:10] - [48] MIRKO.POZEN: Début du Téléchargement de: D:\kerberos.htx\a trier\office 2017\office 2007 free\Microsoft.Office.Professional.2007.FR.By Gervais\ADMIN\ZH-TW\EXCEL12.OPA
[21:39:10] - [48] MIRKO.POZEN: Fichier envoyé: D:\kerberos.htx\a trier\office 2017\office 2007 free\Microsoft.Office.Professional.2007.FR.By Gervais\ADMIN\ZH-TW\EXCEL12.OPA (118,67 K/S -   121 522 bytes)
[21:39:10] - [48] MIRKO.POZEN: Début du Téléchargement de: D:\kerberos.htx\a trier\office 2017\office 2007 free\Microsoft.Office.Professional.2007.FR.By Gervais\ADMIN\ZH-TW\GROOVE12.OPA
[21:39:10] - [48] MIRKO.POZEN: Fichier envoyé: D:\kerberos.htx\a trier\office 2017\office 2007 free\Microsoft.Office.Professional.2007.FR.By Gervais\ADMIN\ZH-TW\GROOVE12.OPA (2,40 K/S -   2 460 bytes)
[21:39:11] - [48] MIRKO.POZEN: Début du Téléchargement de: D:\kerberos.htx\a trier\office 2017\office 2007 free\Microsoft.Office.Professional.2007.FR.By Gervais\ADMIN\ZH-TW\IC12.OPA
[21:39:11] - [48] MIRKO.POZEN: Fichier envoyé: D:\kerberos.htx\a trier\office 2017\office 2007 free\Microsoft.Office.Professional.2007.FR.By Gervais\ADMIN\ZH-TW\IC12.OPA (6,59 K/S -   6 744 bytes)
[21:39:11] - [48] MIRKO.POZEN: Début du Téléchargement de: D:\kerberos.htx\a trier\office 2017\office 2007 free\Microsoft.Office.Professional.2007.FR.By Gervais\ADMIN\ZH-TW\INF12.OPA
[21:39:11] - [48] MIRKO.POZEN: Fichier envoyé: D:\kerberos.htx\a trier\office 2017\office 2007 free\Microsoft.Office.Professional.2007.FR.By Gervais\ADMIN\ZH-TW\INF12.OPA (86,73 K/S -   88 808 bytes)
[21:39:11] - [48] MIRKO.POZEN: Début du Téléchargement de: D:\kerberos.htx\a trier\office 2017\office 2007 free\Microsoft.Office.Professional.2007.FR.By Gervais\ADMIN\ZH-TW\OCT.CHM
[21:39:11] - [48] MIRKO.POZEN: Fichier envoyé: D:\kerberos.htx\a trier\office 2017\office 2007 free\Microsoft.Office.Professional.2007.FR.By Gervais\ADMIN\ZH-TW\OCT.CHM (59,48 K/S -   60 904 bytes)
[21:39:11] - [48] MIRKO.POZEN: Début du Téléchargement de: D:\kerberos.htx\a trier\office 2017\office 2007 free\Microsoft.Office.Professional.2007.FR.By Gervais\ADMIN\ZH-TW\OCTRES.DLL
[21:39:13] - [48] MIRKO.POZEN: Fichier envoyé: D:\kerberos.htx\a trier\office 2017\office 2007 free\Microsoft.Office.Professional.2007.FR.By Gervais\ADMIN\ZH-TW\OCTRES.DLL (424,78 K/S -   434 976 bytes)
[21:39:13] - [48] MIRKO.POZEN: Début du Téléchargement de: D:\kerberos.htx\a trier\office 2017\office 2007 free\Microsoft.Office.Professional.2007.FR.By Gervais\ADMIN\ZH-TW\OFFICE12.OPA
[21:39:14] - [48] MIRKO.POZEN: Fichier envoyé: D:\kerberos.htx\a trier\office 2017\office 2007 free\Microsoft.Office.Professional.2007.FR.By Gervais\ADMIN\ZH-TW\OFFICE12.OPA (291,51 K/S -   597 016 bytes)
[21:39:14] - [48] MIRKO.POZEN: Début du Téléchargement de: D:\kerberos.htx\a trier\office 2017\office 2007 free\Microsoft.Office.Professional.2007.FR.By Gervais\ADMIN\ZH-TW\ONENT12.OPA
[21:39:14] - [48] MIRKO.POZEN: Fichier envoyé: D:\kerberos.htx\a trier\office 2017\office 2007 free\Microsoft.Office.Professional.2007.FR.By Gervais\ADMIN\ZH-TW\ONENT12.OPA (76,16 K/S -   77 990 bytes)
[21:39:14] - [48] MIRKO.POZEN: Début du Téléchargement de: D:\kerberos.htx\a trier\office 2017\office 2007 free\Microsoft.Office.Professional.2007.FR.By Gervais\ADMIN\ZH-TW\OUTLK12.OPA
[21:39:15] - [48] MIRKO.POZEN: Fichier envoyé: D:\kerberos.htx\a trier\office 2017\office 2007 free\Microsoft.Office.Professional.2007.FR.By Gervais\ADMIN\ZH-TW\OUTLK12.OPA (359,77 K/S -   368 406 bytes)
[21:39:15] - [48] MIRKO.POZEN: Début du Téléchargement de: D:\kerberos.htx\a trier\office 2017\office 2007 free\Microsoft.Office.Professional.2007.FR.By Gervais\ADMIN\ZH-TW\PPT12.OPA
[21:39:16] - [48] MIRKO.POZEN: Fichier envoyé: D:\kerberos.htx\a trier\office 2017\office 2007 free\Microsoft.Office.Professional.2007.FR.By Gervais\ADMIN\ZH-TW\PPT12.OPA (86,38 K/S -   88 458 bytes)
[21:39:16] - [48] MIRKO.POZEN: Début du Téléchargement de: D:\kerberos.htx\a trier\office 2017\office 2007 free\Microsoft.Office.Professional.2007.FR.By Gervais\ADMIN\ZH-TW\PROJ12.OPA
[21:39:16] - [48] MIRKO.POZEN: Fichier envoyé: D:\kerberos.htx\a trier\office 2017\office 2007 free\Microsoft.Office.Professional.2007.FR.By Gervais\ADMIN\ZH-TW\PROJ12.OPA (139,94 K/S -   143 302 bytes)
[21:39:16] - [48] MIRKO.POZEN: Début du Téléchargement de: D:\kerberos.htx\a trier\office 2017\office 2007 free\Microsoft.Office.Professional.2007.FR.By Gervais\ADMIN\ZH-TW\PUB12.OPA
[21:39:16] - [48] MIRKO.POZEN: Fichier envoyé: D:\kerberos.htx\a trier\office 2017\office 2007 free\Microsoft.Office.Professional.2007.FR.By Gervais\ADMIN\ZH-TW\PUB12.OPA (27,38 K/S -   28 038 bytes)
[21:39:17] - [48] MIRKO.POZEN: Début du Téléchargement de: D:\kerberos.htx\a trier\office 2017\office 2007 free\Microsoft.Office.Professional.2007.FR.By Gervais\ADMIN\ZH-TW\SPD12.OPA
[21:39:17] - [48] MIRKO.POZEN: Fichier envoyé: D:\kerberos.htx\a trier\office 2017\office 2007 free\Microsoft.Office.Professional.2007.FR.By Gervais\ADMIN\ZH-TW\SPD12.OPA (13,25 K/S -   13 570 bytes)
[21:39:17] - [48] MIRKO.POZEN: Début du Téléchargement de: D:\kerberos.htx\a trier\office 2017\office 2007 free\Microsoft.Office.Professional.2007.FR.By Gervais\ADMIN\ZH-TW\VISIO12.OPA
[21:39:17] - [48] MIRKO.POZEN: Fichier envoyé: D:\kerberos.htx\a trier\office 2017\office 2007 free\Microsoft.Office.Professional.2007.FR.By Gervais\ADMIN\ZH-TW\VISIO12.OPA (99,84 K/S -   102 236 bytes)
[21:39:17] - [48] MIRKO.POZEN: Début du Téléchargement de: D:\kerberos.htx\a trier\office 2017\office 2007 free\Microsoft.Office.Professional.2007.FR.By Gervais\ADMIN\ZH-TW\WORD12.OPA
[21:39:18] - [48] MIRKO.POZEN: Fichier envoyé: D:\kerberos.htx\a trier\office 2017\office 2007 free\Microsoft.Office.Professional.2007.FR.By Gervais\ADMIN\ZH-TW\WORD12.OPA (203,72 K/S -   208 606 bytes)
[21:39:18] - [48] MIRKO.POZEN: Répertoire en Cours: D:\kerberos.htx\a trier\office 2017\office 2007 free\Microsoft.Office.Professional.2007.FR.By Gervais\ADMIN\ZH-CN\
[21:39:18] - [48] MIRKO.POZEN: Début du Téléchargement de: D:\kerberos.htx\a trier\office 2017\office 2007 free\Microsoft.Office.Professional.2007.FR.By Gervais\ADMIN\ZH-CN\ACCESS12.OPA
[21:39:18] - [48] MIRKO.POZEN: Fichier envoyé: D:\kerberos.htx\a trier\office 2017\office 2007 free\Microsoft.Office.Professional.2007.FR.By Gervais\ADMIN\ZH-CN\ACCESS12.OPA (42,96 K/S -   43 994 bytes)
[21:39:18] - [48] MIRKO.POZEN: Début du Téléchargement de: D:\kerberos.htx\a trier\office 2017\office 2007 free\Microsoft.Office.Professional.2007.FR.By Gervais\ADMIN\ZH-CN\CPAO12.OPA
[21:39:19] - [48] MIRKO.POZEN: Fichier envoyé: D:\kerberos.htx\a trier\office 2017\office 2007 free\Microsoft.Office.Professional.2007.FR.By Gervais\ADMIN\ZH-CN\CPAO12.OPA (17,58 K/S -   17 998 bytes)
[21:39:19] - [48] MIRKO.POZEN: Début du Téléchargement de: D:\kerberos.htx\a trier\office 2017\office 2007 free\Microsoft.Office.Professional.2007.FR.By Gervais\ADMIN\ZH-CN\EXCEL12.OPA
[21:39:19] - [48] MIRKO.POZEN: Fichier envoyé: D:\kerberos.htx\a trier\office 2017\office 2007 free\Microsoft.Office.Professional.2007.FR.By Gervais\ADMIN\ZH-CN\EXCEL12.OPA (118,13 K/S -   120 960 bytes)
[21:39:19] - [48] MIRKO.POZEN: Début du Téléchargement de: D:\kerberos.htx\a trier\office 2017\office 2007 free\Microsoft.Office.Professional.2007.FR.By Gervais\ADMIN\ZH-CN\GROOVE12.OPA
[21:39:19] - [48] MIRKO.POZEN: Fichier envoyé: D:\kerberos.htx\a trier\office 2017\office 2007 free\Microsoft.Office.Professional.2007.FR.By Gervais\ADMIN\ZH-CN\GROOVE12.OPA (2,42 K/S -   2 478 bytes)
[21:39:19] - [48] MIRKO.POZEN: Début du Téléchargement de: D:\kerberos.htx\a trier\office 2017\office 2007 free\Microsoft.Office.Professional.2007.FR.By Gervais\ADMIN\ZH-CN\IC12.OPA
[21:39:20] - [48] MIRKO.POZEN: Fichier envoyé: D:\kerberos.htx\a trier\office 2017\office 2007 free\Microsoft.Office.Professional.2007.FR.By Gervais\ADMIN\ZH-CN\IC12.OPA (6,58 K/S -   6 734 bytes)
[21:39:20] - [48] MIRKO.POZEN: Début du Téléchargement de: D:\kerberos.htx\a trier\office 2017\office 2007 free\Microsoft.Office.Professional.2007.FR.By Gervais\ADMIN\ZH-CN\INF12.OPA
[21:39:20] - [48] MIRKO.POZEN: Fichier envoyé: D:\kerberos.htx\a trier\office 2017\office 2007 free\Microsoft.Office.Professional.2007.FR.By Gervais\ADMIN\ZH-CN\INF12.OPA (87,00 K/S -   89 088 bytes)
[21:39:20] - [48] MIRKO.POZEN: Début du Téléchargement de: D:\kerberos.htx\a trier\office 2017\office 2007 free\Microsoft.Office.Professional.2007.FR.By Gervais\ADMIN\ZH-CN\OCT.CHM
[21:39:20] - [48] MIRKO.POZEN: Fichier envoyé: D:\kerberos.htx\a trier\office 2017\office 2007 free\Microsoft.Office.Professional.2007.FR.By Gervais\ADMIN\ZH-CN\OCT.CHM (82,34 K/S -   84 318 bytes)
[21:39:21] - [48] MIRKO.POZEN: Début du Téléchargement de: D:\kerberos.htx\a trier\office 2017\office 2007 free\Microsoft.Office.Professional.2007.FR.By Gervais\ADMIN\ZH-CN\OCTRES.DLL
[21:39:22] - [48] MIRKO.POZEN: Fichier envoyé: D:\kerberos.htx\a trier\office 2017\office 2007 free\Microsoft.Office.Professional.2007.FR.By Gervais\ADMIN\ZH-CN\OCTRES.DLL (424,78 K/S -   434 976 bytes)
[21:39:22] - [48] MIRKO.POZEN: Début du Téléchargement de: D:\kerberos.htx\a trier\office 2017\office 2007 free\Microsoft.Office.Professional.2007.FR.By Gervais\ADMIN\ZH-CN\OFFICE12.OPA
[21:39:23] - [48] MIRKO.POZEN: Fichier envoyé: D:\kerberos.htx\a trier\office 2017\office 2007 free\Microsoft.Office.Professional.2007.FR.By Gervais\ADMIN\ZH-CN\OFFICE12.OPA (291,30 K/S -   596 576 bytes)
[21:39:23] - [48] MIRKO.POZEN: Début du Téléchargement de: D:\kerberos.htx\a trier\office 2017\office 2007 free\Microsoft.Office.Professional.2007.FR.By Gervais\ADMIN\ZH-CN\ONENT12.OPA
[21:39:24] - [48] MIRKO.POZEN: Fichier envoyé: D:\kerberos.htx\a trier\office 2017\office 2007 free\Microsoft.Office.Professional.2007.FR.By Gervais\ADMIN\ZH-CN\ONENT12.OPA (75,89 K/S -   77 716 bytes)
[21:39:24] - [48] MIRKO.POZEN: Début du Téléchargement de: D:\kerberos.htx\a trier\office 2017\office 2007 free\Microsoft.Office.Professional.2007.FR.By Gervais\ADMIN\ZH-CN\OUTLK12.OPA
[21:39:24] - [49] MIRKO.POZEN: Fichier envoyé: D:\kerberos.htx\a trier\office 2017\office 2007 free\Microsoft.Office.Professional.2007.FR.By Gervais\EXCEL.FR-FR\EXCELLR.CAB (420,13 K/S -  15 487 638 bytes)
[21:39:25] - [49] MIRKO.POZEN: Répertoire en Cours: D:\kerberos.htx\a trier\office 2017\office 2007 free\Microsoft.Office.Professional.2007.FR.By Gervais\ADMIN\ZH-CN\
[21:39:25] - [49] MIRKO.POZEN: Début du Téléchargement de: D:\kerberos.htx\a trier\office 2017\office 2007 free\Microsoft.Office.Professional.2007.FR.By Gervais\ADMIN\ZH-CN\PPT12.OPA
[21:39:25] - [48] MIRKO.POZEN: Fichier envoyé: D:\kerberos.htx\a trier\office 2017\office 2007 free\Microsoft.Office.Professional.2007.FR.By Gervais\ADMIN\ZH-CN\OUTLK12.OPA (358,88 K/S -   367 488 bytes)
[21:39:25] - [49] MIRKO.POZEN: Fichier envoyé: D:\kerberos.htx\a trier\office 2017\office 2007 free\Microsoft.Office.Professional.2007.FR.By Gervais\ADMIN\ZH-CN\PPT12.OPA (86,41 K/S -   88 488 bytes)
[21:39:25] - [48] MIRKO.POZEN: Début du Téléchargement de: D:\kerberos.htx\a trier\office 2017\office 2007 free\Microsoft.Office.Professional.2007.FR.By Gervais\ADMIN\ZH-CN\PROJ12.OPA
[21:39:25] - [49] MIRKO.POZEN: Début du Téléchargement de: D:\kerberos.htx\a trier\office 2017\office 2007 free\Microsoft.Office.Professional.2007.FR.By Gervais\ADMIN\ZH-CN\PUB12.OPA
[21:39:25] - [49] MIRKO.POZEN: Fichier envoyé: D:\kerberos.htx\a trier\office 2017\office 2007 free\Microsoft.Office.Professional.2007.FR.By Gervais\ADMIN\ZH-CN\PUB12.OPA (27,22 K/S -   27 878 bytes)
[21:39:25] - [48] MIRKO.POZEN: Fichier envoyé: D:\kerberos.htx\a trier\office 2017\office 2007 free\Microsoft.Office.Professional.2007.FR.By Gervais\ADMIN\ZH-CN\PROJ12.OPA (138,95 K/S -   142 284 bytes)
[21:39:25] - [49] MIRKO.POZEN: Début du Téléchargement de: D:\kerberos.htx\a trier\office 2017\office 2007 free\Microsoft.Office.Professional.2007.FR.By Gervais\ADMIN\ZH-CN\SPD12.OPA
[21:39:25] - [49] MIRKO.POZEN: Fichier envoyé: D:\kerberos.htx\a trier\office 2017\office 2007 free\Microsoft.Office.Professional.2007.FR.By Gervais\ADMIN\ZH-CN\SPD12.OPA (13,12 K/S -   13 432 bytes)
[21:39:25] - [48] MIRKO.POZEN: Début du Téléchargement de: D:\kerberos.htx\a trier\office 2017\office 2007 free\Microsoft.Office.Professional.2007.FR.By Gervais\ADMIN\ZH-CN\VISIO12.OPA
[21:39:26] - [49] MIRKO.POZEN: Début du Téléchargement de: D:\kerberos.htx\a trier\office 2017\office 2007 free\Microsoft.Office.Professional.2007.FR.By Gervais\ADMIN\ZH-CN\WORD12.OPA
[21:39:26] - [48] MIRKO.POZEN: Fichier envoyé: D:\kerberos.htx\a trier\office 2017\office 2007 free\Microsoft.Office.Professional.2007.FR.By Gervais\ADMIN\ZH-CN\VISIO12.OPA (99,44 K/S -   101 830 bytes)
[21:39:26] - [48] MIRKO.POZEN: Répertoire en Cours: D:\kerberos.htx\a trier\office 2017\office 2007 free\Microsoft.Office.Professional.2007.FR.By Gervais\ADMIN\KO-KR\
[21:39:26] - [48] MIRKO.POZEN: Début du Téléchargement de: D:\kerberos.htx\a trier\office 2017\office 2007 free\Microsoft.Office.Professional.2007.FR.By Gervais\ADMIN\KO-KR\ACCESS12.OPA
[21:39:26] - [48] MIRKO.POZEN: Fichier envoyé: D:\kerberos.htx\a trier\office 2017\office 2007 free\Microsoft.Office.Professional.2007.FR.By Gervais\ADMIN\KO-KR\ACCESS12.OPA (45,26 K/S -   46 348 bytes)
[21:39:26] - [48] MIRKO.POZEN: Début du Téléchargement de: D:\kerberos.htx\a trier\office 2017\office 2007 free\Microsoft.Office.Professional.2007.FR.By Gervais\ADMIN\KO-KR\CPAO12.OPA
[21:39:26] - [49] MIRKO.POZEN: Fichier envoyé: D:\kerberos.htx\a trier\office 2017\office 2007 free\Microsoft.Office.Professional.2007.FR.By Gervais\ADMIN\ZH-CN\WORD12.OPA (203,26 K/S -   208 134 bytes)
[21:39:26] - [49] MIRKO.POZEN: Répertoire en Cours: D:\kerberos.htx\a trier\office 2017\office 2007 free\Microsoft.Office.Professional.2007.FR.By Gervais\ADMIN\KO-KR\
[21:39:26] - [48] MIRKO.POZEN: Fichier envoyé: D:\kerberos.htx\a trier\office 2017\office 2007 free\Microsoft.Office.Professional.2007.FR.By Gervais\ADMIN\KO-KR\CPAO12.OPA (19,44 K/S -   19 908 bytes)
[21:39:26] - [49] MIRKO.POZEN: Début du Téléchargement de: D:\kerberos.htx\a trier\office 2017\office 2007 free\Microsoft.Office.Professional.2007.FR.By Gervais\ADMIN\KO-KR\EXCEL12.OPA
[21:39:26] - [48] MIRKO.POZEN: Début du Téléchargement de: D:\kerberos.htx\a trier\office 2017\office 2007 free\Microsoft.Office.Professional.2007.FR.By Gervais\ADMIN\KO-KR\GROOVE12.OPA
[21:39:27] - [48] MIRKO.POZEN: Fichier envoyé: D:\kerberos.htx\a trier\office 2017\office 2007 free\Microsoft.Office.Professional.2007.FR.By Gervais\ADMIN\KO-KR\GROOVE12.OPA (2,67 K/S -   2 738 bytes)
[21:39:27] - [49] MIRKO.POZEN: Fichier envoyé: D:\kerberos.htx\a trier\office 2017\office 2007 free\Microsoft.Office.Professional.2007.FR.By Gervais\ADMIN\KO-KR\EXCEL12.OPA (124,63 K/S -   127 618 bytes)
[21:39:27] - [48] MIRKO.POZEN: Début du Téléchargement de: D:\kerberos.htx\a trier\office 2017\office 2007 free\Microsoft.Office.Professional.2007.FR.By Gervais\ADMIN\KO-KR\IC12.OPA
[21:39:27] - [48] MIRKO.POZEN: Fichier envoyé: D:\kerberos.htx\a trier\office 2017\office 2007 free\Microsoft.Office.Professional.2007.FR.By Gervais\ADMIN\KO-KR\IC12.OPA (7,11 K/S -   7 276 bytes)
[21:39:27] - [49] MIRKO.POZEN: Début du Téléchargement de: D:\kerberos.htx\a trier\office 2017\office 2007 free\Microsoft.Office.Professional.2007.FR.By Gervais\ADMIN\KO-KR\INF12.OPA
[21:39:27] - [48] MIRKO.POZEN: Début du Téléchargement de: D:\kerberos.htx\a trier\office 2017\office 2007 free\Microsoft.Office.Professional.2007.FR.By Gervais\ADMIN\KO-KR\OCT.CHM
[21:39:27] - [49] MIRKO.POZEN: Fichier envoyé: D:\kerberos.htx\a trier\office 2017\office 2007 free\Microsoft.Office.Professional.2007.FR.By Gervais\ADMIN\KO-KR\INF12.OPA (95,12 K/S -   97 404 bytes)
[21:39:27] - [49] MIRKO.POZEN: Début du Téléchargement de: D:\kerberos.htx\a trier\office 2017\office 2007 free\Microsoft.Office.Professional.2007.FR.By Gervais\ADMIN\KO-KR\OCTRES.DLL
[21:39:27] - [48] MIRKO.POZEN: Fichier envoyé: D:\kerberos.htx\a trier\office 2017\office 2007 free\Microsoft.Office.Professional.2007.FR.By Gervais\ADMIN\KO-KR\OCT.CHM (81,81 K/S -   83 772 bytes)
[21:39:27] - [48] MIRKO.POZEN: Début du Téléchargement de: D:\kerberos.htx\a trier\office 2017\office 2007 free\Microsoft.Office.Professional.2007.FR.By Gervais\ADMIN\KO-KR\OFFICE12.OPA
[21:39:28] - [49] MIRKO.POZEN: Fichier envoyé: D:\kerberos.htx\a trier\office 2017\office 2007 free\Microsoft.Office.Professional.2007.FR.By Gervais\ADMIN\KO-KR\OCTRES.DLL (424,84 K/S -   435 032 bytes)
[21:39:28] - [49] MIRKO.POZEN: Début du Téléchargement de: D:\kerberos.htx\a trier\office 2017\office 2007 free\Microsoft.Office.Professional.2007.FR.By Gervais\ADMIN\KO-KR\ONENT12.OPA
[21:39:29] - [49] MIRKO.POZEN: Fichier envoyé: D:\kerberos.htx\a trier\office 2017\office 2007 free\Microsoft.Office.Professional.2007.FR.By Gervais\ADMIN\KO-KR\ONENT12.OPA (80,62 K/S -   82 556 bytes)
[21:39:29] - [49] MIRKO.POZEN: Début du Téléchargement de: D:\kerberos.htx\a trier\office 2017\office 2007 free\Microsoft.Office.Professional.2007.FR.By Gervais\ADMIN\KO-KR\OUTLK12.OPA
[21:39:29] - [48] MIRKO.POZEN: Fichier envoyé: D:\kerberos.htx\a trier\office 2017\office 2007 free\Microsoft.Office.Professional.2007.FR.By Gervais\ADMIN\KO-KR\OFFICE12.OPA (302,68 K/S -   619 882 bytes)
[21:39:29] - [48] MIRKO.POZEN: Début du Téléchargement de: D:\kerberos.htx\a trier\office 2017\office 2007 free\Microsoft.Office.Professional.2007.FR.By Gervais\ADMIN\KO-KR\PPT12.OPA
[21:39:29] - [48] MIRKO.POZEN: Fichier envoyé: D:\kerberos.htx\a trier\office 2017\office 2007 free\Microsoft.Office.Professional.2007.FR.By Gervais\ADMIN\KO-KR\PPT12.OPA (89,85 K/S -   92 010 bytes)
[21:39:29] - [48] MIRKO.POZEN: Début du Téléchargement de: D:\kerberos.htx\a trier\office 2017\office 2007 free\Microsoft.Office.Professional.2007.FR.By Gervais\ADMIN\KO-KR\PROJ12.OPA
[21:39:30] - [49] MIRKO.POZEN: Fichier envoyé: D:\kerberos.htx\a trier\office 2017\office 2007 free\Microsoft.Office.Professional.2007.FR.By Gervais\ADMIN\KO-KR\OUTLK12.OPA (384,09 K/S -   393 304 bytes)
[21:39:30] - [49] MIRKO.POZEN: Début du Téléchargement de: D:\kerberos.htx\a trier\office 2017\office 2007 free\Microsoft.Office.Professional.2007.FR.By Gervais\ADMIN\KO-KR\PUB12.OPA
[21:39:30] - [48] MIRKO.POZEN: Fichier envoyé: D:\kerberos.htx\a trier\office 2017\office 2007 free\Microsoft.Office.Professional.2007.FR.By Gervais\ADMIN\KO-KR\PROJ12.OPA (151,59 K/S -   155 232 bytes)
[21:39:30] - [49] MIRKO.POZEN: Fichier envoyé: D:\kerberos.htx\a trier\office 2017\office 2007 free\Microsoft.Office.Professional.2007.FR.By Gervais\ADMIN\KO-KR\PUB12.OPA (28,34 K/S -   29 020 bytes)
[21:39:30] - [48] MIRKO.POZEN: Début du Téléchargement de: D:\kerberos.htx\a trier\office 2017\office 2007 free\Microsoft.Office.Professional.2007.FR.By Gervais\ADMIN\KO-KR\SPD12.OPA
[21:39:30] - [48] MIRKO.POZEN: Fichier envoyé: D:\kerberos.htx\a trier\office 2017\office 2007 free\Microsoft.Office.Professional.2007.FR.By Gervais\ADMIN\KO-KR\SPD12.OPA (13,75 K/S -   14 082 bytes)
[21:39:30] - [49] MIRKO.POZEN: Début du Téléchargement de: D:\kerberos.htx\a trier\office 2017\office 2007 free\Microsoft.Office.Professional.2007.FR.By Gervais\ADMIN\KO-KR\VISIO12.OPA
[21:39:30] - [48] MIRKO.POZEN: Début du Téléchargement de: D:\kerberos.htx\a trier\office 2017\office 2007 free\Microsoft.Office.Professional.2007.FR.By Gervais\ADMIN\KO-KR\WORD12.OPA
[21:39:31] - [49] MIRKO.POZEN: Fichier envoyé: D:\kerberos.htx\a trier\office 2017\office 2007 free\Microsoft.Office.Professional.2007.FR.By Gervais\ADMIN\KO-KR\VISIO12.OPA (105,19 K/S -   107 714 bytes)
[21:39:31] - [49] MIRKO.POZEN: Répertoire en Cours: D:\kerberos.htx\a trier\office 2017\office 2007 free\Microsoft.Office.Professional.2007.FR.By Gervais\ADMIN\JA-JP\
[21:39:31] - [49] MIRKO.POZEN: Début du Téléchargement de: D:\kerberos.htx\a trier\office 2017\office 2007 free\Microsoft.Office.Professional.2007.FR.By Gervais\ADMIN\JA-JP\ACCESS12.OPA
[21:39:31] - [49] MIRKO.POZEN: Fichier envoyé: D:\kerberos.htx\a trier\office 2017\office 2007 free\Microsoft.Office.Professional.2007.FR.By Gervais\ADMIN\JA-JP\ACCESS12.OPA (45,04 K/S -   46 116 bytes)
[21:39:31] - [49] MIRKO.POZEN: Début du Téléchargement de: D:\kerberos.htx\a trier\office 2017\office 2007 free\Microsoft.Office.Professional.2007.FR.By Gervais\ADMIN\JA-JP\CPAO12.OPA
[21:39:31] - [49] MIRKO.POZEN: Fichier envoyé: D:\kerberos.htx\a trier\office 2017\office 2007 free\Microsoft.Office.Professional.2007.FR.By Gervais\ADMIN\JA-JP\CPAO12.OPA (19,13 K/S -   19 590 bytes)
[21:39:31] - [48] MIRKO.POZEN: Fichier envoyé: D:\kerberos.htx\a trier\office 2017\office 2007 free\Microsoft.Office.Professional.2007.FR.By Gervais\ADMIN\KO-KR\WORD12.OPA (210,71 K/S -   215 766 bytes)
[21:39:31] - [48] MIRKO.POZEN: Répertoire en Cours: D:\kerberos.htx\a trier\office 2017\office 2007 free\Microsoft.Office.Professional.2007.FR.By Gervais\ADMIN\JA-JP\
[21:39:31] - [48] MIRKO.POZEN: Début du Téléchargement de: D:\kerberos.htx\a trier\office 2017\office 2007 free\Microsoft.Office.Professional.2007.FR.By Gervais\ADMIN\JA-JP\EXCEL12.OPA
[21:39:31] - [49] MIRKO.POZEN: Début du Téléchargement de: D:\kerberos.htx\a trier\office 2017\office 2007 free\Microsoft.Office.Professional.2007.FR.By Gervais\ADMIN\JA-JP\GROOVE12.OPA
[21:39:31] - [49] MIRKO.POZEN: Fichier envoyé: D:\kerberos.htx\a trier\office 2017\office 2007 free\Microsoft.Office.Professional.2007.FR.By Gervais\ADMIN\JA-JP\GROOVE12.OPA (2,79 K/S -   2 862 bytes)
[21:39:31] - [48] MIRKO.POZEN: Fichier envoyé: D:\kerberos.htx\a trier\office 2017\office 2007 free\Microsoft.Office.Professional.2007.FR.By Gervais\ADMIN\JA-JP\EXCEL12.OPA (125,33 K/S -   128 340 bytes)
[21:39:32] - [48] MIRKO.POZEN: Début du Téléchargement de: D:\kerberos.htx\a trier\office 2017\office 2007 free\Microsoft.Office.Professional.2007.FR.By Gervais\ADMIN\JA-JP\INF12.OPA
[21:39:32] - [49] MIRKO.POZEN: Début du Téléchargement de: D:\kerberos.htx\a trier\office 2017\office 2007 free\Microsoft.Office.Professional.2007.FR.By Gervais\ADMIN\JA-JP\IC12.OPA
[21:39:32] - [49] MIRKO.POZEN: Fichier envoyé: D:\kerberos.htx\a trier\office 2017\office 2007 free\Microsoft.Office.Professional.2007.FR.By Gervais\ADMIN\JA-JP\IC12.OPA (7,15 K/S -   7 322 bytes)
[21:39:32] - [48] MIRKO.POZEN: Fichier envoyé: D:\kerberos.htx\a trier\office 2017\office 2007 free\Microsoft.Office.Professional.2007.FR.By Gervais\ADMIN\JA-JP\INF12.OPA (96,96 K/S -   99 290 bytes)
[21:39:32] - [48] MIRKO.POZEN: Début du Téléchargement de: D:\kerberos.htx\a trier\office 2017\office 2007 free\Microsoft.Office.Professional.2007.FR.By Gervais\ADMIN\JA-JP\OCT.CHM
[21:39:32] - [49] MIRKO.POZEN: Début du Téléchargement de: D:\kerberos.htx\a trier\office 2017\office 2007 free\Microsoft.Office.Professional.2007.FR.By Gervais\ADMIN\JA-JP\OCTRES.DLL
[21:39:32] - [48] MIRKO.POZEN: Fichier envoyé: D:\kerberos.htx\a trier\office 2017\office 2007 free\Microsoft.Office.Professional.2007.FR.By Gervais\ADMIN\JA-JP\OCT.CHM (55,03 K/S -   56 346 bytes)
[21:39:32] - [48] MIRKO.POZEN: Début du Téléchargement de: D:\kerberos.htx\a trier\office 2017\office 2007 free\Microsoft.Office.Professional.2007.FR.By Gervais\ADMIN\JA-JP\OFFICE12.OPA
[21:39:33] - [49] MIRKO.POZEN: Fichier envoyé: D:\kerberos.htx\a trier\office 2017\office 2007 free\Microsoft.Office.Professional.2007.FR.By Gervais\ADMIN\JA-JP\OCTRES.DLL (424,78 K/S -   434 976 bytes)
[21:39:33] - [49] MIRKO.POZEN: Début du Téléchargement de: D:\kerberos.htx\a trier\office 2017\office 2007 free\Microsoft.Office.Professional.2007.FR.By Gervais\ADMIN\JA-JP\ONENT12.OPA
[21:39:33] - [49] MIRKO.POZEN: Fichier envoyé: D:\kerberos.htx\a trier\office 2017\office 2007 free\Microsoft.Office.Professional.2007.FR.By Gervais\ADMIN\JA-JP\ONENT12.OPA (81,56 K/S -   83 518 bytes)
[21:39:33] - [49] MIRKO.POZEN: Début du Téléchargement de: D:\kerberos.htx\a trier\office 2017\office 2007 free\Microsoft.Office.Professional.2007.FR.By Gervais\ADMIN\JA-JP\OUTLK12.OPA
[21:39:34] - [48] MIRKO.POZEN: Fichier envoyé: D:\kerberos.htx\a trier\office 2017\office 2007 free\Microsoft.Office.Professional.2007.FR.By Gervais\ADMIN\JA-JP\OFFICE12.OPA (612,56 K/S -   627 264 bytes)
[21:39:34] - [48] MIRKO.POZEN: Début du Téléchargement de: D:\kerberos.htx\a trier\office 2017\office 2007 free\Microsoft.Office.Professional.2007.FR.By Gervais\ADMIN\JA-JP\PPT12.OPA
[21:39:34] - [48] MIRKO.POZEN: Fichier envoyé: D:\kerberos.htx\a trier\office 2017\office 2007 free\Microsoft.Office.Professional.2007.FR.By Gervais\ADMIN\JA-JP\PPT12.OPA (90,16 K/S -   92 328 bytes)
[21:39:34] - [48] MIRKO.POZEN: Début du Téléchargement de: D:\kerberos.htx\a trier\office 2017\office 2007 free\Microsoft.Office.Professional.2007.FR.By Gervais\ADMIN\JA-JP\PROJ12.OPA
[21:39:35] - [48] MIRKO.POZEN: Fichier envoyé: D:\kerberos.htx\a trier\office 2017\office 2007 free\Microsoft.Office.Professional.2007.FR.By Gervais\ADMIN\JA-JP\PROJ12.OPA (150,44 K/S -   154 054 bytes)
[21:39:35] - [49] MIRKO.POZEN: Fichier envoyé: D:\kerberos.htx\a trier\office 2017\office 2007 free\Microsoft.Office.Professional.2007.FR.By Gervais\ADMIN\JA-JP\OUTLK12.OPA (384,50 K/S -   393 730 bytes)
[21:39:35] - [48] MIRKO.POZEN: Début du Téléchargement de: D:\kerberos.htx\a trier\office 2017\office 2007 free\Microsoft.Office.Professional.2007.FR.By Gervais\ADMIN\JA-JP\PUB12.OPA
[21:39:35] - [49] MIRKO.POZEN: Début du Téléchargement de: D:\kerberos.htx\a trier\office 2017\office 2007 free\Microsoft.Office.Professional.2007.FR.By Gervais\ADMIN\JA-JP\SPD12.OPA
[21:39:35] - [49] MIRKO.POZEN: Fichier envoyé: D:\kerberos.htx\a trier\office 2017\office 2007 free\Microsoft.Office.Professional.2007.FR.By Gervais\ADMIN\JA-JP\SPD12.OPA (13,92 K/S -   14 254 bytes)
[21:39:35] - [48] MIRKO.POZEN: Fichier envoyé: D:\kerberos.htx\a trier\office 2017\office 2007 free\Microsoft.Office.Professional.2007.FR.By Gervais\ADMIN\JA-JP\PUB12.OPA (28,65 K/S -   29 336 bytes)
[21:39:35] - [48] MIRKO.POZEN: Début du Téléchargement de: D:\kerberos.htx\a trier\office 2017\office 2007 free\Microsoft.Office.Professional.2007.FR.By Gervais\ADMIN\JA-JP\VISIO12.OPA
[21:39:35] - [49] MIRKO.POZEN: Début du Téléchargement de: D:\kerberos.htx\a trier\office 2017\office 2007 free\Microsoft.Office.Professional.2007.FR.By Gervais\ADMIN\JA-JP\WORD12.OPA
[21:39:35] - [48] MIRKO.POZEN: Fichier envoyé: D:\kerberos.htx\a trier\office 2017\office 2007 free\Microsoft.Office.Professional.2007.FR.By Gervais\ADMIN\JA-JP\VISIO12.OPA (105,22 K/S -   107 742 bytes)
[21:39:35] - [48] MIRKO.POZEN: Répertoire en Cours: D:\kerberos.htx\a trier\office 2017\office 2007 free\Microsoft.Office.Professional.2007.FR.By Gervais\ADMIN\IT-IT\
[21:39:35] - [48] MIRKO.POZEN: Début du Téléchargement de: D:\kerberos.htx\a trier\office 2017\office 2007 free\Microsoft.Office.Professional.2007.FR.By Gervais\ADMIN\IT-IT\ACCESS12.OPA
[21:39:36] - [48] MIRKO.POZEN: Fichier envoyé: D:\kerberos.htx\a trier\office 2017\office 2007 free\Microsoft.Office.Professional.2007.FR.By Gervais\ADMIN\IT-IT\ACCESS12.OPA (52,88 K/S -   54 144 bytes)
[21:39:36] - [49] MIRKO.POZEN: Fichier envoyé: D:\kerberos.htx\a trier\office 2017\office 2007 free\Microsoft.Office.Professional.2007.FR.By Gervais\ADMIN\JA-JP\WORD12.OPA (211,00 K/S -   216 060 bytes)
[21:39:36] - [49] MIRKO.POZEN: Répertoire en Cours: D:\kerberos.htx\a trier\office 2017\office 2007 free\Microsoft.Office.Professional.2007.FR.By Gervais\ADMIN\IT-IT\
[21:39:36] - [48] MIRKO.POZEN: Début du Téléchargement de: D:\kerberos.htx\a trier\office 2017\office 2007 free\Microsoft.Office.Professional.2007.FR.By Gervais\ADMIN\IT-IT\CPAO12.OPA
[21:39:36] - [48] MIRKO.POZEN: Fichier envoyé: D:\kerberos.htx\a trier\office 2017\office 2007 free\Microsoft.Office.Professional.2007.FR.By Gervais\ADMIN\IT-IT\CPAO12.OPA (26,94 K/S -   27 588 bytes)
[21:39:36] - [49] MIRKO.POZEN: Début du Téléchargement de: D:\kerberos.htx\a trier\office 2017\office 2007 free\Microsoft.Office.Professional.2007.FR.By Gervais\ADMIN\IT-IT\EXCEL12.OPA
[21:39:36] - [48] MIRKO.POZEN: Début du Téléchargement de: D:\kerberos.htx\a trier\office 2017\office 2007 free\Microsoft.Office.Professional.2007.FR.By Gervais\ADMIN\IT-IT\GROOVE12.OPA
[21:39:36] - [48] MIRKO.POZEN: Fichier envoyé: D:\kerberos.htx\a trier\office 2017\office 2007 free\Microsoft.Office.Professional.2007.FR.By Gervais\ADMIN\IT-IT\GROOVE12.OPA (3,86 K/S -   3 956 bytes)
[21:39:36] - [49] MIRKO.POZEN: Fichier envoyé: D:\kerberos.htx\a trier\office 2017\office 2007 free\Microsoft.Office.Professional.2007.FR.By Gervais\ADMIN\IT-IT\EXCEL12.OPA (150,46 K/S -   154 076 bytes)
[21:39:36] - [48] MIRKO.POZEN: Début du Téléchargement de: D:\kerberos.htx\a trier\office 2017\office 2007 free\Microsoft.Office.Professional.2007.FR.By Gervais\ADMIN\IT-IT\IC12.OPA
[21:39:36] - [49] MIRKO.POZEN: Début du Téléchargement de: D:\kerberos.htx\a trier\office 2017\office 2007 free\Microsoft.Office.Professional.2007.FR.By Gervais\ADMIN\IT-IT\INF12.OPA
[21:39:36] - [48] MIRKO.POZEN: Fichier envoyé: D:\kerberos.htx\a trier\office 2017\office 2007 free\Microsoft.Office.Professional.2007.FR.By Gervais\ADMIN\IT-IT\IC12.OPA (9,48 K/S -   9 712 bytes)
[21:39:36] - [48] MIRKO.POZEN: Début du Téléchargement de: D:\kerberos.htx\a trier\office 2017\office 2007 free\Microsoft.Office.Professional.2007.FR.By Gervais\ADMIN\IT-IT\OCT.CHM
[21:39:37] - [48] MIRKO.POZEN: Fichier envoyé: D:\kerberos.htx\a trier\office 2017\office 2007 free\Microsoft.Office.Professional.2007.FR.By Gervais\ADMIN\IT-IT\OCT.CHM (54,34 K/S -   55 644 bytes)
[21:39:37] - [49] MIRKO.POZEN: Fichier envoyé: D:\kerberos.htx\a trier\office 2017\office 2007 free\Microsoft.Office.Professional.2007.FR.By Gervais\ADMIN\IT-IT\INF12.OPA (128,64 K/S -   131 730 bytes)
[21:39:37] - [48] MIRKO.POZEN: Début du Téléchargement de: D:\kerberos.htx\a trier\office 2017\office 2007 free\Microsoft.Office.Professional.2007.FR.By Gervais\ADMIN\IT-IT\OCTRES.DLL
[21:39:37] - [49] MIRKO.POZEN: Début du Téléchargement de: D:\kerberos.htx\a trier\office 2017\office 2007 free\Microsoft.Office.Professional.2007.FR.By Gervais\ADMIN\IT-IT\OFFICE12.OPA
[21:39:38] - [48] MIRKO.POZEN: Fichier envoyé: D:\kerberos.htx\a trier\office 2017\office 2007 free\Microsoft.Office.Professional.2007.FR.By Gervais\ADMIN\IT-IT\OCTRES.DLL (212,69 K/S -   435 584 bytes)
[21:39:38] - [48] MIRKO.POZEN: Début du Téléchargement de: D:\kerberos.htx\a trier\office 2017\office 2007 free\Microsoft.Office.Professional.2007.FR.By Gervais\ADMIN\IT-IT\ONENT12.OPA
[21:39:38] - [48] MIRKO.POZEN: Fichier envoyé: D:\kerberos.htx\a trier\office 2017\office 2007 free\Microsoft.Office.Professional.2007.FR.By Gervais\ADMIN\IT-IT\ONENT12.OPA (101,66 K/S -   104 096 bytes)
[21:39:38] - [48] MIRKO.POZEN: Début du Téléchargement de: D:\kerberos.htx\a trier\office 2017\office 2007 free\Microsoft.Office.Professional.2007.FR.By Gervais\ADMIN\IT-IT\OUTLK12.OPA
[21:39:39] - [49] MIRKO.POZEN: Fichier envoyé: D:\kerberos.htx\a trier\office 2017\office 2007 free\Microsoft.Office.Professional.2007.FR.By Gervais\ADMIN\IT-IT\OFFICE12.OPA (357,77 K/S -   732 710 bytes)
[21:39:39] - [49] MIRKO.POZEN: Début du Téléchargement de: D:\kerberos.htx\a trier\office 2017\office 2007 free\Microsoft.Office.Professional.2007.FR.By Gervais\ADMIN\IT-IT\PPT12.OPA
[21:39:39] - [49] MIRKO.POZEN: Fichier envoyé: D:\kerberos.htx\a trier\office 2017\office 2007 free\Microsoft.Office.Professional.2007.FR.By Gervais\ADMIN\IT-IT\PPT12.OPA (103,62 K/S -   106 102 bytes)
[21:39:39] - [49] MIRKO.POZEN: Début du Téléchargement de: D:\kerberos.htx\a trier\office 2017\office 2007 free\Microsoft.Office.Professional.2007.FR.By Gervais\ADMIN\IT-IT\PROJ12.OPA
[21:39:40] - [48] MIRKO.POZEN: Fichier envoyé: D:\kerberos.htx\a trier\office 2017\office 2007 free\Microsoft.Office.Professional.2007.FR.By Gervais\ADMIN\IT-IT\OUTLK12.OPA (499,91 K/S -   511 912 bytes)
[21:39:40] - [48] MIRKO.POZEN: Début du Téléchargement de: D:\kerberos.htx\a trier\office 2017\office 2007 free\Microsoft.Office.Professional.2007.FR.By Gervais\ADMIN\IT-IT\PUB12.OPA
[21:39:40] - [48] MIRKO.POZEN: Fichier envoyé: D:\kerberos.htx\a trier\office 2017\office 2007 free\Microsoft.Office.Professional.2007.FR.By Gervais\ADMIN\IT-IT\PUB12.OPA (32,96 K/S -   33 752 bytes)
[21:39:40] - [49] MIRKO.POZEN: Fichier envoyé: D:\kerberos.htx\a trier\office 2017\office 2007 free\Microsoft.Office.Professional.2007.FR.By Gervais\ADMIN\IT-IT\PROJ12.OPA (197,96 K/S -   202 708 bytes)
[21:39:40] - [49] MIRKO.POZEN: Début du Téléchargement de: D:\kerberos.htx\a trier\office 2017\office 2007 free\Microsoft.Office.Professional.2007.FR.By Gervais\ADMIN\IT-IT\SPD12.OPA
[21:39:40] - [49] MIRKO.POZEN: Fichier envoyé: D:\kerberos.htx\a trier\office 2017\office 2007 free\Microsoft.Office.Professional.2007.FR.By Gervais\ADMIN\IT-IT\SPD12.OPA (15,90 K/S -   16 278 bytes)
[21:39:40] - [48] MIRKO.POZEN: Début du Téléchargement de: D:\kerberos.htx\a trier\office 2017\office 2007 free\Microsoft.Office.Professional.2007.FR.By Gervais\ADMIN\IT-IT\VISIO12.OPA
[21:39:40] - [49] MIRKO.POZEN: Début du Téléchargement de: D:\kerberos.htx\a trier\office 2017\office 2007 free\Microsoft.Office.Professional.2007.FR.By Gervais\ADMIN\IT-IT\WORD12.OPA
[21:39:40] - [48] MIRKO.POZEN: Fichier envoyé: D:\kerberos.htx\a trier\office 2017\office 2007 free\Microsoft.Office.Professional.2007.FR.By Gervais\ADMIN\IT-IT\VISIO12.OPA (128,99 K/S -   132 088 bytes)
[21:39:40] - [48] MIRKO.POZEN: Répertoire en Cours: D:\kerberos.htx\a trier\office 2017\office 2007 free\Microsoft.Office.Professional.2007.FR.By Gervais\ADMIN\FR-FR\
[21:39:41] - [48] MIRKO.POZEN: Début du Téléchargement de: D:\kerberos.htx\a trier\office 2017\office 2007 free\Microsoft.Office.Professional.2007.FR.By Gervais\ADMIN\FR-FR\ACCESS12.OPA
[21:39:41] - [48] MIRKO.POZEN: Fichier envoyé: D:\kerberos.htx\a trier\office 2017\office 2007 free\Microsoft.Office.Professional.2007.FR.By Gervais\ADMIN\FR-FR\ACCESS12.OPA (52,46 K/S -   53 716 bytes)
[21:39:41] - [49] MIRKO.POZEN: Fichier envoyé: D:\kerberos.htx\a trier\office 2017\office 2007 free\Microsoft.Office.Professional.2007.FR.By Gervais\ADMIN\IT-IT\WORD12.OPA (241,66 K/S -   247 464 bytes)
[21:39:41] - [49] MIRKO.POZEN: Répertoire en Cours: D:\kerberos.htx\a trier\office 2017\office 2007 free\Microsoft.Office.Professional.2007.FR.By Gervais\ADMIN\FR-FR\
[21:39:41] - [48] MIRKO.POZEN: Début du Téléchargement de: D:\kerberos.htx\a trier\office 2017\office 2007 free\Microsoft.Office.Professional.2007.FR.By Gervais\ADMIN\FR-FR\CPAO12.OPA
[21:39:41] - [48] MIRKO.POZEN: Fichier envoyé: D:\kerberos.htx\a trier\office 2017\office 2007 free\Microsoft.Office.Professional.2007.FR.By Gervais\ADMIN\FR-FR\CPAO12.OPA (26,17 K/S -   26 800 bytes)
[21:39:41] - [49] MIRKO.POZEN: Début du Téléchargement de: D:\kerberos.htx\a trier\office 2017\office 2007 free\Microsoft.Office.Professional.2007.FR.By Gervais\ADMIN\FR-FR\EXCEL12.OPA
[21:39:41] - [48] MIRKO.POZEN: Début du Téléchargement de: D:\kerberos.htx\a trier\office 2017\office 2007 free\Microsoft.Office.Professional.2007.FR.By Gervais\ADMIN\FR-FR\GROOVE12.OPA
[21:39:41] - [48] MIRKO.POZEN: Fichier envoyé: D:\kerberos.htx\a trier\office 2017\office 2007 free\Microsoft.Office.Professional.2007.FR.By Gervais\ADMIN\FR-FR\GROOVE12.OPA (3,74 K/S -   3 832 bytes)
[21:39:41] - [48] MIRKO.POZEN: Début du Téléchargement de: D:\kerberos.htx\a trier\office 2017\office 2007 free\Microsoft.Office.Professional.2007.FR.By Gervais\ADMIN\FR-FR\IC12.OPA
[21:39:41] - [48] MIRKO.POZEN: Fichier envoyé: D:\kerberos.htx\a trier\office 2017\office 2007 free\Microsoft.Office.Professional.2007.FR.By Gervais\ADMIN\FR-FR\IC12.OPA (9,17 K/S -   9 390 bytes)
[21:39:41] - [49] MIRKO.POZEN: Fichier envoyé: D:\kerberos.htx\a trier\office 2017\office 2007 free\Microsoft.Office.Professional.2007.FR.By Gervais\ADMIN\FR-FR\EXCEL12.OPA (148,39 K/S -   151 952 bytes)
[21:39:41] - [49] MIRKO.POZEN: Début du Téléchargement de: D:\kerberos.htx\a trier\office 2017\office 2007 free\Microsoft.Office.Professional.2007.FR.By Gervais\ADMIN\FR-FR\INF12.OPA
[21:39:42] - [49] MIRKO.POZEN: Fichier envoyé: D:\kerberos.htx\a trier\office 2017\office 2007 free\Microsoft.Office.Professional.2007.FR.By Gervais\ADMIN\FR-FR\INF12.OPA (128,53 K/S -   131 614 bytes)
[21:39:42] - [48] MIRKO.POZEN: Début du Téléchargement de: D:\kerberos.htx\a trier\office 2017\office 2007 free\Microsoft.Office.Professional.2007.FR.By Gervais\ADMIN\FR-FR\OCT.CHM
[21:39:42] - [49] MIRKO.POZEN: Début du Téléchargement de: D:\kerberos.htx\a trier\office 2017\office 2007 free\Microsoft.Office.Professional.2007.FR.By Gervais\ADMIN\FR-FR\OCTRES.DLL
[21:39:42] - [48] MIRKO.POZEN: Fichier envoyé: D:\kerberos.htx\a trier\office 2017\office 2007 free\Microsoft.Office.Professional.2007.FR.By Gervais\ADMIN\FR-FR\OCT.CHM (54,97 K/S -   56 288 bytes)
[21:39:42] - [48] MIRKO.POZEN: Début du Téléchargement de: D:\kerberos.htx\a trier\office 2017\office 2007 free\Microsoft.Office.Professional.2007.FR.By Gervais\ADMIN\FR-FR\OFFICE12.OPA
[21:39:43] - [49] MIRKO.POZEN: Fichier envoyé: D:\kerberos.htx\a trier\office 2017\office 2007 free\Microsoft.Office.Professional.2007.FR.By Gervais\ADMIN\FR-FR\OCTRES.DLL (429,86 K/S -   440 176 bytes)
[21:39:43] - [49] MIRKO.POZEN: Début du Téléchargement de: D:\kerberos.htx\a trier\office 2017\office 2007 free\Microsoft.Office.Professional.2007.FR.By Gervais\ADMIN\FR-FR\ONENT12.OPA
[21:39:44] - [49] MIRKO.POZEN: Fichier envoyé: D:\kerberos.htx\a trier\office 2017\office 2007 free\Microsoft.Office.Professional.2007.FR.By Gervais\ADMIN\FR-FR\ONENT12.OPA (99,68 K/S -   102 070 bytes)
[21:39:44] - [49] MIRKO.POZEN: Début du Téléchargement de: D:\kerberos.htx\a trier\office 2017\office 2007 free\Microsoft.Office.Professional.2007.FR.By Gervais\ADMIN\FR-FR\OUTLK12.OPA
[21:39:44] - [48] MIRKO.POZEN: Fichier envoyé: D:\kerberos.htx\a trier\office 2017\office 2007 free\Microsoft.Office.Professional.2007.FR.By Gervais\ADMIN\FR-FR\OFFICE12.OPA (348,70 K/S -   714 136 bytes)
[21:39:44] - [48] MIRKO.POZEN: Début du Téléchargement de: D:\kerberos.htx\a trier\office 2017\office 2007 free\Microsoft.Office.Professional.2007.FR.By Gervais\ADMIN\FR-FR\PPT12.OPA
[21:39:44] - [48] MIRKO.POZEN: Fichier envoyé: D:\kerberos.htx\a trier\office 2017\office 2007 free\Microsoft.Office.Professional.2007.FR.By Gervais\ADMIN\FR-FR\PPT12.OPA (102,56 K/S -   105 022 bytes)
[21:39:44] - [48] MIRKO.POZEN: Début du Téléchargement de: D:\kerberos.htx\a trier\office 2017\office 2007 free\Microsoft.Office.Professional.2007.FR.By Gervais\ADMIN\FR-FR\PROJ12.OPA
[21:39:45] - [49] MIRKO.POZEN: Fichier envoyé: D:\kerberos.htx\a trier\office 2017\office 2007 free\Microsoft.Office.Professional.2007.FR.By Gervais\ADMIN\FR-FR\OUTLK12.OPA (488,15 K/S -   499 862 bytes)
[21:39:45] - [48] MIRKO.POZEN: Fichier envoyé: D:\kerberos.htx\a trier\office 2017\office 2007 free\Microsoft.Office.Professional.2007.FR.By Gervais\ADMIN\FR-FR\PROJ12.OPA (194,79 K/S -   199 460 bytes)
[21:39:45] - [49] MIRKO.POZEN: Début du Téléchargement de: D:\kerberos.htx\a trier\office 2017\office 2007 free\Microsoft.Office.Professional.2007.FR.By Gervais\ADMIN\FR-FR\PUB12.OPA
[21:39:45] - [49] MIRKO.POZEN: Fichier envoyé: D:\kerberos.htx\a trier\office 2017\office 2007 free\Microsoft.Office.Professional.2007.FR.By Gervais\ADMIN\FR-FR\PUB12.OPA (32,45 K/S -   33 232 bytes)
[21:39:45] - [48] MIRKO.POZEN: Début du Téléchargement de: D:\kerberos.htx\a trier\office 2017\office 2007 free\Microsoft.Office.Professional.2007.FR.By Gervais\ADMIN\FR-FR\SPD12.OPA
[21:39:45] - [48] MIRKO.POZEN: Fichier envoyé: D:\kerberos.htx\a trier\office 2017\office 2007 free\Microsoft.Office.Professional.2007.FR.By Gervais\ADMIN\FR-FR\SPD12.OPA (15,66 K/S -   16 034 bytes)
[21:39:45] - [49] MIRKO.POZEN: Début du Téléchargement de: D:\kerberos.htx\a trier\office 2017\office 2007 free\Microsoft.Office.Professional.2007.FR.By Gervais\ADMIN\FR-FR\VISIO12.OPA
[21:39:45] - [48] MIRKO.POZEN: Début du Téléchargement de: D:\kerberos.htx\a trier\office 2017\office 2007 free\Microsoft.Office.Professional.2007.FR.By Gervais\ADMIN\FR-FR\WORD12.OPA
[21:39:46] - [49] MIRKO.POZEN: Fichier envoyé: D:\kerberos.htx\a trier\office 2017\office 2007 free\Microsoft.Office.Professional.2007.FR.By Gervais\ADMIN\FR-FR\VISIO12.OPA (128,22 K/S -   131 296 bytes)
[21:39:46] - [49] MIRKO.POZEN: Répertoire en Cours: D:\kerberos.htx\a trier\office 2017\office 2007 free\Microsoft.Office.Professional.2007.FR.By Gervais\ADMIN\ES-ES\
[21:39:46] - [49] MIRKO.POZEN: Début du Téléchargement de: D:\kerberos.htx\a trier\office 2017\office 2007 free\Microsoft.Office.Professional.2007.FR.By Gervais\ADMIN\ES-ES\ACCESS12.OPA
[21:39:46] - [49] MIRKO.POZEN: Fichier envoyé: D:\kerberos.htx\a trier\office 2017\office 2007 free\Microsoft.Office.Professional.2007.FR.By Gervais\ADMIN\ES-ES\ACCESS12.OPA (52,21 K/S -   53 464 bytes)
[21:39:46] - [48] MIRKO.POZEN: Fichier envoyé: D:\kerberos.htx\a trier\office 2017\office 2007 free\Microsoft.Office.Professional.2007.FR.By Gervais\ADMIN\FR-FR\WORD12.OPA (238,69 K/S -   244 414 bytes)
[21:39:46] - [48] MIRKO.POZEN: Répertoire en Cours: D:\kerberos.htx\a trier\office 2017\office 2007 free\Microsoft.Office.Professional.2007.FR.By Gervais\ADMIN\ES-ES\
[21:39:46] - [49] MIRKO.POZEN: Début du Téléchargement de: D:\kerberos.htx\a trier\office 2017\office 2007 free\Microsoft.Office.Professional.2007.FR.By Gervais\ADMIN\ES-ES\CPAO12.OPA
[21:39:46] - [49] MIRKO.POZEN: Fichier envoyé: D:\kerberos.htx\a trier\office 2017\office 2007 free\Microsoft.Office.Professional.2007.FR.By Gervais\ADMIN\ES-ES\CPAO12.OPA (26,64 K/S -   27 276 bytes)
[21:39:46] - [48] MIRKO.POZEN: Début du Téléchargement de: D:\kerberos.htx\a trier\office 2017\office 2007 free\Microsoft.Office.Professional.2007.FR.By Gervais\ADMIN\ES-ES\EXCEL12.OPA
[21:39:46] - [49] MIRKO.POZEN: Début du Téléchargement de: D:\kerberos.htx\a trier\office 2017\office 2007 free\Microsoft.Office.Professional.2007.FR.By Gervais\ADMIN\ES-ES\GROOVE12.OPA
[21:39:46] - [49] MIRKO.POZEN: Fichier envoyé: D:\kerberos.htx\a trier\office 2017\office 2007 free\Microsoft.Office.Professional.2007.FR.By Gervais\ADMIN\ES-ES\GROOVE12.OPA (3,81 K/S -   3 900 bytes)
[21:39:47] - [48] MIRKO.POZEN: Fichier envoyé: D:\kerberos.htx\a trier\office 2017\office 2007 free\Microsoft.Office.Professional.2007.FR.By Gervais\ADMIN\ES-ES\EXCEL12.OPA (149,25 K/S -   152 834 bytes)
[21:39:47] - [49] MIRKO.POZEN: Début du Téléchargement de: D:\kerberos.htx\a trier\office 2017\office 2007 free\Microsoft.Office.Professional.2007.FR.By Gervais\ADMIN\ES-ES\IC12.OPA
[21:39:47] - [49] MIRKO.POZEN: Fichier envoyé: D:\kerberos.htx\a trier\office 2017\office 2007 free\Microsoft.Office.Professional.2007.FR.By Gervais\ADMIN\ES-ES\IC12.OPA (8,96 K/S -   9 172 bytes)
[21:39:47] - [48] MIRKO.POZEN: Début du Téléchargement de: D:\kerberos.htx\a trier\office 2017\office 2007 free\Microsoft.Office.Professional.2007.FR.By Gervais\ADMIN\ES-ES\INF12.OPA
[21:39:47] - [49] MIRKO.POZEN: Début du Téléchargement de: D:\kerberos.htx\a trier\office 2017\office 2007 free\Microsoft.Office.Professional.2007.FR.By Gervais\ADMIN\ES-ES\OCT.CHM
[21:39:47] - [48] MIRKO.POZEN: Fichier envoyé: D:\kerberos.htx\a trier\office 2017\office 2007 free\Microsoft.Office.Professional.2007.FR.By Gervais\ADMIN\ES-ES\INF12.OPA (129,76 K/S -   132 876 bytes)
[21:39:47] - [49] MIRKO.POZEN: Fichier envoyé: D:\kerberos.htx\a trier\office 2017\office 2007 free\Microsoft.Office.Professional.2007.FR.By Gervais\ADMIN\ES-ES\OCT.CHM (55,12 K/S -   56 444 bytes)
[21:39:47] - [49] MIRKO.POZEN: Début du Téléchargement de: D:\kerberos.htx\a trier\office 2017\office 2007 free\Microsoft.Office.Professional.2007.FR.By Gervais\ADMIN\ES-ES\OFFICE12.OPA
[21:39:47] - [48] MIRKO.POZEN: Début du Téléchargement de: D:\kerberos.htx\a trier\office 2017\office 2007 free\Microsoft.Office.Professional.2007.FR.By Gervais\ADMIN\ES-ES\OCTRES.DLL
[21:39:49] - [48] MIRKO.POZEN: Fichier envoyé: D:\kerberos.htx\a trier\office 2017\office 2007 free\Microsoft.Office.Professional.2007.FR.By Gervais\ADMIN\ES-ES\OCTRES.DLL (428,38 K/S -   438 656 bytes)
[21:39:49] - [48] MIRKO.POZEN: Début du Téléchargement de: D:\kerberos.htx\a trier\office 2017\office 2007 free\Microsoft.Office.Professional.2007.FR.By Gervais\ADMIN\ES-ES\ONENT12.OPA
[21:39:49] - [48] MIRKO.POZEN: Fichier envoyé: D:\kerberos.htx\a trier\office 2017\office 2007 free\Microsoft.Office.Professional.2007.FR.By Gervais\ADMIN\ES-ES\ONENT12.OPA (98,99 K/S -   101 370 bytes)
[21:39:49] - [48] MIRKO.POZEN: Début du Téléchargement de: D:\kerberos.htx\a trier\office 2017\office 2007 free\Microsoft.Office.Professional.2007.FR.By Gervais\ADMIN\ES-ES\OUTLK12.OPA
[21:39:49] - [49] MIRKO.POZEN: Fichier envoyé: D:\kerberos.htx\a trier\office 2017\office 2007 free\Microsoft.Office.Professional.2007.FR.By Gervais\ADMIN\ES-ES\OFFICE12.OPA (350,43 K/S -   717 684 bytes)
[21:39:49] - [49] MIRKO.POZEN: Début du Téléchargement de: D:\kerberos.htx\a trier\office 2017\office 2007 free\Microsoft.Office.Professional.2007.FR.By Gervais\ADMIN\ES-ES\PPT12.OPA
[21:39:50] - [49] MIRKO.POZEN: Fichier envoyé: D:\kerberos.htx\a trier\office 2017\office 2007 free\Microsoft.Office.Professional.2007.FR.By Gervais\ADMIN\ES-ES\PPT12.OPA (102,04 K/S -   104 494 bytes)
[21:39:50] - [49] MIRKO.POZEN: Début du Téléchargement de: D:\kerberos.htx\a trier\office 2017\office 2007 free\Microsoft.Office.Professional.2007.FR.By Gervais\ADMIN\ES-ES\PROJ12.OPA
[21:39:50] - [49] MIRKO.POZEN: Fichier envoyé: D:\kerberos.htx\a trier\office 2017\office 2007 free\Microsoft.Office.Professional.2007.FR.By Gervais\ADMIN\ES-ES\PROJ12.OPA (192,28 K/S -   196 894 bytes)
[21:39:50] - [49] MIRKO.POZEN: Début du Téléchargement de: D:\kerberos.htx\a trier\office 2017\office 2007 free\Microsoft.Office.Professional.2007.FR.By Gervais\ADMIN\ES-ES\PUB12.OPA
[21:39:50] - [49] MIRKO.POZEN: Fichier envoyé: D:\kerberos.htx\a trier\office 2017\office 2007 free\Microsoft.Office.Professional.2007.FR.By Gervais\ADMIN\ES-ES\PUB12.OPA (32,44 K/S -   33 216 bytes)
[21:39:50] - [48] MIRKO.POZEN: Fichier envoyé: D:\kerberos.htx\a trier\office 2017\office 2007 free\Microsoft.Office.Professional.2007.FR.By Gervais\ADMIN\ES-ES\OUTLK12.OPA (493,28 K/S -   505 120 bytes)
[21:39:50] - [49] MIRKO.POZEN: Début du Téléchargement de: D:\kerberos.htx\a trier\office 2017\office 2007 free\Microsoft.Office.Professional.2007.FR.By Gervais\ADMIN\ES-ES\SPD12.OPA
[21:39:51] - [48] MIRKO.POZEN: Début du Téléchargement de: D:\kerberos.htx\a trier\office 2017\office 2007 free\Microsoft.Office.Professional.2007.FR.By Gervais\ADMIN\ES-ES\VISIO12.OPA
[21:39:51] - [49] MIRKO.POZEN: Fichier envoyé: D:\kerberos.htx\a trier\office 2017\office 2007 free\Microsoft.Office.Professional.2007.FR.By Gervais\ADMIN\ES-ES\SPD12.OPA (15,76 K/S -   16 134 bytes)
[21:39:51] - [49] MIRKO.POZEN: Début du Téléchargement de: D:\kerberos.htx\a trier\office 2017\office 2007 free\Microsoft.Office.Professional.2007.FR.By Gervais\ADMIN\ES-ES\WORD12.OPA
[21:39:51] - [48] MIRKO.POZEN: Fichier envoyé: D:\kerberos.htx\a trier\office 2017\office 2007 free\Microsoft.Office.Professional.2007.FR.By Gervais\ADMIN\ES-ES\VISIO12.OPA (126,97 K/S -   130 014 bytes)
[21:39:51] - [48] MIRKO.POZEN: Répertoire en Cours: D:\kerberos.htx\a trier\office 2017\office 2007 free\Microsoft.Office.Professional.2007.FR.By Gervais\ADMIN\EN-US\
[21:39:51] - [48] MIRKO.POZEN: Début du Téléchargement de: D:\kerberos.htx\a trier\office 2017\office 2007 free\Microsoft.Office.Professional.2007.FR.By Gervais\ADMIN\EN-US\ACCESS12.OPA
[21:39:51] - [48] MIRKO.POZEN: Fichier envoyé: D:\kerberos.htx\a trier\office 2017\office 2007 free\Microsoft.Office.Professional.2007.FR.By Gervais\ADMIN\EN-US\ACCESS12.OPA (49,43 K/S -   50 614 bytes)
[21:39:51] - [48] MIRKO.POZEN: Début du Téléchargement de: D:\kerberos.htx\a trier\office 2017\office 2007 free\Microsoft.Office.Professional.2007.FR.By Gervais\ADMIN\EN-US\CPAO12.OPA
[21:39:51] - [48] MIRKO.POZEN: Fichier envoyé: D:\kerberos.htx\a trier\office 2017\office 2007 free\Microsoft.Office.Professional.2007.FR.By Gervais\ADMIN\EN-US\CPAO12.OPA (24,32 K/S -   24 904 bytes)
[21:39:51] - [49] MIRKO.POZEN: Fichier envoyé: D:\kerberos.htx\a trier\office 2017\office 2007 free\Microsoft.Office.Professional.2007.FR.By Gervais\ADMIN\ES-ES\WORD12.OPA (237,87 K/S -   243 578 bytes)
[21:39:51] - [49] MIRKO.POZEN: Répertoire en Cours: D:\kerberos.htx\a trier\office 2017\office 2007 free\Microsoft.Office.Professional.2007.FR.By Gervais\ADMIN\EN-US\
[21:39:52] - [49] MIRKO.POZEN: Début du Téléchargement de: D:\kerberos.htx\a trier\office 2017\office 2007 free\Microsoft.Office.Professional.2007.FR.By Gervais\ADMIN\EN-US\EXCEL12.OPA
[21:39:52] - [48] MIRKO.POZEN: Début du Téléchargement de: D:\kerberos.htx\a trier\office 2017\office 2007 free\Microsoft.Office.Professional.2007.FR.By Gervais\ADMIN\EN-US\GROOVE12.OPA
[21:39:52] - [48] MIRKO.POZEN: Fichier envoyé: D:\kerberos.htx\a trier\office 2017\office 2007 free\Microsoft.Office.Professional.2007.FR.By Gervais\ADMIN\EN-US\GROOVE12.OPA (3,54 K/S -   3 626 bytes)
[21:39:52] - [48] MIRKO.POZEN: Début du Téléchargement de: D:\kerberos.htx\a trier\office 2017\office 2007 free\Microsoft.Office.Professional.2007.FR.By Gervais\ADMIN\EN-US\IC12.OPA
[21:39:52] - [48] MIRKO.POZEN: Fichier envoyé: D:\kerberos.htx\a trier\office 2017\office 2007 free\Microsoft.Office.Professional.2007.FR.By Gervais\ADMIN\EN-US\IC12.OPA (8,43 K/S -   8 628 bytes)
[21:39:52] - [49] MIRKO.POZEN: Fichier envoyé: D:\kerberos.htx\a trier\office 2017\office 2007 free\Microsoft.Office.Professional.2007.FR.By Gervais\ADMIN\EN-US\EXCEL12.OPA (139,77 K/S -   143 128 bytes)
[21:39:52] - [49] MIRKO.POZEN: Début du Téléchargement de: D:\kerberos.htx\a trier\office 2017\office 2007 free\Microsoft.Office.Professional.2007.FR.By Gervais\ADMIN\EN-US\INF12.OPA
[21:39:52] - [49] MIRKO.POZEN: Fichier envoyé: D:\kerberos.htx\a trier\office 2017\office 2007 free\Microsoft.Office.Professional.2007.FR.By Gervais\ADMIN\EN-US\INF12.OPA (113,54 K/S -   116 266 bytes)
[21:39:53] - [48] MIRKO.POZEN: Début du Téléchargement de: D:\kerberos.htx\a trier\office 2017\office 2007 free\Microsoft.Office.Professional.2007.FR.By Gervais\ADMIN\EN-US\OCT.CHM
[21:39:53] - [49] MIRKO.POZEN: Début du Téléchargement de: D:\kerberos.htx\a trier\office 2017\office 2007 free\Microsoft.Office.Professional.2007.FR.By Gervais\ADMIN\EN-US\OCTRES.DLL
[21:39:53] - [48] MIRKO.POZEN: Fichier envoyé: D:\kerberos.htx\a trier\office 2017\office 2007 free\Microsoft.Office.Professional.2007.FR.By Gervais\ADMIN\EN-US\OCT.CHM (56,33 K/S -   57 678 bytes)
[21:39:53] - [48] MIRKO.POZEN: Début du Téléchargement de: D:\kerberos.htx\a trier\office 2017\office 2007 free\Microsoft.Office.Professional.2007.FR.By Gervais\ADMIN\EN-US\OFFICE12.OPA
[21:39:54] - [49] MIRKO.POZEN: Fichier envoyé: D:\kerberos.htx\a trier\office 2017\office 2007 free\Microsoft.Office.Professional.2007.FR.By Gervais\ADMIN\EN-US\OCTRES.DLL (411,34 K/S -   421 208 bytes)
[21:39:54] - [49] MIRKO.POZEN: Début du Téléchargement de: D:\kerberos.htx\a trier\office 2017\office 2007 free\Microsoft.Office.Professional.2007.FR.By Gervais\ADMIN\EN-US\ONENT12.OPA
[21:39:54] - [49] MIRKO.POZEN: Fichier envoyé: D:\kerberos.htx\a trier\office 2017\office 2007 free\Microsoft.Office.Professional.2007.FR.By Gervais\ADMIN\EN-US\ONENT12.OPA (92,44 K/S -   94 656 bytes)
[21:39:54] - [49] MIRKO.POZEN: Début du Téléchargement de: D:\kerberos.htx\a trier\office 2017\office 2007 free\Microsoft.Office.Professional.2007.FR.By Gervais\ADMIN\EN-US\OUTLK12.OPA
[21:39:55] - [48] MIRKO.POZEN: Fichier envoyé: D:\kerberos.htx\a trier\office 2017\office 2007 free\Microsoft.Office.Professional.2007.FR.By Gervais\ADMIN\EN-US\OFFICE12.OPA (668,87 K/S -   684 924 bytes)
[21:39:55] - [48] MIRKO.POZEN: Début du Téléchargement de: D:\kerberos.htx\a trier\office 2017\office 2007 free\Microsoft.Office.Professional.2007.FR.By Gervais\ADMIN\EN-US\PPT12.OPA
[21:39:55] - [48] MIRKO.POZEN: Fichier envoyé: D:\kerberos.htx\a trier\office 2017\office 2007 free\Microsoft.Office.Professional.2007.FR.By Gervais\ADMIN\EN-US\PPT12.OPA (97,19 K/S -   99 522 bytes)
[21:39:55] - [48] MIRKO.POZEN: Début du Téléchargement de: D:\kerberos.htx\a trier\office 2017\office 2007 free\Microsoft.Office.Professional.2007.FR.By Gervais\ADMIN\EN-US\PROJ12.OPA
[21:39:56] - [49] MIRKO.POZEN: Fichier envoyé: D:\kerberos.htx\a trier\office 2017\office 2007 free\Microsoft.Office.Professional.2007.FR.By Gervais\ADMIN\EN-US\OUTLK12.OPA (451,06 K/S -   461 884 bytes)
[21:39:56] - [49] MIRKO.POZEN: Début du Téléchargement de: D:\kerberos.htx\a trier\office 2017\office 2007 free\Microsoft.Office.Professional.2007.FR.By Gervais\ADMIN\EN-US\PUB12.OPA
[21:39:56] - [48] MIRKO.POZEN: Fichier envoyé: D:\kerberos.htx\a trier\office 2017\office 2007 free\Microsoft.Office.Professional.2007.FR.By Gervais\ADMIN\EN-US\PROJ12.OPA (182,68 K/S -   187 068 bytes)
[21:39:56] - [49] MIRKO.POZEN: Fichier envoyé: D:\kerberos.htx\a trier\office 2017\office 2007 free\Microsoft.Office.Professional.2007.FR.By Gervais\ADMIN\EN-US\PUB12.OPA (30,68 K/S -   31 418 bytes)
[21:39:56] - [48] MIRKO.POZEN: Début du Téléchargement de: D:\kerberos.htx\a trier\office 2017\office 2007 free\Microsoft.Office.Professional.2007.FR.By Gervais\ADMIN\EN-US\SPD12.OPA
[21:39:56] - [48] MIRKO.POZEN: Fichier envoyé: D:\kerberos.htx\a trier\office 2017\office 2007 free\Microsoft.Office.Professional.2007.FR.By Gervais\ADMIN\EN-US\SPD12.OPA (14,86 K/S -   15 212 bytes)
[21:39:56] - [49] MIRKO.POZEN: Début du Téléchargement de: D:\kerberos.htx\a trier\office 2017\office 2007 free\Microsoft.Office.Professional.2007.FR.By Gervais\ADMIN\EN-US\VISIO12.OPA
[21:39:56] - [48] MIRKO.POZEN: Début du Téléchargement de: D:\kerberos.htx\a trier\office 2017\office 2007 free\Microsoft.Office.Professional.2007.FR.By Gervais\ADMIN\EN-US\WORD12.OPA
[21:39:57] - [49] MIRKO.POZEN: Fichier envoyé: D:\kerberos.htx\a trier\office 2017\office 2007 free\Microsoft.Office.Professional.2007.FR.By Gervais\ADMIN\EN-US\VISIO12.OPA (119,69 K/S -   122 566 bytes)
[21:39:57] - [49] MIRKO.POZEN: Répertoire en Cours: D:\kerberos.htx\a trier\office 2017\office 2007 free\Microsoft.Office.Professional.2007.FR.By Gervais\ADMIN\DE-DE\
[21:39:57] - [48] MIRKO.POZEN: Fichier envoyé: D:\kerberos.htx\a trier\office 2017\office 2007 free\Microsoft.Office.Professional.2007.FR.By Gervais\ADMIN\EN-US\WORD12.OPA (228,74 K/S -   234 232 bytes)
[21:39:57] - [48] MIRKO.POZEN: Répertoire en Cours: D:\kerberos.htx\a trier\office 2017\office 2007 free\Microsoft.Office.Professional.2007.FR.By Gervais\ADMIN\DE-DE\
[21:39:57] - [49] MIRKO.POZEN: Début du Téléchargement de: D:\kerberos.htx\a trier\office 2017\office 2007 free\Microsoft.Office.Professional.2007.FR.By Gervais\ADMIN\DE-DE\ACCESS12.OPA
[21:39:57] - [48] MIRKO.POZEN: Début du Téléchargement de: D:\kerberos.htx\a trier\office 2017\office 2007 free\Microsoft.Office.Professional.2007.FR.By Gervais\ADMIN\DE-DE\CPAO12.OPA
[21:39:57] - [48] MIRKO.POZEN: Fichier envoyé: D:\kerberos.htx\a trier\office 2017\office 2007 free\Microsoft.Office.Professional.2007.FR.By Gervais\ADMIN\DE-DE\CPAO12.OPA (26,46 K/S -   27 090 bytes)
[21:39:57] - [49] MIRKO.POZEN: Fichier envoyé: D:\kerberos.htx\a trier\office 2017\office 2007 free\Microsoft.Office.Professional.2007.FR.By Gervais\ADMIN\DE-DE\ACCESS12.OPA (52,95 K/S -   54 216 bytes)
[21:39:57] - [49] MIRKO.POZEN: Début du Téléchargement de: D:\kerberos.htx\a trier\office 2017\office 2007 free\Microsoft.Office.Professional.2007.FR.By Gervais\ADMIN\DE-DE\EXCEL12.OPA
[21:39:57] - [48] MIRKO.POZEN: Début du Téléchargement de: D:\kerberos.htx\a trier\office 2017\office 2007 free\Microsoft.Office.Professional.2007.FR.By Gervais\ADMIN\DE-DE\GROOVE12.OPA
[21:39:58] - [48] MIRKO.POZEN: Fichier envoyé: D:\kerberos.htx\a trier\office 2017\office 2007 free\Microsoft.Office.Professional.2007.FR.By Gervais\ADMIN\DE-DE\GROOVE12.OPA (3,95 K/S -   4 042 bytes)
[21:39:58] - [49] MIRKO.POZEN: Fichier envoyé: D:\kerberos.htx\a trier\office 2017\office 2007 free\Microsoft.Office.Professional.2007.FR.By Gervais\ADMIN\DE-DE\EXCEL12.OPA (150,26 K/S -   153 864 bytes)
[21:39:58] - [48] MIRKO.POZEN: Début du Téléchargement de: D:\kerberos.htx\a trier\office 2017\office 2007 free\Microsoft.Office.Professional.2007.FR.By Gervais\ADMIN\DE-DE\IC12.OPA
[21:39:58] - [48] MIRKO.POZEN: Fichier envoyé: D:\kerberos.htx\a trier\office 2017\office 2007 free\Microsoft.Office.Professional.2007.FR.By Gervais\ADMIN\DE-DE\IC12.OPA (9,48 K/S -   9 708 bytes)
[21:39:58] - [49] MIRKO.POZEN: Début du Téléchargement de: D:\kerberos.htx\a trier\office 2017\office 2007 free\Microsoft.Office.Professional.2007.FR.By Gervais\ADMIN\DE-DE\INF12.OPA
[21:39:58] - [48] MIRKO.POZEN: Début du Téléchargement de: D:\kerberos.htx\a trier\office 2017\office 2007 free\Microsoft.Office.Professional.2007.FR.By Gervais\ADMIN\DE-DE\OCT.CHM
[21:39:58] - [48] MIRKO.POZEN: Fichier envoyé: D:\kerberos.htx\a trier\office 2017\office 2007 free\Microsoft.Office.Professional.2007.FR.By Gervais\ADMIN\DE-DE\OCT.CHM (55,91 K/S -   57 249 bytes)
[21:39:58] - [48] MIRKO.POZEN: Début du Téléchargement de: D:\kerberos.htx\a trier\office 2017\office 2007 free\Microsoft.Office.Professional.2007.FR.By Gervais\ADMIN\DE-DE\OCTRES.DLL
[21:39:58] - [49] MIRKO.POZEN: Fichier envoyé: D:\kerberos.htx\a trier\office 2017\office 2007 free\Microsoft.Office.Professional.2007.FR.By Gervais\ADMIN\DE-DE\INF12.OPA (127,42 K/S -   130 478 bytes)
[21:39:58] - [49] MIRKO.POZEN: Début du Téléchargement de: D:\kerberos.htx\a trier\office 2017\office 2007 free\Microsoft.Office.Professional.2007.FR.By Gervais\ADMIN\DE-DE\OFFICE12.OPA
[21:39:59] - [48] MIRKO.POZEN: Fichier envoyé: D:\kerberos.htx\a trier\office 2017\office 2007 free\Microsoft.Office.Professional.2007.FR.By Gervais\ADMIN\DE-DE\OCTRES.DLL (427,34 K/S -   437 600 bytes)
[21:39:59] - [48] MIRKO.POZEN: Début du Téléchargement de: D:\kerberos.htx\a trier\office 2017\office 2007 free\Microsoft.Office.Professional.2007.FR.By Gervais\ADMIN\DE-DE\ONENT12.OPA
[21:40:00] - [48] MIRKO.POZEN: Fichier envoyé: D:\kerberos.htx\a trier\office 2017\office 2007 free\Microsoft.Office.Professional.2007.FR.By Gervais\ADMIN\DE-DE\ONENT12.OPA (99,05 K/S -   101 428 bytes)
[21:40:00] - [48] MIRKO.POZEN: Début du Téléchargement de: D:\kerberos.htx\a trier\office 2017\office 2007 free\Microsoft.Office.Professional.2007.FR.By Gervais\ADMIN\DE-DE\OUTLK12.OPA
[21:40:00] - [49] MIRKO.POZEN: Fichier envoyé: D:\kerberos.htx\a trier\office 2017\office 2007 free\Microsoft.Office.Professional.2007.FR.By Gervais\ADMIN\DE-DE\OFFICE12.OPA (350,29 K/S -   717 386 bytes)
[21:40:00] - [49] MIRKO.POZEN: Début du Téléchargement de: D:\kerberos.htx\a trier\office 2017\office 2007 free\Microsoft.Office.Professional.2007.FR.By Gervais\ADMIN\DE-DE\PPT12.OPA
[21:40:01] - [49] MIRKO.POZEN: Fichier envoyé: D:\kerberos.htx\a trier\office 2017\office 2007 free\Microsoft.Office.Professional.2007.FR.By Gervais\ADMIN\DE-DE\PPT12.OPA (103,07 K/S -   105 546 bytes)
[21:40:01] - [49] MIRKO.POZEN: Début du Téléchargement de: D:\kerberos.htx\a trier\office 2017\office 2007 free\Microsoft.Office.Professional.2007.FR.By Gervais\ADMIN\DE-DE\PROJ12.OPA
[21:40:01] - [48] MIRKO.POZEN: Fichier envoyé: D:\kerberos.htx\a trier\office 2017\office 2007 free\Microsoft.Office.Professional.2007.FR.By Gervais\ADMIN\DE-DE\OUTLK12.OPA (243,13 K/S -   497 936 bytes)
[21:40:01] - [48] MIRKO.POZEN: Début du Téléchargement de: D:\kerberos.htx\a trier\office 2017\office 2007 free\Microsoft.Office.Professional.2007.FR.By Gervais\ADMIN\DE-DE\PUB12.OPA
[21:40:01] - [48] MIRKO.POZEN: Fichier envoyé: D:\kerberos.htx\a trier\office 2017\office 2007 free\Microsoft.Office.Professional.2007.FR.By Gervais\ADMIN\DE-DE\PUB12.OPA (32,20 K/S -   32 972 bytes)
[21:40:01] - [49] MIRKO.POZEN: Fichier envoyé: D:\kerberos.htx\a trier\office 2017\office 2007 free\Microsoft.Office.Professional.2007.FR.By Gervais\ADMIN\DE-DE\PROJ12.OPA (197,74 K/S -   202 490 bytes)
[21:40:01] - [49] MIRKO.POZEN: Début du Téléchargement de: D:\kerberos.htx\a trier\office 2017\office 2007 free\Microsoft.Office.Professional.2007.FR.By Gervais\ADMIN\DE-DE\SPD12.OPA
[21:40:01] - [49] MIRKO.POZEN: Fichier envoyé: D:\kerberos.htx\a trier\office 2017\office 2007 free\Microsoft.Office.Professional.2007.FR.By Gervais\ADMIN\DE-DE\SPD12.OPA (15,75 K/S -   16 130 bytes)
[21:40:01] - [48] MIRKO.POZEN: Début du Téléchargement de: D:\kerberos.htx\a trier\office 2017\office 2007 free\Microsoft.Office.Professional.2007.FR.By Gervais\ADMIN\DE-DE\VISIO12.OPA
[21:40:02] - [49] MIRKO.POZEN: Début du Téléchargement de: D:\kerberos.htx\a trier\office 2017\office 2007 free\Microsoft.Office.Professional.2007.FR.By Gervais\ADMIN\DE-DE\WORD12.OPA
[21:40:02] - [48] MIRKO.POZEN: Fichier envoyé: D:\kerberos.htx\a trier\office 2017\office 2007 free\Microsoft.Office.Professional.2007.FR.By Gervais\ADMIN\DE-DE\VISIO12.OPA (128,32 K/S -   131 400 bytes)
[21:40:02] - [48] MIRKO.POZEN: Répertoire en Cours: D:\kerberos.htx\a trier\office 2017\office 2007 free\Microsoft.Office.Professional.2007.FR.By Gervais\ACCESS.FR-FR\
[21:40:02] - [48] MIRKO.POZEN: Début du Téléchargement de: D:\kerberos.htx\a trier\office 2017\office 2007 free\Microsoft.Office.Professional.2007.FR.By Gervais\ACCESS.FR-FR\ACCESSMUI.MSI
[21:40:03] - [49] MIRKO.POZEN: Fichier envoyé: D:\kerberos.htx\a trier\office 2017\office 2007 free\Microsoft.Office.Professional.2007.FR.By Gervais\ADMIN\DE-DE\WORD12.OPA (239,20 K/S -   244 936 bytes)
[21:40:03] - [49] MIRKO.POZEN: Répertoire en Cours: D:\kerberos.htx\a trier\office 2017\office 2007 free\Microsoft.Office.Professional.2007.FR.By Gervais\ACCESS.FR-FR\
[21:40:03] - [49] MIRKO.POZEN: Début du Téléchargement de: D:\kerberos.htx\a trier\office 2017\office 2007 free\Microsoft.Office.Professional.2007.FR.By Gervais\ACCESS.FR-FR\ACCESSMUI.XML
[21:40:03] - [49] MIRKO.POZEN: Fichier envoyé: D:\kerberos.htx\a trier\office 2017\office 2007 free\Microsoft.Office.Professional.2007.FR.By Gervais\ACCESS.FR-FR\ACCESSMUI.XML (1,31 K/S -   1 345 bytes)
[21:40:03] - [49] MIRKO.POZEN: Début du Téléchargement de: D:\kerberos.htx\a trier\office 2017\office 2007 free\Microsoft.Office.Professional.2007.FR.By Gervais\ACCESS.FR-FR\ACCLR.CAB
[21:40:06] - [48] MIRKO.POZEN: Fichier envoyé: D:\kerberos.htx\a trier\office 2017\office 2007 free\Microsoft.Office.Professional.2007.FR.By Gervais\ACCESS.FR-FR\ACCESSMUI.MSI (405,13 K/S -  1 659 392 bytes)
[21:40:06] - [48] MIRKO.POZEN: Début du Téléchargement de: D:\kerberos.htx\a trier\office 2017\office 2007 free\Microsoft.Office.Professional.2007.FR.By Gervais\ACCESS.FR-FR\SETUP.XML
[21:40:06] - [48] MIRKO.POZEN: Fichier envoyé: D:\kerberos.htx\a trier\office 2017\office 2007 free\Microsoft.Office.Professional.2007.FR.By Gervais\ACCESS.FR-FR\SETUP.XML (1,74 K/S -   1 780 bytes)
[21:40:06] - [48] MIRKO.POZEN: Répertoire en Cours: D:\kerberos.htx\a trier\exe\
[21:40:06] - [48] MIRKO.POZEN: Début du Téléchargement de: D:\kerberos.htx\a trier\exe\ClassicShellSetup_4_2_5.exe
[21:40:24] - [48] MIRKO.POZEN: Fichier envoyé: D:\kerberos.htx\a trier\exe\ClassicShellSetup_4_2_5.exe (378,04 K/S -  6 968 048 bytes)
[21:40:25] - [48] MIRKO.POZEN: Début du Téléchargement de: D:\kerberos.htx\a trier\exe\DriversCloud_Win64.exe
[21:40:25] - [48] MIRKO.POZEN: Fichier envoyé: D:\kerberos.htx\a trier\exe\DriversCloud_Win64.exe (237,30 K/S -   242 992 bytes)
[21:40:25] - [48] MIRKO.POZEN: Répertoire en Cours: D:\kerberos.htx\a trier\progz mig\AusLogics Disk Defrag\
[21:40:25] - [48] MIRKO.POZEN: Début du Téléchargement de: D:\kerberos.htx\a trier\progz mig\AusLogics Disk Defrag\axpackage10.bpl
[21:40:27] - [48] MIRKO.POZEN: Fichier envoyé: D:\kerberos.htx\a trier\progz mig\AusLogics Disk Defrag\axpackage10.bpl (270,75 K/S -   554 496 bytes)
[21:40:27] - [48] MIRKO.POZEN: Début du Téléchargement de: D:\kerberos.htx\a trier\progz mig\AusLogics Disk Defrag\axuninstall.exe
[21:40:27] - [48] MIRKO.POZEN: Fichier envoyé: D:\kerberos.htx\a trier\progz mig\AusLogics Disk Defrag\axuninstall.exe (20,00 K/S -   20 480 bytes)
[21:40:27] - [48] MIRKO.POZEN: Début du Téléchargement de: D:\kerberos.htx\a trier\progz mig\AusLogics Disk Defrag\commonforms_lite.dll
[21:40:28] - [48] MIRKO.POZEN: Fichier envoyé: D:\kerberos.htx\a trier\progz mig\AusLogics Disk Defrag\commonforms_lite.dll (68,50 K/S -   70 144 bytes)
[21:40:28] - [48] MIRKO.POZEN: Début du Téléchargement de: D:\kerberos.htx\a trier\progz mig\AusLogics Disk Defrag\diskdefrag.dll
[21:40:28] - [48] MIRKO.POZEN: Fichier envoyé: D:\kerberos.htx\a trier\progz mig\AusLogics Disk Defrag\diskdefrag.dll (105,00 K/S -   107 520 bytes)
[21:40:28] - [48] MIRKO.POZEN: Début du Téléchargement de: D:\kerberos.htx\a trier\progz mig\AusLogics Disk Defrag\diskdefrag.exe
[21:40:29] - [48] MIRKO.POZEN: Fichier envoyé: D:\kerberos.htx\a trier\progz mig\AusLogics Disk Defrag\diskdefrag.exe (205,00 K/S -   209 920 bytes)
[21:40:29] - [48] MIRKO.POZEN: Début du Téléchargement de: D:\kerberos.htx\a trier\progz mig\AusLogics Disk Defrag\helper.dll
[21:40:29] - [48] MIRKO.POZEN: Fichier envoyé: D:\kerberos.htx\a trier\progz mig\AusLogics Disk Defrag\helper.dll (81,50 K/S -   83 456 bytes)
[21:40:29] - [48] MIRKO.POZEN: Début du Téléchargement de: D:\kerberos.htx\a trier\progz mig\AusLogics Disk Defrag\localizer.dll
[21:40:30] - [48] MIRKO.POZEN: Fichier envoyé: D:\kerberos.htx\a trier\progz mig\AusLogics Disk Defrag\localizer.dll (45,50 K/S -   46 592 bytes)
[21:40:30] - [48] MIRKO.POZEN: Début du Téléchargement de: D:\kerberos.htx\a trier\progz mig\AusLogics Disk Defrag\madbasic_.bpl
[21:40:30] - [48] MIRKO.POZEN: Fichier envoyé: D:\kerberos.htx\a trier\progz mig\AusLogics Disk Defrag\madbasic_.bpl (142,50 K/S -   145 920 bytes)
[21:40:30] - [48] MIRKO.POZEN: Début du Téléchargement de: D:\kerberos.htx\a trier\progz mig\AusLogics Disk Defrag\maddisasm_.bpl
[21:40:30] - [48] MIRKO.POZEN: Fichier envoyé: D:\kerberos.htx\a trier\progz mig\AusLogics Disk Defrag\maddisasm_.bpl (41,00 K/S -   41 984 bytes)
[21:40:30] - [48] MIRKO.POZEN: Début du Téléchargement de: D:\kerberos.htx\a trier\progz mig\AusLogics Disk Defrag\madexcept_.bpl
[21:40:31] - [48] MIRKO.POZEN: Fichier envoyé: D:\kerberos.htx\a trier\progz mig\AusLogics Disk Defrag\madexcept_.bpl (307,00 K/S -   314 368 bytes)
[21:40:31] - [48] MIRKO.POZEN: Début du Téléchargement de: D:\kerberos.htx\a trier\progz mig\AusLogics Disk Defrag\rtl70.bpl
[21:40:34] - [48] MIRKO.POZEN: Fichier envoyé: D:\kerberos.htx\a trier\progz mig\AusLogics Disk Defrag\rtl70.bpl (380,00 K/S -   778 240 bytes)
[21:40:34] - [48] MIRKO.POZEN: Début du Téléchargement de: D:\kerberos.htx\a trier\progz mig\AusLogics Disk Defrag\unins000.dat
[21:40:34] - [48] MIRKO.POZEN: Fichier envoyé: D:\kerberos.htx\a trier\progz mig\AusLogics Disk Defrag\unins000.dat (5,48 K/S -   5 611 bytes)
[21:40:34] - [48] MIRKO.POZEN: Début du Téléchargement de: D:\kerberos.htx\a trier\progz mig\AusLogics Disk Defrag\unins000.exe
[21:40:36] - [48] MIRKO.POZEN: Fichier envoyé: D:\kerberos.htx\a trier\progz mig\AusLogics Disk Defrag\unins000.exe (230,48 K/S -   708 048 bytes)
[21:40:36] - [48] MIRKO.POZEN: Début du Téléchargement de: D:\kerberos.htx\a trier\progz mig\AusLogics Disk Defrag\vcl70.bpl
[21:40:40] - [48] MIRKO.POZEN: Fichier envoyé: D:\kerberos.htx\a trier\progz mig\AusLogics Disk Defrag\vcl70.bpl (449,67 K/S -  1 381 376 bytes)
[21:40:40] - [48] MIRKO.POZEN: Répertoire en Cours: D:\kerberos.htx\a trier\progz mig\AusLogics Disk Defrag\reports\
[21:40:40] - [48] MIRKO.POZEN: Début du Téléchargement de: D:\kerberos.htx\a trier\progz mig\AusLogics Disk Defrag\reports\C_Disk_Defrag_Report.html
[21:40:42] - [48] MIRKO.POZEN: Fichier envoyé: D:\kerberos.htx\a trier\progz mig\AusLogics Disk Defrag\reports\C_Disk_Defrag_Report.html (336,67 K/S -   689 503 bytes)
[21:40:42] - [48] MIRKO.POZEN: Début du Téléchargement de: D:\kerberos.htx\a trier\progz mig\AusLogics Disk Defrag\reports\D_Disk_Defrag_Report.html
[21:40:42] - [48] MIRKO.POZEN: Fichier envoyé: D:\kerberos.htx\a trier\progz mig\AusLogics Disk Defrag\reports\D_Disk_Defrag_Report.html (18,58 K/S -   19 023 bytes)
[21:40:42] - [48] MIRKO.POZEN: Début du Téléchargement de: D:\kerberos.htx\a trier\progz mig\AusLogics Disk Defrag\reports\E_Disk_Defrag_Report.html
[21:40:42] - [48] MIRKO.POZEN: Fichier envoyé: D:\kerberos.htx\a trier\progz mig\AusLogics Disk Defrag\reports\E_Disk_Defrag_Report.html (57,47 K/S -   58 849 bytes)
[21:40:43] - [48] MIRKO.POZEN: Début du Téléchargement de: D:\kerberos.htx\a trier\progz mig\AusLogics Disk Defrag\reports\H_Disk_Defrag_Report.html
[21:40:43] - [48] MIRKO.POZEN: Fichier envoyé: D:\kerberos.htx\a trier\progz mig\AusLogics Disk Defrag\reports\H_Disk_Defrag_Report.html (15,41 K/S -   15 776 bytes)
[21:40:43] - [48] MIRKO.POZEN: Début du Téléchargement de: D:\kerberos.htx\a trier\progz mig\AusLogics Disk Defrag\reports\I_Disk_Defrag_Report.html
[21:40:43] - [48] MIRKO.POZEN: Fichier envoyé: D:\kerberos.htx\a trier\progz mig\AusLogics Disk Defrag\reports\I_Disk_Defrag_Report.html (25,62 K/S -   26 237 bytes)
[21:40:43] - [48] MIRKO.POZEN: Début du Téléchargement de: D:\kerberos.htx\a trier\progz mig\AusLogics Disk Defrag\reports\J_Disk_Defrag_Report.html
[21:40:43] - [48] MIRKO.POZEN: Fichier envoyé: D:\kerberos.htx\a trier\progz mig\AusLogics Disk Defrag\reports\J_Disk_Defrag_Report.html (14,85 K/S -   15 204 bytes)
[21:40:43] - [48] MIRKO.POZEN: Début du Téléchargement de: D:\kerberos.htx\a trier\progz mig\AusLogics Disk Defrag\reports\K_Disk_Defrag_Report.html
[21:40:43] - [48] MIRKO.POZEN: Fichier envoyé: D:\kerberos.htx\a trier\progz mig\AusLogics Disk Defrag\reports\K_Disk_Defrag_Report.html (15,83 K/S -   16 212 bytes)
[21:40:44] - [48] MIRKO.POZEN: Répertoire en Cours: D:\kerberos.htx\a trier\progz mig\AusLogics Disk Defrag\Lang\
[21:40:44] - [48] MIRKO.POZEN: Début du Téléchargement de: D:\kerberos.htx\a trier\progz mig\AusLogics Disk Defrag\Lang\fr.lng
[21:40:44] - [48] MIRKO.POZEN: Fichier envoyé: D:\kerberos.htx\a trier\progz mig\AusLogics Disk Defrag\Lang\fr.lng (9,84 K/S -   10 075 bytes)
[21:40:44] - [48] MIRKO.POZEN: Répertoire en Cours: D:\kerberos.htx\a trier\progz mig\AusLogics Disk Defrag\Data\
[21:40:44] - [48] MIRKO.POZEN: Début du Téléchargement de: D:\kerberos.htx\a trier\progz mig\AusLogics Disk Defrag\Data\about.png
[21:40:44] - [48] MIRKO.POZEN: Fichier envoyé: D:\kerberos.htx\a trier\progz mig\AusLogics Disk Defrag\Data\about.png (29,16 K/S -   29 860 bytes)
[21:40:44] - [48] MIRKO.POZEN: Début du Téléchargement de: D:\kerberos.htx\a trier\progz mig\AusLogics Disk Defrag\Data\main.ini
[21:40:44] - [48] MIRKO.POZEN: Fichier envoyé: D:\kerberos.htx\a trier\progz mig\AusLogics Disk Defrag\Data\main.ini (0,90 K/S -    919 bytes)
[21:40:44] - [48] MIRKO.POZEN: Début du Téléchargement de: D:\kerberos.htx\a trier\progz mig\AusLogics Disk Defrag\Data\Thumbs.db
[21:40:44] - [48] MIRKO.POZEN: Fichier envoyé: D:\kerberos.htx\a trier\progz mig\AusLogics Disk Defrag\Data\Thumbs.db (4,00 K/S -   4 096 bytes)
[21:40:45] - [48] MIRKO.POZEN: Répertoire en Cours: D:\kerberos.htx\a trier\exe\
[21:40:45] - [48] MIRKO.POZEN: Début du Téléchargement de: D:\kerberos.htx\a trier\exe\Firefox Setup Stub 38.0.1.exe
[21:40:46] - [48] MIRKO.POZEN: Fichier envoyé: D:\kerberos.htx\a trier\exe\Firefox Setup Stub 38.0.1.exe (237,83 K/S -   243 536 bytes)
[21:41:02] - [49] MIRKO.POZEN: Fichier envoyé: D:\kerberos.htx\a trier\office 2017\office 2007 free\Microsoft.Office.Professional.2007.FR.By Gervais\ACCESS.FR-FR\ACCLR.CAB (482,20 K/S -  28 639 093 bytes)
[21:41:17] - [48] Client 192.168.0.1 Déconnecté (00:23:12 Min)
[21:41:33] - [49] Client 192.168.0.1 Déconnecté (00:23:28 Min)
[21:42:00] - [45] Client 192.168.0.1 Déconnecté (00:26:34 Min)
[22:08:44] - [51] Connecté à 192.168.0.1. Collecte du Nom d'utilisateur.
[22:08:44] - [51] Usager MIRKO.POZEN Connecté IP: 192.168.0.1
[22:08:44] - [51] MIRKO.POZEN: Répertoire en Cours: D:\kerberos.htx\
[22:08:45] - [51] MIRKO.POZEN: Répertoire en Cours: D:\kerberos.htx\
[22:08:49] - [51] MIRKO.POZEN: Répertoire en Cours: D:\kerberos.htx\ftp\
[22:08:50] - [51] MIRKO.POZEN: Répertoire en Cours: D:\kerberos.htx\ftp\progz\
[22:08:56] - [51] MIRKO.POZEN: Répertoire en Cours: D:\kerberos.htx\ftp\progz\AusLogics Disk Defrag\
[22:08:56] - [51] MIRKO.POZEN: Répertoire en Cours: D:\kerberos.htx\ftp\progz\AusLogics Disk Defrag\reports\
[22:08:56] - [51] MIRKO.POZEN: Répertoire en Cours: D:\kerberos.htx\ftp\progz\AusLogics Disk Defrag\
[22:08:56] - [51] MIRKO.POZEN: Répertoire en Cours: D:\kerberos.htx\ftp\progz\AusLogics Disk Defrag\Lang\
[22:08:56] - [51] MIRKO.POZEN: Répertoire en Cours: D:\kerberos.htx\ftp\progz\AusLogics Disk Defrag\
[22:08:56] - [51] MIRKO.POZEN: Répertoire en Cours: D:\kerberos.htx\ftp\progz\AusLogics Disk Defrag\Data\
[22:08:56] - [52] Connecté à 192.168.0.1. Collecte du Nom d'utilisateur.
[22:08:56] - [53] Connecté à 192.168.0.1. Collecte du Nom d'utilisateur.
[22:08:57] - [52] Usager MIRKO.POZEN Connecté IP: 192.168.0.1
[22:08:57] - [52] MIRKO.POZEN: Répertoire en Cours: D:\kerberos.htx\
[22:08:57] - [53] Usager MIRKO.POZEN Connecté IP: 192.168.0.1
[22:08:57] - [53] MIRKO.POZEN: Répertoire en Cours: D:\kerberos.htx\
[22:08:57] - [52] MIRKO.POZEN: Répertoire en Cours: D:\kerberos.htx\ftp\progz\AusLogics Disk Defrag\
[22:08:57] - [53] MIRKO.POZEN: Répertoire en Cours: D:\kerberos.htx\ftp\progz\AusLogics Disk Defrag\
[22:09:02] - [53] MIRKO.POZEN: Répertoire en Cours: D:\kerberos.htx\ftp\progz\AusLogics Disk Defrag\reports\
[22:09:02] - [52] MIRKO.POZEN: Répertoire en Cours: D:\kerberos.htx\ftp\progz\AusLogics Disk Defrag\reports\
[22:09:03] - [53] MIRKO.POZEN: Début du Téléchargement de: D:\kerberos.htx\ftp\progz\AusLogics Disk Defrag\reports\O_Disk_Defrag_Report.html
[22:09:03] - [52] MIRKO.POZEN: Début du Téléchargement de: D:\kerberos.htx\ftp\progz\AusLogics Disk Defrag\reports\F_Disk_Defrag_Report.html
[22:09:03] - [52] MIRKO.POZEN: Fichier envoyé: D:\kerberos.htx\ftp\progz\AusLogics Disk Defrag\reports\F_Disk_Defrag_Report.html (14,09 K/S -   14 429 bytes)
[22:09:03] - [52] MIRKO.POZEN: Répertoire en Cours: D:\kerberos.htx\ftp\progz\AusLogics Disk Defrag\Lang\
[22:09:03] - [52] MIRKO.POZEN: Répertoire en Cours: D:\kerberos.htx\ftp\progz\AusLogics Disk Defrag\Data\
[22:09:04] - [53] MIRKO.POZEN: Fichier envoyé: D:\kerberos.htx\ftp\progz\AusLogics Disk Defrag\reports\O_Disk_Defrag_Report.html (373,25 K/S -   764 418 bytes)
[22:09:12] - [53] Client 192.168.0.1 Déconnecté (00:00:15 Min)
[22:09:12] - [52] Client 192.168.0.1 Déconnecté (00:00:15 Min)
[22:09:12] - [51] Client 192.168.0.1 Déconnecté (00:00:27 Min)
[23:52:31] - [0] Connexion Time-Out Pour:  MIRKO.POZEN 
[23:52:31] - [42] Client 192.168.0.1 Déconnecté (03:27:26 Min)
