[12:44:30] - Serveur Démarré
[12:44:30] - FTP Port: 21
[12:54:10] - [1] Connecté à 192.168.0.1. Collecte du Nom d'utilisateur.
[12:54:10] - [1] Usager MIRKO.POZEN Connecté IP: 192.168.0.1
[12:54:10] - [1] MIRKO.POZEN: Répertoire en Cours: D:\kerberos.htx\
[12:54:10] - [1] MIRKO.POZEN: Répertoire en Cours: D:\kerberos.htx\
[12:56:41] - [1] MIRKO.POZEN: Répertoire en Cours: D:\kerberos.htx\pascht tr2\
[12:56:45] - [2] Connecté à 192.168.0.1. Collecte du Nom d'utilisateur.
[12:56:45] - [2] Usager MIRKO.POZEN Connecté IP: 192.168.0.1
[12:56:45] - [2] MIRKO.POZEN: Répertoire en Cours: D:\kerberos.htx\
[12:56:45] - [2] MIRKO.POZEN: Répertoire en Cours: D:\kerberos.htx\pascht tr2\
[12:56:45] - [2] MIRKO.POZEN: Début d'Upload de D:\kerberos.htx\pascht tr2\tomb_raider_2_nocd_crack_for_generals_zero_hour.rar
[12:56:46] - [2] MIRKO.POZEN: Fichier Upload: D:\kerberos.htx\pascht tr2\tomb_raider_2_nocd_crack_for_generals_zero_hour.rar (1 192,10 K/S -  1 220 700 bytes)
[12:56:56] - [1] MIRKO.POZEN: Répertoire en Cours: D:\kerberos.htx\pascht tr2\
[12:56:56] - [3] Connecté à 192.168.0.1. Collecte du Nom d'utilisateur.
[12:56:56] - [1] MIRKO.POZEN: Nouveau Répertoire: D:\kerberos.htx\pascht tr2\Nouveau dossier (2)
[12:56:56] - [2] MIRKO.POZEN: Répertoire en Cours: D:\kerberos.htx\pascht tr2\
[12:56:56] - [2] MIRKO.POZEN: Nouveau Répertoire: D:\kerberos.htx\pascht tr2\Nouveau dossier (2)
[12:56:56] - [3] Usager MIRKO.POZEN Connecté IP: 192.168.0.1
[12:56:56] - [3] MIRKO.POZEN: Répertoire en Cours: D:\kerberos.htx\
[12:56:56] - [1] MIRKO.POZEN: Répertoire en Cours: D:\kerberos.htx\pascht tr2\
[12:56:56] - [2] MIRKO.POZEN: Répertoire en Cours: D:\kerberos.htx\pascht tr2\Nouveau dossier (2)\
[12:56:56] - [1] MIRKO.POZEN: Nouveau Répertoire: D:\kerberos.htx\pascht tr2\Nouveau dossier (2)
[12:56:56] - [3] MIRKO.POZEN: Répertoire en Cours: D:\kerberos.htx\pascht tr2\Nouveau dossier (2)\
[12:56:57] - [2] MIRKO.POZEN: Début d'Upload de D:\kerberos.htx\pascht tr2\Nouveau dossier (2)\BS.NFO
[12:56:57] - [2] MIRKO.POZEN: Fichier Upload: D:\kerberos.htx\pascht tr2\Nouveau dossier (2)\BS.NFO (9,54 K/S -   9 764 bytes)
[12:56:57] - [3] MIRKO.POZEN: Début d'Upload de D:\kerberos.htx\pascht tr2\Nouveau dossier (2)\FILE_ID.DIZ
[12:56:57] - [3] MIRKO.POZEN: Fichier Upload: D:\kerberos.htx\pascht tr2\Nouveau dossier (2)\FILE_ID.DIZ (0,43 K/S -    444 bytes)
[12:56:57] - [2] MIRKO.POZEN: Début d'Upload de D:\kerberos.htx\pascht tr2\Nouveau dossier (2)\G-ROM.TXT
[12:56:57] - [2] MIRKO.POZEN: Fichier Upload: D:\kerberos.htx\pascht tr2\Nouveau dossier (2)\G-ROM.TXT (1,10 K/S -   1 127 bytes)
[12:56:57] - [3] MIRKO.POZEN: Début d'Upload de D:\kerberos.htx\pascht tr2\Nouveau dossier (2)\TOMB2CRK.EXE
[12:56:57] - [3] MIRKO.POZEN: Fichier Upload: D:\kerberos.htx\pascht tr2\Nouveau dossier (2)\TOMB2CRK.EXE (9,65 K/S -   9 886 bytes)
[12:56:57] - [2] MIRKO.POZEN: Début d'Upload de D:\kerberos.htx\pascht tr2\Nouveau dossier (2)\tombraider2-nocd-1_0-ENG.zip
[12:56:57] - [2] MIRKO.POZEN: Fichier Upload: D:\kerberos.htx\pascht tr2\Nouveau dossier (2)\tombraider2-nocd-1_0-ENG.zip (10,63 K/S -   10 887 bytes)
[12:57:29] - [3] Client 192.168.0.1 Déconnecté (00:00:32 Min)
[12:57:29] - [2] Client 192.168.0.1 Déconnecté (00:00:43 Min)
[12:58:54] - [4] Connecté à 192.168.0.1. Collecte du Nom d'utilisateur.
[12:58:54] - [4] Usager MIRKO.POZEN Connecté IP: 192.168.0.1
[12:58:54] - [4] MIRKO.POZEN: Répertoire en Cours: D:\kerberos.htx\
[12:58:54] - [4] MIRKO.POZEN: Répertoire en Cours: D:\kerberos.htx\
[12:59:30] - [4] MIRKO.POZEN: Répertoire en Cours: D:\kerberos.htx\pascht tr2\
[12:59:35] - [4] MIRKO.POZEN: Répertoire en Cours: D:\kerberos.htx\pascht tr2\Nouveau dossier (2)\
[12:59:35] - [5] Connecté à 192.168.0.1. Collecte du Nom d'utilisateur.
[12:59:35] - [6] Connecté à 192.168.0.1. Collecte du Nom d'utilisateur.
[12:59:35] - [5] Usager MIRKO.POZEN Connecté IP: 192.168.0.1
[12:59:35] - [5] MIRKO.POZEN: Répertoire en Cours: D:\kerberos.htx\
[12:59:35] - [6] Usager MIRKO.POZEN Connecté IP: 192.168.0.1
[12:59:35] - [6] MIRKO.POZEN: Répertoire en Cours: D:\kerberos.htx\
[12:59:35] - [5] MIRKO.POZEN: Répertoire en Cours: D:\kerberos.htx\pascht tr2\Nouveau dossier (2)\
[12:59:35] - [6] MIRKO.POZEN: Répertoire en Cours: D:\kerberos.htx\pascht tr2\Nouveau dossier (2)\
[12:59:35] - [5] MIRKO.POZEN: Début du Téléchargement de: D:\kerberos.htx\pascht tr2\Nouveau dossier (2)\BS.NFO
[12:59:35] - [6] MIRKO.POZEN: Début du Téléchargement de: D:\kerberos.htx\pascht tr2\Nouveau dossier (2)\FILE_ID.DIZ
[12:59:35] - [6] MIRKO.POZEN: Fichier envoyé: D:\kerberos.htx\pascht tr2\Nouveau dossier (2)\FILE_ID.DIZ (0,43 K/S -    444 bytes)
[12:59:35] - [5] MIRKO.POZEN: Fichier envoyé: D:\kerberos.htx\pascht tr2\Nouveau dossier (2)\BS.NFO (9,54 K/S -   9 764 bytes)
[12:59:35] - [6] MIRKO.POZEN: Début du Téléchargement de: D:\kerberos.htx\pascht tr2\Nouveau dossier (2)\G-ROM.TXT
[12:59:35] - [6] MIRKO.POZEN: Fichier envoyé: D:\kerberos.htx\pascht tr2\Nouveau dossier (2)\G-ROM.TXT (1,10 K/S -   1 127 bytes)
[12:59:36] - [5] MIRKO.POZEN: Début du Téléchargement de: D:\kerberos.htx\pascht tr2\Nouveau dossier (2)\TOMB2CRK.EXE
[12:59:36] - [5] MIRKO.POZEN: Fichier envoyé: D:\kerberos.htx\pascht tr2\Nouveau dossier (2)\TOMB2CRK.EXE (9,65 K/S -   9 886 bytes)
[12:59:36] - [6] MIRKO.POZEN: Début du Téléchargement de: D:\kerberos.htx\pascht tr2\Nouveau dossier (2)\tombraider2-nocd-1_0-ENG.zip
[12:59:36] - [6] MIRKO.POZEN: Fichier envoyé: D:\kerberos.htx\pascht tr2\Nouveau dossier (2)\tombraider2-nocd-1_0-ENG.zip (10,63 K/S -   10 887 bytes)
[12:59:41] - [6] MIRKO.POZEN: Répertoire en Cours: D:\kerberos.htx\pascht tr2\
[12:59:41] - [6] MIRKO.POZEN: Début du Téléchargement de: D:\kerberos.htx\pascht tr2\tomb_raider_2_nocd_crack_for_generals_zero_hour.rar
[12:59:43] - [6] MIRKO.POZEN: Fichier envoyé: D:\kerberos.htx\pascht tr2\tomb_raider_2_nocd_crack_for_generals_zero_hour.rar (1 192,09 K/S -  1 220 700 bytes)
[13:00:07] - [5] Client 192.168.0.1 Déconnecté (00:00:32 Min)
[13:00:14] - [6] Client 192.168.0.1 Déconnecté (00:00:39 Min)
[13:07:28] - [4] MIRKO.POZEN: Répertoire en Cours: D:\kerberos.htx\
[13:07:28] - [4] MIRKO.POZEN: Répertoire en Cours: D:\kerberos.htx\exe\
[13:07:35] - [7] Connecté à 192.168.0.1. Collecte du Nom d'utilisateur.
[13:07:35] - [7] Usager MIRKO.POZEN Connecté IP: 192.168.0.1
[13:07:35] - [7] MIRKO.POZEN: Répertoire en Cours: D:\kerberos.htx\
[13:07:35] - [7] MIRKO.POZEN: Répertoire en Cours: D:\kerberos.htx\exe\
[13:07:35] - [7] MIRKO.POZEN: Début du Téléchargement de: D:\kerberos.htx\exe\winrar.exe
[13:07:41] - [7] MIRKO.POZEN: Fichier envoyé: D:\kerberos.htx\exe\winrar.exe (426,66 K/S -  2 621 400 bytes)
[13:07:47] - [7] Client 192.168.0.1 Déconnecté (00:00:11 Min)
[13:07:47] - [4] Client 192.168.0.1 Déconnecté (00:08:52 Min)
[13:26:08] - [8] Connecté à 192.168.0.1. Collecte du Nom d'utilisateur.
[13:26:08] - [8] Usager MIRKO.POZEN Connecté IP: 192.168.0.1
[13:26:08] - [8] MIRKO.POZEN: Répertoire en Cours: D:\kerberos.htx\
[13:26:08] - [8] MIRKO.POZEN: Répertoire en Cours: D:\kerberos.htx\
[13:26:14] - [8] MIRKO.POZEN: Répertoire en Cours: D:\kerberos.htx\pascht tr2\
[13:26:18] - [8] MIRKO.POZEN: Répertoire en Cours: D:\kerberos.htx\pascht tr2\install tr2\
[13:26:32] - [8] MIRKO.POZEN: Répertoire en Cours: D:\kerberos.htx\pascht tr2\install tr2\data\
[13:26:33] - [8] MIRKO.POZEN: Répertoire en Cours: D:\kerberos.htx\pascht tr2\install tr2\
[13:26:33] - [8] MIRKO.POZEN: Répertoire en Cours: D:\kerberos.htx\pascht tr2\install tr2\directx\
[13:26:33] - [8] MIRKO.POZEN: Répertoire en Cours: D:\kerberos.htx\pascht tr2\install tr2\directx\drivers\
[13:26:34] - [8] MIRKO.POZEN: Répertoire en Cours: D:\kerberos.htx\pascht tr2\install tr2\directx\drivers\frn\
[13:26:34] - [8] MIRKO.POZEN: Répertoire en Cours: D:\kerberos.htx\pascht tr2\install tr2\
[13:26:34] - [8] MIRKO.POZEN: Répertoire en Cours: D:\kerberos.htx\pascht tr2\install tr2\fmv\
[13:26:35] - [9] Connecté à 192.168.0.1. Collecte du Nom d'utilisateur.
[13:26:35] - [10] Connecté à 192.168.0.1. Collecte du Nom d'utilisateur.
[13:26:35] - [9] Usager MIRKO.POZEN Connecté IP: 192.168.0.1
[13:26:35] - [9] MIRKO.POZEN: Répertoire en Cours: D:\kerberos.htx\
[13:26:35] - [10] Usager MIRKO.POZEN Connecté IP: 192.168.0.1
[13:26:35] - [10] MIRKO.POZEN: Répertoire en Cours: D:\kerberos.htx\
[13:26:35] - [9] MIRKO.POZEN: Répertoire en Cours: D:\kerberos.htx\pascht tr2\install tr2\
[13:26:35] - [10] MIRKO.POZEN: Répertoire en Cours: D:\kerberos.htx\pascht tr2\install tr2\
[13:26:35] - [10] MIRKO.POZEN: Début du Téléchargement de: D:\kerberos.htx\pascht tr2\install tr2\_INST32I.EX_
[13:26:35] - [9] MIRKO.POZEN: Début du Téléchargement de: D:\kerberos.htx\pascht tr2\install tr2\_ISDEL.EXE
[13:26:35] - [9] MIRKO.POZEN: Fichier envoyé: D:\kerberos.htx\pascht tr2\install tr2\_ISDEL.EXE (8,00 K/S -   8 192 bytes)
[13:26:36] - [9] MIRKO.POZEN: Début du Téléchargement de: D:\kerberos.htx\pascht tr2\install tr2\_SETUP.DLL
[13:26:36] - [9] MIRKO.POZEN: Fichier envoyé: D:\kerberos.htx\pascht tr2\install tr2\_SETUP.DLL (11,00 K/S -   11 264 bytes)
[13:26:36] - [10] MIRKO.POZEN: Fichier envoyé: D:\kerberos.htx\pascht tr2\install tr2\_INST32I.EX_ (309,66 K/S -   317 092 bytes)
[13:26:36] - [9] MIRKO.POZEN: Début du Téléchargement de: D:\kerberos.htx\pascht tr2\install tr2\_sys1.cab
[13:26:36] - [10] MIRKO.POZEN: Début du Téléchargement de: D:\kerberos.htx\pascht tr2\install tr2\_user1.cab
[13:26:36] - [10] MIRKO.POZEN: Fichier envoyé: D:\kerberos.htx\pascht tr2\install tr2\_user1.cab (92,50 K/S -   94 715 bytes)
[13:26:36] - [9] MIRKO.POZEN: Fichier envoyé: D:\kerberos.htx\pascht tr2\install tr2\_sys1.cab (203,04 K/S -   207 911 bytes)
[13:26:36] - [10] MIRKO.POZEN: Début du Téléchargement de: D:\kerberos.htx\pascht tr2\install tr2\autorun.exe
[13:26:37] - [9] MIRKO.POZEN: Début du Téléchargement de: D:\kerberos.htx\pascht tr2\install tr2\autorun.ico
[13:26:37] - [9] MIRKO.POZEN: Fichier envoyé: D:\kerberos.htx\pascht tr2\install tr2\autorun.ico (0,75 K/S -    766 bytes)
[13:26:37] - [10] MIRKO.POZEN: Fichier envoyé: D:\kerberos.htx\pascht tr2\install tr2\autorun.exe (167,00 K/S -   171 008 bytes)
[13:26:37] - [9] MIRKO.POZEN: Début du Téléchargement de: D:\kerberos.htx\pascht tr2\install tr2\autorun.inf
[13:26:37] - [9] MIRKO.POZEN: Fichier envoyé: D:\kerberos.htx\pascht tr2\install tr2\autorun.inf (0,05 K/S -    49 bytes)
[13:26:37] - [10] MIRKO.POZEN: Début du Téléchargement de: D:\kerberos.htx\pascht tr2\install tr2\DATA.TAG
[13:26:37] - [10] MIRKO.POZEN: Fichier envoyé: D:\kerberos.htx\pascht tr2\install tr2\DATA.TAG (0,10 K/S -    101 bytes)
[13:26:38] - [9] MIRKO.POZEN: Début du Téléchargement de: D:\kerberos.htx\pascht tr2\install tr2\data1.cab
[13:26:38] - [10] MIRKO.POZEN: Début du Téléchargement de: D:\kerberos.htx\pascht tr2\install tr2\dsetup.dll
[13:26:38] - [10] MIRKO.POZEN: Fichier envoyé: D:\kerberos.htx\pascht tr2\install tr2\dsetup.dll (124,50 K/S -   127 488 bytes)
[13:26:38] - [10] MIRKO.POZEN: Début du Téléchargement de: D:\kerberos.htx\pascht tr2\install tr2\dsetup16.dll
[13:26:38] - [10] MIRKO.POZEN: Fichier envoyé: D:\kerberos.htx\pascht tr2\install tr2\dsetup16.dll (61,58 K/S -   63 056 bytes)
[13:26:39] - [9] MIRKO.POZEN: Fichier envoyé: D:\kerberos.htx\pascht tr2\install tr2\data1.cab (510,71 K/S -   522 966 bytes)
[13:26:39] - [10] MIRKO.POZEN: Début du Téléchargement de: D:\kerberos.htx\pascht tr2\install tr2\dsetup32.dll
[13:26:39] - [9] MIRKO.POZEN: Début du Téléchargement de: D:\kerberos.htx\pascht tr2\install tr2\lang.dat
[13:26:39] - [10] MIRKO.POZEN: Fichier envoyé: D:\kerberos.htx\pascht tr2\install tr2\dsetup32.dll (41,00 K/S -   41 984 bytes)
[13:26:39] - [9] MIRKO.POZEN: Fichier envoyé: D:\kerberos.htx\pascht tr2\install tr2\lang.dat (4,45 K/S -   4 557 bytes)
[13:26:40] - [9] MIRKO.POZEN: Début du Téléchargement de: D:\kerberos.htx\pascht tr2\install tr2\layout.bin
[13:26:40] - [9] MIRKO.POZEN: Fichier envoyé: D:\kerberos.htx\pascht tr2\install tr2\layout.bin (0,34 K/S -    353 bytes)
[13:26:40] - [10] MIRKO.POZEN: Début du Téléchargement de: D:\kerberos.htx\pascht tr2\install tr2\os.dat
[13:26:40] - [10] MIRKO.POZEN: Fichier envoyé: D:\kerberos.htx\pascht tr2\install tr2\os.dat (0,41 K/S -    417 bytes)
[13:26:40] - [9] MIRKO.POZEN: Début du Téléchargement de: D:\kerberos.htx\pascht tr2\install tr2\readme.txt
[13:26:40] - [9] MIRKO.POZEN: Fichier envoyé: D:\kerberos.htx\pascht tr2\install tr2\readme.txt (0,84 K/S -    865 bytes)
[13:26:40] - [10] MIRKO.POZEN: Début du Téléchargement de: D:\kerberos.htx\pascht tr2\install tr2\setup.BMP
[13:26:40] - [9] MIRKO.POZEN: Début du Téléchargement de: D:\kerberos.htx\pascht tr2\install tr2\SETUP.EXE
[13:26:41] - [9] MIRKO.POZEN: Fichier envoyé: D:\kerberos.htx\pascht tr2\install tr2\SETUP.EXE (58,50 K/S -   59 904 bytes)
[13:26:41] - [10] MIRKO.POZEN: Fichier envoyé: D:\kerberos.htx\pascht tr2\install tr2\setup.BMP (161,52 K/S -   165 400 bytes)
[13:26:41] - [9] MIRKO.POZEN: Début du Téléchargement de: D:\kerberos.htx\pascht tr2\install tr2\SETUP.INI
[13:26:41] - [9] MIRKO.POZEN: Fichier envoyé: D:\kerberos.htx\pascht tr2\install tr2\SETUP.INI (0,03 K/S -    30 bytes)
[13:26:41] - [10] MIRKO.POZEN: Début du Téléchargement de: D:\kerberos.htx\pascht tr2\install tr2\setup.ins
[13:26:41] - [10] MIRKO.POZEN: Fichier envoyé: D:\kerberos.htx\pascht tr2\install tr2\setup.ins (55,07 K/S -   56 393 bytes)
[13:26:41] - [9] MIRKO.POZEN: Début du Téléchargement de: D:\kerberos.htx\pascht tr2\install tr2\setup.lid
[13:26:41] - [9] MIRKO.POZEN: Fichier envoyé: D:\kerberos.htx\pascht tr2\install tr2\setup.lid (0,05 K/S -    47 bytes)
[13:26:41] - [10] MIRKO.POZEN: Répertoire en Cours: D:\kerberos.htx\pascht tr2\install tr2\data\
[13:26:41] - [10] MIRKO.POZEN: Début du Téléchargement de: D:\kerberos.htx\pascht tr2\install tr2\data\ASSAULT.TR2
[13:26:42] - [9] MIRKO.POZEN: Répertoire en Cours: D:\kerberos.htx\pascht tr2\install tr2\data\
[13:26:42] - [9] MIRKO.POZEN: Début du Téléchargement de: D:\kerberos.htx\pascht tr2\install tr2\data\BOAT.TR2
[13:26:49] - [10] MIRKO.POZEN: Fichier envoyé: D:\kerberos.htx\pascht tr2\install tr2\data\ASSAULT.TR2 (484,30 K/S -  3 471 450 bytes)
[13:26:49] - [10] MIRKO.POZEN: Début du Téléchargement de: D:\kerberos.htx\pascht tr2\install tr2\data\catacomb.TR2
[13:26:50] - [9] MIRKO.POZEN: Fichier envoyé: D:\kerberos.htx\pascht tr2\install tr2\data\BOAT.TR2 (428,14 K/S -  3 945 738 bytes)
[13:26:51] - [9] MIRKO.POZEN: Début du Téléchargement de: D:\kerberos.htx\pascht tr2\install tr2\data\credit01.PCX
[13:26:51] - [9] MIRKO.POZEN: Fichier envoyé: D:\kerberos.htx\pascht tr2\install tr2\data\credit01.PCX (47,17 K/S -   48 302 bytes)
[13:26:51] - [9] MIRKO.POZEN: Début du Téléchargement de: D:\kerberos.htx\pascht tr2\install tr2\data\credit02.PCX
[13:26:51] - [9] MIRKO.POZEN: Fichier envoyé: D:\kerberos.htx\pascht tr2\install tr2\data\credit02.PCX (49,27 K/S -   50 453 bytes)
[13:26:51] - [9] MIRKO.POZEN: Début du Téléchargement de: D:\kerberos.htx\pascht tr2\install tr2\data\credit03.PCX
[13:26:52] - [9] MIRKO.POZEN: Fichier envoyé: D:\kerberos.htx\pascht tr2\install tr2\data\credit03.PCX (45,87 K/S -   46 974 bytes)
[13:26:52] - [9] MIRKO.POZEN: Début du Téléchargement de: D:\kerberos.htx\pascht tr2\install tr2\data\credit04.PCX
[13:26:52] - [9] MIRKO.POZEN: Fichier envoyé: D:\kerberos.htx\pascht tr2\install tr2\data\credit04.PCX (45,40 K/S -   46 493 bytes)
[13:26:52] - [9] MIRKO.POZEN: Début du Téléchargement de: D:\kerberos.htx\pascht tr2\install tr2\data\credit05.PCX
[13:26:52] - [9] MIRKO.POZEN: Fichier envoyé: D:\kerberos.htx\pascht tr2\install tr2\data\credit05.PCX (58,48 K/S -   59 882 bytes)
[13:26:53] - [9] MIRKO.POZEN: Début du Téléchargement de: D:\kerberos.htx\pascht tr2\install tr2\data\credit06.PCX
[13:26:53] - [9] MIRKO.POZEN: Fichier envoyé: D:\kerberos.htx\pascht tr2\install tr2\data\credit06.PCX (46,83 K/S -   47 959 bytes)
[13:26:53] - [9] MIRKO.POZEN: Début du Téléchargement de: D:\kerberos.htx\pascht tr2\install tr2\data\credit07.PCX
[13:26:53] - [9] MIRKO.POZEN: Fichier envoyé: D:\kerberos.htx\pascht tr2\install tr2\data\credit07.PCX (53,34 K/S -   54 619 bytes)
[13:26:53] - [9] MIRKO.POZEN: Début du Téléchargement de: D:\kerberos.htx\pascht tr2\install tr2\data\credit08.PCX
[13:26:54] - [9] MIRKO.POZEN: Fichier envoyé: D:\kerberos.htx\pascht tr2\install tr2\data\credit08.PCX (57,49 K/S -   58 867 bytes)
[13:26:54] - [9] MIRKO.POZEN: Début du Téléchargement de: D:\kerberos.htx\pascht tr2\install tr2\data\CREDIT09.PCX
[13:26:54] - [9] MIRKO.POZEN: Fichier envoyé: D:\kerberos.htx\pascht tr2\install tr2\data\CREDIT09.PCX (110,13 K/S -   112 771 bytes)
[13:26:54] - [9] MIRKO.POZEN: Début du Téléchargement de: D:\kerberos.htx\pascht tr2\install tr2\data\CUT1.TR2
[13:26:58] - [10] MIRKO.POZEN: Fichier envoyé: D:\kerberos.htx\pascht tr2\install tr2\data\catacomb.TR2 (391,17 K/S -  3 605 052 bytes)
[13:26:58] - [10] MIRKO.POZEN: Début du Téléchargement de: D:\kerberos.htx\pascht tr2\install tr2\data\cut2.TR2
[13:26:59] - [9] MIRKO.POZEN: Fichier envoyé: D:\kerberos.htx\pascht tr2\install tr2\data\CUT1.TR2 (431,41 K/S -  1 767 052 bytes)
[13:26:59] - [9] MIRKO.POZEN: Début du Téléchargement de: D:\kerberos.htx\pascht tr2\install tr2\data\cut3.TR2
[13:27:02] - [10] MIRKO.POZEN: Fichier envoyé: D:\kerberos.htx\pascht tr2\install tr2\data\cut2.TR2 (397,96 K/S -  2 037 544 bytes)
[13:27:02] - [10] MIRKO.POZEN: Début du Téléchargement de: D:\kerberos.htx\pascht tr2\install tr2\data\cut4.TR2
[13:27:05] - [9] MIRKO.POZEN: Fichier envoyé: D:\kerberos.htx\pascht tr2\install tr2\data\cut3.TR2 (356,90 K/S -  2 558 286 bytes)
[13:27:05] - [9] MIRKO.POZEN: Début du Téléchargement de: D:\kerberos.htx\pascht tr2\install tr2\data\deck.TR2
[13:27:07] - [10] MIRKO.POZEN: Fichier envoyé: D:\kerberos.htx\pascht tr2\install tr2\data\cut4.TR2 (371,14 K/S -  1 900 230 bytes)
[13:27:08] - [10] MIRKO.POZEN: Début du Téléchargement de: D:\kerberos.htx\pascht tr2\install tr2\data\Emprtomb.tr2
[13:27:15] - [9] MIRKO.POZEN: Fichier envoyé: D:\kerberos.htx\pascht tr2\install tr2\data\deck.TR2 (422,10 K/S -  3 890 042 bytes)
[13:27:15] - [9] MIRKO.POZEN: Début du Téléchargement de: D:\kerberos.htx\pascht tr2\install tr2\data\FLOATING.TR2
[13:27:17] - [10] MIRKO.POZEN: Fichier envoyé: D:\kerberos.htx\pascht tr2\install tr2\data\Emprtomb.tr2 (419,09 K/S -  4 291 468 bytes)
[13:27:18] - [10] MIRKO.POZEN: Début du Téléchargement de: D:\kerberos.htx\pascht tr2\install tr2\data\house.TR2
[13:27:24] - [9] MIRKO.POZEN: Fichier envoyé: D:\kerberos.htx\pascht tr2\install tr2\data\FLOATING.TR2 (434,84 K/S -  4 007 486 bytes)
[13:27:24] - [9] MIRKO.POZEN: Début du Téléchargement de: D:\kerberos.htx\pascht tr2\install tr2\data\icecave.TR2
[13:27:27] - [10] MIRKO.POZEN: Fichier envoyé: D:\kerberos.htx\pascht tr2\install tr2\data\house.TR2 (400,73 K/S -  3 693 108 bytes)
[13:27:27] - [10] MIRKO.POZEN: Début du Téléchargement de: D:\kerberos.htx\pascht tr2\install tr2\data\keel.TR2
[13:27:32] - [9] MIRKO.POZEN: Fichier envoyé: D:\kerberos.htx\pascht tr2\install tr2\data\icecave.TR2 (464,28 K/S -  3 803 398 bytes)
[13:27:32] - [9] MIRKO.POZEN: Début du Téléchargement de: D:\kerberos.htx\pascht tr2\install tr2\data\legal.PCX
[13:27:33] - [9] MIRKO.POZEN: Fichier envoyé: D:\kerberos.htx\pascht tr2\install tr2\data\legal.PCX (70,35 K/S -   72 041 bytes)
[13:27:33] - [9] MIRKO.POZEN: Début du Téléchargement de: D:\kerberos.htx\pascht tr2\install tr2\data\living.TR2
[13:27:36] - [10] MIRKO.POZEN: Fichier envoyé: D:\kerberos.htx\pascht tr2\install tr2\data\keel.TR2 (433,52 K/S -  3 995 356 bytes)
[13:27:36] - [10] MIRKO.POZEN: Début du Téléchargement de: D:\kerberos.htx\pascht tr2\install tr2\data\MAIN.SFX
[13:27:40] - [9] MIRKO.POZEN: Fichier envoyé: D:\kerberos.htx\pascht tr2\install tr2\data\living.TR2 (427,43 K/S -  3 501 472 bytes)
[13:27:40] - [9] MIRKO.POZEN: Début du Téléchargement de: D:\kerberos.htx\pascht tr2\install tr2\data\MONASTRY.TR2
[13:27:52] - [9] MIRKO.POZEN: Fichier envoyé: D:\kerberos.htx\pascht tr2\install tr2\data\MONASTRY.TR2 (384,02 K/S -  4 325 562 bytes)
[13:27:52] - [9] MIRKO.POZEN: Début du Téléchargement de: D:\kerberos.htx\pascht tr2\install tr2\data\OPERA.TR2
[13:27:53] - [10] MIRKO.POZEN: Fichier envoyé: D:\kerberos.htx\pascht tr2\install tr2\data\MAIN.SFX (431,92 K/S -  7 961 208 bytes)
[13:27:54] - [10] MIRKO.POZEN: Début du Téléchargement de: D:\kerberos.htx\pascht tr2\install tr2\data\platform.TR2
[13:28:02] - [9] MIRKO.POZEN: Fichier envoyé: D:\kerberos.htx\pascht tr2\install tr2\data\OPERA.TR2 (390,28 K/S -  3 996 500 bytes)
[13:28:02] - [9] MIRKO.POZEN: Début du Téléchargement de: D:\kerberos.htx\pascht tr2\install tr2\data\RIG.TR2
[13:28:03] - [10] MIRKO.POZEN: Fichier envoyé: D:\kerberos.htx\pascht tr2\install tr2\data\platform.TR2 (445,05 K/S -  4 101 590 bytes)
[13:28:03] - [10] MIRKO.POZEN: Début du Téléchargement de: D:\kerberos.htx\pascht tr2\install tr2\data\SKIDOO.TR2
[13:28:11] - [9] MIRKO.POZEN: Fichier envoyé: D:\kerberos.htx\pascht tr2\install tr2\data\RIG.TR2 (428,00 K/S -  3 944 472 bytes)
[13:28:11] - [9] MIRKO.POZEN: Début du Téléchargement de: D:\kerberos.htx\pascht tr2\install tr2\data\TITLE.PCX
[13:28:12] - [10] MIRKO.POZEN: Fichier envoyé: D:\kerberos.htx\pascht tr2\install tr2\data\SKIDOO.TR2 (382,06 K/S -  3 521 106 bytes)
[13:28:12] - [10] MIRKO.POZEN: Début du Téléchargement de: D:\kerberos.htx\pascht tr2\install tr2\data\TITLE.tr2
[13:28:12] - [9] MIRKO.POZEN: Fichier envoyé: D:\kerberos.htx\pascht tr2\install tr2\data\TITLE.PCX (220,86 K/S -   226 159 bytes)
[13:28:12] - [9] MIRKO.POZEN: Début du Téléchargement de: D:\kerberos.htx\pascht tr2\install tr2\data\tombpc.dat
[13:28:12] - [9] MIRKO.POZEN: Fichier envoyé: D:\kerberos.htx\pascht tr2\install tr2\data\tombpc.dat (5,87 K/S -   6 011 bytes)
[13:28:12] - [9] MIRKO.POZEN: Début du Téléchargement de: D:\kerberos.htx\pascht tr2\install tr2\data\unwater.TR2
[13:28:13] - [10] MIRKO.POZEN: Fichier envoyé: D:\kerberos.htx\pascht tr2\install tr2\data\TITLE.tr2 (298,78 K/S -   611 892 bytes)
[13:28:13] - [10] MIRKO.POZEN: Début du Téléchargement de: D:\kerberos.htx\pascht tr2\install tr2\data\venice.TR2
[13:28:19] - [9] MIRKO.POZEN: Fichier envoyé: D:\kerberos.htx\pascht tr2\install tr2\data\unwater.TR2 (509,74 K/S -  3 131 814 bytes)
[13:28:19] - [9] MIRKO.POZEN: Début du Téléchargement de: D:\kerberos.htx\pascht tr2\install tr2\data\WALL.TR2
[13:28:24] - [10] MIRKO.POZEN: Fichier envoyé: D:\kerberos.htx\pascht tr2\install tr2\data\venice.TR2 (411,43 K/S -  4 213 070 bytes)
[13:28:24] - [10] MIRKO.POZEN: Début du Téléchargement de: D:\kerberos.htx\pascht tr2\install tr2\data\xian.TR2
[13:28:26] - [9] MIRKO.POZEN: Fichier envoyé: D:\kerberos.htx\pascht tr2\install tr2\data\WALL.TR2 (416,62 K/S -  2 986 356 bytes)
[13:28:26] - [9] MIRKO.POZEN: Répertoire en Cours: D:\kerberos.htx\pascht tr2\install tr2\directx\
[13:28:26] - [9] MIRKO.POZEN: Début du Téléchargement de: D:\kerberos.htx\pascht tr2\install tr2\directx\d3d.inf
[13:28:26] - [9] MIRKO.POZEN: Fichier envoyé: D:\kerberos.htx\pascht tr2\install tr2\directx\d3d.inf (1,12 K/S -   1 147 bytes)
[13:28:26] - [9] MIRKO.POZEN: Début du Téléchargement de: D:\kerberos.htx\pascht tr2\install tr2\directx\d3dhalf.dll
[13:28:27] - [9] MIRKO.POZEN: Fichier envoyé: D:\kerberos.htx\pascht tr2\install tr2\directx\d3dhalf.dll (122,00 K/S -   124 928 bytes)
[13:28:27] - [9] MIRKO.POZEN: Début du Téléchargement de: D:\kerberos.htx\pascht tr2\install tr2\directx\d3dim.dll
[13:28:28] - [9] MIRKO.POZEN: Fichier envoyé: D:\kerberos.htx\pascht tr2\install tr2\directx\d3dim.dll (158,00 K/S -   161 792 bytes)
[13:28:28] - [9] MIRKO.POZEN: Début du Téléchargement de: D:\kerberos.htx\pascht tr2\install tr2\directx\d3dpmesh.dll
[13:28:28] - [9] MIRKO.POZEN: Fichier envoyé: D:\kerberos.htx\pascht tr2\install tr2\directx\d3dpmesh.dll (102,00 K/S -   104 448 bytes)
[13:28:28] - [9] MIRKO.POZEN: Début du Téléchargement de: D:\kerberos.htx\pascht tr2\install tr2\directx\d3drampf.dll
[13:28:29] - [9] MIRKO.POZEN: Fichier envoyé: D:\kerberos.htx\pascht tr2\install tr2\directx\d3drampf.dll (93,50 K/S -   95 744 bytes)
[13:28:29] - [9] MIRKO.POZEN: Début du Téléchargement de: D:\kerberos.htx\pascht tr2\install tr2\directx\d3drg16f.dll
[13:28:29] - [9] MIRKO.POZEN: Fichier envoyé: D:\kerberos.htx\pascht tr2\install tr2\directx\d3drg16f.dll (219,50 K/S -   224 768 bytes)
[13:28:30] - [9] MIRKO.POZEN: Début du Téléchargement de: D:\kerberos.htx\pascht tr2\install tr2\directx\d3drg24f.dll
[13:28:30] - [9] MIRKO.POZEN: Fichier envoyé: D:\kerberos.htx\pascht tr2\install tr2\directx\d3drg24f.dll (164,50 K/S -   168 448 bytes)
[13:28:30] - [9] MIRKO.POZEN: Début du Téléchargement de: D:\kerberos.htx\pascht tr2\install tr2\directx\d3drg24x.dll
[13:28:31] - [9] MIRKO.POZEN: Fichier envoyé: D:\kerberos.htx\pascht tr2\install tr2\directx\d3drg24x.dll (168,50 K/S -   172 544 bytes)
[13:28:31] - [10] MIRKO.POZEN: Fichier envoyé: D:\kerberos.htx\pascht tr2\install tr2\data\xian.TR2 (442,78 K/S -  3 173 840 bytes)
[13:28:31] - [9] MIRKO.POZEN: Début du Téléchargement de: D:\kerberos.htx\pascht tr2\install tr2\directx\d3drg32f.dll
[13:28:31] - [10] MIRKO.POZEN: Répertoire en Cours: D:\kerberos.htx\pascht tr2\install tr2\directx\
[13:28:31] - [10] MIRKO.POZEN: Début du Téléchargement de: D:\kerberos.htx\pascht tr2\install tr2\directx\d3drg32x.dll
[13:28:31] - [9] MIRKO.POZEN: Fichier envoyé: D:\kerberos.htx\pascht tr2\install tr2\directx\d3drg32f.dll (163,00 K/S -   166 912 bytes)
[13:28:32] - [10] MIRKO.POZEN: Fichier envoyé: D:\kerberos.htx\pascht tr2\install tr2\directx\d3drg32x.dll (167,50 K/S -   171 520 bytes)
[13:28:32] - [9] MIRKO.POZEN: Début du Téléchargement de: D:\kerberos.htx\pascht tr2\install tr2\directx\d3drg55x.dll
[13:28:32] - [10] MIRKO.POZEN: Début du Téléchargement de: D:\kerberos.htx\pascht tr2\install tr2\directx\d3drg56x.dll
[13:28:32] - [9] MIRKO.POZEN: Fichier envoyé: D:\kerberos.htx\pascht tr2\install tr2\directx\d3drg55x.dll (298,00 K/S -   305 152 bytes)
[13:28:33] - [10] MIRKO.POZEN: Fichier envoyé: D:\kerberos.htx\pascht tr2\install tr2\directx\d3drg56x.dll (298,00 K/S -   305 152 bytes)
[13:28:33] - [9] MIRKO.POZEN: Début du Téléchargement de: D:\kerberos.htx\pascht tr2\install tr2\directx\d3drg8f.dll
[13:28:33] - [10] MIRKO.POZEN: Début du Téléchargement de: D:\kerberos.htx\pascht tr2\install tr2\directx\d3drg8x.dll
[13:28:34] - [9] MIRKO.POZEN: Fichier envoyé: D:\kerberos.htx\pascht tr2\install tr2\directx\d3drg8f.dll (219,50 K/S -   224 768 bytes)
[13:28:34] - [10] MIRKO.POZEN: Fichier envoyé: D:\kerberos.htx\pascht tr2\install tr2\directx\d3drg8x.dll (223,00 K/S -   228 352 bytes)
[13:28:34] - [9] MIRKO.POZEN: Début du Téléchargement de: D:\kerberos.htx\pascht tr2\install tr2\directx\d3drgbf.dll
[13:28:34] - [10] MIRKO.POZEN: Début du Téléchargement de: D:\kerberos.htx\pascht tr2\install tr2\directx\d3drgbxf.dll
[13:28:34] - [9] MIRKO.POZEN: Fichier envoyé: D:\kerberos.htx\pascht tr2\install tr2\directx\d3drgbf.dll (94,00 K/S -   96 256 bytes)
[13:28:34] - [10] MIRKO.POZEN: Fichier envoyé: D:\kerberos.htx\pascht tr2\install tr2\directx\d3drgbxf.dll (98,50 K/S -   100 864 bytes)
[13:28:34] - [9] MIRKO.POZEN: Début du Téléchargement de: D:\kerberos.htx\pascht tr2\install tr2\directx\d3drm.dll
[13:28:34] - [10] MIRKO.POZEN: Début du Téléchargement de: D:\kerberos.htx\pascht tr2\install tr2\directx\d3drm16f.dll
[13:28:35] - [9] MIRKO.POZEN: Fichier envoyé: D:\kerberos.htx\pascht tr2\install tr2\directx\d3drm.dll (168,25 K/S -   344 576 bytes)
[13:28:35] - [9] MIRKO.POZEN: Début du Téléchargement de: D:\kerberos.htx\pascht tr2\install tr2\directx\d3drm24f.dll
[13:28:36] - [10] MIRKO.POZEN: Fichier envoyé: D:\kerberos.htx\pascht tr2\install tr2\directx\d3drm16f.dll (448,50 K/S -   459 264 bytes)
[13:28:36] - [9] MIRKO.POZEN: Fichier envoyé: D:\kerberos.htx\pascht tr2\install tr2\directx\d3drm24f.dll (123,00 K/S -   125 952 bytes)
[13:28:36] - [10] MIRKO.POZEN: Début du Téléchargement de: D:\kerberos.htx\pascht tr2\install tr2\directx\d3drm32f.dll
[13:28:36] - [9] MIRKO.POZEN: Début du Téléchargement de: D:\kerberos.htx\pascht tr2\install tr2\directx\d3drm8f.dll
[13:28:36] - [10] MIRKO.POZEN: Fichier envoyé: D:\kerberos.htx\pascht tr2\install tr2\directx\d3drm32f.dll (123,00 K/S -   125 952 bytes)
[13:28:37] - [10] MIRKO.POZEN: Début du Téléchargement de: D:\kerberos.htx\pascht tr2\install tr2\directx\d3dxof.dll
[13:28:37] - [10] MIRKO.POZEN: Fichier envoyé: D:\kerberos.htx\pascht tr2\install tr2\directx\d3dxof.dll (117,50 K/S -   120 320 bytes)
[13:28:37] - [9] MIRKO.POZEN: Fichier envoyé: D:\kerberos.htx\pascht tr2\install tr2\directx\d3drm8f.dll (447,50 K/S -   458 240 bytes)
[13:28:37] - [9] MIRKO.POZEN: Début du Téléchargement de: D:\kerberos.htx\pascht tr2\install tr2\directx\ddhelp.exe
[13:28:37] - [9] MIRKO.POZEN: Fichier envoyé: D:\kerberos.htx\pascht tr2\install tr2\directx\ddhelp.exe (31,50 K/S -   32 256 bytes)
[13:28:37] - [10] MIRKO.POZEN: Début du Téléchargement de: D:\kerberos.htx\pascht tr2\install tr2\directx\ddraw.dll
[13:28:38] - [9] MIRKO.POZEN: Début du Téléchargement de: D:\kerberos.htx\pascht tr2\install tr2\directx\ddraw.inf
[13:28:38] - [9] MIRKO.POZEN: Fichier envoyé: D:\kerberos.htx\pascht tr2\install tr2\directx\ddraw.inf (4,01 K/S -   4 107 bytes)
[13:28:38] - [9] MIRKO.POZEN: Début du Téléchargement de: D:\kerberos.htx\pascht tr2\install tr2\directx\ddraw16.dll
[13:28:38] - [9] MIRKO.POZEN: Fichier envoyé: D:\kerberos.htx\pascht tr2\install tr2\directx\ddraw16.dll (27,16 K/S -   27 808 bytes)
[13:28:38] - [10] MIRKO.POZEN: Fichier envoyé: D:\kerberos.htx\pascht tr2\install tr2\directx\ddraw.dll (264,50 K/S -   270 848 bytes)
[13:28:38] - [9] MIRKO.POZEN: Début du Téléchargement de: D:\kerberos.htx\pascht tr2\install tr2\directx\devnode1.dll
[13:28:38] - [9] MIRKO.POZEN: Fichier envoyé: D:\kerberos.htx\pascht tr2\install tr2\directx\devnode1.dll (22,50 K/S -   23 040 bytes)
[13:28:38] - [10] MIRKO.POZEN: Début du Téléchargement de: D:\kerberos.htx\pascht tr2\install tr2\directx\devnode2.dll
[13:28:38] - [10] MIRKO.POZEN: Fichier envoyé: D:\kerberos.htx\pascht tr2\install tr2\directx\devnode2.dll (7,00 K/S -   7 168 bytes)
[13:28:38] - [9] MIRKO.POZEN: Début du Téléchargement de: D:\kerberos.htx\pascht tr2\install tr2\directx\dijoy.hlp
[13:28:39] - [9] MIRKO.POZEN: Fichier envoyé: D:\kerberos.htx\pascht tr2\install tr2\directx\dijoy.hlp (15,96 K/S -   16 339 bytes)
[13:28:39] - [10] MIRKO.POZEN: Début du Téléchargement de: D:\kerberos.htx\pascht tr2\install tr2\directx\dinp.inf
[13:28:39] - [10] MIRKO.POZEN: Fichier envoyé: D:\kerberos.htx\pascht tr2\install tr2\directx\dinp.inf (4,31 K/S -   4 416 bytes)
[13:28:39] - [9] MIRKO.POZEN: Début du Téléchargement de: D:\kerberos.htx\pascht tr2\install tr2\directx\dinpbrz.inf
[13:28:39] - [9] MIRKO.POZEN: Fichier envoyé: D:\kerberos.htx\pascht tr2\install tr2\directx\dinpbrz.inf (4,35 K/S -   4 458 bytes)
[13:28:39] - [10] MIRKO.POZEN: Début du Téléchargement de: D:\kerberos.htx\pascht tr2\install tr2\directx\dinpchs.inf
[13:28:39] - [10] MIRKO.POZEN: Fichier envoyé: D:\kerberos.htx\pascht tr2\install tr2\directx\dinpchs.inf (4,27 K/S -   4 370 bytes)
[13:28:39] - [9] MIRKO.POZEN: Début du Téléchargement de: D:\kerberos.htx\pascht tr2\install tr2\directx\dinpcht.inf
[13:28:39] - [9] MIRKO.POZEN: Fichier envoyé: D:\kerberos.htx\pascht tr2\install tr2\directx\dinpcht.inf (4,26 K/S -   4 366 bytes)
[13:28:39] - [10] MIRKO.POZEN: Début du Téléchargement de: D:\kerberos.htx\pascht tr2\install tr2\directx\dinpcze.inf
[13:28:39] - [10] MIRKO.POZEN: Fichier envoyé: D:\kerberos.htx\pascht tr2\install tr2\directx\dinpcze.inf (4,29 K/S -   4 394 bytes)
[13:28:40] - [9] MIRKO.POZEN: Début du Téléchargement de: D:\kerberos.htx\pascht tr2\install tr2\directx\dinpdut.inf
[13:28:40] - [9] MIRKO.POZEN: Fichier envoyé: D:\kerberos.htx\pascht tr2\install tr2\directx\dinpdut.inf (4,31 K/S -   4 410 bytes)
[13:28:40] - [10] MIRKO.POZEN: Début du Téléchargement de: D:\kerberos.htx\pascht tr2\install tr2\directx\dinpfrn.inf
[13:28:40] - [10] MIRKO.POZEN: Fichier envoyé: D:\kerberos.htx\pascht tr2\install tr2\directx\dinpfrn.inf (4,34 K/S -   4 444 bytes)
[13:28:40] - [9] MIRKO.POZEN: Début du Téléchargement de: D:\kerberos.htx\pascht tr2\install tr2\directx\dinpger.inf
[13:28:40] - [9] MIRKO.POZEN: Fichier envoyé: D:\kerberos.htx\pascht tr2\install tr2\directx\dinpger.inf (4,33 K/S -   4 433 bytes)
[13:28:40] - [10] MIRKO.POZEN: Début du Téléchargement de: D:\kerberos.htx\pascht tr2\install tr2\directx\dinpitn.inf
[13:28:40] - [10] MIRKO.POZEN: Fichier envoyé: D:\kerberos.htx\pascht tr2\install tr2\directx\dinpitn.inf (4,35 K/S -   4 453 bytes)
[13:28:40] - [9] MIRKO.POZEN: Début du Téléchargement de: D:\kerberos.htx\pascht tr2\install tr2\directx\dinpjpn.inf
[13:28:40] - [9] MIRKO.POZEN: Fichier envoyé: D:\kerberos.htx\pascht tr2\install tr2\directx\dinpjpn.inf (4,29 K/S -   4 397 bytes)
[13:28:41] - [10] MIRKO.POZEN: Début du Téléchargement de: D:\kerberos.htx\pascht tr2\install tr2\directx\dinpkor.inf
[13:28:41] - [10] MIRKO.POZEN: Fichier envoyé: D:\kerberos.htx\pascht tr2\install tr2\directx\dinpkor.inf (4,28 K/S -   4 387 bytes)
[13:28:41] - [9] MIRKO.POZEN: Début du Téléchargement de: D:\kerberos.htx\pascht tr2\install tr2\directx\dinpnec.inf
[13:28:41] - [9] MIRKO.POZEN: Fichier envoyé: D:\kerberos.htx\pascht tr2\install tr2\directx\dinpnec.inf (4,29 K/S -   4 397 bytes)
[13:28:41] - [10] MIRKO.POZEN: Début du Téléchargement de: D:\kerberos.htx\pascht tr2\install tr2\directx\dinppol.inf
[13:28:41] - [10] MIRKO.POZEN: Fichier envoyé: D:\kerberos.htx\pascht tr2\install tr2\directx\dinppol.inf (4,29 K/S -   4 389 bytes)
[13:28:41] - [9] MIRKO.POZEN: Début du Téléchargement de: D:\kerberos.htx\pascht tr2\install tr2\directx\dinprus.inf
[13:28:41] - [9] MIRKO.POZEN: Fichier envoyé: D:\kerberos.htx\pascht tr2\install tr2\directx\dinprus.inf (4,27 K/S -   4 374 bytes)
[13:28:41] - [10] MIRKO.POZEN: Début du Téléchargement de: D:\kerberos.htx\pascht tr2\install tr2\directx\dinpspa.inf
[13:28:41] - [10] MIRKO.POZEN: Fichier envoyé: D:\kerberos.htx\pascht tr2\install tr2\directx\dinpspa.inf (4,39 K/S -   4 491 bytes)
[13:28:41] - [9] MIRKO.POZEN: Début du Téléchargement de: D:\kerberos.htx\pascht tr2\install tr2\directx\dinpspm.inf
[13:28:41] - [9] MIRKO.POZEN: Fichier envoyé: D:\kerberos.htx\pascht tr2\install tr2\directx\dinpspm.inf (4,31 K/S -   4 416 bytes)
[13:28:42] - [10] MIRKO.POZEN: Début du Téléchargement de: D:\kerberos.htx\pascht tr2\install tr2\directx\dinpswe.inf
[13:28:42] - [10] MIRKO.POZEN: Fichier envoyé: D:\kerberos.htx\pascht tr2\install tr2\directx\dinpswe.inf (4,28 K/S -   4 382 bytes)
[13:28:42] - [9] MIRKO.POZEN: Début du Téléchargement de: D:\kerberos.htx\pascht tr2\install tr2\directx\dinput.dll
[13:28:42] - [10] MIRKO.POZEN: Début du Téléchargement de: D:\kerberos.htx\pascht tr2\install tr2\directx\dinput.vxd
[13:28:42] - [10] MIRKO.POZEN: Fichier envoyé: D:\kerberos.htx\pascht tr2\install tr2\directx\dinput.vxd (16,59 K/S -   16 986 bytes)
[13:28:42] - [9] MIRKO.POZEN: Fichier envoyé: D:\kerberos.htx\pascht tr2\install tr2\directx\dinput.dll (171,50 K/S -   175 616 bytes)
[13:28:42] - [9] MIRKO.POZEN: Début du Téléchargement de: D:\kerberos.htx\pascht tr2\install tr2\directx\directx.INF
[13:28:42] - [9] MIRKO.POZEN: Fichier envoyé: D:\kerberos.htx\pascht tr2\install tr2\directx\directx.INF (5,09 K/S -   5 209 bytes)
[13:28:42] - [10] MIRKO.POZEN: Début du Téléchargement de: D:\kerberos.htx\pascht tr2\install tr2\directx\dplay.dll
[13:28:43] - [10] MIRKO.POZEN: Fichier envoyé: D:\kerberos.htx\pascht tr2\install tr2\directx\dplay.dll (39,00 K/S -   39 936 bytes)
[13:28:43] - [9] MIRKO.POZEN: Début du Téléchargement de: D:\kerberos.htx\pascht tr2\install tr2\directx\dplay.inf
[13:28:43] - [9] MIRKO.POZEN: Fichier envoyé: D:\kerberos.htx\pascht tr2\install tr2\directx\dplay.inf (2,35 K/S -   2 408 bytes)
[13:28:43] - [10] MIRKO.POZEN: Début du Téléchargement de: D:\kerberos.htx\pascht tr2\install tr2\directx\dplaybrz.inf
[13:28:43] - [10] MIRKO.POZEN: Fichier envoyé: D:\kerberos.htx\pascht tr2\install tr2\directx\dplaybrz.inf (2,56 K/S -   2 618 bytes)
[13:28:43] - [9] MIRKO.POZEN: Début du Téléchargement de: D:\kerberos.htx\pascht tr2\install tr2\directx\dplaydx2.inf
[13:28:43] - [9] MIRKO.POZEN: Fichier envoyé: D:\kerberos.htx\pascht tr2\install tr2\directx\dplaydx2.inf (1,51 K/S -   1 549 bytes)
[13:28:43] - [10] MIRKO.POZEN: Début du Téléchargement de: D:\kerberos.htx\pascht tr2\install tr2\directx\dplayfrn.inf
[13:28:43] - [10] MIRKO.POZEN: Fichier envoyé: D:\kerberos.htx\pascht tr2\install tr2\directx\dplayfrn.inf (2,55 K/S -   2 614 bytes)
[13:28:43] - [9] MIRKO.POZEN: Début du Téléchargement de: D:\kerberos.htx\pascht tr2\install tr2\directx\dplayger.inf
[13:28:43] - [9] MIRKO.POZEN: Fichier envoyé: D:\kerberos.htx\pascht tr2\install tr2\directx\dplayger.inf (2,57 K/S -   2 629 bytes)
[13:28:44] - [10] MIRKO.POZEN: Début du Téléchargement de: D:\kerberos.htx\pascht tr2\install tr2\directx\dplayitn.inf
[13:28:44] - [10] MIRKO.POZEN: Fichier envoyé: D:\kerberos.htx\pascht tr2\install tr2\directx\dplayitn.inf (2,56 K/S -   2 620 bytes)
[13:28:44] - [9] MIRKO.POZEN: Début du Téléchargement de: D:\kerberos.htx\pascht tr2\install tr2\directx\dplayjpn.inf
[13:28:44] - [9] MIRKO.POZEN: Fichier envoyé: D:\kerberos.htx\pascht tr2\install tr2\directx\dplayjpn.inf (2,34 K/S -   2 394 bytes)
[13:28:44] - [10] MIRKO.POZEN: Début du Téléchargement de: D:\kerberos.htx\pascht tr2\install tr2\directx\dplaynec.inf
[13:28:44] - [10] MIRKO.POZEN: Fichier envoyé: D:\kerberos.htx\pascht tr2\install tr2\directx\dplaynec.inf (2,25 K/S -   2 303 bytes)
[13:28:44] - [9] MIRKO.POZEN: Début du Téléchargement de: D:\kerberos.htx\pascht tr2\install tr2\directx\dplaypol.inf
[13:28:44] - [9] MIRKO.POZEN: Fichier envoyé: D:\kerberos.htx\pascht tr2\install tr2\directx\dplaypol.inf (2,34 K/S -   2 397 bytes)
[13:28:44] - [10] MIRKO.POZEN: Début du Téléchargement de: D:\kerberos.htx\pascht tr2\install tr2\directx\dplayspa.inf
[13:28:44] - [10] MIRKO.POZEN: Fichier envoyé: D:\kerberos.htx\pascht tr2\install tr2\directx\dplayspa.inf (2,55 K/S -   2 615 bytes)
[13:28:44] - [9] MIRKO.POZEN: Début du Téléchargement de: D:\kerberos.htx\pascht tr2\install tr2\directx\dplaysvr.exe
[13:28:49] - [9] MIRKO.POZEN: Fichier envoyé: D:\kerberos.htx\pascht tr2\install tr2\directx\dplaysvr.exe (4,68 K/S -   23 960 bytes)
[13:28:49] - [10] MIRKO.POZEN: Début du Téléchargement de: D:\kerberos.htx\pascht tr2\install tr2\directx\dplayx.dll
[13:28:50] - [10] MIRKO.POZEN: Fichier envoyé: D:\kerberos.htx\pascht tr2\install tr2\directx\dplayx.dll (168,40 K/S -   172 440 bytes)
[13:28:50] - [10] MIRKO.POZEN: Début du Téléchargement de: D:\kerberos.htx\pascht tr2\install tr2\directx\dpmodemx.dll
[13:28:50] - [10] MIRKO.POZEN: Fichier envoyé: D:\kerberos.htx\pascht tr2\install tr2\directx\dpmodemx.dll (79,45 K/S -   81 352 bytes)
[13:28:50] - [10] MIRKO.POZEN: Début du Téléchargement de: D:\kerberos.htx\pascht tr2\install tr2\directx\dpserial.dll
[13:28:51] - [10] MIRKO.POZEN: Fichier envoyé: D:\kerberos.htx\pascht tr2\install tr2\directx\dpserial.dll (40,50 K/S -   41 472 bytes)
[13:28:52] - [10] MIRKO.POZEN: Début du Téléchargement de: D:\kerberos.htx\pascht tr2\install tr2\directx\dpwsock.dll
[13:28:52] - [10] MIRKO.POZEN: Fichier envoyé: D:\kerberos.htx\pascht tr2\install tr2\directx\dpwsock.dll (23,50 K/S -   24 064 bytes)
[13:28:53] - [10] MIRKO.POZEN: Début du Téléchargement de: D:\kerberos.htx\pascht tr2\install tr2\directx\dpwsockx.dll
[13:28:53] - [10] MIRKO.POZEN: Fichier envoyé: D:\kerberos.htx\pascht tr2\install tr2\directx\dpwsockx.dll (46,45 K/S -   47 568 bytes)
[13:28:53] - [10] MIRKO.POZEN: Début du Téléchargement de: D:\kerberos.htx\pascht tr2\install tr2\directx\dsetup.dll
[13:28:53] - [10] MIRKO.POZEN: Fichier envoyé: D:\kerberos.htx\pascht tr2\install tr2\directx\dsetup.dll (124,50 K/S -   127 488 bytes)
[13:28:54] - [10] MIRKO.POZEN: Début du Téléchargement de: D:\kerberos.htx\pascht tr2\install tr2\directx\dsetup16.dll
[13:28:54] - [10] MIRKO.POZEN: Fichier envoyé: D:\kerberos.htx\pascht tr2\install tr2\directx\dsetup16.dll (61,58 K/S -   63 056 bytes)
[13:28:54] - [10] MIRKO.POZEN: Début du Téléchargement de: D:\kerberos.htx\pascht tr2\install tr2\directx\dsetup32.dll
[13:28:54] - [10] MIRKO.POZEN: Fichier envoyé: D:\kerberos.htx\pascht tr2\install tr2\directx\dsetup32.dll (41,00 K/S -   41 984 bytes)
[13:28:54] - [10] MIRKO.POZEN: Début du Téléchargement de: D:\kerberos.htx\pascht tr2\install tr2\directx\dsound.dll
[13:28:55] - [10] MIRKO.POZEN: Fichier envoyé: D:\kerberos.htx\pascht tr2\install tr2\directx\dsound.dll (142,50 K/S -   145 920 bytes)
[13:28:55] - [9] MIRKO.POZEN: Début du Téléchargement de: D:\kerberos.htx\pascht tr2\install tr2\directx\dsound.inf
[13:28:55] - [9] MIRKO.POZEN: Fichier envoyé: D:\kerberos.htx\pascht tr2\install tr2\directx\dsound.inf (0,80 K/S -    815 bytes)
[13:28:55] - [10] MIRKO.POZEN: Début du Téléchargement de: D:\kerberos.htx\pascht tr2\install tr2\directx\dsound.vxd
[13:28:55] - [10] MIRKO.POZEN: Fichier envoyé: D:\kerberos.htx\pascht tr2\install tr2\directx\dsound.vxd (58,44 K/S -   59 839 bytes)
[13:28:55] - [9] MIRKO.POZEN: Début du Téléchargement de: D:\kerberos.htx\pascht tr2\install tr2\directx\dxinfo.exe
[13:28:56] - [10] MIRKO.POZEN: Début du Téléchargement de: D:\kerberos.htx\pascht tr2\install tr2\directx\dxsetup.exe
[13:28:57] - [10] MIRKO.POZEN: Fichier envoyé: D:\kerberos.htx\pascht tr2\install tr2\directx\dxsetup.exe (86,50 K/S -   88 576 bytes)
[13:28:57] - [9] MIRKO.POZEN: Fichier envoyé: D:\kerberos.htx\pascht tr2\install tr2\directx\dxinfo.exe (292,50 K/S -   299 520 bytes)
[13:28:57] - [10] MIRKO.POZEN: Début du Téléchargement de: D:\kerberos.htx\pascht tr2\install tr2\directx\dxtool.exe
[13:28:57] - [10] MIRKO.POZEN: Fichier envoyé: D:\kerberos.htx\pascht tr2\install tr2\directx\dxtool.exe (32,50 K/S -   33 280 bytes)
[13:28:57] - [10] MIRKO.POZEN: Début du Téléchargement de: D:\kerberos.htx\pascht tr2\install tr2\directx\dxver.inf
[13:28:57] - [10] MIRKO.POZEN: Fichier envoyé: D:\kerberos.htx\pascht tr2\install tr2\directx\dxver.inf (0,20 K/S -    209 bytes)
[13:28:58] - [10] MIRKO.POZEN: Début du Téléchargement de: D:\kerberos.htx\pascht tr2\install tr2\directx\gcdef.dll
[13:28:58] - [9] MIRKO.POZEN: Début du Téléchargement de: D:\kerberos.htx\pascht tr2\install tr2\directx\gchand.dll
[13:28:58] - [9] MIRKO.POZEN: Fichier envoyé: D:\kerberos.htx\pascht tr2\install tr2\directx\gchand.dll (78,50 K/S -   80 384 bytes)
[13:28:59] - [9] MIRKO.POZEN: Début du Téléchargement de: D:\kerberos.htx\pascht tr2\install tr2\directx\joy.cpl
[13:28:59] - [10] MIRKO.POZEN: Fichier envoyé: D:\kerberos.htx\pascht tr2\install tr2\directx\gcdef.dll (551,00 K/S -   564 224 bytes)
[13:28:59] - [9] MIRKO.POZEN: Fichier envoyé: D:\kerberos.htx\pascht tr2\install tr2\directx\joy.cpl (224,50 K/S -   229 888 bytes)
[13:28:59] - [10] MIRKO.POZEN: Début du Téléchargement de: D:\kerberos.htx\pascht tr2\install tr2\directx\license.txt
[13:28:59] - [10] MIRKO.POZEN: Fichier envoyé: D:\kerberos.htx\pascht tr2\install tr2\directx\license.txt (1,28 K/S -   1 315 bytes)
[13:28:59] - [9] MIRKO.POZEN: Début du Téléchargement de: D:\kerberos.htx\pascht tr2\install tr2\directx\msanalog.vxd
[13:29:00] - [9] MIRKO.POZEN: Fichier envoyé: D:\kerberos.htx\pascht tr2\install tr2\directx\msanalog.vxd (11,82 K/S -   12 101 bytes)
[13:29:00] - [10] MIRKO.POZEN: Début du Téléchargement de: D:\kerberos.htx\pascht tr2\install tr2\directx\MTRR.VXD
[13:29:00] - [10] MIRKO.POZEN: Fichier envoyé: D:\kerberos.htx\pascht tr2\install tr2\directx\MTRR.VXD (11,73 K/S -   12 009 bytes)
[13:29:00] - [9] MIRKO.POZEN: Début du Téléchargement de: D:\kerberos.htx\pascht tr2\install tr2\directx\vjoyd.vxd
[13:29:00] - [9] MIRKO.POZEN: Fichier envoyé: D:\kerberos.htx\pascht tr2\install tr2\directx\vjoyd.vxd (29,61 K/S -   30 320 bytes)
[13:29:00] - [10] MIRKO.POZEN: Début du Téléchargement de: D:\kerberos.htx\pascht tr2\install tr2\directx\vmcpd.nec
[13:29:00] - [10] MIRKO.POZEN: Fichier envoyé: D:\kerberos.htx\pascht tr2\install tr2\directx\vmcpd.nec (18,17 K/S -   18 602 bytes)
[13:29:00] - [9] MIRKO.POZEN: Début du Téléchargement de: D:\kerberos.htx\pascht tr2\install tr2\directx\vmcpd.x86
[13:29:00] - [9] MIRKO.POZEN: Fichier envoyé: D:\kerberos.htx\pascht tr2\install tr2\directx\vmcpd.x86 (18,17 K/S -   18 602 bytes)
[13:29:00] - [10] MIRKO.POZEN: Répertoire en Cours: D:\kerberos.htx\pascht tr2\install tr2\directx\drivers\frn\
[13:29:00] - [10] MIRKO.POZEN: Début du Téléchargement de: D:\kerberos.htx\pascht tr2\install tr2\directx\drivers\frn\5631_dig.ini
[13:29:00] - [9] MIRKO.POZEN: Répertoire en Cours: D:\kerberos.htx\pascht tr2\install tr2\directx\drivers\frn\
[13:29:00] - [10] MIRKO.POZEN: Fichier envoyé: D:\kerberos.htx\pascht tr2\install tr2\directx\drivers\frn\5631_dig.ini (37,78 K/S -   38 690 bytes)
[13:29:01] - [9] MIRKO.POZEN: Début du Téléchargement de: D:\kerberos.htx\pascht tr2\install tr2\directx\drivers\frn\5631_hwc.ini
[13:29:01] - [9] MIRKO.POZEN: Fichier envoyé: D:\kerberos.htx\pascht tr2\install tr2\directx\drivers\frn\5631_hwc.ini (37,23 K/S -   38 120 bytes)
[13:29:01] - [10] MIRKO.POZEN: Début du Téléchargement de: D:\kerberos.htx\pascht tr2\install tr2\directx\drivers\frn\5631_swc.ini
[13:29:01] - [9] MIRKO.POZEN: Début du Téléchargement de: D:\kerberos.htx\pascht tr2\install tr2\directx\drivers\frn\8811_dig.ini
[13:29:01] - [9] MIRKO.POZEN: Fichier envoyé: D:\kerberos.htx\pascht tr2\install tr2\directx\drivers\frn\8811_dig.ini (32,64 K/S -   33 422 bytes)
[13:29:01] - [10] MIRKO.POZEN: Fichier envoyé: D:\kerberos.htx\pascht tr2\install tr2\directx\drivers\frn\5631_swc.ini (101,02 K/S -   103 445 bytes)
[13:29:01] - [10] MIRKO.POZEN: Début du Téléchargement de: D:\kerberos.htx\pascht tr2\install tr2\directx\drivers\frn\8811_hwc.ini
[13:29:01] - [9] MIRKO.POZEN: Début du Téléchargement de: D:\kerberos.htx\pascht tr2\install tr2\directx\drivers\frn\8811_swc.ini
[13:29:01] - [10] MIRKO.POZEN: Fichier envoyé: D:\kerberos.htx\pascht tr2\install tr2\directx\drivers\frn\8811_hwc.ini (33,86 K/S -   34 675 bytes)
[13:29:01] - [9] MIRKO.POZEN: Fichier envoyé: D:\kerberos.htx\pascht tr2\install tr2\directx\drivers\frn\8811_swc.ini (35,75 K/S -   36 613 bytes)
[13:29:02] - [10] MIRKO.POZEN: Début du Téléchargement de: D:\kerberos.htx\pascht tr2\install tr2\directx\drivers\frn\8814_dig.ini
[13:29:02] - [9] MIRKO.POZEN: Début du Téléchargement de: D:\kerberos.htx\pascht tr2\install tr2\directx\drivers\frn\8814_hwc.ini
[13:29:02] - [10] MIRKO.POZEN: Fichier envoyé: D:\kerberos.htx\pascht tr2\install tr2\directx\drivers\frn\8814_dig.ini (46,36 K/S -   47 471 bytes)
[13:29:02] - [9] MIRKO.POZEN: Fichier envoyé: D:\kerberos.htx\pascht tr2\install tr2\directx\drivers\frn\8814_hwc.ini (36,77 K/S -   37 651 bytes)
[13:29:02] - [10] MIRKO.POZEN: Début du Téléchargement de: D:\kerberos.htx\pascht tr2\install tr2\directx\drivers\frn\8814_swc.ini
[13:29:02] - [9] MIRKO.POZEN: Début du Téléchargement de: D:\kerberos.htx\pascht tr2\install tr2\directx\drivers\frn\ati.vxd
[13:29:02] - [10] MIRKO.POZEN: Fichier envoyé: D:\kerberos.htx\pascht tr2\install tr2\directx\drivers\frn\8814_swc.ini (36,77 K/S -   37 651 bytes)
[13:29:02] - [9] MIRKO.POZEN: Fichier envoyé: D:\kerberos.htx\pascht tr2\install tr2\directx\drivers\frn\ati.vxd (26,78 K/S -   27 427 bytes)
[13:29:02] - [10] MIRKO.POZEN: Début du Téléchargement de: D:\kerberos.htx\pascht tr2\install tr2\directx\drivers\frn\atim32.dll
[13:29:02] - [10] MIRKO.POZEN: Fichier envoyé: D:\kerberos.htx\pascht tr2\install tr2\directx\drivers\frn\atim32.dll (10,50 K/S -   10 752 bytes)
[13:29:02] - [9] MIRKO.POZEN: Début du Téléchargement de: D:\kerberos.htx\pascht tr2\install tr2\directx\drivers\frn\atim32.drv
[13:29:03] - [9] MIRKO.POZEN: Fichier envoyé: D:\kerberos.htx\pascht tr2\install tr2\directx\drivers\frn\atim32.drv (96,86 K/S -   99 184 bytes)
[13:29:03] - [10] MIRKO.POZEN: Début du Téléchargement de: D:\kerberos.htx\pascht tr2\install tr2\directx\drivers\frn\atim64.dll
[13:29:03] - [10] MIRKO.POZEN: Fichier envoyé: D:\kerberos.htx\pascht tr2\install tr2\directx\drivers\frn\atim64.dll (18,00 K/S -   18 432 bytes)
[13:29:03] - [9] MIRKO.POZEN: Début du Téléchargement de: D:\kerberos.htx\pascht tr2\install tr2\directx\drivers\frn\atim64.drv
[13:29:03] - [9] MIRKO.POZEN: Fichier envoyé: D:\kerberos.htx\pascht tr2\install tr2\directx\drivers\frn\atim64.drv (83,00 K/S -   84 992 bytes)
[13:29:03] - [10] MIRKO.POZEN: Début du Téléchargement de: D:\kerberos.htx\pascht tr2\install tr2\directx\drivers\frn\atim8.drv
[13:29:03] - [9] MIRKO.POZEN: Début du Téléchargement de: D:\kerberos.htx\pascht tr2\install tr2\directx\drivers\frn\ati_d3d.dll
[13:29:04] - [10] MIRKO.POZEN: Fichier envoyé: D:\kerberos.htx\pascht tr2\install tr2\directx\drivers\frn\atim8.drv (126,55 K/S -   129 584 bytes)
[13:29:04] - [10] MIRKO.POZEN: Début du Téléchargement de: D:\kerberos.htx\pascht tr2\install tr2\directx\drivers\frn\ati_dd16.dll
[13:29:04] - [9] MIRKO.POZEN: Fichier envoyé: D:\kerberos.htx\pascht tr2\install tr2\directx\drivers\frn\ati_d3d.dll (165,50 K/S -   169 472 bytes)
[13:29:04] - [10] MIRKO.POZEN: Fichier envoyé: D:\kerberos.htx\pascht tr2\install tr2\directx\drivers\frn\ati_dd16.dll (10,70 K/S -   10 960 bytes)
[13:29:04] - [9] MIRKO.POZEN: Début du Téléchargement de: D:\kerberos.htx\pascht tr2\install tr2\directx\drivers\frn\ati_dd32.dll
[13:29:04] - [10] MIRKO.POZEN: Début du Téléchargement de: D:\kerberos.htx\pascht tr2\install tr2\directx\drivers\frn\ati_hal.dll
[13:29:04] - [10] MIRKO.POZEN: Fichier envoyé: D:\kerberos.htx\pascht tr2\install tr2\directx\drivers\frn\ati_hal.dll (83,44 K/S -   85 440 bytes)
[13:29:04] - [10] MIRKO.POZEN: Début du Téléchargement de: D:\kerberos.htx\pascht tr2\install tr2\directx\drivers\frn\ati_m64.drv
[13:29:05] - [9] MIRKO.POZEN: Fichier envoyé: D:\kerberos.htx\pascht tr2\install tr2\directx\drivers\frn\ati_dd32.dll (327,50 K/S -   335 360 bytes)
[13:29:05] - [9] MIRKO.POZEN: Début du Téléchargement de: D:\kerberos.htx\pascht tr2\install tr2\directx\drivers\frn\ati_m64.vxd
[13:29:05] - [10] MIRKO.POZEN: Fichier envoyé: D:\kerberos.htx\pascht tr2\install tr2\directx\drivers\frn\ati_m64.drv (318,06 K/S -   325 696 bytes)
[13:29:05] - [9] MIRKO.POZEN: Fichier envoyé: D:\kerberos.htx\pascht tr2\install tr2\directx\drivers\frn\ati_m64.vxd (29,13 K/S -   29 827 bytes)
[13:29:05] - [10] MIRKO.POZEN: Début du Téléchargement de: D:\kerberos.htx\pascht tr2\install tr2\directx\drivers\frn\ati_vpe.dll
[13:29:05] - [10] MIRKO.POZEN: Fichier envoyé: D:\kerberos.htx\pascht tr2\install tr2\directx\drivers\frn\ati_vpe.dll (18,50 K/S -   18 944 bytes)
[13:29:05] - [9] MIRKO.POZEN: Début du Téléchargement de: D:\kerberos.htx\pascht tr2\install tr2\directx\drivers\frn\azt16.vxd
[13:29:05] - [9] MIRKO.POZEN: Fichier envoyé: D:\kerberos.htx\pascht tr2\install tr2\directx\drivers\frn\azt16.vxd (26,15 K/S -   26 782 bytes)
[13:29:05] - [10] MIRKO.POZEN: Début du Téléchargement de: D:\kerberos.htx\pascht tr2\install tr2\directx\drivers\frn\azt16c.drv
[13:29:06] - [9] MIRKO.POZEN: Début du Téléchargement de: D:\kerberos.htx\pascht tr2\install tr2\directx\drivers\frn\azt16w.drv
[13:29:06] - [10] MIRKO.POZEN: Fichier envoyé: D:\kerberos.htx\pascht tr2\install tr2\directx\drivers\frn\azt16c.drv (41,77 K/S -   42 768 bytes)
[13:29:06] - [9] MIRKO.POZEN: Fichier envoyé: D:\kerberos.htx\pascht tr2\install tr2\directx\drivers\frn\azt16w.drv (43,33 K/S -   44 368 bytes)
[13:29:06] - [10] MIRKO.POZEN: Début du Téléchargement de: D:\kerberos.htx\pascht tr2\install tr2\directx\drivers\frn\chipmm.dll
[13:29:06] - [10] MIRKO.POZEN: Fichier envoyé: D:\kerberos.htx\pascht tr2\install tr2\directx\drivers\frn\chipmm.dll (13,50 K/S -   13 824 bytes)
[13:29:06] - [9] MIRKO.POZEN: Début du Téléchargement de: D:\kerberos.htx\pascht tr2\install tr2\directx\drivers\frn\chipmm.drv
[13:29:06] - [9] MIRKO.POZEN: Fichier envoyé: D:\kerberos.htx\pascht tr2\install tr2\directx\drivers\frn\chipmm.drv (52,72 K/S -   53 984 bytes)
[13:29:06] - [10] MIRKO.POZEN: Début du Téléchargement de: D:\kerberos.htx\pascht tr2\install tr2\directx\drivers\frn\chipmm.vxd
[13:29:06] - [10] MIRKO.POZEN: Fichier envoyé: D:\kerberos.htx\pascht tr2\install tr2\directx\drivers\frn\chipmm.vxd (24,09 K/S -   24 672 bytes)
[13:29:06] - [9] MIRKO.POZEN: Début du Téléchargement de: D:\kerberos.htx\pascht tr2\install tr2\directx\drivers\frn\chips.dll
[13:29:06] - [9] MIRKO.POZEN: Fichier envoyé: D:\kerberos.htx\pascht tr2\install tr2\directx\drivers\frn\chips.dll (9,00 K/S -   9 216 bytes)
[13:29:06] - [10] MIRKO.POZEN: Début du Téléchargement de: D:\kerberos.htx\pascht tr2\install tr2\directx\drivers\frn\chips.drv
[13:29:07] - [10] MIRKO.POZEN: Fichier envoyé: D:\kerberos.htx\pascht tr2\install tr2\directx\drivers\frn\chips.drv (28,59 K/S -   29 280 bytes)
[13:29:07] - [9] MIRKO.POZEN: Début du Téléchargement de: D:\kerberos.htx\pascht tr2\install tr2\directx\drivers\frn\chips.vxd
[13:29:07] - [9] MIRKO.POZEN: Fichier envoyé: D:\kerberos.htx\pascht tr2\install tr2\directx\drivers\frn\chips.vxd (18,16 K/S -   18 591 bytes)
[13:29:07] - [10] MIRKO.POZEN: Début du Téléchargement de: D:\kerberos.htx\pascht tr2\install tr2\directx\drivers\frn\cirrus.dll
[13:29:07] - [10] MIRKO.POZEN: Fichier envoyé: D:\kerberos.htx\pascht tr2\install tr2\directx\drivers\frn\cirrus.dll (22,50 K/S -   23 040 bytes)
[13:29:07] - [9] MIRKO.POZEN: Début du Téléchargement de: D:\kerberos.htx\pascht tr2\install tr2\directx\drivers\frn\cirrus.drv
[13:29:07] - [9] MIRKO.POZEN: Fichier envoyé: D:\kerberos.htx\pascht tr2\install tr2\directx\drivers\frn\cirrus.drv (69,05 K/S -   70 704 bytes)
[13:29:07] - [10] MIRKO.POZEN: Début du Téléchargement de: D:\kerberos.htx\pascht tr2\install tr2\directx\drivers\frn\cirrus.vxd
[13:29:07] - [10] MIRKO.POZEN: Fichier envoyé: D:\kerberos.htx\pascht tr2\install tr2\directx\drivers\frn\cirrus.vxd (18,04 K/S -   18 477 bytes)
[13:29:07] - [9] MIRKO.POZEN: Début du Téléchargement de: D:\kerberos.htx\pascht tr2\install tr2\directx\drivers\frn\cirruslg.dll
[13:29:07] - [9] MIRKO.POZEN: Fichier envoyé: D:\kerberos.htx\pascht tr2\install tr2\directx\drivers\frn\cirruslg.dll (24,00 K/S -   24 576 bytes)
[13:29:08] - [10] MIRKO.POZEN: Début du Téléchargement de: D:\kerberos.htx\pascht tr2\install tr2\directx\drivers\frn\cirruslg.drv
[13:29:08] - [9] MIRKO.POZEN: Début du Téléchargement de: D:\kerberos.htx\pascht tr2\install tr2\directx\drivers\frn\cirruslg.vxd
[13:29:08] - [9] MIRKO.POZEN: Fichier envoyé: D:\kerberos.htx\pascht tr2\install tr2\directx\drivers\frn\cirruslg.vxd (16,16 K/S -   16 549 bytes)
[13:29:08] - [10] MIRKO.POZEN: Fichier envoyé: D:\kerberos.htx\pascht tr2\install tr2\directx\drivers\frn\cirruslg.drv (194,89 K/S -   199 568 bytes)
[13:29:08] - [9] MIRKO.POZEN: Début du Téléchargement de: D:\kerberos.htx\pascht tr2\install tr2\directx\drivers\frn\cirrusmm.dll
[13:29:08] - [10] MIRKO.POZEN: Début du Téléchargement de: D:\kerberos.htx\pascht tr2\install tr2\directx\drivers\frn\cirrusmm.drv
[13:29:08] - [9] MIRKO.POZEN: Fichier envoyé: D:\kerberos.htx\pascht tr2\install tr2\directx\drivers\frn\cirrusmm.dll (45,50 K/S -   46 592 bytes)
[13:29:08] - [10] MIRKO.POZEN: Fichier envoyé: D:\kerberos.htx\pascht tr2\install tr2\directx\drivers\frn\cirrusmm.drv (75,77 K/S -   77 584 bytes)
[13:29:08] - [9] MIRKO.POZEN: Début du Téléchargement de: D:\kerberos.htx\pascht tr2\install tr2\directx\drivers\frn\cld3d.dll
[13:29:09] - [10] MIRKO.POZEN: Début du Téléchargement de: D:\kerberos.htx\pascht tr2\install tr2\directx\drivers\frn\cpq_bb.dll
[13:29:09] - [10] MIRKO.POZEN: Fichier envoyé: D:\kerberos.htx\pascht tr2\install tr2\directx\drivers\frn\cpq_bb.dll (3,47 K/S -   3 552 bytes)
[13:29:09] - [10] MIRKO.POZEN: Début du Téléchargement de: D:\kerberos.htx\pascht tr2\install tr2\directx\drivers\frn\cspman.dll
[13:29:09] - [10] MIRKO.POZEN: Fichier envoyé: D:\kerberos.htx\pascht tr2\install tr2\directx\drivers\frn\cspman.dll (18,14 K/S -   18 576 bytes)
[13:29:09] - [10] MIRKO.POZEN: Début du Téléchargement de: D:\kerberos.htx\pascht tr2\install tr2\directx\drivers\frn\ct_65550.dll
[13:29:09] - [10] MIRKO.POZEN: Fichier envoyé: D:\kerberos.htx\pascht tr2\install tr2\directx\drivers\frn\ct_65550.dll (3,52 K/S -   3 600 bytes)
[13:29:09] - [9] MIRKO.POZEN: Fichier envoyé: D:\kerberos.htx\pascht tr2\install tr2\directx\drivers\frn\cld3d.dll (393,00 K/S -   402 432 bytes)
[13:29:09] - [9] MIRKO.POZEN: Début du Téléchargement de: D:\kerberos.htx\pascht tr2\install tr2\directx\drivers\frn\cwbaudio.bin
[13:29:09] - [9] MIRKO.POZEN: Fichier envoyé: D:\kerberos.htx\pascht tr2\install tr2\directx\drivers\frn\cwbaudio.bin (8,03 K/S -   8 225 bytes)
[13:29:10] - [10] MIRKO.POZEN: Début du Téléchargement de: D:\kerberos.htx\pascht tr2\install tr2\directx\drivers\frn\cwbaudio.drv
[13:29:10] - [9] MIRKO.POZEN: Début du Téléchargement de: D:\kerberos.htx\pascht tr2\install tr2\directx\drivers\frn\cwbaudio.inf
[13:29:10] - [9] MIRKO.POZEN: Fichier envoyé: D:\kerberos.htx\pascht tr2\install tr2\directx\drivers\frn\cwbaudio.inf (27,70 K/S -   28 367 bytes)
[13:29:10] - [10] MIRKO.POZEN: Fichier envoyé: D:\kerberos.htx\pascht tr2\install tr2\directx\drivers\frn\cwbaudio.drv (223,15 K/S -   228 507 bytes)
[13:29:10] - [9] MIRKO.POZEN: Début du Téléchargement de: D:\kerberos.htx\pascht tr2\install tr2\directx\drivers\frn\cwbaudix.vxd
[13:29:10] - [10] MIRKO.POZEN: Début du Téléchargement de: D:\kerberos.htx\pascht tr2\install tr2\directx\drivers\frn\cwbfm.drv
[13:29:10] - [10] MIRKO.POZEN: Fichier envoyé: D:\kerberos.htx\pascht tr2\install tr2\directx\drivers\frn\cwbfm.drv (20,66 K/S -   21 152 bytes)
[13:29:10] - [9] MIRKO.POZEN: Fichier envoyé: D:\kerberos.htx\pascht tr2\install tr2\directx\drivers\frn\cwbaudix.vxd (99,02 K/S -   101 399 bytes)
[13:29:11] - [10] MIRKO.POZEN: Début du Téléchargement de: D:\kerberos.htx\pascht tr2\install tr2\directx\drivers\frn\cwbjoy.vxd
[13:29:11] - [10] MIRKO.POZEN: Fichier envoyé: D:\kerberos.htx\pascht tr2\install tr2\directx\drivers\frn\cwbjoy.vxd (7,93 K/S -   8 124 bytes)
[13:29:11] - [9] MIRKO.POZEN: Début du Téléchargement de: D:\kerberos.htx\pascht tr2\install tr2\directx\drivers\frn\cwbmidi.drv
[13:29:11] - [9] MIRKO.POZEN: Fichier envoyé: D:\kerberos.htx\pascht tr2\install tr2\directx\drivers\frn\cwbmidi.drv (8,94 K/S -   9 152 bytes)
[13:29:11] - [10] MIRKO.POZEN: Début du Téléchargement de: D:\kerberos.htx\pascht tr2\install tr2\directx\drivers\frn\cwbmidi.vxd
[13:29:11] - [10] MIRKO.POZEN: Fichier envoyé: D:\kerberos.htx\pascht tr2\install tr2\directx\drivers\frn\cwbmidi.vxd (14,18 K/S -   14 521 bytes)
[13:29:11] - [9] MIRKO.POZEN: Début du Téléchargement de: D:\kerberos.htx\pascht tr2\install tr2\directx\drivers\frn\cwbpcple.dll
[13:29:11] - [9] MIRKO.POZEN: Fichier envoyé: D:\kerberos.htx\pascht tr2\install tr2\directx\drivers\frn\cwbpcple.dll (38,50 K/S -   39 424 bytes)
[13:29:11] - [10] MIRKO.POZEN: Début du Téléchargement de: D:\kerberos.htx\pascht tr2\install tr2\directx\drivers\frn\drivers.ddb
[13:29:11] - [10] MIRKO.POZEN: Fichier envoyé: D:\kerberos.htx\pascht tr2\install tr2\directx\drivers\frn\drivers.ddb (15,96 K/S -   16 342 bytes)
[13:29:11] - [9] MIRKO.POZEN: Début du Téléchargement de: D:\kerberos.htx\pascht tr2\install tr2\directx\drivers\frn\dxati.inf
[13:29:11] - [9] MIRKO.POZEN: Fichier envoyé: D:\kerberos.htx\pascht tr2\install tr2\directx\drivers\frn\dxati.inf (9,52 K/S -   9 752 bytes)
[13:29:11] - [10] MIRKO.POZEN: Début du Téléchargement de: D:\kerberos.htx\pascht tr2\install tr2\directx\drivers\frn\dxchips.inf
[13:29:12] - [10] MIRKO.POZEN: Fichier envoyé: D:\kerberos.htx\pascht tr2\install tr2\directx\drivers\frn\dxchips.inf (5,16 K/S -   5 283 bytes)
[13:29:12] - [9] MIRKO.POZEN: Début du Téléchargement de: D:\kerberos.htx\pascht tr2\install tr2\directx\drivers\frn\dxcirrus.inf
[13:29:12] - [9] MIRKO.POZEN: Fichier envoyé: D:\kerberos.htx\pascht tr2\install tr2\directx\drivers\frn\dxcirrus.inf (9,58 K/S -   9 815 bytes)
[13:29:12] - [10] MIRKO.POZEN: Début du Téléchargement de: D:\kerberos.htx\pascht tr2\install tr2\directx\drivers\frn\dxglint.inf
[13:29:12] - [10] MIRKO.POZEN: Fichier envoyé: D:\kerberos.htx\pascht tr2\install tr2\directx\drivers\frn\dxglint.inf (0,53 K/S -    543 bytes)
[13:29:12] - [9] MIRKO.POZEN: Début du Téléchargement de: D:\kerberos.htx\pascht tr2\install tr2\directx\drivers\frn\dxi128.inf
[13:29:12] - [9] MIRKO.POZEN: Fichier envoyé: D:\kerberos.htx\pascht tr2\install tr2\directx\drivers\frn\dxi128.inf (2,86 K/S -   2 931 bytes)
[13:29:12] - [10] MIRKO.POZEN: Début du Téléchargement de: D:\kerberos.htx\pascht tr2\install tr2\directx\drivers\frn\dxmga.inf
[13:29:12] - [10] MIRKO.POZEN: Fichier envoyé: D:\kerberos.htx\pascht tr2\install tr2\directx\drivers\frn\dxmga.inf (2,34 K/S -   2 398 bytes)
[13:29:12] - [9] MIRKO.POZEN: Début du Téléchargement de: D:\kerberos.htx\pascht tr2\install tr2\directx\drivers\frn\dxmm3dfx.inf
[13:29:12] - [9] MIRKO.POZEN: Fichier envoyé: D:\kerberos.htx\pascht tr2\install tr2\directx\drivers\frn\dxmm3dfx.inf (1,54 K/S -   1 578 bytes)
[13:29:12] - [10] MIRKO.POZEN: Début du Téléchargement de: D:\kerberos.htx\pascht tr2\install tr2\directx\drivers\frn\dxneom.inf
[13:29:13] - [10] MIRKO.POZEN: Fichier envoyé: D:\kerberos.htx\pascht tr2\install tr2\directx\drivers\frn\dxneom.inf (2,20 K/S -   2 257 bytes)
[13:29:13] - [9] MIRKO.POZEN: Début du Téléchargement de: D:\kerberos.htx\pascht tr2\install tr2\directx\drivers\frn\dxpmedia.inf
[13:29:13] - [9] MIRKO.POZEN: Fichier envoyé: D:\kerberos.htx\pascht tr2\install tr2\directx\drivers\frn\dxpmedia.inf (6,15 K/S -   6 296 bytes)
[13:29:13] - [10] MIRKO.POZEN: Début du Téléchargement de: D:\kerberos.htx\pascht tr2\install tr2\directx\drivers\frn\dxrend.inf
[13:29:13] - [10] MIRKO.POZEN: Fichier envoyé: D:\kerberos.htx\pascht tr2\install tr2\directx\drivers\frn\dxrend.inf (3,63 K/S -   3 717 bytes)
[13:29:13] - [9] MIRKO.POZEN: Début du Téléchargement de: D:\kerberos.htx\pascht tr2\install tr2\directx\drivers\frn\dxs3.inf
[13:29:13] - [9] MIRKO.POZEN: Fichier envoyé: D:\kerberos.htx\pascht tr2\install tr2\directx\drivers\frn\dxs3.inf (16,91 K/S -   17 315 bytes)
[13:29:13] - [10] MIRKO.POZEN: Début du Téléchargement de: D:\kerberos.htx\pascht tr2\install tr2\directx\drivers\frn\dxtrid.inf
[13:29:13] - [10] MIRKO.POZEN: Fichier envoyé: D:\kerberos.htx\pascht tr2\install tr2\directx\drivers\frn\dxtrid.inf (2,51 K/S -   2 571 bytes)
[13:29:13] - [9] MIRKO.POZEN: Début du Téléchargement de: D:\kerberos.htx\pascht tr2\install tr2\directx\drivers\frn\dxtseng.inf
[13:29:13] - [9] MIRKO.POZEN: Fichier envoyé: D:\kerberos.htx\pascht tr2\install tr2\directx\drivers\frn\dxtseng.inf (5,82 K/S -   5 961 bytes)
[13:29:13] - [10] MIRKO.POZEN: Début du Téléchargement de: D:\kerberos.htx\pascht tr2\install tr2\directx\drivers\frn\dxver.inf
[13:29:14] - [10] MIRKO.POZEN: Fichier envoyé: D:\kerberos.htx\pascht tr2\install tr2\directx\drivers\frn\dxver.inf (0,20 K/S -    209 bytes)
[13:29:14] - [9] MIRKO.POZEN: Début du Téléchargement de: D:\kerberos.htx\pascht tr2\install tr2\directx\drivers\frn\dxwd.inf
[13:29:14] - [9] MIRKO.POZEN: Fichier envoyé: D:\kerberos.htx\pascht tr2\install tr2\directx\drivers\frn\dxwd.inf (3,50 K/S -   3 579 bytes)
[13:29:14] - [10] MIRKO.POZEN: Début du Téléchargement de: D:\kerberos.htx\pascht tr2\install tr2\directx\drivers\frn\dx_ver.dll
[13:29:14] - [10] MIRKO.POZEN: Fichier envoyé: D:\kerberos.htx\pascht tr2\install tr2\directx\drivers\frn\dx_ver.dll (3,86 K/S -   3 952 bytes)
[13:29:14] - [9] MIRKO.POZEN: Début du Téléchargement de: D:\kerberos.htx\pascht tr2\install tr2\directx\drivers\frn\es1488.drv
[13:29:14] - [10] MIRKO.POZEN: Début du Téléchargement de: D:\kerberos.htx\pascht tr2\install tr2\directx\drivers\frn\es1488.vxd
[13:29:14] - [9] MIRKO.POZEN: Fichier envoyé: D:\kerberos.htx\pascht tr2\install tr2\directx\drivers\frn\es1488.drv (43,34 K/S -   44 384 bytes)
[13:29:14] - [10] MIRKO.POZEN: Fichier envoyé: D:\kerberos.htx\pascht tr2\install tr2\directx\drivers\frn\es1488.vxd (19,66 K/S -   20 128 bytes)
[13:29:14] - [9] MIRKO.POZEN: Début du Téléchargement de: D:\kerberos.htx\pascht tr2\install tr2\directx\drivers\frn\es1688.drv
[13:29:14] - [10] MIRKO.POZEN: Début du Téléchargement de: D:\kerberos.htx\pascht tr2\install tr2\directx\drivers\frn\es1688.vxd
[13:29:15] - [9] MIRKO.POZEN: Fichier envoyé: D:\kerberos.htx\pascht tr2\install tr2\directx\drivers\frn\es1688.drv (55,54 K/S -   56 871 bytes)
[13:29:15] - [10] MIRKO.POZEN: Fichier envoyé: D:\kerberos.htx\pascht tr2\install tr2\directx\drivers\frn\es1688.vxd (31,63 K/S -   32 386 bytes)
[13:29:15] - [9] MIRKO.POZEN: Début du Téléchargement de: D:\kerberos.htx\pascht tr2\install tr2\directx\drivers\frn\es1788.drv
[13:29:15] - [9] MIRKO.POZEN: Fichier envoyé: D:\kerberos.htx\pascht tr2\install tr2\directx\drivers\frn\es1788.drv (56,74 K/S -   58 103 bytes)
[13:29:15] - [10] MIRKO.POZEN: Début du Téléchargement de: D:\kerberos.htx\pascht tr2\install tr2\directx\drivers\frn\es1788.vxd
[13:29:15] - [10] MIRKO.POZEN: Fichier envoyé: D:\kerberos.htx\pascht tr2\install tr2\directx\drivers\frn\es1788.vxd (31,63 K/S -   32 386 bytes)
[13:29:15] - [9] MIRKO.POZEN: Début du Téléchargement de: D:\kerberos.htx\pascht tr2\install tr2\directx\drivers\frn\es488.drv
[13:29:15] - [9] MIRKO.POZEN: Fichier envoyé: D:\kerberos.htx\pascht tr2\install tr2\directx\drivers\frn\es488.drv (36,45 K/S -   37 328 bytes)
[13:29:15] - [10] MIRKO.POZEN: Début du Téléchargement de: D:\kerberos.htx\pascht tr2\install tr2\directx\drivers\frn\es488.vxd
[13:29:15] - [10] MIRKO.POZEN: Fichier envoyé: D:\kerberos.htx\pascht tr2\install tr2\directx\drivers\frn\es488.vxd (19,16 K/S -   19 615 bytes)
[13:29:15] - [9] MIRKO.POZEN: Début du Téléchargement de: D:\kerberos.htx\pascht tr2\install tr2\directx\drivers\frn\es688.drv
[13:29:15] - [9] MIRKO.POZEN: Fichier envoyé: D:\kerberos.htx\pascht tr2\install tr2\directx\drivers\frn\es688.drv (46,39 K/S -   47 504 bytes)
[13:29:16] - [10] MIRKO.POZEN: Début du Téléchargement de: D:\kerberos.htx\pascht tr2\install tr2\directx\drivers\frn\es688.vxd
[13:29:16] - [10] MIRKO.POZEN: Fichier envoyé: D:\kerberos.htx\pascht tr2\install tr2\directx\drivers\frn\es688.vxd (22,16 K/S -   22 687 bytes)
[13:29:16] - [9] MIRKO.POZEN: Début du Téléchargement de: D:\kerberos.htx\pascht tr2\install tr2\directx\drivers\frn\esfm.drv
[13:29:16] - [9] MIRKO.POZEN: Fichier envoyé: D:\kerberos.htx\pascht tr2\install tr2\directx\drivers\frn\esfm.drv (19,90 K/S -   20 375 bytes)
[13:29:16] - [10] MIRKO.POZEN: Début du Téléchargement de: D:\kerberos.htx\pascht tr2\install tr2\directx\drivers\frn\essfm.drv
[13:29:16] - [10] MIRKO.POZEN: Fichier envoyé: D:\kerberos.htx\pascht tr2\install tr2\directx\drivers\frn\essfm.drv (17,44 K/S -   17 856 bytes)
[13:29:16] - [9] MIRKO.POZEN: Début du Téléchargement de: D:\kerberos.htx\pascht tr2\install tr2\directx\drivers\frn\essmport.drv
[13:29:16] - [9] MIRKO.POZEN: Fichier envoyé: D:\kerberos.htx\pascht tr2\install tr2\directx\drivers\frn\essmport.drv (9,72 K/S -   9 952 bytes)
[13:29:16] - [10] MIRKO.POZEN: Début du Téléchargement de: D:\kerberos.htx\pascht tr2\install tr2\directx\drivers\frn\essmpu.drv
[13:29:16] - [10] MIRKO.POZEN: Fichier envoyé: D:\kerberos.htx\pascht tr2\install tr2\directx\drivers\frn\essmpu.drv (9,66 K/S -   9 895 bytes)
[13:29:16] - [9] MIRKO.POZEN: Début du Téléchargement de: D:\kerberos.htx\pascht tr2\install tr2\directx\drivers\frn\et6000.dll
[13:29:17] - [10] MIRKO.POZEN: Début du Téléchargement de: D:\kerberos.htx\pascht tr2\install tr2\directx\drivers\frn\et6000.drv
[13:29:17] - [9] MIRKO.POZEN: Fichier envoyé: D:\kerberos.htx\pascht tr2\install tr2\directx\drivers\frn\et6000.dll (40,50 K/S -   41 472 bytes)
[13:29:17] - [10] MIRKO.POZEN: Fichier envoyé: D:\kerberos.htx\pascht tr2\install tr2\directx\drivers\frn\et6000.drv (68,28 K/S -   69 920 bytes)
[13:29:17] - [9] MIRKO.POZEN: Début du Téléchargement de: D:\kerberos.htx\pascht tr2\install tr2\directx\drivers\frn\et6000.vxd
[13:29:17] - [9] MIRKO.POZEN: Fichier envoyé: D:\kerberos.htx\pascht tr2\install tr2\directx\drivers\frn\et6000.vxd (17,03 K/S -   17 443 bytes)
[13:29:17] - [10] MIRKO.POZEN: Début du Téléchargement de: D:\kerberos.htx\pascht tr2\install tr2\directx\drivers\frn\f3audio.inf
[13:29:17] - [10] MIRKO.POZEN: Fichier envoyé: D:\kerberos.htx\pascht tr2\install tr2\directx\drivers\frn\f3audio.inf (6,34 K/S -   6 497 bytes)
[13:29:17] - [9] MIRKO.POZEN: Début du Téléchargement de: D:\kerberos.htx\pascht tr2\install tr2\directx\drivers\frn\f3driver.vxd
[13:29:18] - [9] MIRKO.POZEN: Fichier envoyé: D:\kerberos.htx\pascht tr2\install tr2\directx\drivers\frn\f3driver.vxd (85,11 K/S -   87 152 bytes)
[13:29:18] - [10] MIRKO.POZEN: Début du Téléchargement de: D:\kerberos.htx\pascht tr2\install tr2\directx\drivers\frn\f3dsound.vxd
[13:29:18] - [9] MIRKO.POZEN: Début du Téléchargement de: D:\kerberos.htx\pascht tr2\install tr2\directx\drivers\frn\f3joystk.vxd
[13:29:18] - [9] MIRKO.POZEN: Fichier envoyé: D:\kerberos.htx\pascht tr2\install tr2\directx\drivers\frn\f3joystk.vxd (5,81 K/S -   5 945 bytes)
[13:29:18] - [10] MIRKO.POZEN: Fichier envoyé: D:\kerberos.htx\pascht tr2\install tr2\directx\drivers\frn\f3dsound.vxd (94,58 K/S -   96 851 bytes)
[13:29:18] - [10] MIRKO.POZEN: Début du Téléchargement de: D:\kerberos.htx\pascht tr2\install tr2\directx\drivers\frn\f3midi.drv
[13:29:18] - [10] MIRKO.POZEN: Fichier envoyé: D:\kerberos.htx\pascht tr2\install tr2\directx\drivers\frn\f3midi.drv (8,63 K/S -   8 839 bytes)
[13:29:18] - [9] MIRKO.POZEN: Début du Téléchargement de: D:\kerberos.htx\pascht tr2\install tr2\directx\drivers\frn\f3vrtsb.vxd
[13:29:18] - [9] MIRKO.POZEN: Fichier envoyé: D:\kerberos.htx\pascht tr2\install tr2\directx\drivers\frn\f3vrtsb.vxd (22,62 K/S -   23 160 bytes)
[13:29:18] - [10] MIRKO.POZEN: Début du Téléchargement de: D:\kerberos.htx\pascht tr2\install tr2\directx\drivers\frn\f3wavmix.drv
[13:29:18] - [9] MIRKO.POZEN: Début du Téléchargement de: D:\kerberos.htx\pascht tr2\install tr2\directx\drivers\frn\findmvi.dll
[13:29:18] - [9] MIRKO.POZEN: Fichier envoyé: D:\kerberos.htx\pascht tr2\install tr2\directx\drivers\frn\findmvi.dll (5,59 K/S -   5 728 bytes)
[13:29:19] - [10] MIRKO.POZEN: Fichier envoyé: D:\kerberos.htx\pascht tr2\install tr2\directx\drivers\frn\f3wavmix.drv (47,18 K/S -   48 315 bytes)
[13:29:19] - [10] MIRKO.POZEN: Début du Téléchargement de: D:\kerberos.htx\pascht tr2\install tr2\directx\drivers\frn\framebuf.dll
[13:29:19] - [10] MIRKO.POZEN: Fichier envoyé: D:\kerberos.htx\pascht tr2\install tr2\directx\drivers\frn\framebuf.dll (8,00 K/S -   8 192 bytes)
[13:29:19] - [9] MIRKO.POZEN: Début du Téléchargement de: D:\kerberos.htx\pascht tr2\install tr2\directx\drivers\frn\framebuf.drv
[13:29:19] - [9] MIRKO.POZEN: Fichier envoyé: D:\kerberos.htx\pascht tr2\install tr2\directx\drivers\frn\framebuf.drv (21,67 K/S -   22 192 bytes)
[13:29:19] - [10] MIRKO.POZEN: Début du Téléchargement de: D:\kerberos.htx\pascht tr2\install tr2\directx\drivers\frn\i128.dll
[13:29:19] - [9] MIRKO.POZEN: Début du Téléchargement de: D:\kerberos.htx\pascht tr2\install tr2\directx\drivers\frn\i128.drv
[13:29:19] - [9] MIRKO.POZEN: Fichier envoyé: D:\kerberos.htx\pascht tr2\install tr2\directx\drivers\frn\i128.drv (41,63 K/S -   42 624 bytes)
[13:29:19] - [10] MIRKO.POZEN: Fichier envoyé: D:\kerberos.htx\pascht tr2\install tr2\directx\drivers\frn\i128.dll (112,50 K/S -   115 200 bytes)
[13:29:20] - [9] MIRKO.POZEN: Début du Téléchargement de: D:\kerberos.htx\pascht tr2\install tr2\directx\drivers\frn\i128.vxd
[13:29:20] - [9] MIRKO.POZEN: Fichier envoyé: D:\kerberos.htx\pascht tr2\install tr2\directx\drivers\frn\i128.vxd (14,62 K/S -   14 972 bytes)
[13:29:20] - [10] MIRKO.POZEN: Début du Téléchargement de: D:\kerberos.htx\pascht tr2\install tr2\directx\drivers\frn\isna.dll
[13:29:20] - [10] MIRKO.POZEN: Fichier envoyé: D:\kerberos.htx\pascht tr2\install tr2\directx\drivers\frn\isna.dll (6,13 K/S -   6 279 bytes)
[13:29:20] - [9] MIRKO.POZEN: Début du Téléchargement de: D:\kerberos.htx\pascht tr2\install tr2\directx\drivers\frn\iss3_765.dll
[13:29:20] - [9] MIRKO.POZEN: Fichier envoyé: D:\kerberos.htx\pascht tr2\install tr2\directx\drivers\frn\iss3_765.dll (3,44 K/S -   3 520 bytes)
[13:29:20] - [10] MIRKO.POZEN: Début du Téléchargement de: D:\kerberos.htx\pascht tr2\install tr2\directx\drivers\frn\license.txt
[13:29:20] - [10] MIRKO.POZEN: Fichier envoyé: D:\kerberos.htx\pascht tr2\install tr2\directx\drivers\frn\license.txt (1,28 K/S -   1 315 bytes)
[13:29:20] - [9] MIRKO.POZEN: Début du Téléchargement de: D:\kerberos.htx\pascht tr2\install tr2\directx\drivers\frn\mgallx64.dll
[13:29:20] - [10] MIRKO.POZEN: Début du Téléchargement de: D:\kerberos.htx\pascht tr2\install tr2\directx\drivers\frn\mgapdx64.drv
[13:29:21] - [9] MIRKO.POZEN: Fichier envoyé: D:\kerberos.htx\pascht tr2\install tr2\directx\drivers\frn\mgallx64.dll (94,05 K/S -   96 304 bytes)
[13:29:21] - [9] MIRKO.POZEN: Début du Téléchargement de: D:\kerberos.htx\pascht tr2\install tr2\directx\drivers\frn\mgapdx64.vxd
[13:29:21] - [10] MIRKO.POZEN: Fichier envoyé: D:\kerberos.htx\pascht tr2\install tr2\directx\drivers\frn\mgapdx64.drv (123,03 K/S -   125 984 bytes)
[13:29:21] - [9] MIRKO.POZEN: Fichier envoyé: D:\kerberos.htx\pascht tr2\install tr2\directx\drivers\frn\mgapdx64.vxd (31,05 K/S -   31 798 bytes)
[13:29:21] - [10] MIRKO.POZEN: Début du Téléchargement de: D:\kerberos.htx\pascht tr2\install tr2\directx\drivers\frn\mgaxdd.drv
[13:29:21] - [10] MIRKO.POZEN: Fichier envoyé: D:\kerberos.htx\pascht tr2\install tr2\directx\drivers\frn\mgaxdd.drv (21,03 K/S -   21 532 bytes)
[13:29:21] - [9] MIRKO.POZEN: Début du Téléchargement de: D:\kerberos.htx\pascht tr2\install tr2\directx\drivers\frn\mgaxdd.vxd
[13:29:21] - [9] MIRKO.POZEN: Fichier envoyé: D:\kerberos.htx\pascht tr2\install tr2\directx\drivers\frn\mgaxdd.vxd (9,62 K/S -   9 846 bytes)
[13:29:21] - [10] MIRKO.POZEN: Début du Téléchargement de: D:\kerberos.htx\pascht tr2\install tr2\directx\drivers\frn\mgaxdd32.dll
[13:29:21] - [9] MIRKO.POZEN: Début du Téléchargement de: D:\kerberos.htx\pascht tr2\install tr2\directx\drivers\frn\mm3dfx.drv
[13:29:21] - [9] MIRKO.POZEN: Fichier envoyé: D:\kerberos.htx\pascht tr2\install tr2\directx\drivers\frn\mm3dfx.drv (12,30 K/S -   12 592 bytes)
[13:29:22] - [10] MIRKO.POZEN: Fichier envoyé: D:\kerberos.htx\pascht tr2\install tr2\directx\drivers\frn\mgaxdd32.dll (220,50 K/S -   225 792 bytes)
[13:29:22] - [9] MIRKO.POZEN: Début du Téléchargement de: D:\kerberos.htx\pascht tr2\install tr2\directx\drivers\frn\mm3dfx.vxd
[13:29:22] - [9] MIRKO.POZEN: Fichier envoyé: D:\kerberos.htx\pascht tr2\install tr2\directx\drivers\frn\mm3dfx.vxd (5,93 K/S -   6 077 bytes)
[13:29:22] - [10] MIRKO.POZEN: Début du Téléchargement de: D:\kerberos.htx\pascht tr2\install tr2\directx\drivers\frn\mm3dfx16.dll
[13:29:22] - [10] MIRKO.POZEN: Fichier envoyé: D:\kerberos.htx\pascht tr2\install tr2\directx\drivers\frn\mm3dfx16.dll (4,70 K/S -   4 816 bytes)
[13:29:22] - [9] MIRKO.POZEN: Début du Téléchargement de: D:\kerberos.htx\pascht tr2\install tr2\directx\drivers\frn\mm3dfx32.dll
[13:29:22] - [10] MIRKO.POZEN: Début du Téléchargement de: D:\kerberos.htx\pascht tr2\install tr2\directx\drivers\frn\mmmixer.dll
[13:29:22] - [10] MIRKO.POZEN: Fichier envoyé: D:\kerberos.htx\pascht tr2\install tr2\directx\drivers\frn\mmmixer.dll (5,25 K/S -   5 376 bytes)
[13:29:23] - [9] MIRKO.POZEN: Fichier envoyé: D:\kerberos.htx\pascht tr2\install tr2\directx\drivers\frn\mm3dfx32.dll (215,50 K/S -   220 672 bytes)
[13:29:23] - [10] MIRKO.POZEN: Début du Téléchargement de: D:\kerberos.htx\pascht tr2\install tr2\directx\drivers\frn\msanalog.vxd
[13:29:23] - [10] MIRKO.POZEN: Fichier envoyé: D:\kerberos.htx\pascht tr2\install tr2\directx\drivers\frn\msanalog.vxd (11,82 K/S -   12 101 bytes)
[13:29:23] - [9] MIRKO.POZEN: Début du Téléchargement de: D:\kerberos.htx\pascht tr2\install tr2\directx\drivers\frn\msddraw.inf
[13:29:23] - [9] MIRKO.POZEN: Fichier envoyé: D:\kerberos.htx\pascht tr2\install tr2\directx\drivers\frn\msddraw.inf (0,38 K/S -    386 bytes)
[13:29:23] - [9] MIRKO.POZEN: Début du Téléchargement de: D:\kerberos.htx\pascht tr2\install tr2\directx\drivers\frn\msdsound.inf
[13:29:23] - [9] MIRKO.POZEN: Fichier envoyé: D:\kerberos.htx\pascht tr2\install tr2\directx\drivers\frn\msdsound.inf (0,31 K/S -    313 bytes)
[13:29:23] - [9] MIRKO.POZEN: Début du Téléchargement de: D:\kerberos.htx\pascht tr2\install tr2\directx\drivers\frn\msjstick.drv
[13:29:23] - [9] MIRKO.POZEN: Fichier envoyé: D:\kerberos.htx\pascht tr2\install tr2\directx\drivers\frn\msjstick.drv (7,59 K/S -   7 776 bytes)
[13:29:23] - [10] MIRKO.POZEN: Début du Téléchargement de: D:\kerberos.htx\pascht tr2\install tr2\directx\drivers\frn\msmpu401.drv
[13:29:23] - [10] MIRKO.POZEN: Fichier envoyé: D:\kerberos.htx\pascht tr2\install tr2\directx\drivers\frn\msmpu401.drv (8,52 K/S -   8 720 bytes)
[13:29:24] - [9] MIRKO.POZEN: Début du Téléchargement de: D:\kerberos.htx\pascht tr2\install tr2\directx\drivers\frn\msopl.drv
[13:29:24] - [9] MIRKO.POZEN: Fichier envoyé: D:\kerberos.htx\pascht tr2\install tr2\directx\drivers\frn\msopl.drv (17,48 K/S -   17 904 bytes)
[13:29:24] - [10] MIRKO.POZEN: Début du Téléchargement de: D:\kerberos.htx\pascht tr2\install tr2\directx\drivers\frn\mssblst.drv
[13:29:24] - [10] MIRKO.POZEN: Fichier envoyé: D:\kerberos.htx\pascht tr2\install tr2\directx\drivers\frn\mssblst.drv (40,28 K/S -   41 248 bytes)
[13:29:24] - [9] MIRKO.POZEN: Début du Téléchargement de: D:\kerberos.htx\pascht tr2\install tr2\directx\drivers\frn\mssblst.vxd
[13:29:24] - [9] MIRKO.POZEN: Fichier envoyé: D:\kerberos.htx\pascht tr2\install tr2\directx\drivers\frn\mssblst.vxd (20,67 K/S -   21 162 bytes)
[13:29:24] - [10] MIRKO.POZEN: Début du Téléchargement de: D:\kerberos.htx\pascht tr2\install tr2\directx\drivers\frn\mssndsys.drv
[13:29:24] - [10] MIRKO.POZEN: Fichier envoyé: D:\kerberos.htx\pascht tr2\install tr2\directx\drivers\frn\mssndsys.drv (40,53 K/S -   41 499 bytes)
[13:29:24] - [9] MIRKO.POZEN: Début du Téléchargement de: D:\kerberos.htx\pascht tr2\install tr2\directx\drivers\frn\mssndsys.vxd
[13:29:24] - [10] MIRKO.POZEN: Début du Téléchargement de: D:\kerberos.htx\pascht tr2\install tr2\directx\drivers\frn\mvi514mx.drv
[13:29:24] - [9] MIRKO.POZEN: Fichier envoyé: D:\kerberos.htx\pascht tr2\install tr2\directx\drivers\frn\mssndsys.vxd (30,73 K/S -   31 468 bytes)
[13:29:25] - [10] MIRKO.POZEN: Fichier envoyé: D:\kerberos.htx\pascht tr2\install tr2\directx\drivers\frn\mvi514mx.drv (38,09 K/S -   39 008 bytes)
[13:29:25] - [9] MIRKO.POZEN: Début du Téléchargement de: D:\kerberos.htx\pascht tr2\install tr2\directx\drivers\frn\mviwave.drv
[13:29:25] - [9] MIRKO.POZEN: Fichier envoyé: D:\kerberos.htx\pascht tr2\install tr2\directx\drivers\frn\mviwave.drv (19,70 K/S -   20 176 bytes)
[13:29:25] - [10] MIRKO.POZEN: Début du Téléchargement de: D:\kerberos.htx\pascht tr2\install tr2\directx\drivers\frn\mvmixer.drv
[13:29:25] - [10] MIRKO.POZEN: Fichier envoyé: D:\kerberos.htx\pascht tr2\install tr2\directx\drivers\frn\mvmixer.drv (58,69 K/S -   60 096 bytes)
[13:29:25] - [9] MIRKO.POZEN: Début du Téléchargement de: D:\kerberos.htx\pascht tr2\install tr2\directx\drivers\frn\mvpas.vxd
[13:29:25] - [9] MIRKO.POZEN: Fichier envoyé: D:\kerberos.htx\pascht tr2\install tr2\directx\drivers\frn\mvpas.vxd (8,69 K/S -   8 898 bytes)
[13:29:25] - [10] MIRKO.POZEN: Début du Téléchargement de: D:\kerberos.htx\pascht tr2\install tr2\directx\drivers\frn\mvproaud.drv
[13:29:25] - [10] MIRKO.POZEN: Fichier envoyé: D:\kerberos.htx\pascht tr2\install tr2\directx\drivers\frn\mvproaud.drv (25,70 K/S -   26 320 bytes)
[13:29:25] - [9] MIRKO.POZEN: Début du Téléchargement de: D:\kerberos.htx\pascht tr2\install tr2\directx\drivers\frn\neom.dll
[13:29:25] - [9] MIRKO.POZEN: Fichier envoyé: D:\kerberos.htx\pascht tr2\install tr2\directx\drivers\frn\neom.dll (15,00 K/S -   15 360 bytes)
[13:29:25] - [10] MIRKO.POZEN: Début du Téléchargement de: D:\kerberos.htx\pascht tr2\install tr2\directx\drivers\frn\neom.drv
[13:29:26] - [10] MIRKO.POZEN: Fichier envoyé: D:\kerberos.htx\pascht tr2\install tr2\directx\drivers\frn\neom.drv (68,48 K/S -   70 128 bytes)
[13:29:26] - [9] MIRKO.POZEN: Début du Téléchargement de: D:\kerberos.htx\pascht tr2\install tr2\directx\drivers\frn\neom.vxd
[13:29:26] - [9] MIRKO.POZEN: Fichier envoyé: D:\kerberos.htx\pascht tr2\install tr2\directx\drivers\frn\neom.vxd (15,74 K/S -   16 119 bytes)
[13:29:26] - [10] MIRKO.POZEN: Début du Téléchargement de: D:\kerberos.htx\pascht tr2\install tr2\directx\drivers\frn\oak.vxd
[13:29:26] - [10] MIRKO.POZEN: Fichier envoyé: D:\kerberos.htx\pascht tr2\install tr2\directx\drivers\frn\oak.vxd (14,14 K/S -   14 477 bytes)
[13:29:26] - [9] MIRKO.POZEN: Début du Téléchargement de: D:\kerberos.htx\pascht tr2\install tr2\directx\drivers\frn\pa3dmxd.drv
[13:29:26] - [9] MIRKO.POZEN: Fichier envoyé: D:\kerberos.htx\pascht tr2\install tr2\directx\drivers\frn\pa3dmxd.drv (52,47 K/S -   53 728 bytes)
[13:29:26] - [10] MIRKO.POZEN: Début du Téléchargement de: D:\kerberos.htx\pascht tr2\install tr2\directx\drivers\frn\pmedia.drv
[13:29:26] - [10] MIRKO.POZEN: Fichier envoyé: D:\kerberos.htx\pascht tr2\install tr2\directx\drivers\frn\pmedia.drv (56,34 K/S -   57 696 bytes)
[13:29:26] - [9] MIRKO.POZEN: Début du Téléchargement de: D:\kerberos.htx\pascht tr2\install tr2\directx\drivers\frn\pmedia.vxd
[13:29:27] - [10] MIRKO.POZEN: Début du Téléchargement de: D:\kerberos.htx\pascht tr2\install tr2\directx\drivers\frn\pmedia32.dll
[13:29:27] - [9] MIRKO.POZEN: Fichier envoyé: D:\kerberos.htx\pascht tr2\install tr2\directx\drivers\frn\pmedia.vxd (44,27 K/S -   45 329 bytes)
[13:29:27] - [9] MIRKO.POZEN: Début du Téléchargement de: D:\kerberos.htx\pascht tr2\install tr2\directx\drivers\frn\rend.drv
[13:29:27] - [9] MIRKO.POZEN: Fichier envoyé: D:\kerberos.htx\pascht tr2\install tr2\directx\drivers\frn\rend.drv (50,14 K/S -   51 344 bytes)
[13:29:27] - [9] MIRKO.POZEN: Début du Téléchargement de: D:\kerberos.htx\pascht tr2\install tr2\directx\drivers\frn\rend.vxd
[13:29:27] - [9] MIRKO.POZEN: Fichier envoyé: D:\kerberos.htx\pascht tr2\install tr2\directx\drivers\frn\rend.vxd (10,60 K/S -   10 851 bytes)
[13:29:27] - [10] MIRKO.POZEN: Fichier envoyé: D:\kerberos.htx\pascht tr2\install tr2\directx\drivers\frn\pmedia32.dll (362,50 K/S -   371 200 bytes)
[13:29:28] - [9] MIRKO.POZEN: Début du Téléchargement de: D:\kerberos.htx\pascht tr2\install tr2\directx\drivers\frn\rend2d.uc
[13:29:28] - [9] MIRKO.POZEN: Fichier envoyé: D:\kerberos.htx\pascht tr2\install tr2\directx\drivers\frn\rend2d.uc (21,69 K/S -   22 213 bytes)
[13:29:28] - [10] MIRKO.POZEN: Début du Téléchargement de: D:\kerberos.htx\pascht tr2\install tr2\directx\drivers\frn\rend32.dll
[13:29:28] - [9] MIRKO.POZEN: Début du Téléchargement de: D:\kerberos.htx\pascht tr2\install tr2\directx\drivers\frn\rend3d.uc
[13:29:28] - [9] MIRKO.POZEN: Fichier envoyé: D:\kerberos.htx\pascht tr2\install tr2\directx\drivers\frn\rend3d.uc (69,24 K/S -   70 905 bytes)
[13:29:28] - [9] MIRKO.POZEN: Début du Téléchargement de: D:\kerberos.htx\pascht tr2\install tr2\directx\drivers\frn\renduc.dll
[13:29:28] - [9] MIRKO.POZEN: Fichier envoyé: D:\kerberos.htx\pascht tr2\install tr2\directx\drivers\frn\renduc.dll (20,98 K/S -   21 488 bytes)
[13:29:29] - [10] MIRKO.POZEN: Fichier envoyé: D:\kerberos.htx\pascht tr2\install tr2\directx\drivers\frn\rend32.dll (288,50 K/S -   295 424 bytes)
[13:29:29] - [9] MIRKO.POZEN: Début du Téléchargement de: D:\kerberos.htx\pascht tr2\install tr2\directx\drivers\frn\s3.dll
[13:29:29] - [9] MIRKO.POZEN: Fichier envoyé: D:\kerberos.htx\pascht tr2\install tr2\directx\drivers\frn\s3.dll (33,00 K/S -   33 792 bytes)
[13:29:29] - [10] MIRKO.POZEN: Début du Téléchargement de: D:\kerberos.htx\pascht tr2\install tr2\directx\drivers\frn\s3.drv
[13:29:29] - [9] MIRKO.POZEN: Début du Téléchargement de: D:\kerberos.htx\pascht tr2\install tr2\directx\drivers\frn\s3.vxd
[13:29:29] - [9] MIRKO.POZEN: Fichier envoyé: D:\kerberos.htx\pascht tr2\install tr2\directx\drivers\frn\s3.vxd (33,06 K/S -   33 854 bytes)
[13:29:29] - [10] MIRKO.POZEN: Fichier envoyé: D:\kerberos.htx\pascht tr2\install tr2\directx\drivers\frn\s3.drv (133,16 K/S -   136 352 bytes)
[13:29:29] - [9] MIRKO.POZEN: Début du Téléchargement de: D:\kerberos.htx\pascht tr2\install tr2\directx\drivers\frn\s3m65.dll
[13:29:29] - [10] MIRKO.POZEN: Début du Téléchargement de: D:\kerberos.htx\pascht tr2\install tr2\directx\drivers\frn\s3m65.drv
[13:29:29] - [9] MIRKO.POZEN: Fichier envoyé: D:\kerberos.htx\pascht tr2\install tr2\directx\drivers\frn\s3m65.dll (26,50 K/S -   27 136 bytes)
[13:29:30] - [9] MIRKO.POZEN: Début du Téléchargement de: D:\kerberos.htx\pascht tr2\install tr2\directx\drivers\frn\s3m65.vxd
[13:29:30] - [10] MIRKO.POZEN: Fichier envoyé: D:\kerberos.htx\pascht tr2\install tr2\directx\drivers\frn\s3m65.drv (138,63 K/S -   141 952 bytes)
[13:29:30] - [9] MIRKO.POZEN: Fichier envoyé: D:\kerberos.htx\pascht tr2\install tr2\directx\drivers\frn\s3m65.vxd (25,21 K/S -   25 811 bytes)
[13:29:30] - [10] MIRKO.POZEN: Début du Téléchargement de: D:\kerberos.htx\pascht tr2\install tr2\directx\drivers\frn\s3mm.dll
[13:29:30] - [9] MIRKO.POZEN: Début du Téléchargement de: D:\kerberos.htx\pascht tr2\install tr2\directx\drivers\frn\s3mm.drv
[13:29:30] - [10] MIRKO.POZEN: Fichier envoyé: D:\kerberos.htx\pascht tr2\install tr2\directx\drivers\frn\s3mm.dll (72,50 K/S -   74 240 bytes)
[13:29:30] - [10] MIRKO.POZEN: Début du Téléchargement de: D:\kerberos.htx\pascht tr2\install tr2\directx\drivers\frn\s3v.dll
[13:29:31] - [9] MIRKO.POZEN: Fichier envoyé: D:\kerberos.htx\pascht tr2\install tr2\directx\drivers\frn\s3mm.drv (139,39 K/S -   142 736 bytes)
[13:29:31] - [9] MIRKO.POZEN: Début du Téléchargement de: D:\kerberos.htx\pascht tr2\install tr2\directx\drivers\frn\s3v.drv
[13:29:31] - [9] MIRKO.POZEN: Fichier envoyé: D:\kerberos.htx\pascht tr2\install tr2\directx\drivers\frn\s3v.drv (114,55 K/S -   117 296 bytes)
[13:29:31] - [9] MIRKO.POZEN: Début du Téléchargement de: D:\kerberos.htx\pascht tr2\install tr2\directx\drivers\frn\s3_cp3cq.dll
[13:29:31] - [9] MIRKO.POZEN: Fichier envoyé: D:\kerberos.htx\pascht tr2\install tr2\directx\drivers\frn\s3_cp3cq.dll (4,45 K/S -   4 560 bytes)
[13:29:31] - [10] MIRKO.POZEN: Fichier envoyé: D:\kerberos.htx\pascht tr2\install tr2\directx\drivers\frn\s3v.dll (318,50 K/S -   326 144 bytes)
[13:29:31] - [9] MIRKO.POZEN: Début du Téléchargement de: D:\kerberos.htx\pascht tr2\install tr2\directx\drivers\frn\sb16.vxd
[13:29:32] - [10] MIRKO.POZEN: Début du Téléchargement de: D:\kerberos.htx\pascht tr2\install tr2\directx\drivers\frn\sb16awe.inf
[13:29:32] - [10] MIRKO.POZEN: Fichier envoyé: D:\kerberos.htx\pascht tr2\install tr2\directx\drivers\frn\sb16awe.inf (27,98 K/S -   28 649 bytes)
[13:29:32] - [9] MIRKO.POZEN: Fichier envoyé: D:\kerberos.htx\pascht tr2\install tr2\directx\drivers\frn\sb16.vxd (111,57 K/S -   114 249 bytes)
[13:29:32] - [10] MIRKO.POZEN: Début du Téléchargement de: D:\kerberos.htx\pascht tr2\install tr2\directx\drivers\frn\sb16snd.drv
[13:29:32] - [9] MIRKO.POZEN: Début du Téléchargement de: D:\kerberos.htx\pascht tr2\install tr2\directx\drivers\frn\sbawe.vxd
[13:29:32] - [10] MIRKO.POZEN: Fichier envoyé: D:\kerberos.htx\pascht tr2\install tr2\directx\drivers\frn\sb16snd.drv (74,40 K/S -   76 187 bytes)
[13:29:32] - [9] MIRKO.POZEN: Fichier envoyé: D:\kerberos.htx\pascht tr2\install tr2\directx\drivers\frn\sbawe.vxd (77,12 K/S -   78 970 bytes)
[13:29:32] - [10] MIRKO.POZEN: Début du Téléchargement de: D:\kerberos.htx\pascht tr2\install tr2\directx\drivers\frn\sbawe32.drv
[13:29:32] - [10] MIRKO.POZEN: Fichier envoyé: D:\kerberos.htx\pascht tr2\install tr2\directx\drivers\frn\sbawe32.drv (30,95 K/S -   31 691 bytes)
[13:29:32] - [9] MIRKO.POZEN: Début du Téléchargement de: D:\kerberos.htx\pascht tr2\install tr2\directx\drivers\frn\sbfm.drv
[13:29:32] - [9] MIRKO.POZEN: Fichier envoyé: D:\kerberos.htx\pascht tr2\install tr2\directx\drivers\frn\sbfm.drv (4,03 K/S -   4 128 bytes)
[13:29:33] - [10] MIRKO.POZEN: Début du Téléchargement de: D:\kerberos.htx\pascht tr2\install tr2\directx\drivers\frn\supervga.drv
[13:29:33] - [10] MIRKO.POZEN: Fichier envoyé: D:\kerberos.htx\pascht tr2\install tr2\directx\drivers\frn\supervga.drv (51,09 K/S -   52 320 bytes)
[13:29:33] - [9] MIRKO.POZEN: Début du Téléchargement de: D:\kerberos.htx\pascht tr2\install tr2\directx\drivers\frn\synthgm.sbk
[13:29:33] - [9] MIRKO.POZEN: Fichier envoyé: D:\kerberos.htx\pascht tr2\install tr2\directx\drivers\frn\synthgm.sbk (34,02 K/S -   34 832 bytes)
[13:29:33] - [10] MIRKO.POZEN: Début du Téléchargement de: D:\kerberos.htx\pascht tr2\install tr2\directx\drivers\frn\tmv1.mpd
[13:29:33] - [10] MIRKO.POZEN: Fichier envoyé: D:\kerberos.htx\pascht tr2\install tr2\directx\drivers\frn\tmv1.mpd (11,77 K/S -   12 048 bytes)
[13:29:33] - [9] MIRKO.POZEN: Début du Téléchargement de: D:\kerberos.htx\pascht tr2\install tr2\directx\drivers\frn\trid_bio.dll
[13:29:33] - [9] MIRKO.POZEN: Fichier envoyé: D:\kerberos.htx\pascht tr2\install tr2\directx\drivers\frn\trid_bio.dll (29,69 K/S -   30 400 bytes)
[13:29:33] - [10] MIRKO.POZEN: Début du Téléchargement de: D:\kerberos.htx\pascht tr2\install tr2\directx\drivers\frn\trid_pci.dll
[13:29:33] - [10] MIRKO.POZEN: Fichier envoyé: D:\kerberos.htx\pascht tr2\install tr2\directx\drivers\frn\trid_pci.dll (21,50 K/S -   22 016 bytes)
[13:29:33] - [9] MIRKO.POZEN: Début du Téléchargement de: D:\kerberos.htx\pascht tr2\install tr2\directx\drivers\frn\trid_pci.drv
[13:29:34] - [9] MIRKO.POZEN: Fichier envoyé: D:\kerberos.htx\pascht tr2\install tr2\directx\drivers\frn\trid_pci.drv (48,92 K/S -   50 096 bytes)
[13:29:34] - [10] MIRKO.POZEN: Début du Téléchargement de: D:\kerberos.htx\pascht tr2\install tr2\directx\drivers\frn\trid_pci.vxd
[13:29:34] - [10] MIRKO.POZEN: Fichier envoyé: D:\kerberos.htx\pascht tr2\install tr2\directx\drivers\frn\trid_pci.vxd (13,98 K/S -   14 313 bytes)
[13:29:34] - [9] MIRKO.POZEN: Début du Téléchargement de: D:\kerberos.htx\pascht tr2\install tr2\directx\drivers\frn\tsd32.dll
[13:29:34] - [9] MIRKO.POZEN: Fichier envoyé: D:\kerberos.htx\pascht tr2\install tr2\directx\drivers\frn\tsd32.dll (17,00 K/S -   17 408 bytes)
[13:29:34] - [10] MIRKO.POZEN: Début du Téléchargement de: D:\kerberos.htx\pascht tr2\install tr2\directx\drivers\frn\tseng.dll
[13:29:34] - [10] MIRKO.POZEN: Fichier envoyé: D:\kerberos.htx\pascht tr2\install tr2\directx\drivers\frn\tseng.dll (10,00 K/S -   10 240 bytes)
[13:29:34] - [9] MIRKO.POZEN: Début du Téléchargement de: D:\kerberos.htx\pascht tr2\install tr2\directx\drivers\frn\tseng.drv
[13:29:34] - [9] MIRKO.POZEN: Fichier envoyé: D:\kerberos.htx\pascht tr2\install tr2\directx\drivers\frn\tseng.drv (36,94 K/S -   37 824 bytes)
[13:29:34] - [9] MIRKO.POZEN: Début du Téléchargement de: D:\kerberos.htx\pascht tr2\install tr2\directx\drivers\frn\tseng.vxd
[13:29:34] - [9] MIRKO.POZEN: Fichier envoyé: D:\kerberos.htx\pascht tr2\install tr2\directx\drivers\frn\tseng.vxd (14,20 K/S -   14 536 bytes)
[13:29:34] - [10] MIRKO.POZEN: Début du Téléchargement de: D:\kerberos.htx\pascht tr2\install tr2\directx\drivers\frn\vga.drv
[13:29:35] - [10] MIRKO.POZEN: Fichier envoyé: D:\kerberos.htx\pascht tr2\install tr2\directx\drivers\frn\vga.drv (50,84 K/S -   52 064 bytes)
[13:29:35] - [9] MIRKO.POZEN: Début du Téléchargement de: D:\kerberos.htx\pascht tr2\install tr2\directx\drivers\frn\video7.vxd
[13:29:35] - [9] MIRKO.POZEN: Fichier envoyé: D:\kerberos.htx\pascht tr2\install tr2\directx\drivers\frn\video7.vxd (14,59 K/S -   14 943 bytes)
[13:29:35] - [10] MIRKO.POZEN: Début du Téléchargement de: D:\kerberos.htx\pascht tr2\install tr2\directx\drivers\frn\vjoyd.vxd
[13:29:35] - [10] MIRKO.POZEN: Fichier envoyé: D:\kerberos.htx\pascht tr2\install tr2\directx\drivers\frn\vjoyd.vxd (29,61 K/S -   30 320 bytes)
[13:29:35] - [9] MIRKO.POZEN: Début du Téléchargement de: D:\kerberos.htx\pascht tr2\install tr2\directx\drivers\frn\vmvid.vxd
[13:29:35] - [9] MIRKO.POZEN: Fichier envoyé: D:\kerberos.htx\pascht tr2\install tr2\directx\drivers\frn\vmvid.vxd (18,16 K/S -   18 598 bytes)
[13:29:35] - [10] MIRKO.POZEN: Début du Téléchargement de: D:\kerberos.htx\pascht tr2\install tr2\directx\drivers\frn\vpasd.vxd
[13:29:35] - [10] MIRKO.POZEN: Fichier envoyé: D:\kerberos.htx\pascht tr2\install tr2\directx\drivers\frn\vpasd.vxd (23,61 K/S -   24 174 bytes)
[13:29:35] - [9] MIRKO.POZEN: Début du Téléchargement de: D:\kerberos.htx\pascht tr2\install tr2\directx\drivers\frn\vwstream.vxd
[13:29:35] - [9] MIRKO.POZEN: Fichier envoyé: D:\kerberos.htx\pascht tr2\install tr2\directx\drivers\frn\vwstream.vxd (5,05 K/S -   5 175 bytes)
[13:29:36] - [10] MIRKO.POZEN: Début du Téléchargement de: D:\kerberos.htx\pascht tr2\install tr2\directx\drivers\frn\wave.inf
[13:29:36] - [10] MIRKO.POZEN: Fichier envoyé: D:\kerberos.htx\pascht tr2\install tr2\directx\drivers\frn\wave.inf (56,82 K/S -   58 179 bytes)
[13:29:36] - [9] MIRKO.POZEN: Début du Téléchargement de: D:\kerberos.htx\pascht tr2\install tr2\directx\drivers\frn\wd.dll
[13:29:36] - [9] MIRKO.POZEN: Fichier envoyé: D:\kerberos.htx\pascht tr2\install tr2\directx\drivers\frn\wd.dll (10,50 K/S -   10 752 bytes)
[13:29:36] - [10] MIRKO.POZEN: Début du Téléchargement de: D:\kerberos.htx\pascht tr2\install tr2\directx\drivers\frn\wd.drv
[13:29:36] - [10] MIRKO.POZEN: Fichier envoyé: D:\kerberos.htx\pascht tr2\install tr2\directx\drivers\frn\wd.drv (25,23 K/S -   25 840 bytes)
[13:29:36] - [9] MIRKO.POZEN: Début du Téléchargement de: D:\kerberos.htx\pascht tr2\install tr2\directx\drivers\frn\wd.vxd
[13:29:36] - [9] MIRKO.POZEN: Fichier envoyé: D:\kerberos.htx\pascht tr2\install tr2\directx\drivers\frn\wd.vxd (17,90 K/S -   18 333 bytes)
[13:29:36] - [10] MIRKO.POZEN: Début du Téléchargement de: D:\kerberos.htx\pascht tr2\install tr2\directx\drivers\frn\wfm0200.acv
[13:29:36] - [10] MIRKO.POZEN: Fichier envoyé: D:\kerberos.htx\pascht tr2\install tr2\directx\drivers\frn\wfm0200.acv (13,14 K/S -   13 456 bytes)
[13:29:36] - [9] MIRKO.POZEN: Début du Téléchargement de: D:\kerberos.htx\pascht tr2\install tr2\directx\drivers\frn\wfm0200a.csp
[13:29:36] - [9] MIRKO.POZEN: Fichier envoyé: D:\kerberos.htx\pascht tr2\install tr2\directx\drivers\frn\wfm0200a.csp (2,19 K/S -   2 238 bytes)
[13:29:37] - [10] MIRKO.POZEN: Début du Téléchargement de: D:\kerberos.htx\pascht tr2\install tr2\directx\drivers\frn\wfm0201.acv
[13:29:37] - [10] MIRKO.POZEN: Fichier envoyé: D:\kerberos.htx\pascht tr2\install tr2\directx\drivers\frn\wfm0201.acv (5,06 K/S -   5 184 bytes)
[13:29:37] - [9] MIRKO.POZEN: Début du Téléchargement de: D:\kerberos.htx\pascht tr2\install tr2\directx\drivers\frn\wfm0201a.csp
[13:29:37] - [9] MIRKO.POZEN: Fichier envoyé: D:\kerberos.htx\pascht tr2\install tr2\directx\drivers\frn\wfm0201a.csp (6,62 K/S -   6 776 bytes)
[13:29:37] - [10] MIRKO.POZEN: Début du Téléchargement de: D:\kerberos.htx\pascht tr2\install tr2\directx\drivers\frn\wfm0202.acv
[13:29:37] - [10] MIRKO.POZEN: Fichier envoyé: D:\kerberos.htx\pascht tr2\install tr2\directx\drivers\frn\wfm0202.acv (8,84 K/S -   9 056 bytes)
[13:29:37] - [10] MIRKO.POZEN: Début du Téléchargement de: D:\kerberos.htx\pascht tr2\install tr2\directx\drivers\frn\wfm0202a.csp
[13:29:37] - [10] MIRKO.POZEN: Fichier envoyé: D:\kerberos.htx\pascht tr2\install tr2\directx\drivers\frn\wfm0202a.csp (8,79 K/S -   9 004 bytes)
[13:29:37] - [9] MIRKO.POZEN: Début du Téléchargement de: D:\kerberos.htx\pascht tr2\install tr2\directx\drivers\frn\wfm0203.acv
[13:29:37] - [9] MIRKO.POZEN: Fichier envoyé: D:\kerberos.htx\pascht tr2\install tr2\directx\drivers\frn\wfm0203.acv (8,84 K/S -   9 056 bytes)
[13:29:37] - [10] MIRKO.POZEN: Début du Téléchargement de: D:\kerberos.htx\pascht tr2\install tr2\directx\drivers\frn\wfm0203a.csp
[13:29:38] - [10] MIRKO.POZEN: Fichier envoyé: D:\kerberos.htx\pascht tr2\install tr2\directx\drivers\frn\wfm0203a.csp (8,79 K/S -   9 004 bytes)
[13:29:38] - [9] MIRKO.POZEN: Début du Téléchargement de: D:\kerberos.htx\pascht tr2\install tr2\directx\drivers\frn\wstream.dll
[13:29:38] - [9] MIRKO.POZEN: Fichier envoyé: D:\kerberos.htx\pascht tr2\install tr2\directx\drivers\frn\wstream.dll (9,48 K/S -   9 712 bytes)
[13:29:38] - [10] MIRKO.POZEN: Répertoire en Cours: D:\kerberos.htx\pascht tr2\install tr2\fmv\
[13:29:38] - [10] MIRKO.POZEN: Début du Téléchargement de: D:\kerberos.htx\pascht tr2\install tr2\fmv\ancient.rpl
[13:29:38] - [9] MIRKO.POZEN: Répertoire en Cours: D:\kerberos.htx\pascht tr2\install tr2\fmv\
[13:29:38] - [9] MIRKO.POZEN: Début du Téléchargement de: D:\kerberos.htx\pascht tr2\install tr2\fmv\crash.rpl
[13:30:33] - [9] MIRKO.POZEN: Fichier envoyé: D:\kerberos.htx\pascht tr2\install tr2\fmv\crash.rpl (355,53 K/S -  20 387 254 bytes)
[13:30:33] - [9] MIRKO.POZEN: Début du Téléchargement de: D:\kerberos.htx\pascht tr2\install tr2\fmv\END.RPL
[13:30:54] - [10] MIRKO.POZEN: Fichier envoyé: D:\kerberos.htx\pascht tr2\install tr2\fmv\ancient.rpl (468,39 K/S -  36 931 896 bytes)
[13:30:54] - [10] MIRKO.POZEN: Début du Téléchargement de: D:\kerberos.htx\pascht tr2\install tr2\fmv\jeep.rpl
[13:31:04] - [9] MIRKO.POZEN: Fichier envoyé: D:\kerberos.htx\pascht tr2\install tr2\fmv\END.RPL (365,95 K/S -  11 242 086 bytes)
[13:31:04] - [9] MIRKO.POZEN: Début du Téléchargement de: D:\kerberos.htx\pascht tr2\install tr2\fmv\landing.rpl
[13:31:16] - [9] MIRKO.POZEN: Fichier envoyé: D:\kerberos.htx\pascht tr2\install tr2\fmv\landing.rpl (362,36 K/S -  4 452 622 bytes)
[13:31:16] - [9] MIRKO.POZEN: Début du Téléchargement de: D:\kerberos.htx\pascht tr2\install tr2\fmv\logo.rpl
[13:31:41] - [10] MIRKO.POZEN: Fichier envoyé: D:\kerberos.htx\pascht tr2\install tr2\fmv\jeep.rpl (455,92 K/S -  21 942 472 bytes)
[13:31:42] - [10] MIRKO.POZEN: Début du Téléchargement de: D:\kerberos.htx\pascht tr2\install tr2\fmv\Modern.rpl
[13:31:54] - [10] MIRKO.POZEN: Fichier envoyé: D:\kerberos.htx\pascht tr2\install tr2\fmv\Modern.rpl (387,79 K/S -  4 765 135 bytes)
[13:31:54] - [10] MIRKO.POZEN: Début du Téléchargement de: D:\kerberos.htx\pascht tr2\install tr2\fmv\ms.rpl
[13:31:58] - [9] MIRKO.POZEN: Fichier envoyé: D:\kerberos.htx\pascht tr2\install tr2\fmv\logo.rpl (371,93 K/S -  15 996 067 bytes)
[13:32:10] - [10] MIRKO.POZEN: Fichier envoyé: D:\kerberos.htx\pascht tr2\install tr2\fmv\ms.rpl (606,17 K/S -  10 552 178 bytes)
[13:32:17] - [9] Client 192.168.0.1 Déconnecté (00:05:42 Min)
[13:32:17] - [10] Client 192.168.0.1 Déconnecté (00:05:42 Min)
[13:32:17] - [8] Client 192.168.0.1 Déconnecté (00:06:08 Min)
[14:21:43] - [11] Connecté à 192.168.0.1. Collecte du Nom d'utilisateur.
[14:21:43] - [11] Usager MIRKO.POZEN Connecté IP: 192.168.0.1
[14:21:43] - [11] MIRKO.POZEN: Répertoire en Cours: D:\kerberos.htx\
[14:21:43] - [11] MIRKO.POZEN: Répertoire en Cours: D:\kerberos.htx\
[14:21:47] - [11] MIRKO.POZEN: Répertoire en Cours: D:\kerberos.htx\Hard Disk Sentinel\
[14:22:05] - [12] Connecté à 192.168.0.1. Collecte du Nom d'utilisateur.
[14:22:05] - [13] Connecté à 192.168.0.1. Collecte du Nom d'utilisateur.
[14:22:05] - [12] Usager MIRKO.POZEN Connecté IP: 192.168.0.1
[14:22:05] - [12] MIRKO.POZEN: Répertoire en Cours: D:\kerberos.htx\
[14:22:05] - [13] Usager MIRKO.POZEN Connecté IP: 192.168.0.1
[14:22:05] - [13] MIRKO.POZEN: Répertoire en Cours: D:\kerberos.htx\
[14:22:05] - [12] MIRKO.POZEN: Répertoire en Cours: D:\kerberos.htx\Hard Disk Sentinel\
[14:22:05] - [13] MIRKO.POZEN: Répertoire en Cours: D:\kerberos.htx\Hard Disk Sentinel\
[14:22:10] - [12] MIRKO.POZEN: Début du Téléchargement de: D:\kerberos.htx\Hard Disk Sentinel\afaapi.dll
[14:22:11] - [13] MIRKO.POZEN: Début du Téléchargement de: D:\kerberos.htx\Hard Disk Sentinel\ar.lng
[14:22:11] - [13] MIRKO.POZEN: Fichier envoyé: D:\kerberos.htx\Hard Disk Sentinel\ar.lng (42,02 K/S -   43 030 bytes)
[14:22:11] - [13] MIRKO.POZEN: Début du Téléchargement de: D:\kerberos.htx\Hard Disk Sentinel\arpro.lng
[14:22:11] - [13] MIRKO.POZEN: Fichier envoyé: D:\kerberos.htx\Hard Disk Sentinel\arpro.lng (7,20 K/S -   7 376 bytes)
[14:22:11] - [13] MIRKO.POZEN: Début du Téléchargement de: D:\kerberos.htx\Hard Disk Sentinel\bc_vbdll.dll
[14:22:13] - [12] MIRKO.POZEN: Fichier envoyé: D:\kerberos.htx\Hard Disk Sentinel\afaapi.dll (341,07 K/S -   698 512 bytes)
[14:22:13] - [12] MIRKO.POZEN: Début du Téléchargement de: D:\kerberos.htx\Hard Disk Sentinel\be.lng
[14:22:13] - [12] MIRKO.POZEN: Fichier envoyé: D:\kerberos.htx\Hard Disk Sentinel\be.lng (52,19 K/S -   53 446 bytes)
[14:22:13] - [12] MIRKO.POZEN: Début du Téléchargement de: D:\kerberos.htx\Hard Disk Sentinel\bepro.lng
[14:22:13] - [12] MIRKO.POZEN: Fichier envoyé: D:\kerberos.htx\Hard Disk Sentinel\bepro.lng (8,45 K/S -   8 648 bytes)
[14:22:13] - [13] MIRKO.POZEN: Fichier envoyé: D:\kerberos.htx\Hard Disk Sentinel\bc_vbdll.dll (590,14 K/S -   604 304 bytes)
[14:22:13] - [13] MIRKO.POZEN: Début du Téléchargement de: D:\kerberos.htx\Hard Disk Sentinel\bg.lng
[14:22:13] - [13] MIRKO.POZEN: Fichier envoyé: D:\kerberos.htx\Hard Disk Sentinel\bg.lng (51,42 K/S -   52 657 bytes)
[14:22:13] - [12] MIRKO.POZEN: Début du Téléchargement de: D:\kerberos.htx\Hard Disk Sentinel\bgpro.lng
[14:22:13] - [12] MIRKO.POZEN: Fichier envoyé: D:\kerberos.htx\Hard Disk Sentinel\bgpro.lng (8,47 K/S -   8 676 bytes)
[14:22:14] - [13] MIRKO.POZEN: Début du Téléchargement de: D:\kerberos.htx\Hard Disk Sentinel\cn.lng
[14:22:14] - [13] MIRKO.POZEN: Fichier envoyé: D:\kerberos.htx\Hard Disk Sentinel\cn.lng (30,35 K/S -   31 075 bytes)
[14:22:14] - [12] MIRKO.POZEN: Début du Téléchargement de: D:\kerberos.htx\Hard Disk Sentinel\cnpro.lng
[14:22:14] - [12] MIRKO.POZEN: Fichier envoyé: D:\kerberos.htx\Hard Disk Sentinel\cnpro.lng (4,96 K/S -   5 084 bytes)
[14:22:14] - [13] MIRKO.POZEN: Début du Téléchargement de: D:\kerberos.htx\Hard Disk Sentinel\cz.lng
[14:22:14] - [13] MIRKO.POZEN: Fichier envoyé: D:\kerberos.htx\Hard Disk Sentinel\cz.lng (45,13 K/S -   46 208 bytes)
[14:22:14] - [12] MIRKO.POZEN: Début du Téléchargement de: D:\kerberos.htx\Hard Disk Sentinel\czpro.lng
[14:22:14] - [12] MIRKO.POZEN: Fichier envoyé: D:\kerberos.htx\Hard Disk Sentinel\czpro.lng (7,57 K/S -   7 755 bytes)
[14:22:14] - [13] MIRKO.POZEN: Début du Téléchargement de: D:\kerberos.htx\Hard Disk Sentinel\da.lng
[14:22:14] - [13] MIRKO.POZEN: Fichier envoyé: D:\kerberos.htx\Hard Disk Sentinel\da.lng (33,76 K/S -   34 569 bytes)
[14:22:14] - [12] MIRKO.POZEN: Début du Téléchargement de: D:\kerberos.htx\Hard Disk Sentinel\dapro.lng
[14:22:14] - [12] MIRKO.POZEN: Fichier envoyé: D:\kerberos.htx\Hard Disk Sentinel\dapro.lng (7,95 K/S -   8 139 bytes)
[14:22:14] - [13] MIRKO.POZEN: Début du Téléchargement de: D:\kerberos.htx\Hard Disk Sentinel\de.lng
[14:22:15] - [12] MIRKO.POZEN: Début du Téléchargement de: D:\kerberos.htx\Hard Disk Sentinel\depro.lng
[14:22:15] - [12] MIRKO.POZEN: Fichier envoyé: D:\kerberos.htx\Hard Disk Sentinel\depro.lng (8,66 K/S -   8 863 bytes)
[14:22:15] - [13] MIRKO.POZEN: Fichier envoyé: D:\kerberos.htx\Hard Disk Sentinel\de.lng (53,95 K/S -   55 241 bytes)
[14:22:15] - [13] MIRKO.POZEN: Début du Téléchargement de: D:\kerberos.htx\Hard Disk Sentinel\deta.dll
[14:22:15] - [12] MIRKO.POZEN: Début du Téléchargement de: D:\kerberos.htx\Hard Disk Sentinel\detect.dat
[14:22:15] - [13] MIRKO.POZEN: Fichier envoyé: D:\kerberos.htx\Hard Disk Sentinel\deta.dll (37,14 K/S -   38 032 bytes)
[14:22:15] - [13] MIRKO.POZEN: Début du Téléchargement de: D:\kerberos.htx\Hard Disk Sentinel\detect.dll
[14:22:21] - [12] MIRKO.POZEN: Fichier envoyé: D:\kerberos.htx\Hard Disk Sentinel\detect.dat (14,82 K/S -   91 026 bytes)
[14:22:21] - [12] MIRKO.POZEN: Début du Téléchargement de: D:\kerberos.htx\Hard Disk Sentinel\detjm.dll
[14:22:22] - [13] MIRKO.POZEN: Fichier envoyé: D:\kerberos.htx\Hard Disk Sentinel\detect.dll (28,94 K/S -   177 808 bytes)
[14:22:22] - [12] MIRKO.POZEN: Fichier envoyé: D:\kerberos.htx\Hard Disk Sentinel\detjm.dll (100,45 K/S -   102 856 bytes)
[14:22:22] - [13] MIRKO.POZEN: Début du Téléchargement de: D:\kerberos.htx\Hard Disk Sentinel\detp.dll
[14:22:22] - [12] MIRKO.POZEN: Début du Téléchargement de: D:\kerberos.htx\Hard Disk Sentinel\detpex.dlz
[14:22:22] - [13] MIRKO.POZEN: Fichier envoyé: D:\kerberos.htx\Hard Disk Sentinel\detp.dll (115,14 K/S -   117 904 bytes)
[14:22:22] - [13] MIRKO.POZEN: Début du Téléchargement de: D:\kerberos.htx\Hard Disk Sentinel\detrc.dll
[14:22:23] - [13] MIRKO.POZEN: Fichier envoyé: D:\kerberos.htx\Hard Disk Sentinel\detrc.dll (138,14 K/S -   141 456 bytes)
[14:22:23] - [13] MIRKO.POZEN: Début du Téléchargement de: D:\kerberos.htx\Hard Disk Sentinel\detw.dll
[14:22:24] - [13] MIRKO.POZEN: Fichier envoyé: D:\kerberos.htx\Hard Disk Sentinel\detw.dll (176,15 K/S -   180 376 bytes)
[14:22:24] - [13] MIRKO.POZEN: Début du Téléchargement de: D:\kerberos.htx\Hard Disk Sentinel\detw64.dll
[14:22:24] - [12] MIRKO.POZEN: Fichier envoyé: D:\kerberos.htx\Hard Disk Sentinel\detpex.dlz (225,56 K/S -   692 911 bytes)
[14:22:24] - [12] MIRKO.POZEN: Début du Téléchargement de: D:\kerberos.htx\Hard Disk Sentinel\DISKDATA_2.0_____Flash_Disk___5.00.hdd
[14:22:24] - [12] MIRKO.POZEN: Fichier envoyé: D:\kerberos.htx\Hard Disk Sentinel\DISKDATA_2.0_____Flash_Disk___5.00.hdd (0,47 K/S -    480 bytes)
[14:22:25] - [13] MIRKO.POZEN: Fichier envoyé: D:\kerberos.htx\Hard Disk Sentinel\detw64.dll (215,65 K/S -   220 824 bytes)
[14:22:25] - [13] MIRKO.POZEN: Début du Téléchargement de: D:\kerberos.htx\Hard Disk Sentinel\DISKDATA_2.0_____Flash_Disk___5.00_scsi.hdi
[14:22:25] - [13] MIRKO.POZEN: Fichier envoyé: D:\kerberos.htx\Hard Disk Sentinel\DISKDATA_2.0_____Flash_Disk___5.00_scsi.hdi (20,83 K/S -   21 332 bytes)
[14:22:25] - [12] MIRKO.POZEN: Début du Téléchargement de: D:\kerberos.htx\Hard Disk Sentinel\DISKDATA_Generic-_Compact_Flash_GENERIC_CF_READER01_1.01.hdd
[14:22:25] - [12] MIRKO.POZEN: Fichier envoyé: D:\kerberos.htx\Hard Disk Sentinel\DISKDATA_Generic-_Compact_Flash_GENERIC_CF_READER01_1.01.hdd (23,91 K/S -   24 480 bytes)
[14:22:25] - [13] MIRKO.POZEN: Début du Téléchargement de: D:\kerberos.htx\Hard Disk Sentinel\DISKDATA_Generic-_Compact_Flash_GENERIC_CF_READER01_1.01_scsi.hdi
[14:22:25] - [13] MIRKO.POZEN: Fichier envoyé: D:\kerberos.htx\Hard Disk Sentinel\DISKDATA_Generic-_Compact_Flash_GENERIC_CF_READER01_1.01_scsi.hdi (20,83 K/S -   21 332 bytes)
[14:22:25] - [12] MIRKO.POZEN: Début du Téléchargement de: D:\kerberos.htx\Hard Disk Sentinel\DISKDATA_Hitachi_HDS721050CLA362_JP5570HF2Z8MNP_JP2OA3EA.dat
[14:22:25] - [12] MIRKO.POZEN: Fichier envoyé: D:\kerberos.htx\Hard Disk Sentinel\DISKDATA_Hitachi_HDS721050CLA362_JP5570HF2Z8MNP_JP2OA3EA.dat (3,16 K/S -   3 234 bytes)
[14:22:25] - [13] MIRKO.POZEN: Début du Téléchargement de: D:\kerberos.htx\Hard Disk Sentinel\DISKDATA_Hitachi_HDS721050CLA362_JP5570HF2Z8MNP_JP2OA3EA.hdd
[14:22:25] - [13] MIRKO.POZEN: Fichier envoyé: D:\kerberos.htx\Hard Disk Sentinel\DISKDATA_Hitachi_HDS721050CLA362_JP5570HF2Z8MNP_JP2OA3EA.hdd (23,91 K/S -   24 480 bytes)
[14:22:25] - [12] MIRKO.POZEN: Début du Téléchargement de: D:\kerberos.htx\Hard Disk Sentinel\DISKDATA_Hitachi_HDS721050CLA362_JP5570HF2Z8MNP_JP2OA3EA.hdi
[14:22:25] - [12] MIRKO.POZEN: Fichier envoyé: D:\kerberos.htx\Hard Disk Sentinel\DISKDATA_Hitachi_HDS721050CLA362_JP5570HF2Z8MNP_JP2OA3EA.hdi (0,65 K/S -    662 bytes)
[14:22:26] - [13] MIRKO.POZEN: Début du Téléchargement de: D:\kerberos.htx\Hard Disk Sentinel\DISKDATA_Multiple_Flash_Reader_GENERIC_SD_READER01_1.05.hdd
[14:22:26] - [12] MIRKO.POZEN: Début du Téléchargement de: D:\kerberos.htx\Hard Disk Sentinel\DISKDATA_Multiple_Flash_Reader_GENERIC_SD_READER01_1.05_scsi.hdi
[14:22:26] - [13] MIRKO.POZEN: Fichier envoyé: D:\kerberos.htx\Hard Disk Sentinel\DISKDATA_Multiple_Flash_Reader_GENERIC_SD_READER01_1.05.hdd (23,91 K/S -   24 480 bytes)
[14:22:26] - [12] MIRKO.POZEN: Fichier envoyé: D:\kerberos.htx\Hard Disk Sentinel\DISKDATA_Multiple_Flash_Reader_GENERIC_SD_READER01_1.05_scsi.hdi (20,83 K/S -   21 332 bytes)
[14:22:26] - [12] MIRKO.POZEN: Début du Téléchargement de: D:\kerberos.htx\Hard Disk Sentinel\du.lng
[14:22:26] - [13] MIRKO.POZEN: Début du Téléchargement de: D:\kerberos.htx\Hard Disk Sentinel\dupro.lng
[14:22:26] - [13] MIRKO.POZEN: Fichier envoyé: D:\kerberos.htx\Hard Disk Sentinel\dupro.lng (8,49 K/S -   8 698 bytes)
[14:22:26] - [12] MIRKO.POZEN: Fichier envoyé: D:\kerberos.htx\Hard Disk Sentinel\du.lng (51,45 K/S -   52 681 bytes)
[14:22:26] - [13] MIRKO.POZEN: Début du Téléchargement de: D:\kerberos.htx\Hard Disk Sentinel\en.chm
[14:22:27] - [12] MIRKO.POZEN: Début du Téléchargement de: D:\kerberos.htx\Hard Disk Sentinel\en.lng
[14:22:27] - [12] MIRKO.POZEN: Fichier envoyé: D:\kerberos.htx\Hard Disk Sentinel\en.lng (47,34 K/S -   48 472 bytes)
[14:22:27] - [12] MIRKO.POZEN: Début du Téléchargement de: D:\kerberos.htx\Hard Disk Sentinel\enpro.lng
[14:22:27] - [12] MIRKO.POZEN: Fichier envoyé: D:\kerberos.htx\Hard Disk Sentinel\enpro.lng (7,75 K/S -   7 939 bytes)
[14:22:27] - [12] MIRKO.POZEN: Début du Téléchargement de: D:\kerberos.htx\Hard Disk Sentinel\fi.chm
[14:22:30] - [13] MIRKO.POZEN: Fichier envoyé: D:\kerberos.htx\Hard Disk Sentinel\en.chm (501,93 K/S -  1 541 923 bytes)
[14:22:31] - [13] MIRKO.POZEN: Début du Téléchargement de: D:\kerberos.htx\Hard Disk Sentinel\fi.lng
[14:22:31] - [13] MIRKO.POZEN: Fichier envoyé: D:\kerberos.htx\Hard Disk Sentinel\fi.lng (48,84 K/S -   50 016 bytes)
[14:22:31] - [12] MIRKO.POZEN: Fichier envoyé: D:\kerberos.htx\Hard Disk Sentinel\fi.chm (509,54 K/S -  1 565 319 bytes)
[14:22:31] - [13] MIRKO.POZEN: Début du Téléchargement de: D:\kerberos.htx\Hard Disk Sentinel\fnp_act_installer.dll
[14:22:31] - [12] MIRKO.POZEN: Début du Téléchargement de: D:\kerberos.htx\Hard Disk Sentinel\fipro.lng
[14:22:32] - [12] MIRKO.POZEN: Fichier envoyé: D:\kerberos.htx\Hard Disk Sentinel\fipro.lng (8,30 K/S -   8 502 bytes)
[14:22:32] - [12] MIRKO.POZEN: Début du Téléchargement de: D:\kerberos.htx\Hard Disk Sentinel\fr.lng
[14:22:32] - [12] MIRKO.POZEN: Fichier envoyé: D:\kerberos.htx\Hard Disk Sentinel\fr.lng (55,00 K/S -   56 316 bytes)
[14:22:32] - [12] MIRKO.POZEN: Début du Téléchargement de: D:\kerberos.htx\Hard Disk Sentinel\frpro.lng
[14:22:32] - [12] MIRKO.POZEN: Fichier envoyé: D:\kerberos.htx\Hard Disk Sentinel\frpro.lng (9,34 K/S -   9 566 bytes)
[14:22:32] - [13] MIRKO.POZEN: Fichier envoyé: D:\kerberos.htx\Hard Disk Sentinel\fnp_act_installer.dll (192,32 K/S -   393 872 bytes)
[14:22:32] - [12] MIRKO.POZEN: Début du Téléchargement de: D:\kerberos.htx\Hard Disk Sentinel\grpro.lng
[14:22:32] - [13] MIRKO.POZEN: Début du Téléchargement de: D:\kerberos.htx\Hard Disk Sentinel\gr.lng
[14:22:33] - [12] MIRKO.POZEN: Fichier envoyé: D:\kerberos.htx\Hard Disk Sentinel\grpro.lng (9,35 K/S -   9 578 bytes)
[14:22:33] - [13] MIRKO.POZEN: Fichier envoyé: D:\kerberos.htx\Hard Disk Sentinel\gr.lng (41,76 K/S -   42 761 bytes)
[14:22:33] - [13] MIRKO.POZEN: Début du Téléchargement de: D:\kerberos.htx\Hard Disk Sentinel\hdd.jpg
[14:22:33] - [12] MIRKO.POZEN: Début du Téléchargement de: D:\kerberos.htx\Hard Disk Sentinel\harddisksentinelupdate.exe
[14:22:34] - [13] MIRKO.POZEN: Fichier envoyé: D:\kerberos.htx\Hard Disk Sentinel\hdd.jpg (10,04 K/S -   10 279 bytes)
[14:22:34] - [13] MIRKO.POZEN: Début du Téléchargement de: D:\kerberos.htx\Hard Disk Sentinel\HDnotify.wav
[14:22:34] - [13] MIRKO.POZEN: Fichier envoyé: D:\kerberos.htx\Hard Disk Sentinel\HDnotify.wav (22,91 K/S -   23 456 bytes)
[14:22:34] - [12] MIRKO.POZEN: Fichier envoyé: D:\kerberos.htx\Hard Disk Sentinel\harddisksentinelupdate.exe (140,82 K/S -   288 400 bytes)
[14:22:34] - [12] MIRKO.POZEN: Début du Téléchargement de: D:\kerberos.htx\Hard Disk Sentinel\HDSCtrl.exe
[14:22:35] - [13] MIRKO.POZEN: Début du Téléchargement de: D:\kerberos.htx\Hard Disk Sentinel\HDSAction.exe
[14:22:37] - [12] MIRKO.POZEN: Fichier envoyé: D:\kerberos.htx\Hard Disk Sentinel\HDSCtrl.exe (78,71 K/S -   241 808 bytes)
[14:22:37] - [12] MIRKO.POZEN: Début du Téléchargement de: D:\kerberos.htx\Hard Disk Sentinel\HDSentinel.exe
[14:22:41] - [13] MIRKO.POZEN: Fichier envoyé: D:\kerberos.htx\Hard Disk Sentinel\HDSAction.exe (122,77 K/S -   754 320 bytes)
[14:22:41] - [13] MIRKO.POZEN: Début du Téléchargement de: D:\kerberos.htx\Hard Disk Sentinel\HDSentinel.exe.BAK
[14:22:51] - [12] MIRKO.POZEN: Fichier envoyé: D:\kerberos.htx\Hard Disk Sentinel\HDSentinel.exe (311,12 K/S -  4 460 176 bytes)
[14:22:52] - [12] MIRKO.POZEN: Début du Téléchargement de: D:\kerberos.htx\Hard Disk Sentinel\HDSentinel.hdk
[14:22:52] - [12] MIRKO.POZEN: Fichier envoyé: D:\kerberos.htx\Hard Disk Sentinel\HDSentinel.hdk (0,51 K/S -    520 bytes)
[14:22:52] - [12] MIRKO.POZEN: Début du Téléchargement de: D:\kerberos.htx\Hard Disk Sentinel\HDSentinel.hds
[14:22:52] - [12] MIRKO.POZEN: Fichier envoyé: D:\kerberos.htx\Hard Disk Sentinel\HDSentinel.hds (0,51 K/S -    520 bytes)
[14:22:52] - [12] MIRKO.POZEN: Début du Téléchargement de: D:\kerberos.htx\Hard Disk Sentinel\HDSentinel.sys
[14:22:52] - [12] MIRKO.POZEN: Fichier envoyé: D:\kerberos.htx\Hard Disk Sentinel\HDSentinel.sys (9,96 K/S -   10 200 bytes)
[14:22:53] - [12] MIRKO.POZEN: Début du Téléchargement de: D:\kerberos.htx\Hard Disk Sentinel\hdsentinel.vsh
[14:22:53] - [12] MIRKO.POZEN: Fichier envoyé: D:\kerberos.htx\Hard Disk Sentinel\hdsentinel.vsh (8,19 K/S -   8 390 bytes)
[14:22:53] - [12] MIRKO.POZEN: Début du Téléchargement de: D:\kerberos.htx\Hard Disk Sentinel\hdsentinel.vsx
[14:22:53] - [12] MIRKO.POZEN: Fichier envoyé: D:\kerberos.htx\Hard Disk Sentinel\hdsentinel.vsx (0,67 K/S -    686 bytes)
[14:22:53] - [13] MIRKO.POZEN: Fichier envoyé: D:\kerberos.htx\Hard Disk Sentinel\HDSentinel.exe.BAK (362,97 K/S -  4 460 176 bytes)
[14:22:53] - [12] MIRKO.POZEN: Début du Téléchargement de: D:\kerberos.htx\Hard Disk Sentinel\HDsirena.mp3
[14:22:53] - [12] MIRKO.POZEN: Fichier envoyé: D:\kerberos.htx\Hard Disk Sentinel\HDsirena.mp3 (57,68 K/S -   59 066 bytes)
[14:22:54] - [12] MIRKO.POZEN: Début du Téléchargement de: D:\kerberos.htx\Hard Disk Sentinel\hdsversion.txt
[14:22:54] - [12] MIRKO.POZEN: Fichier envoyé: D:\kerberos.htx\Hard Disk Sentinel\hdsversion.txt (0,01 K/S -    11 bytes)
[14:22:54] - [12] MIRKO.POZEN: Début du Téléchargement de: D:\kerberos.htx\Hard Disk Sentinel\hds_eula_en.txt
[14:22:54] - [12] MIRKO.POZEN: Fichier envoyé: D:\kerberos.htx\Hard Disk Sentinel\hds_eula_en.txt (11,25 K/S -   11 521 bytes)
[14:22:54] - [12] MIRKO.POZEN: Début du Téléchargement de: D:\kerberos.htx\Hard Disk Sentinel\hds_eula_hu.txt
[14:22:54] - [12] MIRKO.POZEN: Fichier envoyé: D:\kerberos.htx\Hard Disk Sentinel\hds_eula_hu.txt (9,86 K/S -   10 097 bytes)
[14:22:55] - [12] MIRKO.POZEN: Début du Téléchargement de: D:\kerberos.htx\Hard Disk Sentinel\hu.chm
[14:22:55] - [13] MIRKO.POZEN: Début du Téléchargement de: D:\kerberos.htx\Hard Disk Sentinel\hu.lng
[14:22:55] - [13] MIRKO.POZEN: Fichier envoyé: D:\kerberos.htx\Hard Disk Sentinel\hu.lng (50,08 K/S -   51 281 bytes)
[14:22:55] - [13] MIRKO.POZEN: Début du Téléchargement de: D:\kerberos.htx\Hard Disk Sentinel\hupro.lng
[14:22:55] - [13] MIRKO.POZEN: Fichier envoyé: D:\kerberos.htx\Hard Disk Sentinel\hupro.lng (8,42 K/S -   8 623 bytes)
[14:22:56] - [13] MIRKO.POZEN: Début du Téléchargement de: D:\kerberos.htx\Hard Disk Sentinel\id.lng
[14:22:56] - [13] MIRKO.POZEN: Fichier envoyé: D:\kerberos.htx\Hard Disk Sentinel\id.lng (49,77 K/S -   50 968 bytes)
[14:22:56] - [13] MIRKO.POZEN: Début du Téléchargement de: D:\kerberos.htx\Hard Disk Sentinel\idpro.lng
[14:22:56] - [13] MIRKO.POZEN: Fichier envoyé: D:\kerberos.htx\Hard Disk Sentinel\idpro.lng (8,53 K/S -   8 738 bytes)
[14:22:56] - [13] MIRKO.POZEN: Début du Téléchargement de: D:\kerberos.htx\Hard Disk Sentinel\it.chm
[14:22:58] - [12] MIRKO.POZEN: Fichier envoyé: D:\kerberos.htx\Hard Disk Sentinel\hu.chm (500,43 K/S -  1 537 327 bytes)
[14:22:58] - [12] MIRKO.POZEN: Début du Téléchargement de: D:\kerberos.htx\Hard Disk Sentinel\it.lng
[14:22:58] - [12] MIRKO.POZEN: Fichier envoyé: D:\kerberos.htx\Hard Disk Sentinel\it.lng (51,54 K/S -   52 774 bytes)
[14:22:58] - [12] MIRKO.POZEN: Début du Téléchargement de: D:\kerberos.htx\Hard Disk Sentinel\itpro.lng
[14:22:58] - [12] MIRKO.POZEN: Fichier envoyé: D:\kerberos.htx\Hard Disk Sentinel\itpro.lng (8,74 K/S -   8 951 bytes)
[14:22:59] - [12] MIRKO.POZEN: Début du Téléchargement de: D:\kerberos.htx\Hard Disk Sentinel\jp.lng
[14:22:59] - [12] MIRKO.POZEN: Fichier envoyé: D:\kerberos.htx\Hard Disk Sentinel\jp.lng (46,25 K/S -   47 355 bytes)
[14:22:59] - [12] MIRKO.POZEN: Début du Téléchargement de: D:\kerberos.htx\Hard Disk Sentinel\jppro.lng
[14:22:59] - [12] MIRKO.POZEN: Fichier envoyé: D:\kerberos.htx\Hard Disk Sentinel\jppro.lng (8,04 K/S -   8 237 bytes)
[14:22:59] - [12] MIRKO.POZEN: Début du Téléchargement de: D:\kerberos.htx\Hard Disk Sentinel\libeay32.dll
[14:23:00] - [13] MIRKO.POZEN: Fichier envoyé: D:\kerberos.htx\Hard Disk Sentinel\it.chm (483,83 K/S -  1 486 326 bytes)
[14:23:00] - [13] MIRKO.POZEN: Début du Téléchargement de: D:\kerberos.htx\Hard Disk Sentinel\libxml2.dll
[14:23:01] - [13] MIRKO.POZEN: Fichier envoyé: D:\kerberos.htx\Hard Disk Sentinel\libxml2.dll (227,64 K/S -   233 104 bytes)
[14:23:01] - [13] MIRKO.POZEN: Début du Téléchargement de: D:\kerberos.htx\Hard Disk Sentinel\mk.lng
[14:23:01] - [13] MIRKO.POZEN: Fichier envoyé: D:\kerberos.htx\Hard Disk Sentinel\mk.lng (51,87 K/S -   53 112 bytes)
[14:23:01] - [13] MIRKO.POZEN: Début du Téléchargement de: D:\kerberos.htx\Hard Disk Sentinel\mkpro.lng
[14:23:01] - [13] MIRKO.POZEN: Fichier envoyé: D:\kerberos.htx\Hard Disk Sentinel\mkpro.lng (8,76 K/S -   8 971 bytes)
[14:23:02] - [13] MIRKO.POZEN: Début du Téléchargement de: D:\kerberos.htx\Hard Disk Sentinel\pl.chm
[14:23:03] - [12] MIRKO.POZEN: Fichier envoyé: D:\kerberos.htx\Hard Disk Sentinel\libeay32.dll (505,56 K/S -  1 553 072 bytes)
[14:23:03] - [12] MIRKO.POZEN: Début du Téléchargement de: D:\kerberos.htx\Hard Disk Sentinel\pl.lng
[14:23:03] - [12] MIRKO.POZEN: Fichier envoyé: D:\kerberos.htx\Hard Disk Sentinel\pl.lng (51,94 K/S -   53 184 bytes)
[14:23:03] - [12] MIRKO.POZEN: Début du Téléchargement de: D:\kerberos.htx\Hard Disk Sentinel\plpro.lng
[14:23:04] - [12] MIRKO.POZEN: Fichier envoyé: D:\kerberos.htx\Hard Disk Sentinel\plpro.lng (8,65 K/S -   8 857 bytes)
[14:23:04] - [12] MIRKO.POZEN: Début du Téléchargement de: D:\kerberos.htx\Hard Disk Sentinel\prdecode.dll
[14:23:04] - [12] MIRKO.POZEN: Fichier envoyé: D:\kerberos.htx\Hard Disk Sentinel\prdecode.dll (53,64 K/S -   54 928 bytes)
[14:23:04] - [12] MIRKO.POZEN: Début du Téléchargement de: D:\kerberos.htx\Hard Disk Sentinel\prerrlog.dll
[14:23:04] - [12] MIRKO.POZEN: Fichier envoyé: D:\kerberos.htx\Hard Disk Sentinel\prerrlog.dll (39,14 K/S -   40 080 bytes)
[14:23:04] - [12] MIRKO.POZEN: Début du Téléchargement de: D:\kerberos.htx\Hard Disk Sentinel\pri2plgnnapa.dll
[14:23:05] - [12] MIRKO.POZEN: Fichier envoyé: D:\kerberos.htx\Hard Disk Sentinel\pri2plgnnapa.dll (91,64 K/S -   93 840 bytes)
[14:23:05] - [13] MIRKO.POZEN: Fichier envoyé: D:\kerberos.htx\Hard Disk Sentinel\pl.chm (378,05 K/S -  1 161 383 bytes)
[14:23:05] - [13] MIRKO.POZEN: Début du Téléchargement de: D:\kerberos.htx\Hard Disk Sentinel\ptbrpro.lng
[14:23:05] - [12] MIRKO.POZEN: Début du Téléchargement de: D:\kerberos.htx\Hard Disk Sentinel\ptbr.lng
[14:23:05] - [13] MIRKO.POZEN: Fichier envoyé: D:\kerberos.htx\Hard Disk Sentinel\ptbrpro.lng (8,72 K/S -   8 925 bytes)
[14:23:05] - [12] MIRKO.POZEN: Fichier envoyé: D:\kerberos.htx\Hard Disk Sentinel\ptbr.lng (51,75 K/S -   52 990 bytes)
[14:23:05] - [13] MIRKO.POZEN: Début du Téléchargement de: D:\kerberos.htx\Hard Disk Sentinel\removehds7.vbs
[14:23:05] - [13] MIRKO.POZEN: Fichier envoyé: D:\kerberos.htx\Hard Disk Sentinel\removehds7.vbs (0,50 K/S -    512 bytes)
[14:23:05] - [12] MIRKO.POZEN: Début du Téléchargement de: D:\kerberos.htx\Hard Disk Sentinel\ro.lng
[14:23:05] - [12] MIRKO.POZEN: Fichier envoyé: D:\kerberos.htx\Hard Disk Sentinel\ro.lng (45,47 K/S -   46 565 bytes)
[14:23:05] - [13] MIRKO.POZEN: Début du Téléchargement de: D:\kerberos.htx\Hard Disk Sentinel\ropro.lng
[14:23:06] - [13] MIRKO.POZEN: Fichier envoyé: D:\kerberos.htx\Hard Disk Sentinel\ropro.lng (8,02 K/S -   8 217 bytes)
[14:23:06] - [12] MIRKO.POZEN: Début du Téléchargement de: D:\kerberos.htx\Hard Disk Sentinel\ru.chm
[14:23:06] - [13] MIRKO.POZEN: Début du Téléchargement de: D:\kerberos.htx\Hard Disk Sentinel\ru.lng
[14:23:06] - [13] MIRKO.POZEN: Fichier envoyé: D:\kerberos.htx\Hard Disk Sentinel\ru.lng (48,95 K/S -   50 125 bytes)
[14:23:06] - [13] MIRKO.POZEN: Début du Téléchargement de: D:\kerberos.htx\Hard Disk Sentinel\rupro.lng
[14:23:06] - [13] MIRKO.POZEN: Fichier envoyé: D:\kerberos.htx\Hard Disk Sentinel\rupro.lng (7,78 K/S -   7 963 bytes)
[14:23:06] - [13] MIRKO.POZEN: Début du Téléchargement de: D:\kerberos.htx\Hard Disk Sentinel\sk.lng
[14:23:06] - [13] MIRKO.POZEN: Fichier envoyé: D:\kerberos.htx\Hard Disk Sentinel\sk.lng (47,54 K/S -   48 678 bytes)
[14:23:07] - [13] MIRKO.POZEN: Début du Téléchargement de: D:\kerberos.htx\Hard Disk Sentinel\skpro.lng
[14:23:07] - [13] MIRKO.POZEN: Fichier envoyé: D:\kerberos.htx\Hard Disk Sentinel\skpro.lng (8,25 K/S -   8 445 bytes)
[14:23:07] - [13] MIRKO.POZEN: Début du Téléchargement de: D:\kerberos.htx\Hard Disk Sentinel\sp.lng
[14:23:07] - [13] MIRKO.POZEN: Fichier envoyé: D:\kerberos.htx\Hard Disk Sentinel\sp.lng (11,83 K/S -   12 109 bytes)
[14:23:07] - [13] MIRKO.POZEN: Début du Téléchargement de: D:\kerberos.htx\Hard Disk Sentinel\ssleay32.dll
[14:23:08] - [13] MIRKO.POZEN: Fichier envoyé: D:\kerberos.htx\Hard Disk Sentinel\ssleay32.dll (330,61 K/S -   338 544 bytes)
[14:23:08] - [13] MIRKO.POZEN: Début du Téléchargement de: D:\kerberos.htx\Hard Disk Sentinel\Status.icd
[14:23:09] - [13] MIRKO.POZEN: Fichier envoyé: D:\kerberos.htx\Hard Disk Sentinel\Status.icd (253,15 K/S -   259 224 bytes)
[14:23:09] - [13] MIRKO.POZEN: Début du Téléchargement de: D:\kerberos.htx\Hard Disk Sentinel\Statusb.icd
[14:23:09] - [12] MIRKO.POZEN: Fichier envoyé: D:\kerberos.htx\Hard Disk Sentinel\ru.chm (383,57 K/S -  1 571 111 bytes)
[14:23:09] - [12] MIRKO.POZEN: Début du Téléchargement de: D:\kerberos.htx\Hard Disk Sentinel\Statusg.icd
[14:23:10] - [13] MIRKO.POZEN: Fichier envoyé: D:\kerberos.htx\Hard Disk Sentinel\Statusb.icd (253,15 K/S -   259 224 bytes)
[14:23:10] - [13] MIRKO.POZEN: Début du Téléchargement de: D:\kerberos.htx\Hard Disk Sentinel\Statusn.icd
[14:23:10] - [12] MIRKO.POZEN: Fichier envoyé: D:\kerberos.htx\Hard Disk Sentinel\Statusg.icd (253,15 K/S -   259 224 bytes)
[14:23:10] - [12] MIRKO.POZEN: Début du Téléchargement de: D:\kerberos.htx\Hard Disk Sentinel\Statusw.icd
[14:23:11] - [13] MIRKO.POZEN: Fichier envoyé: D:\kerberos.htx\Hard Disk Sentinel\Statusn.icd (253,15 K/S -   259 224 bytes)
[14:23:11] - [13] MIRKO.POZEN: Début du Téléchargement de: D:\kerberos.htx\Hard Disk Sentinel\Storagetest.dll
[14:23:12] - [12] MIRKO.POZEN: Fichier envoyé: D:\kerberos.htx\Hard Disk Sentinel\Statusw.icd (126,57 K/S -   259 224 bytes)
[14:23:13] - [12] MIRKO.POZEN: Début du Téléchargement de: D:\kerberos.htx\Hard Disk Sentinel\storarc.dll
[14:23:14] - [13] MIRKO.POZEN: Fichier envoyé: D:\kerberos.htx\Hard Disk Sentinel\Storagetest.dll (182,54 K/S -   747 664 bytes)
[14:23:14] - [13] MIRKO.POZEN: Début du Téléchargement de: D:\kerberos.htx\Hard Disk Sentinel\storectrl.dll
[14:23:15] - [13] MIRKO.POZEN: Fichier envoyé: D:\kerberos.htx\Hard Disk Sentinel\storectrl.dll (283,14 K/S -   289 936 bytes)
[14:23:16] - [13] MIRKO.POZEN: Début du Téléchargement de: D:\kerberos.htx\Hard Disk Sentinel\storelib.dll
[14:23:16] - [12] MIRKO.POZEN: Fichier envoyé: D:\kerberos.htx\Hard Disk Sentinel\storarc.dll (378,05 K/S -  1 161 360 bytes)
[14:23:16] - [12] MIRKO.POZEN: Début du Téléchargement de: D:\kerberos.htx\Hard Disk Sentinel\storelib2.dlz
[14:23:16] - [13] MIRKO.POZEN: Fichier envoyé: D:\kerberos.htx\Hard Disk Sentinel\storelib.dll (275,14 K/S -   281 744 bytes)
[14:23:17] - [13] MIRKO.POZEN: Début du Téléchargement de: D:\kerberos.htx\Hard Disk Sentinel\storelibir-2.dll
[14:23:17] - [13] MIRKO.POZEN: Fichier envoyé: D:\kerberos.htx\Hard Disk Sentinel\storelibir-2.dll (162,08 K/S -   165 968 bytes)
[14:23:17] - [13] MIRKO.POZEN: Début du Téléchargement de: D:\kerberos.htx\Hard Disk Sentinel\storelibir.dll
[14:23:18] - [13] MIRKO.POZEN: Fichier envoyé: D:\kerberos.htx\Hard Disk Sentinel\storelibir.dll (156,08 K/S -   159 824 bytes)
[14:23:18] - [13] MIRKO.POZEN: Début du Téléchargement de: D:\kerberos.htx\Hard Disk Sentinel\sw.lng
[14:23:18] - [13] MIRKO.POZEN: Fichier envoyé: D:\kerberos.htx\Hard Disk Sentinel\sw.lng (47,14 K/S -   48 274 bytes)
[14:23:18] - [13] MIRKO.POZEN: Début du Téléchargement de: D:\kerberos.htx\Hard Disk Sentinel\swpro.lng
[14:23:18] - [13] MIRKO.POZEN: Fichier envoyé: D:\kerberos.htx\Hard Disk Sentinel\swpro.lng (7,57 K/S -   7 753 bytes)
[14:23:19] - [12] MIRKO.POZEN: Fichier envoyé: D:\kerberos.htx\Hard Disk Sentinel\storelib2.dlz (289,44 K/S -   889 148 bytes)
[14:23:19] - [13] MIRKO.POZEN: Début du Téléchargement de: D:\kerberos.htx\Hard Disk Sentinel\tr.lng
[14:23:19] - [12] MIRKO.POZEN: Début du Téléchargement de: D:\kerberos.htx\Hard Disk Sentinel\trpro.lng
[14:23:19] - [12] MIRKO.POZEN: Fichier envoyé: D:\kerberos.htx\Hard Disk Sentinel\trpro.lng (8,26 K/S -   8 455 bytes)
[14:23:19] - [13] MIRKO.POZEN: Fichier envoyé: D:\kerberos.htx\Hard Disk Sentinel\tr.lng (30,05 K/S -   30 775 bytes)
[14:23:19] - [13] MIRKO.POZEN: Début du Téléchargement de: D:\kerberos.htx\Hard Disk Sentinel\tw.lng
[14:23:19] - [12] MIRKO.POZEN: Début du Téléchargement de: D:\kerberos.htx\Hard Disk Sentinel\twpro.lng
[14:23:19] - [12] MIRKO.POZEN: Fichier envoyé: D:\kerberos.htx\Hard Disk Sentinel\twpro.lng (4,91 K/S -   5 024 bytes)
[14:23:19] - [13] MIRKO.POZEN: Fichier envoyé: D:\kerberos.htx\Hard Disk Sentinel\tw.lng (30,30 K/S -   31 032 bytes)
[14:23:19] - [13] MIRKO.POZEN: Début du Téléchargement de: D:\kerberos.htx\Hard Disk Sentinel\uk.lng
[14:23:19] - [12] MIRKO.POZEN: Début du Téléchargement de: D:\kerberos.htx\Hard Disk Sentinel\ukpro.lng
[14:23:19] - [12] MIRKO.POZEN: Fichier envoyé: D:\kerberos.htx\Hard Disk Sentinel\ukpro.lng (8,12 K/S -   8 316 bytes)
[14:23:19] - [13] MIRKO.POZEN: Fichier envoyé: D:\kerberos.htx\Hard Disk Sentinel\uk.lng (48,89 K/S -   50 059 bytes)
[14:23:20] - [13] MIRKO.POZEN: Début du Téléchargement de: D:\kerberos.htx\Hard Disk Sentinel\unins000.dat
[14:23:20] - [12] MIRKO.POZEN: Début du Téléchargement de: D:\kerberos.htx\Hard Disk Sentinel\unins000.exe
[14:23:20] - [13] MIRKO.POZEN: Fichier envoyé: D:\kerberos.htx\Hard Disk Sentinel\unins000.dat (12,58 K/S -   12 883 bytes)
[14:23:20] - [13] MIRKO.POZEN: Début du Téléchargement de: D:\kerberos.htx\Hard Disk Sentinel\Vista_Status.icd
[14:23:21] - [13] MIRKO.POZEN: Fichier envoyé: D:\kerberos.htx\Hard Disk Sentinel\Vista_Status.icd (254,65 K/S -   260 760 bytes)
[14:23:21] - [13] MIRKO.POZEN: Début du Téléchargement de: D:\kerberos.htx\Hard Disk Sentinel\Vista_Statusb.icd
[14:23:22] - [12] MIRKO.POZEN: Fichier envoyé: D:\kerberos.htx\Hard Disk Sentinel\unins000.exe (340,48 K/S -   697 296 bytes)
[14:23:22] - [12] MIRKO.POZEN: Début du Téléchargement de: D:\kerberos.htx\Hard Disk Sentinel\Vista_Statusg.icd
[14:23:22] - [13] MIRKO.POZEN: Fichier envoyé: D:\kerberos.htx\Hard Disk Sentinel\Vista_Statusb.icd (254,65 K/S -   260 760 bytes)
[14:23:22] - [13] MIRKO.POZEN: Début du Téléchargement de: D:\kerberos.htx\Hard Disk Sentinel\Vista_Statusn.icd
[14:23:22] - [12] MIRKO.POZEN: Fichier envoyé: D:\kerberos.htx\Hard Disk Sentinel\Vista_Statusg.icd (254,65 K/S -   260 760 bytes)
[14:23:23] - [12] MIRKO.POZEN: Début du Téléchargement de: D:\kerberos.htx\Hard Disk Sentinel\Vista_Statusw.icd
[14:23:23] - [13] MIRKO.POZEN: Fichier envoyé: D:\kerberos.htx\Hard Disk Sentinel\Vista_Statusn.icd (254,65 K/S -   260 760 bytes)
[14:23:23] - [12] MIRKO.POZEN: Fichier envoyé: D:\kerberos.htx\Hard Disk Sentinel\Vista_Statusw.icd (254,65 K/S -   260 760 bytes)
[14:23:54] - [12] Client 192.168.0.1 Déconnecté (00:01:49 Min)
[14:23:54] - [13] Client 192.168.0.1 Déconnecté (00:01:49 Min)
[14:23:55] - [14] Connecté à 192.168.0.1. Collecte du Nom d'utilisateur.
[14:23:55] - [14] Usager MIRKO.POZEN Connecté IP: 192.168.0.1
[14:23:55] - [14] MIRKO.POZEN: Répertoire en Cours: D:\kerberos.htx\
[14:23:55] - [14] MIRKO.POZEN: Répertoire en Cours: D:\kerberos.htx\Hard Disk Sentinel\
[14:24:25] - [14] MIRKO.POZEN: Début du Téléchargement de: D:\kerberos.htx\Hard Disk Sentinel\HDSentinelTray.exe
[14:24:33] - [14] MIRKO.POZEN: Fichier envoyé: D:\kerberos.htx\Hard Disk Sentinel\HDSentinelTray.exe (33,02 K/S -   270 480 bytes)
[14:24:37] - [14] Client 192.168.0.1 Déconnecté (00:00:42 Min)
[14:24:38] - [11] Client 192.168.0.1 Déconnecté (00:02:54 Min)
[14:29:51] - [1] Client 192.168.0.1 Déconnecté (01:35:41 Min)
[16:01:40] - [15] Connecté à 141.212.122.48. Collecte du Nom d'utilisateur.
[16:01:40] - [15] Client 141.212.122.48 Déconnecté (00:00:00 Min)
[18:31:53] - [16] Connecté à 108.162.174.106. Collecte du Nom d'utilisateur.
[18:31:54] - [16] Usager ANONYMOUS Connecté IP: 108.162.174.106
[18:31:54] - [16] Mot de Passe Incorrect: Utilisateur ANONYMOUS IP: 108.162.174.106
[18:31:54] - [16] Client 108.162.174.106 Déconnecté (00:00:00 Min)
[21:29:15] - [17] Connecté à 196.52.43.127. Collecte du Nom d'utilisateur.
[21:29:46] - [17] Client 196.52.43.127 Déconnecté (00:00:30 Min)
[23:00:21] - [18] Connecté à 192.168.0.1. Collecte du Nom d'utilisateur.
[23:00:21] - [18] Client 192.168.0.1 Déconnecté (00:00:00 Min)
