2026-08-13 16:34:26,875 - INFO - Kerberos Screen Recorder v1.3 prêt
2026-08-13 16:34:45,841 - INFO - ▶️ Enregistrement démarré (INTERVALLO 1 photo/1s): kerberos_rec_20260813_163445.mp4
2026-08-13 16:34:46,073 - INFO - 📷 Photo 1: img_0000.jpg
2026-08-13 16:34:47,226 - INFO - 📷 Photo 2: img_0001.jpg
2026-08-13 16:34:48,362 - INFO - 📷 Photo 3: img_0002.jpg
2026-08-13 16:34:49,481 - INFO - 📷 Photo 4: img_0003.jpg
2026-08-13 16:34:50,604 - INFO - 📷 Photo 5: img_0004.jpg
2026-08-13 16:34:51,736 - INFO - 📷 Photo 6: img_0005.jpg
2026-08-13 16:34:52,883 - INFO - 📷 Photo 7: img_0006.jpg
2026-08-13 16:34:54,015 - INFO - 📷 Photo 8: img_0007.jpg
2026-08-13 16:34:55,124 - INFO - 📷 Photo 9: img_0008.jpg
2026-08-13 16:34:56,251 - INFO - 📷 Photo 10: img_0009.jpg
2026-08-13 16:34:57,365 - INFO - 📷 Photo 11: img_0010.jpg
2026-08-13 16:34:58,503 - INFO - 📷 Photo 12: img_0011.jpg
2026-08-13 16:34:59,636 - INFO - 📷 Photo 13: img_0012.jpg
2026-08-13 16:35:00,764 - INFO - 📷 Photo 14: img_0013.jpg
2026-08-13 16:35:01,881 - INFO - 📷 Photo 15: img_0014.jpg
2026-08-13 16:35:02,996 - INFO - 📷 Photo 16: img_0015.jpg
2026-08-13 16:35:04,115 - INFO - 📷 Photo 17: img_0016.jpg
2026-08-13 16:35:05,249 - INFO - 📷 Photo 18: img_0017.jpg
2026-08-13 16:35:06,384 - INFO - 📷 Photo 19: img_0018.jpg
2026-08-13 16:35:07,510 - INFO - 📷 Photo 20: img_0019.jpg
2026-08-13 16:35:08,628 - INFO - 📷 Photo 21: img_0020.jpg
2026-08-13 16:35:09,769 - INFO - 📷 Photo 22: img_0021.jpg
2026-08-13 16:35:10,902 - INFO - 📷 Photo 23: img_0022.jpg
2026-08-13 16:35:12,031 - INFO - 📷 Photo 24: img_0023.jpg
2026-08-13 16:35:13,134 - INFO - 📷 Photo 25: img_0024.jpg
2026-08-13 16:35:14,275 - INFO - 📷 Photo 26: img_0025.jpg
2026-08-13 16:35:15,395 - INFO - 📷 Photo 27: img_0026.jpg
2026-08-13 16:35:16,509 - INFO - 📷 Photo 28: img_0027.jpg
2026-08-13 16:35:17,595 - INFO - 📷 Photo 29: img_0028.jpg
2026-08-13 16:35:18,676 - INFO - 📷 Photo 30: img_0029.jpg
2026-08-13 16:35:19,758 - INFO - 📷 Photo 31: img_0030.jpg
2026-08-13 16:35:20,873 - INFO - 📷 Photo 32: img_0031.jpg
2026-08-13 16:35:22,007 - INFO - 📷 Photo 33: img_0032.jpg
2026-08-13 16:35:23,124 - INFO - 📷 Photo 34: img_0033.jpg
2026-08-13 16:35:24,206 - INFO - 📷 Photo 35: img_0034.jpg
2026-08-13 16:35:25,297 - INFO - 📷 Photo 36: img_0035.jpg
2026-08-13 16:35:26,411 - INFO - 📷 Photo 37: img_0036.jpg
2026-08-13 16:35:27,523 - INFO - 📷 Photo 38: img_0037.jpg
2026-08-13 16:35:28,641 - INFO - 📷 Photo 39: img_0038.jpg
2026-08-13 16:35:29,721 - INFO - 📷 Photo 40: img_0039.jpg
2026-08-13 16:35:30,837 - INFO - 📷 Photo 41: img_0040.jpg
2026-08-13 16:35:31,952 - INFO - 📷 Photo 42: img_0041.jpg
2026-08-13 16:35:33,056 - INFO - 📷 Photo 43: img_0042.jpg
2026-08-13 16:35:34,187 - INFO - 📷 Photo 44: img_0043.jpg
2026-08-13 16:35:35,322 - INFO - 📷 Photo 45: img_0044.jpg
2026-08-13 16:35:36,418 - INFO - 📷 Photo 46: img_0045.jpg
2026-08-13 16:35:37,524 - INFO - 📷 Photo 47: img_0046.jpg
2026-08-13 16:35:38,636 - INFO - 📷 Photo 48: img_0047.jpg
2026-08-13 16:35:39,772 - INFO - 📷 Photo 49: img_0048.jpg
2026-08-13 16:35:40,855 - INFO - 📷 Photo 50: img_0049.jpg
2026-08-13 16:35:41,965 - INFO - 📷 Photo 51: img_0050.jpg
2026-08-13 16:35:43,073 - INFO - 📷 Photo 52: img_0051.jpg
2026-08-13 16:35:44,222 - INFO - 📷 Photo 53: img_0052.jpg
2026-08-13 16:35:45,338 - INFO - 📷 Photo 54: img_0053.jpg
2026-08-13 16:35:46,440 - INFO - 📷 Photo 55: img_0054.jpg
2026-08-13 16:35:47,564 - INFO - 📷 Photo 56: img_0055.jpg
2026-08-13 16:35:48,663 - INFO - 📷 Photo 57: img_0056.jpg
2026-08-13 16:35:49,753 - INFO - 📷 Photo 58: img_0057.jpg
2026-08-13 16:35:50,873 - INFO - 📷 Photo 59: img_0058.jpg
2026-08-13 16:35:51,973 - INFO - 📷 Photo 60: img_0059.jpg
2026-08-13 16:35:53,084 - INFO - 📷 Photo 61: img_0060.jpg
2026-08-13 16:35:54,227 - INFO - 📷 Photo 62: img_0061.jpg
2026-08-13 16:35:55,343 - INFO - 📷 Photo 63: img_0062.jpg
2026-08-13 16:35:56,462 - INFO - 📷 Photo 64: img_0063.jpg
2026-08-13 16:35:57,588 - INFO - 📷 Photo 65: img_0064.jpg
2026-08-13 16:35:58,708 - INFO - 📷 Photo 66: img_0065.jpg
2026-08-13 16:35:59,847 - INFO - 📷 Photo 67: img_0066.jpg
2026-08-13 16:36:00,965 - INFO - 📷 Photo 68: img_0067.jpg
2026-08-13 16:36:02,096 - INFO - 📷 Photo 69: img_0068.jpg
2026-08-13 16:36:03,225 - INFO - 📷 Photo 70: img_0069.jpg
2026-08-13 16:36:04,347 - INFO - 📷 Photo 71: img_0070.jpg
2026-08-13 16:36:05,497 - INFO - 📷 Photo 72: img_0071.jpg
2026-08-13 16:36:06,607 - INFO - 📷 Photo 73: img_0072.jpg
2026-08-13 16:36:07,721 - INFO - 📷 Photo 74: img_0073.jpg
2026-08-13 16:36:08,844 - INFO - 📷 Photo 75: img_0074.jpg
2026-08-13 16:36:09,970 - INFO - 📷 Photo 76: img_0075.jpg
2026-08-13 16:36:11,090 - INFO - 📷 Photo 77: img_0076.jpg
2026-08-13 16:36:12,220 - INFO - 📷 Photo 78: img_0077.jpg
2026-08-13 16:36:13,353 - INFO - 📷 Photo 79: img_0078.jpg
2026-08-13 16:36:14,474 - INFO - 📷 Photo 80: img_0079.jpg
2026-08-13 16:36:15,593 - INFO - 📷 Photo 81: img_0080.jpg
2026-08-13 16:36:16,728 - INFO - 📷 Photo 82: img_0081.jpg
2026-08-13 16:36:17,859 - INFO - 📷 Photo 83: img_0082.jpg
2026-08-13 16:36:18,984 - INFO - 📷 Photo 84: img_0083.jpg
2026-08-13 16:36:20,103 - INFO - 📷 Photo 85: img_0084.jpg
2026-08-13 16:36:21,235 - INFO - 📷 Photo 86: img_0085.jpg
2026-08-13 16:36:22,379 - INFO - 📷 Photo 87: img_0086.jpg
2026-08-13 16:36:23,536 - INFO - 📷 Photo 88: img_0087.jpg
2026-08-13 16:36:24,658 - INFO - 📷 Photo 89: img_0088.jpg
2026-08-13 16:36:25,783 - INFO - 📷 Photo 90: img_0089.jpg
2026-08-13 16:36:26,932 - INFO - 📷 Photo 91: img_0090.jpg
2026-08-13 16:36:28,063 - INFO - 📷 Photo 92: img_0091.jpg
2026-08-13 16:36:29,228 - INFO - 📷 Photo 93: img_0092.jpg
2026-08-13 16:36:30,379 - INFO - 📷 Photo 94: img_0093.jpg
2026-08-13 16:36:31,513 - INFO - 📷 Photo 95: img_0094.jpg
2026-08-13 16:36:32,669 - INFO - 📷 Photo 96: img_0095.jpg
2026-08-13 16:36:33,810 - INFO - 📷 Photo 97: img_0096.jpg
2026-08-13 16:36:34,947 - INFO - 📷 Photo 98: img_0097.jpg
2026-08-13 16:36:36,050 - INFO - 📷 Photo 99: img_0098.jpg
2026-08-13 16:36:37,188 - INFO - 📷 Photo 100: img_0099.jpg
2026-08-13 16:36:38,318 - INFO - 📷 Photo 101: img_0100.jpg
2026-08-13 16:36:39,444 - INFO - 📷 Photo 102: img_0101.jpg
2026-08-13 16:36:40,582 - INFO - 📷 Photo 103: img_0102.jpg
2026-08-13 16:36:41,720 - INFO - 📷 Photo 104: img_0103.jpg
2026-08-13 16:36:42,889 - INFO - 📷 Photo 105: img_0104.jpg
2026-08-13 16:36:44,018 - INFO - 📷 Photo 106: img_0105.jpg
2026-08-13 16:36:45,137 - INFO - 📷 Photo 107: img_0106.jpg
2026-08-13 16:36:46,271 - INFO - 📷 Photo 108: img_0107.jpg
2026-08-13 16:36:47,389 - INFO - 📷 Photo 109: img_0108.jpg
2026-08-13 16:36:48,539 - INFO - 📷 Photo 110: img_0109.jpg
2026-08-13 16:36:49,654 - INFO - 📷 Photo 111: img_0110.jpg
2026-08-13 16:36:50,764 - INFO - 📷 Photo 112: img_0111.jpg
2026-08-13 16:36:51,913 - INFO - 📷 Photo 113: img_0112.jpg
2026-08-13 16:36:53,053 - INFO - 📷 Photo 114: img_0113.jpg
2026-08-13 16:36:54,201 - INFO - 📷 Photo 115: img_0114.jpg
2026-08-13 16:36:55,363 - INFO - 📷 Photo 116: img_0115.jpg
2026-08-13 16:36:56,485 - INFO - 📷 Photo 117: img_0116.jpg
2026-08-13 16:36:57,606 - INFO - 📷 Photo 118: img_0117.jpg
2026-08-13 16:36:58,727 - INFO - 📷 Photo 119: img_0118.jpg
2026-08-13 16:36:59,844 - INFO - 📷 Photo 120: img_0119.jpg
2026-08-13 16:37:00,980 - INFO - 📷 Photo 121: img_0120.jpg
2026-08-13 16:37:02,111 - INFO - 📷 Photo 122: img_0121.jpg
2026-08-13 16:37:03,238 - INFO - 📷 Photo 123: img_0122.jpg
2026-08-13 16:37:04,352 - INFO - 📷 Photo 124: img_0123.jpg
2026-08-13 16:37:05,475 - INFO - 📷 Photo 125: img_0124.jpg
2026-08-13 16:37:06,608 - INFO - 📷 Photo 126: img_0125.jpg
2026-08-13 16:37:07,748 - INFO - 📷 Photo 127: img_0126.jpg
2026-08-13 16:37:08,886 - INFO - 📷 Photo 128: img_0127.jpg
2026-08-13 16:37:10,013 - INFO - 📷 Photo 129: img_0128.jpg
2026-08-13 16:37:11,137 - INFO - 📷 Photo 130: img_0129.jpg
2026-08-13 16:37:12,255 - INFO - 📷 Photo 131: img_0130.jpg
2026-08-13 16:37:13,383 - INFO - 📷 Photo 132: img_0131.jpg
2026-08-13 16:37:14,514 - INFO - 📷 Photo 133: img_0132.jpg
2026-08-13 16:37:15,649 - INFO - 📷 Photo 134: img_0133.jpg
2026-08-13 16:37:16,765 - INFO - 📷 Photo 135: img_0134.jpg
2026-08-13 16:37:17,881 - INFO - 📷 Photo 136: img_0135.jpg
2026-08-13 16:37:19,018 - INFO - 📷 Photo 137: img_0136.jpg
2026-08-13 16:37:20,156 - INFO - 📷 Photo 138: img_0137.jpg
2026-08-13 16:37:21,289 - INFO - 📷 Photo 139: img_0138.jpg
2026-08-13 16:37:22,449 - INFO - 📷 Photo 140: img_0139.jpg
2026-08-13 16:37:23,555 - INFO - 📷 Photo 141: img_0140.jpg
2026-08-13 16:37:24,712 - INFO - 📷 Photo 142: img_0141.jpg
2026-08-13 16:37:25,844 - INFO - 📷 Photo 143: img_0142.jpg
2026-08-13 16:37:26,982 - INFO - 📷 Photo 144: img_0143.jpg
2026-08-13 16:37:28,133 - INFO - 📷 Photo 145: img_0144.jpg
2026-08-13 16:37:29,267 - INFO - 📷 Photo 146: img_0145.jpg
2026-08-13 16:37:30,393 - INFO - 📷 Photo 147: img_0146.jpg
2026-08-13 16:37:31,531 - INFO - 📷 Photo 148: img_0147.jpg
2026-08-13 16:37:32,641 - INFO - 📷 Photo 149: img_0148.jpg
2026-08-13 16:37:33,765 - INFO - 📷 Photo 150: img_0149.jpg
2026-08-13 16:37:34,891 - INFO - 📷 Photo 151: img_0150.jpg
2026-08-13 16:37:36,024 - INFO - 📷 Photo 152: img_0151.jpg
2026-08-13 16:37:37,153 - INFO - 📷 Photo 153: img_0152.jpg
2026-08-13 16:37:37,459 - INFO - 📷 Intervallomètre terminé: 153 photos en 172s -> F:\projet finalise\recorder\reports\timelapse\tl_20260813_163445
2026-08-13 16:38:28,635 - INFO - Kerberos Screen Recorder v1.3 prêt
2026-08-13 16:38:52,953 - INFO - ▶️ Enregistrement démarré (VIDÉO 1280x1024 @ 10 FPS): kerberos_rec_20260813_163851.mp4
2026-08-15 18:30:58,775 - INFO - Kerberos Screen Recorder v1.3 prêt
2026-08-15 18:31:19,073 - INFO - ▶️ Enregistrement démarré (VIDÉO 1280x1024 @ 10 FPS): kerberos_rec_20260815_183117.mp4
2026-08-15 18:33:36,998 - INFO - ⏹️ Enregistrement terminé: 714 frames, 137.9s
2026-08-15 18:54:00,681 - INFO - Kerberos Screen Recorder v1.3 prêt
2026-08-15 18:54:09,573 - INFO - ▶️ Enregistrement démarré (VIDÉO 1280x1024 @ 10 FPS): kerberos_rec_20260815_185408.mp4
2026-08-15 18:57:09,749 - INFO - ⏱️ Durée atteinte (180s)
2026-08-15 18:57:09,753 - INFO - ⏹️ Enregistrement terminé: 887 frames, 180.2s
2026-08-15 19:06:08,814 - INFO - Kerberos Screen Recorder v1.3 prêt
2026-08-15 19:06:15,075 - INFO - ▶️ Enregistrement démarré (VIDÉO 1280x1024 @ 10 FPS): kerberos_rec_20260815_190614.mp4
2026-08-15 19:09:15,247 - INFO - ⏱️ Durée atteinte (180s)
2026-08-15 19:09:15,359 - INFO - ⏹️ Enregistrement terminé: 845 frames, 180.3s
2026-08-15 19:09:29,878 - INFO - ⏸️ Pause
2026-08-15 19:09:36,407 - INFO - ▶️ Enregistrement démarré (INTERVALLO 1 photo/1s): kerberos_rec_20260815_190936.mp4
2026-08-15 19:09:36,675 - INFO - 📷 Photo 1: img_0000.jpg
2026-08-15 19:09:37,843 - INFO - 📷 Photo 2: img_0001.jpg
2026-08-15 19:09:38,927 - INFO - 📷 Photo 3: img_0002.jpg
2026-08-15 19:09:40,023 - INFO - 📷 Photo 4: img_0003.jpg
2026-08-15 19:09:41,123 - INFO - 📷 Photo 5: img_0004.jpg
2026-08-15 19:09:42,232 - INFO - 📷 Photo 6: img_0005.jpg
2026-08-15 19:09:43,329 - INFO - 📷 Photo 7: img_0006.jpg
2026-08-15 19:09:44,459 - INFO - 📷 Photo 8: img_0007.jpg
2026-08-15 19:09:45,559 - INFO - 📷 Photo 9: img_0008.jpg
2026-08-15 19:09:46,640 - INFO - 📷 Photo 10: img_0009.jpg
2026-08-15 19:09:47,738 - INFO - 📷 Photo 11: img_0010.jpg
2026-08-15 19:09:48,847 - INFO - 📷 Photo 12: img_0011.jpg
2026-08-15 19:09:49,943 - INFO - 📷 Photo 13: img_0012.jpg
2026-08-15 19:09:51,039 - INFO - 📷 Photo 14: img_0013.jpg
2026-08-15 19:09:52,144 - INFO - 📷 Photo 15: img_0014.jpg
2026-08-15 19:09:53,245 - INFO - 📷 Photo 16: img_0015.jpg
2026-08-15 19:09:54,346 - INFO - 📷 Photo 17: img_0016.jpg
2026-08-15 19:09:55,443 - INFO - 📷 Photo 18: img_0017.jpg
2026-08-15 19:09:56,601 - INFO - 📷 Photo 19: img_0018.jpg
2026-08-15 19:09:57,707 - INFO - 📷 Photo 20: img_0019.jpg
2026-08-15 19:09:58,798 - INFO - 📷 Photo 21: img_0020.jpg
2026-08-15 19:09:59,906 - INFO - 📷 Photo 22: img_0021.jpg
2026-08-15 19:10:01,001 - INFO - 📷 Photo 23: img_0022.jpg
2026-08-15 19:10:02,158 - INFO - 📷 Photo 24: img_0023.jpg
2026-08-15 19:10:03,260 - INFO - 📷 Photo 25: img_0024.jpg
2026-08-15 19:10:04,367 - INFO - 📷 Photo 26: img_0025.jpg
2026-08-15 19:10:05,469 - INFO - 📷 Photo 27: img_0026.jpg
2026-08-15 19:10:06,570 - INFO - 📷 Photo 28: img_0027.jpg
2026-08-15 19:10:07,680 - INFO - 📷 Photo 29: img_0028.jpg
2026-08-15 19:10:08,768 - INFO - 📷 Photo 30: img_0029.jpg
2026-08-15 19:10:09,853 - INFO - 📷 Photo 31: img_0030.jpg
2026-08-15 19:10:10,954 - INFO - 📷 Photo 32: img_0031.jpg
2026-08-15 19:10:12,105 - INFO - 📷 Photo 33: img_0032.jpg
2026-08-15 19:10:13,198 - INFO - 📷 Photo 34: img_0033.jpg
2026-08-15 19:10:14,301 - INFO - 📷 Photo 35: img_0034.jpg
2026-08-15 19:10:15,409 - INFO - 📷 Photo 36: img_0035.jpg
2026-08-15 19:10:16,515 - INFO - 📷 Photo 37: img_0036.jpg
2026-08-15 19:10:17,623 - INFO - 📷 Photo 38: img_0037.jpg
2026-08-15 19:10:18,733 - INFO - 📷 Photo 39: img_0038.jpg
2026-08-15 19:10:19,849 - INFO - 📷 Photo 40: img_0039.jpg
2026-08-15 19:10:20,964 - INFO - 📷 Photo 41: img_0040.jpg
2026-08-15 19:10:22,116 - INFO - 📷 Photo 42: img_0041.jpg
2026-08-15 19:10:23,244 - INFO - 📷 Photo 43: img_0042.jpg
2026-08-15 19:10:24,353 - INFO - 📷 Photo 44: img_0043.jpg
2026-08-15 19:10:25,469 - INFO - 📷 Photo 45: img_0044.jpg
2026-08-15 19:10:26,576 - INFO - 📷 Photo 46: img_0045.jpg
2026-08-15 19:10:27,660 - INFO - 📷 Photo 47: img_0046.jpg
2026-08-15 19:10:28,760 - INFO - 📷 Photo 48: img_0047.jpg
2026-08-15 19:10:29,868 - INFO - 📷 Photo 49: img_0048.jpg
2026-08-15 19:10:30,959 - INFO - 📷 Photo 50: img_0049.jpg
2026-08-15 19:10:32,058 - INFO - 📷 Photo 51: img_0050.jpg
2026-08-15 19:10:33,135 - INFO - 📷 Photo 52: img_0051.jpg
2026-08-15 19:10:34,227 - INFO - 📷 Photo 53: img_0052.jpg
2026-08-15 19:10:35,345 - INFO - 📷 Photo 54: img_0053.jpg
2026-08-15 19:10:36,442 - INFO - 📷 Photo 55: img_0054.jpg
2026-08-15 19:10:37,536 - INFO - 📷 Photo 56: img_0055.jpg
2026-08-15 19:10:38,625 - INFO - 📷 Photo 57: img_0056.jpg
2026-08-15 19:10:39,725 - INFO - 📷 Photo 58: img_0057.jpg
2026-08-15 19:10:40,827 - INFO - 📷 Photo 59: img_0058.jpg
2026-08-15 19:10:42,003 - INFO - 📷 Photo 60: img_0059.jpg
2026-08-15 19:10:43,098 - INFO - 📷 Photo 61: img_0060.jpg
2026-08-15 19:10:44,219 - INFO - 📷 Photo 62: img_0061.jpg
2026-08-15 19:10:45,332 - INFO - 📷 Photo 63: img_0062.jpg
2026-08-15 19:10:46,444 - INFO - 📷 Photo 64: img_0063.jpg
2026-08-15 19:10:47,536 - INFO - 📷 Photo 65: img_0064.jpg
2026-08-15 19:10:48,641 - INFO - 📷 Photo 66: img_0065.jpg
2026-08-15 19:10:49,751 - INFO - 📷 Photo 67: img_0066.jpg
2026-08-15 19:10:50,859 - INFO - 📷 Photo 68: img_0067.jpg
2026-08-15 19:10:51,973 - INFO - 📷 Photo 69: img_0068.jpg
2026-08-15 19:10:53,139 - INFO - 📷 Photo 70: img_0069.jpg
2026-08-15 19:10:54,239 - INFO - 📷 Photo 71: img_0070.jpg
2026-08-15 19:10:55,339 - INFO - 📷 Photo 72: img_0071.jpg
2026-08-15 19:10:56,435 - INFO - 📷 Photo 73: img_0072.jpg
2026-08-15 19:10:57,521 - INFO - 📷 Photo 74: img_0073.jpg
2026-08-15 19:10:58,624 - INFO - 📷 Photo 75: img_0074.jpg
2026-08-15 19:10:59,739 - INFO - 📷 Photo 76: img_0075.jpg
2026-08-15 19:11:00,848 - INFO - 📷 Photo 77: img_0076.jpg
2026-08-15 19:11:01,956 - INFO - 📷 Photo 78: img_0077.jpg
2026-08-15 19:11:03,072 - INFO - 📷 Photo 79: img_0078.jpg
2026-08-15 19:11:04,225 - INFO - 📷 Photo 80: img_0079.jpg
2026-08-15 19:11:05,341 - INFO - 📷 Photo 81: img_0080.jpg
2026-08-15 19:11:06,452 - INFO - 📷 Photo 82: img_0081.jpg
2026-08-15 19:11:07,576 - INFO - 📷 Photo 83: img_0082.jpg
2026-08-15 19:11:08,686 - INFO - 📷 Photo 84: img_0083.jpg
2026-08-15 19:11:09,786 - INFO - 📷 Photo 85: img_0084.jpg
2026-08-15 19:11:10,882 - INFO - 📷 Photo 86: img_0085.jpg
2026-08-15 19:11:11,988 - INFO - 📷 Photo 87: img_0086.jpg
2026-08-15 19:11:13,100 - INFO - 📷 Photo 88: img_0087.jpg
2026-08-15 19:11:14,269 - INFO - 📷 Photo 89: img_0088.jpg
2026-08-15 19:11:15,434 - INFO - 📷 Photo 90: img_0089.jpg
2026-08-15 19:11:16,526 - INFO - 📷 Photo 91: img_0090.jpg
2026-08-15 19:11:17,630 - INFO - 📷 Photo 92: img_0091.jpg
2026-08-15 19:11:18,724 - INFO - 📷 Photo 93: img_0092.jpg
2026-08-15 19:11:19,959 - INFO - 📷 Photo 94: img_0093.jpg
2026-08-15 19:11:21,082 - INFO - 📷 Photo 95: img_0094.jpg
2026-08-15 19:11:22,231 - INFO - 📷 Photo 96: img_0095.jpg
2026-08-15 19:11:23,328 - INFO - 📷 Photo 97: img_0096.jpg
2026-08-15 19:11:24,484 - INFO - 📷 Photo 98: img_0097.jpg
2026-08-15 19:11:25,739 - INFO - 📷 Photo 99: img_0098.jpg
2026-08-15 19:11:26,853 - INFO - 📷 Photo 100: img_0099.jpg
2026-08-15 19:11:27,973 - INFO - 📷 Photo 101: img_0100.jpg
2026-08-15 19:11:29,096 - INFO - 📷 Photo 102: img_0101.jpg
2026-08-15 19:11:30,193 - INFO - 📷 Photo 103: img_0102.jpg
2026-08-15 19:11:31,309 - INFO - 📷 Photo 104: img_0103.jpg
2026-08-15 19:11:32,409 - INFO - 📷 Photo 105: img_0104.jpg
2026-08-15 19:11:33,549 - INFO - 📷 Photo 106: img_0105.jpg
2026-08-15 19:11:34,665 - INFO - 📷 Photo 107: img_0106.jpg
2026-08-15 19:11:35,778 - INFO - 📷 Photo 108: img_0107.jpg
2026-08-15 19:11:36,864 - INFO - 📷 Photo 109: img_0108.jpg
2026-08-15 19:11:37,963 - INFO - 📷 Photo 110: img_0109.jpg
2026-08-15 19:11:39,129 - INFO - 📷 Photo 111: img_0110.jpg
2026-08-15 19:11:40,244 - INFO - 📷 Photo 112: img_0111.jpg
2026-08-15 19:11:41,358 - INFO - 📷 Photo 113: img_0112.jpg
2026-08-15 19:11:42,524 - INFO - 📷 Photo 114: img_0113.jpg
2026-08-15 19:11:43,641 - INFO - 📷 Photo 115: img_0114.jpg
2026-08-15 19:11:44,785 - INFO - 📷 Photo 116: img_0115.jpg
2026-08-15 19:11:45,897 - INFO - 📷 Photo 117: img_0116.jpg
2026-08-15 19:11:47,000 - INFO - 📷 Photo 118: img_0117.jpg
2026-08-15 19:11:48,153 - INFO - 📷 Photo 119: img_0118.jpg
2026-08-15 19:11:49,269 - INFO - 📷 Photo 120: img_0119.jpg
2026-08-15 19:11:50,369 - INFO - 📷 Photo 121: img_0120.jpg
2026-08-15 19:11:51,474 - INFO - 📷 Photo 122: img_0121.jpg
2026-08-15 19:11:52,629 - INFO - 📷 Photo 123: img_0122.jpg
2026-08-15 19:11:53,734 - INFO - 📷 Photo 124: img_0123.jpg
2026-08-15 19:11:54,897 - INFO - 📷 Photo 125: img_0124.jpg
2026-08-15 19:11:56,010 - INFO - 📷 Photo 126: img_0125.jpg
2026-08-15 19:11:57,137 - INFO - 📷 Photo 127: img_0126.jpg
2026-08-15 19:11:58,234 - INFO - 📷 Photo 128: img_0127.jpg
2026-08-15 19:11:59,428 - INFO - 📷 Photo 129: img_0128.jpg
2026-08-15 19:12:00,619 - INFO - 📷 Photo 130: img_0129.jpg
2026-08-15 19:12:01,764 - INFO - 📷 Photo 131: img_0130.jpg
2026-08-15 19:12:02,862 - INFO - 📷 Photo 132: img_0131.jpg
2026-08-15 19:12:03,994 - INFO - 📷 Photo 133: img_0132.jpg
2026-08-15 19:12:05,143 - INFO - 📷 Photo 134: img_0133.jpg
2026-08-15 19:12:06,247 - INFO - 📷 Photo 135: img_0134.jpg
2026-08-15 19:12:07,341 - INFO - 📷 Photo 136: img_0135.jpg
2026-08-15 19:12:08,500 - INFO - 📷 Photo 137: img_0136.jpg
2026-08-15 19:12:09,602 - INFO - 📷 Photo 138: img_0137.jpg
2026-08-15 19:12:10,697 - INFO - 📷 Photo 139: img_0138.jpg
2026-08-15 19:12:11,797 - INFO - 📷 Photo 140: img_0139.jpg
2026-08-15 19:12:12,909 - INFO - 📷 Photo 141: img_0140.jpg
2026-08-15 19:12:14,021 - INFO - 📷 Photo 142: img_0141.jpg
2026-08-15 19:12:15,181 - INFO - 📷 Photo 143: img_0142.jpg
2026-08-15 19:12:16,337 - INFO - 📷 Photo 144: img_0143.jpg
2026-08-15 19:12:17,446 - INFO - 📷 Photo 145: img_0144.jpg
2026-08-15 19:12:18,541 - INFO - 📷 Photo 146: img_0145.jpg
2026-08-15 19:12:19,634 - INFO - 📷 Photo 147: img_0146.jpg
2026-08-15 19:12:20,750 - INFO - 📷 Photo 148: img_0147.jpg
2026-08-15 19:12:21,907 - INFO - 📷 Photo 149: img_0148.jpg
2026-08-15 19:12:23,003 - INFO - 📷 Photo 150: img_0149.jpg
2026-08-15 19:12:24,106 - INFO - 📷 Photo 151: img_0150.jpg
2026-08-15 19:12:25,198 - INFO - 📷 Photo 152: img_0151.jpg
2026-08-15 19:12:26,301 - INFO - 📷 Photo 153: img_0152.jpg
2026-08-15 19:12:27,404 - INFO - 📷 Photo 154: img_0153.jpg
2026-08-15 19:12:28,500 - INFO - 📷 Photo 155: img_0154.jpg
2026-08-15 19:12:29,655 - INFO - 📷 Photo 156: img_0155.jpg
2026-08-15 19:12:30,807 - INFO - 📷 Photo 157: img_0156.jpg
2026-08-15 19:12:32,038 - INFO - 📷 Photo 158: img_0157.jpg
2026-08-15 19:12:33,144 - INFO - 📷 Photo 159: img_0158.jpg
2026-08-15 19:12:34,324 - INFO - 📷 Photo 160: img_0159.jpg
2026-08-15 19:12:35,467 - INFO - 📷 Photo 161: img_0160.jpg
2026-08-15 19:12:36,581 - INFO - 📷 Photo 162: img_0161.jpg
2026-08-15 19:12:37,691 - INFO - 📷 Photo 163: img_0162.jpg
2026-08-15 19:12:38,847 - INFO - 📷 Photo 164: img_0163.jpg
2026-08-15 19:12:40,072 - INFO - 📷 Photo 165: img_0164.jpg
2026-08-15 19:12:41,212 - INFO - 📷 Photo 166: img_0165.jpg
2026-08-15 19:12:42,362 - INFO - 📷 Photo 167: img_0166.jpg
2026-08-15 19:12:43,510 - INFO - 📷 Photo 168: img_0167.jpg
2026-08-15 19:12:44,610 - INFO - 📷 Photo 169: img_0168.jpg
2026-08-15 19:12:45,711 - INFO - 📷 Photo 170: img_0169.jpg
2026-08-15 19:12:46,813 - INFO - 📷 Photo 171: img_0170.jpg
2026-08-15 19:12:48,003 - INFO - 📷 Photo 172: img_0171.jpg
2026-08-15 19:12:49,158 - INFO - 📷 Photo 173: img_0172.jpg
2026-08-15 19:12:50,272 - INFO - 📷 Photo 174: img_0173.jpg
2026-08-15 19:12:51,382 - INFO - 📷 Photo 175: img_0174.jpg
2026-08-15 19:12:52,485 - INFO - 📷 Photo 176: img_0175.jpg
2026-08-15 19:12:53,643 - INFO - 📷 Photo 177: img_0176.jpg
2026-08-15 19:12:54,773 - INFO - 📷 Photo 178: img_0177.jpg
2026-08-15 19:12:55,931 - INFO - 📷 Photo 179: img_0178.jpg
2026-08-15 19:12:57,064 - INFO - 📷 Photo 180: img_0179.jpg
2026-08-15 19:12:58,159 - INFO - 📷 Photo 181: img_0180.jpg
2026-08-15 19:12:59,310 - INFO - 📷 Photo 182: img_0181.jpg
2026-08-15 19:13:00,420 - INFO - 📷 Photo 183: img_0182.jpg
2026-08-15 19:13:01,521 - INFO - 📷 Photo 184: img_0183.jpg
2026-08-15 19:13:02,620 - INFO - 📷 Photo 185: img_0184.jpg
2026-08-15 19:13:03,719 - INFO - 📷 Photo 186: img_0185.jpg
2026-08-15 19:13:04,819 - INFO - 📷 Photo 187: img_0186.jpg
2026-08-15 19:13:05,954 - INFO - 📷 Photo 188: img_0187.jpg
2026-08-15 19:13:07,043 - INFO - 📷 Photo 189: img_0188.jpg
2026-08-15 19:13:08,149 - INFO - 📷 Photo 190: img_0189.jpg
2026-08-15 19:13:09,255 - INFO - 📷 Photo 191: img_0190.jpg
2026-08-15 19:13:10,375 - INFO - 📷 Photo 192: img_0191.jpg
2026-08-15 19:13:11,582 - INFO - 📷 Photo 193: img_0192.jpg
2026-08-15 19:13:12,763 - INFO - 📷 Photo 194: img_0193.jpg
2026-08-15 19:13:13,863 - INFO - 📷 Photo 195: img_0194.jpg
2026-08-15 19:13:15,015 - INFO - 📷 Photo 196: img_0195.jpg
2026-08-15 19:13:16,166 - INFO - 📷 Photo 197: img_0196.jpg
2026-08-15 19:13:17,257 - INFO - 📷 Photo 198: img_0197.jpg
2026-08-15 19:13:18,368 - INFO - 📷 Photo 199: img_0198.jpg
2026-08-15 19:13:19,566 - INFO - 📷 Photo 200: img_0199.jpg
2026-08-15 19:13:20,882 - INFO - 📷 Photo 201: img_0200.jpg
2026-08-15 19:13:21,995 - INFO - 📷 Photo 202: img_0201.jpg
2026-08-15 19:13:23,103 - INFO - 📷 Photo 203: img_0202.jpg
2026-08-15 19:13:24,222 - INFO - 📷 Photo 204: img_0203.jpg
2026-08-15 19:13:25,345 - INFO - 📷 Photo 205: img_0204.jpg
2026-08-15 19:13:26,514 - INFO - 📷 Photo 206: img_0205.jpg
2026-08-15 19:13:27,665 - INFO - 📷 Photo 207: img_0206.jpg
2026-08-15 19:13:28,766 - INFO - 📷 Photo 208: img_0207.jpg
2026-08-15 19:13:30,042 - INFO - 📷 Photo 209: img_0208.jpg
2026-08-15 19:13:31,151 - INFO - 📷 Photo 210: img_0209.jpg
2026-08-15 19:13:32,365 - INFO - 📷 Photo 211: img_0210.jpg
2026-08-15 19:13:33,529 - INFO - 📷 Photo 212: img_0211.jpg
2026-08-15 19:13:34,623 - INFO - 📷 Photo 213: img_0212.jpg
2026-08-15 19:13:35,720 - INFO - 📷 Photo 214: img_0213.jpg
2026-08-15 19:13:36,886 - INFO - 📷 Photo 215: img_0214.jpg
2026-08-15 19:13:38,054 - INFO - 📷 Photo 216: img_0215.jpg
2026-08-15 19:13:39,160 - INFO - 📷 Photo 217: img_0216.jpg
2026-08-15 19:13:40,286 - INFO - 📷 Photo 218: img_0217.jpg
2026-08-15 19:13:41,406 - INFO - 📷 Photo 219: img_0218.jpg
2026-08-15 19:13:42,512 - INFO - 📷 Photo 220: img_0219.jpg
2026-08-15 19:13:43,605 - INFO - 📷 Photo 221: img_0220.jpg
2026-08-15 19:13:44,754 - INFO - 📷 Photo 222: img_0221.jpg
2026-08-15 19:13:45,857 - INFO - 📷 Photo 223: img_0222.jpg
2026-08-15 19:13:47,028 - INFO - 📷 Photo 224: img_0223.jpg
2026-08-15 19:13:48,167 - INFO - 📷 Photo 225: img_0224.jpg
2026-08-15 19:13:49,261 - INFO - 📷 Photo 226: img_0225.jpg
2026-08-15 19:13:50,359 - INFO - 📷 Photo 227: img_0226.jpg
2026-08-15 19:13:51,475 - INFO - 📷 Photo 228: img_0227.jpg
2026-08-15 19:13:52,579 - INFO - 📷 Photo 229: img_0228.jpg
2026-08-15 19:13:53,688 - INFO - 📷 Photo 230: img_0229.jpg
2026-08-15 19:13:54,854 - INFO - 📷 Photo 231: img_0230.jpg
2026-08-15 19:13:56,002 - INFO - 📷 Photo 232: img_0231.jpg
2026-08-15 19:13:57,154 - INFO - 📷 Photo 233: img_0232.jpg
2026-08-15 19:13:58,248 - INFO - 📷 Photo 234: img_0233.jpg
2026-08-15 19:13:59,397 - INFO - 📷 Photo 235: img_0234.jpg
2026-08-15 19:14:00,725 - INFO - 📷 Photo 236: img_0235.jpg
2026-08-15 19:14:01,843 - INFO - 📷 Photo 237: img_0236.jpg
2026-08-15 19:14:02,962 - INFO - 📷 Photo 238: img_0237.jpg
2026-08-15 19:14:04,062 - INFO - 📷 Photo 239: img_0238.jpg
2026-08-15 19:14:05,168 - INFO - 📷 Photo 240: img_0239.jpg
2026-08-15 19:14:06,292 - INFO - 📷 Photo 241: img_0240.jpg
2026-08-15 19:14:07,409 - INFO - 📷 Photo 242: img_0241.jpg
2026-08-15 19:14:08,565 - INFO - 📷 Photo 243: img_0242.jpg
2026-08-15 19:14:09,670 - INFO - 📷 Photo 244: img_0243.jpg
2026-08-15 19:14:10,774 - INFO - 📷 Photo 245: img_0244.jpg
2026-08-15 19:14:11,931 - INFO - 📷 Photo 246: img_0245.jpg
2026-08-15 19:14:13,054 - INFO - 📷 Photo 247: img_0246.jpg
2026-08-15 19:14:14,224 - INFO - 📷 Photo 248: img_0247.jpg
2026-08-15 19:14:15,389 - INFO - 📷 Photo 249: img_0248.jpg
2026-08-15 19:14:16,578 - INFO - 📷 Photo 250: img_0249.jpg
2026-08-15 19:14:17,676 - INFO - 📷 Photo 251: img_0250.jpg
2026-08-15 19:14:18,776 - INFO - 📷 Photo 252: img_0251.jpg
2026-08-15 19:14:19,874 - INFO - 📷 Photo 253: img_0252.jpg
2026-08-15 19:14:21,020 - INFO - 📷 Photo 254: img_0253.jpg
2026-08-15 19:14:22,202 - INFO - 📷 Photo 255: img_0254.jpg
2026-08-15 19:14:23,293 - INFO - 📷 Photo 256: img_0255.jpg
2026-08-15 19:14:24,396 - INFO - 📷 Photo 257: img_0256.jpg
2026-08-15 19:14:25,585 - INFO - 📷 Photo 258: img_0257.jpg
2026-08-15 19:14:26,738 - INFO - 📷 Photo 259: img_0258.jpg
2026-08-15 19:14:27,836 - INFO - 📷 Photo 260: img_0259.jpg
2026-08-15 19:14:28,976 - INFO - 📷 Photo 261: img_0260.jpg
2026-08-15 19:14:30,139 - INFO - 📷 Photo 262: img_0261.jpg
2026-08-15 19:14:31,299 - INFO - 📷 Photo 263: img_0262.jpg
2026-08-15 19:14:32,405 - INFO - 📷 Photo 264: img_0263.jpg
2026-08-15 19:14:33,554 - INFO - 📷 Photo 265: img_0264.jpg
2026-08-15 19:14:34,664 - INFO - 📷 Photo 266: img_0265.jpg
2026-08-15 19:14:35,775 - INFO - 📷 Photo 267: img_0266.jpg
2026-08-15 19:14:36,899 - INFO - 📷 Photo 268: img_0267.jpg
2026-08-15 19:14:38,013 - INFO - 📷 Photo 269: img_0268.jpg
2026-08-15 19:14:39,127 - INFO - 📷 Photo 270: img_0269.jpg
2026-08-15 19:14:40,286 - INFO - 📷 Photo 271: img_0270.jpg
2026-08-15 19:14:41,396 - INFO - 📷 Photo 272: img_0271.jpg
2026-08-15 19:14:42,560 - INFO - 📷 Photo 273: img_0272.jpg
2026-08-15 19:14:43,696 - INFO - 📷 Photo 274: img_0273.jpg
2026-08-15 19:14:44,787 - INFO - 📷 Photo 275: img_0274.jpg
2026-08-15 19:14:45,975 - INFO - 📷 Photo 276: img_0275.jpg
2026-08-15 19:14:47,082 - INFO - 📷 Photo 277: img_0276.jpg
2026-08-15 19:14:48,189 - INFO - 📷 Photo 278: img_0277.jpg
2026-08-15 19:14:49,298 - INFO - 📷 Photo 279: img_0278.jpg
2026-08-15 19:14:50,415 - INFO - 📷 Photo 280: img_0279.jpg
2026-08-15 19:14:51,515 - INFO - 📷 Photo 281: img_0280.jpg
2026-08-15 19:14:52,635 - INFO - 📷 Photo 282: img_0281.jpg
2026-08-15 19:14:53,732 - INFO - 📷 Photo 283: img_0282.jpg
2026-08-15 19:14:54,830 - INFO - 📷 Photo 284: img_0283.jpg
2026-08-15 19:14:55,942 - INFO - 📷 Photo 285: img_0284.jpg
2026-08-15 19:14:57,046 - INFO - 📷 Photo 286: img_0285.jpg
2026-08-15 19:14:58,180 - INFO - 📷 Photo 287: img_0286.jpg
2026-08-15 19:14:59,268 - INFO - 📷 Photo 288: img_0287.jpg
2026-08-15 19:15:00,373 - INFO - 📷 Photo 289: img_0288.jpg
2026-08-15 19:15:01,498 - INFO - 📷 Photo 290: img_0289.jpg
2026-08-15 19:15:02,661 - INFO - 📷 Photo 291: img_0290.jpg
2026-08-15 19:15:03,771 - INFO - 📷 Photo 292: img_0291.jpg
2026-08-15 19:15:04,866 - INFO - 📷 Photo 293: img_0292.jpg
2026-08-15 19:15:05,959 - INFO - 📷 Photo 294: img_0293.jpg
2026-08-15 19:15:07,058 - INFO - 📷 Photo 295: img_0294.jpg
2026-08-15 19:15:08,156 - INFO - 📷 Photo 296: img_0295.jpg
2026-08-15 19:15:09,248 - INFO - 📷 Photo 297: img_0296.jpg
2026-08-15 19:15:10,354 - INFO - 📷 Photo 298: img_0297.jpg
2026-08-15 19:15:11,449 - INFO - 📷 Photo 299: img_0298.jpg
2026-08-15 19:15:12,560 - INFO - 📷 Photo 300: img_0299.jpg
2026-08-15 19:15:13,684 - INFO - 📷 Photo 301: img_0300.jpg
2026-08-15 19:15:14,850 - INFO - 📷 Photo 302: img_0301.jpg
2026-08-15 19:15:16,004 - INFO - 📷 Photo 303: img_0302.jpg
2026-08-15 19:15:17,134 - INFO - 📷 Photo 304: img_0303.jpg
2026-08-15 19:15:18,228 - INFO - 📷 Photo 305: img_0304.jpg
2026-08-15 19:15:19,333 - INFO - 📷 Photo 306: img_0305.jpg
2026-08-15 19:15:20,426 - INFO - 📷 Photo 307: img_0306.jpg
2026-08-15 19:15:21,550 - INFO - 📷 Photo 308: img_0307.jpg
2026-08-15 19:15:22,663 - INFO - 📷 Photo 309: img_0308.jpg
2026-08-15 19:15:23,787 - INFO - 📷 Photo 310: img_0309.jpg
2026-08-15 19:15:24,927 - INFO - 📷 Photo 311: img_0310.jpg
2026-08-15 19:15:26,081 - INFO - 📷 Photo 312: img_0311.jpg
2026-08-15 19:15:27,183 - INFO - 📷 Photo 313: img_0312.jpg
2026-08-15 19:15:28,293 - INFO - 📷 Photo 314: img_0313.jpg
2026-08-15 19:15:29,415 - INFO - 📷 Photo 315: img_0314.jpg
2026-08-15 19:15:30,521 - INFO - 📷 Photo 316: img_0315.jpg
2026-08-15 19:15:31,636 - INFO - 📷 Photo 317: img_0316.jpg
2026-08-15 19:15:32,796 - INFO - 📷 Photo 318: img_0317.jpg
2026-08-15 19:15:33,901 - INFO - 📷 Photo 319: img_0318.jpg
2026-08-15 19:15:34,998 - INFO - 📷 Photo 320: img_0319.jpg
2026-08-15 19:15:36,106 - INFO - 📷 Photo 321: img_0320.jpg
2026-08-15 19:15:37,227 - INFO - 📷 Photo 322: img_0321.jpg
2026-08-15 19:15:38,369 - INFO - 📷 Photo 323: img_0322.jpg
2026-08-15 19:15:39,485 - INFO - 📷 Photo 324: img_0323.jpg
2026-08-15 19:15:40,736 - INFO - 📷 Photo 325: img_0324.jpg
2026-08-15 19:15:41,842 - INFO - 📷 Photo 326: img_0325.jpg
2026-08-15 19:15:43,004 - INFO - 📷 Photo 327: img_0326.jpg
2026-08-15 19:15:44,152 - INFO - 📷 Photo 328: img_0327.jpg
2026-08-15 19:15:45,255 - INFO - 📷 Photo 329: img_0328.jpg
2026-08-15 19:15:46,353 - INFO - 📷 Photo 330: img_0329.jpg
2026-08-15 19:15:47,452 - INFO - 📷 Photo 331: img_0330.jpg
2026-08-15 19:15:48,572 - INFO - 📷 Photo 332: img_0331.jpg
2026-08-15 19:15:49,683 - INFO - 📷 Photo 333: img_0332.jpg
2026-08-15 19:15:50,766 - INFO - 📷 Photo 334: img_0333.jpg
2026-08-15 19:15:51,866 - INFO - 📷 Photo 335: img_0334.jpg
2026-08-15 19:15:53,224 - INFO - 📷 Photo 336: img_0335.jpg
2026-08-15 19:15:54,311 - INFO - 📷 Photo 337: img_0336.jpg
2026-08-15 19:15:55,441 - INFO - 📷 Photo 338: img_0337.jpg
2026-08-15 19:15:56,522 - INFO - 📷 Photo 339: img_0338.jpg
2026-08-15 19:15:57,626 - INFO - 📷 Photo 340: img_0339.jpg
2026-08-15 19:15:58,718 - INFO - 📷 Photo 341: img_0340.jpg
2026-08-15 19:15:59,831 - INFO - 📷 Photo 342: img_0341.jpg
2026-08-15 19:16:00,938 - INFO - 📷 Photo 343: img_0342.jpg
2026-08-15 19:16:02,040 - INFO - 📷 Photo 344: img_0343.jpg
2026-08-15 19:16:03,147 - INFO - 📷 Photo 345: img_0344.jpg
2026-08-15 19:16:04,245 - INFO - 📷 Photo 346: img_0345.jpg
2026-08-15 19:16:05,366 - INFO - 📷 Photo 347: img_0346.jpg
2026-08-15 19:16:06,462 - INFO - 📷 Photo 348: img_0347.jpg
2026-08-15 19:16:07,554 - INFO - 📷 Photo 349: img_0348.jpg
2026-08-15 19:16:08,702 - INFO - 📷 Photo 350: img_0349.jpg
2026-08-15 19:16:09,812 - INFO - 📷 Photo 351: img_0350.jpg
2026-08-15 19:16:10,906 - INFO - 📷 Photo 352: img_0351.jpg
2026-08-15 19:16:12,012 - INFO - 📷 Photo 353: img_0352.jpg
2026-08-15 19:16:13,149 - INFO - 📷 Photo 354: img_0353.jpg
2026-08-15 19:16:14,240 - INFO - 📷 Photo 355: img_0354.jpg
2026-08-15 19:16:15,376 - INFO - 📷 Photo 356: img_0355.jpg
2026-08-15 19:16:16,485 - INFO - 📷 Photo 357: img_0356.jpg
2026-08-15 19:16:17,581 - INFO - 📷 Photo 358: img_0357.jpg
2026-08-15 19:16:18,699 - INFO - 📷 Photo 359: img_0358.jpg
2026-08-15 19:16:19,862 - INFO - 📷 Photo 360: img_0359.jpg
2026-08-15 19:16:20,992 - INFO - 📷 Photo 361: img_0360.jpg
2026-08-15 19:16:22,111 - INFO - 📷 Photo 362: img_0361.jpg
2026-08-15 19:16:23,227 - INFO - 📷 Photo 363: img_0362.jpg
2026-08-15 19:16:24,338 - INFO - 📷 Photo 364: img_0363.jpg
2026-08-15 19:16:25,515 - INFO - 📷 Photo 365: img_0364.jpg
2026-08-15 19:16:26,624 - INFO - 📷 Photo 366: img_0365.jpg
2026-08-15 19:16:27,725 - INFO - 📷 Photo 367: img_0366.jpg
2026-08-15 19:16:28,824 - INFO - 📷 Photo 368: img_0367.jpg
2026-08-15 19:16:29,926 - INFO - 📷 Photo 369: img_0368.jpg
2026-08-15 19:16:31,023 - INFO - 📷 Photo 370: img_0369.jpg
2026-08-15 19:16:32,150 - INFO - 📷 Photo 371: img_0370.jpg
2026-08-15 19:16:33,257 - INFO - 📷 Photo 372: img_0371.jpg
2026-08-15 19:16:34,355 - INFO - 📷 Photo 373: img_0372.jpg
2026-08-15 19:16:35,453 - INFO - 📷 Photo 374: img_0373.jpg
2026-08-15 19:16:36,550 - INFO - 📷 Photo 375: img_0374.jpg
2026-08-15 19:16:37,652 - INFO - 📷 Photo 376: img_0375.jpg
2026-08-15 19:16:38,774 - INFO - 📷 Photo 377: img_0376.jpg
2026-08-15 19:16:39,873 - INFO - 📷 Photo 378: img_0377.jpg
2026-08-15 19:16:40,990 - INFO - 📷 Photo 379: img_0378.jpg
2026-08-15 19:16:42,121 - INFO - 📷 Photo 380: img_0379.jpg
2026-08-15 19:16:43,292 - INFO - 📷 Photo 381: img_0380.jpg
2026-08-15 19:16:44,394 - INFO - 📷 Photo 382: img_0381.jpg
2026-08-15 19:16:45,547 - INFO - 📷 Photo 383: img_0382.jpg
2026-08-15 19:16:46,653 - INFO - 📷 Photo 384: img_0383.jpg
2026-08-15 19:16:47,779 - INFO - 📷 Photo 385: img_0384.jpg
2026-08-15 19:16:48,884 - INFO - 📷 Photo 386: img_0385.jpg
2026-08-15 19:16:50,007 - INFO - 📷 Photo 387: img_0386.jpg
2026-08-15 19:16:51,130 - INFO - 📷 Photo 388: img_0387.jpg
2026-08-15 19:16:52,249 - INFO - 📷 Photo 389: img_0388.jpg
2026-08-15 19:16:53,439 - INFO - 📷 Photo 390: img_0389.jpg
2026-08-15 19:16:54,556 - INFO - 📷 Photo 391: img_0390.jpg
2026-08-15 19:16:55,704 - INFO - 📷 Photo 392: img_0391.jpg
2026-08-15 19:16:56,846 - INFO - 📷 Photo 393: img_0392.jpg
2026-08-15 19:16:57,994 - INFO - 📷 Photo 394: img_0393.jpg
2026-08-15 19:16:59,162 - INFO - 📷 Photo 395: img_0394.jpg
2026-08-15 19:17:00,330 - INFO - 📷 Photo 396: img_0395.jpg
2026-08-15 19:17:01,437 - INFO - 📷 Photo 397: img_0396.jpg
2026-08-15 19:17:02,559 - INFO - 📷 Photo 398: img_0397.jpg
2026-08-15 19:17:03,711 - INFO - 📷 Photo 399: img_0398.jpg
2026-08-15 19:17:04,812 - INFO - 📷 Photo 400: img_0399.jpg
2026-08-15 19:17:05,939 - INFO - 📷 Photo 401: img_0400.jpg
2026-08-15 19:17:07,055 - INFO - 📷 Photo 402: img_0401.jpg
2026-08-15 19:17:08,175 - INFO - 📷 Photo 403: img_0402.jpg
2026-08-15 19:17:09,332 - INFO - 📷 Photo 404: img_0403.jpg
2026-08-15 19:17:10,494 - INFO - 📷 Photo 405: img_0404.jpg
2026-08-15 19:17:11,622 - INFO - 📷 Photo 406: img_0405.jpg
2026-08-15 19:17:12,742 - INFO - 📷 Photo 407: img_0406.jpg
2026-08-15 19:17:13,839 - INFO - 📷 Photo 408: img_0407.jpg
2026-08-15 19:17:14,941 - INFO - 📷 Photo 409: img_0408.jpg
2026-08-15 19:17:16,087 - INFO - 📷 Photo 410: img_0409.jpg
2026-08-15 19:17:17,243 - INFO - 📷 Photo 411: img_0410.jpg
2026-08-15 19:17:18,339 - INFO - 📷 Photo 412: img_0411.jpg
2026-08-15 19:17:19,462 - INFO - 📷 Photo 413: img_0412.jpg
2026-08-15 19:17:20,613 - INFO - 📷 Photo 414: img_0413.jpg
2026-08-15 19:17:21,779 - INFO - 📷 Photo 415: img_0414.jpg
2026-08-15 19:17:22,875 - INFO - 📷 Photo 416: img_0415.jpg
2026-08-15 19:17:24,027 - INFO - 📷 Photo 417: img_0416.jpg
2026-08-15 19:17:25,147 - INFO - 📷 Photo 418: img_0417.jpg
2026-08-15 19:17:26,259 - INFO - 📷 Photo 419: img_0418.jpg
2026-08-15 19:17:27,408 - INFO - 📷 Photo 420: img_0419.jpg
2026-08-15 19:17:28,515 - INFO - 📷 Photo 421: img_0420.jpg
2026-08-15 19:17:29,618 - INFO - 📷 Photo 422: img_0421.jpg
2026-08-15 19:17:30,824 - INFO - 📷 Photo 423: img_0422.jpg
2026-08-15 19:17:31,913 - INFO - 📷 Photo 424: img_0423.jpg
2026-08-15 19:17:32,997 - INFO - 📷 Photo 425: img_0424.jpg
2026-08-15 19:17:34,147 - INFO - 📷 Photo 426: img_0425.jpg
2026-08-15 19:17:35,332 - INFO - 📷 Photo 427: img_0426.jpg
2026-08-15 19:17:36,460 - INFO - 📷 Photo 428: img_0427.jpg
2026-08-15 19:17:37,548 - INFO - 📷 Photo 429: img_0428.jpg
2026-08-15 19:17:38,678 - INFO - 📷 Photo 430: img_0429.jpg
2026-08-15 19:17:39,790 - INFO - 📷 Photo 431: img_0430.jpg
2026-08-15 19:17:40,889 - INFO - 📷 Photo 432: img_0431.jpg
2026-08-15 19:17:41,973 - INFO - 📷 Photo 433: img_0432.jpg
2026-08-15 19:17:43,070 - INFO - 📷 Photo 434: img_0433.jpg
2026-08-15 19:17:44,173 - INFO - 📷 Photo 435: img_0434.jpg
2026-08-15 19:17:45,330 - INFO - 📷 Photo 436: img_0435.jpg
2026-08-15 19:17:46,585 - INFO - 📷 Photo 437: img_0436.jpg
2026-08-15 19:17:47,737 - INFO - 📷 Photo 438: img_0437.jpg
2026-08-15 19:17:48,929 - INFO - 📷 Photo 439: img_0438.jpg
2026-08-15 19:17:50,092 - INFO - 📷 Photo 440: img_0439.jpg
2026-08-15 19:17:51,192 - INFO - 📷 Photo 441: img_0440.jpg
2026-08-15 19:17:52,284 - INFO - 📷 Photo 442: img_0441.jpg
2026-08-15 19:17:53,417 - INFO - 📷 Photo 443: img_0442.jpg
2026-08-15 19:17:54,521 - INFO - 📷 Photo 444: img_0443.jpg
2026-08-15 19:17:55,667 - INFO - 📷 Photo 445: img_0444.jpg
2026-08-15 19:17:56,825 - INFO - 📷 Photo 446: img_0445.jpg
2026-08-15 19:17:57,926 - INFO - 📷 Photo 447: img_0446.jpg
2026-08-15 19:17:59,020 - INFO - 📷 Photo 448: img_0447.jpg
2026-08-15 19:18:00,113 - INFO - 📷 Photo 449: img_0448.jpg
2026-08-15 19:18:01,268 - INFO - 📷 Photo 450: img_0449.jpg
2026-08-15 19:18:02,365 - INFO - 📷 Photo 451: img_0450.jpg
2026-08-15 19:18:03,455 - INFO - 📷 Photo 452: img_0451.jpg
2026-08-15 19:18:04,564 - INFO - 📷 Photo 453: img_0452.jpg
2026-08-15 19:18:05,655 - INFO - 📷 Photo 454: img_0453.jpg
2026-08-15 19:18:06,770 - INFO - 📷 Photo 455: img_0454.jpg
2026-08-15 19:18:07,875 - INFO - 📷 Photo 456: img_0455.jpg
2026-08-15 19:18:09,047 - INFO - 📷 Photo 457: img_0456.jpg
2026-08-15 19:18:10,150 - INFO - 📷 Photo 458: img_0457.jpg
2026-08-15 19:18:11,269 - INFO - 📷 Photo 459: img_0458.jpg
2026-08-15 19:18:12,367 - INFO - 📷 Photo 460: img_0459.jpg
2026-08-15 19:18:13,471 - INFO - 📷 Photo 461: img_0460.jpg
2026-08-15 19:18:14,591 - INFO - 📷 Photo 462: img_0461.jpg
2026-08-15 19:18:15,694 - INFO - 📷 Photo 463: img_0462.jpg
2026-08-15 19:18:16,799 - INFO - 📷 Photo 464: img_0463.jpg
2026-08-15 19:18:17,899 - INFO - 📷 Photo 465: img_0464.jpg
2026-08-15 19:18:19,053 - INFO - 📷 Photo 466: img_0465.jpg
2026-08-15 19:18:20,167 - INFO - 📷 Photo 467: img_0466.jpg
2026-08-15 19:18:21,261 - INFO - 📷 Photo 468: img_0467.jpg
2026-08-15 19:18:22,370 - INFO - 📷 Photo 469: img_0468.jpg
2026-08-15 19:18:23,513 - INFO - 📷 Photo 470: img_0469.jpg
2026-08-15 19:18:24,616 - INFO - 📷 Photo 471: img_0470.jpg
2026-08-15 19:18:25,743 - INFO - 📷 Photo 472: img_0471.jpg
2026-08-15 19:18:26,895 - INFO - 📷 Photo 473: img_0472.jpg
2026-08-15 19:18:28,056 - INFO - 📷 Photo 474: img_0473.jpg
2026-08-15 19:18:29,161 - INFO - 📷 Photo 475: img_0474.jpg
2026-08-15 19:18:30,273 - INFO - 📷 Photo 476: img_0475.jpg
2026-08-15 19:18:31,376 - INFO - 📷 Photo 477: img_0476.jpg
2026-08-15 19:18:32,480 - INFO - 📷 Photo 478: img_0477.jpg
2026-08-15 19:18:33,639 - INFO - 📷 Photo 479: img_0478.jpg
2026-08-15 19:18:34,757 - INFO - 📷 Photo 480: img_0479.jpg
2026-08-15 19:18:35,910 - INFO - 📷 Photo 481: img_0480.jpg
2026-08-15 19:18:37,042 - INFO - 📷 Photo 482: img_0481.jpg
2026-08-15 19:18:38,143 - INFO - 📷 Photo 483: img_0482.jpg
2026-08-15 19:18:39,247 - INFO - 📷 Photo 484: img_0483.jpg
2026-08-15 19:18:40,410 - INFO - 📷 Photo 485: img_0484.jpg
2026-08-15 19:18:41,627 - INFO - 📷 Photo 486: img_0485.jpg
2026-08-15 19:18:42,724 - INFO - 📷 Photo 487: img_0486.jpg
2026-08-15 19:18:43,823 - INFO - 📷 Photo 488: img_0487.jpg
2026-08-15 19:18:44,934 - INFO - 📷 Photo 489: img_0488.jpg
2026-08-15 19:18:46,050 - INFO - 📷 Photo 490: img_0489.jpg
2026-08-15 19:18:47,154 - INFO - 📷 Photo 491: img_0490.jpg
2026-08-15 19:18:48,255 - INFO - 📷 Photo 492: img_0491.jpg
2026-08-15 19:18:49,356 - INFO - 📷 Photo 493: img_0492.jpg
2026-08-15 19:18:50,480 - INFO - 📷 Photo 494: img_0493.jpg
2026-08-15 19:18:51,572 - INFO - 📷 Photo 495: img_0494.jpg
2026-08-15 19:18:52,682 - INFO - 📷 Photo 496: img_0495.jpg
2026-08-15 19:18:53,785 - INFO - 📷 Photo 497: img_0496.jpg
2026-08-15 19:18:54,888 - INFO - 📷 Photo 498: img_0497.jpg
2026-08-15 19:18:55,991 - INFO - 📷 Photo 499: img_0498.jpg
2026-08-15 19:18:57,096 - INFO - 📷 Photo 500: img_0499.jpg
2026-08-15 19:18:58,225 - INFO - 📷 Photo 501: img_0500.jpg
2026-08-15 19:18:59,338 - INFO - 📷 Photo 502: img_0501.jpg
2026-08-15 19:19:00,437 - INFO - 📷 Photo 503: img_0502.jpg
2026-08-15 19:19:01,561 - INFO - 📷 Photo 504: img_0503.jpg
2026-08-15 19:19:02,664 - INFO - 📷 Photo 505: img_0504.jpg
2026-08-15 19:19:03,766 - INFO - 📷 Photo 506: img_0505.jpg
2026-08-15 19:19:04,855 - INFO - 📷 Photo 507: img_0506.jpg
2026-08-15 19:19:06,026 - INFO - 📷 Photo 508: img_0507.jpg
2026-08-15 19:19:07,148 - INFO - 📷 Photo 509: img_0508.jpg
2026-08-15 19:19:08,248 - INFO - 📷 Photo 510: img_0509.jpg
2026-08-15 19:19:09,404 - INFO - 📷 Photo 511: img_0510.jpg
2026-08-15 19:19:10,534 - INFO - 📷 Photo 512: img_0511.jpg
2026-08-15 19:19:11,632 - INFO - 📷 Photo 513: img_0512.jpg
2026-08-15 19:19:12,725 - INFO - 📷 Photo 514: img_0513.jpg
2026-08-15 19:19:13,840 - INFO - 📷 Photo 515: img_0514.jpg
2026-08-15 19:19:14,957 - INFO - 📷 Photo 516: img_0515.jpg
2026-08-15 19:19:16,078 - INFO - 📷 Photo 517: img_0516.jpg
2026-08-15 19:19:17,198 - INFO - 📷 Photo 518: img_0517.jpg
2026-08-15 19:19:18,304 - INFO - 📷 Photo 519: img_0518.jpg
2026-08-15 19:19:19,400 - INFO - 📷 Photo 520: img_0519.jpg
2026-08-15 19:19:20,509 - INFO - 📷 Photo 521: img_0520.jpg
2026-08-15 19:19:21,619 - INFO - 📷 Photo 522: img_0521.jpg
2026-08-15 19:19:22,725 - INFO - 📷 Photo 523: img_0522.jpg
2026-08-15 19:19:23,863 - INFO - 📷 Photo 524: img_0523.jpg
2026-08-15 19:19:25,065 - INFO - 📷 Photo 525: img_0524.jpg
2026-08-15 19:19:26,203 - INFO - 📷 Photo 526: img_0525.jpg
2026-08-15 19:19:27,310 - INFO - 📷 Photo 527: img_0526.jpg
2026-08-15 19:19:28,470 - INFO - 📷 Photo 528: img_0527.jpg
2026-08-15 19:19:29,575 - INFO - 📷 Photo 529: img_0528.jpg
2026-08-15 19:19:30,673 - INFO - 📷 Photo 530: img_0529.jpg
2026-08-15 19:19:31,757 - INFO - 📷 Photo 531: img_0530.jpg
2026-08-15 19:19:32,873 - INFO - 📷 Photo 532: img_0531.jpg
2026-08-15 19:19:33,970 - INFO - 📷 Photo 533: img_0532.jpg
2026-08-15 19:19:35,065 - INFO - 📷 Photo 534: img_0533.jpg
2026-08-15 19:19:36,163 - INFO - 📷 Photo 535: img_0534.jpg
2026-08-15 19:19:37,268 - INFO - 📷 Photo 536: img_0535.jpg
2026-08-15 19:19:38,369 - INFO - 📷 Photo 537: img_0536.jpg
2026-08-15 19:19:39,464 - INFO - 📷 Photo 538: img_0537.jpg
2026-08-15 19:19:40,612 - INFO - 📷 Photo 539: img_0538.jpg
2026-08-15 19:19:41,711 - INFO - 📷 Photo 540: img_0539.jpg
2026-08-15 19:19:42,813 - INFO - 📷 Photo 541: img_0540.jpg
2026-08-15 19:19:43,913 - INFO - 📷 Photo 542: img_0541.jpg
2026-08-15 19:19:45,015 - INFO - 📷 Photo 543: img_0542.jpg
2026-08-15 19:19:46,132 - INFO - 📷 Photo 544: img_0543.jpg
2026-08-15 19:19:47,280 - INFO - 📷 Photo 545: img_0544.jpg
2026-08-15 19:19:48,373 - INFO - 📷 Photo 546: img_0545.jpg
2026-08-15 19:19:49,502 - INFO - 📷 Photo 547: img_0546.jpg
2026-08-15 19:19:50,587 - INFO - 📷 Photo 548: img_0547.jpg
2026-08-15 19:19:51,687 - INFO - 📷 Photo 549: img_0548.jpg
2026-08-15 19:19:52,822 - INFO - 📷 Photo 550: img_0549.jpg
2026-08-15 19:19:53,929 - INFO - 📷 Photo 551: img_0550.jpg
2026-08-15 19:19:55,032 - INFO - 📷 Photo 552: img_0551.jpg
2026-08-15 19:19:56,144 - INFO - 📷 Photo 553: img_0552.jpg
2026-08-15 19:19:57,244 - INFO - 📷 Photo 554: img_0553.jpg
2026-08-15 19:19:58,350 - INFO - 📷 Photo 555: img_0554.jpg
2026-08-15 19:19:59,454 - INFO - 📷 Photo 556: img_0555.jpg
2026-08-15 19:20:00,561 - INFO - 📷 Photo 557: img_0556.jpg
2026-08-15 19:20:01,709 - INFO - 📷 Photo 558: img_0557.jpg
2026-08-15 19:20:02,820 - INFO - 📷 Photo 559: img_0558.jpg
2026-08-15 19:20:03,978 - INFO - 📷 Photo 560: img_0559.jpg
2026-08-15 19:20:05,090 - INFO - 📷 Photo 561: img_0560.jpg
2026-08-15 19:20:06,197 - INFO - 📷 Photo 562: img_0561.jpg
2026-08-15 19:20:07,293 - INFO - 📷 Photo 563: img_0562.jpg
2026-08-15 19:20:08,406 - INFO - 📷 Photo 564: img_0563.jpg
2026-08-15 19:20:09,514 - INFO - 📷 Photo 565: img_0564.jpg
2026-08-15 19:20:10,614 - INFO - 📷 Photo 566: img_0565.jpg
2026-08-15 19:20:11,738 - INFO - 📷 Photo 567: img_0566.jpg
2026-08-15 19:20:12,865 - INFO - 📷 Photo 568: img_0567.jpg
2026-08-15 19:20:13,962 - INFO - 📷 Photo 569: img_0568.jpg
2026-08-15 19:20:15,072 - INFO - 📷 Photo 570: img_0569.jpg
2026-08-15 19:20:16,184 - INFO - 📷 Photo 571: img_0570.jpg
2026-08-15 19:20:17,301 - INFO - 📷 Photo 572: img_0571.jpg
2026-08-15 19:20:18,935 - INFO - 📷 Photo 573: img_0572.jpg
2026-08-15 19:20:20,584 - INFO - 📷 Photo 574: img_0573.jpg
2026-08-15 19:20:21,762 - INFO - 📷 Photo 575: img_0574.jpg
2026-08-15 19:20:23,080 - INFO - 📷 Photo 576: img_0575.jpg
2026-08-15 19:20:24,170 - INFO - 📷 Photo 577: img_0576.jpg
2026-08-15 19:20:25,269 - INFO - 📷 Photo 578: img_0577.jpg
2026-08-15 19:20:26,383 - INFO - 📷 Photo 579: img_0578.jpg
2026-08-15 19:20:27,490 - INFO - 📷 Photo 580: img_0579.jpg
2026-08-15 19:20:28,602 - INFO - 📷 Photo 581: img_0580.jpg
2026-08-15 19:20:29,723 - INFO - 📷 Photo 582: img_0581.jpg
2026-08-15 19:20:30,821 - INFO - 📷 Photo 583: img_0582.jpg
2026-08-15 19:20:31,923 - INFO - 📷 Photo 584: img_0583.jpg
2026-08-15 19:20:33,033 - INFO - 📷 Photo 585: img_0584.jpg
2026-08-15 19:20:34,199 - INFO - 📷 Photo 586: img_0585.jpg
2026-08-15 19:20:35,301 - INFO - 📷 Photo 587: img_0586.jpg
2026-08-15 19:20:36,418 - INFO - 📷 Photo 588: img_0587.jpg
2026-08-15 19:20:37,533 - INFO - 📷 Photo 589: img_0588.jpg
2026-08-15 19:20:38,631 - INFO - 📷 Photo 590: img_0589.jpg
2026-08-15 19:20:39,756 - INFO - 📷 Photo 591: img_0590.jpg
2026-08-15 19:20:40,857 - INFO - 📷 Photo 592: img_0591.jpg
2026-08-15 19:20:41,962 - INFO - 📷 Photo 593: img_0592.jpg
2026-08-15 19:20:43,180 - INFO - 📷 Photo 594: img_0593.jpg
2026-08-15 19:20:44,284 - INFO - 📷 Photo 595: img_0594.jpg
2026-08-15 19:20:45,390 - INFO - 📷 Photo 596: img_0595.jpg
2026-08-15 19:20:46,506 - INFO - 📷 Photo 597: img_0596.jpg
2026-08-15 19:20:47,604 - INFO - 📷 Photo 598: img_0597.jpg
2026-08-15 19:20:48,759 - INFO - 📷 Photo 599: img_0598.jpg
2026-08-15 19:20:49,866 - INFO - 📷 Photo 600: img_0599.jpg
2026-08-15 19:20:50,970 - INFO - 📷 Photo 601: img_0600.jpg
2026-08-15 19:20:52,065 - INFO - 📷 Photo 602: img_0601.jpg
2026-08-15 19:20:53,173 - INFO - 📷 Photo 603: img_0602.jpg
2026-08-15 19:20:54,290 - INFO - 📷 Photo 604: img_0603.jpg
2026-08-15 19:20:55,396 - INFO - 📷 Photo 605: img_0604.jpg
2026-08-15 19:20:56,515 - INFO - 📷 Photo 606: img_0605.jpg
2026-08-15 19:20:57,622 - INFO - 📷 Photo 607: img_0606.jpg
2026-08-15 19:20:58,771 - INFO - 📷 Photo 608: img_0607.jpg
2026-08-15 19:20:59,902 - INFO - 📷 Photo 609: img_0608.jpg
2026-08-15 19:21:01,032 - INFO - 📷 Photo 610: img_0609.jpg
2026-08-15 19:21:02,149 - INFO - 📷 Photo 611: img_0610.jpg
2026-08-15 19:21:03,286 - INFO - 📷 Photo 612: img_0611.jpg
2026-08-15 19:21:04,382 - INFO - 📷 Photo 613: img_0612.jpg
2026-08-15 19:21:05,492 - INFO - 📷 Photo 614: img_0613.jpg
2026-08-15 19:21:06,630 - INFO - 📷 Photo 615: img_0614.jpg
2026-08-15 19:21:07,730 - INFO - 📷 Photo 616: img_0615.jpg
2026-08-15 19:21:08,838 - INFO - 📷 Photo 617: img_0616.jpg
2026-08-15 19:21:09,957 - INFO - 📷 Photo 618: img_0617.jpg
2026-08-15 19:21:11,086 - INFO - 📷 Photo 619: img_0618.jpg
2026-08-15 19:21:12,219 - INFO - 📷 Photo 620: img_0619.jpg
2026-08-15 19:21:13,322 - INFO - 📷 Photo 621: img_0620.jpg
2026-08-15 19:21:14,420 - INFO - 📷 Photo 622: img_0621.jpg
2026-08-15 19:21:15,544 - INFO - 📷 Photo 623: img_0622.jpg
2026-08-15 19:21:16,655 - INFO - 📷 Photo 624: img_0623.jpg
2026-08-15 19:21:17,748 - INFO - 📷 Photo 625: img_0624.jpg
2026-08-15 19:21:18,834 - INFO - 📷 Photo 626: img_0625.jpg
2026-08-15 19:21:19,921 - INFO - 📷 Photo 627: img_0626.jpg
2026-08-15 19:21:21,027 - INFO - 📷 Photo 628: img_0627.jpg
2026-08-15 19:21:22,136 - INFO - 📷 Photo 629: img_0628.jpg
2026-08-15 19:21:23,246 - INFO - 📷 Photo 630: img_0629.jpg
2026-08-15 19:21:24,355 - INFO - 📷 Photo 631: img_0630.jpg
2026-08-15 19:21:25,468 - INFO - 📷 Photo 632: img_0631.jpg
2026-08-15 19:21:26,579 - INFO - 📷 Photo 633: img_0632.jpg
2026-08-15 19:21:27,720 - INFO - 📷 Photo 634: img_0633.jpg
2026-08-15 19:21:28,839 - INFO - 📷 Photo 635: img_0634.jpg
2026-08-15 19:21:29,962 - INFO - 📷 Photo 636: img_0635.jpg
2026-08-15 19:21:31,074 - INFO - 📷 Photo 637: img_0636.jpg
2026-08-15 19:21:32,237 - INFO - 📷 Photo 638: img_0637.jpg
2026-08-15 19:21:33,368 - INFO - 📷 Photo 639: img_0638.jpg
2026-08-15 19:21:34,475 - INFO - 📷 Photo 640: img_0639.jpg
2026-08-15 19:21:35,573 - INFO - 📷 Photo 641: img_0640.jpg
2026-08-15 19:21:36,690 - INFO - 📷 Photo 642: img_0641.jpg
2026-08-15 19:21:37,849 - INFO - 📷 Photo 643: img_0642.jpg
2026-08-15 19:21:38,968 - INFO - 📷 Photo 644: img_0643.jpg
2026-08-15 19:21:40,079 - INFO - 📷 Photo 645: img_0644.jpg
2026-08-15 19:21:41,177 - INFO - 📷 Photo 646: img_0645.jpg
2026-08-15 19:21:42,291 - INFO - 📷 Photo 647: img_0646.jpg
2026-08-15 19:21:43,390 - INFO - 📷 Photo 648: img_0647.jpg
2026-08-15 19:21:44,556 - INFO - 📷 Photo 649: img_0648.jpg
2026-08-15 19:21:45,658 - INFO - 📷 Photo 650: img_0649.jpg
2026-08-15 19:21:46,776 - INFO - 📷 Photo 651: img_0650.jpg
2026-08-15 19:21:47,927 - INFO - 📷 Photo 652: img_0651.jpg
2026-08-15 19:21:49,047 - INFO - 📷 Photo 653: img_0652.jpg
2026-08-15 19:21:50,173 - INFO - 📷 Photo 654: img_0653.jpg
2026-08-15 19:21:51,281 - INFO - 📷 Photo 655: img_0654.jpg
2026-08-15 19:21:52,381 - INFO - 📷 Photo 656: img_0655.jpg
2026-08-15 19:21:53,480 - INFO - 📷 Photo 657: img_0656.jpg
2026-08-15 19:21:54,622 - INFO - 📷 Photo 658: img_0657.jpg
2026-08-15 19:21:55,734 - INFO - 📷 Photo 659: img_0658.jpg
2026-08-15 19:21:56,845 - INFO - 📷 Photo 660: img_0659.jpg
2026-08-15 19:21:57,945 - INFO - 📷 Photo 661: img_0660.jpg
2026-08-15 19:21:59,052 - INFO - 📷 Photo 662: img_0661.jpg
2026-08-15 19:22:00,161 - INFO - 📷 Photo 663: img_0662.jpg
2026-08-15 19:22:01,274 - INFO - 📷 Photo 664: img_0663.jpg
2026-08-15 19:22:02,374 - INFO - 📷 Photo 665: img_0664.jpg
2026-08-15 19:22:03,472 - INFO - 📷 Photo 666: img_0665.jpg
2026-08-15 19:22:04,572 - INFO - 📷 Photo 667: img_0666.jpg
2026-08-15 19:22:05,671 - INFO - 📷 Photo 668: img_0667.jpg
2026-08-15 19:22:06,770 - INFO - 📷 Photo 669: img_0668.jpg
2026-08-15 19:22:07,873 - INFO - 📷 Photo 670: img_0669.jpg
2026-08-15 19:22:08,972 - INFO - 📷 Photo 671: img_0670.jpg
2026-08-15 19:22:10,072 - INFO - 📷 Photo 672: img_0671.jpg
2026-08-15 19:22:11,170 - INFO - 📷 Photo 673: img_0672.jpg
2026-08-15 19:22:12,290 - INFO - 📷 Photo 674: img_0673.jpg
2026-08-15 19:22:13,438 - INFO - 📷 Photo 675: img_0674.jpg
2026-08-15 19:22:14,541 - INFO - 📷 Photo 676: img_0675.jpg
2026-08-15 19:22:15,680 - INFO - 📷 Photo 677: img_0676.jpg
2026-08-15 19:22:16,794 - INFO - 📷 Photo 678: img_0677.jpg
2026-08-15 19:22:17,888 - INFO - 📷 Photo 679: img_0678.jpg
2026-08-15 19:22:18,987 - INFO - 📷 Photo 680: img_0679.jpg
2026-08-15 19:22:20,112 - INFO - 📷 Photo 681: img_0680.jpg
2026-08-15 19:22:21,224 - INFO - 📷 Photo 682: img_0681.jpg
2026-08-15 19:22:22,319 - INFO - 📷 Photo 683: img_0682.jpg
2026-08-15 19:22:23,417 - INFO - 📷 Photo 684: img_0683.jpg
2026-08-15 19:22:24,520 - INFO - 📷 Photo 685: img_0684.jpg
2026-08-15 19:22:25,622 - INFO - 📷 Photo 686: img_0685.jpg
2026-08-15 19:22:26,717 - INFO - 📷 Photo 687: img_0686.jpg
2026-08-15 19:22:27,816 - INFO - 📷 Photo 688: img_0687.jpg
2026-08-15 19:22:28,916 - INFO - 📷 Photo 689: img_0688.jpg
2026-08-15 19:22:30,022 - INFO - 📷 Photo 690: img_0689.jpg
2026-08-15 19:22:31,134 - INFO - 📷 Photo 691: img_0690.jpg
2026-08-15 19:22:32,251 - INFO - 📷 Photo 692: img_0691.jpg
2026-08-15 19:22:33,365 - INFO - 📷 Photo 693: img_0692.jpg
2026-08-15 19:22:34,495 - INFO - 📷 Photo 694: img_0693.jpg
2026-08-15 19:22:35,601 - INFO - 📷 Photo 695: img_0694.jpg
2026-08-15 19:22:36,707 - INFO - 📷 Photo 696: img_0695.jpg
2026-08-15 19:22:37,798 - INFO - 📷 Photo 697: img_0696.jpg
2026-08-15 19:22:38,898 - INFO - 📷 Photo 698: img_0697.jpg
2026-08-15 19:22:39,990 - INFO - 📷 Photo 699: img_0698.jpg
2026-08-15 19:22:41,111 - INFO - 📷 Photo 700: img_0699.jpg
2026-08-15 19:22:42,231 - INFO - 📷 Photo 701: img_0700.jpg
2026-08-15 19:22:43,339 - INFO - 📷 Photo 702: img_0701.jpg
2026-08-15 19:22:44,468 - INFO - 📷 Photo 703: img_0702.jpg
2026-08-15 19:22:45,593 - INFO - 📷 Photo 704: img_0703.jpg
2026-08-15 19:22:46,701 - INFO - 📷 Photo 705: img_0704.jpg
2026-08-15 19:22:47,858 - INFO - 📷 Photo 706: img_0705.jpg
2026-08-15 19:22:48,958 - INFO - 📷 Photo 707: img_0706.jpg
2026-08-15 19:22:50,061 - INFO - 📷 Photo 708: img_0707.jpg
2026-08-15 19:22:51,204 - INFO - 📷 Photo 709: img_0708.jpg
2026-08-15 19:22:52,345 - INFO - 📷 Photo 710: img_0709.jpg
2026-08-15 19:22:53,438 - INFO - 📷 Photo 711: img_0710.jpg
2026-08-15 19:22:54,555 - INFO - 📷 Photo 712: img_0711.jpg
2026-08-15 19:22:55,674 - INFO - 📷 Photo 713: img_0712.jpg
2026-08-15 19:22:56,781 - INFO - 📷 Photo 714: img_0713.jpg
2026-08-15 19:22:57,871 - INFO - 📷 Photo 715: img_0714.jpg
2026-08-15 19:22:58,966 - INFO - 📷 Photo 716: img_0715.jpg
2026-08-15 19:23:00,078 - INFO - 📷 Photo 717: img_0716.jpg
2026-08-15 19:23:01,212 - INFO - 📷 Photo 718: img_0717.jpg
2026-08-15 19:23:02,301 - INFO - 📷 Photo 719: img_0718.jpg
2026-08-15 19:23:03,401 - INFO - 📷 Photo 720: img_0719.jpg
2026-08-15 19:23:04,502 - INFO - 📷 Photo 721: img_0720.jpg
2026-08-15 19:23:05,626 - INFO - 📷 Photo 722: img_0721.jpg
2026-08-15 19:23:06,742 - INFO - 📷 Photo 723: img_0722.jpg
2026-08-15 19:23:07,988 - INFO - 📷 Photo 724: img_0723.jpg
2026-08-15 19:23:09,107 - INFO - 📷 Photo 725: img_0724.jpg
2026-08-15 19:23:10,216 - INFO - 📷 Photo 726: img_0725.jpg
2026-08-15 19:23:11,323 - INFO - 📷 Photo 727: img_0726.jpg
2026-08-15 19:23:12,428 - INFO - 📷 Photo 728: img_0727.jpg
2026-08-15 19:23:13,553 - INFO - 📷 Photo 729: img_0728.jpg
2026-08-15 19:23:14,656 - INFO - 📷 Photo 730: img_0729.jpg
2026-08-15 19:23:15,775 - INFO - 📷 Photo 731: img_0730.jpg
2026-08-15 19:23:16,934 - INFO - 📷 Photo 732: img_0731.jpg
2026-08-15 19:23:18,036 - INFO - 📷 Photo 733: img_0732.jpg
2026-08-15 19:23:19,173 - INFO - 📷 Photo 734: img_0733.jpg
2026-08-15 19:23:20,332 - INFO - 📷 Photo 735: img_0734.jpg
2026-08-15 19:23:21,475 - INFO - 📷 Photo 736: img_0735.jpg
2026-08-15 19:23:22,580 - INFO - 📷 Photo 737: img_0736.jpg
2026-08-15 19:23:23,718 - INFO - 📷 Photo 738: img_0737.jpg
2026-08-15 19:23:24,831 - INFO - 📷 Photo 739: img_0738.jpg
2026-08-15 19:23:25,952 - INFO - 📷 Photo 740: img_0739.jpg
2026-08-15 19:23:27,095 - INFO - 📷 Photo 741: img_0740.jpg
2026-08-15 19:23:28,197 - INFO - 📷 Photo 742: img_0741.jpg
2026-08-15 19:23:29,334 - INFO - 📷 Photo 743: img_0742.jpg
2026-08-15 19:23:30,453 - INFO - 📷 Photo 744: img_0743.jpg
2026-08-15 19:23:31,563 - INFO - 📷 Photo 745: img_0744.jpg
2026-08-15 19:23:32,658 - INFO - 📷 Photo 746: img_0745.jpg
2026-08-15 19:23:33,762 - INFO - 📷 Photo 747: img_0746.jpg
2026-08-15 19:23:34,861 - INFO - 📷 Photo 748: img_0747.jpg
2026-08-15 19:23:36,033 - INFO - 📷 Photo 749: img_0748.jpg
2026-08-15 19:23:37,192 - INFO - 📷 Photo 750: img_0749.jpg
2026-08-15 19:23:38,290 - INFO - 📷 Photo 751: img_0750.jpg
2026-08-15 19:23:39,478 - INFO - 📷 Photo 752: img_0751.jpg
2026-08-15 19:23:40,571 - INFO - 📷 Photo 753: img_0752.jpg
2026-08-15 19:23:41,678 - INFO - 📷 Photo 754: img_0753.jpg
2026-08-15 19:23:42,816 - INFO - 📷 Photo 755: img_0754.jpg
2026-08-15 19:23:43,918 - INFO - 📷 Photo 756: img_0755.jpg
2026-08-15 19:23:45,073 - INFO - 📷 Photo 757: img_0756.jpg
2026-08-15 19:23:46,172 - INFO - 📷 Photo 758: img_0757.jpg
2026-08-15 19:23:47,275 - INFO - 📷 Photo 759: img_0758.jpg
2026-08-15 19:23:48,407 - INFO - 📷 Photo 760: img_0759.jpg
2026-08-15 19:23:49,496 - INFO - 📷 Photo 761: img_0760.jpg
2026-08-15 19:23:50,603 - INFO - 📷 Photo 762: img_0761.jpg
2026-08-15 19:23:51,706 - INFO - 📷 Photo 763: img_0762.jpg
2026-08-15 19:23:52,827 - INFO - 📷 Photo 764: img_0763.jpg
2026-08-15 19:23:53,942 - INFO - 📷 Photo 765: img_0764.jpg
2026-08-15 19:23:55,056 - INFO - 📷 Photo 766: img_0765.jpg
2026-08-15 19:23:56,165 - INFO - 📷 Photo 767: img_0766.jpg
2026-08-15 19:23:57,291 - INFO - 📷 Photo 768: img_0767.jpg
2026-08-15 19:23:58,406 - INFO - 📷 Photo 769: img_0768.jpg
2026-08-15 19:23:59,536 - INFO - 📷 Photo 770: img_0769.jpg
2026-08-15 19:24:00,682 - INFO - 📷 Photo 771: img_0770.jpg
2026-08-15 19:24:01,781 - INFO - 📷 Photo 772: img_0771.jpg
2026-08-15 19:24:02,880 - INFO - 📷 Photo 773: img_0772.jpg
2026-08-15 19:24:03,981 - INFO - 📷 Photo 774: img_0773.jpg
2026-08-15 19:24:05,111 - INFO - 📷 Photo 775: img_0774.jpg
2026-08-15 19:24:06,218 - INFO - 📷 Photo 776: img_0775.jpg
2026-08-15 19:24:07,347 - INFO - 📷 Photo 777: img_0776.jpg
2026-08-15 19:24:08,508 - INFO - 📷 Photo 778: img_0777.jpg
2026-08-15 19:24:09,676 - INFO - 📷 Photo 779: img_0778.jpg
2026-08-15 19:24:10,825 - INFO - 📷 Photo 780: img_0779.jpg
2026-08-15 19:24:11,936 - INFO - 📷 Photo 781: img_0780.jpg
2026-08-15 19:24:13,073 - INFO - 📷 Photo 782: img_0781.jpg
2026-08-15 19:24:14,187 - INFO - 📷 Photo 783: img_0782.jpg
2026-08-15 19:24:15,295 - INFO - 📷 Photo 784: img_0783.jpg
2026-08-15 19:24:16,402 - INFO - 📷 Photo 785: img_0784.jpg
2026-08-15 19:24:17,515 - INFO - 📷 Photo 786: img_0785.jpg
2026-08-15 19:24:18,623 - INFO - 📷 Photo 787: img_0786.jpg
2026-08-15 19:24:19,825 - INFO - 📷 Photo 788: img_0787.jpg
2026-08-15 19:24:20,943 - INFO - 📷 Photo 789: img_0788.jpg
2026-08-15 19:24:22,060 - INFO - 📷 Photo 790: img_0789.jpg
2026-08-15 19:24:23,156 - INFO - 📷 Photo 791: img_0790.jpg
2026-08-15 19:24:24,258 - INFO - 📷 Photo 792: img_0791.jpg
2026-08-15 19:24:25,409 - INFO - 📷 Photo 793: img_0792.jpg
2026-08-15 19:24:26,524 - INFO - 📷 Photo 794: img_0793.jpg
2026-08-15 19:24:27,623 - INFO - 📷 Photo 795: img_0794.jpg
2026-08-15 19:24:28,719 - INFO - 📷 Photo 796: img_0795.jpg
2026-08-15 19:24:29,854 - INFO - 📷 Photo 797: img_0796.jpg
2026-08-15 19:24:31,009 - INFO - 📷 Photo 798: img_0797.jpg
2026-08-15 19:24:32,121 - INFO - 📷 Photo 799: img_0798.jpg
2026-08-15 19:24:33,220 - INFO - 📷 Photo 800: img_0799.jpg
2026-08-15 19:24:34,327 - INFO - 📷 Photo 801: img_0800.jpg
2026-08-15 19:24:35,434 - INFO - 📷 Photo 802: img_0801.jpg
2026-08-15 19:24:36,543 - INFO - 📷 Photo 803: img_0802.jpg
2026-08-15 19:24:37,649 - INFO - 📷 Photo 804: img_0803.jpg
2026-08-15 19:24:38,762 - INFO - 📷 Photo 805: img_0804.jpg
2026-08-15 19:24:39,862 - INFO - 📷 Photo 806: img_0805.jpg
2026-08-15 19:24:40,967 - INFO - 📷 Photo 807: img_0806.jpg
2026-08-15 19:24:42,116 - INFO - 📷 Photo 808: img_0807.jpg
2026-08-15 19:24:43,232 - INFO - 📷 Photo 809: img_0808.jpg
2026-08-15 19:24:44,321 - INFO - 📷 Photo 810: img_0809.jpg
2026-08-15 19:24:45,430 - INFO - 📷 Photo 811: img_0810.jpg
2026-08-15 19:24:46,537 - INFO - 📷 Photo 812: img_0811.jpg
2026-08-15 19:24:47,648 - INFO - 📷 Photo 813: img_0812.jpg
2026-08-15 19:24:48,770 - INFO - 📷 Photo 814: img_0813.jpg
2026-08-15 19:24:49,900 - INFO - 📷 Photo 815: img_0814.jpg
2026-08-15 19:24:51,004 - INFO - 📷 Photo 816: img_0815.jpg
2026-08-15 19:24:52,122 - INFO - 📷 Photo 817: img_0816.jpg
2026-08-15 19:24:53,234 - INFO - 📷 Photo 818: img_0817.jpg
2026-08-15 19:24:54,359 - INFO - 📷 Photo 819: img_0818.jpg
2026-08-15 19:24:55,514 - INFO - 📷 Photo 820: img_0819.jpg
2026-08-15 19:24:56,629 - INFO - 📷 Photo 821: img_0820.jpg
2026-08-15 19:24:57,732 - INFO - 📷 Photo 822: img_0821.jpg
2026-08-15 19:24:58,907 - INFO - 📷 Photo 823: img_0822.jpg
2026-08-15 19:25:00,014 - INFO - 📷 Photo 824: img_0823.jpg
2026-08-15 19:25:01,164 - INFO - 📷 Photo 825: img_0824.jpg
2026-08-15 19:25:02,258 - INFO - 📷 Photo 826: img_0825.jpg
2026-08-15 19:25:03,368 - INFO - 📷 Photo 827: img_0826.jpg
2026-08-15 19:25:04,527 - INFO - 📷 Photo 828: img_0827.jpg
2026-08-15 19:25:05,649 - INFO - 📷 Photo 829: img_0828.jpg
2026-08-15 19:25:06,757 - INFO - 📷 Photo 830: img_0829.jpg
2026-08-15 19:25:07,861 - INFO - 📷 Photo 831: img_0830.jpg
2026-08-15 19:25:09,028 - INFO - 📷 Photo 832: img_0831.jpg
2026-08-15 19:25:10,215 - INFO - 📷 Photo 833: img_0832.jpg
2026-08-15 19:25:11,373 - INFO - 📷 Photo 834: img_0833.jpg
2026-08-15 19:25:12,477 - INFO - 📷 Photo 835: img_0834.jpg
2026-08-15 19:25:13,597 - INFO - 📷 Photo 836: img_0835.jpg
2026-08-15 19:25:14,696 - INFO - 📷 Photo 837: img_0836.jpg
2026-08-15 19:25:15,782 - INFO - 📷 Photo 838: img_0837.jpg
2026-08-15 19:25:16,938 - INFO - 📷 Photo 839: img_0838.jpg
2026-08-15 19:25:18,045 - INFO - 📷 Photo 840: img_0839.jpg
2026-08-15 19:25:19,151 - INFO - 📷 Photo 841: img_0840.jpg
2026-08-15 19:25:20,249 - INFO - 📷 Photo 842: img_0841.jpg
2026-08-15 19:25:21,355 - INFO - 📷 Photo 843: img_0842.jpg
2026-08-15 19:25:22,469 - INFO - 📷 Photo 844: img_0843.jpg
2026-08-15 19:25:23,568 - INFO - 📷 Photo 845: img_0844.jpg
2026-08-15 19:25:24,675 - INFO - 📷 Photo 846: img_0845.jpg
2026-08-15 19:25:25,757 - INFO - 📷 Photo 847: img_0846.jpg
2026-08-15 19:25:26,868 - INFO - 📷 Photo 848: img_0847.jpg
2026-08-15 19:25:27,970 - INFO - 📷 Photo 849: img_0848.jpg
2026-08-15 19:25:29,102 - INFO - 📷 Photo 850: img_0849.jpg
2026-08-15 19:25:30,198 - INFO - 📷 Photo 851: img_0850.jpg
2026-08-15 19:25:31,345 - INFO - 📷 Photo 852: img_0851.jpg
2026-08-15 19:25:32,449 - INFO - 📷 Photo 853: img_0852.jpg
2026-08-15 19:25:33,566 - INFO - 📷 Photo 854: img_0853.jpg
2026-08-15 19:25:34,680 - INFO - 📷 Photo 855: img_0854.jpg
2026-08-15 19:25:35,795 - INFO - 📷 Photo 856: img_0855.jpg
2026-08-15 19:25:36,899 - INFO - 📷 Photo 857: img_0856.jpg
2026-08-15 19:25:38,018 - INFO - 📷 Photo 858: img_0857.jpg
2026-08-15 19:25:39,118 - INFO - 📷 Photo 859: img_0858.jpg
2026-08-15 19:25:40,248 - INFO - 📷 Photo 860: img_0859.jpg
2026-08-15 19:25:41,371 - INFO - 📷 Photo 861: img_0860.jpg
2026-08-15 19:25:42,482 - INFO - 📷 Photo 862: img_0861.jpg
2026-08-15 19:25:43,661 - INFO - 📷 Photo 863: img_0862.jpg
2026-08-15 19:25:44,755 - INFO - 📷 Photo 864: img_0863.jpg
2026-08-15 19:25:45,860 - INFO - 📷 Photo 865: img_0864.jpg
2026-08-15 19:25:46,976 - INFO - 📷 Photo 866: img_0865.jpg
2026-08-15 19:25:48,101 - INFO - 📷 Photo 867: img_0866.jpg
2026-08-15 19:25:49,180 - INFO - 📷 Photo 868: img_0867.jpg
2026-08-15 19:25:50,338 - INFO - 📷 Photo 869: img_0868.jpg
2026-08-15 19:25:51,455 - INFO - 📷 Photo 870: img_0869.jpg
2026-08-15 19:25:52,556 - INFO - 📷 Photo 871: img_0870.jpg
2026-08-15 19:25:53,657 - INFO - 📷 Photo 872: img_0871.jpg
2026-08-15 19:25:54,747 - INFO - 📷 Photo 873: img_0872.jpg
2026-08-15 19:25:55,913 - INFO - 📷 Photo 874: img_0873.jpg
2026-08-15 19:25:57,026 - INFO - 📷 Photo 875: img_0874.jpg
2026-08-15 19:25:58,172 - INFO - 📷 Photo 876: img_0875.jpg
2026-08-15 19:25:59,331 - INFO - 📷 Photo 877: img_0876.jpg
2026-08-15 19:26:00,507 - INFO - 📷 Photo 878: img_0877.jpg
2026-08-15 19:26:01,614 - INFO - 📷 Photo 879: img_0878.jpg
2026-08-15 19:26:02,774 - INFO - 📷 Photo 880: img_0879.jpg
2026-08-15 19:26:03,870 - INFO - 📷 Photo 881: img_0880.jpg
2026-08-15 19:26:05,060 - INFO - 📷 Photo 882: img_0881.jpg
2026-08-15 19:26:06,166 - INFO - 📷 Photo 883: img_0882.jpg
2026-08-15 19:26:07,570 - INFO - 📷 Photo 884: img_0883.jpg
2026-08-15 19:26:08,717 - INFO - 📷 Photo 885: img_0884.jpg
2026-08-15 19:26:09,894 - INFO - 📷 Photo 886: img_0885.jpg
2026-08-15 19:26:11,001 - INFO - 📷 Photo 887: img_0886.jpg
2026-08-15 19:26:12,092 - INFO - 📷 Photo 888: img_0887.jpg
2026-08-15 19:26:13,205 - INFO - 📷 Photo 889: img_0888.jpg
2026-08-15 19:26:14,295 - INFO - 📷 Photo 890: img_0889.jpg
2026-08-15 19:26:15,441 - INFO - 📷 Photo 891: img_0890.jpg
2026-08-15 19:26:16,547 - INFO - 📷 Photo 892: img_0891.jpg
2026-08-15 19:26:17,662 - INFO - 📷 Photo 893: img_0892.jpg
2026-08-15 19:26:18,773 - INFO - 📷 Photo 894: img_0893.jpg
2026-08-15 19:26:19,939 - INFO - 📷 Photo 895: img_0894.jpg
2026-08-15 19:26:21,058 - INFO - 📷 Photo 896: img_0895.jpg
2026-08-15 19:26:22,165 - INFO - 📷 Photo 897: img_0896.jpg
2026-08-15 19:26:23,282 - INFO - 📷 Photo 898: img_0897.jpg
2026-08-15 19:26:24,405 - INFO - 📷 Photo 899: img_0898.jpg
2026-08-15 19:26:25,543 - INFO - 📷 Photo 900: img_0899.jpg
2026-08-15 19:26:26,650 - INFO - 📷 Photo 901: img_0900.jpg
2026-08-15 19:26:27,749 - INFO - 📷 Photo 902: img_0901.jpg
2026-08-15 19:26:28,836 - INFO - 📷 Photo 903: img_0902.jpg
2026-08-15 19:26:29,950 - INFO - 📷 Photo 904: img_0903.jpg
2026-08-15 19:26:31,093 - INFO - 📷 Photo 905: img_0904.jpg
2026-08-15 19:26:32,183 - INFO - 📷 Photo 906: img_0905.jpg
2026-08-15 19:26:33,292 - INFO - 📷 Photo 907: img_0906.jpg
2026-08-15 19:26:34,383 - INFO - 📷 Photo 908: img_0907.jpg
2026-08-15 19:26:35,489 - INFO - 📷 Photo 909: img_0908.jpg
2026-08-15 19:26:36,662 - INFO - 📷 Photo 910: img_0909.jpg
2026-08-15 19:26:37,766 - INFO - 📷 Photo 911: img_0910.jpg
2026-08-15 19:26:38,864 - INFO - 📷 Photo 912: img_0911.jpg
2026-08-15 19:26:40,012 - INFO - 📷 Photo 913: img_0912.jpg
2026-08-15 19:26:41,151 - INFO - 📷 Photo 914: img_0913.jpg
2026-08-15 19:26:42,257 - INFO - 📷 Photo 915: img_0914.jpg
2026-08-15 19:26:43,359 - INFO - 📷 Photo 916: img_0915.jpg
2026-08-15 19:26:44,470 - INFO - 📷 Photo 917: img_0916.jpg
2026-08-15 19:26:45,575 - INFO - 📷 Photo 918: img_0917.jpg
2026-08-15 19:26:46,674 - INFO - 📷 Photo 919: img_0918.jpg
2026-08-15 19:26:47,852 - INFO - 📷 Photo 920: img_0919.jpg
2026-08-15 19:26:48,951 - INFO - 📷 Photo 921: img_0920.jpg
2026-08-15 19:26:50,096 - INFO - 📷 Photo 922: img_0921.jpg
2026-08-15 19:26:51,201 - INFO - 📷 Photo 923: img_0922.jpg
2026-08-15 19:26:52,297 - INFO - 📷 Photo 924: img_0923.jpg
2026-08-15 19:26:53,392 - INFO - 📷 Photo 925: img_0924.jpg
2026-08-15 19:26:54,549 - INFO - 📷 Photo 926: img_0925.jpg
2026-08-15 19:26:55,649 - INFO - 📷 Photo 927: img_0926.jpg
2026-08-15 19:26:56,768 - INFO - 📷 Photo 928: img_0927.jpg
2026-08-15 19:26:57,888 - INFO - 📷 Photo 929: img_0928.jpg
2026-08-15 19:26:58,998 - INFO - 📷 Photo 930: img_0929.jpg
2026-08-15 19:27:00,180 - INFO - 📷 Photo 931: img_0930.jpg
2026-08-15 19:27:01,337 - INFO - 📷 Photo 932: img_0931.jpg
2026-08-15 19:27:02,447 - INFO - 📷 Photo 933: img_0932.jpg
2026-08-15 19:27:03,596 - INFO - 📷 Photo 934: img_0933.jpg
2026-08-15 19:27:04,748 - INFO - 📷 Photo 935: img_0934.jpg
2026-08-15 19:27:05,864 - INFO - 📷 Photo 936: img_0935.jpg
2026-08-15 19:27:07,012 - INFO - 📷 Photo 937: img_0936.jpg
2026-08-15 19:27:08,129 - INFO - 📷 Photo 938: img_0937.jpg
2026-08-15 19:27:09,217 - INFO - 📷 Photo 939: img_0938.jpg
2026-08-15 19:27:10,335 - INFO - 📷 Photo 940: img_0939.jpg
2026-08-15 19:27:11,459 - INFO - 📷 Photo 941: img_0940.jpg
2026-08-15 19:27:12,613 - INFO - 📷 Photo 942: img_0941.jpg
2026-08-15 19:27:13,782 - INFO - 📷 Photo 943: img_0942.jpg
2026-08-15 19:27:14,959 - INFO - 📷 Photo 944: img_0943.jpg
2026-08-15 19:27:16,061 - INFO - 📷 Photo 945: img_0944.jpg
2026-08-15 19:27:17,177 - INFO - 📷 Photo 946: img_0945.jpg
2026-08-15 19:27:18,274 - INFO - 📷 Photo 947: img_0946.jpg
2026-08-15 19:27:19,390 - INFO - 📷 Photo 948: img_0947.jpg
2026-08-15 19:27:20,506 - INFO - 📷 Photo 949: img_0948.jpg
2026-08-15 19:27:21,607 - INFO - 📷 Photo 950: img_0949.jpg
2026-08-15 19:27:22,722 - INFO - 📷 Photo 951: img_0950.jpg
2026-08-15 19:27:23,818 - INFO - 📷 Photo 952: img_0951.jpg
2026-08-15 19:27:24,932 - INFO - 📷 Photo 953: img_0952.jpg
2026-08-15 19:27:26,049 - INFO - 📷 Photo 954: img_0953.jpg
2026-08-15 19:27:27,154 - INFO - 📷 Photo 955: img_0954.jpg
2026-08-15 19:27:28,295 - INFO - 📷 Photo 956: img_0955.jpg
2026-08-15 19:27:29,407 - INFO - 📷 Photo 957: img_0956.jpg
2026-08-15 19:27:30,519 - INFO - 📷 Photo 958: img_0957.jpg
2026-08-15 19:27:31,625 - INFO - 📷 Photo 959: img_0958.jpg
2026-08-15 19:27:32,782 - INFO - 📷 Photo 960: img_0959.jpg
2026-08-15 19:27:33,882 - INFO - 📷 Photo 961: img_0960.jpg
2026-08-15 19:27:35,038 - INFO - 📷 Photo 962: img_0961.jpg
2026-08-15 19:27:36,145 - INFO - 📷 Photo 963: img_0962.jpg
2026-08-15 19:27:37,247 - INFO - 📷 Photo 964: img_0963.jpg
2026-08-15 19:27:38,384 - INFO - 📷 Photo 965: img_0964.jpg
2026-08-15 19:27:39,479 - INFO - 📷 Photo 966: img_0965.jpg
2026-08-15 19:27:40,615 - INFO - 📷 Photo 967: img_0966.jpg
2026-08-15 19:27:41,713 - INFO - 📷 Photo 968: img_0967.jpg
2026-08-15 19:27:42,813 - INFO - 📷 Photo 969: img_0968.jpg
2026-08-15 19:27:43,927 - INFO - 📷 Photo 970: img_0969.jpg
2026-08-15 19:27:45,021 - INFO - 📷 Photo 971: img_0970.jpg
2026-08-15 19:27:46,134 - INFO - 📷 Photo 972: img_0971.jpg
2026-08-15 19:27:47,251 - INFO - 📷 Photo 973: img_0972.jpg
2026-08-15 19:27:48,347 - INFO - 📷 Photo 974: img_0973.jpg
2026-08-15 19:27:49,462 - INFO - 📷 Photo 975: img_0974.jpg
2026-08-15 19:27:50,558 - INFO - 📷 Photo 976: img_0975.jpg
2026-08-15 19:27:51,679 - INFO - 📷 Photo 977: img_0976.jpg
2026-08-15 19:27:52,794 - INFO - 📷 Photo 978: img_0977.jpg
2026-08-15 19:27:53,931 - INFO - 📷 Photo 979: img_0978.jpg
2026-08-15 19:27:55,050 - INFO - 📷 Photo 980: img_0979.jpg
2026-08-15 19:27:56,161 - INFO - 📷 Photo 981: img_0980.jpg
2026-08-15 19:27:57,349 - INFO - 📷 Photo 982: img_0981.jpg
2026-08-15 19:27:58,499 - INFO - 📷 Photo 983: img_0982.jpg
2026-08-15 19:27:59,670 - INFO - 📷 Photo 984: img_0983.jpg
2026-08-15 19:28:00,778 - INFO - 📷 Photo 985: img_0984.jpg
2026-08-15 19:28:01,886 - INFO - 📷 Photo 986: img_0985.jpg
2026-08-15 19:28:03,046 - INFO - 📷 Photo 987: img_0986.jpg
2026-08-15 19:28:04,153 - INFO - 📷 Photo 988: img_0987.jpg
2026-08-15 19:28:05,259 - INFO - 📷 Photo 989: img_0988.jpg
2026-08-15 19:28:06,356 - INFO - 📷 Photo 990: img_0989.jpg
2026-08-15 19:28:07,451 - INFO - 📷 Photo 991: img_0990.jpg
2026-08-15 19:28:08,552 - INFO - 📷 Photo 992: img_0991.jpg
2026-08-15 19:28:09,653 - INFO - 📷 Photo 993: img_0992.jpg
2026-08-15 19:28:10,759 - INFO - 📷 Photo 994: img_0993.jpg
2026-08-15 19:28:11,848 - INFO - 📷 Photo 995: img_0994.jpg
2026-08-15 19:28:12,948 - INFO - 📷 Photo 996: img_0995.jpg
2026-08-15 19:28:14,073 - INFO - 📷 Photo 997: img_0996.jpg
2026-08-15 19:28:15,191 - INFO - 📷 Photo 998: img_0997.jpg
2026-08-15 19:28:16,284 - INFO - 📷 Photo 999: img_0998.jpg
2026-08-15 19:28:17,399 - INFO - 📷 Photo 1000: img_0999.jpg
2026-08-15 19:28:18,513 - INFO - 📷 Photo 1001: img_1000.jpg
2026-08-15 19:28:19,613 - INFO - 📷 Photo 1002: img_1001.jpg
2026-08-15 19:28:20,710 - INFO - 📷 Photo 1003: img_1002.jpg
2026-08-15 19:28:21,833 - INFO - 📷 Photo 1004: img_1003.jpg
2026-08-15 19:28:22,930 - INFO - 📷 Photo 1005: img_1004.jpg
2026-08-15 19:28:24,200 - INFO - 📷 Photo 1006: img_1005.jpg
2026-08-15 19:28:25,296 - INFO - 📷 Photo 1007: img_1006.jpg
2026-08-15 19:28:26,398 - INFO - 📷 Photo 1008: img_1007.jpg
2026-08-15 19:28:27,512 - INFO - 📷 Photo 1009: img_1008.jpg
2026-08-15 19:28:28,611 - INFO - 📷 Photo 1010: img_1009.jpg
2026-08-15 19:28:29,716 - INFO - 📷 Photo 1011: img_1010.jpg
2026-08-15 19:28:30,813 - INFO - 📷 Photo 1012: img_1011.jpg
2026-08-15 19:28:31,906 - INFO - 📷 Photo 1013: img_1012.jpg
2026-08-15 19:28:33,010 - INFO - 📷 Photo 1014: img_1013.jpg
2026-08-15 19:28:34,116 - INFO - 📷 Photo 1015: img_1014.jpg
2026-08-15 19:28:35,260 - INFO - 📷 Photo 1016: img_1015.jpg
2026-08-15 19:28:36,361 - INFO - 📷 Photo 1017: img_1016.jpg
2026-08-15 19:28:37,464 - INFO - 📷 Photo 1018: img_1017.jpg
2026-08-15 19:28:38,584 - INFO - 📷 Photo 1019: img_1018.jpg
2026-08-15 19:28:39,743 - INFO - 📷 Photo 1020: img_1019.jpg
2026-08-15 19:28:40,901 - INFO - 📷 Photo 1021: img_1020.jpg
2026-08-15 19:28:42,043 - INFO - 📷 Photo 1022: img_1021.jpg
2026-08-15 19:28:43,199 - INFO - 📷 Photo 1023: img_1022.jpg
2026-08-15 19:28:44,327 - INFO - 📷 Photo 1024: img_1023.jpg
2026-08-15 19:28:45,438 - INFO - 📷 Photo 1025: img_1024.jpg
2026-08-15 19:28:46,543 - INFO - 📷 Photo 1026: img_1025.jpg
2026-08-15 19:28:47,662 - INFO - 📷 Photo 1027: img_1026.jpg
2026-08-15 19:28:48,777 - INFO - 📷 Photo 1028: img_1027.jpg
2026-08-15 19:28:49,944 - INFO - 📷 Photo 1029: img_1028.jpg
2026-08-15 19:28:51,066 - INFO - 📷 Photo 1030: img_1029.jpg
2026-08-15 19:28:52,172 - INFO - 📷 Photo 1031: img_1030.jpg
2026-08-15 19:28:53,281 - INFO - 📷 Photo 1032: img_1031.jpg
2026-08-15 19:28:54,443 - INFO - 📷 Photo 1033: img_1032.jpg
2026-08-15 19:28:55,559 - INFO - 📷 Photo 1034: img_1033.jpg
2026-08-15 19:28:56,672 - INFO - 📷 Photo 1035: img_1034.jpg
2026-08-15 19:28:57,774 - INFO - 📷 Photo 1036: img_1035.jpg
2026-08-15 19:28:58,878 - INFO - 📷 Photo 1037: img_1036.jpg
2026-08-15 19:29:00,234 - INFO - 📷 Photo 1038: img_1037.jpg
2026-08-15 19:29:01,352 - INFO - 📷 Photo 1039: img_1038.jpg
2026-08-15 19:29:02,460 - INFO - 📷 Photo 1040: img_1039.jpg
2026-08-15 19:29:03,547 - INFO - 📷 Photo 1041: img_1040.jpg
2026-08-15 19:29:04,699 - INFO - 📷 Photo 1042: img_1041.jpg
2026-08-15 19:29:05,818 - INFO - 📷 Photo 1043: img_1042.jpg
2026-08-15 19:29:06,922 - INFO - 📷 Photo 1044: img_1043.jpg
2026-08-15 19:29:08,027 - INFO - 📷 Photo 1045: img_1044.jpg
2026-08-15 19:29:09,141 - INFO - 📷 Photo 1046: img_1045.jpg
2026-08-15 19:29:10,241 - INFO - 📷 Photo 1047: img_1046.jpg
2026-08-15 19:29:11,354 - INFO - 📷 Photo 1048: img_1047.jpg
2026-08-15 19:29:12,465 - INFO - 📷 Photo 1049: img_1048.jpg
2026-08-15 19:29:13,626 - INFO - 📷 Photo 1050: img_1049.jpg
2026-08-15 19:29:14,730 - INFO - 📷 Photo 1051: img_1050.jpg
2026-08-15 19:29:15,829 - INFO - 📷 Photo 1052: img_1051.jpg
2026-08-15 19:29:16,914 - INFO - 📷 Photo 1053: img_1052.jpg
2026-08-15 19:29:18,021 - INFO - 📷 Photo 1054: img_1053.jpg
2026-08-15 19:29:19,122 - INFO - 📷 Photo 1055: img_1054.jpg
2026-08-15 19:29:20,271 - INFO - 📷 Photo 1056: img_1055.jpg
2026-08-15 19:29:21,435 - INFO - 📷 Photo 1057: img_1056.jpg
2026-08-15 19:29:22,577 - INFO - 📷 Photo 1058: img_1057.jpg
2026-08-15 19:29:23,703 - INFO - 📷 Photo 1059: img_1058.jpg
2026-08-15 19:29:24,820 - INFO - 📷 Photo 1060: img_1059.jpg
2026-08-15 19:29:25,933 - INFO - 📷 Photo 1061: img_1060.jpg
2026-08-15 19:29:27,042 - INFO - 📷 Photo 1062: img_1061.jpg
2026-08-15 19:29:28,157 - INFO - 📷 Photo 1063: img_1062.jpg
2026-08-15 19:29:29,274 - INFO - 📷 Photo 1064: img_1063.jpg
2026-08-15 19:29:30,372 - INFO - 📷 Photo 1065: img_1064.jpg
2026-08-15 19:29:31,473 - INFO - 📷 Photo 1066: img_1065.jpg
2026-08-15 19:29:32,592 - INFO - 📷 Photo 1067: img_1066.jpg
2026-08-15 19:29:33,701 - INFO - 📷 Photo 1068: img_1067.jpg
2026-08-15 19:29:34,816 - INFO - 📷 Photo 1069: img_1068.jpg
2026-08-15 19:29:35,916 - INFO - 📷 Photo 1070: img_1069.jpg
2026-08-15 19:29:37,019 - INFO - 📷 Photo 1071: img_1070.jpg
2026-08-15 19:29:38,140 - INFO - 📷 Photo 1072: img_1071.jpg
2026-08-15 19:29:39,253 - INFO - 📷 Photo 1073: img_1072.jpg
2026-08-15 19:29:40,367 - INFO - 📷 Photo 1074: img_1073.jpg
2026-08-15 19:29:41,457 - INFO - 📷 Photo 1075: img_1074.jpg
2026-08-15 19:29:42,567 - INFO - 📷 Photo 1076: img_1075.jpg
2026-08-15 19:29:43,665 - INFO - 📷 Photo 1077: img_1076.jpg
2026-08-15 19:29:44,765 - INFO - 📷 Photo 1078: img_1077.jpg
2026-08-15 19:29:45,892 - INFO - 📷 Photo 1079: img_1078.jpg
2026-08-15 19:29:46,994 - INFO - 📷 Photo 1080: img_1079.jpg
2026-08-15 19:29:48,103 - INFO - 📷 Photo 1081: img_1080.jpg
2026-08-15 19:29:49,216 - INFO - 📷 Photo 1082: img_1081.jpg
2026-08-15 19:29:50,322 - INFO - 📷 Photo 1083: img_1082.jpg
2026-08-15 19:29:51,413 - INFO - 📷 Photo 1084: img_1083.jpg
2026-08-15 19:29:52,531 - INFO - 📷 Photo 1085: img_1084.jpg
2026-08-15 19:29:53,631 - INFO - 📷 Photo 1086: img_1085.jpg
2026-08-15 19:29:54,755 - INFO - 📷 Photo 1087: img_1086.jpg
2026-08-15 19:29:55,865 - INFO - 📷 Photo 1088: img_1087.jpg
2026-08-15 19:29:56,952 - INFO - 📷 Photo 1089: img_1088.jpg
2026-08-15 19:29:58,117 - INFO - 📷 Photo 1090: img_1089.jpg
2026-08-15 19:29:59,229 - INFO - 📷 Photo 1091: img_1090.jpg
2026-08-15 19:30:00,345 - INFO - 📷 Photo 1092: img_1091.jpg
2026-08-15 19:30:01,466 - INFO - 📷 Photo 1093: img_1092.jpg
2026-08-15 19:30:02,560 - INFO - 📷 Photo 1094: img_1093.jpg
2026-08-15 19:30:03,662 - INFO - 📷 Photo 1095: img_1094.jpg
2026-08-15 19:30:04,775 - INFO - 📷 Photo 1096: img_1095.jpg
2026-08-15 19:30:05,876 - INFO - 📷 Photo 1097: img_1096.jpg
2026-08-15 19:30:07,011 - INFO - 📷 Photo 1098: img_1097.jpg
2026-08-15 19:30:08,208 - INFO - 📷 Photo 1099: img_1098.jpg
2026-08-15 19:30:09,318 - INFO - 📷 Photo 1100: img_1099.jpg
2026-08-15 19:30:10,420 - INFO - 📷 Photo 1101: img_1100.jpg
2026-08-15 19:30:11,508 - INFO - 📷 Photo 1102: img_1101.jpg
2026-08-15 19:30:12,597 - INFO - 📷 Photo 1103: img_1102.jpg
2026-08-15 19:30:13,697 - INFO - 📷 Photo 1104: img_1103.jpg
2026-08-15 19:30:14,812 - INFO - 📷 Photo 1105: img_1104.jpg
2026-08-15 19:30:15,931 - INFO - 📷 Photo 1106: img_1105.jpg
2026-08-15 19:30:17,089 - INFO - 📷 Photo 1107: img_1106.jpg
2026-08-15 19:30:18,253 - INFO - 📷 Photo 1108: img_1107.jpg
2026-08-15 19:30:19,405 - INFO - 📷 Photo 1109: img_1108.jpg
2026-08-15 19:30:20,491 - INFO - 📷 Photo 1110: img_1109.jpg
2026-08-15 19:30:21,628 - INFO - 📷 Photo 1111: img_1110.jpg
2026-08-15 19:30:22,735 - INFO - 📷 Photo 1112: img_1111.jpg
2026-08-15 19:30:23,895 - INFO - 📷 Photo 1113: img_1112.jpg
2026-08-15 19:30:24,985 - INFO - 📷 Photo 1114: img_1113.jpg
2026-08-15 19:30:26,134 - INFO - 📷 Photo 1115: img_1114.jpg
2026-08-15 19:30:27,232 - INFO - 📷 Photo 1116: img_1115.jpg
2026-08-15 19:30:28,379 - INFO - 📷 Photo 1117: img_1116.jpg
2026-08-15 19:30:29,475 - INFO - 📷 Photo 1118: img_1117.jpg
2026-08-15 19:30:30,584 - INFO - 📷 Photo 1119: img_1118.jpg
2026-08-15 19:30:31,689 - INFO - 📷 Photo 1120: img_1119.jpg
2026-08-15 19:30:32,842 - INFO - 📷 Photo 1121: img_1120.jpg
2026-08-15 19:30:33,944 - INFO - 📷 Photo 1122: img_1121.jpg
2026-08-15 19:30:35,064 - INFO - 📷 Photo 1123: img_1122.jpg
2026-08-15 19:30:36,187 - INFO - 📷 Photo 1124: img_1123.jpg
2026-08-15 19:30:37,299 - INFO - 📷 Photo 1125: img_1124.jpg
2026-08-15 19:30:38,421 - INFO - 📷 Photo 1126: img_1125.jpg
2026-08-15 19:30:39,523 - INFO - 📷 Photo 1127: img_1126.jpg
2026-08-15 19:30:40,642 - INFO - 📷 Photo 1128: img_1127.jpg
2026-08-15 19:30:41,750 - INFO - 📷 Photo 1129: img_1128.jpg
2026-08-15 19:30:42,864 - INFO - 📷 Photo 1130: img_1129.jpg
2026-08-15 19:30:43,979 - INFO - 📷 Photo 1131: img_1130.jpg
2026-08-15 19:30:45,099 - INFO - 📷 Photo 1132: img_1131.jpg
2026-08-15 19:30:46,214 - INFO - 📷 Photo 1133: img_1132.jpg
2026-08-15 19:30:47,366 - INFO - 📷 Photo 1134: img_1133.jpg
2026-08-15 19:30:48,527 - INFO - 📷 Photo 1135: img_1134.jpg
2026-08-15 19:30:49,642 - INFO - 📷 Photo 1136: img_1135.jpg
2026-08-15 19:30:50,763 - INFO - 📷 Photo 1137: img_1136.jpg
2026-08-15 19:30:51,883 - INFO - 📷 Photo 1138: img_1137.jpg
2026-08-15 19:30:52,998 - INFO - 📷 Photo 1139: img_1138.jpg
2026-08-15 19:30:54,111 - INFO - 📷 Photo 1140: img_1139.jpg
2026-08-15 19:30:55,228 - INFO - 📷 Photo 1141: img_1140.jpg
2026-08-15 19:30:56,349 - INFO - 📷 Photo 1142: img_1141.jpg
2026-08-15 19:30:57,509 - INFO - 📷 Photo 1143: img_1142.jpg
2026-08-15 19:30:58,672 - INFO - 📷 Photo 1144: img_1143.jpg
2026-08-15 19:30:59,778 - INFO - 📷 Photo 1145: img_1144.jpg
2026-08-15 19:31:00,943 - INFO - 📷 Photo 1146: img_1145.jpg
2026-08-15 19:31:02,107 - INFO - 📷 Photo 1147: img_1146.jpg
2026-08-15 19:31:03,223 - INFO - 📷 Photo 1148: img_1147.jpg
2026-08-15 19:31:04,340 - INFO - 📷 Photo 1149: img_1148.jpg
2026-08-15 19:31:05,426 - INFO - 📷 Photo 1150: img_1149.jpg
2026-08-15 19:31:06,524 - INFO - 📷 Photo 1151: img_1150.jpg
2026-08-15 19:31:07,708 - INFO - 📷 Photo 1152: img_1151.jpg
2026-08-15 19:31:08,874 - INFO - 📷 Photo 1153: img_1152.jpg
2026-08-15 19:31:09,988 - INFO - 📷 Photo 1154: img_1153.jpg
2026-08-15 19:31:11,163 - INFO - 📷 Photo 1155: img_1154.jpg
2026-08-15 19:31:12,277 - INFO - 📷 Photo 1156: img_1155.jpg
2026-08-15 19:31:13,415 - INFO - 📷 Photo 1157: img_1156.jpg
2026-08-15 19:31:14,536 - INFO - 📷 Photo 1158: img_1157.jpg
2026-08-15 19:31:15,630 - INFO - 📷 Photo 1159: img_1158.jpg
2026-08-15 19:31:16,741 - INFO - 📷 Photo 1160: img_1159.jpg
2026-08-15 19:31:17,847 - INFO - 📷 Photo 1161: img_1160.jpg
2026-08-15 19:31:18,967 - INFO - 📷 Photo 1162: img_1161.jpg
2026-08-15 19:31:20,070 - INFO - 📷 Photo 1163: img_1162.jpg
2026-08-15 19:31:21,170 - INFO - 📷 Photo 1164: img_1163.jpg
2026-08-15 19:31:22,288 - INFO - 📷 Photo 1165: img_1164.jpg
2026-08-15 19:31:23,468 - INFO - 📷 Photo 1166: img_1165.jpg
2026-08-15 19:31:24,580 - INFO - 📷 Photo 1167: img_1166.jpg
2026-08-15 19:31:25,690 - INFO - 📷 Photo 1168: img_1167.jpg
2026-08-15 19:31:26,856 - INFO - 📷 Photo 1169: img_1168.jpg
2026-08-15 19:31:27,961 - INFO - 📷 Photo 1170: img_1169.jpg
2026-08-15 19:31:29,079 - INFO - 📷 Photo 1171: img_1170.jpg
2026-08-15 19:31:30,250 - INFO - 📷 Photo 1172: img_1171.jpg
2026-08-15 19:31:31,363 - INFO - 📷 Photo 1173: img_1172.jpg
2026-08-15 19:31:32,488 - INFO - 📷 Photo 1174: img_1173.jpg
2026-08-15 19:31:33,640 - INFO - 📷 Photo 1175: img_1174.jpg
2026-08-15 19:31:34,816 - INFO - 📷 Photo 1176: img_1175.jpg
2026-08-15 19:31:35,973 - INFO - 📷 Photo 1177: img_1176.jpg
2026-08-15 19:31:37,102 - INFO - 📷 Photo 1178: img_1177.jpg
2026-08-15 19:31:38,204 - INFO - 📷 Photo 1179: img_1178.jpg
2026-08-15 19:31:39,316 - INFO - 📷 Photo 1180: img_1179.jpg
2026-08-15 19:31:40,417 - INFO - 📷 Photo 1181: img_1180.jpg
2026-08-15 19:31:41,570 - INFO - 📷 Photo 1182: img_1181.jpg
2026-08-15 19:31:42,667 - INFO - 📷 Photo 1183: img_1182.jpg
2026-08-15 19:31:43,770 - INFO - 📷 Photo 1184: img_1183.jpg
2026-08-15 19:31:44,876 - INFO - 📷 Photo 1185: img_1184.jpg
2026-08-15 19:31:45,993 - INFO - 📷 Photo 1186: img_1185.jpg
2026-08-15 19:31:47,102 - INFO - 📷 Photo 1187: img_1186.jpg
2026-08-15 19:31:48,202 - INFO - 📷 Photo 1188: img_1187.jpg
2026-08-15 19:31:49,354 - INFO - 📷 Photo 1189: img_1188.jpg
2026-08-15 19:31:50,520 - INFO - 📷 Photo 1190: img_1189.jpg
2026-08-15 19:31:51,642 - INFO - 📷 Photo 1191: img_1190.jpg
2026-08-15 19:31:52,740 - INFO - 📷 Photo 1192: img_1191.jpg
2026-08-15 19:31:53,843 - INFO - 📷 Photo 1193: img_1192.jpg
2026-08-15 19:31:54,981 - INFO - 📷 Photo 1194: img_1193.jpg
2026-08-15 19:31:56,141 - INFO - 📷 Photo 1195: img_1194.jpg
2026-08-15 19:31:57,224 - INFO - 📷 Photo 1196: img_1195.jpg
2026-08-15 19:31:58,335 - INFO - 📷 Photo 1197: img_1196.jpg
2026-08-15 19:31:59,424 - INFO - 📷 Photo 1198: img_1197.jpg
2026-08-15 19:32:00,525 - INFO - 📷 Photo 1199: img_1198.jpg
2026-08-15 19:32:01,628 - INFO - 📷 Photo 1200: img_1199.jpg
2026-08-15 19:32:02,721 - INFO - 📷 Photo 1201: img_1200.jpg
2026-08-15 19:32:03,821 - INFO - 📷 Photo 1202: img_1201.jpg
2026-08-15 19:32:04,918 - INFO - 📷 Photo 1203: img_1202.jpg
2026-08-15 19:32:06,015 - INFO - 📷 Photo 1204: img_1203.jpg
2026-08-15 19:32:07,152 - INFO - 📷 Photo 1205: img_1204.jpg
2026-08-15 19:32:08,251 - INFO - 📷 Photo 1206: img_1205.jpg
2026-08-15 19:32:09,355 - INFO - 📷 Photo 1207: img_1206.jpg
2026-08-15 19:32:10,451 - INFO - 📷 Photo 1208: img_1207.jpg
2026-08-15 19:32:11,558 - INFO - 📷 Photo 1209: img_1208.jpg
2026-08-15 19:32:12,705 - INFO - 📷 Photo 1210: img_1209.jpg
2026-08-15 19:32:13,807 - INFO - 📷 Photo 1211: img_1210.jpg
2026-08-15 19:32:14,901 - INFO - 📷 Photo 1212: img_1211.jpg
2026-08-15 19:32:15,995 - INFO - 📷 Photo 1213: img_1212.jpg
2026-08-15 19:32:17,091 - INFO - 📷 Photo 1214: img_1213.jpg
2026-08-15 19:32:18,196 - INFO - 📷 Photo 1215: img_1214.jpg
2026-08-15 19:32:19,324 - INFO - 📷 Photo 1216: img_1215.jpg
2026-08-15 19:32:20,406 - INFO - 📷 Photo 1217: img_1216.jpg
2026-08-15 19:32:21,486 - INFO - 📷 Photo 1218: img_1217.jpg
2026-08-15 19:32:22,622 - INFO - 📷 Photo 1219: img_1218.jpg
2026-08-15 19:32:23,705 - INFO - 📷 Photo 1220: img_1219.jpg
2026-08-15 19:32:24,805 - INFO - 📷 Photo 1221: img_1220.jpg
2026-08-15 19:32:25,881 - INFO - 📷 Photo 1222: img_1221.jpg
2026-08-15 19:32:26,966 - INFO - 📷 Photo 1223: img_1222.jpg
2026-08-15 19:32:28,055 - INFO - 📷 Photo 1224: img_1223.jpg
2026-08-15 19:32:29,140 - INFO - 📷 Photo 1225: img_1224.jpg
2026-08-15 19:32:30,285 - INFO - 📷 Photo 1226: img_1225.jpg
2026-08-15 19:32:31,419 - INFO - 📷 Photo 1227: img_1226.jpg
2026-08-15 19:32:32,498 - INFO - 📷 Photo 1228: img_1227.jpg
2026-08-15 19:32:33,589 - INFO - 📷 Photo 1229: img_1228.jpg
2026-08-15 19:32:34,674 - INFO - 📷 Photo 1230: img_1229.jpg
2026-08-15 19:32:35,799 - INFO - 📷 Photo 1231: img_1230.jpg
2026-08-15 19:32:36,931 - INFO - 📷 Photo 1232: img_1231.jpg
2026-08-15 19:32:38,072 - INFO - 📷 Photo 1233: img_1232.jpg
2026-08-15 19:32:39,194 - INFO - 📷 Photo 1234: img_1233.jpg
2026-08-15 19:32:40,347 - INFO - 📷 Photo 1235: img_1234.jpg
2026-08-15 19:32:41,484 - INFO - 📷 Photo 1236: img_1235.jpg
2026-08-15 19:32:42,564 - INFO - 📷 Photo 1237: img_1236.jpg
2026-08-15 19:32:43,646 - INFO - 📷 Photo 1238: img_1237.jpg
2026-08-15 19:32:44,789 - INFO - 📷 Photo 1239: img_1238.jpg
2026-08-15 19:32:45,931 - INFO - 📷 Photo 1240: img_1239.jpg
2026-08-15 19:32:47,069 - INFO - 📷 Photo 1241: img_1240.jpg
2026-08-15 19:32:48,224 - INFO - 📷 Photo 1242: img_1241.jpg
2026-08-15 19:32:49,322 - INFO - 📷 Photo 1243: img_1242.jpg
2026-08-15 19:32:50,465 - INFO - 📷 Photo 1244: img_1243.jpg
2026-08-15 19:32:51,616 - INFO - 📷 Photo 1245: img_1244.jpg
2026-08-15 19:32:52,714 - INFO - 📷 Photo 1246: img_1245.jpg
2026-08-15 19:32:53,813 - INFO - 📷 Photo 1247: img_1246.jpg
2026-08-15 19:32:54,964 - INFO - 📷 Photo 1248: img_1247.jpg
2026-08-15 19:32:56,141 - INFO - 📷 Photo 1249: img_1248.jpg
2026-08-15 19:32:57,282 - INFO - 📷 Photo 1250: img_1249.jpg
2026-08-15 19:32:58,439 - INFO - 📷 Photo 1251: img_1250.jpg
2026-08-15 19:32:59,577 - INFO - 📷 Photo 1252: img_1251.jpg
2026-08-15 19:33:00,729 - INFO - 📷 Photo 1253: img_1252.jpg
2026-08-15 19:33:01,881 - INFO - 📷 Photo 1254: img_1253.jpg
2026-08-15 19:33:03,028 - INFO - 📷 Photo 1255: img_1254.jpg
2026-08-15 19:33:04,166 - INFO - 📷 Photo 1256: img_1255.jpg
2026-08-15 19:33:05,311 - INFO - 📷 Photo 1257: img_1256.jpg
2026-08-15 19:33:06,443 - INFO - 📷 Photo 1258: img_1257.jpg
2026-08-15 19:33:07,546 - INFO - 📷 Photo 1259: img_1258.jpg
2026-08-15 19:33:08,687 - INFO - 📷 Photo 1260: img_1259.jpg
2026-08-15 19:33:09,774 - INFO - 📷 Photo 1261: img_1260.jpg
2026-08-15 19:33:10,923 - INFO - 📷 Photo 1262: img_1261.jpg
2026-08-15 19:33:12,058 - INFO - 📷 Photo 1263: img_1262.jpg
2026-08-15 19:33:13,196 - INFO - 📷 Photo 1264: img_1263.jpg
2026-08-15 19:33:14,303 - INFO - 📷 Photo 1265: img_1264.jpg
2026-08-15 19:33:15,465 - INFO - 📷 Photo 1266: img_1265.jpg
2026-08-15 19:33:16,563 - INFO - 📷 Photo 1267: img_1266.jpg
2026-08-15 19:33:17,659 - INFO - 📷 Photo 1268: img_1267.jpg
2026-08-15 19:33:18,759 - INFO - 📷 Photo 1269: img_1268.jpg
2026-08-15 19:33:19,861 - INFO - 📷 Photo 1270: img_1269.jpg
2026-08-15 19:33:20,994 - INFO - 📷 Photo 1271: img_1270.jpg
2026-08-15 19:33:22,097 - INFO - 📷 Photo 1272: img_1271.jpg
2026-08-15 19:33:23,183 - INFO - 📷 Photo 1273: img_1272.jpg
2026-08-15 19:33:24,297 - INFO - 📷 Photo 1274: img_1273.jpg
2026-08-15 19:33:25,410 - INFO - 📷 Photo 1275: img_1274.jpg
2026-08-15 19:33:26,588 - INFO - 📷 Photo 1276: img_1275.jpg
2026-08-15 19:33:27,732 - INFO - 📷 Photo 1277: img_1276.jpg
2026-08-15 19:33:28,882 - INFO - 📷 Photo 1278: img_1277.jpg
2026-08-15 19:33:29,970 - INFO - 📷 Photo 1279: img_1278.jpg
2026-08-15 19:33:31,068 - INFO - 📷 Photo 1280: img_1279.jpg
2026-08-15 19:33:32,160 - INFO - 📷 Photo 1281: img_1280.jpg
2026-08-15 19:33:33,262 - INFO - 📷 Photo 1282: img_1281.jpg
2026-08-15 19:33:34,390 - INFO - 📷 Photo 1283: img_1282.jpg
2026-08-15 19:33:35,490 - INFO - 📷 Photo 1284: img_1283.jpg
2026-08-15 19:33:36,584 - INFO - 📷 Photo 1285: img_1284.jpg
2026-08-15 19:33:37,761 - INFO - 📷 Photo 1286: img_1285.jpg
2026-08-15 19:33:38,880 - INFO - 📷 Photo 1287: img_1286.jpg
2026-08-15 19:33:39,977 - INFO - 📷 Photo 1288: img_1287.jpg
2026-08-15 19:33:41,102 - INFO - 📷 Photo 1289: img_1288.jpg
2026-08-15 19:33:42,205 - INFO - 📷 Photo 1290: img_1289.jpg
2026-08-15 19:33:43,316 - INFO - 📷 Photo 1291: img_1290.jpg
2026-08-15 19:33:44,412 - INFO - 📷 Photo 1292: img_1291.jpg
2026-08-15 19:33:45,549 - INFO - 📷 Photo 1293: img_1292.jpg
2026-08-15 19:33:46,661 - INFO - 📷 Photo 1294: img_1293.jpg
2026-08-15 19:33:47,807 - INFO - 📷 Photo 1295: img_1294.jpg
2026-08-15 19:33:48,907 - INFO - 📷 Photo 1296: img_1295.jpg
2026-08-15 19:33:50,022 - INFO - 📷 Photo 1297: img_1296.jpg
2026-08-15 19:33:51,309 - INFO - 📷 Photo 1298: img_1297.jpg
2026-08-15 19:33:52,424 - INFO - 📷 Photo 1299: img_1298.jpg
2026-08-15 19:33:53,520 - INFO - 📷 Photo 1300: img_1299.jpg
2026-08-15 19:33:54,619 - INFO - 📷 Photo 1301: img_1300.jpg
2026-08-15 19:33:55,715 - INFO - 📷 Photo 1302: img_1301.jpg
2026-08-15 19:33:56,817 - INFO - 📷 Photo 1303: img_1302.jpg
2026-08-15 19:33:57,908 - INFO - 📷 Photo 1304: img_1303.jpg
2026-08-15 19:33:58,993 - INFO - 📷 Photo 1305: img_1304.jpg
2026-08-15 19:34:00,105 - INFO - 📷 Photo 1306: img_1305.jpg
2026-08-15 19:34:01,203 - INFO - 📷 Photo 1307: img_1306.jpg
2026-08-15 19:34:02,313 - INFO - 📷 Photo 1308: img_1307.jpg
2026-08-15 19:34:03,434 - INFO - 📷 Photo 1309: img_1308.jpg
2026-08-15 19:34:04,601 - INFO - 📷 Photo 1310: img_1309.jpg
2026-08-15 19:34:05,748 - INFO - 📷 Photo 1311: img_1310.jpg
2026-08-15 19:34:06,842 - INFO - 📷 Photo 1312: img_1311.jpg
2026-08-15 19:34:07,948 - INFO - 📷 Photo 1313: img_1312.jpg
2026-08-15 19:34:09,088 - INFO - 📷 Photo 1314: img_1313.jpg
2026-08-15 19:34:10,196 - INFO - 📷 Photo 1315: img_1314.jpg
2026-08-15 19:34:11,344 - INFO - 📷 Photo 1316: img_1315.jpg
2026-08-15 19:34:12,452 - INFO - 📷 Photo 1317: img_1316.jpg
2026-08-15 19:34:13,561 - INFO - 📷 Photo 1318: img_1317.jpg
2026-08-15 19:34:14,649 - INFO - 📷 Photo 1319: img_1318.jpg
2026-08-15 19:34:15,771 - INFO - 📷 Photo 1320: img_1319.jpg
2026-08-15 19:34:16,882 - INFO - 📷 Photo 1321: img_1320.jpg
2026-08-15 19:34:17,989 - INFO - 📷 Photo 1322: img_1321.jpg
2026-08-15 19:34:19,094 - INFO - 📷 Photo 1323: img_1322.jpg
2026-08-15 19:34:20,184 - INFO - 📷 Photo 1324: img_1323.jpg
2026-08-15 19:34:21,346 - INFO - 📷 Photo 1325: img_1324.jpg
2026-08-15 19:34:22,430 - INFO - 📷 Photo 1326: img_1325.jpg
2026-08-15 19:34:23,549 - INFO - 📷 Photo 1327: img_1326.jpg
2026-08-15 19:34:24,673 - INFO - 📷 Photo 1328: img_1327.jpg
2026-08-15 19:34:25,777 - INFO - 📷 Photo 1329: img_1328.jpg
2026-08-15 19:34:26,884 - INFO - 📷 Photo 1330: img_1329.jpg
2026-08-15 19:34:27,999 - INFO - 📷 Photo 1331: img_1330.jpg
2026-08-15 19:34:29,123 - INFO - 📷 Photo 1332: img_1331.jpg
2026-08-15 19:34:30,253 - INFO - 📷 Photo 1333: img_1332.jpg
2026-08-15 19:34:31,370 - INFO - 📷 Photo 1334: img_1333.jpg
2026-08-15 19:34:32,479 - INFO - 📷 Photo 1335: img_1334.jpg
2026-08-15 19:34:33,595 - INFO - 📷 Photo 1336: img_1335.jpg
2026-08-15 19:34:34,719 - INFO - 📷 Photo 1337: img_1336.jpg
2026-08-15 19:34:35,816 - INFO - 📷 Photo 1338: img_1337.jpg
2026-08-15 19:34:36,920 - INFO - 📷 Photo 1339: img_1338.jpg
2026-08-15 19:34:38,016 - INFO - 📷 Photo 1340: img_1339.jpg
2026-08-15 19:34:39,170 - INFO - 📷 Photo 1341: img_1340.jpg
2026-08-15 19:34:40,283 - INFO - 📷 Photo 1342: img_1341.jpg
2026-08-15 19:34:41,405 - INFO - 📷 Photo 1343: img_1342.jpg
2026-08-15 19:34:42,516 - INFO - 📷 Photo 1344: img_1343.jpg
2026-08-15 19:34:43,619 - INFO - 📷 Photo 1345: img_1344.jpg
2026-08-15 19:34:44,724 - INFO - 📷 Photo 1346: img_1345.jpg
2026-08-15 19:34:45,833 - INFO - 📷 Photo 1347: img_1346.jpg
2026-08-15 19:34:46,919 - INFO - 📷 Photo 1348: img_1347.jpg
2026-08-15 19:34:48,029 - INFO - 📷 Photo 1349: img_1348.jpg
2026-08-15 19:34:49,131 - INFO - 📷 Photo 1350: img_1349.jpg
2026-08-15 19:34:50,248 - INFO - 📷 Photo 1351: img_1350.jpg
2026-08-15 19:34:51,360 - INFO - 📷 Photo 1352: img_1351.jpg
2026-08-15 19:34:52,462 - INFO - 📷 Photo 1353: img_1352.jpg
2026-08-15 19:34:53,564 - INFO - 📷 Photo 1354: img_1353.jpg
2026-08-15 19:34:54,658 - INFO - 📷 Photo 1355: img_1354.jpg
2026-08-15 19:34:55,761 - INFO - 📷 Photo 1356: img_1355.jpg
2026-08-15 19:34:56,873 - INFO - 📷 Photo 1357: img_1356.jpg
2026-08-15 19:34:57,976 - INFO - 📷 Photo 1358: img_1357.jpg
2026-08-15 19:34:59,096 - INFO - 📷 Photo 1359: img_1358.jpg
2026-08-15 19:35:00,192 - INFO - 📷 Photo 1360: img_1359.jpg
2026-08-15 19:35:01,292 - INFO - 📷 Photo 1361: img_1360.jpg
2026-08-15 19:35:02,391 - INFO - 📷 Photo 1362: img_1361.jpg
2026-08-15 19:35:03,488 - INFO - 📷 Photo 1363: img_1362.jpg
2026-08-15 19:35:04,586 - INFO - 📷 Photo 1364: img_1363.jpg
2026-08-15 19:35:05,703 - INFO - 📷 Photo 1365: img_1364.jpg
2026-08-15 19:35:06,821 - INFO - 📷 Photo 1366: img_1365.jpg
2026-08-15 19:35:07,928 - INFO - 📷 Photo 1367: img_1366.jpg
2026-08-15 19:35:09,057 - INFO - 📷 Photo 1368: img_1367.jpg
2026-08-15 19:35:10,195 - INFO - 📷 Photo 1369: img_1368.jpg
2026-08-15 19:35:11,288 - INFO - 📷 Photo 1370: img_1369.jpg
2026-08-15 19:35:12,372 - INFO - 📷 Photo 1371: img_1370.jpg
2026-08-15 19:35:13,457 - INFO - 📷 Photo 1372: img_1371.jpg
2026-08-15 19:35:14,567 - INFO - 📷 Photo 1373: img_1372.jpg
2026-08-15 19:35:15,721 - INFO - 📷 Photo 1374: img_1373.jpg
2026-08-15 19:35:16,839 - INFO - 📷 Photo 1375: img_1374.jpg
2026-08-15 19:35:17,985 - INFO - 📷 Photo 1376: img_1375.jpg
2026-08-15 19:35:19,091 - INFO - 📷 Photo 1377: img_1376.jpg
2026-08-15 19:35:20,188 - INFO - 📷 Photo 1378: img_1377.jpg
2026-08-15 19:35:21,334 - INFO - 📷 Photo 1379: img_1378.jpg
2026-08-15 19:35:22,492 - INFO - 📷 Photo 1380: img_1379.jpg
2026-08-15 19:35:23,622 - INFO - 📷 Photo 1381: img_1380.jpg
2026-08-15 19:35:24,737 - INFO - 📷 Photo 1382: img_1381.jpg
2026-08-15 19:35:25,829 - INFO - 📷 Photo 1383: img_1382.jpg
2026-08-15 19:35:26,988 - INFO - 📷 Photo 1384: img_1383.jpg
2026-08-15 19:35:28,151 - INFO - 📷 Photo 1385: img_1384.jpg
2026-08-15 19:35:29,296 - INFO - 📷 Photo 1386: img_1385.jpg
2026-08-15 19:35:30,452 - INFO - 📷 Photo 1387: img_1386.jpg
2026-08-15 19:35:31,547 - INFO - 📷 Photo 1388: img_1387.jpg
2026-08-15 19:35:32,705 - INFO - 📷 Photo 1389: img_1388.jpg
2026-08-15 19:35:33,784 - INFO - 📷 Photo 1390: img_1389.jpg
2026-08-15 19:35:34,868 - INFO - 📷 Photo 1391: img_1390.jpg
2026-08-15 19:35:36,013 - INFO - 📷 Photo 1392: img_1391.jpg
2026-08-15 19:35:37,178 - INFO - 📷 Photo 1393: img_1392.jpg
2026-08-15 19:35:38,265 - INFO - 📷 Photo 1394: img_1393.jpg
2026-08-15 19:35:39,409 - INFO - 📷 Photo 1395: img_1394.jpg
2026-08-15 19:35:40,547 - INFO - 📷 Photo 1396: img_1395.jpg
2026-08-15 19:35:41,681 - INFO - 📷 Photo 1397: img_1396.jpg
2026-08-15 19:35:42,814 - INFO - 📷 Photo 1398: img_1397.jpg
2026-08-15 19:35:43,948 - INFO - 📷 Photo 1399: img_1398.jpg
2026-08-15 19:35:45,080 - INFO - 📷 Photo 1400: img_1399.jpg
2026-08-15 19:35:46,213 - INFO - 📷 Photo 1401: img_1400.jpg
2026-08-15 19:35:47,347 - INFO - 📷 Photo 1402: img_1401.jpg
2026-08-15 19:35:48,498 - INFO - 📷 Photo 1403: img_1402.jpg
2026-08-15 19:35:49,626 - INFO - 📷 Photo 1404: img_1403.jpg
2026-08-15 19:35:50,769 - INFO - 📷 Photo 1405: img_1404.jpg
2026-08-15 19:35:52,080 - INFO - 📷 Photo 1406: img_1405.jpg
2026-08-15 19:35:53,246 - INFO - 📷 Photo 1407: img_1406.jpg
2026-08-15 19:35:54,375 - INFO - 📷 Photo 1408: img_1407.jpg
2026-08-15 19:35:55,525 - INFO - 📷 Photo 1409: img_1408.jpg
2026-08-15 19:35:56,658 - INFO - 📷 Photo 1410: img_1409.jpg
2026-08-15 19:35:57,877 - INFO - 📷 Photo 1411: img_1410.jpg
2026-08-15 19:35:59,133 - INFO - 📷 Photo 1412: img_1411.jpg
2026-08-15 19:36:00,244 - INFO - 📷 Photo 1413: img_1412.jpg
2026-08-15 19:36:01,354 - INFO - 📷 Photo 1414: img_1413.jpg
2026-08-15 19:36:02,450 - INFO - 📷 Photo 1415: img_1414.jpg
2026-08-15 19:36:03,602 - INFO - 📷 Photo 1416: img_1415.jpg
2026-08-15 19:36:04,716 - INFO - 📷 Photo 1417: img_1416.jpg
2026-08-15 19:36:05,964 - INFO - 📷 Photo 1418: img_1417.jpg
2026-08-15 19:36:07,068 - INFO - 📷 Photo 1419: img_1418.jpg
2026-08-15 19:36:08,186 - INFO - 📷 Photo 1420: img_1419.jpg
2026-08-15 19:36:09,288 - INFO - 📷 Photo 1421: img_1420.jpg
2026-08-15 19:36:10,423 - INFO - 📷 Photo 1422: img_1421.jpg
2026-08-15 19:36:11,585 - INFO - 📷 Photo 1423: img_1422.jpg
2026-08-15 19:36:12,695 - INFO - 📷 Photo 1424: img_1423.jpg
2026-08-15 19:36:13,799 - INFO - 📷 Photo 1425: img_1424.jpg
2026-08-15 19:36:14,929 - INFO - 📷 Photo 1426: img_1425.jpg
2026-08-15 19:36:16,033 - INFO - 📷 Photo 1427: img_1426.jpg
2026-08-15 19:36:17,147 - INFO - 📷 Photo 1428: img_1427.jpg
2026-08-15 19:36:18,249 - INFO - 📷 Photo 1429: img_1428.jpg
2026-08-15 19:36:19,361 - INFO - 📷 Photo 1430: img_1429.jpg
2026-08-15 19:36:20,485 - INFO - 📷 Photo 1431: img_1430.jpg
2026-08-15 19:36:21,589 - INFO - 📷 Photo 1432: img_1431.jpg
2026-08-15 19:36:22,696 - INFO - 📷 Photo 1433: img_1432.jpg
2026-08-15 19:36:23,817 - INFO - 📷 Photo 1434: img_1433.jpg
2026-08-15 19:36:24,935 - INFO - 📷 Photo 1435: img_1434.jpg
2026-08-15 19:36:26,043 - INFO - 📷 Photo 1436: img_1435.jpg
2026-08-15 19:36:27,155 - INFO - 📷 Photo 1437: img_1436.jpg
2026-08-15 19:36:28,255 - INFO - 📷 Photo 1438: img_1437.jpg
2026-08-15 19:36:29,371 - INFO - 📷 Photo 1439: img_1438.jpg
2026-08-15 19:36:30,525 - INFO - 📷 Photo 1440: img_1439.jpg
2026-08-15 19:36:31,638 - INFO - 📷 Photo 1441: img_1440.jpg
2026-08-15 19:36:32,736 - INFO - 📷 Photo 1442: img_1441.jpg
2026-08-15 19:36:33,848 - INFO - 📷 Photo 1443: img_1442.jpg
2026-08-15 19:36:34,965 - INFO - 📷 Photo 1444: img_1443.jpg
2026-08-15 19:36:36,074 - INFO - 📷 Photo 1445: img_1444.jpg
2026-08-15 19:36:37,187 - INFO - 📷 Photo 1446: img_1445.jpg
2026-08-15 19:36:38,288 - INFO - 📷 Photo 1447: img_1446.jpg
2026-08-15 19:36:39,398 - INFO - 📷 Photo 1448: img_1447.jpg
2026-08-15 19:36:40,503 - INFO - 📷 Photo 1449: img_1448.jpg
2026-08-15 19:36:41,602 - INFO - 📷 Photo 1450: img_1449.jpg
2026-08-15 19:36:42,714 - INFO - 📷 Photo 1451: img_1450.jpg
2026-08-15 19:36:43,827 - INFO - 📷 Photo 1452: img_1451.jpg
2026-08-15 19:36:44,991 - INFO - 📷 Photo 1453: img_1452.jpg
2026-08-15 19:36:46,121 - INFO - 📷 Photo 1454: img_1453.jpg
2026-08-15 19:36:47,233 - INFO - 📷 Photo 1455: img_1454.jpg
2026-08-15 19:36:48,337 - INFO - 📷 Photo 1456: img_1455.jpg
2026-08-15 19:36:49,435 - INFO - 📷 Photo 1457: img_1456.jpg
2026-08-15 19:36:50,591 - INFO - 📷 Photo 1458: img_1457.jpg
2026-08-15 19:36:51,687 - INFO - 📷 Photo 1459: img_1458.jpg
2026-08-15 19:36:52,808 - INFO - 📷 Photo 1460: img_1459.jpg
2026-08-15 19:36:53,971 - INFO - 📷 Photo 1461: img_1460.jpg
2026-08-15 19:36:55,072 - INFO - 📷 Photo 1462: img_1461.jpg
2026-08-15 19:36:56,170 - INFO - 📷 Photo 1463: img_1462.jpg
2026-08-15 19:36:57,285 - INFO - 📷 Photo 1464: img_1463.jpg
2026-08-15 19:36:58,452 - INFO - 📷 Photo 1465: img_1464.jpg
2026-08-15 19:36:59,565 - INFO - 📷 Photo 1466: img_1465.jpg
2026-08-15 19:37:00,898 - INFO - 📷 Photo 1467: img_1466.jpg
2026-08-15 19:37:02,016 - INFO - 📷 Photo 1468: img_1467.jpg
2026-08-15 19:37:03,117 - INFO - 📷 Photo 1469: img_1468.jpg
2026-08-15 19:37:04,225 - INFO - 📷 Photo 1470: img_1469.jpg
2026-08-15 19:37:05,341 - INFO - 📷 Photo 1471: img_1470.jpg
2026-08-15 19:37:06,505 - INFO - 📷 Photo 1472: img_1471.jpg
2026-08-15 19:37:07,615 - INFO - 📷 Photo 1473: img_1472.jpg
2026-08-15 19:37:08,758 - INFO - 📷 Photo 1474: img_1473.jpg
2026-08-15 19:37:09,912 - INFO - 📷 Photo 1475: img_1474.jpg
2026-08-15 19:37:11,038 - INFO - 📷 Photo 1476: img_1475.jpg
2026-08-15 19:37:12,144 - INFO - 📷 Photo 1477: img_1476.jpg
2026-08-15 19:37:13,241 - INFO - 📷 Photo 1478: img_1477.jpg
2026-08-15 19:37:14,379 - INFO - 📷 Photo 1479: img_1478.jpg
2026-08-15 19:37:15,461 - INFO - 📷 Photo 1480: img_1479.jpg
2026-08-15 19:37:16,559 - INFO - 📷 Photo 1481: img_1480.jpg
2026-08-15 19:37:17,707 - INFO - 📷 Photo 1482: img_1481.jpg
2026-08-15 19:37:18,843 - INFO - 📷 Photo 1483: img_1482.jpg
2026-08-15 19:37:19,994 - INFO - 📷 Photo 1484: img_1483.jpg
2026-08-15 19:37:21,075 - INFO - 📷 Photo 1485: img_1484.jpg
2026-08-15 19:37:22,206 - INFO - 📷 Photo 1486: img_1485.jpg
2026-08-15 19:37:23,339 - INFO - 📷 Photo 1487: img_1486.jpg
2026-08-15 19:37:24,469 - INFO - 📷 Photo 1488: img_1487.jpg
2026-08-15 19:37:25,566 - INFO - 📷 Photo 1489: img_1488.jpg
2026-08-15 19:37:26,701 - INFO - 📷 Photo 1490: img_1489.jpg
2026-08-15 19:37:27,842 - INFO - 📷 Photo 1491: img_1490.jpg
2026-08-15 19:37:28,991 - INFO - 📷 Photo 1492: img_1491.jpg
2026-08-15 19:37:30,128 - INFO - 📷 Photo 1493: img_1492.jpg
2026-08-15 19:37:31,309 - INFO - 📷 Photo 1494: img_1493.jpg
2026-08-15 19:37:32,441 - INFO - 📷 Photo 1495: img_1494.jpg
2026-08-15 19:37:33,519 - INFO - 📷 Photo 1496: img_1495.jpg
2026-08-15 19:37:34,654 - INFO - 📷 Photo 1497: img_1496.jpg
2026-08-15 19:37:35,769 - INFO - 📷 Photo 1498: img_1497.jpg
2026-08-15 19:37:36,016 - INFO - 📷 Intervallomètre terminé: 1498 photos en 1680s -> F:\projet finalise\recorder\reports\timelapse\tl_20260815_190936
2026-08-15 19:46:24,245 - INFO - Kerberos Screen Recorder v1.3 prêt
2026-08-15 19:46:42,686 - INFO - ▶️ Enregistrement démarré (VIDÉO 1280x1024 @ 10 FPS): kerberos_rec_20260815_194641.mp4
2026-08-15 19:50:42,881 - INFO - ⏱️ Durée atteinte (240s)
2026-08-15 19:50:42,975 - INFO - ⏹️ Enregistrement terminé: 1170 frames, 240.3s
2026-08-15 19:55:23,132 - INFO - ▶️ Enregistrement démarré (VIDÉO 1280x1024 @ 10 FPS): kerberos_rec_20260815_195523.mp4
2026-08-15 19:59:23,255 - INFO - ⏱️ Durée atteinte (240s)
2026-08-15 19:59:23,258 - INFO - ⏹️ Enregistrement terminé: 1165 frames, 240.1s
2026-08-15 23:58:11,823 - INFO - Kerberos Screen Recorder v1.3 prêt
2026-08-15 23:58:41,225 - INFO - ▶️ Enregistrement démarré (VIDÉO 1280x1024 @ 10 FPS): kerberos_rec_20260815_235837.mp4
2026-08-16 00:04:54,016 - INFO - ⏹️ Enregistrement terminé: 1797 frames, 372.8s
2026-08-17 20:00:13,314 - INFO - Kerberos Screen Recorder v1.3 prêt
2026-08-17 20:00:24,905 - INFO - ▶️ Enregistrement démarré (VIDÉO 1280x1024 @ 10 FPS): kerberos_rec_20260817_200023.mp4
2026-08-17 20:02:57,338 - INFO - ⏹️ Enregistrement terminé: 716 frames, 152.4s
2026-08-17 20:15:09,028 - INFO - ▶️ Enregistrement démarré (VIDÉO 1280x1024 @ 10 FPS): kerberos_rec_20260817_201508.mp4
2026-08-17 20:18:39,104 - INFO - ⏹️ Enregistrement terminé: 918 frames, 210.1s
2026-08-17 20:30:28,401 - INFO - ▶️ Enregistrement démarré (VIDÉO 1280x1024 @ 10 FPS): kerberos_rec_20260817_203028.mp4
2026-08-17 20:31:51,075 - INFO - ⏸️ Pause
2026-08-17 20:34:18,753 - INFO - ▶️ Reprise
2026-08-17 20:37:08,709 - INFO - ⏸️ Pause
2026-08-17 20:38:59,789 - INFO - ▶️ Reprise
2026-08-17 20:39:16,675 - INFO - ⏸️ Pause
2026-08-17 20:45:00,098 - INFO - ▶️ Reprise
2026-08-17 20:46:14,911 - INFO - ⏸️ Pause
2026-08-17 20:47:11,609 - INFO - ▶️ Reprise
2026-08-17 20:47:35,242 - INFO - ⏹️ Enregistrement terminé: 1593 frames, 1026.8s
2026-08-17 23:20:44,946 - INFO - Kerberos Screen Recorder v1.3 prêt
2026-08-17 23:21:08,152 - INFO - ▶️ Enregistrement démarré (VIDÉO 1280x1024 @ 10 FPS): kerberos_rec_20260817_232107.mp4
2026-08-17 23:25:54,860 - INFO - ⏹️ Enregistrement terminé: 1270 frames, 286.7s
2026-08-19 16:48:52,902 - INFO - Kerberos Screen Recorder v1.3 prêt
2026-08-19 20:29:58,040 - INFO - Kerberos Screen Recorder v1.3 prêt
2026-08-19 20:30:14,536 - INFO - ▶️ Enregistrement démarré (VIDÉO 1280x1024 @ 10 FPS): kerberos_rec_20260819_203002.mp4
2026-08-19 20:38:28,939 - INFO - ⏹️ Enregistrement terminé: 2641 frames, 494.4s
2026-08-19 22:20:53,635 - INFO - Kerberos Screen Recorder v1.3 prêt
2026-08-19 22:21:00,898 - INFO - ▶️ Enregistrement démarré (VIDÉO 1280x1024 @ 10 FPS): kerberos_rec_20260819_222100.mp4
2026-08-19 22:21:04,422 - INFO - ⏸️ Pause
2026-08-19 22:21:09,629 - INFO - ▶️ Reprise
2026-08-19 22:21:21,742 - INFO - ⏸️ Pause
2026-08-19 22:46:28,422 - INFO - Kerberos Screen Recorder v1.3 prêt
2026-08-19 22:47:13,654 - INFO - ▶️ Enregistrement démarré (VIDÉO 1280x1024 @ 10 FPS): kerberos_rec_20260819_224713.mp4
2026-08-19 22:49:28,774 - INFO - ⏹️ Enregistrement terminé: 715 frames, 135.1s
2026-08-19 23:01:11,552 - INFO - Kerberos Screen Recorder v1.3 prêt
2026-08-19 23:01:17,176 - INFO - ▶️ Enregistrement démarré (VIDÉO 1280x1024 @ 10 FPS): kerberos_rec_20260819_230117.mp4
2026-08-19 23:07:17,279 - INFO - ⏱️ Durée atteinte (360s)
2026-08-19 23:07:17,283 - INFO - ⏹️ Enregistrement terminé: 1525 frames, 360.1s
2026-08-19 23:18:39,094 - INFO - Kerberos Screen Recorder v1.3 prêt
2026-08-19 23:18:44,151 - INFO - ▶️ Enregistrement démarré (VIDÉO 1280x1024 @ 10 FPS): kerberos_rec_20260819_231844.mp4
2026-08-19 23:20:56,257 - INFO - ⏸️ Pause
2026-08-19 23:21:58,989 - INFO - ▶️ Reprise
2026-08-19 23:24:45,295 - INFO - ⏸️ Pause
2026-08-19 23:30:19,043 - INFO - ▶️ Reprise
2026-08-19 23:30:19,093 - INFO - ⏱️ Durée atteinte (480s)
2026-08-19 23:30:19,097 - INFO - ⏹️ Enregistrement terminé: 1446 frames, 694.9s
2026-08-19 23:30:27,401 - INFO - ⏸️ Pause
2026-08-19 23:30:29,345 - INFO - ▶️ Reprise
2026-08-20 00:40:44,685 - INFO - Kerberos Screen Recorder v1.3 prêt
2026-08-20 00:40:54,759 - INFO - ▶️ Enregistrement démarré (VIDÉO 1280x1024 @ 10 FPS): kerberos_rec_20260820_004052.mp4
2026-08-20 00:44:54,420 - INFO - ⏸️ Pause
2026-08-20 00:52:22,060 - INFO - ▶️ Reprise
2026-08-20 00:52:22,139 - INFO - ⏱️ Durée atteinte (360s)
2026-08-20 00:52:22,418 - INFO - ⏹️ Enregistrement terminé: 1132 frames, 687.7s
2026-08-20 00:52:33,827 - INFO - ⏸️ Pause
2026-08-20 00:52:41,317 - INFO - ▶️ Reprise
2026-08-20 00:53:43,542 - INFO - ⏸️ Pause
2026-08-20 00:55:52,926 - INFO - ▶️ Reprise
2026-08-20 00:56:17,336 - INFO - ⏸️ Pause
2026-08-20 00:58:55,100 - INFO - ▶️ Reprise
2026-08-20 00:59:31,771 - INFO - ⏸️ Pause
2026-08-20 00:59:32,531 - INFO - ▶️ Reprise
2026-08-20 01:01:09,544 - INFO - ⏸️ Pause
2026-08-20 01:01:10,417 - INFO - ▶️ Reprise
2026-08-20 01:01:20,987 - INFO - ⏸️ Pause
2026-08-20 01:01:24,574 - INFO - ▶️ Reprise
2026-08-20 11:48:56,520 - INFO - Kerberos Screen Recorder v1.3 prêt
2026-08-20 11:49:13,664 - INFO - ▶️ Enregistrement démarré (VIDÉO 1280x1024 @ 10 FPS): kerberos_rec_20260820_114911.mp4
2026-08-20 11:54:25,994 - INFO - ⏹️ Enregistrement terminé: 1555 frames, 312.3s
2026-08-20 12:02:45,466 - INFO - ▶️ Enregistrement démarré (VIDÉO 1280x1024 @ 10 FPS): kerberos_rec_20260820_120241.mp4
2026-08-20 12:04:59,326 - INFO - ⏹️ Enregistrement terminé: 519 frames, 134.0s
2026-08-20 13:45:06,834 - INFO - Kerberos Screen Recorder v1.3 prêt
2026-08-20 13:45:14,172 - INFO - ▶️ Enregistrement démarré (VIDÉO 1280x1024 @ 10 FPS): kerberos_rec_20260820_134513.mp4
2026-08-20 13:59:14,344 - INFO - ⏱️ Durée atteinte (840s)
2026-08-20 13:59:14,347 - INFO - ⏹️ Enregistrement terminé: 4435 frames, 840.2s
