[02:41:19] - [9] Connecté à 192.241.220.251. Collecte du Nom d'utilisateur.
[02:41:19] - [9] Client 192.241.220.251 Déconnecté (00:00:00 Min)
[07:54:53] - [10] Connecté à 34.79.107.251. Collecte du Nom d'utilisateur.
[07:54:53] - [10] Usager ANONYMOUS Connecté IP: 34.79.107.251
[07:54:53] - [10] Mot de Passe Incorrect: Utilisateur ANONYMOUS IP: 34.79.107.251
[07:54:53] - [10] Client 34.79.107.251 Déconnecté (00:00:00 Min)
[13:15:06] - [11] Connecté à 192.168.0.1. Collecte du Nom d'utilisateur.
[13:15:06] - [11] Usager MIRKO.POZEN Connecté IP: 192.168.0.1
[13:15:06] - [11] MIRKO.POZEN: Répertoire en Cours: D:\kerberos.htx\
[13:15:06] - [11] MIRKO.POZEN: Répertoire en Cours: D:\kerberos.htx\
[13:15:19] - [12] Connecté à 192.168.0.1. Collecte du Nom d'utilisateur.
[13:15:19] - [12] Usager MIRKO.POZEN Connecté IP: 192.168.0.1
[13:15:19] - [12] MIRKO.POZEN: Répertoire en Cours: D:\kerberos.htx\
[13:15:19] - [12] MIRKO.POZEN: Répertoire en Cours: D:\kerberos.htx\
[13:15:19] - [12] MIRKO.POZEN: Début d'Upload de D:\kerberos.htx\elasticsearch-7.14.0-windows-x86_64.zip
[13:18:49] - [12] MIRKO.POZEN: Fichier Upload: D:\kerberos.htx\elasticsearch-7.14.0-windows-x86_64.zip (1 566,70 K/S -  336 902 660 bytes)
[13:19:20] - [12] Client 192.168.0.1 Déconnecté (00:04:01 Min)
[13:30:11] - [11] Client 192.168.0.1 Déconnecté (00:15:05 Min)
[13:34:42] - [13] Connecté à 192.168.0.1. Collecte du Nom d'utilisateur.
[13:34:42] - [13] Usager MIRKO.POZEN Connecté IP: 192.168.0.1
[13:34:42] - [13] MIRKO.POZEN: Répertoire en Cours: D:\kerberos.htx\
[13:34:42] - [13] MIRKO.POZEN: Répertoire en Cours: D:\kerberos.htx\
[13:34:50] - [13] MIRKO.POZEN: Répertoire en Cours: D:\kerberos.htx\
[13:34:50] - [13] MIRKO.POZEN: Nouveau Répertoire: D:\kerberos.htx\elasticsearch-7.14.0
[13:34:50] - [13] MIRKO.POZEN: Répertoire en Cours: D:\kerberos.htx\
[13:34:50] - [14] Connecté à 192.168.0.1. Collecte du Nom d'utilisateur.
[13:34:50] - [15] Connecté à 192.168.0.1. Collecte du Nom d'utilisateur.
[13:34:50] - [13] MIRKO.POZEN: Nouveau Répertoire: D:\kerberos.htx\elasticsearch-7.14.0
[13:34:50] - [15] Client 192.168.0.1 Déconnecté (00:00:00 Min)
[13:34:50] - [14] Usager MIRKO.POZEN Connecté IP: 192.168.0.1
[13:34:50] - [14] MIRKO.POZEN: Répertoire en Cours: D:\kerberos.htx\
[13:34:50] - [13] MIRKO.POZEN: Répertoire en Cours: D:\kerberos.htx\elasticsearch-7.14.0\
[13:34:50] - [13] MIRKO.POZEN: Nouveau Répertoire: D:\kerberos.htx\elasticsearch-7.14.0\bin
[13:34:50] - [13] MIRKO.POZEN: Répertoire en Cours: D:\kerberos.htx\elasticsearch-7.14.0\
[13:34:50] - [14] MIRKO.POZEN: Répertoire en Cours: D:\kerberos.htx\elasticsearch-7.14.0\bin\
[13:34:50] - [13] MIRKO.POZEN: Nouveau Répertoire: D:\kerberos.htx\elasticsearch-7.14.0\bin
[13:34:50] - [13] MIRKO.POZEN: Répertoire en Cours: D:\kerberos.htx\elasticsearch-7.14.0\
[13:34:50] - [13] MIRKO.POZEN: Nouveau Répertoire: D:\kerberos.htx\elasticsearch-7.14.0\config
[13:34:50] - [13] MIRKO.POZEN: Répertoire en Cours: D:\kerberos.htx\elasticsearch-7.14.0\
[13:34:50] - [13] MIRKO.POZEN: Nouveau Répertoire: D:\kerberos.htx\elasticsearch-7.14.0\config
[13:34:50] - [13] MIRKO.POZEN: Répertoire en Cours: D:\kerberos.htx\elasticsearch-7.14.0\config\
[13:34:50] - [13] MIRKO.POZEN: Nouveau Répertoire: D:\kerberos.htx\elasticsearch-7.14.0\config\jvm.options.d
[13:34:50] - [13] MIRKO.POZEN: Répertoire en Cours: D:\kerberos.htx\elasticsearch-7.14.0\config\
[13:34:50] - [13] MIRKO.POZEN: Nouveau Répertoire: D:\kerberos.htx\elasticsearch-7.14.0\config\jvm.options.d
[13:34:50] - [13] MIRKO.POZEN: Répertoire en Cours: D:\kerberos.htx\elasticsearch-7.14.0\
[13:34:51] - [13] MIRKO.POZEN: Nouveau Répertoire: D:\kerberos.htx\elasticsearch-7.14.0\jdk
[13:34:51] - [13] MIRKO.POZEN: Répertoire en Cours: D:\kerberos.htx\elasticsearch-7.14.0\
[13:34:51] - [13] MIRKO.POZEN: Nouveau Répertoire: D:\kerberos.htx\elasticsearch-7.14.0\jdk
[13:34:51] - [13] MIRKO.POZEN: Répertoire en Cours: D:\kerberos.htx\elasticsearch-7.14.0\jdk\
[13:34:51] - [13] MIRKO.POZEN: Nouveau Répertoire: D:\kerberos.htx\elasticsearch-7.14.0\jdk\bin
[13:34:51] - [13] MIRKO.POZEN: Répertoire en Cours: D:\kerberos.htx\elasticsearch-7.14.0\jdk\
[13:34:51] - [13] MIRKO.POZEN: Nouveau Répertoire: D:\kerberos.htx\elasticsearch-7.14.0\jdk\bin
[13:34:51] - [13] MIRKO.POZEN: Répertoire en Cours: D:\kerberos.htx\elasticsearch-7.14.0\jdk\bin\
[13:34:51] - [13] MIRKO.POZEN: Nouveau Répertoire: D:\kerberos.htx\elasticsearch-7.14.0\jdk\bin\server
[13:34:51] - [13] MIRKO.POZEN: Répertoire en Cours: D:\kerberos.htx\elasticsearch-7.14.0\jdk\bin\
[13:34:51] - [13] MIRKO.POZEN: Nouveau Répertoire: D:\kerberos.htx\elasticsearch-7.14.0\jdk\bin\server
[13:34:51] - [13] MIRKO.POZEN: Répertoire en Cours: D:\kerberos.htx\elasticsearch-7.14.0\jdk\
[13:34:51] - [13] MIRKO.POZEN: Nouveau Répertoire: D:\kerberos.htx\elasticsearch-7.14.0\jdk\conf
[13:34:51] - [13] MIRKO.POZEN: Répertoire en Cours: D:\kerberos.htx\elasticsearch-7.14.0\jdk\
[13:34:51] - [13] MIRKO.POZEN: Nouveau Répertoire: D:\kerberos.htx\elasticsearch-7.14.0\jdk\conf
[13:34:51] - [13] MIRKO.POZEN: Répertoire en Cours: D:\kerberos.htx\elasticsearch-7.14.0\jdk\conf\
[13:34:51] - [13] MIRKO.POZEN: Nouveau Répertoire: D:\kerberos.htx\elasticsearch-7.14.0\jdk\conf\management
[13:34:51] - [13] MIRKO.POZEN: Répertoire en Cours: D:\kerberos.htx\elasticsearch-7.14.0\jdk\conf\
[13:34:51] - [13] MIRKO.POZEN: Nouveau Répertoire: D:\kerberos.htx\elasticsearch-7.14.0\jdk\conf\management
[13:34:51] - [13] MIRKO.POZEN: Répertoire en Cours: D:\kerberos.htx\elasticsearch-7.14.0\jdk\conf\
[13:34:51] - [13] MIRKO.POZEN: Nouveau Répertoire: D:\kerberos.htx\elasticsearch-7.14.0\jdk\conf\security
[13:34:51] - [13] MIRKO.POZEN: Répertoire en Cours: D:\kerberos.htx\elasticsearch-7.14.0\jdk\conf\
[13:34:51] - [14] MIRKO.POZEN: Début d'Upload de D:\kerberos.htx\elasticsearch-7.14.0\bin\elasticsearch
[13:34:51] - [13] MIRKO.POZEN: Nouveau Répertoire: D:\kerberos.htx\elasticsearch-7.14.0\jdk\conf\security
[13:34:51] - [14] MIRKO.POZEN: Fichier Upload: D:\kerberos.htx\elasticsearch-7.14.0\bin\elasticsearch (2,83 K/S -   2 896 bytes)
[13:34:51] - [13] MIRKO.POZEN: Répertoire en Cours: D:\kerberos.htx\elasticsearch-7.14.0\jdk\conf\security\
[13:34:51] - [13] MIRKO.POZEN: Nouveau Répertoire: D:\kerberos.htx\elasticsearch-7.14.0\jdk\conf\security\policy
[13:34:51] - [13] MIRKO.POZEN: Répertoire en Cours: D:\kerberos.htx\elasticsearch-7.14.0\jdk\conf\security\
[13:34:51] - [13] MIRKO.POZEN: Nouveau Répertoire: D:\kerberos.htx\elasticsearch-7.14.0\jdk\conf\security\policy
[13:34:51] - [13] MIRKO.POZEN: Répertoire en Cours: D:\kerberos.htx\elasticsearch-7.14.0\jdk\conf\security\policy\
[13:34:51] - [13] MIRKO.POZEN: Nouveau Répertoire: D:\kerberos.htx\elasticsearch-7.14.0\jdk\conf\security\policy\limited
[13:34:51] - [13] MIRKO.POZEN: Répertoire en Cours: D:\kerberos.htx\elasticsearch-7.14.0\jdk\conf\security\policy\
[13:34:51] - [13] MIRKO.POZEN: Nouveau Répertoire: D:\kerberos.htx\elasticsearch-7.14.0\jdk\conf\security\policy\limited
[13:34:51] - [13] MIRKO.POZEN: Répertoire en Cours: D:\kerberos.htx\elasticsearch-7.14.0\jdk\conf\security\policy\
[13:34:51] - [13] MIRKO.POZEN: Nouveau Répertoire: D:\kerberos.htx\elasticsearch-7.14.0\jdk\conf\security\policy\unlimited
[13:34:51] - [13] MIRKO.POZEN: Répertoire en Cours: D:\kerberos.htx\elasticsearch-7.14.0\jdk\conf\security\policy\
[13:34:51] - [13] MIRKO.POZEN: Nouveau Répertoire: D:\kerberos.htx\elasticsearch-7.14.0\jdk\conf\security\policy\unlimited
[13:34:51] - [13] MIRKO.POZEN: Répertoire en Cours: D:\kerberos.htx\elasticsearch-7.14.0\jdk\
[13:34:51] - [13] MIRKO.POZEN: Nouveau Répertoire: D:\kerberos.htx\elasticsearch-7.14.0\jdk\include
[13:34:51] - [13] MIRKO.POZEN: Répertoire en Cours: D:\kerberos.htx\elasticsearch-7.14.0\jdk\
[13:34:51] - [13] MIRKO.POZEN: Nouveau Répertoire: D:\kerberos.htx\elasticsearch-7.14.0\jdk\include
[13:34:51] - [13] MIRKO.POZEN: Répertoire en Cours: D:\kerberos.htx\elasticsearch-7.14.0\jdk\include\
[13:34:51] - [13] MIRKO.POZEN: Nouveau Répertoire: D:\kerberos.htx\elasticsearch-7.14.0\jdk\include\win32
[13:34:51] - [13] MIRKO.POZEN: Répertoire en Cours: D:\kerberos.htx\elasticsearch-7.14.0\jdk\include\
[13:34:51] - [13] MIRKO.POZEN: Nouveau Répertoire: D:\kerberos.htx\elasticsearch-7.14.0\jdk\include\win32
[13:34:51] - [13] MIRKO.POZEN: Répertoire en Cours: D:\kerberos.htx\elasticsearch-7.14.0\jdk\include\win32\
[13:34:51] - [13] MIRKO.POZEN: Nouveau Répertoire: D:\kerberos.htx\elasticsearch-7.14.0\jdk\include\win32\bridge
[13:34:51] - [13] MIRKO.POZEN: Répertoire en Cours: D:\kerberos.htx\elasticsearch-7.14.0\jdk\include\win32\
[13:34:51] - [13] MIRKO.POZEN: Nouveau Répertoire: D:\kerberos.htx\elasticsearch-7.14.0\jdk\include\win32\bridge
[13:34:51] - [13] MIRKO.POZEN: Répertoire en Cours: D:\kerberos.htx\elasticsearch-7.14.0\jdk\
[13:34:51] - [13] MIRKO.POZEN: Nouveau Répertoire: D:\kerberos.htx\elasticsearch-7.14.0\jdk\jmods
[13:34:51] - [13] MIRKO.POZEN: Répertoire en Cours: D:\kerberos.htx\elasticsearch-7.14.0\jdk\
[13:34:51] - [13] MIRKO.POZEN: Nouveau Répertoire: D:\kerberos.htx\elasticsearch-7.14.0\jdk\jmods
[13:34:51] - [13] MIRKO.POZEN: Répertoire en Cours: D:\kerberos.htx\elasticsearch-7.14.0\jdk\
[13:34:51] - [13] MIRKO.POZEN: Nouveau Répertoire: D:\kerberos.htx\elasticsearch-7.14.0\jdk\legal
[13:34:51] - [14] MIRKO.POZEN: Début d'Upload de D:\kerberos.htx\elasticsearch-7.14.0\bin\elasticsearch-certgen.bat
[13:34:51] - [13] MIRKO.POZEN: Répertoire en Cours: D:\kerberos.htx\elasticsearch-7.14.0\jdk\
[13:34:51] - [14] MIRKO.POZEN: Fichier Upload: D:\kerberos.htx\elasticsearch-7.14.0\bin\elasticsearch-certgen.bat (0,63 K/S -    646 bytes)
[13:34:51] - [13] MIRKO.POZEN: Nouveau Répertoire: D:\kerberos.htx\elasticsearch-7.14.0\jdk\legal
[13:34:51] - [13] MIRKO.POZEN: Répertoire en Cours: D:\kerberos.htx\elasticsearch-7.14.0\jdk\legal\
[13:34:51] - [13] MIRKO.POZEN: Nouveau Répertoire: D:\kerberos.htx\elasticsearch-7.14.0\jdk\legal\java.base
[13:34:51] - [13] MIRKO.POZEN: Répertoire en Cours: D:\kerberos.htx\elasticsearch-7.14.0\jdk\legal\
[13:34:51] - [13] MIRKO.POZEN: Nouveau Répertoire: D:\kerberos.htx\elasticsearch-7.14.0\jdk\legal\java.base
[13:34:51] - [13] MIRKO.POZEN: Répertoire en Cours: D:\kerberos.htx\elasticsearch-7.14.0\jdk\legal\
[13:34:51] - [14] MIRKO.POZEN: Début d'Upload de D:\kerberos.htx\elasticsearch-7.14.0\bin\elasticsearch-certutil
[13:34:51] - [13] MIRKO.POZEN: Nouveau Répertoire: D:\kerberos.htx\elasticsearch-7.14.0\jdk\legal\java.compiler
[13:34:51] - [14] MIRKO.POZEN: Fichier Upload: D:\kerberos.htx\elasticsearch-7.14.0\bin\elasticsearch-certutil (0,48 K/S -    493 bytes)
[13:34:51] - [13] MIRKO.POZEN: Répertoire en Cours: D:\kerberos.htx\elasticsearch-7.14.0\jdk\legal\
[13:34:51] - [13] MIRKO.POZEN: Nouveau Répertoire: D:\kerberos.htx\elasticsearch-7.14.0\jdk\legal\java.compiler
[13:34:51] - [13] MIRKO.POZEN: Répertoire en Cours: D:\kerberos.htx\elasticsearch-7.14.0\jdk\legal\
[13:34:51] - [13] MIRKO.POZEN: Nouveau Répertoire: D:\kerberos.htx\elasticsearch-7.14.0\jdk\legal\java.datatransfer
[13:34:51] - [13] MIRKO.POZEN: Répertoire en Cours: D:\kerberos.htx\elasticsearch-7.14.0\jdk\legal\
[13:34:51] - [13] MIRKO.POZEN: Nouveau Répertoire: D:\kerberos.htx\elasticsearch-7.14.0\jdk\legal\java.datatransfer
[13:34:51] - [13] MIRKO.POZEN: Répertoire en Cours: D:\kerberos.htx\elasticsearch-7.14.0\jdk\legal\
[13:34:51] - [13] MIRKO.POZEN: Nouveau Répertoire: D:\kerberos.htx\elasticsearch-7.14.0\jdk\legal\java.desktop
[13:34:51] - [13] MIRKO.POZEN: Répertoire en Cours: D:\kerberos.htx\elasticsearch-7.14.0\jdk\legal\
[13:34:51] - [13] MIRKO.POZEN: Nouveau Répertoire: D:\kerberos.htx\elasticsearch-7.14.0\jdk\legal\java.desktop
[13:34:51] - [13] MIRKO.POZEN: Répertoire en Cours: D:\kerberos.htx\elasticsearch-7.14.0\jdk\legal\
[13:34:51] - [13] MIRKO.POZEN: Nouveau Répertoire: D:\kerberos.htx\elasticsearch-7.14.0\jdk\legal\java.instrument
[13:34:51] - [13] MIRKO.POZEN: Répertoire en Cours: D:\kerberos.htx\elasticsearch-7.14.0\jdk\legal\
[13:34:51] - [13] MIRKO.POZEN: Nouveau Répertoire: D:\kerberos.htx\elasticsearch-7.14.0\jdk\legal\java.instrument
[13:34:51] - [13] MIRKO.POZEN: Répertoire en Cours: D:\kerberos.htx\elasticsearch-7.14.0\jdk\legal\
[13:34:51] - [13] MIRKO.POZEN: Nouveau Répertoire: D:\kerberos.htx\elasticsearch-7.14.0\jdk\legal\java.logging
[13:34:51] - [13] MIRKO.POZEN: Répertoire en Cours: D:\kerberos.htx\elasticsearch-7.14.0\jdk\legal\
[13:34:51] - [13] MIRKO.POZEN: Nouveau Répertoire: D:\kerberos.htx\elasticsearch-7.14.0\jdk\legal\java.logging
[13:34:51] - [13] MIRKO.POZEN: Répertoire en Cours: D:\kerberos.htx\elasticsearch-7.14.0\jdk\legal\
[13:34:51] - [13] MIRKO.POZEN: Nouveau Répertoire: D:\kerberos.htx\elasticsearch-7.14.0\jdk\legal\java.management
[13:34:51] - [13] MIRKO.POZEN: Répertoire en Cours: D:\kerberos.htx\elasticsearch-7.14.0\jdk\legal\
[13:34:51] - [13] MIRKO.POZEN: Nouveau Répertoire: D:\kerberos.htx\elasticsearch-7.14.0\jdk\legal\java.management
[13:34:51] - [13] MIRKO.POZEN: Répertoire en Cours: D:\kerberos.htx\elasticsearch-7.14.0\jdk\legal\
[13:34:51] - [13] MIRKO.POZEN: Nouveau Répertoire: D:\kerberos.htx\elasticsearch-7.14.0\jdk\legal\java.management.rmi
[13:34:51] - [13] MIRKO.POZEN: Répertoire en Cours: D:\kerberos.htx\elasticsearch-7.14.0\jdk\legal\
[13:34:51] - [13] MIRKO.POZEN: Nouveau Répertoire: D:\kerberos.htx\elasticsearch-7.14.0\jdk\legal\java.management.rmi
[13:34:51] - [14] MIRKO.POZEN: Début d'Upload de D:\kerberos.htx\elasticsearch-7.14.0\bin\elasticsearch-certutil.bat
[13:34:51] - [13] MIRKO.POZEN: Répertoire en Cours: D:\kerberos.htx\elasticsearch-7.14.0\jdk\legal\
[13:34:51] - [14] MIRKO.POZEN: Fichier Upload: D:\kerberos.htx\elasticsearch-7.14.0\bin\elasticsearch-certutil.bat (0,62 K/S -    638 bytes)
[13:34:51] - [13] MIRKO.POZEN: Nouveau Répertoire: D:\kerberos.htx\elasticsearch-7.14.0\jdk\legal\java.naming
[13:34:51] - [13] MIRKO.POZEN: Répertoire en Cours: D:\kerberos.htx\elasticsearch-7.14.0\jdk\legal\
[13:34:51] - [13] MIRKO.POZEN: Nouveau Répertoire: D:\kerberos.htx\elasticsearch-7.14.0\jdk\legal\java.naming
[13:34:51] - [13] MIRKO.POZEN: Répertoire en Cours: D:\kerberos.htx\elasticsearch-7.14.0\jdk\legal\
[13:34:51] - [13] MIRKO.POZEN: Nouveau Répertoire: D:\kerberos.htx\elasticsearch-7.14.0\jdk\legal\java.net.http
[13:34:51] - [13] MIRKO.POZEN: Répertoire en Cours: D:\kerberos.htx\elasticsearch-7.14.0\jdk\legal\
[13:34:51] - [13] MIRKO.POZEN: Nouveau Répertoire: D:\kerberos.htx\elasticsearch-7.14.0\jdk\legal\java.net.http
[13:34:51] - [13] MIRKO.POZEN: Répertoire en Cours: D:\kerberos.htx\elasticsearch-7.14.0\jdk\legal\
[13:34:51] - [13] MIRKO.POZEN: Nouveau Répertoire: D:\kerberos.htx\elasticsearch-7.14.0\jdk\legal\java.prefs
[13:34:51] - [13] MIRKO.POZEN: Répertoire en Cours: D:\kerberos.htx\elasticsearch-7.14.0\jdk\legal\
[13:34:51] - [13] MIRKO.POZEN: Nouveau Répertoire: D:\kerberos.htx\elasticsearch-7.14.0\jdk\legal\java.prefs
[13:34:51] - [13] MIRKO.POZEN: Répertoire en Cours: D:\kerberos.htx\elasticsearch-7.14.0\jdk\legal\
[13:34:51] - [13] MIRKO.POZEN: Nouveau Répertoire: D:\kerberos.htx\elasticsearch-7.14.0\jdk\legal\java.rmi
[13:34:51] - [13] MIRKO.POZEN: Répertoire en Cours: D:\kerberos.htx\elasticsearch-7.14.0\jdk\legal\
[13:34:51] - [13] MIRKO.POZEN: Nouveau Répertoire: D:\kerberos.htx\elasticsearch-7.14.0\jdk\legal\java.rmi
[13:34:51] - [13] MIRKO.POZEN: Répertoire en Cours: D:\kerberos.htx\elasticsearch-7.14.0\jdk\legal\
[13:34:52] - [13] MIRKO.POZEN: Nouveau Répertoire: D:\kerberos.htx\elasticsearch-7.14.0\jdk\legal\java.scripting
[13:34:52] - [13] MIRKO.POZEN: Répertoire en Cours: D:\kerberos.htx\elasticsearch-7.14.0\jdk\legal\
[13:34:52] - [13] MIRKO.POZEN: Nouveau Répertoire: D:\kerberos.htx\elasticsearch-7.14.0\jdk\legal\java.scripting
[13:34:52] - [13] MIRKO.POZEN: Répertoire en Cours: D:\kerberos.htx\elasticsearch-7.14.0\jdk\legal\
[13:34:52] - [13] MIRKO.POZEN: Nouveau Répertoire: D:\kerberos.htx\elasticsearch-7.14.0\jdk\legal\java.se
[13:34:52] - [13] MIRKO.POZEN: Répertoire en Cours: D:\kerberos.htx\elasticsearch-7.14.0\jdk\legal\
[13:34:52] - [13] MIRKO.POZEN: Nouveau Répertoire: D:\kerberos.htx\elasticsearch-7.14.0\jdk\legal\java.se
[13:34:52] - [13] MIRKO.POZEN: Répertoire en Cours: D:\kerberos.htx\elasticsearch-7.14.0\jdk\legal\
[13:34:52] - [13] MIRKO.POZEN: Nouveau Répertoire: D:\kerberos.htx\elasticsearch-7.14.0\jdk\legal\java.security.jgss
[13:34:52] - [13] MIRKO.POZEN: Répertoire en Cours: D:\kerberos.htx\elasticsearch-7.14.0\jdk\legal\
[13:34:52] - [13] MIRKO.POZEN: Nouveau Répertoire: D:\kerberos.htx\elasticsearch-7.14.0\jdk\legal\java.security.jgss
[13:34:52] - [13] MIRKO.POZEN: Répertoire en Cours: D:\kerberos.htx\elasticsearch-7.14.0\jdk\legal\
[13:34:52] - [13] MIRKO.POZEN: Nouveau Répertoire: D:\kerberos.htx\elasticsearch-7.14.0\jdk\legal\java.security.sasl
[13:34:52] - [13] MIRKO.POZEN: Répertoire en Cours: D:\kerberos.htx\elasticsearch-7.14.0\jdk\legal\
[13:34:52] - [13] MIRKO.POZEN: Nouveau Répertoire: D:\kerberos.htx\elasticsearch-7.14.0\jdk\legal\java.security.sasl
[13:34:52] - [14] MIRKO.POZEN: Début d'Upload de D:\kerberos.htx\elasticsearch-7.14.0\bin\elasticsearch-cli
[13:34:52] - [13] MIRKO.POZEN: Répertoire en Cours: D:\kerberos.htx\elasticsearch-7.14.0\jdk\legal\
[13:34:52] - [13] MIRKO.POZEN: Nouveau Répertoire: D:\kerberos.htx\elasticsearch-7.14.0\jdk\legal\java.smartcardio
[13:34:52] - [14] MIRKO.POZEN: Fichier Upload: D:\kerberos.htx\elasticsearch-7.14.0\bin\elasticsearch-cli (0,97 K/S -    996 bytes)
[13:34:52] - [13] MIRKO.POZEN: Répertoire en Cours: D:\kerberos.htx\elasticsearch-7.14.0\jdk\legal\
[13:34:52] - [13] MIRKO.POZEN: Nouveau Répertoire: D:\kerberos.htx\elasticsearch-7.14.0\jdk\legal\java.smartcardio
[13:34:52] - [13] MIRKO.POZEN: Répertoire en Cours: D:\kerberos.htx\elasticsearch-7.14.0\jdk\legal\
[13:34:52] - [13] MIRKO.POZEN: Nouveau Répertoire: D:\kerberos.htx\elasticsearch-7.14.0\jdk\legal\java.sql
[13:34:52] - [13] MIRKO.POZEN: Répertoire en Cours: D:\kerberos.htx\elasticsearch-7.14.0\jdk\legal\
[13:34:52] - [13] MIRKO.POZEN: Nouveau Répertoire: D:\kerberos.htx\elasticsearch-7.14.0\jdk\legal\java.sql
[13:34:52] - [13] MIRKO.POZEN: Répertoire en Cours: D:\kerberos.htx\elasticsearch-7.14.0\jdk\legal\
[13:34:52] - [13] MIRKO.POZEN: Nouveau Répertoire: D:\kerberos.htx\elasticsearch-7.14.0\jdk\legal\java.sql.rowset
[13:34:52] - [13] MIRKO.POZEN: Répertoire en Cours: D:\kerberos.htx\elasticsearch-7.14.0\jdk\legal\
[13:34:52] - [13] MIRKO.POZEN: Nouveau Répertoire: D:\kerberos.htx\elasticsearch-7.14.0\jdk\legal\java.sql.rowset
[13:34:52] - [13] MIRKO.POZEN: Répertoire en Cours: D:\kerberos.htx\elasticsearch-7.14.0\jdk\legal\
[13:34:52] - [13] MIRKO.POZEN: Nouveau Répertoire: D:\kerberos.htx\elasticsearch-7.14.0\jdk\legal\java.transaction.xa
[13:34:52] - [13] MIRKO.POZEN: Répertoire en Cours: D:\kerberos.htx\elasticsearch-7.14.0\jdk\legal\
[13:34:52] - [13] MIRKO.POZEN: Nouveau Répertoire: D:\kerberos.htx\elasticsearch-7.14.0\jdk\legal\java.transaction.xa
[13:34:52] - [13] MIRKO.POZEN: Répertoire en Cours: D:\kerberos.htx\elasticsearch-7.14.0\jdk\legal\
[13:34:52] - [13] MIRKO.POZEN: Nouveau Répertoire: D:\kerberos.htx\elasticsearch-7.14.0\jdk\legal\java.xml
[13:34:52] - [13] MIRKO.POZEN: Répertoire en Cours: D:\kerberos.htx\elasticsearch-7.14.0\jdk\legal\
[13:34:52] - [13] MIRKO.POZEN: Nouveau Répertoire: D:\kerberos.htx\elasticsearch-7.14.0\jdk\legal\java.xml
[13:34:52] - [13] MIRKO.POZEN: Répertoire en Cours: D:\kerberos.htx\elasticsearch-7.14.0\jdk\legal\
[13:34:52] - [13] MIRKO.POZEN: Nouveau Répertoire: D:\kerberos.htx\elasticsearch-7.14.0\jdk\legal\java.xml.crypto
[13:34:52] - [13] MIRKO.POZEN: Répertoire en Cours: D:\kerberos.htx\elasticsearch-7.14.0\jdk\legal\
[13:34:52] - [13] MIRKO.POZEN: Nouveau Répertoire: D:\kerberos.htx\elasticsearch-7.14.0\jdk\legal\java.xml.crypto
[13:34:52] - [13] MIRKO.POZEN: Répertoire en Cours: D:\kerberos.htx\elasticsearch-7.14.0\jdk\legal\
[13:34:52] - [13] MIRKO.POZEN: Nouveau Répertoire: D:\kerberos.htx\elasticsearch-7.14.0\jdk\legal\jdk.accessibility
[13:34:52] - [13] MIRKO.POZEN: Répertoire en Cours: D:\kerberos.htx\elasticsearch-7.14.0\jdk\legal\
[13:34:52] - [13] MIRKO.POZEN: Nouveau Répertoire: D:\kerberos.htx\elasticsearch-7.14.0\jdk\legal\jdk.accessibility
[13:34:52] - [13] MIRKO.POZEN: Répertoire en Cours: D:\kerberos.htx\elasticsearch-7.14.0\jdk\legal\
[13:34:52] - [13] MIRKO.POZEN: Nouveau Répertoire: D:\kerberos.htx\elasticsearch-7.14.0\jdk\legal\jdk.aot
[13:34:52] - [13] MIRKO.POZEN: Répertoire en Cours: D:\kerberos.htx\elasticsearch-7.14.0\jdk\legal\
[13:34:52] - [13] MIRKO.POZEN: Nouveau Répertoire: D:\kerberos.htx\elasticsearch-7.14.0\jdk\legal\jdk.aot
[13:34:52] - [14] MIRKO.POZEN: Début d'Upload de D:\kerberos.htx\elasticsearch-7.14.0\bin\elasticsearch-cli.bat
[13:34:52] - [13] MIRKO.POZEN: Répertoire en Cours: D:\kerberos.htx\elasticsearch-7.14.0\jdk\legal\
[13:34:52] - [14] MIRKO.POZEN: Fichier Upload: D:\kerberos.htx\elasticsearch-7.14.0\bin\elasticsearch-cli.bat (0,84 K/S -    865 bytes)
[13:34:52] - [13] MIRKO.POZEN: Nouveau Répertoire: D:\kerberos.htx\elasticsearch-7.14.0\jdk\legal\jdk.attach
[13:34:52] - [13] MIRKO.POZEN: Répertoire en Cours: D:\kerberos.htx\elasticsearch-7.14.0\jdk\legal\
[13:34:52] - [13] MIRKO.POZEN: Nouveau Répertoire: D:\kerberos.htx\elasticsearch-7.14.0\jdk\legal\jdk.attach
[13:34:52] - [13] MIRKO.POZEN: Répertoire en Cours: D:\kerberos.htx\elasticsearch-7.14.0\jdk\legal\
[13:34:52] - [13] MIRKO.POZEN: Nouveau Répertoire: D:\kerberos.htx\elasticsearch-7.14.0\jdk\legal\jdk.charsets
[13:34:52] - [13] MIRKO.POZEN: Répertoire en Cours: D:\kerberos.htx\elasticsearch-7.14.0\jdk\legal\
[13:34:52] - [13] MIRKO.POZEN: Nouveau Répertoire: D:\kerberos.htx\elasticsearch-7.14.0\jdk\legal\jdk.charsets
[13:34:52] - [13] MIRKO.POZEN: Répertoire en Cours: D:\kerberos.htx\elasticsearch-7.14.0\jdk\legal\
[13:34:52] - [13] MIRKO.POZEN: Nouveau Répertoire: D:\kerberos.htx\elasticsearch-7.14.0\jdk\legal\jdk.compiler
[13:34:52] - [13] MIRKO.POZEN: Répertoire en Cours: D:\kerberos.htx\elasticsearch-7.14.0\jdk\legal\
[13:34:52] - [13] MIRKO.POZEN: Nouveau Répertoire: D:\kerberos.htx\elasticsearch-7.14.0\jdk\legal\jdk.compiler
[13:34:52] - [13] MIRKO.POZEN: Répertoire en Cours: D:\kerberos.htx\elasticsearch-7.14.0\jdk\legal\
[13:34:52] - [13] MIRKO.POZEN: Nouveau Répertoire: D:\kerberos.htx\elasticsearch-7.14.0\jdk\legal\jdk.crypto.cryptoki
[13:34:52] - [13] MIRKO.POZEN: Répertoire en Cours: D:\kerberos.htx\elasticsearch-7.14.0\jdk\legal\
[13:34:52] - [13] MIRKO.POZEN: Nouveau Répertoire: D:\kerberos.htx\elasticsearch-7.14.0\jdk\legal\jdk.crypto.cryptoki
[13:34:52] - [13] MIRKO.POZEN: Répertoire en Cours: D:\kerberos.htx\elasticsearch-7.14.0\jdk\legal\
[13:34:52] - [13] MIRKO.POZEN: Nouveau Répertoire: D:\kerberos.htx\elasticsearch-7.14.0\jdk\legal\jdk.crypto.ec
[13:34:52] - [13] MIRKO.POZEN: Répertoire en Cours: D:\kerberos.htx\elasticsearch-7.14.0\jdk\legal\
[13:34:52] - [13] MIRKO.POZEN: Nouveau Répertoire: D:\kerberos.htx\elasticsearch-7.14.0\jdk\legal\jdk.crypto.ec
[13:34:52] - [13] MIRKO.POZEN: Répertoire en Cours: D:\kerberos.htx\elasticsearch-7.14.0\jdk\legal\
[13:34:52] - [13] MIRKO.POZEN: Nouveau Répertoire: D:\kerberos.htx\elasticsearch-7.14.0\jdk\legal\jdk.crypto.mscapi
[13:34:52] - [13] MIRKO.POZEN: Répertoire en Cours: D:\kerberos.htx\elasticsearch-7.14.0\jdk\legal\
[13:34:52] - [13] MIRKO.POZEN: Nouveau Répertoire: D:\kerberos.htx\elasticsearch-7.14.0\jdk\legal\jdk.crypto.mscapi
[13:34:52] - [13] MIRKO.POZEN: Répertoire en Cours: D:\kerberos.htx\elasticsearch-7.14.0\jdk\legal\
[13:34:52] - [13] MIRKO.POZEN: Nouveau Répertoire: D:\kerberos.htx\elasticsearch-7.14.0\jdk\legal\jdk.dynalink
[13:34:52] - [13] MIRKO.POZEN: Répertoire en Cours: D:\kerberos.htx\elasticsearch-7.14.0\jdk\legal\
[13:34:52] - [13] MIRKO.POZEN: Nouveau Répertoire: D:\kerberos.htx\elasticsearch-7.14.0\jdk\legal\jdk.dynalink
[13:34:52] - [13] MIRKO.POZEN: Répertoire en Cours: D:\kerberos.htx\elasticsearch-7.14.0\jdk\legal\
[13:34:52] - [13] MIRKO.POZEN: Nouveau Répertoire: D:\kerberos.htx\elasticsearch-7.14.0\jdk\legal\jdk.editpad
[13:34:52] - [13] MIRKO.POZEN: Répertoire en Cours: D:\kerberos.htx\elasticsearch-7.14.0\jdk\legal\
[13:34:52] - [13] MIRKO.POZEN: Nouveau Répertoire: D:\kerberos.htx\elasticsearch-7.14.0\jdk\legal\jdk.editpad
[13:34:52] - [14] MIRKO.POZEN: Début d'Upload de D:\kerberos.htx\elasticsearch-7.14.0\bin\elasticsearch-croneval
[13:34:52] - [13] MIRKO.POZEN: Répertoire en Cours: D:\kerberos.htx\elasticsearch-7.14.0\jdk\legal\
[13:34:52] - [14] MIRKO.POZEN: Fichier Upload: D:\kerberos.htx\elasticsearch-7.14.0\bin\elasticsearch-croneval (0,43 K/S -    443 bytes)
[13:34:52] - [13] MIRKO.POZEN: Nouveau Répertoire: D:\kerberos.htx\elasticsearch-7.14.0\jdk\legal\jdk.hotspot.agent
[13:34:52] - [13] MIRKO.POZEN: Répertoire en Cours: D:\kerberos.htx\elasticsearch-7.14.0\jdk\legal\
[13:34:52] - [13] MIRKO.POZEN: Nouveau Répertoire: D:\kerberos.htx\elasticsearch-7.14.0\jdk\legal\jdk.hotspot.agent
[13:34:52] - [13] MIRKO.POZEN: Répertoire en Cours: D:\kerberos.htx\elasticsearch-7.14.0\jdk\legal\
[13:34:52] - [13] MIRKO.POZEN: Nouveau Répertoire: D:\kerberos.htx\elasticsearch-7.14.0\jdk\legal\jdk.httpserver
[13:34:52] - [13] MIRKO.POZEN: Répertoire en Cours: D:\kerberos.htx\elasticsearch-7.14.0\jdk\legal\
[13:34:52] - [13] MIRKO.POZEN: Nouveau Répertoire: D:\kerberos.htx\elasticsearch-7.14.0\jdk\legal\jdk.httpserver
[13:34:52] - [13] MIRKO.POZEN: Répertoire en Cours: D:\kerberos.htx\elasticsearch-7.14.0\jdk\legal\
[13:34:52] - [13] MIRKO.POZEN: Nouveau Répertoire: D:\kerberos.htx\elasticsearch-7.14.0\jdk\legal\jdk.incubator.foreign
[13:34:52] - [13] MIRKO.POZEN: Répertoire en Cours: D:\kerberos.htx\elasticsearch-7.14.0\jdk\legal\
[13:34:52] - [13] MIRKO.POZEN: Nouveau Répertoire: D:\kerberos.htx\elasticsearch-7.14.0\jdk\legal\jdk.incubator.foreign
[13:34:52] - [13] MIRKO.POZEN: Répertoire en Cours: D:\kerberos.htx\elasticsearch-7.14.0\jdk\legal\
[13:34:52] - [13] MIRKO.POZEN: Nouveau Répertoire: D:\kerberos.htx\elasticsearch-7.14.0\jdk\legal\jdk.incubator.vector
[13:34:52] - [13] MIRKO.POZEN: Répertoire en Cours: D:\kerberos.htx\elasticsearch-7.14.0\jdk\legal\
[13:34:52] - [13] MIRKO.POZEN: Nouveau Répertoire: D:\kerberos.htx\elasticsearch-7.14.0\jdk\legal\jdk.incubator.vector
[13:34:52] - [13] MIRKO.POZEN: Répertoire en Cours: D:\kerberos.htx\elasticsearch-7.14.0\jdk\legal\
[13:34:52] - [13] MIRKO.POZEN: Nouveau Répertoire: D:\kerberos.htx\elasticsearch-7.14.0\jdk\legal\jdk.internal.ed
[13:34:52] - [13] MIRKO.POZEN: Répertoire en Cours: D:\kerberos.htx\elasticsearch-7.14.0\jdk\legal\
[13:34:52] - [13] MIRKO.POZEN: Nouveau Répertoire: D:\kerberos.htx\elasticsearch-7.14.0\jdk\legal\jdk.internal.ed
[13:34:52] - [13] MIRKO.POZEN: Répertoire en Cours: D:\kerberos.htx\elasticsearch-7.14.0\jdk\legal\
[13:34:52] - [13] MIRKO.POZEN: Nouveau Répertoire: D:\kerberos.htx\elasticsearch-7.14.0\jdk\legal\jdk.internal.jvmstat
[13:34:52] - [13] MIRKO.POZEN: Répertoire en Cours: D:\kerberos.htx\elasticsearch-7.14.0\jdk\legal\
[13:34:52] - [13] MIRKO.POZEN: Nouveau Répertoire: D:\kerberos.htx\elasticsearch-7.14.0\jdk\legal\jdk.internal.jvmstat
[13:34:52] - [13] MIRKO.POZEN: Répertoire en Cours: D:\kerberos.htx\elasticsearch-7.14.0\jdk\legal\
[13:34:52] - [13] MIRKO.POZEN: Nouveau Répertoire: D:\kerberos.htx\elasticsearch-7.14.0\jdk\legal\jdk.internal.le
[13:34:52] - [13] MIRKO.POZEN: Répertoire en Cours: D:\kerberos.htx\elasticsearch-7.14.0\jdk\legal\
[13:34:52] - [13] MIRKO.POZEN: Nouveau Répertoire: D:\kerberos.htx\elasticsearch-7.14.0\jdk\legal\jdk.internal.le
[13:34:52] - [13] MIRKO.POZEN: Répertoire en Cours: D:\kerberos.htx\elasticsearch-7.14.0\jdk\legal\
[13:34:52] - [13] MIRKO.POZEN: Nouveau Répertoire: D:\kerberos.htx\elasticsearch-7.14.0\jdk\legal\jdk.internal.opt
[13:34:52] - [13] MIRKO.POZEN: Répertoire en Cours: D:\kerberos.htx\elasticsearch-7.14.0\jdk\legal\
[13:34:52] - [14] MIRKO.POZEN: Début d'Upload de D:\kerberos.htx\elasticsearch-7.14.0\bin\elasticsearch-croneval.bat
[13:34:52] - [13] MIRKO.POZEN: Nouveau Répertoire: D:\kerberos.htx\elasticsearch-7.14.0\jdk\legal\jdk.internal.opt
[13:34:52] - [14] MIRKO.POZEN: Fichier Upload: D:\kerberos.htx\elasticsearch-7.14.0\bin\elasticsearch-croneval.bat (0,57 K/S -    587 bytes)
[13:34:52] - [13] MIRKO.POZEN: Répertoire en Cours: D:\kerberos.htx\elasticsearch-7.14.0\jdk\legal\
[13:34:52] - [13] MIRKO.POZEN: Nouveau Répertoire: D:\kerberos.htx\elasticsearch-7.14.0\jdk\legal\jdk.internal.vm.ci
[13:34:52] - [13] MIRKO.POZEN: Répertoire en Cours: D:\kerberos.htx\elasticsearch-7.14.0\jdk\legal\
[13:34:52] - [13] MIRKO.POZEN: Nouveau Répertoire: D:\kerberos.htx\elasticsearch-7.14.0\jdk\legal\jdk.internal.vm.ci
[13:34:52] - [13] MIRKO.POZEN: Répertoire en Cours: D:\kerberos.htx\elasticsearch-7.14.0\jdk\legal\
[13:34:52] - [13] MIRKO.POZEN: Nouveau Répertoire: D:\kerberos.htx\elasticsearch-7.14.0\jdk\legal\jdk.internal.vm.compiler
[13:34:52] - [13] MIRKO.POZEN: Répertoire en Cours: D:\kerberos.htx\elasticsearch-7.14.0\jdk\legal\
[13:34:52] - [13] MIRKO.POZEN: Nouveau Répertoire: D:\kerberos.htx\elasticsearch-7.14.0\jdk\legal\jdk.internal.vm.compiler
[13:34:52] - [13] MIRKO.POZEN: Répertoire en Cours: D:\kerberos.htx\elasticsearch-7.14.0\jdk\legal\
[13:34:52] - [13] MIRKO.POZEN: Nouveau Répertoire: D:\kerberos.htx\elasticsearch-7.14.0\jdk\legal\jdk.internal.vm.compiler.management
[13:34:52] - [13] MIRKO.POZEN: Répertoire en Cours: D:\kerberos.htx\elasticsearch-7.14.0\jdk\legal\
[13:34:52] - [13] MIRKO.POZEN: Nouveau Répertoire: D:\kerberos.htx\elasticsearch-7.14.0\jdk\legal\jdk.internal.vm.compiler.management
[13:34:52] - [13] MIRKO.POZEN: Répertoire en Cours: D:\kerberos.htx\elasticsearch-7.14.0\jdk\legal\
[13:34:52] - [13] MIRKO.POZEN: Nouveau Répertoire: D:\kerberos.htx\elasticsearch-7.14.0\jdk\legal\jdk.jartool
[13:34:52] - [13] MIRKO.POZEN: Répertoire en Cours: D:\kerberos.htx\elasticsearch-7.14.0\jdk\legal\
[13:34:52] - [13] MIRKO.POZEN: Nouveau Répertoire: D:\kerberos.htx\elasticsearch-7.14.0\jdk\legal\jdk.jartool
[13:34:52] - [13] MIRKO.POZEN: Répertoire en Cours: D:\kerberos.htx\elasticsearch-7.14.0\jdk\legal\
[13:34:52] - [13] MIRKO.POZEN: Nouveau Répertoire: D:\kerberos.htx\elasticsearch-7.14.0\jdk\legal\jdk.javadoc
[13:34:52] - [13] MIRKO.POZEN: Répertoire en Cours: D:\kerberos.htx\elasticsearch-7.14.0\jdk\legal\
[13:34:52] - [13] MIRKO.POZEN: Nouveau Répertoire: D:\kerberos.htx\elasticsearch-7.14.0\jdk\legal\jdk.javadoc
[13:34:52] - [13] MIRKO.POZEN: Répertoire en Cours: D:\kerberos.htx\elasticsearch-7.14.0\jdk\legal\
[13:34:52] - [13] MIRKO.POZEN: Nouveau Répertoire: D:\kerberos.htx\elasticsearch-7.14.0\jdk\legal\jdk.jcmd
[13:34:52] - [13] MIRKO.POZEN: Répertoire en Cours: D:\kerberos.htx\elasticsearch-7.14.0\jdk\legal\
[13:34:52] - [13] MIRKO.POZEN: Nouveau Répertoire: D:\kerberos.htx\elasticsearch-7.14.0\jdk\legal\jdk.jcmd
[13:34:52] - [13] MIRKO.POZEN: Répertoire en Cours: D:\kerberos.htx\elasticsearch-7.14.0\jdk\legal\
[13:34:52] - [13] MIRKO.POZEN: Nouveau Répertoire: D:\kerberos.htx\elasticsearch-7.14.0\jdk\legal\jdk.jconsole
[13:34:52] - [13] MIRKO.POZEN: Répertoire en Cours: D:\kerberos.htx\elasticsearch-7.14.0\jdk\legal\
[13:34:52] - [13] MIRKO.POZEN: Nouveau Répertoire: D:\kerberos.htx\elasticsearch-7.14.0\jdk\legal\jdk.jconsole
[13:34:52] - [13] MIRKO.POZEN: Répertoire en Cours: D:\kerberos.htx\elasticsearch-7.14.0\jdk\legal\
[13:34:52] - [13] MIRKO.POZEN: Nouveau Répertoire: D:\kerberos.htx\elasticsearch-7.14.0\jdk\legal\jdk.jdeps
[13:34:52] - [13] MIRKO.POZEN: Répertoire en Cours: D:\kerberos.htx\elasticsearch-7.14.0\jdk\legal\
[13:34:52] - [14] MIRKO.POZEN: Début d'Upload de D:\kerberos.htx\elasticsearch-7.14.0\bin\elasticsearch-env
[13:34:52] - [13] MIRKO.POZEN: Nouveau Répertoire: D:\kerberos.htx\elasticsearch-7.14.0\jdk\legal\jdk.jdeps
[13:34:53] - [13] MIRKO.POZEN: Répertoire en Cours: D:\kerberos.htx\elasticsearch-7.14.0\jdk\legal\
[13:34:53] - [14] MIRKO.POZEN: Fichier Upload: D:\kerberos.htx\elasticsearch-7.14.0\bin\elasticsearch-env (4,74 K/S -   4 856 bytes)
[13:34:53] - [13] MIRKO.POZEN: Nouveau Répertoire: D:\kerberos.htx\elasticsearch-7.14.0\jdk\legal\jdk.jdi
[13:34:53] - [13] MIRKO.POZEN: Répertoire en Cours: D:\kerberos.htx\elasticsearch-7.14.0\jdk\legal\
[13:34:53] - [13] MIRKO.POZEN: Nouveau Répertoire: D:\kerberos.htx\elasticsearch-7.14.0\jdk\legal\jdk.jdi
[13:34:53] - [13] MIRKO.POZEN: Répertoire en Cours: D:\kerberos.htx\elasticsearch-7.14.0\jdk\legal\
[13:34:53] - [13] MIRKO.POZEN: Nouveau Répertoire: D:\kerberos.htx\elasticsearch-7.14.0\jdk\legal\jdk.jdwp.agent
[13:34:53] - [13] MIRKO.POZEN: Répertoire en Cours: D:\kerberos.htx\elasticsearch-7.14.0\jdk\legal\
[13:34:53] - [13] MIRKO.POZEN: Nouveau Répertoire: D:\kerberos.htx\elasticsearch-7.14.0\jdk\legal\jdk.jdwp.agent
[13:34:53] - [13] MIRKO.POZEN: Répertoire en Cours: D:\kerberos.htx\elasticsearch-7.14.0\jdk\legal\
[13:34:53] - [13] MIRKO.POZEN: Nouveau Répertoire: D:\kerberos.htx\elasticsearch-7.14.0\jdk\legal\jdk.jfr
[13:34:53] - [13] MIRKO.POZEN: Répertoire en Cours: D:\kerberos.htx\elasticsearch-7.14.0\jdk\legal\
[13:34:53] - [13] MIRKO.POZEN: Nouveau Répertoire: D:\kerberos.htx\elasticsearch-7.14.0\jdk\legal\jdk.jfr
[13:34:53] - [13] MIRKO.POZEN: Répertoire en Cours: D:\kerberos.htx\elasticsearch-7.14.0\jdk\legal\
[13:34:53] - [13] MIRKO.POZEN: Nouveau Répertoire: D:\kerberos.htx\elasticsearch-7.14.0\jdk\legal\jdk.jlink
[13:34:53] - [13] MIRKO.POZEN: Répertoire en Cours: D:\kerberos.htx\elasticsearch-7.14.0\jdk\legal\
[13:34:53] - [13] MIRKO.POZEN: Nouveau Répertoire: D:\kerberos.htx\elasticsearch-7.14.0\jdk\legal\jdk.jlink
[13:34:53] - [13] MIRKO.POZEN: Répertoire en Cours: D:\kerberos.htx\elasticsearch-7.14.0\jdk\legal\
[13:34:53] - [13] MIRKO.POZEN: Nouveau Répertoire: D:\kerberos.htx\elasticsearch-7.14.0\jdk\legal\jdk.jpackage
[13:34:53] - [13] MIRKO.POZEN: Répertoire en Cours: D:\kerberos.htx\elasticsearch-7.14.0\jdk\legal\
[13:34:53] - [13] MIRKO.POZEN: Nouveau Répertoire: D:\kerberos.htx\elasticsearch-7.14.0\jdk\legal\jdk.jpackage
[13:34:53] - [13] MIRKO.POZEN: Répertoire en Cours: D:\kerberos.htx\elasticsearch-7.14.0\jdk\legal\
[13:34:53] - [13] MIRKO.POZEN: Nouveau Répertoire: D:\kerberos.htx\elasticsearch-7.14.0\jdk\legal\jdk.jshell
[13:34:53] - [13] MIRKO.POZEN: Répertoire en Cours: D:\kerberos.htx\elasticsearch-7.14.0\jdk\legal\
[13:34:53] - [13] MIRKO.POZEN: Nouveau Répertoire: D:\kerberos.htx\elasticsearch-7.14.0\jdk\legal\jdk.jshell
[13:34:53] - [13] MIRKO.POZEN: Répertoire en Cours: D:\kerberos.htx\elasticsearch-7.14.0\jdk\legal\
[13:34:53] - [13] MIRKO.POZEN: Nouveau Répertoire: D:\kerberos.htx\elasticsearch-7.14.0\jdk\legal\jdk.jsobject
[13:34:53] - [13] MIRKO.POZEN: Répertoire en Cours: D:\kerberos.htx\elasticsearch-7.14.0\jdk\legal\
[13:34:53] - [13] MIRKO.POZEN: Nouveau Répertoire: D:\kerberos.htx\elasticsearch-7.14.0\jdk\legal\jdk.jsobject
[13:34:53] - [14] MIRKO.POZEN: Début d'Upload de D:\kerberos.htx\elasticsearch-7.14.0\bin\elasticsearch-env-from-file
[13:34:53] - [13] MIRKO.POZEN: Répertoire en Cours: D:\kerberos.htx\elasticsearch-7.14.0\jdk\legal\
[13:34:53] - [14] MIRKO.POZEN: Fichier Upload: D:\kerberos.htx\elasticsearch-7.14.0\bin\elasticsearch-env-from-file (1,79 K/S -   1 828 bytes)
[13:34:53] - [13] MIRKO.POZEN: Nouveau Répertoire: D:\kerberos.htx\elasticsearch-7.14.0\jdk\legal\jdk.jstatd
[13:34:53] - [13] MIRKO.POZEN: Répertoire en Cours: D:\kerberos.htx\elasticsearch-7.14.0\jdk\legal\
[13:34:53] - [13] MIRKO.POZEN: Nouveau Répertoire: D:\kerberos.htx\elasticsearch-7.14.0\jdk\legal\jdk.jstatd
[13:34:53] - [13] MIRKO.POZEN: Répertoire en Cours: D:\kerberos.htx\elasticsearch-7.14.0\jdk\legal\
[13:34:53] - [13] MIRKO.POZEN: Nouveau Répertoire: D:\kerberos.htx\elasticsearch-7.14.0\jdk\legal\jdk.localedata
[13:34:53] - [13] MIRKO.POZEN: Répertoire en Cours: D:\kerberos.htx\elasticsearch-7.14.0\jdk\legal\
[13:34:53] - [13] MIRKO.POZEN: Nouveau Répertoire: D:\kerberos.htx\elasticsearch-7.14.0\jdk\legal\jdk.localedata
[13:34:53] - [13] MIRKO.POZEN: Répertoire en Cours: D:\kerberos.htx\elasticsearch-7.14.0\jdk\legal\
[13:34:53] - [13] MIRKO.POZEN: Nouveau Répertoire: D:\kerberos.htx\elasticsearch-7.14.0\jdk\legal\jdk.management
[13:34:53] - [13] MIRKO.POZEN: Répertoire en Cours: D:\kerberos.htx\elasticsearch-7.14.0\jdk\legal\
[13:34:53] - [13] MIRKO.POZEN: Nouveau Répertoire: D:\kerberos.htx\elasticsearch-7.14.0\jdk\legal\jdk.management
[13:34:53] - [13] MIRKO.POZEN: Répertoire en Cours: D:\kerberos.htx\elasticsearch-7.14.0\jdk\legal\
[13:34:53] - [13] MIRKO.POZEN: Nouveau Répertoire: D:\kerberos.htx\elasticsearch-7.14.0\jdk\legal\jdk.management.agent
[13:34:53] - [13] MIRKO.POZEN: Répertoire en Cours: D:\kerberos.htx\elasticsearch-7.14.0\jdk\legal\
[13:34:53] - [13] MIRKO.POZEN: Nouveau Répertoire: D:\kerberos.htx\elasticsearch-7.14.0\jdk\legal\jdk.management.agent
[13:34:53] - [13] MIRKO.POZEN: Répertoire en Cours: D:\kerberos.htx\elasticsearch-7.14.0\jdk\legal\
[13:34:53] - [13] MIRKO.POZEN: Nouveau Répertoire: D:\kerberos.htx\elasticsearch-7.14.0\jdk\legal\jdk.management.jfr
[13:34:53] - [13] MIRKO.POZEN: Répertoire en Cours: D:\kerberos.htx\elasticsearch-7.14.0\jdk\legal\
[13:34:53] - [13] MIRKO.POZEN: Nouveau Répertoire: D:\kerberos.htx\elasticsearch-7.14.0\jdk\legal\jdk.management.jfr
[13:34:53] - [13] MIRKO.POZEN: Répertoire en Cours: D:\kerberos.htx\elasticsearch-7.14.0\jdk\legal\
[13:34:53] - [13] MIRKO.POZEN: Nouveau Répertoire: D:\kerberos.htx\elasticsearch-7.14.0\jdk\legal\jdk.naming.dns
[13:34:53] - [13] MIRKO.POZEN: Répertoire en Cours: D:\kerberos.htx\elasticsearch-7.14.0\jdk\legal\
[13:34:53] - [13] MIRKO.POZEN: Nouveau Répertoire: D:\kerberos.htx\elasticsearch-7.14.0\jdk\legal\jdk.naming.dns
[13:34:53] - [13] MIRKO.POZEN: Répertoire en Cours: D:\kerberos.htx\elasticsearch-7.14.0\jdk\legal\
[13:34:53] - [13] MIRKO.POZEN: Nouveau Répertoire: D:\kerberos.htx\elasticsearch-7.14.0\jdk\legal\jdk.naming.rmi
[13:34:53] - [13] MIRKO.POZEN: Répertoire en Cours: D:\kerberos.htx\elasticsearch-7.14.0\jdk\legal\
[13:34:53] - [13] MIRKO.POZEN: Nouveau Répertoire: D:\kerberos.htx\elasticsearch-7.14.0\jdk\legal\jdk.naming.rmi
[13:34:53] - [13] MIRKO.POZEN: Répertoire en Cours: D:\kerberos.htx\elasticsearch-7.14.0\jdk\legal\
[13:34:53] - [13] MIRKO.POZEN: Nouveau Répertoire: D:\kerberos.htx\elasticsearch-7.14.0\jdk\legal\jdk.net
[13:34:53] - [13] MIRKO.POZEN: Répertoire en Cours: D:\kerberos.htx\elasticsearch-7.14.0\jdk\legal\
[13:34:53] - [13] MIRKO.POZEN: Nouveau Répertoire: D:\kerberos.htx\elasticsearch-7.14.0\jdk\legal\jdk.net
[13:34:53] - [14] MIRKO.POZEN: Début d'Upload de D:\kerberos.htx\elasticsearch-7.14.0\bin\elasticsearch-env.bat
[13:34:53] - [13] MIRKO.POZEN: Répertoire en Cours: D:\kerberos.htx\elasticsearch-7.14.0\jdk\legal\
[13:34:53] - [14] MIRKO.POZEN: Fichier Upload: D:\kerberos.htx\elasticsearch-7.14.0\bin\elasticsearch-env.bat (2,50 K/S -   2 563 bytes)
[13:34:53] - [13] MIRKO.POZEN: Nouveau Répertoire: D:\kerberos.htx\elasticsearch-7.14.0\jdk\legal\jdk.nio.mapmode
[13:34:53] - [13] MIRKO.POZEN: Répertoire en Cours: D:\kerberos.htx\elasticsearch-7.14.0\jdk\legal\
[13:34:53] - [13] MIRKO.POZEN: Nouveau Répertoire: D:\kerberos.htx\elasticsearch-7.14.0\jdk\legal\jdk.nio.mapmode
[13:34:53] - [13] MIRKO.POZEN: Répertoire en Cours: D:\kerberos.htx\elasticsearch-7.14.0\jdk\legal\
[13:34:53] - [13] MIRKO.POZEN: Nouveau Répertoire: D:\kerberos.htx\elasticsearch-7.14.0\jdk\legal\jdk.sctp
[13:34:53] - [13] MIRKO.POZEN: Répertoire en Cours: D:\kerberos.htx\elasticsearch-7.14.0\jdk\legal\
[13:34:53] - [13] MIRKO.POZEN: Nouveau Répertoire: D:\kerberos.htx\elasticsearch-7.14.0\jdk\legal\jdk.sctp
[13:34:53] - [13] MIRKO.POZEN: Répertoire en Cours: D:\kerberos.htx\elasticsearch-7.14.0\jdk\legal\
[13:34:53] - [13] MIRKO.POZEN: Nouveau Répertoire: D:\kerberos.htx\elasticsearch-7.14.0\jdk\legal\jdk.security.auth
[13:34:53] - [13] MIRKO.POZEN: Répertoire en Cours: D:\kerberos.htx\elasticsearch-7.14.0\jdk\legal\
[13:34:53] - [13] MIRKO.POZEN: Nouveau Répertoire: D:\kerberos.htx\elasticsearch-7.14.0\jdk\legal\jdk.security.auth
[13:34:53] - [13] MIRKO.POZEN: Répertoire en Cours: D:\kerberos.htx\elasticsearch-7.14.0\jdk\legal\
[13:34:53] - [13] MIRKO.POZEN: Nouveau Répertoire: D:\kerberos.htx\elasticsearch-7.14.0\jdk\legal\jdk.security.jgss
[13:34:53] - [13] MIRKO.POZEN: Répertoire en Cours: D:\kerberos.htx\elasticsearch-7.14.0\jdk\legal\
[13:34:53] - [13] MIRKO.POZEN: Nouveau Répertoire: D:\kerberos.htx\elasticsearch-7.14.0\jdk\legal\jdk.security.jgss
[13:34:53] - [13] MIRKO.POZEN: Répertoire en Cours: D:\kerberos.htx\elasticsearch-7.14.0\jdk\legal\
[13:34:53] - [13] MIRKO.POZEN: Nouveau Répertoire: D:\kerberos.htx\elasticsearch-7.14.0\jdk\legal\jdk.unsupported
[13:34:53] - [13] MIRKO.POZEN: Répertoire en Cours: D:\kerberos.htx\elasticsearch-7.14.0\jdk\legal\
[13:34:53] - [13] MIRKO.POZEN: Nouveau Répertoire: D:\kerberos.htx\elasticsearch-7.14.0\jdk\legal\jdk.unsupported
[13:34:53] - [13] MIRKO.POZEN: Répertoire en Cours: D:\kerberos.htx\elasticsearch-7.14.0\jdk\legal\
[13:34:53] - [13] MIRKO.POZEN: Nouveau Répertoire: D:\kerberos.htx\elasticsearch-7.14.0\jdk\legal\jdk.unsupported.desktop
[13:34:53] - [13] MIRKO.POZEN: Répertoire en Cours: D:\kerberos.htx\elasticsearch-7.14.0\jdk\legal\
[13:34:53] - [13] MIRKO.POZEN: Nouveau Répertoire: D:\kerberos.htx\elasticsearch-7.14.0\jdk\legal\jdk.unsupported.desktop
[13:34:53] - [13] MIRKO.POZEN: Répertoire en Cours: D:\kerberos.htx\elasticsearch-7.14.0\jdk\legal\
[13:34:53] - [13] MIRKO.POZEN: Nouveau Répertoire: D:\kerberos.htx\elasticsearch-7.14.0\jdk\legal\jdk.xml.dom
[13:34:53] - [13] MIRKO.POZEN: Répertoire en Cours: D:\kerberos.htx\elasticsearch-7.14.0\jdk\legal\
[13:34:53] - [13] MIRKO.POZEN: Nouveau Répertoire: D:\kerberos.htx\elasticsearch-7.14.0\jdk\legal\jdk.xml.dom
[13:34:53] - [13] MIRKO.POZEN: Répertoire en Cours: D:\kerberos.htx\elasticsearch-7.14.0\jdk\legal\
[13:34:53] - [13] MIRKO.POZEN: Nouveau Répertoire: D:\kerberos.htx\elasticsearch-7.14.0\jdk\legal\jdk.zipfs
[13:34:53] - [13] MIRKO.POZEN: Répertoire en Cours: D:\kerberos.htx\elasticsearch-7.14.0\jdk\legal\
[13:34:53] - [14] MIRKO.POZEN: Début d'Upload de D:\kerberos.htx\elasticsearch-7.14.0\bin\elasticsearch-geoip
[13:34:53] - [13] MIRKO.POZEN: Nouveau Répertoire: D:\kerberos.htx\elasticsearch-7.14.0\jdk\legal\jdk.zipfs
[13:34:53] - [14] MIRKO.POZEN: Fichier Upload: D:\kerberos.htx\elasticsearch-7.14.0\bin\elasticsearch-geoip (0,16 K/S -    168 bytes)
[13:34:53] - [13] MIRKO.POZEN: Répertoire en Cours: D:\kerberos.htx\elasticsearch-7.14.0\jdk\
[13:34:53] - [13] MIRKO.POZEN: Nouveau Répertoire: D:\kerberos.htx\elasticsearch-7.14.0\jdk\lib
[13:34:53] - [13] MIRKO.POZEN: Répertoire en Cours: D:\kerberos.htx\elasticsearch-7.14.0\jdk\
[13:34:53] - [13] MIRKO.POZEN: Nouveau Répertoire: D:\kerberos.htx\elasticsearch-7.14.0\jdk\lib
[13:34:53] - [13] MIRKO.POZEN: Répertoire en Cours: D:\kerberos.htx\elasticsearch-7.14.0\jdk\lib\
[13:34:53] - [13] MIRKO.POZEN: Nouveau Répertoire: D:\kerberos.htx\elasticsearch-7.14.0\jdk\lib\jfr
[13:34:53] - [13] MIRKO.POZEN: Répertoire en Cours: D:\kerberos.htx\elasticsearch-7.14.0\jdk\lib\
[13:34:53] - [13] MIRKO.POZEN: Nouveau Répertoire: D:\kerberos.htx\elasticsearch-7.14.0\jdk\lib\jfr
[13:34:53] - [13] MIRKO.POZEN: Répertoire en Cours: D:\kerberos.htx\elasticsearch-7.14.0\jdk\lib\
[13:34:53] - [13] MIRKO.POZEN: Nouveau Répertoire: D:\kerberos.htx\elasticsearch-7.14.0\jdk\lib\security
[13:34:53] - [13] MIRKO.POZEN: Répertoire en Cours: D:\kerberos.htx\elasticsearch-7.14.0\jdk\lib\
[13:34:53] - [13] MIRKO.POZEN: Nouveau Répertoire: D:\kerberos.htx\elasticsearch-7.14.0\jdk\lib\security
[13:34:53] - [13] MIRKO.POZEN: Répertoire en Cours: D:\kerberos.htx\elasticsearch-7.14.0\
[13:34:53] - [13] MIRKO.POZEN: Nouveau Répertoire: D:\kerberos.htx\elasticsearch-7.14.0\lib
[13:34:53] - [13] MIRKO.POZEN: Répertoire en Cours: D:\kerberos.htx\elasticsearch-7.14.0\
[13:34:53] - [13] MIRKO.POZEN: Nouveau Répertoire: D:\kerberos.htx\elasticsearch-7.14.0\lib
[13:34:53] - [13] MIRKO.POZEN: Répertoire en Cours: D:\kerberos.htx\elasticsearch-7.14.0\lib\
[13:34:53] - [13] MIRKO.POZEN: Nouveau Répertoire: D:\kerberos.htx\elasticsearch-7.14.0\lib\tools
[13:34:53] - [13] MIRKO.POZEN: Répertoire en Cours: D:\kerberos.htx\elasticsearch-7.14.0\lib\
[13:34:53] - [13] MIRKO.POZEN: Nouveau Répertoire: D:\kerberos.htx\elasticsearch-7.14.0\lib\tools
[13:34:53] - [13] MIRKO.POZEN: Répertoire en Cours: D:\kerberos.htx\elasticsearch-7.14.0\lib\tools\
[13:34:53] - [13] MIRKO.POZEN: Nouveau Répertoire: D:\kerberos.htx\elasticsearch-7.14.0\lib\tools\geoip-cli
[13:34:53] - [13] MIRKO.POZEN: Répertoire en Cours: D:\kerberos.htx\elasticsearch-7.14.0\lib\tools\
[13:34:53] - [13] MIRKO.POZEN: Nouveau Répertoire: D:\kerberos.htx\elasticsearch-7.14.0\lib\tools\geoip-cli
[13:34:53] - [13] MIRKO.POZEN: Répertoire en Cours: D:\kerberos.htx\elasticsearch-7.14.0\lib\tools\
[13:34:53] - [13] MIRKO.POZEN: Nouveau Répertoire: D:\kerberos.htx\elasticsearch-7.14.0\lib\tools\keystore-cli
[13:34:53] - [13] MIRKO.POZEN: Répertoire en Cours: D:\kerberos.htx\elasticsearch-7.14.0\lib\tools\
[13:34:53] - [13] MIRKO.POZEN: Nouveau Répertoire: D:\kerberos.htx\elasticsearch-7.14.0\lib\tools\keystore-cli
[13:34:53] - [13] MIRKO.POZEN: Répertoire en Cours: D:\kerberos.htx\elasticsearch-7.14.0\lib\tools\
[13:34:53] - [13] MIRKO.POZEN: Nouveau Répertoire: D:\kerberos.htx\elasticsearch-7.14.0\lib\tools\plugin-cli
[13:34:53] - [13] MIRKO.POZEN: Répertoire en Cours: D:\kerberos.htx\elasticsearch-7.14.0\lib\tools\
[13:34:53] - [13] MIRKO.POZEN: Nouveau Répertoire: D:\kerberos.htx\elasticsearch-7.14.0\lib\tools\plugin-cli
[13:34:53] - [14] MIRKO.POZEN: Début d'Upload de D:\kerberos.htx\elasticsearch-7.14.0\bin\elasticsearch-geoip.bat
[13:34:53] - [13] MIRKO.POZEN: Répertoire en Cours: D:\kerberos.htx\elasticsearch-7.14.0\lib\tools\
[13:34:53] - [13] MIRKO.POZEN: Nouveau Répertoire: D:\kerberos.htx\elasticsearch-7.14.0\lib\tools\security-cli
[13:34:53] - [14] MIRKO.POZEN: Fichier Upload: D:\kerberos.htx\elasticsearch-7.14.0\bin\elasticsearch-geoip.bat (0,29 K/S -    301 bytes)
[13:34:53] - [13] MIRKO.POZEN: Répertoire en Cours: D:\kerberos.htx\elasticsearch-7.14.0\lib\tools\
[13:34:53] - [13] MIRKO.POZEN: Nouveau Répertoire: D:\kerberos.htx\elasticsearch-7.14.0\lib\tools\security-cli
[13:34:53] - [13] MIRKO.POZEN: Répertoire en Cours: D:\kerberos.htx\elasticsearch-7.14.0\
[13:34:53] - [13] MIRKO.POZEN: Nouveau Répertoire: D:\kerberos.htx\elasticsearch-7.14.0\logs
[13:34:53] - [13] MIRKO.POZEN: Répertoire en Cours: D:\kerberos.htx\elasticsearch-7.14.0\
[13:34:53] - [13] MIRKO.POZEN: Nouveau Répertoire: D:\kerberos.htx\elasticsearch-7.14.0\logs
[13:34:53] - [13] MIRKO.POZEN: Répertoire en Cours: D:\kerberos.htx\elasticsearch-7.14.0\
[13:34:53] - [13] MIRKO.POZEN: Nouveau Répertoire: D:\kerberos.htx\elasticsearch-7.14.0\modules
[13:34:53] - [13] MIRKO.POZEN: Répertoire en Cours: D:\kerberos.htx\elasticsearch-7.14.0\
[13:34:53] - [13] MIRKO.POZEN: Nouveau Répertoire: D:\kerberos.htx\elasticsearch-7.14.0\modules
[13:34:53] - [13] MIRKO.POZEN: Répertoire en Cours: D:\kerberos.htx\elasticsearch-7.14.0\modules\
[13:34:53] - [13] MIRKO.POZEN: Nouveau Répertoire: D:\kerberos.htx\elasticsearch-7.14.0\modules\aggs-matrix-stats
[13:34:53] - [13] MIRKO.POZEN: Répertoire en Cours: D:\kerberos.htx\elasticsearch-7.14.0\modules\
[13:34:54] - [13] MIRKO.POZEN: Nouveau Répertoire: D:\kerberos.htx\elasticsearch-7.14.0\modules\aggs-matrix-stats
[13:34:54] - [13] MIRKO.POZEN: Répertoire en Cours: D:\kerberos.htx\elasticsearch-7.14.0\modules\
[13:34:54] - [13] MIRKO.POZEN: Nouveau Répertoire: D:\kerberos.htx\elasticsearch-7.14.0\modules\analysis-common
[13:34:54] - [13] MIRKO.POZEN: Répertoire en Cours: D:\kerberos.htx\elasticsearch-7.14.0\modules\
[13:34:54] - [13] MIRKO.POZEN: Nouveau Répertoire: D:\kerberos.htx\elasticsearch-7.14.0\modules\analysis-common
[13:34:54] - [13] MIRKO.POZEN: Répertoire en Cours: D:\kerberos.htx\elasticsearch-7.14.0\modules\
[13:34:54] - [13] MIRKO.POZEN: Nouveau Répertoire: D:\kerberos.htx\elasticsearch-7.14.0\modules\constant-keyword
[13:34:54] - [13] MIRKO.POZEN: Répertoire en Cours: D:\kerberos.htx\elasticsearch-7.14.0\modules\
[13:34:54] - [13] MIRKO.POZEN: Nouveau Répertoire: D:\kerberos.htx\elasticsearch-7.14.0\modules\constant-keyword
[13:34:54] - [13] MIRKO.POZEN: Répertoire en Cours: D:\kerberos.htx\elasticsearch-7.14.0\modules\
[13:34:54] - [13] MIRKO.POZEN: Nouveau Répertoire: D:\kerberos.htx\elasticsearch-7.14.0\modules\frozen-indices
[13:34:54] - [13] MIRKO.POZEN: Répertoire en Cours: D:\kerberos.htx\elasticsearch-7.14.0\modules\
[13:34:54] - [13] MIRKO.POZEN: Nouveau Répertoire: D:\kerberos.htx\elasticsearch-7.14.0\modules\frozen-indices
[13:34:54] - [13] MIRKO.POZEN: Répertoire en Cours: D:\kerberos.htx\elasticsearch-7.14.0\modules\
[13:34:54] - [13] MIRKO.POZEN: Nouveau Répertoire: D:\kerberos.htx\elasticsearch-7.14.0\modules\ingest-common
[13:34:54] - [13] MIRKO.POZEN: Répertoire en Cours: D:\kerberos.htx\elasticsearch-7.14.0\modules\
[13:34:54] - [13] MIRKO.POZEN: Nouveau Répertoire: D:\kerberos.htx\elasticsearch-7.14.0\modules\ingest-common
[13:34:54] - [13] MIRKO.POZEN: Répertoire en Cours: D:\kerberos.htx\elasticsearch-7.14.0\modules\
[13:34:54] - [14] MIRKO.POZEN: Début d'Upload de D:\kerberos.htx\elasticsearch-7.14.0\bin\elasticsearch-keystore
[13:34:54] - [13] MIRKO.POZEN: Nouveau Répertoire: D:\kerberos.htx\elasticsearch-7.14.0\modules\ingest-geoip
[13:34:54] - [13] MIRKO.POZEN: Répertoire en Cours: D:\kerberos.htx\elasticsearch-7.14.0\modules\
[13:34:54] - [14] MIRKO.POZEN: Fichier Upload: D:\kerberos.htx\elasticsearch-7.14.0\bin\elasticsearch-keystore (0,18 K/S -    184 bytes)
[13:34:54] - [13] MIRKO.POZEN: Nouveau Répertoire: D:\kerberos.htx\elasticsearch-7.14.0\modules\ingest-geoip
[13:34:54] - [13] MIRKO.POZEN: Répertoire en Cours: D:\kerberos.htx\elasticsearch-7.14.0\modules\
[13:34:54] - [13] MIRKO.POZEN: Nouveau Répertoire: D:\kerberos.htx\elasticsearch-7.14.0\modules\ingest-user-agent
[13:34:54] - [13] MIRKO.POZEN: Répertoire en Cours: D:\kerberos.htx\elasticsearch-7.14.0\modules\
[13:34:54] - [13] MIRKO.POZEN: Nouveau Répertoire: D:\kerberos.htx\elasticsearch-7.14.0\modules\ingest-user-agent
[13:34:54] - [13] MIRKO.POZEN: Répertoire en Cours: D:\kerberos.htx\elasticsearch-7.14.0\modules\
[13:34:54] - [13] MIRKO.POZEN: Nouveau Répertoire: D:\kerberos.htx\elasticsearch-7.14.0\modules\kibana
[13:34:54] - [13] MIRKO.POZEN: Répertoire en Cours: D:\kerberos.htx\elasticsearch-7.14.0\modules\
[13:34:54] - [13] MIRKO.POZEN: Nouveau Répertoire: D:\kerberos.htx\elasticsearch-7.14.0\modules\kibana
[13:34:54] - [13] MIRKO.POZEN: Répertoire en Cours: D:\kerberos.htx\elasticsearch-7.14.0\modules\
[13:34:54] - [13] MIRKO.POZEN: Nouveau Répertoire: D:\kerberos.htx\elasticsearch-7.14.0\modules\lang-expression
[13:34:54] - [13] MIRKO.POZEN: Répertoire en Cours: D:\kerberos.htx\elasticsearch-7.14.0\modules\
[13:34:54] - [13] MIRKO.POZEN: Nouveau Répertoire: D:\kerberos.htx\elasticsearch-7.14.0\modules\lang-expression
[13:34:54] - [13] MIRKO.POZEN: Répertoire en Cours: D:\kerberos.htx\elasticsearch-7.14.0\modules\
[13:34:54] - [13] MIRKO.POZEN: Nouveau Répertoire: D:\kerberos.htx\elasticsearch-7.14.0\modules\lang-mustache
[13:34:54] - [13] MIRKO.POZEN: Répertoire en Cours: D:\kerberos.htx\elasticsearch-7.14.0\modules\
[13:34:54] - [13] MIRKO.POZEN: Nouveau Répertoire: D:\kerberos.htx\elasticsearch-7.14.0\modules\lang-mustache
[13:34:54] - [13] MIRKO.POZEN: Répertoire en Cours: D:\kerberos.htx\elasticsearch-7.14.0\modules\
[13:34:54] - [13] MIRKO.POZEN: Nouveau Répertoire: D:\kerberos.htx\elasticsearch-7.14.0\modules\lang-painless
[13:34:54] - [13] MIRKO.POZEN: Répertoire en Cours: D:\kerberos.htx\elasticsearch-7.14.0\modules\
[13:34:54] - [13] MIRKO.POZEN: Nouveau Répertoire: D:\kerberos.htx\elasticsearch-7.14.0\modules\lang-painless
[13:34:54] - [13] MIRKO.POZEN: Répertoire en Cours: D:\kerberos.htx\elasticsearch-7.14.0\modules\
[13:34:54] - [13] MIRKO.POZEN: Nouveau Répertoire: D:\kerberos.htx\elasticsearch-7.14.0\modules\mapper-extras
[13:34:54] - [13] MIRKO.POZEN: Répertoire en Cours: D:\kerberos.htx\elasticsearch-7.14.0\modules\
[13:34:54] - [13] MIRKO.POZEN: Nouveau Répertoire: D:\kerberos.htx\elasticsearch-7.14.0\modules\mapper-extras
[13:34:54] - [13] MIRKO.POZEN: Répertoire en Cours: D:\kerberos.htx\elasticsearch-7.14.0\modules\
[13:34:54] - [13] MIRKO.POZEN: Nouveau Répertoire: D:\kerberos.htx\elasticsearch-7.14.0\modules\mapper-version
[13:34:54] - [13] MIRKO.POZEN: Répertoire en Cours: D:\kerberos.htx\elasticsearch-7.14.0\modules\
[13:34:54] - [13] MIRKO.POZEN: Nouveau Répertoire: D:\kerberos.htx\elasticsearch-7.14.0\modules\mapper-version
[13:34:54] - [13] MIRKO.POZEN: Répertoire en Cours: D:\kerberos.htx\elasticsearch-7.14.0\modules\
[13:34:54] - [14] MIRKO.POZEN: Début d'Upload de D:\kerberos.htx\elasticsearch-7.14.0\bin\elasticsearch-keystore.bat
[13:34:54] - [13] MIRKO.POZEN: Nouveau Répertoire: D:\kerberos.htx\elasticsearch-7.14.0\modules\parent-join
[13:34:54] - [14] MIRKO.POZEN: Fichier Upload: D:\kerberos.htx\elasticsearch-7.14.0\bin\elasticsearch-keystore.bat (0,31 K/S -    317 bytes)
[13:34:54] - [13] MIRKO.POZEN: Répertoire en Cours: D:\kerberos.htx\elasticsearch-7.14.0\modules\
[13:34:54] - [13] MIRKO.POZEN: Nouveau Répertoire: D:\kerberos.htx\elasticsearch-7.14.0\modules\parent-join
[13:34:54] - [13] MIRKO.POZEN: Répertoire en Cours: D:\kerberos.htx\elasticsearch-7.14.0\modules\
[13:34:54] - [13] MIRKO.POZEN: Nouveau Répertoire: D:\kerberos.htx\elasticsearch-7.14.0\modules\percolator
[13:34:54] - [13] MIRKO.POZEN: Répertoire en Cours: D:\kerberos.htx\elasticsearch-7.14.0\modules\
[13:34:54] - [13] MIRKO.POZEN: Nouveau Répertoire: D:\kerberos.htx\elasticsearch-7.14.0\modules\percolator
[13:34:54] - [13] MIRKO.POZEN: Répertoire en Cours: D:\kerberos.htx\elasticsearch-7.14.0\modules\
[13:34:54] - [13] MIRKO.POZEN: Nouveau Répertoire: D:\kerberos.htx\elasticsearch-7.14.0\modules\rank-eval
[13:34:54] - [13] MIRKO.POZEN: Répertoire en Cours: D:\kerberos.htx\elasticsearch-7.14.0\modules\
[13:34:54] - [13] MIRKO.POZEN: Nouveau Répertoire: D:\kerberos.htx\elasticsearch-7.14.0\modules\rank-eval
[13:34:54] - [13] MIRKO.POZEN: Répertoire en Cours: D:\kerberos.htx\elasticsearch-7.14.0\modules\
[13:34:54] - [13] MIRKO.POZEN: Nouveau Répertoire: D:\kerberos.htx\elasticsearch-7.14.0\modules\reindex
[13:34:54] - [13] MIRKO.POZEN: Répertoire en Cours: D:\kerberos.htx\elasticsearch-7.14.0\modules\
[13:34:54] - [13] MIRKO.POZEN: Nouveau Répertoire: D:\kerberos.htx\elasticsearch-7.14.0\modules\reindex
[13:34:54] - [13] MIRKO.POZEN: Répertoire en Cours: D:\kerberos.htx\elasticsearch-7.14.0\modules\
[13:34:54] - [13] MIRKO.POZEN: Nouveau Répertoire: D:\kerberos.htx\elasticsearch-7.14.0\modules\repositories-metering-api
[13:34:54] - [13] MIRKO.POZEN: Répertoire en Cours: D:\kerberos.htx\elasticsearch-7.14.0\modules\
[13:34:54] - [13] MIRKO.POZEN: Nouveau Répertoire: D:\kerberos.htx\elasticsearch-7.14.0\modules\repositories-metering-api
[13:34:54] - [13] MIRKO.POZEN: Répertoire en Cours: D:\kerberos.htx\elasticsearch-7.14.0\modules\
[13:34:54] - [13] MIRKO.POZEN: Nouveau Répertoire: D:\kerberos.htx\elasticsearch-7.14.0\modules\repository-encrypted
[13:34:54] - [13] MIRKO.POZEN: Répertoire en Cours: D:\kerberos.htx\elasticsearch-7.14.0\modules\
[13:34:54] - [13] MIRKO.POZEN: Nouveau Répertoire: D:\kerberos.htx\elasticsearch-7.14.0\modules\repository-encrypted
[13:34:54] - [13] MIRKO.POZEN: Répertoire en Cours: D:\kerberos.htx\elasticsearch-7.14.0\modules\
[13:34:54] - [13] MIRKO.POZEN: Nouveau Répertoire: D:\kerberos.htx\elasticsearch-7.14.0\modules\repository-url
[13:34:54] - [13] MIRKO.POZEN: Répertoire en Cours: D:\kerberos.htx\elasticsearch-7.14.0\modules\
[13:34:54] - [13] MIRKO.POZEN: Nouveau Répertoire: D:\kerberos.htx\elasticsearch-7.14.0\modules\repository-url
[13:34:54] - [13] MIRKO.POZEN: Répertoire en Cours: D:\kerberos.htx\elasticsearch-7.14.0\modules\
[13:34:54] - [13] MIRKO.POZEN: Nouveau Répertoire: D:\kerberos.htx\elasticsearch-7.14.0\modules\runtime-fields-common
[13:34:54] - [13] MIRKO.POZEN: Répertoire en Cours: D:\kerberos.htx\elasticsearch-7.14.0\modules\
[13:34:54] - [13] MIRKO.POZEN: Nouveau Répertoire: D:\kerberos.htx\elasticsearch-7.14.0\modules\runtime-fields-common
[13:34:54] - [14] MIRKO.POZEN: Début d'Upload de D:\kerberos.htx\elasticsearch-7.14.0\bin\elasticsearch-migrate
[13:34:54] - [13] MIRKO.POZEN: Répertoire en Cours: D:\kerberos.htx\elasticsearch-7.14.0\modules\
[13:34:54] - [14] MIRKO.POZEN: Fichier Upload: D:\kerberos.htx\elasticsearch-7.14.0\bin\elasticsearch-migrate (0,44 K/S -    450 bytes)
[13:34:54] - [13] MIRKO.POZEN: Nouveau Répertoire: D:\kerberos.htx\elasticsearch-7.14.0\modules\search-business-rules
[13:34:54] - [13] MIRKO.POZEN: Répertoire en Cours: D:\kerberos.htx\elasticsearch-7.14.0\modules\
[13:34:54] - [13] MIRKO.POZEN: Nouveau Répertoire: D:\kerberos.htx\elasticsearch-7.14.0\modules\search-business-rules
[13:34:54] - [13] MIRKO.POZEN: Répertoire en Cours: D:\kerberos.htx\elasticsearch-7.14.0\modules\
[13:34:54] - [13] MIRKO.POZEN: Nouveau Répertoire: D:\kerberos.htx\elasticsearch-7.14.0\modules\searchable-snapshots
[13:34:54] - [13] MIRKO.POZEN: Répertoire en Cours: D:\kerberos.htx\elasticsearch-7.14.0\modules\
[13:34:54] - [13] MIRKO.POZEN: Nouveau Répertoire: D:\kerberos.htx\elasticsearch-7.14.0\modules\searchable-snapshots
[13:34:54] - [13] MIRKO.POZEN: Répertoire en Cours: D:\kerberos.htx\elasticsearch-7.14.0\modules\
[13:34:54] - [13] MIRKO.POZEN: Nouveau Répertoire: D:\kerberos.htx\elasticsearch-7.14.0\modules\snapshot-repo-test-kit
[13:34:54] - [13] MIRKO.POZEN: Répertoire en Cours: D:\kerberos.htx\elasticsearch-7.14.0\modules\
[13:34:54] - [13] MIRKO.POZEN: Nouveau Répertoire: D:\kerberos.htx\elasticsearch-7.14.0\modules\snapshot-repo-test-kit
[13:34:54] - [13] MIRKO.POZEN: Répertoire en Cours: D:\kerberos.htx\elasticsearch-7.14.0\modules\
[13:34:54] - [13] MIRKO.POZEN: Nouveau Répertoire: D:\kerberos.htx\elasticsearch-7.14.0\modules\spatial
[13:34:54] - [13] MIRKO.POZEN: Répertoire en Cours: D:\kerberos.htx\elasticsearch-7.14.0\modules\
[13:34:54] - [13] MIRKO.POZEN: Nouveau Répertoire: D:\kerberos.htx\elasticsearch-7.14.0\modules\spatial
[13:34:54] - [13] MIRKO.POZEN: Répertoire en Cours: D:\kerberos.htx\elasticsearch-7.14.0\modules\
[13:34:54] - [13] MIRKO.POZEN: Nouveau Répertoire: D:\kerberos.htx\elasticsearch-7.14.0\modules\transform
[13:34:54] - [13] MIRKO.POZEN: Répertoire en Cours: D:\kerberos.htx\elasticsearch-7.14.0\modules\
[13:34:54] - [13] MIRKO.POZEN: Nouveau Répertoire: D:\kerberos.htx\elasticsearch-7.14.0\modules\transform
[13:34:54] - [13] MIRKO.POZEN: Répertoire en Cours: D:\kerberos.htx\elasticsearch-7.14.0\modules\
[13:34:54] - [13] MIRKO.POZEN: Nouveau Répertoire: D:\kerberos.htx\elasticsearch-7.14.0\modules\transport-netty4
[13:34:54] - [13] MIRKO.POZEN: Répertoire en Cours: D:\kerberos.htx\elasticsearch-7.14.0\modules\
[13:34:54] - [13] MIRKO.POZEN: Nouveau Répertoire: D:\kerberos.htx\elasticsearch-7.14.0\modules\transport-netty4
[13:34:54] - [13] MIRKO.POZEN: Répertoire en Cours: D:\kerberos.htx\elasticsearch-7.14.0\modules\
[13:34:54] - [13] MIRKO.POZEN: Nouveau Répertoire: D:\kerberos.htx\elasticsearch-7.14.0\modules\unsigned-long
[13:34:54] - [13] MIRKO.POZEN: Répertoire en Cours: D:\kerberos.htx\elasticsearch-7.14.0\modules\
[13:34:54] - [13] MIRKO.POZEN: Nouveau Répertoire: D:\kerberos.htx\elasticsearch-7.14.0\modules\unsigned-long
[13:34:54] - [13] MIRKO.POZEN: Répertoire en Cours: D:\kerberos.htx\elasticsearch-7.14.0\modules\
[13:34:54] - [13] MIRKO.POZEN: Nouveau Répertoire: D:\kerberos.htx\elasticsearch-7.14.0\modules\vectors
[13:34:54] - [13] MIRKO.POZEN: Répertoire en Cours: D:\kerberos.htx\elasticsearch-7.14.0\modules\
[13:34:54] - [14] MIRKO.POZEN: Début d'Upload de D:\kerberos.htx\elasticsearch-7.14.0\bin\elasticsearch-migrate.bat
[13:34:54] - [13] MIRKO.POZEN: Nouveau Répertoire: D:\kerberos.htx\elasticsearch-7.14.0\modules\vectors
[13:34:54] - [13] MIRKO.POZEN: Répertoire en Cours: D:\kerberos.htx\elasticsearch-7.14.0\modules\
[13:34:54] - [14] MIRKO.POZEN: Fichier Upload: D:\kerberos.htx\elasticsearch-7.14.0\bin\elasticsearch-migrate.bat (0,58 K/S -    594 bytes)
[13:34:54] - [13] MIRKO.POZEN: Nouveau Répertoire: D:\kerberos.htx\elasticsearch-7.14.0\modules\wildcard
[13:34:54] - [13] MIRKO.POZEN: Répertoire en Cours: D:\kerberos.htx\elasticsearch-7.14.0\modules\
[13:34:54] - [13] MIRKO.POZEN: Nouveau Répertoire: D:\kerberos.htx\elasticsearch-7.14.0\modules\wildcard
[13:34:54] - [13] MIRKO.POZEN: Répertoire en Cours: D:\kerberos.htx\elasticsearch-7.14.0\modules\
[13:34:54] - [13] MIRKO.POZEN: Nouveau Répertoire: D:\kerberos.htx\elasticsearch-7.14.0\modules\x-pack-aggregate-metric
[13:34:54] - [13] MIRKO.POZEN: Répertoire en Cours: D:\kerberos.htx\elasticsearch-7.14.0\modules\
[13:34:54] - [13] MIRKO.POZEN: Nouveau Répertoire: D:\kerberos.htx\elasticsearch-7.14.0\modules\x-pack-aggregate-metric
[13:34:54] - [13] MIRKO.POZEN: Répertoire en Cours: D:\kerberos.htx\elasticsearch-7.14.0\modules\
[13:34:54] - [13] MIRKO.POZEN: Nouveau Répertoire: D:\kerberos.htx\elasticsearch-7.14.0\modules\x-pack-analytics
[13:34:54] - [13] MIRKO.POZEN: Répertoire en Cours: D:\kerberos.htx\elasticsearch-7.14.0\modules\
[13:34:54] - [13] MIRKO.POZEN: Nouveau Répertoire: D:\kerberos.htx\elasticsearch-7.14.0\modules\x-pack-analytics
[13:34:54] - [13] MIRKO.POZEN: Répertoire en Cours: D:\kerberos.htx\elasticsearch-7.14.0\modules\
[13:34:54] - [13] MIRKO.POZEN: Nouveau Répertoire: D:\kerberos.htx\elasticsearch-7.14.0\modules\x-pack-async
[13:34:54] - [13] MIRKO.POZEN: Répertoire en Cours: D:\kerberos.htx\elasticsearch-7.14.0\modules\
[13:34:54] - [13] MIRKO.POZEN: Nouveau Répertoire: D:\kerberos.htx\elasticsearch-7.14.0\modules\x-pack-async
[13:34:54] - [13] MIRKO.POZEN: Répertoire en Cours: D:\kerberos.htx\elasticsearch-7.14.0\modules\
[13:34:54] - [13] MIRKO.POZEN: Nouveau Répertoire: D:\kerberos.htx\elasticsearch-7.14.0\modules\x-pack-async-search
[13:34:54] - [13] MIRKO.POZEN: Répertoire en Cours: D:\kerberos.htx\elasticsearch-7.14.0\modules\
[13:34:54] - [13] MIRKO.POZEN: Nouveau Répertoire: D:\kerberos.htx\elasticsearch-7.14.0\modules\x-pack-async-search
[13:34:54] - [13] MIRKO.POZEN: Répertoire en Cours: D:\kerberos.htx\elasticsearch-7.14.0\modules\
[13:34:54] - [13] MIRKO.POZEN: Nouveau Répertoire: D:\kerberos.htx\elasticsearch-7.14.0\modules\x-pack-autoscaling
[13:34:54] - [13] MIRKO.POZEN: Répertoire en Cours: D:\kerberos.htx\elasticsearch-7.14.0\modules\
[13:34:54] - [13] MIRKO.POZEN: Nouveau Répertoire: D:\kerberos.htx\elasticsearch-7.14.0\modules\x-pack-autoscaling
[13:34:54] - [13] MIRKO.POZEN: Répertoire en Cours: D:\kerberos.htx\elasticsearch-7.14.0\modules\
[13:34:54] - [13] MIRKO.POZEN: Nouveau Répertoire: D:\kerberos.htx\elasticsearch-7.14.0\modules\x-pack-ccr
[13:34:54] - [13] MIRKO.POZEN: Répertoire en Cours: D:\kerberos.htx\elasticsearch-7.14.0\modules\
[13:34:55] - [13] MIRKO.POZEN: Nouveau Répertoire: D:\kerberos.htx\elasticsearch-7.14.0\modules\x-pack-ccr
[13:34:55] - [14] MIRKO.POZEN: Début d'Upload de D:\kerberos.htx\elasticsearch-7.14.0\bin\elasticsearch-node
[13:34:55] - [13] MIRKO.POZEN: Répertoire en Cours: D:\kerberos.htx\elasticsearch-7.14.0\modules\
[13:34:55] - [13] MIRKO.POZEN: Nouveau Répertoire: D:\kerberos.htx\elasticsearch-7.14.0\modules\x-pack-core
[13:34:55] - [14] MIRKO.POZEN: Fichier Upload: D:\kerberos.htx\elasticsearch-7.14.0\bin\elasticsearch-node (0,12 K/S -    126 bytes)
[13:34:55] - [13] MIRKO.POZEN: Répertoire en Cours: D:\kerberos.htx\elasticsearch-7.14.0\modules\
[13:34:55] - [13] MIRKO.POZEN: Nouveau Répertoire: D:\kerberos.htx\elasticsearch-7.14.0\modules\x-pack-core
[13:34:55] - [13] MIRKO.POZEN: Répertoire en Cours: D:\kerberos.htx\elasticsearch-7.14.0\modules\
[13:34:55] - [13] MIRKO.POZEN: Nouveau Répertoire: D:\kerberos.htx\elasticsearch-7.14.0\modules\x-pack-data-streams
[13:34:55] - [13] MIRKO.POZEN: Répertoire en Cours: D:\kerberos.htx\elasticsearch-7.14.0\modules\
[13:34:55] - [13] MIRKO.POZEN: Nouveau Répertoire: D:\kerberos.htx\elasticsearch-7.14.0\modules\x-pack-data-streams
[13:34:55] - [13] MIRKO.POZEN: Répertoire en Cours: D:\kerberos.htx\elasticsearch-7.14.0\modules\
[13:34:55] - [13] MIRKO.POZEN: Nouveau Répertoire: D:\kerberos.htx\elasticsearch-7.14.0\modules\x-pack-deprecation
[13:34:55] - [13] MIRKO.POZEN: Répertoire en Cours: D:\kerberos.htx\elasticsearch-7.14.0\modules\
[13:34:55] - [13] MIRKO.POZEN: Nouveau Répertoire: D:\kerberos.htx\elasticsearch-7.14.0\modules\x-pack-deprecation
[13:34:55] - [13] MIRKO.POZEN: Répertoire en Cours: D:\kerberos.htx\elasticsearch-7.14.0\modules\
[13:34:55] - [13] MIRKO.POZEN: Nouveau Répertoire: D:\kerberos.htx\elasticsearch-7.14.0\modules\x-pack-enrich
[13:34:55] - [13] MIRKO.POZEN: Répertoire en Cours: D:\kerberos.htx\elasticsearch-7.14.0\modules\
[13:34:55] - [13] MIRKO.POZEN: Nouveau Répertoire: D:\kerberos.htx\elasticsearch-7.14.0\modules\x-pack-enrich
[13:34:55] - [13] MIRKO.POZEN: Répertoire en Cours: D:\kerberos.htx\elasticsearch-7.14.0\modules\
[13:34:55] - [13] MIRKO.POZEN: Nouveau Répertoire: D:\kerberos.htx\elasticsearch-7.14.0\modules\x-pack-eql
[13:34:55] - [13] MIRKO.POZEN: Répertoire en Cours: D:\kerberos.htx\elasticsearch-7.14.0\modules\
[13:34:55] - [13] MIRKO.POZEN: Nouveau Répertoire: D:\kerberos.htx\elasticsearch-7.14.0\modules\x-pack-eql
[13:34:55] - [13] MIRKO.POZEN: Répertoire en Cours: D:\kerberos.htx\elasticsearch-7.14.0\modules\
[13:34:55] - [13] MIRKO.POZEN: Nouveau Répertoire: D:\kerberos.htx\elasticsearch-7.14.0\modules\x-pack-fleet
[13:34:55] - [13] MIRKO.POZEN: Répertoire en Cours: D:\kerberos.htx\elasticsearch-7.14.0\modules\
[13:34:55] - [13] MIRKO.POZEN: Nouveau Répertoire: D:\kerberos.htx\elasticsearch-7.14.0\modules\x-pack-fleet
[13:34:55] - [13] MIRKO.POZEN: Répertoire en Cours: D:\kerberos.htx\elasticsearch-7.14.0\modules\
[13:34:55] - [13] MIRKO.POZEN: Nouveau Répertoire: D:\kerberos.htx\elasticsearch-7.14.0\modules\x-pack-graph
[13:34:55] - [13] MIRKO.POZEN: Répertoire en Cours: D:\kerberos.htx\elasticsearch-7.14.0\modules\
[13:34:55] - [13] MIRKO.POZEN: Nouveau Répertoire: D:\kerberos.htx\elasticsearch-7.14.0\modules\x-pack-graph
[13:34:55] - [13] MIRKO.POZEN: Répertoire en Cours: D:\kerberos.htx\elasticsearch-7.14.0\modules\
[13:34:55] - [13] MIRKO.POZEN: Nouveau Répertoire: D:\kerberos.htx\elasticsearch-7.14.0\modules\x-pack-identity-provider
[13:34:55] - [13] MIRKO.POZEN: Répertoire en Cours: D:\kerberos.htx\elasticsearch-7.14.0\modules\
[13:34:55] - [13] MIRKO.POZEN: Nouveau Répertoire: D:\kerberos.htx\elasticsearch-7.14.0\modules\x-pack-identity-provider
[13:34:55] - [14] MIRKO.POZEN: Début d'Upload de D:\kerberos.htx\elasticsearch-7.14.0\bin\elasticsearch-node.bat
[13:34:55] - [13] MIRKO.POZEN: Répertoire en Cours: D:\kerberos.htx\elasticsearch-7.14.0\modules\
[13:34:55] - [13] MIRKO.POZEN: Nouveau Répertoire: D:\kerberos.htx\elasticsearch-7.14.0\modules\x-pack-ilm
[13:34:55] - [14] MIRKO.POZEN: Fichier Upload: D:\kerberos.htx\elasticsearch-7.14.0\bin\elasticsearch-node.bat (0,25 K/S -    258 bytes)
[13:34:55] - [13] MIRKO.POZEN: Répertoire en Cours: D:\kerberos.htx\elasticsearch-7.14.0\modules\
[13:34:55] - [13] MIRKO.POZEN: Nouveau Répertoire: D:\kerberos.htx\elasticsearch-7.14.0\modules\x-pack-ilm
[13:34:55] - [13] MIRKO.POZEN: Répertoire en Cours: D:\kerberos.htx\elasticsearch-7.14.0\modules\
[13:34:55] - [13] MIRKO.POZEN: Nouveau Répertoire: D:\kerberos.htx\elasticsearch-7.14.0\modules\x-pack-logstash
[13:34:55] - [13] MIRKO.POZEN: Répertoire en Cours: D:\kerberos.htx\elasticsearch-7.14.0\modules\
[13:34:55] - [13] MIRKO.POZEN: Nouveau Répertoire: D:\kerberos.htx\elasticsearch-7.14.0\modules\x-pack-logstash
[13:34:55] - [13] MIRKO.POZEN: Répertoire en Cours: D:\kerberos.htx\elasticsearch-7.14.0\modules\
[13:34:55] - [13] MIRKO.POZEN: Nouveau Répertoire: D:\kerberos.htx\elasticsearch-7.14.0\modules\x-pack-ml
[13:34:55] - [13] MIRKO.POZEN: Répertoire en Cours: D:\kerberos.htx\elasticsearch-7.14.0\modules\
[13:34:55] - [13] MIRKO.POZEN: Nouveau Répertoire: D:\kerberos.htx\elasticsearch-7.14.0\modules\x-pack-ml
[13:34:55] - [13] MIRKO.POZEN: Répertoire en Cours: D:\kerberos.htx\elasticsearch-7.14.0\modules\x-pack-ml\
[13:34:55] - [13] MIRKO.POZEN: Nouveau Répertoire: D:\kerberos.htx\elasticsearch-7.14.0\modules\x-pack-ml\platform
[13:34:55] - [13] MIRKO.POZEN: Répertoire en Cours: D:\kerberos.htx\elasticsearch-7.14.0\modules\x-pack-ml\
[13:34:55] - [13] MIRKO.POZEN: Nouveau Répertoire: D:\kerberos.htx\elasticsearch-7.14.0\modules\x-pack-ml\platform
[13:34:55] - [13] MIRKO.POZEN: Répertoire en Cours: D:\kerberos.htx\elasticsearch-7.14.0\modules\x-pack-ml\platform\
[13:34:55] - [13] MIRKO.POZEN: Nouveau Répertoire: D:\kerberos.htx\elasticsearch-7.14.0\modules\x-pack-ml\platform\windows-x86_64
[13:34:55] - [13] MIRKO.POZEN: Répertoire en Cours: D:\kerberos.htx\elasticsearch-7.14.0\modules\x-pack-ml\platform\
[13:34:55] - [13] MIRKO.POZEN: Nouveau Répertoire: D:\kerberos.htx\elasticsearch-7.14.0\modules\x-pack-ml\platform\windows-x86_64
[13:34:55] - [13] MIRKO.POZEN: Répertoire en Cours: D:\kerberos.htx\elasticsearch-7.14.0\modules\x-pack-ml\platform\windows-x86_64\
[13:34:55] - [13] MIRKO.POZEN: Nouveau Répertoire: D:\kerberos.htx\elasticsearch-7.14.0\modules\x-pack-ml\platform\windows-x86_64\bin
[13:34:55] - [13] MIRKO.POZEN: Répertoire en Cours: D:\kerberos.htx\elasticsearch-7.14.0\modules\x-pack-ml\platform\windows-x86_64\
[13:34:55] - [13] MIRKO.POZEN: Nouveau Répertoire: D:\kerberos.htx\elasticsearch-7.14.0\modules\x-pack-ml\platform\windows-x86_64\bin
[13:34:55] - [13] MIRKO.POZEN: Répertoire en Cours: D:\kerberos.htx\elasticsearch-7.14.0\modules\x-pack-ml\platform\windows-x86_64\
[13:34:55] - [13] MIRKO.POZEN: Nouveau Répertoire: D:\kerberos.htx\elasticsearch-7.14.0\modules\x-pack-ml\platform\windows-x86_64\resources
[13:34:55] - [13] MIRKO.POZEN: Répertoire en Cours: D:\kerberos.htx\elasticsearch-7.14.0\modules\x-pack-ml\platform\windows-x86_64\
[13:34:55] - [13] MIRKO.POZEN: Nouveau Répertoire: D:\kerberos.htx\elasticsearch-7.14.0\modules\x-pack-ml\platform\windows-x86_64\resources
[13:34:55] - [13] MIRKO.POZEN: Répertoire en Cours: D:\kerberos.htx\elasticsearch-7.14.0\modules\
[13:34:55] - [13] MIRKO.POZEN: Nouveau Répertoire: D:\kerberos.htx\elasticsearch-7.14.0\modules\x-pack-monitoring
[13:34:55] - [13] MIRKO.POZEN: Répertoire en Cours: D:\kerberos.htx\elasticsearch-7.14.0\modules\
[13:34:55] - [14] MIRKO.POZEN: Début d'Upload de D:\kerberos.htx\elasticsearch-7.14.0\bin\elasticsearch-plugin
[13:34:55] - [13] MIRKO.POZEN: Nouveau Répertoire: D:\kerberos.htx\elasticsearch-7.14.0\modules\x-pack-monitoring
[13:34:55] - [14] MIRKO.POZEN: Fichier Upload: D:\kerberos.htx\elasticsearch-7.14.0\bin\elasticsearch-plugin (0,17 K/S -    172 bytes)
[13:34:55] - [13] MIRKO.POZEN: Répertoire en Cours: D:\kerberos.htx\elasticsearch-7.14.0\modules\
[13:34:55] - [13] MIRKO.POZEN: Nouveau Répertoire: D:\kerberos.htx\elasticsearch-7.14.0\modules\x-pack-ql
[13:34:55] - [13] MIRKO.POZEN: Répertoire en Cours: D:\kerberos.htx\elasticsearch-7.14.0\modules\
[13:34:55] - [13] MIRKO.POZEN: Nouveau Répertoire: D:\kerberos.htx\elasticsearch-7.14.0\modules\x-pack-ql
[13:34:55] - [13] MIRKO.POZEN: Répertoire en Cours: D:\kerberos.htx\elasticsearch-7.14.0\modules\
[13:34:55] - [13] MIRKO.POZEN: Nouveau Répertoire: D:\kerberos.htx\elasticsearch-7.14.0\modules\x-pack-rollup
[13:34:55] - [13] MIRKO.POZEN: Répertoire en Cours: D:\kerberos.htx\elasticsearch-7.14.0\modules\
[13:34:55] - [13] MIRKO.POZEN: Nouveau Répertoire: D:\kerberos.htx\elasticsearch-7.14.0\modules\x-pack-rollup
[13:34:55] - [13] MIRKO.POZEN: Répertoire en Cours: D:\kerberos.htx\elasticsearch-7.14.0\modules\
[13:34:55] - [13] MIRKO.POZEN: Nouveau Répertoire: D:\kerberos.htx\elasticsearch-7.14.0\modules\x-pack-security
[13:34:55] - [13] MIRKO.POZEN: Répertoire en Cours: D:\kerberos.htx\elasticsearch-7.14.0\modules\
[13:34:55] - [13] MIRKO.POZEN: Nouveau Répertoire: D:\kerberos.htx\elasticsearch-7.14.0\modules\x-pack-security
[13:34:55] - [13] MIRKO.POZEN: Répertoire en Cours: D:\kerberos.htx\elasticsearch-7.14.0\modules\
[13:34:55] - [13] MIRKO.POZEN: Nouveau Répertoire: D:\kerberos.htx\elasticsearch-7.14.0\modules\x-pack-shutdown
[13:34:55] - [13] MIRKO.POZEN: Répertoire en Cours: D:\kerberos.htx\elasticsearch-7.14.0\modules\
[13:34:55] - [13] MIRKO.POZEN: Nouveau Répertoire: D:\kerberos.htx\elasticsearch-7.14.0\modules\x-pack-shutdown
[13:34:55] - [13] MIRKO.POZEN: Répertoire en Cours: D:\kerberos.htx\elasticsearch-7.14.0\modules\
[13:34:55] - [13] MIRKO.POZEN: Nouveau Répertoire: D:\kerberos.htx\elasticsearch-7.14.0\modules\x-pack-sql
[13:34:55] - [13] MIRKO.POZEN: Répertoire en Cours: D:\kerberos.htx\elasticsearch-7.14.0\modules\
[13:34:55] - [13] MIRKO.POZEN: Nouveau Répertoire: D:\kerberos.htx\elasticsearch-7.14.0\modules\x-pack-sql
[13:34:55] - [13] MIRKO.POZEN: Répertoire en Cours: D:\kerberos.htx\elasticsearch-7.14.0\modules\
[13:34:55] - [13] MIRKO.POZEN: Nouveau Répertoire: D:\kerberos.htx\elasticsearch-7.14.0\modules\x-pack-stack
[13:34:55] - [13] MIRKO.POZEN: Répertoire en Cours: D:\kerberos.htx\elasticsearch-7.14.0\modules\
[13:34:55] - [13] MIRKO.POZEN: Nouveau Répertoire: D:\kerberos.htx\elasticsearch-7.14.0\modules\x-pack-stack
[13:34:55] - [13] MIRKO.POZEN: Répertoire en Cours: D:\kerberos.htx\elasticsearch-7.14.0\modules\
[13:34:55] - [13] MIRKO.POZEN: Nouveau Répertoire: D:\kerberos.htx\elasticsearch-7.14.0\modules\x-pack-text-structure
[13:34:55] - [13] MIRKO.POZEN: Répertoire en Cours: D:\kerberos.htx\elasticsearch-7.14.0\modules\
[13:34:55] - [13] MIRKO.POZEN: Nouveau Répertoire: D:\kerberos.htx\elasticsearch-7.14.0\modules\x-pack-text-structure
[13:34:55] - [13] MIRKO.POZEN: Répertoire en Cours: D:\kerberos.htx\elasticsearch-7.14.0\modules\
[13:34:55] - [13] MIRKO.POZEN: Nouveau Répertoire: D:\kerberos.htx\elasticsearch-7.14.0\modules\x-pack-voting-only-node
[13:34:55] - [14] MIRKO.POZEN: Début d'Upload de D:\kerberos.htx\elasticsearch-7.14.0\bin\elasticsearch-plugin.bat
[13:34:55] - [13] MIRKO.POZEN: Répertoire en Cours: D:\kerberos.htx\elasticsearch-7.14.0\modules\
[13:34:55] - [13] MIRKO.POZEN: Nouveau Répertoire: D:\kerberos.htx\elasticsearch-7.14.0\modules\x-pack-voting-only-node
[13:34:55] - [14] MIRKO.POZEN: Fichier Upload: D:\kerberos.htx\elasticsearch-7.14.0\bin\elasticsearch-plugin.bat (0,30 K/S -    309 bytes)
[13:34:55] - [13] MIRKO.POZEN: Répertoire en Cours: D:\kerberos.htx\elasticsearch-7.14.0\modules\
[13:34:55] - [13] MIRKO.POZEN: Nouveau Répertoire: D:\kerberos.htx\elasticsearch-7.14.0\modules\x-pack-watcher
[13:34:55] - [13] MIRKO.POZEN: Répertoire en Cours: D:\kerberos.htx\elasticsearch-7.14.0\modules\
[13:34:55] - [13] MIRKO.POZEN: Nouveau Répertoire: D:\kerberos.htx\elasticsearch-7.14.0\modules\x-pack-watcher
[13:34:55] - [13] MIRKO.POZEN: Répertoire en Cours: D:\kerberos.htx\elasticsearch-7.14.0\
[13:34:55] - [13] MIRKO.POZEN: Nouveau Répertoire: D:\kerberos.htx\elasticsearch-7.14.0\plugins
[13:34:55] - [13] MIRKO.POZEN: Répertoire en Cours: D:\kerberos.htx\elasticsearch-7.14.0\
[13:34:55] - [13] MIRKO.POZEN: Nouveau Répertoire: D:\kerberos.htx\elasticsearch-7.14.0\plugins
[13:34:55] - [13] MIRKO.POZEN: Répertoire en Cours: D:\kerberos.htx\elasticsearch-7.14.0\bin\
[13:34:55] - [13] MIRKO.POZEN: Début d'Upload de D:\kerberos.htx\elasticsearch-7.14.0\bin\elasticsearch-certgen
[13:34:55] - [13] MIRKO.POZEN: Fichier Upload: D:\kerberos.htx\elasticsearch-7.14.0\bin\elasticsearch-certgen (0,49 K/S -    501 bytes)
[13:34:55] - [14] MIRKO.POZEN: Début d'Upload de D:\kerberos.htx\elasticsearch-7.14.0\bin\elasticsearch-saml-metadata
[13:34:55] - [14] MIRKO.POZEN: Fichier Upload: D:\kerberos.htx\elasticsearch-7.14.0\bin\elasticsearch-saml-metadata (0,43 K/S -    441 bytes)
[13:34:56] - [14] MIRKO.POZEN: Début d'Upload de D:\kerberos.htx\elasticsearch-7.14.0\bin\elasticsearch-saml-metadata.bat
[13:34:56] - [14] MIRKO.POZEN: Fichier Upload: D:\kerberos.htx\elasticsearch-7.14.0\bin\elasticsearch-saml-metadata.bat (0,57 K/S -    585 bytes)
[13:34:56] - [14] MIRKO.POZEN: Début d'Upload de D:\kerberos.htx\elasticsearch-7.14.0\bin\elasticsearch-service-mgr.exe
[13:34:56] - [14] MIRKO.POZEN: Fichier Upload: D:\kerberos.htx\elasticsearch-7.14.0\bin\elasticsearch-service-mgr.exe (115,41 K/S -   118 184 bytes)
[13:34:56] - [14] MIRKO.POZEN: Début d'Upload de D:\kerberos.htx\elasticsearch-7.14.0\bin\elasticsearch-service-tokens
[13:34:56] - [14] MIRKO.POZEN: Fichier Upload: D:\kerberos.htx\elasticsearch-7.14.0\bin\elasticsearch-service-tokens (0,43 K/S -    439 bytes)
[13:34:56] - [14] MIRKO.POZEN: Début d'Upload de D:\kerberos.htx\elasticsearch-7.14.0\bin\elasticsearch-service-tokens.bat
[13:34:56] - [14] MIRKO.POZEN: Fichier Upload: D:\kerberos.htx\elasticsearch-7.14.0\bin\elasticsearch-service-tokens.bat (0,57 K/S -    583 bytes)
[13:34:57] - [14] MIRKO.POZEN: Début d'Upload de D:\kerberos.htx\elasticsearch-7.14.0\bin\elasticsearch-service-x64.exe
[13:34:57] - [14] MIRKO.POZEN: Fichier Upload: D:\kerberos.htx\elasticsearch-7.14.0\bin\elasticsearch-service-x64.exe (111,91 K/S -   114 600 bytes)
[13:34:57] - [14] MIRKO.POZEN: Début d'Upload de D:\kerberos.htx\elasticsearch-7.14.0\bin\elasticsearch-service.bat
[13:34:57] - [14] MIRKO.POZEN: Fichier Upload: D:\kerberos.htx\elasticsearch-7.14.0\bin\elasticsearch-service.bat (8,75 K/S -   8 961 bytes)
[13:34:57] - [14] MIRKO.POZEN: Début d'Upload de D:\kerberos.htx\elasticsearch-7.14.0\bin\elasticsearch-setup-passwords
[13:34:57] - [14] MIRKO.POZEN: Fichier Upload: D:\kerberos.htx\elasticsearch-7.14.0\bin\elasticsearch-setup-passwords (0,44 K/S -    448 bytes)
[13:34:57] - [14] MIRKO.POZEN: Début d'Upload de D:\kerberos.htx\elasticsearch-7.14.0\bin\elasticsearch-setup-passwords.bat
[13:34:57] - [14] MIRKO.POZEN: Fichier Upload: D:\kerberos.htx\elasticsearch-7.14.0\bin\elasticsearch-setup-passwords.bat (0,58 K/S -    592 bytes)
[13:34:57] - [14] MIRKO.POZEN: Début d'Upload de D:\kerberos.htx\elasticsearch-7.14.0\bin\elasticsearch-shard
[13:34:57] - [14] MIRKO.POZEN: Fichier Upload: D:\kerberos.htx\elasticsearch-7.14.0\bin\elasticsearch-shard (0,12 K/S -    118 bytes)
[13:34:58] - [14] MIRKO.POZEN: Début d'Upload de D:\kerberos.htx\elasticsearch-7.14.0\bin\elasticsearch-shard.bat
[13:34:58] - [14] MIRKO.POZEN: Fichier Upload: D:\kerberos.htx\elasticsearch-7.14.0\bin\elasticsearch-shard.bat (0,24 K/S -    250 bytes)
[13:34:58] - [14] MIRKO.POZEN: Début d'Upload de D:\kerberos.htx\elasticsearch-7.14.0\bin\elasticsearch-sql-cli
[13:34:58] - [14] MIRKO.POZEN: Fichier Upload: D:\kerberos.htx\elasticsearch-7.14.0\bin\elasticsearch-sql-cli (0,47 K/S -    483 bytes)
[13:34:58] - [14] MIRKO.POZEN: Début d'Upload de D:\kerberos.htx\elasticsearch-7.14.0\bin\elasticsearch-sql-cli-7.14.0.jar
[13:35:12] - [16] Connecté à 192.168.0.1. Collecte du Nom d'utilisateur.
[13:35:12] - [16] Client 192.168.0.1 Déconnecté (00:00:00 Min)
[13:35:21] - [14] MIRKO.POZEN: Fichier Upload: D:\kerberos.htx\elasticsearch-7.14.0\bin\elasticsearch-sql-cli-7.14.0.jar (1 526,80 K/S -  35 959 661 bytes)
[13:35:21] - [14] MIRKO.POZEN: Début d'Upload de D:\kerberos.htx\elasticsearch-7.14.0\bin\elasticsearch-sql-cli.bat
[13:35:21] - [14] MIRKO.POZEN: Fichier Upload: D:\kerberos.htx\elasticsearch-7.14.0\bin\elasticsearch-sql-cli.bat (0,68 K/S -    696 bytes)
[13:35:21] - [14] MIRKO.POZEN: Début d'Upload de D:\kerberos.htx\elasticsearch-7.14.0\bin\elasticsearch-syskeygen
[13:35:21] - [14] MIRKO.POZEN: Fichier Upload: D:\kerberos.htx\elasticsearch-7.14.0\bin\elasticsearch-syskeygen (0,43 K/S -    436 bytes)
[13:35:22] - [14] MIRKO.POZEN: Début d'Upload de D:\kerberos.htx\elasticsearch-7.14.0\bin\elasticsearch-syskeygen.bat
[13:35:22] - [14] MIRKO.POZEN: Fichier Upload: D:\kerberos.htx\elasticsearch-7.14.0\bin\elasticsearch-syskeygen.bat (0,57 K/S -    580 bytes)
[13:35:22] - [14] MIRKO.POZEN: Début d'Upload de D:\kerberos.htx\elasticsearch-7.14.0\bin\elasticsearch-users
[13:35:22] - [14] MIRKO.POZEN: Fichier Upload: D:\kerberos.htx\elasticsearch-7.14.0\bin\elasticsearch-users (0,43 K/S -    436 bytes)
[13:35:22] - [14] MIRKO.POZEN: Début d'Upload de D:\kerberos.htx\elasticsearch-7.14.0\bin\elasticsearch-users.bat
[13:35:22] - [14] MIRKO.POZEN: Fichier Upload: D:\kerberos.htx\elasticsearch-7.14.0\bin\elasticsearch-users.bat (0,57 K/S -    580 bytes)
[13:35:22] - [14] MIRKO.POZEN: Début d'Upload de D:\kerberos.htx\elasticsearch-7.14.0\bin\elasticsearch.bat
[13:35:22] - [14] MIRKO.POZEN: Fichier Upload: D:\kerberos.htx\elasticsearch-7.14.0\bin\elasticsearch.bat (3,09 K/S -   3 168 bytes)
[13:35:22] - [14] MIRKO.POZEN: Début d'Upload de D:\kerberos.htx\elasticsearch-7.14.0\bin\x-pack-env
[13:35:22] - [14] MIRKO.POZEN: Fichier Upload: D:\kerberos.htx\elasticsearch-7.14.0\bin\x-pack-env (0,35 K/S -    356 bytes)
[13:35:23] - [14] MIRKO.POZEN: Début d'Upload de D:\kerberos.htx\elasticsearch-7.14.0\bin\x-pack-env.bat
[13:35:23] - [14] MIRKO.POZEN: Fichier Upload: D:\kerberos.htx\elasticsearch-7.14.0\bin\x-pack-env.bat (0,31 K/S -    321 bytes)
[13:35:23] - [14] MIRKO.POZEN: Début d'Upload de D:\kerberos.htx\elasticsearch-7.14.0\bin\x-pack-security-env
[13:35:23] - [14] MIRKO.POZEN: Fichier Upload: D:\kerberos.htx\elasticsearch-7.14.0\bin\x-pack-security-env (0,36 K/S -    364 bytes)
[13:35:23] - [14] MIRKO.POZEN: Début d'Upload de D:\kerberos.htx\elasticsearch-7.14.0\bin\x-pack-security-env.bat
[13:35:23] - [14] MIRKO.POZEN: Fichier Upload: D:\kerberos.htx\elasticsearch-7.14.0\bin\x-pack-security-env.bat (0,32 K/S -    325 bytes)
[13:35:23] - [14] MIRKO.POZEN: Début d'Upload de D:\kerberos.htx\elasticsearch-7.14.0\bin\x-pack-watcher-env
[13:35:23] - [14] MIRKO.POZEN: Fichier Upload: D:\kerberos.htx\elasticsearch-7.14.0\bin\x-pack-watcher-env (0,35 K/S -    363 bytes)
[13:35:24] - [14] MIRKO.POZEN: Début d'Upload de D:\kerberos.htx\elasticsearch-7.14.0\bin\x-pack-watcher-env.bat
[13:35:24] - [14] MIRKO.POZEN: Fichier Upload: D:\kerberos.htx\elasticsearch-7.14.0\bin\x-pack-watcher-env.bat (0,32 K/S -    324 bytes)
[13:35:24] - [14] MIRKO.POZEN: Répertoire en Cours: D:\kerberos.htx\elasticsearch-7.14.0\config\
[13:35:24] - [14] MIRKO.POZEN: Début d'Upload de D:\kerberos.htx\elasticsearch-7.14.0\config\elasticsearch.yml
[13:35:24] - [14] MIRKO.POZEN: Fichier Upload: D:\kerberos.htx\elasticsearch-7.14.0\config\elasticsearch.yml (2,67 K/S -   2 739 bytes)
[13:35:24] - [14] MIRKO.POZEN: Début d'Upload de D:\kerberos.htx\elasticsearch-7.14.0\config\jvm.options
[13:35:24] - [14] MIRKO.POZEN: Fichier Upload: D:\kerberos.htx\elasticsearch-7.14.0\config\jvm.options (3,04 K/S -   3 110 bytes)
[13:35:24] - [14] MIRKO.POZEN: Début d'Upload de D:\kerberos.htx\elasticsearch-7.14.0\config\log4j2.properties
[13:35:24] - [14] MIRKO.POZEN: Fichier Upload: D:\kerberos.htx\elasticsearch-7.14.0\config\log4j2.properties (18,64 K/S -   19 089 bytes)
[13:35:24] - [14] MIRKO.POZEN: Début d'Upload de D:\kerberos.htx\elasticsearch-7.14.0\config\roles.yml
[13:35:25] - [14] MIRKO.POZEN: Fichier Upload: D:\kerberos.htx\elasticsearch-7.14.0\config\roles.yml (0,19 K/S -    197 bytes)
[13:35:25] - [14] MIRKO.POZEN: Début d'Upload de D:\kerberos.htx\elasticsearch-7.14.0\config\role_mapping.yml
[13:35:25] - [14] MIRKO.POZEN: Fichier Upload: D:\kerberos.htx\elasticsearch-7.14.0\config\role_mapping.yml (0,46 K/S -    473 bytes)
[13:35:25] - [14] MIRKO.POZEN: Début d'Upload de D:\kerberos.htx\elasticsearch-7.14.0\config\users
[13:35:25] - [14] MIRKO.POZEN: Fichier Upload: D:\kerberos.htx\elasticsearch-7.14.0\config\users (0,00 K/S -  20 480 000 bytes)
[13:35:25] - [14] MIRKO.POZEN: Début d'Upload de D:\kerberos.htx\elasticsearch-7.14.0\config\users_roles
[13:35:25] - [14] MIRKO.POZEN: Fichier Upload: D:\kerberos.htx\elasticsearch-7.14.0\config\users_roles (0,00 K/S -  20 480 000 bytes)
[13:35:25] - [14] MIRKO.POZEN: Répertoire en Cours: D:\kerberos.htx\elasticsearch-7.14.0\jdk\bin\
[13:35:25] - [14] MIRKO.POZEN: Début d'Upload de D:\kerberos.htx\elasticsearch-7.14.0\jdk\bin\api-ms-win-core-console-l1-1-0.dll
[13:35:25] - [14] MIRKO.POZEN: Fichier Upload: D:\kerberos.htx\elasticsearch-7.14.0\jdk\bin\api-ms-win-core-console-l1-1-0.dll (11,13 K/S -   11 392 bytes)
[13:35:26] - [14] MIRKO.POZEN: Début d'Upload de D:\kerberos.htx\elasticsearch-7.14.0\jdk\bin\api-ms-win-core-datetime-l1-1-0.dll
[13:35:26] - [14] MIRKO.POZEN: Fichier Upload: D:\kerberos.htx\elasticsearch-7.14.0\jdk\bin\api-ms-win-core-datetime-l1-1-0.dll (10,63 K/S -   10 880 bytes)
[13:35:26] - [14] MIRKO.POZEN: Début d'Upload de D:\kerberos.htx\elasticsearch-7.14.0\jdk\bin\api-ms-win-core-debug-l1-1-0.dll
[13:35:26] - [14] MIRKO.POZEN: Fichier Upload: D:\kerberos.htx\elasticsearch-7.14.0\jdk\bin\api-ms-win-core-debug-l1-1-0.dll (10,63 K/S -   10 880 bytes)
[13:35:26] - [14] MIRKO.POZEN: Début d'Upload de D:\kerberos.htx\elasticsearch-7.14.0\jdk\bin\api-ms-win-core-errorhandling-l1-1-0.dll
[13:35:26] - [14] MIRKO.POZEN: Fichier Upload: D:\kerberos.htx\elasticsearch-7.14.0\jdk\bin\api-ms-win-core-errorhandling-l1-1-0.dll (10,63 K/S -   10 880 bytes)
[13:35:26] - [14] MIRKO.POZEN: Début d'Upload de D:\kerberos.htx\elasticsearch-7.14.0\jdk\bin\api-ms-win-core-file-l1-1-0.dll
[13:35:26] - [14] MIRKO.POZEN: Fichier Upload: D:\kerberos.htx\elasticsearch-7.14.0\jdk\bin\api-ms-win-core-file-l1-1-0.dll (14,13 K/S -   14 464 bytes)
[13:35:26] - [14] MIRKO.POZEN: Début d'Upload de D:\kerberos.htx\elasticsearch-7.14.0\jdk\bin\api-ms-win-core-file-l1-2-0.dll
[13:35:26] - [14] MIRKO.POZEN: Fichier Upload: D:\kerberos.htx\elasticsearch-7.14.0\jdk\bin\api-ms-win-core-file-l1-2-0.dll (10,63 K/S -   10 880 bytes)
[13:35:27] - [14] MIRKO.POZEN: Début d'Upload de D:\kerberos.htx\elasticsearch-7.14.0\jdk\bin\api-ms-win-core-file-l2-1-0.dll
[13:35:27] - [14] MIRKO.POZEN: Fichier Upload: D:\kerberos.htx\elasticsearch-7.14.0\jdk\bin\api-ms-win-core-file-l2-1-0.dll (10,63 K/S -   10 880 bytes)
[13:35:27] - [14] MIRKO.POZEN: Début d'Upload de D:\kerberos.htx\elasticsearch-7.14.0\jdk\bin\api-ms-win-core-handle-l1-1-0.dll
[13:35:27] - [14] MIRKO.POZEN: Fichier Upload: D:\kerberos.htx\elasticsearch-7.14.0\jdk\bin\api-ms-win-core-handle-l1-1-0.dll (10,63 K/S -   10 880 bytes)
[13:35:27] - [14] MIRKO.POZEN: Début d'Upload de D:\kerberos.htx\elasticsearch-7.14.0\jdk\bin\api-ms-win-core-heap-l1-1-0.dll
[13:35:27] - [14] MIRKO.POZEN: Fichier Upload: D:\kerberos.htx\elasticsearch-7.14.0\jdk\bin\api-ms-win-core-heap-l1-1-0.dll (11,13 K/S -   11 392 bytes)
[13:35:27] - [14] MIRKO.POZEN: Début d'Upload de D:\kerberos.htx\elasticsearch-7.14.0\jdk\bin\api-ms-win-core-interlocked-l1-1-0.dll
[13:35:27] - [14] MIRKO.POZEN: Fichier Upload: D:\kerberos.htx\elasticsearch-7.14.0\jdk\bin\api-ms-win-core-interlocked-l1-1-0.dll (10,63 K/S -   10 880 bytes)
[13:35:28] - [14] MIRKO.POZEN: Début d'Upload de D:\kerberos.htx\elasticsearch-7.14.0\jdk\bin\api-ms-win-core-libraryloader-l1-1-0.dll
[13:35:28] - [14] MIRKO.POZEN: Fichier Upload: D:\kerberos.htx\elasticsearch-7.14.0\jdk\bin\api-ms-win-core-libraryloader-l1-1-0.dll (11,63 K/S -   11 904 bytes)
[13:35:28] - [14] MIRKO.POZEN: Début d'Upload de D:\kerberos.htx\elasticsearch-7.14.0\jdk\bin\api-ms-win-core-localization-l1-2-0.dll
[13:35:28] - [14] MIRKO.POZEN: Fichier Upload: D:\kerberos.htx\elasticsearch-7.14.0\jdk\bin\api-ms-win-core-localization-l1-2-0.dll (13,13 K/S -   13 440 bytes)
[13:35:28] - [14] MIRKO.POZEN: Début d'Upload de D:\kerberos.htx\elasticsearch-7.14.0\jdk\bin\api-ms-win-core-memory-l1-1-0.dll
[13:35:28] - [14] MIRKO.POZEN: Fichier Upload: D:\kerberos.htx\elasticsearch-7.14.0\jdk\bin\api-ms-win-core-memory-l1-1-0.dll (11,13 K/S -   11 392 bytes)
[13:35:28] - [14] MIRKO.POZEN: Début d'Upload de D:\kerberos.htx\elasticsearch-7.14.0\jdk\bin\api-ms-win-core-namedpipe-l1-1-0.dll
[13:35:28] - [14] MIRKO.POZEN: Fichier Upload: D:\kerberos.htx\elasticsearch-7.14.0\jdk\bin\api-ms-win-core-namedpipe-l1-1-0.dll (10,63 K/S -   10 880 bytes)
[13:35:28] - [14] MIRKO.POZEN: Début d'Upload de D:\kerberos.htx\elasticsearch-7.14.0\jdk\bin\api-ms-win-core-processenvironment-l1-1-0.dll
[13:35:28] - [14] MIRKO.POZEN: Fichier Upload: D:\kerberos.htx\elasticsearch-7.14.0\jdk\bin\api-ms-win-core-processenvironment-l1-1-0.dll (11,63 K/S -   11 904 bytes)
[13:35:29] - [14] MIRKO.POZEN: Début d'Upload de D:\kerberos.htx\elasticsearch-7.14.0\jdk\bin\api-ms-win-core-processthreads-l1-1-0.dll
[13:35:29] - [14] MIRKO.POZEN: Fichier Upload: D:\kerberos.htx\elasticsearch-7.14.0\jdk\bin\api-ms-win-core-processthreads-l1-1-0.dll (12,63 K/S -   12 928 bytes)
[13:35:29] - [14] MIRKO.POZEN: Début d'Upload de D:\kerberos.htx\elasticsearch-7.14.0\jdk\bin\api-ms-win-core-processthreads-l1-1-1.dll
[13:35:29] - [14] MIRKO.POZEN: Fichier Upload: D:\kerberos.htx\elasticsearch-7.14.0\jdk\bin\api-ms-win-core-processthreads-l1-1-1.dll (11,13 K/S -   11 392 bytes)
[13:35:29] - [14] MIRKO.POZEN: Début d'Upload de D:\kerberos.htx\elasticsearch-7.14.0\jdk\bin\api-ms-win-core-profile-l1-1-0.dll
[13:35:29] - [14] MIRKO.POZEN: Fichier Upload: D:\kerberos.htx\elasticsearch-7.14.0\jdk\bin\api-ms-win-core-profile-l1-1-0.dll (10,13 K/S -   10 368 bytes)
[13:35:29] - [14] MIRKO.POZEN: Début d'Upload de D:\kerberos.htx\elasticsearch-7.14.0\jdk\bin\api-ms-win-core-rtlsupport-l1-1-0.dll
[13:35:29] - [14] MIRKO.POZEN: Fichier Upload: D:\kerberos.htx\elasticsearch-7.14.0\jdk\bin\api-ms-win-core-rtlsupport-l1-1-0.dll (11,13 K/S -   11 392 bytes)
[13:35:29] - [14] MIRKO.POZEN: Début d'Upload de D:\kerberos.htx\elasticsearch-7.14.0\jdk\bin\api-ms-win-core-string-l1-1-0.dll
[13:35:29] - [14] MIRKO.POZEN: Fichier Upload: D:\kerberos.htx\elasticsearch-7.14.0\jdk\bin\api-ms-win-core-string-l1-1-0.dll (10,63 K/S -   10 880 bytes)
[13:35:30] - [14] MIRKO.POZEN: Début d'Upload de D:\kerberos.htx\elasticsearch-7.14.0\jdk\bin\api-ms-win-core-synch-l1-1-0.dll
[13:35:30] - [14] MIRKO.POZEN: Fichier Upload: D:\kerberos.htx\elasticsearch-7.14.0\jdk\bin\api-ms-win-core-synch-l1-1-0.dll (12,63 K/S -   12 928 bytes)
[13:35:30] - [14] MIRKO.POZEN: Début d'Upload de D:\kerberos.htx\elasticsearch-7.14.0\jdk\bin\api-ms-win-core-synch-l1-2-0.dll
[13:35:30] - [14] MIRKO.POZEN: Fichier Upload: D:\kerberos.htx\elasticsearch-7.14.0\jdk\bin\api-ms-win-core-synch-l1-2-0.dll (11,13 K/S -   11 392 bytes)
[13:35:30] - [14] MIRKO.POZEN: Début d'Upload de D:\kerberos.htx\elasticsearch-7.14.0\jdk\bin\api-ms-win-core-sysinfo-l1-1-0.dll
[13:35:30] - [14] MIRKO.POZEN: Fichier Upload: D:\kerberos.htx\elasticsearch-7.14.0\jdk\bin\api-ms-win-core-sysinfo-l1-1-0.dll (11,63 K/S -   11 904 bytes)
[13:35:30] - [14] MIRKO.POZEN: Début d'Upload de D:\kerberos.htx\elasticsearch-7.14.0\jdk\bin\api-ms-win-core-timezone-l1-1-0.dll
[13:35:30] - [14] MIRKO.POZEN: Fichier Upload: D:\kerberos.htx\elasticsearch-7.14.0\jdk\bin\api-ms-win-core-timezone-l1-1-0.dll (11,13 K/S -   11 392 bytes)
[13:35:31] - [14] MIRKO.POZEN: Début d'Upload de D:\kerberos.htx\elasticsearch-7.14.0\jdk\bin\api-ms-win-core-util-l1-1-0.dll
[13:35:31] - [14] MIRKO.POZEN: Fichier Upload: D:\kerberos.htx\elasticsearch-7.14.0\jdk\bin\api-ms-win-core-util-l1-1-0.dll (10,63 K/S -   10 880 bytes)
[13:35:31] - [14] MIRKO.POZEN: Début d'Upload de D:\kerberos.htx\elasticsearch-7.14.0\jdk\bin\api-ms-win-crt-conio-l1-1-0.dll
[13:35:31] - [14] MIRKO.POZEN: Fichier Upload: D:\kerberos.htx\elasticsearch-7.14.0\jdk\bin\api-ms-win-crt-conio-l1-1-0.dll (11,63 K/S -   11 904 bytes)
[13:35:31] - [14] MIRKO.POZEN: Début d'Upload de D:\kerberos.htx\elasticsearch-7.14.0\jdk\bin\api-ms-win-crt-convert-l1-1-0.dll
[13:35:31] - [14] MIRKO.POZEN: Fichier Upload: D:\kerberos.htx\elasticsearch-7.14.0\jdk\bin\api-ms-win-crt-convert-l1-1-0.dll (14,63 K/S -   14 976 bytes)
[13:35:31] - [14] MIRKO.POZEN: Début d'Upload de D:\kerberos.htx\elasticsearch-7.14.0\jdk\bin\api-ms-win-crt-environment-l1-1-0.dll
[13:35:31] - [14] MIRKO.POZEN: Fichier Upload: D:\kerberos.htx\elasticsearch-7.14.0\jdk\bin\api-ms-win-crt-environment-l1-1-0.dll (11,13 K/S -   11 392 bytes)
[13:35:31] - [14] MIRKO.POZEN: Début d'Upload de D:\kerberos.htx\elasticsearch-7.14.0\jdk\bin\api-ms-win-crt-filesystem-l1-1-0.dll
[13:35:31] - [14] MIRKO.POZEN: Fichier Upload: D:\kerberos.htx\elasticsearch-7.14.0\jdk\bin\api-ms-win-crt-filesystem-l1-1-0.dll (12,63 K/S -   12 928 bytes)
[13:35:32] - [14] MIRKO.POZEN: Début d'Upload de D:\kerberos.htx\elasticsearch-7.14.0\jdk\bin\api-ms-win-crt-heap-l1-1-0.dll
[13:35:32] - [14] MIRKO.POZEN: Fichier Upload: D:\kerberos.htx\elasticsearch-7.14.0\jdk\bin\api-ms-win-crt-heap-l1-1-0.dll (11,63 K/S -   11 904 bytes)
[13:35:32] - [14] MIRKO.POZEN: Début d'Upload de D:\kerberos.htx\elasticsearch-7.14.0\jdk\bin\api-ms-win-crt-locale-l1-1-0.dll
[13:35:32] - [14] MIRKO.POZEN: Fichier Upload: D:\kerberos.htx\elasticsearch-7.14.0\jdk\bin\api-ms-win-crt-locale-l1-1-0.dll (11,13 K/S -   11 392 bytes)
[13:35:32] - [17] Connecté à 192.168.0.1. Collecte du Nom d'utilisateur.
[13:35:32] - [17] Client 192.168.0.1 Déconnecté (00:00:00 Min)
[13:35:32] - [14] MIRKO.POZEN: Début d'Upload de D:\kerberos.htx\elasticsearch-7.14.0\jdk\bin\api-ms-win-crt-math-l1-1-0.dll
[13:35:32] - [14] MIRKO.POZEN: Fichier Upload: D:\kerberos.htx\elasticsearch-7.14.0\jdk\bin\api-ms-win-crt-math-l1-1-0.dll (19,63 K/S -   20 096 bytes)
[13:35:32] - [14] MIRKO.POZEN: Début d'Upload de D:\kerberos.htx\elasticsearch-7.14.0\jdk\bin\api-ms-win-crt-multibyte-l1-1-0.dll
[13:35:32] - [14] MIRKO.POZEN: Fichier Upload: D:\kerberos.htx\elasticsearch-7.14.0\jdk\bin\api-ms-win-crt-multibyte-l1-1-0.dll (18,63 K/S -   19 072 bytes)
[13:35:33] - [14] MIRKO.POZEN: Début d'Upload de D:\kerberos.htx\elasticsearch-7.14.0\jdk\bin\api-ms-win-crt-private-l1-1-0.dll
[13:35:33] - [14] MIRKO.POZEN: Fichier Upload: D:\kerberos.htx\elasticsearch-7.14.0\jdk\bin\api-ms-win-crt-private-l1-1-0.dll (62,13 K/S -   63 616 bytes)
[13:35:33] - [14] MIRKO.POZEN: Début d'Upload de D:\kerberos.htx\elasticsearch-7.14.0\jdk\bin\api-ms-win-crt-process-l1-1-0.dll
[13:35:33] - [14] MIRKO.POZEN: Fichier Upload: D:\kerberos.htx\elasticsearch-7.14.0\jdk\bin\api-ms-win-crt-process-l1-1-0.dll (11,63 K/S -   11 904 bytes)
[13:35:33] - [14] MIRKO.POZEN: Début d'Upload de D:\kerberos.htx\elasticsearch-7.14.0\jdk\bin\api-ms-win-crt-runtime-l1-1-0.dll
[13:35:33] - [14] MIRKO.POZEN: Fichier Upload: D:\kerberos.htx\elasticsearch-7.14.0\jdk\bin\api-ms-win-crt-runtime-l1-1-0.dll (15,13 K/S -   15 488 bytes)
[13:35:33] - [14] MIRKO.POZEN: Début d'Upload de D:\kerberos.htx\elasticsearch-7.14.0\jdk\bin\api-ms-win-crt-stdio-l1-1-0.dll
[13:35:33] - [14] MIRKO.POZEN: Fichier Upload: D:\kerberos.htx\elasticsearch-7.14.0\jdk\bin\api-ms-win-crt-stdio-l1-1-0.dll (16,63 K/S -   17 024 bytes)
[13:35:33] - [14] MIRKO.POZEN: Début d'Upload de D:\kerberos.htx\elasticsearch-7.14.0\jdk\bin\api-ms-win-crt-string-l1-1-0.dll
[13:35:33] - [14] MIRKO.POZEN: Fichier Upload: D:\kerberos.htx\elasticsearch-7.14.0\jdk\bin\api-ms-win-crt-string-l1-1-0.dll (16,63 K/S -   17 024 bytes)
[13:35:34] - [14] MIRKO.POZEN: Début d'Upload de D:\kerberos.htx\elasticsearch-7.14.0\jdk\bin\api-ms-win-crt-time-l1-1-0.dll
[13:35:34] - [14] MIRKO.POZEN: Fichier Upload: D:\kerberos.htx\elasticsearch-7.14.0\jdk\bin\api-ms-win-crt-time-l1-1-0.dll (13,13 K/S -   13 440 bytes)
[13:35:34] - [14] MIRKO.POZEN: Début d'Upload de D:\kerberos.htx\elasticsearch-7.14.0\jdk\bin\api-ms-win-crt-utility-l1-1-0.dll
[13:35:34] - [14] MIRKO.POZEN: Fichier Upload: D:\kerberos.htx\elasticsearch-7.14.0\jdk\bin\api-ms-win-crt-utility-l1-1-0.dll (11,13 K/S -   11 392 bytes)
[13:35:34] - [14] MIRKO.POZEN: Début d'Upload de D:\kerberos.htx\elasticsearch-7.14.0\jdk\bin\attach.dll
[13:35:34] - [14] MIRKO.POZEN: Fichier Upload: D:\kerberos.htx\elasticsearch-7.14.0\jdk\bin\attach.dll (25,63 K/S -   26 240 bytes)
[13:35:34] - [14] MIRKO.POZEN: Début d'Upload de D:\kerberos.htx\elasticsearch-7.14.0\jdk\bin\awt.dll
[13:35:35] - [14] MIRKO.POZEN: Fichier Upload: D:\kerberos.htx\elasticsearch-7.14.0\jdk\bin\awt.dll (1 381,60 K/S -  1 414 784 bytes)
[13:35:35] - [14] MIRKO.POZEN: Début d'Upload de D:\kerberos.htx\elasticsearch-7.14.0\jdk\bin\dt_shmem.dll
[13:35:35] - [14] MIRKO.POZEN: Fichier Upload: D:\kerberos.htx\elasticsearch-7.14.0\jdk\bin\dt_shmem.dll (33,63 K/S -   34 432 bytes)
[13:35:35] - [14] MIRKO.POZEN: Début d'Upload de D:\kerberos.htx\elasticsearch-7.14.0\jdk\bin\dt_socket.dll
[13:35:35] - [14] MIRKO.POZEN: Fichier Upload: D:\kerberos.htx\elasticsearch-7.14.0\jdk\bin\dt_socket.dll (32,63 K/S -   33 408 bytes)
[13:35:36] - [14] MIRKO.POZEN: Début d'Upload de D:\kerberos.htx\elasticsearch-7.14.0\jdk\bin\fontmanager.dll
[13:35:36] - [14] MIRKO.POZEN: Fichier Upload: D:\kerberos.htx\elasticsearch-7.14.0\jdk\bin\fontmanager.dll (58,63 K/S -   60 032 bytes)
[13:35:36] - [14] MIRKO.POZEN: Début d'Upload de D:\kerberos.htx\elasticsearch-7.14.0\jdk\bin\freetype.dll
[13:35:36] - [14] MIRKO.POZEN: Fichier Upload: D:\kerberos.htx\elasticsearch-7.14.0\jdk\bin\freetype.dll (537,63 K/S -   550 528 bytes)
[13:35:36] - [14] MIRKO.POZEN: Début d'Upload de D:\kerberos.htx\elasticsearch-7.14.0\jdk\bin\harfbuzz.dll
[13:35:37] - [14] MIRKO.POZEN: Fichier Upload: D:\kerberos.htx\elasticsearch-7.14.0\jdk\bin\harfbuzz.dll (976,13 K/S -   999 552 bytes)
[13:35:37] - [14] MIRKO.POZEN: Début d'Upload de D:\kerberos.htx\elasticsearch-7.14.0\jdk\bin\instrument.dll
[13:35:37] - [14] MIRKO.POZEN: Fichier Upload: D:\kerberos.htx\elasticsearch-7.14.0\jdk\bin\instrument.dll (47,13 K/S -   48 256 bytes)
[13:35:37] - [14] MIRKO.POZEN: Début d'Upload de D:\kerberos.htx\elasticsearch-7.14.0\jdk\bin\j2gss.dll
[13:35:37] - [14] MIRKO.POZEN: Fichier Upload: D:\kerberos.htx\elasticsearch-7.14.0\jdk\bin\j2gss.dll (47,13 K/S -   48 256 bytes)
[13:35:37] - [14] MIRKO.POZEN: Début d'Upload de D:\kerberos.htx\elasticsearch-7.14.0\jdk\bin\j2pcsc.dll
[13:35:37] - [14] MIRKO.POZEN: Fichier Upload: D:\kerberos.htx\elasticsearch-7.14.0\jdk\bin\j2pcsc.dll (22,63 K/S -   23 168 bytes)
[13:35:38] - [14] MIRKO.POZEN: Début d'Upload de D:\kerberos.htx\elasticsearch-7.14.0\jdk\bin\j2pkcs11.dll
[13:35:38] - [14] MIRKO.POZEN: Fichier Upload: D:\kerberos.htx\elasticsearch-7.14.0\jdk\bin\j2pkcs11.dll (72,63 K/S -   74 368 bytes)
[13:35:38] - [14] MIRKO.POZEN: Début d'Upload de D:\kerberos.htx\elasticsearch-7.14.0\jdk\bin\jaas.dll
[13:35:38] - [14] MIRKO.POZEN: Fichier Upload: D:\kerberos.htx\elasticsearch-7.14.0\jdk\bin\jaas.dll (25,13 K/S -   25 728 bytes)
[13:35:38] - [14] MIRKO.POZEN: Début d'Upload de D:\kerberos.htx\elasticsearch-7.14.0\jdk\bin\jabswitch.exe
[13:35:38] - [14] MIRKO.POZEN: Fichier Upload: D:\kerberos.htx\elasticsearch-7.14.0\jdk\bin\jabswitch.exe (41,63 K/S -   42 624 bytes)
[13:35:38] - [14] MIRKO.POZEN: Début d'Upload de D:\kerberos.htx\elasticsearch-7.14.0\jdk\bin\jaccessinspector.exe
[13:35:38] - [14] MIRKO.POZEN: Fichier Upload: D:\kerberos.htx\elasticsearch-7.14.0\jdk\bin\jaccessinspector.exe (101,63 K/S -   104 064 bytes)
[13:35:38] - [14] MIRKO.POZEN: Début d'Upload de D:\kerberos.htx\elasticsearch-7.14.0\jdk\bin\jaccesswalker.exe
[13:35:38] - [14] MIRKO.POZEN: Fichier Upload: D:\kerberos.htx\elasticsearch-7.14.0\jdk\bin\jaccesswalker.exe (67,13 K/S -   68 736 bytes)
[13:35:39] - [14] MIRKO.POZEN: Début d'Upload de D:\kerberos.htx\elasticsearch-7.14.0\jdk\bin\jaotc.exe
[13:35:39] - [14] MIRKO.POZEN: Fichier Upload: D:\kerberos.htx\elasticsearch-7.14.0\jdk\bin\jaotc.exe (21,63 K/S -   22 144 bytes)
[13:35:39] - [14] MIRKO.POZEN: Début d'Upload de D:\kerberos.htx\elasticsearch-7.14.0\jdk\bin\jar.exe
[13:35:39] - [14] MIRKO.POZEN: Fichier Upload: D:\kerberos.htx\elasticsearch-7.14.0\jdk\bin\jar.exe (20,63 K/S -   21 120 bytes)
[13:35:39] - [14] MIRKO.POZEN: Début d'Upload de D:\kerberos.htx\elasticsearch-7.14.0\jdk\bin\jarsigner.exe
[13:35:39] - [14] MIRKO.POZEN: Fichier Upload: D:\kerberos.htx\elasticsearch-7.14.0\jdk\bin\jarsigner.exe (20,63 K/S -   21 120 bytes)
[13:35:39] - [14] MIRKO.POZEN: Début d'Upload de D:\kerberos.htx\elasticsearch-7.14.0\jdk\bin\java.dll
[13:35:39] - [14] MIRKO.POZEN: Fichier Upload: D:\kerberos.htx\elasticsearch-7.14.0\jdk\bin\java.dll (140,63 K/S -   144 000 bytes)
[13:35:40] - [14] MIRKO.POZEN: Début d'Upload de D:\kerberos.htx\elasticsearch-7.14.0\jdk\bin\java.exe
[13:35:40] - [14] MIRKO.POZEN: Fichier Upload: D:\kerberos.htx\elasticsearch-7.14.0\jdk\bin\java.exe (46,13 K/S -   47 232 bytes)
[13:35:40] - [14] MIRKO.POZEN: Début d'Upload de D:\kerberos.htx\elasticsearch-7.14.0\jdk\bin\javaaccessbridge.dll
[13:35:40] - [14] MIRKO.POZEN: Fichier Upload: D:\kerberos.htx\elasticsearch-7.14.0\jdk\bin\javaaccessbridge.dll (280,13 K/S -   286 848 bytes)
[13:35:40] - [14] MIRKO.POZEN: Début d'Upload de D:\kerberos.htx\elasticsearch-7.14.0\jdk\bin\javac.exe
[13:35:40] - [14] MIRKO.POZEN: Fichier Upload: D:\kerberos.htx\elasticsearch-7.14.0\jdk\bin\javac.exe (20,63 K/S -   21 120 bytes)
[13:35:40] - [14] MIRKO.POZEN: Début d'Upload de D:\kerberos.htx\elasticsearch-7.14.0\jdk\bin\javadoc.exe
[13:35:40] - [14] MIRKO.POZEN: Fichier Upload: D:\kerberos.htx\elasticsearch-7.14.0\jdk\bin\javadoc.exe (20,63 K/S -   21 120 bytes)
[13:35:40] - [14] MIRKO.POZEN: Début d'Upload de D:\kerberos.htx\elasticsearch-7.14.0\jdk\bin\javajpeg.dll
[13:35:41] - [14] MIRKO.POZEN: Fichier Upload: D:\kerberos.htx\elasticsearch-7.14.0\jdk\bin\javajpeg.dll (172,13 K/S -   176 256 bytes)
[13:35:41] - [14] MIRKO.POZEN: Début d'Upload de D:\kerberos.htx\elasticsearch-7.14.0\jdk\bin\javap.exe
[13:35:41] - [14] MIRKO.POZEN: Fichier Upload: D:\kerberos.htx\elasticsearch-7.14.0\jdk\bin\javap.exe (20,63 K/S -   21 120 bytes)
[13:35:41] - [14] MIRKO.POZEN: Début d'Upload de D:\kerberos.htx\elasticsearch-7.14.0\jdk\bin\javaw.exe
[13:35:41] - [14] MIRKO.POZEN: Fichier Upload: D:\kerberos.htx\elasticsearch-7.14.0\jdk\bin\javaw.exe (46,13 K/S -   47 232 bytes)
[13:35:41] - [14] MIRKO.POZEN: Début d'Upload de D:\kerberos.htx\elasticsearch-7.14.0\jdk\bin\jawt.dll
[13:35:41] - [14] MIRKO.POZEN: Fichier Upload: D:\kerberos.htx\elasticsearch-7.14.0\jdk\bin\jawt.dll (18,13 K/S -   18 560 bytes)
[13:35:41] - [14] MIRKO.POZEN: Début d'Upload de D:\kerberos.htx\elasticsearch-7.14.0\jdk\bin\jcmd.exe
[13:35:41] - [14] MIRKO.POZEN: Fichier Upload: D:\kerberos.htx\elasticsearch-7.14.0\jdk\bin\jcmd.exe (20,63 K/S -   21 120 bytes)
[13:35:42] - [14] MIRKO.POZEN: Début d'Upload de D:\kerberos.htx\elasticsearch-7.14.0\jdk\bin\jconsole.exe
[13:35:42] - [14] MIRKO.POZEN: Fichier Upload: D:\kerberos.htx\elasticsearch-7.14.0\jdk\bin\jconsole.exe (20,63 K/S -   21 120 bytes)
[13:35:42] - [14] MIRKO.POZEN: Début d'Upload de D:\kerberos.htx\elasticsearch-7.14.0\jdk\bin\jdb.exe
[13:35:42] - [14] MIRKO.POZEN: Fichier Upload: D:\kerberos.htx\elasticsearch-7.14.0\jdk\bin\jdb.exe (20,63 K/S -   21 120 bytes)
[13:35:42] - [14] MIRKO.POZEN: Début d'Upload de D:\kerberos.htx\elasticsearch-7.14.0\jdk\bin\jdeprscan.exe
[13:35:42] - [14] MIRKO.POZEN: Fichier Upload: D:\kerberos.htx\elasticsearch-7.14.0\jdk\bin\jdeprscan.exe (20,63 K/S -   21 120 bytes)
[13:35:42] - [14] MIRKO.POZEN: Début d'Upload de D:\kerberos.htx\elasticsearch-7.14.0\jdk\bin\jdeps.exe
[13:35:42] - [14] MIRKO.POZEN: Fichier Upload: D:\kerberos.htx\elasticsearch-7.14.0\jdk\bin\jdeps.exe (20,63 K/S -   21 120 bytes)
[13:35:42] - [14] MIRKO.POZEN: Début d'Upload de D:\kerberos.htx\elasticsearch-7.14.0\jdk\bin\jdwp.dll
[13:35:43] - [14] MIRKO.POZEN: Fichier Upload: D:\kerberos.htx\elasticsearch-7.14.0\jdk\bin\jdwp.dll (222,13 K/S -   227 456 bytes)
[13:35:43] - [14] MIRKO.POZEN: Début d'Upload de D:\kerberos.htx\elasticsearch-7.14.0\jdk\bin\jfr.exe
[13:35:43] - [14] MIRKO.POZEN: Fichier Upload: D:\kerberos.htx\elasticsearch-7.14.0\jdk\bin\jfr.exe (20,63 K/S -   21 120 bytes)
[13:35:43] - [14] MIRKO.POZEN: Début d'Upload de D:\kerberos.htx\elasticsearch-7.14.0\jdk\bin\jhsdb.exe
[13:35:43] - [14] MIRKO.POZEN: Fichier Upload: D:\kerberos.htx\elasticsearch-7.14.0\jdk\bin\jhsdb.exe (20,63 K/S -   21 120 bytes)
[13:35:43] - [14] MIRKO.POZEN: Début d'Upload de D:\kerberos.htx\elasticsearch-7.14.0\jdk\bin\jimage.dll
[13:35:43] - [14] MIRKO.POZEN: Fichier Upload: D:\kerberos.htx\elasticsearch-7.14.0\jdk\bin\jimage.dll (31,13 K/S -   31 872 bytes)
[13:35:43] - [14] MIRKO.POZEN: Début d'Upload de D:\kerberos.htx\elasticsearch-7.14.0\jdk\bin\jimage.exe
[13:35:43] - [14] MIRKO.POZEN: Fichier Upload: D:\kerberos.htx\elasticsearch-7.14.0\jdk\bin\jimage.exe (20,63 K/S -   21 120 bytes)
[13:35:43] - [14] MIRKO.POZEN: Début d'Upload de D:\kerberos.htx\elasticsearch-7.14.0\jdk\bin\jinfo.exe
[13:35:43] - [14] MIRKO.POZEN: Fichier Upload: D:\kerberos.htx\elasticsearch-7.14.0\jdk\bin\jinfo.exe (20,63 K/S -   21 120 bytes)
[13:35:44] - [14] MIRKO.POZEN: Début d'Upload de D:\kerberos.htx\elasticsearch-7.14.0\jdk\bin\jli.dll
[13:35:44] - [14] MIRKO.POZEN: Fichier Upload: D:\kerberos.htx\elasticsearch-7.14.0\jdk\bin\jli.dll (83,13 K/S -   85 120 bytes)
[13:35:44] - [14] MIRKO.POZEN: Début d'Upload de D:\kerberos.htx\elasticsearch-7.14.0\jdk\bin\jlink.exe
[13:35:44] - [14] MIRKO.POZEN: Fichier Upload: D:\kerberos.htx\elasticsearch-7.14.0\jdk\bin\jlink.exe (20,63 K/S -   21 120 bytes)
[13:35:44] - [14] MIRKO.POZEN: Début d'Upload de D:\kerberos.htx\elasticsearch-7.14.0\jdk\bin\jmap.exe
[13:35:44] - [14] MIRKO.POZEN: Fichier Upload: D:\kerberos.htx\elasticsearch-7.14.0\jdk\bin\jmap.exe (20,63 K/S -   21 120 bytes)
[13:35:44] - [14] MIRKO.POZEN: Début d'Upload de D:\kerberos.htx\elasticsearch-7.14.0\jdk\bin\jmod.exe
[13:35:44] - [14] MIRKO.POZEN: Fichier Upload: D:\kerberos.htx\elasticsearch-7.14.0\jdk\bin\jmod.exe (20,63 K/S -   21 120 bytes)
[13:35:45] - [14] MIRKO.POZEN: Début d'Upload de D:\kerberos.htx\elasticsearch-7.14.0\jdk\bin\jpackage.dll
[13:35:45] - [14] MIRKO.POZEN: Fichier Upload: D:\kerberos.htx\elasticsearch-7.14.0\jdk\bin\jpackage.dll (100,13 K/S -   102 528 bytes)
[13:35:45] - [14] MIRKO.POZEN: Début d'Upload de D:\kerberos.htx\elasticsearch-7.14.0\jdk\bin\jpackage.exe
[13:35:45] - [14] MIRKO.POZEN: Fichier Upload: D:\kerberos.htx\elasticsearch-7.14.0\jdk\bin\jpackage.exe (20,63 K/S -   21 120 bytes)
[13:35:45] - [14] MIRKO.POZEN: Début d'Upload de D:\kerberos.htx\elasticsearch-7.14.0\jdk\bin\jps.exe
[13:35:45] - [14] MIRKO.POZEN: Fichier Upload: D:\kerberos.htx\elasticsearch-7.14.0\jdk\bin\jps.exe (20,63 K/S -   21 120 bytes)
[13:35:45] - [14] MIRKO.POZEN: Début d'Upload de D:\kerberos.htx\elasticsearch-7.14.0\jdk\bin\jrunscript.exe
[13:35:45] - [14] MIRKO.POZEN: Fichier Upload: D:\kerberos.htx\elasticsearch-7.14.0\jdk\bin\jrunscript.exe (20,63 K/S -   21 120 bytes)
[13:35:45] - [14] MIRKO.POZEN: Début d'Upload de D:\kerberos.htx\elasticsearch-7.14.0\jdk\bin\jshell.exe
[13:35:45] - [14] MIRKO.POZEN: Fichier Upload: D:\kerberos.htx\elasticsearch-7.14.0\jdk\bin\jshell.exe (20,63 K/S -   21 120 bytes)
[13:35:46] - [14] MIRKO.POZEN: Début d'Upload de D:\kerberos.htx\elasticsearch-7.14.0\jdk\bin\jsound.dll
[13:35:46] - [14] MIRKO.POZEN: Fichier Upload: D:\kerberos.htx\elasticsearch-7.14.0\jdk\bin\jsound.dll (56,63 K/S -   57 984 bytes)
[13:35:46] - [14] MIRKO.POZEN: Début d'Upload de D:\kerberos.htx\elasticsearch-7.14.0\jdk\bin\jstack.exe
[13:35:46] - [14] MIRKO.POZEN: Fichier Upload: D:\kerberos.htx\elasticsearch-7.14.0\jdk\bin\jstack.exe (20,63 K/S -   21 120 bytes)
[13:35:46] - [14] MIRKO.POZEN: Début d'Upload de D:\kerberos.htx\elasticsearch-7.14.0\jdk\bin\jstat.exe
[13:35:46] - [14] MIRKO.POZEN: Fichier Upload: D:\kerberos.htx\elasticsearch-7.14.0\jdk\bin\jstat.exe (20,63 K/S -   21 120 bytes)
[13:35:46] - [14] MIRKO.POZEN: Début d'Upload de D:\kerberos.htx\elasticsearch-7.14.0\jdk\bin\jstatd.exe
[13:35:46] - [14] MIRKO.POZEN: Fichier Upload: D:\kerberos.htx\elasticsearch-7.14.0\jdk\bin\jstatd.exe (20,63 K/S -   21 120 bytes)
[13:35:47] - [14] MIRKO.POZEN: Début d'Upload de D:\kerberos.htx\elasticsearch-7.14.0\jdk\bin\keytool.exe
[13:35:47] - [14] MIRKO.POZEN: Fichier Upload: D:\kerberos.htx\elasticsearch-7.14.0\jdk\bin\keytool.exe (20,63 K/S -   21 120 bytes)
[13:35:47] - [14] MIRKO.POZEN: Début d'Upload de D:\kerberos.htx\elasticsearch-7.14.0\jdk\bin\kinit.exe
[13:35:47] - [14] MIRKO.POZEN: Fichier Upload: D:\kerberos.htx\elasticsearch-7.14.0\jdk\bin\kinit.exe (20,63 K/S -   21 120 bytes)
[13:35:47] - [14] MIRKO.POZEN: Début d'Upload de D:\kerberos.htx\elasticsearch-7.14.0\jdk\bin\klist.exe
[13:35:47] - [14] MIRKO.POZEN: Fichier Upload: D:\kerberos.htx\elasticsearch-7.14.0\jdk\bin\klist.exe (20,63 K/S -   21 120 bytes)
[13:35:47] - [14] MIRKO.POZEN: Début d'Upload de D:\kerberos.htx\elasticsearch-7.14.0\jdk\bin\ktab.exe
[13:35:47] - [14] MIRKO.POZEN: Fichier Upload: D:\kerberos.htx\elasticsearch-7.14.0\jdk\bin\ktab.exe (20,63 K/S -   21 120 bytes)
[13:35:47] - [14] MIRKO.POZEN: Début d'Upload de D:\kerberos.htx\elasticsearch-7.14.0\jdk\bin\lcms.dll
[13:35:48] - [14] MIRKO.POZEN: Fichier Upload: D:\kerberos.htx\elasticsearch-7.14.0\jdk\bin\lcms.dll (246,63 K/S -   252 544 bytes)
[13:35:48] - [14] MIRKO.POZEN: Début d'Upload de D:\kerberos.htx\elasticsearch-7.14.0\jdk\bin\le.dll
[13:35:48] - [14] MIRKO.POZEN: Fichier Upload: D:\kerberos.htx\elasticsearch-7.14.0\jdk\bin\le.dll (32,13 K/S -   32 896 bytes)
[13:35:48] - [14] MIRKO.POZEN: Début d'Upload de D:\kerberos.htx\elasticsearch-7.14.0\jdk\bin\management.dll
[13:35:48] - [14] MIRKO.POZEN: Fichier Upload: D:\kerberos.htx\elasticsearch-7.14.0\jdk\bin\management.dll (25,63 K/S -   26 240 bytes)
[13:35:48] - [14] MIRKO.POZEN: Début d'Upload de D:\kerberos.htx\elasticsearch-7.14.0\jdk\bin\management_agent.dll
[13:35:48] - [14] MIRKO.POZEN: Fichier Upload: D:\kerberos.htx\elasticsearch-7.14.0\jdk\bin\management_agent.dll (21,13 K/S -   21 632 bytes)
[13:35:48] - [14] MIRKO.POZEN: Début d'Upload de D:\kerberos.htx\elasticsearch-7.14.0\jdk\bin\management_ext.dll
[13:35:48] - [14] MIRKO.POZEN: Fichier Upload: D:\kerberos.htx\elasticsearch-7.14.0\jdk\bin\management_ext.dll (32,13 K/S -   32 896 bytes)
[13:35:49] - [14] MIRKO.POZEN: Début d'Upload de D:\kerberos.htx\elasticsearch-7.14.0\jdk\bin\mlib_image.dll
[13:35:49] - [14] MIRKO.POZEN: Fichier Upload: D:\kerberos.htx\elasticsearch-7.14.0\jdk\bin\mlib_image.dll (495,13 K/S -   507 008 bytes)
[13:35:49] - [14] MIRKO.POZEN: Début d'Upload de D:\kerberos.htx\elasticsearch-7.14.0\jdk\bin\msvcp140.dll
[13:35:49] - [14] MIRKO.POZEN: Fichier Upload: D:\kerberos.htx\elasticsearch-7.14.0\jdk\bin\msvcp140.dll (568,13 K/S -   581 760 bytes)
[13:35:49] - [14] MIRKO.POZEN: Début d'Upload de D:\kerberos.htx\elasticsearch-7.14.0\jdk\bin\net.dll
[13:35:49] - [14] MIRKO.POZEN: Fichier Upload: D:\kerberos.htx\elasticsearch-7.14.0\jdk\bin\net.dll (91,13 K/S -   93 312 bytes)
[13:35:50] - [14] MIRKO.POZEN: Début d'Upload de D:\kerberos.htx\elasticsearch-7.14.0\jdk\bin\nio.dll
[13:35:50] - [14] MIRKO.POZEN: Fichier Upload: D:\kerberos.htx\elasticsearch-7.14.0\jdk\bin\nio.dll (64,63 K/S -   66 176 bytes)
[13:35:50] - [14] MIRKO.POZEN: Début d'Upload de D:\kerberos.htx\elasticsearch-7.14.0\jdk\bin\prefs.dll
[13:35:50] - [14] MIRKO.POZEN: Fichier Upload: D:\kerberos.htx\elasticsearch-7.14.0\jdk\bin\prefs.dll (22,13 K/S -   22 656 bytes)
[13:35:50] - [14] MIRKO.POZEN: Début d'Upload de D:\kerberos.htx\elasticsearch-7.14.0\jdk\bin\rmi.dll
[13:35:50] - [14] MIRKO.POZEN: Fichier Upload: D:\kerberos.htx\elasticsearch-7.14.0\jdk\bin\rmi.dll (17,63 K/S -   18 048 bytes)
[13:35:50] - [14] MIRKO.POZEN: Début d'Upload de D:\kerberos.htx\elasticsearch-7.14.0\jdk\bin\rmid.exe
[13:35:50] - [14] MIRKO.POZEN: Fichier Upload: D:\kerberos.htx\elasticsearch-7.14.0\jdk\bin\rmid.exe (20,63 K/S -   21 120 bytes)
[13:35:50] - [14] MIRKO.POZEN: Début d'Upload de D:\kerberos.htx\elasticsearch-7.14.0\jdk\bin\rmiregistry.exe
[13:35:50] - [14] MIRKO.POZEN: Fichier Upload: D:\kerberos.htx\elasticsearch-7.14.0\jdk\bin\rmiregistry.exe (20,63 K/S -   21 120 bytes)
[13:35:51] - [14] MIRKO.POZEN: Début d'Upload de D:\kerberos.htx\elasticsearch-7.14.0\jdk\bin\saproc.dll
[13:35:51] - [14] MIRKO.POZEN: Fichier Upload: D:\kerberos.htx\elasticsearch-7.14.0\jdk\bin\saproc.dll (35,63 K/S -   36 480 bytes)
[13:35:51] - [14] MIRKO.POZEN: Début d'Upload de D:\kerberos.htx\elasticsearch-7.14.0\jdk\bin\serialver.exe
[13:35:51] - [14] MIRKO.POZEN: Fichier Upload: D:\kerberos.htx\elasticsearch-7.14.0\jdk\bin\serialver.exe (20,63 K/S -   21 120 bytes)
[13:35:51] - [14] MIRKO.POZEN: Répertoire en Cours: D:\kerberos.htx\elasticsearch-7.14.0\jdk\bin\server\
[13:35:51] - [14] MIRKO.POZEN: Début d'Upload de D:\kerberos.htx\elasticsearch-7.14.0\jdk\bin\server\classes.jsa
[13:35:59] - [14] MIRKO.POZEN: Fichier Upload: D:\kerberos.htx\elasticsearch-7.14.0\jdk\bin\server\classes.jsa (1 782,90 K/S -  12 779 520 bytes)
[13:35:59] - [14] MIRKO.POZEN: Début d'Upload de D:\kerberos.htx\elasticsearch-7.14.0\jdk\bin\server\classes_nocoops.jsa
[13:36:07] - [14] MIRKO.POZEN: Fichier Upload: D:\kerberos.htx\elasticsearch-7.14.0\jdk\bin\server\classes_nocoops.jsa (1 560,00 K/S -  12 779 520 bytes)
[13:36:07] - [14] MIRKO.POZEN: Début d'Upload de D:\kerberos.htx\elasticsearch-7.14.0\jdk\bin\server\jvm.dll
[13:36:14] - [14] MIRKO.POZEN: Fichier Upload: D:\kerberos.htx\elasticsearch-7.14.0\jdk\bin\server\jvm.dll (1 740,20 K/S -  12 473 984 bytes)
[13:36:14] - [14] MIRKO.POZEN: Répertoire en Cours: D:\kerberos.htx\elasticsearch-7.14.0\jdk\bin\
[13:36:14] - [14] MIRKO.POZEN: Début d'Upload de D:\kerberos.htx\elasticsearch-7.14.0\jdk\bin\splashscreen.dll
[13:36:14] - [14] MIRKO.POZEN: Fichier Upload: D:\kerberos.htx\elasticsearch-7.14.0\jdk\bin\splashscreen.dll (210,13 K/S -   215 168 bytes)
[13:36:14] - [14] MIRKO.POZEN: Début d'Upload de D:\kerberos.htx\elasticsearch-7.14.0\jdk\bin\sspi_bridge.dll
[13:36:14] - [14] MIRKO.POZEN: Fichier Upload: D:\kerberos.htx\elasticsearch-7.14.0\jdk\bin\sspi_bridge.dll (41,13 K/S -   42 112 bytes)
[13:36:14] - [14] MIRKO.POZEN: Début d'Upload de D:\kerberos.htx\elasticsearch-7.14.0\jdk\bin\sunmscapi.dll
[13:36:15] - [14] MIRKO.POZEN: Fichier Upload: D:\kerberos.htx\elasticsearch-7.14.0\jdk\bin\sunmscapi.dll (43,63 K/S -   44 672 bytes)
[13:36:15] - [14] MIRKO.POZEN: Début d'Upload de D:\kerberos.htx\elasticsearch-7.14.0\jdk\bin\ucrtbase.dll
[13:36:15] - [14] MIRKO.POZEN: Fichier Upload: D:\kerberos.htx\elasticsearch-7.14.0\jdk\bin\ucrtbase.dll (985,13 K/S -  1 008 768 bytes)
[13:36:15] - [14] MIRKO.POZEN: Début d'Upload de D:\kerberos.htx\elasticsearch-7.14.0\jdk\bin\vcruntime140.dll
[13:36:15] - [14] MIRKO.POZEN: Fichier Upload: D:\kerberos.htx\elasticsearch-7.14.0\jdk\bin\vcruntime140.dll (90,63 K/S -   92 800 bytes)
[13:36:16] - [14] MIRKO.POZEN: Début d'Upload de D:\kerberos.htx\elasticsearch-7.14.0\jdk\bin\vcruntime140_1.dll
[13:36:16] - [14] MIRKO.POZEN: Fichier Upload: D:\kerberos.htx\elasticsearch-7.14.0\jdk\bin\vcruntime140_1.dll (34,63 K/S -   35 456 bytes)
[13:36:16] - [14] MIRKO.POZEN: Début d'Upload de D:\kerberos.htx\elasticsearch-7.14.0\jdk\bin\verify.dll
[13:36:16] - [14] MIRKO.POZEN: Fichier Upload: D:\kerberos.htx\elasticsearch-7.14.0\jdk\bin\verify.dll (50,13 K/S -   51 328 bytes)
[13:36:16] - [14] MIRKO.POZEN: Début d'Upload de D:\kerberos.htx\elasticsearch-7.14.0\jdk\bin\w2k_lsa_auth.dll
[13:36:16] - [14] MIRKO.POZEN: Fichier Upload: D:\kerberos.htx\elasticsearch-7.14.0\jdk\bin\w2k_lsa_auth.dll (28,13 K/S -   28 800 bytes)
[13:36:16] - [14] MIRKO.POZEN: Début d'Upload de D:\kerberos.htx\elasticsearch-7.14.0\jdk\bin\windowsaccessbridge-64.dll
[13:36:16] - [14] MIRKO.POZEN: Fichier Upload: D:\kerberos.htx\elasticsearch-7.14.0\jdk\bin\windowsaccessbridge-64.dll (68,13 K/S -   69 760 bytes)
[13:36:16] - [14] MIRKO.POZEN: Début d'Upload de D:\kerberos.htx\elasticsearch-7.14.0\jdk\bin\zip.dll
[13:36:16] - [14] MIRKO.POZEN: Fichier Upload: D:\kerberos.htx\elasticsearch-7.14.0\jdk\bin\zip.dll (81,63 K/S -   83 584 bytes)
[13:36:17] - [14] MIRKO.POZEN: Répertoire en Cours: D:\kerberos.htx\elasticsearch-7.14.0\jdk\conf\
[13:36:17] - [14] MIRKO.POZEN: Début d'Upload de D:\kerberos.htx\elasticsearch-7.14.0\jdk\conf\logging.properties
[13:36:17] - [14] MIRKO.POZEN: Fichier Upload: D:\kerberos.htx\elasticsearch-7.14.0\jdk\conf\logging.properties (2,67 K/S -   2 733 bytes)
[13:36:17] - [14] MIRKO.POZEN: Répertoire en Cours: D:\kerberos.htx\elasticsearch-7.14.0\jdk\conf\management\
[13:36:17] - [14] MIRKO.POZEN: Début d'Upload de D:\kerberos.htx\elasticsearch-7.14.0\jdk\conf\management\jmxremote.access
[13:36:17] - [14] MIRKO.POZEN: Fichier Upload: D:\kerberos.htx\elasticsearch-7.14.0\jdk\conf\management\jmxremote.access (3,90 K/S -   3 997 bytes)
[13:36:17] - [14] MIRKO.POZEN: Début d'Upload de D:\kerberos.htx\elasticsearch-7.14.0\jdk\conf\management\jmxremote.password.template
[13:36:17] - [14] MIRKO.POZEN: Fichier Upload: D:\kerberos.htx\elasticsearch-7.14.0\jdk\conf\management\jmxremote.password.template (5,56 K/S -   5 690 bytes)
[13:36:18] - [14] MIRKO.POZEN: Début d'Upload de D:\kerberos.htx\elasticsearch-7.14.0\jdk\conf\management\management.properties
[13:36:18] - [14] MIRKO.POZEN: Fichier Upload: D:\kerberos.htx\elasticsearch-7.14.0\jdk\conf\management\management.properties (14,07 K/S -   14 410 bytes)
[13:36:18] - [14] MIRKO.POZEN: Répertoire en Cours: D:\kerberos.htx\elasticsearch-7.14.0\jdk\conf\
[13:36:18] - [14] MIRKO.POZEN: Début d'Upload de D:\kerberos.htx\elasticsearch-7.14.0\jdk\conf\net.properties
[13:36:18] - [14] MIRKO.POZEN: Fichier Upload: D:\kerberos.htx\elasticsearch-7.14.0\jdk\conf\net.properties (6,51 K/S -   6 671 bytes)
[13:36:18] - [14] MIRKO.POZEN: Répertoire en Cours: D:\kerberos.htx\elasticsearch-7.14.0\jdk\conf\security\
[13:36:18] - [14] MIRKO.POZEN: Début d'Upload de D:\kerberos.htx\elasticsearch-7.14.0\jdk\conf\security\java.policy
[13:36:18] - [14] MIRKO.POZEN: Fichier Upload: D:\kerberos.htx\elasticsearch-7.14.0\jdk\conf\security\java.policy (2,13 K/S -   2 180 bytes)
[13:36:18] - [14] MIRKO.POZEN: Début d'Upload de D:\kerberos.htx\elasticsearch-7.14.0\jdk\conf\security\java.security
[13:36:18] - [14] MIRKO.POZEN: Fichier Upload: D:\kerberos.htx\elasticsearch-7.14.0\jdk\conf\security\java.security (55,86 K/S -   57 199 bytes)
[13:36:18] - [14] MIRKO.POZEN: Répertoire en Cours: D:\kerberos.htx\elasticsearch-7.14.0\jdk\conf\security\policy\limited\
[13:36:19] - [14] MIRKO.POZEN: Début d'Upload de D:\kerberos.htx\elasticsearch-7.14.0\jdk\conf\security\policy\limited\default_local.policy
[13:36:19] - [14] MIRKO.POZEN: Fichier Upload: D:\kerberos.htx\elasticsearch-7.14.0\jdk\conf\security\policy\limited\default_local.policy (0,63 K/S -    647 bytes)
[13:36:19] - [14] MIRKO.POZEN: Début d'Upload de D:\kerberos.htx\elasticsearch-7.14.0\jdk\conf\security\policy\limited\default_US_export.policy
[13:36:19] - [14] MIRKO.POZEN: Fichier Upload: D:\kerberos.htx\elasticsearch-7.14.0\jdk\conf\security\policy\limited\default_US_export.policy (0,14 K/S -    146 bytes)
[13:36:19] - [14] MIRKO.POZEN: Début d'Upload de D:\kerberos.htx\elasticsearch-7.14.0\jdk\conf\security\policy\limited\exempt_local.policy
[13:36:19] - [14] MIRKO.POZEN: Fichier Upload: D:\kerberos.htx\elasticsearch-7.14.0\jdk\conf\security\policy\limited\exempt_local.policy (0,55 K/S -    566 bytes)
[13:36:19] - [14] MIRKO.POZEN: Répertoire en Cours: D:\kerberos.htx\elasticsearch-7.14.0\jdk\conf\security\policy\
[13:36:19] - [14] MIRKO.POZEN: Début d'Upload de D:\kerberos.htx\elasticsearch-7.14.0\jdk\conf\security\policy\README.txt
[13:36:19] - [14] MIRKO.POZEN: Fichier Upload: D:\kerberos.htx\elasticsearch-7.14.0\jdk\conf\security\policy\README.txt (2,39 K/S -   2 444 bytes)
[13:36:20] - [14] MIRKO.POZEN: Répertoire en Cours: D:\kerberos.htx\elasticsearch-7.14.0\jdk\conf\security\policy\unlimited\
[13:36:20] - [14] MIRKO.POZEN: Début d'Upload de D:\kerberos.htx\elasticsearch-7.14.0\jdk\conf\security\policy\unlimited\default_local.policy
[13:36:20] - [14] MIRKO.POZEN: Fichier Upload: D:\kerberos.htx\elasticsearch-7.14.0\jdk\conf\security\policy\unlimited\default_local.policy (0,19 K/S -    193 bytes)
[13:36:20] - [14] MIRKO.POZEN: Début d'Upload de D:\kerberos.htx\elasticsearch-7.14.0\jdk\conf\security\policy\unlimited\default_US_export.policy
[13:36:20] - [14] MIRKO.POZEN: Fichier Upload: D:\kerberos.htx\elasticsearch-7.14.0\jdk\conf\security\policy\unlimited\default_US_export.policy (0,14 K/S -    146 bytes)
[13:36:20] - [14] MIRKO.POZEN: Répertoire en Cours: D:\kerberos.htx\elasticsearch-7.14.0\jdk\conf\
[13:36:20] - [14] MIRKO.POZEN: Début d'Upload de D:\kerberos.htx\elasticsearch-7.14.0\jdk\conf\sound.properties
[13:36:20] - [14] MIRKO.POZEN: Fichier Upload: D:\kerberos.htx\elasticsearch-7.14.0\jdk\conf\sound.properties (1,18 K/S -   1 210 bytes)
[13:36:20] - [14] MIRKO.POZEN: Répertoire en Cours: D:\kerberos.htx\elasticsearch-7.14.0\jdk\include\
[13:36:20] - [14] MIRKO.POZEN: Début d'Upload de D:\kerberos.htx\elasticsearch-7.14.0\jdk\include\classfile_constants.h
[13:36:20] - [14] MIRKO.POZEN: Fichier Upload: D:\kerberos.htx\elasticsearch-7.14.0\jdk\include\classfile_constants.h (22,21 K/S -   22 743 bytes)
[13:36:21] - [14] MIRKO.POZEN: Début d'Upload de D:\kerberos.htx\elasticsearch-7.14.0\jdk\include\jawt.h
[13:36:21] - [14] MIRKO.POZEN: Fichier Upload: D:\kerberos.htx\elasticsearch-7.14.0\jdk\include\jawt.h (12,51 K/S -   12 814 bytes)
[13:36:21] - [14] MIRKO.POZEN: Début d'Upload de D:\kerberos.htx\elasticsearch-7.14.0\jdk\include\jdwpTransport.h
[13:36:21] - [14] MIRKO.POZEN: Fichier Upload: D:\kerberos.htx\elasticsearch-7.14.0\jdk\include\jdwpTransport.h (8,23 K/S -   8 427 bytes)
[13:36:21] - [14] MIRKO.POZEN: Début d'Upload de D:\kerberos.htx\elasticsearch-7.14.0\jdk\include\jni.h
[13:36:21] - [14] MIRKO.POZEN: Fichier Upload: D:\kerberos.htx\elasticsearch-7.14.0\jdk\include\jni.h (75,84 K/S -   77 665 bytes)
[13:36:21] - [14] MIRKO.POZEN: Début d'Upload de D:\kerberos.htx\elasticsearch-7.14.0\jdk\include\jvmti.h
[13:36:21] - [14] MIRKO.POZEN: Fichier Upload: D:\kerberos.htx\elasticsearch-7.14.0\jdk\include\jvmti.h (82,37 K/S -   84 350 bytes)
[13:36:22] - [14] MIRKO.POZEN: Début d'Upload de D:\kerberos.htx\elasticsearch-7.14.0\jdk\include\jvmticmlr.h
[13:36:22] - [14] MIRKO.POZEN: Fichier Upload: D:\kerberos.htx\elasticsearch-7.14.0\jdk\include\jvmticmlr.h (4,77 K/S -   4 886 bytes)
[13:36:22] - [14] MIRKO.POZEN: Répertoire en Cours: D:\kerberos.htx\elasticsearch-7.14.0\jdk\include\win32\bridge\
[13:36:22] - [14] MIRKO.POZEN: Début d'Upload de D:\kerberos.htx\elasticsearch-7.14.0\jdk\include\win32\bridge\AccessBridgeCallbacks.h
[13:36:22] - [14] MIRKO.POZEN: Fichier Upload: D:\kerberos.htx\elasticsearch-7.14.0\jdk\include\win32\bridge\AccessBridgeCallbacks.h (5,48 K/S -   5 610 bytes)
[13:36:22] - [14] MIRKO.POZEN: Début d'Upload de D:\kerberos.htx\elasticsearch-7.14.0\jdk\include\win32\bridge\AccessBridgeCalls.h
[13:36:22] - [14] MIRKO.POZEN: Fichier Upload: D:\kerberos.htx\elasticsearch-7.14.0\jdk\include\win32\bridge\AccessBridgeCalls.h (35,96 K/S -   36 818 bytes)
[13:36:22] - [14] MIRKO.POZEN: Début d'Upload de D:\kerberos.htx\elasticsearch-7.14.0\jdk\include\win32\bridge\AccessBridgePackages.h
[13:36:22] - [14] MIRKO.POZEN: Fichier Upload: D:\kerberos.htx\elasticsearch-7.14.0\jdk\include\win32\bridge\AccessBridgePackages.h (77,93 K/S -   79 797 bytes)
[13:36:23] - [14] MIRKO.POZEN: Répertoire en Cours: D:\kerberos.htx\elasticsearch-7.14.0\jdk\include\win32\
[13:36:23] - [14] MIRKO.POZEN: Début d'Upload de D:\kerberos.htx\elasticsearch-7.14.0\jdk\include\win32\jawt_md.h
[13:36:23] - [14] MIRKO.POZEN: Fichier Upload: D:\kerberos.htx\elasticsearch-7.14.0\jdk\include\win32\jawt_md.h (1,91 K/S -   1 954 bytes)
[13:36:23] - [14] MIRKO.POZEN: Début d'Upload de D:\kerberos.htx\elasticsearch-7.14.0\jdk\include\win32\jni_md.h
[13:36:23] - [14] MIRKO.POZEN: Fichier Upload: D:\kerberos.htx\elasticsearch-7.14.0\jdk\include\win32\jni_md.h (1,58 K/S -   1 620 bytes)
[13:36:23] - [14] MIRKO.POZEN: Répertoire en Cours: D:\kerberos.htx\elasticsearch-7.14.0\jdk\jmods\
[13:36:23] - [14] MIRKO.POZEN: Début d'Upload de D:\kerberos.htx\elasticsearch-7.14.0\jdk\jmods\java.base.jmod
[13:36:35] - [14] MIRKO.POZEN: Fichier Upload: D:\kerberos.htx\elasticsearch-7.14.0\jdk\jmods\java.base.jmod (1 581,00 K/S -  19 427 907 bytes)
[13:36:35] - [14] MIRKO.POZEN: Début d'Upload de D:\kerberos.htx\elasticsearch-7.14.0\jdk\jmods\java.compiler.jmod
[13:36:36] - [14] MIRKO.POZEN: Fichier Upload: D:\kerberos.htx\elasticsearch-7.14.0\jdk\jmods\java.compiler.jmod (127,68 K/S -   130 746 bytes)
[13:36:36] - [14] MIRKO.POZEN: Début d'Upload de D:\kerberos.htx\elasticsearch-7.14.0\jdk\jmods\java.datatransfer.jmod
[13:36:36] - [14] MIRKO.POZEN: Fichier Upload: D:\kerberos.htx\elasticsearch-7.14.0\jdk\jmods\java.datatransfer.jmod (57,66 K/S -   59 045 bytes)
[13:36:36] - [14] MIRKO.POZEN: Début d'Upload de D:\kerberos.htx\elasticsearch-7.14.0\jdk\jmods\java.desktop.jmod
[13:36:44] - [14] MIRKO.POZEN: Fichier Upload: D:\kerberos.htx\elasticsearch-7.14.0\jdk\jmods\java.desktop.jmod (1 525,50 K/S -  12 496 950 bytes)
[13:36:44] - [14] MIRKO.POZEN: Début d'Upload de D:\kerberos.htx\elasticsearch-7.14.0\jdk\jmods\java.instrument.jmod
[13:36:44] - [14] MIRKO.POZEN: Fichier Upload: D:\kerberos.htx\elasticsearch-7.14.0\jdk\jmods\java.instrument.jmod (43,24 K/S -   44 282 bytes)
[13:36:44] - [14] MIRKO.POZEN: Début d'Upload de D:\kerberos.htx\elasticsearch-7.14.0\jdk\jmods\java.logging.jmod
[13:36:44] - [14] MIRKO.POZEN: Fichier Upload: D:\kerberos.htx\elasticsearch-7.14.0\jdk\jmods\java.logging.jmod (125,05 K/S -   128 049 bytes)
[13:36:44] - [14] MIRKO.POZEN: Début d'Upload de D:\kerberos.htx\elasticsearch-7.14.0\jdk\jmods\java.management.jmod
[13:36:45] - [14] MIRKO.POZEN: Fichier Upload: D:\kerberos.htx\elasticsearch-7.14.0\jdk\jmods\java.management.jmod (878,69 K/S -   899 783 bytes)
[13:36:45] - [14] MIRKO.POZEN: Début d'Upload de D:\kerberos.htx\elasticsearch-7.14.0\jdk\jmods\java.management.rmi.jmod
[13:36:45] - [14] MIRKO.POZEN: Fichier Upload: D:\kerberos.htx\elasticsearch-7.14.0\jdk\jmods\java.management.rmi.jmod (97,44 K/S -   99 778 bytes)
[13:36:45] - [14] MIRKO.POZEN: Début d'Upload de D:\kerberos.htx\elasticsearch-7.14.0\jdk\jmods\java.naming.jmod
[13:36:45] - [14] MIRKO.POZEN: Fichier Upload: D:\kerberos.htx\elasticsearch-7.14.0\jdk\jmods\java.naming.jmod (463,89 K/S -   475 021 bytes)
[13:36:45] - [14] MIRKO.POZEN: Début d'Upload de D:\kerberos.htx\elasticsearch-7.14.0\jdk\jmods\java.net.http.jmod
[13:36:46] - [14] MIRKO.POZEN: Fichier Upload: D:\kerberos.htx\elasticsearch-7.14.0\jdk\jmods\java.net.http.jmod (723,41 K/S -   740 768 bytes)
[13:36:46] - [14] MIRKO.POZEN: Début d'Upload de D:\kerberos.htx\elasticsearch-7.14.0\jdk\jmods\java.prefs.jmod
[13:36:46] - [14] MIRKO.POZEN: Fichier Upload: D:\kerberos.htx\elasticsearch-7.14.0\jdk\jmods\java.prefs.jmod (56,36 K/S -   57 717 bytes)
[13:36:46] - [14] MIRKO.POZEN: Début d'Upload de D:\kerberos.htx\elasticsearch-7.14.0\jdk\jmods\java.rmi.jmod
[13:36:46] - [14] MIRKO.POZEN: Fichier Upload: D:\kerberos.htx\elasticsearch-7.14.0\jdk\jmods\java.rmi.jmod (384,47 K/S -   393 693 bytes)
[13:36:46] - [14] MIRKO.POZEN: Début d'Upload de D:\kerberos.htx\elasticsearch-7.14.0\jdk\jmods\java.scripting.jmod
[13:36:46] - [14] MIRKO.POZEN: Fichier Upload: D:\kerberos.htx\elasticsearch-7.14.0\jdk\jmods\java.scripting.jmod (47,46 K/S -   48 604 bytes)
[13:36:46] - [14] MIRKO.POZEN: Début d'Upload de D:\kerberos.htx\elasticsearch-7.14.0\jdk\jmods\java.se.jmod
[13:36:46] - [14] MIRKO.POZEN: Fichier Upload: D:\kerberos.htx\elasticsearch-7.14.0\jdk\jmods\java.se.jmod (9,63 K/S -   9 857 bytes)
[13:36:47] - [14] MIRKO.POZEN: Début d'Upload de D:\kerberos.htx\elasticsearch-7.14.0\jdk\jmods\java.security.jgss.jmod
[13:36:47] - [14] MIRKO.POZEN: Fichier Upload: D:\kerberos.htx\elasticsearch-7.14.0\jdk\jmods\java.security.jgss.jmod (663,37 K/S -   679 295 bytes)
[13:36:47] - [14] MIRKO.POZEN: Début d'Upload de D:\kerberos.htx\elasticsearch-7.14.0\jdk\jmods\java.security.sasl.jmod
[13:36:47] - [14] MIRKO.POZEN: Fichier Upload: D:\kerberos.htx\elasticsearch-7.14.0\jdk\jmods\java.security.sasl.jmod (87,25 K/S -   89 340 bytes)
[13:36:47] - [14] MIRKO.POZEN: Début d'Upload de D:\kerberos.htx\elasticsearch-7.14.0\jdk\jmods\java.smartcardio.jmod
[13:36:47] - [14] MIRKO.POZEN: Fichier Upload: D:\kerberos.htx\elasticsearch-7.14.0\jdk\jmods\java.smartcardio.jmod (60,29 K/S -   61 736 bytes)
[13:36:48] - [14] MIRKO.POZEN: Début d'Upload de D:\kerberos.htx\elasticsearch-7.14.0\jdk\jmods\java.sql.jmod
[13:36:48] - [14] MIRKO.POZEN: Fichier Upload: D:\kerberos.htx\elasticsearch-7.14.0\jdk\jmods\java.sql.jmod (81,71 K/S -   83 668 bytes)
[13:36:48] - [14] MIRKO.POZEN: Début d'Upload de D:\kerberos.htx\elasticsearch-7.14.0\jdk\jmods\java.sql.rowset.jmod
[13:36:48] - [14] MIRKO.POZEN: Fichier Upload: D:\kerberos.htx\elasticsearch-7.14.0\jdk\jmods\java.sql.rowset.jmod (216,04 K/S -   221 225 bytes)
[13:36:48] - [14] MIRKO.POZEN: Début d'Upload de D:\kerberos.htx\elasticsearch-7.14.0\jdk\jmods\java.transaction.xa.jmod
[13:36:48] - [14] MIRKO.POZEN: Fichier Upload: D:\kerberos.htx\elasticsearch-7.14.0\jdk\jmods\java.transaction.xa.jmod (11,41 K/S -   11 685 bytes)
[13:36:48] - [14] MIRKO.POZEN: Début d'Upload de D:\kerberos.htx\elasticsearch-7.14.0\jdk\jmods\java.xml.crypto.jmod
[13:36:49] - [14] MIRKO.POZEN: Fichier Upload: D:\kerberos.htx\elasticsearch-7.14.0\jdk\jmods\java.xml.crypto.jmod (668,32 K/S -   684 363 bytes)
[13:36:49] - [14] MIRKO.POZEN: Début d'Upload de D:\kerberos.htx\elasticsearch-7.14.0\jdk\jmods\java.xml.jmod
[13:36:52] - [14] MIRKO.POZEN: Fichier Upload: D:\kerberos.htx\elasticsearch-7.14.0\jdk\jmods\java.xml.jmod (1 690,50 K/S -  5 193 114 bytes)
[13:36:52] - [14] MIRKO.POZEN: Début d'Upload de D:\kerberos.htx\elasticsearch-7.14.0\jdk\jmods\jdk.accessibility.jmod
[13:36:52] - [14] MIRKO.POZEN: Fichier Upload: D:\kerberos.htx\elasticsearch-7.14.0\jdk\jmods\jdk.accessibility.jmod (491,93 K/S -   503 736 bytes)
[13:36:52] - [14] MIRKO.POZEN: Début d'Upload de D:\kerberos.htx\elasticsearch-7.14.0\jdk\jmods\jdk.aot.jmod
[13:36:52] - [14] MIRKO.POZEN: Fichier Upload: D:\kerberos.htx\elasticsearch-7.14.0\jdk\jmods\jdk.aot.jmod (283,99 K/S -   290 801 bytes)
[13:36:52] - [14] MIRKO.POZEN: Début d'Upload de D:\kerberos.htx\elasticsearch-7.14.0\jdk\jmods\jdk.attach.jmod
[13:36:52] - [14] MIRKO.POZEN: Fichier Upload: D:\kerberos.htx\elasticsearch-7.14.0\jdk\jmods\jdk.attach.jmod (40,68 K/S -   41 652 bytes)
[13:36:53] - [14] MIRKO.POZEN: Début d'Upload de D:\kerberos.htx\elasticsearch-7.14.0\jdk\jmods\jdk.charsets.jmod
[13:36:53] - [14] MIRKO.POZEN: Fichier Upload: D:\kerberos.htx\elasticsearch-7.14.0\jdk\jmods\jdk.charsets.jmod (1 271,40 K/S -  1 301 956 bytes)
[13:36:53] - [14] MIRKO.POZEN: Début d'Upload de D:\kerberos.htx\elasticsearch-7.14.0\jdk\jmods\jdk.compiler.jmod
[13:36:59] - [14] MIRKO.POZEN: Fichier Upload: D:\kerberos.htx\elasticsearch-7.14.0\jdk\jmods\jdk.compiler.jmod (1 696,90 K/S -  8 687 924 bytes)
[13:36:59] - [14] MIRKO.POZEN: Début d'Upload de D:\kerberos.htx\elasticsearch-7.14.0\jdk\jmods\jdk.crypto.cryptoki.jmod
[13:36:59] - [14] MIRKO.POZEN: Fichier Upload: D:\kerberos.htx\elasticsearch-7.14.0\jdk\jmods\jdk.crypto.cryptoki.jmod (354,64 K/S -   363 153 bytes)
[13:36:59] - [14] MIRKO.POZEN: Début d'Upload de D:\kerberos.htx\elasticsearch-7.14.0\jdk\jmods\jdk.crypto.ec.jmod
[13:36:59] - [14] MIRKO.POZEN: Fichier Upload: D:\kerberos.htx\elasticsearch-7.14.0\jdk\jmods\jdk.crypto.ec.jmod (133,49 K/S -   136 694 bytes)
[13:36:59] - [14] MIRKO.POZEN: Début d'Upload de D:\kerberos.htx\elasticsearch-7.14.0\jdk\jmods\jdk.crypto.mscapi.jmod
[13:36:59] - [14] MIRKO.POZEN: Fichier Upload: D:\kerberos.htx\elasticsearch-7.14.0\jdk\jmods\jdk.crypto.mscapi.jmod (79,35 K/S -   81 259 bytes)
[13:37:00] - [14] MIRKO.POZEN: Début d'Upload de D:\kerberos.htx\elasticsearch-7.14.0\jdk\jmods\jdk.dynalink.jmod
[13:37:00] - [14] MIRKO.POZEN: Fichier Upload: D:\kerberos.htx\elasticsearch-7.14.0\jdk\jmods\jdk.dynalink.jmod (160,89 K/S -   164 752 bytes)
[13:37:00] - [14] MIRKO.POZEN: Début d'Upload de D:\kerberos.htx\elasticsearch-7.14.0\jdk\jmods\jdk.editpad.jmod
[13:37:00] - [14] MIRKO.POZEN: Fichier Upload: D:\kerberos.htx\elasticsearch-7.14.0\jdk\jmods\jdk.editpad.jmod (14,94 K/S -   15 296 bytes)
[13:37:00] - [14] MIRKO.POZEN: Début d'Upload de D:\kerberos.htx\elasticsearch-7.14.0\jdk\jmods\jdk.hotspot.agent.jmod
[13:37:02] - [14] MIRKO.POZEN: Fichier Upload: D:\kerberos.htx\elasticsearch-7.14.0\jdk\jmods\jdk.hotspot.agent.jmod (1 084,80 K/S -  2 221 634 bytes)
[13:37:02] - [14] MIRKO.POZEN: Début d'Upload de D:\kerberos.htx\elasticsearch-7.14.0\jdk\jmods\jdk.httpserver.jmod
[13:37:02] - [14] MIRKO.POZEN: Fichier Upload: D:\kerberos.htx\elasticsearch-7.14.0\jdk\jmods\jdk.httpserver.jmod (106,58 K/S -   109 141 bytes)
[13:37:02] - [14] MIRKO.POZEN: Début d'Upload de D:\kerberos.htx\elasticsearch-7.14.0\jdk\jmods\jdk.incubator.foreign.jmod
[13:37:02] - [14] MIRKO.POZEN: Fichier Upload: D:\kerberos.htx\elasticsearch-7.14.0\jdk\jmods\jdk.incubator.foreign.jmod (283,01 K/S -   289 803 bytes)
[13:37:02] - [14] MIRKO.POZEN: Début d'Upload de D:\kerberos.htx\elasticsearch-7.14.0\jdk\jmods\jdk.incubator.vector.jmod
[13:37:02] - [14] MIRKO.POZEN: Fichier Upload: D:\kerberos.htx\elasticsearch-7.14.0\jdk\jmods\jdk.incubator.vector.jmod (706,21 K/S -   723 155 bytes)
[13:37:02] - [14] MIRKO.POZEN: Début d'Upload de D:\kerberos.htx\elasticsearch-7.14.0\jdk\jmods\jdk.internal.ed.jmod
[13:37:02] - [14] MIRKO.POZEN: Fichier Upload: D:\kerberos.htx\elasticsearch-7.14.0\jdk\jmods\jdk.internal.ed.jmod (14,81 K/S -   15 167 bytes)
[13:37:03] - [14] MIRKO.POZEN: Début d'Upload de D:\kerberos.htx\elasticsearch-7.14.0\jdk\jmods\jdk.internal.jvmstat.jmod
[13:37:03] - [14] MIRKO.POZEN: Fichier Upload: D:\kerberos.htx\elasticsearch-7.14.0\jdk\jmods\jdk.internal.jvmstat.jmod (96,50 K/S -   98 813 bytes)
[13:37:03] - [14] MIRKO.POZEN: Début d'Upload de D:\kerberos.htx\elasticsearch-7.14.0\jdk\jmods\jdk.internal.le.jmod
[13:37:03] - [14] MIRKO.POZEN: Fichier Upload: D:\kerberos.htx\elasticsearch-7.14.0\jdk\jmods\jdk.internal.le.jmod (417,99 K/S -   428 024 bytes)
[13:37:03] - [14] MIRKO.POZEN: Début d'Upload de D:\kerberos.htx\elasticsearch-7.14.0\jdk\jmods\jdk.internal.opt.jmod
[13:37:03] - [14] MIRKO.POZEN: Fichier Upload: D:\kerberos.htx\elasticsearch-7.14.0\jdk\jmods\jdk.internal.opt.jmod (88,45 K/S -   90 573 bytes)
[13:37:03] - [14] MIRKO.POZEN: Début d'Upload de D:\kerberos.htx\elasticsearch-7.14.0\jdk\jmods\jdk.internal.vm.ci.jmod
[13:37:04] - [14] MIRKO.POZEN: Fichier Upload: D:\kerberos.htx\elasticsearch-7.14.0\jdk\jmods\jdk.internal.vm.ci.jmod (442,85 K/S -   453 475 bytes)
[13:37:04] - [14] MIRKO.POZEN: Début d'Upload de D:\kerberos.htx\elasticsearch-7.14.0\jdk\jmods\jdk.internal.vm.compiler.jmod
[13:37:08] - [14] MIRKO.POZEN: Fichier Upload: D:\kerberos.htx\elasticsearch-7.14.0\jdk\jmods\jdk.internal.vm.compiler.jmod (1 674,50 K/S -  6 858 548 bytes)
[13:37:08] - [14] MIRKO.POZEN: Début d'Upload de D:\kerberos.htx\elasticsearch-7.14.0\jdk\jmods\jdk.internal.vm.compiler.management.jmod
[13:37:08] - [14] MIRKO.POZEN: Fichier Upload: D:\kerberos.htx\elasticsearch-7.14.0\jdk\jmods\jdk.internal.vm.compiler.management.jmod (19,48 K/S -   19 951 bytes)
[13:37:08] - [14] MIRKO.POZEN: Début d'Upload de D:\kerberos.htx\elasticsearch-7.14.0\jdk\jmods\jdk.jartool.jmod
[13:37:08] - [14] MIRKO.POZEN: Fichier Upload: D:\kerberos.htx\elasticsearch-7.14.0\jdk\jmods\jdk.jartool.jmod (242,07 K/S -   247 877 bytes)
[13:37:08] - [14] MIRKO.POZEN: Début d'Upload de D:\kerberos.htx\elasticsearch-7.14.0\jdk\jmods\jdk.javadoc.jmod
[13:37:09] - [14] MIRKO.POZEN: Fichier Upload: D:\kerberos.htx\elasticsearch-7.14.0\jdk\jmods\jdk.javadoc.jmod (1 299,50 K/S -  1 330 706 bytes)
[13:37:09] - [14] MIRKO.POZEN: Début d'Upload de D:\kerberos.htx\elasticsearch-7.14.0\jdk\jmods\jdk.jcmd.jmod
[13:37:09] - [14] MIRKO.POZEN: Fichier Upload: D:\kerberos.htx\elasticsearch-7.14.0\jdk\jmods\jdk.jcmd.jmod (126,98 K/S -   130 023 bytes)
[13:37:10] - [14] MIRKO.POZEN: Début d'Upload de D:\kerberos.htx\elasticsearch-7.14.0\jdk\jmods\jdk.jconsole.jmod
[13:37:10] - [14] MIRKO.POZEN: Fichier Upload: D:\kerberos.htx\elasticsearch-7.14.0\jdk\jmods\jdk.jconsole.jmod (463,98 K/S -   475 120 bytes)
[13:37:10] - [14] MIRKO.POZEN: Début d'Upload de D:\kerberos.htx\elasticsearch-7.14.0\jdk\jmods\jdk.jdeps.jmod
[13:37:10] - [14] MIRKO.POZEN: Fichier Upload: D:\kerberos.htx\elasticsearch-7.14.0\jdk\jmods\jdk.jdeps.jmod (725,69 K/S -   743 108 bytes)
[13:37:10] - [14] MIRKO.POZEN: Début d'Upload de D:\kerberos.htx\elasticsearch-7.14.0\jdk\jmods\jdk.jdi.jmod
[13:37:11] - [14] MIRKO.POZEN: Fichier Upload: D:\kerberos.htx\elasticsearch-7.14.0\jdk\jmods\jdk.jdi.jmod (852,19 K/S -   872 647 bytes)
[13:37:11] - [14] MIRKO.POZEN: Début d'Upload de D:\kerberos.htx\elasticsearch-7.14.0\jdk\jmods\jdk.jdwp.agent.jmod
[13:37:11] - [14] MIRKO.POZEN: Fichier Upload: D:\kerberos.htx\elasticsearch-7.14.0\jdk\jmods\jdk.jdwp.agent.jmod (125,25 K/S -   128 253 bytes)
[13:37:11] - [14] MIRKO.POZEN: Début d'Upload de D:\kerberos.htx\elasticsearch-7.14.0\jdk\jmods\jdk.jfr.jmod
[13:37:11] - [14] MIRKO.POZEN: Fichier Upload: D:\kerberos.htx\elasticsearch-7.14.0\jdk\jmods\jdk.jfr.jmod (550,39 K/S -   563 600 bytes)
[13:37:11] - [14] MIRKO.POZEN: Début d'Upload de D:\kerberos.htx\elasticsearch-7.14.0\jdk\jmods\jdk.jlink.jmod
[13:37:12] - [14] MIRKO.POZEN: Fichier Upload: D:\kerberos.htx\elasticsearch-7.14.0\jdk\jmods\jdk.jlink.jmod (391,33 K/S -   400 719 bytes)
[13:37:12] - [14] MIRKO.POZEN: Début d'Upload de D:\kerberos.htx\elasticsearch-7.14.0\jdk\jmods\jdk.jpackage.jmod
[13:37:12] - [14] MIRKO.POZEN: Fichier Upload: D:\kerberos.htx\elasticsearch-7.14.0\jdk\jmods\jdk.jpackage.jmod (921,26 K/S -   943 373 bytes)
[13:37:12] - [14] MIRKO.POZEN: Début d'Upload de D:\kerberos.htx\elasticsearch-7.14.0\jdk\jmods\jdk.jshell.jmod
[13:37:13] - [14] MIRKO.POZEN: Fichier Upload: D:\kerberos.htx\elasticsearch-7.14.0\jdk\jmods\jdk.jshell.jmod (660,84 K/S -   676 699 bytes)
[13:37:13] - [14] MIRKO.POZEN: Début d'Upload de D:\kerberos.htx\elasticsearch-7.14.0\jdk\jmods\jdk.jsobject.jmod
[13:37:13] - [14] MIRKO.POZEN: Fichier Upload: D:\kerberos.htx\elasticsearch-7.14.0\jdk\jmods\jdk.jsobject.jmod (10,50 K/S -   10 748 bytes)
[13:37:13] - [14] MIRKO.POZEN: Début d'Upload de D:\kerberos.htx\elasticsearch-7.14.0\jdk\jmods\jdk.jstatd.jmod
[13:37:13] - [14] MIRKO.POZEN: Fichier Upload: D:\kerberos.htx\elasticsearch-7.14.0\jdk\jmods\jdk.jstatd.jmod (36,15 K/S -   37 016 bytes)
[13:37:13] - [14] MIRKO.POZEN: Début d'Upload de D:\kerberos.htx\elasticsearch-7.14.0\jdk\jmods\jdk.localedata.jmod
[13:37:19] - [14] MIRKO.POZEN: Fichier Upload: D:\kerberos.htx\elasticsearch-7.14.0\jdk\jmods\jdk.localedata.jmod (1 674,60 K/S -  10 288 898 bytes)
[13:37:19] - [14] MIRKO.POZEN: Début d'Upload de D:\kerberos.htx\elasticsearch-7.14.0\jdk\jmods\jdk.management.agent.jmod
[13:37:20] - [14] MIRKO.POZEN: Fichier Upload: D:\kerberos.htx\elasticsearch-7.14.0\jdk\jmods\jdk.management.agent.jmod (98,84 K/S -   101 217 bytes)
[13:37:20] - [14] MIRKO.POZEN: Début d'Upload de D:\kerberos.htx\elasticsearch-7.14.0\jdk\jmods\jdk.management.jfr.jmod
[13:37:20] - [14] MIRKO.POZEN: Fichier Upload: D:\kerberos.htx\elasticsearch-7.14.0\jdk\jmods\jdk.management.jfr.jmod (56,68 K/S -   58 039 bytes)
[13:37:20] - [14] MIRKO.POZEN: Début d'Upload de D:\kerberos.htx\elasticsearch-7.14.0\jdk\jmods\jdk.management.jmod
[13:37:20] - [14] MIRKO.POZEN: Fichier Upload: D:\kerberos.htx\elasticsearch-7.14.0\jdk\jmods\jdk.management.jmod (70,77 K/S -   72 471 bytes)
[13:37:20] - [14] MIRKO.POZEN: Début d'Upload de D:\kerberos.htx\elasticsearch-7.14.0\jdk\jmods\jdk.naming.dns.jmod
[13:37:20] - [14] MIRKO.POZEN: Fichier Upload: D:\kerberos.htx\elasticsearch-7.14.0\jdk\jmods\jdk.naming.dns.jmod (66,15 K/S -   67 733 bytes)
[13:37:20] - [14] MIRKO.POZEN: Début d'Upload de D:\kerberos.htx\elasticsearch-7.14.0\jdk\jmods\jdk.naming.rmi.jmod
[13:37:20] - [14] MIRKO.POZEN: Fichier Upload: D:\kerberos.htx\elasticsearch-7.14.0\jdk\jmods\jdk.naming.rmi.jmod (25,99 K/S -   26 611 bytes)
[13:37:21] - [14] MIRKO.POZEN: Début d'Upload de D:\kerberos.htx\elasticsearch-7.14.0\jdk\jmods\jdk.net.jmod
[13:37:21] - [14] MIRKO.POZEN: Fichier Upload: D:\kerberos.htx\elasticsearch-7.14.0\jdk\jmods\jdk.net.jmod (25,14 K/S -   25 741 bytes)
[13:37:21] - [14] MIRKO.POZEN: Début d'Upload de D:\kerberos.htx\elasticsearch-7.14.0\jdk\jmods\jdk.nio.mapmode.jmod
[13:37:21] - [14] MIRKO.POZEN: Fichier Upload: D:\kerberos.htx\elasticsearch-7.14.0\jdk\jmods\jdk.nio.mapmode.jmod (9,98 K/S -   10 223 bytes)
[13:37:21] - [14] MIRKO.POZEN: Début d'Upload de D:\kerberos.htx\elasticsearch-7.14.0\jdk\jmods\jdk.sctp.jmod
[13:37:21] - [14] MIRKO.POZEN: Fichier Upload: D:\kerberos.htx\elasticsearch-7.14.0\jdk\jmods\jdk.sctp.jmod (30,49 K/S -   31 220 bytes)
[13:37:21] - [14] MIRKO.POZEN: Début d'Upload de D:\kerberos.htx\elasticsearch-7.14.0\jdk\jmods\jdk.security.auth.jmod
[13:37:21] - [14] MIRKO.POZEN: Fichier Upload: D:\kerberos.htx\elasticsearch-7.14.0\jdk\jmods\jdk.security.auth.jmod (76,65 K/S -   78 494 bytes)
[13:37:21] - [14] MIRKO.POZEN: Début d'Upload de D:\kerberos.htx\elasticsearch-7.14.0\jdk\jmods\jdk.security.jgss.jmod
[13:37:22] - [14] MIRKO.POZEN: Fichier Upload: D:\kerberos.htx\elasticsearch-7.14.0\jdk\jmods\jdk.security.jgss.jmod (32,17 K/S -   32 942 bytes)
[13:37:22] - [14] MIRKO.POZEN: Début d'Upload de D:\kerberos.htx\elasticsearch-7.14.0\jdk\jmods\jdk.unsupported.desktop.jmod
[13:37:22] - [14] MIRKO.POZEN: Fichier Upload: D:\kerberos.htx\elasticsearch-7.14.0\jdk\jmods\jdk.unsupported.desktop.jmod (21,11 K/S -   21 617 bytes)
[13:37:22] - [14] MIRKO.POZEN: Début d'Upload de D:\kerberos.htx\elasticsearch-7.14.0\jdk\jmods\jdk.unsupported.jmod
[13:37:22] - [14] MIRKO.POZEN: Fichier Upload: D:\kerberos.htx\elasticsearch-7.14.0\jdk\jmods\jdk.unsupported.jmod (24,52 K/S -   25 109 bytes)
[13:37:22] - [14] MIRKO.POZEN: Début d'Upload de D:\kerberos.htx\elasticsearch-7.14.0\jdk\jmods\jdk.xml.dom.jmod
[13:37:22] - [14] MIRKO.POZEN: Fichier Upload: D:\kerberos.htx\elasticsearch-7.14.0\jdk\jmods\jdk.xml.dom.jmod (48,80 K/S -   49 972 bytes)
[13:37:22] - [14] MIRKO.POZEN: Début d'Upload de D:\kerberos.htx\elasticsearch-7.14.0\jdk\jmods\jdk.zipfs.jmod
[13:37:22] - [14] MIRKO.POZEN: Fichier Upload: D:\kerberos.htx\elasticsearch-7.14.0\jdk\jmods\jdk.zipfs.jmod (107,82 K/S -   110 408 bytes)
[13:37:23] - [14] MIRKO.POZEN: Répertoire en Cours: D:\kerberos.htx\elasticsearch-7.14.0\jdk\legal\java.base\
[13:37:23] - [14] MIRKO.POZEN: Début d'Upload de D:\kerberos.htx\elasticsearch-7.14.0\jdk\legal\java.base\ADDITIONAL_LICENSE_INFO
[13:37:23] - [14] MIRKO.POZEN: Fichier Upload: D:\kerberos.htx\elasticsearch-7.14.0\jdk\legal\java.base\ADDITIONAL_LICENSE_INFO (2,06 K/S -   2 114 bytes)
[13:37:23] - [14] MIRKO.POZEN: Début d'Upload de D:\kerberos.htx\elasticsearch-7.14.0\jdk\legal\java.base\aes.md
[13:37:23] - [14] MIRKO.POZEN: Fichier Upload: D:\kerberos.htx\elasticsearch-7.14.0\jdk\legal\java.base\aes.md (1,41 K/S -   1 444 bytes)
[13:37:23] - [14] MIRKO.POZEN: Début d'Upload de D:\kerberos.htx\elasticsearch-7.14.0\jdk\legal\java.base\asm.md
[13:37:23] - [14] MIRKO.POZEN: Fichier Upload: D:\kerberos.htx\elasticsearch-7.14.0\jdk\legal\java.base\asm.md (1,55 K/S -   1 584 bytes)
[13:37:23] - [14] MIRKO.POZEN: Début d'Upload de D:\kerberos.htx\elasticsearch-7.14.0\jdk\legal\java.base\ASSEMBLY_EXCEPTION
[13:37:23] - [14] MIRKO.POZEN: Fichier Upload: D:\kerberos.htx\elasticsearch-7.14.0\jdk\legal\java.base\ASSEMBLY_EXCEPTION (1,49 K/S -   1 522 bytes)
[13:37:24] - [14] MIRKO.POZEN: Début d'Upload de D:\kerberos.htx\elasticsearch-7.14.0\jdk\legal\java.base\c-libutl.md
[13:37:24] - [14] MIRKO.POZEN: Fichier Upload: D:\kerberos.htx\elasticsearch-7.14.0\jdk\legal\java.base\c-libutl.md (1,52 K/S -   1 556 bytes)
[13:37:24] - [14] MIRKO.POZEN: Début d'Upload de D:\kerberos.htx\elasticsearch-7.14.0\jdk\legal\java.base\cldr.md
[13:37:24] - [14] MIRKO.POZEN: Fichier Upload: D:\kerberos.htx\elasticsearch-7.14.0\jdk\legal\java.base\cldr.md (8,92 K/S -   9 130 bytes)
[13:37:24] - [14] MIRKO.POZEN: Début d'Upload de D:\kerberos.htx\elasticsearch-7.14.0\jdk\legal\java.base\icu.md
[13:37:24] - [14] MIRKO.POZEN: Fichier Upload: D:\kerberos.htx\elasticsearch-7.14.0\jdk\legal\java.base\icu.md (10,83 K/S -   11 086 bytes)
[13:37:24] - [14] MIRKO.POZEN: Début d'Upload de D:\kerberos.htx\elasticsearch-7.14.0\jdk\legal\java.base\LICENSE
[13:37:24] - [14] MIRKO.POZEN: Fichier Upload: D:\kerberos.htx\elasticsearch-7.14.0\jdk\legal\java.base\LICENSE (18,82 K/S -   19 274 bytes)
[13:37:25] - [14] MIRKO.POZEN: Début d'Upload de D:\kerberos.htx\elasticsearch-7.14.0\jdk\legal\java.base\public_suffix.md
[13:37:25] - [14] MIRKO.POZEN: Fichier Upload: D:\kerberos.htx\elasticsearch-7.14.0\jdk\legal\java.base\public_suffix.md (17,37 K/S -   17 785 bytes)
[13:37:25] - [14] MIRKO.POZEN: Début d'Upload de D:\kerberos.htx\elasticsearch-7.14.0\jdk\legal\java.base\unicode.md
[13:37:25] - [14] MIRKO.POZEN: Fichier Upload: D:\kerberos.htx\elasticsearch-7.14.0\jdk\legal\java.base\unicode.md (2,33 K/S -   2 384 bytes)
[13:37:25] - [14] MIRKO.POZEN: Début d'Upload de D:\kerberos.htx\elasticsearch-7.14.0\jdk\legal\java.base\zlib.md
[13:37:25] - [14] MIRKO.POZEN: Fichier Upload: D:\kerberos.htx\elasticsearch-7.14.0\jdk\legal\java.base\zlib.md (0,99 K/S -   1 011 bytes)
[13:37:25] - [14] MIRKO.POZEN: Répertoire en Cours: D:\kerberos.htx\elasticsearch-7.14.0\jdk\legal\java.compiler\
[13:37:25] - [14] MIRKO.POZEN: Début d'Upload de D:\kerberos.htx\elasticsearch-7.14.0\jdk\legal\java.compiler\ADDITIONAL_LICENSE_INFO
[13:37:25] - [14] MIRKO.POZEN: Fichier Upload: D:\kerberos.htx\elasticsearch-7.14.0\jdk\legal\java.compiler\ADDITIONAL_LICENSE_INFO (0,05 K/S -    49 bytes)
[13:37:26] - [14] MIRKO.POZEN: Début d'Upload de D:\kerberos.htx\elasticsearch-7.14.0\jdk\legal\java.compiler\ASSEMBLY_EXCEPTION
[13:37:26] - [14] MIRKO.POZEN: Fichier Upload: D:\kerberos.htx\elasticsearch-7.14.0\jdk\legal\java.compiler\ASSEMBLY_EXCEPTION (0,04 K/S -    44 bytes)
[13:37:26] - [14] MIRKO.POZEN: Début d'Upload de D:\kerberos.htx\elasticsearch-7.14.0\jdk\legal\java.compiler\LICENSE
[13:37:26] - [14] MIRKO.POZEN: Fichier Upload: D:\kerberos.htx\elasticsearch-7.14.0\jdk\legal\java.compiler\LICENSE (0,03 K/S -    33 bytes)
[13:37:26] - [14] MIRKO.POZEN: Répertoire en Cours: D:\kerberos.htx\elasticsearch-7.14.0\jdk\legal\java.datatransfer\
[13:37:26] - [14] MIRKO.POZEN: Début d'Upload de D:\kerberos.htx\elasticsearch-7.14.0\jdk\legal\java.datatransfer\ADDITIONAL_LICENSE_INFO
[13:37:26] - [14] MIRKO.POZEN: Fichier Upload: D:\kerberos.htx\elasticsearch-7.14.0\jdk\legal\java.datatransfer\ADDITIONAL_LICENSE_INFO (0,05 K/S -    49 bytes)
[13:37:27] - [14] MIRKO.POZEN: Début d'Upload de D:\kerberos.htx\elasticsearch-7.14.0\jdk\legal\java.datatransfer\ASSEMBLY_EXCEPTION
[13:37:27] - [14] MIRKO.POZEN: Fichier Upload: D:\kerberos.htx\elasticsearch-7.14.0\jdk\legal\java.datatransfer\ASSEMBLY_EXCEPTION (0,04 K/S -    44 bytes)
[13:37:27] - [14] MIRKO.POZEN: Début d'Upload de D:\kerberos.htx\elasticsearch-7.14.0\jdk\legal\java.datatransfer\LICENSE
[13:37:27] - [14] MIRKO.POZEN: Fichier Upload: D:\kerberos.htx\elasticsearch-7.14.0\jdk\legal\java.datatransfer\LICENSE (0,03 K/S -    33 bytes)
[13:37:27] - [14] MIRKO.POZEN: Répertoire en Cours: D:\kerberos.htx\elasticsearch-7.14.0\jdk\legal\java.desktop\
[13:37:27] - [14] MIRKO.POZEN: Début d'Upload de D:\kerberos.htx\elasticsearch-7.14.0\jdk\legal\java.desktop\ADDITIONAL_LICENSE_INFO
[13:37:27] - [14] MIRKO.POZEN: Fichier Upload: D:\kerberos.htx\elasticsearch-7.14.0\jdk\legal\java.desktop\ADDITIONAL_LICENSE_INFO (0,05 K/S -    49 bytes)
[13:37:27] - [14] MIRKO.POZEN: Début d'Upload de D:\kerberos.htx\elasticsearch-7.14.0\jdk\legal\java.desktop\ASSEMBLY_EXCEPTION
[13:37:27] - [14] MIRKO.POZEN: Fichier Upload: D:\kerberos.htx\elasticsearch-7.14.0\jdk\legal\java.desktop\ASSEMBLY_EXCEPTION (0,04 K/S -    44 bytes)
[13:37:28] - [14] MIRKO.POZEN: Début d'Upload de D:\kerberos.htx\elasticsearch-7.14.0\jdk\legal\java.desktop\colorimaging.md
[13:37:28] - [14] MIRKO.POZEN: Fichier Upload: D:\kerberos.htx\elasticsearch-7.14.0\jdk\legal\java.desktop\colorimaging.md (0,16 K/S -    167 bytes)
[13:37:28] - [14] MIRKO.POZEN: Début d'Upload de D:\kerberos.htx\elasticsearch-7.14.0\jdk\legal\java.desktop\freetype.md
[13:37:28] - [14] MIRKO.POZEN: Fichier Upload: D:\kerberos.htx\elasticsearch-7.14.0\jdk\legal\java.desktop\freetype.md (28,11 K/S -   28 780 bytes)
[13:37:28] - [14] MIRKO.POZEN: Début d'Upload de D:\kerberos.htx\elasticsearch-7.14.0\jdk\legal\java.desktop\giflib.md
[13:37:28] - [14] MIRKO.POZEN: Fichier Upload: D:\kerberos.htx\elasticsearch-7.14.0\jdk\legal\java.desktop\giflib.md (1,26 K/S -   1 288 bytes)
[13:37:28] - [14] MIRKO.POZEN: Début d'Upload de D:\kerberos.htx\elasticsearch-7.14.0\jdk\legal\java.desktop\harfbuzz.md
[13:37:28] - [14] MIRKO.POZEN: Fichier Upload: D:\kerberos.htx\elasticsearch-7.14.0\jdk\legal\java.desktop\harfbuzz.md (2,82 K/S -   2 886 bytes)
[13:37:29] - [14] MIRKO.POZEN: Début d'Upload de D:\kerberos.htx\elasticsearch-7.14.0\jdk\legal\java.desktop\jpeg.md
[13:37:29] - [14] MIRKO.POZEN: Fichier Upload: D:\kerberos.htx\elasticsearch-7.14.0\jdk\legal\java.desktop\jpeg.md (3,39 K/S -   3 475 bytes)
[13:37:29] - [14] MIRKO.POZEN: Début d'Upload de D:\kerberos.htx\elasticsearch-7.14.0\jdk\legal\java.desktop\lcms.md
[13:37:29] - [14] MIRKO.POZEN: Fichier Upload: D:\kerberos.htx\elasticsearch-7.14.0\jdk\legal\java.desktop\lcms.md (1,15 K/S -   1 178 bytes)
[13:37:29] - [14] MIRKO.POZEN: Début d'Upload de D:\kerberos.htx\elasticsearch-7.14.0\jdk\legal\java.desktop\libpng.md
[13:37:29] - [14] MIRKO.POZEN: Fichier Upload: D:\kerberos.htx\elasticsearch-7.14.0\jdk\legal\java.desktop\libpng.md (5,27 K/S -   5 398 bytes)
[13:37:29] - [14] MIRKO.POZEN: Début d'Upload de D:\kerberos.htx\elasticsearch-7.14.0\jdk\legal\java.desktop\LICENSE
[13:37:29] - [14] MIRKO.POZEN: Fichier Upload: D:\kerberos.htx\elasticsearch-7.14.0\jdk\legal\java.desktop\LICENSE (0,03 K/S -    33 bytes)
[13:37:29] - [14] MIRKO.POZEN: Début d'Upload de D:\kerberos.htx\elasticsearch-7.14.0\jdk\legal\java.desktop\mesa3d.md
[13:37:29] - [14] MIRKO.POZEN: Fichier Upload: D:\kerberos.htx\elasticsearch-7.14.0\jdk\legal\java.desktop\mesa3d.md (5,60 K/S -   5 732 bytes)
[13:37:30] - [14] MIRKO.POZEN: Répertoire en Cours: D:\kerberos.htx\elasticsearch-7.14.0\jdk\legal\java.instrument\
[13:37:30] - [14] MIRKO.POZEN: Début d'Upload de D:\kerberos.htx\elasticsearch-7.14.0\jdk\legal\java.instrument\ADDITIONAL_LICENSE_INFO
[13:37:30] - [14] MIRKO.POZEN: Fichier Upload: D:\kerberos.htx\elasticsearch-7.14.0\jdk\legal\java.instrument\ADDITIONAL_LICENSE_INFO (0,05 K/S -    49 bytes)
[13:37:30] - [14] MIRKO.POZEN: Début d'Upload de D:\kerberos.htx\elasticsearch-7.14.0\jdk\legal\java.instrument\ASSEMBLY_EXCEPTION
[13:37:30] - [14] MIRKO.POZEN: Fichier Upload: D:\kerberos.htx\elasticsearch-7.14.0\jdk\legal\java.instrument\ASSEMBLY_EXCEPTION (0,04 K/S -    44 bytes)
[13:37:30] - [14] MIRKO.POZEN: Début d'Upload de D:\kerberos.htx\elasticsearch-7.14.0\jdk\legal\java.instrument\LICENSE
[13:37:30] - [14] MIRKO.POZEN: Fichier Upload: D:\kerberos.htx\elasticsearch-7.14.0\jdk\legal\java.instrument\LICENSE (0,03 K/S -    33 bytes)
[13:37:31] - [14] MIRKO.POZEN: Répertoire en Cours: D:\kerberos.htx\elasticsearch-7.14.0\jdk\legal\java.logging\
[13:37:31] - [14] MIRKO.POZEN: Début d'Upload de D:\kerberos.htx\elasticsearch-7.14.0\jdk\legal\java.logging\ADDITIONAL_LICENSE_INFO
[13:37:31] - [14] MIRKO.POZEN: Fichier Upload: D:\kerberos.htx\elasticsearch-7.14.0\jdk\legal\java.logging\ADDITIONAL_LICENSE_INFO (0,05 K/S -    49 bytes)
[13:37:31] - [14] MIRKO.POZEN: Début d'Upload de D:\kerberos.htx\elasticsearch-7.14.0\jdk\legal\java.logging\ASSEMBLY_EXCEPTION
[13:37:31] - [14] MIRKO.POZEN: Fichier Upload: D:\kerberos.htx\elasticsearch-7.14.0\jdk\legal\java.logging\ASSEMBLY_EXCEPTION (0,04 K/S -    44 bytes)
[13:37:31] - [14] MIRKO.POZEN: Début d'Upload de D:\kerberos.htx\elasticsearch-7.14.0\jdk\legal\java.logging\LICENSE
[13:37:31] - [14] MIRKO.POZEN: Fichier Upload: D:\kerberos.htx\elasticsearch-7.14.0\jdk\legal\java.logging\LICENSE (0,03 K/S -    33 bytes)
[13:37:31] - [14] MIRKO.POZEN: Répertoire en Cours: D:\kerberos.htx\elasticsearch-7.14.0\jdk\legal\java.management\
[13:37:32] - [14] MIRKO.POZEN: Début d'Upload de D:\kerberos.htx\elasticsearch-7.14.0\jdk\legal\java.management\ADDITIONAL_LICENSE_INFO
[13:37:32] - [14] MIRKO.POZEN: Fichier Upload: D:\kerberos.htx\elasticsearch-7.14.0\jdk\legal\java.management\ADDITIONAL_LICENSE_INFO (0,05 K/S -    49 bytes)
[13:37:32] - [14] MIRKO.POZEN: Début d'Upload de D:\kerberos.htx\elasticsearch-7.14.0\jdk\legal\java.management\ASSEMBLY_EXCEPTION
[13:37:32] - [14] MIRKO.POZEN: Fichier Upload: D:\kerberos.htx\elasticsearch-7.14.0\jdk\legal\java.management\ASSEMBLY_EXCEPTION (0,04 K/S -    44 bytes)
[13:37:32] - [14] MIRKO.POZEN: Début d'Upload de D:\kerberos.htx\elasticsearch-7.14.0\jdk\legal\java.management\LICENSE
[13:37:32] - [14] MIRKO.POZEN: Fichier Upload: D:\kerberos.htx\elasticsearch-7.14.0\jdk\legal\java.management\LICENSE (0,03 K/S -    33 bytes)
[13:37:32] - [14] MIRKO.POZEN: Répertoire en Cours: D:\kerberos.htx\elasticsearch-7.14.0\jdk\legal\java.management.rmi\
[13:37:33] - [14] MIRKO.POZEN: Début d'Upload de D:\kerberos.htx\elasticsearch-7.14.0\jdk\legal\java.management.rmi\ADDITIONAL_LICENSE_INFO
[13:37:33] - [14] MIRKO.POZEN: Fichier Upload: D:\kerberos.htx\elasticsearch-7.14.0\jdk\legal\java.management.rmi\ADDITIONAL_LICENSE_INFO (0,05 K/S -    49 bytes)
[13:37:33] - [14] MIRKO.POZEN: Début d'Upload de D:\kerberos.htx\elasticsearch-7.14.0\jdk\legal\java.management.rmi\ASSEMBLY_EXCEPTION
[13:37:33] - [14] MIRKO.POZEN: Fichier Upload: D:\kerberos.htx\elasticsearch-7.14.0\jdk\legal\java.management.rmi\ASSEMBLY_EXCEPTION (0,04 K/S -    44 bytes)
[13:37:33] - [14] MIRKO.POZEN: Début d'Upload de D:\kerberos.htx\elasticsearch-7.14.0\jdk\legal\java.management.rmi\LICENSE
[13:37:33] - [14] MIRKO.POZEN: Fichier Upload: D:\kerberos.htx\elasticsearch-7.14.0\jdk\legal\java.management.rmi\LICENSE (0,03 K/S -    33 bytes)
[13:37:33] - [14] MIRKO.POZEN: Répertoire en Cours: D:\kerberos.htx\elasticsearch-7.14.0\jdk\legal\java.naming\
[13:37:33] - [14] MIRKO.POZEN: Début d'Upload de D:\kerberos.htx\elasticsearch-7.14.0\jdk\legal\java.naming\ADDITIONAL_LICENSE_INFO
[13:37:33] - [14] MIRKO.POZEN: Fichier Upload: D:\kerberos.htx\elasticsearch-7.14.0\jdk\legal\java.naming\ADDITIONAL_LICENSE_INFO (0,05 K/S -    49 bytes)
[13:37:34] - [14] MIRKO.POZEN: Début d'Upload de D:\kerberos.htx\elasticsearch-7.14.0\jdk\legal\java.naming\ASSEMBLY_EXCEPTION
[13:37:34] - [14] MIRKO.POZEN: Fichier Upload: D:\kerberos.htx\elasticsearch-7.14.0\jdk\legal\java.naming\ASSEMBLY_EXCEPTION (0,04 K/S -    44 bytes)
[13:37:34] - [14] MIRKO.POZEN: Début d'Upload de D:\kerberos.htx\elasticsearch-7.14.0\jdk\legal\java.naming\LICENSE
[13:37:34] - [14] MIRKO.POZEN: Fichier Upload: D:\kerberos.htx\elasticsearch-7.14.0\jdk\legal\java.naming\LICENSE (0,03 K/S -    33 bytes)
[13:37:34] - [14] MIRKO.POZEN: Répertoire en Cours: D:\kerberos.htx\elasticsearch-7.14.0\jdk\legal\java.net.http\
[13:37:34] - [14] MIRKO.POZEN: Début d'Upload de D:\kerberos.htx\elasticsearch-7.14.0\jdk\legal\java.net.http\ADDITIONAL_LICENSE_INFO
[13:37:34] - [14] MIRKO.POZEN: Fichier Upload: D:\kerberos.htx\elasticsearch-7.14.0\jdk\legal\java.net.http\ADDITIONAL_LICENSE_INFO (0,05 K/S -    49 bytes)
[13:37:35] - [14] MIRKO.POZEN: Début d'Upload de D:\kerberos.htx\elasticsearch-7.14.0\jdk\legal\java.net.http\ASSEMBLY_EXCEPTION
[13:37:35] - [14] MIRKO.POZEN: Fichier Upload: D:\kerberos.htx\elasticsearch-7.14.0\jdk\legal\java.net.http\ASSEMBLY_EXCEPTION (0,04 K/S -    44 bytes)
[13:37:35] - [14] MIRKO.POZEN: Début d'Upload de D:\kerberos.htx\elasticsearch-7.14.0\jdk\legal\java.net.http\LICENSE
[13:37:35] - [14] MIRKO.POZEN: Fichier Upload: D:\kerberos.htx\elasticsearch-7.14.0\jdk\legal\java.net.http\LICENSE (0,03 K/S -    33 bytes)
[13:37:35] - [14] MIRKO.POZEN: Répertoire en Cours: D:\kerberos.htx\elasticsearch-7.14.0\jdk\legal\java.prefs\
[13:37:35] - [14] MIRKO.POZEN: Début d'Upload de D:\kerberos.htx\elasticsearch-7.14.0\jdk\legal\java.prefs\ADDITIONAL_LICENSE_INFO
[13:37:35] - [14] MIRKO.POZEN: Fichier Upload: D:\kerberos.htx\elasticsearch-7.14.0\jdk\legal\java.prefs\ADDITIONAL_LICENSE_INFO (0,05 K/S -    49 bytes)
[13:37:35] - [14] MIRKO.POZEN: Début d'Upload de D:\kerberos.htx\elasticsearch-7.14.0\jdk\legal\java.prefs\ASSEMBLY_EXCEPTION
[13:37:35] - [14] MIRKO.POZEN: Fichier Upload: D:\kerberos.htx\elasticsearch-7.14.0\jdk\legal\java.prefs\ASSEMBLY_EXCEPTION (0,04 K/S -    44 bytes)
[13:37:36] - [14] MIRKO.POZEN: Début d'Upload de D:\kerberos.htx\elasticsearch-7.14.0\jdk\legal\java.prefs\LICENSE
[13:37:36] - [14] MIRKO.POZEN: Fichier Upload: D:\kerberos.htx\elasticsearch-7.14.0\jdk\legal\java.prefs\LICENSE (0,03 K/S -    33 bytes)
[13:37:36] - [14] MIRKO.POZEN: Répertoire en Cours: D:\kerberos.htx\elasticsearch-7.14.0\jdk\legal\java.rmi\
[13:37:36] - [14] MIRKO.POZEN: Début d'Upload de D:\kerberos.htx\elasticsearch-7.14.0\jdk\legal\java.rmi\ADDITIONAL_LICENSE_INFO
[13:37:36] - [14] MIRKO.POZEN: Fichier Upload: D:\kerberos.htx\elasticsearch-7.14.0\jdk\legal\java.rmi\ADDITIONAL_LICENSE_INFO (0,05 K/S -    49 bytes)
[13:37:36] - [14] MIRKO.POZEN: Début d'Upload de D:\kerberos.htx\elasticsearch-7.14.0\jdk\legal\java.rmi\ASSEMBLY_EXCEPTION
[13:37:36] - [14] MIRKO.POZEN: Fichier Upload: D:\kerberos.htx\elasticsearch-7.14.0\jdk\legal\java.rmi\ASSEMBLY_EXCEPTION (0,04 K/S -    44 bytes)
[13:37:36] - [14] MIRKO.POZEN: Début d'Upload de D:\kerberos.htx\elasticsearch-7.14.0\jdk\legal\java.rmi\LICENSE
[13:37:37] - [14] MIRKO.POZEN: Fichier Upload: D:\kerberos.htx\elasticsearch-7.14.0\jdk\legal\java.rmi\LICENSE (0,03 K/S -    33 bytes)
[13:37:37] - [14] MIRKO.POZEN: Répertoire en Cours: D:\kerberos.htx\elasticsearch-7.14.0\jdk\legal\java.scripting\
[13:37:37] - [14] MIRKO.POZEN: Début d'Upload de D:\kerberos.htx\elasticsearch-7.14.0\jdk\legal\java.scripting\ADDITIONAL_LICENSE_INFO
[13:37:37] - [14] MIRKO.POZEN: Fichier Upload: D:\kerberos.htx\elasticsearch-7.14.0\jdk\legal\java.scripting\ADDITIONAL_LICENSE_INFO (0,05 K/S -    49 bytes)
[13:37:37] - [14] MIRKO.POZEN: Début d'Upload de D:\kerberos.htx\elasticsearch-7.14.0\jdk\legal\java.scripting\ASSEMBLY_EXCEPTION
[13:37:37] - [14] MIRKO.POZEN: Fichier Upload: D:\kerberos.htx\elasticsearch-7.14.0\jdk\legal\java.scripting\ASSEMBLY_EXCEPTION (0,04 K/S -    44 bytes)
[13:37:37] - [14] MIRKO.POZEN: Début d'Upload de D:\kerberos.htx\elasticsearch-7.14.0\jdk\legal\java.scripting\LICENSE
[13:37:37] - [14] MIRKO.POZEN: Fichier Upload: D:\kerberos.htx\elasticsearch-7.14.0\jdk\legal\java.scripting\LICENSE (0,03 K/S -    33 bytes)
[13:37:38] - [14] MIRKO.POZEN: Répertoire en Cours: D:\kerberos.htx\elasticsearch-7.14.0\jdk\legal\java.se\
[13:37:38] - [14] MIRKO.POZEN: Début d'Upload de D:\kerberos.htx\elasticsearch-7.14.0\jdk\legal\java.se\ADDITIONAL_LICENSE_INFO
[13:37:38] - [14] MIRKO.POZEN: Fichier Upload: D:\kerberos.htx\elasticsearch-7.14.0\jdk\legal\java.se\ADDITIONAL_LICENSE_INFO (0,05 K/S -    49 bytes)
[13:37:38] - [14] MIRKO.POZEN: Début d'Upload de D:\kerberos.htx\elasticsearch-7.14.0\jdk\legal\java.se\ASSEMBLY_EXCEPTION
[13:37:38] - [14] MIRKO.POZEN: Fichier Upload: D:\kerberos.htx\elasticsearch-7.14.0\jdk\legal\java.se\ASSEMBLY_EXCEPTION (0,04 K/S -    44 bytes)
[13:37:38] - [14] MIRKO.POZEN: Début d'Upload de D:\kerberos.htx\elasticsearch-7.14.0\jdk\legal\java.se\LICENSE
[13:37:38] - [14] MIRKO.POZEN: Fichier Upload: D:\kerberos.htx\elasticsearch-7.14.0\jdk\legal\java.se\LICENSE (0,03 K/S -    33 bytes)
[13:37:38] - [14] MIRKO.POZEN: Répertoire en Cours: D:\kerberos.htx\elasticsearch-7.14.0\jdk\legal\java.security.jgss\
[13:37:39] - [14] MIRKO.POZEN: Début d'Upload de D:\kerberos.htx\elasticsearch-7.14.0\jdk\legal\java.security.jgss\ADDITIONAL_LICENSE_INFO
[13:37:39] - [14] MIRKO.POZEN: Fichier Upload: D:\kerberos.htx\elasticsearch-7.14.0\jdk\legal\java.security.jgss\ADDITIONAL_LICENSE_INFO (0,05 K/S -    49 bytes)
[13:37:39] - [14] MIRKO.POZEN: Début d'Upload de D:\kerberos.htx\elasticsearch-7.14.0\jdk\legal\java.security.jgss\ASSEMBLY_EXCEPTION
[13:37:39] - [14] MIRKO.POZEN: Fichier Upload: D:\kerberos.htx\elasticsearch-7.14.0\jdk\legal\java.security.jgss\ASSEMBLY_EXCEPTION (0,04 K/S -    44 bytes)
[13:37:39] - [14] MIRKO.POZEN: Début d'Upload de D:\kerberos.htx\elasticsearch-7.14.0\jdk\legal\java.security.jgss\LICENSE
[13:37:39] - [14] MIRKO.POZEN: Fichier Upload: D:\kerberos.htx\elasticsearch-7.14.0\jdk\legal\java.security.jgss\LICENSE (0,03 K/S -    33 bytes)
[13:37:39] - [14] MIRKO.POZEN: Répertoire en Cours: D:\kerberos.htx\elasticsearch-7.14.0\jdk\legal\java.security.sasl\
[13:37:40] - [14] MIRKO.POZEN: Début d'Upload de D:\kerberos.htx\elasticsearch-7.14.0\jdk\legal\java.security.sasl\ADDITIONAL_LICENSE_INFO
[13:37:40] - [14] MIRKO.POZEN: Fichier Upload: D:\kerberos.htx\elasticsearch-7.14.0\jdk\legal\java.security.sasl\ADDITIONAL_LICENSE_INFO (0,05 K/S -    49 bytes)
[13:37:40] - [14] MIRKO.POZEN: Début d'Upload de D:\kerberos.htx\elasticsearch-7.14.0\jdk\legal\java.security.sasl\ASSEMBLY_EXCEPTION
[13:37:40] - [14] MIRKO.POZEN: Fichier Upload: D:\kerberos.htx\elasticsearch-7.14.0\jdk\legal\java.security.sasl\ASSEMBLY_EXCEPTION (0,04 K/S -    44 bytes)
[13:37:40] - [14] MIRKO.POZEN: Début d'Upload de D:\kerberos.htx\elasticsearch-7.14.0\jdk\legal\java.security.sasl\LICENSE
[13:37:40] - [14] MIRKO.POZEN: Fichier Upload: D:\kerberos.htx\elasticsearch-7.14.0\jdk\legal\java.security.sasl\LICENSE (0,03 K/S -    33 bytes)
[13:37:40] - [14] MIRKO.POZEN: Répertoire en Cours: D:\kerberos.htx\elasticsearch-7.14.0\jdk\legal\java.smartcardio\
[13:37:41] - [14] MIRKO.POZEN: Début d'Upload de D:\kerberos.htx\elasticsearch-7.14.0\jdk\legal\java.smartcardio\ADDITIONAL_LICENSE_INFO
[13:37:41] - [14] MIRKO.POZEN: Fichier Upload: D:\kerberos.htx\elasticsearch-7.14.0\jdk\legal\java.smartcardio\ADDITIONAL_LICENSE_INFO (0,05 K/S -    49 bytes)
[13:37:41] - [14] MIRKO.POZEN: Début d'Upload de D:\kerberos.htx\elasticsearch-7.14.0\jdk\legal\java.smartcardio\ASSEMBLY_EXCEPTION
[13:37:41] - [14] MIRKO.POZEN: Fichier Upload: D:\kerberos.htx\elasticsearch-7.14.0\jdk\legal\java.smartcardio\ASSEMBLY_EXCEPTION (0,04 K/S -    44 bytes)
[13:37:41] - [14] MIRKO.POZEN: Début d'Upload de D:\kerberos.htx\elasticsearch-7.14.0\jdk\legal\java.smartcardio\LICENSE
[13:37:41] - [14] MIRKO.POZEN: Fichier Upload: D:\kerberos.htx\elasticsearch-7.14.0\jdk\legal\java.smartcardio\LICENSE (0,03 K/S -    33 bytes)
[13:37:41] - [14] MIRKO.POZEN: Répertoire en Cours: D:\kerberos.htx\elasticsearch-7.14.0\jdk\legal\java.sql\
[13:37:41] - [14] MIRKO.POZEN: Début d'Upload de D:\kerberos.htx\elasticsearch-7.14.0\jdk\legal\java.sql\ADDITIONAL_LICENSE_INFO
[13:37:41] - [14] MIRKO.POZEN: Fichier Upload: D:\kerberos.htx\elasticsearch-7.14.0\jdk\legal\java.sql\ADDITIONAL_LICENSE_INFO (0,05 K/S -    49 bytes)
[13:37:42] - [14] MIRKO.POZEN: Début d'Upload de D:\kerberos.htx\elasticsearch-7.14.0\jdk\legal\java.sql\ASSEMBLY_EXCEPTION
[13:37:42] - [14] MIRKO.POZEN: Fichier Upload: D:\kerberos.htx\elasticsearch-7.14.0\jdk\legal\java.sql\ASSEMBLY_EXCEPTION (0,04 K/S -    44 bytes)
[13:37:42] - [14] MIRKO.POZEN: Début d'Upload de D:\kerberos.htx\elasticsearch-7.14.0\jdk\legal\java.sql\LICENSE
[13:37:42] - [14] MIRKO.POZEN: Fichier Upload: D:\kerberos.htx\elasticsearch-7.14.0\jdk\legal\java.sql\LICENSE (0,03 K/S -    33 bytes)
[13:37:42] - [14] MIRKO.POZEN: Répertoire en Cours: D:\kerberos.htx\elasticsearch-7.14.0\jdk\legal\java.sql.rowset\
[13:37:42] - [14] MIRKO.POZEN: Début d'Upload de D:\kerberos.htx\elasticsearch-7.14.0\jdk\legal\java.sql.rowset\ADDITIONAL_LICENSE_INFO
[13:37:42] - [14] MIRKO.POZEN: Fichier Upload: D:\kerberos.htx\elasticsearch-7.14.0\jdk\legal\java.sql.rowset\ADDITIONAL_LICENSE_INFO (0,05 K/S -    49 bytes)
[13:37:43] - [14] MIRKO.POZEN: Début d'Upload de D:\kerberos.htx\elasticsearch-7.14.0\jdk\legal\java.sql.rowset\ASSEMBLY_EXCEPTION
[13:37:43] - [14] MIRKO.POZEN: Fichier Upload: D:\kerberos.htx\elasticsearch-7.14.0\jdk\legal\java.sql.rowset\ASSEMBLY_EXCEPTION (0,04 K/S -    44 bytes)
[13:37:43] - [14] MIRKO.POZEN: Début d'Upload de D:\kerberos.htx\elasticsearch-7.14.0\jdk\legal\java.sql.rowset\LICENSE
[13:37:43] - [14] MIRKO.POZEN: Fichier Upload: D:\kerberos.htx\elasticsearch-7.14.0\jdk\legal\java.sql.rowset\LICENSE (0,03 K/S -    33 bytes)
[13:37:43] - [14] MIRKO.POZEN: Répertoire en Cours: D:\kerberos.htx\elasticsearch-7.14.0\jdk\legal\java.transaction.xa\
[13:37:43] - [14] MIRKO.POZEN: Début d'Upload de D:\kerberos.htx\elasticsearch-7.14.0\jdk\legal\java.transaction.xa\ADDITIONAL_LICENSE_INFO
[13:37:43] - [14] MIRKO.POZEN: Fichier Upload: D:\kerberos.htx\elasticsearch-7.14.0\jdk\legal\java.transaction.xa\ADDITIONAL_LICENSE_INFO (0,05 K/S -    49 bytes)
[13:37:43] - [14] MIRKO.POZEN: Début d'Upload de D:\kerberos.htx\elasticsearch-7.14.0\jdk\legal\java.transaction.xa\ASSEMBLY_EXCEPTION
[13:37:43] - [14] MIRKO.POZEN: Fichier Upload: D:\kerberos.htx\elasticsearch-7.14.0\jdk\legal\java.transaction.xa\ASSEMBLY_EXCEPTION (0,04 K/S -    44 bytes)
[13:37:44] - [14] MIRKO.POZEN: Début d'Upload de D:\kerberos.htx\elasticsearch-7.14.0\jdk\legal\java.transaction.xa\LICENSE
[13:37:44] - [14] MIRKO.POZEN: Fichier Upload: D:\kerberos.htx\elasticsearch-7.14.0\jdk\legal\java.transaction.xa\LICENSE (0,03 K/S -    33 bytes)
[13:37:44] - [14] MIRKO.POZEN: Répertoire en Cours: D:\kerberos.htx\elasticsearch-7.14.0\jdk\legal\java.xml\
[13:37:44] - [14] MIRKO.POZEN: Début d'Upload de D:\kerberos.htx\elasticsearch-7.14.0\jdk\legal\java.xml\ADDITIONAL_LICENSE_INFO
[13:37:44] - [14] MIRKO.POZEN: Fichier Upload: D:\kerberos.htx\elasticsearch-7.14.0\jdk\legal\java.xml\ADDITIONAL_LICENSE_INFO (0,05 K/S -    49 bytes)
[13:37:44] - [14] MIRKO.POZEN: Début d'Upload de D:\kerberos.htx\elasticsearch-7.14.0\jdk\legal\java.xml\ASSEMBLY_EXCEPTION
[13:37:44] - [14] MIRKO.POZEN: Fichier Upload: D:\kerberos.htx\elasticsearch-7.14.0\jdk\legal\java.xml\ASSEMBLY_EXCEPTION (0,04 K/S -    44 bytes)
[13:37:45] - [14] MIRKO.POZEN: Début d'Upload de D:\kerberos.htx\elasticsearch-7.14.0\jdk\legal\java.xml\bcel.md
[13:37:45] - [14] MIRKO.POZEN: Fichier Upload: D:\kerberos.htx\elasticsearch-7.14.0\jdk\legal\java.xml\bcel.md (11,23 K/S -   11 503 bytes)
[13:37:45] - [14] MIRKO.POZEN: Début d'Upload de D:\kerberos.htx\elasticsearch-7.14.0\jdk\legal\java.xml\dom.md
[13:37:45] - [14] MIRKO.POZEN: Fichier Upload: D:\kerberos.htx\elasticsearch-7.14.0\jdk\legal\java.xml\dom.md (2,96 K/S -   3 028 bytes)
[13:37:45] - [14] MIRKO.POZEN: Début d'Upload de D:\kerberos.htx\elasticsearch-7.14.0\jdk\legal\java.xml\jcup.md
[13:37:45] - [14] MIRKO.POZEN: Fichier Upload: D:\kerberos.htx\elasticsearch-7.14.0\jdk\legal\java.xml\jcup.md (1,13 K/S -   1 158 bytes)
[13:37:45] - [14] MIRKO.POZEN: Début d'Upload de D:\kerberos.htx\elasticsearch-7.14.0\jdk\legal\java.xml\LICENSE
[13:37:45] - [14] MIRKO.POZEN: Fichier Upload: D:\kerberos.htx\elasticsearch-7.14.0\jdk\legal\java.xml\LICENSE (0,03 K/S -    33 bytes)
[13:37:45] - [14] MIRKO.POZEN: Début d'Upload de D:\kerberos.htx\elasticsearch-7.14.0\jdk\legal\java.xml\xalan.md
[13:37:45] - [14] MIRKO.POZEN: Fichier Upload: D:\kerberos.htx\elasticsearch-7.14.0\jdk\legal\java.xml\xalan.md (13,18 K/S -   13 494 bytes)
[13:37:46] - [14] MIRKO.POZEN: Début d'Upload de D:\kerberos.htx\elasticsearch-7.14.0\jdk\legal\java.xml\xerces.md
[13:37:46] - [14] MIRKO.POZEN: Fichier Upload: D:\kerberos.htx\elasticsearch-7.14.0\jdk\legal\java.xml\xerces.md (11,57 K/S -   11 852 bytes)
[13:37:46] - [14] MIRKO.POZEN: Répertoire en Cours: D:\kerberos.htx\elasticsearch-7.14.0\jdk\legal\java.xml.crypto\
[13:37:46] - [14] MIRKO.POZEN: Début d'Upload de D:\kerberos.htx\elasticsearch-7.14.0\jdk\legal\java.xml.crypto\ADDITIONAL_LICENSE_INFO
[13:37:46] - [14] MIRKO.POZEN: Fichier Upload: D:\kerberos.htx\elasticsearch-7.14.0\jdk\legal\java.xml.crypto\ADDITIONAL_LICENSE_INFO (0,05 K/S -    49 bytes)
[13:37:46] - [14] MIRKO.POZEN: Début d'Upload de D:\kerberos.htx\elasticsearch-7.14.0\jdk\legal\java.xml.crypto\ASSEMBLY_EXCEPTION
[13:37:46] - [14] MIRKO.POZEN: Fichier Upload: D:\kerberos.htx\elasticsearch-7.14.0\jdk\legal\java.xml.crypto\ASSEMBLY_EXCEPTION (0,04 K/S -    44 bytes)
[13:37:46] - [14] MIRKO.POZEN: Début d'Upload de D:\kerberos.htx\elasticsearch-7.14.0\jdk\legal\java.xml.crypto\LICENSE
[13:37:47] - [14] MIRKO.POZEN: Fichier Upload: D:\kerberos.htx\elasticsearch-7.14.0\jdk\legal\java.xml.crypto\LICENSE (0,03 K/S -    33 bytes)
[13:37:47] - [14] MIRKO.POZEN: Début d'Upload de D:\kerberos.htx\elasticsearch-7.14.0\jdk\legal\java.xml.crypto\santuario.md
[13:37:47] - [14] MIRKO.POZEN: Fichier Upload: D:\kerberos.htx\elasticsearch-7.14.0\jdk\legal\java.xml.crypto\santuario.md (11,17 K/S -   11 436 bytes)
[13:37:47] - [14] MIRKO.POZEN: Répertoire en Cours: D:\kerberos.htx\elasticsearch-7.14.0\jdk\legal\jdk.accessibility\
[13:37:47] - [14] MIRKO.POZEN: Début d'Upload de D:\kerberos.htx\elasticsearch-7.14.0\jdk\legal\jdk.accessibility\ADDITIONAL_LICENSE_INFO
[13:37:47] - [14] MIRKO.POZEN: Fichier Upload: D:\kerberos.htx\elasticsearch-7.14.0\jdk\legal\jdk.accessibility\ADDITIONAL_LICENSE_INFO (0,05 K/S -    49 bytes)
[13:37:47] - [14] MIRKO.POZEN: Début d'Upload de D:\kerberos.htx\elasticsearch-7.14.0\jdk\legal\jdk.accessibility\ASSEMBLY_EXCEPTION
[13:37:47] - [14] MIRKO.POZEN: Fichier Upload: D:\kerberos.htx\elasticsearch-7.14.0\jdk\legal\jdk.accessibility\ASSEMBLY_EXCEPTION (0,04 K/S -    44 bytes)
[13:37:48] - [14] MIRKO.POZEN: Début d'Upload de D:\kerberos.htx\elasticsearch-7.14.0\jdk\legal\jdk.accessibility\LICENSE
[13:37:48] - [14] MIRKO.POZEN: Fichier Upload: D:\kerberos.htx\elasticsearch-7.14.0\jdk\legal\jdk.accessibility\LICENSE (0,03 K/S -    33 bytes)
[13:37:48] - [14] MIRKO.POZEN: Répertoire en Cours: D:\kerberos.htx\elasticsearch-7.14.0\jdk\legal\jdk.aot\
[13:37:48] - [14] MIRKO.POZEN: Début d'Upload de D:\kerberos.htx\elasticsearch-7.14.0\jdk\legal\jdk.aot\ADDITIONAL_LICENSE_INFO
[13:37:48] - [14] MIRKO.POZEN: Fichier Upload: D:\kerberos.htx\elasticsearch-7.14.0\jdk\legal\jdk.aot\ADDITIONAL_LICENSE_INFO (0,05 K/S -    49 bytes)
[13:37:48] - [14] MIRKO.POZEN: Début d'Upload de D:\kerberos.htx\elasticsearch-7.14.0\jdk\legal\jdk.aot\ASSEMBLY_EXCEPTION
[13:37:48] - [14] MIRKO.POZEN: Fichier Upload: D:\kerberos.htx\elasticsearch-7.14.0\jdk\legal\jdk.aot\ASSEMBLY_EXCEPTION (0,04 K/S -    44 bytes)
[13:37:48] - [14] MIRKO.POZEN: Début d'Upload de D:\kerberos.htx\elasticsearch-7.14.0\jdk\legal\jdk.aot\LICENSE
[13:37:49] - [14] MIRKO.POZEN: Fichier Upload: D:\kerberos.htx\elasticsearch-7.14.0\jdk\legal\jdk.aot\LICENSE (0,03 K/S -    33 bytes)
[13:37:49] - [14] MIRKO.POZEN: Répertoire en Cours: D:\kerberos.htx\elasticsearch-7.14.0\jdk\legal\jdk.attach\
[13:37:49] - [14] MIRKO.POZEN: Début d'Upload de D:\kerberos.htx\elasticsearch-7.14.0\jdk\legal\jdk.attach\ADDITIONAL_LICENSE_INFO
[13:37:49] - [14] MIRKO.POZEN: Fichier Upload: D:\kerberos.htx\elasticsearch-7.14.0\jdk\legal\jdk.attach\ADDITIONAL_LICENSE_INFO (0,05 K/S -    49 bytes)
[13:37:49] - [14] MIRKO.POZEN: Début d'Upload de D:\kerberos.htx\elasticsearch-7.14.0\jdk\legal\jdk.attach\ASSEMBLY_EXCEPTION
[13:37:49] - [14] MIRKO.POZEN: Fichier Upload: D:\kerberos.htx\elasticsearch-7.14.0\jdk\legal\jdk.attach\ASSEMBLY_EXCEPTION (0,04 K/S -    44 bytes)
[13:37:49] - [14] MIRKO.POZEN: Début d'Upload de D:\kerberos.htx\elasticsearch-7.14.0\jdk\legal\jdk.attach\LICENSE
[13:37:49] - [14] MIRKO.POZEN: Fichier Upload: D:\kerberos.htx\elasticsearch-7.14.0\jdk\legal\jdk.attach\LICENSE (0,03 K/S -    33 bytes)
[13:37:50] - [14] MIRKO.POZEN: Répertoire en Cours: D:\kerberos.htx\elasticsearch-7.14.0\jdk\legal\jdk.charsets\
[13:37:50] - [14] MIRKO.POZEN: Début d'Upload de D:\kerberos.htx\elasticsearch-7.14.0\jdk\legal\jdk.charsets\ADDITIONAL_LICENSE_INFO
[13:37:50] - [14] MIRKO.POZEN: Fichier Upload: D:\kerberos.htx\elasticsearch-7.14.0\jdk\legal\jdk.charsets\ADDITIONAL_LICENSE_INFO (0,05 K/S -    49 bytes)
[13:37:50] - [14] MIRKO.POZEN: Début d'Upload de D:\kerberos.htx\elasticsearch-7.14.0\jdk\legal\jdk.charsets\ASSEMBLY_EXCEPTION
[13:37:50] - [14] MIRKO.POZEN: Fichier Upload: D:\kerberos.htx\elasticsearch-7.14.0\jdk\legal\jdk.charsets\ASSEMBLY_EXCEPTION (0,04 K/S -    44 bytes)
[13:37:50] - [14] MIRKO.POZEN: Début d'Upload de D:\kerberos.htx\elasticsearch-7.14.0\jdk\legal\jdk.charsets\LICENSE
[13:37:50] - [14] MIRKO.POZEN: Fichier Upload: D:\kerberos.htx\elasticsearch-7.14.0\jdk\legal\jdk.charsets\LICENSE (0,03 K/S -    33 bytes)
[13:37:50] - [14] MIRKO.POZEN: Répertoire en Cours: D:\kerberos.htx\elasticsearch-7.14.0\jdk\legal\jdk.compiler\
[13:37:51] - [14] MIRKO.POZEN: Début d'Upload de D:\kerberos.htx\elasticsearch-7.14.0\jdk\legal\jdk.compiler\ADDITIONAL_LICENSE_INFO
[13:37:51] - [14] MIRKO.POZEN: Fichier Upload: D:\kerberos.htx\elasticsearch-7.14.0\jdk\legal\jdk.compiler\ADDITIONAL_LICENSE_INFO (0,05 K/S -    49 bytes)
[13:37:51] - [14] MIRKO.POZEN: Début d'Upload de D:\kerberos.htx\elasticsearch-7.14.0\jdk\legal\jdk.compiler\ASSEMBLY_EXCEPTION
[13:37:51] - [14] MIRKO.POZEN: Fichier Upload: D:\kerberos.htx\elasticsearch-7.14.0\jdk\legal\jdk.compiler\ASSEMBLY_EXCEPTION (0,04 K/S -    44 bytes)
[13:37:51] - [14] MIRKO.POZEN: Début d'Upload de D:\kerberos.htx\elasticsearch-7.14.0\jdk\legal\jdk.compiler\LICENSE
[13:37:51] - [14] MIRKO.POZEN: Fichier Upload: D:\kerberos.htx\elasticsearch-7.14.0\jdk\legal\jdk.compiler\LICENSE (0,03 K/S -    33 bytes)
[13:37:51] - [14] MIRKO.POZEN: Répertoire en Cours: D:\kerberos.htx\elasticsearch-7.14.0\jdk\legal\jdk.crypto.cryptoki\
[13:37:52] - [14] MIRKO.POZEN: Début d'Upload de D:\kerberos.htx\elasticsearch-7.14.0\jdk\legal\jdk.crypto.cryptoki\ADDITIONAL_LICENSE_INFO
[13:37:52] - [14] MIRKO.POZEN: Fichier Upload: D:\kerberos.htx\elasticsearch-7.14.0\jdk\legal\jdk.crypto.cryptoki\ADDITIONAL_LICENSE_INFO (0,05 K/S -    49 bytes)
[13:37:52] - [14] MIRKO.POZEN: Début d'Upload de D:\kerberos.htx\elasticsearch-7.14.0\jdk\legal\jdk.crypto.cryptoki\ASSEMBLY_EXCEPTION
[13:37:52] - [14] MIRKO.POZEN: Fichier Upload: D:\kerberos.htx\elasticsearch-7.14.0\jdk\legal\jdk.crypto.cryptoki\ASSEMBLY_EXCEPTION (0,04 K/S -    44 bytes)
[13:37:52] - [14] MIRKO.POZEN: Début d'Upload de D:\kerberos.htx\elasticsearch-7.14.0\jdk\legal\jdk.crypto.cryptoki\LICENSE
[13:37:52] - [14] MIRKO.POZEN: Fichier Upload: D:\kerberos.htx\elasticsearch-7.14.0\jdk\legal\jdk.crypto.cryptoki\LICENSE (0,03 K/S -    33 bytes)
[13:37:52] - [14] MIRKO.POZEN: Début d'Upload de D:\kerberos.htx\elasticsearch-7.14.0\jdk\legal\jdk.crypto.cryptoki\pkcs11cryptotoken.md
[13:37:52] - [14] MIRKO.POZEN: Fichier Upload: D:\kerberos.htx\elasticsearch-7.14.0\jdk\legal\jdk.crypto.cryptoki\pkcs11cryptotoken.md (3,83 K/S -   3 923 bytes)
[13:37:52] - [14] MIRKO.POZEN: Début d'Upload de D:\kerberos.htx\elasticsearch-7.14.0\jdk\legal\jdk.crypto.cryptoki\pkcs11wrapper.md
[13:37:52] - [14] MIRKO.POZEN: Fichier Upload: D:\kerberos.htx\elasticsearch-7.14.0\jdk\legal\jdk.crypto.cryptoki\pkcs11wrapper.md (2,08 K/S -   2 131 bytes)
[13:37:53] - [14] MIRKO.POZEN: Répertoire en Cours: D:\kerberos.htx\elasticsearch-7.14.0\jdk\legal\jdk.crypto.ec\
[13:37:53] - [14] MIRKO.POZEN: Début d'Upload de D:\kerberos.htx\elasticsearch-7.14.0\jdk\legal\jdk.crypto.ec\ADDITIONAL_LICENSE_INFO
[13:37:53] - [14] MIRKO.POZEN: Fichier Upload: D:\kerberos.htx\elasticsearch-7.14.0\jdk\legal\jdk.crypto.ec\ADDITIONAL_LICENSE_INFO (0,05 K/S -    49 bytes)
[13:37:53] - [14] MIRKO.POZEN: Début d'Upload de D:\kerberos.htx\elasticsearch-7.14.0\jdk\legal\jdk.crypto.ec\ASSEMBLY_EXCEPTION
[13:37:53] - [14] MIRKO.POZEN: Fichier Upload: D:\kerberos.htx\elasticsearch-7.14.0\jdk\legal\jdk.crypto.ec\ASSEMBLY_EXCEPTION (0,04 K/S -    44 bytes)
[13:37:53] - [14] MIRKO.POZEN: Début d'Upload de D:\kerberos.htx\elasticsearch-7.14.0\jdk\legal\jdk.crypto.ec\LICENSE
[13:37:53] - [14] MIRKO.POZEN: Fichier Upload: D:\kerberos.htx\elasticsearch-7.14.0\jdk\legal\jdk.crypto.ec\LICENSE (0,03 K/S -    33 bytes)
[13:37:54] - [14] MIRKO.POZEN: Répertoire en Cours: D:\kerberos.htx\elasticsearch-7.14.0\jdk\legal\jdk.crypto.mscapi\
[13:37:54] - [14] MIRKO.POZEN: Début d'Upload de D:\kerberos.htx\elasticsearch-7.14.0\jdk\legal\jdk.crypto.mscapi\ADDITIONAL_LICENSE_INFO
[13:37:54] - [14] MIRKO.POZEN: Fichier Upload: D:\kerberos.htx\elasticsearch-7.14.0\jdk\legal\jdk.crypto.mscapi\ADDITIONAL_LICENSE_INFO (0,05 K/S -    49 bytes)
[13:37:54] - [14] MIRKO.POZEN: Début d'Upload de D:\kerberos.htx\elasticsearch-7.14.0\jdk\legal\jdk.crypto.mscapi\ASSEMBLY_EXCEPTION
[13:37:54] - [14] MIRKO.POZEN: Fichier Upload: D:\kerberos.htx\elasticsearch-7.14.0\jdk\legal\jdk.crypto.mscapi\ASSEMBLY_EXCEPTION (0,04 K/S -    44 bytes)
[13:37:54] - [14] MIRKO.POZEN: Début d'Upload de D:\kerberos.htx\elasticsearch-7.14.0\jdk\legal\jdk.crypto.mscapi\LICENSE
[13:37:54] - [14] MIRKO.POZEN: Fichier Upload: D:\kerberos.htx\elasticsearch-7.14.0\jdk\legal\jdk.crypto.mscapi\LICENSE (0,03 K/S -    33 bytes)
[13:37:54] - [14] MIRKO.POZEN: Répertoire en Cours: D:\kerberos.htx\elasticsearch-7.14.0\jdk\legal\jdk.dynalink\
[13:37:55] - [14] MIRKO.POZEN: Début d'Upload de D:\kerberos.htx\elasticsearch-7.14.0\jdk\legal\jdk.dynalink\ADDITIONAL_LICENSE_INFO
[13:37:55] - [14] MIRKO.POZEN: Fichier Upload: D:\kerberos.htx\elasticsearch-7.14.0\jdk\legal\jdk.dynalink\ADDITIONAL_LICENSE_INFO (0,05 K/S -    49 bytes)
[13:37:55] - [14] MIRKO.POZEN: Début d'Upload de D:\kerberos.htx\elasticsearch-7.14.0\jdk\legal\jdk.dynalink\ASSEMBLY_EXCEPTION
[13:37:55] - [14] MIRKO.POZEN: Fichier Upload: D:\kerberos.htx\elasticsearch-7.14.0\jdk\legal\jdk.dynalink\ASSEMBLY_EXCEPTION (0,04 K/S -    44 bytes)
[13:37:55] - [14] MIRKO.POZEN: Début d'Upload de D:\kerberos.htx\elasticsearch-7.14.0\jdk\legal\jdk.dynalink\dynalink.md
[13:37:55] - [14] MIRKO.POZEN: Fichier Upload: D:\kerberos.htx\elasticsearch-7.14.0\jdk\legal\jdk.dynalink\dynalink.md (1,47 K/S -   1 502 bytes)
[13:37:55] - [14] MIRKO.POZEN: Début d'Upload de D:\kerberos.htx\elasticsearch-7.14.0\jdk\legal\jdk.dynalink\LICENSE
[13:37:55] - [14] MIRKO.POZEN: Fichier Upload: D:\kerberos.htx\elasticsearch-7.14.0\jdk\legal\jdk.dynalink\LICENSE (0,03 K/S -    33 bytes)
[13:37:56] - [14] MIRKO.POZEN: Répertoire en Cours: D:\kerberos.htx\elasticsearch-7.14.0\jdk\legal\jdk.editpad\
[13:37:56] - [14] MIRKO.POZEN: Début d'Upload de D:\kerberos.htx\elasticsearch-7.14.0\jdk\legal\jdk.editpad\ADDITIONAL_LICENSE_INFO
[13:37:56] - [14] MIRKO.POZEN: Fichier Upload: D:\kerberos.htx\elasticsearch-7.14.0\jdk\legal\jdk.editpad\ADDITIONAL_LICENSE_INFO (0,05 K/S -    49 bytes)
[13:37:56] - [14] MIRKO.POZEN: Début d'Upload de D:\kerberos.htx\elasticsearch-7.14.0\jdk\legal\jdk.editpad\ASSEMBLY_EXCEPTION
[13:37:56] - [14] MIRKO.POZEN: Fichier Upload: D:\kerberos.htx\elasticsearch-7.14.0\jdk\legal\jdk.editpad\ASSEMBLY_EXCEPTION (0,04 K/S -    44 bytes)
[13:37:56] - [14] MIRKO.POZEN: Début d'Upload de D:\kerberos.htx\elasticsearch-7.14.0\jdk\legal\jdk.editpad\LICENSE
[13:37:56] - [14] MIRKO.POZEN: Fichier Upload: D:\kerberos.htx\elasticsearch-7.14.0\jdk\legal\jdk.editpad\LICENSE (0,03 K/S -    33 bytes)
[13:37:56] - [14] MIRKO.POZEN: Répertoire en Cours: D:\kerberos.htx\elasticsearch-7.14.0\jdk\legal\jdk.hotspot.agent\
[13:37:57] - [14] MIRKO.POZEN: Début d'Upload de D:\kerberos.htx\elasticsearch-7.14.0\jdk\legal\jdk.hotspot.agent\ADDITIONAL_LICENSE_INFO
[13:37:57] - [14] MIRKO.POZEN: Fichier Upload: D:\kerberos.htx\elasticsearch-7.14.0\jdk\legal\jdk.hotspot.agent\ADDITIONAL_LICENSE_INFO (0,05 K/S -    49 bytes)
[13:37:57] - [14] MIRKO.POZEN: Début d'Upload de D:\kerberos.htx\elasticsearch-7.14.0\jdk\legal\jdk.hotspot.agent\ASSEMBLY_EXCEPTION
[13:37:57] - [14] MIRKO.POZEN: Fichier Upload: D:\kerberos.htx\elasticsearch-7.14.0\jdk\legal\jdk.hotspot.agent\ASSEMBLY_EXCEPTION (0,04 K/S -    44 bytes)
[13:37:57] - [14] MIRKO.POZEN: Début d'Upload de D:\kerberos.htx\elasticsearch-7.14.0\jdk\legal\jdk.hotspot.agent\LICENSE
[13:37:57] - [14] MIRKO.POZEN: Fichier Upload: D:\kerberos.htx\elasticsearch-7.14.0\jdk\legal\jdk.hotspot.agent\LICENSE (0,03 K/S -    33 bytes)
[13:37:57] - [14] MIRKO.POZEN: Répertoire en Cours: D:\kerberos.htx\elasticsearch-7.14.0\jdk\legal\jdk.httpserver\
[13:37:58] - [14] MIRKO.POZEN: Début d'Upload de D:\kerberos.htx\elasticsearch-7.14.0\jdk\legal\jdk.httpserver\ADDITIONAL_LICENSE_INFO
[13:37:58] - [14] MIRKO.POZEN: Fichier Upload: D:\kerberos.htx\elasticsearch-7.14.0\jdk\legal\jdk.httpserver\ADDITIONAL_LICENSE_INFO (0,05 K/S -    49 bytes)
[13:37:58] - [14] MIRKO.POZEN: Début d'Upload de D:\kerberos.htx\elasticsearch-7.14.0\jdk\legal\jdk.httpserver\ASSEMBLY_EXCEPTION
[13:37:58] - [14] MIRKO.POZEN: Fichier Upload: D:\kerberos.htx\elasticsearch-7.14.0\jdk\legal\jdk.httpserver\ASSEMBLY_EXCEPTION (0,04 K/S -    44 bytes)
[13:37:58] - [14] MIRKO.POZEN: Début d'Upload de D:\kerberos.htx\elasticsearch-7.14.0\jdk\legal\jdk.httpserver\LICENSE
[13:37:58] - [14] MIRKO.POZEN: Fichier Upload: D:\kerberos.htx\elasticsearch-7.14.0\jdk\legal\jdk.httpserver\LICENSE (0,03 K/S -    33 bytes)
[13:37:58] - [14] MIRKO.POZEN: Répertoire en Cours: D:\kerberos.htx\elasticsearch-7.14.0\jdk\legal\jdk.incubator.foreign\
[13:37:58] - [14] MIRKO.POZEN: Début d'Upload de D:\kerberos.htx\elasticsearch-7.14.0\jdk\legal\jdk.incubator.foreign\ADDITIONAL_LICENSE_INFO
[13:37:58] - [14] MIRKO.POZEN: Fichier Upload: D:\kerberos.htx\elasticsearch-7.14.0\jdk\legal\jdk.incubator.foreign\ADDITIONAL_LICENSE_INFO (0,05 K/S -    49 bytes)
[13:37:59] - [14] MIRKO.POZEN: Début d'Upload de D:\kerberos.htx\elasticsearch-7.14.0\jdk\legal\jdk.incubator.foreign\ASSEMBLY_EXCEPTION
[13:37:59] - [14] MIRKO.POZEN: Fichier Upload: D:\kerberos.htx\elasticsearch-7.14.0\jdk\legal\jdk.incubator.foreign\ASSEMBLY_EXCEPTION (0,04 K/S -    44 bytes)
[13:37:59] - [14] MIRKO.POZEN: Début d'Upload de D:\kerberos.htx\elasticsearch-7.14.0\jdk\legal\jdk.incubator.foreign\LICENSE
[13:37:59] - [14] MIRKO.POZEN: Fichier Upload: D:\kerberos.htx\elasticsearch-7.14.0\jdk\legal\jdk.incubator.foreign\LICENSE (0,03 K/S -    33 bytes)
[13:37:59] - [14] MIRKO.POZEN: Répertoire en Cours: D:\kerberos.htx\elasticsearch-7.14.0\jdk\legal\jdk.incubator.vector\
[13:37:59] - [14] MIRKO.POZEN: Début d'Upload de D:\kerberos.htx\elasticsearch-7.14.0\jdk\legal\jdk.incubator.vector\ADDITIONAL_LICENSE_INFO
[13:37:59] - [14] MIRKO.POZEN: Fichier Upload: D:\kerberos.htx\elasticsearch-7.14.0\jdk\legal\jdk.incubator.vector\ADDITIONAL_LICENSE_INFO (0,05 K/S -    49 bytes)
[13:38:00] - [14] MIRKO.POZEN: Début d'Upload de D:\kerberos.htx\elasticsearch-7.14.0\jdk\legal\jdk.incubator.vector\ASSEMBLY_EXCEPTION
[13:38:00] - [14] MIRKO.POZEN: Fichier Upload: D:\kerberos.htx\elasticsearch-7.14.0\jdk\legal\jdk.incubator.vector\ASSEMBLY_EXCEPTION (0,04 K/S -    44 bytes)
[13:38:00] - [14] MIRKO.POZEN: Début d'Upload de D:\kerberos.htx\elasticsearch-7.14.0\jdk\legal\jdk.incubator.vector\LICENSE
[13:38:00] - [14] MIRKO.POZEN: Fichier Upload: D:\kerberos.htx\elasticsearch-7.14.0\jdk\legal\jdk.incubator.vector\LICENSE (0,03 K/S -    33 bytes)
[13:38:00] - [14] MIRKO.POZEN: Répertoire en Cours: D:\kerberos.htx\elasticsearch-7.14.0\jdk\legal\jdk.internal.ed\
[13:38:00] - [14] MIRKO.POZEN: Début d'Upload de D:\kerberos.htx\elasticsearch-7.14.0\jdk\legal\jdk.internal.ed\ADDITIONAL_LICENSE_INFO
[13:38:00] - [14] MIRKO.POZEN: Fichier Upload: D:\kerberos.htx\elasticsearch-7.14.0\jdk\legal\jdk.internal.ed\ADDITIONAL_LICENSE_INFO (0,05 K/S -    49 bytes)
[13:38:00] - [14] MIRKO.POZEN: Début d'Upload de D:\kerberos.htx\elasticsearch-7.14.0\jdk\legal\jdk.internal.ed\ASSEMBLY_EXCEPTION
[13:38:00] - [14] MIRKO.POZEN: Fichier Upload: D:\kerberos.htx\elasticsearch-7.14.0\jdk\legal\jdk.internal.ed\ASSEMBLY_EXCEPTION (0,04 K/S -    44 bytes)
[13:38:01] - [14] MIRKO.POZEN: Début d'Upload de D:\kerberos.htx\elasticsearch-7.14.0\jdk\legal\jdk.internal.ed\LICENSE
[13:38:01] - [14] MIRKO.POZEN: Fichier Upload: D:\kerberos.htx\elasticsearch-7.14.0\jdk\legal\jdk.internal.ed\LICENSE (0,03 K/S -    33 bytes)
[13:38:01] - [14] MIRKO.POZEN: Répertoire en Cours: D:\kerberos.htx\elasticsearch-7.14.0\jdk\legal\jdk.internal.jvmstat\
[13:38:01] - [14] MIRKO.POZEN: Début d'Upload de D:\kerberos.htx\elasticsearch-7.14.0\jdk\legal\jdk.internal.jvmstat\ADDITIONAL_LICENSE_INFO
[13:38:01] - [14] MIRKO.POZEN: Fichier Upload: D:\kerberos.htx\elasticsearch-7.14.0\jdk\legal\jdk.internal.jvmstat\ADDITIONAL_LICENSE_INFO (0,05 K/S -    49 bytes)
[13:38:01] - [14] MIRKO.POZEN: Début d'Upload de D:\kerberos.htx\elasticsearch-7.14.0\jdk\legal\jdk.internal.jvmstat\ASSEMBLY_EXCEPTION
[13:38:01] - [14] MIRKO.POZEN: Fichier Upload: D:\kerberos.htx\elasticsearch-7.14.0\jdk\legal\jdk.internal.jvmstat\ASSEMBLY_EXCEPTION (0,04 K/S -    44 bytes)
[13:38:02] - [14] MIRKO.POZEN: Début d'Upload de D:\kerberos.htx\elasticsearch-7.14.0\jdk\legal\jdk.internal.jvmstat\LICENSE
[13:38:02] - [14] MIRKO.POZEN: Fichier Upload: D:\kerberos.htx\elasticsearch-7.14.0\jdk\legal\jdk.internal.jvmstat\LICENSE (0,03 K/S -    33 bytes)
[13:38:02] - [14] MIRKO.POZEN: Répertoire en Cours: D:\kerberos.htx\elasticsearch-7.14.0\jdk\legal\jdk.internal.le\
[13:38:02] - [14] MIRKO.POZEN: Début d'Upload de D:\kerberos.htx\elasticsearch-7.14.0\jdk\legal\jdk.internal.le\ADDITIONAL_LICENSE_INFO
[13:38:02] - [14] MIRKO.POZEN: Fichier Upload: D:\kerberos.htx\elasticsearch-7.14.0\jdk\legal\jdk.internal.le\ADDITIONAL_LICENSE_INFO (0,05 K/S -    49 bytes)
[13:38:02] - [14] MIRKO.POZEN: Début d'Upload de D:\kerberos.htx\elasticsearch-7.14.0\jdk\legal\jdk.internal.le\ASSEMBLY_EXCEPTION
[13:38:02] - [14] MIRKO.POZEN: Fichier Upload: D:\kerberos.htx\elasticsearch-7.14.0\jdk\legal\jdk.internal.le\ASSEMBLY_EXCEPTION (0,04 K/S -    44 bytes)
[13:38:02] - [14] MIRKO.POZEN: Début d'Upload de D:\kerberos.htx\elasticsearch-7.14.0\jdk\legal\jdk.internal.le\jline.md
[13:38:02] - [14] MIRKO.POZEN: Fichier Upload: D:\kerberos.htx\elasticsearch-7.14.0\jdk\legal\jdk.internal.le\jline.md (1,54 K/S -   1 579 bytes)
[13:38:03] - [14] MIRKO.POZEN: Début d'Upload de D:\kerberos.htx\elasticsearch-7.14.0\jdk\legal\jdk.internal.le\LICENSE
[13:38:03] - [14] MIRKO.POZEN: Fichier Upload: D:\kerberos.htx\elasticsearch-7.14.0\jdk\legal\jdk.internal.le\LICENSE (0,03 K/S -    33 bytes)
[13:38:03] - [14] MIRKO.POZEN: Répertoire en Cours: D:\kerberos.htx\elasticsearch-7.14.0\jdk\legal\jdk.internal.opt\
[13:38:03] - [14] MIRKO.POZEN: Début d'Upload de D:\kerberos.htx\elasticsearch-7.14.0\jdk\legal\jdk.internal.opt\ADDITIONAL_LICENSE_INFO
[13:38:03] - [14] MIRKO.POZEN: Fichier Upload: D:\kerberos.htx\elasticsearch-7.14.0\jdk\legal\jdk.internal.opt\ADDITIONAL_LICENSE_INFO (0,05 K/S -    49 bytes)
[13:38:03] - [14] MIRKO.POZEN: Début d'Upload de D:\kerberos.htx\elasticsearch-7.14.0\jdk\legal\jdk.internal.opt\ASSEMBLY_EXCEPTION
[13:38:03] - [14] MIRKO.POZEN: Fichier Upload: D:\kerberos.htx\elasticsearch-7.14.0\jdk\legal\jdk.internal.opt\ASSEMBLY_EXCEPTION (0,04 K/S -    44 bytes)
[13:38:04] - [14] MIRKO.POZEN: Début d'Upload de D:\kerberos.htx\elasticsearch-7.14.0\jdk\legal\jdk.internal.opt\jopt-simple.md
[13:38:04] - [14] MIRKO.POZEN: Fichier Upload: D:\kerberos.htx\elasticsearch-7.14.0\jdk\legal\jdk.internal.opt\jopt-simple.md (1,10 K/S -   1 122 bytes)
[13:38:04] - [14] MIRKO.POZEN: Début d'Upload de D:\kerberos.htx\elasticsearch-7.14.0\jdk\legal\jdk.internal.opt\LICENSE
[13:38:04] - [14] MIRKO.POZEN: Fichier Upload: D:\kerberos.htx\elasticsearch-7.14.0\jdk\legal\jdk.internal.opt\LICENSE (0,03 K/S -    33 bytes)
[13:38:04] - [14] MIRKO.POZEN: Répertoire en Cours: D:\kerberos.htx\elasticsearch-7.14.0\jdk\legal\jdk.internal.vm.ci\
[13:38:04] - [14] MIRKO.POZEN: Début d'Upload de D:\kerberos.htx\elasticsearch-7.14.0\jdk\legal\jdk.internal.vm.ci\ADDITIONAL_LICENSE_INFO
[13:38:04] - [14] MIRKO.POZEN: Fichier Upload: D:\kerberos.htx\elasticsearch-7.14.0\jdk\legal\jdk.internal.vm.ci\ADDITIONAL_LICENSE_INFO (0,05 K/S -    49 bytes)
[13:38:04] - [14] MIRKO.POZEN: Début d'Upload de D:\kerberos.htx\elasticsearch-7.14.0\jdk\legal\jdk.internal.vm.ci\ASSEMBLY_EXCEPTION
[13:38:04] - [14] MIRKO.POZEN: Fichier Upload: D:\kerberos.htx\elasticsearch-7.14.0\jdk\legal\jdk.internal.vm.ci\ASSEMBLY_EXCEPTION (0,04 K/S -    44 bytes)
[13:38:05] - [14] MIRKO.POZEN: Début d'Upload de D:\kerberos.htx\elasticsearch-7.14.0\jdk\legal\jdk.internal.vm.ci\LICENSE
[13:38:05] - [14] MIRKO.POZEN: Fichier Upload: D:\kerberos.htx\elasticsearch-7.14.0\jdk\legal\jdk.internal.vm.ci\LICENSE (0,03 K/S -    33 bytes)
[13:38:05] - [14] MIRKO.POZEN: Répertoire en Cours: D:\kerberos.htx\elasticsearch-7.14.0\jdk\legal\jdk.internal.vm.compiler\
[13:38:05] - [14] MIRKO.POZEN: Début d'Upload de D:\kerberos.htx\elasticsearch-7.14.0\jdk\legal\jdk.internal.vm.compiler\ADDITIONAL_LICENSE_INFO
[13:38:05] - [14] MIRKO.POZEN: Fichier Upload: D:\kerberos.htx\elasticsearch-7.14.0\jdk\legal\jdk.internal.vm.compiler\ADDITIONAL_LICENSE_INFO (0,05 K/S -    49 bytes)
[13:38:05] - [14] MIRKO.POZEN: Début d'Upload de D:\kerberos.htx\elasticsearch-7.14.0\jdk\legal\jdk.internal.vm.compiler\ASSEMBLY_EXCEPTION
[13:38:05] - [14] MIRKO.POZEN: Fichier Upload: D:\kerberos.htx\elasticsearch-7.14.0\jdk\legal\jdk.internal.vm.compiler\ASSEMBLY_EXCEPTION (0,04 K/S -    44 bytes)
[13:38:06] - [14] MIRKO.POZEN: Début d'Upload de D:\kerberos.htx\elasticsearch-7.14.0\jdk\legal\jdk.internal.vm.compiler\LICENSE
[13:38:06] - [14] MIRKO.POZEN: Fichier Upload: D:\kerberos.htx\elasticsearch-7.14.0\jdk\legal\jdk.internal.vm.compiler\LICENSE (0,03 K/S -    33 bytes)
[13:38:06] - [14] MIRKO.POZEN: Répertoire en Cours: D:\kerberos.htx\elasticsearch-7.14.0\jdk\legal\jdk.internal.vm.compiler.management\
[13:38:06] - [14] MIRKO.POZEN: Début d'Upload de D:\kerberos.htx\elasticsearch-7.14.0\jdk\legal\jdk.internal.vm.compiler.management\ADDITIONAL_LICENSE_INFO
[13:38:06] - [14] MIRKO.POZEN: Fichier Upload: D:\kerberos.htx\elasticsearch-7.14.0\jdk\legal\jdk.internal.vm.compiler.management\ADDITIONAL_LICENSE_INFO (0,05 K/S -    49 bytes)
[13:38:06] - [14] MIRKO.POZEN: Début d'Upload de D:\kerberos.htx\elasticsearch-7.14.0\jdk\legal\jdk.internal.vm.compiler.management\ASSEMBLY_EXCEPTION
[13:38:06] - [14] MIRKO.POZEN: Fichier Upload: D:\kerberos.htx\elasticsearch-7.14.0\jdk\legal\jdk.internal.vm.compiler.management\ASSEMBLY_EXCEPTION (0,04 K/S -    44 bytes)
[13:38:06] - [14] MIRKO.POZEN: Début d'Upload de D:\kerberos.htx\elasticsearch-7.14.0\jdk\legal\jdk.internal.vm.compiler.management\LICENSE
[13:38:06] - [14] MIRKO.POZEN: Fichier Upload: D:\kerberos.htx\elasticsearch-7.14.0\jdk\legal\jdk.internal.vm.compiler.management\LICENSE (0,03 K/S -    33 bytes)
[13:38:07] - [14] MIRKO.POZEN: Répertoire en Cours: D:\kerberos.htx\elasticsearch-7.14.0\jdk\legal\jdk.jartool\
[13:38:07] - [14] MIRKO.POZEN: Début d'Upload de D:\kerberos.htx\elasticsearch-7.14.0\jdk\legal\jdk.jartool\ADDITIONAL_LICENSE_INFO
[13:38:07] - [14] MIRKO.POZEN: Fichier Upload: D:\kerberos.htx\elasticsearch-7.14.0\jdk\legal\jdk.jartool\ADDITIONAL_LICENSE_INFO (0,05 K/S -    49 bytes)
[13:38:07] - [14] MIRKO.POZEN: Début d'Upload de D:\kerberos.htx\elasticsearch-7.14.0\jdk\legal\jdk.jartool\ASSEMBLY_EXCEPTION
[13:38:07] - [14] MIRKO.POZEN: Fichier Upload: D:\kerberos.htx\elasticsearch-7.14.0\jdk\legal\jdk.jartool\ASSEMBLY_EXCEPTION (0,04 K/S -    44 bytes)
[13:38:07] - [14] MIRKO.POZEN: Début d'Upload de D:\kerberos.htx\elasticsearch-7.14.0\jdk\legal\jdk.jartool\LICENSE
[13:38:07] - [14] MIRKO.POZEN: Fichier Upload: D:\kerberos.htx\elasticsearch-7.14.0\jdk\legal\jdk.jartool\LICENSE (0,03 K/S -    33 bytes)
[13:38:08] - [14] MIRKO.POZEN: Répertoire en Cours: D:\kerberos.htx\elasticsearch-7.14.0\jdk\legal\jdk.javadoc\
[13:38:08] - [14] MIRKO.POZEN: Début d'Upload de D:\kerberos.htx\elasticsearch-7.14.0\jdk\legal\jdk.javadoc\ADDITIONAL_LICENSE_INFO
[13:38:08] - [14] MIRKO.POZEN: Fichier Upload: D:\kerberos.htx\elasticsearch-7.14.0\jdk\legal\jdk.javadoc\ADDITIONAL_LICENSE_INFO (0,05 K/S -    49 bytes)
[13:38:08] - [14] MIRKO.POZEN: Début d'Upload de D:\kerberos.htx\elasticsearch-7.14.0\jdk\legal\jdk.javadoc\ASSEMBLY_EXCEPTION
[13:38:08] - [14] MIRKO.POZEN: Fichier Upload: D:\kerberos.htx\elasticsearch-7.14.0\jdk\legal\jdk.javadoc\ASSEMBLY_EXCEPTION (0,04 K/S -    44 bytes)
[13:38:08] - [14] MIRKO.POZEN: Début d'Upload de D:\kerberos.htx\elasticsearch-7.14.0\jdk\legal\jdk.javadoc\jquery.md
[13:38:08] - [14] MIRKO.POZEN: Fichier Upload: D:\kerberos.htx\elasticsearch-7.14.0\jdk\legal\jdk.javadoc\jquery.md (2,87 K/S -   2 934 bytes)
[13:38:08] - [14] MIRKO.POZEN: Début d'Upload de D:\kerberos.htx\elasticsearch-7.14.0\jdk\legal\jdk.javadoc\jqueryUI.md
[13:38:08] - [14] MIRKO.POZEN: Fichier Upload: D:\kerberos.htx\elasticsearch-7.14.0\jdk\legal\jdk.javadoc\jqueryUI.md (1,83 K/S -   1 870 bytes)
[13:38:09] - [14] MIRKO.POZEN: Début d'Upload de D:\kerberos.htx\elasticsearch-7.14.0\jdk\legal\jdk.javadoc\LICENSE
[13:38:09] - [14] MIRKO.POZEN: Fichier Upload: D:\kerberos.htx\elasticsearch-7.14.0\jdk\legal\jdk.javadoc\LICENSE (0,03 K/S -    33 bytes)
[13:38:09] - [14] MIRKO.POZEN: Répertoire en Cours: D:\kerberos.htx\elasticsearch-7.14.0\jdk\legal\jdk.jcmd\
[13:38:09] - [14] MIRKO.POZEN: Début d'Upload de D:\kerberos.htx\elasticsearch-7.14.0\jdk\legal\jdk.jcmd\ADDITIONAL_LICENSE_INFO
[13:38:09] - [14] MIRKO.POZEN: Fichier Upload: D:\kerberos.htx\elasticsearch-7.14.0\jdk\legal\jdk.jcmd\ADDITIONAL_LICENSE_INFO (0,05 K/S -    49 bytes)
[13:38:09] - [14] MIRKO.POZEN: Début d'Upload de D:\kerberos.htx\elasticsearch-7.14.0\jdk\legal\jdk.jcmd\ASSEMBLY_EXCEPTION
[13:38:09] - [14] MIRKO.POZEN: Fichier Upload: D:\kerberos.htx\elasticsearch-7.14.0\jdk\legal\jdk.jcmd\ASSEMBLY_EXCEPTION (0,04 K/S -    44 bytes)
[13:38:10] - [14] MIRKO.POZEN: Début d'Upload de D:\kerberos.htx\elasticsearch-7.14.0\jdk\legal\jdk.jcmd\LICENSE
[13:38:10] - [14] MIRKO.POZEN: Fichier Upload: D:\kerberos.htx\elasticsearch-7.14.0\jdk\legal\jdk.jcmd\LICENSE (0,03 K/S -    33 bytes)
[13:38:10] - [14] MIRKO.POZEN: Répertoire en Cours: D:\kerberos.htx\elasticsearch-7.14.0\jdk\legal\jdk.jconsole\
[13:38:10] - [14] MIRKO.POZEN: Début d'Upload de D:\kerberos.htx\elasticsearch-7.14.0\jdk\legal\jdk.jconsole\ADDITIONAL_LICENSE_INFO
[13:38:10] - [14] MIRKO.POZEN: Fichier Upload: D:\kerberos.htx\elasticsearch-7.14.0\jdk\legal\jdk.jconsole\ADDITIONAL_LICENSE_INFO (0,05 K/S -    49 bytes)
[13:38:10] - [14] MIRKO.POZEN: Début d'Upload de D:\kerberos.htx\elasticsearch-7.14.0\jdk\legal\jdk.jconsole\ASSEMBLY_EXCEPTION
[13:38:10] - [14] MIRKO.POZEN: Fichier Upload: D:\kerberos.htx\elasticsearch-7.14.0\jdk\legal\jdk.jconsole\ASSEMBLY_EXCEPTION (0,04 K/S -    44 bytes)
[13:38:10] - [14] MIRKO.POZEN: Début d'Upload de D:\kerberos.htx\elasticsearch-7.14.0\jdk\legal\jdk.jconsole\LICENSE
[13:38:10] - [14] MIRKO.POZEN: Fichier Upload: D:\kerberos.htx\elasticsearch-7.14.0\jdk\legal\jdk.jconsole\LICENSE (0,03 K/S -    33 bytes)
[13:38:11] - [14] MIRKO.POZEN: Répertoire en Cours: D:\kerberos.htx\elasticsearch-7.14.0\jdk\legal\jdk.jdeps\
[13:38:11] - [14] MIRKO.POZEN: Début d'Upload de D:\kerberos.htx\elasticsearch-7.14.0\jdk\legal\jdk.jdeps\ADDITIONAL_LICENSE_INFO
[13:38:11] - [14] MIRKO.POZEN: Fichier Upload: D:\kerberos.htx\elasticsearch-7.14.0\jdk\legal\jdk.jdeps\ADDITIONAL_LICENSE_INFO (0,05 K/S -    49 bytes)
[13:38:11] - [14] MIRKO.POZEN: Début d'Upload de D:\kerberos.htx\elasticsearch-7.14.0\jdk\legal\jdk.jdeps\ASSEMBLY_EXCEPTION
[13:38:11] - [14] MIRKO.POZEN: Fichier Upload: D:\kerberos.htx\elasticsearch-7.14.0\jdk\legal\jdk.jdeps\ASSEMBLY_EXCEPTION (0,04 K/S -    44 bytes)
[13:38:11] - [14] MIRKO.POZEN: Début d'Upload de D:\kerberos.htx\elasticsearch-7.14.0\jdk\legal\jdk.jdeps\LICENSE
[13:38:11] - [14] MIRKO.POZEN: Fichier Upload: D:\kerberos.htx\elasticsearch-7.14.0\jdk\legal\jdk.jdeps\LICENSE (0,03 K/S -    33 bytes)
[13:38:12] - [14] MIRKO.POZEN: Répertoire en Cours: D:\kerberos.htx\elasticsearch-7.14.0\jdk\legal\jdk.jdi\
[13:38:12] - [14] MIRKO.POZEN: Début d'Upload de D:\kerberos.htx\elasticsearch-7.14.0\jdk\legal\jdk.jdi\ADDITIONAL_LICENSE_INFO
[13:38:12] - [14] MIRKO.POZEN: Fichier Upload: D:\kerberos.htx\elasticsearch-7.14.0\jdk\legal\jdk.jdi\ADDITIONAL_LICENSE_INFO (0,05 K/S -    49 bytes)
[13:38:12] - [14] MIRKO.POZEN: Début d'Upload de D:\kerberos.htx\elasticsearch-7.14.0\jdk\legal\jdk.jdi\ASSEMBLY_EXCEPTION
[13:38:12] - [14] MIRKO.POZEN: Fichier Upload: D:\kerberos.htx\elasticsearch-7.14.0\jdk\legal\jdk.jdi\ASSEMBLY_EXCEPTION (0,04 K/S -    44 bytes)
[13:38:12] - [14] MIRKO.POZEN: Début d'Upload de D:\kerberos.htx\elasticsearch-7.14.0\jdk\legal\jdk.jdi\LICENSE
[13:38:12] - [14] MIRKO.POZEN: Fichier Upload: D:\kerberos.htx\elasticsearch-7.14.0\jdk\legal\jdk.jdi\LICENSE (0,03 K/S -    33 bytes)
[13:38:12] - [14] MIRKO.POZEN: Répertoire en Cours: D:\kerberos.htx\elasticsearch-7.14.0\jdk\legal\jdk.jdwp.agent\
[13:38:13] - [14] MIRKO.POZEN: Début d'Upload de D:\kerberos.htx\elasticsearch-7.14.0\jdk\legal\jdk.jdwp.agent\ADDITIONAL_LICENSE_INFO
[13:38:13] - [14] MIRKO.POZEN: Fichier Upload: D:\kerberos.htx\elasticsearch-7.14.0\jdk\legal\jdk.jdwp.agent\ADDITIONAL_LICENSE_INFO (0,05 K/S -    49 bytes)
[13:38:13] - [14] MIRKO.POZEN: Début d'Upload de D:\kerberos.htx\elasticsearch-7.14.0\jdk\legal\jdk.jdwp.agent\ASSEMBLY_EXCEPTION
[13:38:13] - [14] MIRKO.POZEN: Fichier Upload: D:\kerberos.htx\elasticsearch-7.14.0\jdk\legal\jdk.jdwp.agent\ASSEMBLY_EXCEPTION (0,04 K/S -    44 bytes)
[13:38:13] - [14] MIRKO.POZEN: Début d'Upload de D:\kerberos.htx\elasticsearch-7.14.0\jdk\legal\jdk.jdwp.agent\LICENSE
[13:38:13] - [14] MIRKO.POZEN: Fichier Upload: D:\kerberos.htx\elasticsearch-7.14.0\jdk\legal\jdk.jdwp.agent\LICENSE (0,03 K/S -    33 bytes)
[13:38:13] - [14] MIRKO.POZEN: Répertoire en Cours: D:\kerberos.htx\elasticsearch-7.14.0\jdk\legal\jdk.jfr\
[13:38:13] - [14] MIRKO.POZEN: Début d'Upload de D:\kerberos.htx\elasticsearch-7.14.0\jdk\legal\jdk.jfr\ADDITIONAL_LICENSE_INFO
[13:38:14] - [14] MIRKO.POZEN: Fichier Upload: D:\kerberos.htx\elasticsearch-7.14.0\jdk\legal\jdk.jfr\ADDITIONAL_LICENSE_INFO (0,05 K/S -    49 bytes)
[13:38:14] - [14] MIRKO.POZEN: Début d'Upload de D:\kerberos.htx\elasticsearch-7.14.0\jdk\legal\jdk.jfr\ASSEMBLY_EXCEPTION
[13:38:14] - [14] MIRKO.POZEN: Fichier Upload: D:\kerberos.htx\elasticsearch-7.14.0\jdk\legal\jdk.jfr\ASSEMBLY_EXCEPTION (0,04 K/S -    44 bytes)
[13:38:14] - [14] MIRKO.POZEN: Début d'Upload de D:\kerberos.htx\elasticsearch-7.14.0\jdk\legal\jdk.jfr\LICENSE
[13:38:14] - [14] MIRKO.POZEN: Fichier Upload: D:\kerberos.htx\elasticsearch-7.14.0\jdk\legal\jdk.jfr\LICENSE (0,03 K/S -    33 bytes)
[13:38:14] - [14] MIRKO.POZEN: Répertoire en Cours: D:\kerberos.htx\elasticsearch-7.14.0\jdk\legal\jdk.jlink\
[13:38:14] - [14] MIRKO.POZEN: Début d'Upload de D:\kerberos.htx\elasticsearch-7.14.0\jdk\legal\jdk.jlink\ADDITIONAL_LICENSE_INFO
[13:38:14] - [14] MIRKO.POZEN: Fichier Upload: D:\kerberos.htx\elasticsearch-7.14.0\jdk\legal\jdk.jlink\ADDITIONAL_LICENSE_INFO (0,05 K/S -    49 bytes)
[13:38:15] - [14] MIRKO.POZEN: Début d'Upload de D:\kerberos.htx\elasticsearch-7.14.0\jdk\legal\jdk.jlink\ASSEMBLY_EXCEPTION
[13:38:15] - [14] MIRKO.POZEN: Fichier Upload: D:\kerberos.htx\elasticsearch-7.14.0\jdk\legal\jdk.jlink\ASSEMBLY_EXCEPTION (0,04 K/S -    44 bytes)
[13:38:15] - [14] MIRKO.POZEN: Début d'Upload de D:\kerberos.htx\elasticsearch-7.14.0\jdk\legal\jdk.jlink\LICENSE
[13:38:15] - [14] MIRKO.POZEN: Fichier Upload: D:\kerberos.htx\elasticsearch-7.14.0\jdk\legal\jdk.jlink\LICENSE (0,03 K/S -    33 bytes)
[13:38:15] - [14] MIRKO.POZEN: Répertoire en Cours: D:\kerberos.htx\elasticsearch-7.14.0\jdk\legal\jdk.jpackage\
[13:38:15] - [14] MIRKO.POZEN: Début d'Upload de D:\kerberos.htx\elasticsearch-7.14.0\jdk\legal\jdk.jpackage\ADDITIONAL_LICENSE_INFO
[13:38:15] - [14] MIRKO.POZEN: Fichier Upload: D:\kerberos.htx\elasticsearch-7.14.0\jdk\legal\jdk.jpackage\ADDITIONAL_LICENSE_INFO (0,05 K/S -    49 bytes)
[13:38:15] - [14] MIRKO.POZEN: Début d'Upload de D:\kerberos.htx\elasticsearch-7.14.0\jdk\legal\jdk.jpackage\ASSEMBLY_EXCEPTION
[13:38:15] - [14] MIRKO.POZEN: Fichier Upload: D:\kerberos.htx\elasticsearch-7.14.0\jdk\legal\jdk.jpackage\ASSEMBLY_EXCEPTION (0,04 K/S -    44 bytes)
[13:38:16] - [14] MIRKO.POZEN: Début d'Upload de D:\kerberos.htx\elasticsearch-7.14.0\jdk\legal\jdk.jpackage\LICENSE
[13:38:16] - [14] MIRKO.POZEN: Fichier Upload: D:\kerberos.htx\elasticsearch-7.14.0\jdk\legal\jdk.jpackage\LICENSE (0,03 K/S -    33 bytes)
[13:38:16] - [14] MIRKO.POZEN: Répertoire en Cours: D:\kerberos.htx\elasticsearch-7.14.0\jdk\legal\jdk.jshell\
[13:38:16] - [14] MIRKO.POZEN: Début d'Upload de D:\kerberos.htx\elasticsearch-7.14.0\jdk\legal\jdk.jshell\ADDITIONAL_LICENSE_INFO
[13:38:16] - [14] MIRKO.POZEN: Fichier Upload: D:\kerberos.htx\elasticsearch-7.14.0\jdk\legal\jdk.jshell\ADDITIONAL_LICENSE_INFO (0,05 K/S -    49 bytes)
[13:38:16] - [14] MIRKO.POZEN: Début d'Upload de D:\kerberos.htx\elasticsearch-7.14.0\jdk\legal\jdk.jshell\ASSEMBLY_EXCEPTION
[13:38:16] - [14] MIRKO.POZEN: Fichier Upload: D:\kerberos.htx\elasticsearch-7.14.0\jdk\legal\jdk.jshell\ASSEMBLY_EXCEPTION (0,04 K/S -    44 bytes)
[13:38:17] - [14] MIRKO.POZEN: Début d'Upload de D:\kerberos.htx\elasticsearch-7.14.0\jdk\legal\jdk.jshell\LICENSE
[13:38:17] - [14] MIRKO.POZEN: Fichier Upload: D:\kerberos.htx\elasticsearch-7.14.0\jdk\legal\jdk.jshell\LICENSE (0,03 K/S -    33 bytes)
[13:38:17] - [14] MIRKO.POZEN: Répertoire en Cours: D:\kerberos.htx\elasticsearch-7.14.0\jdk\legal\jdk.jsobject\
[13:38:17] - [14] MIRKO.POZEN: Début d'Upload de D:\kerberos.htx\elasticsearch-7.14.0\jdk\legal\jdk.jsobject\ADDITIONAL_LICENSE_INFO
[13:38:17] - [14] MIRKO.POZEN: Fichier Upload: D:\kerberos.htx\elasticsearch-7.14.0\jdk\legal\jdk.jsobject\ADDITIONAL_LICENSE_INFO (0,05 K/S -    49 bytes)
[13:38:17] - [14] MIRKO.POZEN: Début d'Upload de D:\kerberos.htx\elasticsearch-7.14.0\jdk\legal\jdk.jsobject\ASSEMBLY_EXCEPTION
[13:38:17] - [14] MIRKO.POZEN: Fichier Upload: D:\kerberos.htx\elasticsearch-7.14.0\jdk\legal\jdk.jsobject\ASSEMBLY_EXCEPTION (0,04 K/S -    44 bytes)
[13:38:17] - [14] MIRKO.POZEN: Début d'Upload de D:\kerberos.htx\elasticsearch-7.14.0\jdk\legal\jdk.jsobject\LICENSE
[13:38:17] - [14] MIRKO.POZEN: Fichier Upload: D:\kerberos.htx\elasticsearch-7.14.0\jdk\legal\jdk.jsobject\LICENSE (0,03 K/S -    33 bytes)
[13:38:18] - [14] MIRKO.POZEN: Répertoire en Cours: D:\kerberos.htx\elasticsearch-7.14.0\jdk\legal\jdk.jstatd\
[13:38:18] - [14] MIRKO.POZEN: Début d'Upload de D:\kerberos.htx\elasticsearch-7.14.0\jdk\legal\jdk.jstatd\ADDITIONAL_LICENSE_INFO
[13:38:18] - [14] MIRKO.POZEN: Fichier Upload: D:\kerberos.htx\elasticsearch-7.14.0\jdk\legal\jdk.jstatd\ADDITIONAL_LICENSE_INFO (0,05 K/S -    49 bytes)
[13:38:18] - [14] MIRKO.POZEN: Début d'Upload de D:\kerberos.htx\elasticsearch-7.14.0\jdk\legal\jdk.jstatd\ASSEMBLY_EXCEPTION
[13:38:18] - [14] MIRKO.POZEN: Fichier Upload: D:\kerberos.htx\elasticsearch-7.14.0\jdk\legal\jdk.jstatd\ASSEMBLY_EXCEPTION (0,04 K/S -    44 bytes)
[13:38:18] - [14] MIRKO.POZEN: Début d'Upload de D:\kerberos.htx\elasticsearch-7.14.0\jdk\legal\jdk.jstatd\LICENSE
[13:38:18] - [14] MIRKO.POZEN: Fichier Upload: D:\kerberos.htx\elasticsearch-7.14.0\jdk\legal\jdk.jstatd\LICENSE (0,03 K/S -    33 bytes)
[13:38:19] - [14] MIRKO.POZEN: Répertoire en Cours: D:\kerberos.htx\elasticsearch-7.14.0\jdk\legal\jdk.localedata\
[13:38:19] - [14] MIRKO.POZEN: Début d'Upload de D:\kerberos.htx\elasticsearch-7.14.0\jdk\legal\jdk.localedata\ADDITIONAL_LICENSE_INFO
[13:38:19] - [14] MIRKO.POZEN: Fichier Upload: D:\kerberos.htx\elasticsearch-7.14.0\jdk\legal\jdk.localedata\ADDITIONAL_LICENSE_INFO (0,05 K/S -    49 bytes)
[13:38:19] - [14] MIRKO.POZEN: Début d'Upload de D:\kerberos.htx\elasticsearch-7.14.0\jdk\legal\jdk.localedata\ASSEMBLY_EXCEPTION
[13:38:19] - [14] MIRKO.POZEN: Fichier Upload: D:\kerberos.htx\elasticsearch-7.14.0\jdk\legal\jdk.localedata\ASSEMBLY_EXCEPTION (0,04 K/S -    44 bytes)
[13:38:19] - [14] MIRKO.POZEN: Début d'Upload de D:\kerberos.htx\elasticsearch-7.14.0\jdk\legal\jdk.localedata\cldr.md
[13:38:19] - [14] MIRKO.POZEN: Fichier Upload: D:\kerberos.htx\elasticsearch-7.14.0\jdk\legal\jdk.localedata\cldr.md (0,03 K/S -    33 bytes)
[13:38:19] - [14] MIRKO.POZEN: Début d'Upload de D:\kerberos.htx\elasticsearch-7.14.0\jdk\legal\jdk.localedata\LICENSE
[13:38:19] - [14] MIRKO.POZEN: Fichier Upload: D:\kerberos.htx\elasticsearch-7.14.0\jdk\legal\jdk.localedata\LICENSE (0,03 K/S -    33 bytes)
[13:38:20] - [14] MIRKO.POZEN: Début d'Upload de D:\kerberos.htx\elasticsearch-7.14.0\jdk\legal\jdk.localedata\thaidict.md
[13:38:20] - [14] MIRKO.POZEN: Fichier Upload: D:\kerberos.htx\elasticsearch-7.14.0\jdk\legal\jdk.localedata\thaidict.md (1,31 K/S -   1 346 bytes)
[13:38:20] - [14] MIRKO.POZEN: Répertoire en Cours: D:\kerberos.htx\elasticsearch-7.14.0\jdk\legal\jdk.management\
[13:38:20] - [14] MIRKO.POZEN: Début d'Upload de D:\kerberos.htx\elasticsearch-7.14.0\jdk\legal\jdk.management\ADDITIONAL_LICENSE_INFO
[13:38:20] - [14] MIRKO.POZEN: Fichier Upload: D:\kerberos.htx\elasticsearch-7.14.0\jdk\legal\jdk.management\ADDITIONAL_LICENSE_INFO (0,05 K/S -    49 bytes)
[13:38:20] - [14] MIRKO.POZEN: Début d'Upload de D:\kerberos.htx\elasticsearch-7.14.0\jdk\legal\jdk.management\ASSEMBLY_EXCEPTION
[13:38:20] - [14] MIRKO.POZEN: Fichier Upload: D:\kerberos.htx\elasticsearch-7.14.0\jdk\legal\jdk.management\ASSEMBLY_EXCEPTION (0,04 K/S -    44 bytes)
[13:38:21] - [14] MIRKO.POZEN: Début d'Upload de D:\kerberos.htx\elasticsearch-7.14.0\jdk\legal\jdk.management\LICENSE
[13:38:21] - [14] MIRKO.POZEN: Fichier Upload: D:\kerberos.htx\elasticsearch-7.14.0\jdk\legal\jdk.management\LICENSE (0,03 K/S -    33 bytes)
[13:38:21] - [14] MIRKO.POZEN: Répertoire en Cours: D:\kerberos.htx\elasticsearch-7.14.0\jdk\legal\jdk.management.agent\
[13:38:21] - [14] MIRKO.POZEN: Début d'Upload de D:\kerberos.htx\elasticsearch-7.14.0\jdk\legal\jdk.management.agent\ADDITIONAL_LICENSE_INFO
[13:38:21] - [14] MIRKO.POZEN: Fichier Upload: D:\kerberos.htx\elasticsearch-7.14.0\jdk\legal\jdk.management.agent\ADDITIONAL_LICENSE_INFO (0,05 K/S -    49 bytes)
[13:38:21] - [14] MIRKO.POZEN: Début d'Upload de D:\kerberos.htx\elasticsearch-7.14.0\jdk\legal\jdk.management.agent\ASSEMBLY_EXCEPTION
[13:38:21] - [14] MIRKO.POZEN: Fichier Upload: D:\kerberos.htx\elasticsearch-7.14.0\jdk\legal\jdk.management.agent\ASSEMBLY_EXCEPTION (0,04 K/S -    44 bytes)
[13:38:21] - [14] MIRKO.POZEN: Début d'Upload de D:\kerberos.htx\elasticsearch-7.14.0\jdk\legal\jdk.management.agent\LICENSE
[13:38:21] - [14] MIRKO.POZEN: Fichier Upload: D:\kerberos.htx\elasticsearch-7.14.0\jdk\legal\jdk.management.agent\LICENSE (0,03 K/S -    33 bytes)
[13:38:22] - [14] MIRKO.POZEN: Répertoire en Cours: D:\kerberos.htx\elasticsearch-7.14.0\jdk\legal\jdk.management.jfr\
[13:38:22] - [14] MIRKO.POZEN: Début d'Upload de D:\kerberos.htx\elasticsearch-7.14.0\jdk\legal\jdk.management.jfr\ADDITIONAL_LICENSE_INFO
[13:38:22] - [14] MIRKO.POZEN: Fichier Upload: D:\kerberos.htx\elasticsearch-7.14.0\jdk\legal\jdk.management.jfr\ADDITIONAL_LICENSE_INFO (0,05 K/S -    49 bytes)
[13:38:22] - [14] MIRKO.POZEN: Début d'Upload de D:\kerberos.htx\elasticsearch-7.14.0\jdk\legal\jdk.management.jfr\ASSEMBLY_EXCEPTION
[13:38:22] - [14] MIRKO.POZEN: Fichier Upload: D:\kerberos.htx\elasticsearch-7.14.0\jdk\legal\jdk.management.jfr\ASSEMBLY_EXCEPTION (0,04 K/S -    44 bytes)
[13:38:22] - [14] MIRKO.POZEN: Début d'Upload de D:\kerberos.htx\elasticsearch-7.14.0\jdk\legal\jdk.management.jfr\LICENSE
[13:38:22] - [14] MIRKO.POZEN: Fichier Upload: D:\kerberos.htx\elasticsearch-7.14.0\jdk\legal\jdk.management.jfr\LICENSE (0,03 K/S -    33 bytes)
[13:38:23] - [14] MIRKO.POZEN: Répertoire en Cours: D:\kerberos.htx\elasticsearch-7.14.0\jdk\legal\jdk.naming.dns\
[13:38:23] - [14] MIRKO.POZEN: Début d'Upload de D:\kerberos.htx\elasticsearch-7.14.0\jdk\legal\jdk.naming.dns\ADDITIONAL_LICENSE_INFO
[13:38:23] - [14] MIRKO.POZEN: Fichier Upload: D:\kerberos.htx\elasticsearch-7.14.0\jdk\legal\jdk.naming.dns\ADDITIONAL_LICENSE_INFO (0,05 K/S -    49 bytes)
[13:38:23] - [14] MIRKO.POZEN: Début d'Upload de D:\kerberos.htx\elasticsearch-7.14.0\jdk\legal\jdk.naming.dns\ASSEMBLY_EXCEPTION
[13:38:23] - [14] MIRKO.POZEN: Fichier Upload: D:\kerberos.htx\elasticsearch-7.14.0\jdk\legal\jdk.naming.dns\ASSEMBLY_EXCEPTION (0,04 K/S -    44 bytes)
[13:38:23] - [14] MIRKO.POZEN: Début d'Upload de D:\kerberos.htx\elasticsearch-7.14.0\jdk\legal\jdk.naming.dns\LICENSE
[13:38:23] - [14] MIRKO.POZEN: Fichier Upload: D:\kerberos.htx\elasticsearch-7.14.0\jdk\legal\jdk.naming.dns\LICENSE (0,03 K/S -    33 bytes)
[13:38:23] - [14] MIRKO.POZEN: Répertoire en Cours: D:\kerberos.htx\elasticsearch-7.14.0\jdk\legal\jdk.naming.rmi\
[13:38:24] - [14] MIRKO.POZEN: Début d'Upload de D:\kerberos.htx\elasticsearch-7.14.0\jdk\legal\jdk.naming.rmi\ADDITIONAL_LICENSE_INFO
[13:38:24] - [14] MIRKO.POZEN: Fichier Upload: D:\kerberos.htx\elasticsearch-7.14.0\jdk\legal\jdk.naming.rmi\ADDITIONAL_LICENSE_INFO (0,05 K/S -    49 bytes)
[13:38:24] - [14] MIRKO.POZEN: Début d'Upload de D:\kerberos.htx\elasticsearch-7.14.0\jdk\legal\jdk.naming.rmi\ASSEMBLY_EXCEPTION
[13:38:24] - [14] MIRKO.POZEN: Fichier Upload: D:\kerberos.htx\elasticsearch-7.14.0\jdk\legal\jdk.naming.rmi\ASSEMBLY_EXCEPTION (0,04 K/S -    44 bytes)
[13:38:24] - [14] MIRKO.POZEN: Début d'Upload de D:\kerberos.htx\elasticsearch-7.14.0\jdk\legal\jdk.naming.rmi\LICENSE
[13:38:24] - [14] MIRKO.POZEN: Fichier Upload: D:\kerberos.htx\elasticsearch-7.14.0\jdk\legal\jdk.naming.rmi\LICENSE (0,03 K/S -    33 bytes)
[13:38:24] - [14] MIRKO.POZEN: Répertoire en Cours: D:\kerberos.htx\elasticsearch-7.14.0\jdk\legal\jdk.net\
[13:38:25] - [14] MIRKO.POZEN: Début d'Upload de D:\kerberos.htx\elasticsearch-7.14.0\jdk\legal\jdk.net\ADDITIONAL_LICENSE_INFO
[13:38:25] - [14] MIRKO.POZEN: Fichier Upload: D:\kerberos.htx\elasticsearch-7.14.0\jdk\legal\jdk.net\ADDITIONAL_LICENSE_INFO (0,05 K/S -    49 bytes)
[13:38:25] - [14] MIRKO.POZEN: Début d'Upload de D:\kerberos.htx\elasticsearch-7.14.0\jdk\legal\jdk.net\ASSEMBLY_EXCEPTION
[13:38:25] - [14] MIRKO.POZEN: Fichier Upload: D:\kerberos.htx\elasticsearch-7.14.0\jdk\legal\jdk.net\ASSEMBLY_EXCEPTION (0,04 K/S -    44 bytes)
[13:38:25] - [14] MIRKO.POZEN: Début d'Upload de D:\kerberos.htx\elasticsearch-7.14.0\jdk\legal\jdk.net\LICENSE
[13:38:25] - [14] MIRKO.POZEN: Fichier Upload: D:\kerberos.htx\elasticsearch-7.14.0\jdk\legal\jdk.net\LICENSE (0,03 K/S -    33 bytes)
[13:38:25] - [14] MIRKO.POZEN: Répertoire en Cours: D:\kerberos.htx\elasticsearch-7.14.0\jdk\legal\jdk.nio.mapmode\
[13:38:25] - [14] MIRKO.POZEN: Début d'Upload de D:\kerberos.htx\elasticsearch-7.14.0\jdk\legal\jdk.nio.mapmode\ADDITIONAL_LICENSE_INFO
[13:38:25] - [14] MIRKO.POZEN: Fichier Upload: D:\kerberos.htx\elasticsearch-7.14.0\jdk\legal\jdk.nio.mapmode\ADDITIONAL_LICENSE_INFO (0,05 K/S -    49 bytes)
[13:38:26] - [14] MIRKO.POZEN: Début d'Upload de D:\kerberos.htx\elasticsearch-7.14.0\jdk\legal\jdk.nio.mapmode\ASSEMBLY_EXCEPTION
[13:38:26] - [14] MIRKO.POZEN: Fichier Upload: D:\kerberos.htx\elasticsearch-7.14.0\jdk\legal\jdk.nio.mapmode\ASSEMBLY_EXCEPTION (0,04 K/S -    44 bytes)
[13:38:26] - [14] MIRKO.POZEN: Début d'Upload de D:\kerberos.htx\elasticsearch-7.14.0\jdk\legal\jdk.nio.mapmode\LICENSE
[13:38:26] - [14] MIRKO.POZEN: Fichier Upload: D:\kerberos.htx\elasticsearch-7.14.0\jdk\legal\jdk.nio.mapmode\LICENSE (0,03 K/S -    33 bytes)
[13:38:26] - [14] MIRKO.POZEN: Répertoire en Cours: D:\kerberos.htx\elasticsearch-7.14.0\jdk\legal\jdk.sctp\
[13:38:26] - [14] MIRKO.POZEN: Début d'Upload de D:\kerberos.htx\elasticsearch-7.14.0\jdk\legal\jdk.sctp\ADDITIONAL_LICENSE_INFO
[13:38:26] - [14] MIRKO.POZEN: Fichier Upload: D:\kerberos.htx\elasticsearch-7.14.0\jdk\legal\jdk.sctp\ADDITIONAL_LICENSE_INFO (0,05 K/S -    49 bytes)
[13:38:27] - [14] MIRKO.POZEN: Début d'Upload de D:\kerberos.htx\elasticsearch-7.14.0\jdk\legal\jdk.sctp\ASSEMBLY_EXCEPTION
[13:38:27] - [14] MIRKO.POZEN: Fichier Upload: D:\kerberos.htx\elasticsearch-7.14.0\jdk\legal\jdk.sctp\ASSEMBLY_EXCEPTION (0,04 K/S -    44 bytes)
[13:38:27] - [14] MIRKO.POZEN: Début d'Upload de D:\kerberos.htx\elasticsearch-7.14.0\jdk\legal\jdk.sctp\LICENSE
[13:38:27] - [14] MIRKO.POZEN: Fichier Upload: D:\kerberos.htx\elasticsearch-7.14.0\jdk\legal\jdk.sctp\LICENSE (0,03 K/S -    33 bytes)
[13:38:27] - [14] MIRKO.POZEN: Répertoire en Cours: D:\kerberos.htx\elasticsearch-7.14.0\jdk\legal\jdk.security.auth\
[13:38:27] - [14] MIRKO.POZEN: Début d'Upload de D:\kerberos.htx\elasticsearch-7.14.0\jdk\legal\jdk.security.auth\ADDITIONAL_LICENSE_INFO
[13:38:27] - [14] MIRKO.POZEN: Fichier Upload: D:\kerberos.htx\elasticsearch-7.14.0\jdk\legal\jdk.security.auth\ADDITIONAL_LICENSE_INFO (0,05 K/S -    49 bytes)
[13:38:27] - [14] MIRKO.POZEN: Début d'Upload de D:\kerberos.htx\elasticsearch-7.14.0\jdk\legal\jdk.security.auth\ASSEMBLY_EXCEPTION
[13:38:27] - [14] MIRKO.POZEN: Fichier Upload: D:\kerberos.htx\elasticsearch-7.14.0\jdk\legal\jdk.security.auth\ASSEMBLY_EXCEPTION (0,04 K/S -    44 bytes)
[13:38:28] - [14] MIRKO.POZEN: Début d'Upload de D:\kerberos.htx\elasticsearch-7.14.0\jdk\legal\jdk.security.auth\LICENSE
[13:38:28] - [14] MIRKO.POZEN: Fichier Upload: D:\kerberos.htx\elasticsearch-7.14.0\jdk\legal\jdk.security.auth\LICENSE (0,03 K/S -    33 bytes)
[13:38:28] - [14] MIRKO.POZEN: Répertoire en Cours: D:\kerberos.htx\elasticsearch-7.14.0\jdk\legal\jdk.security.jgss\
[13:38:28] - [14] MIRKO.POZEN: Début d'Upload de D:\kerberos.htx\elasticsearch-7.14.0\jdk\legal\jdk.security.jgss\ADDITIONAL_LICENSE_INFO
[13:38:28] - [14] MIRKO.POZEN: Fichier Upload: D:\kerberos.htx\elasticsearch-7.14.0\jdk\legal\jdk.security.jgss\ADDITIONAL_LICENSE_INFO (0,05 K/S -    49 bytes)
[13:38:28] - [14] MIRKO.POZEN: Début d'Upload de D:\kerberos.htx\elasticsearch-7.14.0\jdk\legal\jdk.security.jgss\ASSEMBLY_EXCEPTION
[13:38:28] - [14] MIRKO.POZEN: Fichier Upload: D:\kerberos.htx\elasticsearch-7.14.0\jdk\legal\jdk.security.jgss\ASSEMBLY_EXCEPTION (0,04 K/S -    44 bytes)
[13:38:29] - [14] MIRKO.POZEN: Début d'Upload de D:\kerberos.htx\elasticsearch-7.14.0\jdk\legal\jdk.security.jgss\LICENSE
[13:38:29] - [14] MIRKO.POZEN: Fichier Upload: D:\kerberos.htx\elasticsearch-7.14.0\jdk\legal\jdk.security.jgss\LICENSE (0,03 K/S -    33 bytes)
[13:38:29] - [14] MIRKO.POZEN: Répertoire en Cours: D:\kerberos.htx\elasticsearch-7.14.0\jdk\legal\jdk.unsupported\
[13:38:29] - [14] MIRKO.POZEN: Début d'Upload de D:\kerberos.htx\elasticsearch-7.14.0\jdk\legal\jdk.unsupported\ADDITIONAL_LICENSE_INFO
[13:38:29] - [14] MIRKO.POZEN: Fichier Upload: D:\kerberos.htx\elasticsearch-7.14.0\jdk\legal\jdk.unsupported\ADDITIONAL_LICENSE_INFO (0,05 K/S -    49 bytes)
[13:38:29] - [14] MIRKO.POZEN: Début d'Upload de D:\kerberos.htx\elasticsearch-7.14.0\jdk\legal\jdk.unsupported\ASSEMBLY_EXCEPTION
[13:38:29] - [14] MIRKO.POZEN: Fichier Upload: D:\kerberos.htx\elasticsearch-7.14.0\jdk\legal\jdk.unsupported\ASSEMBLY_EXCEPTION (0,04 K/S -    44 bytes)
[13:38:29] - [14] MIRKO.POZEN: Début d'Upload de D:\kerberos.htx\elasticsearch-7.14.0\jdk\legal\jdk.unsupported\LICENSE
[13:38:29] - [14] MIRKO.POZEN: Fichier Upload: D:\kerberos.htx\elasticsearch-7.14.0\jdk\legal\jdk.unsupported\LICENSE (0,03 K/S -    33 bytes)
[13:38:30] - [14] MIRKO.POZEN: Répertoire en Cours: D:\kerberos.htx\elasticsearch-7.14.0\jdk\legal\jdk.unsupported.desktop\
[13:38:30] - [14] MIRKO.POZEN: Début d'Upload de D:\kerberos.htx\elasticsearch-7.14.0\jdk\legal\jdk.unsupported.desktop\ADDITIONAL_LICENSE_INFO
[13:38:30] - [14] MIRKO.POZEN: Fichier Upload: D:\kerberos.htx\elasticsearch-7.14.0\jdk\legal\jdk.unsupported.desktop\ADDITIONAL_LICENSE_INFO (0,05 K/S -    49 bytes)
[13:38:30] - [14] MIRKO.POZEN: Début d'Upload de D:\kerberos.htx\elasticsearch-7.14.0\jdk\legal\jdk.unsupported.desktop\ASSEMBLY_EXCEPTION
[13:38:30] - [14] MIRKO.POZEN: Fichier Upload: D:\kerberos.htx\elasticsearch-7.14.0\jdk\legal\jdk.unsupported.desktop\ASSEMBLY_EXCEPTION (0,04 K/S -    44 bytes)
[13:38:30] - [14] MIRKO.POZEN: Début d'Upload de D:\kerberos.htx\elasticsearch-7.14.0\jdk\legal\jdk.unsupported.desktop\LICENSE
[13:38:30] - [14] MIRKO.POZEN: Fichier Upload: D:\kerberos.htx\elasticsearch-7.14.0\jdk\legal\jdk.unsupported.desktop\LICENSE (0,03 K/S -    33 bytes)
[13:38:31] - [14] MIRKO.POZEN: Répertoire en Cours: D:\kerberos.htx\elasticsearch-7.14.0\jdk\legal\jdk.xml.dom\
[13:38:31] - [14] MIRKO.POZEN: Début d'Upload de D:\kerberos.htx\elasticsearch-7.14.0\jdk\legal\jdk.xml.dom\ADDITIONAL_LICENSE_INFO
[13:38:31] - [14] MIRKO.POZEN: Fichier Upload: D:\kerberos.htx\elasticsearch-7.14.0\jdk\legal\jdk.xml.dom\ADDITIONAL_LICENSE_INFO (0,05 K/S -    49 bytes)
[13:38:31] - [14] MIRKO.POZEN: Début d'Upload de D:\kerberos.htx\elasticsearch-7.14.0\jdk\legal\jdk.xml.dom\ASSEMBLY_EXCEPTION
[13:38:31] - [14] MIRKO.POZEN: Fichier Upload: D:\kerberos.htx\elasticsearch-7.14.0\jdk\legal\jdk.xml.dom\ASSEMBLY_EXCEPTION (0,04 K/S -    44 bytes)
[13:38:31] - [14] MIRKO.POZEN: Début d'Upload de D:\kerberos.htx\elasticsearch-7.14.0\jdk\legal\jdk.xml.dom\LICENSE
[13:38:31] - [14] MIRKO.POZEN: Fichier Upload: D:\kerberos.htx\elasticsearch-7.14.0\jdk\legal\jdk.xml.dom\LICENSE (0,03 K/S -    33 bytes)
[13:38:31] - [14] MIRKO.POZEN: Répertoire en Cours: D:\kerberos.htx\elasticsearch-7.14.0\jdk\legal\jdk.zipfs\
[13:38:32] - [14] MIRKO.POZEN: Début d'Upload de D:\kerberos.htx\elasticsearch-7.14.0\jdk\legal\jdk.zipfs\ADDITIONAL_LICENSE_INFO
[13:38:32] - [14] MIRKO.POZEN: Fichier Upload: D:\kerberos.htx\elasticsearch-7.14.0\jdk\legal\jdk.zipfs\ADDITIONAL_LICENSE_INFO (0,05 K/S -    49 bytes)
[13:38:32] - [14] MIRKO.POZEN: Début d'Upload de D:\kerberos.htx\elasticsearch-7.14.0\jdk\legal\jdk.zipfs\ASSEMBLY_EXCEPTION
[13:38:32] - [14] MIRKO.POZEN: Fichier Upload: D:\kerberos.htx\elasticsearch-7.14.0\jdk\legal\jdk.zipfs\ASSEMBLY_EXCEPTION (0,04 K/S -    44 bytes)
[13:38:32] - [14] MIRKO.POZEN: Début d'Upload de D:\kerberos.htx\elasticsearch-7.14.0\jdk\legal\jdk.zipfs\LICENSE
[13:38:32] - [14] MIRKO.POZEN: Fichier Upload: D:\kerberos.htx\elasticsearch-7.14.0\jdk\legal\jdk.zipfs\LICENSE (0,03 K/S -    33 bytes)
[13:38:32] - [14] MIRKO.POZEN: Répertoire en Cours: D:\kerberos.htx\elasticsearch-7.14.0\jdk\lib\
[13:38:32] - [14] MIRKO.POZEN: Début d'Upload de D:\kerberos.htx\elasticsearch-7.14.0\jdk\lib\classlist
[13:38:32] - [14] MIRKO.POZEN: Fichier Upload: D:\kerberos.htx\elasticsearch-7.14.0\jdk\lib\classlist (70,86 K/S -   72 558 bytes)
[13:38:33] - [14] MIRKO.POZEN: Début d'Upload de D:\kerberos.htx\elasticsearch-7.14.0\jdk\lib\ct.sym
[13:38:37] - [14] MIRKO.POZEN: Fichier Upload: D:\kerberos.htx\elasticsearch-7.14.0\jdk\lib\ct.sym (1 476,40 K/S -  7 559 372 bytes)
[13:38:37] - [14] MIRKO.POZEN: Début d'Upload de D:\kerberos.htx\elasticsearch-7.14.0\jdk\lib\fontconfig.bfc
[13:38:37] - [14] MIRKO.POZEN: Fichier Upload: D:\kerberos.htx\elasticsearch-7.14.0\jdk\lib\fontconfig.bfc (4,52 K/S -   4 630 bytes)
[13:38:38] - [14] MIRKO.POZEN: Début d'Upload de D:\kerberos.htx\elasticsearch-7.14.0\jdk\lib\fontconfig.properties.src
[13:38:38] - [14] MIRKO.POZEN: Fichier Upload: D:\kerberos.htx\elasticsearch-7.14.0\jdk\lib\fontconfig.properties.src (12,06 K/S -   12 345 bytes)
[13:38:38] - [14] MIRKO.POZEN: Début d'Upload de D:\kerberos.htx\elasticsearch-7.14.0\jdk\lib\jawt.lib
[13:38:38] - [14] MIRKO.POZEN: Fichier Upload: D:\kerberos.htx\elasticsearch-7.14.0\jdk\lib\jawt.lib (1,64 K/S -   1 682 bytes)
[13:38:38] - [14] MIRKO.POZEN: Répertoire en Cours: D:\kerberos.htx\elasticsearch-7.14.0\jdk\lib\jfr\
[13:38:38] - [14] MIRKO.POZEN: Début d'Upload de D:\kerberos.htx\elasticsearch-7.14.0\jdk\lib\jfr\default.jfc
[13:38:38] - [14] MIRKO.POZEN: Fichier Upload: D:\kerberos.htx\elasticsearch-7.14.0\jdk\lib\jfr\default.jfc (33,77 K/S -   34 580 bytes)
[13:38:39] - [14] MIRKO.POZEN: Début d'Upload de D:\kerberos.htx\elasticsearch-7.14.0\jdk\lib\jfr\profile.jfc
[13:38:39] - [14] MIRKO.POZEN: Fichier Upload: D:\kerberos.htx\elasticsearch-7.14.0\jdk\lib\jfr\profile.jfc (33,72 K/S -   34 527 bytes)
[13:38:39] - [14] MIRKO.POZEN: Répertoire en Cours: D:\kerberos.htx\elasticsearch-7.14.0\jdk\lib\
[13:38:39] - [14] MIRKO.POZEN: Début d'Upload de D:\kerberos.htx\elasticsearch-7.14.0\jdk\lib\jrt-fs.jar
[13:38:39] - [14] MIRKO.POZEN: Fichier Upload: D:\kerberos.htx\elasticsearch-7.14.0\jdk\lib\jrt-fs.jar (106,47 K/S -   109 028 bytes)
[13:38:39] - [14] MIRKO.POZEN: Début d'Upload de D:\kerberos.htx\elasticsearch-7.14.0\jdk\lib\jvm.cfg
[13:38:39] - [14] MIRKO.POZEN: Fichier Upload: D:\kerberos.htx\elasticsearch-7.14.0\jdk\lib\jvm.cfg (0,03 K/S -    29 bytes)
[13:38:39] - [14] MIRKO.POZEN: Début d'Upload de D:\kerberos.htx\elasticsearch-7.14.0\jdk\lib\jvm.lib
[13:38:40] - [14] MIRKO.POZEN: Fichier Upload: D:\kerberos.htx\elasticsearch-7.14.0\jdk\lib\jvm.lib (990,38 K/S -  1 014 148 bytes)
[13:38:40] - [14] MIRKO.POZEN: Début d'Upload de D:\kerberos.htx\elasticsearch-7.14.0\jdk\lib\modules
[13:40:08] - [14] MIRKO.POZEN: Fichier Upload: D:\kerberos.htx\elasticsearch-7.14.0\jdk\lib\modules (1 592,00 K/S -  143 456 941 bytes)
[13:40:08] - [14] MIRKO.POZEN: Début d'Upload de D:\kerberos.htx\elasticsearch-7.14.0\jdk\lib\psfont.properties.ja
[13:40:08] - [14] MIRKO.POZEN: Fichier Upload: D:\kerberos.htx\elasticsearch-7.14.0\jdk\lib\psfont.properties.ja (3,70 K/S -   3 793 bytes)
[13:40:08] - [14] MIRKO.POZEN: Début d'Upload de D:\kerberos.htx\elasticsearch-7.14.0\jdk\lib\psfontj2d.properties
[13:40:08] - [14] MIRKO.POZEN: Fichier Upload: D:\kerberos.htx\elasticsearch-7.14.0\jdk\lib\psfontj2d.properties (11,12 K/S -   11 390 bytes)
[13:40:08] - [14] MIRKO.POZEN: Répertoire en Cours: D:\kerberos.htx\elasticsearch-7.14.0\jdk\lib\security\
[13:40:09] - [14] MIRKO.POZEN: Début d'Upload de D:\kerberos.htx\elasticsearch-7.14.0\jdk\lib\security\blacklisted.certs
[13:40:09] - [14] MIRKO.POZEN: Fichier Upload: D:\kerberos.htx\elasticsearch-7.14.0\jdk\lib\security\blacklisted.certs (2,47 K/S -   2 527 bytes)
[13:40:09] - [14] MIRKO.POZEN: Début d'Upload de D:\kerberos.htx\elasticsearch-7.14.0\jdk\lib\security\cacerts
[13:40:09] - [14] MIRKO.POZEN: Fichier Upload: D:\kerberos.htx\elasticsearch-7.14.0\jdk\lib\security\cacerts (153,41 K/S -   157 096 bytes)
[13:40:09] - [14] MIRKO.POZEN: Début d'Upload de D:\kerberos.htx\elasticsearch-7.14.0\jdk\lib\security\default.policy
[13:40:09] - [14] MIRKO.POZEN: Fichier Upload: D:\kerberos.htx\elasticsearch-7.14.0\jdk\lib\security\default.policy (10,01 K/S -   10 248 bytes)
[13:40:09] - [14] MIRKO.POZEN: Début d'Upload de D:\kerberos.htx\elasticsearch-7.14.0\jdk\lib\security\public_suffix_list.dat
[13:40:09] - [14] MIRKO.POZEN: Fichier Upload: D:\kerberos.htx\elasticsearch-7.14.0\jdk\lib\security\public_suffix_list.dat (228,98 K/S -   234 478 bytes)
[13:40:09] - [14] MIRKO.POZEN: Répertoire en Cours: D:\kerberos.htx\elasticsearch-7.14.0\jdk\lib\
[13:40:09] - [14] MIRKO.POZEN: Début d'Upload de D:\kerberos.htx\elasticsearch-7.14.0\jdk\lib\tzdb.dat
[13:40:09] - [14] MIRKO.POZEN: Fichier Upload: D:\kerberos.htx\elasticsearch-7.14.0\jdk\lib\tzdb.dat (105,39 K/S -   107 921 bytes)
[13:40:10] - [14] MIRKO.POZEN: Début d'Upload de D:\kerberos.htx\elasticsearch-7.14.0\jdk\lib\tzmappings
[13:40:10] - [14] MIRKO.POZEN: Fichier Upload: D:\kerberos.htx\elasticsearch-7.14.0\jdk\lib\tzmappings (21,52 K/S -   22 034 bytes)
[13:40:10] - [14] MIRKO.POZEN: Répertoire en Cours: D:\kerberos.htx\elasticsearch-7.14.0\jdk\
[13:40:10] - [14] MIRKO.POZEN: Début d'Upload de D:\kerberos.htx\elasticsearch-7.14.0\jdk\release
[13:40:10] - [14] MIRKO.POZEN: Fichier Upload: D:\kerberos.htx\elasticsearch-7.14.0\jdk\release (1,44 K/S -   1 471 bytes)
[13:40:10] - [14] MIRKO.POZEN: Répertoire en Cours: D:\kerberos.htx\elasticsearch-7.14.0\lib\
[13:40:10] - [14] MIRKO.POZEN: Début d'Upload de D:\kerberos.htx\elasticsearch-7.14.0\lib\elasticsearch-7.14.0.jar
[13:40:18] - [14] MIRKO.POZEN: Fichier Upload: D:\kerberos.htx\elasticsearch-7.14.0\lib\elasticsearch-7.14.0.jar (1 697,50 K/S -  13 905 753 bytes)
[13:40:18] - [14] MIRKO.POZEN: Début d'Upload de D:\kerberos.htx\elasticsearch-7.14.0\lib\elasticsearch-cli-7.14.0.jar
[13:40:18] - [14] MIRKO.POZEN: Fichier Upload: D:\kerberos.htx\elasticsearch-7.14.0\lib\elasticsearch-cli-7.14.0.jar (25,06 K/S -   25 662 bytes)
[13:40:18] - [14] MIRKO.POZEN: Début d'Upload de D:\kerberos.htx\elasticsearch-7.14.0\lib\elasticsearch-core-7.14.0.jar
[13:40:18] - [14] MIRKO.POZEN: Fichier Upload: D:\kerberos.htx\elasticsearch-7.14.0\lib\elasticsearch-core-7.14.0.jar (67,62 K/S -   69 238 bytes)
[13:40:18] - [14] MIRKO.POZEN: Début d'Upload de D:\kerberos.htx\elasticsearch-7.14.0\lib\elasticsearch-geo-7.14.0.jar
[13:40:18] - [14] MIRKO.POZEN: Fichier Upload: D:\kerberos.htx\elasticsearch-7.14.0\lib\elasticsearch-geo-7.14.0.jar (51,75 K/S -   52 995 bytes)
[13:40:18] - [14] MIRKO.POZEN: Début d'Upload de D:\kerberos.htx\elasticsearch-7.14.0\lib\elasticsearch-launchers-7.14.0.jar
[13:40:18] - [14] MIRKO.POZEN: Fichier Upload: D:\kerberos.htx\elasticsearch-7.14.0\lib\elasticsearch-launchers-7.14.0.jar (42,69 K/S -   43 716 bytes)
[13:40:19] - [14] MIRKO.POZEN: Début d'Upload de D:\kerberos.htx\elasticsearch-7.14.0\lib\elasticsearch-plugin-classloader-7.14.0.jar
[13:40:19] - [14] MIRKO.POZEN: Fichier Upload: D:\kerberos.htx\elasticsearch-7.14.0\lib\elasticsearch-plugin-classloader-7.14.0.jar (13,97 K/S -   14 310 bytes)
[13:40:19] - [14] MIRKO.POZEN: Début d'Upload de D:\kerberos.htx\elasticsearch-7.14.0\lib\elasticsearch-secure-sm-7.14.0.jar
[13:40:19] - [14] MIRKO.POZEN: Fichier Upload: D:\kerberos.htx\elasticsearch-7.14.0\lib\elasticsearch-secure-sm-7.14.0.jar (18,13 K/S -   18 560 bytes)
[13:40:19] - [14] MIRKO.POZEN: Début d'Upload de D:\kerberos.htx\elasticsearch-7.14.0\lib\elasticsearch-x-content-7.14.0.jar
[13:40:19] - [14] MIRKO.POZEN: Fichier Upload: D:\kerberos.htx\elasticsearch-7.14.0\lib\elasticsearch-x-content-7.14.0.jar (151,32 K/S -   154 952 bytes)
[13:40:19] - [14] MIRKO.POZEN: Début d'Upload de D:\kerberos.htx\elasticsearch-7.14.0\lib\HdrHistogram-2.1.9.jar
[13:40:19] - [14] MIRKO.POZEN: Fichier Upload: D:\kerberos.htx\elasticsearch-7.14.0\lib\HdrHistogram-2.1.9.jar (111,49 K/S -   114 165 bytes)
[13:40:19] - [14] MIRKO.POZEN: Début d'Upload de D:\kerberos.htx\elasticsearch-7.14.0\lib\hppc-0.8.1.jar
[13:40:20] - [14] MIRKO.POZEN: Fichier Upload: D:\kerberos.htx\elasticsearch-7.14.0\lib\hppc-0.8.1.jar (1 131,90 K/S -  1 159 086 bytes)
[13:40:20] - [14] MIRKO.POZEN: Début d'Upload de D:\kerberos.htx\elasticsearch-7.14.0\lib\jackson-core-2.10.4.jar
[13:40:20] - [14] MIRKO.POZEN: Fichier Upload: D:\kerberos.htx\elasticsearch-7.14.0\lib\jackson-core-2.10.4.jar (341,09 K/S -   349 273 bytes)
[13:40:20] - [14] MIRKO.POZEN: Début d'Upload de D:\kerberos.htx\elasticsearch-7.14.0\lib\jackson-dataformat-cbor-2.10.4.jar
[13:40:20] - [14] MIRKO.POZEN: Fichier Upload: D:\kerberos.htx\elasticsearch-7.14.0\lib\jackson-dataformat-cbor-2.10.4.jar (57,19 K/S -   58 567 bytes)
[13:40:21] - [14] MIRKO.POZEN: Début d'Upload de D:\kerberos.htx\elasticsearch-7.14.0\lib\jackson-dataformat-smile-2.10.4.jar
[13:40:21] - [14] MIRKO.POZEN: Fichier Upload: D:\kerberos.htx\elasticsearch-7.14.0\lib\jackson-dataformat-smile-2.10.4.jar (88,69 K/S -   90 817 bytes)
[13:40:21] - [14] MIRKO.POZEN: Début d'Upload de D:\kerberos.htx\elasticsearch-7.14.0\lib\jackson-dataformat-yaml-2.10.4.jar
[13:40:21] - [14] MIRKO.POZEN: Fichier Upload: D:\kerberos.htx\elasticsearch-7.14.0\lib\jackson-dataformat-yaml-2.10.4.jar (45,69 K/S -   46 788 bytes)
[13:40:21] - [14] MIRKO.POZEN: Début d'Upload de D:\kerberos.htx\elasticsearch-7.14.0\lib\java-version-checker-7.14.0.jar
[13:40:21] - [14] MIRKO.POZEN: Fichier Upload: D:\kerberos.htx\elasticsearch-7.14.0\lib\java-version-checker-7.14.0.jar (16,12 K/S -   16 511 bytes)
[13:40:21] - [14] MIRKO.POZEN: Début d'Upload de D:\kerberos.htx\elasticsearch-7.14.0\lib\jna-5.7.0-1.jar
[13:40:22] - [14] MIRKO.POZEN: Fichier Upload: D:\kerberos.htx\elasticsearch-7.14.0\lib\jna-5.7.0-1.jar (453,10 K/S -   463 971 bytes)
[13:40:22] - [14] MIRKO.POZEN: Début d'Upload de D:\kerberos.htx\elasticsearch-7.14.0\lib\joda-time-2.10.10.jar
[13:40:22] - [14] MIRKO.POZEN: Fichier Upload: D:\kerberos.htx\elasticsearch-7.14.0\lib\joda-time-2.10.10.jar (629,32 K/S -   644 419 bytes)
[13:40:22] - [14] MIRKO.POZEN: Début d'Upload de D:\kerberos.htx\elasticsearch-7.14.0\lib\jopt-simple-5.0.2.jar
[13:40:22] - [14] MIRKO.POZEN: Fichier Upload: D:\kerberos.htx\elasticsearch-7.14.0\lib\jopt-simple-5.0.2.jar (76,24 K/S -   78 074 bytes)
[13:40:22] - [14] MIRKO.POZEN: Début d'Upload de D:\kerberos.htx\elasticsearch-7.14.0\lib\jts-core-1.15.0.jar
[13:40:23] - [14] MIRKO.POZEN: Fichier Upload: D:\kerberos.htx\elasticsearch-7.14.0\lib\jts-core-1.15.0.jar (779,04 K/S -   797 736 bytes)
[13:40:23] - [14] MIRKO.POZEN: Début d'Upload de D:\kerberos.htx\elasticsearch-7.14.0\lib\log4j-api-2.11.1.jar
[13:40:23] - [14] MIRKO.POZEN: Fichier Upload: D:\kerberos.htx\elasticsearch-7.14.0\lib\log4j-api-2.11.1.jar (257,87 K/S -   264 060 bytes)
[13:40:23] - [14] MIRKO.POZEN: Début d'Upload de D:\kerberos.htx\elasticsearch-7.14.0\lib\log4j-core-2.11.1.jar
[13:40:24] - [14] MIRKO.POZEN: Fichier Upload: D:\kerberos.htx\elasticsearch-7.14.0\lib\log4j-core-2.11.1.jar (1 570,30 K/S -  1 607 947 bytes)
[13:40:24] - [14] MIRKO.POZEN: Début d'Upload de D:\kerberos.htx\elasticsearch-7.14.0\lib\lucene-analyzers-common-8.9.0.jar
[13:40:25] - [14] MIRKO.POZEN: Fichier Upload: D:\kerberos.htx\elasticsearch-7.14.0\lib\lucene-analyzers-common-8.9.0.jar (1 734,60 K/S -  1 776 205 bytes)
[13:40:25] - [14] MIRKO.POZEN: Début d'Upload de D:\kerberos.htx\elasticsearch-7.14.0\lib\lucene-backward-codecs-8.9.0.jar
[13:40:25] - [14] MIRKO.POZEN: Fichier Upload: D:\kerberos.htx\elasticsearch-7.14.0\lib\lucene-backward-codecs-8.9.0.jar (151,43 K/S -   155 065 bytes)
[13:40:25] - [14] MIRKO.POZEN: Début d'Upload de D:\kerberos.htx\elasticsearch-7.14.0\lib\lucene-core-8.9.0.jar
[13:40:27] - [14] MIRKO.POZEN: Fichier Upload: D:\kerberos.htx\elasticsearch-7.14.0\lib\lucene-core-8.9.0.jar (1 165,20 K/S -  3 579 474 bytes)
[13:40:27] - [14] MIRKO.POZEN: Début d'Upload de D:\kerberos.htx\elasticsearch-7.14.0\lib\lucene-grouping-8.9.0.jar
[13:40:28] - [14] MIRKO.POZEN: Fichier Upload: D:\kerberos.htx\elasticsearch-7.14.0\lib\lucene-grouping-8.9.0.jar (96,04 K/S -   98 341 bytes)
[13:40:28] - [14] MIRKO.POZEN: Début d'Upload de D:\kerberos.htx\elasticsearch-7.14.0\lib\lucene-highlighter-8.9.0.jar
[13:40:28] - [14] MIRKO.POZEN: Fichier Upload: D:\kerberos.htx\elasticsearch-7.14.0\lib\lucene-highlighter-8.9.0.jar (205,04 K/S -   209 959 bytes)
[13:40:28] - [14] MIRKO.POZEN: Début d'Upload de D:\kerberos.htx\elasticsearch-7.14.0\lib\lucene-join-8.9.0.jar
[13:40:28] - [14] MIRKO.POZEN: Fichier Upload: D:\kerberos.htx\elasticsearch-7.14.0\lib\lucene-join-8.9.0.jar (148,95 K/S -   152 525 bytes)
[13:40:28] - [14] MIRKO.POZEN: Début d'Upload de D:\kerberos.htx\elasticsearch-7.14.0\lib\lucene-memory-8.9.0.jar
[13:40:28] - [14] MIRKO.POZEN: Fichier Upload: D:\kerberos.htx\elasticsearch-7.14.0\lib\lucene-memory-8.9.0.jar (50,92 K/S -   52 141 bytes)
[13:40:28] - [14] MIRKO.POZEN: Début d'Upload de D:\kerberos.htx\elasticsearch-7.14.0\lib\lucene-misc-8.9.0.jar
[13:40:28] - [14] MIRKO.POZEN: Fichier Upload: D:\kerberos.htx\elasticsearch-7.14.0\lib\lucene-misc-8.9.0.jar (103,50 K/S -   105 985 bytes)
[13:40:29] - [14] MIRKO.POZEN: Début d'Upload de D:\kerberos.htx\elasticsearch-7.14.0\lib\lucene-queries-8.9.0.jar
[13:40:29] - [14] MIRKO.POZEN: Fichier Upload: D:\kerberos.htx\elasticsearch-7.14.0\lib\lucene-queries-8.9.0.jar (372,83 K/S -   381 773 bytes)
[13:40:29] - [14] MIRKO.POZEN: Début d'Upload de D:\kerberos.htx\elasticsearch-7.14.0\lib\lucene-queryparser-8.9.0.jar
[13:40:29] - [14] MIRKO.POZEN: Fichier Upload: D:\kerberos.htx\elasticsearch-7.14.0\lib\lucene-queryparser-8.9.0.jar (373,69 K/S -   382 661 bytes)
[13:40:29] - [14] MIRKO.POZEN: Début d'Upload de D:\kerberos.htx\elasticsearch-7.14.0\lib\lucene-sandbox-8.9.0.jar
[13:40:29] - [14] MIRKO.POZEN: Fichier Upload: D:\kerberos.htx\elasticsearch-7.14.0\lib\lucene-sandbox-8.9.0.jar (218,22 K/S -   223 460 bytes)
[13:40:29] - [14] MIRKO.POZEN: Début d'Upload de D:\kerberos.htx\elasticsearch-7.14.0\lib\lucene-spatial-extras-8.9.0.jar
[13:40:29] - [14] MIRKO.POZEN: Fichier Upload: D:\kerberos.htx\elasticsearch-7.14.0\lib\lucene-spatial-extras-8.9.0.jar (235,01 K/S -   240 654 bytes)
[13:40:30] - [14] MIRKO.POZEN: Début d'Upload de D:\kerberos.htx\elasticsearch-7.14.0\lib\lucene-spatial3d-8.9.0.jar
[13:40:30] - [14] MIRKO.POZEN: Fichier Upload: D:\kerberos.htx\elasticsearch-7.14.0\lib\lucene-spatial3d-8.9.0.jar (302,10 K/S -   309 351 bytes)
[13:40:30] - [14] MIRKO.POZEN: Début d'Upload de D:\kerberos.htx\elasticsearch-7.14.0\lib\lucene-suggest-8.9.0.jar
[13:40:30] - [14] MIRKO.POZEN: Fichier Upload: D:\kerberos.htx\elasticsearch-7.14.0\lib\lucene-suggest-8.9.0.jar (244,02 K/S -   249 877 bytes)
[13:40:30] - [14] MIRKO.POZEN: Début d'Upload de D:\kerberos.htx\elasticsearch-7.14.0\lib\lz4-java-1.8.0.jar
[13:40:30] - [14] MIRKO.POZEN: Fichier Upload: D:\kerberos.htx\elasticsearch-7.14.0\lib\lz4-java-1.8.0.jar (666,80 K/S -   682 804 bytes)
[13:40:30] - [14] MIRKO.POZEN: Début d'Upload de D:\kerberos.htx\elasticsearch-7.14.0\lib\snakeyaml-1.26.jar
[13:40:31] - [14] MIRKO.POZEN: Fichier Upload: D:\kerberos.htx\elasticsearch-7.14.0\lib\snakeyaml-1.26.jar (301,76 K/S -   309 001 bytes)
[13:40:31] - [14] MIRKO.POZEN: Début d'Upload de D:\kerberos.htx\elasticsearch-7.14.0\lib\spatial4j-0.7.jar
[13:40:31] - [14] MIRKO.POZEN: Fichier Upload: D:\kerberos.htx\elasticsearch-7.14.0\lib\spatial4j-0.7.jar (200,03 K/S -   204 833 bytes)
[13:40:31] - [14] MIRKO.POZEN: Début d'Upload de D:\kerberos.htx\elasticsearch-7.14.0\lib\t-digest-3.2.jar
[13:40:31] - [14] MIRKO.POZEN: Fichier Upload: D:\kerberos.htx\elasticsearch-7.14.0\lib\t-digest-3.2.jar (50,01 K/S -   51 208 bytes)
[13:40:31] - [14] MIRKO.POZEN: Répertoire en Cours: D:\kerberos.htx\elasticsearch-7.14.0\lib\tools\geoip-cli\
[13:40:31] - [14] MIRKO.POZEN: Début d'Upload de D:\kerberos.htx\elasticsearch-7.14.0\lib\tools\geoip-cli\elasticsearch-geoip-cli-7.14.0.jar
[13:40:31] - [14] MIRKO.POZEN: Fichier Upload: D:\kerberos.htx\elasticsearch-7.14.0\lib\tools\geoip-cli\elasticsearch-geoip-cli-7.14.0.jar (17,88 K/S -   18 309 bytes)
[13:40:32] - [14] MIRKO.POZEN: Répertoire en Cours: D:\kerberos.htx\elasticsearch-7.14.0\lib\tools\keystore-cli\
[13:40:32] - [14] MIRKO.POZEN: Début d'Upload de D:\kerberos.htx\elasticsearch-7.14.0\lib\tools\keystore-cli\keystore-cli-7.14.0.jar
[13:40:32] - [14] MIRKO.POZEN: Fichier Upload: D:\kerberos.htx\elasticsearch-7.14.0\lib\tools\keystore-cli\keystore-cli-7.14.0.jar (23,34 K/S -   23 900 bytes)
[13:40:32] - [14] MIRKO.POZEN: Répertoire en Cours: D:\kerberos.htx\elasticsearch-7.14.0\lib\tools\plugin-cli\
[13:40:32] - [14] MIRKO.POZEN: Début d'Upload de D:\kerberos.htx\elasticsearch-7.14.0\lib\tools\plugin-cli\bc-fips-1.0.2.jar
[13:40:34] - [14] MIRKO.POZEN: Fichier Upload: D:\kerberos.htx\elasticsearch-7.14.0\lib\tools\plugin-cli\bc-fips-1.0.2.jar (1 229,10 K/S -  3 775 682 bytes)
[13:40:35] - [14] MIRKO.POZEN: Début d'Upload de D:\kerberos.htx\elasticsearch-7.14.0\lib\tools\plugin-cli\bcpg-fips-1.0.4.jar
[13:40:35] - [14] MIRKO.POZEN: Fichier Upload: D:\kerberos.htx\elasticsearch-7.14.0\lib\tools\plugin-cli\bcpg-fips-1.0.4.jar (265,39 K/S -   271 757 bytes)
[13:40:35] - [14] MIRKO.POZEN: Début d'Upload de D:\kerberos.htx\elasticsearch-7.14.0\lib\tools\plugin-cli\elasticsearch-plugin-cli-7.14.0.jar
[13:40:35] - [14] MIRKO.POZEN: Fichier Upload: D:\kerberos.htx\elasticsearch-7.14.0\lib\tools\plugin-cli\elasticsearch-plugin-cli-7.14.0.jar (42,76 K/S -   43 784 bytes)
[13:40:35] - [14] MIRKO.POZEN: Répertoire en Cours: D:\kerberos.htx\elasticsearch-7.14.0\lib\tools\security-cli\
[13:40:35] - [14] MIRKO.POZEN: Début d'Upload de D:\kerberos.htx\elasticsearch-7.14.0\lib\tools\security-cli\bcpkix-jdk15on-1.64.jar
[13:40:36] - [14] MIRKO.POZEN: Fichier Upload: D:\kerberos.htx\elasticsearch-7.14.0\lib\tools\security-cli\bcpkix-jdk15on-1.64.jar (857,46 K/S -   878 038 bytes)
[13:40:36] - [14] MIRKO.POZEN: Début d'Upload de D:\kerberos.htx\elasticsearch-7.14.0\lib\tools\security-cli\bcprov-jdk15on-1.64.jar
[13:40:39] - [14] MIRKO.POZEN: Fichier Upload: D:\kerberos.htx\elasticsearch-7.14.0\lib\tools\security-cli\bcprov-jdk15on-1.64.jar (1 553,30 K/S -  4 771 726 bytes)
[13:40:39] - [14] MIRKO.POZEN: Début d'Upload de D:\kerberos.htx\elasticsearch-7.14.0\lib\tools\security-cli\elasticsearch-security-cli-7.14.0.jar
[13:40:39] - [14] MIRKO.POZEN: Fichier Upload: D:\kerberos.htx\elasticsearch-7.14.0\lib\tools\security-cli\elasticsearch-security-cli-7.14.0.jar (109,19 K/S -   111 812 bytes)
[13:40:39] - [14] MIRKO.POZEN: Répertoire en Cours: D:\kerberos.htx\elasticsearch-7.14.0\
[13:40:39] - [14] MIRKO.POZEN: Début d'Upload de D:\kerberos.htx\elasticsearch-7.14.0\LICENSE.txt
[13:40:39] - [14] MIRKO.POZEN: Fichier Upload: D:\kerberos.htx\elasticsearch-7.14.0\LICENSE.txt (3,86 K/S -   3 953 bytes)
[13:40:39] - [14] MIRKO.POZEN: Répertoire en Cours: D:\kerberos.htx\elasticsearch-7.14.0\modules\aggs-matrix-stats\
[13:40:39] - [14] MIRKO.POZEN: Début d'Upload de D:\kerberos.htx\elasticsearch-7.14.0\modules\aggs-matrix-stats\aggs-matrix-stats-client-7.14.0.jar
[13:40:39] - [14] MIRKO.POZEN: Fichier Upload: D:\kerberos.htx\elasticsearch-7.14.0\modules\aggs-matrix-stats\aggs-matrix-stats-client-7.14.0.jar (64,04 K/S -   65 572 bytes)
[13:40:39] - [14] MIRKO.POZEN: Début d'Upload de D:\kerberos.htx\elasticsearch-7.14.0\modules\aggs-matrix-stats\plugin-descriptor.properties
[13:40:39] - [14] MIRKO.POZEN: Fichier Upload: D:\kerberos.htx\elasticsearch-7.14.0\modules\aggs-matrix-stats\plugin-descriptor.properties (1,72 K/S -   1 765 bytes)
[13:40:40] - [14] MIRKO.POZEN: Répertoire en Cours: D:\kerberos.htx\elasticsearch-7.14.0\modules\analysis-common\
[13:40:40] - [14] MIRKO.POZEN: Début d'Upload de D:\kerberos.htx\elasticsearch-7.14.0\modules\analysis-common\analysis-common-7.14.0.jar
[13:40:40] - [14] MIRKO.POZEN: Fichier Upload: D:\kerberos.htx\elasticsearch-7.14.0\modules\analysis-common\analysis-common-7.14.0.jar (200,34 K/S -   205 144 bytes)
[13:40:40] - [14] MIRKO.POZEN: Début d'Upload de D:\kerberos.htx\elasticsearch-7.14.0\modules\analysis-common\plugin-descriptor.properties
[13:40:40] - [14] MIRKO.POZEN: Fichier Upload: D:\kerberos.htx\elasticsearch-7.14.0\modules\analysis-common\plugin-descriptor.properties (1,68 K/S -   1 717 bytes)
[13:40:40] - [14] MIRKO.POZEN: Répertoire en Cours: D:\kerberos.htx\elasticsearch-7.14.0\modules\constant-keyword\
[13:40:41] - [14] MIRKO.POZEN: Début d'Upload de D:\kerberos.htx\elasticsearch-7.14.0\modules\constant-keyword\constant-keyword-7.14.0.jar
[13:40:41] - [14] MIRKO.POZEN: Fichier Upload: D:\kerberos.htx\elasticsearch-7.14.0\modules\constant-keyword\constant-keyword-7.14.0.jar (12,42 K/S -   12 714 bytes)
[13:40:41] - [14] MIRKO.POZEN: Début d'Upload de D:\kerberos.htx\elasticsearch-7.14.0\modules\constant-keyword\LICENSE.txt
[13:40:41] - [14] MIRKO.POZEN: Fichier Upload: D:\kerberos.htx\elasticsearch-7.14.0\modules\constant-keyword\LICENSE.txt (3,86 K/S -   3 953 bytes)
[13:40:41] - [14] MIRKO.POZEN: Début d'Upload de D:\kerberos.htx\elasticsearch-7.14.0\modules\constant-keyword\NOTICE.txt
[13:40:41] - [14] MIRKO.POZEN: Fichier Upload: D:\kerberos.htx\elasticsearch-7.14.0\modules\constant-keyword\NOTICE.txt (0,06 K/S -    61 bytes)
[13:40:41] - [14] MIRKO.POZEN: Début d'Upload de D:\kerberos.htx\elasticsearch-7.14.0\modules\constant-keyword\plugin-descriptor.properties
[13:40:41] - [14] MIRKO.POZEN: Fichier Upload: D:\kerberos.htx\elasticsearch-7.14.0\modules\constant-keyword\plugin-descriptor.properties (1,78 K/S -   1 819 bytes)
[13:40:41] - [14] MIRKO.POZEN: Répertoire en Cours: D:\kerberos.htx\elasticsearch-7.14.0\modules\frozen-indices\
[13:40:42] - [14] MIRKO.POZEN: Début d'Upload de D:\kerberos.htx\elasticsearch-7.14.0\modules\frozen-indices\frozen-indices-7.14.0.jar
[13:40:42] - [14] MIRKO.POZEN: Fichier Upload: D:\kerberos.htx\elasticsearch-7.14.0\modules\frozen-indices\frozen-indices-7.14.0.jar (17,86 K/S -   18 290 bytes)
[13:40:42] - [14] MIRKO.POZEN: Début d'Upload de D:\kerberos.htx\elasticsearch-7.14.0\modules\frozen-indices\LICENSE.txt
[13:40:42] - [14] MIRKO.POZEN: Fichier Upload: D:\kerberos.htx\elasticsearch-7.14.0\modules\frozen-indices\LICENSE.txt (3,86 K/S -   3 953 bytes)
[13:40:42] - [14] MIRKO.POZEN: Début d'Upload de D:\kerberos.htx\elasticsearch-7.14.0\modules\frozen-indices\NOTICE.txt
[13:40:42] - [14] MIRKO.POZEN: Fichier Upload: D:\kerberos.htx\elasticsearch-7.14.0\modules\frozen-indices\NOTICE.txt (0,06 K/S -    61 bytes)
[13:40:42] - [14] MIRKO.POZEN: Début d'Upload de D:\kerberos.htx\elasticsearch-7.14.0\modules\frozen-indices\plugin-descriptor.properties
[13:40:42] - [14] MIRKO.POZEN: Fichier Upload: D:\kerberos.htx\elasticsearch-7.14.0\modules\frozen-indices\plugin-descriptor.properties (1,67 K/S -   1 706 bytes)
[13:40:42] - [14] MIRKO.POZEN: Répertoire en Cours: D:\kerberos.htx\elasticsearch-7.14.0\modules\ingest-common\
[13:40:43] - [14] MIRKO.POZEN: Début d'Upload de D:\kerberos.htx\elasticsearch-7.14.0\modules\ingest-common\elasticsearch-dissect-7.14.0.jar
[13:40:43] - [14] MIRKO.POZEN: Fichier Upload: D:\kerberos.htx\elasticsearch-7.14.0\modules\ingest-common\elasticsearch-dissect-7.14.0.jar (31,67 K/S -   32 430 bytes)
[13:40:43] - [14] MIRKO.POZEN: Début d'Upload de D:\kerberos.htx\elasticsearch-7.14.0\modules\ingest-common\elasticsearch-grok-7.14.0.jar
[13:40:43] - [14] MIRKO.POZEN: Fichier Upload: D:\kerberos.htx\elasticsearch-7.14.0\modules\ingest-common\elasticsearch-grok-7.14.0.jar (54,90 K/S -   56 215 bytes)
[13:40:43] - [14] MIRKO.POZEN: Début d'Upload de D:\kerberos.htx\elasticsearch-7.14.0\modules\ingest-common\httpclient-4.5.10.jar
[13:40:44] - [14] MIRKO.POZEN: Fichier Upload: D:\kerberos.htx\elasticsearch-7.14.0\modules\ingest-common\httpclient-4.5.10.jar (756,48 K/S -   774 640 bytes)
[13:40:44] - [14] MIRKO.POZEN: Début d'Upload de D:\kerberos.htx\elasticsearch-7.14.0\modules\ingest-common\httpcore-4.4.12.jar
[13:40:44] - [14] MIRKO.POZEN: Fichier Upload: D:\kerberos.htx\elasticsearch-7.14.0\modules\ingest-common\httpcore-4.4.12.jar (320,65 K/S -   328 347 bytes)
[13:40:44] - [14] MIRKO.POZEN: Début d'Upload de D:\kerberos.htx\elasticsearch-7.14.0\modules\ingest-common\ingest-common-7.14.0.jar
[13:40:44] - [14] MIRKO.POZEN: Fichier Upload: D:\kerberos.htx\elasticsearch-7.14.0\modules\ingest-common\ingest-common-7.14.0.jar (163,17 K/S -   167 085 bytes)
[13:40:44] - [14] MIRKO.POZEN: Début d'Upload de D:\kerberos.htx\elasticsearch-7.14.0\modules\ingest-common\jcodings-1.0.44.jar
[13:40:45] - [14] MIRKO.POZEN: Fichier Upload: D:\kerberos.htx\elasticsearch-7.14.0\modules\ingest-common\jcodings-1.0.44.jar (1 643,20 K/S -  1 682 608 bytes)
[13:40:45] - [14] MIRKO.POZEN: Début d'Upload de D:\kerberos.htx\elasticsearch-7.14.0\modules\ingest-common\joni-2.1.29.jar
[13:40:45] - [14] MIRKO.POZEN: Fichier Upload: D:\kerberos.htx\elasticsearch-7.14.0\modules\ingest-common\joni-2.1.29.jar (209,78 K/S -   214 815 bytes)
[13:40:45] - [14] MIRKO.POZEN: Début d'Upload de D:\kerberos.htx\elasticsearch-7.14.0\modules\ingest-common\plugin-descriptor.properties
[13:40:45] - [14] MIRKO.POZEN: Fichier Upload: D:\kerberos.htx\elasticsearch-7.14.0\modules\ingest-common\plugin-descriptor.properties (1,75 K/S -   1 789 bytes)
[13:40:46] - [14] MIRKO.POZEN: Répertoire en Cours: D:\kerberos.htx\elasticsearch-7.14.0\modules\ingest-geoip\
[13:40:46] - [14] MIRKO.POZEN: Début d'Upload de D:\kerberos.htx\elasticsearch-7.14.0\modules\ingest-geoip\geoip2-2.13.1.jar
[13:40:46] - [14] MIRKO.POZEN: Fichier Upload: D:\kerberos.htx\elasticsearch-7.14.0\modules\ingest-geoip\geoip2-2.13.1.jar (48,57 K/S -   49 735 bytes)
[13:40:46] - [14] MIRKO.POZEN: Début d'Upload de D:\kerberos.htx\elasticsearch-7.14.0\modules\ingest-geoip\GeoLite2-ASN.mmdb
[13:40:50] - [14] MIRKO.POZEN: Fichier Upload: D:\kerberos.htx\elasticsearch-7.14.0\modules\ingest-geoip\GeoLite2-ASN.mmdb (1 612,30 K/S -  6 603 852 bytes)
[13:40:50] - [14] MIRKO.POZEN: Début d'Upload de D:\kerberos.htx\elasticsearch-7.14.0\modules\ingest-geoip\GeoLite2-City.mmdb
[13:41:30] - [14] MIRKO.POZEN: Fichier Upload: D:\kerberos.htx\elasticsearch-7.14.0\modules\ingest-geoip\GeoLite2-City.mmdb (1 535,60 K/S -  62 898 296 bytes)
[13:41:30] - [14] MIRKO.POZEN: Début d'Upload de D:\kerberos.htx\elasticsearch-7.14.0\modules\ingest-geoip\GeoLite2-Country.mmdb
[13:41:32] - [14] MIRKO.POZEN: Fichier Upload: D:\kerberos.htx\elasticsearch-7.14.0\modules\ingest-geoip\GeoLite2-Country.mmdb (1 298,20 K/S -  3 988 184 bytes)
[13:41:32] - [14] MIRKO.POZEN: Début d'Upload de D:\kerberos.htx\elasticsearch-7.14.0\modules\ingest-geoip\ingest-geoip-7.14.0.jar
[13:41:32] - [14] MIRKO.POZEN: Fichier Upload: D:\kerberos.htx\elasticsearch-7.14.0\modules\ingest-geoip\ingest-geoip-7.14.0.jar (95,40 K/S -   97 693 bytes)
[13:41:33] - [14] MIRKO.POZEN: Début d'Upload de D:\kerberos.htx\elasticsearch-7.14.0\modules\ingest-geoip\jackson-annotations-2.10.4.jar
[13:41:33] - [14] MIRKO.POZEN: Fichier Upload: D:\kerberos.htx\elasticsearch-7.14.0\modules\ingest-geoip\jackson-annotations-2.10.4.jar (66,49 K/S -   68 083 bytes)
[13:41:33] - [14] MIRKO.POZEN: Début d'Upload de D:\kerberos.htx\elasticsearch-7.14.0\modules\ingest-geoip\jackson-databind-2.10.4.jar
[13:41:34] - [14] MIRKO.POZEN: Fichier Upload: D:\kerberos.htx\elasticsearch-7.14.0\modules\ingest-geoip\jackson-databind-2.10.4.jar (1 371,90 K/S -  1 404 874 bytes)
[13:41:34] - [14] MIRKO.POZEN: Début d'Upload de D:\kerberos.htx\elasticsearch-7.14.0\modules\ingest-geoip\maxmind-db-1.3.1.jar
[13:41:34] - [14] MIRKO.POZEN: Fichier Upload: D:\kerberos.htx\elasticsearch-7.14.0\modules\ingest-geoip\maxmind-db-1.3.1.jar (22,84 K/S -   23 384 bytes)
[13:41:34] - [14] MIRKO.POZEN: Début d'Upload de D:\kerberos.htx\elasticsearch-7.14.0\modules\ingest-geoip\plugin-descriptor.properties
[13:41:34] - [14] MIRKO.POZEN: Fichier Upload: D:\kerberos.htx\elasticsearch-7.14.0\modules\ingest-geoip\plugin-descriptor.properties (1,71 K/S -   1 747 bytes)
[13:41:34] - [14] MIRKO.POZEN: Début d'Upload de D:\kerberos.htx\elasticsearch-7.14.0\modules\ingest-geoip\plugin-security.policy
[13:41:34] - [14] MIRKO.POZEN: Fichier Upload: D:\kerberos.htx\elasticsearch-7.14.0\modules\ingest-geoip\plugin-security.policy (1,06 K/S -   1 081 bytes)
[13:41:34] - [14] MIRKO.POZEN: Répertoire en Cours: D:\kerberos.htx\elasticsearch-7.14.0\modules\ingest-user-agent\
[13:41:35] - [14] MIRKO.POZEN: Début d'Upload de D:\kerberos.htx\elasticsearch-7.14.0\modules\ingest-user-agent\ingest-user-agent-7.14.0.jar
[13:41:35] - [14] MIRKO.POZEN: Fichier Upload: D:\kerberos.htx\elasticsearch-7.14.0\modules\ingest-user-agent\ingest-user-agent-7.14.0.jar (77,49 K/S -   79 351 bytes)
[13:41:35] - [14] MIRKO.POZEN: Début d'Upload de D:\kerberos.htx\elasticsearch-7.14.0\modules\ingest-user-agent\plugin-descriptor.properties
[13:41:35] - [14] MIRKO.POZEN: Fichier Upload: D:\kerberos.htx\elasticsearch-7.14.0\modules\ingest-user-agent\plugin-descriptor.properties (1,68 K/S -   1 725 bytes)
[13:41:35] - [14] MIRKO.POZEN: Répertoire en Cours: D:\kerberos.htx\elasticsearch-7.14.0\modules\kibana\
[13:41:35] - [14] MIRKO.POZEN: Début d'Upload de D:\kerberos.htx\elasticsearch-7.14.0\modules\kibana\commons-codec-1.11.jar
[13:41:35] - [14] MIRKO.POZEN: Fichier Upload: D:\kerberos.htx\elasticsearch-7.14.0\modules\kibana\commons-codec-1.11.jar (327,19 K/S -   335 042 bytes)
[13:41:36] - [14] MIRKO.POZEN: Début d'Upload de D:\kerberos.htx\elasticsearch-7.14.0\modules\kibana\commons-logging-1.1.3.jar
[13:41:36] - [14] MIRKO.POZEN: Fichier Upload: D:\kerberos.htx\elasticsearch-7.14.0\modules\kibana\commons-logging-1.1.3.jar (60,60 K/S -   62 050 bytes)
[13:41:36] - [14] MIRKO.POZEN: Début d'Upload de D:\kerberos.htx\elasticsearch-7.14.0\modules\kibana\elasticsearch-rest-client-7.14.0.jar
[13:41:36] - [14] MIRKO.POZEN: Fichier Upload: D:\kerberos.htx\elasticsearch-7.14.0\modules\kibana\elasticsearch-rest-client-7.14.0.jar (70,28 K/S -   71 965 bytes)
[13:41:36] - [14] MIRKO.POZEN: Début d'Upload de D:\kerberos.htx\elasticsearch-7.14.0\modules\kibana\elasticsearch-ssl-config-7.14.0.jar
[13:41:36] - [14] MIRKO.POZEN: Fichier Upload: D:\kerberos.htx\elasticsearch-7.14.0\modules\kibana\elasticsearch-ssl-config-7.14.0.jar (73,70 K/S -   75 469 bytes)
[13:41:36] - [14] MIRKO.POZEN: Début d'Upload de D:\kerberos.htx\elasticsearch-7.14.0\modules\kibana\httpasyncclient-4.1.4.jar
[13:41:36] - [14] MIRKO.POZEN: Fichier Upload: D:\kerberos.htx\elasticsearch-7.14.0\modules\kibana\httpasyncclient-4.1.4.jar (175,75 K/S -   179 964 bytes)
[13:41:36] - [14] MIRKO.POZEN: Début d'Upload de D:\kerberos.htx\elasticsearch-7.14.0\modules\kibana\httpclient-4.5.10.jar
[13:41:37] - [14] MIRKO.POZEN: Fichier Upload: D:\kerberos.htx\elasticsearch-7.14.0\modules\kibana\httpclient-4.5.10.jar (756,48 K/S -   774 640 bytes)
[13:41:37] - [14] MIRKO.POZEN: Début d'Upload de D:\kerberos.htx\elasticsearch-7.14.0\modules\kibana\httpcore-4.4.12.jar
[13:41:37] - [14] MIRKO.POZEN: Fichier Upload: D:\kerberos.htx\elasticsearch-7.14.0\modules\kibana\httpcore-4.4.12.jar (320,65 K/S -   328 347 bytes)
[13:41:37] - [14] MIRKO.POZEN: Début d'Upload de D:\kerberos.htx\elasticsearch-7.14.0\modules\kibana\httpcore-nio-4.4.12.jar
[13:41:37] - [14] MIRKO.POZEN: Fichier Upload: D:\kerberos.htx\elasticsearch-7.14.0\modules\kibana\httpcore-nio-4.4.12.jar (359,05 K/S -   367 672 bytes)
[13:41:37] - [14] MIRKO.POZEN: Début d'Upload de D:\kerberos.htx\elasticsearch-7.14.0\modules\kibana\kibana-7.14.0.jar
[13:41:37] - [14] MIRKO.POZEN: Fichier Upload: D:\kerberos.htx\elasticsearch-7.14.0\modules\kibana\kibana-7.14.0.jar (13,98 K/S -   14 320 bytes)
[13:41:38] - [14] MIRKO.POZEN: Début d'Upload de D:\kerberos.htx\elasticsearch-7.14.0\modules\kibana\plugin-descriptor.properties
[13:41:38] - [14] MIRKO.POZEN: Fichier Upload: D:\kerberos.htx\elasticsearch-7.14.0\modules\kibana\plugin-descriptor.properties (1,64 K/S -   1 681 bytes)
[13:41:38] - [14] MIRKO.POZEN: Début d'Upload de D:\kerberos.htx\elasticsearch-7.14.0\modules\kibana\reindex-client-7.14.0.jar
[13:41:38] - [14] MIRKO.POZEN: Fichier Upload: D:\kerberos.htx\elasticsearch-7.14.0\modules\kibana\reindex-client-7.14.0.jar (120,83 K/S -   123 730 bytes)
[13:41:38] - [14] MIRKO.POZEN: Répertoire en Cours: D:\kerberos.htx\elasticsearch-7.14.0\modules\lang-expression\
[13:41:38] - [14] MIRKO.POZEN: Début d'Upload de D:\kerberos.htx\elasticsearch-7.14.0\modules\lang-expression\antlr4-runtime-4.5.1-1.jar
[13:41:38] - [14] MIRKO.POZEN: Fichier Upload: D:\kerberos.htx\elasticsearch-7.14.0\modules\lang-expression\antlr4-runtime-4.5.1-1.jar (294,96 K/S -   302 034 bytes)
[13:41:38] - [14] MIRKO.POZEN: Début d'Upload de D:\kerberos.htx\elasticsearch-7.14.0\modules\lang-expression\asm-5.0.4.jar
[13:41:38] - [14] MIRKO.POZEN: Fichier Upload: D:\kerberos.htx\elasticsearch-7.14.0\modules\lang-expression\asm-5.0.4.jar (52,05 K/S -   53 297 bytes)
[13:41:39] - [14] MIRKO.POZEN: Début d'Upload de D:\kerberos.htx\elasticsearch-7.14.0\modules\lang-expression\asm-commons-5.0.4.jar
[13:41:39] - [14] MIRKO.POZEN: Fichier Upload: D:\kerberos.htx\elasticsearch-7.14.0\modules\lang-expression\asm-commons-5.0.4.jar (40,82 K/S -   41 796 bytes)
[13:41:39] - [14] MIRKO.POZEN: Début d'Upload de D:\kerberos.htx\elasticsearch-7.14.0\modules\lang-expression\asm-tree-5.0.4.jar
[13:41:39] - [14] MIRKO.POZEN: Fichier Upload: D:\kerberos.htx\elasticsearch-7.14.0\modules\lang-expression\asm-tree-5.0.4.jar (28,37 K/S -   29 050 bytes)
[13:41:39] - [14] MIRKO.POZEN: Début d'Upload de D:\kerberos.htx\elasticsearch-7.14.0\modules\lang-expression\lang-expression-7.14.0.jar
[13:41:39] - [14] MIRKO.POZEN: Fichier Upload: D:\kerberos.htx\elasticsearch-7.14.0\modules\lang-expression\lang-expression-7.14.0.jar (71,35 K/S -   73 061 bytes)
[13:41:39] - [14] MIRKO.POZEN: Début d'Upload de D:\kerberos.htx\elasticsearch-7.14.0\modules\lang-expression\lucene-expressions-8.9.0.jar
[13:41:39] - [14] MIRKO.POZEN: Fichier Upload: D:\kerberos.htx\elasticsearch-7.14.0\modules\lang-expression\lucene-expressions-8.9.0.jar (75,05 K/S -   76 852 bytes)
[13:41:40] - [14] MIRKO.POZEN: Début d'Upload de D:\kerberos.htx\elasticsearch-7.14.0\modules\lang-expression\plugin-descriptor.properties
[13:41:40] - [14] MIRKO.POZEN: Fichier Upload: D:\kerberos.htx\elasticsearch-7.14.0\modules\lang-expression\plugin-descriptor.properties (1,67 K/S -   1 707 bytes)
[13:41:40] - [14] MIRKO.POZEN: Début d'Upload de D:\kerberos.htx\elasticsearch-7.14.0\modules\lang-expression\plugin-security.policy
[13:41:40] - [14] MIRKO.POZEN: Fichier Upload: D:\kerberos.htx\elasticsearch-7.14.0\modules\lang-expression\plugin-security.policy (1,01 K/S -   1 037 bytes)
[13:41:40] - [14] MIRKO.POZEN: Répertoire en Cours: D:\kerberos.htx\elasticsearch-7.14.0\modules\lang-mustache\
[13:41:40] - [14] MIRKO.POZEN: Début d'Upload de D:\kerberos.htx\elasticsearch-7.14.0\modules\lang-mustache\compiler-0.9.6.jar
[13:41:40] - [14] MIRKO.POZEN: Fichier Upload: D:\kerberos.htx\elasticsearch-7.14.0\modules\lang-mustache\compiler-0.9.6.jar (98,53 K/S -   100 892 bytes)
[13:41:40] - [14] MIRKO.POZEN: Début d'Upload de D:\kerberos.htx\elasticsearch-7.14.0\modules\lang-mustache\lang-mustache-client-7.14.0.jar
[13:41:40] - [14] MIRKO.POZEN: Fichier Upload: D:\kerberos.htx\elasticsearch-7.14.0\modules\lang-mustache\lang-mustache-client-7.14.0.jar (68,98 K/S -   70 640 bytes)
[13:41:41] - [14] MIRKO.POZEN: Début d'Upload de D:\kerberos.htx\elasticsearch-7.14.0\modules\lang-mustache\plugin-descriptor.properties
[13:41:41] - [14] MIRKO.POZEN: Fichier Upload: D:\kerberos.htx\elasticsearch-7.14.0\modules\lang-mustache\plugin-descriptor.properties (1,66 K/S -   1 701 bytes)
[13:41:41] - [14] MIRKO.POZEN: Début d'Upload de D:\kerberos.htx\elasticsearch-7.14.0\modules\lang-mustache\plugin-security.policy
[13:41:41] - [14] MIRKO.POZEN: Fichier Upload: D:\kerberos.htx\elasticsearch-7.14.0\modules\lang-mustache\plugin-security.policy (0,46 K/S -    467 bytes)
[13:41:41] - [14] MIRKO.POZEN: Répertoire en Cours: D:\kerberos.htx\elasticsearch-7.14.0\modules\lang-painless\
[13:41:41] - [14] MIRKO.POZEN: Début d'Upload de D:\kerberos.htx\elasticsearch-7.14.0\modules\lang-painless\antlr4-runtime-4.5.3.jar
[13:41:41] - [14] MIRKO.POZEN: Fichier Upload: D:\kerberos.htx\elasticsearch-7.14.0\modules\lang-painless\antlr4-runtime-4.5.3.jar (295,16 K/S -   302 248 bytes)
[13:41:41] - [14] MIRKO.POZEN: Début d'Upload de D:\kerberos.htx\elasticsearch-7.14.0\modules\lang-painless\asm-7.2.jar
[13:41:42] - [14] MIRKO.POZEN: Fichier Upload: D:\kerberos.htx\elasticsearch-7.14.0\modules\lang-painless\asm-7.2.jar (112,18 K/S -   114 873 bytes)
[13:41:42] - [14] MIRKO.POZEN: Début d'Upload de D:\kerberos.htx\elasticsearch-7.14.0\modules\lang-painless\asm-analysis-7.2.jar
[13:41:42] - [14] MIRKO.POZEN: Fichier Upload: D:\kerberos.htx\elasticsearch-7.14.0\modules\lang-painless\asm-analysis-7.2.jar (32,66 K/S -   33 444 bytes)
[13:41:42] - [14] MIRKO.POZEN: Début d'Upload de D:\kerberos.htx\elasticsearch-7.14.0\modules\lang-painless\asm-commons-7.2.jar
[13:41:42] - [14] MIRKO.POZEN: Fichier Upload: D:\kerberos.htx\elasticsearch-7.14.0\modules\lang-painless\asm-commons-7.2.jar (68,41 K/S -   70 051 bytes)
[13:41:42] - [14] MIRKO.POZEN: Début d'Upload de D:\kerberos.htx\elasticsearch-7.14.0\modules\lang-painless\asm-tree-7.2.jar
[13:41:42] - [14] MIRKO.POZEN: Fichier Upload: D:\kerberos.htx\elasticsearch-7.14.0\modules\lang-painless\asm-tree-7.2.jar (49,10 K/S -   50 283 bytes)
[13:41:42] - [14] MIRKO.POZEN: Début d'Upload de D:\kerberos.htx\elasticsearch-7.14.0\modules\lang-painless\asm-util-7.2.jar
[13:41:42] - [14] MIRKO.POZEN: Fichier Upload: D:\kerberos.htx\elasticsearch-7.14.0\modules\lang-painless\asm-util-7.2.jar (78,82 K/S -   80 707 bytes)
[13:41:43] - [14] MIRKO.POZEN: Début d'Upload de D:\kerberos.htx\elasticsearch-7.14.0\modules\lang-painless\elasticsearch-scripting-painless-spi-7.14.0.jar
[13:41:43] - [14] MIRKO.POZEN: Fichier Upload: D:\kerberos.htx\elasticsearch-7.14.0\modules\lang-painless\elasticsearch-scripting-painless-spi-7.14.0.jar (38,07 K/S -   38 988 bytes)
[13:41:43] - [14] MIRKO.POZEN: Début d'Upload de D:\kerberos.htx\elasticsearch-7.14.0\modules\lang-painless\lang-painless-7.14.0.jar
[13:41:43] - [14] MIRKO.POZEN: Fichier Upload: D:\kerberos.htx\elasticsearch-7.14.0\modules\lang-painless\lang-painless-7.14.0.jar (763,94 K/S -   782 271 bytes)
[13:41:43] - [14] MIRKO.POZEN: Début d'Upload de D:\kerberos.htx\elasticsearch-7.14.0\modules\lang-painless\plugin-descriptor.properties
[13:41:43] - [14] MIRKO.POZEN: Fichier Upload: D:\kerberos.htx\elasticsearch-7.14.0\modules\lang-painless\plugin-descriptor.properties (1,67 K/S -   1 705 bytes)
[13:41:43] - [14] MIRKO.POZEN: Début d'Upload de D:\kerberos.htx\elasticsearch-7.14.0\modules\lang-painless\plugin-security.policy
[13:41:44] - [14] MIRKO.POZEN: Fichier Upload: D:\kerberos.htx\elasticsearch-7.14.0\modules\lang-painless\plugin-security.policy (0,58 K/S -    597 bytes)
[13:41:44] - [14] MIRKO.POZEN: Répertoire en Cours: D:\kerberos.htx\elasticsearch-7.14.0\modules\mapper-extras\
[13:41:44] - [14] MIRKO.POZEN: Début d'Upload de D:\kerberos.htx\elasticsearch-7.14.0\modules\mapper-extras\mapper-extras-client-7.14.0.jar
[13:41:44] - [14] MIRKO.POZEN: Fichier Upload: D:\kerberos.htx\elasticsearch-7.14.0\modules\mapper-extras\mapper-extras-client-7.14.0.jar (116,77 K/S -   119 575 bytes)
[13:41:44] - [14] MIRKO.POZEN: Début d'Upload de D:\kerberos.htx\elasticsearch-7.14.0\modules\mapper-extras\plugin-descriptor.properties
[13:41:44] - [14] MIRKO.POZEN: Fichier Upload: D:\kerberos.htx\elasticsearch-7.14.0\modules\mapper-extras\plugin-descriptor.properties (1,64 K/S -   1 681 bytes)
[13:41:44] - [14] MIRKO.POZEN: Répertoire en Cours: D:\kerberos.htx\elasticsearch-7.14.0\modules\mapper-version\
[13:41:45] - [14] MIRKO.POZEN: Début d'Upload de D:\kerberos.htx\elasticsearch-7.14.0\modules\mapper-version\LICENSE.txt
[13:41:45] - [14] MIRKO.POZEN: Fichier Upload: D:\kerberos.htx\elasticsearch-7.14.0\modules\mapper-version\LICENSE.txt (3,86 K/S -   3 953 bytes)
[13:41:45] - [14] MIRKO.POZEN: Début d'Upload de D:\kerberos.htx\elasticsearch-7.14.0\modules\mapper-version\mapper-version-7.14.0.jar
[13:41:45] - [14] MIRKO.POZEN: Fichier Upload: D:\kerberos.htx\elasticsearch-7.14.0\modules\mapper-version\mapper-version-7.14.0.jar (28,48 K/S -   29 168 bytes)
[13:41:45] - [14] MIRKO.POZEN: Début d'Upload de D:\kerberos.htx\elasticsearch-7.14.0\modules\mapper-version\NOTICE.txt
[13:41:45] - [14] MIRKO.POZEN: Fichier Upload: D:\kerberos.htx\elasticsearch-7.14.0\modules\mapper-version\NOTICE.txt (0,06 K/S -    61 bytes)
[13:41:45] - [14] MIRKO.POZEN: Début d'Upload de D:\kerberos.htx\elasticsearch-7.14.0\modules\mapper-version\plugin-descriptor.properties
[13:41:45] - [14] MIRKO.POZEN: Fichier Upload: D:\kerberos.htx\elasticsearch-7.14.0\modules\mapper-version\plugin-descriptor.properties (1,70 K/S -   1 737 bytes)
[13:41:45] - [14] MIRKO.POZEN: Répertoire en Cours: D:\kerberos.htx\elasticsearch-7.14.0\modules\parent-join\
[13:41:46] - [14] MIRKO.POZEN: Début d'Upload de D:\kerberos.htx\elasticsearch-7.14.0\modules\parent-join\parent-join-client-7.14.0.jar
[13:41:46] - [14] MIRKO.POZEN: Fichier Upload: D:\kerberos.htx\elasticsearch-7.14.0\modules\parent-join\parent-join-client-7.14.0.jar (88,85 K/S -   90 978 bytes)
[13:41:46] - [14] MIRKO.POZEN: Début d'Upload de D:\kerberos.htx\elasticsearch-7.14.0\modules\parent-join\plugin-descriptor.properties
[13:41:46] - [14] MIRKO.POZEN: Fichier Upload: D:\kerberos.htx\elasticsearch-7.14.0\modules\parent-join\plugin-descriptor.properties (1,67 K/S -   1 708 bytes)
[13:41:46] - [14] MIRKO.POZEN: Répertoire en Cours: D:\kerberos.htx\elasticsearch-7.14.0\modules\percolator\
[13:41:46] - [14] MIRKO.POZEN: Début d'Upload de D:\kerberos.htx\elasticsearch-7.14.0\modules\percolator\percolator-client-7.14.0.jar
[13:41:46] - [14] MIRKO.POZEN: Fichier Upload: D:\kerberos.htx\elasticsearch-7.14.0\modules\percolator\percolator-client-7.14.0.jar (83,01 K/S -   84 999 bytes)
[13:41:47] - [14] MIRKO.POZEN: Début d'Upload de D:\kerberos.htx\elasticsearch-7.14.0\modules\percolator\plugin-descriptor.properties
[13:41:47] - [14] MIRKO.POZEN: Fichier Upload: D:\kerberos.htx\elasticsearch-7.14.0\modules\percolator\plugin-descriptor.properties (1,70 K/S -   1 745 bytes)
[13:41:47] - [14] MIRKO.POZEN: Répertoire en Cours: D:\kerberos.htx\elasticsearch-7.14.0\modules\rank-eval\
[13:41:47] - [14] MIRKO.POZEN: Début d'Upload de D:\kerberos.htx\elasticsearch-7.14.0\modules\rank-eval\plugin-descriptor.properties
[13:41:47] - [14] MIRKO.POZEN: Fichier Upload: D:\kerberos.htx\elasticsearch-7.14.0\modules\rank-eval\plugin-descriptor.properties (1,67 K/S -   1 707 bytes)
[13:41:47] - [14] MIRKO.POZEN: Début d'Upload de D:\kerberos.htx\elasticsearch-7.14.0\modules\rank-eval\rank-eval-client-7.14.0.jar
[13:41:47] - [14] MIRKO.POZEN: Fichier Upload: D:\kerberos.htx\elasticsearch-7.14.0\modules\rank-eval\rank-eval-client-7.14.0.jar (88,27 K/S -   90 391 bytes)
[13:41:47] - [14] MIRKO.POZEN: Répertoire en Cours: D:\kerberos.htx\elasticsearch-7.14.0\modules\reindex\
[13:41:48] - [14] MIRKO.POZEN: Début d'Upload de D:\kerberos.htx\elasticsearch-7.14.0\modules\reindex\commons-codec-1.11.jar
[13:41:48] - [14] MIRKO.POZEN: Fichier Upload: D:\kerberos.htx\elasticsearch-7.14.0\modules\reindex\commons-codec-1.11.jar (327,19 K/S -   335 042 bytes)
[13:41:48] - [14] MIRKO.POZEN: Début d'Upload de D:\kerberos.htx\elasticsearch-7.14.0\modules\reindex\commons-logging-1.1.3.jar
[13:41:48] - [14] MIRKO.POZEN: Fichier Upload: D:\kerberos.htx\elasticsearch-7.14.0\modules\reindex\commons-logging-1.1.3.jar (60,60 K/S -   62 050 bytes)
[13:41:48] - [14] MIRKO.POZEN: Début d'Upload de D:\kerberos.htx\elasticsearch-7.14.0\modules\reindex\elasticsearch-rest-client-7.14.0.jar
[13:41:48] - [14] MIRKO.POZEN: Fichier Upload: D:\kerberos.htx\elasticsearch-7.14.0\modules\reindex\elasticsearch-rest-client-7.14.0.jar (70,28 K/S -   71 965 bytes)
[13:41:48] - [14] MIRKO.POZEN: Début d'Upload de D:\kerberos.htx\elasticsearch-7.14.0\modules\reindex\elasticsearch-ssl-config-7.14.0.jar
[13:41:48] - [14] MIRKO.POZEN: Fichier Upload: D:\kerberos.htx\elasticsearch-7.14.0\modules\reindex\elasticsearch-ssl-config-7.14.0.jar (73,70 K/S -   75 469 bytes)
[13:41:49] - [14] MIRKO.POZEN: Début d'Upload de D:\kerberos.htx\elasticsearch-7.14.0\modules\reindex\httpasyncclient-4.1.4.jar
[13:41:49] - [14] MIRKO.POZEN: Fichier Upload: D:\kerberos.htx\elasticsearch-7.14.0\modules\reindex\httpasyncclient-4.1.4.jar (175,75 K/S -   179 964 bytes)
[13:41:49] - [14] MIRKO.POZEN: Début d'Upload de D:\kerberos.htx\elasticsearch-7.14.0\modules\reindex\httpclient-4.5.10.jar
[13:41:49] - [14] MIRKO.POZEN: Fichier Upload: D:\kerberos.htx\elasticsearch-7.14.0\modules\reindex\httpclient-4.5.10.jar (756,48 K/S -   774 640 bytes)
[13:41:49] - [14] MIRKO.POZEN: Début d'Upload de D:\kerberos.htx\elasticsearch-7.14.0\modules\reindex\httpcore-4.4.12.jar
[13:41:49] - [14] MIRKO.POZEN: Fichier Upload: D:\kerberos.htx\elasticsearch-7.14.0\modules\reindex\httpcore-4.4.12.jar (320,65 K/S -   328 347 bytes)
[13:41:49] - [14] MIRKO.POZEN: Début d'Upload de D:\kerberos.htx\elasticsearch-7.14.0\modules\reindex\httpcore-nio-4.4.12.jar
[13:41:50] - [14] MIRKO.POZEN: Fichier Upload: D:\kerberos.htx\elasticsearch-7.14.0\modules\reindex\httpcore-nio-4.4.12.jar (359,05 K/S -   367 672 bytes)
[13:41:50] - [14] MIRKO.POZEN: Début d'Upload de D:\kerberos.htx\elasticsearch-7.14.0\modules\reindex\plugin-descriptor.properties
[13:41:50] - [14] MIRKO.POZEN: Fichier Upload: D:\kerberos.htx\elasticsearch-7.14.0\modules\reindex\plugin-descriptor.properties (1,70 K/S -   1 739 bytes)
[13:41:50] - [14] MIRKO.POZEN: Début d'Upload de D:\kerberos.htx\elasticsearch-7.14.0\modules\reindex\plugin-security.policy
[13:41:50] - [14] MIRKO.POZEN: Fichier Upload: D:\kerberos.htx\elasticsearch-7.14.0\modules\reindex\plugin-security.policy (0,83 K/S -    845 bytes)
[13:41:50] - [14] MIRKO.POZEN: Début d'Upload de D:\kerberos.htx\elasticsearch-7.14.0\modules\reindex\reindex-client-7.14.0.jar
[13:41:50] - [14] MIRKO.POZEN: Fichier Upload: D:\kerberos.htx\elasticsearch-7.14.0\modules\reindex\reindex-client-7.14.0.jar (120,83 K/S -   123 730 bytes)
[13:41:50] - [14] MIRKO.POZEN: Répertoire en Cours: D:\kerberos.htx\elasticsearch-7.14.0\modules\repositories-metering-api\
[13:41:51] - [14] MIRKO.POZEN: Début d'Upload de D:\kerberos.htx\elasticsearch-7.14.0\modules\repositories-metering-api\LICENSE.txt
[13:41:51] - [14] MIRKO.POZEN: Fichier Upload: D:\kerberos.htx\elasticsearch-7.14.0\modules\repositories-metering-api\LICENSE.txt (3,86 K/S -   3 953 bytes)
[13:41:51] - [14] MIRKO.POZEN: Début d'Upload de D:\kerberos.htx\elasticsearch-7.14.0\modules\repositories-metering-api\NOTICE.txt
[13:41:51] - [14] MIRKO.POZEN: Fichier Upload: D:\kerberos.htx\elasticsearch-7.14.0\modules\repositories-metering-api\NOTICE.txt (0,06 K/S -    61 bytes)
[13:41:51] - [14] MIRKO.POZEN: Début d'Upload de D:\kerberos.htx\elasticsearch-7.14.0\modules\repositories-metering-api\plugin-descriptor.properties
[13:41:51] - [14] MIRKO.POZEN: Fichier Upload: D:\kerberos.htx\elasticsearch-7.14.0\modules\repositories-metering-api\plugin-descriptor.properties (1,68 K/S -   1 725 bytes)
[13:41:51] - [14] MIRKO.POZEN: Début d'Upload de D:\kerberos.htx\elasticsearch-7.14.0\modules\repositories-metering-api\repositories-metering-api-7.14.0.jar
[13:41:51] - [14] MIRKO.POZEN: Fichier Upload: D:\kerberos.htx\elasticsearch-7.14.0\modules\repositories-metering-api\repositories-metering-api-7.14.0.jar (20,03 K/S -   20 515 bytes)
[13:41:51] - [14] MIRKO.POZEN: Répertoire en Cours: D:\kerberos.htx\elasticsearch-7.14.0\modules\repository-encrypted\
[13:41:52] - [14] MIRKO.POZEN: Début d'Upload de D:\kerberos.htx\elasticsearch-7.14.0\modules\repository-encrypted\LICENSE.txt
[13:41:52] - [14] MIRKO.POZEN: Fichier Upload: D:\kerberos.htx\elasticsearch-7.14.0\modules\repository-encrypted\LICENSE.txt (3,86 K/S -   3 953 bytes)
[13:41:52] - [14] MIRKO.POZEN: Début d'Upload de D:\kerberos.htx\elasticsearch-7.14.0\modules\repository-encrypted\NOTICE.txt
[13:41:52] - [14] MIRKO.POZEN: Fichier Upload: D:\kerberos.htx\elasticsearch-7.14.0\modules\repository-encrypted\NOTICE.txt (0,06 K/S -    61 bytes)
[13:41:52] - [14] MIRKO.POZEN: Début d'Upload de D:\kerberos.htx\elasticsearch-7.14.0\modules\repository-encrypted\plugin-descriptor.properties
[13:41:52] - [14] MIRKO.POZEN: Fichier Upload: D:\kerberos.htx\elasticsearch-7.14.0\modules\repository-encrypted\plugin-descriptor.properties (1,72 K/S -   1 761 bytes)
[13:41:52] - [14] MIRKO.POZEN: Début d'Upload de D:\kerberos.htx\elasticsearch-7.14.0\modules\repository-encrypted\plugin-security.policy
[13:41:52] - [14] MIRKO.POZEN: Fichier Upload: D:\kerberos.htx\elasticsearch-7.14.0\modules\repository-encrypted\plugin-security.policy (0,26 K/S -    265 bytes)
[13:41:53] - [14] MIRKO.POZEN: Début d'Upload de D:\kerberos.htx\elasticsearch-7.14.0\modules\repository-encrypted\repository-encrypted-7.14.0.jar
[13:41:53] - [14] MIRKO.POZEN: Fichier Upload: D:\kerberos.htx\elasticsearch-7.14.0\modules\repository-encrypted\repository-encrypted-7.14.0.jar (46,77 K/S -   47 894 bytes)
[13:41:53] - [14] MIRKO.POZEN: Répertoire en Cours: D:\kerberos.htx\elasticsearch-7.14.0\modules\repository-url\
[13:41:53] - [14] MIRKO.POZEN: Début d'Upload de D:\kerberos.htx\elasticsearch-7.14.0\modules\repository-url\commons-codec-1.11.jar
[13:41:53] - [14] MIRKO.POZEN: Fichier Upload: D:\kerberos.htx\elasticsearch-7.14.0\modules\repository-url\commons-codec-1.11.jar (327,19 K/S -   335 042 bytes)
[13:41:53] - [14] MIRKO.POZEN: Début d'Upload de D:\kerberos.htx\elasticsearch-7.14.0\modules\repository-url\commons-logging-1.1.3.jar
[13:41:53] - [14] MIRKO.POZEN: Fichier Upload: D:\kerberos.htx\elasticsearch-7.14.0\modules\repository-url\commons-logging-1.1.3.jar (60,60 K/S -   62 050 bytes)
[13:41:53] - [14] MIRKO.POZEN: Début d'Upload de D:\kerberos.htx\elasticsearch-7.14.0\modules\repository-url\httpclient-4.5.10.jar
[13:41:54] - [14] MIRKO.POZEN: Fichier Upload: D:\kerberos.htx\elasticsearch-7.14.0\modules\repository-url\httpclient-4.5.10.jar (756,48 K/S -   774 640 bytes)
[13:41:54] - [14] MIRKO.POZEN: Début d'Upload de D:\kerberos.htx\elasticsearch-7.14.0\modules\repository-url\httpcore-4.4.12.jar
[13:41:54] - [14] MIRKO.POZEN: Fichier Upload: D:\kerberos.htx\elasticsearch-7.14.0\modules\repository-url\httpcore-4.4.12.jar (320,65 K/S -   328 347 bytes)
[13:41:54] - [14] MIRKO.POZEN: Début d'Upload de D:\kerberos.htx\elasticsearch-7.14.0\modules\repository-url\log4j-1.2-api-2.11.1.jar
[13:41:54] - [14] MIRKO.POZEN: Fichier Upload: D:\kerberos.htx\elasticsearch-7.14.0\modules\repository-url\log4j-1.2-api-2.11.1.jar (62,24 K/S -   63 731 bytes)
[13:41:54] - [14] MIRKO.POZEN: Début d'Upload de D:\kerberos.htx\elasticsearch-7.14.0\modules\repository-url\plugin-descriptor.properties
[13:41:54] - [14] MIRKO.POZEN: Fichier Upload: D:\kerberos.htx\elasticsearch-7.14.0\modules\repository-url\plugin-descriptor.properties (1,65 K/S -   1 690 bytes)
[13:41:55] - [14] MIRKO.POZEN: Début d'Upload de D:\kerberos.htx\elasticsearch-7.14.0\modules\repository-url\plugin-security.policy
[13:41:55] - [14] MIRKO.POZEN: Fichier Upload: D:\kerberos.htx\elasticsearch-7.14.0\modules\repository-url\plugin-security.policy (0,41 K/S -    421 bytes)
[13:41:55] - [14] MIRKO.POZEN: Début d'Upload de D:\kerberos.htx\elasticsearch-7.14.0\modules\repository-url\repository-url-7.14.0.jar
[13:41:55] - [14] MIRKO.POZEN: Fichier Upload: D:\kerberos.htx\elasticsearch-7.14.0\modules\repository-url\repository-url-7.14.0.jar (43,58 K/S -   44 622 bytes)
[13:41:55] - [14] MIRKO.POZEN: Répertoire en Cours: D:\kerberos.htx\elasticsearch-7.14.0\modules\runtime-fields-common\
[13:41:55] - [14] MIRKO.POZEN: Début d'Upload de D:\kerberos.htx\elasticsearch-7.14.0\modules\runtime-fields-common\elasticsearch-dissect-7.14.0.jar
[13:41:55] - [14] MIRKO.POZEN: Fichier Upload: D:\kerberos.htx\elasticsearch-7.14.0\modules\runtime-fields-common\elasticsearch-dissect-7.14.0.jar (31,67 K/S -   32 430 bytes)
[13:41:56] - [14] MIRKO.POZEN: Début d'Upload de D:\kerberos.htx\elasticsearch-7.14.0\modules\runtime-fields-common\elasticsearch-grok-7.14.0.jar
[13:41:56] - [14] MIRKO.POZEN: Fichier Upload: D:\kerberos.htx\elasticsearch-7.14.0\modules\runtime-fields-common\elasticsearch-grok-7.14.0.jar (54,90 K/S -   56 215 bytes)
[13:41:56] - [14] MIRKO.POZEN: Début d'Upload de D:\kerberos.htx\elasticsearch-7.14.0\modules\runtime-fields-common\jcodings-1.0.44.jar
[13:41:57] - [14] MIRKO.POZEN: Fichier Upload: D:\kerberos.htx\elasticsearch-7.14.0\modules\runtime-fields-common\jcodings-1.0.44.jar (1 643,20 K/S -  1 682 608 bytes)
[13:41:57] - [14] MIRKO.POZEN: Début d'Upload de D:\kerberos.htx\elasticsearch-7.14.0\modules\runtime-fields-common\joni-2.1.29.jar
[13:41:57] - [14] MIRKO.POZEN: Fichier Upload: D:\kerberos.htx\elasticsearch-7.14.0\modules\runtime-fields-common\joni-2.1.29.jar (209,78 K/S -   214 815 bytes)
[13:41:57] - [14] MIRKO.POZEN: Début d'Upload de D:\kerberos.htx\elasticsearch-7.14.0\modules\runtime-fields-common\plugin-descriptor.properties
[13:41:57] - [14] MIRKO.POZEN: Fichier Upload: D:\kerberos.htx\elasticsearch-7.14.0\modules\runtime-fields-common\plugin-descriptor.properties (1,72 K/S -   1 761 bytes)
[13:41:57] - [14] MIRKO.POZEN: Début d'Upload de D:\kerberos.htx\elasticsearch-7.14.0\modules\runtime-fields-common\runtime-fields-common-7.14.0.jar
[13:41:57] - [14] MIRKO.POZEN: Fichier Upload: D:\kerberos.htx\elasticsearch-7.14.0\modules\runtime-fields-common\runtime-fields-common-7.14.0.jar (22,39 K/S -   22 923 bytes)
[13:41:57] - [14] MIRKO.POZEN: Répertoire en Cours: D:\kerberos.htx\elasticsearch-7.14.0\modules\search-business-rules\
[13:41:58] - [14] MIRKO.POZEN: Début d'Upload de D:\kerberos.htx\elasticsearch-7.14.0\modules\search-business-rules\LICENSE.txt
[13:41:58] - [14] MIRKO.POZEN: Fichier Upload: D:\kerberos.htx\elasticsearch-7.14.0\modules\search-business-rules\LICENSE.txt (3,86 K/S -   3 953 bytes)
[13:41:58] - [14] MIRKO.POZEN: Début d'Upload de D:\kerberos.htx\elasticsearch-7.14.0\modules\search-business-rules\NOTICE.txt
[13:41:58] - [14] MIRKO.POZEN: Fichier Upload: D:\kerberos.htx\elasticsearch-7.14.0\modules\search-business-rules\NOTICE.txt (0,06 K/S -    61 bytes)
[13:41:58] - [14] MIRKO.POZEN: Début d'Upload de D:\kerberos.htx\elasticsearch-7.14.0\modules\search-business-rules\plugin-descriptor.properties
[13:41:58] - [14] MIRKO.POZEN: Fichier Upload: D:\kerberos.htx\elasticsearch-7.14.0\modules\search-business-rules\plugin-descriptor.properties (1,71 K/S -   1 749 bytes)
[13:41:58] - [14] MIRKO.POZEN: Début d'Upload de D:\kerberos.htx\elasticsearch-7.14.0\modules\search-business-rules\search-business-rules-7.14.0.jar
[13:41:58] - [14] MIRKO.POZEN: Fichier Upload: D:\kerberos.htx\elasticsearch-7.14.0\modules\search-business-rules\search-business-rules-7.14.0.jar (17,87 K/S -   18 302 bytes)
[13:41:59] - [14] MIRKO.POZEN: Répertoire en Cours: D:\kerberos.htx\elasticsearch-7.14.0\modules\searchable-snapshots\
[13:41:59] - [14] MIRKO.POZEN: Début d'Upload de D:\kerberos.htx\elasticsearch-7.14.0\modules\searchable-snapshots\LICENSE.txt
[13:41:59] - [14] MIRKO.POZEN: Fichier Upload: D:\kerberos.htx\elasticsearch-7.14.0\modules\searchable-snapshots\LICENSE.txt (3,86 K/S -   3 953 bytes)
[13:41:59] - [14] MIRKO.POZEN: Début d'Upload de D:\kerberos.htx\elasticsearch-7.14.0\modules\searchable-snapshots\NOTICE.txt
[13:41:59] - [14] MIRKO.POZEN: Fichier Upload: D:\kerberos.htx\elasticsearch-7.14.0\modules\searchable-snapshots\NOTICE.txt (0,06 K/S -    61 bytes)
[13:41:59] - [14] MIRKO.POZEN: Début d'Upload de D:\kerberos.htx\elasticsearch-7.14.0\modules\searchable-snapshots\plugin-descriptor.properties
[13:41:59] - [14] MIRKO.POZEN: Fichier Upload: D:\kerberos.htx\elasticsearch-7.14.0\modules\searchable-snapshots\plugin-descriptor.properties (1,70 K/S -   1 737 bytes)
[13:41:59] - [14] MIRKO.POZEN: Début d'Upload de D:\kerberos.htx\elasticsearch-7.14.0\modules\searchable-snapshots\plugin-security.policy
[13:41:59] - [14] MIRKO.POZEN: Fichier Upload: D:\kerberos.htx\elasticsearch-7.14.0\modules\searchable-snapshots\plugin-security.policy (0,27 K/S -    281 bytes)
[13:42:00] - [14] MIRKO.POZEN: Début d'Upload de D:\kerberos.htx\elasticsearch-7.14.0\modules\searchable-snapshots\preallocate-7.14.0.jar
[13:42:00] - [14] MIRKO.POZEN: Fichier Upload: D:\kerberos.htx\elasticsearch-7.14.0\modules\searchable-snapshots\preallocate-7.14.0.jar (23,77 K/S -   24 345 bytes)
[13:42:00] - [14] MIRKO.POZEN: Début d'Upload de D:\kerberos.htx\elasticsearch-7.14.0\modules\searchable-snapshots\searchable-snapshots-7.14.0.jar
[13:42:00] - [14] MIRKO.POZEN: Fichier Upload: D:\kerberos.htx\elasticsearch-7.14.0\modules\searchable-snapshots\searchable-snapshots-7.14.0.jar (334,39 K/S -   342 417 bytes)
[13:42:00] - [14] MIRKO.POZEN: Répertoire en Cours: D:\kerberos.htx\elasticsearch-7.14.0\modules\snapshot-repo-test-kit\
[13:42:00] - [14] MIRKO.POZEN: Début d'Upload de D:\kerberos.htx\elasticsearch-7.14.0\modules\snapshot-repo-test-kit\LICENSE.txt
[13:42:00] - [14] MIRKO.POZEN: Fichier Upload: D:\kerberos.htx\elasticsearch-7.14.0\modules\snapshot-repo-test-kit\LICENSE.txt (3,86 K/S -   3 953 bytes)
[13:42:01] - [14] MIRKO.POZEN: Début d'Upload de D:\kerberos.htx\elasticsearch-7.14.0\modules\snapshot-repo-test-kit\NOTICE.txt
[13:42:01] - [14] MIRKO.POZEN: Fichier Upload: D:\kerberos.htx\elasticsearch-7.14.0\modules\snapshot-repo-test-kit\NOTICE.txt (0,06 K/S -    61 bytes)
[13:42:01] - [14] MIRKO.POZEN: Début d'Upload de D:\kerberos.htx\elasticsearch-7.14.0\modules\snapshot-repo-test-kit\plugin-descriptor.properties
[13:42:01] - [14] MIRKO.POZEN: Fichier Upload: D:\kerberos.htx\elasticsearch-7.14.0\modules\snapshot-repo-test-kit\plugin-descriptor.properties (1,71 K/S -   1 748 bytes)
[13:42:01] - [14] MIRKO.POZEN: Début d'Upload de D:\kerberos.htx\elasticsearch-7.14.0\modules\snapshot-repo-test-kit\snapshot-repo-test-kit-7.14.0.jar
[13:42:01] - [14] MIRKO.POZEN: Fichier Upload: D:\kerberos.htx\elasticsearch-7.14.0\modules\snapshot-repo-test-kit\snapshot-repo-test-kit-7.14.0.jar (80,62 K/S -   82 552 bytes)
[13:42:01] - [14] MIRKO.POZEN: Répertoire en Cours: D:\kerberos.htx\elasticsearch-7.14.0\modules\spatial\
[13:42:01] - [14] MIRKO.POZEN: Début d'Upload de D:\kerberos.htx\elasticsearch-7.14.0\modules\spatial\geo-7.14.0.jar
[13:42:01] - [14] MIRKO.POZEN: Fichier Upload: D:\kerberos.htx\elasticsearch-7.14.0\modules\spatial\geo-7.14.0.jar (13,15 K/S -   13 466 bytes)
[13:42:02] - [14] MIRKO.POZEN: Début d'Upload de D:\kerberos.htx\elasticsearch-7.14.0\modules\spatial\LICENSE.txt
[13:42:02] - [14] MIRKO.POZEN: Fichier Upload: D:\kerberos.htx\elasticsearch-7.14.0\modules\spatial\LICENSE.txt (3,86 K/S -   3 953 bytes)
[13:42:02] - [14] MIRKO.POZEN: Début d'Upload de D:\kerberos.htx\elasticsearch-7.14.0\modules\spatial\NOTICE.txt
[13:42:02] - [14] MIRKO.POZEN: Fichier Upload: D:\kerberos.htx\elasticsearch-7.14.0\modules\spatial\NOTICE.txt (0,06 K/S -    61 bytes)
[13:42:02] - [14] MIRKO.POZEN: Début d'Upload de D:\kerberos.htx\elasticsearch-7.14.0\modules\spatial\plugin-descriptor.properties
[13:42:02] - [14] MIRKO.POZEN: Fichier Upload: D:\kerberos.htx\elasticsearch-7.14.0\modules\spatial\plugin-descriptor.properties (1,65 K/S -   1 690 bytes)
[13:42:02] - [14] MIRKO.POZEN: Début d'Upload de D:\kerberos.htx\elasticsearch-7.14.0\modules\spatial\spatial-7.14.0.jar
[13:42:02] - [14] MIRKO.POZEN: Fichier Upload: D:\kerberos.htx\elasticsearch-7.14.0\modules\spatial\spatial-7.14.0.jar (190,94 K/S -   195 519 bytes)
[13:42:03] - [14] MIRKO.POZEN: Répertoire en Cours: D:\kerberos.htx\elasticsearch-7.14.0\modules\transform\
[13:42:03] - [14] MIRKO.POZEN: Début d'Upload de D:\kerberos.htx\elasticsearch-7.14.0\modules\transform\LICENSE.txt
[13:42:03] - [14] MIRKO.POZEN: Fichier Upload: D:\kerberos.htx\elasticsearch-7.14.0\modules\transform\LICENSE.txt (3,86 K/S -   3 953 bytes)
[13:42:03] - [14] MIRKO.POZEN: Début d'Upload de D:\kerberos.htx\elasticsearch-7.14.0\modules\transform\NOTICE.txt
[13:42:03] - [14] MIRKO.POZEN: Fichier Upload: D:\kerberos.htx\elasticsearch-7.14.0\modules\transform\NOTICE.txt (0,06 K/S -    61 bytes)
[13:42:03] - [14] MIRKO.POZEN: Début d'Upload de D:\kerberos.htx\elasticsearch-7.14.0\modules\transform\plugin-descriptor.properties
[13:42:03] - [14] MIRKO.POZEN: Fichier Upload: D:\kerberos.htx\elasticsearch-7.14.0\modules\transform\plugin-descriptor.properties (1,64 K/S -   1 681 bytes)
[13:42:03] - [14] MIRKO.POZEN: Début d'Upload de D:\kerberos.htx\elasticsearch-7.14.0\modules\transform\transform-7.14.0.jar
[13:42:04] - [14] MIRKO.POZEN: Fichier Upload: D:\kerberos.htx\elasticsearch-7.14.0\modules\transform\transform-7.14.0.jar (333,02 K/S -   341 011 bytes)
[13:42:04] - [14] MIRKO.POZEN: Répertoire en Cours: D:\kerberos.htx\elasticsearch-7.14.0\modules\transport-netty4\
[13:42:04] - [14] MIRKO.POZEN: Début d'Upload de D:\kerberos.htx\elasticsearch-7.14.0\modules\transport-netty4\netty-buffer-4.1.49.Final.jar
[13:42:04] - [14] MIRKO.POZEN: Fichier Upload: D:\kerberos.htx\elasticsearch-7.14.0\modules\transport-netty4\netty-buffer-4.1.49.Final.jar (282,58 K/S -   289 361 bytes)
[13:42:04] - [14] MIRKO.POZEN: Début d'Upload de D:\kerberos.htx\elasticsearch-7.14.0\modules\transport-netty4\netty-codec-4.1.49.Final.jar
[13:42:04] - [14] MIRKO.POZEN: Fichier Upload: D:\kerberos.htx\elasticsearch-7.14.0\modules\transport-netty4\netty-codec-4.1.49.Final.jar (312,67 K/S -   320 175 bytes)
[13:42:04] - [14] MIRKO.POZEN: Début d'Upload de D:\kerberos.htx\elasticsearch-7.14.0\modules\transport-netty4\netty-codec-http-4.1.49.Final.jar
[13:42:05] - [14] MIRKO.POZEN: Fichier Upload: D:\kerberos.htx\elasticsearch-7.14.0\modules\transport-netty4\netty-codec-http-4.1.49.Final.jar (599,09 K/S -   613 466 bytes)
[13:42:05] - [14] MIRKO.POZEN: Début d'Upload de D:\kerberos.htx\elasticsearch-7.14.0\modules\transport-netty4\netty-common-4.1.49.Final.jar
[13:42:05] - [14] MIRKO.POZEN: Fichier Upload: D:\kerberos.htx\elasticsearch-7.14.0\modules\transport-netty4\netty-common-4.1.49.Final.jar (611,21 K/S -   625 881 bytes)
[13:42:05] - [14] MIRKO.POZEN: Début d'Upload de D:\kerberos.htx\elasticsearch-7.14.0\modules\transport-netty4\netty-handler-4.1.49.Final.jar
[13:42:05] - [14] MIRKO.POZEN: Fichier Upload: D:\kerberos.htx\elasticsearch-7.14.0\modules\transport-netty4\netty-handler-4.1.49.Final.jar (443,73 K/S -   454 380 bytes)
[13:42:05] - [14] MIRKO.POZEN: Début d'Upload de D:\kerberos.htx\elasticsearch-7.14.0\modules\transport-netty4\netty-resolver-4.1.49.Final.jar
[13:42:05] - [14] MIRKO.POZEN: Fichier Upload: D:\kerberos.htx\elasticsearch-7.14.0\modules\transport-netty4\netty-resolver-4.1.49.Final.jar (32,38 K/S -   33 159 bytes)
[13:42:06] - [14] MIRKO.POZEN: Début d'Upload de D:\kerberos.htx\elasticsearch-7.14.0\modules\transport-netty4\netty-transport-4.1.49.Final.jar
[13:42:06] - [14] MIRKO.POZEN: Fichier Upload: D:\kerberos.htx\elasticsearch-7.14.0\modules\transport-netty4\netty-transport-4.1.49.Final.jar (462,08 K/S -   473 175 bytes)
[13:42:06] - [14] MIRKO.POZEN: Début d'Upload de D:\kerberos.htx\elasticsearch-7.14.0\modules\transport-netty4\plugin-descriptor.properties
[13:42:06] - [14] MIRKO.POZEN: Fichier Upload: D:\kerberos.htx\elasticsearch-7.14.0\modules\transport-netty4\plugin-descriptor.properties (1,65 K/S -   1 686 bytes)
[13:42:06] - [14] MIRKO.POZEN: Début d'Upload de D:\kerberos.htx\elasticsearch-7.14.0\modules\transport-netty4\plugin-security.policy
[13:42:06] - [14] MIRKO.POZEN: Fichier Upload: D:\kerberos.htx\elasticsearch-7.14.0\modules\transport-netty4\plugin-security.policy (1,13 K/S -   1 153 bytes)
[13:42:06] - [14] MIRKO.POZEN: Début d'Upload de D:\kerberos.htx\elasticsearch-7.14.0\modules\transport-netty4\transport-netty4-client-7.14.0.jar
[13:42:06] - [14] MIRKO.POZEN: Fichier Upload: D:\kerberos.htx\elasticsearch-7.14.0\modules\transport-netty4\transport-netty4-client-7.14.0.jar (81,58 K/S -   83 540 bytes)
[13:42:07] - [14] MIRKO.POZEN: Répertoire en Cours: D:\kerberos.htx\elasticsearch-7.14.0\modules\unsigned-long\
[13:42:07] - [14] MIRKO.POZEN: Début d'Upload de D:\kerberos.htx\elasticsearch-7.14.0\modules\unsigned-long\LICENSE.txt
[13:42:07] - [14] MIRKO.POZEN: Fichier Upload: D:\kerberos.htx\elasticsearch-7.14.0\modules\unsigned-long\LICENSE.txt (3,86 K/S -   3 953 bytes)
[13:42:07] - [14] MIRKO.POZEN: Début d'Upload de D:\kerberos.htx\elasticsearch-7.14.0\modules\unsigned-long\NOTICE.txt
[13:42:07] - [14] MIRKO.POZEN: Fichier Upload: D:\kerberos.htx\elasticsearch-7.14.0\modules\unsigned-long\NOTICE.txt (0,06 K/S -    61 bytes)
[13:42:07] - [14] MIRKO.POZEN: Début d'Upload de D:\kerberos.htx\elasticsearch-7.14.0\modules\unsigned-long\plugin-descriptor.properties
[13:42:07] - [14] MIRKO.POZEN: Fichier Upload: D:\kerberos.htx\elasticsearch-7.14.0\modules\unsigned-long\plugin-descriptor.properties (1,69 K/S -   1 730 bytes)
[13:42:07] - [14] MIRKO.POZEN: Début d'Upload de D:\kerberos.htx\elasticsearch-7.14.0\modules\unsigned-long\unsigned-long-7.14.0.jar
[13:42:08] - [14] MIRKO.POZEN: Fichier Upload: D:\kerberos.htx\elasticsearch-7.14.0\modules\unsigned-long\unsigned-long-7.14.0.jar (25,45 K/S -   26 058 bytes)
[13:42:08] - [14] MIRKO.POZEN: Répertoire en Cours: D:\kerberos.htx\elasticsearch-7.14.0\modules\vectors\
[13:42:08] - [14] MIRKO.POZEN: Début d'Upload de D:\kerberos.htx\elasticsearch-7.14.0\modules\vectors\LICENSE.txt
[13:42:08] - [14] MIRKO.POZEN: Fichier Upload: D:\kerberos.htx\elasticsearch-7.14.0\modules\vectors\LICENSE.txt (3,86 K/S -   3 953 bytes)
[13:42:08] - [14] MIRKO.POZEN: Début d'Upload de D:\kerberos.htx\elasticsearch-7.14.0\modules\vectors\NOTICE.txt
[13:42:08] - [14] MIRKO.POZEN: Fichier Upload: D:\kerberos.htx\elasticsearch-7.14.0\modules\vectors\NOTICE.txt (0,06 K/S -    61 bytes)
[13:42:08] - [14] MIRKO.POZEN: Début d'Upload de D:\kerberos.htx\elasticsearch-7.14.0\modules\vectors\plugin-descriptor.properties
[13:42:08] - [14] MIRKO.POZEN: Fichier Upload: D:\kerberos.htx\elasticsearch-7.14.0\modules\vectors\plugin-descriptor.properties (1,66 K/S -   1 696 bytes)
[13:42:09] - [14] MIRKO.POZEN: Début d'Upload de D:\kerberos.htx\elasticsearch-7.14.0\modules\vectors\vectors-7.14.0.jar
[13:42:09] - [14] MIRKO.POZEN: Fichier Upload: D:\kerberos.htx\elasticsearch-7.14.0\modules\vectors\vectors-7.14.0.jar (50,45 K/S -   51 664 bytes)
[13:42:09] - [14] MIRKO.POZEN: Répertoire en Cours: D:\kerberos.htx\elasticsearch-7.14.0\modules\wildcard\
[13:42:09] - [14] MIRKO.POZEN: Début d'Upload de D:\kerberos.htx\elasticsearch-7.14.0\modules\wildcard\LICENSE.txt
[13:42:09] - [14] MIRKO.POZEN: Fichier Upload: D:\kerberos.htx\elasticsearch-7.14.0\modules\wildcard\LICENSE.txt (3,86 K/S -   3 953 bytes)
[13:42:09] - [14] MIRKO.POZEN: Début d'Upload de D:\kerberos.htx\elasticsearch-7.14.0\modules\wildcard\NOTICE.txt
[13:42:09] - [14] MIRKO.POZEN: Fichier Upload: D:\kerberos.htx\elasticsearch-7.14.0\modules\wildcard\NOTICE.txt (0,06 K/S -    61 bytes)
[13:42:09] - [14] MIRKO.POZEN: Début d'Upload de D:\kerberos.htx\elasticsearch-7.14.0\modules\wildcard\plugin-descriptor.properties
[13:42:09] - [14] MIRKO.POZEN: Fichier Upload: D:\kerberos.htx\elasticsearch-7.14.0\modules\wildcard\plugin-descriptor.properties (1,68 K/S -   1 716 bytes)
[13:42:10] - [14] MIRKO.POZEN: Début d'Upload de D:\kerberos.htx\elasticsearch-7.14.0\modules\wildcard\wildcard-7.14.0.jar
[13:42:10] - [14] MIRKO.POZEN: Fichier Upload: D:\kerberos.htx\elasticsearch-7.14.0\modules\wildcard\wildcard-7.14.0.jar (32,14 K/S -   32 909 bytes)
[13:42:10] - [14] MIRKO.POZEN: Répertoire en Cours: D:\kerberos.htx\elasticsearch-7.14.0\modules\x-pack-aggregate-metric\
[13:42:10] - [14] MIRKO.POZEN: Début d'Upload de D:\kerberos.htx\elasticsearch-7.14.0\modules\x-pack-aggregate-metric\LICENSE.txt
[13:42:10] - [14] MIRKO.POZEN: Fichier Upload: D:\kerberos.htx\elasticsearch-7.14.0\modules\x-pack-aggregate-metric\LICENSE.txt (3,86 K/S -   3 953 bytes)
[13:42:10] - [14] MIRKO.POZEN: Début d'Upload de D:\kerberos.htx\elasticsearch-7.14.0\modules\x-pack-aggregate-metric\NOTICE.txt
[13:42:10] - [14] MIRKO.POZEN: Fichier Upload: D:\kerberos.htx\elasticsearch-7.14.0\modules\x-pack-aggregate-metric\NOTICE.txt (0,06 K/S -    61 bytes)
[13:42:11] - [14] MIRKO.POZEN: Début d'Upload de D:\kerberos.htx\elasticsearch-7.14.0\modules\x-pack-aggregate-metric\plugin-descriptor.properties
[13:42:11] - [14] MIRKO.POZEN: Fichier Upload: D:\kerberos.htx\elasticsearch-7.14.0\modules\x-pack-aggregate-metric\plugin-descriptor.properties (1,76 K/S -   1 800 bytes)
[13:42:11] - [14] MIRKO.POZEN: Début d'Upload de D:\kerberos.htx\elasticsearch-7.14.0\modules\x-pack-aggregate-metric\x-pack-aggregate-metric-7.14.0.jar
[13:42:11] - [14] MIRKO.POZEN: Fichier Upload: D:\kerberos.htx\elasticsearch-7.14.0\modules\x-pack-aggregate-metric\x-pack-aggregate-metric-7.14.0.jar (53,85 K/S -   55 138 bytes)
[13:42:11] - [14] MIRKO.POZEN: Répertoire en Cours: D:\kerberos.htx\elasticsearch-7.14.0\modules\x-pack-analytics\
[13:42:11] - [14] MIRKO.POZEN: Début d'Upload de D:\kerberos.htx\elasticsearch-7.14.0\modules\x-pack-analytics\commons-math3-3.6.1.jar
[13:42:13] - [14] MIRKO.POZEN: Fichier Upload: D:\kerberos.htx\elasticsearch-7.14.0\modules\x-pack-analytics\commons-math3-3.6.1.jar (1 080,80 K/S -  2 213 560 bytes)
[13:42:13] - [14] MIRKO.POZEN: Début d'Upload de D:\kerberos.htx\elasticsearch-7.14.0\modules\x-pack-analytics\LICENSE.txt
[13:42:13] - [14] MIRKO.POZEN: Fichier Upload: D:\kerberos.htx\elasticsearch-7.14.0\modules\x-pack-analytics\LICENSE.txt (3,86 K/S -   3 953 bytes)
[13:42:13] - [14] MIRKO.POZEN: Début d'Upload de D:\kerberos.htx\elasticsearch-7.14.0\modules\x-pack-analytics\NOTICE.txt
[13:42:13] - [14] MIRKO.POZEN: Fichier Upload: D:\kerberos.htx\elasticsearch-7.14.0\modules\x-pack-analytics\NOTICE.txt (24,63 K/S -   25 223 bytes)
[13:42:13] - [14] MIRKO.POZEN: Début d'Upload de D:\kerberos.htx\elasticsearch-7.14.0\modules\x-pack-analytics\plugin-descriptor.properties
[13:42:13] - [14] MIRKO.POZEN: Fichier Upload: D:\kerberos.htx\elasticsearch-7.14.0\modules\x-pack-analytics\plugin-descriptor.properties (1,67 K/S -   1 714 bytes)
[13:42:13] - [14] MIRKO.POZEN: Début d'Upload de D:\kerberos.htx\elasticsearch-7.14.0\modules\x-pack-analytics\plugin-security.policy
[13:42:13] - [14] MIRKO.POZEN: Fichier Upload: D:\kerberos.htx\elasticsearch-7.14.0\modules\x-pack-analytics\plugin-security.policy (0,00 K/S -  20 480 000 bytes)
[13:42:13] - [14] MIRKO.POZEN: Début d'Upload de D:\kerberos.htx\elasticsearch-7.14.0\modules\x-pack-analytics\x-pack-analytics-7.14.0.jar
[13:42:14] - [14] MIRKO.POZEN: Fichier Upload: D:\kerberos.htx\elasticsearch-7.14.0\modules\x-pack-analytics\x-pack-analytics-7.14.0.jar (283,96 K/S -   290 776 bytes)
[13:42:14] - [14] MIRKO.POZEN: Répertoire en Cours: D:\kerberos.htx\elasticsearch-7.14.0\modules\x-pack-async\
[13:42:14] - [14] MIRKO.POZEN: Début d'Upload de D:\kerberos.htx\elasticsearch-7.14.0\modules\x-pack-async\LICENSE.txt
[13:42:14] - [14] MIRKO.POZEN: Fichier Upload: D:\kerberos.htx\elasticsearch-7.14.0\modules\x-pack-async\LICENSE.txt (3,86 K/S -   3 953 bytes)
[13:42:14] - [14] MIRKO.POZEN: Début d'Upload de D:\kerberos.htx\elasticsearch-7.14.0\modules\x-pack-async\NOTICE.txt
[13:42:14] - [14] MIRKO.POZEN: Fichier Upload: D:\kerberos.htx\elasticsearch-7.14.0\modules\x-pack-async\NOTICE.txt (0,06 K/S -    61 bytes)
[13:42:14] - [14] MIRKO.POZEN: Début d'Upload de D:\kerberos.htx\elasticsearch-7.14.0\modules\x-pack-async\plugin-descriptor.properties
[13:42:14] - [14] MIRKO.POZEN: Fichier Upload: D:\kerberos.htx\elasticsearch-7.14.0\modules\x-pack-async\plugin-descriptor.properties (1,67 K/S -   1 714 bytes)
[13:42:15] - [14] MIRKO.POZEN: Début d'Upload de D:\kerberos.htx\elasticsearch-7.14.0\modules\x-pack-async\plugin-security.policy
[13:42:15] - [14] MIRKO.POZEN: Fichier Upload: D:\kerberos.htx\elasticsearch-7.14.0\modules\x-pack-async\plugin-security.policy (0,04 K/S -  20 480 000 bytes)
[13:42:15] - [14] MIRKO.POZEN: Début d'Upload de D:\kerberos.htx\elasticsearch-7.14.0\modules\x-pack-async\x-pack-async-7.14.0.jar
[13:42:15] - [14] MIRKO.POZEN: Fichier Upload: D:\kerberos.htx\elasticsearch-7.14.0\modules\x-pack-async\x-pack-async-7.14.0.jar (4,47 K/S -   4 580 bytes)
[13:42:15] - [14] MIRKO.POZEN: Répertoire en Cours: D:\kerberos.htx\elasticsearch-7.14.0\modules\x-pack-async-search\
[13:42:15] - [14] MIRKO.POZEN: Début d'Upload de D:\kerberos.htx\elasticsearch-7.14.0\modules\x-pack-async-search\LICENSE.txt
[13:42:15] - [14] MIRKO.POZEN: Fichier Upload: D:\kerberos.htx\elasticsearch-7.14.0\modules\x-pack-async-search\LICENSE.txt (3,86 K/S -   3 953 bytes)
[13:42:15] - [14] MIRKO.POZEN: Début d'Upload de D:\kerberos.htx\elasticsearch-7.14.0\modules\x-pack-async-search\NOTICE.txt
[13:42:15] - [14] MIRKO.POZEN: Fichier Upload: D:\kerberos.htx\elasticsearch-7.14.0\modules\x-pack-async-search\NOTICE.txt (0,06 K/S -    61 bytes)
[13:42:16] - [14] MIRKO.POZEN: Début d'Upload de D:\kerberos.htx\elasticsearch-7.14.0\modules\x-pack-async-search\plugin-descriptor.properties
[13:42:16] - [14] MIRKO.POZEN: Fichier Upload: D:\kerberos.htx\elasticsearch-7.14.0\modules\x-pack-async-search\plugin-descriptor.properties (1,69 K/S -   1 735 bytes)
[13:42:16] - [14] MIRKO.POZEN: Début d'Upload de D:\kerberos.htx\elasticsearch-7.14.0\modules\x-pack-async-search\plugin-security.policy
[13:42:16] - [14] MIRKO.POZEN: Fichier Upload: D:\kerberos.htx\elasticsearch-7.14.0\modules\x-pack-async-search\plugin-security.policy (0,00 K/S -  20 480 000 bytes)
[13:42:16] - [14] MIRKO.POZEN: Début d'Upload de D:\kerberos.htx\elasticsearch-7.14.0\modules\x-pack-async-search\x-pack-async-search-7.14.0.jar
[13:42:16] - [14] MIRKO.POZEN: Fichier Upload: D:\kerberos.htx\elasticsearch-7.14.0\modules\x-pack-async-search\x-pack-async-search-7.14.0.jar (39,04 K/S -   39 976 bytes)
[13:42:16] - [14] MIRKO.POZEN: Répertoire en Cours: D:\kerberos.htx\elasticsearch-7.14.0\modules\x-pack-autoscaling\
[13:42:17] - [14] MIRKO.POZEN: Début d'Upload de D:\kerberos.htx\elasticsearch-7.14.0\modules\x-pack-autoscaling\LICENSE.txt
[13:42:17] - [14] MIRKO.POZEN: Fichier Upload: D:\kerberos.htx\elasticsearch-7.14.0\modules\x-pack-autoscaling\LICENSE.txt (3,86 K/S -   3 953 bytes)
[13:42:17] - [14] MIRKO.POZEN: Début d'Upload de D:\kerberos.htx\elasticsearch-7.14.0\modules\x-pack-autoscaling\NOTICE.txt
[13:42:17] - [14] MIRKO.POZEN: Fichier Upload: D:\kerberos.htx\elasticsearch-7.14.0\modules\x-pack-autoscaling\NOTICE.txt (0,06 K/S -    61 bytes)
[13:42:17] - [14] MIRKO.POZEN: Début d'Upload de D:\kerberos.htx\elasticsearch-7.14.0\modules\x-pack-autoscaling\plugin-descriptor.properties
[13:42:17] - [14] MIRKO.POZEN: Fichier Upload: D:\kerberos.htx\elasticsearch-7.14.0\modules\x-pack-autoscaling\plugin-descriptor.properties (1,68 K/S -   1 716 bytes)
[13:42:17] - [14] MIRKO.POZEN: Début d'Upload de D:\kerberos.htx\elasticsearch-7.14.0\modules\x-pack-autoscaling\x-pack-autoscaling-7.14.0.jar
[13:42:17] - [14] MIRKO.POZEN: Fichier Upload: D:\kerberos.htx\elasticsearch-7.14.0\modules\x-pack-autoscaling\x-pack-autoscaling-7.14.0.jar (131,26 K/S -   134 413 bytes)
[13:42:17] - [14] MIRKO.POZEN: Répertoire en Cours: D:\kerberos.htx\elasticsearch-7.14.0\modules\x-pack-ccr\
[13:42:18] - [14] MIRKO.POZEN: Début d'Upload de D:\kerberos.htx\elasticsearch-7.14.0\modules\x-pack-ccr\LICENSE.txt
[13:42:18] - [14] MIRKO.POZEN: Fichier Upload: D:\kerberos.htx\elasticsearch-7.14.0\modules\x-pack-ccr\LICENSE.txt (3,86 K/S -   3 953 bytes)
[13:42:18] - [14] MIRKO.POZEN: Début d'Upload de D:\kerberos.htx\elasticsearch-7.14.0\modules\x-pack-ccr\NOTICE.txt
[13:42:18] - [14] MIRKO.POZEN: Fichier Upload: D:\kerberos.htx\elasticsearch-7.14.0\modules\x-pack-ccr\NOTICE.txt (0,06 K/S -    61 bytes)
[13:42:18] - [14] MIRKO.POZEN: Début d'Upload de D:\kerberos.htx\elasticsearch-7.14.0\modules\x-pack-ccr\plugin-descriptor.properties
[13:42:18] - [14] MIRKO.POZEN: Fichier Upload: D:\kerberos.htx\elasticsearch-7.14.0\modules\x-pack-ccr\plugin-descriptor.properties (1,64 K/S -   1 684 bytes)
[13:42:18] - [14] MIRKO.POZEN: Début d'Upload de D:\kerberos.htx\elasticsearch-7.14.0\modules\x-pack-ccr\plugin-security.policy
[13:42:18] - [14] MIRKO.POZEN: Fichier Upload: D:\kerberos.htx\elasticsearch-7.14.0\modules\x-pack-ccr\plugin-security.policy (0,13 K/S -    135 bytes)
[13:42:19] - [14] MIRKO.POZEN: Début d'Upload de D:\kerberos.htx\elasticsearch-7.14.0\modules\x-pack-ccr\x-pack-ccr-7.14.0.jar
[13:42:19] - [14] MIRKO.POZEN: Fichier Upload: D:\kerberos.htx\elasticsearch-7.14.0\modules\x-pack-ccr\x-pack-ccr-7.14.0.jar (276,88 K/S -   283 525 bytes)
[13:42:19] - [14] MIRKO.POZEN: Répertoire en Cours: D:\kerberos.htx\elasticsearch-7.14.0\modules\x-pack-core\
[13:42:19] - [14] MIRKO.POZEN: Début d'Upload de D:\kerberos.htx\elasticsearch-7.14.0\modules\x-pack-core\commons-codec-1.11.jar
[13:42:19] - [14] MIRKO.POZEN: Fichier Upload: D:\kerberos.htx\elasticsearch-7.14.0\modules\x-pack-core\commons-codec-1.11.jar (327,19 K/S -   335 042 bytes)
[13:42:19] - [14] MIRKO.POZEN: Début d'Upload de D:\kerberos.htx\elasticsearch-7.14.0\modules\x-pack-core\commons-logging-1.1.3.jar
[13:42:19] - [14] MIRKO.POZEN: Fichier Upload: D:\kerberos.htx\elasticsearch-7.14.0\modules\x-pack-core\commons-logging-1.1.3.jar (60,60 K/S -   62 050 bytes)
[13:42:19] - [14] MIRKO.POZEN: Début d'Upload de D:\kerberos.htx\elasticsearch-7.14.0\modules\x-pack-core\elasticsearch-nio-7.14.0.jar
[13:42:19] - [14] MIRKO.POZEN: Fichier Upload: D:\kerberos.htx\elasticsearch-7.14.0\modules\x-pack-core\elasticsearch-nio-7.14.0.jar (66,27 K/S -   67 859 bytes)
[13:42:20] - [14] MIRKO.POZEN: Début d'Upload de D:\kerberos.htx\elasticsearch-7.14.0\modules\x-pack-core\elasticsearch-ssl-config-7.14.0.jar
[13:42:20] - [14] MIRKO.POZEN: Fichier Upload: D:\kerberos.htx\elasticsearch-7.14.0\modules\x-pack-core\elasticsearch-ssl-config-7.14.0.jar (73,70 K/S -   75 469 bytes)
[13:42:20] - [14] MIRKO.POZEN: Début d'Upload de D:\kerberos.htx\elasticsearch-7.14.0\modules\x-pack-core\httpasyncclient-4.1.4.jar
[13:42:20] - [14] MIRKO.POZEN: Fichier Upload: D:\kerberos.htx\elasticsearch-7.14.0\modules\x-pack-core\httpasyncclient-4.1.4.jar (175,75 K/S -   179 964 bytes)
[13:42:20] - [14] MIRKO.POZEN: Début d'Upload de D:\kerberos.htx\elasticsearch-7.14.0\modules\x-pack-core\httpclient-4.5.10.jar
[13:42:21] - [14] MIRKO.POZEN: Fichier Upload: D:\kerberos.htx\elasticsearch-7.14.0\modules\x-pack-core\httpclient-4.5.10.jar (756,48 K/S -   774 640 bytes)
[13:42:21] - [14] MIRKO.POZEN: Début d'Upload de D:\kerberos.htx\elasticsearch-7.14.0\modules\x-pack-core\httpcore-4.4.12.jar
[13:42:21] - [14] MIRKO.POZEN: Fichier Upload: D:\kerberos.htx\elasticsearch-7.14.0\modules\x-pack-core\httpcore-4.4.12.jar (320,65 K/S -   328 347 bytes)
[13:42:21] - [14] MIRKO.POZEN: Début d'Upload de D:\kerberos.htx\elasticsearch-7.14.0\modules\x-pack-core\httpcore-nio-4.4.12.jar
[13:42:21] - [14] MIRKO.POZEN: Fichier Upload: D:\kerberos.htx\elasticsearch-7.14.0\modules\x-pack-core\httpcore-nio-4.4.12.jar (359,05 K/S -   367 672 bytes)
[13:42:21] - [14] MIRKO.POZEN: Début d'Upload de D:\kerberos.htx\elasticsearch-7.14.0\modules\x-pack-core\LICENSE.txt
[13:42:21] - [14] MIRKO.POZEN: Fichier Upload: D:\kerberos.htx\elasticsearch-7.14.0\modules\x-pack-core\LICENSE.txt (3,86 K/S -   3 953 bytes)
[13:42:21] - [14] MIRKO.POZEN: Début d'Upload de D:\kerberos.htx\elasticsearch-7.14.0\modules\x-pack-core\log4j-1.2-api-2.11.1.jar
[13:42:21] - [14] MIRKO.POZEN: Fichier Upload: D:\kerberos.htx\elasticsearch-7.14.0\modules\x-pack-core\log4j-1.2-api-2.11.1.jar (62,24 K/S -   63 731 bytes)
[13:42:21] - [14] MIRKO.POZEN: Début d'Upload de D:\kerberos.htx\elasticsearch-7.14.0\modules\x-pack-core\netty-buffer-4.1.49.Final.jar
[13:42:22] - [14] MIRKO.POZEN: Fichier Upload: D:\kerberos.htx\elasticsearch-7.14.0\modules\x-pack-core\netty-buffer-4.1.49.Final.jar (282,58 K/S -   289 361 bytes)
[13:42:22] - [14] MIRKO.POZEN: Début d'Upload de D:\kerberos.htx\elasticsearch-7.14.0\modules\x-pack-core\netty-codec-4.1.49.Final.jar
[13:42:22] - [14] MIRKO.POZEN: Fichier Upload: D:\kerberos.htx\elasticsearch-7.14.0\modules\x-pack-core\netty-codec-4.1.49.Final.jar (312,67 K/S -   320 175 bytes)
[13:42:22] - [14] MIRKO.POZEN: Début d'Upload de D:\kerberos.htx\elasticsearch-7.14.0\modules\x-pack-core\netty-codec-http-4.1.49.Final.jar
[13:42:22] - [14] MIRKO.POZEN: Fichier Upload: D:\kerberos.htx\elasticsearch-7.14.0\modules\x-pack-core\netty-codec-http-4.1.49.Final.jar (599,09 K/S -   613 466 bytes)
[13:42:22] - [14] MIRKO.POZEN: Début d'Upload de D:\kerberos.htx\elasticsearch-7.14.0\modules\x-pack-core\netty-common-4.1.49.Final.jar
[13:42:23] - [14] MIRKO.POZEN: Fichier Upload: D:\kerberos.htx\elasticsearch-7.14.0\modules\x-pack-core\netty-common-4.1.49.Final.jar (611,21 K/S -   625 881 bytes)
[13:42:23] - [14] MIRKO.POZEN: Début d'Upload de D:\kerberos.htx\elasticsearch-7.14.0\modules\x-pack-core\netty-handler-4.1.49.Final.jar
[13:42:23] - [14] MIRKO.POZEN: Fichier Upload: D:\kerberos.htx\elasticsearch-7.14.0\modules\x-pack-core\netty-handler-4.1.49.Final.jar (443,73 K/S -   454 380 bytes)
[13:42:23] - [14] MIRKO.POZEN: Début d'Upload de D:\kerberos.htx\elasticsearch-7.14.0\modules\x-pack-core\netty-resolver-4.1.49.Final.jar
[13:42:23] - [14] MIRKO.POZEN: Fichier Upload: D:\kerberos.htx\elasticsearch-7.14.0\modules\x-pack-core\netty-resolver-4.1.49.Final.jar (32,38 K/S -   33 159 bytes)
[13:42:23] - [14] MIRKO.POZEN: Début d'Upload de D:\kerberos.htx\elasticsearch-7.14.0\modules\x-pack-core\netty-transport-4.1.49.Final.jar
[13:42:23] - [14] MIRKO.POZEN: Fichier Upload: D:\kerberos.htx\elasticsearch-7.14.0\modules\x-pack-core\netty-transport-4.1.49.Final.jar (462,08 K/S -   473 175 bytes)
[13:42:23] - [14] MIRKO.POZEN: Début d'Upload de D:\kerberos.htx\elasticsearch-7.14.0\modules\x-pack-core\NOTICE.txt
[13:42:24] - [14] MIRKO.POZEN: Fichier Upload: D:\kerberos.htx\elasticsearch-7.14.0\modules\x-pack-core\NOTICE.txt (81,05 K/S -   82 993 bytes)
[13:42:24] - [14] MIRKO.POZEN: Début d'Upload de D:\kerberos.htx\elasticsearch-7.14.0\modules\x-pack-core\plugin-descriptor.properties
[13:42:24] - [14] MIRKO.POZEN: Fichier Upload: D:\kerberos.htx\elasticsearch-7.14.0\modules\x-pack-core\plugin-descriptor.properties (1,64 K/S -   1 684 bytes)
[13:42:24] - [14] MIRKO.POZEN: Début d'Upload de D:\kerberos.htx\elasticsearch-7.14.0\modules\x-pack-core\plugin-security.policy
[13:42:24] - [14] MIRKO.POZEN: Fichier Upload: D:\kerberos.htx\elasticsearch-7.14.0\modules\x-pack-core\plugin-security.policy (1,36 K/S -   1 394 bytes)
[13:42:24] - [14] MIRKO.POZEN: Début d'Upload de D:\kerberos.htx\elasticsearch-7.14.0\modules\x-pack-core\transport-netty4-client-7.14.0.jar
[13:42:24] - [14] MIRKO.POZEN: Fichier Upload: D:\kerberos.htx\elasticsearch-7.14.0\modules\x-pack-core\transport-netty4-client-7.14.0.jar (81,58 K/S -   83 540 bytes)
[13:42:24] - [14] MIRKO.POZEN: Début d'Upload de D:\kerberos.htx\elasticsearch-7.14.0\modules\x-pack-core\transport-nio-client-7.14.0.jar
[13:42:24] - [14] MIRKO.POZEN: Fichier Upload: D:\kerberos.htx\elasticsearch-7.14.0\modules\x-pack-core\transport-nio-client-7.14.0.jar (68,44 K/S -   70 080 bytes)
[13:42:25] - [14] MIRKO.POZEN: Début d'Upload de D:\kerberos.htx\elasticsearch-7.14.0\modules\x-pack-core\unboundid-ldapsdk-4.0.8.jar
[13:42:27] - [14] MIRKO.POZEN: Fichier Upload: D:\kerberos.htx\elasticsearch-7.14.0\modules\x-pack-core\unboundid-ldapsdk-4.0.8.jar (2 009,70 K/S -  4 115 911 bytes)
[13:42:27] - [14] MIRKO.POZEN: Début d'Upload de D:\kerberos.htx\elasticsearch-7.14.0\modules\x-pack-core\x-pack-core-7.14.0.jar
[13:42:30] - [14] MIRKO.POZEN: Fichier Upload: D:\kerberos.htx\elasticsearch-7.14.0\modules\x-pack-core\x-pack-core-7.14.0.jar (1 341,30 K/S -  4 120 585 bytes)
[13:42:30] - [14] MIRKO.POZEN: Répertoire en Cours: D:\kerberos.htx\elasticsearch-7.14.0\modules\x-pack-data-streams\
[13:42:30] - [14] MIRKO.POZEN: Début d'Upload de D:\kerberos.htx\elasticsearch-7.14.0\modules\x-pack-data-streams\LICENSE.txt
[13:42:30] - [14] MIRKO.POZEN: Fichier Upload: D:\kerberos.htx\elasticsearch-7.14.0\modules\x-pack-data-streams\LICENSE.txt (3,86 K/S -   3 953 bytes)
[13:42:30] - [14] MIRKO.POZEN: Début d'Upload de D:\kerberos.htx\elasticsearch-7.14.0\modules\x-pack-data-streams\NOTICE.txt
[13:42:30] - [14] MIRKO.POZEN: Fichier Upload: D:\kerberos.htx\elasticsearch-7.14.0\modules\x-pack-data-streams\NOTICE.txt (0,06 K/S -    61 bytes)
[13:42:30] - [14] MIRKO.POZEN: Début d'Upload de D:\kerberos.htx\elasticsearch-7.14.0\modules\x-pack-data-streams\plugin-descriptor.properties
[13:42:30] - [14] MIRKO.POZEN: Fichier Upload: D:\kerberos.htx\elasticsearch-7.14.0\modules\x-pack-data-streams\plugin-descriptor.properties (1,68 K/S -   1 724 bytes)
[13:42:31] - [14] MIRKO.POZEN: Début d'Upload de D:\kerberos.htx\elasticsearch-7.14.0\modules\x-pack-data-streams\x-pack-data-streams-7.14.0.jar
[13:42:31] - [14] MIRKO.POZEN: Fichier Upload: D:\kerberos.htx\elasticsearch-7.14.0\modules\x-pack-data-streams\x-pack-data-streams-7.14.0.jar (50,00 K/S -   51 202 bytes)
[13:42:31] - [14] MIRKO.POZEN: Répertoire en Cours: D:\kerberos.htx\elasticsearch-7.14.0\modules\x-pack-deprecation\
[13:42:31] - [14] MIRKO.POZEN: Début d'Upload de D:\kerberos.htx\elasticsearch-7.14.0\modules\x-pack-deprecation\elasticsearch-rest-client-7.14.0.jar
[13:42:31] - [14] MIRKO.POZEN: Fichier Upload: D:\kerberos.htx\elasticsearch-7.14.0\modules\x-pack-deprecation\elasticsearch-rest-client-7.14.0.jar (70,28 K/S -   71 965 bytes)
[13:42:31] - [14] MIRKO.POZEN: Début d'Upload de D:\kerberos.htx\elasticsearch-7.14.0\modules\x-pack-deprecation\elasticsearch-rest-client-sniffer-7.14.0.jar
[13:42:31] - [14] MIRKO.POZEN: Fichier Upload: D:\kerberos.htx\elasticsearch-7.14.0\modules\x-pack-deprecation\elasticsearch-rest-client-sniffer-7.14.0.jar (24,84 K/S -   25 434 bytes)
[13:42:32] - [14] MIRKO.POZEN: Début d'Upload de D:\kerberos.htx\elasticsearch-7.14.0\modules\x-pack-deprecation\LICENSE.txt
[13:42:32] - [14] MIRKO.POZEN: Fichier Upload: D:\kerberos.htx\elasticsearch-7.14.0\modules\x-pack-deprecation\LICENSE.txt (3,86 K/S -   3 953 bytes)
[13:42:32] - [14] MIRKO.POZEN: Début d'Upload de D:\kerberos.htx\elasticsearch-7.14.0\modules\x-pack-deprecation\NOTICE.txt
[13:42:32] - [14] MIRKO.POZEN: Fichier Upload: D:\kerberos.htx\elasticsearch-7.14.0\modules\x-pack-deprecation\NOTICE.txt (0,06 K/S -    61 bytes)
[13:42:32] - [14] MIRKO.POZEN: Début d'Upload de D:\kerberos.htx\elasticsearch-7.14.0\modules\x-pack-deprecation\plugin-descriptor.properties
[13:42:32] - [14] MIRKO.POZEN: Fichier Upload: D:\kerberos.htx\elasticsearch-7.14.0\modules\x-pack-deprecation\plugin-descriptor.properties (1,68 K/S -   1 716 bytes)
[13:42:32] - [14] MIRKO.POZEN: Début d'Upload de D:\kerberos.htx\elasticsearch-7.14.0\modules\x-pack-deprecation\plugin-security.policy
[13:42:32] - [14] MIRKO.POZEN: Fichier Upload: D:\kerberos.htx\elasticsearch-7.14.0\modules\x-pack-deprecation\plugin-security.policy (0,13 K/S -    135 bytes)
[13:42:32] - [14] MIRKO.POZEN: Début d'Upload de D:\kerberos.htx\elasticsearch-7.14.0\modules\x-pack-deprecation\x-pack-deprecation-7.14.0.jar
[13:42:33] - [14] MIRKO.POZEN: Fichier Upload: D:\kerberos.htx\elasticsearch-7.14.0\modules\x-pack-deprecation\x-pack-deprecation-7.14.0.jar (81,79 K/S -   83 751 bytes)
[13:42:33] - [14] MIRKO.POZEN: Début d'Upload de D:\kerberos.htx\elasticsearch-7.14.0\modules\x-pack-deprecation\x-pack-monitoring-7.14.0.jar
[13:42:33] - [14] MIRKO.POZEN: Fichier Upload: D:\kerberos.htx\elasticsearch-7.14.0\modules\x-pack-deprecation\x-pack-monitoring-7.14.0.jar (231,69 K/S -   237 247 bytes)
[13:42:33] - [14] MIRKO.POZEN: Répertoire en Cours: D:\kerberos.htx\elasticsearch-7.14.0\modules\x-pack-enrich\
[13:42:33] - [14] MIRKO.POZEN: Début d'Upload de D:\kerberos.htx\elasticsearch-7.14.0\modules\x-pack-enrich\elasticsearch-rest-client-7.14.0.jar
[13:42:33] - [14] MIRKO.POZEN: Fichier Upload: D:\kerberos.htx\elasticsearch-7.14.0\modules\x-pack-enrich\elasticsearch-rest-client-7.14.0.jar (70,28 K/S -   71 965 bytes)
[13:42:33] - [14] MIRKO.POZEN: Début d'Upload de D:\kerberos.htx\elasticsearch-7.14.0\modules\x-pack-enrich\LICENSE.txt
[13:42:33] - [14] MIRKO.POZEN: Fichier Upload: D:\kerberos.htx\elasticsearch-7.14.0\modules\x-pack-enrich\LICENSE.txt (3,86 K/S -   3 953 bytes)
[13:42:34] - [14] MIRKO.POZEN: Début d'Upload de D:\kerberos.htx\elasticsearch-7.14.0\modules\x-pack-enrich\NOTICE.txt
[13:42:34] - [14] MIRKO.POZEN: Fichier Upload: D:\kerberos.htx\elasticsearch-7.14.0\modules\x-pack-enrich\NOTICE.txt (0,06 K/S -    61 bytes)
[13:42:34] - [14] MIRKO.POZEN: Début d'Upload de D:\kerberos.htx\elasticsearch-7.14.0\modules\x-pack-enrich\plugin-descriptor.properties
[13:42:34] - [14] MIRKO.POZEN: Fichier Upload: D:\kerberos.htx\elasticsearch-7.14.0\modules\x-pack-enrich\plugin-descriptor.properties (1,66 K/S -   1 702 bytes)
[13:42:34] - [14] MIRKO.POZEN: Début d'Upload de D:\kerberos.htx\elasticsearch-7.14.0\modules\x-pack-enrich\reindex-client-7.14.0.jar
[13:42:34] - [14] MIRKO.POZEN: Fichier Upload: D:\kerberos.htx\elasticsearch-7.14.0\modules\x-pack-enrich\reindex-client-7.14.0.jar (120,83 K/S -   123 730 bytes)
[13:42:34] - [14] MIRKO.POZEN: Début d'Upload de D:\kerberos.htx\elasticsearch-7.14.0\modules\x-pack-enrich\x-pack-enrich-7.14.0.jar
[13:42:34] - [14] MIRKO.POZEN: Fichier Upload: D:\kerberos.htx\elasticsearch-7.14.0\modules\x-pack-enrich\x-pack-enrich-7.14.0.jar (115,37 K/S -   118 139 bytes)
[13:42:34] - [14] MIRKO.POZEN: Répertoire en Cours: D:\kerberos.htx\elasticsearch-7.14.0\modules\x-pack-eql\
[13:42:35] - [14] MIRKO.POZEN: Début d'Upload de D:\kerberos.htx\elasticsearch-7.14.0\modules\x-pack-eql\LICENSE.txt
[13:42:35] - [14] MIRKO.POZEN: Fichier Upload: D:\kerberos.htx\elasticsearch-7.14.0\modules\x-pack-eql\LICENSE.txt (3,86 K/S -   3 953 bytes)
[13:42:35] - [14] MIRKO.POZEN: Début d'Upload de D:\kerberos.htx\elasticsearch-7.14.0\modules\x-pack-eql\NOTICE.txt
[13:42:35] - [14] MIRKO.POZEN: Fichier Upload: D:\kerberos.htx\elasticsearch-7.14.0\modules\x-pack-eql\NOTICE.txt (0,06 K/S -    61 bytes)
[13:42:35] - [14] MIRKO.POZEN: Début d'Upload de D:\kerberos.htx\elasticsearch-7.14.0\modules\x-pack-eql\plugin-descriptor.properties
[13:42:35] - [14] MIRKO.POZEN: Fichier Upload: D:\kerberos.htx\elasticsearch-7.14.0\modules\x-pack-eql\plugin-descriptor.properties (1,69 K/S -   1 727 bytes)
[13:42:35] - [14] MIRKO.POZEN: Début d'Upload de D:\kerberos.htx\elasticsearch-7.14.0\modules\x-pack-eql\plugin-security.policy
[13:42:35] - [14] MIRKO.POZEN: Fichier Upload: D:\kerberos.htx\elasticsearch-7.14.0\modules\x-pack-eql\plugin-security.policy (0,00 K/S -  20 480 000 bytes)
[13:42:36] - [14] MIRKO.POZEN: Début d'Upload de D:\kerberos.htx\elasticsearch-7.14.0\modules\x-pack-eql\x-pack-eql-7.14.0.jar
[13:42:36] - [14] MIRKO.POZEN: Fichier Upload: D:\kerberos.htx\elasticsearch-7.14.0\modules\x-pack-eql\x-pack-eql-7.14.0.jar (488,02 K/S -   499 728 bytes)
[13:42:36] - [14] MIRKO.POZEN: Répertoire en Cours: D:\kerberos.htx\elasticsearch-7.14.0\modules\x-pack-fleet\
[13:42:36] - [14] MIRKO.POZEN: Début d'Upload de D:\kerberos.htx\elasticsearch-7.14.0\modules\x-pack-fleet\LICENSE.txt
[13:42:36] - [14] MIRKO.POZEN: Fichier Upload: D:\kerberos.htx\elasticsearch-7.14.0\modules\x-pack-fleet\LICENSE.txt (3,86 K/S -   3 953 bytes)
[13:42:36] - [14] MIRKO.POZEN: Début d'Upload de D:\kerberos.htx\elasticsearch-7.14.0\modules\x-pack-fleet\NOTICE.txt
[13:42:36] - [14] MIRKO.POZEN: Fichier Upload: D:\kerberos.htx\elasticsearch-7.14.0\modules\x-pack-fleet\NOTICE.txt (0,06 K/S -    61 bytes)
[13:42:37] - [14] MIRKO.POZEN: Début d'Upload de D:\kerberos.htx\elasticsearch-7.14.0\modules\x-pack-fleet\plugin-descriptor.properties
[13:42:37] - [14] MIRKO.POZEN: Fichier Upload: D:\kerberos.htx\elasticsearch-7.14.0\modules\x-pack-fleet\plugin-descriptor.properties (1,69 K/S -   1 732 bytes)
[13:42:37] - [14] MIRKO.POZEN: Début d'Upload de D:\kerberos.htx\elasticsearch-7.14.0\modules\x-pack-fleet\x-pack-fleet-7.14.0.jar
[13:42:37] - [14] MIRKO.POZEN: Fichier Upload: D:\kerberos.htx\elasticsearch-7.14.0\modules\x-pack-fleet\x-pack-fleet-7.14.0.jar (33,63 K/S -   34 439 bytes)
[13:42:37] - [14] MIRKO.POZEN: Répertoire en Cours: D:\kerberos.htx\elasticsearch-7.14.0\modules\x-pack-graph\
[13:42:37] - [14] MIRKO.POZEN: Début d'Upload de D:\kerberos.htx\elasticsearch-7.14.0\modules\x-pack-graph\LICENSE.txt
[13:42:37] - [14] MIRKO.POZEN: Fichier Upload: D:\kerberos.htx\elasticsearch-7.14.0\modules\x-pack-graph\LICENSE.txt (3,86 K/S -   3 953 bytes)
[13:42:37] - [14] MIRKO.POZEN: Début d'Upload de D:\kerberos.htx\elasticsearch-7.14.0\modules\x-pack-graph\NOTICE.txt
[13:42:37] - [14] MIRKO.POZEN: Fichier Upload: D:\kerberos.htx\elasticsearch-7.14.0\modules\x-pack-graph\NOTICE.txt (0,06 K/S -    61 bytes)
[13:42:38] - [14] MIRKO.POZEN: Début d'Upload de D:\kerberos.htx\elasticsearch-7.14.0\modules\x-pack-graph\plugin-descriptor.properties
[13:42:38] - [14] MIRKO.POZEN: Fichier Upload: D:\kerberos.htx\elasticsearch-7.14.0\modules\x-pack-graph\plugin-descriptor.properties (1,65 K/S -   1 692 bytes)
[13:42:38] - [14] MIRKO.POZEN: Début d'Upload de D:\kerberos.htx\elasticsearch-7.14.0\modules\x-pack-graph\plugin-security.policy
[13:42:38] - [14] MIRKO.POZEN: Fichier Upload: D:\kerberos.htx\elasticsearch-7.14.0\modules\x-pack-graph\plugin-security.policy (0,13 K/S -    135 bytes)
[13:42:38] - [14] MIRKO.POZEN: Début d'Upload de D:\kerberos.htx\elasticsearch-7.14.0\modules\x-pack-graph\x-pack-graph-7.14.0.jar
[13:42:38] - [14] MIRKO.POZEN: Fichier Upload: D:\kerberos.htx\elasticsearch-7.14.0\modules\x-pack-graph\x-pack-graph-7.14.0.jar (30,36 K/S -   31 087 bytes)
[13:42:38] - [14] MIRKO.POZEN: Répertoire en Cours: D:\kerberos.htx\elasticsearch-7.14.0\modules\x-pack-identity-provider\
[13:42:39] - [14] MIRKO.POZEN: Début d'Upload de D:\kerberos.htx\elasticsearch-7.14.0\modules\x-pack-identity-provider\cryptacular-1.2.4.jar
[13:42:39] - [14] MIRKO.POZEN: Fichier Upload: D:\kerberos.htx\elasticsearch-7.14.0\modules\x-pack-identity-provider\cryptacular-1.2.4.jar (158,66 K/S -   162 471 bytes)
[13:42:39] - [14] MIRKO.POZEN: Début d'Upload de D:\kerberos.htx\elasticsearch-7.14.0\modules\x-pack-identity-provider\guava-19.0.jar
[13:42:40] - [14] MIRKO.POZEN: Fichier Upload: D:\kerberos.htx\elasticsearch-7.14.0\modules\x-pack-identity-provider\guava-19.0.jar (2 254,40 K/S -  2 308 517 bytes)
[13:42:40] - [14] MIRKO.POZEN: Début d'Upload de D:\kerberos.htx\elasticsearch-7.14.0\modules\x-pack-identity-provider\httpclient-cache-4.5.10.jar
[13:42:40] - [14] MIRKO.POZEN: Fichier Upload: D:\kerberos.htx\elasticsearch-7.14.0\modules\x-pack-identity-provider\httpclient-cache-4.5.10.jar (160,35 K/S -   164 197 bytes)
[13:42:40] - [14] MIRKO.POZEN: Début d'Upload de D:\kerberos.htx\elasticsearch-7.14.0\modules\x-pack-identity-provider\java-support-7.5.1.jar
[13:42:41] - [14] MIRKO.POZEN: Fichier Upload: D:\kerberos.htx\elasticsearch-7.14.0\modules\x-pack-identity-provider\java-support-7.5.1.jar (266,00 K/S -   272 381 bytes)
[13:42:41] - [14] MIRKO.POZEN: Début d'Upload de D:\kerberos.htx\elasticsearch-7.14.0\modules\x-pack-identity-provider\LICENSE.txt
[13:42:41] - [14] MIRKO.POZEN: Fichier Upload: D:\kerberos.htx\elasticsearch-7.14.0\modules\x-pack-identity-provider\LICENSE.txt (3,86 K/S -   3 953 bytes)
[13:42:41] - [14] MIRKO.POZEN: Début d'Upload de D:\kerberos.htx\elasticsearch-7.14.0\modules\x-pack-identity-provider\log4j-slf4j-impl-2.11.1.jar
[13:42:41] - [14] MIRKO.POZEN: Fichier Upload: D:\kerberos.htx\elasticsearch-7.14.0\modules\x-pack-identity-provider\log4j-slf4j-impl-2.11.1.jar (22,70 K/S -   23 241 bytes)
[13:42:41] - [14] MIRKO.POZEN: Début d'Upload de D:\kerberos.htx\elasticsearch-7.14.0\modules\x-pack-identity-provider\metrics-core-3.2.2.jar
[13:42:41] - [14] MIRKO.POZEN: Fichier Upload: D:\kerberos.htx\elasticsearch-7.14.0\modules\x-pack-identity-provider\metrics-core-3.2.2.jar (126,37 K/S -   129 402 bytes)
[13:42:41] - [14] MIRKO.POZEN: Début d'Upload de D:\kerberos.htx\elasticsearch-7.14.0\modules\x-pack-identity-provider\NOTICE.txt
[13:42:41] - [14] MIRKO.POZEN: Fichier Upload: D:\kerberos.htx\elasticsearch-7.14.0\modules\x-pack-identity-provider\NOTICE.txt (99,32 K/S -   101 699 bytes)
[13:42:42] - [14] MIRKO.POZEN: Début d'Upload de D:\kerberos.htx\elasticsearch-7.14.0\modules\x-pack-identity-provider\opensaml-core-3.4.5.jar
[13:42:42] - [14] MIRKO.POZEN: Fichier Upload: D:\kerberos.htx\elasticsearch-7.14.0\modules\x-pack-identity-provider\opensaml-core-3.4.5.jar (177,61 K/S -   181 870 bytes)
[13:42:42] - [14] MIRKO.POZEN: Début d'Upload de D:\kerberos.htx\elasticsearch-7.14.0\modules\x-pack-identity-provider\opensaml-messaging-api-3.4.5.jar
[13:42:42] - [14] MIRKO.POZEN: Fichier Upload: D:\kerberos.htx\elasticsearch-7.14.0\modules\x-pack-identity-provider\opensaml-messaging-api-3.4.5.jar (54,93 K/S -   56 249 bytes)
[13:42:42] - [14] MIRKO.POZEN: Début d'Upload de D:\kerberos.htx\elasticsearch-7.14.0\modules\x-pack-identity-provider\opensaml-messaging-impl-3.4.5.jar
[13:42:42] - [14] MIRKO.POZEN: Fichier Upload: D:\kerberos.htx\elasticsearch-7.14.0\modules\x-pack-identity-provider\opensaml-messaging-impl-3.4.5.jar (19,18 K/S -   19 637 bytes)
[13:42:42] - [14] MIRKO.POZEN: Début d'Upload de D:\kerberos.htx\elasticsearch-7.14.0\modules\x-pack-identity-provider\opensaml-profile-api-3.4.5.jar
[13:42:42] - [14] MIRKO.POZEN: Fichier Upload: D:\kerberos.htx\elasticsearch-7.14.0\modules\x-pack-identity-provider\opensaml-profile-api-3.4.5.jar (30,39 K/S -   31 118 bytes)
[13:42:42] - [14] MIRKO.POZEN: Début d'Upload de D:\kerberos.htx\elasticsearch-7.14.0\modules\x-pack-identity-provider\opensaml-profile-impl-3.4.5.jar
[13:42:42] - [14] MIRKO.POZEN: Fichier Upload: D:\kerberos.htx\elasticsearch-7.14.0\modules\x-pack-identity-provider\opensaml-profile-impl-3.4.5.jar (26,84 K/S -   27 488 bytes)
[13:42:43] - [14] MIRKO.POZEN: Début d'Upload de D:\kerberos.htx\elasticsearch-7.14.0\modules\x-pack-identity-provider\opensaml-saml-api-3.4.5.jar
[13:42:43] - [14] MIRKO.POZEN: Fichier Upload: D:\kerberos.htx\elasticsearch-7.14.0\modules\x-pack-identity-provider\opensaml-saml-api-3.4.5.jar (398,17 K/S -   407 731 bytes)
[13:42:43] - [14] MIRKO.POZEN: Début d'Upload de D:\kerberos.htx\elasticsearch-7.14.0\modules\x-pack-identity-provider\opensaml-saml-impl-3.4.5.jar
[13:42:44] - [14] MIRKO.POZEN: Fichier Upload: D:\kerberos.htx\elasticsearch-7.14.0\modules\x-pack-identity-provider\opensaml-saml-impl-3.4.5.jar (1 141,80 K/S -  1 169 221 bytes)
[13:42:44] - [14] MIRKO.POZEN: Début d'Upload de D:\kerberos.htx\elasticsearch-7.14.0\modules\x-pack-identity-provider\opensaml-security-api-3.4.5.jar
[13:42:44] - [14] MIRKO.POZEN: Fichier Upload: D:\kerberos.htx\elasticsearch-7.14.0\modules\x-pack-identity-provider\opensaml-security-api-3.4.5.jar (65,39 K/S -   66 957 bytes)
[13:42:44] - [14] MIRKO.POZEN: Début d'Upload de D:\kerberos.htx\elasticsearch-7.14.0\modules\x-pack-identity-provider\opensaml-security-impl-3.4.5.jar
[13:42:44] - [14] MIRKO.POZEN: Fichier Upload: D:\kerberos.htx\elasticsearch-7.14.0\modules\x-pack-identity-provider\opensaml-security-impl-3.4.5.jar (109,45 K/S -   112 079 bytes)
[13:42:44] - [14] MIRKO.POZEN: Début d'Upload de D:\kerberos.htx\elasticsearch-7.14.0\modules\x-pack-identity-provider\opensaml-soap-api-3.4.5.jar
[13:42:44] - [14] MIRKO.POZEN: Fichier Upload: D:\kerberos.htx\elasticsearch-7.14.0\modules\x-pack-identity-provider\opensaml-soap-api-3.4.5.jar (166,00 K/S -   169 987 bytes)
[13:42:44] - [14] MIRKO.POZEN: Début d'Upload de D:\kerberos.htx\elasticsearch-7.14.0\modules\x-pack-identity-provider\opensaml-soap-impl-3.4.5.jar
[13:42:44] - [14] MIRKO.POZEN: Fichier Upload: D:\kerberos.htx\elasticsearch-7.14.0\modules\x-pack-identity-provider\opensaml-soap-impl-3.4.5.jar (393,80 K/S -   403 255 bytes)
[13:42:44] - [14] MIRKO.POZEN: Début d'Upload de D:\kerberos.htx\elasticsearch-7.14.0\modules\x-pack-identity-provider\opensaml-storage-api-3.4.5.jar
[13:42:45] - [14] MIRKO.POZEN: Fichier Upload: D:\kerberos.htx\elasticsearch-7.14.0\modules\x-pack-identity-provider\opensaml-storage-api-3.4.5.jar (23,25 K/S -   23 813 bytes)
[13:42:45] - [14] MIRKO.POZEN: Début d'Upload de D:\kerberos.htx\elasticsearch-7.14.0\modules\x-pack-identity-provider\opensaml-storage-impl-3.4.5.jar
[13:42:45] - [14] MIRKO.POZEN: Fichier Upload: D:\kerberos.htx\elasticsearch-7.14.0\modules\x-pack-identity-provider\opensaml-storage-impl-3.4.5.jar (73,06 K/S -   74 816 bytes)
[13:42:45] - [14] MIRKO.POZEN: Début d'Upload de D:\kerberos.htx\elasticsearch-7.14.0\modules\x-pack-identity-provider\opensaml-xmlsec-api-3.4.5.jar
[13:42:45] - [14] MIRKO.POZEN: Fichier Upload: D:\kerberos.htx\elasticsearch-7.14.0\modules\x-pack-identity-provider\opensaml-xmlsec-api-3.4.5.jar (204,61 K/S -   209 519 bytes)
[13:42:45] - [14] MIRKO.POZEN: Début d'Upload de D:\kerberos.htx\elasticsearch-7.14.0\modules\x-pack-identity-provider\opensaml-xmlsec-impl-3.4.5.jar
[13:42:45] - [14] MIRKO.POZEN: Fichier Upload: D:\kerberos.htx\elasticsearch-7.14.0\modules\x-pack-identity-provider\opensaml-xmlsec-impl-3.4.5.jar (290,37 K/S -   297 343 bytes)
[13:42:45] - [14] MIRKO.POZEN: Début d'Upload de D:\kerberos.htx\elasticsearch-7.14.0\modules\x-pack-identity-provider\plugin-descriptor.properties
[13:42:45] - [14] MIRKO.POZEN: Fichier Upload: D:\kerberos.htx\elasticsearch-7.14.0\modules\x-pack-identity-provider\plugin-descriptor.properties (1,69 K/S -   1 731 bytes)
[13:42:46] - [14] MIRKO.POZEN: Début d'Upload de D:\kerberos.htx\elasticsearch-7.14.0\modules\x-pack-identity-provider\plugin-security.policy
[13:42:46] - [14] MIRKO.POZEN: Fichier Upload: D:\kerberos.htx\elasticsearch-7.14.0\modules\x-pack-identity-provider\plugin-security.policy (0,91 K/S -    934 bytes)
[13:42:46] - [14] MIRKO.POZEN: Début d'Upload de D:\kerberos.htx\elasticsearch-7.14.0\modules\x-pack-identity-provider\slf4j-api-1.6.2.jar
[13:42:46] - [14] MIRKO.POZEN: Fichier Upload: D:\kerberos.htx\elasticsearch-7.14.0\modules\x-pack-identity-provider\slf4j-api-1.6.2.jar (25,09 K/S -   25 689 bytes)
[13:42:46] - [14] MIRKO.POZEN: Début d'Upload de D:\kerberos.htx\elasticsearch-7.14.0\modules\x-pack-identity-provider\x-pack-identity-provider-7.14.0.jar
[13:42:46] - [14] MIRKO.POZEN: Fichier Upload: D:\kerberos.htx\elasticsearch-7.14.0\modules\x-pack-identity-provider\x-pack-identity-provider-7.14.0.jar (199,14 K/S -   203 916 bytes)
[13:42:46] - [14] MIRKO.POZEN: Début d'Upload de D:\kerberos.htx\elasticsearch-7.14.0\modules\x-pack-identity-provider\xmlsec-2.1.4.jar
[13:42:47] - [14] MIRKO.POZEN: Fichier Upload: D:\kerberos.htx\elasticsearch-7.14.0\modules\x-pack-identity-provider\xmlsec-2.1.4.jar (1 103,30 K/S -  1 129 826 bytes)
[13:42:47] - [14] MIRKO.POZEN: Répertoire en Cours: D:\kerberos.htx\elasticsearch-7.14.0\modules\x-pack-ilm\
[13:42:47] - [14] MIRKO.POZEN: Début d'Upload de D:\kerberos.htx\elasticsearch-7.14.0\modules\x-pack-ilm\LICENSE.txt
[13:42:47] - [14] MIRKO.POZEN: Fichier Upload: D:\kerberos.htx\elasticsearch-7.14.0\modules\x-pack-ilm\LICENSE.txt (3,86 K/S -   3 953 bytes)
[13:42:47] - [14] MIRKO.POZEN: Début d'Upload de D:\kerberos.htx\elasticsearch-7.14.0\modules\x-pack-ilm\NOTICE.txt
[13:42:47] - [14] MIRKO.POZEN: Fichier Upload: D:\kerberos.htx\elasticsearch-7.14.0\modules\x-pack-ilm\NOTICE.txt (0,06 K/S -    61 bytes)
[13:42:48] - [14] MIRKO.POZEN: Début d'Upload de D:\kerberos.htx\elasticsearch-7.14.0\modules\x-pack-ilm\plugin-descriptor.properties
[13:42:48] - [14] MIRKO.POZEN: Fichier Upload: D:\kerberos.htx\elasticsearch-7.14.0\modules\x-pack-ilm\plugin-descriptor.properties (1,68 K/S -   1 718 bytes)
[13:42:48] - [14] MIRKO.POZEN: Début d'Upload de D:\kerberos.htx\elasticsearch-7.14.0\modules\x-pack-ilm\x-pack-ilm-7.14.0.jar
[13:42:48] - [14] MIRKO.POZEN: Fichier Upload: D:\kerberos.htx\elasticsearch-7.14.0\modules\x-pack-ilm\x-pack-ilm-7.14.0.jar (218,74 K/S -   223 985 bytes)
[13:42:48] - [14] MIRKO.POZEN: Répertoire en Cours: D:\kerberos.htx\elasticsearch-7.14.0\modules\x-pack-logstash\
[13:42:48] - [14] MIRKO.POZEN: Début d'Upload de D:\kerberos.htx\elasticsearch-7.14.0\modules\x-pack-logstash\LICENSE.txt
[13:42:48] - [14] MIRKO.POZEN: Fichier Upload: D:\kerberos.htx\elasticsearch-7.14.0\modules\x-pack-logstash\LICENSE.txt (3,86 K/S -   3 953 bytes)
[13:42:49] - [14] MIRKO.POZEN: Début d'Upload de D:\kerberos.htx\elasticsearch-7.14.0\modules\x-pack-logstash\NOTICE.txt
[13:42:49] - [14] MIRKO.POZEN: Fichier Upload: D:\kerberos.htx\elasticsearch-7.14.0\modules\x-pack-logstash\NOTICE.txt (0,06 K/S -    61 bytes)
[13:42:49] - [14] MIRKO.POZEN: Début d'Upload de D:\kerberos.htx\elasticsearch-7.14.0\modules\x-pack-logstash\plugin-descriptor.properties
[13:42:49] - [14] MIRKO.POZEN: Fichier Upload: D:\kerberos.htx\elasticsearch-7.14.0\modules\x-pack-logstash\plugin-descriptor.properties (1,66 K/S -   1 704 bytes)
[13:42:49] - [14] MIRKO.POZEN: Début d'Upload de D:\kerberos.htx\elasticsearch-7.14.0\modules\x-pack-logstash\plugin-security.policy
[13:42:49] - [14] MIRKO.POZEN: Fichier Upload: D:\kerberos.htx\elasticsearch-7.14.0\modules\x-pack-logstash\plugin-security.policy (0,13 K/S -    135 bytes)
[13:42:49] - [14] MIRKO.POZEN: Début d'Upload de D:\kerberos.htx\elasticsearch-7.14.0\modules\x-pack-logstash\x-pack-logstash-7.14.0.jar
[13:42:49] - [14] MIRKO.POZEN: Fichier Upload: D:\kerberos.htx\elasticsearch-7.14.0\modules\x-pack-logstash\x-pack-logstash-7.14.0.jar (37,85 K/S -   38 757 bytes)
[13:42:49] - [14] MIRKO.POZEN: Répertoire en Cours: D:\kerberos.htx\elasticsearch-7.14.0\modules\x-pack-ml\
[13:42:49] - [14] MIRKO.POZEN: Début d'Upload de D:\kerberos.htx\elasticsearch-7.14.0\modules\x-pack-ml\commons-math3-3.6.1.jar
[13:42:51] - [14] MIRKO.POZEN: Fichier Upload: D:\kerberos.htx\elasticsearch-7.14.0\modules\x-pack-ml\commons-math3-3.6.1.jar (2 161,70 K/S -  2 213 560 bytes)
[13:42:51] - [14] MIRKO.POZEN: Début d'Upload de D:\kerberos.htx\elasticsearch-7.14.0\modules\x-pack-ml\elasticsearch-grok-7.14.0.jar
[13:42:51] - [14] MIRKO.POZEN: Fichier Upload: D:\kerberos.htx\elasticsearch-7.14.0\modules\x-pack-ml\elasticsearch-grok-7.14.0.jar (54,90 K/S -   56 215 bytes)
[13:42:51] - [14] MIRKO.POZEN: Début d'Upload de D:\kerberos.htx\elasticsearch-7.14.0\modules\x-pack-ml\jcodings-1.0.44.jar
[13:42:52] - [14] MIRKO.POZEN: Fichier Upload: D:\kerberos.htx\elasticsearch-7.14.0\modules\x-pack-ml\jcodings-1.0.44.jar (1 643,20 K/S -  1 682 608 bytes)
[13:42:52] - [14] MIRKO.POZEN: Début d'Upload de D:\kerberos.htx\elasticsearch-7.14.0\modules\x-pack-ml\joni-2.1.29.jar
[13:42:52] - [14] MIRKO.POZEN: Fichier Upload: D:\kerberos.htx\elasticsearch-7.14.0\modules\x-pack-ml\joni-2.1.29.jar (209,78 K/S -   214 815 bytes)
[13:42:52] - [14] MIRKO.POZEN: Début d'Upload de D:\kerberos.htx\elasticsearch-7.14.0\modules\x-pack-ml\LICENSE.txt
[13:42:52] - [14] MIRKO.POZEN: Fichier Upload: D:\kerberos.htx\elasticsearch-7.14.0\modules\x-pack-ml\LICENSE.txt (3,86 K/S -   3 953 bytes)
[13:42:53] - [14] MIRKO.POZEN: Début d'Upload de D:\kerberos.htx\elasticsearch-7.14.0\modules\x-pack-ml\NOTICE.txt
[13:42:53] - [14] MIRKO.POZEN: Fichier Upload: D:\kerberos.htx\elasticsearch-7.14.0\modules\x-pack-ml\NOTICE.txt (105,09 K/S -   107 615 bytes)
[13:42:53] - [14] MIRKO.POZEN: Répertoire en Cours: D:\kerberos.htx\elasticsearch-7.14.0\modules\x-pack-ml\platform\windows-x86_64\bin\
[13:42:53] - [14] MIRKO.POZEN: Début d'Upload de D:\kerberos.htx\elasticsearch-7.14.0\modules\x-pack-ml\platform\windows-x86_64\bin\autodetect.exe
[13:42:53] - [14] MIRKO.POZEN: Fichier Upload: D:\kerberos.htx\elasticsearch-7.14.0\modules\x-pack-ml\platform\windows-x86_64\bin\autodetect.exe (439,00 K/S -   449 536 bytes)
[13:42:53] - [14] MIRKO.POZEN: Début d'Upload de D:\kerberos.htx\elasticsearch-7.14.0\modules\x-pack-ml\platform\windows-x86_64\bin\boost_chrono-vc141-mt-x64-1_71.dll
[13:42:53] - [14] MIRKO.POZEN: Fichier Upload: D:\kerberos.htx\elasticsearch-7.14.0\modules\x-pack-ml\platform\windows-x86_64\bin\boost_chrono-vc141-mt-x64-1_71.dll (39,50 K/S -   40 448 bytes)
[13:42:54] - [14] MIRKO.POZEN: Début d'Upload de D:\kerberos.htx\elasticsearch-7.14.0\modules\x-pack-ml\platform\windows-x86_64\bin\boost_date_time-vc141-mt-x64-1_71.dll
[13:42:54] - [14] MIRKO.POZEN: Fichier Upload: D:\kerberos.htx\elasticsearch-7.14.0\modules\x-pack-ml\platform\windows-x86_64\bin\boost_date_time-vc141-mt-x64-1_71.dll (55,00 K/S -   56 320 bytes)
[13:42:54] - [14] MIRKO.POZEN: Début d'Upload de D:\kerberos.htx\elasticsearch-7.14.0\modules\x-pack-ml\platform\windows-x86_64\bin\boost_filesystem-vc141-mt-x64-1_71.dll
[13:42:54] - [14] MIRKO.POZEN: Fichier Upload: D:\kerberos.htx\elasticsearch-7.14.0\modules\x-pack-ml\platform\windows-x86_64\bin\boost_filesystem-vc141-mt-x64-1_71.dll (117,50 K/S -   120 320 bytes)
[13:42:54] - [14] MIRKO.POZEN: Début d'Upload de D:\kerberos.htx\elasticsearch-7.14.0\modules\x-pack-ml\platform\windows-x86_64\bin\boost_iostreams-vc141-mt-x64-1_71.dll
[13:42:54] - [14] MIRKO.POZEN: Fichier Upload: D:\kerberos.htx\elasticsearch-7.14.0\modules\x-pack-ml\platform\windows-x86_64\bin\boost_iostreams-vc141-mt-x64-1_71.dll (85,50 K/S -   87 552 bytes)
[13:42:54] - [14] MIRKO.POZEN: Début d'Upload de D:\kerberos.htx\elasticsearch-7.14.0\modules\x-pack-ml\platform\windows-x86_64\bin\boost_log-vc141-mt-x64-1_71.dll
[13:42:55] - [14] MIRKO.POZEN: Fichier Upload: D:\kerberos.htx\elasticsearch-7.14.0\modules\x-pack-ml\platform\windows-x86_64\bin\boost_log-vc141-mt-x64-1_71.dll (597,50 K/S -   611 840 bytes)
[13:42:55] - [14] MIRKO.POZEN: Début d'Upload de D:\kerberos.htx\elasticsearch-7.14.0\modules\x-pack-ml\platform\windows-x86_64\bin\boost_log_setup-vc141-mt-x64-1_71.dll
[13:42:55] - [14] MIRKO.POZEN: Fichier Upload: D:\kerberos.htx\elasticsearch-7.14.0\modules\x-pack-ml\platform\windows-x86_64\bin\boost_log_setup-vc141-mt-x64-1_71.dll (613,00 K/S -   627 712 bytes)
[13:42:55] - [14] MIRKO.POZEN: Début d'Upload de D:\kerberos.htx\elasticsearch-7.14.0\modules\x-pack-ml\platform\windows-x86_64\bin\boost_program_options-vc141-mt-x64-1_71.dll
[13:42:55] - [14] MIRKO.POZEN: Fichier Upload: D:\kerberos.htx\elasticsearch-7.14.0\modules\x-pack-ml\platform\windows-x86_64\bin\boost_program_options-vc141-mt-x64-1_71.dll (479,50 K/S -   491 008 bytes)
[13:42:55] - [14] MIRKO.POZEN: Début d'Upload de D:\kerberos.htx\elasticsearch-7.14.0\modules\x-pack-ml\platform\windows-x86_64\bin\boost_regex-vc141-mt-x64-1_71.dll
[13:42:56] - [14] MIRKO.POZEN: Fichier Upload: D:\kerberos.htx\elasticsearch-7.14.0\modules\x-pack-ml\platform\windows-x86_64\bin\boost_regex-vc141-mt-x64-1_71.dll (1 046,00 K/S -  1 071 104 bytes)
[13:42:56] - [14] MIRKO.POZEN: Début d'Upload de D:\kerberos.htx\elasticsearch-7.14.0\modules\x-pack-ml\platform\windows-x86_64\bin\boost_system-vc141-mt-x64-1_71.dll
[13:42:56] - [14] MIRKO.POZEN: Fichier Upload: D:\kerberos.htx\elasticsearch-7.14.0\modules\x-pack-ml\platform\windows-x86_64\bin\boost_system-vc141-mt-x64-1_71.dll (9,50 K/S -   9 728 bytes)
[13:42:56] - [14] MIRKO.POZEN: Début d'Upload de D:\kerberos.htx\elasticsearch-7.14.0\modules\x-pack-ml\platform\windows-x86_64\bin\boost_thread-vc141-mt-x64-1_71.dll
[13:42:56] - [14] MIRKO.POZEN: Fichier Upload: D:\kerberos.htx\elasticsearch-7.14.0\modules\x-pack-ml\platform\windows-x86_64\bin\boost_thread-vc141-mt-x64-1_71.dll (98,50 K/S -   100 864 bytes)
[13:42:56] - [14] MIRKO.POZEN: Début d'Upload de D:\kerberos.htx\elasticsearch-7.14.0\modules\x-pack-ml\platform\windows-x86_64\bin\categorize.exe
[13:42:57] - [14] MIRKO.POZEN: Fichier Upload: D:\kerberos.htx\elasticsearch-7.14.0\modules\x-pack-ml\platform\windows-x86_64\bin\categorize.exe (425,00 K/S -   435 200 bytes)
[13:42:57] - [14] MIRKO.POZEN: Début d'Upload de D:\kerberos.htx\elasticsearch-7.14.0\modules\x-pack-ml\platform\windows-x86_64\bin\concrt140.dll
[13:42:57] - [14] MIRKO.POZEN: Fichier Upload: D:\kerberos.htx\elasticsearch-7.14.0\modules\x-pack-ml\platform\windows-x86_64\bin\concrt140.dll (324,77 K/S -   332 568 bytes)
[13:42:57] - [14] MIRKO.POZEN: Début d'Upload de D:\kerberos.htx\elasticsearch-7.14.0\modules\x-pack-ml\platform\windows-x86_64\bin\controller.exe
[13:42:57] - [14] MIRKO.POZEN: Fichier Upload: D:\kerberos.htx\elasticsearch-7.14.0\modules\x-pack-ml\platform\windows-x86_64\bin\controller.exe (361,50 K/S -   370 176 bytes)
[13:42:57] - [14] MIRKO.POZEN: Début d'Upload de D:\kerberos.htx\elasticsearch-7.14.0\modules\x-pack-ml\platform\windows-x86_64\bin\data_frame_analyzer.exe
[13:42:58] - [14] MIRKO.POZEN: Fichier Upload: D:\kerberos.htx\elasticsearch-7.14.0\modules\x-pack-ml\platform\windows-x86_64\bin\data_frame_analyzer.exe (425,50 K/S -   435 712 bytes)
[13:42:58] - [14] MIRKO.POZEN: Début d'Upload de D:\kerberos.htx\elasticsearch-7.14.0\modules\x-pack-ml\platform\windows-x86_64\bin\libMlApi.dll
[13:42:59] - [14] MIRKO.POZEN: Fichier Upload: D:\kerberos.htx\elasticsearch-7.14.0\modules\x-pack-ml\platform\windows-x86_64\bin\libMlApi.dll (2 273,50 K/S -  2 328 064 bytes)
[13:42:59] - [14] MIRKO.POZEN: Début d'Upload de D:\kerberos.htx\elasticsearch-7.14.0\modules\x-pack-ml\platform\windows-x86_64\bin\libMlCore.dll
[13:43:00] - [14] MIRKO.POZEN: Fichier Upload: D:\kerberos.htx\elasticsearch-7.14.0\modules\x-pack-ml\platform\windows-x86_64\bin\libMlCore.dll (1 052,80 K/S -  2 156 032 bytes)
[13:43:00] - [14] MIRKO.POZEN: Début d'Upload de D:\kerberos.htx\elasticsearch-7.14.0\modules\x-pack-ml\platform\windows-x86_64\bin\libMlMaths.dll
[13:43:07] - [14] MIRKO.POZEN: Fichier Upload: D:\kerberos.htx\elasticsearch-7.14.0\modules\x-pack-ml\platform\windows-x86_64\bin\libMlMaths.dll (1 709,30 K/S -  10 501 632 bytes)
[13:43:07] - [14] MIRKO.POZEN: Début d'Upload de D:\kerberos.htx\elasticsearch-7.14.0\modules\x-pack-ml\platform\windows-x86_64\bin\libMlModel.dll
[13:43:11] - [14] MIRKO.POZEN: Fichier Upload: D:\kerberos.htx\elasticsearch-7.14.0\modules\x-pack-ml\platform\windows-x86_64\bin\libMlModel.dll (1 616,80 K/S -  6 622 208 bytes)
[13:43:11] - [14] MIRKO.POZEN: Début d'Upload de D:\kerberos.htx\elasticsearch-7.14.0\modules\x-pack-ml\platform\windows-x86_64\bin\libxml2.dll
[13:43:12] - [14] MIRKO.POZEN: Fichier Upload: D:\kerberos.htx\elasticsearch-7.14.0\modules\x-pack-ml\platform\windows-x86_64\bin\libxml2.dll (1 295,50 K/S -  1 326 592 bytes)
[13:43:12] - [14] MIRKO.POZEN: Début d'Upload de D:\kerberos.htx\elasticsearch-7.14.0\modules\x-pack-ml\platform\windows-x86_64\bin\msvcp140.dll
[13:43:12] - [14] MIRKO.POZEN: Fichier Upload: D:\kerberos.htx\elasticsearch-7.14.0\modules\x-pack-ml\platform\windows-x86_64\bin\msvcp140.dll (613,27 K/S -   627 992 bytes)
[13:43:12] - [14] MIRKO.POZEN: Début d'Upload de D:\kerberos.htx\elasticsearch-7.14.0\modules\x-pack-ml\platform\windows-x86_64\bin\normalize.exe
[13:43:12] - [14] MIRKO.POZEN: Fichier Upload: D:\kerberos.htx\elasticsearch-7.14.0\modules\x-pack-ml\platform\windows-x86_64\bin\normalize.exe (376,00 K/S -   385 024 bytes)
[13:43:12] - [14] MIRKO.POZEN: Début d'Upload de D:\kerberos.htx\elasticsearch-7.14.0\modules\x-pack-ml\platform\windows-x86_64\bin\vccorlib140.dll
[13:43:13] - [14] MIRKO.POZEN: Fichier Upload: D:\kerberos.htx\elasticsearch-7.14.0\modules\x-pack-ml\platform\windows-x86_64\bin\vccorlib140.dll (358,27 K/S -   366 872 bytes)
[13:43:13] - [14] MIRKO.POZEN: Début d'Upload de D:\kerberos.htx\elasticsearch-7.14.0\modules\x-pack-ml\platform\windows-x86_64\bin\vcruntime140.dll
[13:43:13] - [14] MIRKO.POZEN: Fichier Upload: D:\kerberos.htx\elasticsearch-7.14.0\modules\x-pack-ml\platform\windows-x86_64\bin\vcruntime140.dll (83,77 K/S -   85 784 bytes)
[13:43:13] - [14] MIRKO.POZEN: Début d'Upload de D:\kerberos.htx\elasticsearch-7.14.0\modules\x-pack-ml\platform\windows-x86_64\bin\zlib1.dll
[13:43:13] - [14] MIRKO.POZEN: Fichier Upload: D:\kerberos.htx\elasticsearch-7.14.0\modules\x-pack-ml\platform\windows-x86_64\bin\zlib1.dll (85,00 K/S -   87 040 bytes)
[13:43:13] - [14] MIRKO.POZEN: Répertoire en Cours: D:\kerberos.htx\elasticsearch-7.14.0\modules\x-pack-ml\platform\windows-x86_64\resources\
[13:43:13] - [14] MIRKO.POZEN: Début d'Upload de D:\kerberos.htx\elasticsearch-7.14.0\modules\x-pack-ml\platform\windows-x86_64\resources\date_time_zonespec.csv
[13:43:13] - [14] MIRKO.POZEN: Fichier Upload: D:\kerberos.htx\elasticsearch-7.14.0\modules\x-pack-ml\platform\windows-x86_64\resources\date_time_zonespec.csv (35,23 K/S -   36 071 bytes)
[13:43:13] - [14] MIRKO.POZEN: Début d'Upload de D:\kerberos.htx\elasticsearch-7.14.0\modules\x-pack-ml\platform\windows-x86_64\resources\ml-en.dict
[13:43:14] - [14] MIRKO.POZEN: Fichier Upload: D:\kerberos.htx\elasticsearch-7.14.0\modules\x-pack-ml\platform\windows-x86_64\resources\ml-en.dict (867,51 K/S -   888 327 bytes)
[13:43:14] - [14] MIRKO.POZEN: Répertoire en Cours: D:\kerberos.htx\elasticsearch-7.14.0\modules\x-pack-ml\
[13:43:14] - [14] MIRKO.POZEN: Début d'Upload de D:\kerberos.htx\elasticsearch-7.14.0\modules\x-pack-ml\plugin-descriptor.properties
[13:43:14] - [14] MIRKO.POZEN: Fichier Upload: D:\kerberos.htx\elasticsearch-7.14.0\modules\x-pack-ml\plugin-descriptor.properties (1,69 K/S -   1 727 bytes)
[13:43:14] - [14] MIRKO.POZEN: Début d'Upload de D:\kerberos.htx\elasticsearch-7.14.0\modules\x-pack-ml\plugin-security-test.policy
[13:43:14] - [14] MIRKO.POZEN: Fichier Upload: D:\kerberos.htx\elasticsearch-7.14.0\modules\x-pack-ml\plugin-security-test.policy (0,19 K/S -    192 bytes)
[13:43:14] - [14] MIRKO.POZEN: Début d'Upload de D:\kerberos.htx\elasticsearch-7.14.0\modules\x-pack-ml\plugin-security.policy
[13:43:14] - [14] MIRKO.POZEN: Fichier Upload: D:\kerberos.htx\elasticsearch-7.14.0\modules\x-pack-ml\plugin-security.policy (0,13 K/S -    135 bytes)
[13:43:15] - [14] MIRKO.POZEN: Début d'Upload de D:\kerberos.htx\elasticsearch-7.14.0\modules\x-pack-ml\super-csv-2.4.0.jar
[13:43:15] - [14] MIRKO.POZEN: Fichier Upload: D:\kerberos.htx\elasticsearch-7.14.0\modules\x-pack-ml\super-csv-2.4.0.jar (95,79 K/S -   98 092 bytes)
[13:43:15] - [14] MIRKO.POZEN: Début d'Upload de D:\kerberos.htx\elasticsearch-7.14.0\modules\x-pack-ml\x-pack-ml-7.14.0.jar
[13:43:16] - [14] MIRKO.POZEN: Fichier Upload: D:\kerberos.htx\elasticsearch-7.14.0\modules\x-pack-ml\x-pack-ml-7.14.0.jar (2 230,00 K/S -  2 283 531 bytes)
[13:43:16] - [14] MIRKO.POZEN: Répertoire en Cours: D:\kerberos.htx\elasticsearch-7.14.0\modules\x-pack-monitoring\
[13:43:16] - [14] MIRKO.POZEN: Début d'Upload de D:\kerberos.htx\elasticsearch-7.14.0\modules\x-pack-monitoring\elasticsearch-rest-client-7.14.0.jar
[13:43:16] - [14] MIRKO.POZEN: Fichier Upload: D:\kerberos.htx\elasticsearch-7.14.0\modules\x-pack-monitoring\elasticsearch-rest-client-7.14.0.jar (70,28 K/S -   71 965 bytes)
[13:43:17] - [14] MIRKO.POZEN: Début d'Upload de D:\kerberos.htx\elasticsearch-7.14.0\modules\x-pack-monitoring\elasticsearch-rest-client-sniffer-7.14.0.jar
[13:43:17] - [14] MIRKO.POZEN: Fichier Upload: D:\kerberos.htx\elasticsearch-7.14.0\modules\x-pack-monitoring\elasticsearch-rest-client-sniffer-7.14.0.jar (24,84 K/S -   25 434 bytes)
[13:43:17] - [14] MIRKO.POZEN: Début d'Upload de D:\kerberos.htx\elasticsearch-7.14.0\modules\x-pack-monitoring\LICENSE.txt
[13:43:17] - [14] MIRKO.POZEN: Fichier Upload: D:\kerberos.htx\elasticsearch-7.14.0\modules\x-pack-monitoring\LICENSE.txt (3,86 K/S -   3 953 bytes)
[13:43:17] - [14] MIRKO.POZEN: Début d'Upload de D:\kerberos.htx\elasticsearch-7.14.0\modules\x-pack-monitoring\NOTICE.txt
[13:43:17] - [14] MIRKO.POZEN: Fichier Upload: D:\kerberos.htx\elasticsearch-7.14.0\modules\x-pack-monitoring\NOTICE.txt (0,06 K/S -    61 bytes)
[13:43:17] - [14] MIRKO.POZEN: Début d'Upload de D:\kerberos.htx\elasticsearch-7.14.0\modules\x-pack-monitoring\plugin-descriptor.properties
[13:43:17] - [14] MIRKO.POZEN: Fichier Upload: D:\kerberos.htx\elasticsearch-7.14.0\modules\x-pack-monitoring\plugin-descriptor.properties (1,67 K/S -   1 712 bytes)
[13:43:18] - [14] MIRKO.POZEN: Début d'Upload de D:\kerberos.htx\elasticsearch-7.14.0\modules\x-pack-monitoring\plugin-security.policy
[13:43:18] - [14] MIRKO.POZEN: Fichier Upload: D:\kerberos.htx\elasticsearch-7.14.0\modules\x-pack-monitoring\plugin-security.policy (0,98 K/S -   1 007 bytes)
[13:43:18] - [14] MIRKO.POZEN: Début d'Upload de D:\kerberos.htx\elasticsearch-7.14.0\modules\x-pack-monitoring\x-pack-monitoring-7.14.0.jar
[13:43:18] - [14] MIRKO.POZEN: Fichier Upload: D:\kerberos.htx\elasticsearch-7.14.0\modules\x-pack-monitoring\x-pack-monitoring-7.14.0.jar (231,69 K/S -   237 247 bytes)
[13:43:18] - [14] MIRKO.POZEN: Répertoire en Cours: D:\kerberos.htx\elasticsearch-7.14.0\modules\x-pack-ql\
[13:43:18] - [14] MIRKO.POZEN: Début d'Upload de D:\kerberos.htx\elasticsearch-7.14.0\modules\x-pack-ql\LICENSE.txt
[13:43:18] - [14] MIRKO.POZEN: Fichier Upload: D:\kerberos.htx\elasticsearch-7.14.0\modules\x-pack-ql\LICENSE.txt (3,86 K/S -   3 953 bytes)
[13:43:18] - [14] MIRKO.POZEN: Début d'Upload de D:\kerberos.htx\elasticsearch-7.14.0\modules\x-pack-ql\NOTICE.txt
[13:43:18] - [14] MIRKO.POZEN: Fichier Upload: D:\kerberos.htx\elasticsearch-7.14.0\modules\x-pack-ql\NOTICE.txt (0,06 K/S -    61 bytes)
[13:43:19] - [14] MIRKO.POZEN: Début d'Upload de D:\kerberos.htx\elasticsearch-7.14.0\modules\x-pack-ql\plugin-descriptor.properties
[13:43:19] - [14] MIRKO.POZEN: Fichier Upload: D:\kerberos.htx\elasticsearch-7.14.0\modules\x-pack-ql\plugin-descriptor.properties (1,68 K/S -   1 723 bytes)
[13:43:19] - [14] MIRKO.POZEN: Début d'Upload de D:\kerberos.htx\elasticsearch-7.14.0\modules\x-pack-ql\x-pack-ql-7.14.0.jar
[13:43:19] - [14] MIRKO.POZEN: Fichier Upload: D:\kerberos.htx\elasticsearch-7.14.0\modules\x-pack-ql\x-pack-ql-7.14.0.jar (534,94 K/S -   547 783 bytes)
[13:43:19] - [14] MIRKO.POZEN: Répertoire en Cours: D:\kerberos.htx\elasticsearch-7.14.0\modules\x-pack-rollup\
[13:43:19] - [14] MIRKO.POZEN: Début d'Upload de D:\kerberos.htx\elasticsearch-7.14.0\modules\x-pack-rollup\LICENSE.txt
[13:43:19] - [14] MIRKO.POZEN: Fichier Upload: D:\kerberos.htx\elasticsearch-7.14.0\modules\x-pack-rollup\LICENSE.txt (3,86 K/S -   3 953 bytes)
[13:43:20] - [14] MIRKO.POZEN: Début d'Upload de D:\kerberos.htx\elasticsearch-7.14.0\modules\x-pack-rollup\NOTICE.txt
[13:43:20] - [14] MIRKO.POZEN: Fichier Upload: D:\kerberos.htx\elasticsearch-7.14.0\modules\x-pack-rollup\NOTICE.txt (1,07 K/S -   1 092 bytes)
[13:43:20] - [14] MIRKO.POZEN: Début d'Upload de D:\kerberos.htx\elasticsearch-7.14.0\modules\x-pack-rollup\plugin-descriptor.properties
[13:43:20] - [14] MIRKO.POZEN: Fichier Upload: D:\kerberos.htx\elasticsearch-7.14.0\modules\x-pack-rollup\plugin-descriptor.properties (1,66 K/S -   1 696 bytes)
[13:43:20] - [14] MIRKO.POZEN: Début d'Upload de D:\kerberos.htx\elasticsearch-7.14.0\modules\x-pack-rollup\x-pack-rollup-7.14.0.jar
[13:43:20] - [14] MIRKO.POZEN: Fichier Upload: D:\kerberos.htx\elasticsearch-7.14.0\modules\x-pack-rollup\x-pack-rollup-7.14.0.jar (178,50 K/S -   182 784 bytes)
[13:43:20] - [14] MIRKO.POZEN: Répertoire en Cours: D:\kerberos.htx\elasticsearch-7.14.0\modules\x-pack-security\
[13:43:21] - [14] MIRKO.POZEN: Début d'Upload de D:\kerberos.htx\elasticsearch-7.14.0\modules\x-pack-security\accessors-smart-2.4.2.jar
[13:43:21] - [14] MIRKO.POZEN: Fichier Upload: D:\kerberos.htx\elasticsearch-7.14.0\modules\x-pack-security\accessors-smart-2.4.2.jar (29,19 K/S -   29 890 bytes)
[13:43:21] - [14] MIRKO.POZEN: Début d'Upload de D:\kerberos.htx\elasticsearch-7.14.0\modules\x-pack-security\asm-9.1.jar
[13:43:21] - [14] MIRKO.POZEN: Fichier Upload: D:\kerberos.htx\elasticsearch-7.14.0\modules\x-pack-security\asm-9.1.jar (118,94 K/S -   121 790 bytes)
[13:43:21] - [14] MIRKO.POZEN: Début d'Upload de D:\kerberos.htx\elasticsearch-7.14.0\modules\x-pack-security\cryptacular-1.2.4.jar
[13:43:21] - [14] MIRKO.POZEN: Fichier Upload: D:\kerberos.htx\elasticsearch-7.14.0\modules\x-pack-security\cryptacular-1.2.4.jar (158,66 K/S -   162 471 bytes)
[13:43:21] - [14] MIRKO.POZEN: Début d'Upload de D:\kerberos.htx\elasticsearch-7.14.0\modules\x-pack-security\guava-19.0.jar
[13:43:23] - [14] MIRKO.POZEN: Fichier Upload: D:\kerberos.htx\elasticsearch-7.14.0\modules\x-pack-security\guava-19.0.jar (1 127,20 K/S -  2 308 517 bytes)
[13:43:23] - [14] MIRKO.POZEN: Début d'Upload de D:\kerberos.htx\elasticsearch-7.14.0\modules\x-pack-security\httpclient-cache-4.5.10.jar
[13:43:23] - [14] MIRKO.POZEN: Fichier Upload: D:\kerberos.htx\elasticsearch-7.14.0\modules\x-pack-security\httpclient-cache-4.5.10.jar (160,35 K/S -   164 197 bytes)
[13:43:23] - [14] MIRKO.POZEN: Début d'Upload de D:\kerberos.htx\elasticsearch-7.14.0\modules\x-pack-security\jakarta.mail-1.6.3.jar
[13:43:23] - [14] MIRKO.POZEN: Fichier Upload: D:\kerberos.htx\elasticsearch-7.14.0\modules\x-pack-security\jakarta.mail-1.6.3.jar (640,73 K/S -   656 109 bytes)
[13:43:23] - [14] MIRKO.POZEN: Début d'Upload de D:\kerberos.htx\elasticsearch-7.14.0\modules\x-pack-security\java-support-7.5.1.jar
[13:43:24] - [14] MIRKO.POZEN: Fichier Upload: D:\kerberos.htx\elasticsearch-7.14.0\modules\x-pack-security\java-support-7.5.1.jar (266,00 K/S -   272 381 bytes)
[13:43:24] - [14] MIRKO.POZEN: Début d'Upload de D:\kerberos.htx\elasticsearch-7.14.0\modules\x-pack-security\jcip-annotations-1.0.jar
[13:43:24] - [14] MIRKO.POZEN: Fichier Upload: D:\kerberos.htx\elasticsearch-7.14.0\modules\x-pack-security\jcip-annotations-1.0.jar (2,20 K/S -   2 254 bytes)
[13:43:24] - [14] MIRKO.POZEN: Début d'Upload de D:\kerberos.htx\elasticsearch-7.14.0\modules\x-pack-security\json-smart-2.4.2.jar
[13:43:24] - [14] MIRKO.POZEN: Fichier Upload: D:\kerberos.htx\elasticsearch-7.14.0\modules\x-pack-security\json-smart-2.4.2.jar (116,96 K/S -   119 767 bytes)
[13:43:24] - [14] MIRKO.POZEN: Début d'Upload de D:\kerberos.htx\elasticsearch-7.14.0\modules\x-pack-security\lang-tag-1.4.4.jar
[13:43:24] - [14] MIRKO.POZEN: Fichier Upload: D:\kerberos.htx\elasticsearch-7.14.0\modules\x-pack-security\lang-tag-1.4.4.jar (10,54 K/S -   10 797 bytes)
[13:43:24] - [14] MIRKO.POZEN: Début d'Upload de D:\kerberos.htx\elasticsearch-7.14.0\modules\x-pack-security\LICENSE.txt
[13:43:24] - [14] MIRKO.POZEN: Fichier Upload: D:\kerberos.htx\elasticsearch-7.14.0\modules\x-pack-security\LICENSE.txt (3,86 K/S -   3 953 bytes)
[13:43:24] - [14] MIRKO.POZEN: Début d'Upload de D:\kerberos.htx\elasticsearch-7.14.0\modules\x-pack-security\log4j-slf4j-impl-2.11.1.jar
[13:43:24] - [14] MIRKO.POZEN: Fichier Upload: D:\kerberos.htx\elasticsearch-7.14.0\modules\x-pack-security\log4j-slf4j-impl-2.11.1.jar (22,70 K/S -   23 241 bytes)
[13:43:25] - [14] MIRKO.POZEN: Début d'Upload de D:\kerberos.htx\elasticsearch-7.14.0\modules\x-pack-security\metrics-core-3.2.2.jar
[13:43:25] - [14] MIRKO.POZEN: Fichier Upload: D:\kerberos.htx\elasticsearch-7.14.0\modules\x-pack-security\metrics-core-3.2.2.jar (126,37 K/S -   129 402 bytes)
[13:43:25] - [14] MIRKO.POZEN: Début d'Upload de D:\kerberos.htx\elasticsearch-7.14.0\modules\x-pack-security\nimbus-jose-jwt-9.8.1.jar
[13:43:25] - [14] MIRKO.POZEN: Fichier Upload: D:\kerberos.htx\elasticsearch-7.14.0\modules\x-pack-security\nimbus-jose-jwt-9.8.1.jar (433,61 K/S -   444 013 bytes)
[13:43:25] - [14] MIRKO.POZEN: Début d'Upload de D:\kerberos.htx\elasticsearch-7.14.0\modules\x-pack-security\NOTICE.txt
[13:43:25] - [14] MIRKO.POZEN: Fichier Upload: D:\kerberos.htx\elasticsearch-7.14.0\modules\x-pack-security\NOTICE.txt (210,15 K/S -   215 198 bytes)
[13:43:25] - [14] MIRKO.POZEN: Début d'Upload de D:\kerberos.htx\elasticsearch-7.14.0\modules\x-pack-security\oauth2-oidc-sdk-9.3.1.jar
[13:43:26] - [14] MIRKO.POZEN: Fichier Upload: D:\kerberos.htx\elasticsearch-7.14.0\modules\x-pack-security\oauth2-oidc-sdk-9.3.1.jar (643,87 K/S -   659 318 bytes)
[13:43:26] - [14] MIRKO.POZEN: Début d'Upload de D:\kerberos.htx\elasticsearch-7.14.0\modules\x-pack-security\opensaml-core-3.4.5.jar
[13:43:26] - [14] MIRKO.POZEN: Fichier Upload: D:\kerberos.htx\elasticsearch-7.14.0\modules\x-pack-security\opensaml-core-3.4.5.jar (177,61 K/S -   181 870 bytes)
[13:43:26] - [14] MIRKO.POZEN: Début d'Upload de D:\kerberos.htx\elasticsearch-7.14.0\modules\x-pack-security\opensaml-messaging-api-3.4.5.jar
[13:43:26] - [14] MIRKO.POZEN: Fichier Upload: D:\kerberos.htx\elasticsearch-7.14.0\modules\x-pack-security\opensaml-messaging-api-3.4.5.jar (54,93 K/S -   56 249 bytes)
[13:43:26] - [14] MIRKO.POZEN: Début d'Upload de D:\kerberos.htx\elasticsearch-7.14.0\modules\x-pack-security\opensaml-messaging-impl-3.4.5.jar
[13:43:26] - [14] MIRKO.POZEN: Fichier Upload: D:\kerberos.htx\elasticsearch-7.14.0\modules\x-pack-security\opensaml-messaging-impl-3.4.5.jar (19,18 K/S -   19 637 bytes)
[13:43:27] - [14] MIRKO.POZEN: Début d'Upload de D:\kerberos.htx\elasticsearch-7.14.0\modules\x-pack-security\opensaml-profile-api-3.4.5.jar
[13:43:27] - [14] MIRKO.POZEN: Fichier Upload: D:\kerberos.htx\elasticsearch-7.14.0\modules\x-pack-security\opensaml-profile-api-3.4.5.jar (30,39 K/S -   31 118 bytes)
[13:43:27] - [14] MIRKO.POZEN: Début d'Upload de D:\kerberos.htx\elasticsearch-7.14.0\modules\x-pack-security\opensaml-profile-impl-3.4.5.jar
[13:43:27] - [14] MIRKO.POZEN: Fichier Upload: D:\kerberos.htx\elasticsearch-7.14.0\modules\x-pack-security\opensaml-profile-impl-3.4.5.jar (26,84 K/S -   27 488 bytes)
[13:43:27] - [14] MIRKO.POZEN: Début d'Upload de D:\kerberos.htx\elasticsearch-7.14.0\modules\x-pack-security\opensaml-saml-api-3.4.5.jar
[13:43:27] - [14] MIRKO.POZEN: Fichier Upload: D:\kerberos.htx\elasticsearch-7.14.0\modules\x-pack-security\opensaml-saml-api-3.4.5.jar (398,17 K/S -   407 731 bytes)
[13:43:27] - [14] MIRKO.POZEN: Début d'Upload de D:\kerberos.htx\elasticsearch-7.14.0\modules\x-pack-security\opensaml-saml-impl-3.4.5.jar
[13:43:28] - [14] MIRKO.POZEN: Fichier Upload: D:\kerberos.htx\elasticsearch-7.14.0\modules\x-pack-security\opensaml-saml-impl-3.4.5.jar (1 141,80 K/S -  1 169 221 bytes)
[13:43:28] - [14] MIRKO.POZEN: Début d'Upload de D:\kerberos.htx\elasticsearch-7.14.0\modules\x-pack-security\opensaml-security-api-3.4.5.jar
[13:43:28] - [14] MIRKO.POZEN: Fichier Upload: D:\kerberos.htx\elasticsearch-7.14.0\modules\x-pack-security\opensaml-security-api-3.4.5.jar (65,39 K/S -   66 957 bytes)
[13:43:28] - [14] MIRKO.POZEN: Début d'Upload de D:\kerberos.htx\elasticsearch-7.14.0\modules\x-pack-security\opensaml-security-impl-3.4.5.jar
[13:43:28] - [14] MIRKO.POZEN: Fichier Upload: D:\kerberos.htx\elasticsearch-7.14.0\modules\x-pack-security\opensaml-security-impl-3.4.5.jar (109,45 K/S -   112 079 bytes)
[13:43:28] - [14] MIRKO.POZEN: Début d'Upload de D:\kerberos.htx\elasticsearch-7.14.0\modules\x-pack-security\opensaml-soap-api-3.4.5.jar
[13:43:29] - [14] MIRKO.POZEN: Fichier Upload: D:\kerberos.htx\elasticsearch-7.14.0\modules\x-pack-security\opensaml-soap-api-3.4.5.jar (166,00 K/S -   169 987 bytes)
[13:43:29] - [14] MIRKO.POZEN: Début d'Upload de D:\kerberos.htx\elasticsearch-7.14.0\modules\x-pack-security\opensaml-soap-impl-3.4.5.jar
[13:43:29] - [14] MIRKO.POZEN: Fichier Upload: D:\kerberos.htx\elasticsearch-7.14.0\modules\x-pack-security\opensaml-soap-impl-3.4.5.jar (393,80 K/S -   403 255 bytes)
[13:43:29] - [14] MIRKO.POZEN: Début d'Upload de D:\kerberos.htx\elasticsearch-7.14.0\modules\x-pack-security\opensaml-storage-api-3.4.5.jar
[13:43:29] - [14] MIRKO.POZEN: Fichier Upload: D:\kerberos.htx\elasticsearch-7.14.0\modules\x-pack-security\opensaml-storage-api-3.4.5.jar (23,25 K/S -   23 813 bytes)
[13:43:29] - [14] MIRKO.POZEN: Début d'Upload de D:\kerberos.htx\elasticsearch-7.14.0\modules\x-pack-security\opensaml-storage-impl-3.4.5.jar
[13:43:29] - [14] MIRKO.POZEN: Fichier Upload: D:\kerberos.htx\elasticsearch-7.14.0\modules\x-pack-security\opensaml-storage-impl-3.4.5.jar (73,06 K/S -   74 816 bytes)
[13:43:29] - [14] MIRKO.POZEN: Début d'Upload de D:\kerberos.htx\elasticsearch-7.14.0\modules\x-pack-security\opensaml-xmlsec-api-3.4.5.jar
[13:43:30] - [14] MIRKO.POZEN: Fichier Upload: D:\kerberos.htx\elasticsearch-7.14.0\modules\x-pack-security\opensaml-xmlsec-api-3.4.5.jar (204,61 K/S -   209 519 bytes)
[13:43:30] - [14] MIRKO.POZEN: Début d'Upload de D:\kerberos.htx\elasticsearch-7.14.0\modules\x-pack-security\opensaml-xmlsec-impl-3.4.5.jar
[13:43:30] - [14] MIRKO.POZEN: Fichier Upload: D:\kerberos.htx\elasticsearch-7.14.0\modules\x-pack-security\opensaml-xmlsec-impl-3.4.5.jar (290,37 K/S -   297 343 bytes)
[13:43:30] - [14] MIRKO.POZEN: Début d'Upload de D:\kerberos.htx\elasticsearch-7.14.0\modules\x-pack-security\plugin-descriptor.properties
[13:43:30] - [14] MIRKO.POZEN: Fichier Upload: D:\kerberos.htx\elasticsearch-7.14.0\modules\x-pack-security\plugin-descriptor.properties (1,66 K/S -   1 704 bytes)
[13:43:30] - [14] MIRKO.POZEN: Début d'Upload de D:\kerberos.htx\elasticsearch-7.14.0\modules\x-pack-security\plugin-security.policy
[13:43:30] - [14] MIRKO.POZEN: Fichier Upload: D:\kerberos.htx\elasticsearch-7.14.0\modules\x-pack-security\plugin-security.policy (2,15 K/S -   2 205 bytes)
[13:43:30] - [14] MIRKO.POZEN: Début d'Upload de D:\kerberos.htx\elasticsearch-7.14.0\modules\x-pack-security\slf4j-api-1.6.2.jar
[13:43:30] - [14] MIRKO.POZEN: Fichier Upload: D:\kerberos.htx\elasticsearch-7.14.0\modules\x-pack-security\slf4j-api-1.6.2.jar (25,09 K/S -   25 689 bytes)
[13:43:30] - [14] MIRKO.POZEN: Début d'Upload de D:\kerberos.htx\elasticsearch-7.14.0\modules\x-pack-security\x-pack-security-7.14.0.jar
[13:43:31] - [14] MIRKO.POZEN: Fichier Upload: D:\kerberos.htx\elasticsearch-7.14.0\modules\x-pack-security\x-pack-security-7.14.0.jar (1 291,50 K/S -  1 322 499 bytes)
[13:43:31] - [14] MIRKO.POZEN: Début d'Upload de D:\kerberos.htx\elasticsearch-7.14.0\modules\x-pack-security\xmlsec-2.1.4.jar
[13:43:32] - [14] MIRKO.POZEN: Fichier Upload: D:\kerberos.htx\elasticsearch-7.14.0\modules\x-pack-security\xmlsec-2.1.4.jar (1 103,30 K/S -  1 129 826 bytes)
[13:43:32] - [14] MIRKO.POZEN: Répertoire en Cours: D:\kerberos.htx\elasticsearch-7.14.0\modules\x-pack-shutdown\
[13:43:32] - [14] MIRKO.POZEN: Début d'Upload de D:\kerberos.htx\elasticsearch-7.14.0\modules\x-pack-shutdown\LICENSE.txt
[13:43:32] - [14] MIRKO.POZEN: Fichier Upload: D:\kerberos.htx\elasticsearch-7.14.0\modules\x-pack-shutdown\LICENSE.txt (3,86 K/S -   3 953 bytes)
[13:43:32] - [14] MIRKO.POZEN: Début d'Upload de D:\kerberos.htx\elasticsearch-7.14.0\modules\x-pack-shutdown\NOTICE.txt
[13:43:33] - [14] MIRKO.POZEN: Fichier Upload: D:\kerberos.htx\elasticsearch-7.14.0\modules\x-pack-shutdown\NOTICE.txt (0,06 K/S -    61 bytes)
[13:43:33] - [14] MIRKO.POZEN: Début d'Upload de D:\kerberos.htx\elasticsearch-7.14.0\modules\x-pack-shutdown\plugin-descriptor.properties
[13:43:33] - [14] MIRKO.POZEN: Fichier Upload: D:\kerberos.htx\elasticsearch-7.14.0\modules\x-pack-shutdown\plugin-descriptor.properties (1,67 K/S -   1 710 bytes)
[13:43:33] - [14] MIRKO.POZEN: Début d'Upload de D:\kerberos.htx\elasticsearch-7.14.0\modules\x-pack-shutdown\x-pack-shutdown-7.14.0.jar
[13:43:33] - [14] MIRKO.POZEN: Fichier Upload: D:\kerberos.htx\elasticsearch-7.14.0\modules\x-pack-shutdown\x-pack-shutdown-7.14.0.jar (38,27 K/S -   39 188 bytes)
[13:43:33] - [14] MIRKO.POZEN: Répertoire en Cours: D:\kerberos.htx\elasticsearch-7.14.0\modules\x-pack-sql\
[13:43:33] - [14] MIRKO.POZEN: Début d'Upload de D:\kerberos.htx\elasticsearch-7.14.0\modules\x-pack-sql\aggs-matrix-stats-client-7.14.0.jar
[13:43:33] - [14] MIRKO.POZEN: Fichier Upload: D:\kerberos.htx\elasticsearch-7.14.0\modules\x-pack-sql\aggs-matrix-stats-client-7.14.0.jar (64,04 K/S -   65 572 bytes)
[13:43:34] - [14] MIRKO.POZEN: Début d'Upload de D:\kerberos.htx\elasticsearch-7.14.0\modules\x-pack-sql\LICENSE.txt
[13:43:34] - [14] MIRKO.POZEN: Fichier Upload: D:\kerberos.htx\elasticsearch-7.14.0\modules\x-pack-sql\LICENSE.txt (3,86 K/S -   3 953 bytes)
[13:43:34] - [14] MIRKO.POZEN: Début d'Upload de D:\kerberos.htx\elasticsearch-7.14.0\modules\x-pack-sql\NOTICE.txt
[13:43:34] - [14] MIRKO.POZEN: Fichier Upload: D:\kerberos.htx\elasticsearch-7.14.0\modules\x-pack-sql\NOTICE.txt (0,06 K/S -    61 bytes)
[13:43:34] - [14] MIRKO.POZEN: Début d'Upload de D:\kerberos.htx\elasticsearch-7.14.0\modules\x-pack-sql\plugin-descriptor.properties
[13:43:34] - [14] MIRKO.POZEN: Fichier Upload: D:\kerberos.htx\elasticsearch-7.14.0\modules\x-pack-sql\plugin-descriptor.properties (1,69 K/S -   1 727 bytes)
[13:43:34] - [14] MIRKO.POZEN: Début d'Upload de D:\kerberos.htx\elasticsearch-7.14.0\modules\x-pack-sql\plugin-security.policy
[13:43:34] - [14] MIRKO.POZEN: Fichier Upload: D:\kerberos.htx\elasticsearch-7.14.0\modules\x-pack-sql\plugin-security.policy (0,00 K/S -  20 480 000 bytes)
[13:43:35] - [14] MIRKO.POZEN: Début d'Upload de D:\kerberos.htx\elasticsearch-7.14.0\modules\x-pack-sql\sql-action-7.14.0.jar
[13:43:35] - [14] MIRKO.POZEN: Fichier Upload: D:\kerberos.htx\elasticsearch-7.14.0\modules\x-pack-sql\sql-action-7.14.0.jar (51,18 K/S -   52 412 bytes)
[13:43:35] - [14] MIRKO.POZEN: Début d'Upload de D:\kerberos.htx\elasticsearch-7.14.0\modules\x-pack-sql\sql-proto-7.14.0.jar
[13:43:35] - [14] MIRKO.POZEN: Fichier Upload: D:\kerberos.htx\elasticsearch-7.14.0\modules\x-pack-sql\sql-proto-7.14.0.jar (42,08 K/S -   43 087 bytes)
[13:43:35] - [14] MIRKO.POZEN: Début d'Upload de D:\kerberos.htx\elasticsearch-7.14.0\modules\x-pack-sql\x-pack-sql-7.14.0.jar
[13:43:36] - [14] MIRKO.POZEN: Fichier Upload: D:\kerberos.htx\elasticsearch-7.14.0\modules\x-pack-sql\x-pack-sql-7.14.0.jar (1 188,50 K/S -  1 217 044 bytes)
[13:43:36] - [14] MIRKO.POZEN: Répertoire en Cours: D:\kerberos.htx\elasticsearch-7.14.0\modules\x-pack-stack\
[13:43:36] - [14] MIRKO.POZEN: Début d'Upload de D:\kerberos.htx\elasticsearch-7.14.0\modules\x-pack-stack\LICENSE.txt
[13:43:36] - [14] MIRKO.POZEN: Fichier Upload: D:\kerberos.htx\elasticsearch-7.14.0\modules\x-pack-stack\LICENSE.txt (3,86 K/S -   3 953 bytes)
[13:43:36] - [14] MIRKO.POZEN: Début d'Upload de D:\kerberos.htx\elasticsearch-7.14.0\modules\x-pack-stack\NOTICE.txt
[13:43:36] - [14] MIRKO.POZEN: Fichier Upload: D:\kerberos.htx\elasticsearch-7.14.0\modules\x-pack-stack\NOTICE.txt (0,06 K/S -    61 bytes)
[13:43:36] - [14] MIRKO.POZEN: Début d'Upload de D:\kerberos.htx\elasticsearch-7.14.0\modules\x-pack-stack\plugin-descriptor.properties
[13:43:36] - [14] MIRKO.POZEN: Fichier Upload: D:\kerberos.htx\elasticsearch-7.14.0\modules\x-pack-stack\plugin-descriptor.properties (1,66 K/S -   1 698 bytes)
[13:43:37] - [14] MIRKO.POZEN: Début d'Upload de D:\kerberos.htx\elasticsearch-7.14.0\modules\x-pack-stack\x-pack-stack-7.14.0.jar
[13:43:37] - [14] MIRKO.POZEN: Fichier Upload: D:\kerberos.htx\elasticsearch-7.14.0\modules\x-pack-stack\x-pack-stack-7.14.0.jar (7,13 K/S -   7 299 bytes)
[13:43:37] - [14] MIRKO.POZEN: Répertoire en Cours: D:\kerberos.htx\elasticsearch-7.14.0\modules\x-pack-text-structure\
[13:43:37] - [14] MIRKO.POZEN: Début d'Upload de D:\kerberos.htx\elasticsearch-7.14.0\modules\x-pack-text-structure\elasticsearch-grok-7.14.0.jar
[13:43:37] - [14] MIRKO.POZEN: Fichier Upload: D:\kerberos.htx\elasticsearch-7.14.0\modules\x-pack-text-structure\elasticsearch-grok-7.14.0.jar (54,90 K/S -   56 215 bytes)
[13:43:37] - [14] MIRKO.POZEN: Début d'Upload de D:\kerberos.htx\elasticsearch-7.14.0\modules\x-pack-text-structure\icu4j-62.1.jar
[13:43:45] - [14] MIRKO.POZEN: Fichier Upload: D:\kerberos.htx\elasticsearch-7.14.0\modules\x-pack-text-structure\icu4j-62.1.jar (1 725,90 K/S -  12 370 975 bytes)
[13:43:45] - [14] MIRKO.POZEN: Début d'Upload de D:\kerberos.htx\elasticsearch-7.14.0\modules\x-pack-text-structure\jcodings-1.0.44.jar
[13:43:46] - [14] MIRKO.POZEN: Fichier Upload: D:\kerberos.htx\elasticsearch-7.14.0\modules\x-pack-text-structure\jcodings-1.0.44.jar (1 643,20 K/S -  1 682 608 bytes)
[13:43:46] - [14] MIRKO.POZEN: Début d'Upload de D:\kerberos.htx\elasticsearch-7.14.0\modules\x-pack-text-structure\joni-2.1.29.jar
[13:43:46] - [14] MIRKO.POZEN: Fichier Upload: D:\kerberos.htx\elasticsearch-7.14.0\modules\x-pack-text-structure\joni-2.1.29.jar (209,78 K/S -   214 815 bytes)
[13:43:46] - [14] MIRKO.POZEN: Début d'Upload de D:\kerberos.htx\elasticsearch-7.14.0\modules\x-pack-text-structure\LICENSE.txt
[13:43:46] - [14] MIRKO.POZEN: Fichier Upload: D:\kerberos.htx\elasticsearch-7.14.0\modules\x-pack-text-structure\LICENSE.txt (3,86 K/S -   3 953 bytes)
[13:43:46] - [14] MIRKO.POZEN: Début d'Upload de D:\kerberos.htx\elasticsearch-7.14.0\modules\x-pack-text-structure\NOTICE.txt
[13:43:46] - [14] MIRKO.POZEN: Fichier Upload: D:\kerberos.htx\elasticsearch-7.14.0\modules\x-pack-text-structure\NOTICE.txt (14,18 K/S -   14 521 bytes)
[13:43:47] - [14] MIRKO.POZEN: Début d'Upload de D:\kerberos.htx\elasticsearch-7.14.0\modules\x-pack-text-structure\plugin-descriptor.properties
[13:43:47] - [14] MIRKO.POZEN: Fichier Upload: D:\kerberos.htx\elasticsearch-7.14.0\modules\x-pack-text-structure\plugin-descriptor.properties (1,69 K/S -   1 732 bytes)
[13:43:47] - [14] MIRKO.POZEN: Début d'Upload de D:\kerberos.htx\elasticsearch-7.14.0\modules\x-pack-text-structure\super-csv-2.4.0.jar
[13:43:47] - [14] MIRKO.POZEN: Fichier Upload: D:\kerberos.htx\elasticsearch-7.14.0\modules\x-pack-text-structure\super-csv-2.4.0.jar (95,79 K/S -   98 092 bytes)
[13:43:47] - [14] MIRKO.POZEN: Début d'Upload de D:\kerberos.htx\elasticsearch-7.14.0\modules\x-pack-text-structure\x-pack-text-structure-7.14.0.jar
[13:43:47] - [14] MIRKO.POZEN: Fichier Upload: D:\kerberos.htx\elasticsearch-7.14.0\modules\x-pack-text-structure\x-pack-text-structure-7.14.0.jar (127,08 K/S -   130 134 bytes)
[13:43:47] - [14] MIRKO.POZEN: Répertoire en Cours: D:\kerberos.htx\elasticsearch-7.14.0\modules\x-pack-voting-only-node\
[13:43:47] - [14] MIRKO.POZEN: Début d'Upload de D:\kerberos.htx\elasticsearch-7.14.0\modules\x-pack-voting-only-node\LICENSE.txt
[13:43:47] - [14] MIRKO.POZEN: Fichier Upload: D:\kerberos.htx\elasticsearch-7.14.0\modules\x-pack-voting-only-node\LICENSE.txt (3,86 K/S -   3 953 bytes)
[13:43:48] - [14] MIRKO.POZEN: Début d'Upload de D:\kerberos.htx\elasticsearch-7.14.0\modules\x-pack-voting-only-node\NOTICE.txt
[13:43:48] - [14] MIRKO.POZEN: Fichier Upload: D:\kerberos.htx\elasticsearch-7.14.0\modules\x-pack-voting-only-node\NOTICE.txt (0,06 K/S -    61 bytes)
[13:43:48] - [14] MIRKO.POZEN: Début d'Upload de D:\kerberos.htx\elasticsearch-7.14.0\modules\x-pack-voting-only-node\plugin-descriptor.properties
[13:43:48] - [14] MIRKO.POZEN: Fichier Upload: D:\kerberos.htx\elasticsearch-7.14.0\modules\x-pack-voting-only-node\plugin-descriptor.properties (1,71 K/S -   1 749 bytes)
[13:43:48] - [14] MIRKO.POZEN: Début d'Upload de D:\kerberos.htx\elasticsearch-7.14.0\modules\x-pack-voting-only-node\x-pack-voting-only-node-7.14.0.jar
[13:43:48] - [14] MIRKO.POZEN: Fichier Upload: D:\kerberos.htx\elasticsearch-7.14.0\modules\x-pack-voting-only-node\x-pack-voting-only-node-7.14.0.jar (13,72 K/S -   14 050 bytes)
[13:43:48] - [14] MIRKO.POZEN: Répertoire en Cours: D:\kerberos.htx\elasticsearch-7.14.0\modules\x-pack-watcher\
[13:43:49] - [14] MIRKO.POZEN: Début d'Upload de D:\kerberos.htx\elasticsearch-7.14.0\modules\x-pack-watcher\failureaccess-1.0.1.jar
[13:43:49] - [14] MIRKO.POZEN: Fichier Upload: D:\kerberos.htx\elasticsearch-7.14.0\modules\x-pack-watcher\failureaccess-1.0.1.jar (4,51 K/S -   4 617 bytes)
[13:43:49] - [14] MIRKO.POZEN: Début d'Upload de D:\kerberos.htx\elasticsearch-7.14.0\modules\x-pack-watcher\guava-27.1-jre.jar
[13:43:50] - [14] MIRKO.POZEN: Fichier Upload: D:\kerberos.htx\elasticsearch-7.14.0\modules\x-pack-watcher\guava-27.1-jre.jar (1 341,10 K/S -  2 746 671 bytes)
[13:43:50] - [14] MIRKO.POZEN: Début d'Upload de D:\kerberos.htx\elasticsearch-7.14.0\modules\x-pack-watcher\jakarta.activation-1.2.1.jar
[13:43:50] - [14] MIRKO.POZEN: Fichier Upload: D:\kerberos.htx\elasticsearch-7.14.0\modules\x-pack-watcher\jakarta.activation-1.2.1.jar (64,15 K/S -   65 690 bytes)
[13:43:51] - [14] MIRKO.POZEN: Début d'Upload de D:\kerberos.htx\elasticsearch-7.14.0\modules\x-pack-watcher\jakarta.mail-1.6.4.jar
[13:43:51] - [14] MIRKO.POZEN: Fichier Upload: D:\kerberos.htx\elasticsearch-7.14.0\modules\x-pack-watcher\jakarta.mail-1.6.4.jar (644,69 K/S -   660 167 bytes)
[13:43:51] - [14] MIRKO.POZEN: Début d'Upload de D:\kerberos.htx\elasticsearch-7.14.0\modules\x-pack-watcher\LICENSE.txt
[13:43:51] - [14] MIRKO.POZEN: Fichier Upload: D:\kerberos.htx\elasticsearch-7.14.0\modules\x-pack-watcher\LICENSE.txt (3,86 K/S -   3 953 bytes)
[13:43:51] - [14] MIRKO.POZEN: Début d'Upload de D:\kerberos.htx\elasticsearch-7.14.0\modules\x-pack-watcher\NOTICE.txt
[13:43:51] - [14] MIRKO.POZEN: Fichier Upload: D:\kerberos.htx\elasticsearch-7.14.0\modules\x-pack-watcher\NOTICE.txt (75,82 K/S -   77 636 bytes)
[13:43:52] - [14] MIRKO.POZEN: Début d'Upload de D:\kerberos.htx\elasticsearch-7.14.0\modules\x-pack-watcher\owasp-java-html-sanitizer-20191001.1.jar
[13:43:52] - [14] MIRKO.POZEN: Fichier Upload: D:\kerberos.htx\elasticsearch-7.14.0\modules\x-pack-watcher\owasp-java-html-sanitizer-20191001.1.jar (228,14 K/S -   233 620 bytes)
[13:43:52] - [14] MIRKO.POZEN: Début d'Upload de D:\kerberos.htx\elasticsearch-7.14.0\modules\x-pack-watcher\plugin-descriptor.properties
[13:43:52] - [14] MIRKO.POZEN: Fichier Upload: D:\kerberos.htx\elasticsearch-7.14.0\modules\x-pack-watcher\plugin-descriptor.properties (1,67 K/S -   1 714 bytes)
[13:43:52] - [14] MIRKO.POZEN: Début d'Upload de D:\kerberos.htx\elasticsearch-7.14.0\modules\x-pack-watcher\plugin-security.policy
[13:43:52] - [14] MIRKO.POZEN: Fichier Upload: D:\kerberos.htx\elasticsearch-7.14.0\modules\x-pack-watcher\plugin-security.policy (0,69 K/S -    703 bytes)
[13:43:52] - [14] MIRKO.POZEN: Début d'Upload de D:\kerberos.htx\elasticsearch-7.14.0\modules\x-pack-watcher\x-pack-watcher-7.14.0.jar
[13:43:53] - [14] MIRKO.POZEN: Fichier Upload: D:\kerberos.htx\elasticsearch-7.14.0\modules\x-pack-watcher\x-pack-watcher-7.14.0.jar (733,05 K/S -   750 642 bytes)
[13:43:53] - [14] MIRKO.POZEN: Répertoire en Cours: D:\kerberos.htx\elasticsearch-7.14.0\
[13:43:53] - [14] MIRKO.POZEN: Début d'Upload de D:\kerberos.htx\elasticsearch-7.14.0\NOTICE.txt
[13:43:53] - [14] MIRKO.POZEN: Fichier Upload: D:\kerberos.htx\elasticsearch-7.14.0\NOTICE.txt (612,21 K/S -   626 901 bytes)
[13:43:53] - [14] MIRKO.POZEN: Début d'Upload de D:\kerberos.htx\elasticsearch-7.14.0\README.asciidoc
[13:43:53] - [14] MIRKO.POZEN: Fichier Upload: D:\kerberos.htx\elasticsearch-7.14.0\README.asciidoc (2,65 K/S -   2 710 bytes)
[13:44:25] - [14] Client 192.168.0.1 Déconnecté (00:09:34 Min)
[13:46:26] - [13] MIRKO.POZEN: Répertoire en Cours: D:\kerberos.htx\elasticsearch-7.14.0\
[13:46:31] - [13] MIRKO.POZEN: Répertoire en Cours: D:\kerberos.htx\
[13:47:13] - [13] Client 192.168.0.1 Déconnecté (00:12:30 Min)
[15:01:21] - [18] Connecté à 192.241.220.208. Collecte du Nom d'utilisateur.
[15:01:22] - [18] Client 192.241.220.208 Déconnecté (00:00:00 Min)
[15:40:38] - [19] Connecté à 192.241.213.157. Collecte du Nom d'utilisateur.
[15:40:48] - [19] Client 192.241.213.157 Déconnecté (00:00:09 Min)
[16:04:59] - [20] Connecté à 192.168.0.1. Collecte du Nom d'utilisateur.
[16:04:59] - [20] Client 192.168.0.1 Déconnecté (00:00:00 Min)
[16:06:18] - [21] Connecté à 192.168.0.1. Collecte du Nom d'utilisateur.
[16:06:19] - [21] Client 192.168.0.1 Déconnecté (00:00:00 Min)
[18:20:45] - [22] Connecté à 144.86.173.32. Collecte du Nom d'utilisateur.
[18:21:17] - [22] Client 144.86.173.32 Déconnecté (00:00:32 Min)
[18:28:37] - [23] Connecté à 144.86.173.25. Collecte du Nom d'utilisateur.
[18:28:47] - [23] Client 144.86.173.25 Déconnecté (00:00:09 Min)
[19:49:30] - [24] Connecté à 74.82.47.4. Collecte du Nom d'utilisateur.
[19:49:33] - [24] Client 74.82.47.4 Déconnecté (00:00:02 Min)
[21:52:25] - [25] Connecté à 192.168.0.1. Collecte du Nom d'utilisateur.
[21:52:25] - [25] Client 192.168.0.1 Déconnecté (00:00:00 Min)
[22:09:54] - [26] Connecté à 192.168.0.1. Collecte du Nom d'utilisateur.
[22:09:54] - [26] Client 192.168.0.1 Déconnecté (00:00:00 Min)
[23:15:32] - [27] Connecté à 192.168.0.1. Collecte du Nom d'utilisateur.
[23:15:32] - [27] Client 192.168.0.1 Déconnecté (00:00:00 Min)
