[16:02:52] - Serveur Démarré
[16:02:52] - FTP Port: 21
[16:08:54] - [1] Connecté à 192.168.0.1. Collecte du Nom d'utilisateur.
[16:08:54] - [1] Usager MIRKO.POZEN Connecté IP: 192.168.0.1
[16:08:54] - [1] MIRKO.POZEN: Répertoire en Cours: D:\kerberos.htx\
[16:08:54] - [1] MIRKO.POZEN: Répertoire en Cours: D:\kerberos.htx\
[16:09:33] - [1] MIRKO.POZEN: Répertoire en Cours: D:\kerberos.htx\mig thoor\
[16:09:33] - [1] MIRKO.POZEN: Répertoire en Cours: D:\kerberos.htx\mig thoor\uxor, conjux  original\
[16:09:33] - [1] MIRKO.POZEN: Répertoire en Cours: D:\kerberos.htx\mig thoor\uxor, conjux  original\uxor, conjux  redimentionne\
[16:09:33] - [1] MIRKO.POZEN: Répertoire en Cours: D:\kerberos.htx\mig thoor\
[16:09:33] - [1] MIRKO.POZEN: Répertoire en Cours: D:\kerberos.htx\mig thoor\stop.the.war.in the.world\
[16:09:33] - [1] MIRKO.POZEN: Répertoire en Cours: D:\kerberos.htx\mig thoor\
[16:09:33] - [1] MIRKO.POZEN: Répertoire en Cours: D:\kerberos.htx\mig thoor\sculpture.art.brut.meccanica.keys\
[16:09:33] - [1] MIRKO.POZEN: Répertoire en Cours: D:\kerberos.htx\mig thoor\
[16:09:33] - [1] MIRKO.POZEN: Répertoire en Cours: D:\kerberos.htx\mig thoor\photos.maison.canaries\
[16:09:33] - [1] MIRKO.POZEN: Répertoire en Cours: D:\kerberos.htx\mig thoor\photos.maison.canaries\img.jardin\
[16:09:33] - [1] MIRKO.POZEN: Répertoire en Cours: D:\kerberos.htx\mig thoor\
[16:09:33] - [1] MIRKO.POZEN: Répertoire en Cours: D:\kerberos.htx\mig thoor\lost the car original\
[16:09:33] - [1] MIRKO.POZEN: Répertoire en Cours: D:\kerberos.htx\mig thoor\lost the car original\lostcart redimentionnee\
[16:09:33] - [2] Connecté à 192.168.0.1. Collecte du Nom d'utilisateur.
[16:09:34] - [3] Connecté à 192.168.0.1. Collecte du Nom d'utilisateur.
[16:09:34] - [2] Usager MIRKO.POZEN Connecté IP: 192.168.0.1
[16:09:34] - [2] MIRKO.POZEN: Répertoire en Cours: D:\kerberos.htx\
[16:09:34] - [3] Usager MIRKO.POZEN Connecté IP: 192.168.0.1
[16:09:34] - [3] MIRKO.POZEN: Répertoire en Cours: D:\kerberos.htx\
[16:09:34] - [2] MIRKO.POZEN: Répertoire en Cours: D:\kerberos.htx\mig thoor\
[16:09:35] - [3] MIRKO.POZEN: Répertoire en Cours: D:\kerberos.htx\mig thoor\
[16:09:35] - [2] MIRKO.POZEN: Début du Téléchargement de: D:\kerberos.htx\mig thoor\canal blog mig thoor.txt
[16:09:35] - [3] MIRKO.POZEN: Début du Téléchargement de: D:\kerberos.htx\mig thoor\Thumbs.db
[16:09:35] - [2] MIRKO.POZEN: Fichier envoyé: D:\kerberos.htx\mig thoor\canal blog mig thoor.txt (0,12 K/S -    121 bytes)
[16:09:35] - [2] MIRKO.POZEN: Répertoire en Cours: D:\kerberos.htx\mig thoor\uxor, conjux  original\
[16:09:36] - [3] MIRKO.POZEN: Fichier envoyé: D:\kerberos.htx\mig thoor\Thumbs.db (8,00 K/S -   8 192 bytes)
[16:09:36] - [3] MIRKO.POZEN: Répertoire en Cours: D:\kerberos.htx\mig thoor\uxor, conjux  original\
[16:09:36] - [2] MIRKO.POZEN: Début du Téléchargement de: D:\kerberos.htx\mig thoor\uxor, conjux  original\DSCF7042.JPG
[16:09:36] - [3] MIRKO.POZEN: Début du Téléchargement de: D:\kerberos.htx\mig thoor\uxor, conjux  original\DSCF7043.JPG
[16:09:37] - [2] MIRKO.POZEN: Fichier envoyé: D:\kerberos.htx\mig thoor\uxor, conjux  original\DSCF7042.JPG (654,23 K/S -  1 339 866 bytes)
[16:09:38] - [2] MIRKO.POZEN: Début du Téléchargement de: D:\kerberos.htx\mig thoor\uxor, conjux  original\DSCF7045.JPG
[16:09:40] - [2] MIRKO.POZEN: Fichier envoyé: D:\kerberos.htx\mig thoor\uxor, conjux  original\DSCF7045.JPG (636,16 K/S -  1 302 860 bytes)
[16:09:40] - [2] MIRKO.POZEN: Début du Téléchargement de: D:\kerberos.htx\mig thoor\uxor, conjux  original\DSCF7046.JPG
[16:09:40] - [3] MIRKO.POZEN: Fichier envoyé: D:\kerberos.htx\mig thoor\uxor, conjux  original\DSCF7043.JPG (265,91 K/S -  1 361 471 bytes)
[16:09:41] - [3] MIRKO.POZEN: Début du Téléchargement de: D:\kerberos.htx\mig thoor\uxor, conjux  original\DSCF7048.JPG
[16:09:44] - [3] MIRKO.POZEN: Fichier envoyé: D:\kerberos.htx\mig thoor\uxor, conjux  original\DSCF7048.JPG (436,91 K/S -  1 342 197 bytes)
[16:09:44] - [2] MIRKO.POZEN: Fichier envoyé: D:\kerberos.htx\mig thoor\uxor, conjux  original\DSCF7046.JPG (327,75 K/S -  1 342 470 bytes)
[16:09:44] - [3] MIRKO.POZEN: Début du Téléchargement de: D:\kerberos.htx\mig thoor\uxor, conjux  original\DSCF7049.JPG
[16:09:44] - [2] MIRKO.POZEN: Début du Téléchargement de: D:\kerberos.htx\mig thoor\uxor, conjux  original\DSCF7050.JPG
[16:09:47] - [2] MIRKO.POZEN: Fichier envoyé: D:\kerberos.htx\mig thoor\uxor, conjux  original\DSCF7050.JPG (438,08 K/S -  1 345 768 bytes)
[16:09:47] - [3] MIRKO.POZEN: Fichier envoyé: D:\kerberos.htx\mig thoor\uxor, conjux  original\DSCF7049.JPG (321,60 K/S -  1 317 272 bytes)
[16:09:47] - [3] MIRKO.POZEN: Début du Téléchargement de: D:\kerberos.htx\mig thoor\uxor, conjux  original\DSCF7051.JPG
[16:09:48] - [2] MIRKO.POZEN: Début du Téléchargement de: D:\kerberos.htx\mig thoor\uxor, conjux  original\DSCF7052.JPG
[16:09:51] - [3] MIRKO.POZEN: Fichier envoyé: D:\kerberos.htx\mig thoor\uxor, conjux  original\DSCF7051.JPG (433,68 K/S -  1 332 279 bytes)
[16:09:51] - [3] MIRKO.POZEN: Début du Téléchargement de: D:\kerberos.htx\mig thoor\uxor, conjux  original\DSCF7053.JPG
[16:09:51] - [2] MIRKO.POZEN: Fichier envoyé: D:\kerberos.htx\mig thoor\uxor, conjux  original\DSCF7052.JPG (441,34 K/S -  1 355 800 bytes)
[16:09:51] - [2] MIRKO.POZEN: Début du Téléchargement de: D:\kerberos.htx\mig thoor\uxor, conjux  original\DSCF7054.JPG
[16:09:55] - [3] MIRKO.POZEN: Fichier envoyé: D:\kerberos.htx\mig thoor\uxor, conjux  original\DSCF7053.JPG (331,04 K/S -  1 355 939 bytes)
[16:09:55] - [3] MIRKO.POZEN: Début du Téléchargement de: D:\kerberos.htx\mig thoor\uxor, conjux  original\DSCF7055.JPG
[16:09:55] - [2] MIRKO.POZEN: Fichier envoyé: D:\kerberos.htx\mig thoor\uxor, conjux  original\DSCF7054.JPG (476,89 K/S -  1 465 000 bytes)
[16:09:55] - [2] MIRKO.POZEN: Début du Téléchargement de: D:\kerberos.htx\mig thoor\uxor, conjux  original\DSCF7056.JPG
[16:09:58] - [2] MIRKO.POZEN: Fichier envoyé: D:\kerberos.htx\mig thoor\uxor, conjux  original\DSCF7056.JPG (424,29 K/S -  1 303 409 bytes)
[16:09:58] - [2] MIRKO.POZEN: Début du Téléchargement de: D:\kerberos.htx\mig thoor\uxor, conjux  original\DSCF7057.JPG
[16:09:59] - [3] MIRKO.POZEN: Fichier envoyé: D:\kerberos.htx\mig thoor\uxor, conjux  original\DSCF7055.JPG (329,72 K/S -  1 350 536 bytes)
[16:09:59] - [3] MIRKO.POZEN: Début du Téléchargement de: D:\kerberos.htx\mig thoor\uxor, conjux  original\DSCF7059.JPG
[16:10:01] - [2] MIRKO.POZEN: Fichier envoyé: D:\kerberos.htx\mig thoor\uxor, conjux  original\DSCF7057.JPG (467,54 K/S -  1 436 295 bytes)
[16:10:01] - [2] MIRKO.POZEN: Début du Téléchargement de: D:\kerberos.htx\mig thoor\uxor, conjux  original\DSCF7060.JPG
[16:10:03] - [3] MIRKO.POZEN: Fichier envoyé: D:\kerberos.htx\mig thoor\uxor, conjux  original\DSCF7059.JPG (365,28 K/S -  1 496 184 bytes)
[16:10:03] - [3] MIRKO.POZEN: Début du Téléchargement de: D:\kerberos.htx\mig thoor\uxor, conjux  original\DSCF7061.JPG
[16:10:04] - [2] MIRKO.POZEN: Fichier envoyé: D:\kerberos.htx\mig thoor\uxor, conjux  original\DSCF7060.JPG (467,07 K/S -  1 434 842 bytes)
[16:10:04] - [2] MIRKO.POZEN: Début du Téléchargement de: D:\kerberos.htx\mig thoor\uxor, conjux  original\DSCF7062.JPG
[16:10:07] - [2] MIRKO.POZEN: Fichier envoyé: D:\kerberos.htx\mig thoor\uxor, conjux  original\DSCF7062.JPG (736,42 K/S -  1 508 191 bytes)
[16:10:07] - [2] MIRKO.POZEN: Début du Téléchargement de: D:\kerberos.htx\mig thoor\uxor, conjux  original\DSCF7065.JPG
[16:10:07] - [3] MIRKO.POZEN: Fichier envoyé: D:\kerberos.htx\mig thoor\uxor, conjux  original\DSCF7061.JPG (263,87 K/S -  1 351 013 bytes)
[16:10:08] - [3] MIRKO.POZEN: Début du Téléchargement de: D:\kerberos.htx\mig thoor\uxor, conjux  original\DSCF7066.JPG
[16:10:09] - [2] MIRKO.POZEN: Fichier envoyé: D:\kerberos.htx\mig thoor\uxor, conjux  original\DSCF7065.JPG (478,79 K/S -  1 470 842 bytes)
[16:10:10] - [2] MIRKO.POZEN: Début du Téléchargement de: D:\kerberos.htx\mig thoor\uxor, conjux  original\DSCF7067.JPG
[16:10:12] - [2] MIRKO.POZEN: Fichier envoyé: D:\kerberos.htx\mig thoor\uxor, conjux  original\DSCF7067.JPG (463,42 K/S -  1 423 620 bytes)
[16:10:13] - [3] MIRKO.POZEN: Fichier envoyé: D:\kerberos.htx\mig thoor\uxor, conjux  original\DSCF7066.JPG (289,86 K/S -  1 484 085 bytes)
[16:10:13] - [2] MIRKO.POZEN: Début du Téléchargement de: D:\kerberos.htx\mig thoor\uxor, conjux  original\Thumbs.db
[16:10:13] - [3] MIRKO.POZEN: Répertoire en Cours: D:\kerberos.htx\mig thoor\uxor, conjux  original\uxor, conjux  redimentionne\
[16:10:13] - [2] MIRKO.POZEN: Fichier envoyé: D:\kerberos.htx\mig thoor\uxor, conjux  original\Thumbs.db (85,50 K/S -   87 552 bytes)
[16:10:13] - [2] MIRKO.POZEN: Répertoire en Cours: D:\kerberos.htx\mig thoor\uxor, conjux  original\uxor, conjux  redimentionne\
[16:10:13] - [3] MIRKO.POZEN: Début du Téléchargement de: D:\kerberos.htx\mig thoor\uxor, conjux  original\uxor, conjux  redimentionne\Image1.jpg
[16:10:13] - [2] MIRKO.POZEN: Début du Téléchargement de: D:\kerberos.htx\mig thoor\uxor, conjux  original\uxor, conjux  redimentionne\Image10.jpg
[16:10:14] - [3] MIRKO.POZEN: Fichier envoyé: D:\kerberos.htx\mig thoor\uxor, conjux  original\uxor, conjux  redimentionne\Image1.jpg (583,07 K/S -   597 068 bytes)
[16:10:14] - [3] MIRKO.POZEN: Début du Téléchargement de: D:\kerberos.htx\mig thoor\uxor, conjux  original\uxor, conjux  redimentionne\Image11.jpg
[16:10:15] - [2] MIRKO.POZEN: Fichier envoyé: D:\kerberos.htx\mig thoor\uxor, conjux  original\uxor, conjux  redimentionne\Image10.jpg (277,29 K/S -   851 840 bytes)
[16:10:16] - [3] MIRKO.POZEN: Fichier envoyé: D:\kerberos.htx\mig thoor\uxor, conjux  original\uxor, conjux  redimentionne\Image11.jpg (421,96 K/S -   864 164 bytes)
[16:10:16] - [3] MIRKO.POZEN: Début du Téléchargement de: D:\kerberos.htx\mig thoor\uxor, conjux  original\uxor, conjux  redimentionne\Image12.jpg
[16:10:16] - [3] MIRKO.POZEN: Fichier envoyé: D:\kerberos.htx\mig thoor\uxor, conjux  original\uxor, conjux  redimentionne\Image12.jpg (602,51 K/S -   616 967 bytes)
[16:10:16] - [2] MIRKO.POZEN: Début du Téléchargement de: D:\kerberos.htx\mig thoor\uxor, conjux  original\uxor, conjux  redimentionne\Image13.jpg
[16:10:16] - [3] MIRKO.POZEN: Début du Téléchargement de: D:\kerberos.htx\mig thoor\uxor, conjux  original\uxor, conjux  redimentionne\Image14.jpg
[16:10:18] - [2] MIRKO.POZEN: Fichier envoyé: D:\kerberos.htx\mig thoor\uxor, conjux  original\uxor, conjux  redimentionne\Image13.jpg (1 180,26 K/S -  1 208 585 bytes)
[16:10:18] - [2] MIRKO.POZEN: Début du Téléchargement de: D:\kerberos.htx\mig thoor\uxor, conjux  original\uxor, conjux  redimentionne\Image15.jpg
[16:10:20] - [3] MIRKO.POZEN: Fichier envoyé: D:\kerberos.htx\mig thoor\uxor, conjux  original\uxor, conjux  redimentionne\Image14.jpg (412,54 K/S -  1 267 324 bytes)
[16:10:20] - [3] MIRKO.POZEN: Début du Téléchargement de: D:\kerberos.htx\mig thoor\uxor, conjux  original\uxor, conjux  redimentionne\Image16.jpg
[16:10:20] - [2] MIRKO.POZEN: Fichier envoyé: D:\kerberos.htx\mig thoor\uxor, conjux  original\uxor, conjux  redimentionne\Image15.jpg (619,89 K/S -   634 768 bytes)
[16:10:20] - [2] MIRKO.POZEN: Début du Téléchargement de: D:\kerberos.htx\mig thoor\uxor, conjux  original\uxor, conjux  redimentionne\Image17.jpg
[16:10:21] - [3] MIRKO.POZEN: Fichier envoyé: D:\kerberos.htx\mig thoor\uxor, conjux  original\uxor, conjux  redimentionne\Image16.jpg (826,73 K/S -   846 574 bytes)
[16:10:21] - [3] MIRKO.POZEN: Début du Téléchargement de: D:\kerberos.htx\mig thoor\uxor, conjux  original\uxor, conjux  redimentionne\Image18.jpg
[16:10:23] - [2] MIRKO.POZEN: Fichier envoyé: D:\kerberos.htx\mig thoor\uxor, conjux  original\uxor, conjux  redimentionne\Image17.jpg (404,14 K/S -  1 241 512 bytes)
[16:10:24] - [2] MIRKO.POZEN: Début du Téléchargement de: D:\kerberos.htx\mig thoor\uxor, conjux  original\uxor, conjux  redimentionne\Image19.jpg
[16:10:24] - [3] MIRKO.POZEN: Fichier envoyé: D:\kerberos.htx\mig thoor\uxor, conjux  original\uxor, conjux  redimentionne\Image18.jpg (519,02 K/S -  1 062 950 bytes)
[16:10:24] - [3] MIRKO.POZEN: Début du Téléchargement de: D:\kerberos.htx\mig thoor\uxor, conjux  original\uxor, conjux  redimentionne\Image2.jpg
[16:10:25] - [3] MIRKO.POZEN: Fichier envoyé: D:\kerberos.htx\mig thoor\uxor, conjux  original\uxor, conjux  redimentionne\Image2.jpg (561,40 K/S -   574 876 bytes)
[16:10:25] - [3] MIRKO.POZEN: Début du Téléchargement de: D:\kerberos.htx\mig thoor\uxor, conjux  original\uxor, conjux  redimentionne\Image20.jpg
[16:10:27] - [3] MIRKO.POZEN: Fichier envoyé: D:\kerberos.htx\mig thoor\uxor, conjux  original\uxor, conjux  redimentionne\Image20.jpg (905,08 K/S -   926 803 bytes)
[16:10:27] - [2] MIRKO.POZEN: Fichier envoyé: D:\kerberos.htx\mig thoor\uxor, conjux  original\uxor, conjux  redimentionne\Image19.jpg (350,02 K/S -  1 075 263 bytes)
[16:10:27] - [3] MIRKO.POZEN: Début du Téléchargement de: D:\kerberos.htx\mig thoor\uxor, conjux  original\uxor, conjux  redimentionne\Image21.jpg
[16:10:27] - [2] MIRKO.POZEN: Début du Téléchargement de: D:\kerberos.htx\mig thoor\uxor, conjux  original\uxor, conjux  redimentionne\Image22.jpg
[16:10:28] - [3] MIRKO.POZEN: Fichier envoyé: D:\kerberos.htx\mig thoor\uxor, conjux  original\uxor, conjux  redimentionne\Image21.jpg (465,55 K/S -   953 444 bytes)
[16:10:29] - [3] MIRKO.POZEN: Début du Téléchargement de: D:\kerberos.htx\mig thoor\uxor, conjux  original\uxor, conjux  redimentionne\Image3.jpg
[16:10:30] - [3] MIRKO.POZEN: Fichier envoyé: D:\kerberos.htx\mig thoor\uxor, conjux  original\uxor, conjux  redimentionne\Image3.jpg (656,14 K/S -   671 885 bytes)
[16:10:30] - [2] MIRKO.POZEN: Fichier envoyé: D:\kerberos.htx\mig thoor\uxor, conjux  original\uxor, conjux  redimentionne\Image22.jpg (231,09 K/S -   709 920 bytes)
[16:10:30] - [3] MIRKO.POZEN: Début du Téléchargement de: D:\kerberos.htx\mig thoor\uxor, conjux  original\uxor, conjux  redimentionne\Image4.jpg
[16:10:30] - [2] MIRKO.POZEN: Début du Téléchargement de: D:\kerberos.htx\mig thoor\uxor, conjux  original\uxor, conjux  redimentionne\Image5.jpg
[16:10:30] - [3] MIRKO.POZEN: Fichier envoyé: D:\kerberos.htx\mig thoor\uxor, conjux  original\uxor, conjux  redimentionne\Image4.jpg (468,27 K/S -   479 505 bytes)
[16:10:31] - [3] MIRKO.POZEN: Début du Téléchargement de: D:\kerberos.htx\mig thoor\uxor, conjux  original\uxor, conjux  redimentionne\Image6.jpg
[16:10:31] - [2] MIRKO.POZEN: Fichier envoyé: D:\kerberos.htx\mig thoor\uxor, conjux  original\uxor, conjux  redimentionne\Image5.jpg (223,11 K/S -   456 920 bytes)
[16:10:32] - [2] MIRKO.POZEN: Début du Téléchargement de: D:\kerberos.htx\mig thoor\uxor, conjux  original\uxor, conjux  redimentionne\Image7.jpg
[16:10:33] - [3] MIRKO.POZEN: Fichier envoyé: D:\kerberos.htx\mig thoor\uxor, conjux  original\uxor, conjux  redimentionne\Image6.jpg (613,91 K/S -  1 257 286 bytes)
[16:10:33] - [3] MIRKO.POZEN: Début du Téléchargement de: D:\kerberos.htx\mig thoor\uxor, conjux  original\uxor, conjux  redimentionne\Image8.jpg
[16:10:34] - [2] MIRKO.POZEN: Fichier envoyé: D:\kerberos.htx\mig thoor\uxor, conjux  original\uxor, conjux  redimentionne\Image7.jpg (371,50 K/S -   760 829 bytes)
[16:10:34] - [3] MIRKO.POZEN: Fichier envoyé: D:\kerberos.htx\mig thoor\uxor, conjux  original\uxor, conjux  redimentionne\Image8.jpg (426,31 K/S -   873 085 bytes)
[16:10:35] - [2] MIRKO.POZEN: Début du Téléchargement de: D:\kerberos.htx\mig thoor\uxor, conjux  original\uxor, conjux  redimentionne\Image9.jpg
[16:10:35] - [3] MIRKO.POZEN: Début du Téléchargement de: D:\kerberos.htx\mig thoor\uxor, conjux  original\uxor, conjux  redimentionne\Thumbs.db
[16:10:35] - [3] MIRKO.POZEN: Fichier envoyé: D:\kerberos.htx\mig thoor\uxor, conjux  original\uxor, conjux  redimentionne\Thumbs.db (113,00 K/S -   115 712 bytes)
[16:10:35] - [2] MIRKO.POZEN: Fichier envoyé: D:\kerberos.htx\mig thoor\uxor, conjux  original\uxor, conjux  redimentionne\Image9.jpg (407,89 K/S -   417 678 bytes)
[16:10:35] - [3] MIRKO.POZEN: Répertoire en Cours: D:\kerberos.htx\mig thoor\stop.the.war.in the.world\
[16:10:35] - [3] MIRKO.POZEN: Début du Téléchargement de: D:\kerberos.htx\mig thoor\stop.the.war.in the.world\stop the war in the world.jpg
[16:10:35] - [2] MIRKO.POZEN: Répertoire en Cours: D:\kerberos.htx\mig thoor\stop.the.war.in the.world\
[16:10:36] - [2] MIRKO.POZEN: Début du Téléchargement de: D:\kerberos.htx\mig thoor\stop.the.war.in the.world\stop the war in the world1.jpg
[16:10:37] - [2] MIRKO.POZEN: Fichier envoyé: D:\kerberos.htx\mig thoor\stop.the.war.in the.world\stop the war in the world1.jpg (578,53 K/S -   592 412 bytes)
[16:10:37] - [2] MIRKO.POZEN: Début du Téléchargement de: D:\kerberos.htx\mig thoor\stop.the.war.in the.world\stop the war in the world2.jpg
[16:10:37] - [3] MIRKO.POZEN: Fichier envoyé: D:\kerberos.htx\mig thoor\stop.the.war.in the.world\stop the war in the world.jpg (668,17 K/S -   684 201 bytes)
[16:10:37] - [2] MIRKO.POZEN: Fichier envoyé: D:\kerberos.htx\mig thoor\stop.the.war.in the.world\stop the war in the world2.jpg (278,12 K/S -   284 793 bytes)
[16:10:37] - [3] MIRKO.POZEN: Début du Téléchargement de: D:\kerberos.htx\mig thoor\stop.the.war.in the.world\stop the war in the world3.jpg
[16:10:37] - [2] MIRKO.POZEN: Début du Téléchargement de: D:\kerberos.htx\mig thoor\stop.the.war.in the.world\stop the war in the world4.jpg
[16:10:39] - [2] MIRKO.POZEN: Fichier envoyé: D:\kerberos.htx\mig thoor\stop.the.war.in the.world\stop the war in the world4.jpg (315,09 K/S -   645 299 bytes)
[16:10:39] - [2] MIRKO.POZEN: Début du Téléchargement de: D:\kerberos.htx\mig thoor\stop.the.war.in the.world\Thumbs.db
[16:10:40] - [2] MIRKO.POZEN: Fichier envoyé: D:\kerberos.htx\mig thoor\stop.the.war.in the.world\Thumbs.db (30,00 K/S -   30 720 bytes)
[16:10:40] - [2] MIRKO.POZEN: Répertoire en Cours: D:\kerberos.htx\mig thoor\sculpture.art.brut.meccanica.keys\
[16:10:40] - [3] MIRKO.POZEN: Fichier envoyé: D:\kerberos.htx\mig thoor\stop.the.war.in the.world\stop the war in the world3.jpg (434,27 K/S -  1 334 076 bytes)
[16:10:40] - [3] MIRKO.POZEN: Répertoire en Cours: D:\kerberos.htx\mig thoor\sculpture.art.brut.meccanica.keys\
[16:10:40] - [2] MIRKO.POZEN: Début du Téléchargement de: D:\kerberos.htx\mig thoor\sculpture.art.brut.meccanica.keys\sculpture.art.brut.meccanica.keys.jpg
[16:10:40] - [3] MIRKO.POZEN: Début du Téléchargement de: D:\kerberos.htx\mig thoor\sculpture.art.brut.meccanica.keys\sculpture.art.brut.meccanica.keys1.jpg
[16:10:41] - [2] MIRKO.POZEN: Fichier envoyé: D:\kerberos.htx\mig thoor\sculpture.art.brut.meccanica.keys\sculpture.art.brut.meccanica.keys.jpg (489,63 K/S -   501 385 bytes)
[16:10:41] - [3] MIRKO.POZEN: Fichier envoyé: D:\kerberos.htx\mig thoor\sculpture.art.brut.meccanica.keys\sculpture.art.brut.meccanica.keys1.jpg (439,03 K/S -   449 565 bytes)
[16:10:41] - [2] MIRKO.POZEN: Début du Téléchargement de: D:\kerberos.htx\mig thoor\sculpture.art.brut.meccanica.keys\sculpture.art.brut.meccanica.keys2.jpg
[16:10:42] - [3] MIRKO.POZEN: Début du Téléchargement de: D:\kerberos.htx\mig thoor\sculpture.art.brut.meccanica.keys\sculpture.art.brut.meccanica.keys3.jpg
[16:10:42] - [2] MIRKO.POZEN: Fichier envoyé: D:\kerberos.htx\mig thoor\sculpture.art.brut.meccanica.keys\sculpture.art.brut.meccanica.keys2.jpg (344,74 K/S -   353 015 bytes)
[16:10:42] - [2] MIRKO.POZEN: Début du Téléchargement de: D:\kerberos.htx\mig thoor\sculpture.art.brut.meccanica.keys\Thumbs.db
[16:10:42] - [2] MIRKO.POZEN: Fichier envoyé: D:\kerberos.htx\mig thoor\sculpture.art.brut.meccanica.keys\Thumbs.db (23,50 K/S -   24 064 bytes)
[16:10:42] - [2] MIRKO.POZEN: Répertoire en Cours: D:\kerberos.htx\mig thoor\photos.maison.canaries\
[16:10:43] - [3] MIRKO.POZEN: Fichier envoyé: D:\kerberos.htx\mig thoor\sculpture.art.brut.meccanica.keys\sculpture.art.brut.meccanica.keys3.jpg (624,37 K/S -   639 353 bytes)
[16:10:43] - [2] MIRKO.POZEN: Début du Téléchargement de: D:\kerberos.htx\mig thoor\photos.maison.canaries\cuisine.jpg
[16:10:43] - [3] MIRKO.POZEN: Répertoire en Cours: D:\kerberos.htx\mig thoor\photos.maison.canaries\
[16:10:43] - [2] MIRKO.POZEN: Fichier envoyé: D:\kerberos.htx\mig thoor\photos.maison.canaries\cuisine.jpg (172,46 K/S -   176 599 bytes)
[16:10:43] - [3] MIRKO.POZEN: Début du Téléchargement de: D:\kerberos.htx\mig thoor\photos.maison.canaries\maison.cercado.de.espino.2.jpg
[16:10:43] - [2] MIRKO.POZEN: Début du Téléchargement de: D:\kerberos.htx\mig thoor\photos.maison.canaries\maison.cercado.de.espino.jpg
[16:10:43] - [3] MIRKO.POZEN: Fichier envoyé: D:\kerberos.htx\mig thoor\photos.maison.canaries\maison.cercado.de.espino.2.jpg (159,69 K/S -   163 520 bytes)
[16:10:43] - [3] MIRKO.POZEN: Début du Téléchargement de: D:\kerberos.htx\mig thoor\photos.maison.canaries\salle.de.bain.jpg
[16:10:44] - [2] MIRKO.POZEN: Fichier envoyé: D:\kerberos.htx\mig thoor\photos.maison.canaries\maison.cercado.de.espino.jpg (278,56 K/S -   285 244 bytes)
[16:10:44] - [3] MIRKO.POZEN: Fichier envoyé: D:\kerberos.htx\mig thoor\photos.maison.canaries\salle.de.bain.jpg (147,06 K/S -   150 589 bytes)
[16:10:44] - [2] MIRKO.POZEN: Début du Téléchargement de: D:\kerberos.htx\mig thoor\photos.maison.canaries\terrain.1.jpg
[16:10:44] - [3] MIRKO.POZEN: Début du Téléchargement de: D:\kerberos.htx\mig thoor\photos.maison.canaries\terrain.2.jpg
[16:10:44] - [2] MIRKO.POZEN: Fichier envoyé: D:\kerberos.htx\mig thoor\photos.maison.canaries\terrain.1.jpg (256,51 K/S -   262 666 bytes)
[16:10:45] - [3] MIRKO.POZEN: Fichier envoyé: D:\kerberos.htx\mig thoor\photos.maison.canaries\terrain.2.jpg (212,84 K/S -   217 949 bytes)
[16:10:45] - [2] MIRKO.POZEN: Début du Téléchargement de: D:\kerberos.htx\mig thoor\photos.maison.canaries\Thumbs.db
[16:10:45] - [2] MIRKO.POZEN: Fichier envoyé: D:\kerberos.htx\mig thoor\photos.maison.canaries\Thumbs.db (71,50 K/S -   73 216 bytes)
[16:10:45] - [3] MIRKO.POZEN: Début du Téléchargement de: D:\kerberos.htx\mig thoor\photos.maison.canaries\veranda.jpg
[16:10:45] - [2] MIRKO.POZEN: Répertoire en Cours: D:\kerberos.htx\mig thoor\photos.maison.canaries\img.jardin\
[16:10:45] - [3] MIRKO.POZEN: Fichier envoyé: D:\kerberos.htx\mig thoor\photos.maison.canaries\veranda.jpg (158,75 K/S -   162 555 bytes)
[16:10:45] - [2] MIRKO.POZEN: Début du Téléchargement de: D:\kerberos.htx\mig thoor\photos.maison.canaries\img.jardin\SDC14494.jpg
[16:10:45] - [3] MIRKO.POZEN: Répertoire en Cours: D:\kerberos.htx\mig thoor\photos.maison.canaries\img.jardin\
[16:10:45] - [2] MIRKO.POZEN: Fichier envoyé: D:\kerberos.htx\mig thoor\photos.maison.canaries\img.jardin\SDC14494.jpg (81,22 K/S -   83 171 bytes)
[16:10:45] - [3] MIRKO.POZEN: Début du Téléchargement de: D:\kerberos.htx\mig thoor\photos.maison.canaries\img.jardin\SDC14495.jpg
[16:10:45] - [2] MIRKO.POZEN: Début du Téléchargement de: D:\kerberos.htx\mig thoor\photos.maison.canaries\img.jardin\SDC14496.jpg
[16:10:45] - [3] MIRKO.POZEN: Fichier envoyé: D:\kerberos.htx\mig thoor\photos.maison.canaries\img.jardin\SDC14495.jpg (110,90 K/S -   113 563 bytes)
[16:10:46] - [2] MIRKO.POZEN: Fichier envoyé: D:\kerberos.htx\mig thoor\photos.maison.canaries\img.jardin\SDC14496.jpg (109,31 K/S -   111 937 bytes)
[16:10:46] - [2] MIRKO.POZEN: Début du Téléchargement de: D:\kerberos.htx\mig thoor\photos.maison.canaries\img.jardin\SDC14497.jpg
[16:10:46] - [2] MIRKO.POZEN: Fichier envoyé: D:\kerberos.htx\mig thoor\photos.maison.canaries\img.jardin\SDC14497.jpg (104,27 K/S -   106 773 bytes)
[16:10:46] - [2] MIRKO.POZEN: Début du Téléchargement de: D:\kerberos.htx\mig thoor\photos.maison.canaries\img.jardin\SDC14498.jpg
[16:10:46] - [3] MIRKO.POZEN: Début du Téléchargement de: D:\kerberos.htx\mig thoor\photos.maison.canaries\img.jardin\SDC14502.jpg
[16:10:46] - [2] MIRKO.POZEN: Fichier envoyé: D:\kerberos.htx\mig thoor\photos.maison.canaries\img.jardin\SDC14498.jpg (100,83 K/S -   103 248 bytes)
[16:10:46] - [3] MIRKO.POZEN: Fichier envoyé: D:\kerberos.htx\mig thoor\photos.maison.canaries\img.jardin\SDC14502.jpg (89,75 K/S -   91 909 bytes)
[16:10:46] - [2] MIRKO.POZEN: Début du Téléchargement de: D:\kerberos.htx\mig thoor\photos.maison.canaries\img.jardin\SDC14503.jpg
[16:10:46] - [3] MIRKO.POZEN: Début du Téléchargement de: D:\kerberos.htx\mig thoor\photos.maison.canaries\img.jardin\SDC14505.jpg
[16:10:46] - [2] MIRKO.POZEN: Fichier envoyé: D:\kerberos.htx\mig thoor\photos.maison.canaries\img.jardin\SDC14503.jpg (92,33 K/S -   94 545 bytes)
[16:10:47] - [3] MIRKO.POZEN: Fichier envoyé: D:\kerberos.htx\mig thoor\photos.maison.canaries\img.jardin\SDC14505.jpg (90,56 K/S -   92 733 bytes)
[16:10:47] - [3] MIRKO.POZEN: Début du Téléchargement de: D:\kerberos.htx\mig thoor\photos.maison.canaries\img.jardin\SDC14506.jpg
[16:10:47] - [2] MIRKO.POZEN: Début du Téléchargement de: D:\kerberos.htx\mig thoor\photos.maison.canaries\img.jardin\SDC14507.jpg
[16:10:47] - [2] MIRKO.POZEN: Fichier envoyé: D:\kerberos.htx\mig thoor\photos.maison.canaries\img.jardin\SDC14507.jpg (86,17 K/S -   88 238 bytes)
[16:10:47] - [3] MIRKO.POZEN: Fichier envoyé: D:\kerberos.htx\mig thoor\photos.maison.canaries\img.jardin\SDC14506.jpg (105,36 K/S -   107 893 bytes)
[16:10:47] - [3] MIRKO.POZEN: Début du Téléchargement de: D:\kerberos.htx\mig thoor\photos.maison.canaries\img.jardin\SDC14508.jpg
[16:10:47] - [3] MIRKO.POZEN: Fichier envoyé: D:\kerberos.htx\mig thoor\photos.maison.canaries\img.jardin\SDC14508.jpg (90,98 K/S -   93 166 bytes)
[16:10:47] - [3] MIRKO.POZEN: Début du Téléchargement de: D:\kerberos.htx\mig thoor\photos.maison.canaries\img.jardin\SDC14509.jpg
[16:10:47] - [3] MIRKO.POZEN: Fichier envoyé: D:\kerberos.htx\mig thoor\photos.maison.canaries\img.jardin\SDC14509.jpg (88,30 K/S -   90 417 bytes)
[16:10:48] - [3] MIRKO.POZEN: Début du Téléchargement de: D:\kerberos.htx\mig thoor\photos.maison.canaries\img.jardin\SDC14512.jpg
[16:10:48] - [2] MIRKO.POZEN: Début du Téléchargement de: D:\kerberos.htx\mig thoor\photos.maison.canaries\img.jardin\SDC14513.jpg
[16:10:48] - [2] MIRKO.POZEN: Fichier envoyé: D:\kerberos.htx\mig thoor\photos.maison.canaries\img.jardin\SDC14513.jpg (53,62 K/S -   54 908 bytes)
[16:10:48] - [3] MIRKO.POZEN: Fichier envoyé: D:\kerberos.htx\mig thoor\photos.maison.canaries\img.jardin\SDC14512.jpg (86,16 K/S -   88 232 bytes)
[16:10:48] - [3] MIRKO.POZEN: Début du Téléchargement de: D:\kerberos.htx\mig thoor\photos.maison.canaries\img.jardin\SDC14514.jpg
[16:10:48] - [2] MIRKO.POZEN: Début du Téléchargement de: D:\kerberos.htx\mig thoor\photos.maison.canaries\img.jardin\SDC14515.jpg
[16:10:48] - [3] MIRKO.POZEN: Fichier envoyé: D:\kerberos.htx\mig thoor\photos.maison.canaries\img.jardin\SDC14514.jpg (84,30 K/S -   86 320 bytes)
[16:10:48] - [2] MIRKO.POZEN: Fichier envoyé: D:\kerberos.htx\mig thoor\photos.maison.canaries\img.jardin\SDC14515.jpg (101,87 K/S -   104 311 bytes)
[16:10:48] - [3] MIRKO.POZEN: Début du Téléchargement de: D:\kerberos.htx\mig thoor\photos.maison.canaries\img.jardin\SDC14516.jpg
[16:10:48] - [3] MIRKO.POZEN: Fichier envoyé: D:\kerberos.htx\mig thoor\photos.maison.canaries\img.jardin\SDC14516.jpg (70,85 K/S -   72 552 bytes)
[16:10:49] - [2] MIRKO.POZEN: Début du Téléchargement de: D:\kerberos.htx\mig thoor\photos.maison.canaries\img.jardin\SDC14517.jpg
[16:10:49] - [3] MIRKO.POZEN: Début du Téléchargement de: D:\kerberos.htx\mig thoor\photos.maison.canaries\img.jardin\SDC14518.jpg
[16:10:49] - [2] MIRKO.POZEN: Fichier envoyé: D:\kerberos.htx\mig thoor\photos.maison.canaries\img.jardin\SDC14517.jpg (88,24 K/S -   90 355 bytes)
[16:10:49] - [3] MIRKO.POZEN: Fichier envoyé: D:\kerberos.htx\mig thoor\photos.maison.canaries\img.jardin\SDC14518.jpg (100,88 K/S -   103 297 bytes)
[16:10:49] - [2] MIRKO.POZEN: Début du Téléchargement de: D:\kerberos.htx\mig thoor\photos.maison.canaries\img.jardin\SDC14519.jpg
[16:10:49] - [2] MIRKO.POZEN: Fichier envoyé: D:\kerberos.htx\mig thoor\photos.maison.canaries\img.jardin\SDC14519.jpg (69,89 K/S -   71 569 bytes)
[16:10:49] - [3] MIRKO.POZEN: Début du Téléchargement de: D:\kerberos.htx\mig thoor\photos.maison.canaries\img.jardin\SDC14520.jpg
[16:10:49] - [3] MIRKO.POZEN: Fichier envoyé: D:\kerberos.htx\mig thoor\photos.maison.canaries\img.jardin\SDC14520.jpg (73,71 K/S -   75 475 bytes)
[16:10:49] - [2] MIRKO.POZEN: Début du Téléchargement de: D:\kerberos.htx\mig thoor\photos.maison.canaries\img.jardin\SDC14521.jpg
[16:10:49] - [2] MIRKO.POZEN: Fichier envoyé: D:\kerberos.htx\mig thoor\photos.maison.canaries\img.jardin\SDC14521.jpg (78,39 K/S -   80 271 bytes)
[16:10:49] - [3] MIRKO.POZEN: Début du Téléchargement de: D:\kerberos.htx\mig thoor\photos.maison.canaries\img.jardin\SDC14527.jpg
[16:10:50] - [3] MIRKO.POZEN: Fichier envoyé: D:\kerberos.htx\mig thoor\photos.maison.canaries\img.jardin\SDC14527.jpg (95,88 K/S -   98 179 bytes)
[16:10:50] - [2] MIRKO.POZEN: Début du Téléchargement de: D:\kerberos.htx\mig thoor\photos.maison.canaries\img.jardin\SDC14528.jpg
[16:10:50] - [2] MIRKO.POZEN: Fichier envoyé: D:\kerberos.htx\mig thoor\photos.maison.canaries\img.jardin\SDC14528.jpg (73,65 K/S -   75 416 bytes)
[16:10:50] - [3] MIRKO.POZEN: Début du Téléchargement de: D:\kerberos.htx\mig thoor\photos.maison.canaries\img.jardin\SDC14530.jpg
[16:10:50] - [3] MIRKO.POZEN: Fichier envoyé: D:\kerberos.htx\mig thoor\photos.maison.canaries\img.jardin\SDC14530.jpg (94,28 K/S -   96 544 bytes)
[16:10:51] - [2] MIRKO.POZEN: Début du Téléchargement de: D:\kerberos.htx\mig thoor\photos.maison.canaries\img.jardin\SDC14533.jpg
[16:10:51] - [2] MIRKO.POZEN: Fichier envoyé: D:\kerberos.htx\mig thoor\photos.maison.canaries\img.jardin\SDC14533.jpg (111,10 K/S -   113 763 bytes)
[16:10:51] - [3] MIRKO.POZEN: Début du Téléchargement de: D:\kerberos.htx\mig thoor\photos.maison.canaries\img.jardin\SDC14536.jpg
[16:10:51] - [3] MIRKO.POZEN: Fichier envoyé: D:\kerberos.htx\mig thoor\photos.maison.canaries\img.jardin\SDC14536.jpg (97,11 K/S -   99 441 bytes)
[16:10:51] - [2] MIRKO.POZEN: Début du Téléchargement de: D:\kerberos.htx\mig thoor\photos.maison.canaries\img.jardin\SDC14543.jpg
[16:10:51] - [2] MIRKO.POZEN: Fichier envoyé: D:\kerberos.htx\mig thoor\photos.maison.canaries\img.jardin\SDC14543.jpg (109,65 K/S -   112 282 bytes)
[16:10:51] - [3] MIRKO.POZEN: Début du Téléchargement de: D:\kerberos.htx\mig thoor\photos.maison.canaries\img.jardin\SDC14544.jpg
[16:10:51] - [3] MIRKO.POZEN: Fichier envoyé: D:\kerberos.htx\mig thoor\photos.maison.canaries\img.jardin\SDC14544.jpg (81,30 K/S -   83 249 bytes)
[16:10:51] - [2] MIRKO.POZEN: Début du Téléchargement de: D:\kerberos.htx\mig thoor\photos.maison.canaries\img.jardin\SDC14545.jpg
[16:10:51] - [2] MIRKO.POZEN: Fichier envoyé: D:\kerberos.htx\mig thoor\photos.maison.canaries\img.jardin\SDC14545.jpg (73,25 K/S -   75 005 bytes)
[16:10:52] - [3] MIRKO.POZEN: Début du Téléchargement de: D:\kerberos.htx\mig thoor\photos.maison.canaries\img.jardin\SDC14550.jpg
[16:10:52] - [3] MIRKO.POZEN: Fichier envoyé: D:\kerberos.htx\mig thoor\photos.maison.canaries\img.jardin\SDC14550.jpg (92,39 K/S -   94 606 bytes)
[16:10:52] - [2] MIRKO.POZEN: Début du Téléchargement de: D:\kerberos.htx\mig thoor\photos.maison.canaries\img.jardin\SDC14551.jpg
[16:10:52] - [2] MIRKO.POZEN: Fichier envoyé: D:\kerberos.htx\mig thoor\photos.maison.canaries\img.jardin\SDC14551.jpg (92,77 K/S -   94 994 bytes)
[16:10:52] - [3] MIRKO.POZEN: Début du Téléchargement de: D:\kerberos.htx\mig thoor\photos.maison.canaries\img.jardin\SDC14552.jpg
[16:10:52] - [2] MIRKO.POZEN: Début du Téléchargement de: D:\kerberos.htx\mig thoor\photos.maison.canaries\img.jardin\SDC14553.jpg
[16:10:52] - [3] MIRKO.POZEN: Fichier envoyé: D:\kerberos.htx\mig thoor\photos.maison.canaries\img.jardin\SDC14552.jpg (103,62 K/S -   106 103 bytes)
[16:10:52] - [2] MIRKO.POZEN: Fichier envoyé: D:\kerberos.htx\mig thoor\photos.maison.canaries\img.jardin\SDC14553.jpg (57,07 K/S -   58 443 bytes)
[16:10:52] - [3] MIRKO.POZEN: Début du Téléchargement de: D:\kerberos.htx\mig thoor\photos.maison.canaries\img.jardin\SDC14554.jpg
[16:10:52] - [3] MIRKO.POZEN: Fichier envoyé: D:\kerberos.htx\mig thoor\photos.maison.canaries\img.jardin\SDC14554.jpg (56,10 K/S -   57 451 bytes)
[16:10:52] - [2] MIRKO.POZEN: Début du Téléchargement de: D:\kerberos.htx\mig thoor\photos.maison.canaries\img.jardin\SDC14555.jpg
[16:10:52] - [2] MIRKO.POZEN: Fichier envoyé: D:\kerberos.htx\mig thoor\photos.maison.canaries\img.jardin\SDC14555.jpg (54,72 K/S -   56 033 bytes)
[16:10:53] - [3] MIRKO.POZEN: Début du Téléchargement de: D:\kerberos.htx\mig thoor\photos.maison.canaries\img.jardin\SDC14559.jpg
[16:10:53] - [3] MIRKO.POZEN: Fichier envoyé: D:\kerberos.htx\mig thoor\photos.maison.canaries\img.jardin\SDC14559.jpg (57,74 K/S -   59 124 bytes)
[16:10:53] - [2] MIRKO.POZEN: Début du Téléchargement de: D:\kerberos.htx\mig thoor\photos.maison.canaries\img.jardin\Thumbs.db
[16:10:53] - [3] MIRKO.POZEN: Répertoire en Cours: D:\kerberos.htx\mig thoor\lost the car original\
[16:10:53] - [2] MIRKO.POZEN: Fichier envoyé: D:\kerberos.htx\mig thoor\photos.maison.canaries\img.jardin\Thumbs.db (8,50 K/S -   8 704 bytes)
[16:10:53] - [2] MIRKO.POZEN: Répertoire en Cours: D:\kerberos.htx\mig thoor\lost the car original\
[16:10:53] - [3] MIRKO.POZEN: Début du Téléchargement de: D:\kerberos.htx\mig thoor\lost the car original\DSCF7068.JPG
[16:10:53] - [2] MIRKO.POZEN: Début du Téléchargement de: D:\kerberos.htx\mig thoor\lost the car original\DSCF7069.JPG
[16:10:56] - [2] MIRKO.POZEN: Fichier envoyé: D:\kerberos.htx\mig thoor\lost the car original\DSCF7069.JPG (701,27 K/S -  1 436 197 bytes)
[16:10:56] - [2] MIRKO.POZEN: Début du Téléchargement de: D:\kerberos.htx\mig thoor\lost the car original\DSCF7070.JPG
[16:10:57] - [3] MIRKO.POZEN: Fichier envoyé: D:\kerberos.htx\mig thoor\lost the car original\DSCF7068.JPG (258,00 K/S -  1 320 939 bytes)
[16:10:58] - [3] MIRKO.POZEN: Début du Téléchargement de: D:\kerberos.htx\mig thoor\lost the car original\DSCF7071.JPG
[16:11:00] - [2] MIRKO.POZEN: Fichier envoyé: D:\kerberos.htx\mig thoor\lost the car original\DSCF7070.JPG (351,04 K/S -  1 437 845 bytes)
[16:11:00] - [2] MIRKO.POZEN: Début du Téléchargement de: D:\kerberos.htx\mig thoor\lost the car original\DSCF7072.JPG
[16:11:00] - [3] MIRKO.POZEN: Fichier envoyé: D:\kerberos.htx\mig thoor\lost the car original\DSCF7071.JPG (487,32 K/S -  1 497 045 bytes)
[16:11:01] - [3] MIRKO.POZEN: Début du Téléchargement de: D:\kerberos.htx\mig thoor\lost the car original\DSCF7073.JPG
[16:11:03] - [2] MIRKO.POZEN: Fichier envoyé: D:\kerberos.htx\mig thoor\lost the car original\DSCF7072.JPG (471,79 K/S -  1 449 354 bytes)
[16:11:03] - [2] MIRKO.POZEN: Début du Téléchargement de: D:\kerberos.htx\mig thoor\lost the car original\DSCF7074.JPG
[16:11:04] - [3] MIRKO.POZEN: Fichier envoyé: D:\kerberos.htx\mig thoor\lost the car original\DSCF7073.JPG (353,59 K/S -  1 448 319 bytes)
[16:11:04] - [3] MIRKO.POZEN: Début du Téléchargement de: D:\kerberos.htx\mig thoor\lost the car original\DSCF7075.JPG
[16:11:07] - [2] MIRKO.POZEN: Fichier envoyé: D:\kerberos.htx\mig thoor\lost the car original\DSCF7074.JPG (351,85 K/S -  1 441 179 bytes)
[16:11:07] - [2] MIRKO.POZEN: Début du Téléchargement de: D:\kerberos.htx\mig thoor\lost the car original\DSCF7076.JPG
[16:11:07] - [3] MIRKO.POZEN: Fichier envoyé: D:\kerberos.htx\mig thoor\lost the car original\DSCF7075.JPG (431,41 K/S -  1 325 294 bytes)
[16:11:08] - [3] MIRKO.POZEN: Début du Téléchargement de: D:\kerberos.htx\mig thoor\lost the car original\pspbrwse.jbf
[16:11:08] - [3] MIRKO.POZEN: Fichier envoyé: D:\kerberos.htx\mig thoor\lost the car original\pspbrwse.jbf (68,62 K/S -   70 268 bytes)
[16:11:08] - [3] MIRKO.POZEN: Début du Téléchargement de: D:\kerberos.htx\mig thoor\lost the car original\Thumbs.db
[16:11:08] - [3] MIRKO.POZEN: Fichier envoyé: D:\kerberos.htx\mig thoor\lost the car original\Thumbs.db (35,00 K/S -   35 840 bytes)
[16:11:09] - [3] MIRKO.POZEN: Répertoire en Cours: D:\kerberos.htx\mig thoor\lost the car original\lostcart redimentionnee\
[16:11:09] - [2] MIRKO.POZEN: Fichier envoyé: D:\kerberos.htx\mig thoor\lost the car original\DSCF7076.JPG (649,98 K/S -  1 331 168 bytes)
[16:11:09] - [2] MIRKO.POZEN: Répertoire en Cours: D:\kerberos.htx\mig thoor\lost the car original\lostcart redimentionnee\
[16:11:09] - [3] MIRKO.POZEN: Début du Téléchargement de: D:\kerberos.htx\mig thoor\lost the car original\lostcart redimentionnee\Image1.jpg
[16:11:09] - [2] MIRKO.POZEN: Début du Téléchargement de: D:\kerberos.htx\mig thoor\lost the car original\lostcart redimentionnee\Image2.jpg
[16:11:10] - [3] MIRKO.POZEN: Fichier envoyé: D:\kerberos.htx\mig thoor\lost the car original\lostcart redimentionnee\Image1.jpg (402,82 K/S -   412 492 bytes)
[16:11:10] - [3] MIRKO.POZEN: Début du Téléchargement de: D:\kerberos.htx\mig thoor\lost the car original\lostcart redimentionnee\Image3.jpg
[16:11:10] - [2] MIRKO.POZEN: Fichier envoyé: D:\kerberos.htx\mig thoor\lost the car original\lostcart redimentionnee\Image2.jpg (513,42 K/S -   525 738 bytes)
[16:11:10] - [2] MIRKO.POZEN: Début du Téléchargement de: D:\kerberos.htx\mig thoor\lost the car original\lostcart redimentionnee\Image4.jpg
[16:11:11] - [3] MIRKO.POZEN: Fichier envoyé: D:\kerberos.htx\mig thoor\lost the car original\lostcart redimentionnee\Image3.jpg (617,26 K/S -   632 071 bytes)
[16:11:11] - [3] MIRKO.POZEN: Début du Téléchargement de: D:\kerberos.htx\mig thoor\lost the car original\lostcart redimentionnee\Image5.jpg
[16:11:12] - [2] MIRKO.POZEN: Fichier envoyé: D:\kerberos.htx\mig thoor\lost the car original\lostcart redimentionnee\Image4.jpg (376,34 K/S -   385 373 bytes)
[16:11:12] - [2] MIRKO.POZEN: Début du Téléchargement de: D:\kerberos.htx\mig thoor\lost the car original\lostcart redimentionnee\Image6.jpg
[16:11:13] - [3] MIRKO.POZEN: Fichier envoyé: D:\kerberos.htx\mig thoor\lost the car original\lostcart redimentionnee\Image5.jpg (377,67 K/S -   773 478 bytes)
[16:11:13] - [3] MIRKO.POZEN: Début du Téléchargement de: D:\kerberos.htx\mig thoor\lost the car original\lostcart redimentionnee\Image7.jpg
[16:11:13] - [2] MIRKO.POZEN: Fichier envoyé: D:\kerberos.htx\mig thoor\lost the car original\lostcart redimentionnee\Image6.jpg (572,59 K/S -   586 336 bytes)
[16:11:14] - [3] MIRKO.POZEN: Fichier envoyé: D:\kerberos.htx\mig thoor\lost the car original\lostcart redimentionnee\Image7.jpg (434,17 K/S -   444 588 bytes)
[16:11:14] - [2] MIRKO.POZEN: Début du Téléchargement de: D:\kerberos.htx\mig thoor\lost the car original\lostcart redimentionnee\Image8.jpg
[16:11:14] - [3] MIRKO.POZEN: Début du Téléchargement de: D:\kerberos.htx\mig thoor\lost the car original\lostcart redimentionnee\Thumbs.db
[16:11:14] - [3] MIRKO.POZEN: Fichier envoyé: D:\kerberos.htx\mig thoor\lost the car original\lostcart redimentionnee\Thumbs.db (44,50 K/S -   45 568 bytes)
[16:11:15] - [2] MIRKO.POZEN: Fichier envoyé: D:\kerberos.htx\mig thoor\lost the car original\lostcart redimentionnee\Image8.jpg (680,39 K/S -   696 721 bytes)
[16:11:45] - [3] Client 192.168.0.1 Déconnecté (00:02:11 Min)
[16:11:45] - [2] Client 192.168.0.1 Déconnecté (00:02:11 Min)
[19:44:08] - Serveur Démarré
[19:44:08] - FTP Port: 21
[19:47:08] - [1] Connecté à 192.168.0.1. Collecte du Nom d'utilisateur.
[19:47:08] - [1] Usager MIRKO.POZEN Connecté IP: 192.168.0.1
[19:47:08] - [1] MIRKO.POZEN: Répertoire en Cours: D:\kerberos.htx\
[19:47:08] - [1] MIRKO.POZEN: Répertoire en Cours: D:\kerberos.htx\
[19:47:38] - [1] MIRKO.POZEN: Répertoire en Cours: D:\kerberos.htx\gamez1\
[19:47:44] - [1] MIRKO.POZEN: Fichier Renommé: D:\kerberos.htx\gamez1\Legends of Atlantis - Exodus
[19:47:44] - [1] MIRKO.POZEN: Fichier Renommé: D:\kerberos.htx\gamez1\Legends of Atlantis - Exodus -> D:\kerberos.htx\gamez1\Virtual villagers 3 + Crack\Legends of Atlantis - Exodus
[19:47:46] - [1] MIRKO.POZEN: Fichier Renommé: D:\kerberos.htx\gamez1\Legends of Atlantis - Exodus
[19:47:46] - [1] MIRKO.POZEN: Fichier Renommé: D:\kerberos.htx\gamez1\Legends of Atlantis - Exodus -> D:\kerberos.htx\gamez1\The Island Castaway\Legends of Atlantis - Exodus
[19:48:25] - [1] MIRKO.POZEN: Fichier Renommé: D:\kerberos.htx\gamez1\Virtual Villagers 5 New Believers Deluxe ( VF )
[19:48:25] - [1] MIRKO.POZEN: Fichier Renommé: D:\kerberos.htx\gamez1\Virtual Villagers 5 New Believers Deluxe ( VF ) -> D:\kerberos.htx\gamez1\The Island Castaway\Virtual Villagers 5 New Believers Deluxe ( VF )
[19:49:35] - [1] MIRKO.POZEN: Répertoire en Cours: D:\kerberos.htx\gamez1\
[19:49:35] - [1] MIRKO.POZEN: Nouveau Répertoire: D:\kerberos.htx\gamez1\jeu
[19:49:35] - [1] MIRKO.POZEN: Répertoire en Cours: D:\kerberos.htx\gamez1\
[19:49:35] - [1] MIRKO.POZEN: Nouveau Répertoire: D:\kerberos.htx\gamez1\jeu
[19:50:08] - [1] MIRKO.POZEN: Répertoire en Cours: D:\kerberos.htx\gamez1\RollerCoaster Tycoon 2 Triple Thrill Pack\
[19:50:08] - [1] MIRKO.POZEN: Répertoire en Cours: D:\kerberos.htx\gamez1\RollerCoaster Tycoon 2 Triple Thrill Pack\Scenarios\
[19:50:08] - [1] MIRKO.POZEN: Répertoire en Cours: D:\kerberos.htx\gamez1\RollerCoaster Tycoon 2 Triple Thrill Pack\
[19:50:08] - [1] MIRKO.POZEN: Répertoire en Cours: D:\kerberos.htx\gamez1\RollerCoaster Tycoon 2 Triple Thrill Pack\RCT3_PREVIEW\
[19:50:08] - [1] MIRKO.POZEN: Répertoire en Cours: D:\kerberos.htx\gamez1\RollerCoaster Tycoon 2 Triple Thrill Pack\RCT3_PREVIEW\RCT3 Wallpapers\
[19:50:08] - [1] MIRKO.POZEN: Répertoire en Cours: D:\kerberos.htx\gamez1\RollerCoaster Tycoon 2 Triple Thrill Pack\
[19:50:08] - [1] MIRKO.POZEN: Répertoire en Cours: D:\kerberos.htx\gamez1\RollerCoaster Tycoon 2 Triple Thrill Pack\Patch FR + Crack\
[19:50:08] - [1] MIRKO.POZEN: Répertoire en Cours: D:\kerberos.htx\gamez1\RollerCoaster Tycoon 2 Triple Thrill Pack\
[19:50:08] - [1] MIRKO.POZEN: Répertoire en Cours: D:\kerberos.htx\gamez1\RollerCoaster Tycoon 2 Triple Thrill Pack\Manual\
[19:50:08] - [1] MIRKO.POZEN: Répertoire en Cours: D:\kerberos.htx\gamez1\RollerCoaster Tycoon 2 Triple Thrill Pack\
[19:50:09] - [1] MIRKO.POZEN: Répertoire en Cours: D:\kerberos.htx\gamez1\RollerCoaster Tycoon 2 Triple Thrill Pack\DirectX\
[19:50:09] - [1] MIRKO.POZEN: Répertoire en Cours: D:\kerberos.htx\gamez1\RollerCoaster Tycoon 2 Triple Thrill Pack\
[19:50:09] - [1] MIRKO.POZEN: Répertoire en Cours: D:\kerberos.htx\gamez1\RollerCoaster Tycoon 2 Triple Thrill Pack\Autorun\
[19:50:09] - [1] MIRKO.POZEN: Répertoire en Cours: D:\kerberos.htx\gamez1\RollerCoaster Tycoon 2 Triple Thrill Pack\Autorun\Art\
[19:50:09] - [2] Connecté à 192.168.0.1. Collecte du Nom d'utilisateur.
[19:50:09] - [3] Connecté à 192.168.0.1. Collecte du Nom d'utilisateur.
[19:50:09] - [2] Usager MIRKO.POZEN Connecté IP: 192.168.0.1
[19:50:10] - [2] MIRKO.POZEN: Répertoire en Cours: D:\kerberos.htx\
[19:50:10] - [3] Usager MIRKO.POZEN Connecté IP: 192.168.0.1
[19:50:10] - [3] MIRKO.POZEN: Répertoire en Cours: D:\kerberos.htx\
[19:50:10] - [2] MIRKO.POZEN: Répertoire en Cours: D:\kerberos.htx\gamez1\RollerCoaster Tycoon 2 Triple Thrill Pack\
[19:50:10] - [3] MIRKO.POZEN: Répertoire en Cours: D:\kerberos.htx\gamez1\RollerCoaster Tycoon 2 Triple Thrill Pack\
[19:50:10] - [3] MIRKO.POZEN: Début du Téléchargement de: D:\kerberos.htx\gamez1\RollerCoaster Tycoon 2 Triple Thrill Pack\Autorun.inf
[19:50:10] - [2] MIRKO.POZEN: Début du Téléchargement de: D:\kerberos.htx\gamez1\RollerCoaster Tycoon 2 Triple Thrill Pack\Autorun.exe
[19:50:11] - [3] MIRKO.POZEN: Fichier envoyé: D:\kerberos.htx\gamez1\RollerCoaster Tycoon 2 Triple Thrill Pack\Autorun.inf (0,04 K/S -    42 bytes)
[19:50:11] - [3] MIRKO.POZEN: Début du Téléchargement de: D:\kerberos.htx\gamez1\RollerCoaster Tycoon 2 Triple Thrill Pack\data1.cab
[19:50:11] - [2] MIRKO.POZEN: Fichier envoyé: D:\kerberos.htx\gamez1\RollerCoaster Tycoon 2 Triple Thrill Pack\Autorun.exe (156,00 K/S -   159 744 bytes)
[19:50:11] - [2] MIRKO.POZEN: Début du Téléchargement de: D:\kerberos.htx\gamez1\RollerCoaster Tycoon 2 Triple Thrill Pack\data1.hdr
[19:50:12] - [2] MIRKO.POZEN: Fichier envoyé: D:\kerberos.htx\gamez1\RollerCoaster Tycoon 2 Triple Thrill Pack\data1.hdr (251,67 K/S -   257 711 bytes)
[19:50:12] - [2] MIRKO.POZEN: Début du Téléchargement de: D:\kerberos.htx\gamez1\RollerCoaster Tycoon 2 Triple Thrill Pack\data2.cab
[19:50:15] - [3] MIRKO.POZEN: Fichier envoyé: D:\kerberos.htx\gamez1\RollerCoaster Tycoon 2 Triple Thrill Pack\data1.cab (329,46 K/S -  1 349 451 bytes)
[19:50:15] - [3] MIRKO.POZEN: Début du Téléchargement de: D:\kerberos.htx\gamez1\RollerCoaster Tycoon 2 Triple Thrill Pack\engine32.cab
[19:50:16] - [3] MIRKO.POZEN: Fichier envoyé: D:\kerberos.htx\gamez1\RollerCoaster Tycoon 2 Triple Thrill Pack\engine32.cab (204,25 K/S -   418 296 bytes)
[19:50:16] - [1] MIRKO.POZEN: Répertoire en Cours: D:\kerberos.htx\gamez1\
[19:50:17] - [1] MIRKO.POZEN: Répertoire en Cours: D:\kerberos.htx\gamez1\RollerCoaster_Tycoon_3_Premium\
[19:50:17] - [3] MIRKO.POZEN: Début du Téléchargement de: D:\kerberos.htx\gamez1\RollerCoaster Tycoon 2 Triple Thrill Pack\Install_Guide.doc
[19:50:17] - [3] MIRKO.POZEN: Fichier envoyé: D:\kerberos.htx\gamez1\RollerCoaster Tycoon 2 Triple Thrill Pack\Install_Guide.doc (40,50 K/S -   41 472 bytes)
[19:50:17] - [1] MIRKO.POZEN: Répertoire en Cours: D:\kerberos.htx\gamez1\RollerCoaster_Tycoon_3_Premium\Roller Coaster Tycoon 3\
[19:50:17] - [3] MIRKO.POZEN: Début du Téléchargement de: D:\kerberos.htx\gamez1\RollerCoaster Tycoon 2 Triple Thrill Pack\layout.bin
[19:50:17] - [3] MIRKO.POZEN: Fichier envoyé: D:\kerberos.htx\gamez1\RollerCoaster Tycoon 2 Triple Thrill Pack\layout.bin (0,46 K/S -    474 bytes)
[19:50:18] - [1] MIRKO.POZEN: Répertoire en Cours: D:\kerberos.htx\gamez1\RollerCoaster_Tycoon_3_Premium\Roller Coaster Tycoon 3\PlatinumNO-CD\
[19:50:18] - [3] MIRKO.POZEN: Début du Téléchargement de: D:\kerberos.htx\gamez1\RollerCoaster Tycoon 2 Triple Thrill Pack\RCT2.dat
[19:50:36] - [3] MIRKO.POZEN: Fichier envoyé: D:\kerberos.htx\gamez1\RollerCoaster Tycoon 2 Triple Thrill Pack\RCT2.dat (355,34 K/S -  6 913 491 bytes)
[19:50:37] - [3] MIRKO.POZEN: Début du Téléchargement de: D:\kerberos.htx\gamez1\RollerCoaster Tycoon 2 Triple Thrill Pack\rct2.ico
[19:50:37] - [3] MIRKO.POZEN: Fichier envoyé: D:\kerberos.htx\gamez1\RollerCoaster Tycoon 2 Triple Thrill Pack\rct2.ico (2,19 K/S -   2 238 bytes)
[19:50:37] - [3] MIRKO.POZEN: Début du Téléchargement de: D:\kerberos.htx\gamez1\RollerCoaster Tycoon 2 Triple Thrill Pack\rct2ttp.iso
[19:50:56] - [1] MIRKO.POZEN: Répertoire en Cours: D:\kerberos.htx\gamez1\
[19:50:56] - [1] MIRKO.POZEN: Répertoire en Cours: D:\kerberos.htx\gamez1\Supercow\
[19:50:57] - [1] MIRKO.POZEN: Répertoire en Cours: D:\kerberos.htx\gamez1\Supercow\pics\
[19:50:58] - [1] MIRKO.POZEN: Répertoire en Cours: D:\kerberos.htx\gamez1\Supercow\
[19:50:58] - [1] MIRKO.POZEN: Répertoire en Cours: D:\kerberos.htx\gamez1\Supercow\data\
[19:50:59] - [1] MIRKO.POZEN: Répertoire en Cours: D:\kerberos.htx\gamez1\Supercow\data\ui\
[19:50:59] - [1] MIRKO.POZEN: Répertoire en Cours: D:\kerberos.htx\gamez1\Supercow\data\
[19:51:00] - [1] MIRKO.POZEN: Répertoire en Cours: D:\kerberos.htx\gamez1\Supercow\data\txt\
[19:51:03] - [1] MIRKO.POZEN: Répertoire en Cours: D:\kerberos.htx\gamez1\Supercow\data\txt\us\
[19:51:04] - [1] MIRKO.POZEN: Répertoire en Cours: D:\kerberos.htx\gamez1\Supercow\data\
[19:51:04] - [1] MIRKO.POZEN: Répertoire en Cours: D:\kerberos.htx\gamez1\Supercow\data\trophies\
[19:51:05] - [1] MIRKO.POZEN: Répertoire en Cours: D:\kerberos.htx\gamez1\Supercow\data\
[19:51:05] - [1] MIRKO.POZEN: Répertoire en Cours: D:\kerberos.htx\gamez1\Supercow\data\sprites\
[19:51:06] - [1] MIRKO.POZEN: Répertoire en Cours: D:\kerberos.htx\gamez1\Supercow\data\sprites\Night\
[19:51:06] - [1] MIRKO.POZEN: Répertoire en Cours: D:\kerberos.htx\gamez1\Supercow\data\
[19:51:06] - [1] MIRKO.POZEN: Répertoire en Cours: D:\kerberos.htx\gamez1\Supercow\data\pers\
[19:51:10] - [1] MIRKO.POZEN: Répertoire en Cours: D:\kerberos.htx\gamez1\Supercow\data\
[19:51:10] - [1] MIRKO.POZEN: Répertoire en Cours: D:\kerberos.htx\gamez1\Supercow\data\levels\
[19:51:11] - [1] MIRKO.POZEN: Répertoire en Cours: D:\kerberos.htx\gamez1\Supercow\data\levels\9\
[19:51:11] - [1] MIRKO.POZEN: Répertoire en Cours: D:\kerberos.htx\gamez1\Supercow\data\levels\
[19:51:12] - [1] MIRKO.POZEN: Répertoire en Cours: D:\kerberos.htx\gamez1\Supercow\data\levels\8\
[19:51:12] - [1] MIRKO.POZEN: Répertoire en Cours: D:\kerberos.htx\gamez1\Supercow\data\levels\
[19:51:13] - [1] MIRKO.POZEN: Répertoire en Cours: D:\kerberos.htx\gamez1\Supercow\data\levels\7\
[19:51:13] - [1] MIRKO.POZEN: Répertoire en Cours: D:\kerberos.htx\gamez1\Supercow\data\levels\
[19:51:13] - [1] MIRKO.POZEN: Répertoire en Cours: D:\kerberos.htx\gamez1\Supercow\data\levels\6\
[19:51:14] - [1] MIRKO.POZEN: Répertoire en Cours: D:\kerberos.htx\gamez1\Supercow\data\levels\
[19:51:14] - [1] MIRKO.POZEN: Répertoire en Cours: D:\kerberos.htx\gamez1\Supercow\data\levels\5\
[19:51:15] - [1] MIRKO.POZEN: Répertoire en Cours: D:\kerberos.htx\gamez1\Supercow\data\levels\
[19:51:15] - [1] MIRKO.POZEN: Répertoire en Cours: D:\kerberos.htx\gamez1\Supercow\data\levels\4\
[19:51:16] - [1] MIRKO.POZEN: Répertoire en Cours: D:\kerberos.htx\gamez1\Supercow\data\levels\
[19:51:16] - [1] MIRKO.POZEN: Répertoire en Cours: D:\kerberos.htx\gamez1\Supercow\data\levels\3\
[19:51:19] - [1] MIRKO.POZEN: Répertoire en Cours: D:\kerberos.htx\gamez1\Supercow\data\levels\
[19:51:20] - [1] MIRKO.POZEN: Répertoire en Cours: D:\kerberos.htx\gamez1\Supercow\data\levels\2\
[19:51:20] - [1] MIRKO.POZEN: Répertoire en Cours: D:\kerberos.htx\gamez1\Supercow\data\levels\
[19:51:20] - [1] MIRKO.POZEN: Répertoire en Cours: D:\kerberos.htx\gamez1\Supercow\data\levels\12\
[19:51:21] - [1] MIRKO.POZEN: Répertoire en Cours: D:\kerberos.htx\gamez1\Supercow\data\levels\
[19:51:21] - [1] MIRKO.POZEN: Répertoire en Cours: D:\kerberos.htx\gamez1\Supercow\data\levels\11\
[19:51:22] - [1] MIRKO.POZEN: Répertoire en Cours: D:\kerberos.htx\gamez1\Supercow\data\levels\
[19:51:22] - [1] MIRKO.POZEN: Répertoire en Cours: D:\kerberos.htx\gamez1\Supercow\data\levels\10\
[19:51:26] - [1] MIRKO.POZEN: Répertoire en Cours: D:\kerberos.htx\gamez1\Supercow\data\levels\
[19:51:26] - [1] MIRKO.POZEN: Répertoire en Cours: D:\kerberos.htx\gamez1\Supercow\data\levels\1\
[19:51:26] - [1] MIRKO.POZEN: Répertoire en Cours: D:\kerberos.htx\gamez1\Supercow\data\
[19:51:27] - [1] MIRKO.POZEN: Répertoire en Cours: D:\kerberos.htx\gamez1\Supercow\data\levelobjs\
[19:51:28] - [1] MIRKO.POZEN: Répertoire en Cours: D:\kerberos.htx\gamez1\Supercow\data\
[19:51:28] - [1] MIRKO.POZEN: Répertoire en Cours: D:\kerberos.htx\gamez1\Supercow\data\levelbacks\
[19:51:28] - [1] MIRKO.POZEN: Répertoire en Cours: D:\kerberos.htx\gamez1\Supercow\data\
[19:51:29] - [1] MIRKO.POZEN: Répertoire en Cours: D:\kerberos.htx\gamez1\Supercow\data\geomobjs\
[19:51:29] - [1] MIRKO.POZEN: Répertoire en Cours: D:\kerberos.htx\gamez1\Supercow\data\
[19:51:30] - [1] MIRKO.POZEN: Répertoire en Cours: D:\kerberos.htx\gamez1\Supercow\data\gamemap\
[19:51:31] - [1] MIRKO.POZEN: Répertoire en Cours: D:\kerberos.htx\gamez1\Supercow\data\
[19:51:31] - [1] MIRKO.POZEN: Répertoire en Cours: D:\kerberos.htx\gamez1\Supercow\data\comics\
[19:51:31] - [1] MIRKO.POZEN: Répertoire en Cours: D:\kerberos.htx\gamez1\Supercow\data\
[19:51:31] - [1] MIRKO.POZEN: Répertoire en Cours: D:\kerberos.htx\gamez1\Supercow\data\characters\
[19:51:32] - [1] MIRKO.POZEN: Répertoire en Cours: D:\kerberos.htx\gamez1\Supercow\data\
[19:51:32] - [1] MIRKO.POZEN: Répertoire en Cours: D:\kerberos.htx\gamez1\Supercow\data\audio\
[19:51:32] - [1] MIRKO.POZEN: Répertoire en Cours: D:\kerberos.htx\gamez1\Supercow\data\audio\voices_us\
[19:51:33] - [1] MIRKO.POZEN: Répertoire en Cours: D:\kerberos.htx\gamez1\Supercow\data\audio\
[19:51:33] - [1] MIRKO.POZEN: Répertoire en Cours: D:\kerberos.htx\gamez1\Supercow\data\audio\sounds\
[19:51:34] - [1] MIRKO.POZEN: Répertoire en Cours: D:\kerberos.htx\gamez1\Supercow\data\audio\
[19:51:34] - [1] MIRKO.POZEN: Répertoire en Cours: D:\kerberos.htx\gamez1\Supercow\data\audio\music\
[19:51:35] - [1] MIRKO.POZEN: Répertoire en Cours: D:\kerberos.htx\gamez1\Supercow\data\
[19:51:35] - [1] MIRKO.POZEN: Répertoire en Cours: D:\kerberos.htx\gamez1\Supercow\data\animbacks\
[19:52:33] - [1] MIRKO.POZEN: Répertoire en Cours: D:\kerberos.htx\gamez1\
[19:52:33] - [1] MIRKO.POZEN: Répertoire en Cours: D:\kerberos.htx\gamez1\The island - Castaway 2 -RD09\
[19:52:33] - [1] MIRKO.POZEN: Répertoire en Cours: D:\kerberos.htx\gamez1\The island - Castaway 2 -RD09\ExternalIntro\
[19:52:34] - [1] MIRKO.POZEN: Répertoire en Cours: D:\kerberos.htx\gamez1\The island - Castaway 2 -RD09\
[19:52:34] - [1] MIRKO.POZEN: Répertoire en Cours: D:\kerberos.htx\gamez1\The island - Castaway 2 -RD09\DebugLogs\
[19:52:35] - [1] MIRKO.POZEN: Répertoire en Cours: D:\kerberos.htx\gamez1\The island - Castaway 2 -RD09\DebugLogs\Zip\
[20:11:32] - [2] MIRKO.POZEN: Fichier envoyé: D:\kerberos.htx\gamez1\RollerCoaster Tycoon 2 Triple Thrill Pack\data2.cab (416,74 K/S -  546 234 248 bytes)
[20:11:32] - [2] MIRKO.POZEN: Début du Téléchargement de: D:\kerberos.htx\gamez1\RollerCoaster Tycoon 2 Triple Thrill Pack\Readme.txt
[20:11:32] - [2] MIRKO.POZEN: Fichier envoyé: D:\kerberos.htx\gamez1\RollerCoaster Tycoon 2 Triple Thrill Pack\Readme.txt (20,59 K/S -   21 083 bytes)
[20:11:33] - [2] MIRKO.POZEN: Début du Téléchargement de: D:\kerberos.htx\gamez1\RollerCoaster Tycoon 2 Triple Thrill Pack\Rtc2.nfo
[20:11:33] - [2] MIRKO.POZEN: Fichier envoyé: D:\kerberos.htx\gamez1\RollerCoaster Tycoon 2 Triple Thrill Pack\Rtc2.nfo (1,13 K/S -   1 153 bytes)
[20:11:33] - [2] MIRKO.POZEN: Début du Téléchargement de: D:\kerberos.htx\gamez1\RollerCoaster Tycoon 2 Triple Thrill Pack\setup.bmp
[20:11:34] - [2] MIRKO.POZEN: Fichier envoyé: D:\kerberos.htx\gamez1\RollerCoaster Tycoon 2 Triple Thrill Pack\setup.bmp (191,19 K/S -   391 556 bytes)
[20:11:35] - [2] MIRKO.POZEN: Début du Téléchargement de: D:\kerberos.htx\gamez1\RollerCoaster Tycoon 2 Triple Thrill Pack\setup.boot
[20:11:37] - [2] MIRKO.POZEN: Fichier envoyé: D:\kerberos.htx\gamez1\RollerCoaster Tycoon 2 Triple Thrill Pack\setup.boot (167,10 K/S -   342 212 bytes)
[20:11:37] - [2] MIRKO.POZEN: Début du Téléchargement de: D:\kerberos.htx\gamez1\RollerCoaster Tycoon 2 Triple Thrill Pack\setup.exe
[20:11:37] - [2] MIRKO.POZEN: Fichier envoyé: D:\kerberos.htx\gamez1\RollerCoaster Tycoon 2 Triple Thrill Pack\setup.exe (104,99 K/S -   107 512 bytes)
[20:11:38] - [2] MIRKO.POZEN: Début du Téléchargement de: D:\kerberos.htx\gamez1\RollerCoaster Tycoon 2 Triple Thrill Pack\setup.ini
[20:11:38] - [2] MIRKO.POZEN: Fichier envoyé: D:\kerberos.htx\gamez1\RollerCoaster Tycoon 2 Triple Thrill Pack\setup.ini (0,41 K/S -    415 bytes)
[20:11:38] - [2] MIRKO.POZEN: Début du Téléchargement de: D:\kerberos.htx\gamez1\RollerCoaster Tycoon 2 Triple Thrill Pack\setup.inx
[20:11:39] - [2] MIRKO.POZEN: Fichier envoyé: D:\kerberos.htx\gamez1\RollerCoaster Tycoon 2 Triple Thrill Pack\setup.inx (182,87 K/S -   187 260 bytes)
[20:11:39] - [2] MIRKO.POZEN: Répertoire en Cours: D:\kerberos.htx\gamez1\RollerCoaster Tycoon 2 Triple Thrill Pack\Scenarios\
[20:11:39] - [2] MIRKO.POZEN: Début du Téléchargement de: D:\kerberos.htx\gamez1\RollerCoaster Tycoon 2 Triple Thrill Pack\Scenarios\Build your own Six Flags Park.SC6
[20:11:39] - [2] MIRKO.POZEN: Fichier envoyé: D:\kerberos.htx\gamez1\RollerCoaster Tycoon 2 Triple Thrill Pack\Scenarios\Build your own Six Flags Park.SC6 (331,73 K/S -   339 695 bytes)
[20:11:39] - [2] MIRKO.POZEN: Début du Téléchargement de: D:\kerberos.htx\gamez1\RollerCoaster Tycoon 2 Triple Thrill Pack\Scenarios\Six Flags Magic Mountain.SC6
[20:11:44] - [2] MIRKO.POZEN: Fichier envoyé: D:\kerberos.htx\gamez1\RollerCoaster Tycoon 2 Triple Thrill Pack\Scenarios\Six Flags Magic Mountain.SC6 (282,93 K/S -  1 448 614 bytes)
[20:11:44] - [2] MIRKO.POZEN: Répertoire en Cours: D:\kerberos.htx\gamez1\RollerCoaster Tycoon 2 Triple Thrill Pack\RCT3_PREVIEW\
[20:11:44] - [2] MIRKO.POZEN: Début du Téléchargement de: D:\kerberos.htx\gamez1\RollerCoaster Tycoon 2 Triple Thrill Pack\RCT3_PREVIEW\RCT3_Preview_READ_ME.TXT
[20:11:44] - [2] MIRKO.POZEN: Fichier envoyé: D:\kerberos.htx\gamez1\RollerCoaster Tycoon 2 Triple Thrill Pack\RCT3_PREVIEW\RCT3_Preview_READ_ME.TXT (0,69 K/S -    705 bytes)
[20:11:44] - [2] MIRKO.POZEN: Début du Téléchargement de: D:\kerberos.htx\gamez1\RollerCoaster Tycoon 2 Triple Thrill Pack\RCT3_PREVIEW\RCT3_Preview_Trailer.wmv
[20:12:34] - [2] MIRKO.POZEN: Fichier envoyé: D:\kerberos.htx\gamez1\RollerCoaster Tycoon 2 Triple Thrill Pack\RCT3_PREVIEW\RCT3_Preview_Trailer.wmv (413,03 K/S -  21 147 100 bytes)
[20:12:34] - [2] MIRKO.POZEN: Début du Téléchargement de: D:\kerberos.htx\gamez1\RollerCoaster Tycoon 2 Triple Thrill Pack\RCT3_PREVIEW\Thumbs.db
[20:12:34] - [2] MIRKO.POZEN: Fichier envoyé: D:\kerberos.htx\gamez1\RollerCoaster Tycoon 2 Triple Thrill Pack\RCT3_PREVIEW\Thumbs.db (3,00 K/S -   3 072 bytes)
[20:12:34] - [2] MIRKO.POZEN: Répertoire en Cours: D:\kerberos.htx\gamez1\RollerCoaster Tycoon 2 Triple Thrill Pack\RCT3_PREVIEW\RCT3 Wallpapers\
[20:12:34] - [2] MIRKO.POZEN: Début du Téléchargement de: D:\kerberos.htx\gamez1\RollerCoaster Tycoon 2 Triple Thrill Pack\RCT3_PREVIEW\RCT3 Wallpapers\rct3 wallpaper1 1024x768.jpg
[20:12:34] - [2] MIRKO.POZEN: Fichier envoyé: D:\kerberos.htx\gamez1\RollerCoaster Tycoon 2 Triple Thrill Pack\RCT3_PREVIEW\RCT3 Wallpapers\rct3 wallpaper1 1024x768.jpg (86,23 K/S -   88 302 bytes)
[20:12:35] - [2] MIRKO.POZEN: Début du Téléchargement de: D:\kerberos.htx\gamez1\RollerCoaster Tycoon 2 Triple Thrill Pack\RCT3_PREVIEW\RCT3 Wallpapers\rct3 wallpaper1 1280x960.jpg
[20:12:35] - [2] MIRKO.POZEN: Fichier envoyé: D:\kerberos.htx\gamez1\RollerCoaster Tycoon 2 Triple Thrill Pack\RCT3_PREVIEW\RCT3 Wallpapers\rct3 wallpaper1 1280x960.jpg (116,64 K/S -   119 441 bytes)
[20:12:36] - [2] MIRKO.POZEN: Début du Téléchargement de: D:\kerberos.htx\gamez1\RollerCoaster Tycoon 2 Triple Thrill Pack\RCT3_PREVIEW\RCT3 Wallpapers\rct3 wallpaper1 1600x1200.jpg
[20:12:36] - [2] MIRKO.POZEN: Fichier envoyé: D:\kerberos.htx\gamez1\RollerCoaster Tycoon 2 Triple Thrill Pack\RCT3_PREVIEW\RCT3 Wallpapers\rct3 wallpaper1 1600x1200.jpg (160,23 K/S -   164 073 bytes)
[20:12:36] - [2] MIRKO.POZEN: Début du Téléchargement de: D:\kerberos.htx\gamez1\RollerCoaster Tycoon 2 Triple Thrill Pack\RCT3_PREVIEW\RCT3 Wallpapers\rct3 wallpaper1 800x600.jpg
[20:12:36] - [2] MIRKO.POZEN: Fichier envoyé: D:\kerberos.htx\gamez1\RollerCoaster Tycoon 2 Triple Thrill Pack\RCT3_PREVIEW\RCT3 Wallpapers\rct3 wallpaper1 800x600.jpg (62,50 K/S -   64 001 bytes)
[20:12:37] - [2] MIRKO.POZEN: Début du Téléchargement de: D:\kerberos.htx\gamez1\RollerCoaster Tycoon 2 Triple Thrill Pack\RCT3_PREVIEW\RCT3 Wallpapers\rct3 wallpaper2 1024x768.jpg
[20:12:37] - [2] MIRKO.POZEN: Fichier envoyé: D:\kerberos.htx\gamez1\RollerCoaster Tycoon 2 Triple Thrill Pack\RCT3_PREVIEW\RCT3 Wallpapers\rct3 wallpaper2 1024x768.jpg (129,03 K/S -   132 130 bytes)
[20:12:38] - [2] MIRKO.POZEN: Début du Téléchargement de: D:\kerberos.htx\gamez1\RollerCoaster Tycoon 2 Triple Thrill Pack\RCT3_PREVIEW\RCT3 Wallpapers\rct3 wallpaper2 1280x960.jpg
[20:12:39] - [2] MIRKO.POZEN: Fichier envoyé: D:\kerberos.htx\gamez1\RollerCoaster Tycoon 2 Triple Thrill Pack\RCT3_PREVIEW\RCT3 Wallpapers\rct3 wallpaper2 1280x960.jpg (179,58 K/S -   183 895 bytes)
[20:12:39] - [2] MIRKO.POZEN: Début du Téléchargement de: D:\kerberos.htx\gamez1\RollerCoaster Tycoon 2 Triple Thrill Pack\RCT3_PREVIEW\RCT3 Wallpapers\rct3 wallpaper2 1600x1200.jpg
[20:12:40] - [2] MIRKO.POZEN: Fichier envoyé: D:\kerberos.htx\gamez1\RollerCoaster Tycoon 2 Triple Thrill Pack\RCT3_PREVIEW\RCT3 Wallpapers\rct3 wallpaper2 1600x1200.jpg (127,06 K/S -   260 217 bytes)
[20:12:41] - [2] MIRKO.POZEN: Début du Téléchargement de: D:\kerberos.htx\gamez1\RollerCoaster Tycoon 2 Triple Thrill Pack\RCT3_PREVIEW\RCT3 Wallpapers\rct3 wallpaper2 800x600.jpg
[20:12:41] - [2] MIRKO.POZEN: Fichier envoyé: D:\kerberos.htx\gamez1\RollerCoaster Tycoon 2 Triple Thrill Pack\RCT3_PREVIEW\RCT3 Wallpapers\rct3 wallpaper2 800x600.jpg (91,21 K/S -   93 399 bytes)
[20:12:42] - [2] MIRKO.POZEN: Début du Téléchargement de: D:\kerberos.htx\gamez1\RollerCoaster Tycoon 2 Triple Thrill Pack\RCT3_PREVIEW\RCT3 Wallpapers\rct3 wallpaper3 1024x768.jpg
[20:12:42] - [2] MIRKO.POZEN: Fichier envoyé: D:\kerberos.htx\gamez1\RollerCoaster Tycoon 2 Triple Thrill Pack\RCT3_PREVIEW\RCT3 Wallpapers\rct3 wallpaper3 1024x768.jpg (102,03 K/S -   104 475 bytes)
[20:12:42] - [2] MIRKO.POZEN: Début du Téléchargement de: D:\kerberos.htx\gamez1\RollerCoaster Tycoon 2 Triple Thrill Pack\RCT3_PREVIEW\RCT3 Wallpapers\rct3 wallpaper3 1280x960.jpg
[20:12:42] - [2] MIRKO.POZEN: Fichier envoyé: D:\kerberos.htx\gamez1\RollerCoaster Tycoon 2 Triple Thrill Pack\RCT3_PREVIEW\RCT3 Wallpapers\rct3 wallpaper3 1280x960.jpg (142,29 K/S -   145 702 bytes)
[20:12:43] - [2] MIRKO.POZEN: Début du Téléchargement de: D:\kerberos.htx\gamez1\RollerCoaster Tycoon 2 Triple Thrill Pack\RCT3_PREVIEW\RCT3 Wallpapers\rct3 wallpaper3 1600x1200.jpg
[20:12:43] - [2] MIRKO.POZEN: Fichier envoyé: D:\kerberos.htx\gamez1\RollerCoaster Tycoon 2 Triple Thrill Pack\RCT3_PREVIEW\RCT3 Wallpapers\rct3 wallpaper3 1600x1200.jpg (200,76 K/S -   205 574 bytes)
[20:12:44] - [2] MIRKO.POZEN: Début du Téléchargement de: D:\kerberos.htx\gamez1\RollerCoaster Tycoon 2 Triple Thrill Pack\RCT3_PREVIEW\RCT3 Wallpapers\rct3 wallpaper3 800x600.jpg
[20:12:44] - [2] MIRKO.POZEN: Fichier envoyé: D:\kerberos.htx\gamez1\RollerCoaster Tycoon 2 Triple Thrill Pack\RCT3_PREVIEW\RCT3 Wallpapers\rct3 wallpaper3 800x600.jpg (71,58 K/S -   73 303 bytes)
[20:12:44] - [2] MIRKO.POZEN: Début du Téléchargement de: D:\kerberos.htx\gamez1\RollerCoaster Tycoon 2 Triple Thrill Pack\RCT3_PREVIEW\RCT3 Wallpapers\rct3 wallpaper4 1024x768.jpg
[20:12:44] - [2] MIRKO.POZEN: Fichier envoyé: D:\kerberos.htx\gamez1\RollerCoaster Tycoon 2 Triple Thrill Pack\RCT3_PREVIEW\RCT3 Wallpapers\rct3 wallpaper4 1024x768.jpg (114,48 K/S -   117 223 bytes)
[20:12:45] - [2] MIRKO.POZEN: Début du Téléchargement de: D:\kerberos.htx\gamez1\RollerCoaster Tycoon 2 Triple Thrill Pack\RCT3_PREVIEW\RCT3 Wallpapers\rct3 wallpaper4 1280x960.jpg
[20:12:46] - [2] MIRKO.POZEN: Fichier envoyé: D:\kerberos.htx\gamez1\RollerCoaster Tycoon 2 Triple Thrill Pack\RCT3_PREVIEW\RCT3 Wallpapers\rct3 wallpaper4 1280x960.jpg (152,79 K/S -   156 462 bytes)
[20:12:46] - [2] MIRKO.POZEN: Début du Téléchargement de: D:\kerberos.htx\gamez1\RollerCoaster Tycoon 2 Triple Thrill Pack\RCT3_PREVIEW\RCT3 Wallpapers\rct3 wallpaper4 1600x1200.jpg
[20:12:47] - [2] MIRKO.POZEN: Fichier envoyé: D:\kerberos.htx\gamez1\RollerCoaster Tycoon 2 Triple Thrill Pack\RCT3_PREVIEW\RCT3 Wallpapers\rct3 wallpaper4 1600x1200.jpg (205,39 K/S -   210 318 bytes)
[20:12:47] - [2] MIRKO.POZEN: Début du Téléchargement de: D:\kerberos.htx\gamez1\RollerCoaster Tycoon 2 Triple Thrill Pack\RCT3_PREVIEW\RCT3 Wallpapers\rct3 wallpaper4 800x600.jpg
[20:12:47] - [2] MIRKO.POZEN: Fichier envoyé: D:\kerberos.htx\gamez1\RollerCoaster Tycoon 2 Triple Thrill Pack\RCT3_PREVIEW\RCT3 Wallpapers\rct3 wallpaper4 800x600.jpg (81,90 K/S -   83 866 bytes)
[20:12:48] - [2] MIRKO.POZEN: Début du Téléchargement de: D:\kerberos.htx\gamez1\RollerCoaster Tycoon 2 Triple Thrill Pack\RCT3_PREVIEW\RCT3 Wallpapers\Thumbs.db
[20:12:48] - [2] MIRKO.POZEN: Fichier envoyé: D:\kerberos.htx\gamez1\RollerCoaster Tycoon 2 Triple Thrill Pack\RCT3_PREVIEW\RCT3 Wallpapers\Thumbs.db (62,50 K/S -   64 000 bytes)
[20:12:48] - [2] MIRKO.POZEN: Répertoire en Cours: D:\kerberos.htx\gamez1\RollerCoaster Tycoon 2 Triple Thrill Pack\Patch FR + Crack\
[20:12:48] - [2] MIRKO.POZEN: Début du Téléchargement de: D:\kerberos.htx\gamez1\RollerCoaster Tycoon 2 Triple Thrill Pack\Patch FR + Crack\rct2.exe
[20:13:04] - [2] MIRKO.POZEN: Fichier envoyé: D:\kerberos.htx\gamez1\RollerCoaster Tycoon 2 Triple Thrill Pack\Patch FR + Crack\rct2.exe (441,77 K/S -  6 785 536 bytes)
[20:13:04] - [2] MIRKO.POZEN: Début du Téléchargement de: D:\kerberos.htx\gamez1\RollerCoaster Tycoon 2 Triple Thrill Pack\Patch FR + Crack\RegSetup.exe
[20:13:04] - [2] MIRKO.POZEN: Fichier envoyé: D:\kerberos.htx\gamez1\RollerCoaster Tycoon 2 Triple Thrill Pack\Patch FR + Crack\RegSetup.exe (40,57 K/S -   41 548 bytes)
[20:13:04] - [2] MIRKO.POZEN: Répertoire en Cours: D:\kerberos.htx\gamez1\RollerCoaster Tycoon 2 Triple Thrill Pack\Manual\
[20:13:05] - [2] MIRKO.POZEN: Début du Téléchargement de: D:\kerberos.htx\gamez1\RollerCoaster Tycoon 2 Triple Thrill Pack\Manual\RCT2TTP_MANUAL_ENU.PDF
[20:13:20] - [2] MIRKO.POZEN: Fichier envoyé: D:\kerberos.htx\gamez1\RollerCoaster Tycoon 2 Triple Thrill Pack\Manual\RCT2TTP_MANUAL_ENU.PDF (487,45 K/S -  7 487 209 bytes)
[20:13:20] - [2] MIRKO.POZEN: Répertoire en Cours: D:\kerberos.htx\gamez1\RollerCoaster Tycoon 2 Triple Thrill Pack\DirectX\
[20:13:20] - [2] MIRKO.POZEN: Début du Téléchargement de: D:\kerberos.htx\gamez1\RollerCoaster Tycoon 2 Triple Thrill Pack\DirectX\BDA.cab
[20:13:22] - [2] MIRKO.POZEN: Fichier envoyé: D:\kerberos.htx\gamez1\RollerCoaster Tycoon 2 Triple Thrill Pack\DirectX\BDA.cab (274,51 K/S -   562 193 bytes)
[20:13:22] - [2] MIRKO.POZEN: Début du Téléchargement de: D:\kerberos.htx\gamez1\RollerCoaster Tycoon 2 Triple Thrill Pack\DirectX\BDANT.cab
[20:13:23] - [2] MIRKO.POZEN: Fichier envoyé: D:\kerberos.htx\gamez1\RollerCoaster Tycoon 2 Triple Thrill Pack\DirectX\BDANT.cab (549,36 K/S -   562 548 bytes)
[20:13:23] - [2] MIRKO.POZEN: Début du Téléchargement de: D:\kerberos.htx\gamez1\RollerCoaster Tycoon 2 Triple Thrill Pack\DirectX\cfgmgr32.dll
[20:13:24] - [2] MIRKO.POZEN: Fichier envoyé: D:\kerberos.htx\gamez1\RollerCoaster Tycoon 2 Triple Thrill Pack\DirectX\cfgmgr32.dll (41,00 K/S -   41 984 bytes)
[20:13:24] - [2] MIRKO.POZEN: Début du Téléchargement de: D:\kerberos.htx\gamez1\RollerCoaster Tycoon 2 Triple Thrill Pack\DirectX\DirectX.cab
[20:13:51] - [2] MIRKO.POZEN: Fichier envoyé: D:\kerberos.htx\gamez1\RollerCoaster Tycoon 2 Triple Thrill Pack\DirectX\DirectX.cab (520,20 K/S -  14 382 402 bytes)
[20:13:51] - [2] MIRKO.POZEN: Début du Téléchargement de: D:\kerberos.htx\gamez1\RollerCoaster Tycoon 2 Triple Thrill Pack\DirectX\DSETUP.dll
[20:13:52] - [2] MIRKO.POZEN: Fichier envoyé: D:\kerberos.htx\gamez1\RollerCoaster Tycoon 2 Triple Thrill Pack\DirectX\DSETUP.dll (34,50 K/S -   35 328 bytes)
[20:13:52] - [2] MIRKO.POZEN: Début du Téléchargement de: D:\kerberos.htx\gamez1\RollerCoaster Tycoon 2 Triple Thrill Pack\DirectX\dsetup32.dll
[20:13:56] - [2] MIRKO.POZEN: Fichier envoyé: D:\kerberos.htx\gamez1\RollerCoaster Tycoon 2 Triple Thrill Pack\DirectX\dsetup32.dll (464,13 K/S -  1 901 056 bytes)
[20:13:56] - [2] MIRKO.POZEN: Début du Téléchargement de: D:\kerberos.htx\gamez1\RollerCoaster Tycoon 2 Triple Thrill Pack\DirectX\dxnt.cab
[20:14:18] - [2] MIRKO.POZEN: Fichier envoyé: D:\kerberos.htx\gamez1\RollerCoaster Tycoon 2 Triple Thrill Pack\DirectX\dxnt.cab (421,09 K/S -  9 917 535 bytes)
[20:14:19] - [2] MIRKO.POZEN: Début du Téléchargement de: D:\kerberos.htx\gamez1\RollerCoaster Tycoon 2 Triple Thrill Pack\DirectX\dxsetup.exe
[20:14:19] - [2] MIRKO.POZEN: Fichier envoyé: D:\kerberos.htx\gamez1\RollerCoaster Tycoon 2 Triple Thrill Pack\DirectX\dxsetup.exe (137,00 K/S -   140 288 bytes)
[20:14:19] - [2] MIRKO.POZEN: Début du Téléchargement de: D:\kerberos.htx\gamez1\RollerCoaster Tycoon 2 Triple Thrill Pack\DirectX\setupapi.dll
[20:14:20] - [2] MIRKO.POZEN: Fichier envoyé: D:\kerberos.htx\gamez1\RollerCoaster Tycoon 2 Triple Thrill Pack\DirectX\setupapi.dll (333,27 K/S -   341 264 bytes)
[20:14:21] - [2] MIRKO.POZEN: Répertoire en Cours: D:\kerberos.htx\gamez1\RollerCoaster Tycoon 2 Triple Thrill Pack\Autorun\
[20:14:21] - [2] MIRKO.POZEN: Début du Téléchargement de: D:\kerberos.htx\gamez1\RollerCoaster Tycoon 2 Triple Thrill Pack\Autorun\DEFAULT.INI
[20:14:21] - [2] MIRKO.POZEN: Fichier envoyé: D:\kerberos.htx\gamez1\RollerCoaster Tycoon 2 Triple Thrill Pack\Autorun\DEFAULT.INI (1,24 K/S -   1 272 bytes)
[20:14:21] - [2] MIRKO.POZEN: Début du Téléchargement de: D:\kerberos.htx\gamez1\RollerCoaster Tycoon 2 Triple Thrill Pack\Autorun\ENGLISH.STR
[20:14:21] - [2] MIRKO.POZEN: Fichier envoyé: D:\kerberos.htx\gamez1\RollerCoaster Tycoon 2 Triple Thrill Pack\Autorun\ENGLISH.STR (0,66 K/S -    678 bytes)
[20:14:22] - [2] MIRKO.POZEN: Début du Téléchargement de: D:\kerberos.htx\gamez1\RollerCoaster Tycoon 2 Triple Thrill Pack\Autorun\LANGUAGE.INI
[20:14:22] - [2] MIRKO.POZEN: Fichier envoyé: D:\kerberos.htx\gamez1\RollerCoaster Tycoon 2 Triple Thrill Pack\Autorun\LANGUAGE.INI (4,45 K/S -   4 560 bytes)
[20:14:22] - [2] MIRKO.POZEN: Début du Téléchargement de: D:\kerberos.htx\gamez1\RollerCoaster Tycoon 2 Triple Thrill Pack\Autorun\resrc.dll
[20:14:23] - [2] MIRKO.POZEN: Fichier envoyé: D:\kerberos.htx\gamez1\RollerCoaster Tycoon 2 Triple Thrill Pack\Autorun\resrc.dll (188,00 K/S -   192 512 bytes)
[20:14:23] - [2] MIRKO.POZEN: Répertoire en Cours: D:\kerberos.htx\gamez1\RollerCoaster Tycoon 2 Triple Thrill Pack\Autorun\Art\
[20:14:23] - [2] MIRKO.POZEN: Début du Téléchargement de: D:\kerberos.htx\gamez1\RollerCoaster Tycoon 2 Triple Thrill Pack\Autorun\Art\btnExit.bmp
[20:14:23] - [2] MIRKO.POZEN: Fichier envoyé: D:\kerberos.htx\gamez1\RollerCoaster Tycoon 2 Triple Thrill Pack\Autorun\Art\btnExit.bmp (30,95 K/S -   31 696 bytes)
[20:14:24] - [2] MIRKO.POZEN: Début du Téléchargement de: D:\kerberos.htx\gamez1\RollerCoaster Tycoon 2 Triple Thrill Pack\Autorun\Art\btnInst.bmp
[20:14:24] - [2] MIRKO.POZEN: Fichier envoyé: D:\kerberos.htx\gamez1\RollerCoaster Tycoon 2 Triple Thrill Pack\Autorun\Art\btnInst.bmp (87,95 K/S -   90 056 bytes)
[20:14:25] - [2] MIRKO.POZEN: Début du Téléchargement de: D:\kerberos.htx\gamez1\RollerCoaster Tycoon 2 Triple Thrill Pack\Autorun\Art\btnManl.bmp
[20:14:25] - [2] MIRKO.POZEN: Fichier envoyé: D:\kerberos.htx\gamez1\RollerCoaster Tycoon 2 Triple Thrill Pack\Autorun\Art\btnManl.bmp (87,95 K/S -   90 056 bytes)
[20:14:26] - [2] MIRKO.POZEN: Début du Téléchargement de: D:\kerberos.htx\gamez1\RollerCoaster Tycoon 2 Triple Thrill Pack\Autorun\Art\btnManual.bmp
[20:14:26] - [2] MIRKO.POZEN: Fichier envoyé: D:\kerberos.htx\gamez1\RollerCoaster Tycoon 2 Triple Thrill Pack\Autorun\Art\btnManual.bmp (59,28 K/S -   60 704 bytes)
[20:14:26] - [2] MIRKO.POZEN: Début du Téléchargement de: D:\kerberos.htx\gamez1\RollerCoaster Tycoon 2 Triple Thrill Pack\Autorun\Art\btnPlay.bmp
[20:14:27] - [2] MIRKO.POZEN: Fichier envoyé: D:\kerberos.htx\gamez1\RollerCoaster Tycoon 2 Triple Thrill Pack\Autorun\Art\btnPlay.bmp (87,95 K/S -   90 056 bytes)
[20:14:27] - [2] MIRKO.POZEN: Début du Téléchargement de: D:\kerberos.htx\gamez1\RollerCoaster Tycoon 2 Triple Thrill Pack\Autorun\Art\btnRead.bmp
[20:14:27] - [2] MIRKO.POZEN: Fichier envoyé: D:\kerberos.htx\gamez1\RollerCoaster Tycoon 2 Triple Thrill Pack\Autorun\Art\btnRead.bmp (87,95 K/S -   90 056 bytes)
[20:14:28] - [2] MIRKO.POZEN: Début du Téléchargement de: D:\kerberos.htx\gamez1\RollerCoaster Tycoon 2 Triple Thrill Pack\Autorun\Art\btnReadme.bmp
[20:14:28] - [2] MIRKO.POZEN: Fichier envoyé: D:\kerberos.htx\gamez1\RollerCoaster Tycoon 2 Triple Thrill Pack\Autorun\Art\btnReadme.bmp (59,28 K/S -   60 704 bytes)
[20:14:28] - [2] MIRKO.POZEN: Début du Téléchargement de: D:\kerberos.htx\gamez1\RollerCoaster Tycoon 2 Triple Thrill Pack\Autorun\Art\ClickIn.wav
[20:14:29] - [2] MIRKO.POZEN: Fichier envoyé: D:\kerberos.htx\gamez1\RollerCoaster Tycoon 2 Triple Thrill Pack\Autorun\Art\ClickIn.wav (4,76 K/S -   4 876 bytes)
[20:14:29] - [2] MIRKO.POZEN: Début du Téléchargement de: D:\kerberos.htx\gamez1\RollerCoaster Tycoon 2 Triple Thrill Pack\Autorun\Art\ClickOut.wav
[20:14:29] - [2] MIRKO.POZEN: Fichier envoyé: D:\kerberos.htx\gamez1\RollerCoaster Tycoon 2 Triple Thrill Pack\Autorun\Art\ClickOut.wav (34,63 K/S -   35 458 bytes)
[20:14:29] - [2] MIRKO.POZEN: Début du Téléchargement de: D:\kerberos.htx\gamez1\RollerCoaster Tycoon 2 Triple Thrill Pack\Autorun\Art\Rollover.wav
[20:14:29] - [2] MIRKO.POZEN: Fichier envoyé: D:\kerberos.htx\gamez1\RollerCoaster Tycoon 2 Triple Thrill Pack\Autorun\Art\Rollover.wav (4,89 K/S -   5 012 bytes)
[20:14:29] - [2] MIRKO.POZEN: Début du Téléchargement de: D:\kerberos.htx\gamez1\RollerCoaster Tycoon 2 Triple Thrill Pack\Autorun\Art\Text.bmp
[20:14:29] - [2] MIRKO.POZEN: Fichier envoyé: D:\kerberos.htx\gamez1\RollerCoaster Tycoon 2 Triple Thrill Pack\Autorun\Art\Text.bmp (97,51 K/S -   99 848 bytes)
[20:14:29] - [2] MIRKO.POZEN: Début du Téléchargement de: D:\kerberos.htx\gamez1\RollerCoaster Tycoon 2 Triple Thrill Pack\Autorun\Art\WndBG.bmp
[20:14:32] - [2] MIRKO.POZEN: Fichier envoyé: D:\kerberos.htx\gamez1\RollerCoaster Tycoon 2 Triple Thrill Pack\Autorun\Art\WndBG.bmp (300,02 K/S -   921 656 bytes)
[20:14:32] - [2] MIRKO.POZEN: Répertoire en Cours: D:\kerberos.htx\gamez1\RollerCoaster_Tycoon_3_Premium\
[20:14:32] - [2] MIRKO.POZEN: Début du Téléchargement de: D:\kerberos.htx\gamez1\RollerCoaster_Tycoon_3_Premium\RollerCoaster_Tycoon_3_Premium_+_2_Extension.rar
[20:16:28] - [3] MIRKO.POZEN: Fichier envoyé: D:\kerberos.htx\gamez1\RollerCoaster Tycoon 2 Triple Thrill Pack\rct2ttp.iso (400,37 K/S -  635 877 376 bytes)
[20:16:28] - [3] MIRKO.POZEN: Répertoire en Cours: D:\kerberos.htx\gamez1\RollerCoaster_Tycoon_3_Premium\
[20:16:28] - [3] MIRKO.POZEN: Début du Téléchargement de: D:\kerberos.htx\gamez1\RollerCoaster_Tycoon_3_Premium\RollerCoaster_Tycoon_3_Premium_Install_Info.nfo
[20:16:28] - [3] MIRKO.POZEN: Fichier envoyé: D:\kerberos.htx\gamez1\RollerCoaster_Tycoon_3_Premium\RollerCoaster_Tycoon_3_Premium_Install_Info.nfo (4,36 K/S -   4 468 bytes)
[20:16:28] - [3] MIRKO.POZEN: Répertoire en Cours: D:\kerberos.htx\gamez1\RollerCoaster_Tycoon_3_Premium\Roller Coaster Tycoon 3\
[20:16:29] - [3] MIRKO.POZEN: Début du Téléchargement de: D:\kerberos.htx\gamez1\RollerCoaster_Tycoon_3_Premium\Roller Coaster Tycoon 3\Patch fr.rar
[20:16:30] - [3] MIRKO.POZEN: Fichier envoyé: D:\kerberos.htx\gamez1\RollerCoaster_Tycoon_3_Premium\Roller Coaster Tycoon 3\Patch fr.rar (503,01 K/S -   515 082 bytes)
[20:16:30] - [3] MIRKO.POZEN: Répertoire en Cours: D:\kerberos.htx\gamez1\RollerCoaster_Tycoon_3_Premium\Roller Coaster Tycoon 3\PlatinumNO-CD\
[20:16:31] - [3] MIRKO.POZEN: Début du Téléchargement de: D:\kerberos.htx\gamez1\RollerCoaster_Tycoon_3_Premium\Roller Coaster Tycoon 3\PlatinumNO-CD\GraphFix.log
[20:16:31] - [3] MIRKO.POZEN: Fichier envoyé: D:\kerberos.htx\gamez1\RollerCoaster_Tycoon_3_Premium\Roller Coaster Tycoon 3\PlatinumNO-CD\GraphFix.log (0,26 K/S -    271 bytes)
[20:16:31] - [3] MIRKO.POZEN: Répertoire en Cours: D:\kerberos.htx\gamez1\Supercow\
[20:16:31] - [3] MIRKO.POZEN: Début du Téléchargement de: D:\kerberos.htx\gamez1\Supercow\activation_info.xml
[20:16:31] - [3] MIRKO.POZEN: Fichier envoyé: D:\kerberos.htx\gamez1\Supercow\activation_info.xml (0,12 K/S -    124 bytes)
[20:16:31] - [3] MIRKO.POZEN: Début du Téléchargement de: D:\kerberos.htx\gamez1\Supercow\BASS.DLL
[20:16:32] - [3] MIRKO.POZEN: Fichier envoyé: D:\kerberos.htx\gamez1\Supercow\BASS.DLL (106,36 K/S -   108 908 bytes)
[20:16:32] - [3] MIRKO.POZEN: Début du Téléchargement de: D:\kerberos.htx\gamez1\Supercow\LaunchGame.bfg
[20:16:32] - [3] MIRKO.POZEN: Fichier envoyé: D:\kerberos.htx\gamez1\Supercow\LaunchGame.bfg (0,69 K/S -    704 bytes)
[20:16:32] - [3] MIRKO.POZEN: Début du Téléchargement de: D:\kerberos.htx\gamez1\Supercow\license.txt
[20:16:32] - [3] MIRKO.POZEN: Fichier envoyé: D:\kerberos.htx\gamez1\Supercow\license.txt (2,63 K/S -   2 691 bytes)
[20:16:32] - [3] MIRKO.POZEN: Début du Téléchargement de: D:\kerberos.htx\gamez1\Supercow\supercow.exe.exe
[20:16:58] - [3] MIRKO.POZEN: Fichier envoyé: D:\kerberos.htx\gamez1\Supercow\supercow.exe.exe (59,28 K/S -  1 578 328 bytes)
[20:16:59] - [3] MIRKO.POZEN: Début du Téléchargement de: D:\kerberos.htx\gamez1\Supercow\tvrbrrb.exe
[20:17:10] - [3] MIRKO.POZEN: Fichier envoyé: D:\kerberos.htx\gamez1\Supercow\tvrbrrb.exe (73,58 K/S -   828 760 bytes)
[20:17:10] - [3] MIRKO.POZEN: Début du Téléchargement de: D:\kerberos.htx\gamez1\Supercow\Uninstall.exe
[20:17:10] - [3] MIRKO.POZEN: Fichier envoyé: D:\kerberos.htx\gamez1\Supercow\Uninstall.exe (83,08 K/S -   85 079 bytes)
[20:17:11] - [3] MIRKO.POZEN: Début du Téléchargement de: D:\kerberos.htx\gamez1\Supercow\UnlockGame.bfg
[20:17:11] - [3] MIRKO.POZEN: Fichier envoyé: D:\kerberos.htx\gamez1\Supercow\UnlockGame.bfg (0,60 K/S -    611 bytes)
[20:17:11] - [3] MIRKO.POZEN: Répertoire en Cours: D:\kerberos.htx\gamez1\Supercow\pics\
[20:17:11] - [3] MIRKO.POZEN: Début du Téléchargement de: D:\kerberos.htx\gamez1\Supercow\pics\60x40.jpg
[20:17:11] - [3] MIRKO.POZEN: Fichier envoyé: D:\kerberos.htx\gamez1\Supercow\pics\60x40.jpg (2,96 K/S -   3 035 bytes)
[20:17:11] - [3] MIRKO.POZEN: Début du Téléchargement de: D:\kerberos.htx\gamez1\Supercow\pics\80x80.jpg
[20:17:11] - [3] MIRKO.POZEN: Fichier envoyé: D:\kerberos.htx\gamez1\Supercow\pics\80x80.jpg (4,85 K/S -   4 968 bytes)
[20:17:12] - [3] MIRKO.POZEN: Début du Téléchargement de: D:\kerberos.htx\gamez1\Supercow\pics\feature.jpg
[20:17:12] - [3] MIRKO.POZEN: Fichier envoyé: D:\kerberos.htx\gamez1\Supercow\pics\feature.jpg (14,90 K/S -   15 262 bytes)
[20:17:12] - [3] MIRKO.POZEN: Répertoire en Cours: D:\kerberos.htx\gamez1\Supercow\data\
[20:17:12] - [3] MIRKO.POZEN: Début du Téléchargement de: D:\kerberos.htx\gamez1\Supercow\data\backgrounds.txt
[20:17:12] - [3] MIRKO.POZEN: Fichier envoyé: D:\kerberos.htx\gamez1\Supercow\data\backgrounds.txt (10,61 K/S -   10 863 bytes)
[20:17:13] - [3] MIRKO.POZEN: Début du Téléchargement de: D:\kerberos.htx\gamez1\Supercow\data\bug.jpg
[20:17:13] - [3] MIRKO.POZEN: Fichier envoyé: D:\kerberos.htx\gamez1\Supercow\data\bug.jpg (22,50 K/S -   23 037 bytes)
[20:17:13] - [3] MIRKO.POZEN: Début du Téléchargement de: D:\kerberos.htx\gamez1\Supercow\data\dot.jpg
[20:17:13] - [3] MIRKO.POZEN: Fichier envoyé: D:\kerberos.htx\gamez1\Supercow\data\dot.jpg (21,98 K/S -   22 511 bytes)
[20:17:14] - [3] MIRKO.POZEN: Début du Téléchargement de: D:\kerberos.htx\gamez1\Supercow\data\firework1.jpg
[20:17:14] - [3] MIRKO.POZEN: Fichier envoyé: D:\kerberos.htx\gamez1\Supercow\data\firework1.jpg (2,35 K/S -   2 406 bytes)
[20:17:14] - [3] MIRKO.POZEN: Début du Téléchargement de: D:\kerberos.htx\gamez1\Supercow\data\flare.jpg
[20:17:14] - [3] MIRKO.POZEN: Fichier envoyé: D:\kerberos.htx\gamez1\Supercow\data\flare.jpg (22,31 K/S -   22 842 bytes)
[20:17:15] - [3] MIRKO.POZEN: Début du Téléchargement de: D:\kerberos.htx\gamez1\Supercow\data\font.dat
[20:17:15] - [3] MIRKO.POZEN: Fichier envoyé: D:\kerberos.htx\gamez1\Supercow\data\font.dat (4,01 K/S -   4 104 bytes)
[20:17:15] - [3] MIRKO.POZEN: Début du Téléchargement de: D:\kerberos.htx\gamez1\Supercow\data\font.tga
[20:17:23] - [3] MIRKO.POZEN: Fichier envoyé: D:\kerberos.htx\gamez1\Supercow\data\font.tga (512,01 K/S -  4 194 348 bytes)
[20:17:23] - [3] MIRKO.POZEN: Début du Téléchargement de: D:\kerberos.htx\gamez1\Supercow\data\font2.dat
[20:17:24] - [3] MIRKO.POZEN: Fichier envoyé: D:\kerberos.htx\gamez1\Supercow\data\font2.dat (4,01 K/S -   4 104 bytes)
[20:17:24] - [3] MIRKO.POZEN: Début du Téléchargement de: D:\kerberos.htx\gamez1\Supercow\data\font2.tga
[20:17:24] - [3] MIRKO.POZEN: Fichier envoyé: D:\kerberos.htx\gamez1\Supercow\data\font2.tga (256,04 K/S -   262 188 bytes)
[20:17:24] - [3] MIRKO.POZEN: Début du Téléchargement de: D:\kerberos.htx\gamez1\Supercow\data\gamelog.log
[20:17:24] - [3] MIRKO.POZEN: Fichier envoyé: D:\kerberos.htx\gamez1\Supercow\data\gamelog.log (48,23 K/S -   49 385 bytes)
[20:17:25] - [3] MIRKO.POZEN: Début du Téléchargement de: D:\kerberos.htx\gamez1\Supercow\data\gameobjs.txt
[20:17:25] - [3] MIRKO.POZEN: Fichier envoyé: D:\kerberos.htx\gamez1\Supercow\data\gameobjs.txt (5,67 K/S -   5 802 bytes)
[20:17:25] - [3] MIRKO.POZEN: Début du Téléchargement de: D:\kerberos.htx\gamez1\Supercow\data\gradient.tga
[20:17:25] - [3] MIRKO.POZEN: Fichier envoyé: D:\kerberos.htx\gamez1\Supercow\data\gradient.tga (16,04 K/S -   16 428 bytes)
[20:17:26] - [3] MIRKO.POZEN: Début du Téléchargement de: D:\kerberos.htx\gamez1\Supercow\data\happyend0.jpg
[20:17:26] - [3] MIRKO.POZEN: Fichier envoyé: D:\kerberos.htx\gamez1\Supercow\data\happyend0.jpg (182,86 K/S -   187 250 bytes)
[20:17:26] - [3] MIRKO.POZEN: Début du Téléchargement de: D:\kerberos.htx\gamez1\Supercow\data\happyend1.jpg
[20:17:27] - [3] MIRKO.POZEN: Fichier envoyé: D:\kerberos.htx\gamez1\Supercow\data\happyend1.jpg (162,48 K/S -   166 377 bytes)
[20:17:27] - [3] MIRKO.POZEN: Début du Téléchargement de: D:\kerberos.htx\gamez1\Supercow\data\happyendback.jpg
[20:17:27] - [3] MIRKO.POZEN: Fichier envoyé: D:\kerberos.htx\gamez1\Supercow\data\happyendback.jpg (147,91 K/S -   151 459 bytes)
[20:17:28] - [3] MIRKO.POZEN: Début du Téléchargement de: D:\kerberos.htx\gamez1\Supercow\data\levelmark.tga
[20:17:28] - [3] MIRKO.POZEN: Fichier envoyé: D:\kerberos.htx\gamez1\Supercow\data\levelmark.tga (1,04 K/S -   1 068 bytes)
[20:17:28] - [3] MIRKO.POZEN: Début du Téléchargement de: D:\kerberos.htx\gamez1\Supercow\data\load.ogg
[20:17:28] - [3] MIRKO.POZEN: Fichier envoyé: D:\kerberos.htx\gamez1\Supercow\data\load.ogg (10,36 K/S -   10 608 bytes)
[20:17:29] - [3] MIRKO.POZEN: Début du Téléchargement de: D:\kerberos.htx\gamez1\Supercow\data\loadbar.jpg
[20:17:29] - [3] MIRKO.POZEN: Fichier envoyé: D:\kerberos.htx\gamez1\Supercow\data\loadbar.jpg (5,26 K/S -   5 385 bytes)
[20:17:29] - [3] MIRKO.POZEN: Début du Téléchargement de: D:\kerberos.htx\gamez1\Supercow\data\loadscreen.jpg
[20:17:31] - [3] MIRKO.POZEN: Fichier envoyé: D:\kerberos.htx\gamez1\Supercow\data\loadscreen.jpg (187,08 K/S -   191 572 bytes)
[20:17:32] - [3] MIRKO.POZEN: Début du Téléchargement de: D:\kerberos.htx\gamez1\Supercow\data\logo.jpg
[20:17:32] - [3] MIRKO.POZEN: Fichier envoyé: D:\kerberos.htx\gamez1\Supercow\data\logo.jpg (16,42 K/S -   16 819 bytes)
[20:17:32] - [3] MIRKO.POZEN: Début du Téléchargement de: D:\kerberos.htx\gamez1\Supercow\data\logo.ogg
[20:17:32] - [3] MIRKO.POZEN: Fichier envoyé: D:\kerberos.htx\gamez1\Supercow\data\logo.ogg (37,44 K/S -   38 339 bytes)
[20:17:32] - [3] MIRKO.POZEN: Début du Téléchargement de: D:\kerberos.htx\gamez1\Supercow\data\magglass.tga
[20:17:32] - [3] MIRKO.POZEN: Fichier envoyé: D:\kerberos.htx\gamez1\Supercow\data\magglass.tga (16,04 K/S -   16 428 bytes)
[20:17:33] - [3] MIRKO.POZEN: Début du Téléchargement de: D:\kerberos.htx\gamez1\Supercow\data\menu.txt
[20:17:33] - [3] MIRKO.POZEN: Fichier envoyé: D:\kerberos.htx\gamez1\Supercow\data\menu.txt (1,74 K/S -   1 779 bytes)
[20:17:33] - [3] MIRKO.POZEN: Début du Téléchargement de: D:\kerberos.htx\gamez1\Supercow\data\particles.tga
[20:17:34] - [3] MIRKO.POZEN: Fichier envoyé: D:\kerberos.htx\gamez1\Supercow\data\particles.tga (1 024,04 K/S -  1 048 620 bytes)
[20:17:34] - [3] MIRKO.POZEN: Début du Téléchargement de: D:\kerberos.htx\gamez1\Supercow\data\pers.txt
[20:17:34] - [3] MIRKO.POZEN: Fichier envoyé: D:\kerberos.htx\gamez1\Supercow\data\pers.txt (0,36 K/S -    370 bytes)
[20:17:35] - [3] MIRKO.POZEN: Début du Téléchargement de: D:\kerberos.htx\gamez1\Supercow\data\podsvet.jpg
[20:17:35] - [3] MIRKO.POZEN: Fichier envoyé: D:\kerberos.htx\gamez1\Supercow\data\podsvet.jpg (2,46 K/S -   2 521 bytes)
[20:17:35] - [3] MIRKO.POZEN: Début du Téléchargement de: D:\kerberos.htx\gamez1\Supercow\data\settings.txt
[20:17:35] - [3] MIRKO.POZEN: Fichier envoyé: D:\kerberos.htx\gamez1\Supercow\data\settings.txt (0,02 K/S -    23 bytes)
[20:17:35] - [3] MIRKO.POZEN: Début du Téléchargement de: D:\kerberos.htx\gamez1\Supercow\data\splash1.jpg
[20:17:35] - [3] MIRKO.POZEN: Fichier envoyé: D:\kerberos.htx\gamez1\Supercow\data\splash1.jpg (39,56 K/S -   40 513 bytes)
[20:17:36] - [3] MIRKO.POZEN: Début du Téléchargement de: D:\kerberos.htx\gamez1\Supercow\data\splash2.jpg
[20:17:36] - [3] MIRKO.POZEN: Fichier envoyé: D:\kerberos.htx\gamez1\Supercow\data\splash2.jpg (78,28 K/S -   80 157 bytes)
[20:17:37] - [3] MIRKO.POZEN: Début du Téléchargement de: D:\kerberos.htx\gamez1\Supercow\data\Thumbs.db
[20:17:37] - [3] MIRKO.POZEN: Fichier envoyé: D:\kerberos.htx\gamez1\Supercow\data\Thumbs.db (12,00 K/S -   12 288 bytes)
[20:17:38] - [3] MIRKO.POZEN: Début du Téléchargement de: D:\kerberos.htx\gamez1\Supercow\data\tick.tga
[20:17:38] - [3] MIRKO.POZEN: Fichier envoyé: D:\kerberos.htx\gamez1\Supercow\data\tick.tga (4,04 K/S -   4 140 bytes)
[20:17:38] - [3] MIRKO.POZEN: Début du Téléchargement de: D:\kerberos.htx\gamez1\Supercow\data\trophy.txt
[20:17:38] - [3] MIRKO.POZEN: Fichier envoyé: D:\kerberos.htx\gamez1\Supercow\data\trophy.txt (1,12 K/S -   1 143 bytes)
[20:17:38] - [3] MIRKO.POZEN: Début du Téléchargement de: D:\kerberos.htx\gamez1\Supercow\data\trophyback.jpg
[20:17:38] - [3] MIRKO.POZEN: Fichier envoyé: D:\kerberos.htx\gamez1\Supercow\data\trophyback.jpg (180,16 K/S -   184 484 bytes)
[20:17:38] - [3] MIRKO.POZEN: Répertoire en Cours: D:\kerberos.htx\gamez1\Supercow\data\ui\
[20:17:38] - [3] MIRKO.POZEN: Début du Téléchargement de: D:\kerberos.htx\gamez1\Supercow\data\ui\keyhelp.tga
[20:17:39] - [3] MIRKO.POZEN: Fichier envoyé: D:\kerberos.htx\gamez1\Supercow\data\ui\keyhelp.tga (256,02 K/S -   262 162 bytes)
[20:17:39] - [3] MIRKO.POZEN: Début du Téléchargement de: D:\kerberos.htx\gamez1\Supercow\data\ui\_a_arrow.jpg
[20:17:40] - [3] MIRKO.POZEN: Fichier envoyé: D:\kerberos.htx\gamez1\Supercow\data\ui\_a_arrow.jpg (2,23 K/S -   2 281 bytes)
[20:17:40] - [3] MIRKO.POZEN: Début du Téléchargement de: D:\kerberos.htx\gamez1\Supercow\data\ui\_a_baloon.jpg
[20:17:40] - [3] MIRKO.POZEN: Fichier envoyé: D:\kerberos.htx\gamez1\Supercow\data\ui\_a_baloon.jpg (37,97 K/S -   38 885 bytes)
[20:17:40] - [3] MIRKO.POZEN: Début du Téléchargement de: D:\kerberos.htx\gamez1\Supercow\data\ui\_a_button.jpg
[20:17:40] - [3] MIRKO.POZEN: Fichier envoyé: D:\kerberos.htx\gamez1\Supercow\data\ui\_a_button.jpg (10,88 K/S -   11 141 bytes)
[20:17:40] - [3] MIRKO.POZEN: Début du Téléchargement de: D:\kerberos.htx\gamez1\Supercow\data\ui\_a_button_back.jpg
[20:17:40] - [3] MIRKO.POZEN: Fichier envoyé: D:\kerberos.htx\gamez1\Supercow\data\ui\_a_button_back.jpg (6,56 K/S -   6 720 bytes)
[20:17:40] - [3] MIRKO.POZEN: Début du Téléchargement de: D:\kerberos.htx\gamez1\Supercow\data\ui\_a_button_back_lum.jpg
[20:17:41] - [3] MIRKO.POZEN: Fichier envoyé: D:\kerberos.htx\gamez1\Supercow\data\ui\_a_button_back_lum.jpg (6,53 K/S -   6 685 bytes)
[20:17:41] - [3] MIRKO.POZEN: Début du Téléchargement de: D:\kerberos.htx\gamez1\Supercow\data\ui\_a_compass.jpg
[20:17:41] - [3] MIRKO.POZEN: Fichier envoyé: D:\kerberos.htx\gamez1\Supercow\data\ui\_a_compass.jpg (5,99 K/S -   6 134 bytes)
[20:17:41] - [3] MIRKO.POZEN: Début du Téléchargement de: D:\kerberos.htx\gamez1\Supercow\data\ui\_a_gag.jpg
[20:17:42] - [3] MIRKO.POZEN: Fichier envoyé: D:\kerberos.htx\gamez1\Supercow\data\ui\_a_gag.jpg (144,40 K/S -   295 741 bytes)
[20:17:43] - [3] MIRKO.POZEN: Début du Téléchargement de: D:\kerberos.htx\gamez1\Supercow\data\ui\_a_levelbar.jpg
[20:17:43] - [3] MIRKO.POZEN: Fichier envoyé: D:\kerberos.htx\gamez1\Supercow\data\ui\_a_levelbar.jpg (3,31 K/S -   3 386 bytes)
[20:17:44] - [3] MIRKO.POZEN: Début du Téléchargement de: D:\kerberos.htx\gamez1\Supercow\data\ui\_a_lifebar.jpg
[20:17:44] - [3] MIRKO.POZEN: Fichier envoyé: D:\kerberos.htx\gamez1\Supercow\data\ui\_a_lifebar.jpg (39,17 K/S -   40 108 bytes)
[20:17:44] - [3] MIRKO.POZEN: Début du Téléchargement de: D:\kerberos.htx\gamez1\Supercow\data\ui\_a_lifebar2.jpg
[20:17:44] - [3] MIRKO.POZEN: Fichier envoyé: D:\kerberos.htx\gamez1\Supercow\data\ui\_a_lifebar2.jpg (10,71 K/S -   10 964 bytes)
[20:17:44] - [3] MIRKO.POZEN: Début du Téléchargement de: D:\kerberos.htx\gamez1\Supercow\data\ui\_a_mainshadow.jpg
[20:17:44] - [3] MIRKO.POZEN: Fichier envoyé: D:\kerberos.htx\gamez1\Supercow\data\ui\_a_mainshadow.jpg (2,64 K/S -   2 707 bytes)
[20:17:44] - [3] MIRKO.POZEN: Début du Téléchargement de: D:\kerberos.htx\gamez1\Supercow\data\ui\_a_menutex.jpg
[20:17:44] - [3] MIRKO.POZEN: Fichier envoyé: D:\kerberos.htx\gamez1\Supercow\data\ui\_a_menutex.jpg (144,88 K/S -   148 354 bytes)
[20:17:45] - [3] MIRKO.POZEN: Début du Téléchargement de: D:\kerberos.htx\gamez1\Supercow\data\ui\_a_scorebar.jpg
[20:17:45] - [3] MIRKO.POZEN: Fichier envoyé: D:\kerberos.htx\gamez1\Supercow\data\ui\_a_scorebar.jpg (19,54 K/S -   20 012 bytes)
[20:17:45] - [3] MIRKO.POZEN: Début du Téléchargement de: D:\kerberos.htx\gamez1\Supercow\data\ui\_a_taskbar.jpg
[20:17:45] - [3] MIRKO.POZEN: Fichier envoyé: D:\kerberos.htx\gamez1\Supercow\data\ui\_a_taskbar.jpg (18,48 K/S -   18 924 bytes)
[20:17:45] - [3] MIRKO.POZEN: Début du Téléchargement de: D:\kerberos.htx\gamez1\Supercow\data\ui\_a_taskicon1.jpg
[20:17:45] - [3] MIRKO.POZEN: Fichier envoyé: D:\kerberos.htx\gamez1\Supercow\data\ui\_a_taskicon1.jpg (5,54 K/S -   5 672 bytes)
[20:17:45] - [3] MIRKO.POZEN: Début du Téléchargement de: D:\kerberos.htx\gamez1\Supercow\data\ui\_a_taskicon2.jpg
[20:17:46] - [3] MIRKO.POZEN: Fichier envoyé: D:\kerberos.htx\gamez1\Supercow\data\ui\_a_taskicon2.jpg (5,83 K/S -   5 973 bytes)
[20:17:46] - [3] MIRKO.POZEN: Début du Téléchargement de: D:\kerberos.htx\gamez1\Supercow\data\ui\_a_taskicon3.jpg
[20:17:46] - [3] MIRKO.POZEN: Fichier envoyé: D:\kerberos.htx\gamez1\Supercow\data\ui\_a_taskicon3.jpg (5,52 K/S -   5 656 bytes)
[20:17:47] - [3] MIRKO.POZEN: Début du Téléchargement de: D:\kerberos.htx\gamez1\Supercow\data\ui\_a_taskicon4.jpg
[20:17:47] - [3] MIRKO.POZEN: Fichier envoyé: D:\kerberos.htx\gamez1\Supercow\data\ui\_a_taskicon4.jpg (5,38 K/S -   5 504 bytes)
[20:17:47] - [3] MIRKO.POZEN: Répertoire en Cours: D:\kerberos.htx\gamez1\Supercow\data\txt\us\
[20:17:47] - [3] MIRKO.POZEN: Début du Téléchargement de: D:\kerberos.htx\gamez1\Supercow\data\txt\us\comics.txt
[20:17:47] - [3] MIRKO.POZEN: Fichier envoyé: D:\kerberos.htx\gamez1\Supercow\data\txt\us\comics.txt (31,33 K/S -   32 086 bytes)
[20:17:48] - [3] MIRKO.POZEN: Début du Téléchargement de: D:\kerberos.htx\gamez1\Supercow\data\txt\us\credits.txt
[20:17:48] - [3] MIRKO.POZEN: Fichier envoyé: D:\kerberos.htx\gamez1\Supercow\data\txt\us\credits.txt (5,41 K/S -   5 540 bytes)
[20:17:48] - [3] MIRKO.POZEN: Début du Téléchargement de: D:\kerberos.htx\gamez1\Supercow\data\txt\us\diary.txt
[20:17:48] - [3] MIRKO.POZEN: Fichier envoyé: D:\kerberos.htx\gamez1\Supercow\data\txt\us\diary.txt (20,66 K/S -   21 152 bytes)
[20:17:49] - [3] MIRKO.POZEN: Début du Téléchargement de: D:\kerberos.htx\gamez1\Supercow\data\txt\us\introcomics.txt
[20:17:49] - [3] MIRKO.POZEN: Fichier envoyé: D:\kerberos.htx\gamez1\Supercow\data\txt\us\introcomics.txt (1,10 K/S -   1 128 bytes)
[20:17:49] - [3] MIRKO.POZEN: Début du Téléchargement de: D:\kerberos.htx\gamez1\Supercow\data\txt\us\menutext.txt
[20:17:49] - [3] MIRKO.POZEN: Fichier envoyé: D:\kerberos.htx\gamez1\Supercow\data\txt\us\menutext.txt (1,92 K/S -   1 965 bytes)
[20:17:50] - [3] MIRKO.POZEN: Début du Téléchargement de: D:\kerberos.htx\gamez1\Supercow\data\txt\us\strings.txt
[20:17:50] - [3] MIRKO.POZEN: Fichier envoyé: D:\kerberos.htx\gamez1\Supercow\data\txt\us\strings.txt (6,81 K/S -   6 977 bytes)
[20:17:50] - [3] MIRKO.POZEN: Début du Téléchargement de: D:\kerberos.htx\gamez1\Supercow\data\txt\us\tips.txt
[20:17:50] - [3] MIRKO.POZEN: Fichier envoyé: D:\kerberos.htx\gamez1\Supercow\data\txt\us\tips.txt (12,71 K/S -   13 020 bytes)
[20:17:50] - [3] MIRKO.POZEN: Répertoire en Cours: D:\kerberos.htx\gamez1\Supercow\data\trophies\
[20:17:51] - [3] MIRKO.POZEN: Début du Téléchargement de: D:\kerberos.htx\gamez1\Supercow\data\trophies\tr1.jpg
[20:17:51] - [3] MIRKO.POZEN: Fichier envoyé: D:\kerberos.htx\gamez1\Supercow\data\trophies\tr1.jpg (1,87 K/S -   1 918 bytes)
[20:17:51] - [3] MIRKO.POZEN: Début du Téléchargement de: D:\kerberos.htx\gamez1\Supercow\data\trophies\tr10.jpg
[20:17:51] - [3] MIRKO.POZEN: Fichier envoyé: D:\kerberos.htx\gamez1\Supercow\data\trophies\tr10.jpg (1,95 K/S -   2 001 bytes)
[20:17:51] - [3] MIRKO.POZEN: Début du Téléchargement de: D:\kerberos.htx\gamez1\Supercow\data\trophies\tr11.jpg
[20:17:51] - [3] MIRKO.POZEN: Fichier envoyé: D:\kerberos.htx\gamez1\Supercow\data\trophies\tr11.jpg (1,26 K/S -   1 289 bytes)
[20:17:51] - [3] MIRKO.POZEN: Début du Téléchargement de: D:\kerberos.htx\gamez1\Supercow\data\trophies\tr12.jpg
[20:17:52] - [3] MIRKO.POZEN: Fichier envoyé: D:\kerberos.htx\gamez1\Supercow\data\trophies\tr12.jpg (2,20 K/S -   2 253 bytes)
[20:17:52] - [3] MIRKO.POZEN: Début du Téléchargement de: D:\kerberos.htx\gamez1\Supercow\data\trophies\tr13.jpg
[20:17:52] - [3] MIRKO.POZEN: Fichier envoyé: D:\kerberos.htx\gamez1\Supercow\data\trophies\tr13.jpg (6,52 K/S -   6 680 bytes)
[20:17:52] - [3] MIRKO.POZEN: Début du Téléchargement de: D:\kerberos.htx\gamez1\Supercow\data\trophies\tr2.jpg
[20:17:52] - [3] MIRKO.POZEN: Fichier envoyé: D:\kerberos.htx\gamez1\Supercow\data\trophies\tr2.jpg (2,36 K/S -   2 417 bytes)
[20:17:53] - [3] MIRKO.POZEN: Début du Téléchargement de: D:\kerberos.htx\gamez1\Supercow\data\trophies\tr3.jpg
[20:17:53] - [3] MIRKO.POZEN: Fichier envoyé: D:\kerberos.htx\gamez1\Supercow\data\trophies\tr3.jpg (1,57 K/S -   1 603 bytes)
[20:17:53] - [3] MIRKO.POZEN: Début du Téléchargement de: D:\kerberos.htx\gamez1\Supercow\data\trophies\tr4.jpg
[20:17:53] - [3] MIRKO.POZEN: Fichier envoyé: D:\kerberos.htx\gamez1\Supercow\data\trophies\tr4.jpg (3,28 K/S -   3 357 bytes)
[20:17:53] - [3] MIRKO.POZEN: Début du Téléchargement de: D:\kerberos.htx\gamez1\Supercow\data\trophies\tr5.jpg
[20:17:53] - [3] MIRKO.POZEN: Fichier envoyé: D:\kerberos.htx\gamez1\Supercow\data\trophies\tr5.jpg (1,74 K/S -   1 778 bytes)
[20:17:54] - [3] MIRKO.POZEN: Début du Téléchargement de: D:\kerberos.htx\gamez1\Supercow\data\trophies\tr6.jpg
[20:17:54] - [3] MIRKO.POZEN: Fichier envoyé: D:\kerberos.htx\gamez1\Supercow\data\trophies\tr6.jpg (1,97 K/S -   2 013 bytes)
[20:17:54] - [3] MIRKO.POZEN: Début du Téléchargement de: D:\kerberos.htx\gamez1\Supercow\data\trophies\tr7.jpg
[20:17:54] - [3] MIRKO.POZEN: Fichier envoyé: D:\kerberos.htx\gamez1\Supercow\data\trophies\tr7.jpg (2,54 K/S -   2 597 bytes)
[20:17:54] - [3] MIRKO.POZEN: Début du Téléchargement de: D:\kerberos.htx\gamez1\Supercow\data\trophies\tr8.jpg
[20:17:54] - [3] MIRKO.POZEN: Fichier envoyé: D:\kerberos.htx\gamez1\Supercow\data\trophies\tr8.jpg (3,75 K/S -   3 841 bytes)
[20:17:55] - [3] MIRKO.POZEN: Début du Téléchargement de: D:\kerberos.htx\gamez1\Supercow\data\trophies\tr9.jpg
[20:17:55] - [3] MIRKO.POZEN: Fichier envoyé: D:\kerberos.htx\gamez1\Supercow\data\trophies\tr9.jpg (1,53 K/S -   1 564 bytes)
[20:17:55] - [3] MIRKO.POZEN: Début du Téléchargement de: D:\kerberos.htx\gamez1\Supercow\data\trophies\trophy.cfg
[20:17:55] - [3] MIRKO.POZEN: Fichier envoyé: D:\kerberos.htx\gamez1\Supercow\data\trophies\trophy.cfg (1,17 K/S -   1 196 bytes)
[20:17:55] - [3] MIRKO.POZEN: Début du Téléchargement de: D:\kerberos.htx\gamez1\Supercow\data\trophies\_a_tr1.jpg
[20:17:55] - [3] MIRKO.POZEN: Fichier envoyé: D:\kerberos.htx\gamez1\Supercow\data\trophies\_a_tr1.jpg (10,72 K/S -   10 977 bytes)
[20:17:56] - [3] MIRKO.POZEN: Début du Téléchargement de: D:\kerberos.htx\gamez1\Supercow\data\trophies\_a_tr10.jpg
[20:17:56] - [3] MIRKO.POZEN: Fichier envoyé: D:\kerberos.htx\gamez1\Supercow\data\trophies\_a_tr10.jpg (18,71 K/S -   19 162 bytes)
[20:17:56] - [3] MIRKO.POZEN: Début du Téléchargement de: D:\kerberos.htx\gamez1\Supercow\data\trophies\_a_tr11.jpg
[20:17:56] - [3] MIRKO.POZEN: Fichier envoyé: D:\kerberos.htx\gamez1\Supercow\data\trophies\_a_tr11.jpg (2,28 K/S -   2 333 bytes)
[20:17:57] - [3] MIRKO.POZEN: Début du Téléchargement de: D:\kerberos.htx\gamez1\Supercow\data\trophies\_a_tr12.jpg
[20:17:57] - [3] MIRKO.POZEN: Fichier envoyé: D:\kerberos.htx\gamez1\Supercow\data\trophies\_a_tr12.jpg (19,67 K/S -   20 137 bytes)
[20:17:57] - [3] MIRKO.POZEN: Début du Téléchargement de: D:\kerberos.htx\gamez1\Supercow\data\trophies\_a_tr13.jpg
[20:17:57] - [3] MIRKO.POZEN: Fichier envoyé: D:\kerberos.htx\gamez1\Supercow\data\trophies\_a_tr13.jpg (76,54 K/S -   78 373 bytes)
[20:17:58] - [3] MIRKO.POZEN: Début du Téléchargement de: D:\kerberos.htx\gamez1\Supercow\data\trophies\_a_tr2.jpg
[20:17:58] - [3] MIRKO.POZEN: Fichier envoyé: D:\kerberos.htx\gamez1\Supercow\data\trophies\_a_tr2.jpg (21,47 K/S -   21 989 bytes)
[20:17:58] - [3] MIRKO.POZEN: Début du Téléchargement de: D:\kerberos.htx\gamez1\Supercow\data\trophies\_a_tr3.jpg
[20:17:58] - [3] MIRKO.POZEN: Fichier envoyé: D:\kerberos.htx\gamez1\Supercow\data\trophies\_a_tr3.jpg (11,21 K/S -   11 479 bytes)
[20:17:59] - [3] MIRKO.POZEN: Début du Téléchargement de: D:\kerberos.htx\gamez1\Supercow\data\trophies\_a_tr4.jpg
[20:17:59] - [3] MIRKO.POZEN: Fichier envoyé: D:\kerberos.htx\gamez1\Supercow\data\trophies\_a_tr4.jpg (20,27 K/S -   20 753 bytes)
[20:17:59] - [3] MIRKO.POZEN: Début du Téléchargement de: D:\kerberos.htx\gamez1\Supercow\data\trophies\_a_tr5.jpg
[20:17:59] - [3] MIRKO.POZEN: Fichier envoyé: D:\kerberos.htx\gamez1\Supercow\data\trophies\_a_tr5.jpg (18,93 K/S -   19 383 bytes)
[20:18:00] - [3] MIRKO.POZEN: Début du Téléchargement de: D:\kerberos.htx\gamez1\Supercow\data\trophies\_a_tr6.jpg
[20:18:00] - [3] MIRKO.POZEN: Fichier envoyé: D:\kerberos.htx\gamez1\Supercow\data\trophies\_a_tr6.jpg (11,55 K/S -   11 830 bytes)
[20:18:00] - [3] MIRKO.POZEN: Début du Téléchargement de: D:\kerberos.htx\gamez1\Supercow\data\trophies\_a_tr7.jpg
[20:18:00] - [3] MIRKO.POZEN: Fichier envoyé: D:\kerberos.htx\gamez1\Supercow\data\trophies\_a_tr7.jpg (20,05 K/S -   20 536 bytes)
[20:18:01] - [3] MIRKO.POZEN: Début du Téléchargement de: D:\kerberos.htx\gamez1\Supercow\data\trophies\_a_tr8.jpg
[20:18:01] - [3] MIRKO.POZEN: Fichier envoyé: D:\kerberos.htx\gamez1\Supercow\data\trophies\_a_tr8.jpg (39,05 K/S -   39 992 bytes)
[20:18:01] - [3] MIRKO.POZEN: Début du Téléchargement de: D:\kerberos.htx\gamez1\Supercow\data\trophies\_a_tr9.jpg
[20:18:01] - [3] MIRKO.POZEN: Fichier envoyé: D:\kerberos.htx\gamez1\Supercow\data\trophies\_a_tr9.jpg (18,76 K/S -   19 211 bytes)
[20:18:02] - [3] MIRKO.POZEN: Répertoire en Cours: D:\kerberos.htx\gamez1\Supercow\data\sprites\
[20:18:02] - [3] MIRKO.POZEN: Début du Téléchargement de: D:\kerberos.htx\gamez1\Supercow\data\sprites\_a_aid.jpg
[20:18:02] - [3] MIRKO.POZEN: Fichier envoyé: D:\kerberos.htx\gamez1\Supercow\data\sprites\_a_aid.jpg (157,34 K/S -   161 117 bytes)
[20:18:03] - [3] MIRKO.POZEN: Début du Téléchargement de: D:\kerberos.htx\gamez1\Supercow\data\sprites\_a_box.jpg
[20:18:03] - [3] MIRKO.POZEN: Fichier envoyé: D:\kerberos.htx\gamez1\Supercow\data\sprites\_a_box.jpg (149,58 K/S -   153 168 bytes)
[20:18:03] - [3] MIRKO.POZEN: Début du Téléchargement de: D:\kerberos.htx\gamez1\Supercow\data\sprites\_a_bracelet.jpg
[20:18:04] - [3] MIRKO.POZEN: Fichier envoyé: D:\kerberos.htx\gamez1\Supercow\data\sprites\_a_bracelet.jpg (167,40 K/S -   171 421 bytes)
[20:18:05] - [3] MIRKO.POZEN: Début du Téléchargement de: D:\kerberos.htx\gamez1\Supercow\data\sprites\_a_brooch1.jpg
[20:18:05] - [3] MIRKO.POZEN: Fichier envoyé: D:\kerberos.htx\gamez1\Supercow\data\sprites\_a_brooch1.jpg (167,01 K/S -   171 019 bytes)
[20:18:06] - [3] MIRKO.POZEN: Début du Téléchargement de: D:\kerberos.htx\gamez1\Supercow\data\sprites\_a_coin1.jpg
[20:18:06] - [3] MIRKO.POZEN: Fichier envoyé: D:\kerberos.htx\gamez1\Supercow\data\sprites\_a_coin1.jpg (73,19 K/S -   74 944 bytes)
[20:18:07] - [3] MIRKO.POZEN: Début du Téléchargement de: D:\kerberos.htx\gamez1\Supercow\data\sprites\_a_coin2.jpg
[20:18:07] - [3] MIRKO.POZEN: Fichier envoyé: D:\kerberos.htx\gamez1\Supercow\data\sprites\_a_coin2.jpg (75,25 K/S -   77 059 bytes)
[20:18:08] - [3] MIRKO.POZEN: Début du Téléchargement de: D:\kerberos.htx\gamez1\Supercow\data\sprites\_a_coin3.jpg
[20:18:08] - [3] MIRKO.POZEN: Fichier envoyé: D:\kerberos.htx\gamez1\Supercow\data\sprites\_a_coin3.jpg (81,57 K/S -   83 526 bytes)
[20:18:08] - [3] MIRKO.POZEN: Début du Téléchargement de: D:\kerberos.htx\gamez1\Supercow\data\sprites\_a_crown.jpg
[20:18:09] - [3] MIRKO.POZEN: Fichier envoyé: D:\kerberos.htx\gamez1\Supercow\data\sprites\_a_crown.jpg (168,87 K/S -   172 927 bytes)
[20:18:09] - [3] MIRKO.POZEN: Début du Téléchargement de: D:\kerberos.htx\gamez1\Supercow\data\sprites\_a_diamond01.jpg
[20:18:10] - [3] MIRKO.POZEN: Fichier envoyé: D:\kerberos.htx\gamez1\Supercow\data\sprites\_a_diamond01.jpg (167,87 K/S -   171 898 bytes)
[20:18:10] - [3] MIRKO.POZEN: Début du Téléchargement de: D:\kerberos.htx\gamez1\Supercow\data\sprites\_a_diamond02.jpg
[20:18:10] - [3] MIRKO.POZEN: Fichier envoyé: D:\kerberos.htx\gamez1\Supercow\data\sprites\_a_diamond02.jpg (166,81 K/S -   170 818 bytes)
[20:18:10] - [3] MIRKO.POZEN: Début du Téléchargement de: D:\kerberos.htx\gamez1\Supercow\data\sprites\_a_diamond03.jpg
[20:18:10] - [3] MIRKO.POZEN: Fichier envoyé: D:\kerberos.htx\gamez1\Supercow\data\sprites\_a_diamond03.jpg (161,59 K/S -   165 471 bytes)
[20:18:11] - [3] MIRKO.POZEN: Début du Téléchargement de: D:\kerberos.htx\gamez1\Supercow\data\sprites\_a_goblet.jpg
[20:18:11] - [3] MIRKO.POZEN: Fichier envoyé: D:\kerberos.htx\gamez1\Supercow\data\sprites\_a_goblet.jpg (160,88 K/S -   164 746 bytes)
[20:18:11] - [3] MIRKO.POZEN: Début du Téléchargement de: D:\kerberos.htx\gamez1\Supercow\data\sprites\_a_gold.jpg
[20:18:11] - [3] MIRKO.POZEN: Fichier envoyé: D:\kerberos.htx\gamez1\Supercow\data\sprites\_a_gold.jpg (149,95 K/S -   153 545 bytes)
[20:18:12] - [3] MIRKO.POZEN: Début du Téléchargement de: D:\kerberos.htx\gamez1\Supercow\data\sprites\_a_key.jpg
[20:18:13] - [3] MIRKO.POZEN: Fichier envoyé: D:\kerberos.htx\gamez1\Supercow\data\sprites\_a_key.jpg (172,02 K/S -   176 149 bytes)
[20:18:13] - [3] MIRKO.POZEN: Début du Téléchargement de: D:\kerberos.htx\gamez1\Supercow\data\sprites\_a_life.jpg
[20:18:14] - [3] MIRKO.POZEN: Fichier envoyé: D:\kerberos.htx\gamez1\Supercow\data\sprites\_a_life.jpg (145,58 K/S -   149 072 bytes)
[20:18:14] - [3] MIRKO.POZEN: Début du Téléchargement de: D:\kerberos.htx\gamez1\Supercow\data\sprites\_a_locket1.jpg
[20:18:15] - [3] MIRKO.POZEN: Fichier envoyé: D:\kerberos.htx\gamez1\Supercow\data\sprites\_a_locket1.jpg (170,45 K/S -   174 539 bytes)
[20:18:15] - [3] MIRKO.POZEN: Début du Téléchargement de: D:\kerberos.htx\gamez1\Supercow\data\sprites\_a_nugget.jpg
[20:18:15] - [3] MIRKO.POZEN: Fichier envoyé: D:\kerberos.htx\gamez1\Supercow\data\sprites\_a_nugget.jpg (163,38 K/S -   167 300 bytes)
[20:18:18] - [3] MIRKO.POZEN: Début du Téléchargement de: D:\kerberos.htx\gamez1\Supercow\data\sprites\_a_pack.jpg
[20:18:18] - [3] MIRKO.POZEN: Fichier envoyé: D:\kerberos.htx\gamez1\Supercow\data\sprites\_a_pack.jpg (159,46 K/S -   163 285 bytes)
[20:18:18] - [3] MIRKO.POZEN: Début du Téléchargement de: D:\kerberos.htx\gamez1\Supercow\data\sprites\_a_perl.jpg
[20:18:19] - [3] MIRKO.POZEN: Fichier envoyé: D:\kerberos.htx\gamez1\Supercow\data\sprites\_a_perl.jpg (160,70 K/S -   164 555 bytes)
[20:18:19] - [3] MIRKO.POZEN: Début du Téléchargement de: D:\kerberos.htx\gamez1\Supercow\data\sprites\_a_pot.jpg
[20:18:19] - [3] MIRKO.POZEN: Fichier envoyé: D:\kerberos.htx\gamez1\Supercow\data\sprites\_a_pot.jpg (158,03 K/S -   161 823 bytes)
[20:18:20] - [3] MIRKO.POZEN: Début du Téléchargement de: D:\kerberos.htx\gamez1\Supercow\data\sprites\_a_rings1.jpg
[20:18:20] - [3] MIRKO.POZEN: Fichier envoyé: D:\kerberos.htx\gamez1\Supercow\data\sprites\_a_rings1.jpg (161,69 K/S -   165 567 bytes)
[20:18:20] - [3] MIRKO.POZEN: Début du Téléchargement de: D:\kerberos.htx\gamez1\Supercow\data\sprites\_a_rings2.jpg
[20:18:21] - [3] MIRKO.POZEN: Fichier envoyé: D:\kerberos.htx\gamez1\Supercow\data\sprites\_a_rings2.jpg (163,25 K/S -   167 168 bytes)
[20:18:21] - [3] MIRKO.POZEN: Début du Téléchargement de: D:\kerberos.htx\gamez1\Supercow\data\sprites\_a_rings3.jpg
[20:18:22] - [3] MIRKO.POZEN: Fichier envoyé: D:\kerberos.htx\gamez1\Supercow\data\sprites\_a_rings3.jpg (161,91 K/S -   165 798 bytes)
[20:18:22] - [3] MIRKO.POZEN: Début du Téléchargement de: D:\kerberos.htx\gamez1\Supercow\data\sprites\_a_sack.jpg
[20:18:23] - [3] MIRKO.POZEN: Fichier envoyé: D:\kerberos.htx\gamez1\Supercow\data\sprites\_a_sack.jpg (156,42 K/S -   160 174 bytes)
[20:18:23] - [3] MIRKO.POZEN: Début du Téléchargement de: D:\kerberos.htx\gamez1\Supercow\data\sprites\_a_scepter.jpg
[20:18:23] - [3] MIRKO.POZEN: Fichier envoyé: D:\kerberos.htx\gamez1\Supercow\data\sprites\_a_scepter.jpg (148,22 K/S -   151 775 bytes)
[20:18:24] - [3] MIRKO.POZEN: Répertoire en Cours: D:\kerberos.htx\gamez1\Supercow\data\sprites\Night\
[20:18:24] - [3] MIRKO.POZEN: Début du Téléchargement de: D:\kerberos.htx\gamez1\Supercow\data\sprites\Night\Night0000.jpg
[20:18:24] - [3] MIRKO.POZEN: Fichier envoyé: D:\kerberos.htx\gamez1\Supercow\data\sprites\Night\Night0000.jpg (17,21 K/S -   17 626 bytes)
[20:18:24] - [3] MIRKO.POZEN: Début du Téléchargement de: D:\kerberos.htx\gamez1\Supercow\data\sprites\Night\Night0001.jpg
[20:18:24] - [3] MIRKO.POZEN: Fichier envoyé: D:\kerberos.htx\gamez1\Supercow\data\sprites\Night\Night0001.jpg (17,31 K/S -   17 722 bytes)
[20:18:25] - [3] MIRKO.POZEN: Début du Téléchargement de: D:\kerberos.htx\gamez1\Supercow\data\sprites\Night\Night0002.jpg
[20:18:25] - [3] MIRKO.POZEN: Fichier envoyé: D:\kerberos.htx\gamez1\Supercow\data\sprites\Night\Night0002.jpg (17,35 K/S -   17 771 bytes)
[20:18:25] - [3] MIRKO.POZEN: Début du Téléchargement de: D:\kerberos.htx\gamez1\Supercow\data\sprites\Night\Night0003.jpg
[20:18:25] - [3] MIRKO.POZEN: Fichier envoyé: D:\kerberos.htx\gamez1\Supercow\data\sprites\Night\Night0003.jpg (17,38 K/S -   17 798 bytes)
[20:18:26] - [3] MIRKO.POZEN: Début du Téléchargement de: D:\kerberos.htx\gamez1\Supercow\data\sprites\Night\Night0004.jpg
[20:18:26] - [3] MIRKO.POZEN: Fichier envoyé: D:\kerberos.htx\gamez1\Supercow\data\sprites\Night\Night0004.jpg (17,19 K/S -   17 607 bytes)
[20:18:26] - [3] MIRKO.POZEN: Début du Téléchargement de: D:\kerberos.htx\gamez1\Supercow\data\sprites\Night\Night0005.jpg
[20:18:26] - [3] MIRKO.POZEN: Fichier envoyé: D:\kerberos.htx\gamez1\Supercow\data\sprites\Night\Night0005.jpg (17,28 K/S -   17 694 bytes)
[20:18:26] - [3] MIRKO.POZEN: Début du Téléchargement de: D:\kerberos.htx\gamez1\Supercow\data\sprites\Night\Night0006.jpg
[20:18:26] - [3] MIRKO.POZEN: Fichier envoyé: D:\kerberos.htx\gamez1\Supercow\data\sprites\Night\Night0006.jpg (17,29 K/S -   17 709 bytes)
[20:18:27] - [3] MIRKO.POZEN: Début du Téléchargement de: D:\kerberos.htx\gamez1\Supercow\data\sprites\Night\Night0007.jpg
[20:18:27] - [3] MIRKO.POZEN: Fichier envoyé: D:\kerberos.htx\gamez1\Supercow\data\sprites\Night\Night0007.jpg (17,27 K/S -   17 680 bytes)
[20:18:27] - [3] MIRKO.POZEN: Début du Téléchargement de: D:\kerberos.htx\gamez1\Supercow\data\sprites\Night\Night0008.jpg
[20:18:27] - [3] MIRKO.POZEN: Fichier envoyé: D:\kerberos.htx\gamez1\Supercow\data\sprites\Night\Night0008.jpg (17,45 K/S -   17 873 bytes)
[20:18:28] - [3] MIRKO.POZEN: Début du Téléchargement de: D:\kerberos.htx\gamez1\Supercow\data\sprites\Night\Night0009.jpg
[20:18:28] - [3] MIRKO.POZEN: Fichier envoyé: D:\kerberos.htx\gamez1\Supercow\data\sprites\Night\Night0009.jpg (17,37 K/S -   17 782 bytes)
[20:18:28] - [3] MIRKO.POZEN: Début du Téléchargement de: D:\kerberos.htx\gamez1\Supercow\data\sprites\Night\Night0010.jpg
[20:18:28] - [3] MIRKO.POZEN: Fichier envoyé: D:\kerberos.htx\gamez1\Supercow\data\sprites\Night\Night0010.jpg (17,16 K/S -   17 573 bytes)
[20:18:29] - [3] MIRKO.POZEN: Début du Téléchargement de: D:\kerberos.htx\gamez1\Supercow\data\sprites\Night\Night0011.jpg
[20:18:29] - [3] MIRKO.POZEN: Fichier envoyé: D:\kerberos.htx\gamez1\Supercow\data\sprites\Night\Night0011.jpg (17,01 K/S -   17 415 bytes)
[20:18:29] - [3] MIRKO.POZEN: Répertoire en Cours: D:\kerberos.htx\gamez1\Supercow\data\pers\
[20:18:29] - [3] MIRKO.POZEN: Début du Téléchargement de: D:\kerberos.htx\gamez1\Supercow\data\pers\_a_bull.jpg
[20:18:29] - [3] MIRKO.POZEN: Fichier envoyé: D:\kerberos.htx\gamez1\Supercow\data\pers\_a_bull.jpg (288,36 K/S -   295 276 bytes)
[20:18:29] - [3] MIRKO.POZEN: Début du Téléchargement de: D:\kerberos.htx\gamez1\Supercow\data\pers\_a_chicken.jpg
[20:18:30] - [3] MIRKO.POZEN: Fichier envoyé: D:\kerberos.htx\gamez1\Supercow\data\pers\_a_chicken.jpg (277,67 K/S -   284 332 bytes)
[20:18:30] - [3] MIRKO.POZEN: Début du Téléchargement de: D:\kerberos.htx\gamez1\Supercow\data\pers\_a_cock.jpg
[20:18:31] - [3] MIRKO.POZEN: Fichier envoyé: D:\kerberos.htx\gamez1\Supercow\data\pers\_a_cock.jpg (288,68 K/S -   295 607 bytes)
[20:18:31] - [3] MIRKO.POZEN: Début du Téléchargement de: D:\kerberos.htx\gamez1\Supercow\data\pers\_a_donkey.jpg
[20:18:31] - [3] MIRKO.POZEN: Fichier envoyé: D:\kerberos.htx\gamez1\Supercow\data\pers\_a_donkey.jpg (276,91 K/S -   283 552 bytes)
[20:18:32] - [3] MIRKO.POZEN: Début du Téléchargement de: D:\kerberos.htx\gamez1\Supercow\data\pers\_a_goat.jpg
[20:18:32] - [3] MIRKO.POZEN: Fichier envoyé: D:\kerberos.htx\gamez1\Supercow\data\pers\_a_goat.jpg (293,73 K/S -   300 783 bytes)
[20:18:32] - [3] MIRKO.POZEN: Début du Téléchargement de: D:\kerberos.htx\gamez1\Supercow\data\pers\_a_goose.jpg
[20:18:33] - [3] MIRKO.POZEN: Fichier envoyé: D:\kerberos.htx\gamez1\Supercow\data\pers\_a_goose.jpg (283,84 K/S -   290 651 bytes)
[20:18:33] - [3] MIRKO.POZEN: Début du Téléchargement de: D:\kerberos.htx\gamez1\Supercow\data\pers\_a_han.jpg
[20:18:33] - [3] MIRKO.POZEN: Fichier envoyé: D:\kerberos.htx\gamez1\Supercow\data\pers\_a_han.jpg (281,64 K/S -   288 400 bytes)
[20:18:33] - [3] MIRKO.POZEN: Début du Téléchargement de: D:\kerberos.htx\gamez1\Supercow\data\pers\_a_pig.jpg
[20:18:34] - [3] MIRKO.POZEN: Fichier envoyé: D:\kerberos.htx\gamez1\Supercow\data\pers\_a_pig.jpg (287,18 K/S -   294 076 bytes)
[20:18:34] - [3] MIRKO.POZEN: Début du Téléchargement de: D:\kerberos.htx\gamez1\Supercow\data\pers\_a_rabbit.jpg
[20:18:35] - [3] MIRKO.POZEN: Fichier envoyé: D:\kerberos.htx\gamez1\Supercow\data\pers\_a_rabbit.jpg (276,03 K/S -   282 656 bytes)
[20:18:35] - [3] MIRKO.POZEN: Début du Téléchargement de: D:\kerberos.htx\gamez1\Supercow\data\pers\_a_sheep.jpg
[20:18:36] - [3] MIRKO.POZEN: Fichier envoyé: D:\kerberos.htx\gamez1\Supercow\data\pers\_a_sheep.jpg (276,18 K/S -   282 809 bytes)
[20:18:36] - [3] MIRKO.POZEN: Répertoire en Cours: D:\kerberos.htx\gamez1\Supercow\data\levels\
[20:18:36] - [3] MIRKO.POZEN: Début du Téléchargement de: D:\kerberos.htx\gamez1\Supercow\data\levels\stages.txt
[20:18:36] - [3] MIRKO.POZEN: Fichier envoyé: D:\kerberos.htx\gamez1\Supercow\data\levels\stages.txt (0,20 K/S -    201 bytes)
[20:18:37] - [3] MIRKO.POZEN: Répertoire en Cours: D:\kerberos.htx\gamez1\Supercow\data\levels\9\
[20:18:37] - [3] MIRKO.POZEN: Début du Téléchargement de: D:\kerberos.htx\gamez1\Supercow\data\levels\9\level01.lev
[20:18:38] - [3] MIRKO.POZEN: Fichier envoyé: D:\kerberos.htx\gamez1\Supercow\data\levels\9\level01.lev (579,60 K/S -   593 512 bytes)
[20:18:38] - [3] MIRKO.POZEN: Début du Téléchargement de: D:\kerberos.htx\gamez1\Supercow\data\levels\9\level02.lev
[20:18:39] - [3] MIRKO.POZEN: Fichier envoyé: D:\kerberos.htx\gamez1\Supercow\data\levels\9\level02.lev (376,44 K/S -   770 958 bytes)
[20:18:40] - [3] MIRKO.POZEN: Début du Téléchargement de: D:\kerberos.htx\gamez1\Supercow\data\levels\9\level03.lev
[20:18:41] - [3] MIRKO.POZEN: Fichier envoyé: D:\kerberos.htx\gamez1\Supercow\data\levels\9\level03.lev (669,49 K/S -   685 559 bytes)
[20:18:41] - [3] MIRKO.POZEN: Début du Téléchargement de: D:\kerberos.htx\gamez1\Supercow\data\levels\9\level04.lev
[20:18:43] - [3] MIRKO.POZEN: Fichier envoyé: D:\kerberos.htx\gamez1\Supercow\data\levels\9\level04.lev (343,59 K/S -   703 677 bytes)
[20:18:43] - [3] MIRKO.POZEN: Début du Téléchargement de: D:\kerberos.htx\gamez1\Supercow\data\levels\9\level05.lev
[20:18:44] - [3] MIRKO.POZEN: Fichier envoyé: D:\kerberos.htx\gamez1\Supercow\data\levels\9\level05.lev (546,96 K/S -   560 086 bytes)
[20:18:44] - [3] MIRKO.POZEN: Répertoire en Cours: D:\kerberos.htx\gamez1\Supercow\data\levels\8\
[20:18:44] - [3] MIRKO.POZEN: Début du Téléchargement de: D:\kerberos.htx\gamez1\Supercow\data\levels\8\level01.lev
[20:18:46] - [3] MIRKO.POZEN: Fichier envoyé: D:\kerberos.htx\gamez1\Supercow\data\levels\8\level01.lev (583,85 K/S -   597 865 bytes)
[20:18:46] - [3] MIRKO.POZEN: Début du Téléchargement de: D:\kerberos.htx\gamez1\Supercow\data\levels\8\level02.lev
[20:18:47] - [3] MIRKO.POZEN: Fichier envoyé: D:\kerberos.htx\gamez1\Supercow\data\levels\8\level02.lev (542,73 K/S -   555 757 bytes)
[20:18:48] - [3] MIRKO.POZEN: Début du Téléchargement de: D:\kerberos.htx\gamez1\Supercow\data\levels\8\level03.lev
[20:18:49] - [3] MIRKO.POZEN: Fichier envoyé: D:\kerberos.htx\gamez1\Supercow\data\levels\8\level03.lev (614,97 K/S -   629 731 bytes)
[20:18:50] - [3] MIRKO.POZEN: Début du Téléchargement de: D:\kerberos.htx\gamez1\Supercow\data\levels\8\level04.lev
[20:18:52] - [3] MIRKO.POZEN: Fichier envoyé: D:\kerberos.htx\gamez1\Supercow\data\levels\8\level04.lev (349,38 K/S -   715 520 bytes)
[20:18:53] - [3] MIRKO.POZEN: Début du Téléchargement de: D:\kerberos.htx\gamez1\Supercow\data\levels\8\level05.lev
[20:18:54] - [3] MIRKO.POZEN: Fichier envoyé: D:\kerberos.htx\gamez1\Supercow\data\levels\8\level05.lev (317,36 K/S -   649 953 bytes)
[20:18:54] - [3] MIRKO.POZEN: Répertoire en Cours: D:\kerberos.htx\gamez1\Supercow\data\levels\7\
[20:18:55] - [3] MIRKO.POZEN: Début du Téléchargement de: D:\kerberos.htx\gamez1\Supercow\data\levels\7\level01.lev
[20:18:57] - [3] MIRKO.POZEN: Fichier envoyé: D:\kerberos.htx\gamez1\Supercow\data\levels\7\level01.lev (299,03 K/S -   612 422 bytes)
[20:18:57] - [3] MIRKO.POZEN: Début du Téléchargement de: D:\kerberos.htx\gamez1\Supercow\data\levels\7\level02.lev
[20:18:59] - [3] MIRKO.POZEN: Fichier envoyé: D:\kerberos.htx\gamez1\Supercow\data\levels\7\level02.lev (311,99 K/S -   638 955 bytes)
[20:18:59] - [3] MIRKO.POZEN: Début du Téléchargement de: D:\kerberos.htx\gamez1\Supercow\data\levels\7\level03.lev
[20:19:00] - [3] MIRKO.POZEN: Fichier envoyé: D:\kerberos.htx\gamez1\Supercow\data\levels\7\level03.lev (282,86 K/S -   579 302 bytes)
[20:19:01] - [3] MIRKO.POZEN: Début du Téléchargement de: D:\kerberos.htx\gamez1\Supercow\data\levels\7\level04.lev
[20:19:03] - [3] MIRKO.POZEN: Fichier envoyé: D:\kerberos.htx\gamez1\Supercow\data\levels\7\level04.lev (327,05 K/S -   669 808 bytes)
[20:19:03] - [3] MIRKO.POZEN: Début du Téléchargement de: D:\kerberos.htx\gamez1\Supercow\data\levels\7\level05.lev
[20:19:04] - [3] MIRKO.POZEN: Fichier envoyé: D:\kerberos.htx\gamez1\Supercow\data\levels\7\level05.lev (575,04 K/S -   588 843 bytes)
[20:19:04] - [3] MIRKO.POZEN: Répertoire en Cours: D:\kerberos.htx\gamez1\Supercow\data\levels\6\
[20:19:04] - [3] MIRKO.POZEN: Début du Téléchargement de: D:\kerberos.htx\gamez1\Supercow\data\levels\6\level01.lev
[20:19:05] - [3] MIRKO.POZEN: Fichier envoyé: D:\kerberos.htx\gamez1\Supercow\data\levels\6\level01.lev (599,66 K/S -   614 056 bytes)
[20:19:06] - [3] MIRKO.POZEN: Début du Téléchargement de: D:\kerberos.htx\gamez1\Supercow\data\levels\6\level02.lev
[20:19:06] - [3] MIRKO.POZEN: Fichier envoyé: D:\kerberos.htx\gamez1\Supercow\data\levels\6\level02.lev (496,28 K/S -   508 187 bytes)
[20:19:07] - [3] MIRKO.POZEN: Début du Téléchargement de: D:\kerberos.htx\gamez1\Supercow\data\levels\6\level03.lev
[20:19:08] - [3] MIRKO.POZEN: Fichier envoyé: D:\kerberos.htx\gamez1\Supercow\data\levels\6\level03.lev (510,29 K/S -   522 538 bytes)
[20:19:08] - [3] MIRKO.POZEN: Début du Téléchargement de: D:\kerberos.htx\gamez1\Supercow\data\levels\6\level04.lev
[20:19:10] - [3] MIRKO.POZEN: Fichier envoyé: D:\kerberos.htx\gamez1\Supercow\data\levels\6\level04.lev (365,04 K/S -   747 605 bytes)
[20:19:10] - [3] MIRKO.POZEN: Début du Téléchargement de: D:\kerberos.htx\gamez1\Supercow\data\levels\6\level05.lev
[20:19:11] - [3] MIRKO.POZEN: Fichier envoyé: D:\kerberos.htx\gamez1\Supercow\data\levels\6\level05.lev (339,26 K/S -   347 401 bytes)
[20:19:11] - [3] MIRKO.POZEN: Répertoire en Cours: D:\kerberos.htx\gamez1\Supercow\data\levels\5\
[20:19:11] - [3] MIRKO.POZEN: Début du Téléchargement de: D:\kerberos.htx\gamez1\Supercow\data\levels\5\level01.lev
[20:19:12] - [3] MIRKO.POZEN: Fichier envoyé: D:\kerberos.htx\gamez1\Supercow\data\levels\5\level01.lev (382,31 K/S -   391 484 bytes)
[20:19:13] - [3] MIRKO.POZEN: Début du Téléchargement de: D:\kerberos.htx\gamez1\Supercow\data\levels\5\level02.lev
[20:19:15] - [3] MIRKO.POZEN: Fichier envoyé: D:\kerberos.htx\gamez1\Supercow\data\levels\5\level02.lev (244,05 K/S -   499 805 bytes)
[20:19:16] - [3] MIRKO.POZEN: Début du Téléchargement de: D:\kerberos.htx\gamez1\Supercow\data\levels\5\level03.lev
[20:19:17] - [3] MIRKO.POZEN: Fichier envoyé: D:\kerberos.htx\gamez1\Supercow\data\levels\5\level03.lev (499,67 K/S -   511 658 bytes)
[20:19:17] - [3] MIRKO.POZEN: Début du Téléchargement de: D:\kerberos.htx\gamez1\Supercow\data\levels\5\level04.lev
[20:19:18] - [3] MIRKO.POZEN: Fichier envoyé: D:\kerberos.htx\gamez1\Supercow\data\levels\5\level04.lev (498,71 K/S -   510 674 bytes)
[20:19:18] - [3] MIRKO.POZEN: Début du Téléchargement de: D:\kerberos.htx\gamez1\Supercow\data\levels\5\level05.lev
[20:19:19] - [3] MIRKO.POZEN: Fichier envoyé: D:\kerberos.htx\gamez1\Supercow\data\levels\5\level05.lev (425,29 K/S -   435 494 bytes)
[20:19:19] - [3] MIRKO.POZEN: Répertoire en Cours: D:\kerberos.htx\gamez1\Supercow\data\levels\4\
[20:19:20] - [3] MIRKO.POZEN: Début du Téléchargement de: D:\kerberos.htx\gamez1\Supercow\data\levels\4\level01.lev
[20:19:21] - [3] MIRKO.POZEN: Fichier envoyé: D:\kerberos.htx\gamez1\Supercow\data\levels\4\level01.lev (247,74 K/S -   507 379 bytes)
[20:19:22] - [3] MIRKO.POZEN: Début du Téléchargement de: D:\kerberos.htx\gamez1\Supercow\data\levels\4\level02.lev
[20:19:22] - [3] MIRKO.POZEN: Fichier envoyé: D:\kerberos.htx\gamez1\Supercow\data\levels\4\level02.lev (349,53 K/S -   357 919 bytes)
[20:19:22] - [3] MIRKO.POZEN: Début du Téléchargement de: D:\kerberos.htx\gamez1\Supercow\data\levels\4\level03.lev
[20:19:23] - [3] MIRKO.POZEN: Fichier envoyé: D:\kerberos.htx\gamez1\Supercow\data\levels\4\level03.lev (229,14 K/S -   469 284 bytes)
[20:19:24] - [3] MIRKO.POZEN: Début du Téléchargement de: D:\kerberos.htx\gamez1\Supercow\data\levels\4\level04.lev
[20:19:24] - [3] MIRKO.POZEN: Fichier envoyé: D:\kerberos.htx\gamez1\Supercow\data\levels\4\level04.lev (361,70 K/S -   370 377 bytes)
[20:19:25] - [3] MIRKO.POZEN: Début du Téléchargement de: D:\kerberos.htx\gamez1\Supercow\data\levels\4\level05.lev
[20:19:25] - [3] MIRKO.POZEN: Fichier envoyé: D:\kerberos.htx\gamez1\Supercow\data\levels\4\level05.lev (193,33 K/S -   197 969 bytes)
[20:19:25] - [3] MIRKO.POZEN: Répertoire en Cours: D:\kerberos.htx\gamez1\Supercow\data\levels\3\
[20:19:25] - [3] MIRKO.POZEN: Début du Téléchargement de: D:\kerberos.htx\gamez1\Supercow\data\levels\3\level01.lev
[20:19:26] - [3] MIRKO.POZEN: Fichier envoyé: D:\kerberos.htx\gamez1\Supercow\data\levels\3\level01.lev (653,31 K/S -   668 994 bytes)
[20:19:26] - [3] MIRKO.POZEN: Début du Téléchargement de: D:\kerberos.htx\gamez1\Supercow\data\levels\3\level02.lev
[20:19:27] - [3] MIRKO.POZEN: Fichier envoyé: D:\kerberos.htx\gamez1\Supercow\data\levels\3\level02.lev (313,53 K/S -   321 056 bytes)
[20:19:27] - [3] MIRKO.POZEN: Début du Téléchargement de: D:\kerberos.htx\gamez1\Supercow\data\levels\3\level03.lev
[20:19:28] - [3] MIRKO.POZEN: Fichier envoyé: D:\kerberos.htx\gamez1\Supercow\data\levels\3\level03.lev (394,45 K/S -   403 920 bytes)
[20:19:28] - [3] MIRKO.POZEN: Début du Téléchargement de: D:\kerberos.htx\gamez1\Supercow\data\levels\3\level04.lev
[20:19:31] - [3] MIRKO.POZEN: Fichier envoyé: D:\kerberos.htx\gamez1\Supercow\data\levels\3\level04.lev (214,93 K/S -   440 179 bytes)
[20:19:31] - [3] MIRKO.POZEN: Début du Téléchargement de: D:\kerberos.htx\gamez1\Supercow\data\levels\3\level05.lev
[20:19:33] - [3] MIRKO.POZEN: Fichier envoyé: D:\kerberos.htx\gamez1\Supercow\data\levels\3\level05.lev (420,22 K/S -   430 310 bytes)
[20:19:33] - [3] MIRKO.POZEN: Répertoire en Cours: D:\kerberos.htx\gamez1\Supercow\data\levels\2\
[20:19:33] - [3] MIRKO.POZEN: Début du Téléchargement de: D:\kerberos.htx\gamez1\Supercow\data\levels\2\level01.lev
[20:19:34] - [3] MIRKO.POZEN: Fichier envoyé: D:\kerberos.htx\gamez1\Supercow\data\levels\2\level01.lev (252,98 K/S -   259 053 bytes)
[20:19:34] - [3] MIRKO.POZEN: Début du Téléchargement de: D:\kerberos.htx\gamez1\Supercow\data\levels\2\level02.lev
[20:19:36] - [3] MIRKO.POZEN: Fichier envoyé: D:\kerberos.htx\gamez1\Supercow\data\levels\2\level02.lev (187,14 K/S -   383 261 bytes)
[20:19:36] - [3] MIRKO.POZEN: Début du Téléchargement de: D:\kerberos.htx\gamez1\Supercow\data\levels\2\level03.lev
[20:19:36] - [3] MIRKO.POZEN: Fichier envoyé: D:\kerberos.htx\gamez1\Supercow\data\levels\2\level03.lev (275,91 K/S -   282 527 bytes)
[20:19:37] - [3] MIRKO.POZEN: Début du Téléchargement de: D:\kerberos.htx\gamez1\Supercow\data\levels\2\level04.lev
[20:19:38] - [3] MIRKO.POZEN: Fichier envoyé: D:\kerberos.htx\gamez1\Supercow\data\levels\2\level04.lev (150,52 K/S -   308 257 bytes)
[20:19:39] - [3] MIRKO.POZEN: Répertoire en Cours: D:\kerberos.htx\gamez1\Supercow\data\levels\12\
[20:19:39] - [3] MIRKO.POZEN: Début du Téléchargement de: D:\kerberos.htx\gamez1\Supercow\data\levels\12\level01.lev
[20:19:39] - [3] MIRKO.POZEN: Fichier envoyé: D:\kerberos.htx\gamez1\Supercow\data\levels\12\level01.lev (101,04 K/S -   103 469 bytes)
[20:19:40] - [3] MIRKO.POZEN: Répertoire en Cours: D:\kerberos.htx\gamez1\Supercow\data\levels\11\
[20:19:40] - [3] MIRKO.POZEN: Début du Téléchargement de: D:\kerberos.htx\gamez1\Supercow\data\levels\11\level01.lev
[20:19:41] - [3] MIRKO.POZEN: Fichier envoyé: D:\kerberos.htx\gamez1\Supercow\data\levels\11\level01.lev (103,27 K/S -   105 745 bytes)
[20:19:42] - [3] MIRKO.POZEN: Début du Téléchargement de: D:\kerberos.htx\gamez1\Supercow\data\levels\11\level02.lev
[20:19:42] - [3] MIRKO.POZEN: Fichier envoyé: D:\kerberos.htx\gamez1\Supercow\data\levels\11\level02.lev (101,03 K/S -   103 458 bytes)
[20:19:42] - [3] MIRKO.POZEN: Début du Téléchargement de: D:\kerberos.htx\gamez1\Supercow\data\levels\11\level03.lev
[20:19:42] - [3] MIRKO.POZEN: Fichier envoyé: D:\kerberos.htx\gamez1\Supercow\data\levels\11\level03.lev (101,14 K/S -   103 568 bytes)
[20:19:42] - [3] MIRKO.POZEN: Début du Téléchargement de: D:\kerberos.htx\gamez1\Supercow\data\levels\11\level04.lev
[20:19:42] - [3] MIRKO.POZEN: Fichier envoyé: D:\kerberos.htx\gamez1\Supercow\data\levels\11\level04.lev (97,51 K/S -   99 855 bytes)
[20:19:43] - [3] MIRKO.POZEN: Début du Téléchargement de: D:\kerberos.htx\gamez1\Supercow\data\levels\11\level05.lev
[20:19:43] - [3] MIRKO.POZEN: Fichier envoyé: D:\kerberos.htx\gamez1\Supercow\data\levels\11\level05.lev (100,79 K/S -   103 207 bytes)
[20:19:43] - [3] MIRKO.POZEN: Début du Téléchargement de: D:\kerberos.htx\gamez1\Supercow\data\levels\11\level06.lev
[20:19:43] - [3] MIRKO.POZEN: Fichier envoyé: D:\kerberos.htx\gamez1\Supercow\data\levels\11\level06.lev (99,41 K/S -   101 793 bytes)
[20:19:44] - [3] MIRKO.POZEN: Début du Téléchargement de: D:\kerberos.htx\gamez1\Supercow\data\levels\11\level07.lev
[20:19:45] - [3] MIRKO.POZEN: Fichier envoyé: D:\kerberos.htx\gamez1\Supercow\data\levels\11\level07.lev (103,91 K/S -   106 401 bytes)
[20:19:45] - [3] MIRKO.POZEN: Répertoire en Cours: D:\kerberos.htx\gamez1\Supercow\data\levels\10\
[20:19:45] - [3] MIRKO.POZEN: Début du Téléchargement de: D:\kerberos.htx\gamez1\Supercow\data\levels\10\level01.lev
[20:19:47] - [3] MIRKO.POZEN: Fichier envoyé: D:\kerberos.htx\gamez1\Supercow\data\levels\10\level01.lev (250,40 K/S -   769 228 bytes)
[20:19:48] - [3] MIRKO.POZEN: Début du Téléchargement de: D:\kerberos.htx\gamez1\Supercow\data\levels\10\level02.lev
[20:19:50] - [3] MIRKO.POZEN: Fichier envoyé: D:\kerberos.htx\gamez1\Supercow\data\levels\10\level02.lev (247,30 K/S -   759 705 bytes)
[20:19:51] - [3] MIRKO.POZEN: Début du Téléchargement de: D:\kerberos.htx\gamez1\Supercow\data\levels\10\level03.lev
[20:19:52] - [3] MIRKO.POZEN: Fichier envoyé: D:\kerberos.htx\gamez1\Supercow\data\levels\10\level03.lev (607,63 K/S -   622 216 bytes)
[20:19:52] - [3] MIRKO.POZEN: Début du Téléchargement de: D:\kerberos.htx\gamez1\Supercow\data\levels\10\level04.lev
[20:19:53] - [3] MIRKO.POZEN: Fichier envoyé: D:\kerberos.htx\gamez1\Supercow\data\levels\10\level04.lev (602,87 K/S -   617 334 bytes)
[20:19:53] - [3] MIRKO.POZEN: Début du Téléchargement de: D:\kerberos.htx\gamez1\Supercow\data\levels\10\level05.lev
[20:19:54] - [3] MIRKO.POZEN: Fichier envoyé: D:\kerberos.htx\gamez1\Supercow\data\levels\10\level05.lev (407,41 K/S -   417 186 bytes)
[20:19:54] - [3] MIRKO.POZEN: Début du Téléchargement de: D:\kerberos.htx\gamez1\Supercow\data\levels\10\level06.lev
[20:19:54] - [3] MIRKO.POZEN: Fichier envoyé: D:\kerberos.htx\gamez1\Supercow\data\levels\10\level06.lev (131,06 K/S -   134 205 bytes)
[20:19:55] - [3] MIRKO.POZEN: Répertoire en Cours: D:\kerberos.htx\gamez1\Supercow\data\levels\1\
[20:19:55] - [3] MIRKO.POZEN: Début du Téléchargement de: D:\kerberos.htx\gamez1\Supercow\data\levels\1\level01.lev
[20:19:57] - [3] MIRKO.POZEN: Fichier envoyé: D:\kerberos.htx\gamez1\Supercow\data\levels\1\level01.lev (134,83 K/S -   276 129 bytes)
[20:19:57] - [3] MIRKO.POZEN: Début du Téléchargement de: D:\kerberos.htx\gamez1\Supercow\data\levels\1\level02.lev
[20:19:58] - [3] MIRKO.POZEN: Fichier envoyé: D:\kerberos.htx\gamez1\Supercow\data\levels\1\level02.lev (283,30 K/S -   290 104 bytes)
[20:19:58] - [3] MIRKO.POZEN: Début du Téléchargement de: D:\kerberos.htx\gamez1\Supercow\data\levels\1\level03.lev
[20:19:59] - [3] MIRKO.POZEN: Fichier envoyé: D:\kerberos.htx\gamez1\Supercow\data\levels\1\level03.lev (322,41 K/S -   330 152 bytes)
[20:19:59] - [3] MIRKO.POZEN: Répertoire en Cours: D:\kerberos.htx\gamez1\Supercow\data\levelobjs\
[20:19:59] - [3] MIRKO.POZEN: Début du Téléchargement de: D:\kerberos.htx\gamez1\Supercow\data\levelobjs\electro.jpg
[20:19:59] - [3] MIRKO.POZEN: Fichier envoyé: D:\kerberos.htx\gamez1\Supercow\data\levelobjs\electro.jpg (9,86 K/S -   10 093 bytes)
[20:20:00] - [3] MIRKO.POZEN: Début du Téléchargement de: D:\kerberos.htx\gamez1\Supercow\data\levelobjs\hellfire.jpg
[20:20:00] - [3] MIRKO.POZEN: Fichier envoyé: D:\kerberos.htx\gamez1\Supercow\data\levelobjs\hellfire.jpg (4,31 K/S -   4 414 bytes)
[20:20:00] - [3] MIRKO.POZEN: Début du Téléchargement de: D:\kerberos.htx\gamez1\Supercow\data\levelobjs\water.jpg
[20:20:00] - [3] MIRKO.POZEN: Fichier envoyé: D:\kerberos.htx\gamez1\Supercow\data\levelobjs\water.jpg (22,55 K/S -   23 095 bytes)
[20:20:01] - [3] MIRKO.POZEN: Début du Téléchargement de: D:\kerberos.htx\gamez1\Supercow\data\levelobjs\white.jpg
[20:20:01] - [3] MIRKO.POZEN: Fichier envoyé: D:\kerberos.htx\gamez1\Supercow\data\levelobjs\white.jpg (2,09 K/S -   2 143 bytes)
[20:20:01] - [3] MIRKO.POZEN: Début du Téléchargement de: D:\kerberos.htx\gamez1\Supercow\data\levelobjs\_a_apple.jpg
[20:20:01] - [3] MIRKO.POZEN: Fichier envoyé: D:\kerberos.htx\gamez1\Supercow\data\levelobjs\_a_apple.jpg (5,62 K/S -   5 755 bytes)
[20:20:01] - [3] MIRKO.POZEN: Début du Téléchargement de: D:\kerberos.htx\gamez1\Supercow\data\levelobjs\_a_art_001.jpg
[20:20:01] - [3] MIRKO.POZEN: Fichier envoyé: D:\kerberos.htx\gamez1\Supercow\data\levelobjs\_a_art_001.jpg (21,41 K/S -   21 922 bytes)
[20:20:01] - [3] MIRKO.POZEN: Début du Téléchargement de: D:\kerberos.htx\gamez1\Supercow\data\levelobjs\_a_art_002.jpg
[20:20:01] - [3] MIRKO.POZEN: Fichier envoyé: D:\kerberos.htx\gamez1\Supercow\data\levelobjs\_a_art_002.jpg (5,97 K/S -   6 112 bytes)
[20:20:01] - [3] MIRKO.POZEN: Début du Téléchargement de: D:\kerberos.htx\gamez1\Supercow\data\levelobjs\_a_art_003.jpg
[20:20:01] - [3] MIRKO.POZEN: Fichier envoyé: D:\kerberos.htx\gamez1\Supercow\data\levelobjs\_a_art_003.jpg (21,17 K/S -   21 681 bytes)
[20:20:01] - [3] MIRKO.POZEN: Début du Téléchargement de: D:\kerberos.htx\gamez1\Supercow\data\levelobjs\_a_art_004.jpg
[20:20:01] - [3] MIRKO.POZEN: Fichier envoyé: D:\kerberos.htx\gamez1\Supercow\data\levelobjs\_a_art_004.jpg (21,53 K/S -   22 050 bytes)
[20:20:01] - [3] MIRKO.POZEN: Début du Téléchargement de: D:\kerberos.htx\gamez1\Supercow\data\levelobjs\_a_art_005.jpg
[20:20:01] - [3] MIRKO.POZEN: Fichier envoyé: D:\kerberos.htx\gamez1\Supercow\data\levelobjs\_a_art_005.jpg (6,31 K/S -   6 459 bytes)
[20:20:02] - [3] MIRKO.POZEN: Début du Téléchargement de: D:\kerberos.htx\gamez1\Supercow\data\levelobjs\_a_art_006.jpg
[20:20:02] - [3] MIRKO.POZEN: Fichier envoyé: D:\kerberos.htx\gamez1\Supercow\data\levelobjs\_a_art_006.jpg (6,51 K/S -   6 668 bytes)
[20:20:02] - [3] MIRKO.POZEN: Début du Téléchargement de: D:\kerberos.htx\gamez1\Supercow\data\levelobjs\_a_art_007.jpg
[20:20:02] - [3] MIRKO.POZEN: Fichier envoyé: D:\kerberos.htx\gamez1\Supercow\data\levelobjs\_a_art_007.jpg (79,14 K/S -   81 041 bytes)
[20:20:03] - [3] MIRKO.POZEN: Début du Téléchargement de: D:\kerberos.htx\gamez1\Supercow\data\levelobjs\_a_art_008.jpg
[20:20:03] - [3] MIRKO.POZEN: Fichier envoyé: D:\kerberos.htx\gamez1\Supercow\data\levelobjs\_a_art_008.jpg (10,30 K/S -   10 543 bytes)
[20:20:03] - [3] MIRKO.POZEN: Début du Téléchargement de: D:\kerberos.htx\gamez1\Supercow\data\levelobjs\_a_art_009.jpg
[20:20:03] - [3] MIRKO.POZEN: Fichier envoyé: D:\kerberos.htx\gamez1\Supercow\data\levelobjs\_a_art_009.jpg (20,36 K/S -   20 849 bytes)
[20:20:04] - [3] MIRKO.POZEN: Début du Téléchargement de: D:\kerberos.htx\gamez1\Supercow\data\levelobjs\_a_art_010.jpg
[20:20:04] - [3] MIRKO.POZEN: Fichier envoyé: D:\kerberos.htx\gamez1\Supercow\data\levelobjs\_a_art_010.jpg (77,95 K/S -   79 822 bytes)
[20:20:05] - [3] MIRKO.POZEN: Début du Téléchargement de: D:\kerberos.htx\gamez1\Supercow\data\levelobjs\_a_art_011.jpg
[20:20:05] - [3] MIRKO.POZEN: Fichier envoyé: D:\kerberos.htx\gamez1\Supercow\data\levelobjs\_a_art_011.jpg (5,53 K/S -   5 658 bytes)
[20:20:05] - [3] MIRKO.POZEN: Début du Téléchargement de: D:\kerberos.htx\gamez1\Supercow\data\levelobjs\_a_art_012.jpg
[20:20:05] - [3] MIRKO.POZEN: Fichier envoyé: D:\kerberos.htx\gamez1\Supercow\data\levelobjs\_a_art_012.jpg (18,93 K/S -   19 380 bytes)
[20:20:06] - [3] MIRKO.POZEN: Début du Téléchargement de: D:\kerberos.htx\gamez1\Supercow\data\levelobjs\_a_art_013.jpg
[20:20:06] - [3] MIRKO.POZEN: Fichier envoyé: D:\kerberos.htx\gamez1\Supercow\data\levelobjs\_a_art_013.jpg (76,14 K/S -   77 963 bytes)
[20:20:06] - [3] MIRKO.POZEN: Début du Téléchargement de: D:\kerberos.htx\gamez1\Supercow\data\levelobjs\_a_art_014.jpg
[20:20:06] - [3] MIRKO.POZEN: Fichier envoyé: D:\kerberos.htx\gamez1\Supercow\data\levelobjs\_a_art_014.jpg (11,02 K/S -   11 289 bytes)
[20:20:07] - [3] MIRKO.POZEN: Début du Téléchargement de: D:\kerberos.htx\gamez1\Supercow\data\levelobjs\_a_art_015.jpg
[20:20:07] - [3] MIRKO.POZEN: Fichier envoyé: D:\kerberos.htx\gamez1\Supercow\data\levelobjs\_a_art_015.jpg (5,61 K/S -   5 745 bytes)
[20:20:07] - [3] MIRKO.POZEN: Début du Téléchargement de: D:\kerberos.htx\gamez1\Supercow\data\levelobjs\_a_art_016.jpg
[20:20:07] - [3] MIRKO.POZEN: Fichier envoyé: D:\kerberos.htx\gamez1\Supercow\data\levelobjs\_a_art_016.jpg (10,71 K/S -   10 964 bytes)
[20:20:08] - [3] MIRKO.POZEN: Début du Téléchargement de: D:\kerberos.htx\gamez1\Supercow\data\levelobjs\_a_art_017.jpg
[20:20:08] - [3] MIRKO.POZEN: Fichier envoyé: D:\kerberos.htx\gamez1\Supercow\data\levelobjs\_a_art_017.jpg (39,58 K/S -   40 530 bytes)
[20:20:08] - [3] MIRKO.POZEN: Début du Téléchargement de: D:\kerberos.htx\gamez1\Supercow\data\levelobjs\_a_art_018.jpg
[20:20:08] - [3] MIRKO.POZEN: Fichier envoyé: D:\kerberos.htx\gamez1\Supercow\data\levelobjs\_a_art_018.jpg (21,02 K/S -   21 525 bytes)
[20:20:09] - [3] MIRKO.POZEN: Début du Téléchargement de: D:\kerberos.htx\gamez1\Supercow\data\levelobjs\_a_art_019.jpg
[20:20:09] - [3] MIRKO.POZEN: Fichier envoyé: D:\kerberos.htx\gamez1\Supercow\data\levelobjs\_a_art_019.jpg (21,98 K/S -   22 510 bytes)
[20:20:09] - [3] MIRKO.POZEN: Début du Téléchargement de: D:\kerberos.htx\gamez1\Supercow\data\levelobjs\_a_art_020.jpg
[20:20:09] - [3] MIRKO.POZEN: Fichier envoyé: D:\kerberos.htx\gamez1\Supercow\data\levelobjs\_a_art_020.jpg (6,03 K/S -   6 175 bytes)
[20:20:10] - [3] MIRKO.POZEN: Début du Téléchargement de: D:\kerberos.htx\gamez1\Supercow\data\levelobjs\_a_art_021.jpg
[20:20:10] - [3] MIRKO.POZEN: Fichier envoyé: D:\kerberos.htx\gamez1\Supercow\data\levelobjs\_a_art_021.jpg (20,00 K/S -   20 481 bytes)
[20:20:10] - [3] MIRKO.POZEN: Début du Téléchargement de: D:\kerberos.htx\gamez1\Supercow\data\levelobjs\_a_art_022.jpg
[20:20:10] - [3] MIRKO.POZEN: Fichier envoyé: D:\kerberos.htx\gamez1\Supercow\data\levelobjs\_a_art_022.jpg (6,24 K/S -   6 394 bytes)
[20:20:10] - [3] MIRKO.POZEN: Début du Téléchargement de: D:\kerberos.htx\gamez1\Supercow\data\levelobjs\_a_art_023.jpg
[20:20:10] - [3] MIRKO.POZEN: Fichier envoyé: D:\kerberos.htx\gamez1\Supercow\data\levelobjs\_a_art_023.jpg (19,73 K/S -   20 203 bytes)
[20:20:11] - [3] MIRKO.POZEN: Début du Téléchargement de: D:\kerberos.htx\gamez1\Supercow\data\levelobjs\_a_art_024.jpg
[20:20:11] - [3] MIRKO.POZEN: Fichier envoyé: D:\kerberos.htx\gamez1\Supercow\data\levelobjs\_a_art_024.jpg (19,31 K/S -   19 769 bytes)
[20:20:11] - [3] MIRKO.POZEN: Début du Téléchargement de: D:\kerberos.htx\gamez1\Supercow\data\levelobjs\_a_art_025.jpg
[20:20:11] - [3] MIRKO.POZEN: Fichier envoyé: D:\kerberos.htx\gamez1\Supercow\data\levelobjs\_a_art_025.jpg (11,90 K/S -   12 189 bytes)
[20:20:12] - [3] MIRKO.POZEN: Début du Téléchargement de: D:\kerberos.htx\gamez1\Supercow\data\levelobjs\_a_art_026.jpg
[20:20:12] - [3] MIRKO.POZEN: Fichier envoyé: D:\kerberos.htx\gamez1\Supercow\data\levelobjs\_a_art_026.jpg (11,31 K/S -   11 585 bytes)
[20:20:12] - [3] MIRKO.POZEN: Début du Téléchargement de: D:\kerberos.htx\gamez1\Supercow\data\levelobjs\_a_art_027.jpg
[20:20:12] - [3] MIRKO.POZEN: Fichier envoyé: D:\kerberos.htx\gamez1\Supercow\data\levelobjs\_a_art_027.jpg (12,65 K/S -   12 956 bytes)
[20:20:13] - [3] MIRKO.POZEN: Début du Téléchargement de: D:\kerberos.htx\gamez1\Supercow\data\levelobjs\_a_art_028.jpg
[20:20:13] - [3] MIRKO.POZEN: Fichier envoyé: D:\kerberos.htx\gamez1\Supercow\data\levelobjs\_a_art_028.jpg (24,17 K/S -   24 748 bytes)
[20:20:13] - [3] MIRKO.POZEN: Début du Téléchargement de: D:\kerberos.htx\gamez1\Supercow\data\levelobjs\_a_art_029.jpg
[20:20:13] - [3] MIRKO.POZEN: Fichier envoyé: D:\kerberos.htx\gamez1\Supercow\data\levelobjs\_a_art_029.jpg (23,61 K/S -   24 175 bytes)
[20:20:14] - [3] MIRKO.POZEN: Début du Téléchargement de: D:\kerberos.htx\gamez1\Supercow\data\levelobjs\_a_art_030.jpg
[20:20:14] - [3] MIRKO.POZEN: Fichier envoyé: D:\kerberos.htx\gamez1\Supercow\data\levelobjs\_a_art_030.jpg (23,64 K/S -   24 207 bytes)
[20:20:14] - [3] MIRKO.POZEN: Début du Téléchargement de: D:\kerberos.htx\gamez1\Supercow\data\levelobjs\_a_art_031.jpg
[20:20:14] - [3] MIRKO.POZEN: Fichier envoyé: D:\kerberos.htx\gamez1\Supercow\data\levelobjs\_a_art_031.jpg (80,27 K/S -   82 193 bytes)
[20:20:15] - [3] MIRKO.POZEN: Début du Téléchargement de: D:\kerberos.htx\gamez1\Supercow\data\levelobjs\_a_art_032.jpg
[20:20:15] - [3] MIRKO.POZEN: Fichier envoyé: D:\kerberos.htx\gamez1\Supercow\data\levelobjs\_a_art_032.jpg (1,92 K/S -   1 961 bytes)
[20:20:15] - [3] MIRKO.POZEN: Début du Téléchargement de: D:\kerberos.htx\gamez1\Supercow\data\levelobjs\_a_art_033.jpg
[20:20:15] - [3] MIRKO.POZEN: Fichier envoyé: D:\kerberos.htx\gamez1\Supercow\data\levelobjs\_a_art_033.jpg (2,04 K/S -   2 085 bytes)
[20:20:15] - [3] MIRKO.POZEN: Début du Téléchargement de: D:\kerberos.htx\gamez1\Supercow\data\levelobjs\_a_art_034.jpg
[20:20:15] - [3] MIRKO.POZEN: Fichier envoyé: D:\kerberos.htx\gamez1\Supercow\data\levelobjs\_a_art_034.jpg (80,10 K/S -   82 020 bytes)
[20:20:16] - [3] MIRKO.POZEN: Début du Téléchargement de: D:\kerberos.htx\gamez1\Supercow\data\levelobjs\_a_art_035.jpg
[20:20:16] - [3] MIRKO.POZEN: Fichier envoyé: D:\kerberos.htx\gamez1\Supercow\data\levelobjs\_a_art_035.jpg (79,12 K/S -   81 016 bytes)
[20:20:16] - [3] MIRKO.POZEN: Début du Téléchargement de: D:\kerberos.htx\gamez1\Supercow\data\levelobjs\_a_art_036.jpg
[20:20:17] - [3] MIRKO.POZEN: Fichier envoyé: D:\kerberos.htx\gamez1\Supercow\data\levelobjs\_a_art_036.jpg (77,14 K/S -   78 993 bytes)
[20:20:17] - [3] MIRKO.POZEN: Début du Téléchargement de: D:\kerberos.htx\gamez1\Supercow\data\levelobjs\_a_badexit1.jpg
[20:20:17] - [3] MIRKO.POZEN: Fichier envoyé: D:\kerberos.htx\gamez1\Supercow\data\levelobjs\_a_badexit1.jpg (42,92 K/S -   43 946 bytes)
[20:20:18] - [3] MIRKO.POZEN: Début du Téléchargement de: D:\kerberos.htx\gamez1\Supercow\data\levelobjs\_a_badexit2.jpg
[20:20:18] - [3] MIRKO.POZEN: Fichier envoyé: D:\kerberos.htx\gamez1\Supercow\data\levelobjs\_a_badexit2.jpg (44,08 K/S -   45 141 bytes)
[20:20:18] - [3] MIRKO.POZEN: Début du Téléchargement de: D:\kerberos.htx\gamez1\Supercow\data\levelobjs\_a_badexit3.jpg
[20:20:18] - [3] MIRKO.POZEN: Fichier envoyé: D:\kerberos.htx\gamez1\Supercow\data\levelobjs\_a_badexit3.jpg (44,51 K/S -   45 582 bytes)
[20:20:19] - [3] MIRKO.POZEN: Début du Téléchargement de: D:\kerberos.htx\gamez1\Supercow\data\levelobjs\_a_bad_wc.jpg
[20:20:19] - [3] MIRKO.POZEN: Fichier envoyé: D:\kerberos.htx\gamez1\Supercow\data\levelobjs\_a_bad_wc.jpg (76,47 K/S -   78 301 bytes)
[20:20:20] - [3] MIRKO.POZEN: Début du Téléchargement de: D:\kerberos.htx\gamez1\Supercow\data\levelobjs\_a_barrel1.jpg
[20:20:20] - [3] MIRKO.POZEN: Fichier envoyé: D:\kerberos.htx\gamez1\Supercow\data\levelobjs\_a_barrel1.jpg (19,80 K/S -   20 279 bytes)
[20:20:20] - [3] MIRKO.POZEN: Début du Téléchargement de: D:\kerberos.htx\gamez1\Supercow\data\levelobjs\_a_barrel2.jpg
[20:20:20] - [3] MIRKO.POZEN: Fichier envoyé: D:\kerberos.htx\gamez1\Supercow\data\levelobjs\_a_barrel2.jpg (21,02 K/S -   21 524 bytes)
[20:20:21] - [3] MIRKO.POZEN: Début du Téléchargement de: D:\kerberos.htx\gamez1\Supercow\data\levelobjs\_a_bochka1.jpg
[20:20:21] - [3] MIRKO.POZEN: Fichier envoyé: D:\kerberos.htx\gamez1\Supercow\data\levelobjs\_a_bochka1.jpg (10,45 K/S -   10 700 bytes)
[20:20:21] - [3] MIRKO.POZEN: Début du Téléchargement de: D:\kerberos.htx\gamez1\Supercow\data\levelobjs\_a_bridge0.jpg
[20:20:21] - [3] MIRKO.POZEN: Fichier envoyé: D:\kerberos.htx\gamez1\Supercow\data\levelobjs\_a_bridge0.jpg (5,34 K/S -   5 470 bytes)
[20:20:21] - [3] MIRKO.POZEN: Début du Téléchargement de: D:\kerberos.htx\gamez1\Supercow\data\levelobjs\_a_bridge1.jpg
[20:20:22] - [3] MIRKO.POZEN: Fichier envoyé: D:\kerberos.htx\gamez1\Supercow\data\levelobjs\_a_bridge1.jpg (3,44 K/S -   3 524 bytes)
[20:20:22] - [3] MIRKO.POZEN: Début du Téléchargement de: D:\kerberos.htx\gamez1\Supercow\data\levelobjs\_a_bucket1.jpg
[20:20:22] - [3] MIRKO.POZEN: Fichier envoyé: D:\kerberos.htx\gamez1\Supercow\data\levelobjs\_a_bucket1.jpg (3,28 K/S -   3 359 bytes)
[20:20:22] - [3] MIRKO.POZEN: Début du Téléchargement de: D:\kerberos.htx\gamez1\Supercow\data\levelobjs\_a_bucket2.jpg
[20:20:22] - [3] MIRKO.POZEN: Fichier envoyé: D:\kerberos.htx\gamez1\Supercow\data\levelobjs\_a_bucket2.jpg (5,64 K/S -   5 776 bytes)
[20:20:23] - [3] MIRKO.POZEN: Début du Téléchargement de: D:\kerberos.htx\gamez1\Supercow\data\levelobjs\_a_bucket3.jpg
[20:20:23] - [3] MIRKO.POZEN: Fichier envoyé: D:\kerberos.htx\gamez1\Supercow\data\levelobjs\_a_bucket3.jpg (5,83 K/S -   5 971 bytes)
[20:20:23] - [3] MIRKO.POZEN: Début du Téléchargement de: D:\kerberos.htx\gamez1\Supercow\data\levelobjs\_a_bush03.jpg
[20:20:23] - [3] MIRKO.POZEN: Fichier envoyé: D:\kerberos.htx\gamez1\Supercow\data\levelobjs\_a_bush03.jpg (20,97 K/S -   21 474 bytes)
[20:20:24] - [3] MIRKO.POZEN: Début du Téléchargement de: D:\kerberos.htx\gamez1\Supercow\data\levelobjs\_a_bush04.jpg
[20:20:24] - [3] MIRKO.POZEN: Fichier envoyé: D:\kerberos.htx\gamez1\Supercow\data\levelobjs\_a_bush04.jpg (20,60 K/S -   21 097 bytes)
[20:20:24] - [3] MIRKO.POZEN: Début du Téléchargement de: D:\kerberos.htx\gamez1\Supercow\data\levelobjs\_a_bush05.jpg
[20:20:24] - [3] MIRKO.POZEN: Fichier envoyé: D:\kerberos.htx\gamez1\Supercow\data\levelobjs\_a_bush05.jpg (21,50 K/S -   22 021 bytes)
[20:20:25] - [3] MIRKO.POZEN: Début du Téléchargement de: D:\kerberos.htx\gamez1\Supercow\data\levelobjs\_a_bush06.jpg
[20:20:25] - [3] MIRKO.POZEN: Fichier envoyé: D:\kerberos.htx\gamez1\Supercow\data\levelobjs\_a_bush06.jpg (21,47 K/S -   21 989 bytes)
[20:20:25] - [3] MIRKO.POZEN: Début du Téléchargement de: D:\kerberos.htx\gamez1\Supercow\data\levelobjs\_a_bush07.jpg
[20:20:25] - [3] MIRKO.POZEN: Fichier envoyé: D:\kerberos.htx\gamez1\Supercow\data\levelobjs\_a_bush07.jpg (20,71 K/S -   21 211 bytes)
[20:20:26] - [3] MIRKO.POZEN: Début du Téléchargement de: D:\kerberos.htx\gamez1\Supercow\data\levelobjs\_a_bush08.jpg
[20:20:26] - [3] MIRKO.POZEN: Fichier envoyé: D:\kerberos.htx\gamez1\Supercow\data\levelobjs\_a_bush08.jpg (19,94 K/S -   20 418 bytes)
[20:20:26] - [3] MIRKO.POZEN: Début du Téléchargement de: D:\kerberos.htx\gamez1\Supercow\data\levelobjs\_a_bush09.jpg
[20:20:26] - [3] MIRKO.POZEN: Fichier envoyé: D:\kerberos.htx\gamez1\Supercow\data\levelobjs\_a_bush09.jpg (20,10 K/S -   20 585 bytes)
[20:20:27] - [3] MIRKO.POZEN: Début du Téléchargement de: D:\kerberos.htx\gamez1\Supercow\data\levelobjs\_a_checkpoint01.jpg
[20:20:27] - [3] MIRKO.POZEN: Fichier envoyé: D:\kerberos.htx\gamez1\Supercow\data\levelobjs\_a_checkpoint01.jpg (38,17 K/S -   39 085 bytes)
[20:20:27] - [3] MIRKO.POZEN: Début du Téléchargement de: D:\kerberos.htx\gamez1\Supercow\data\levelobjs\_a_checkpoint02.jpg
[20:20:28] - [3] MIRKO.POZEN: Fichier envoyé: D:\kerberos.htx\gamez1\Supercow\data\levelobjs\_a_checkpoint02.jpg (38,88 K/S -   39 811 bytes)
[20:20:28] - [3] MIRKO.POZEN: Début du Téléchargement de: D:\kerberos.htx\gamez1\Supercow\data\levelobjs\_a_checkpoint03.jpg
[20:20:28] - [3] MIRKO.POZEN: Fichier envoyé: D:\kerberos.htx\gamez1\Supercow\data\levelobjs\_a_checkpoint03.jpg (39,39 K/S -   40 337 bytes)
[20:20:29] - [3] MIRKO.POZEN: Début du Téléchargement de: D:\kerberos.htx\gamez1\Supercow\data\levelobjs\_a_checkpointEVIL01.jpg
[20:20:29] - [3] MIRKO.POZEN: Fichier envoyé: D:\kerberos.htx\gamez1\Supercow\data\levelobjs\_a_checkpointEVIL01.jpg (38,11 K/S -   39 025 bytes)
[20:20:29] - [3] MIRKO.POZEN: Début du Téléchargement de: D:\kerberos.htx\gamez1\Supercow\data\levelobjs\_a_checkpointEVIL02.jpg
[20:20:29] - [3] MIRKO.POZEN: Fichier envoyé: D:\kerberos.htx\gamez1\Supercow\data\levelobjs\_a_checkpointEVIL02.jpg (38,48 K/S -   39 405 bytes)
[20:20:30] - [3] MIRKO.POZEN: Début du Téléchargement de: D:\kerberos.htx\gamez1\Supercow\data\levelobjs\_a_checkpointEVIL03.jpg
[20:20:30] - [3] MIRKO.POZEN: Fichier envoyé: D:\kerberos.htx\gamez1\Supercow\data\levelobjs\_a_checkpointEVIL03.jpg (38,79 K/S -   39 723 bytes)
[20:20:31] - [3] MIRKO.POZEN: Début du Téléchargement de: D:\kerberos.htx\gamez1\Supercow\data\levelobjs\_a_clothes1.jpg
[20:20:31] - [3] MIRKO.POZEN: Fichier envoyé: D:\kerberos.htx\gamez1\Supercow\data\levelobjs\_a_clothes1.jpg (11,42 K/S -   11 691 bytes)
[20:20:31] - [3] MIRKO.POZEN: Début du Téléchargement de: D:\kerberos.htx\gamez1\Supercow\data\levelobjs\_a_clothes2.jpg
[20:20:31] - [3] MIRKO.POZEN: Fichier envoyé: D:\kerberos.htx\gamez1\Supercow\data\levelobjs\_a_clothes2.jpg (3,26 K/S -   3 339 bytes)
[20:20:32] - [3] MIRKO.POZEN: Début du Téléchargement de: D:\kerberos.htx\gamez1\Supercow\data\levelobjs\_a_clothes3.jpg
[20:20:32] - [3] MIRKO.POZEN: Fichier envoyé: D:\kerberos.htx\gamez1\Supercow\data\levelobjs\_a_clothes3.jpg (6,02 K/S -   6 163 bytes)
[20:20:32] - [3] MIRKO.POZEN: Début du Téléchargement de: D:\kerberos.htx\gamez1\Supercow\data\levelobjs\_a_clothes4.jpg
[20:20:32] - [3] MIRKO.POZEN: Fichier envoyé: D:\kerberos.htx\gamez1\Supercow\data\levelobjs\_a_clothes4.jpg (3,22 K/S -   3 301 bytes)
[20:20:32] - [3] MIRKO.POZEN: Début du Téléchargement de: D:\kerberos.htx\gamez1\Supercow\data\levelobjs\_a_clothes5.jpg
[20:20:32] - [3] MIRKO.POZEN: Fichier envoyé: D:\kerberos.htx\gamez1\Supercow\data\levelobjs\_a_clothes5.jpg (20,79 K/S -   21 287 bytes)
[20:20:33] - [3] MIRKO.POZEN: Début du Téléchargement de: D:\kerberos.htx\gamez1\Supercow\data\levelobjs\_a_clothes6.jpg
[20:20:33] - [3] MIRKO.POZEN: Fichier envoyé: D:\kerberos.htx\gamez1\Supercow\data\levelobjs\_a_clothes6.jpg (10,71 K/S -   10 968 bytes)
[20:20:33] - [3] MIRKO.POZEN: Début du Téléchargement de: D:\kerberos.htx\gamez1\Supercow\data\levelobjs\_a_clothes7.jpg
[20:20:33] - [3] MIRKO.POZEN: Fichier envoyé: D:\kerberos.htx\gamez1\Supercow\data\levelobjs\_a_clothes7.jpg (6,49 K/S -   6 646 bytes)
[20:20:33] - [3] MIRKO.POZEN: Début du Téléchargement de: D:\kerberos.htx\gamez1\Supercow\data\levelobjs\_a_cloud1.jpg
[20:20:33] - [3] MIRKO.POZEN: Fichier envoyé: D:\kerberos.htx\gamez1\Supercow\data\levelobjs\_a_cloud1.jpg (5,86 K/S -   5 998 bytes)
[20:20:33] - [3] MIRKO.POZEN: Début du Téléchargement de: D:\kerberos.htx\gamez1\Supercow\data\levelobjs\_a_colb_crash.jpg
[20:20:33] - [3] MIRKO.POZEN: Fichier envoyé: D:\kerberos.htx\gamez1\Supercow\data\levelobjs\_a_colb_crash.jpg (42,12 K/S -   43 135 bytes)
[20:20:33] - [3] MIRKO.POZEN: Début du Téléchargement de: D:\kerberos.htx\gamez1\Supercow\data\levelobjs\_a_colb_dog.jpg
[20:20:33] - [3] MIRKO.POZEN: Fichier envoyé: D:\kerberos.htx\gamez1\Supercow\data\levelobjs\_a_colb_dog.jpg (44,62 K/S -   45 691 bytes)
[20:20:33] - [3] MIRKO.POZEN: Début du Téléchargement de: D:\kerberos.htx\gamez1\Supercow\data\levelobjs\_a_colb_full.jpg
[20:20:33] - [3] MIRKO.POZEN: Fichier envoyé: D:\kerberos.htx\gamez1\Supercow\data\levelobjs\_a_colb_full.jpg (42,82 K/S -   43 847 bytes)
[20:20:34] - [3] MIRKO.POZEN: Début du Téléchargement de: D:\kerberos.htx\gamez1\Supercow\data\levelobjs\_a_colb_krot.jpg
[20:20:34] - [3] MIRKO.POZEN: Fichier envoyé: D:\kerberos.htx\gamez1\Supercow\data\levelobjs\_a_colb_krot.jpg (44,58 K/S -   45 649 bytes)
[20:20:35] - [3] MIRKO.POZEN: Début du Téléchargement de: D:\kerberos.htx\gamez1\Supercow\data\levelobjs\_a_colb_osa.jpg
[20:20:35] - [3] MIRKO.POZEN: Fichier envoyé: D:\kerberos.htx\gamez1\Supercow\data\levelobjs\_a_colb_osa.jpg (44,33 K/S -   45 389 bytes)
[20:20:35] - [3] MIRKO.POZEN: Début du Téléchargement de: D:\kerberos.htx\gamez1\Supercow\data\levelobjs\_a_colb_safe.jpg
[20:20:35] - [3] MIRKO.POZEN: Fichier envoyé: D:\kerberos.htx\gamez1\Supercow\data\levelobjs\_a_colb_safe.jpg (42,74 K/S -   43 767 bytes)
[20:20:36] - [3] MIRKO.POZEN: Début du Téléchargement de: D:\kerberos.htx\gamez1\Supercow\data\levelobjs\_a_danger1.jpg
[20:20:36] - [3] MIRKO.POZEN: Fichier envoyé: D:\kerberos.htx\gamez1\Supercow\data\levelobjs\_a_danger1.jpg (6,04 K/S -   6 183 bytes)
[20:20:36] - [3] MIRKO.POZEN: Début du Téléchargement de: D:\kerberos.htx\gamez1\Supercow\data\levelobjs\_a_dynplatform1.jpg
[20:20:36] - [3] MIRKO.POZEN: Fichier envoyé: D:\kerberos.htx\gamez1\Supercow\data\levelobjs\_a_dynplatform1.jpg (21,98 K/S -   22 512 bytes)
[20:20:37] - [3] MIRKO.POZEN: Début du Téléchargement de: D:\kerberos.htx\gamez1\Supercow\data\levelobjs\_a_dynplatform2.jpg
[20:20:37] - [3] MIRKO.POZEN: Fichier envoyé: D:\kerberos.htx\gamez1\Supercow\data\levelobjs\_a_dynplatform2.jpg (23,51 K/S -   24 075 bytes)
[20:20:37] - [3] MIRKO.POZEN: Début du Téléchargement de: D:\kerberos.htx\gamez1\Supercow\data\levelobjs\_a_dynplatform3.jpg
[20:20:38] - [3] MIRKO.POZEN: Fichier envoyé: D:\kerberos.htx\gamez1\Supercow\data\levelobjs\_a_dynplatform3.jpg (22,52 K/S -   23 062 bytes)
[20:20:38] - [3] MIRKO.POZEN: Début du Téléchargement de: D:\kerberos.htx\gamez1\Supercow\data\levelobjs\_a_dynplatform4.jpg
[20:20:38] - [3] MIRKO.POZEN: Fichier envoyé: D:\kerberos.htx\gamez1\Supercow\data\levelobjs\_a_dynplatform4.jpg (23,86 K/S -   24 432 bytes)
[20:20:39] - [3] MIRKO.POZEN: Début du Téléchargement de: D:\kerberos.htx\gamez1\Supercow\data\levelobjs\_a_egipt05.jpg
[20:20:39] - [3] MIRKO.POZEN: Fichier envoyé: D:\kerberos.htx\gamez1\Supercow\data\levelobjs\_a_egipt05.jpg (65,61 K/S -   67 187 bytes)
[20:20:39] - [3] MIRKO.POZEN: Début du Téléchargement de: D:\kerberos.htx\gamez1\Supercow\data\levelobjs\_a_egipt06.jpg
[20:20:39] - [3] MIRKO.POZEN: Fichier envoyé: D:\kerberos.htx\gamez1\Supercow\data\levelobjs\_a_egipt06.jpg (65,61 K/S -   67 187 bytes)
[20:20:40] - [3] MIRKO.POZEN: Début du Téléchargement de: D:\kerberos.htx\gamez1\Supercow\data\levelobjs\_a_elevator1.jpg
[20:20:40] - [3] MIRKO.POZEN: Fichier envoyé: D:\kerberos.htx\gamez1\Supercow\data\levelobjs\_a_elevator1.jpg (79,36 K/S -   81 261 bytes)
[20:20:41] - [3] MIRKO.POZEN: Début du Téléchargement de: D:\kerberos.htx\gamez1\Supercow\data\levelobjs\_a_elevator2.jpg
[20:20:41] - [3] MIRKO.POZEN: Fichier envoyé: D:\kerberos.htx\gamez1\Supercow\data\levelobjs\_a_elevator2.jpg (21,33 K/S -   21 846 bytes)
[20:20:41] - [3] MIRKO.POZEN: Début du Téléchargement de: D:\kerberos.htx\gamez1\Supercow\data\levelobjs\_a_exit.jpg
[20:20:41] - [3] MIRKO.POZEN: Fichier envoyé: D:\kerberos.htx\gamez1\Supercow\data\levelobjs\_a_exit.jpg (41,15 K/S -   42 133 bytes)
[20:20:41] - [3] MIRKO.POZEN: Début du Téléchargement de: D:\kerberos.htx\gamez1\Supercow\data\levelobjs\_a_fence1.jpg
[20:20:41] - [3] MIRKO.POZEN: Fichier envoyé: D:\kerberos.htx\gamez1\Supercow\data\levelobjs\_a_fence1.jpg (83,09 K/S -   85 081 bytes)
[20:20:42] - [3] MIRKO.POZEN: Début du Téléchargement de: D:\kerberos.htx\gamez1\Supercow\data\levelobjs\_a_fence2.jpg
[20:20:42] - [3] MIRKO.POZEN: Fichier envoyé: D:\kerberos.htx\gamez1\Supercow\data\levelobjs\_a_fence2.jpg (82,90 K/S -   84 887 bytes)
[20:20:43] - [3] MIRKO.POZEN: Début du Téléchargement de: D:\kerberos.htx\gamez1\Supercow\data\levelobjs\_a_fire.jpg
[20:20:43] - [3] MIRKO.POZEN: Fichier envoyé: D:\kerberos.htx\gamez1\Supercow\data\levelobjs\_a_fire.jpg (21,39 K/S -   21 908 bytes)
[20:20:43] - [3] MIRKO.POZEN: Début du Téléchargement de: D:\kerberos.htx\gamez1\Supercow\data\levelobjs\_a_firmness.jpg
[20:20:43] - [3] MIRKO.POZEN: Fichier envoyé: D:\kerberos.htx\gamez1\Supercow\data\levelobjs\_a_firmness.jpg (6,06 K/S -   6 207 bytes)
[20:20:44] - [3] MIRKO.POZEN: Début du Téléchargement de: D:\kerberos.htx\gamez1\Supercow\data\levelobjs\_a_flowers1.jpg
[20:20:44] - [3] MIRKO.POZEN: Fichier envoyé: D:\kerberos.htx\gamez1\Supercow\data\levelobjs\_a_flowers1.jpg (23,64 K/S -   24 204 bytes)
[20:20:44] - [3] MIRKO.POZEN: Début du Téléchargement de: D:\kerberos.htx\gamez1\Supercow\data\levelobjs\_a_grate.jpg
[20:20:45] - [3] MIRKO.POZEN: Fichier envoyé: D:\kerberos.htx\gamez1\Supercow\data\levelobjs\_a_grate.jpg (91,07 K/S -   93 253 bytes)
[20:20:45] - [3] MIRKO.POZEN: Début du Téléchargement de: D:\kerberos.htx\gamez1\Supercow\data\levelobjs\_a_grate2.jpg
[20:20:45] - [3] MIRKO.POZEN: Fichier envoyé: D:\kerberos.htx\gamez1\Supercow\data\levelobjs\_a_grate2.jpg (99,49 K/S -   101 875 bytes)
[20:20:45] - [3] MIRKO.POZEN: Début du Téléchargement de: D:\kerberos.htx\gamez1\Supercow\data\levelobjs\_a_ground1.jpg
[20:20:46] - [3] MIRKO.POZEN: Fichier envoyé: D:\kerberos.htx\gamez1\Supercow\data\levelobjs\_a_ground1.jpg (325,42 K/S -   333 232 bytes)
[20:20:46] - [3] MIRKO.POZEN: Début du Téléchargement de: D:\kerberos.htx\gamez1\Supercow\data\levelobjs\_a_ground2.jpg
[20:20:46] - [3] MIRKO.POZEN: Fichier envoyé: D:\kerberos.htx\gamez1\Supercow\data\levelobjs\_a_ground2.jpg (335,39 K/S -   343 435 bytes)
[20:20:46] - [3] MIRKO.POZEN: Début du Téléchargement de: D:\kerberos.htx\gamez1\Supercow\data\levelobjs\_a_ground3.jpg
[20:20:47] - [3] MIRKO.POZEN: Fichier envoyé: D:\kerberos.htx\gamez1\Supercow\data\levelobjs\_a_ground3.jpg (315,21 K/S -   322 774 bytes)
[20:20:47] - [3] MIRKO.POZEN: Début du Téléchargement de: D:\kerberos.htx\gamez1\Supercow\data\levelobjs\_a_ground4.jpg
[20:20:48] - [3] MIRKO.POZEN: Fichier envoyé: D:\kerberos.htx\gamez1\Supercow\data\levelobjs\_a_ground4.jpg (344,94 K/S -   353 214 bytes)
[20:20:48] - [3] MIRKO.POZEN: Début du Téléchargement de: D:\kerberos.htx\gamez1\Supercow\data\levelobjs\_a_ground5.jpg
[20:20:49] - [3] MIRKO.POZEN: Fichier envoyé: D:\kerberos.htx\gamez1\Supercow\data\levelobjs\_a_ground5.jpg (170,98 K/S -   350 157 bytes)
[20:20:50] - [3] MIRKO.POZEN: Début du Téléchargement de: D:\kerberos.htx\gamez1\Supercow\data\levelobjs\_a_guillotine.jpg
[20:20:50] - [3] MIRKO.POZEN: Fichier envoyé: D:\kerberos.htx\gamez1\Supercow\data\levelobjs\_a_guillotine.jpg (20,52 K/S -   21 017 bytes)
[20:20:50] - [3] MIRKO.POZEN: Début du Téléchargement de: D:\kerberos.htx\gamez1\Supercow\data\levelobjs\_a_guillotine2.jpg
[20:20:50] - [3] MIRKO.POZEN: Fichier envoyé: D:\kerberos.htx\gamez1\Supercow\data\levelobjs\_a_guillotine2.jpg (21,76 K/S -   22 287 bytes)
[20:20:51] - [3] MIRKO.POZEN: Début du Téléchargement de: D:\kerberos.htx\gamez1\Supercow\data\levelobjs\_a_guillo_down.jpg
[20:20:51] - [3] MIRKO.POZEN: Fichier envoyé: D:\kerberos.htx\gamez1\Supercow\data\levelobjs\_a_guillo_down.jpg (5,71 K/S -   5 844 bytes)
[20:20:52] - [3] MIRKO.POZEN: Début du Téléchargement de: D:\kerberos.htx\gamez1\Supercow\data\levelobjs\_a_guillo_down2.jpg
[20:20:52] - [3] MIRKO.POZEN: Fichier envoyé: D:\kerberos.htx\gamez1\Supercow\data\levelobjs\_a_guillo_down2.jpg (5,62 K/S -   5 758 bytes)
[20:20:52] - [3] MIRKO.POZEN: Début du Téléchargement de: D:\kerberos.htx\gamez1\Supercow\data\levelobjs\_a_guillo_up.jpg
[20:20:52] - [3] MIRKO.POZEN: Fichier envoyé: D:\kerberos.htx\gamez1\Supercow\data\levelobjs\_a_guillo_up.jpg (6,22 K/S -   6 370 bytes)
[20:20:52] - [3] MIRKO.POZEN: Début du Téléchargement de: D:\kerberos.htx\gamez1\Supercow\data\levelobjs\_a_guillo_up2.jpg
[20:20:52] - [3] MIRKO.POZEN: Fichier envoyé: D:\kerberos.htx\gamez1\Supercow\data\levelobjs\_a_guillo_up2.jpg (6,53 K/S -   6 684 bytes)
[20:20:52] - [3] MIRKO.POZEN: Début du Téléchargement de: D:\kerberos.htx\gamez1\Supercow\data\levelobjs\_a_hand.jpg
[20:20:53] - [3] MIRKO.POZEN: Fichier envoyé: D:\kerberos.htx\gamez1\Supercow\data\levelobjs\_a_hand.jpg (5,82 K/S -   5 956 bytes)
[20:20:53] - [3] MIRKO.POZEN: Début du Téléchargement de: D:\kerberos.htx\gamez1\Supercow\data\levelobjs\_a_hand_dunno.jpg
[20:20:53] - [3] MIRKO.POZEN: Fichier envoyé: D:\kerberos.htx\gamez1\Supercow\data\levelobjs\_a_hand_dunno.jpg (6,23 K/S -   6 382 bytes)
[20:20:53] - [3] MIRKO.POZEN: Début du Téléchargement de: D:\kerberos.htx\gamez1\Supercow\data\levelobjs\_a_hand_no.jpg
[20:20:53] - [3] MIRKO.POZEN: Fichier envoyé: D:\kerberos.htx\gamez1\Supercow\data\levelobjs\_a_hand_no.jpg (5,91 K/S -   6 047 bytes)
[20:20:54] - [3] MIRKO.POZEN: Début du Téléchargement de: D:\kerberos.htx\gamez1\Supercow\data\levelobjs\_a_horseshoe.jpg
[20:20:54] - [3] MIRKO.POZEN: Fichier envoyé: D:\kerberos.htx\gamez1\Supercow\data\levelobjs\_a_horseshoe.jpg (6,33 K/S -   6 486 bytes)
[20:20:54] - [3] MIRKO.POZEN: Début du Téléchargement de: D:\kerberos.htx\gamez1\Supercow\data\levelobjs\_a_house1.jpg
[20:20:54] - [3] MIRKO.POZEN: Fichier envoyé: D:\kerberos.htx\gamez1\Supercow\data\levelobjs\_a_house1.jpg (85,64 K/S -   87 697 bytes)
[20:20:55] - [3] MIRKO.POZEN: Début du Téléchargement de: D:\kerberos.htx\gamez1\Supercow\data\levelobjs\_a_house2.jpg
[20:20:55] - [3] MIRKO.POZEN: Fichier envoyé: D:\kerberos.htx\gamez1\Supercow\data\levelobjs\_a_house2.jpg (83,73 K/S -   85 739 bytes)
[20:20:55] - [3] MIRKO.POZEN: Début du Téléchargement de: D:\kerberos.htx\gamez1\Supercow\data\levelobjs\_a_house3.jpg
[20:20:55] - [3] MIRKO.POZEN: Fichier envoyé: D:\kerberos.htx\gamez1\Supercow\data\levelobjs\_a_house3.jpg (85,24 K/S -   87 283 bytes)
[20:20:56] - [3] MIRKO.POZEN: Début du Téléchargement de: D:\kerberos.htx\gamez1\Supercow\data\levelobjs\_a_house4.jpg
[20:20:56] - [3] MIRKO.POZEN: Fichier envoyé: D:\kerberos.htx\gamez1\Supercow\data\levelobjs\_a_house4.jpg (88,71 K/S -   90 836 bytes)
[20:20:56] - [3] MIRKO.POZEN: Début du Téléchargement de: D:\kerberos.htx\gamez1\Supercow\data\levelobjs\_a_jump.jpg
[20:20:56] - [3] MIRKO.POZEN: Fichier envoyé: D:\kerberos.htx\gamez1\Supercow\data\levelobjs\_a_jump.jpg (5,83 K/S -   5 969 bytes)
[20:20:57] - [3] MIRKO.POZEN: Début du Téléchargement de: D:\kerberos.htx\gamez1\Supercow\data\levelobjs\_a_kennel.jpg
[20:20:57] - [3] MIRKO.POZEN: Fichier envoyé: D:\kerberos.htx\gamez1\Supercow\data\levelobjs\_a_kennel.jpg (77,43 K/S -   79 289 bytes)
[20:20:57] - [3] MIRKO.POZEN: Début du Téléchargement de: D:\kerberos.htx\gamez1\Supercow\data\levelobjs\_a_korito.jpg
[20:20:57] - [3] MIRKO.POZEN: Fichier envoyé: D:\kerberos.htx\gamez1\Supercow\data\levelobjs\_a_korito.jpg (10,83 K/S -   11 094 bytes)
[20:20:58] - [3] MIRKO.POZEN: Début du Téléchargement de: D:\kerberos.htx\gamez1\Supercow\data\levelobjs\_a_liana.jpg
[20:20:58] - [3] MIRKO.POZEN: Fichier envoyé: D:\kerberos.htx\gamez1\Supercow\data\levelobjs\_a_liana.jpg (1,90 K/S -   1 948 bytes)
[20:20:58] - [3] MIRKO.POZEN: Début du Téléchargement de: D:\kerberos.htx\gamez1\Supercow\data\levelobjs\_a_liana_down.jpg
[20:20:58] - [3] MIRKO.POZEN: Fichier envoyé: D:\kerberos.htx\gamez1\Supercow\data\levelobjs\_a_liana_down.jpg (1,99 K/S -   2 035 bytes)
[20:20:58] - [3] MIRKO.POZEN: Début du Téléchargement de: D:\kerberos.htx\gamez1\Supercow\data\levelobjs\_a_liana_up.jpg
[20:20:58] - [3] MIRKO.POZEN: Fichier envoyé: D:\kerberos.htx\gamez1\Supercow\data\levelobjs\_a_liana_up.jpg (6,21 K/S -   6 361 bytes)
[20:20:59] - [3] MIRKO.POZEN: Début du Téléchargement de: D:\kerberos.htx\gamez1\Supercow\data\levelobjs\_a_light1.jpg
[20:20:59] - [3] MIRKO.POZEN: Fichier envoyé: D:\kerberos.htx\gamez1\Supercow\data\levelobjs\_a_light1.jpg (33,11 K/S -   33 907 bytes)
[20:20:59] - [3] MIRKO.POZEN: Début du Téléchargement de: D:\kerberos.htx\gamez1\Supercow\data\levelobjs\_a_light2.jpg
[20:20:59] - [3] MIRKO.POZEN: Fichier envoyé: D:\kerberos.htx\gamez1\Supercow\data\levelobjs\_a_light2.jpg (33,11 K/S -   33 907 bytes)
[20:21:00] - [3] MIRKO.POZEN: Début du Téléchargement de: D:\kerberos.htx\gamez1\Supercow\data\levelobjs\_a_meshok.jpg
[20:21:00] - [3] MIRKO.POZEN: Fichier envoyé: D:\kerberos.htx\gamez1\Supercow\data\levelobjs\_a_meshok.jpg (22,05 K/S -   22 582 bytes)
[20:21:00] - [3] MIRKO.POZEN: Début du Téléchargement de: D:\kerberos.htx\gamez1\Supercow\data\levelobjs\_a_metal_box.jpg
[20:21:00] - [3] MIRKO.POZEN: Fichier envoyé: D:\kerberos.htx\gamez1\Supercow\data\levelobjs\_a_metal_box.jpg (19,48 K/S -   19 947 bytes)
[20:21:01] - [3] MIRKO.POZEN: Début du Téléchargement de: D:\kerberos.htx\gamez1\Supercow\data\levelobjs\_a_mummy.jpg
[20:21:01] - [3] MIRKO.POZEN: Fichier envoyé: D:\kerberos.htx\gamez1\Supercow\data\levelobjs\_a_mummy.jpg (21,42 K/S -   21 937 bytes)
[20:21:02] - [3] MIRKO.POZEN: Début du Téléchargement de: D:\kerberos.htx\gamez1\Supercow\data\levelobjs\_a_nest.jpg
[20:21:02] - [3] MIRKO.POZEN: Fichier envoyé: D:\kerberos.htx\gamez1\Supercow\data\levelobjs\_a_nest.jpg (3,60 K/S -   3 688 bytes)
[20:21:02] - [3] MIRKO.POZEN: Début du Téléchargement de: D:\kerberos.htx\gamez1\Supercow\data\levelobjs\_a_os.jpg
[20:21:02] - [3] MIRKO.POZEN: Fichier envoyé: D:\kerberos.htx\gamez1\Supercow\data\levelobjs\_a_os.jpg (6,07 K/S -   6 218 bytes)
[20:21:02] - [3] MIRKO.POZEN: Début du Téléchargement de: D:\kerberos.htx\gamez1\Supercow\data\levelobjs\_a_pear.jpg
[20:21:02] - [3] MIRKO.POZEN: Fichier envoyé: D:\kerberos.htx\gamez1\Supercow\data\levelobjs\_a_pear.jpg (5,29 K/S -   5 414 bytes)
[20:21:03] - [3] MIRKO.POZEN: Début du Téléchargement de: D:\kerberos.htx\gamez1\Supercow\data\levelobjs\_a_picket.jpg
[20:21:03] - [3] MIRKO.POZEN: Fichier envoyé: D:\kerberos.htx\gamez1\Supercow\data\levelobjs\_a_picket.jpg (22,37 K/S -   22 909 bytes)
[20:21:03] - [3] MIRKO.POZEN: Début du Téléchargement de: D:\kerberos.htx\gamez1\Supercow\data\levelobjs\_a_picket2.jpg
[20:21:03] - [3] MIRKO.POZEN: Fichier envoyé: D:\kerberos.htx\gamez1\Supercow\data\levelobjs\_a_picket2.jpg (22,77 K/S -   23 312 bytes)
[20:21:04] - [3] MIRKO.POZEN: Début du Téléchargement de: D:\kerberos.htx\gamez1\Supercow\data\levelobjs\_a_pile.jpg
[20:21:04] - [3] MIRKO.POZEN: Fichier envoyé: D:\kerberos.htx\gamez1\Supercow\data\levelobjs\_a_pile.jpg (85,28 K/S -   87 322 bytes)
[20:21:05] - [3] MIRKO.POZEN: Début du Téléchargement de: D:\kerberos.htx\gamez1\Supercow\data\levelobjs\_a_platform1.jpg
[20:21:05] - [3] MIRKO.POZEN: Fichier envoyé: D:\kerberos.htx\gamez1\Supercow\data\levelobjs\_a_platform1.jpg (23,02 K/S -   23 572 bytes)
[20:21:05] - [3] MIRKO.POZEN: Début du Téléchargement de: D:\kerberos.htx\gamez1\Supercow\data\levelobjs\_a_platform10.jpg
[20:21:05] - [3] MIRKO.POZEN: Fichier envoyé: D:\kerberos.htx\gamez1\Supercow\data\levelobjs\_a_platform10.jpg (21,04 K/S -   21 547 bytes)
[20:21:05] - [3] MIRKO.POZEN: Début du Téléchargement de: D:\kerberos.htx\gamez1\Supercow\data\levelobjs\_a_platform2.jpg
[20:21:05] - [3] MIRKO.POZEN: Fichier envoyé: D:\kerberos.htx\gamez1\Supercow\data\levelobjs\_a_platform2.jpg (22,75 K/S -   23 293 bytes)
[20:21:06] - [3] MIRKO.POZEN: Début du Téléchargement de: D:\kerberos.htx\gamez1\Supercow\data\levelobjs\_a_platform3.jpg
[20:21:06] - [3] MIRKO.POZEN: Fichier envoyé: D:\kerberos.htx\gamez1\Supercow\data\levelobjs\_a_platform3.jpg (21,92 K/S -   22 446 bytes)
[20:21:06] - [3] MIRKO.POZEN: Début du Téléchargement de: D:\kerberos.htx\gamez1\Supercow\data\levelobjs\_a_platform4.jpg
[20:21:06] - [3] MIRKO.POZEN: Fichier envoyé: D:\kerberos.htx\gamez1\Supercow\data\levelobjs\_a_platform4.jpg (21,92 K/S -   22 446 bytes)
[20:21:07] - [3] MIRKO.POZEN: Début du Téléchargement de: D:\kerberos.htx\gamez1\Supercow\data\levelobjs\_a_platform5.jpg
[20:21:07] - [3] MIRKO.POZEN: Fichier envoyé: D:\kerberos.htx\gamez1\Supercow\data\levelobjs\_a_platform5.jpg (22,12 K/S -   22 647 bytes)
[20:21:07] - [3] MIRKO.POZEN: Début du Téléchargement de: D:\kerberos.htx\gamez1\Supercow\data\levelobjs\_a_platform6.jpg
[20:21:07] - [3] MIRKO.POZEN: Fichier envoyé: D:\kerberos.htx\gamez1\Supercow\data\levelobjs\_a_platform6.jpg (22,08 K/S -   22 607 bytes)
[20:21:07] - [3] MIRKO.POZEN: Début du Téléchargement de: D:\kerberos.htx\gamez1\Supercow\data\levelobjs\_a_platform7.jpg
[20:21:07] - [3] MIRKO.POZEN: Fichier envoyé: D:\kerberos.htx\gamez1\Supercow\data\levelobjs\_a_platform7.jpg (22,58 K/S -   23 127 bytes)
[20:21:07] - [3] MIRKO.POZEN: Début du Téléchargement de: D:\kerberos.htx\gamez1\Supercow\data\levelobjs\_a_platform8.jpg
[20:21:07] - [3] MIRKO.POZEN: Fichier envoyé: D:\kerberos.htx\gamez1\Supercow\data\levelobjs\_a_platform8.jpg (22,58 K/S -   23 127 bytes)
[20:21:07] - [3] MIRKO.POZEN: Début du Téléchargement de: D:\kerberos.htx\gamez1\Supercow\data\levelobjs\_a_platform9.jpg
[20:21:07] - [3] MIRKO.POZEN: Fichier envoyé: D:\kerberos.htx\gamez1\Supercow\data\levelobjs\_a_platform9.jpg (21,65 K/S -   22 171 bytes)
[20:21:07] - [3] MIRKO.POZEN: Début du Téléchargement de: D:\kerberos.htx\gamez1\Supercow\data\levelobjs\_a_plum.jpg
[20:21:07] - [3] MIRKO.POZEN: Fichier envoyé: D:\kerberos.htx\gamez1\Supercow\data\levelobjs\_a_plum.jpg (5,30 K/S -   5 429 bytes)
[20:21:07] - [3] MIRKO.POZEN: Début du Téléchargement de: D:\kerberos.htx\gamez1\Supercow\data\levelobjs\_a_refrigerator.jpg
[20:21:07] - [3] MIRKO.POZEN: Fichier envoyé: D:\kerberos.htx\gamez1\Supercow\data\levelobjs\_a_refrigerator.jpg (21,68 K/S -   22 202 bytes)
[20:21:08] - [3] MIRKO.POZEN: Début du Téléchargement de: D:\kerberos.htx\gamez1\Supercow\data\levelobjs\_a_romashka1.jpg
[20:21:08] - [3] MIRKO.POZEN: Fichier envoyé: D:\kerberos.htx\gamez1\Supercow\data\levelobjs\_a_romashka1.jpg (24,04 K/S -   24 622 bytes)
[20:21:08] - [3] MIRKO.POZEN: Début du Téléchargement de: D:\kerberos.htx\gamez1\Supercow\data\levelobjs\_a_rope1.jpg
[20:21:08] - [3] MIRKO.POZEN: Fichier envoyé: D:\kerberos.htx\gamez1\Supercow\data\levelobjs\_a_rope1.jpg (34,82 K/S -   35 655 bytes)
[20:21:09] - [3] MIRKO.POZEN: Début du Téléchargement de: D:\kerberos.htx\gamez1\Supercow\data\levelobjs\_a_rope2.jpg
[20:21:09] - [3] MIRKO.POZEN: Fichier envoyé: D:\kerberos.htx\gamez1\Supercow\data\levelobjs\_a_rope2.jpg (3,84 K/S -   3 935 bytes)
[20:21:09] - [3] MIRKO.POZEN: Début du Téléchargement de: D:\kerberos.htx\gamez1\Supercow\data\levelobjs\_a_signbull.jpg
[20:21:09] - [3] MIRKO.POZEN: Fichier envoyé: D:\kerberos.htx\gamez1\Supercow\data\levelobjs\_a_signbull.jpg (10,48 K/S -   10 731 bytes)
[20:21:10] - [3] MIRKO.POZEN: Début du Téléchargement de: D:\kerberos.htx\gamez1\Supercow\data\levelobjs\_a_signdog.jpg
[20:21:10] - [3] MIRKO.POZEN: Fichier envoyé: D:\kerberos.htx\gamez1\Supercow\data\levelobjs\_a_signdog.jpg (21,47 K/S -   21 982 bytes)
[20:21:10] - [3] MIRKO.POZEN: Début du Téléchargement de: D:\kerberos.htx\gamez1\Supercow\data\levelobjs\_a_signpresent.jpg
[20:21:10] - [3] MIRKO.POZEN: Fichier envoyé: D:\kerberos.htx\gamez1\Supercow\data\levelobjs\_a_signpresent.jpg (10,87 K/S -   11 133 bytes)
[20:21:11] - [3] MIRKO.POZEN: Début du Téléchargement de: D:\kerberos.htx\gamez1\Supercow\data\levelobjs\_a_signspider.jpg
[20:21:11] - [3] MIRKO.POZEN: Fichier envoyé: D:\kerberos.htx\gamez1\Supercow\data\levelobjs\_a_signspider.jpg (10,93 K/S -   11 195 bytes)
[20:21:11] - [3] MIRKO.POZEN: Début du Téléchargement de: D:\kerberos.htx\gamez1\Supercow\data\levelobjs\_a_start.jpg
[20:21:11] - [3] MIRKO.POZEN: Fichier envoyé: D:\kerberos.htx\gamez1\Supercow\data\levelobjs\_a_start.jpg (41,08 K/S -   42 069 bytes)
[20:21:12] - [3] MIRKO.POZEN: Début du Téléchargement de: D:\kerberos.htx\gamez1\Supercow\data\levelobjs\_a_stok1.jpg
[20:21:12] - [3] MIRKO.POZEN: Fichier envoyé: D:\kerberos.htx\gamez1\Supercow\data\levelobjs\_a_stok1.jpg (21,01 K/S -   21 519 bytes)
[20:21:13] - [3] MIRKO.POZEN: Début du Téléchargement de: D:\kerberos.htx\gamez1\Supercow\data\levelobjs\_a_stolb.jpg
[20:21:13] - [3] MIRKO.POZEN: Fichier envoyé: D:\kerberos.htx\gamez1\Supercow\data\levelobjs\_a_stolb.jpg (20,49 K/S -   20 978 bytes)
[20:21:13] - [3] MIRKO.POZEN: Début du Téléchargement de: D:\kerberos.htx\gamez1\Supercow\data\levelobjs\_a_stolb1.jpg
[20:21:14] - [3] MIRKO.POZEN: Fichier envoyé: D:\kerberos.htx\gamez1\Supercow\data\levelobjs\_a_stolb1.jpg (21,81 K/S -   22 337 bytes)
[20:21:14] - [3] MIRKO.POZEN: Début du Téléchargement de: D:\kerberos.htx\gamez1\Supercow\data\levelobjs\_a_stolb2.jpg
[20:21:14] - [3] MIRKO.POZEN: Fichier envoyé: D:\kerberos.htx\gamez1\Supercow\data\levelobjs\_a_stolb2.jpg (23,85 K/S -   24 424 bytes)
[20:21:15] - [3] MIRKO.POZEN: Début du Téléchargement de: D:\kerberos.htx\gamez1\Supercow\data\levelobjs\_a_stolb3.jpg
[20:21:15] - [3] MIRKO.POZEN: Fichier envoyé: D:\kerberos.htx\gamez1\Supercow\data\levelobjs\_a_stolb3.jpg (22,12 K/S -   22 648 bytes)
[20:21:15] - [3] MIRKO.POZEN: Début du Téléchargement de: D:\kerberos.htx\gamez1\Supercow\data\levelobjs\_a_stolb4.jpg
[20:21:16] - [3] MIRKO.POZEN: Fichier envoyé: D:\kerberos.htx\gamez1\Supercow\data\levelobjs\_a_stolb4.jpg (21,70 K/S -   22 217 bytes)
[20:21:16] - [3] MIRKO.POZEN: Début du Téléchargement de: D:\kerberos.htx\gamez1\Supercow\data\levelobjs\_a_stolb5.jpg
[20:21:16] - [3] MIRKO.POZEN: Fichier envoyé: D:\kerberos.htx\gamez1\Supercow\data\levelobjs\_a_stolb5.jpg (20,87 K/S -   21 369 bytes)
[20:21:16] - [3] MIRKO.POZEN: Début du Téléchargement de: D:\kerberos.htx\gamez1\Supercow\data\levelobjs\_a_stump.jpg
[20:21:16] - [3] MIRKO.POZEN: Fichier envoyé: D:\kerberos.htx\gamez1\Supercow\data\levelobjs\_a_stump.jpg (23,85 K/S -   24 425 bytes)
[20:21:17] - [3] MIRKO.POZEN: Début du Téléchargement de: D:\kerberos.htx\gamez1\Supercow\data\levelobjs\_a_sunflower1.jpg
[20:21:17] - [3] MIRKO.POZEN: Fichier envoyé: D:\kerberos.htx\gamez1\Supercow\data\levelobjs\_a_sunflower1.jpg (10,79 K/S -   11 053 bytes)
[20:21:17] - [3] MIRKO.POZEN: Début du Téléchargement de: D:\kerberos.htx\gamez1\Supercow\data\levelobjs\_a_sunflower2.jpg
[20:21:17] - [3] MIRKO.POZEN: Fichier envoyé: D:\kerberos.htx\gamez1\Supercow\data\levelobjs\_a_sunflower2.jpg (23,60 K/S -   24 166 bytes)
[20:21:18] - [3] MIRKO.POZEN: Début du Téléchargement de: D:\kerberos.htx\gamez1\Supercow\data\levelobjs\_a_tablet.jpg
[20:21:18] - [3] MIRKO.POZEN: Fichier envoyé: D:\kerberos.htx\gamez1\Supercow\data\levelobjs\_a_tablet.jpg (11,23 K/S -   11 501 bytes)
[20:21:18] - [3] MIRKO.POZEN: Début du Téléchargement de: D:\kerberos.htx\gamez1\Supercow\data\levelobjs\_a_tomato1.jpg
[20:21:18] - [3] MIRKO.POZEN: Fichier envoyé: D:\kerberos.htx\gamez1\Supercow\data\levelobjs\_a_tomato1.jpg (22,17 K/S -   22 702 bytes)
[20:21:19] - [3] MIRKO.POZEN: Début du Téléchargement de: D:\kerberos.htx\gamez1\Supercow\data\levelobjs\_a_trampoline.jpg
[20:21:19] - [3] MIRKO.POZEN: Fichier envoyé: D:\kerberos.htx\gamez1\Supercow\data\levelobjs\_a_trampoline.jpg (20,68 K/S -   21 173 bytes)
[20:21:19] - [3] MIRKO.POZEN: Début du Téléchargement de: D:\kerberos.htx\gamez1\Supercow\data\levelobjs\_a_trampoline2.jpg
[20:21:19] - [3] MIRKO.POZEN: Fichier envoyé: D:\kerberos.htx\gamez1\Supercow\data\levelobjs\_a_trampoline2.jpg (20,78 K/S -   21 281 bytes)
[20:21:19] - [3] MIRKO.POZEN: Début du Téléchargement de: D:\kerberos.htx\gamez1\Supercow\data\levelobjs\_a_trampoline3.jpg
[20:21:19] - [3] MIRKO.POZEN: Fichier envoyé: D:\kerberos.htx\gamez1\Supercow\data\levelobjs\_a_trampoline3.jpg (22,54 K/S -   23 086 bytes)
[20:21:19] - [3] MIRKO.POZEN: Début du Téléchargement de: D:\kerberos.htx\gamez1\Supercow\data\levelobjs\_a_trampoline4.jpg
[20:21:19] - [3] MIRKO.POZEN: Fichier envoyé: D:\kerberos.htx\gamez1\Supercow\data\levelobjs\_a_trampoline4.jpg (9,84 K/S -   10 075 bytes)
[20:21:19] - [3] MIRKO.POZEN: Début du Téléchargement de: D:\kerberos.htx\gamez1\Supercow\data\levelobjs\_a_trampopressed.jpg
[20:21:19] - [3] MIRKO.POZEN: Fichier envoyé: D:\kerberos.htx\gamez1\Supercow\data\levelobjs\_a_trampopressed.jpg (20,76 K/S -   21 255 bytes)
[20:21:19] - [3] MIRKO.POZEN: Début du Téléchargement de: D:\kerberos.htx\gamez1\Supercow\data\levelobjs\_a_trampopressed2.jpg
[20:21:20] - [3] MIRKO.POZEN: Fichier envoyé: D:\kerberos.htx\gamez1\Supercow\data\levelobjs\_a_trampopressed2.jpg (20,74 K/S -   21 236 bytes)
[20:21:20] - [3] MIRKO.POZEN: Début du Téléchargement de: D:\kerberos.htx\gamez1\Supercow\data\levelobjs\_a_trampopressed3.jpg
[20:21:20] - [3] MIRKO.POZEN: Fichier envoyé: D:\kerberos.htx\gamez1\Supercow\data\levelobjs\_a_trampopressed3.jpg (22,49 K/S -   23 027 bytes)
[20:21:20] - [3] MIRKO.POZEN: Début du Téléchargement de: D:\kerberos.htx\gamez1\Supercow\data\levelobjs\_a_trampopressed4.jpg
[20:21:20] - [3] MIRKO.POZEN: Fichier envoyé: D:\kerberos.htx\gamez1\Supercow\data\levelobjs\_a_trampopressed4.jpg (10,73 K/S -   10 991 bytes)
[20:21:21] - [3] MIRKO.POZEN: Début du Téléchargement de: D:\kerberos.htx\gamez1\Supercow\data\levelobjs\_a_tree1.jpg
[20:21:21] - [3] MIRKO.POZEN: Fichier envoyé: D:\kerberos.htx\gamez1\Supercow\data\levelobjs\_a_tree1.jpg (160,42 K/S -   164 265 bytes)
[20:21:22] - [3] MIRKO.POZEN: Début du Téléchargement de: D:\kerberos.htx\gamez1\Supercow\data\levelobjs\_a_tree10.jpg
[20:21:22] - [3] MIRKO.POZEN: Fichier envoyé: D:\kerberos.htx\gamez1\Supercow\data\levelobjs\_a_tree10.jpg (41,22 K/S -   42 209 bytes)
[20:21:22] - [3] MIRKO.POZEN: Début du Téléchargement de: D:\kerberos.htx\gamez1\Supercow\data\levelobjs\_a_tree11.jpg
[20:21:22] - [3] MIRKO.POZEN: Fichier envoyé: D:\kerberos.htx\gamez1\Supercow\data\levelobjs\_a_tree11.jpg (78,60 K/S -   80 490 bytes)
[20:21:23] - [3] MIRKO.POZEN: Début du Téléchargement de: D:\kerberos.htx\gamez1\Supercow\data\levelobjs\_a_tree2.jpg
[20:21:23] - [3] MIRKO.POZEN: Fichier envoyé: D:\kerberos.htx\gamez1\Supercow\data\levelobjs\_a_tree2.jpg (166,32 K/S -   170 312 bytes)
[20:21:23] - [3] MIRKO.POZEN: Début du Téléchargement de: D:\kerberos.htx\gamez1\Supercow\data\levelobjs\_a_tree3.jpg
[20:21:24] - [3] MIRKO.POZEN: Fichier envoyé: D:\kerberos.htx\gamez1\Supercow\data\levelobjs\_a_tree3.jpg (155,43 K/S -   159 161 bytes)
[20:21:24] - [3] MIRKO.POZEN: Début du Téléchargement de: D:\kerberos.htx\gamez1\Supercow\data\levelobjs\_a_tree5.jpg
[20:21:25] - [3] MIRKO.POZEN: Fichier envoyé: D:\kerberos.htx\gamez1\Supercow\data\levelobjs\_a_tree5.jpg (165,10 K/S -   169 060 bytes)
[20:21:25] - [3] MIRKO.POZEN: Début du Téléchargement de: D:\kerberos.htx\gamez1\Supercow\data\levelobjs\_a_tree6.jpg
[20:21:26] - [3] MIRKO.POZEN: Fichier envoyé: D:\kerberos.htx\gamez1\Supercow\data\levelobjs\_a_tree6.jpg (157,84 K/S -   161 632 bytes)
[20:21:26] - [3] MIRKO.POZEN: Début du Téléchargement de: D:\kerberos.htx\gamez1\Supercow\data\levelobjs\_a_tree7.jpg
[20:21:27] - [3] MIRKO.POZEN: Fichier envoyé: D:\kerberos.htx\gamez1\Supercow\data\levelobjs\_a_tree7.jpg (156,78 K/S -   160 541 bytes)
[20:21:27] - [3] MIRKO.POZEN: Début du Téléchargement de: D:\kerberos.htx\gamez1\Supercow\data\levelobjs\_a_tree8.jpg
[20:21:27] - [3] MIRKO.POZEN: Fichier envoyé: D:\kerberos.htx\gamez1\Supercow\data\levelobjs\_a_tree8.jpg (168,83 K/S -   172 880 bytes)
[20:21:28] - [3] MIRKO.POZEN: Début du Téléchargement de: D:\kerberos.htx\gamez1\Supercow\data\levelobjs\_a_tree9.jpg
[20:21:28] - [3] MIRKO.POZEN: Fichier envoyé: D:\kerberos.htx\gamez1\Supercow\data\levelobjs\_a_tree9.jpg (152,13 K/S -   155 783 bytes)
[20:21:28] - [3] MIRKO.POZEN: Début du Téléchargement de: D:\kerberos.htx\gamez1\Supercow\data\levelobjs\_a_tree_8.jpg
[20:21:29] - [3] MIRKO.POZEN: Fichier envoyé: D:\kerberos.htx\gamez1\Supercow\data\levelobjs\_a_tree_8.jpg (167,45 K/S -   171 465 bytes)
[20:21:29] - [3] MIRKO.POZEN: Début du Téléchargement de: D:\kerberos.htx\gamez1\Supercow\data\levelobjs\_a_tube1.jpg
[20:21:29] - [3] MIRKO.POZEN: Fichier envoyé: D:\kerberos.htx\gamez1\Supercow\data\levelobjs\_a_tube1.jpg (18,66 K/S -   19 110 bytes)
[20:21:30] - [3] MIRKO.POZEN: Début du Téléchargement de: D:\kerberos.htx\gamez1\Supercow\data\levelobjs\_a_tube2.jpg
[20:21:30] - [3] MIRKO.POZEN: Fichier envoyé: D:\kerberos.htx\gamez1\Supercow\data\levelobjs\_a_tube2.jpg (10,71 K/S -   10 972 bytes)
[20:21:30] - [3] MIRKO.POZEN: Début du Téléchargement de: D:\kerberos.htx\gamez1\Supercow\data\levelobjs\_a_tube3.jpg
[20:21:30] - [3] MIRKO.POZEN: Fichier envoyé: D:\kerberos.htx\gamez1\Supercow\data\levelobjs\_a_tube3.jpg (5,31 K/S -   5 436 bytes)
[20:21:31] - [3] MIRKO.POZEN: Début du Téléchargement de: D:\kerberos.htx\gamez1\Supercow\data\levelobjs\_a_tube4.jpg
[20:21:31] - [3] MIRKO.POZEN: Fichier envoyé: D:\kerberos.htx\gamez1\Supercow\data\levelobjs\_a_tube4.jpg (11,42 K/S -   11 696 bytes)
[20:21:31] - [3] MIRKO.POZEN: Début du Téléchargement de: D:\kerberos.htx\gamez1\Supercow\data\levelobjs\_a_tube5.jpg
[20:21:31] - [3] MIRKO.POZEN: Fichier envoyé: D:\kerberos.htx\gamez1\Supercow\data\levelobjs\_a_tube5.jpg (39,39 K/S -   40 338 bytes)
[20:21:32] - [3] MIRKO.POZEN: Début du Téléchargement de: D:\kerberos.htx\gamez1\Supercow\data\levelobjs\_a_tube6.jpg
[20:21:32] - [3] MIRKO.POZEN: Fichier envoyé: D:\kerberos.htx\gamez1\Supercow\data\levelobjs\_a_tube6.jpg (20,55 K/S -   21 041 bytes)
[20:21:32] - [3] MIRKO.POZEN: Début du Téléchargement de: D:\kerberos.htx\gamez1\Supercow\data\levelobjs\_a_tube7.jpg
[20:21:32] - [3] MIRKO.POZEN: Fichier envoyé: D:\kerberos.htx\gamez1\Supercow\data\levelobjs\_a_tube7.jpg (11,19 K/S -   11 459 bytes)
[20:21:33] - [3] MIRKO.POZEN: Début du Téléchargement de: D:\kerberos.htx\gamez1\Supercow\data\levelobjs\_a_tube8.jpg
[20:21:33] - [3] MIRKO.POZEN: Fichier envoyé: D:\kerberos.htx\gamez1\Supercow\data\levelobjs\_a_tube8.jpg (20,78 K/S -   21 282 bytes)
[20:21:33] - [3] MIRKO.POZEN: Début du Téléchargement de: D:\kerberos.htx\gamez1\Supercow\data\levelobjs\_a_ventil.jpg
[20:21:33] - [3] MIRKO.POZEN: Fichier envoyé: D:\kerberos.htx\gamez1\Supercow\data\levelobjs\_a_ventil.jpg (6,61 K/S -   6 766 bytes)
[20:21:34] - [3] MIRKO.POZEN: Début du Téléchargement de: D:\kerberos.htx\gamez1\Supercow\data\levelobjs\_a_warning1.jpg
[20:21:34] - [3] MIRKO.POZEN: Fichier envoyé: D:\kerberos.htx\gamez1\Supercow\data\levelobjs\_a_warning1.jpg (5,82 K/S -   5 956 bytes)
[20:21:34] - [3] MIRKO.POZEN: Début du Téléchargement de: D:\kerberos.htx\gamez1\Supercow\data\levelobjs\_a_waterfall.jpg
[20:21:34] - [3] MIRKO.POZEN: Fichier envoyé: D:\kerberos.htx\gamez1\Supercow\data\levelobjs\_a_waterfall.jpg (19,90 K/S -   20 373 bytes)
[20:21:35] - [3] MIRKO.POZEN: Début du Téléchargement de: D:\kerberos.htx\gamez1\Supercow\data\levelobjs\_a_waterfall2.jpg
[20:21:35] - [3] MIRKO.POZEN: Fichier envoyé: D:\kerberos.htx\gamez1\Supercow\data\levelobjs\_a_waterfall2.jpg (21,56 K/S -   22 073 bytes)
[20:21:35] - [3] MIRKO.POZEN: Début du Téléchargement de: D:\kerberos.htx\gamez1\Supercow\data\levelobjs\_a_waterup.jpg
[20:21:35] - [3] MIRKO.POZEN: Fichier envoyé: D:\kerberos.htx\gamez1\Supercow\data\levelobjs\_a_waterup.jpg (10,48 K/S -   10 732 bytes)
[20:21:36] - [3] MIRKO.POZEN: Début du Téléchargement de: D:\kerberos.htx\gamez1\Supercow\data\levelobjs\_a_wc1.jpg
[20:21:36] - [3] MIRKO.POZEN: Fichier envoyé: D:\kerberos.htx\gamez1\Supercow\data\levelobjs\_a_wc1.jpg (73,47 K/S -   75 238 bytes)
[20:21:37] - [3] MIRKO.POZEN: Début du Téléchargement de: D:\kerberos.htx\gamez1\Supercow\data\levelobjs\_a_wc2.jpg
[20:21:37] - [3] MIRKO.POZEN: Fichier envoyé: D:\kerberos.htx\gamez1\Supercow\data\levelobjs\_a_wc2.jpg (68,39 K/S -   70 033 bytes)
[20:21:37] - [3] MIRKO.POZEN: Répertoire en Cours: D:\kerberos.htx\gamez1\Supercow\data\levelbacks\
[20:21:37] - [3] MIRKO.POZEN: Début du Téléchargement de: D:\kerberos.htx\gamez1\Supercow\data\levelbacks\backsky1.jpg
[20:21:38] - [3] MIRKO.POZEN: Fichier envoyé: D:\kerberos.htx\gamez1\Supercow\data\levelbacks\backsky1.jpg (38,13 K/S -   39 045 bytes)
[20:21:38] - [3] MIRKO.POZEN: Début du Téléchargement de: D:\kerberos.htx\gamez1\Supercow\data\levelbacks\back_prof.jpg
[20:21:38] - [3] MIRKO.POZEN: Fichier envoyé: D:\kerberos.htx\gamez1\Supercow\data\levelbacks\back_prof.jpg (125,94 K/S -   128 967 bytes)
[20:21:38] - [3] MIRKO.POZEN: Début du Téléchargement de: D:\kerberos.htx\gamez1\Supercow\data\levelbacks\bog.jpg
[20:21:38] - [3] MIRKO.POZEN: Fichier envoyé: D:\kerberos.htx\gamez1\Supercow\data\levelbacks\bog.jpg (126,20 K/S -   129 233 bytes)
[20:21:39] - [3] MIRKO.POZEN: Début du Téléchargement de: D:\kerberos.htx\gamez1\Supercow\data\levelbacks\forestback2.jpg
[20:21:39] - [3] MIRKO.POZEN: Fichier envoyé: D:\kerberos.htx\gamez1\Supercow\data\levelbacks\forestback2.jpg (73,72 K/S -   75 485 bytes)
[20:21:39] - [3] MIRKO.POZEN: Début du Téléchargement de: D:\kerberos.htx\gamez1\Supercow\data\levelbacks\rock1.jpg
[20:21:40] - [3] MIRKO.POZEN: Fichier envoyé: D:\kerberos.htx\gamez1\Supercow\data\levelbacks\rock1.jpg (39,36 K/S -   40 305 bytes)
[20:21:40] - [3] MIRKO.POZEN: Début du Téléchargement de: D:\kerberos.htx\gamez1\Supercow\data\levelbacks\sky3.jpg
[20:21:40] - [3] MIRKO.POZEN: Fichier envoyé: D:\kerberos.htx\gamez1\Supercow\data\levelbacks\sky3.jpg (50,24 K/S -   51 443 bytes)
[20:21:40] - [3] MIRKO.POZEN: Début du Téléchargement de: D:\kerberos.htx\gamez1\Supercow\data\levelbacks\sky4.jpg
[20:21:40] - [3] MIRKO.POZEN: Fichier envoyé: D:\kerberos.htx\gamez1\Supercow\data\levelbacks\sky4.jpg (119,64 K/S -   122 512 bytes)
[20:21:40] - [3] MIRKO.POZEN: Début du Téléchargement de: D:\kerberos.htx\gamez1\Supercow\data\levelbacks\_a_backforest1.jpg
[20:21:41] - [3] MIRKO.POZEN: Fichier envoyé: D:\kerberos.htx\gamez1\Supercow\data\levelbacks\_a_backforest1.jpg (356,31 K/S -   364 862 bytes)
[20:21:41] - [3] MIRKO.POZEN: Début du Téléchargement de: D:\kerberos.htx\gamez1\Supercow\data\levelbacks\_a_backmount1.jpg
[20:21:42] - [3] MIRKO.POZEN: Fichier envoyé: D:\kerberos.htx\gamez1\Supercow\data\levelbacks\_a_backmount1.jpg (303,07 K/S -   310 339 bytes)
[20:21:42] - [3] MIRKO.POZEN: Début du Téléchargement de: D:\kerberos.htx\gamez1\Supercow\data\levelbacks\_a_backmount2.jpg
[20:21:43] - [3] MIRKO.POZEN: Fichier envoyé: D:\kerberos.htx\gamez1\Supercow\data\levelbacks\_a_backmount2.jpg (314,33 K/S -   321 871 bytes)
[20:21:43] - [3] MIRKO.POZEN: Début du Téléchargement de: D:\kerberos.htx\gamez1\Supercow\data\levelbacks\_a_back_prof1.jpg
[20:21:43] - [3] MIRKO.POZEN: Fichier envoyé: D:\kerberos.htx\gamez1\Supercow\data\levelbacks\_a_back_prof1.jpg (38,24 K/S -   39 155 bytes)
[20:21:43] - [3] MIRKO.POZEN: Début du Téléchargement de: D:\kerberos.htx\gamez1\Supercow\data\levelbacks\_a_back_prof2.jpg
[20:21:43] - [3] MIRKO.POZEN: Fichier envoyé: D:\kerberos.htx\gamez1\Supercow\data\levelbacks\_a_back_prof2.jpg (9,65 K/S -   9 886 bytes)
[20:21:43] - [3] MIRKO.POZEN: Début du Téléchargement de: D:\kerberos.htx\gamez1\Supercow\data\levelbacks\_a_back_prof3.jpg
[20:21:44] - [3] MIRKO.POZEN: Fichier envoyé: D:\kerberos.htx\gamez1\Supercow\data\levelbacks\_a_back_prof3.jpg (5,89 K/S -   6 028 bytes)
[20:21:44] - [3] MIRKO.POZEN: Début du Téléchargement de: D:\kerberos.htx\gamez1\Supercow\data\levelbacks\_a_back_prof4.jpg
[20:21:44] - [3] MIRKO.POZEN: Fichier envoyé: D:\kerberos.htx\gamez1\Supercow\data\levelbacks\_a_back_prof4.jpg (9,65 K/S -   9 886 bytes)
[20:21:44] - [3] MIRKO.POZEN: Début du Téléchargement de: D:\kerberos.htx\gamez1\Supercow\data\levelbacks\_a_back_prof5.jpg
[20:21:44] - [3] MIRKO.POZEN: Fichier envoyé: D:\kerberos.htx\gamez1\Supercow\data\levelbacks\_a_back_prof5.jpg (5,89 K/S -   6 032 bytes)
[20:21:45] - [3] MIRKO.POZEN: Début du Téléchargement de: D:\kerberos.htx\gamez1\Supercow\data\levelbacks\_a_cloud2.jpg
[20:21:45] - [3] MIRKO.POZEN: Fichier envoyé: D:\kerberos.htx\gamez1\Supercow\data\levelbacks\_a_cloud2.jpg (39,38 K/S -   40 328 bytes)
[20:21:45] - [3] MIRKO.POZEN: Début du Téléchargement de: D:\kerberos.htx\gamez1\Supercow\data\levelbacks\_a_forest_up.jpg
[20:21:46] - [3] MIRKO.POZEN: Fichier envoyé: D:\kerberos.htx\gamez1\Supercow\data\levelbacks\_a_forest_up.jpg (40,94 K/S -   41 922 bytes)
[20:21:46] - [3] MIRKO.POZEN: Début du Téléchargement de: D:\kerberos.htx\gamez1\Supercow\data\levelbacks\_a_grass.jpg
[20:21:46] - [3] MIRKO.POZEN: Fichier envoyé: D:\kerberos.htx\gamez1\Supercow\data\levelbacks\_a_grass.jpg (40,80 K/S -   41 777 bytes)
[20:21:47] - [3] MIRKO.POZEN: Début du Téléchargement de: D:\kerberos.htx\gamez1\Supercow\data\levelbacks\_a_grass2.jpg
[20:21:47] - [3] MIRKO.POZEN: Fichier envoyé: D:\kerberos.htx\gamez1\Supercow\data\levelbacks\_a_grass2.jpg (44,50 K/S -   45 569 bytes)
[20:21:47] - [3] MIRKO.POZEN: Début du Téléchargement de: D:\kerberos.htx\gamez1\Supercow\data\levelbacks\_a_rock2.jpg
[20:21:47] - [3] MIRKO.POZEN: Fichier envoyé: D:\kerberos.htx\gamez1\Supercow\data\levelbacks\_a_rock2.jpg (41,98 K/S -   42 987 bytes)
[20:21:48] - [3] MIRKO.POZEN: Début du Téléchargement de: D:\kerberos.htx\gamez1\Supercow\data\levelbacks\_a_rock3.jpg
[20:21:48] - [3] MIRKO.POZEN: Fichier envoyé: D:\kerberos.htx\gamez1\Supercow\data\levelbacks\_a_rock3.jpg (39,89 K/S -   40 848 bytes)
[20:21:48] - [3] MIRKO.POZEN: Début du Téléchargement de: D:\kerberos.htx\gamez1\Supercow\data\levelbacks\_a_rock4.jpg
[20:21:49] - [3] MIRKO.POZEN: Fichier envoyé: D:\kerberos.htx\gamez1\Supercow\data\levelbacks\_a_rock4.jpg (149,36 K/S -   152 949 bytes)
[20:21:49] - [3] MIRKO.POZEN: Début du Téléchargement de: D:\kerberos.htx\gamez1\Supercow\data\levelbacks\_a_stones1.jpg
[20:21:49] - [3] MIRKO.POZEN: Fichier envoyé: D:\kerberos.htx\gamez1\Supercow\data\levelbacks\_a_stones1.jpg (326,00 K/S -   333 819 bytes)
[20:21:50] - [3] MIRKO.POZEN: Début du Téléchargement de: D:\kerberos.htx\gamez1\Supercow\data\levelbacks\_a_trunk.jpg
[20:21:50] - [3] MIRKO.POZEN: Fichier envoyé: D:\kerberos.htx\gamez1\Supercow\data\levelbacks\_a_trunk.jpg (149,14 K/S -   152 718 bytes)
[20:21:50] - [3] MIRKO.POZEN: Répertoire en Cours: D:\kerberos.htx\gamez1\Supercow\data\geomobjs\
[20:21:51] - [3] MIRKO.POZEN: Début du Téléchargement de: D:\kerberos.htx\gamez1\Supercow\data\geomobjs\banjo.cgo
[20:21:51] - [3] MIRKO.POZEN: Fichier envoyé: D:\kerberos.htx\gamez1\Supercow\data\geomobjs\banjo.cgo (0,09 K/S -    97 bytes)
[20:21:51] - [3] MIRKO.POZEN: Début du Téléchargement de: D:\kerberos.htx\gamez1\Supercow\data\geomobjs\banjo.msh
[20:21:51] - [3] MIRKO.POZEN: Fichier envoyé: D:\kerberos.htx\gamez1\Supercow\data\geomobjs\banjo.msh (7,63 K/S -   7 813 bytes)
[20:21:51] - [3] MIRKO.POZEN: Début du Téléchargement de: D:\kerberos.htx\gamez1\Supercow\data\geomobjs\banjo_tex.jpg
[20:21:51] - [3] MIRKO.POZEN: Fichier envoyé: D:\kerberos.htx\gamez1\Supercow\data\geomobjs\banjo_tex.jpg (18,02 K/S -   18 455 bytes)
[20:21:52] - [3] MIRKO.POZEN: Début du Téléchargement de: D:\kerberos.htx\gamez1\Supercow\data\geomobjs\grabli.msh
[20:21:52] - [3] MIRKO.POZEN: Fichier envoyé: D:\kerberos.htx\gamez1\Supercow\data\geomobjs\grabli.msh (1,34 K/S -   1 369 bytes)
[20:21:52] - [3] MIRKO.POZEN: Début du Téléchargement de: D:\kerberos.htx\gamez1\Supercow\data\geomobjs\grabli.tga
[20:21:52] - [3] MIRKO.POZEN: Fichier envoyé: D:\kerberos.htx\gamez1\Supercow\data\geomobjs\grabli.tga (32,04 K/S -   32 812 bytes)
[20:21:53] - [3] MIRKO.POZEN: Début du Téléchargement de: D:\kerberos.htx\gamez1\Supercow\data\geomobjs\rake.cgo
[20:21:53] - [3] MIRKO.POZEN: Fichier envoyé: D:\kerberos.htx\gamez1\Supercow\data\geomobjs\rake.cgo (0,09 K/S -    95 bytes)
[20:21:53] - [3] MIRKO.POZEN: Répertoire en Cours: D:\kerberos.htx\gamez1\Supercow\data\gamemap\
[20:21:53] - [3] MIRKO.POZEN: Début du Téléchargement de: D:\kerberos.htx\gamez1\Supercow\data\gamemap\boxglow1.jpg
[20:21:53] - [3] MIRKO.POZEN: Fichier envoyé: D:\kerberos.htx\gamez1\Supercow\data\gamemap\boxglow1.jpg (1,14 K/S -   1 167 bytes)
[20:21:53] - [3] MIRKO.POZEN: Début du Téléchargement de: D:\kerberos.htx\gamez1\Supercow\data\gamemap\boxglow2.jpg
[20:21:53] - [3] MIRKO.POZEN: Fichier envoyé: D:\kerberos.htx\gamez1\Supercow\data\gamemap\boxglow2.jpg (1,16 K/S -   1 188 bytes)
[20:21:53] - [3] MIRKO.POZEN: Début du Téléchargement de: D:\kerberos.htx\gamez1\Supercow\data\gamemap\boxglow3.jpg
[20:21:53] - [3] MIRKO.POZEN: Fichier envoyé: D:\kerberos.htx\gamez1\Supercow\data\gamemap\boxglow3.jpg (1,13 K/S -   1 154 bytes)
[20:21:53] - [3] MIRKO.POZEN: Début du Téléchargement de: D:\kerberos.htx\gamez1\Supercow\data\gamemap\levelglow1.jpg
[20:21:53] - [3] MIRKO.POZEN: Fichier envoyé: D:\kerberos.htx\gamez1\Supercow\data\gamemap\levelglow1.jpg (19,91 K/S -   20 392 bytes)
[20:21:53] - [3] MIRKO.POZEN: Début du Téléchargement de: D:\kerberos.htx\gamez1\Supercow\data\gamemap\levelglow2.jpg
[20:21:54] - [3] MIRKO.POZEN: Fichier envoyé: D:\kerberos.htx\gamez1\Supercow\data\gamemap\levelglow2.jpg (19,77 K/S -   20 246 bytes)
[20:21:54] - [3] MIRKO.POZEN: Début du Téléchargement de: D:\kerberos.htx\gamez1\Supercow\data\gamemap\levelglow3.jpg
[20:21:54] - [3] MIRKO.POZEN: Fichier envoyé: D:\kerberos.htx\gamez1\Supercow\data\gamemap\levelglow3.jpg (19,82 K/S -   20 294 bytes)
[20:21:54] - [3] MIRKO.POZEN: Début du Téléchargement de: D:\kerberos.htx\gamez1\Supercow\data\gamemap\levelmark.tga
[20:21:54] - [3] MIRKO.POZEN: Fichier envoyé: D:\kerberos.htx\gamez1\Supercow\data\gamemap\levelmark.tga (1,04 K/S -   1 068 bytes)
[20:21:55] - [3] MIRKO.POZEN: Début du Téléchargement de: D:\kerberos.htx\gamez1\Supercow\data\gamemap\mapback.jpg
[20:21:55] - [3] MIRKO.POZEN: Fichier envoyé: D:\kerberos.htx\gamez1\Supercow\data\gamemap\mapback.jpg (131,32 K/S -   134 471 bytes)
[20:21:55] - [3] MIRKO.POZEN: Début du Téléchargement de: D:\kerberos.htx\gamez1\Supercow\data\gamemap\maplevelmark.tga
[20:21:55] - [3] MIRKO.POZEN: Fichier envoyé: D:\kerberos.htx\gamez1\Supercow\data\gamemap\maplevelmark.tga (4,04 K/S -   4 140 bytes)
[20:21:56] - [3] MIRKO.POZEN: Début du Téléchargement de: D:\kerberos.htx\gamez1\Supercow\data\gamemap\mapstagemark.tga
[20:21:56] - [3] MIRKO.POZEN: Fichier envoyé: D:\kerberos.htx\gamez1\Supercow\data\gamemap\mapstagemark.tga (64,04 K/S -   65 580 bytes)
[20:21:56] - [3] MIRKO.POZEN: Début du Téléchargement de: D:\kerberos.htx\gamez1\Supercow\data\gamemap\mapstagemark0.tga
[20:21:56] - [3] MIRKO.POZEN: Fichier envoyé: D:\kerberos.htx\gamez1\Supercow\data\gamemap\mapstagemark0.tga (64,02 K/S -   65 554 bytes)
[20:21:57] - [3] MIRKO.POZEN: Début du Téléchargement de: D:\kerberos.htx\gamez1\Supercow\data\gamemap\mapstagemark1.tga
[20:21:57] - [3] MIRKO.POZEN: Fichier envoyé: D:\kerberos.htx\gamez1\Supercow\data\gamemap\mapstagemark1.tga (64,04 K/S -   65 580 bytes)
[20:21:57] - [3] MIRKO.POZEN: Début du Téléchargement de: D:\kerberos.htx\gamez1\Supercow\data\gamemap\mapstagemark10.tga
[20:21:58] - [3] MIRKO.POZEN: Fichier envoyé: D:\kerberos.htx\gamez1\Supercow\data\gamemap\mapstagemark10.tga (64,04 K/S -   65 580 bytes)
[20:21:58] - [3] MIRKO.POZEN: Début du Téléchargement de: D:\kerberos.htx\gamez1\Supercow\data\gamemap\mapstagemark2.tga
[20:21:58] - [3] MIRKO.POZEN: Fichier envoyé: D:\kerberos.htx\gamez1\Supercow\data\gamemap\mapstagemark2.tga (64,04 K/S -   65 580 bytes)
[20:21:59] - [3] MIRKO.POZEN: Début du Téléchargement de: D:\kerberos.htx\gamez1\Supercow\data\gamemap\mapstagemark3.tga
[20:21:59] - [3] MIRKO.POZEN: Fichier envoyé: D:\kerberos.htx\gamez1\Supercow\data\gamemap\mapstagemark3.tga (64,04 K/S -   65 580 bytes)
[20:22:00] - [3] MIRKO.POZEN: Début du Téléchargement de: D:\kerberos.htx\gamez1\Supercow\data\gamemap\mapstagemark4.tga
[20:22:00] - [3] MIRKO.POZEN: Fichier envoyé: D:\kerberos.htx\gamez1\Supercow\data\gamemap\mapstagemark4.tga (64,04 K/S -   65 580 bytes)
[20:22:00] - [3] MIRKO.POZEN: Début du Téléchargement de: D:\kerberos.htx\gamez1\Supercow\data\gamemap\mapstagemark5.tga
[20:22:00] - [3] MIRKO.POZEN: Fichier envoyé: D:\kerberos.htx\gamez1\Supercow\data\gamemap\mapstagemark5.tga (64,04 K/S -   65 580 bytes)
[20:22:01] - [3] MIRKO.POZEN: Début du Téléchargement de: D:\kerberos.htx\gamez1\Supercow\data\gamemap\mapstagemark6.tga
[20:22:01] - [3] MIRKO.POZEN: Fichier envoyé: D:\kerberos.htx\gamez1\Supercow\data\gamemap\mapstagemark6.tga (64,04 K/S -   65 580 bytes)
[20:22:02] - [3] MIRKO.POZEN: Début du Téléchargement de: D:\kerberos.htx\gamez1\Supercow\data\gamemap\mapstagemark7.tga
[20:22:02] - [3] MIRKO.POZEN: Fichier envoyé: D:\kerberos.htx\gamez1\Supercow\data\gamemap\mapstagemark7.tga (64,04 K/S -   65 580 bytes)
[20:22:02] - [3] MIRKO.POZEN: Début du Téléchargement de: D:\kerberos.htx\gamez1\Supercow\data\gamemap\mapstagemark8.tga
[20:22:02] - [3] MIRKO.POZEN: Fichier envoyé: D:\kerberos.htx\gamez1\Supercow\data\gamemap\mapstagemark8.tga (64,04 K/S -   65 580 bytes)
[20:22:03] - [3] MIRKO.POZEN: Début du Téléchargement de: D:\kerberos.htx\gamez1\Supercow\data\gamemap\mapstagemark9.tga
[20:22:03] - [3] MIRKO.POZEN: Fichier envoyé: D:\kerberos.htx\gamez1\Supercow\data\gamemap\mapstagemark9.tga (64,04 K/S -   65 580 bytes)
[20:22:04] - [3] MIRKO.POZEN: Début du Téléchargement de: D:\kerberos.htx\gamez1\Supercow\data\gamemap\mapstagequestion.tga
[20:22:04] - [3] MIRKO.POZEN: Fichier envoyé: D:\kerberos.htx\gamez1\Supercow\data\gamemap\mapstagequestion.tga (16,04 K/S -   16 428 bytes)
[20:22:05] - [3] MIRKO.POZEN: Début du Téléchargement de: D:\kerberos.htx\gamez1\Supercow\data\gamemap\mapstart.tga
[20:22:05] - [3] MIRKO.POZEN: Fichier envoyé: D:\kerberos.htx\gamez1\Supercow\data\gamemap\mapstart.tga (128,04 K/S -   131 116 bytes)
[20:22:06] - [3] MIRKO.POZEN: Début du Téléchargement de: D:\kerberos.htx\gamez1\Supercow\data\gamemap\megamap.jpg
[20:22:08] - [3] MIRKO.POZEN: Fichier envoyé: D:\kerberos.htx\gamez1\Supercow\data\gamemap\megamap.jpg (378,34 K/S -   774 839 bytes)
[20:22:08] - [3] MIRKO.POZEN: Début du Téléchargement de: D:\kerberos.htx\gamez1\Supercow\data\gamemap\stages.cfg
[20:22:08] - [3] MIRKO.POZEN: Fichier envoyé: D:\kerberos.htx\gamez1\Supercow\data\gamemap\stages.cfg (1,20 K/S -   1 232 bytes)
[20:22:08] - [3] MIRKO.POZEN: Répertoire en Cours: D:\kerberos.htx\gamez1\Supercow\data\comics\
[20:22:09] - [3] MIRKO.POZEN: Début du Téléchargement de: D:\kerberos.htx\gamez1\Supercow\data\comics\1.jpg
[20:22:09] - [3] MIRKO.POZEN: Fichier envoyé: D:\kerberos.htx\gamez1\Supercow\data\comics\1.jpg (109,11 K/S -   111 732 bytes)
[20:22:10] - [3] MIRKO.POZEN: Début du Téléchargement de: D:\kerberos.htx\gamez1\Supercow\data\comics\2.jpg
[20:22:11] - [3] MIRKO.POZEN: Fichier envoyé: D:\kerberos.htx\gamez1\Supercow\data\comics\2.jpg (153,09 K/S -   156 761 bytes)
[20:22:11] - [3] MIRKO.POZEN: Début du Téléchargement de: D:\kerberos.htx\gamez1\Supercow\data\comics\3.jpg
[20:22:12] - [3] MIRKO.POZEN: Fichier envoyé: D:\kerberos.htx\gamez1\Supercow\data\comics\3.jpg (171,35 K/S -   175 463 bytes)
[20:22:12] - [3] MIRKO.POZEN: Début du Téléchargement de: D:\kerberos.htx\gamez1\Supercow\data\comics\4.jpg
[20:22:13] - [3] MIRKO.POZEN: Fichier envoyé: D:\kerberos.htx\gamez1\Supercow\data\comics\4.jpg (139,31 K/S -   142 652 bytes)
[20:22:14] - [3] MIRKO.POZEN: Début du Téléchargement de: D:\kerberos.htx\gamez1\Supercow\data\comics\5.jpg
[20:22:14] - [3] MIRKO.POZEN: Fichier envoyé: D:\kerberos.htx\gamez1\Supercow\data\comics\5.jpg (70,10 K/S -   71 787 bytes)
[20:22:14] - [3] MIRKO.POZEN: Répertoire en Cours: D:\kerberos.htx\gamez1\Supercow\data\characters\
[20:22:15] - [3] MIRKO.POZEN: Début du Téléchargement de: D:\kerberos.htx\gamez1\Supercow\data\characters\bat.chr
[20:22:15] - [3] MIRKO.POZEN: Fichier envoyé: D:\kerberos.htx\gamez1\Supercow\data\characters\bat.chr (0,06 K/S -    64 bytes)
[20:22:15] - [3] MIRKO.POZEN: Début du Téléchargement de: D:\kerberos.htx\gamez1\Supercow\data\characters\bat.jpg
[20:22:16] - [3] MIRKO.POZEN: Fichier envoyé: D:\kerberos.htx\gamez1\Supercow\data\characters\bat.jpg (7,21 K/S -   7 385 bytes)
[20:22:16] - [3] MIRKO.POZEN: Début du Téléchargement de: D:\kerberos.htx\gamez1\Supercow\data\characters\bat.skl
[20:22:16] - [3] MIRKO.POZEN: Fichier envoyé: D:\kerberos.htx\gamez1\Supercow\data\characters\bat.skl (26,68 K/S -   27 324 bytes)
[20:22:16] - [3] MIRKO.POZEN: Début du Téléchargement de: D:\kerberos.htx\gamez1\Supercow\data\characters\bat_pause.anm
[20:22:16] - [3] MIRKO.POZEN: Fichier envoyé: D:\kerberos.htx\gamez1\Supercow\data\characters\bat_pause.anm (9,39 K/S -   9 612 bytes)
[20:22:17] - [3] MIRKO.POZEN: Début du Téléchargement de: D:\kerberos.htx\gamez1\Supercow\data\characters\bat_run.anm
[20:22:17] - [3] MIRKO.POZEN: Fichier envoyé: D:\kerberos.htx\gamez1\Supercow\data\characters\bat_run.anm (3,76 K/S -   3 852 bytes)
[20:22:18] - [3] MIRKO.POZEN: Début du Téléchargement de: D:\kerberos.htx\gamez1\Supercow\data\characters\bird.chr
[20:22:18] - [3] MIRKO.POZEN: Fichier envoyé: D:\kerberos.htx\gamez1\Supercow\data\characters\bird.chr (0,06 K/S -    64 bytes)
[20:22:18] - [3] MIRKO.POZEN: Début du Téléchargement de: D:\kerberos.htx\gamez1\Supercow\data\characters\bird.skl
[20:22:18] - [3] MIRKO.POZEN: Fichier envoyé: D:\kerberos.htx\gamez1\Supercow\data\characters\bird.skl (21,05 K/S -   21 560 bytes)
[20:22:18] - [3] MIRKO.POZEN: Début du Téléchargement de: D:\kerberos.htx\gamez1\Supercow\data\characters\bird2.chr
[20:22:18] - [3] MIRKO.POZEN: Fichier envoyé: D:\kerberos.htx\gamez1\Supercow\data\characters\bird2.chr (0,06 K/S -    64 bytes)
[20:22:19] - [3] MIRKO.POZEN: Début du Téléchargement de: D:\kerberos.htx\gamez1\Supercow\data\characters\bird_attack.anm
[20:22:19] - [3] MIRKO.POZEN: Fichier envoyé: D:\kerberos.htx\gamez1\Supercow\data\characters\bird_attack.anm (3,01 K/S -   3 084 bytes)
[20:22:19] - [3] MIRKO.POZEN: Début du Téléchargement de: D:\kerberos.htx\gamez1\Supercow\data\characters\bird_run.anm
[20:22:19] - [3] MIRKO.POZEN: Fichier envoyé: D:\kerberos.htx\gamez1\Supercow\data\characters\bird_run.anm (3,01 K/S -   3 084 bytes)
[20:22:19] - [3] MIRKO.POZEN: Début du Téléchargement de: D:\kerberos.htx\gamez1\Supercow\data\characters\boss_pig.chr
[20:22:19] - [3] MIRKO.POZEN: Fichier envoyé: D:\kerberos.htx\gamez1\Supercow\data\characters\boss_pig.chr (0,06 K/S -    64 bytes)
[20:22:20] - [3] MIRKO.POZEN: Début du Téléchargement de: D:\kerberos.htx\gamez1\Supercow\data\characters\boss_pig.skl
[20:22:20] - [3] MIRKO.POZEN: Fichier envoyé: D:\kerberos.htx\gamez1\Supercow\data\characters\boss_pig.skl (44,34 K/S -   45 404 bytes)
[20:22:20] - [3] MIRKO.POZEN: Début du Téléchargement de: D:\kerberos.htx\gamez1\Supercow\data\characters\bug.chr
[20:22:20] - [3] MIRKO.POZEN: Fichier envoyé: D:\kerberos.htx\gamez1\Supercow\data\characters\bug.chr (0,06 K/S -    64 bytes)
[20:22:21] - [3] MIRKO.POZEN: Début du Téléchargement de: D:\kerberos.htx\gamez1\Supercow\data\characters\bug.jpg
[20:22:21] - [3] MIRKO.POZEN: Fichier envoyé: D:\kerberos.htx\gamez1\Supercow\data\characters\bug.jpg (25,36 K/S -   25 968 bytes)
[20:22:21] - [3] MIRKO.POZEN: Début du Téléchargement de: D:\kerberos.htx\gamez1\Supercow\data\characters\bug.skl
[20:22:21] - [3] MIRKO.POZEN: Fichier envoyé: D:\kerberos.htx\gamez1\Supercow\data\characters\bug.skl (24,77 K/S -   25 364 bytes)
[20:22:22] - [3] MIRKO.POZEN: Début du Téléchargement de: D:\kerberos.htx\gamez1\Supercow\data\characters\bug_attack.anm
[20:22:22] - [3] MIRKO.POZEN: Fichier envoyé: D:\kerberos.htx\gamez1\Supercow\data\characters\bug_attack.anm (2,92 K/S -   2 988 bytes)
[20:22:22] - [3] MIRKO.POZEN: Début du Téléchargement de: D:\kerberos.htx\gamez1\Supercow\data\characters\bug_run.anm
[20:22:22] - [3] MIRKO.POZEN: Fichier envoyé: D:\kerberos.htx\gamez1\Supercow\data\characters\bug_run.anm (8,73 K/S -   8 940 bytes)
[20:22:23] - [3] MIRKO.POZEN: Début du Téléchargement de: D:\kerberos.htx\gamez1\Supercow\data\characters\cow.chr
[20:22:23] - [3] MIRKO.POZEN: Fichier envoyé: D:\kerberos.htx\gamez1\Supercow\data\characters\cow.chr (0,06 K/S -    64 bytes)
[20:22:23] - [3] MIRKO.POZEN: Début du Téléchargement de: D:\kerberos.htx\gamez1\Supercow\data\characters\cow.skl
[20:22:23] - [3] MIRKO.POZEN: Fichier envoyé: D:\kerberos.htx\gamez1\Supercow\data\characters\cow.skl (52,41 K/S -   53 664 bytes)
[20:22:24] - [3] MIRKO.POZEN: Début du Téléchargement de: D:\kerberos.htx\gamez1\Supercow\data\characters\cow_attack.anm
[20:22:24] - [3] MIRKO.POZEN: Fichier envoyé: D:\kerberos.htx\gamez1\Supercow\data\characters\cow_attack.anm (2,53 K/S -   2 592 bytes)
[20:22:24] - [3] MIRKO.POZEN: Début du Téléchargement de: D:\kerberos.htx\gamez1\Supercow\data\characters\cow_banjo.anm
[20:22:24] - [3] MIRKO.POZEN: Fichier envoyé: D:\kerberos.htx\gamez1\Supercow\data\characters\cow_banjo.anm (10,59 K/S -   10 848 bytes)
[20:22:24] - [3] MIRKO.POZEN: Début du Téléchargement de: D:\kerberos.htx\gamez1\Supercow\data\characters\cow_banjo2.anm
[20:22:24] - [3] MIRKO.POZEN: Fichier envoyé: D:\kerberos.htx\gamez1\Supercow\data\characters\cow_banjo2.anm (21,18 K/S -   21 684 bytes)
[20:22:25] - [3] MIRKO.POZEN: Début du Téléchargement de: D:\kerberos.htx\gamez1\Supercow\data\characters\cow_beg.anm
[20:22:25] - [3] MIRKO.POZEN: Fichier envoyé: D:\kerberos.htx\gamez1\Supercow\data\characters\cow_beg.anm (5,05 K/S -   5 172 bytes)
[20:22:25] - [3] MIRKO.POZEN: Début du Téléchargement de: D:\kerberos.htx\gamez1\Supercow\data\characters\cow_dance1.anm
[20:22:25] - [3] MIRKO.POZEN: Fichier envoyé: D:\kerberos.htx\gamez1\Supercow\data\characters\cow_dance1.anm (15,63 K/S -   16 008 bytes)
[20:22:26] - [3] MIRKO.POZEN: Début du Téléchargement de: D:\kerberos.htx\gamez1\Supercow\data\characters\cow_dance2.anm
[20:22:26] - [3] MIRKO.POZEN: Fichier envoyé: D:\kerberos.htx\gamez1\Supercow\data\characters\cow_dance2.anm (12,11 K/S -   12 396 bytes)
[20:22:26] - [3] MIRKO.POZEN: Début du Téléchargement de: D:\kerberos.htx\gamez1\Supercow\data\characters\cow_dance3.anm
[20:22:26] - [3] MIRKO.POZEN: Fichier envoyé: D:\kerberos.htx\gamez1\Supercow\data\characters\cow_dance3.anm (20,67 K/S -   21 168 bytes)
[20:22:27] - [3] MIRKO.POZEN: Début du Téléchargement de: D:\kerberos.htx\gamez1\Supercow\data\characters\cow_death.anm
[20:22:27] - [3] MIRKO.POZEN: Fichier envoyé: D:\kerberos.htx\gamez1\Supercow\data\characters\cow_death.anm (11,10 K/S -   11 364 bytes)
[20:22:28] - [3] MIRKO.POZEN: Début du Téléchargement de: D:\kerberos.htx\gamez1\Supercow\data\characters\cow_hop.anm
[20:22:28] - [3] MIRKO.POZEN: Fichier envoyé: D:\kerberos.htx\gamez1\Supercow\data\characters\cow_hop.anm (5,05 K/S -   5 172 bytes)
[20:22:28] - [3] MIRKO.POZEN: Début du Téléchargement de: D:\kerberos.htx\gamez1\Supercow\data\characters\cow_jump.anm
[20:22:28] - [3] MIRKO.POZEN: Fichier envoyé: D:\kerberos.htx\gamez1\Supercow\data\characters\cow_jump.anm (2,53 K/S -   2 592 bytes)
[20:22:28] - [3] MIRKO.POZEN: Début du Téléchargement de: D:\kerberos.htx\gamez1\Supercow\data\characters\cow_jump_down.anm
[20:22:28] - [3] MIRKO.POZEN: Fichier envoyé: D:\kerberos.htx\gamez1\Supercow\data\characters\cow_jump_down.anm (2,53 K/S -   2 592 bytes)
[20:22:29] - [3] MIRKO.POZEN: Début du Téléchargement de: D:\kerberos.htx\gamez1\Supercow\data\characters\cow_jump_top.anm
[20:22:29] - [3] MIRKO.POZEN: Fichier envoyé: D:\kerberos.htx\gamez1\Supercow\data\characters\cow_jump_top.anm (2,53 K/S -   2 592 bytes)
[20:22:29] - [3] MIRKO.POZEN: Début du Téléchargement de: D:\kerberos.htx\gamez1\Supercow\data\characters\cow_jump_up.anm
[20:22:29] - [3] MIRKO.POZEN: Fichier envoyé: D:\kerberos.htx\gamez1\Supercow\data\characters\cow_jump_up.anm (5,05 K/S -   5 172 bytes)
[20:22:29] - [3] MIRKO.POZEN: Début du Téléchargement de: D:\kerberos.htx\gamez1\Supercow\data\characters\cow_liana.anm
[20:22:29] - [3] MIRKO.POZEN: Fichier envoyé: D:\kerberos.htx\gamez1\Supercow\data\characters\cow_liana.anm (14,63 K/S -   14 976 bytes)
[20:22:30] - [3] MIRKO.POZEN: Début du Téléchargement de: D:\kerberos.htx\gamez1\Supercow\data\characters\cow_loiter1.anm
[20:22:30] - [3] MIRKO.POZEN: Fichier envoyé: D:\kerberos.htx\gamez1\Supercow\data\characters\cow_loiter1.anm (33,77 K/S -   34 584 bytes)
[20:22:30] - [3] MIRKO.POZEN: Début du Téléchargement de: D:\kerberos.htx\gamez1\Supercow\data\characters\cow_loiter2.anm
[20:22:30] - [3] MIRKO.POZEN: Fichier envoyé: D:\kerberos.htx\gamez1\Supercow\data\characters\cow_loiter2.anm (39,82 K/S -   40 776 bytes)
[20:22:31] - [3] MIRKO.POZEN: Début du Téléchargement de: D:\kerberos.htx\gamez1\Supercow\data\characters\cow_loiter3.anm
[20:22:31] - [3] MIRKO.POZEN: Fichier envoyé: D:\kerberos.htx\gamez1\Supercow\data\characters\cow_loiter3.anm (32,77 K/S -   33 552 bytes)
[20:22:31] - [3] MIRKO.POZEN: Début du Téléchargement de: D:\kerberos.htx\gamez1\Supercow\data\characters\cow_loiter4.anm
[20:22:32] - [3] MIRKO.POZEN: Fichier envoyé: D:\kerberos.htx\gamez1\Supercow\data\characters\cow_loiter4.anm (20,17 K/S -   20 652 bytes)
[20:22:32] - [3] MIRKO.POZEN: Début du Téléchargement de: D:\kerberos.htx\gamez1\Supercow\data\characters\cow_loiter5.anm
[20:22:32] - [3] MIRKO.POZEN: Fichier envoyé: D:\kerberos.htx\gamez1\Supercow\data\characters\cow_loiter5.anm (13,62 K/S -   13 944 bytes)
[20:22:33] - [3] MIRKO.POZEN: Début du Téléchargement de: D:\kerberos.htx\gamez1\Supercow\data\characters\cow_lookdown.anm
[20:22:33] - [3] MIRKO.POZEN: Fichier envoyé: D:\kerberos.htx\gamez1\Supercow\data\characters\cow_lookdown.anm (10,09 K/S -   10 332 bytes)
[20:22:33] - [3] MIRKO.POZEN: Début du Téléchargement de: D:\kerberos.htx\gamez1\Supercow\data\characters\cow_poklon.anm
[20:22:33] - [3] MIRKO.POZEN: Fichier envoyé: D:\kerberos.htx\gamez1\Supercow\data\characters\cow_poklon.anm (18,15 K/S -   18 588 bytes)
[20:22:33] - [3] MIRKO.POZEN: Début du Téléchargement de: D:\kerberos.htx\gamez1\Supercow\data\characters\cow_read.anm
[20:22:34] - [3] MIRKO.POZEN: Fichier envoyé: D:\kerberos.htx\gamez1\Supercow\data\characters\cow_read.anm (65,52 K/S -   67 092 bytes)
[20:22:34] - [3] MIRKO.POZEN: Début du Téléchargement de: D:\kerberos.htx\gamez1\Supercow\data\characters\cow_shock.anm
[20:22:34] - [3] MIRKO.POZEN: Fichier envoyé: D:\kerberos.htx\gamez1\Supercow\data\characters\cow_shock.anm (2,53 K/S -   2 592 bytes)
[20:22:34] - [3] MIRKO.POZEN: Début du Téléchargement de: D:\kerberos.htx\gamez1\Supercow\data\characters\cow_sit.anm
[20:22:34] - [3] MIRKO.POZEN: Fichier envoyé: D:\kerberos.htx\gamez1\Supercow\data\characters\cow_sit.anm (3,04 K/S -   3 108 bytes)
[20:22:35] - [3] MIRKO.POZEN: Début du Téléchargement de: D:\kerberos.htx\gamez1\Supercow\data\characters\cow_stand.anm
[20:22:35] - [3] MIRKO.POZEN: Fichier envoyé: D:\kerberos.htx\gamez1\Supercow\data\characters\cow_stand.anm (3,54 K/S -   3 624 bytes)
[20:22:35] - [3] MIRKO.POZEN: Début du Téléchargement de: D:\kerberos.htx\gamez1\Supercow\data\characters\cow_start.anm
[20:22:35] - [3] MIRKO.POZEN: Fichier envoyé: D:\kerberos.htx\gamez1\Supercow\data\characters\cow_start.anm (16,64 K/S -   17 040 bytes)
[20:22:36] - [3] MIRKO.POZEN: Début du Téléchargement de: D:\kerberos.htx\gamez1\Supercow\data\characters\cow_turn1.anm
[20:22:36] - [3] MIRKO.POZEN: Fichier envoyé: D:\kerberos.htx\gamez1\Supercow\data\characters\cow_turn1.anm (17,65 K/S -   18 072 bytes)
[20:22:36] - [3] MIRKO.POZEN: Début du Téléchargement de: D:\kerberos.htx\gamez1\Supercow\data\characters\cow_turn2.anm
[20:22:36] - [3] MIRKO.POZEN: Fichier envoyé: D:\kerberos.htx\gamez1\Supercow\data\characters\cow_turn2.anm (10,09 K/S -   10 332 bytes)
[20:22:37] - [3] MIRKO.POZEN: Début du Téléchargement de: D:\kerberos.htx\gamez1\Supercow\data\characters\cow_victory.anm
[20:22:37] - [3] MIRKO.POZEN: Fichier envoyé: D:\kerberos.htx\gamez1\Supercow\data\characters\cow_victory.anm (12,61 K/S -   12 912 bytes)
[20:22:37] - [3] MIRKO.POZEN: Début du Téléchargement de: D:\kerberos.htx\gamez1\Supercow\data\characters\cow_void1.anm
[20:22:37] - [3] MIRKO.POZEN: Fichier envoyé: D:\kerberos.htx\gamez1\Supercow\data\characters\cow_void1.anm (28,35 K/S -   29 028 bytes)
[20:22:37] - [3] MIRKO.POZEN: Début du Téléchargement de: D:\kerberos.htx\gamez1\Supercow\data\characters\cow_walk.anm
[20:22:38] - [3] MIRKO.POZEN: Fichier envoyé: D:\kerberos.htx\gamez1\Supercow\data\characters\cow_walk.anm (5,05 K/S -   5 172 bytes)
[20:22:38] - [3] MIRKO.POZEN: Début du Téléchargement de: D:\kerberos.htx\gamez1\Supercow\data\characters\cow_wow.anm
[20:22:38] - [3] MIRKO.POZEN: Fichier envoyé: D:\kerberos.htx\gamez1\Supercow\data\characters\cow_wow.anm (20,17 K/S -   20 652 bytes)
[20:22:38] - [3] MIRKO.POZEN: Début du Téléchargement de: D:\kerberos.htx\gamez1\Supercow\data\characters\cow_zevok.anm
[20:22:38] - [3] MIRKO.POZEN: Fichier envoyé: D:\kerberos.htx\gamez1\Supercow\data\characters\cow_zevok.anm (14,63 K/S -   14 976 bytes)
[20:22:39] - [3] MIRKO.POZEN: Début du Téléchargement de: D:\kerberos.htx\gamez1\Supercow\data\characters\Dikobraz.tga
[20:22:39] - [3] MIRKO.POZEN: Fichier envoyé: D:\kerberos.htx\gamez1\Supercow\data\characters\Dikobraz.tga (64,04 K/S -   65 580 bytes)
[20:22:39] - [3] MIRKO.POZEN: Début du Téléchargement de: D:\kerberos.htx\gamez1\Supercow\data\characters\dog.chr
[20:22:39] - [3] MIRKO.POZEN: Fichier envoyé: D:\kerberos.htx\gamez1\Supercow\data\characters\dog.chr (0,06 K/S -    64 bytes)
[20:22:40] - [3] MIRKO.POZEN: Début du Téléchargement de: D:\kerberos.htx\gamez1\Supercow\data\characters\dog.skl
[20:22:40] - [3] MIRKO.POZEN: Fichier envoyé: D:\kerberos.htx\gamez1\Supercow\data\characters\dog.skl (23,54 K/S -   24 108 bytes)
[20:22:40] - [3] MIRKO.POZEN: Début du Téléchargement de: D:\kerberos.htx\gamez1\Supercow\data\characters\dog_atack.anm
[20:22:40] - [3] MIRKO.POZEN: Fichier envoyé: D:\kerberos.htx\gamez1\Supercow\data\characters\dog_atack.anm (2,61 K/S -   2 676 bytes)
[20:22:40] - [3] MIRKO.POZEN: Début du Téléchargement de: D:\kerberos.htx\gamez1\Supercow\data\characters\dog_dance.anm
[20:22:40] - [3] MIRKO.POZEN: Fichier envoyé: D:\kerberos.htx\gamez1\Supercow\data\characters\dog_dance.anm (13,45 K/S -   13 776 bytes)
[20:22:40] - [3] MIRKO.POZEN: Début du Téléchargement de: D:\kerberos.htx\gamez1\Supercow\data\characters\dog_pausa.anm
[20:22:40] - [3] MIRKO.POZEN: Fichier envoyé: D:\kerberos.htx\gamez1\Supercow\data\characters\dog_pausa.anm (13,02 K/S -   13 332 bytes)
[20:22:41] - [3] MIRKO.POZEN: Début du Téléchargement de: D:\kerberos.htx\gamez1\Supercow\data\characters\dog_pausa2.anm
[20:22:41] - [3] MIRKO.POZEN: Fichier envoyé: D:\kerberos.htx\gamez1\Supercow\data\characters\dog_pausa2.anm (15,19 K/S -   15 552 bytes)
[20:22:41] - [3] MIRKO.POZEN: Début du Téléchargement de: D:\kerberos.htx\gamez1\Supercow\data\characters\dog_run.anm
[20:22:41] - [3] MIRKO.POZEN: Fichier envoyé: D:\kerberos.htx\gamez1\Supercow\data\characters\dog_run.anm (3,48 K/S -   3 564 bytes)
[20:22:42] - [3] MIRKO.POZEN: Début du Téléchargement de: D:\kerberos.htx\gamez1\Supercow\data\characters\DoG_TGA.tga
[20:22:42] - [3] MIRKO.POZEN: Fichier envoyé: D:\kerberos.htx\gamez1\Supercow\data\characters\DoG_TGA.tga (64,04 K/S -   65 580 bytes)
[20:22:42] - [3] MIRKO.POZEN: Début du Téléchargement de: D:\kerberos.htx\gamez1\Supercow\data\characters\flycatcher.chr
[20:22:42] - [3] MIRKO.POZEN: Fichier envoyé: D:\kerberos.htx\gamez1\Supercow\data\characters\flycatcher.chr (0,06 K/S -    64 bytes)
[20:22:43] - [3] MIRKO.POZEN: Début du Téléchargement de: D:\kerberos.htx\gamez1\Supercow\data\characters\flycatcher.skl
[20:22:43] - [3] MIRKO.POZEN: Fichier envoyé: D:\kerberos.htx\gamez1\Supercow\data\characters\flycatcher.skl (20,00 K/S -   20 484 bytes)
[20:22:43] - [3] MIRKO.POZEN: Début du Téléchargement de: D:\kerberos.htx\gamez1\Supercow\data\characters\flycatcher_attack.anm
[20:22:43] - [3] MIRKO.POZEN: Fichier envoyé: D:\kerberos.htx\gamez1\Supercow\data\characters\flycatcher_attack.anm (3,95 K/S -   4 044 bytes)
[20:22:43] - [3] MIRKO.POZEN: Début du Téléchargement de: D:\kerberos.htx\gamez1\Supercow\data\characters\flycatcher_death.anm
[20:22:43] - [3] MIRKO.POZEN: Fichier envoyé: D:\kerberos.htx\gamez1\Supercow\data\characters\flycatcher_death.anm (3,29 K/S -   3 372 bytes)
[20:22:44] - [3] MIRKO.POZEN: Début du Téléchargement de: D:\kerberos.htx\gamez1\Supercow\data\characters\flycatcher_pause.anm
[20:22:44] - [3] MIRKO.POZEN: Fichier envoyé: D:\kerberos.htx\gamez1\Supercow\data\characters\flycatcher_pause.anm (6,57 K/S -   6 732 bytes)
[20:22:44] - [3] MIRKO.POZEN: Début du Téléchargement de: D:\kerberos.htx\gamez1\Supercow\data\characters\frog.chr
[20:22:44] - [3] MIRKO.POZEN: Fichier envoyé: D:\kerberos.htx\gamez1\Supercow\data\characters\frog.chr (0,06 K/S -    64 bytes)
[20:22:45] - [3] MIRKO.POZEN: Début du Téléchargement de: D:\kerberos.htx\gamez1\Supercow\data\characters\frog.jpg
[20:22:45] - [3] MIRKO.POZEN: Fichier envoyé: D:\kerberos.htx\gamez1\Supercow\data\characters\frog.jpg (9,23 K/S -   9 453 bytes)
[20:22:45] - [3] MIRKO.POZEN: Début du Téléchargement de: D:\kerberos.htx\gamez1\Supercow\data\characters\frog.skl
[20:22:45] - [3] MIRKO.POZEN: Fichier envoyé: D:\kerberos.htx\gamez1\Supercow\data\characters\frog.skl (23,70 K/S -   24 264 bytes)
[20:22:46] - [3] MIRKO.POZEN: Début du Téléchargement de: D:\kerberos.htx\gamez1\Supercow\data\characters\frog_ik.anm
[20:22:46] - [3] MIRKO.POZEN: Fichier envoyé: D:\kerberos.htx\gamez1\Supercow\data\characters\frog_ik.anm (15,95 K/S -   16 332 bytes)
[20:22:46] - [3] MIRKO.POZEN: Début du Téléchargement de: D:\kerberos.htx\gamez1\Supercow\data\characters\frog_jump.anm
[20:22:46] - [3] MIRKO.POZEN: Fichier envoyé: D:\kerberos.htx\gamez1\Supercow\data\characters\frog_jump.anm (13,96 K/S -   14 292 bytes)
[20:22:46] - [3] MIRKO.POZEN: Début du Téléchargement de: D:\kerberos.htx\gamez1\Supercow\data\characters\frog_plevok.anm
[20:22:47] - [3] MIRKO.POZEN: Fichier envoyé: D:\kerberos.htx\gamez1\Supercow\data\characters\frog_plevok.anm (11,96 K/S -   12 252 bytes)
[20:22:47] - [3] MIRKO.POZEN: Début du Téléchargement de: D:\kerberos.htx\gamez1\Supercow\data\characters\frog_turn.anm
[20:22:47] - [3] MIRKO.POZEN: Fichier envoyé: D:\kerberos.htx\gamez1\Supercow\data\characters\frog_turn.anm (12,76 K/S -   13 068 bytes)
[20:22:47] - [3] MIRKO.POZEN: Début du Téléchargement de: D:\kerberos.htx\gamez1\Supercow\data\characters\goat.chr
[20:22:47] - [3] MIRKO.POZEN: Fichier envoyé: D:\kerberos.htx\gamez1\Supercow\data\characters\goat.chr (0,06 K/S -    64 bytes)
[20:22:48] - [3] MIRKO.POZEN: Début du Téléchargement de: D:\kerberos.htx\gamez1\Supercow\data\characters\goat.skl
[20:22:48] - [3] MIRKO.POZEN: Fichier envoyé: D:\kerberos.htx\gamez1\Supercow\data\characters\goat.skl (39,81 K/S -   40 768 bytes)
[20:22:48] - [3] MIRKO.POZEN: Début du Téléchargement de: D:\kerberos.htx\gamez1\Supercow\data\characters\goat_attack.anm
[20:22:48] - [3] MIRKO.POZEN: Fichier envoyé: D:\kerberos.htx\gamez1\Supercow\data\characters\goat_attack.anm (7,75 K/S -   7 932 bytes)
[20:22:49] - [3] MIRKO.POZEN: Début du Téléchargement de: D:\kerberos.htx\gamez1\Supercow\data\characters\goat_dance.anm
[20:22:49] - [3] MIRKO.POZEN: Fichier envoyé: D:\kerberos.htx\gamez1\Supercow\data\characters\goat_dance.anm (76,97 K/S -   78 816 bytes)
[20:22:50] - [3] MIRKO.POZEN: Début du Téléchargement de: D:\kerberos.htx\gamez1\Supercow\data\characters\goat_death.anm
[20:22:50] - [3] MIRKO.POZEN: Fichier envoyé: D:\kerberos.htx\gamez1\Supercow\data\characters\goat_death.anm (22,44 K/S -   22 980 bytes)
[20:22:51] - [3] MIRKO.POZEN: Début du Téléchargement de: D:\kerberos.htx\gamez1\Supercow\data\characters\goat_run.anm
[20:22:51] - [3] MIRKO.POZEN: Fichier envoyé: D:\kerberos.htx\gamez1\Supercow\data\characters\goat_run.anm (5,81 K/S -   5 952 bytes)
[20:22:51] - [3] MIRKO.POZEN: Début du Téléchargement de: D:\kerberos.htx\gamez1\Supercow\data\characters\goat_stand.anm
[20:22:51] - [3] MIRKO.POZEN: Fichier envoyé: D:\kerberos.htx\gamez1\Supercow\data\characters\goat_stand.anm (61,89 K/S -   63 372 bytes)
[20:22:52] - [3] MIRKO.POZEN: Début du Téléchargement de: D:\kerberos.htx\gamez1\Supercow\data\characters\goat_throw.anm
[20:22:52] - [3] MIRKO.POZEN: Fichier envoyé: D:\kerberos.htx\gamez1\Supercow\data\characters\goat_throw.anm (9,68 K/S -   9 912 bytes)
[20:22:52] - [3] MIRKO.POZEN: Début du Téléchargement de: D:\kerberos.htx\gamez1\Supercow\data\characters\goat_walk.anm
[20:22:52] - [3] MIRKO.POZEN: Fichier envoyé: D:\kerberos.htx\gamez1\Supercow\data\characters\goat_walk.anm (7,36 K/S -   7 536 bytes)
[20:22:52] - [3] MIRKO.POZEN: Début du Téléchargement de: D:\kerberos.htx\gamez1\Supercow\data\characters\hedgehog.anm
[20:22:52] - [3] MIRKO.POZEN: Fichier envoyé: D:\kerberos.htx\gamez1\Supercow\data\characters\hedgehog.anm (1,18 K/S -   1 212 bytes)
[20:22:53] - [3] MIRKO.POZEN: Début du Téléchargement de: D:\kerberos.htx\gamez1\Supercow\data\characters\hedgehog.chr
[20:22:53] - [3] MIRKO.POZEN: Fichier envoyé: D:\kerberos.htx\gamez1\Supercow\data\characters\hedgehog.chr (0,06 K/S -    64 bytes)
[20:22:53] - [3] MIRKO.POZEN: Début du Téléchargement de: D:\kerberos.htx\gamez1\Supercow\data\characters\hedgehog.skl
[20:22:53] - [3] MIRKO.POZEN: Fichier envoyé: D:\kerberos.htx\gamez1\Supercow\data\characters\hedgehog.skl (27,44 K/S -   28 100 bytes)
[20:22:54] - [3] MIRKO.POZEN: Début du Téléchargement de: D:\kerberos.htx\gamez1\Supercow\data\characters\korova.jpg
[20:22:54] - [3] MIRKO.POZEN: Fichier envoyé: D:\kerberos.htx\gamez1\Supercow\data\characters\korova.jpg (47,61 K/S -   48 757 bytes)
[20:22:55] - [3] MIRKO.POZEN: Début du Téléchargement de: D:\kerberos.htx\gamez1\Supercow\data\characters\kozel.jpg
[20:22:55] - [3] MIRKO.POZEN: Fichier envoyé: D:\kerberos.htx\gamez1\Supercow\data\characters\kozel.jpg (46,03 K/S -   47 131 bytes)
[20:22:55] - [3] MIRKO.POZEN: Début du Téléchargement de: D:\kerberos.htx\gamez1\Supercow\data\characters\Krot.jpg
[20:22:55] - [3] MIRKO.POZEN: Fichier envoyé: D:\kerberos.htx\gamez1\Supercow\data\characters\Krot.jpg (11,09 K/S -   11 359 bytes)
[20:22:55] - [3] MIRKO.POZEN: Début du Téléchargement de: D:\kerberos.htx\gamez1\Supercow\data\characters\mole.chr
[20:22:56] - [3] MIRKO.POZEN: Fichier envoyé: D:\kerberos.htx\gamez1\Supercow\data\characters\mole.chr (0,06 K/S -    64 bytes)
[20:22:56] - [3] MIRKO.POZEN: Début du Téléchargement de: D:\kerberos.htx\gamez1\Supercow\data\characters\mole.skl
[20:22:56] - [3] MIRKO.POZEN: Fichier envoyé: D:\kerberos.htx\gamez1\Supercow\data\characters\mole.skl (23,14 K/S -   23 696 bytes)
[20:22:56] - [3] MIRKO.POZEN: Début du Téléchargement de: D:\kerberos.htx\gamez1\Supercow\data\characters\mole_attack.anm
[20:22:57] - [3] MIRKO.POZEN: Fichier envoyé: D:\kerberos.htx\gamez1\Supercow\data\characters\mole_attack.anm (5,11 K/S -   5 232 bytes)
[20:22:57] - [3] MIRKO.POZEN: Début du Téléchargement de: D:\kerberos.htx\gamez1\Supercow\data\characters\mole_fall.anm
[20:22:57] - [3] MIRKO.POZEN: Fichier envoyé: D:\kerberos.htx\gamez1\Supercow\data\characters\mole_fall.anm (8,51 K/S -   8 712 bytes)
[20:22:57] - [3] MIRKO.POZEN: Début du Téléchargement de: D:\kerberos.htx\gamez1\Supercow\data\characters\mole_look.anm
[20:22:57] - [3] MIRKO.POZEN: Fichier envoyé: D:\kerberos.htx\gamez1\Supercow\data\characters\mole_look.anm (6,81 K/S -   6 972 bytes)
[20:22:57] - [3] MIRKO.POZEN: Début du Téléchargement de: D:\kerberos.htx\gamez1\Supercow\data\characters\mole_void.anm
[20:22:58] - [3] MIRKO.POZEN: Fichier envoyé: D:\kerberos.htx\gamez1\Supercow\data\characters\mole_void.anm (2,05 K/S -   2 100 bytes)
[20:22:58] - [3] MIRKO.POZEN: Début du Téléchargement de: D:\kerberos.htx\gamez1\Supercow\data\characters\muholov.tga
[20:22:58] - [3] MIRKO.POZEN: Fichier envoyé: D:\kerberos.htx\gamez1\Supercow\data\characters\muholov.tga (64,04 K/S -   65 580 bytes)
[20:22:58] - [3] MIRKO.POZEN: Début du Téléchargement de: D:\kerberos.htx\gamez1\Supercow\data\characters\osa.tga
[20:22:58] - [3] MIRKO.POZEN: Fichier envoyé: D:\kerberos.htx\gamez1\Supercow\data\characters\osa.tga (64,04 K/S -   65 580 bytes)
[20:22:59] - [3] MIRKO.POZEN: Début du Téléchargement de: D:\kerberos.htx\gamez1\Supercow\data\characters\pauk.jpg
[20:22:59] - [3] MIRKO.POZEN: Fichier envoyé: D:\kerberos.htx\gamez1\Supercow\data\characters\pauk.jpg (23,76 K/S -   24 329 bytes)
[20:23:00] - [3] MIRKO.POZEN: Début du Téléchargement de: D:\kerberos.htx\gamez1\Supercow\data\characters\pig.jpg
[20:23:00] - [3] MIRKO.POZEN: Fichier envoyé: D:\kerberos.htx\gamez1\Supercow\data\characters\pig.jpg (54,28 K/S -   55 581 bytes)
[20:23:00] - [3] MIRKO.POZEN: Début du Téléchargement de: D:\kerberos.htx\gamez1\Supercow\data\characters\pig_attack.anm
[20:23:00] - [3] MIRKO.POZEN: Fichier envoyé: D:\kerberos.htx\gamez1\Supercow\data\characters\pig_attack.anm (3,29 K/S -   3 372 bytes)
[20:23:01] - [3] MIRKO.POZEN: Début du Téléchargement de: D:\kerberos.htx\gamez1\Supercow\data\characters\pig_run.anm
[20:23:01] - [3] MIRKO.POZEN: Fichier envoyé: D:\kerberos.htx\gamez1\Supercow\data\characters\pig_run.anm (3,29 K/S -   3 372 bytes)
[20:23:01] - [3] MIRKO.POZEN: Début du Téléchargement de: D:\kerberos.htx\gamez1\Supercow\data\characters\pig_stand.anm
[20:23:01] - [3] MIRKO.POZEN: Fichier envoyé: D:\kerberos.htx\gamez1\Supercow\data\characters\pig_stand.anm (20,52 K/S -   21 012 bytes)
[20:23:02] - [3] MIRKO.POZEN: Début du Téléchargement de: D:\kerberos.htx\gamez1\Supercow\data\characters\prof.chr
[20:23:02] - [3] MIRKO.POZEN: Fichier envoyé: D:\kerberos.htx\gamez1\Supercow\data\characters\prof.chr (0,06 K/S -    64 bytes)
[20:23:02] - [3] MIRKO.POZEN: Début du Téléchargement de: D:\kerberos.htx\gamez1\Supercow\data\characters\prof.jpg
[20:23:02] - [3] MIRKO.POZEN: Fichier envoyé: D:\kerberos.htx\gamez1\Supercow\data\characters\prof.jpg (43,39 K/S -   44 434 bytes)
[20:23:03] - [3] MIRKO.POZEN: Début du Téléchargement de: D:\kerberos.htx\gamez1\Supercow\data\characters\prof.skl
[20:23:03] - [3] MIRKO.POZEN: Fichier envoyé: D:\kerberos.htx\gamez1\Supercow\data\characters\prof.skl (52,29 K/S -   53 540 bytes)
[20:23:03] - [3] MIRKO.POZEN: Début du Téléchargement de: D:\kerberos.htx\gamez1\Supercow\data\characters\prof_attack.anm
[20:23:03] - [3] MIRKO.POZEN: Fichier envoyé: D:\kerberos.htx\gamez1\Supercow\data\characters\prof_attack.anm (8,92 K/S -   9 132 bytes)
[20:23:04] - [3] MIRKO.POZEN: Début du Téléchargement de: D:\kerberos.htx\gamez1\Supercow\data\characters\prof_walk.anm
[20:23:04] - [3] MIRKO.POZEN: Fichier envoyé: D:\kerberos.htx\gamez1\Supercow\data\characters\prof_walk.anm (4,46 K/S -   4 572 bytes)
[20:23:04] - [3] MIRKO.POZEN: Début du Téléchargement de: D:\kerberos.htx\gamez1\Supercow\data\characters\snail.chr
[20:23:04] - [3] MIRKO.POZEN: Fichier envoyé: D:\kerberos.htx\gamez1\Supercow\data\characters\snail.chr (0,06 K/S -    64 bytes)
[20:23:05] - [3] MIRKO.POZEN: Début du Téléchargement de: D:\kerberos.htx\gamez1\Supercow\data\characters\snail.skl
[20:23:05] - [3] MIRKO.POZEN: Fichier envoyé: D:\kerberos.htx\gamez1\Supercow\data\characters\snail.skl (18,88 K/S -   19 336 bytes)
[20:23:05] - [3] MIRKO.POZEN: Début du Téléchargement de: D:\kerberos.htx\gamez1\Supercow\data\characters\snail_attack.anm
[20:23:05] - [3] MIRKO.POZEN: Fichier envoyé: D:\kerberos.htx\gamez1\Supercow\data\characters\snail_attack.anm (1,70 K/S -   1 740 bytes)
[20:23:05] - [3] MIRKO.POZEN: Début du Téléchargement de: D:\kerberos.htx\gamez1\Supercow\data\characters\snail_left.anm
[20:23:05] - [3] MIRKO.POZEN: Fichier envoyé: D:\kerberos.htx\gamez1\Supercow\data\characters\snail_left.anm (2,82 K/S -   2 892 bytes)
[20:23:06] - [3] MIRKO.POZEN: Début du Téléchargement de: D:\kerberos.htx\gamez1\Supercow\data\characters\snail_pause.anm
[20:23:06] - [3] MIRKO.POZEN: Fichier envoyé: D:\kerberos.htx\gamez1\Supercow\data\characters\snail_pause.anm (22,51 K/S -   23 052 bytes)
[20:23:06] - [3] MIRKO.POZEN: Début du Téléchargement de: D:\kerberos.htx\gamez1\Supercow\data\characters\snail_right.anm
[20:23:06] - [3] MIRKO.POZEN: Fichier envoyé: D:\kerberos.htx\gamez1\Supercow\data\characters\snail_right.anm (2,82 K/S -   2 892 bytes)
[20:23:07] - [3] MIRKO.POZEN: Début du Téléchargement de: D:\kerberos.htx\gamez1\Supercow\data\characters\spider.chr
[20:23:07] - [3] MIRKO.POZEN: Fichier envoyé: D:\kerberos.htx\gamez1\Supercow\data\characters\spider.chr (0,06 K/S -    64 bytes)
[20:23:07] - [3] MIRKO.POZEN: Début du Téléchargement de: D:\kerberos.htx\gamez1\Supercow\data\characters\spider.skl
[20:23:07] - [3] MIRKO.POZEN: Fichier envoyé: D:\kerberos.htx\gamez1\Supercow\data\characters\spider.skl (22,49 K/S -   23 032 bytes)
[20:23:08] - [3] MIRKO.POZEN: Début du Téléchargement de: D:\kerberos.htx\gamez1\Supercow\data\characters\spider_run.anm
[20:23:08] - [3] MIRKO.POZEN: Fichier envoyé: D:\kerberos.htx\gamez1\Supercow\data\characters\spider_run.anm (4,23 K/S -   4 332 bytes)
[20:23:08] - [3] MIRKO.POZEN: Début du Téléchargement de: D:\kerberos.htx\gamez1\Supercow\data\characters\ulitka.jpg
[20:23:08] - [3] MIRKO.POZEN: Fichier envoyé: D:\kerberos.htx\gamez1\Supercow\data\characters\ulitka.jpg (19,28 K/S -   19 745 bytes)
[20:23:08] - [3] MIRKO.POZEN: Début du Téléchargement de: D:\kerberos.htx\gamez1\Supercow\data\characters\vorona.jpg
[20:23:08] - [3] MIRKO.POZEN: Fichier envoyé: D:\kerberos.htx\gamez1\Supercow\data\characters\vorona.jpg (21,53 K/S -   22 043 bytes)
[20:23:09] - [3] MIRKO.POZEN: Début du Téléchargement de: D:\kerberos.htx\gamez1\Supercow\data\characters\vorona2.jpg
[20:23:09] - [3] MIRKO.POZEN: Fichier envoyé: D:\kerberos.htx\gamez1\Supercow\data\characters\vorona2.jpg (28,23 K/S -   28 904 bytes)
[20:23:09] - [3] MIRKO.POZEN: Début du Téléchargement de: D:\kerberos.htx\gamez1\Supercow\data\characters\wasp.chr
[20:23:09] - [3] MIRKO.POZEN: Fichier envoyé: D:\kerberos.htx\gamez1\Supercow\data\characters\wasp.chr (0,06 K/S -    64 bytes)
[20:23:10] - [3] MIRKO.POZEN: Début du Téléchargement de: D:\kerberos.htx\gamez1\Supercow\data\characters\wasp.skl
[20:23:10] - [3] MIRKO.POZEN: Fichier envoyé: D:\kerberos.htx\gamez1\Supercow\data\characters\wasp.skl (7,55 K/S -   7 728 bytes)
[20:23:10] - [3] MIRKO.POZEN: Début du Téléchargement de: D:\kerberos.htx\gamez1\Supercow\data\characters\wasp_run.anm
[20:23:10] - [3] MIRKO.POZEN: Fichier envoyé: D:\kerberos.htx\gamez1\Supercow\data\characters\wasp_run.anm (5,26 K/S -   5 388 bytes)
[20:23:10] - [3] MIRKO.POZEN: Répertoire en Cours: D:\kerberos.htx\gamez1\Supercow\data\audio\voices_us\
[20:23:11] - [3] MIRKO.POZEN: Début du Téléchargement de: D:\kerberos.htx\gamez1\Supercow\data\audio\voices_us\10_h1.ogg
[20:23:12] - [3] MIRKO.POZEN: Fichier envoyé: D:\kerberos.htx\gamez1\Supercow\data\audio\voices_us\10_h1.ogg (31,84 K/S -   32 607 bytes)
[20:23:12] - [3] MIRKO.POZEN: Début du Téléchargement de: D:\kerberos.htx\gamez1\Supercow\data\audio\voices_us\10_h2.ogg
[20:23:12] - [3] MIRKO.POZEN: Fichier envoyé: D:\kerberos.htx\gamez1\Supercow\data\audio\voices_us\10_h2.ogg (49,91 K/S -   51 104 bytes)
[20:23:13] - [3] MIRKO.POZEN: Début du Téléchargement de: D:\kerberos.htx\gamez1\Supercow\data\audio\voices_us\10_h3.ogg
[20:23:13] - [3] MIRKO.POZEN: Fichier envoyé: D:\kerberos.htx\gamez1\Supercow\data\audio\voices_us\10_h3.ogg (19,74 K/S -   20 209 bytes)
[20:23:13] - [3] MIRKO.POZEN: Début du Téléchargement de: D:\kerberos.htx\gamez1\Supercow\data\audio\voices_us\10_h4.ogg
[20:23:13] - [3] MIRKO.POZEN: Fichier envoyé: D:\kerberos.htx\gamez1\Supercow\data\audio\voices_us\10_h4.ogg (58,57 K/S -   59 977 bytes)
[20:23:14] - [3] MIRKO.POZEN: Début du Téléchargement de: D:\kerberos.htx\gamez1\Supercow\data\audio\voices_us\10_h5.ogg
[20:23:14] - [3] MIRKO.POZEN: Fichier envoyé: D:\kerberos.htx\gamez1\Supercow\data\audio\voices_us\10_h5.ogg (32,39 K/S -   33 164 bytes)
[20:23:15] - [3] MIRKO.POZEN: Début du Téléchargement de: D:\kerberos.htx\gamez1\Supercow\data\audio\voices_us\10_v1.ogg
[20:23:15] - [3] MIRKO.POZEN: Fichier envoyé: D:\kerberos.htx\gamez1\Supercow\data\audio\voices_us\10_v1.ogg (19,83 K/S -   20 309 bytes)
[20:23:15] - [3] MIRKO.POZEN: Début du Téléchargement de: D:\kerberos.htx\gamez1\Supercow\data\audio\voices_us\10_v10.ogg
[20:23:15] - [3] MIRKO.POZEN: Fichier envoyé: D:\kerberos.htx\gamez1\Supercow\data\audio\voices_us\10_v10.ogg (14,54 K/S -   14 891 bytes)
[20:23:16] - [3] MIRKO.POZEN: Début du Téléchargement de: D:\kerberos.htx\gamez1\Supercow\data\audio\voices_us\10_v11.ogg
[20:23:16] - [3] MIRKO.POZEN: Fichier envoyé: D:\kerberos.htx\gamez1\Supercow\data\audio\voices_us\10_v11.ogg (51,29 K/S -   52 524 bytes)
[20:23:17] - [3] MIRKO.POZEN: Début du Téléchargement de: D:\kerberos.htx\gamez1\Supercow\data\audio\voices_us\10_v12.ogg
[20:23:17] - [3] MIRKO.POZEN: Fichier envoyé: D:\kerberos.htx\gamez1\Supercow\data\audio\voices_us\10_v12.ogg (46,82 K/S -   47 940 bytes)
[20:23:18] - [3] MIRKO.POZEN: Début du Téléchargement de: D:\kerberos.htx\gamez1\Supercow\data\audio\voices_us\10_v13.ogg
[20:23:18] - [3] MIRKO.POZEN: Fichier envoyé: D:\kerberos.htx\gamez1\Supercow\data\audio\voices_us\10_v13.ogg (63,36 K/S -   64 883 bytes)
[20:23:18] - [3] MIRKO.POZEN: Début du Téléchargement de: D:\kerberos.htx\gamez1\Supercow\data\audio\voices_us\10_v14.ogg
[20:23:19] - [3] MIRKO.POZEN: Fichier envoyé: D:\kerberos.htx\gamez1\Supercow\data\audio\voices_us\10_v14.ogg (37,72 K/S -   38 625 bytes)
[20:23:19] - [3] MIRKO.POZEN: Début du Téléchargement de: D:\kerberos.htx\gamez1\Supercow\data\audio\voices_us\10_v15.ogg
[20:23:19] - [3] MIRKO.POZEN: Fichier envoyé: D:\kerberos.htx\gamez1\Supercow\data\audio\voices_us\10_v15.ogg (58,34 K/S -   59 740 bytes)
[20:23:20] - [3] MIRKO.POZEN: Début du Téléchargement de: D:\kerberos.htx\gamez1\Supercow\data\audio\voices_us\10_v16.ogg
[20:23:20] - [3] MIRKO.POZEN: Fichier envoyé: D:\kerberos.htx\gamez1\Supercow\data\audio\voices_us\10_v16.ogg (48,84 K/S -   50 014 bytes)
[20:23:20] - [3] MIRKO.POZEN: Début du Téléchargement de: D:\kerberos.htx\gamez1\Supercow\data\audio\voices_us\10_v17.ogg
[20:23:20] - [3] MIRKO.POZEN: Fichier envoyé: D:\kerberos.htx\gamez1\Supercow\data\audio\voices_us\10_v17.ogg (39,41 K/S -   40 352 bytes)
[20:23:21] - [3] MIRKO.POZEN: Début du Téléchargement de: D:\kerberos.htx\gamez1\Supercow\data\audio\voices_us\10_v18.ogg
[20:23:21] - [3] MIRKO.POZEN: Fichier envoyé: D:\kerberos.htx\gamez1\Supercow\data\audio\voices_us\10_v18.ogg (64,28 K/S -   65 823 bytes)
[20:23:22] - [3] MIRKO.POZEN: Début du Téléchargement de: D:\kerberos.htx\gamez1\Supercow\data\audio\voices_us\10_v2.ogg
[20:23:22] - [3] MIRKO.POZEN: Fichier envoyé: D:\kerberos.htx\gamez1\Supercow\data\audio\voices_us\10_v2.ogg (24,73 K/S -   25 324 bytes)
[20:23:22] - [3] MIRKO.POZEN: Début du Téléchargement de: D:\kerberos.htx\gamez1\Supercow\data\audio\voices_us\10_v3.ogg
[20:23:22] - [3] MIRKO.POZEN: Fichier envoyé: D:\kerberos.htx\gamez1\Supercow\data\audio\voices_us\10_v3.ogg (25,40 K/S -   26 008 bytes)
[20:23:23] - [3] MIRKO.POZEN: Début du Téléchargement de: D:\kerberos.htx\gamez1\Supercow\data\audio\voices_us\10_v4.ogg
[20:23:23] - [3] MIRKO.POZEN: Fichier envoyé: D:\kerberos.htx\gamez1\Supercow\data\audio\voices_us\10_v4.ogg (49,19 K/S -   50 375 bytes)
[20:23:23] - [3] MIRKO.POZEN: Début du Téléchargement de: D:\kerberos.htx\gamez1\Supercow\data\audio\voices_us\10_v5.ogg
[20:23:23] - [3] MIRKO.POZEN: Fichier envoyé: D:\kerberos.htx\gamez1\Supercow\data\audio\voices_us\10_v5.ogg (90,32 K/S -   92 492 bytes)
[20:23:24] - [3] MIRKO.POZEN: Début du Téléchargement de: D:\kerberos.htx\gamez1\Supercow\data\audio\voices_us\10_v6.ogg
[20:23:24] - [3] MIRKO.POZEN: Fichier envoyé: D:\kerberos.htx\gamez1\Supercow\data\audio\voices_us\10_v6.ogg (29,22 K/S -   29 924 bytes)
[20:23:25] - [3] MIRKO.POZEN: Début du Téléchargement de: D:\kerberos.htx\gamez1\Supercow\data\audio\voices_us\10_v7.ogg
[20:23:25] - [3] MIRKO.POZEN: Fichier envoyé: D:\kerberos.htx\gamez1\Supercow\data\audio\voices_us\10_v7.ogg (25,48 K/S -   26 087 bytes)
[20:23:25] - [3] MIRKO.POZEN: Début du Téléchargement de: D:\kerberos.htx\gamez1\Supercow\data\audio\voices_us\10_v8.ogg
[20:23:25] - [3] MIRKO.POZEN: Fichier envoyé: D:\kerberos.htx\gamez1\Supercow\data\audio\voices_us\10_v8.ogg (34,74 K/S -   35 577 bytes)
[20:23:26] - [3] MIRKO.POZEN: Début du Téléchargement de: D:\kerberos.htx\gamez1\Supercow\data\audio\voices_us\10_v9.ogg
[20:23:26] - [3] MIRKO.POZEN: Fichier envoyé: D:\kerberos.htx\gamez1\Supercow\data\audio\voices_us\10_v9.ogg (25,36 K/S -   25 964 bytes)
[20:23:26] - [3] MIRKO.POZEN: Début du Téléchargement de: D:\kerberos.htx\gamez1\Supercow\data\audio\voices_us\1_h1.ogg
[20:23:26] - [3] MIRKO.POZEN: Fichier envoyé: D:\kerberos.htx\gamez1\Supercow\data\audio\voices_us\1_h1.ogg (22,48 K/S -   23 024 bytes)
[20:23:27] - [3] MIRKO.POZEN: Début du Téléchargement de: D:\kerberos.htx\gamez1\Supercow\data\audio\voices_us\1_h2.ogg
[20:23:27] - [3] MIRKO.POZEN: Fichier envoyé: D:\kerberos.htx\gamez1\Supercow\data\audio\voices_us\1_h2.ogg (36,84 K/S -   37 723 bytes)
[20:23:28] - [3] MIRKO.POZEN: Début du Téléchargement de: D:\kerberos.htx\gamez1\Supercow\data\audio\voices_us\1_h3.ogg
[20:23:28] - [3] MIRKO.POZEN: Fichier envoyé: D:\kerberos.htx\gamez1\Supercow\data\audio\voices_us\1_h3.ogg (25,74 K/S -   26 359 bytes)
[20:23:28] - [3] MIRKO.POZEN: Début du Téléchargement de: D:\kerberos.htx\gamez1\Supercow\data\audio\voices_us\1_h4.ogg
[20:23:28] - [3] MIRKO.POZEN: Fichier envoyé: D:\kerberos.htx\gamez1\Supercow\data\audio\voices_us\1_h4.ogg (48,21 K/S -   49 370 bytes)
[20:23:29] - [3] MIRKO.POZEN: Début du Téléchargement de: D:\kerberos.htx\gamez1\Supercow\data\audio\voices_us\1_h5.ogg
[20:23:29] - [3] MIRKO.POZEN: Fichier envoyé: D:\kerberos.htx\gamez1\Supercow\data\audio\voices_us\1_h5.ogg (22,64 K/S -   23 185 bytes)
[20:23:30] - [3] MIRKO.POZEN: Début du Téléchargement de: D:\kerberos.htx\gamez1\Supercow\data\audio\voices_us\1_h6.ogg
[20:23:30] - [3] MIRKO.POZEN: Fichier envoyé: D:\kerberos.htx\gamez1\Supercow\data\audio\voices_us\1_h6.ogg (33,14 K/S -   33 940 bytes)
[20:23:30] - [3] MIRKO.POZEN: Début du Téléchargement de: D:\kerberos.htx\gamez1\Supercow\data\audio\voices_us\1_h7.ogg
[20:23:30] - [3] MIRKO.POZEN: Fichier envoyé: D:\kerberos.htx\gamez1\Supercow\data\audio\voices_us\1_h7.ogg (34,77 K/S -   35 608 bytes)
[20:23:30] - [3] MIRKO.POZEN: Début du Téléchargement de: D:\kerberos.htx\gamez1\Supercow\data\audio\voices_us\1_h8.ogg
[20:23:30] - [3] MIRKO.POZEN: Fichier envoyé: D:\kerberos.htx\gamez1\Supercow\data\audio\voices_us\1_h8.ogg (34,13 K/S -   34 946 bytes)
[20:23:31] - [3] MIRKO.POZEN: Début du Téléchargement de: D:\kerberos.htx\gamez1\Supercow\data\audio\voices_us\1_v1.ogg
[20:23:31] - [3] MIRKO.POZEN: Fichier envoyé: D:\kerberos.htx\gamez1\Supercow\data\audio\voices_us\1_v1.ogg (34,90 K/S -   35 733 bytes)
[20:23:32] - [3] MIRKO.POZEN: Début du Téléchargement de: D:\kerberos.htx\gamez1\Supercow\data\audio\voices_us\1_v10.ogg
[20:23:32] - [3] MIRKO.POZEN: Fichier envoyé: D:\kerberos.htx\gamez1\Supercow\data\audio\voices_us\1_v10.ogg (88,53 K/S -   90 650 bytes)
[20:23:33] - [3] MIRKO.POZEN: Début du Téléchargement de: D:\kerberos.htx\gamez1\Supercow\data\audio\voices_us\1_v11.ogg
[20:23:33] - [3] MIRKO.POZEN: Fichier envoyé: D:\kerberos.htx\gamez1\Supercow\data\audio\voices_us\1_v11.ogg (28,15 K/S -   28 828 bytes)
[20:23:33] - [3] MIRKO.POZEN: Début du Téléchargement de: D:\kerberos.htx\gamez1\Supercow\data\audio\voices_us\1_v2.ogg
[20:23:33] - [3] MIRKO.POZEN: Fichier envoyé: D:\kerberos.htx\gamez1\Supercow\data\audio\voices_us\1_v2.ogg (76,78 K/S -   78 620 bytes)
[20:23:34] - [3] MIRKO.POZEN: Début du Téléchargement de: D:\kerberos.htx\gamez1\Supercow\data\audio\voices_us\1_v3.ogg
[20:23:34] - [3] MIRKO.POZEN: Fichier envoyé: D:\kerberos.htx\gamez1\Supercow\data\audio\voices_us\1_v3.ogg (82,88 K/S -   84 865 bytes)
[20:23:35] - [3] MIRKO.POZEN: Début du Téléchargement de: D:\kerberos.htx\gamez1\Supercow\data\audio\voices_us\1_v4.ogg
[20:23:35] - [3] MIRKO.POZEN: Fichier envoyé: D:\kerberos.htx\gamez1\Supercow\data\audio\voices_us\1_v4.ogg (54,97 K/S -   56 287 bytes)
[20:23:35] - [3] MIRKO.POZEN: Début du Téléchargement de: D:\kerberos.htx\gamez1\Supercow\data\audio\voices_us\1_v5.ogg
[20:23:36] - [3] MIRKO.POZEN: Fichier envoyé: D:\kerberos.htx\gamez1\Supercow\data\audio\voices_us\1_v5.ogg (56,32 K/S -   57 674 bytes)
[20:23:36] - [3] MIRKO.POZEN: Début du Téléchargement de: D:\kerberos.htx\gamez1\Supercow\data\audio\voices_us\1_v6.ogg
[20:23:36] - [3] MIRKO.POZEN: Fichier envoyé: D:\kerberos.htx\gamez1\Supercow\data\audio\voices_us\1_v6.ogg (78,69 K/S -   80 575 bytes)
[20:23:37] - [3] MIRKO.POZEN: Début du Téléchargement de: D:\kerberos.htx\gamez1\Supercow\data\audio\voices_us\1_v7.ogg
[20:23:37] - [3] MIRKO.POZEN: Fichier envoyé: D:\kerberos.htx\gamez1\Supercow\data\audio\voices_us\1_v7.ogg (44,69 K/S -   45 767 bytes)
[20:23:37] - [3] MIRKO.POZEN: Début du Téléchargement de: D:\kerberos.htx\gamez1\Supercow\data\audio\voices_us\1_v8.ogg
[20:23:38] - [3] MIRKO.POZEN: Fichier envoyé: D:\kerberos.htx\gamez1\Supercow\data\audio\voices_us\1_v8.ogg (89,34 K/S -   91 489 bytes)
[20:23:39] - [3] MIRKO.POZEN: Début du Téléchargement de: D:\kerberos.htx\gamez1\Supercow\data\audio\voices_us\1_v9.ogg
[20:23:39] - [3] MIRKO.POZEN: Fichier envoyé: D:\kerberos.htx\gamez1\Supercow\data\audio\voices_us\1_v9.ogg (48,19 K/S -   49 347 bytes)
[20:23:39] - [3] MIRKO.POZEN: Début du Téléchargement de: D:\kerberos.htx\gamez1\Supercow\data\audio\voices_us\2_h1.ogg
[20:23:39] - [3] MIRKO.POZEN: Fichier envoyé: D:\kerberos.htx\gamez1\Supercow\data\audio\voices_us\2_h1.ogg (29,49 K/S -   30 198 bytes)
[20:23:40] - [3] MIRKO.POZEN: Début du Téléchargement de: D:\kerberos.htx\gamez1\Supercow\data\audio\voices_us\2_h2.ogg
[20:23:40] - [3] MIRKO.POZEN: Fichier envoyé: D:\kerberos.htx\gamez1\Supercow\data\audio\voices_us\2_h2.ogg (20,03 K/S -   20 509 bytes)
[20:23:40] - [3] MIRKO.POZEN: Début du Téléchargement de: D:\kerberos.htx\gamez1\Supercow\data\audio\voices_us\2_h3.ogg
[20:23:40] - [3] MIRKO.POZEN: Fichier envoyé: D:\kerberos.htx\gamez1\Supercow\data\audio\voices_us\2_h3.ogg (50,14 K/S -   51 340 bytes)
[20:23:41] - [3] MIRKO.POZEN: Début du Téléchargement de: D:\kerberos.htx\gamez1\Supercow\data\audio\voices_us\2_h4.ogg
[20:23:41] - [3] MIRKO.POZEN: Fichier envoyé: D:\kerberos.htx\gamez1\Supercow\data\audio\voices_us\2_h4.ogg (35,54 K/S -   36 392 bytes)
[20:23:42] - [3] MIRKO.POZEN: Début du Téléchargement de: D:\kerberos.htx\gamez1\Supercow\data\audio\voices_us\2_h5.ogg
[20:23:42] - [3] MIRKO.POZEN: Fichier envoyé: D:\kerberos.htx\gamez1\Supercow\data\audio\voices_us\2_h5.ogg (61,21 K/S -   62 681 bytes)
[20:23:42] - [3] MIRKO.POZEN: Début du Téléchargement de: D:\kerberos.htx\gamez1\Supercow\data\audio\voices_us\2_h6.ogg
[20:23:42] - [3] MIRKO.POZEN: Fichier envoyé: D:\kerberos.htx\gamez1\Supercow\data\audio\voices_us\2_h6.ogg (20,89 K/S -   21 389 bytes)
[20:23:43] - [3] MIRKO.POZEN: Début du Téléchargement de: D:\kerberos.htx\gamez1\Supercow\data\audio\voices_us\2_h7.ogg
[20:23:43] - [3] MIRKO.POZEN: Fichier envoyé: D:\kerberos.htx\gamez1\Supercow\data\audio\voices_us\2_h7.ogg (99,83 K/S -   102 230 bytes)
[20:23:44] - [3] MIRKO.POZEN: Début du Téléchargement de: D:\kerberos.htx\gamez1\Supercow\data\audio\voices_us\2_h8.ogg
[20:23:44] - [3] MIRKO.POZEN: Fichier envoyé: D:\kerberos.htx\gamez1\Supercow\data\audio\voices_us\2_h8.ogg (39,26 K/S -   40 202 bytes)
[20:23:44] - [3] MIRKO.POZEN: Début du Téléchargement de: D:\kerberos.htx\gamez1\Supercow\data\audio\voices_us\2_v1.ogg
[20:23:44] - [3] MIRKO.POZEN: Fichier envoyé: D:\kerberos.htx\gamez1\Supercow\data\audio\voices_us\2_v1.ogg (56,32 K/S -   57 672 bytes)
[20:23:44] - [3] MIRKO.POZEN: Début du Téléchargement de: D:\kerberos.htx\gamez1\Supercow\data\audio\voices_us\2_v10.ogg
[20:23:44] - [3] MIRKO.POZEN: Fichier envoyé: D:\kerberos.htx\gamez1\Supercow\data\audio\voices_us\2_v10.ogg (29,91 K/S -   30 627 bytes)
[20:23:44] - [3] MIRKO.POZEN: Début du Téléchargement de: D:\kerberos.htx\gamez1\Supercow\data\audio\voices_us\2_v11.ogg
[20:23:44] - [3] MIRKO.POZEN: Fichier envoyé: D:\kerberos.htx\gamez1\Supercow\data\audio\voices_us\2_v11.ogg (74,30 K/S -   76 082 bytes)
[20:23:45] - [3] MIRKO.POZEN: Début du Téléchargement de: D:\kerberos.htx\gamez1\Supercow\data\audio\voices_us\2_v12.ogg
[20:23:45] - [3] MIRKO.POZEN: Fichier envoyé: D:\kerberos.htx\gamez1\Supercow\data\audio\voices_us\2_v12.ogg (34,95 K/S -   35 784 bytes)
[20:23:45] - [3] MIRKO.POZEN: Début du Téléchargement de: D:\kerberos.htx\gamez1\Supercow\data\audio\voices_us\2_v13.ogg
[20:23:45] - [3] MIRKO.POZEN: Fichier envoyé: D:\kerberos.htx\gamez1\Supercow\data\audio\voices_us\2_v13.ogg (43,79 K/S -   44 845 bytes)
[20:23:46] - [3] MIRKO.POZEN: Début du Téléchargement de: D:\kerberos.htx\gamez1\Supercow\data\audio\voices_us\2_v14.ogg
[20:23:46] - [3] MIRKO.POZEN: Fichier envoyé: D:\kerberos.htx\gamez1\Supercow\data\audio\voices_us\2_v14.ogg (47,95 K/S -   49 104 bytes)
[20:23:47] - [3] MIRKO.POZEN: Début du Téléchargement de: D:\kerberos.htx\gamez1\Supercow\data\audio\voices_us\2_v15.ogg
[20:23:47] - [3] MIRKO.POZEN: Fichier envoyé: D:\kerberos.htx\gamez1\Supercow\data\audio\voices_us\2_v15.ogg (81,23 K/S -   83 183 bytes)
[20:23:47] - [3] MIRKO.POZEN: Début du Téléchargement de: D:\kerberos.htx\gamez1\Supercow\data\audio\voices_us\2_v16.ogg
[20:23:47] - [3] MIRKO.POZEN: Fichier envoyé: D:\kerberos.htx\gamez1\Supercow\data\audio\voices_us\2_v16.ogg (70,39 K/S -   72 080 bytes)
[20:23:48] - [3] MIRKO.POZEN: Début du Téléchargement de: D:\kerberos.htx\gamez1\Supercow\data\audio\voices_us\2_v17.ogg
[20:23:48] - [3] MIRKO.POZEN: Fichier envoyé: D:\kerberos.htx\gamez1\Supercow\data\audio\voices_us\2_v17.ogg (65,28 K/S -   66 845 bytes)
[20:23:48] - [3] MIRKO.POZEN: Début du Téléchargement de: D:\kerberos.htx\gamez1\Supercow\data\audio\voices_us\2_v18.ogg
[20:23:49] - [3] MIRKO.POZEN: Fichier envoyé: D:\kerberos.htx\gamez1\Supercow\data\audio\voices_us\2_v18.ogg (37,17 K/S -   38 066 bytes)
[20:23:49] - [3] MIRKO.POZEN: Début du Téléchargement de: D:\kerberos.htx\gamez1\Supercow\data\audio\voices_us\2_v2.ogg
[20:23:49] - [3] MIRKO.POZEN: Fichier envoyé: D:\kerberos.htx\gamez1\Supercow\data\audio\voices_us\2_v2.ogg (47,26 K/S -   48 392 bytes)
[20:23:50] - [3] MIRKO.POZEN: Début du Téléchargement de: D:\kerberos.htx\gamez1\Supercow\data\audio\voices_us\2_v3.ogg
[20:23:50] - [3] MIRKO.POZEN: Fichier envoyé: D:\kerberos.htx\gamez1\Supercow\data\audio\voices_us\2_v3.ogg (12,99 K/S -   13 297 bytes)
[20:23:50] - [3] MIRKO.POZEN: Début du Téléchargement de: D:\kerberos.htx\gamez1\Supercow\data\audio\voices_us\2_v4.ogg
[20:23:50] - [3] MIRKO.POZEN: Fichier envoyé: D:\kerberos.htx\gamez1\Supercow\data\audio\voices_us\2_v4.ogg (78,04 K/S -   79 918 bytes)
[20:23:51] - [3] MIRKO.POZEN: Début du Téléchargement de: D:\kerberos.htx\gamez1\Supercow\data\audio\voices_us\2_v5.ogg
[20:23:51] - [3] MIRKO.POZEN: Fichier envoyé: D:\kerberos.htx\gamez1\Supercow\data\audio\voices_us\2_v5.ogg (59,49 K/S -   60 916 bytes)
[20:23:52] - [3] MIRKO.POZEN: Début du Téléchargement de: D:\kerberos.htx\gamez1\Supercow\data\audio\voices_us\2_v6.ogg
[20:23:52] - [3] MIRKO.POZEN: Fichier envoyé: D:\kerberos.htx\gamez1\Supercow\data\audio\voices_us\2_v6.ogg (67,95 K/S -   69 582 bytes)
[20:23:53] - [3] MIRKO.POZEN: Début du Téléchargement de: D:\kerberos.htx\gamez1\Supercow\data\audio\voices_us\2_v7.ogg
[20:23:53] - [3] MIRKO.POZEN: Fichier envoyé: D:\kerberos.htx\gamez1\Supercow\data\audio\voices_us\2_v7.ogg (34,12 K/S -   34 934 bytes)
[20:23:53] - [3] MIRKO.POZEN: Début du Téléchargement de: D:\kerberos.htx\gamez1\Supercow\data\audio\voices_us\2_v8.ogg
[20:23:53] - [3] MIRKO.POZEN: Fichier envoyé: D:\kerberos.htx\gamez1\Supercow\data\audio\voices_us\2_v8.ogg (18,55 K/S -   19 000 bytes)
[20:23:54] - [3] MIRKO.POZEN: Début du Téléchargement de: D:\kerberos.htx\gamez1\Supercow\data\audio\voices_us\2_v9.ogg
[20:23:54] - [3] MIRKO.POZEN: Fichier envoyé: D:\kerberos.htx\gamez1\Supercow\data\audio\voices_us\2_v9.ogg (44,74 K/S -   45 813 bytes)
[20:23:54] - [3] MIRKO.POZEN: Début du Téléchargement de: D:\kerberos.htx\gamez1\Supercow\data\audio\voices_us\3_h1.ogg
[20:23:54] - [3] MIRKO.POZEN: Fichier envoyé: D:\kerberos.htx\gamez1\Supercow\data\audio\voices_us\3_h1.ogg (23,64 K/S -   24 203 bytes)
[20:23:54] - [3] MIRKO.POZEN: Début du Téléchargement de: D:\kerberos.htx\gamez1\Supercow\data\audio\voices_us\3_h2.ogg
[20:23:54] - [3] MIRKO.POZEN: Fichier envoyé: D:\kerberos.htx\gamez1\Supercow\data\audio\voices_us\3_h2.ogg (33,84 K/S -   34 656 bytes)
[20:23:55] - [3] MIRKO.POZEN: Début du Téléchargement de: D:\kerberos.htx\gamez1\Supercow\data\audio\voices_us\3_h3.ogg
[20:23:55] - [3] MIRKO.POZEN: Fichier envoyé: D:\kerberos.htx\gamez1\Supercow\data\audio\voices_us\3_h3.ogg (49,45 K/S -   50 636 bytes)
[20:23:55] - [3] MIRKO.POZEN: Début du Téléchargement de: D:\kerberos.htx\gamez1\Supercow\data\audio\voices_us\3_h4.ogg
[20:23:55] - [3] MIRKO.POZEN: Fichier envoyé: D:\kerberos.htx\gamez1\Supercow\data\audio\voices_us\3_h4.ogg (44,91 K/S -   45 983 bytes)
[20:23:55] - [3] MIRKO.POZEN: Début du Téléchargement de: D:\kerberos.htx\gamez1\Supercow\data\audio\voices_us\3_h5.ogg
[20:23:55] - [3] MIRKO.POZEN: Fichier envoyé: D:\kerberos.htx\gamez1\Supercow\data\audio\voices_us\3_h5.ogg (98,19 K/S -   100 542 bytes)
[20:23:55] - [3] MIRKO.POZEN: Début du Téléchargement de: D:\kerberos.htx\gamez1\Supercow\data\audio\voices_us\3_h6.ogg
[20:23:55] - [3] MIRKO.POZEN: Fichier envoyé: D:\kerberos.htx\gamez1\Supercow\data\audio\voices_us\3_h6.ogg (40,75 K/S -   41 730 bytes)
[20:23:56] - [3] MIRKO.POZEN: Début du Téléchargement de: D:\kerberos.htx\gamez1\Supercow\data\audio\voices_us\3_h7.ogg
[20:23:56] - [3] MIRKO.POZEN: Fichier envoyé: D:\kerberos.htx\gamez1\Supercow\data\audio\voices_us\3_h7.ogg (35,51 K/S -   36 367 bytes)
[20:23:56] - [3] MIRKO.POZEN: Début du Téléchargement de: D:\kerberos.htx\gamez1\Supercow\data\audio\voices_us\3_h8.ogg
[20:23:57] - [3] MIRKO.POZEN: Fichier envoyé: D:\kerberos.htx\gamez1\Supercow\data\audio\voices_us\3_h8.ogg (60,64 K/S -   62 096 bytes)
[20:23:57] - [3] MIRKO.POZEN: Début du Téléchargement de: D:\kerberos.htx\gamez1\Supercow\data\audio\voices_us\3_h9.ogg
[20:23:57] - [3] MIRKO.POZEN: Fichier envoyé: D:\kerberos.htx\gamez1\Supercow\data\audio\voices_us\3_h9.ogg (16,71 K/S -   17 113 bytes)
[20:23:58] - [3] MIRKO.POZEN: Début du Téléchargement de: D:\kerberos.htx\gamez1\Supercow\data\audio\voices_us\3_v1.ogg
[20:23:58] - [3] MIRKO.POZEN: Fichier envoyé: D:\kerberos.htx\gamez1\Supercow\data\audio\voices_us\3_v1.ogg (25,87 K/S -   26 493 bytes)
[20:23:58] - [3] MIRKO.POZEN: Début du Téléchargement de: D:\kerberos.htx\gamez1\Supercow\data\audio\voices_us\3_v10.ogg
[20:23:58] - [3] MIRKO.POZEN: Fichier envoyé: D:\kerberos.htx\gamez1\Supercow\data\audio\voices_us\3_v10.ogg (81,47 K/S -   83 422 bytes)
[20:24:00] - [3] MIRKO.POZEN: Début du Téléchargement de: D:\kerberos.htx\gamez1\Supercow\data\audio\voices_us\3_v11.ogg
[20:24:00] - [3] MIRKO.POZEN: Fichier envoyé: D:\kerberos.htx\gamez1\Supercow\data\audio\voices_us\3_v11.ogg (38,72 K/S -   39 645 bytes)
[20:24:00] - [3] MIRKO.POZEN: Début du Téléchargement de: D:\kerberos.htx\gamez1\Supercow\data\audio\voices_us\3_v12.ogg
[20:24:00] - [3] MIRKO.POZEN: Fichier envoyé: D:\kerberos.htx\gamez1\Supercow\data\audio\voices_us\3_v12.ogg (42,88 K/S -   43 904 bytes)
[20:24:01] - [3] MIRKO.POZEN: Début du Téléchargement de: D:\kerberos.htx\gamez1\Supercow\data\audio\voices_us\3_v13.ogg
[20:24:01] - [3] MIRKO.POZEN: Fichier envoyé: D:\kerberos.htx\gamez1\Supercow\data\audio\voices_us\3_v13.ogg (56,33 K/S -   57 684 bytes)
[20:24:01] - [3] MIRKO.POZEN: Début du Téléchargement de: D:\kerberos.htx\gamez1\Supercow\data\audio\voices_us\3_v14.ogg
[20:24:02] - [3] MIRKO.POZEN: Fichier envoyé: D:\kerberos.htx\gamez1\Supercow\data\audio\voices_us\3_v14.ogg (99,77 K/S -   102 162 bytes)
[20:24:03] - [3] MIRKO.POZEN: Début du Téléchargement de: D:\kerberos.htx\gamez1\Supercow\data\audio\voices_us\3_v15.ogg
[20:24:03] - [3] MIRKO.POZEN: Fichier envoyé: D:\kerberos.htx\gamez1\Supercow\data\audio\voices_us\3_v15.ogg (38,43 K/S -   39 349 bytes)
[20:24:03] - [3] MIRKO.POZEN: Début du Téléchargement de: D:\kerberos.htx\gamez1\Supercow\data\audio\voices_us\3_v16.ogg
[20:24:03] - [3] MIRKO.POZEN: Fichier envoyé: D:\kerberos.htx\gamez1\Supercow\data\audio\voices_us\3_v16.ogg (26,11 K/S -   26 740 bytes)
[20:24:04] - [3] MIRKO.POZEN: Début du Téléchargement de: D:\kerberos.htx\gamez1\Supercow\data\audio\voices_us\3_v2.ogg
[20:24:04] - [3] MIRKO.POZEN: Fichier envoyé: D:\kerberos.htx\gamez1\Supercow\data\audio\voices_us\3_v2.ogg (56,35 K/S -   57 699 bytes)
[20:24:05] - [3] MIRKO.POZEN: Début du Téléchargement de: D:\kerberos.htx\gamez1\Supercow\data\audio\voices_us\3_v3.ogg
[20:24:05] - [3] MIRKO.POZEN: Fichier envoyé: D:\kerberos.htx\gamez1\Supercow\data\audio\voices_us\3_v3.ogg (32,41 K/S -   33 186 bytes)
[20:24:05] - [3] MIRKO.POZEN: Début du Téléchargement de: D:\kerberos.htx\gamez1\Supercow\data\audio\voices_us\3_v4.ogg
[20:24:05] - [3] MIRKO.POZEN: Fichier envoyé: D:\kerberos.htx\gamez1\Supercow\data\audio\voices_us\3_v4.ogg (56,49 K/S -   57 846 bytes)
[20:24:06] - [3] MIRKO.POZEN: Début du Téléchargement de: D:\kerberos.htx\gamez1\Supercow\data\audio\voices_us\3_v5.ogg
[20:24:06] - [3] MIRKO.POZEN: Fichier envoyé: D:\kerberos.htx\gamez1\Supercow\data\audio\voices_us\3_v5.ogg (52,92 K/S -   54 192 bytes)
[20:24:07] - [3] MIRKO.POZEN: Début du Téléchargement de: D:\kerberos.htx\gamez1\Supercow\data\audio\voices_us\3_v6.ogg
[20:24:07] - [3] MIRKO.POZEN: Fichier envoyé: D:\kerberos.htx\gamez1\Supercow\data\audio\voices_us\3_v6.ogg (63,15 K/S -   64 664 bytes)
[20:24:08] - [3] MIRKO.POZEN: Début du Téléchargement de: D:\kerberos.htx\gamez1\Supercow\data\audio\voices_us\3_v7.ogg
[20:24:08] - [3] MIRKO.POZEN: Fichier envoyé: D:\kerberos.htx\gamez1\Supercow\data\audio\voices_us\3_v7.ogg (51,94 K/S -   53 186 bytes)
[20:24:08] - [3] MIRKO.POZEN: Début du Téléchargement de: D:\kerberos.htx\gamez1\Supercow\data\audio\voices_us\3_v8.ogg
[20:24:08] - [3] MIRKO.POZEN: Fichier envoyé: D:\kerberos.htx\gamez1\Supercow\data\audio\voices_us\3_v8.ogg (37,14 K/S -   38 036 bytes)
[20:24:09] - [3] MIRKO.POZEN: Début du Téléchargement de: D:\kerberos.htx\gamez1\Supercow\data\audio\voices_us\3_v9.ogg
[20:24:09] - [3] MIRKO.POZEN: Fichier envoyé: D:\kerberos.htx\gamez1\Supercow\data\audio\voices_us\3_v9.ogg (51,19 K/S -   52 420 bytes)
[20:24:10] - [3] MIRKO.POZEN: Début du Téléchargement de: D:\kerberos.htx\gamez1\Supercow\data\audio\voices_us\4_h1.ogg
[20:24:10] - [3] MIRKO.POZEN: Fichier envoyé: D:\kerberos.htx\gamez1\Supercow\data\audio\voices_us\4_h1.ogg (35,81 K/S -   36 673 bytes)
[20:24:10] - [3] MIRKO.POZEN: Début du Téléchargement de: D:\kerberos.htx\gamez1\Supercow\data\audio\voices_us\4_h10.ogg
[20:24:10] - [3] MIRKO.POZEN: Fichier envoyé: D:\kerberos.htx\gamez1\Supercow\data\audio\voices_us\4_h10.ogg (31,41 K/S -   32 160 bytes)
[20:24:11] - [3] MIRKO.POZEN: Début du Téléchargement de: D:\kerberos.htx\gamez1\Supercow\data\audio\voices_us\4_h11.ogg
[20:24:11] - [3] MIRKO.POZEN: Fichier envoyé: D:\kerberos.htx\gamez1\Supercow\data\audio\voices_us\4_h11.ogg (30,75 K/S -   31 484 bytes)
[20:24:11] - [3] MIRKO.POZEN: Début du Téléchargement de: D:\kerberos.htx\gamez1\Supercow\data\audio\voices_us\4_h2.ogg
[20:24:11] - [3] MIRKO.POZEN: Fichier envoyé: D:\kerberos.htx\gamez1\Supercow\data\audio\voices_us\4_h2.ogg (16,78 K/S -   17 186 bytes)
[20:24:12] - [3] MIRKO.POZEN: Début du Téléchargement de: D:\kerberos.htx\gamez1\Supercow\data\audio\voices_us\4_h3.ogg
[20:24:12] - [3] MIRKO.POZEN: Fichier envoyé: D:\kerberos.htx\gamez1\Supercow\data\audio\voices_us\4_h3.ogg (34,51 K/S -   35 334 bytes)
[20:24:12] - [3] MIRKO.POZEN: Début du Téléchargement de: D:\kerberos.htx\gamez1\Supercow\data\audio\voices_us\4_h4.ogg
[20:24:12] - [3] MIRKO.POZEN: Fichier envoyé: D:\kerberos.htx\gamez1\Supercow\data\audio\voices_us\4_h4.ogg (26,65 K/S -   27 292 bytes)
[20:24:13] - [3] MIRKO.POZEN: Début du Téléchargement de: D:\kerberos.htx\gamez1\Supercow\data\audio\voices_us\4_h5.ogg
[20:24:13] - [3] MIRKO.POZEN: Fichier envoyé: D:\kerberos.htx\gamez1\Supercow\data\audio\voices_us\4_h5.ogg (25,90 K/S -   26 519 bytes)
[20:24:14] - [3] MIRKO.POZEN: Début du Téléchargement de: D:\kerberos.htx\gamez1\Supercow\data\audio\voices_us\4_h6.ogg
[20:24:14] - [3] MIRKO.POZEN: Fichier envoyé: D:\kerberos.htx\gamez1\Supercow\data\audio\voices_us\4_h6.ogg (29,92 K/S -   30 633 bytes)
[20:24:14] - [3] MIRKO.POZEN: Début du Téléchargement de: D:\kerberos.htx\gamez1\Supercow\data\audio\voices_us\4_h7.ogg
[20:24:14] - [3] MIRKO.POZEN: Fichier envoyé: D:\kerberos.htx\gamez1\Supercow\data\audio\voices_us\4_h7.ogg (66,19 K/S -   67 776 bytes)
[20:24:15] - [3] MIRKO.POZEN: Début du Téléchargement de: D:\kerberos.htx\gamez1\Supercow\data\audio\voices_us\4_h8.ogg
[20:24:15] - [3] MIRKO.POZEN: Fichier envoyé: D:\kerberos.htx\gamez1\Supercow\data\audio\voices_us\4_h8.ogg (30,58 K/S -   31 315 bytes)
[20:24:15] - [3] MIRKO.POZEN: Début du Téléchargement de: D:\kerberos.htx\gamez1\Supercow\data\audio\voices_us\4_h9.ogg
[20:24:16] - [3] MIRKO.POZEN: Fichier envoyé: D:\kerberos.htx\gamez1\Supercow\data\audio\voices_us\4_h9.ogg (59,15 K/S -   60 571 bytes)
[20:24:16] - [3] MIRKO.POZEN: Début du Téléchargement de: D:\kerberos.htx\gamez1\Supercow\data\audio\voices_us\4_v1.ogg
[20:24:16] - [3] MIRKO.POZEN: Fichier envoyé: D:\kerberos.htx\gamez1\Supercow\data\audio\voices_us\4_v1.ogg (50,26 K/S -   51 470 bytes)
[20:24:17] - [3] MIRKO.POZEN: Début du Téléchargement de: D:\kerberos.htx\gamez1\Supercow\data\audio\voices_us\4_v10.ogg
[20:24:17] - [3] MIRKO.POZEN: Fichier envoyé: D:\kerberos.htx\gamez1\Supercow\data\audio\voices_us\4_v10.ogg (56,14 K/S -   57 484 bytes)
[20:24:17] - [3] MIRKO.POZEN: Début du Téléchargement de: D:\kerberos.htx\gamez1\Supercow\data\audio\voices_us\4_v11.ogg
[20:24:17] - [3] MIRKO.POZEN: Fichier envoyé: D:\kerberos.htx\gamez1\Supercow\data\audio\voices_us\4_v11.ogg (65,40 K/S -   66 968 bytes)
[20:24:18] - [3] MIRKO.POZEN: Début du Téléchargement de: D:\kerberos.htx\gamez1\Supercow\data\audio\voices_us\4_v12.ogg
[20:24:18] - [3] MIRKO.POZEN: Fichier envoyé: D:\kerberos.htx\gamez1\Supercow\data\audio\voices_us\4_v12.ogg (33,27 K/S -   34 065 bytes)
[20:24:19] - [3] MIRKO.POZEN: Début du Téléchargement de: D:\kerberos.htx\gamez1\Supercow\data\audio\voices_us\4_v2.ogg
[20:24:19] - [3] MIRKO.POZEN: Fichier envoyé: D:\kerberos.htx\gamez1\Supercow\data\audio\voices_us\4_v2.ogg (58,22 K/S -   59 614 bytes)
[20:24:20] - [3] MIRKO.POZEN: Début du Téléchargement de: D:\kerberos.htx\gamez1\Supercow\data\audio\voices_us\4_v3.ogg
[20:24:20] - [3] MIRKO.POZEN: Fichier envoyé: D:\kerberos.htx\gamez1\Supercow\data\audio\voices_us\4_v3.ogg (56,35 K/S -   57 703 bytes)
[20:24:20] - [3] MIRKO.POZEN: Début du Téléchargement de: D:\kerberos.htx\gamez1\Supercow\data\audio\voices_us\4_v4.ogg
[20:24:21] - [3] MIRKO.POZEN: Fichier envoyé: D:\kerberos.htx\gamez1\Supercow\data\audio\voices_us\4_v4.ogg (105,68 K/S -   108 216 bytes)
[20:24:21] - [3] MIRKO.POZEN: Début du Téléchargement de: D:\kerberos.htx\gamez1\Supercow\data\audio\voices_us\4_v5.ogg
[20:24:21] - [3] MIRKO.POZEN: Fichier envoyé: D:\kerberos.htx\gamez1\Supercow\data\audio\voices_us\4_v5.ogg (56,78 K/S -   58 147 bytes)
[20:24:22] - [3] MIRKO.POZEN: Début du Téléchargement de: D:\kerberos.htx\gamez1\Supercow\data\audio\voices_us\4_v6.ogg
[20:24:22] - [3] MIRKO.POZEN: Fichier envoyé: D:\kerberos.htx\gamez1\Supercow\data\audio\voices_us\4_v6.ogg (81,35 K/S -   83 298 bytes)
[20:24:22] - [3] MIRKO.POZEN: Début du Téléchargement de: D:\kerberos.htx\gamez1\Supercow\data\audio\voices_us\4_v7.ogg
[20:24:22] - [3] MIRKO.POZEN: Fichier envoyé: D:\kerberos.htx\gamez1\Supercow\data\audio\voices_us\4_v7.ogg (57,73 K/S -   59 118 bytes)
[20:24:23] - [3] MIRKO.POZEN: Début du Téléchargement de: D:\kerberos.htx\gamez1\Supercow\data\audio\voices_us\4_v8.ogg
[20:24:23] - [3] MIRKO.POZEN: Fichier envoyé: D:\kerberos.htx\gamez1\Supercow\data\audio\voices_us\4_v8.ogg (100,12 K/S -   102 518 bytes)
[20:24:23] - [3] MIRKO.POZEN: Début du Téléchargement de: D:\kerberos.htx\gamez1\Supercow\data\audio\voices_us\4_v9.ogg
[20:24:23] - [3] MIRKO.POZEN: Fichier envoyé: D:\kerberos.htx\gamez1\Supercow\data\audio\voices_us\4_v9.ogg (78,49 K/S -   80 374 bytes)
[20:24:24] - [3] MIRKO.POZEN: Début du Téléchargement de: D:\kerberos.htx\gamez1\Supercow\data\audio\voices_us\5_h1.ogg
[20:24:24] - [3] MIRKO.POZEN: Fichier envoyé: D:\kerberos.htx\gamez1\Supercow\data\audio\voices_us\5_h1.ogg (28,59 K/S -   29 277 bytes)
[20:24:24] - [3] MIRKO.POZEN: Début du Téléchargement de: D:\kerberos.htx\gamez1\Supercow\data\audio\voices_us\5_h10.ogg
[20:24:24] - [3] MIRKO.POZEN: Fichier envoyé: D:\kerberos.htx\gamez1\Supercow\data\audio\voices_us\5_h10.ogg (35,56 K/S -   36 411 bytes)
[20:24:25] - [3] MIRKO.POZEN: Début du Téléchargement de: D:\kerberos.htx\gamez1\Supercow\data\audio\voices_us\5_h11.ogg
[20:24:25] - [3] MIRKO.POZEN: Fichier envoyé: D:\kerberos.htx\gamez1\Supercow\data\audio\voices_us\5_h11.ogg (45,31 K/S -   46 397 bytes)
[20:24:26] - [3] MIRKO.POZEN: Début du Téléchargement de: D:\kerberos.htx\gamez1\Supercow\data\audio\voices_us\5_h12.ogg
[20:24:26] - [3] MIRKO.POZEN: Fichier envoyé: D:\kerberos.htx\gamez1\Supercow\data\audio\voices_us\5_h12.ogg (57,28 K/S -   58 650 bytes)
[20:24:26] - [3] MIRKO.POZEN: Début du Téléchargement de: D:\kerberos.htx\gamez1\Supercow\data\audio\voices_us\5_h2.ogg
[20:24:26] - [3] MIRKO.POZEN: Fichier envoyé: D:\kerberos.htx\gamez1\Supercow\data\audio\voices_us\5_h2.ogg (44,05 K/S -   45 111 bytes)
[20:24:27] - [3] MIRKO.POZEN: Début du Téléchargement de: D:\kerberos.htx\gamez1\Supercow\data\audio\voices_us\5_h3.ogg
[20:24:27] - [3] MIRKO.POZEN: Fichier envoyé: D:\kerberos.htx\gamez1\Supercow\data\audio\voices_us\5_h3.ogg (34,31 K/S -   35 135 bytes)
[20:24:27] - [3] MIRKO.POZEN: Début du Téléchargement de: D:\kerberos.htx\gamez1\Supercow\data\audio\voices_us\5_h4.ogg
[20:24:27] - [3] MIRKO.POZEN: Fichier envoyé: D:\kerberos.htx\gamez1\Supercow\data\audio\voices_us\5_h4.ogg (40,33 K/S -   41 298 bytes)
[20:24:28] - [3] MIRKO.POZEN: Début du Téléchargement de: D:\kerberos.htx\gamez1\Supercow\data\audio\voices_us\5_h5.ogg
[20:24:28] - [3] MIRKO.POZEN: Fichier envoyé: D:\kerberos.htx\gamez1\Supercow\data\audio\voices_us\5_h5.ogg (16,42 K/S -   16 819 bytes)
[20:24:28] - [3] MIRKO.POZEN: Début du Téléchargement de: D:\kerberos.htx\gamez1\Supercow\data\audio\voices_us\5_h6.ogg
[20:24:28] - [3] MIRKO.POZEN: Fichier envoyé: D:\kerberos.htx\gamez1\Supercow\data\audio\voices_us\5_h6.ogg (35,55 K/S -   36 407 bytes)
[20:24:29] - [3] MIRKO.POZEN: Début du Téléchargement de: D:\kerberos.htx\gamez1\Supercow\data\audio\voices_us\5_h7.ogg
[20:24:29] - [3] MIRKO.POZEN: Fichier envoyé: D:\kerberos.htx\gamez1\Supercow\data\audio\voices_us\5_h7.ogg (50,67 K/S -   51 890 bytes)
[20:24:30] - [3] MIRKO.POZEN: Début du Téléchargement de: D:\kerberos.htx\gamez1\Supercow\data\audio\voices_us\5_h8.ogg
[20:24:30] - [3] MIRKO.POZEN: Fichier envoyé: D:\kerberos.htx\gamez1\Supercow\data\audio\voices_us\5_h8.ogg (28,70 K/S -   29 385 bytes)
[20:24:30] - [3] MIRKO.POZEN: Début du Téléchargement de: D:\kerberos.htx\gamez1\Supercow\data\audio\voices_us\5_h9.ogg
[20:24:30] - [3] MIRKO.POZEN: Fichier envoyé: D:\kerberos.htx\gamez1\Supercow\data\audio\voices_us\5_h9.ogg (29,33 K/S -   30 036 bytes)
[20:24:31] - [3] MIRKO.POZEN: Début du Téléchargement de: D:\kerberos.htx\gamez1\Supercow\data\audio\voices_us\5_v1.ogg
[20:24:31] - [3] MIRKO.POZEN: Fichier envoyé: D:\kerberos.htx\gamez1\Supercow\data\audio\voices_us\5_v1.ogg (21,14 K/S -   21 646 bytes)
[20:24:31] - [3] MIRKO.POZEN: Début du Téléchargement de: D:\kerberos.htx\gamez1\Supercow\data\audio\voices_us\5_v10.ogg
[20:24:31] - [3] MIRKO.POZEN: Fichier envoyé: D:\kerberos.htx\gamez1\Supercow\data\audio\voices_us\5_v10.ogg (33,87 K/S -   34 687 bytes)
[20:24:32] - [3] MIRKO.POZEN: Début du Téléchargement de: D:\kerberos.htx\gamez1\Supercow\data\audio\voices_us\5_v11.ogg
[20:24:32] - [3] MIRKO.POZEN: Fichier envoyé: D:\kerberos.htx\gamez1\Supercow\data\audio\voices_us\5_v11.ogg (69,06 K/S -   70 714 bytes)
[20:24:33] - [3] MIRKO.POZEN: Début du Téléchargement de: D:\kerberos.htx\gamez1\Supercow\data\audio\voices_us\5_v12.ogg
[20:24:33] - [3] MIRKO.POZEN: Fichier envoyé: D:\kerberos.htx\gamez1\Supercow\data\audio\voices_us\5_v12.ogg (67,08 K/S -   68 685 bytes)
[20:24:33] - [3] MIRKO.POZEN: Début du Téléchargement de: D:\kerberos.htx\gamez1\Supercow\data\audio\voices_us\5_v13.ogg
[20:24:34] - [3] MIRKO.POZEN: Fichier envoyé: D:\kerberos.htx\gamez1\Supercow\data\audio\voices_us\5_v13.ogg (24,23 K/S -   24 815 bytes)
[20:24:34] - [3] MIRKO.POZEN: Début du Téléchargement de: D:\kerberos.htx\gamez1\Supercow\data\audio\voices_us\5_v14.ogg
[20:24:34] - [3] MIRKO.POZEN: Fichier envoyé: D:\kerberos.htx\gamez1\Supercow\data\audio\voices_us\5_v14.ogg (31,42 K/S -   32 173 bytes)
[20:24:35] - [3] MIRKO.POZEN: Début du Téléchargement de: D:\kerberos.htx\gamez1\Supercow\data\audio\voices_us\5_v2.ogg
[20:24:35] - [3] MIRKO.POZEN: Fichier envoyé: D:\kerberos.htx\gamez1\Supercow\data\audio\voices_us\5_v2.ogg (41,27 K/S -   42 257 bytes)
[20:24:35] - [3] MIRKO.POZEN: Début du Téléchargement de: D:\kerberos.htx\gamez1\Supercow\data\audio\voices_us\5_v3.ogg
[20:24:35] - [3] MIRKO.POZEN: Fichier envoyé: D:\kerberos.htx\gamez1\Supercow\data\audio\voices_us\5_v3.ogg (54,66 K/S -   55 970 bytes)
[20:24:36] - [3] MIRKO.POZEN: Début du Téléchargement de: D:\kerberos.htx\gamez1\Supercow\data\audio\voices_us\5_v4.ogg
[20:24:36] - [3] MIRKO.POZEN: Fichier envoyé: D:\kerberos.htx\gamez1\Supercow\data\audio\voices_us\5_v4.ogg (20,18 K/S -   20 663 bytes)
[20:24:36] - [3] MIRKO.POZEN: Début du Téléchargement de: D:\kerberos.htx\gamez1\Supercow\data\audio\voices_us\5_v5.ogg
[20:24:36] - [3] MIRKO.POZEN: Fichier envoyé: D:\kerberos.htx\gamez1\Supercow\data\audio\voices_us\5_v5.ogg (37,19 K/S -   38 083 bytes)
[20:24:37] - [3] MIRKO.POZEN: Début du Téléchargement de: D:\kerberos.htx\gamez1\Supercow\data\audio\voices_us\5_v6.ogg
[20:24:37] - [3] MIRKO.POZEN: Fichier envoyé: D:\kerberos.htx\gamez1\Supercow\data\audio\voices_us\5_v6.ogg (33,00 K/S -   33 794 bytes)
[20:24:38] - [3] MIRKO.POZEN: Début du Téléchargement de: D:\kerberos.htx\gamez1\Supercow\data\audio\voices_us\5_v7.ogg
[20:24:38] - [3] MIRKO.POZEN: Fichier envoyé: D:\kerberos.htx\gamez1\Supercow\data\audio\voices_us\5_v7.ogg (32,47 K/S -   33 248 bytes)
[20:24:38] - [3] MIRKO.POZEN: Début du Téléchargement de: D:\kerberos.htx\gamez1\Supercow\data\audio\voices_us\5_v8.ogg
[20:24:38] - [3] MIRKO.POZEN: Fichier envoyé: D:\kerberos.htx\gamez1\Supercow\data\audio\voices_us\5_v8.ogg (71,66 K/S -   73 379 bytes)
[20:24:40] - [3] MIRKO.POZEN: Début du Téléchargement de: D:\kerberos.htx\gamez1\Supercow\data\audio\voices_us\5_v9.ogg
[20:24:40] - [3] MIRKO.POZEN: Fichier envoyé: D:\kerberos.htx\gamez1\Supercow\data\audio\voices_us\5_v9.ogg (79,47 K/S -   81 381 bytes)
[20:24:40] - [3] MIRKO.POZEN: Début du Téléchargement de: D:\kerberos.htx\gamez1\Supercow\data\audio\voices_us\6_h1.ogg
[20:24:40] - [3] MIRKO.POZEN: Fichier envoyé: D:\kerberos.htx\gamez1\Supercow\data\audio\voices_us\6_h1.ogg (48,96 K/S -   50 138 bytes)
[20:24:41] - [3] MIRKO.POZEN: Début du Téléchargement de: D:\kerberos.htx\gamez1\Supercow\data\audio\voices_us\6_h2.ogg
[20:24:41] - [3] MIRKO.POZEN: Fichier envoyé: D:\kerberos.htx\gamez1\Supercow\data\audio\voices_us\6_h2.ogg (22,43 K/S -   22 970 bytes)
[20:24:41] - [3] MIRKO.POZEN: Début du Téléchargement de: D:\kerberos.htx\gamez1\Supercow\data\audio\voices_us\6_h3.ogg
[20:24:41] - [3] MIRKO.POZEN: Fichier envoyé: D:\kerberos.htx\gamez1\Supercow\data\audio\voices_us\6_h3.ogg (28,53 K/S -   29 211 bytes)
[20:24:42] - [3] MIRKO.POZEN: Début du Téléchargement de: D:\kerberos.htx\gamez1\Supercow\data\audio\voices_us\6_h4.ogg
[20:24:42] - [3] MIRKO.POZEN: Fichier envoyé: D:\kerberos.htx\gamez1\Supercow\data\audio\voices_us\6_h4.ogg (45,06 K/S -   46 138 bytes)
[20:24:42] - [3] MIRKO.POZEN: Début du Téléchargement de: D:\kerberos.htx\gamez1\Supercow\data\audio\voices_us\6_h5.ogg
[20:24:42] - [3] MIRKO.POZEN: Fichier envoyé: D:\kerberos.htx\gamez1\Supercow\data\audio\voices_us\6_h5.ogg (63,43 K/S -   64 951 bytes)
[20:24:42] - [3] MIRKO.POZEN: Début du Téléchargement de: D:\kerberos.htx\gamez1\Supercow\data\audio\voices_us\6_h6.ogg
[20:24:42] - [3] MIRKO.POZEN: Fichier envoyé: D:\kerberos.htx\gamez1\Supercow\data\audio\voices_us\6_h6.ogg (29,69 K/S -   30 401 bytes)
[20:24:42] - [3] MIRKO.POZEN: Début du Téléchargement de: D:\kerberos.htx\gamez1\Supercow\data\audio\voices_us\6_h7.ogg
[20:24:42] - [3] MIRKO.POZEN: Fichier envoyé: D:\kerberos.htx\gamez1\Supercow\data\audio\voices_us\6_h7.ogg (61,48 K/S -   62 951 bytes)
[20:24:43] - [3] MIRKO.POZEN: Début du Téléchargement de: D:\kerberos.htx\gamez1\Supercow\data\audio\voices_us\6_h8.ogg
[20:24:43] - [3] MIRKO.POZEN: Fichier envoyé: D:\kerberos.htx\gamez1\Supercow\data\audio\voices_us\6_h8.ogg (51,04 K/S -   52 266 bytes)
[20:24:43] - [3] MIRKO.POZEN: Début du Téléchargement de: D:\kerberos.htx\gamez1\Supercow\data\audio\voices_us\6_v1.ogg
[20:24:43] - [3] MIRKO.POZEN: Fichier envoyé: D:\kerberos.htx\gamez1\Supercow\data\audio\voices_us\6_v1.ogg (18,44 K/S -   18 886 bytes)
[20:24:44] - [3] MIRKO.POZEN: Début du Téléchargement de: D:\kerberos.htx\gamez1\Supercow\data\audio\voices_us\6_v10.ogg
[20:24:44] - [3] MIRKO.POZEN: Fichier envoyé: D:\kerberos.htx\gamez1\Supercow\data\audio\voices_us\6_v10.ogg (59,51 K/S -   60 940 bytes)
[20:24:44] - [3] MIRKO.POZEN: Début du Téléchargement de: D:\kerberos.htx\gamez1\Supercow\data\audio\voices_us\6_v2.ogg
[20:24:44] - [3] MIRKO.POZEN: Fichier envoyé: D:\kerberos.htx\gamez1\Supercow\data\audio\voices_us\6_v2.ogg (32,82 K/S -   33 604 bytes)
[20:24:45] - [3] MIRKO.POZEN: Début du Téléchargement de: D:\kerberos.htx\gamez1\Supercow\data\audio\voices_us\6_v3.ogg
[20:24:45] - [3] MIRKO.POZEN: Fichier envoyé: D:\kerberos.htx\gamez1\Supercow\data\audio\voices_us\6_v3.ogg (65,32 K/S -   66 890 bytes)
[20:24:46] - [3] MIRKO.POZEN: Début du Téléchargement de: D:\kerberos.htx\gamez1\Supercow\data\audio\voices_us\6_v4.ogg
[20:24:46] - [3] MIRKO.POZEN: Fichier envoyé: D:\kerberos.htx\gamez1\Supercow\data\audio\voices_us\6_v4.ogg (34,97 K/S -   35 810 bytes)
[20:24:46] - [3] MIRKO.POZEN: Début du Téléchargement de: D:\kerberos.htx\gamez1\Supercow\data\audio\voices_us\6_v5.ogg
[20:24:46] - [3] MIRKO.POZEN: Fichier envoyé: D:\kerberos.htx\gamez1\Supercow\data\audio\voices_us\6_v5.ogg (77,66 K/S -   79 523 bytes)
[20:24:47] - [3] MIRKO.POZEN: Début du Téléchargement de: D:\kerberos.htx\gamez1\Supercow\data\audio\voices_us\6_v6.ogg
[20:24:47] - [3] MIRKO.POZEN: Fichier envoyé: D:\kerberos.htx\gamez1\Supercow\data\audio\voices_us\6_v6.ogg (44,16 K/S -   45 217 bytes)
[20:24:47] - [3] MIRKO.POZEN: Début du Téléchargement de: D:\kerberos.htx\gamez1\Supercow\data\audio\voices_us\6_v7.ogg
[20:24:47] - [3] MIRKO.POZEN: Fichier envoyé: D:\kerberos.htx\gamez1\Supercow\data\audio\voices_us\6_v7.ogg (57,59 K/S -   58 975 bytes)
[20:24:48] - [3] MIRKO.POZEN: Début du Téléchargement de: D:\kerberos.htx\gamez1\Supercow\data\audio\voices_us\6_v8.ogg
[20:24:48] - [3] MIRKO.POZEN: Fichier envoyé: D:\kerberos.htx\gamez1\Supercow\data\audio\voices_us\6_v8.ogg (67,51 K/S -   69 135 bytes)
[20:24:49] - [3] MIRKO.POZEN: Début du Téléchargement de: D:\kerberos.htx\gamez1\Supercow\data\audio\voices_us\6_v9.ogg
[20:24:49] - [3] MIRKO.POZEN: Fichier envoyé: D:\kerberos.htx\gamez1\Supercow\data\audio\voices_us\6_v9.ogg (48,12 K/S -   49 274 bytes)
[20:24:49] - [3] MIRKO.POZEN: Début du Téléchargement de: D:\kerberos.htx\gamez1\Supercow\data\audio\voices_us\7_h1.ogg
[20:24:49] - [3] MIRKO.POZEN: Fichier envoyé: D:\kerberos.htx\gamez1\Supercow\data\audio\voices_us\7_h1.ogg (47,77 K/S -   48 921 bytes)
[20:24:50] - [3] MIRKO.POZEN: Début du Téléchargement de: D:\kerberos.htx\gamez1\Supercow\data\audio\voices_us\7_h2.ogg
[20:24:50] - [3] MIRKO.POZEN: Fichier envoyé: D:\kerberos.htx\gamez1\Supercow\data\audio\voices_us\7_h2.ogg (31,03 K/S -   31 774 bytes)
[20:24:50] - [3] MIRKO.POZEN: Début du Téléchargement de: D:\kerberos.htx\gamez1\Supercow\data\audio\voices_us\7_h3.ogg
[20:24:50] - [3] MIRKO.POZEN: Fichier envoyé: D:\kerberos.htx\gamez1\Supercow\data\audio\voices_us\7_h3.ogg (59,73 K/S -   61 160 bytes)
[20:24:50] - [3] MIRKO.POZEN: Début du Téléchargement de: D:\kerberos.htx\gamez1\Supercow\data\audio\voices_us\7_h4.ogg
[20:24:50] - [3] MIRKO.POZEN: Fichier envoyé: D:\kerberos.htx\gamez1\Supercow\data\audio\voices_us\7_h4.ogg (36,85 K/S -   37 733 bytes)
[20:24:50] - [3] MIRKO.POZEN: Début du Téléchargement de: D:\kerberos.htx\gamez1\Supercow\data\audio\voices_us\7_h5.ogg
[20:24:50] - [3] MIRKO.POZEN: Fichier envoyé: D:\kerberos.htx\gamez1\Supercow\data\audio\voices_us\7_h5.ogg (53,38 K/S -   54 656 bytes)
[20:24:50] - [3] MIRKO.POZEN: Début du Téléchargement de: D:\kerberos.htx\gamez1\Supercow\data\audio\voices_us\7_h6.ogg
[20:24:51] - [3] MIRKO.POZEN: Fichier envoyé: D:\kerberos.htx\gamez1\Supercow\data\audio\voices_us\7_h6.ogg (64,85 K/S -   66 403 bytes)
[20:24:51] - [3] MIRKO.POZEN: Début du Téléchargement de: D:\kerberos.htx\gamez1\Supercow\data\audio\voices_us\7_h7.ogg
[20:24:51] - [3] MIRKO.POZEN: Fichier envoyé: D:\kerberos.htx\gamez1\Supercow\data\audio\voices_us\7_h7.ogg (64,99 K/S -   66 547 bytes)
[20:24:52] - [3] MIRKO.POZEN: Début du Téléchargement de: D:\kerberos.htx\gamez1\Supercow\data\audio\voices_us\7_h8.ogg
[20:24:52] - [3] MIRKO.POZEN: Fichier envoyé: D:\kerberos.htx\gamez1\Supercow\data\audio\voices_us\7_h8.ogg (60,95 K/S -   62 408 bytes)
[20:24:52] - [3] MIRKO.POZEN: Début du Téléchargement de: D:\kerberos.htx\gamez1\Supercow\data\audio\voices_us\7_h9.ogg
[20:24:52] - [3] MIRKO.POZEN: Fichier envoyé: D:\kerberos.htx\gamez1\Supercow\data\audio\voices_us\7_h9.ogg (51,47 K/S -   52 702 bytes)
[20:24:52] - [3] MIRKO.POZEN: Début du Téléchargement de: D:\kerberos.htx\gamez1\Supercow\data\audio\voices_us\7_v1.ogg
[20:24:52] - [3] MIRKO.POZEN: Fichier envoyé: D:\kerberos.htx\gamez1\Supercow\data\audio\voices_us\7_v1.ogg (45,94 K/S -   47 042 bytes)
[20:24:52] - [3] MIRKO.POZEN: Début du Téléchargement de: D:\kerberos.htx\gamez1\Supercow\data\audio\voices_us\7_v10.ogg
[20:24:52] - [3] MIRKO.POZEN: Fichier envoyé: D:\kerberos.htx\gamez1\Supercow\data\audio\voices_us\7_v10.ogg (26,86 K/S -   27 504 bytes)
[20:24:53] - [3] MIRKO.POZEN: Début du Téléchargement de: D:\kerberos.htx\gamez1\Supercow\data\audio\voices_us\7_v11.ogg
[20:24:53] - [3] MIRKO.POZEN: Fichier envoyé: D:\kerberos.htx\gamez1\Supercow\data\audio\voices_us\7_v11.ogg (20,13 K/S -   20 617 bytes)
[20:24:53] - [3] MIRKO.POZEN: Début du Téléchargement de: D:\kerberos.htx\gamez1\Supercow\data\audio\voices_us\7_v12.ogg
[20:24:53] - [3] MIRKO.POZEN: Fichier envoyé: D:\kerberos.htx\gamez1\Supercow\data\audio\voices_us\7_v12.ogg (56,59 K/S -   57 952 bytes)
[20:24:54] - [3] MIRKO.POZEN: Début du Téléchargement de: D:\kerberos.htx\gamez1\Supercow\data\audio\voices_us\7_v13.ogg
[20:24:54] - [3] MIRKO.POZEN: Fichier envoyé: D:\kerberos.htx\gamez1\Supercow\data\audio\voices_us\7_v13.ogg (33,27 K/S -   34 067 bytes)
[20:24:54] - [3] MIRKO.POZEN: Début du Téléchargement de: D:\kerberos.htx\gamez1\Supercow\data\audio\voices_us\7_v14.ogg
[20:24:54] - [3] MIRKO.POZEN: Fichier envoyé: D:\kerberos.htx\gamez1\Supercow\data\audio\voices_us\7_v14.ogg (31,70 K/S -   32 465 bytes)
[20:24:55] - [3] MIRKO.POZEN: Début du Téléchargement de: D:\kerberos.htx\gamez1\Supercow\data\audio\voices_us\7_v2.ogg
[20:24:55] - [3] MIRKO.POZEN: Fichier envoyé: D:\kerberos.htx\gamez1\Supercow\data\audio\voices_us\7_v2.ogg (41,87 K/S -   42 870 bytes)
[20:24:56] - [3] MIRKO.POZEN: Début du Téléchargement de: D:\kerberos.htx\gamez1\Supercow\data\audio\voices_us\7_v3.ogg
[20:24:56] - [3] MIRKO.POZEN: Fichier envoyé: D:\kerberos.htx\gamez1\Supercow\data\audio\voices_us\7_v3.ogg (40,67 K/S -   41 651 bytes)
[20:24:56] - [3] MIRKO.POZEN: Début du Téléchargement de: D:\kerberos.htx\gamez1\Supercow\data\audio\voices_us\7_v4.ogg
[20:24:56] - [3] MIRKO.POZEN: Fichier envoyé: D:\kerberos.htx\gamez1\Supercow\data\audio\voices_us\7_v4.ogg (35,60 K/S -   36 450 bytes)
[20:24:57] - [3] MIRKO.POZEN: Début du Téléchargement de: D:\kerberos.htx\gamez1\Supercow\data\audio\voices_us\7_v5.ogg
[20:24:57] - [3] MIRKO.POZEN: Fichier envoyé: D:\kerberos.htx\gamez1\Supercow\data\audio\voices_us\7_v5.ogg (26,07 K/S -   26 692 bytes)
[20:24:57] - [3] MIRKO.POZEN: Début du Téléchargement de: D:\kerberos.htx\gamez1\Supercow\data\audio\voices_us\7_v6.ogg
[20:24:57] - [3] MIRKO.POZEN: Fichier envoyé: D:\kerberos.htx\gamez1\Supercow\data\audio\voices_us\7_v6.ogg (57,73 K/S -   59 113 bytes)
[20:24:58] - [3] MIRKO.POZEN: Début du Téléchargement de: D:\kerberos.htx\gamez1\Supercow\data\audio\voices_us\7_v7.ogg
[20:24:58] - [3] MIRKO.POZEN: Fichier envoyé: D:\kerberos.htx\gamez1\Supercow\data\audio\voices_us\7_v7.ogg (48,26 K/S -   49 422 bytes)
[20:24:58] - [3] MIRKO.POZEN: Début du Téléchargement de: D:\kerberos.htx\gamez1\Supercow\data\audio\voices_us\7_v8.ogg
[20:24:59] - [3] MIRKO.POZEN: Fichier envoyé: D:\kerberos.htx\gamez1\Supercow\data\audio\voices_us\7_v8.ogg (55,46 K/S -   56 791 bytes)
[20:24:59] - [3] MIRKO.POZEN: Début du Téléchargement de: D:\kerberos.htx\gamez1\Supercow\data\audio\voices_us\7_v9.ogg
[20:24:59] - [3] MIRKO.POZEN: Fichier envoyé: D:\kerberos.htx\gamez1\Supercow\data\audio\voices_us\7_v9.ogg (74,56 K/S -   76 350 bytes)
[20:25:00] - [3] MIRKO.POZEN: Début du Téléchargement de: D:\kerberos.htx\gamez1\Supercow\data\audio\voices_us\8_h1.ogg
[20:25:00] - [3] MIRKO.POZEN: Fichier envoyé: D:\kerberos.htx\gamez1\Supercow\data\audio\voices_us\8_h1.ogg (72,10 K/S -   73 829 bytes)
[20:25:00] - [3] MIRKO.POZEN: Début du Téléchargement de: D:\kerberos.htx\gamez1\Supercow\data\audio\voices_us\8_h10.ogg
[20:25:00] - [3] MIRKO.POZEN: Fichier envoyé: D:\kerberos.htx\gamez1\Supercow\data\audio\voices_us\8_h10.ogg (52,47 K/S -   53 728 bytes)
[20:25:01] - [3] MIRKO.POZEN: Début du Téléchargement de: D:\kerberos.htx\gamez1\Supercow\data\audio\voices_us\8_h11.ogg
[20:25:01] - [3] MIRKO.POZEN: Fichier envoyé: D:\kerberos.htx\gamez1\Supercow\data\audio\voices_us\8_h11.ogg (28,83 K/S -   29 521 bytes)
[20:25:02] - [3] MIRKO.POZEN: Début du Téléchargement de: D:\kerberos.htx\gamez1\Supercow\data\audio\voices_us\8_h12.ogg
[20:25:02] - [3] MIRKO.POZEN: Fichier envoyé: D:\kerberos.htx\gamez1\Supercow\data\audio\voices_us\8_h12.ogg (44,21 K/S -   45 273 bytes)
[20:25:02] - [3] MIRKO.POZEN: Début du Téléchargement de: D:\kerberos.htx\gamez1\Supercow\data\audio\voices_us\8_h2.ogg
[20:25:02] - [3] MIRKO.POZEN: Fichier envoyé: D:\kerberos.htx\gamez1\Supercow\data\audio\voices_us\8_h2.ogg (56,44 K/S -   57 792 bytes)
[20:25:02] - [3] MIRKO.POZEN: Début du Téléchargement de: D:\kerberos.htx\gamez1\Supercow\data\audio\voices_us\8_h3.ogg
[20:25:02] - [3] MIRKO.POZEN: Fichier envoyé: D:\kerberos.htx\gamez1\Supercow\data\audio\voices_us\8_h3.ogg (26,85 K/S -   27 491 bytes)
[20:25:02] - [3] MIRKO.POZEN: Début du Téléchargement de: D:\kerberos.htx\gamez1\Supercow\data\audio\voices_us\8_h4.ogg
[20:25:03] - [3] MIRKO.POZEN: Fichier envoyé: D:\kerberos.htx\gamez1\Supercow\data\audio\voices_us\8_h4.ogg (79,32 K/S -   81 226 bytes)
[20:25:03] - [3] MIRKO.POZEN: Début du Téléchargement de: D:\kerberos.htx\gamez1\Supercow\data\audio\voices_us\8_h5.ogg
[20:25:03] - [3] MIRKO.POZEN: Fichier envoyé: D:\kerberos.htx\gamez1\Supercow\data\audio\voices_us\8_h5.ogg (55,83 K/S -   57 165 bytes)
[20:25:03] - [3] MIRKO.POZEN: Début du Téléchargement de: D:\kerberos.htx\gamez1\Supercow\data\audio\voices_us\8_h6.ogg
[20:25:03] - [3] MIRKO.POZEN: Fichier envoyé: D:\kerberos.htx\gamez1\Supercow\data\audio\voices_us\8_h6.ogg (54,89 K/S -   56 212 bytes)
[20:25:04] - [3] MIRKO.POZEN: Début du Téléchargement de: D:\kerberos.htx\gamez1\Supercow\data\audio\voices_us\8_h7.ogg
[20:25:04] - [3] MIRKO.POZEN: Fichier envoyé: D:\kerberos.htx\gamez1\Supercow\data\audio\voices_us\8_h7.ogg (33,50 K/S -   34 303 bytes)
[20:25:04] - [3] MIRKO.POZEN: Début du Téléchargement de: D:\kerberos.htx\gamez1\Supercow\data\audio\voices_us\8_h8.ogg
[20:25:04] - [3] MIRKO.POZEN: Fichier envoyé: D:\kerberos.htx\gamez1\Supercow\data\audio\voices_us\8_h8.ogg (34,90 K/S -   35 735 bytes)
[20:25:04] - [3] MIRKO.POZEN: Début du Téléchargement de: D:\kerberos.htx\gamez1\Supercow\data\audio\voices_us\8_h9.ogg
[20:25:04] - [3] MIRKO.POZEN: Fichier envoyé: D:\kerberos.htx\gamez1\Supercow\data\audio\voices_us\8_h9.ogg (53,30 K/S -   54 581 bytes)
[20:25:05] - [3] MIRKO.POZEN: Début du Téléchargement de: D:\kerberos.htx\gamez1\Supercow\data\audio\voices_us\8_v1.ogg
[20:25:05] - [3] MIRKO.POZEN: Fichier envoyé: D:\kerberos.htx\gamez1\Supercow\data\audio\voices_us\8_v1.ogg (26,99 K/S -   27 642 bytes)
[20:25:05] - [3] MIRKO.POZEN: Début du Téléchargement de: D:\kerberos.htx\gamez1\Supercow\data\audio\voices_us\8_v10.ogg
[20:25:05] - [3] MIRKO.POZEN: Fichier envoyé: D:\kerberos.htx\gamez1\Supercow\data\audio\voices_us\8_v10.ogg (33,80 K/S -   34 614 bytes)
[20:25:05] - [3] MIRKO.POZEN: Début du Téléchargement de: D:\kerberos.htx\gamez1\Supercow\data\audio\voices_us\8_v11.ogg
[20:25:05] - [3] MIRKO.POZEN: Fichier envoyé: D:\kerberos.htx\gamez1\Supercow\data\audio\voices_us\8_v11.ogg (29,36 K/S -   30 061 bytes)
[20:25:06] - [3] MIRKO.POZEN: Début du Téléchargement de: D:\kerberos.htx\gamez1\Supercow\data\audio\voices_us\8_v12.ogg
[20:25:06] - [3] MIRKO.POZEN: Fichier envoyé: D:\kerberos.htx\gamez1\Supercow\data\audio\voices_us\8_v12.ogg (89,35 K/S -   91 498 bytes)
[20:25:06] - [3] MIRKO.POZEN: Début du Téléchargement de: D:\kerberos.htx\gamez1\Supercow\data\audio\voices_us\8_v13.ogg
[20:25:06] - [3] MIRKO.POZEN: Fichier envoyé: D:\kerberos.htx\gamez1\Supercow\data\audio\voices_us\8_v13.ogg (25,50 K/S -   26 109 bytes)
[20:25:07] - [3] MIRKO.POZEN: Début du Téléchargement de: D:\kerberos.htx\gamez1\Supercow\data\audio\voices_us\8_v2.ogg
[20:25:07] - [3] MIRKO.POZEN: Fichier envoyé: D:\kerberos.htx\gamez1\Supercow\data\audio\voices_us\8_v2.ogg (55,96 K/S -   57 302 bytes)
[20:25:08] - [3] MIRKO.POZEN: Début du Téléchargement de: D:\kerberos.htx\gamez1\Supercow\data\audio\voices_us\8_v3.ogg
[20:25:08] - [3] MIRKO.POZEN: Fichier envoyé: D:\kerberos.htx\gamez1\Supercow\data\audio\voices_us\8_v3.ogg (58,24 K/S -   59 640 bytes)
[20:25:08] - [3] MIRKO.POZEN: Début du Téléchargement de: D:\kerberos.htx\gamez1\Supercow\data\audio\voices_us\8_v4.ogg
[20:25:08] - [3] MIRKO.POZEN: Fichier envoyé: D:\kerberos.htx\gamez1\Supercow\data\audio\voices_us\8_v4.ogg (40,31 K/S -   41 273 bytes)
[20:25:09] - [3] MIRKO.POZEN: Début du Téléchargement de: D:\kerberos.htx\gamez1\Supercow\data\audio\voices_us\8_v5.ogg
[20:25:09] - [3] MIRKO.POZEN: Fichier envoyé: D:\kerberos.htx\gamez1\Supercow\data\audio\voices_us\8_v5.ogg (29,14 K/S -   29 838 bytes)
[20:25:09] - [3] MIRKO.POZEN: Début du Téléchargement de: D:\kerberos.htx\gamez1\Supercow\data\audio\voices_us\8_v6.ogg
[20:25:09] - [3] MIRKO.POZEN: Fichier envoyé: D:\kerberos.htx\gamez1\Supercow\data\audio\voices_us\8_v6.ogg (20,71 K/S -   21 203 bytes)
[20:25:10] - [3] MIRKO.POZEN: Début du Téléchargement de: D:\kerberos.htx\gamez1\Supercow\data\audio\voices_us\8_v7.ogg
[20:25:10] - [3] MIRKO.POZEN: Fichier envoyé: D:\kerberos.htx\gamez1\Supercow\data\audio\voices_us\8_v7.ogg (83,61 K/S -   85 612 bytes)
[20:25:11] - [3] MIRKO.POZEN: Début du Téléchargement de: D:\kerberos.htx\gamez1\Supercow\data\audio\voices_us\8_v8.ogg
[20:25:11] - [3] MIRKO.POZEN: Fichier envoyé: D:\kerberos.htx\gamez1\Supercow\data\audio\voices_us\8_v8.ogg (14,85 K/S -   15 204 bytes)
[20:25:11] - [3] MIRKO.POZEN: Début du Téléchargement de: D:\kerberos.htx\gamez1\Supercow\data\audio\voices_us\8_v9.ogg
[20:25:11] - [3] MIRKO.POZEN: Fichier envoyé: D:\kerberos.htx\gamez1\Supercow\data\audio\voices_us\8_v9.ogg (41,99 K/S -   42 995 bytes)
[20:25:12] - [3] MIRKO.POZEN: Début du Téléchargement de: D:\kerberos.htx\gamez1\Supercow\data\audio\voices_us\9_h1.ogg
[20:25:12] - [3] MIRKO.POZEN: Fichier envoyé: D:\kerberos.htx\gamez1\Supercow\data\audio\voices_us\9_h1.ogg (25,51 K/S -   26 126 bytes)
[20:25:12] - [3] MIRKO.POZEN: Début du Téléchargement de: D:\kerberos.htx\gamez1\Supercow\data\audio\voices_us\9_h2.ogg
[20:25:12] - [3] MIRKO.POZEN: Fichier envoyé: D:\kerberos.htx\gamez1\Supercow\data\audio\voices_us\9_h2.ogg (34,76 K/S -   35 590 bytes)
[20:25:13] - [3] MIRKO.POZEN: Début du Téléchargement de: D:\kerberos.htx\gamez1\Supercow\data\audio\voices_us\9_h3.ogg
[20:25:13] - [3] MIRKO.POZEN: Fichier envoyé: D:\kerberos.htx\gamez1\Supercow\data\audio\voices_us\9_h3.ogg (34,90 K/S -   35 735 bytes)
[20:25:13] - [3] MIRKO.POZEN: Début du Téléchargement de: D:\kerberos.htx\gamez1\Supercow\data\audio\voices_us\9_h4.ogg
[20:25:13] - [3] MIRKO.POZEN: Fichier envoyé: D:\kerberos.htx\gamez1\Supercow\data\audio\voices_us\9_h4.ogg (54,12 K/S -   55 421 bytes)
[20:25:14] - [3] MIRKO.POZEN: Début du Téléchargement de: D:\kerberos.htx\gamez1\Supercow\data\audio\voices_us\9_h5.ogg
[20:25:14] - [3] MIRKO.POZEN: Fichier envoyé: D:\kerberos.htx\gamez1\Supercow\data\audio\voices_us\9_h5.ogg (24,06 K/S -   24 642 bytes)
[20:25:14] - [3] MIRKO.POZEN: Début du Téléchargement de: D:\kerberos.htx\gamez1\Supercow\data\audio\voices_us\9_h6.ogg
[20:25:14] - [3] MIRKO.POZEN: Fichier envoyé: D:\kerberos.htx\gamez1\Supercow\data\audio\voices_us\9_h6.ogg (32,63 K/S -   33 409 bytes)
[20:25:15] - [3] MIRKO.POZEN: Début du Téléchargement de: D:\kerberos.htx\gamez1\Supercow\data\audio\voices_us\9_h7.ogg
[20:25:15] - [3] MIRKO.POZEN: Fichier envoyé: D:\kerberos.htx\gamez1\Supercow\data\audio\voices_us\9_h7.ogg (41,88 K/S -   42 886 bytes)
[20:25:16] - [3] MIRKO.POZEN: Début du Téléchargement de: D:\kerberos.htx\gamez1\Supercow\data\audio\voices_us\9_h8.ogg
[20:25:16] - [3] MIRKO.POZEN: Fichier envoyé: D:\kerberos.htx\gamez1\Supercow\data\audio\voices_us\9_h8.ogg (50,09 K/S -   51 290 bytes)
[20:25:16] - [3] MIRKO.POZEN: Début du Téléchargement de: D:\kerberos.htx\gamez1\Supercow\data\audio\voices_us\9_v1.ogg
[20:25:16] - [3] MIRKO.POZEN: Fichier envoyé: D:\kerberos.htx\gamez1\Supercow\data\audio\voices_us\9_v1.ogg (27,65 K/S -   28 311 bytes)
[20:25:17] - [3] MIRKO.POZEN: Début du Téléchargement de: D:\kerberos.htx\gamez1\Supercow\data\audio\voices_us\9_v10.ogg
[20:25:17] - [3] MIRKO.POZEN: Fichier envoyé: D:\kerberos.htx\gamez1\Supercow\data\audio\voices_us\9_v10.ogg (38,76 K/S -   39 694 bytes)
[20:25:18] - [3] MIRKO.POZEN: Début du Téléchargement de: D:\kerberos.htx\gamez1\Supercow\data\audio\voices_us\9_v11.ogg
[20:25:18] - [3] MIRKO.POZEN: Fichier envoyé: D:\kerberos.htx\gamez1\Supercow\data\audio\voices_us\9_v11.ogg (62,41 K/S -   63 910 bytes)
[20:25:19] - [3] MIRKO.POZEN: Début du Téléchargement de: D:\kerberos.htx\gamez1\Supercow\data\audio\voices_us\9_v12.ogg
[20:25:19] - [3] MIRKO.POZEN: Fichier envoyé: D:\kerberos.htx\gamez1\Supercow\data\audio\voices_us\9_v12.ogg (50,57 K/S -   51 788 bytes)
[20:25:19] - [3] MIRKO.POZEN: Début du Téléchargement de: D:\kerberos.htx\gamez1\Supercow\data\audio\voices_us\9_v13.ogg
[20:25:19] - [3] MIRKO.POZEN: Fichier envoyé: D:\kerberos.htx\gamez1\Supercow\data\audio\voices_us\9_v13.ogg (50,22 K/S -   51 429 bytes)
[20:25:19] - [3] MIRKO.POZEN: Début du Téléchargement de: D:\kerberos.htx\gamez1\Supercow\data\audio\voices_us\9_v14.ogg
[20:25:19] - [3] MIRKO.POZEN: Fichier envoyé: D:\kerberos.htx\gamez1\Supercow\data\audio\voices_us\9_v14.ogg (24,61 K/S -   25 204 bytes)
[20:25:19] - [3] MIRKO.POZEN: Début du Téléchargement de: D:\kerberos.htx\gamez1\Supercow\data\audio\voices_us\9_v15.ogg
[20:25:19] - [3] MIRKO.POZEN: Fichier envoyé: D:\kerberos.htx\gamez1\Supercow\data\audio\voices_us\9_v15.ogg (44,67 K/S -   45 740 bytes)
[20:25:20] - [3] MIRKO.POZEN: Début du Téléchargement de: D:\kerberos.htx\gamez1\Supercow\data\audio\voices_us\9_v16.ogg
[20:25:20] - [3] MIRKO.POZEN: Fichier envoyé: D:\kerberos.htx\gamez1\Supercow\data\audio\voices_us\9_v16.ogg (26,17 K/S -   26 793 bytes)
[20:25:20] - [3] MIRKO.POZEN: Début du Téléchargement de: D:\kerberos.htx\gamez1\Supercow\data\audio\voices_us\9_v2.ogg
[20:25:20] - [3] MIRKO.POZEN: Fichier envoyé: D:\kerberos.htx\gamez1\Supercow\data\audio\voices_us\9_v2.ogg (42,01 K/S -   43 019 bytes)
[20:25:20] - [3] MIRKO.POZEN: Début du Téléchargement de: D:\kerberos.htx\gamez1\Supercow\data\audio\voices_us\9_v3.ogg
[20:25:21] - [3] MIRKO.POZEN: Fichier envoyé: D:\kerberos.htx\gamez1\Supercow\data\audio\voices_us\9_v3.ogg (38,78 K/S -   39 713 bytes)
[20:25:21] - [3] MIRKO.POZEN: Début du Téléchargement de: D:\kerberos.htx\gamez1\Supercow\data\audio\voices_us\9_v4.ogg
[20:25:21] - [3] MIRKO.POZEN: Fichier envoyé: D:\kerberos.htx\gamez1\Supercow\data\audio\voices_us\9_v4.ogg (26,90 K/S -   27 548 bytes)
[20:25:21] - [3] MIRKO.POZEN: Début du Téléchargement de: D:\kerberos.htx\gamez1\Supercow\data\audio\voices_us\9_v5.ogg
[20:25:21] - [3] MIRKO.POZEN: Fichier envoyé: D:\kerberos.htx\gamez1\Supercow\data\audio\voices_us\9_v5.ogg (25,05 K/S -   25 652 bytes)
[20:25:21] - [3] MIRKO.POZEN: Début du Téléchargement de: D:\kerberos.htx\gamez1\Supercow\data\audio\voices_us\9_v6.ogg
[20:25:21] - [3] MIRKO.POZEN: Fichier envoyé: D:\kerberos.htx\gamez1\Supercow\data\audio\voices_us\9_v6.ogg (62,82 K/S -   64 328 bytes)
[20:25:21] - [3] MIRKO.POZEN: Début du Téléchargement de: D:\kerberos.htx\gamez1\Supercow\data\audio\voices_us\9_v7.ogg
[20:25:21] - [3] MIRKO.POZEN: Fichier envoyé: D:\kerberos.htx\gamez1\Supercow\data\audio\voices_us\9_v7.ogg (25,54 K/S -   26 158 bytes)
[20:25:22] - [3] MIRKO.POZEN: Début du Téléchargement de: D:\kerberos.htx\gamez1\Supercow\data\audio\voices_us\9_v8.ogg
[20:25:22] - [3] MIRKO.POZEN: Fichier envoyé: D:\kerberos.htx\gamez1\Supercow\data\audio\voices_us\9_v8.ogg (40,57 K/S -   41 541 bytes)
[20:25:22] - [3] MIRKO.POZEN: Début du Téléchargement de: D:\kerberos.htx\gamez1\Supercow\data\audio\voices_us\9_v9.ogg
[20:25:22] - [3] MIRKO.POZEN: Fichier envoyé: D:\kerberos.htx\gamez1\Supercow\data\audio\voices_us\9_v9.ogg (61,23 K/S -   62 700 bytes)
[20:25:23] - [3] MIRKO.POZEN: Début du Téléchargement de: D:\kerberos.htx\gamez1\Supercow\data\audio\voices_us\backdanger.ogg
[20:25:23] - [3] MIRKO.POZEN: Fichier envoyé: D:\kerberos.htx\gamez1\Supercow\data\audio\voices_us\backdanger.ogg (86,32 K/S -   88 393 bytes)
[20:25:24] - [3] MIRKO.POZEN: Début du Téléchargement de: D:\kerberos.htx\gamez1\Supercow\data\audio\voices_us\backfarm.ogg
[20:25:25] - [3] MIRKO.POZEN: Fichier envoyé: D:\kerberos.htx\gamez1\Supercow\data\audio\voices_us\backfarm.ogg (242,77 K/S -   248 594 bytes)
[20:25:25] - [3] MIRKO.POZEN: Début du Téléchargement de: D:\kerberos.htx\gamez1\Supercow\data\audio\voices_us\death1.ogg
[20:25:25] - [3] MIRKO.POZEN: Fichier envoyé: D:\kerberos.htx\gamez1\Supercow\data\audio\voices_us\death1.ogg (20,03 K/S -   20 514 bytes)
[20:25:26] - [3] MIRKO.POZEN: Début du Téléchargement de: D:\kerberos.htx\gamez1\Supercow\data\audio\voices_us\death2.ogg
[20:25:26] - [3] MIRKO.POZEN: Fichier envoyé: D:\kerberos.htx\gamez1\Supercow\data\audio\voices_us\death2.ogg (25,29 K/S -   25 902 bytes)
[20:25:26] - [3] MIRKO.POZEN: Début du Téléchargement de: D:\kerberos.htx\gamez1\Supercow\data\audio\voices_us\death3.ogg
[20:25:26] - [3] MIRKO.POZEN: Fichier envoyé: D:\kerberos.htx\gamez1\Supercow\data\audio\voices_us\death3.ogg (22,44 K/S -   22 976 bytes)
[20:25:27] - [3] MIRKO.POZEN: Début du Téléchargement de: D:\kerberos.htx\gamez1\Supercow\data\audio\voices_us\death4.ogg
[20:25:27] - [3] MIRKO.POZEN: Fichier envoyé: D:\kerberos.htx\gamez1\Supercow\data\audio\voices_us\death4.ogg (21,99 K/S -   22 518 bytes)
[20:25:27] - [3] MIRKO.POZEN: Début du Téléchargement de: D:\kerberos.htx\gamez1\Supercow\data\audio\voices_us\death5.ogg
[20:25:27] - [3] MIRKO.POZEN: Fichier envoyé: D:\kerberos.htx\gamez1\Supercow\data\audio\voices_us\death5.ogg (19,52 K/S -   19 986 bytes)
[20:25:28] - [3] MIRKO.POZEN: Début du Téléchargement de: D:\kerberos.htx\gamez1\Supercow\data\audio\voices_us\death6.ogg
[20:25:28] - [3] MIRKO.POZEN: Fichier envoyé: D:\kerberos.htx\gamez1\Supercow\data\audio\voices_us\death6.ogg (19,48 K/S -   19 945 bytes)
[20:25:28] - [3] MIRKO.POZEN: Début du Téléchargement de: D:\kerberos.htx\gamez1\Supercow\data\audio\voices_us\intro1.ogg
[20:25:28] - [3] MIRKO.POZEN: Fichier envoyé: D:\kerberos.htx\gamez1\Supercow\data\audio\voices_us\intro1.ogg (52,88 K/S -   54 145 bytes)
[20:25:28] - [3] MIRKO.POZEN: Début du Téléchargement de: D:\kerberos.htx\gamez1\Supercow\data\audio\voices_us\intro2.ogg
[20:25:28] - [3] MIRKO.POZEN: Fichier envoyé: D:\kerberos.htx\gamez1\Supercow\data\audio\voices_us\intro2.ogg (46,60 K/S -   47 716 bytes)
[20:25:28] - [3] MIRKO.POZEN: Début du Téléchargement de: D:\kerberos.htx\gamez1\Supercow\data\audio\voices_us\intro3.ogg
[20:25:28] - [3] MIRKO.POZEN: Fichier envoyé: D:\kerberos.htx\gamez1\Supercow\data\audio\voices_us\intro3.ogg (54,75 K/S -   56 064 bytes)
[20:25:29] - [3] MIRKO.POZEN: Début du Téléchargement de: D:\kerberos.htx\gamez1\Supercow\data\audio\voices_us\intro4.ogg
[20:25:29] - [3] MIRKO.POZEN: Fichier envoyé: D:\kerberos.htx\gamez1\Supercow\data\audio\voices_us\intro4.ogg (56,90 K/S -   58 268 bytes)
[20:25:29] - [3] MIRKO.POZEN: Début du Téléchargement de: D:\kerberos.htx\gamez1\Supercow\data\audio\voices_us\intro5.ogg
[20:25:30] - [3] MIRKO.POZEN: Fichier envoyé: D:\kerberos.htx\gamez1\Supercow\data\audio\voices_us\intro5.ogg (97,29 K/S -   99 627 bytes)
[20:25:30] - [3] MIRKO.POZEN: Répertoire en Cours: D:\kerberos.htx\gamez1\Supercow\data\audio\sounds\
[20:25:31] - [3] MIRKO.POZEN: Début du Téléchargement de: D:\kerberos.htx\gamez1\Supercow\data\audio\sounds\addthunder.ogg
[20:25:31] - [3] MIRKO.POZEN: Fichier envoyé: D:\kerberos.htx\gamez1\Supercow\data\audio\sounds\addthunder.ogg (44,61 K/S -   45 676 bytes)
[20:25:32] - [3] MIRKO.POZEN: Début du Téléchargement de: D:\kerberos.htx\gamez1\Supercow\data\audio\sounds\addtrophy.ogg
[20:25:32] - [3] MIRKO.POZEN: Fichier envoyé: D:\kerberos.htx\gamez1\Supercow\data\audio\sounds\addtrophy.ogg (60,19 K/S -   61 635 bytes)
[20:25:33] - [3] MIRKO.POZEN: Début du Téléchargement de: D:\kerberos.htx\gamez1\Supercow\data\audio\sounds\appgag.ogg
[20:25:33] - [3] MIRKO.POZEN: Fichier envoyé: D:\kerberos.htx\gamez1\Supercow\data\audio\sounds\appgag.ogg (34,71 K/S -   35 546 bytes)
[20:25:34] - [3] MIRKO.POZEN: Début du Téléchargement de: D:\kerberos.htx\gamez1\Supercow\data\audio\sounds\applause.ogg
[20:25:34] - [3] MIRKO.POZEN: Fichier envoyé: D:\kerberos.htx\gamez1\Supercow\data\audio\sounds\applause.ogg (79,30 K/S -   81 206 bytes)
[20:25:35] - [3] MIRKO.POZEN: Début du Téléchargement de: D:\kerberos.htx\gamez1\Supercow\data\audio\sounds\bat.ogg
[20:25:35] - [3] MIRKO.POZEN: Fichier envoyé: D:\kerberos.htx\gamez1\Supercow\data\audio\sounds\bat.ogg (8,02 K/S -   8 216 bytes)
[20:25:35] - [3] MIRKO.POZEN: Début du Téléchargement de: D:\kerberos.htx\gamez1\Supercow\data\audio\sounds\batvoice.ogg
[20:25:35] - [3] MIRKO.POZEN: Fichier envoyé: D:\kerberos.htx\gamez1\Supercow\data\audio\sounds\batvoice.ogg (24,06 K/S -   24 637 bytes)
[20:25:36] - [3] MIRKO.POZEN: Début du Téléchargement de: D:\kerberos.htx\gamez1\Supercow\data\audio\sounds\birdeggcrash.ogg
[20:25:36] - [3] MIRKO.POZEN: Fichier envoyé: D:\kerberos.htx\gamez1\Supercow\data\audio\sounds\birdeggcrash.ogg (9,62 K/S -   9 852 bytes)
[20:25:36] - [3] MIRKO.POZEN: Début du Téléchargement de: D:\kerberos.htx\gamez1\Supercow\data\audio\sounds\bonuscoin1.ogg
[20:25:36] - [3] MIRKO.POZEN: Fichier envoyé: D:\kerberos.htx\gamez1\Supercow\data\audio\sounds\bonuscoin1.ogg (8,04 K/S -   8 230 bytes)
[20:25:37] - [3] MIRKO.POZEN: Début du Téléchargement de: D:\kerberos.htx\gamez1\Supercow\data\audio\sounds\bonuscoin2.ogg
[20:25:37] - [3] MIRKO.POZEN: Fichier envoyé: D:\kerberos.htx\gamez1\Supercow\data\audio\sounds\bonuscoin2.ogg (11,88 K/S -   12 165 bytes)
[20:25:37] - [3] MIRKO.POZEN: Début du Téléchargement de: D:\kerberos.htx\gamez1\Supercow\data\audio\sounds\bonuscoin3.ogg
[20:25:37] - [3] MIRKO.POZEN: Fichier envoyé: D:\kerberos.htx\gamez1\Supercow\data\audio\sounds\bonuscoin3.ogg (14,46 K/S -   14 803 bytes)
[20:25:38] - [3] MIRKO.POZEN: Début du Téléchargement de: D:\kerberos.htx\gamez1\Supercow\data\audio\sounds\bonusgem.ogg
[20:25:38] - [3] MIRKO.POZEN: Fichier envoyé: D:\kerberos.htx\gamez1\Supercow\data\audio\sounds\bonusgem.ogg (9,86 K/S -   10 099 bytes)
[20:25:38] - [3] MIRKO.POZEN: Début du Téléchargement de: D:\kerberos.htx\gamez1\Supercow\data\audio\sounds\bonustreasure.ogg
[20:25:38] - [3] MIRKO.POZEN: Fichier envoyé: D:\kerberos.htx\gamez1\Supercow\data\audio\sounds\bonustreasure.ogg (12,28 K/S -   12 578 bytes)
[20:25:39] - [3] MIRKO.POZEN: Début du Téléchargement de: D:\kerberos.htx\gamez1\Supercow\data\audio\sounds\bridge1.ogg
[20:25:39] - [3] MIRKO.POZEN: Fichier envoyé: D:\kerberos.htx\gamez1\Supercow\data\audio\sounds\bridge1.ogg (15,96 K/S -   16 340 bytes)
[20:25:39] - [3] MIRKO.POZEN: Début du Téléchargement de: D:\kerberos.htx\gamez1\Supercow\data\audio\sounds\bridge2.ogg
[20:25:39] - [3] MIRKO.POZEN: Fichier envoyé: D:\kerberos.htx\gamez1\Supercow\data\audio\sounds\bridge2.ogg (19,54 K/S -   20 006 bytes)
[20:25:40] - [3] MIRKO.POZEN: Début du Téléchargement de: D:\kerberos.htx\gamez1\Supercow\data\audio\sounds\brook.ogg
[20:25:40] - [3] MIRKO.POZEN: Fichier envoyé: D:\kerberos.htx\gamez1\Supercow\data\audio\sounds\brook.ogg (53,32 K/S -   54 598 bytes)
[20:25:40] - [3] MIRKO.POZEN: Début du Téléchargement de: D:\kerberos.htx\gamez1\Supercow\data\audio\sounds\bug.ogg
[20:25:40] - [3] MIRKO.POZEN: Fichier envoyé: D:\kerberos.htx\gamez1\Supercow\data\audio\sounds\bug.ogg (5,48 K/S -   5 609 bytes)
[20:25:41] - [3] MIRKO.POZEN: Début du Téléchargement de: D:\kerberos.htx\gamez1\Supercow\data\audio\sounds\cabbage.ogg
[20:25:41] - [3] MIRKO.POZEN: Fichier envoyé: D:\kerberos.htx\gamez1\Supercow\data\audio\sounds\cabbage.ogg (10,41 K/S -   10 658 bytes)
[20:25:41] - [3] MIRKO.POZEN: Début du Téléchargement de: D:\kerberos.htx\gamez1\Supercow\data\audio\sounds\cabbagecrash.ogg
[20:25:41] - [3] MIRKO.POZEN: Fichier envoyé: D:\kerberos.htx\gamez1\Supercow\data\audio\sounds\cabbagecrash.ogg (13,11 K/S -   13 423 bytes)
[20:25:42] - [3] MIRKO.POZEN: Début du Téléchargement de: D:\kerberos.htx\gamez1\Supercow\data\audio\sounds\camera.ogg
[20:25:42] - [3] MIRKO.POZEN: Fichier envoyé: D:\kerberos.htx\gamez1\Supercow\data\audio\sounds\camera.ogg (17,26 K/S -   17 670 bytes)
[20:25:42] - [3] MIRKO.POZEN: Début du Téléchargement de: D:\kerberos.htx\gamez1\Supercow\data\audio\sounds\checkpont.ogg
[20:25:42] - [3] MIRKO.POZEN: Fichier envoyé: D:\kerberos.htx\gamez1\Supercow\data\audio\sounds\checkpont.ogg (28,10 K/S -   28 774 bytes)
[20:25:43] - [3] MIRKO.POZEN: Début du Téléchargement de: D:\kerberos.htx\gamez1\Supercow\data\audio\sounds\checkpont2.ogg
[20:25:43] - [3] MIRKO.POZEN: Fichier envoyé: D:\kerberos.htx\gamez1\Supercow\data\audio\sounds\checkpont2.ogg (48,66 K/S -   49 823 bytes)
[20:25:44] - [3] MIRKO.POZEN: Début du Téléchargement de: D:\kerberos.htx\gamez1\Supercow\data\audio\sounds\dog.ogg
[20:25:44] - [3] MIRKO.POZEN: Fichier envoyé: D:\kerberos.htx\gamez1\Supercow\data\audio\sounds\dog.ogg (15,10 K/S -   15 462 bytes)
[20:25:44] - [3] MIRKO.POZEN: Début du Téléchargement de: D:\kerberos.htx\gamez1\Supercow\data\audio\sounds\dogvoice.ogg
[20:25:44] - [3] MIRKO.POZEN: Fichier envoyé: D:\kerberos.htx\gamez1\Supercow\data\audio\sounds\dogvoice.ogg (10,25 K/S -   10 500 bytes)
[20:25:45] - [3] MIRKO.POZEN: Début du Téléchargement de: D:\kerberos.htx\gamez1\Supercow\data\audio\sounds\ExpSalute1.ogg
[20:25:45] - [3] MIRKO.POZEN: Fichier envoyé: D:\kerberos.htx\gamez1\Supercow\data\audio\sounds\ExpSalute1.ogg (28,01 K/S -   28 680 bytes)
[20:25:45] - [3] MIRKO.POZEN: Début du Téléchargement de: D:\kerberos.htx\gamez1\Supercow\data\audio\sounds\ExpSalute2.ogg
[20:25:45] - [3] MIRKO.POZEN: Fichier envoyé: D:\kerberos.htx\gamez1\Supercow\data\audio\sounds\ExpSalute2.ogg (24,45 K/S -   25 035 bytes)
[20:25:46] - [3] MIRKO.POZEN: Début du Téléchargement de: D:\kerberos.htx\gamez1\Supercow\data\audio\sounds\flycatcher.ogg
[20:25:46] - [3] MIRKO.POZEN: Fichier envoyé: D:\kerberos.htx\gamez1\Supercow\data\audio\sounds\flycatcher.ogg (5,99 K/S -   6 138 bytes)
[20:25:46] - [3] MIRKO.POZEN: Début du Téléchargement de: D:\kerberos.htx\gamez1\Supercow\data\audio\sounds\flycatcherbite.ogg
[20:25:46] - [3] MIRKO.POZEN: Fichier envoyé: D:\kerberos.htx\gamez1\Supercow\data\audio\sounds\flycatcherbite.ogg (8,29 K/S -   8 485 bytes)
[20:25:47] - [3] MIRKO.POZEN: Début du Téléchargement de: D:\kerberos.htx\gamez1\Supercow\data\audio\sounds\frog.ogg
[20:25:47] - [3] MIRKO.POZEN: Fichier envoyé: D:\kerberos.htx\gamez1\Supercow\data\audio\sounds\frog.ogg (8,08 K/S -   8 269 bytes)
[20:25:47] - [3] MIRKO.POZEN: Début du Téléchargement de: D:\kerberos.htx\gamez1\Supercow\data\audio\sounds\frogcrash.ogg
[20:25:47] - [3] MIRKO.POZEN: Fichier envoyé: D:\kerberos.htx\gamez1\Supercow\data\audio\sounds\frogcrash.ogg (12,98 K/S -   13 296 bytes)
[20:25:47] - [3] MIRKO.POZEN: Début du Téléchargement de: D:\kerberos.htx\gamez1\Supercow\data\audio\sounds\frogspitjump.ogg
[20:25:47] - [3] MIRKO.POZEN: Fichier envoyé: D:\kerberos.htx\gamez1\Supercow\data\audio\sounds\frogspitjump.ogg (6,99 K/S -   7 159 bytes)
[20:25:48] - [3] MIRKO.POZEN: Début du Téléchargement de: D:\kerberos.htx\gamez1\Supercow\data\audio\sounds\fruitdown.ogg
[20:25:48] - [3] MIRKO.POZEN: Fichier envoyé: D:\kerberos.htx\gamez1\Supercow\data\audio\sounds\fruitdown.ogg (7,11 K/S -   7 280 bytes)
[20:25:48] - [3] MIRKO.POZEN: Début du Téléchargement de: D:\kerberos.htx\gamez1\Supercow\data\audio\sounds\fruiteat.ogg
[20:25:48] - [3] MIRKO.POZEN: Fichier envoyé: D:\kerberos.htx\gamez1\Supercow\data\audio\sounds\fruiteat.ogg (7,84 K/S -   8 031 bytes)
[20:25:49] - [3] MIRKO.POZEN: Début du Téléchargement de: D:\kerberos.htx\gamez1\Supercow\data\audio\sounds\garbage1.ogg
[20:25:49] - [3] MIRKO.POZEN: Fichier envoyé: D:\kerberos.htx\gamez1\Supercow\data\audio\sounds\garbage1.ogg (13,09 K/S -   13 402 bytes)
[20:25:49] - [3] MIRKO.POZEN: Début du Téléchargement de: D:\kerberos.htx\gamez1\Supercow\data\audio\sounds\garbage2.ogg
[20:25:49] - [3] MIRKO.POZEN: Fichier envoyé: D:\kerberos.htx\gamez1\Supercow\data\audio\sounds\garbage2.ogg (14,31 K/S -   14 649 bytes)
[20:25:49] - [3] MIRKO.POZEN: Début du Téléchargement de: D:\kerberos.htx\gamez1\Supercow\data\audio\sounds\goat.ogg
[20:25:49] - [3] MIRKO.POZEN: Fichier envoyé: D:\kerberos.htx\gamez1\Supercow\data\audio\sounds\goat.ogg (21,22 K/S -   21 727 bytes)
[20:25:50] - [3] MIRKO.POZEN: Début du Téléchargement de: D:\kerberos.htx\gamez1\Supercow\data\audio\sounds\guillo1.ogg
[20:25:50] - [3] MIRKO.POZEN: Fichier envoyé: D:\kerberos.htx\gamez1\Supercow\data\audio\sounds\guillo1.ogg (35,59 K/S -   36 444 bytes)
[20:25:50] - [3] MIRKO.POZEN: Début du Téléchargement de: D:\kerberos.htx\gamez1\Supercow\data\audio\sounds\guillo2.ogg
[20:25:51] - [3] MIRKO.POZEN: Fichier envoyé: D:\kerberos.htx\gamez1\Supercow\data\audio\sounds\guillo2.ogg (32,39 K/S -   33 164 bytes)
[20:25:51] - [3] MIRKO.POZEN: Début du Téléchargement de: D:\kerberos.htx\gamez1\Supercow\data\audio\sounds\hedgehog.ogg
[20:25:51] - [3] MIRKO.POZEN: Fichier envoyé: D:\kerberos.htx\gamez1\Supercow\data\audio\sounds\hedgehog.ogg (18,14 K/S -   18 571 bytes)
[20:25:51] - [3] MIRKO.POZEN: Début du Téléchargement de: D:\kerberos.htx\gamez1\Supercow\data\audio\sounds\herojump.ogg
[20:25:52] - [3] MIRKO.POZEN: Fichier envoyé: D:\kerberos.htx\gamez1\Supercow\data\audio\sounds\herojump.ogg (13,01 K/S -   13 324 bytes)
[20:25:52] - [3] MIRKO.POZEN: Début du Téléchargement de: D:\kerberos.htx\gamez1\Supercow\data\audio\sounds\herojump1.ogg
[20:25:52] - [3] MIRKO.POZEN: Fichier envoyé: D:\kerberos.htx\gamez1\Supercow\data\audio\sounds\herojump1.ogg (13,01 K/S -   13 324 bytes)
[20:25:52] - [3] MIRKO.POZEN: Début du Téléchargement de: D:\kerberos.htx\gamez1\Supercow\data\audio\sounds\herojump2.ogg
[20:25:53] - [3] MIRKO.POZEN: Fichier envoyé: D:\kerberos.htx\gamez1\Supercow\data\audio\sounds\herojump2.ogg (11,97 K/S -   12 262 bytes)
[20:25:53] - [3] MIRKO.POZEN: Début du Téléchargement de: D:\kerberos.htx\gamez1\Supercow\data\audio\sounds\herojump3.ogg
[20:25:53] - [3] MIRKO.POZEN: Fichier envoyé: D:\kerberos.htx\gamez1\Supercow\data\audio\sounds\herojump3.ogg (11,81 K/S -   12 098 bytes)
[20:25:53] - [3] MIRKO.POZEN: Début du Téléchargement de: D:\kerberos.htx\gamez1\Supercow\data\audio\sounds\hurt1.ogg
[20:25:53] - [3] MIRKO.POZEN: Fichier envoyé: D:\kerberos.htx\gamez1\Supercow\data\audio\sounds\hurt1.ogg (5,42 K/S -   5 554 bytes)
[20:25:54] - [3] MIRKO.POZEN: Début du Téléchargement de: D:\kerberos.htx\gamez1\Supercow\data\audio\sounds\hurt2.ogg
[20:25:54] - [3] MIRKO.POZEN: Fichier envoyé: D:\kerberos.htx\gamez1\Supercow\data\audio\sounds\hurt2.ogg (5,36 K/S -   5 485 bytes)
[20:25:54] - [3] MIRKO.POZEN: Début du Téléchargement de: D:\kerberos.htx\gamez1\Supercow\data\audio\sounds\hurt3.ogg
[20:25:54] - [3] MIRKO.POZEN: Fichier envoyé: D:\kerberos.htx\gamez1\Supercow\data\audio\sounds\hurt3.ogg (5,96 K/S -   6 100 bytes)
[20:25:54] - [3] MIRKO.POZEN: Début du Téléchargement de: D:\kerberos.htx\gamez1\Supercow\data\audio\sounds\hurt4.ogg
[20:25:54] - [3] MIRKO.POZEN: Fichier envoyé: D:\kerberos.htx\gamez1\Supercow\data\audio\sounds\hurt4.ogg (6,83 K/S -   6 997 bytes)
[20:25:54] - [3] MIRKO.POZEN: Début du Téléchargement de: D:\kerberos.htx\gamez1\Supercow\data\audio\sounds\hurt5.ogg
[20:25:54] - [3] MIRKO.POZEN: Fichier envoyé: D:\kerberos.htx\gamez1\Supercow\data\audio\sounds\hurt5.ogg (6,84 K/S -   7 009 bytes)
[20:25:54] - [3] MIRKO.POZEN: Début du Téléchargement de: D:\kerberos.htx\gamez1\Supercow\data\audio\sounds\hurt6.ogg
[20:25:54] - [3] MIRKO.POZEN: Fichier envoyé: D:\kerberos.htx\gamez1\Supercow\data\audio\sounds\hurt6.ogg (5,38 K/S -   5 508 bytes)
[20:25:54] - [3] MIRKO.POZEN: Début du Téléchargement de: D:\kerberos.htx\gamez1\Supercow\data\audio\sounds\hurt7.ogg
[20:25:54] - [3] MIRKO.POZEN: Fichier envoyé: D:\kerberos.htx\gamez1\Supercow\data\audio\sounds\hurt7.ogg (7,27 K/S -   7 441 bytes)
[20:25:54] - [3] MIRKO.POZEN: Début du Téléchargement de: D:\kerberos.htx\gamez1\Supercow\data\audio\sounds\hyperstephero1.ogg
[20:25:54] - [3] MIRKO.POZEN: Fichier envoyé: D:\kerberos.htx\gamez1\Supercow\data\audio\sounds\hyperstephero1.ogg (8,72 K/S -   8 931 bytes)
[20:25:55] - [3] MIRKO.POZEN: Début du Téléchargement de: D:\kerberos.htx\gamez1\Supercow\data\audio\sounds\hyperstephero2.ogg
[20:25:55] - [3] MIRKO.POZEN: Fichier envoyé: D:\kerberos.htx\gamez1\Supercow\data\audio\sounds\hyperstephero2.ogg (9,20 K/S -   9 424 bytes)
[20:25:55] - [3] MIRKO.POZEN: Début du Téléchargement de: D:\kerberos.htx\gamez1\Supercow\data\audio\sounds\hyperstephero3.ogg
[20:25:55] - [3] MIRKO.POZEN: Fichier envoyé: D:\kerberos.htx\gamez1\Supercow\data\audio\sounds\hyperstephero3.ogg (9,56 K/S -   9 793 bytes)
[20:25:56] - [3] MIRKO.POZEN: Début du Téléchargement de: D:\kerberos.htx\gamez1\Supercow\data\audio\sounds\key.ogg
[20:25:56] - [3] MIRKO.POZEN: Fichier envoyé: D:\kerberos.htx\gamez1\Supercow\data\audio\sounds\key.ogg (12,01 K/S -   12 300 bytes)
[20:25:56] - [3] MIRKO.POZEN: Début du Téléchargement de: D:\kerberos.htx\gamez1\Supercow\data\audio\sounds\killmonster.ogg
[20:25:56] - [3] MIRKO.POZEN: Fichier envoyé: D:\kerberos.htx\gamez1\Supercow\data\audio\sounds\killmonster.ogg (7,04 K/S -   7 209 bytes)
[20:25:57] - [3] MIRKO.POZEN: Début du Téléchargement de: D:\kerberos.htx\gamez1\Supercow\data\audio\sounds\kiss.wav
[20:25:57] - [3] MIRKO.POZEN: Fichier envoyé: D:\kerberos.htx\gamez1\Supercow\data\audio\sounds\kiss.wav (33,98 K/S -   34 794 bytes)
[20:25:57] - [3] MIRKO.POZEN: Début du Téléchargement de: D:\kerberos.htx\gamez1\Supercow\data\audio\sounds\landing.ogg
[20:25:57] - [3] MIRKO.POZEN: Fichier envoyé: D:\kerberos.htx\gamez1\Supercow\data\audio\sounds\landing.ogg (5,75 K/S -   5 892 bytes)
[20:25:58] - [3] MIRKO.POZEN: Début du Téléchargement de: D:\kerberos.htx\gamez1\Supercow\data\audio\sounds\landinghard.ogg
[20:25:58] - [3] MIRKO.POZEN: Fichier envoyé: D:\kerberos.htx\gamez1\Supercow\data\audio\sounds\landinghard.ogg (8,22 K/S -   8 419 bytes)
[20:25:58] - [3] MIRKO.POZEN: Début du Téléchargement de: D:\kerberos.htx\gamez1\Supercow\data\audio\sounds\levelcomplete.ogg
[20:25:58] - [3] MIRKO.POZEN: Fichier envoyé: D:\kerberos.htx\gamez1\Supercow\data\audio\sounds\levelcomplete.ogg (49,01 K/S -   50 182 bytes)
[20:25:59] - [3] MIRKO.POZEN: Début du Téléchargement de: D:\kerberos.htx\gamez1\Supercow\data\audio\sounds\liana.ogg
[20:25:59] - [3] MIRKO.POZEN: Fichier envoyé: D:\kerberos.htx\gamez1\Supercow\data\audio\sounds\liana.ogg (25,24 K/S -   25 850 bytes)
[20:25:59] - [3] MIRKO.POZEN: Début du Téléchargement de: D:\kerberos.htx\gamez1\Supercow\data\audio\sounds\lightning.ogg
[20:25:59] - [3] MIRKO.POZEN: Fichier envoyé: D:\kerberos.htx\gamez1\Supercow\data\audio\sounds\lightning.ogg (27,18 K/S -   27 837 bytes)
[20:26:00] - [3] MIRKO.POZEN: Début du Téléchargement de: D:\kerberos.htx\gamez1\Supercow\data\audio\sounds\loadcomplete.ogg
[20:26:00] - [3] MIRKO.POZEN: Fichier envoyé: D:\kerberos.htx\gamez1\Supercow\data\audio\sounds\loadcomplete.ogg (42,13 K/S -   43 142 bytes)
[20:26:00] - [3] MIRKO.POZEN: Début du Téléchargement de: D:\kerberos.htx\gamez1\Supercow\data\audio\sounds\magic.ogg
[20:26:00] - [3] MIRKO.POZEN: Fichier envoyé: D:\kerberos.htx\gamez1\Supercow\data\audio\sounds\magic.ogg (73,39 K/S -   75 153 bytes)
[20:26:01] - [3] MIRKO.POZEN: Début du Téléchargement de: D:\kerberos.htx\gamez1\Supercow\data\audio\sounds\mapopenlevel.ogg
[20:26:01] - [3] MIRKO.POZEN: Fichier envoyé: D:\kerberos.htx\gamez1\Supercow\data\audio\sounds\mapopenlevel.ogg (38,64 K/S -   39 565 bytes)
[20:26:01] - [3] MIRKO.POZEN: Début du Téléchargement de: D:\kerberos.htx\gamez1\Supercow\data\audio\sounds\matrac.ogg
[20:26:01] - [3] MIRKO.POZEN: Fichier envoyé: D:\kerberos.htx\gamez1\Supercow\data\audio\sounds\matrac.ogg (12,27 K/S -   12 565 bytes)
[20:26:02] - [3] MIRKO.POZEN: Début du Téléchargement de: D:\kerberos.htx\gamez1\Supercow\data\audio\sounds\menu.ogg
[20:26:02] - [3] MIRKO.POZEN: Fichier envoyé: D:\kerberos.htx\gamez1\Supercow\data\audio\sounds\menu.ogg (5,41 K/S -   5 541 bytes)
[20:26:02] - [3] MIRKO.POZEN: Début du Téléchargement de: D:\kerberos.htx\gamez1\Supercow\data\audio\sounds\menu2.ogg
[20:26:02] - [3] MIRKO.POZEN: Fichier envoyé: D:\kerberos.htx\gamez1\Supercow\data\audio\sounds\menu2.ogg (4,65 K/S -   4 763 bytes)
[20:26:03] - [3] MIRKO.POZEN: Début du Téléchargement de: D:\kerberos.htx\gamez1\Supercow\data\audio\sounds\menu3.ogg
[20:26:03] - [3] MIRKO.POZEN: Fichier envoyé: D:\kerberos.htx\gamez1\Supercow\data\audio\sounds\menu3.ogg (12,85 K/S -   13 159 bytes)
[20:26:03] - [3] MIRKO.POZEN: Début du Téléchargement de: D:\kerberos.htx\gamez1\Supercow\data\audio\sounds\moledig.ogg
[20:26:03] - [3] MIRKO.POZEN: Fichier envoyé: D:\kerberos.htx\gamez1\Supercow\data\audio\sounds\moledig.ogg (14,64 K/S -   14 990 bytes)
[20:26:04] - [3] MIRKO.POZEN: Début du Téléchargement de: D:\kerberos.htx\gamez1\Supercow\data\audio\sounds\molestone.ogg
[20:26:04] - [3] MIRKO.POZEN: Fichier envoyé: D:\kerberos.htx\gamez1\Supercow\data\audio\sounds\molestone.ogg (10,31 K/S -   10 557 bytes)
[20:26:04] - [3] MIRKO.POZEN: Début du Téléchargement de: D:\kerberos.htx\gamez1\Supercow\data\audio\sounds\molestonecrash.ogg
[20:26:04] - [3] MIRKO.POZEN: Fichier envoyé: D:\kerberos.htx\gamez1\Supercow\data\audio\sounds\molestonecrash.ogg (14,56 K/S -   14 909 bytes)
[20:26:05] - [3] MIRKO.POZEN: Début du Téléchargement de: D:\kerberos.htx\gamez1\Supercow\data\audio\sounds\monsterdeath.ogg
[20:26:05] - [3] MIRKO.POZEN: Fichier envoyé: D:\kerberos.htx\gamez1\Supercow\data\audio\sounds\monsterdeath.ogg (6,40 K/S -   6 551 bytes)
[20:26:05] - [3] MIRKO.POZEN: Début du Téléchargement de: D:\kerberos.htx\gamez1\Supercow\data\audio\sounds\openexit.ogg
[20:26:05] - [3] MIRKO.POZEN: Fichier envoyé: D:\kerberos.htx\gamez1\Supercow\data\audio\sounds\openexit.ogg (21,04 K/S -   21 549 bytes)
[20:26:06] - [3] MIRKO.POZEN: Début du Téléchargement de: D:\kerberos.htx\gamez1\Supercow\data\audio\sounds\pan.ogg
[20:26:06] - [3] MIRKO.POZEN: Fichier envoyé: D:\kerberos.htx\gamez1\Supercow\data\audio\sounds\pan.ogg (57,31 K/S -   58 682 bytes)
[20:26:06] - [3] MIRKO.POZEN: Début du Téléchargement de: D:\kerberos.htx\gamez1\Supercow\data\audio\sounds\pigstep1.ogg
[20:26:06] - [3] MIRKO.POZEN: Fichier envoyé: D:\kerberos.htx\gamez1\Supercow\data\audio\sounds\pigstep1.ogg (9,19 K/S -   9 407 bytes)
[20:26:07] - [3] MIRKO.POZEN: Début du Téléchargement de: D:\kerberos.htx\gamez1\Supercow\data\audio\sounds\pigstep2.ogg
[20:26:07] - [3] MIRKO.POZEN: Fichier envoyé: D:\kerberos.htx\gamez1\Supercow\data\audio\sounds\pigstep2.ogg (8,69 K/S -   8 895 bytes)
[20:26:07] - [3] MIRKO.POZEN: Début du Téléchargement de: D:\kerberos.htx\gamez1\Supercow\data\audio\sounds\pigstep3.ogg
[20:26:07] - [3] MIRKO.POZEN: Fichier envoyé: D:\kerberos.htx\gamez1\Supercow\data\audio\sounds\pigstep3.ogg (10,84 K/S -   11 096 bytes)
[20:26:08] - [3] MIRKO.POZEN: Début du Téléchargement de: D:\kerberos.htx\gamez1\Supercow\data\audio\sounds\pigvoice.ogg
[20:26:08] - [3] MIRKO.POZEN: Fichier envoyé: D:\kerberos.htx\gamez1\Supercow\data\audio\sounds\pigvoice.ogg (22,24 K/S -   22 774 bytes)
[20:26:08] - [3] MIRKO.POZEN: Début du Téléchargement de: D:\kerberos.htx\gamez1\Supercow\data\audio\sounds\platform1.ogg
[20:26:08] - [3] MIRKO.POZEN: Fichier envoyé: D:\kerberos.htx\gamez1\Supercow\data\audio\sounds\platform1.ogg (25,33 K/S -   25 939 bytes)
[20:26:09] - [3] MIRKO.POZEN: Début du Téléchargement de: D:\kerberos.htx\gamez1\Supercow\data\audio\sounds\platform1stop.ogg
[20:26:09] - [3] MIRKO.POZEN: Fichier envoyé: D:\kerberos.htx\gamez1\Supercow\data\audio\sounds\platform1stop.ogg (9,06 K/S -   9 278 bytes)
[20:26:09] - [3] MIRKO.POZEN: Début du Téléchargement de: D:\kerberos.htx\gamez1\Supercow\data\audio\sounds\platform2.ogg
[20:26:09] - [3] MIRKO.POZEN: Fichier envoyé: D:\kerberos.htx\gamez1\Supercow\data\audio\sounds\platform2.ogg (17,12 K/S -   17 535 bytes)
[20:26:09] - [3] MIRKO.POZEN: Début du Téléchargement de: D:\kerberos.htx\gamez1\Supercow\data\audio\sounds\platform3.ogg
[20:26:09] - [3] MIRKO.POZEN: Fichier envoyé: D:\kerberos.htx\gamez1\Supercow\data\audio\sounds\platform3.ogg (21,65 K/S -   22 173 bytes)
[20:26:09] - [3] MIRKO.POZEN: Début du Téléchargement de: D:\kerberos.htx\gamez1\Supercow\data\audio\sounds\platform3stop.ogg
[20:26:10] - [3] MIRKO.POZEN: Fichier envoyé: D:\kerberos.htx\gamez1\Supercow\data\audio\sounds\platform3stop.ogg (8,65 K/S -   8 859 bytes)
[20:26:10] - [3] MIRKO.POZEN: Début du Téléchargement de: D:\kerberos.htx\gamez1\Supercow\data\audio\sounds\powerupfirmness.ogg
[20:26:10] - [3] MIRKO.POZEN: Fichier envoyé: D:\kerberos.htx\gamez1\Supercow\data\audio\sounds\powerupfirmness.ogg (23,11 K/S -   23 665 bytes)
[20:26:11] - [3] MIRKO.POZEN: Début du Téléchargement de: D:\kerberos.htx\gamez1\Supercow\data\audio\sounds\poweruphealth.ogg
[20:26:11] - [3] MIRKO.POZEN: Fichier envoyé: D:\kerberos.htx\gamez1\Supercow\data\audio\sounds\poweruphealth.ogg (25,38 K/S -   25 994 bytes)
[20:26:11] - [3] MIRKO.POZEN: Début du Téléchargement de: D:\kerberos.htx\gamez1\Supercow\data\audio\sounds\powerupkefir.ogg
[20:26:11] - [3] MIRKO.POZEN: Fichier envoyé: D:\kerberos.htx\gamez1\Supercow\data\audio\sounds\powerupkefir.ogg (19,99 K/S -   20 466 bytes)
[20:26:12] - [3] MIRKO.POZEN: Début du Téléchargement de: D:\kerberos.htx\gamez1\Supercow\data\audio\sounds\poweruplife.ogg
[20:26:12] - [3] MIRKO.POZEN: Fichier envoyé: D:\kerberos.htx\gamez1\Supercow\data\audio\sounds\poweruplife.ogg (60,45 K/S -   61 902 bytes)
[20:26:13] - [3] MIRKO.POZEN: Début du Téléchargement de: D:\kerberos.htx\gamez1\Supercow\data\audio\sounds\powerupmegajump.ogg
[20:26:13] - [3] MIRKO.POZEN: Fichier envoyé: D:\kerberos.htx\gamez1\Supercow\data\audio\sounds\powerupmegajump.ogg (44,78 K/S -   45 856 bytes)
[20:26:13] - [3] MIRKO.POZEN: Début du Téléchargement de: D:\kerberos.htx\gamez1\Supercow\data\audio\sounds\powerupshoe.ogg
[20:26:13] - [3] MIRKO.POZEN: Fichier envoyé: D:\kerberos.htx\gamez1\Supercow\data\audio\sounds\powerupshoe.ogg (6,75 K/S -   6 916 bytes)
[20:26:13] - [3] MIRKO.POZEN: Début du Téléchargement de: D:\kerberos.htx\gamez1\Supercow\data\audio\sounds\praise1.ogg
[20:26:14] - [3] MIRKO.POZEN: Fichier envoyé: D:\kerberos.htx\gamez1\Supercow\data\audio\sounds\praise1.ogg (43,75 K/S -   44 799 bytes)
[20:26:14] - [3] MIRKO.POZEN: Début du Téléchargement de: D:\kerberos.htx\gamez1\Supercow\data\audio\sounds\praise2.ogg
[20:26:14] - [3] MIRKO.POZEN: Fichier envoyé: D:\kerberos.htx\gamez1\Supercow\data\audio\sounds\praise2.ogg (57,33 K/S -   58 707 bytes)
[20:26:15] - [3] MIRKO.POZEN: Début du Téléchargement de: D:\kerberos.htx\gamez1\Supercow\data\audio\sounds\praise3.ogg
[20:26:15] - [3] MIRKO.POZEN: Fichier envoyé: D:\kerberos.htx\gamez1\Supercow\data\audio\sounds\praise3.ogg (50,52 K/S -   51 731 bytes)
[20:26:16] - [3] MIRKO.POZEN: Début du Téléchargement de: D:\kerberos.htx\gamez1\Supercow\data\audio\sounds\profretort.ogg
[20:26:16] - [3] MIRKO.POZEN: Fichier envoyé: D:\kerberos.htx\gamez1\Supercow\data\audio\sounds\profretort.ogg (9,03 K/S -   9 249 bytes)
[20:26:16] - [3] MIRKO.POZEN: Début du Téléchargement de: D:\kerberos.htx\gamez1\Supercow\data\audio\sounds\profretortflight.ogg
[20:26:16] - [3] MIRKO.POZEN: Fichier envoyé: D:\kerberos.htx\gamez1\Supercow\data\audio\sounds\profretortflight.ogg (23,36 K/S -   23 922 bytes)
[20:26:16] - [3] MIRKO.POZEN: Début du Téléchargement de: D:\kerberos.htx\gamez1\Supercow\data\audio\sounds\rake.ogg
[20:26:16] - [3] MIRKO.POZEN: Fichier envoyé: D:\kerberos.htx\gamez1\Supercow\data\audio\sounds\rake.ogg (9,12 K/S -   9 334 bytes)
[20:26:16] - [3] MIRKO.POZEN: Début du Téléchargement de: D:\kerberos.htx\gamez1\Supercow\data\audio\sounds\raven.ogg
[20:26:16] - [3] MIRKO.POZEN: Fichier envoyé: D:\kerberos.htx\gamez1\Supercow\data\audio\sounds\raven.ogg (9,57 K/S -   9 802 bytes)
[20:26:17] - [3] MIRKO.POZEN: Début du Téléchargement de: D:\kerberos.htx\gamez1\Supercow\data\audio\sounds\ravenvoice.ogg
[20:26:17] - [3] MIRKO.POZEN: Fichier envoyé: D:\kerberos.htx\gamez1\Supercow\data\audio\sounds\ravenvoice.ogg (9,56 K/S -   9 786 bytes)
[20:26:17] - [3] MIRKO.POZEN: Début du Téléchargement de: D:\kerberos.htx\gamez1\Supercow\data\audio\sounds\secretfound.ogg
[20:26:17] - [3] MIRKO.POZEN: Fichier envoyé: D:\kerberos.htx\gamez1\Supercow\data\audio\sounds\secretfound.ogg (61,78 K/S -   63 266 bytes)
[20:26:17] - [3] MIRKO.POZEN: Début du Téléchargement de: D:\kerberos.htx\gamez1\Supercow\data\audio\sounds\spider.ogg
[20:26:17] - [3] MIRKO.POZEN: Fichier envoyé: D:\kerberos.htx\gamez1\Supercow\data\audio\sounds\spider.ogg (25,67 K/S -   26 288 bytes)
[20:26:18] - [3] MIRKO.POZEN: Début du Téléchargement de: D:\kerberos.htx\gamez1\Supercow\data\audio\sounds\spring.ogg
[20:26:18] - [3] MIRKO.POZEN: Fichier envoyé: D:\kerberos.htx\gamez1\Supercow\data\audio\sounds\spring.ogg (8,95 K/S -   9 164 bytes)
[20:26:18] - [3] MIRKO.POZEN: Début du Téléchargement de: D:\kerberos.htx\gamez1\Supercow\data\audio\sounds\stats0.ogg
[20:26:18] - [3] MIRKO.POZEN: Fichier envoyé: D:\kerberos.htx\gamez1\Supercow\data\audio\sounds\stats0.ogg (10,57 K/S -   10 825 bytes)
[20:26:19] - [3] MIRKO.POZEN: Début du Téléchargement de: D:\kerberos.htx\gamez1\Supercow\data\audio\sounds\stats1.ogg
[20:26:19] - [3] MIRKO.POZEN: Fichier envoyé: D:\kerberos.htx\gamez1\Supercow\data\audio\sounds\stats1.ogg (11,83 K/S -   12 114 bytes)
[20:26:19] - [3] MIRKO.POZEN: Début du Téléchargement de: D:\kerberos.htx\gamez1\Supercow\data\audio\sounds\stats2.ogg
[20:26:19] - [3] MIRKO.POZEN: Fichier envoyé: D:\kerberos.htx\gamez1\Supercow\data\audio\sounds\stats2.ogg (12,47 K/S -   12 765 bytes)
[20:26:20] - [3] MIRKO.POZEN: Début du Téléchargement de: D:\kerberos.htx\gamez1\Supercow\data\audio\sounds\stats3.ogg
[20:26:20] - [3] MIRKO.POZEN: Fichier envoyé: D:\kerberos.htx\gamez1\Supercow\data\audio\sounds\stats3.ogg (11,50 K/S -   11 779 bytes)
[20:26:20] - [3] MIRKO.POZEN: Début du Téléchargement de: D:\kerberos.htx\gamez1\Supercow\data\audio\sounds\stats4.ogg
[20:26:20] - [3] MIRKO.POZEN: Fichier envoyé: D:\kerberos.htx\gamez1\Supercow\data\audio\sounds\stats4.ogg (11,59 K/S -   11 866 bytes)
[20:26:21] - [3] MIRKO.POZEN: Début du Téléchargement de: D:\kerberos.htx\gamez1\Supercow\data\audio\sounds\stats5.ogg
[20:26:21] - [3] MIRKO.POZEN: Fichier envoyé: D:\kerberos.htx\gamez1\Supercow\data\audio\sounds\stats5.ogg (20,05 K/S -   20 530 bytes)
[20:26:21] - [3] MIRKO.POZEN: Début du Téléchargement de: D:\kerberos.htx\gamez1\Supercow\data\audio\sounds\stephero1.ogg
[20:26:21] - [3] MIRKO.POZEN: Fichier envoyé: D:\kerberos.htx\gamez1\Supercow\data\audio\sounds\stephero1.ogg (7,18 K/S -   7 357 bytes)
[20:26:22] - [3] MIRKO.POZEN: Début du Téléchargement de: D:\kerberos.htx\gamez1\Supercow\data\audio\sounds\stephero2.ogg
[20:26:22] - [3] MIRKO.POZEN: Fichier envoyé: D:\kerberos.htx\gamez1\Supercow\data\audio\sounds\stephero2.ogg (6,74 K/S -   6 903 bytes)
[20:26:22] - [3] MIRKO.POZEN: Début du Téléchargement de: D:\kerberos.htx\gamez1\Supercow\data\audio\sounds\stephero3.ogg
[20:26:22] - [3] MIRKO.POZEN: Fichier envoyé: D:\kerberos.htx\gamez1\Supercow\data\audio\sounds\stephero3.ogg (7,08 K/S -   7 250 bytes)
[20:26:23] - [3] MIRKO.POZEN: Début du Téléchargement de: D:\kerberos.htx\gamez1\Supercow\data\audio\sounds\taskcompleted.ogg
[20:26:23] - [3] MIRKO.POZEN: Fichier envoyé: D:\kerberos.htx\gamez1\Supercow\data\audio\sounds\taskcompleted.ogg (48,74 K/S -   49 909 bytes)
[20:26:23] - [3] MIRKO.POZEN: Début du Téléchargement de: D:\kerberos.htx\gamez1\Supercow\data\audio\sounds\tip.ogg
[20:26:23] - [3] MIRKO.POZEN: Fichier envoyé: D:\kerberos.htx\gamez1\Supercow\data\audio\sounds\tip.ogg (10,35 K/S -   10 599 bytes)
[20:26:24] - [3] MIRKO.POZEN: Début du Téléchargement de: D:\kerberos.htx\gamez1\Supercow\data\audio\sounds\trampo.ogg
[20:26:24] - [3] MIRKO.POZEN: Fichier envoyé: D:\kerberos.htx\gamez1\Supercow\data\audio\sounds\trampo.ogg (8,12 K/S -   8 317 bytes)
[20:26:24] - [3] MIRKO.POZEN: Début du Téléchargement de: D:\kerberos.htx\gamez1\Supercow\data\audio\sounds\wasp.ogg
[20:26:24] - [3] MIRKO.POZEN: Fichier envoyé: D:\kerberos.htx\gamez1\Supercow\data\audio\sounds\wasp.ogg (56,98 K/S -   58 349 bytes)
[20:26:25] - [3] MIRKO.POZEN: Début du Téléchargement de: D:\kerberos.htx\gamez1\Supercow\data\audio\sounds\waterfall.ogg
[20:26:25] - [3] MIRKO.POZEN: Fichier envoyé: D:\kerberos.htx\gamez1\Supercow\data\audio\sounds\waterfall.ogg (49,22 K/S -   50 402 bytes)
[20:26:25] - [3] MIRKO.POZEN: Début du Téléchargement de: D:\kerberos.htx\gamez1\Supercow\data\audio\sounds\whistle.ogg
[20:26:25] - [3] MIRKO.POZEN: Fichier envoyé: D:\kerberos.htx\gamez1\Supercow\data\audio\sounds\whistle.ogg (42,37 K/S -   43 390 bytes)
[20:26:26] - [3] MIRKO.POZEN: Début du Téléchargement de: D:\kerberos.htx\gamez1\Supercow\data\audio\sounds\write1.ogg
[20:26:26] - [3] MIRKO.POZEN: Fichier envoyé: D:\kerberos.htx\gamez1\Supercow\data\audio\sounds\write1.ogg (9,00 K/S -   9 215 bytes)
[20:26:26] - [3] MIRKO.POZEN: Début du Téléchargement de: D:\kerberos.htx\gamez1\Supercow\data\audio\sounds\write2.ogg
[20:26:27] - [3] MIRKO.POZEN: Fichier envoyé: D:\kerberos.htx\gamez1\Supercow\data\audio\sounds\write2.ogg (7,56 K/S -   7 740 bytes)
[20:26:27] - [3] MIRKO.POZEN: Début du Téléchargement de: D:\kerberos.htx\gamez1\Supercow\data\audio\sounds\write3.ogg
[20:26:27] - [3] MIRKO.POZEN: Fichier envoyé: D:\kerberos.htx\gamez1\Supercow\data\audio\sounds\write3.ogg (8,32 K/S -   8 518 bytes)
[20:26:27] - [3] MIRKO.POZEN: Début du Téléchargement de: D:\kerberos.htx\gamez1\Supercow\data\audio\sounds\write4.ogg
[20:26:27] - [3] MIRKO.POZEN: Fichier envoyé: D:\kerberos.htx\gamez1\Supercow\data\audio\sounds\write4.ogg (7,40 K/S -   7 582 bytes)
[20:26:28] - [3] MIRKO.POZEN: Début du Téléchargement de: D:\kerberos.htx\gamez1\Supercow\data\audio\sounds\write5.ogg
[20:26:28] - [3] MIRKO.POZEN: Fichier envoyé: D:\kerberos.htx\gamez1\Supercow\data\audio\sounds\write5.ogg (8,71 K/S -   8 923 bytes)
[20:26:28] - [3] MIRKO.POZEN: Début du Téléchargement de: D:\kerberos.htx\gamez1\Supercow\data\audio\sounds\write6.ogg
[20:26:28] - [3] MIRKO.POZEN: Fichier envoyé: D:\kerberos.htx\gamez1\Supercow\data\audio\sounds\write6.ogg (7,14 K/S -   7 312 bytes)
[20:26:29] - [3] MIRKO.POZEN: Début du Téléchargement de: D:\kerberos.htx\gamez1\Supercow\data\audio\sounds\write7.ogg
[20:26:29] - [3] MIRKO.POZEN: Fichier envoyé: D:\kerberos.htx\gamez1\Supercow\data\audio\sounds\write7.ogg (5,83 K/S -   5 971 bytes)
[20:26:29] - [3] MIRKO.POZEN: Début du Téléchargement de: D:\kerberos.htx\gamez1\Supercow\data\audio\sounds\yahoo.ogg
[20:26:29] - [3] MIRKO.POZEN: Fichier envoyé: D:\kerberos.htx\gamez1\Supercow\data\audio\sounds\yahoo.ogg (28,00 K/S -   28 671 bytes)
[20:26:29] - [3] MIRKO.POZEN: Répertoire en Cours: D:\kerberos.htx\gamez1\Supercow\data\audio\music\
[20:26:30] - [3] MIRKO.POZEN: Début du Téléchargement de: D:\kerberos.htx\gamez1\Supercow\data\audio\music\boss.ogg
[20:26:31] - [3] MIRKO.POZEN: Fichier envoyé: D:\kerberos.htx\gamez1\Supercow\data\audio\music\boss.ogg (123,82 K/S -   253 574 bytes)
[20:26:32] - [3] MIRKO.POZEN: Début du Téléchargement de: D:\kerberos.htx\gamez1\Supercow\data\audio\music\credits.ogg
[20:26:32] - [3] MIRKO.POZEN: Fichier envoyé: D:\kerberos.htx\gamez1\Supercow\data\audio\music\credits.ogg (165,36 K/S -   169 329 bytes)
[20:26:33] - [3] MIRKO.POZEN: Début du Téléchargement de: D:\kerberos.htx\gamez1\Supercow\data\audio\music\game1.ogg
[20:26:34] - [3] MIRKO.POZEN: Fichier envoyé: D:\kerberos.htx\gamez1\Supercow\data\audio\music\game1.ogg (413,09 K/S -   423 005 bytes)
[20:26:34] - [3] MIRKO.POZEN: Début du Téléchargement de: D:\kerberos.htx\gamez1\Supercow\data\audio\music\game2.ogg
[20:26:35] - [3] MIRKO.POZEN: Fichier envoyé: D:\kerberos.htx\gamez1\Supercow\data\audio\music\game2.ogg (660,31 K/S -   676 154 bytes)
[20:26:35] - [3] MIRKO.POZEN: Début du Téléchargement de: D:\kerberos.htx\gamez1\Supercow\data\audio\music\game3.ogg
[20:26:37] - [3] MIRKO.POZEN: Fichier envoyé: D:\kerberos.htx\gamez1\Supercow\data\audio\music\game3.ogg (593,50 K/S -   607 741 bytes)
[20:26:37] - [3] MIRKO.POZEN: Début du Téléchargement de: D:\kerberos.htx\gamez1\Supercow\data\audio\music\game4.ogg
[20:26:39] - [3] MIRKO.POZEN: Fichier envoyé: D:\kerberos.htx\gamez1\Supercow\data\audio\music\game4.ogg (299,84 K/S -   614 074 bytes)
[20:26:40] - [3] MIRKO.POZEN: Début du Téléchargement de: D:\kerberos.htx\gamez1\Supercow\data\audio\music\game5.ogg
[20:26:41] - [3] MIRKO.POZEN: Fichier envoyé: D:\kerberos.htx\gamez1\Supercow\data\audio\music\game5.ogg (513,85 K/S -   526 179 bytes)
[20:26:42] - [3] MIRKO.POZEN: Début du Téléchargement de: D:\kerberos.htx\gamez1\Supercow\data\audio\music\map.ogg
[20:26:42] - [3] MIRKO.POZEN: Fichier envoyé: D:\kerberos.htx\gamez1\Supercow\data\audio\music\map.ogg (170,53 K/S -   174 622 bytes)
[20:26:42] - [3] MIRKO.POZEN: Début du Téléchargement de: D:\kerberos.htx\gamez1\Supercow\data\audio\music\menu.ogg
[20:26:43] - [3] MIRKO.POZEN: Fichier envoyé: D:\kerberos.htx\gamez1\Supercow\data\audio\music\menu.ogg (409,51 K/S -   419 339 bytes)
[20:26:43] - [3] MIRKO.POZEN: Répertoire en Cours: D:\kerberos.htx\gamez1\Supercow\data\animbacks\
[20:26:44] - [3] MIRKO.POZEN: Début du Téléchargement de: D:\kerberos.htx\gamez1\Supercow\data\animbacks\animbackobjs.txt
[20:26:44] - [3] MIRKO.POZEN: Fichier envoyé: D:\kerberos.htx\gamez1\Supercow\data\animbacks\animbackobjs.txt (0,39 K/S -    399 bytes)
[20:26:44] - [3] MIRKO.POZEN: Début du Téléchargement de: D:\kerberos.htx\gamez1\Supercow\data\animbacks\level0.lev
[20:26:44] - [3] MIRKO.POZEN: Fichier envoyé: D:\kerberos.htx\gamez1\Supercow\data\animbacks\level0.lev (2,42 K/S -   2 473 bytes)
[20:26:45] - [3] MIRKO.POZEN: Début du Téléchargement de: D:\kerberos.htx\gamez1\Supercow\data\animbacks\sky3.jpg
[20:26:45] - [3] MIRKO.POZEN: Fichier envoyé: D:\kerberos.htx\gamez1\Supercow\data\animbacks\sky3.jpg (43,90 K/S -   44 957 bytes)
[20:26:45] - [3] MIRKO.POZEN: Début du Téléchargement de: D:\kerberos.htx\gamez1\Supercow\data\animbacks\spray0.jpg
[20:26:45] - [3] MIRKO.POZEN: Fichier envoyé: D:\kerberos.htx\gamez1\Supercow\data\animbacks\spray0.jpg (5,04 K/S -   5 165 bytes)
[20:26:46] - [3] MIRKO.POZEN: Début du Téléchargement de: D:\kerberos.htx\gamez1\Supercow\data\animbacks\water0.jpg
[20:26:46] - [3] MIRKO.POZEN: Fichier envoyé: D:\kerberos.htx\gamez1\Supercow\data\animbacks\water0.jpg (83,70 K/S -   85 705 bytes)
[20:26:46] - [3] MIRKO.POZEN: Début du Téléchargement de: D:\kerberos.htx\gamez1\Supercow\data\animbacks\waterfall0.jpg
[20:26:46] - [3] MIRKO.POZEN: Fichier envoyé: D:\kerberos.htx\gamez1\Supercow\data\animbacks\waterfall0.jpg (24,45 K/S -   25 039 bytes)
[20:26:47] - [3] MIRKO.POZEN: Début du Téléchargement de: D:\kerberos.htx\gamez1\Supercow\data\animbacks\waterfall1.jpg
[20:26:47] - [3] MIRKO.POZEN: Fichier envoyé: D:\kerberos.htx\gamez1\Supercow\data\animbacks\waterfall1.jpg (55,91 K/S -   57 250 bytes)
[20:26:48] - [3] MIRKO.POZEN: Début du Téléchargement de: D:\kerberos.htx\gamez1\Supercow\data\animbacks\waterfall2.jpg
[20:26:48] - [3] MIRKO.POZEN: Fichier envoyé: D:\kerberos.htx\gamez1\Supercow\data\animbacks\waterfall2.jpg (23,39 K/S -   23 949 bytes)
[20:26:48] - [3] MIRKO.POZEN: Début du Téléchargement de: D:\kerberos.htx\gamez1\Supercow\data\animbacks\_a_art_007.jpg
[20:26:48] - [3] MIRKO.POZEN: Fichier envoyé: D:\kerberos.htx\gamez1\Supercow\data\animbacks\_a_art_007.jpg (81,75 K/S -   83 711 bytes)
[20:26:49] - [3] MIRKO.POZEN: Début du Téléchargement de: D:\kerberos.htx\gamez1\Supercow\data\animbacks\_a_art_031.jpg
[20:26:49] - [3] MIRKO.POZEN: Fichier envoyé: D:\kerberos.htx\gamez1\Supercow\data\animbacks\_a_art_031.jpg (83,12 K/S -   85 111 bytes)
[20:26:50] - [3] MIRKO.POZEN: Début du Téléchargement de: D:\kerberos.htx\gamez1\Supercow\data\animbacks\_a_back0.jpg
[20:26:51] - [3] MIRKO.POZEN: Fichier envoyé: D:\kerberos.htx\gamez1\Supercow\data\animbacks\_a_back0.jpg (657,82 K/S -   673 609 bytes)
[20:26:52] - [3] MIRKO.POZEN: Début du Téléchargement de: D:\kerberos.htx\gamez1\Supercow\data\animbacks\_a_trawa1.jpg
[20:26:52] - [3] MIRKO.POZEN: Fichier envoyé: D:\kerberos.htx\gamez1\Supercow\data\animbacks\_a_trawa1.jpg (1,86 K/S -   1 900 bytes)
[20:26:52] - [3] MIRKO.POZEN: Début du Téléchargement de: D:\kerberos.htx\gamez1\Supercow\data\animbacks\_a_trawa2.jpg
[20:26:52] - [3] MIRKO.POZEN: Fichier envoyé: D:\kerberos.htx\gamez1\Supercow\data\animbacks\_a_trawa2.jpg (1,70 K/S -   1 738 bytes)
[20:26:52] - [3] MIRKO.POZEN: Répertoire en Cours: D:\kerberos.htx\gamez1\The island - Castaway 2 -RD09\
[20:26:53] - [3] MIRKO.POZEN: Début du Téléchargement de: D:\kerberos.htx\gamez1\The island - Castaway 2 -RD09\bass.dll
[20:26:54] - [3] MIRKO.POZEN: Fichier envoyé: D:\kerberos.htx\gamez1\The island - Castaway 2 -RD09\bass.dll (96,55 K/S -   98 872 bytes)
[20:26:55] - [3] MIRKO.POZEN: Début du Téléchargement de: D:\kerberos.htx\gamez1\The island - Castaway 2 -RD09\bass_fx.dll
[20:26:55] - [3] MIRKO.POZEN: Fichier envoyé: D:\kerberos.htx\gamez1\The island - Castaway 2 -RD09\bass_fx.dll (29,09 K/S -   29 784 bytes)
[20:26:55] - [3] MIRKO.POZEN: Début du Téléchargement de: D:\kerberos.htx\gamez1\The island - Castaway 2 -RD09\BugTrap.dll
[20:26:56] - [3] MIRKO.POZEN: Fichier envoyé: D:\kerberos.htx\gamez1\The island - Castaway 2 -RD09\BugTrap.dll (270,50 K/S -   276 992 bytes)
[20:26:56] - [3] MIRKO.POZEN: Début du Téléchargement de: D:\kerberos.htx\gamez1\The island - Castaway 2 -RD09\Data.grp
[20:36:49] - [2] MIRKO.POZEN: Fichier envoyé: D:\kerberos.htx\gamez1\RollerCoaster_Tycoon_3_Premium\RollerCoaster_Tycoon_3_Premium_+_2_Extension.rar (505,49 K/S -  692 064 161 bytes)
[20:36:49] - [2] MIRKO.POZEN: Répertoire en Cours: D:\kerberos.htx\gamez1\The island - Castaway 2 -RD09\
[20:36:49] - [2] MIRKO.POZEN: Début du Téléchargement de: D:\kerberos.htx\gamez1\The island - Castaway 2 -RD09\dbghelp.dll
[20:36:51] - [2] MIRKO.POZEN: Fichier envoyé: D:\kerberos.htx\gamez1\The island - Castaway 2 -RD09\dbghelp.dll (522,26 K/S -  1 069 584 bytes)
[20:36:51] - [2] MIRKO.POZEN: Début du Téléchargement de: D:\kerberos.htx\gamez1\The island - Castaway 2 -RD09\freetype6.dll
[20:36:52] - [2] MIRKO.POZEN: Fichier envoyé: D:\kerberos.htx\gamez1\The island - Castaway 2 -RD09\freetype6.dll (510,00 K/S -   522 240 bytes)
[20:36:52] - [2] MIRKO.POZEN: Début du Téléchargement de: D:\kerberos.htx\gamez1\The island - Castaway 2 -RD09\gameinst.xml
[20:36:52] - [2] MIRKO.POZEN: Fichier envoyé: D:\kerberos.htx\gamez1\The island - Castaway 2 -RD09\gameinst.xml (0,19 K/S -    194 bytes)
[20:36:53] - [2] MIRKO.POZEN: Début du Téléchargement de: D:\kerberos.htx\gamez1\The island - Castaway 2 -RD09\Localisation.lbm
[20:36:53] - [2] MIRKO.POZEN: Fichier envoyé: D:\kerberos.htx\gamez1\The island - Castaway 2 -RD09\Localisation.lbm (71,52 K/S -   73 238 bytes)
[20:36:53] - [2] MIRKO.POZEN: Début du Téléchargement de: D:\kerberos.htx\gamez1\The island - Castaway 2 -RD09\Version.txt
[20:36:53] - [2] MIRKO.POZEN: Fichier envoyé: D:\kerberos.htx\gamez1\The island - Castaway 2 -RD09\Version.txt (0,06 K/S -    61 bytes)
[20:36:53] - [2] MIRKO.POZEN: Début du Téléchargement de: D:\kerberos.htx\gamez1\The island - Castaway 2 -RD09\zlib1.dll
[20:36:53] - [2] MIRKO.POZEN: Fichier envoyé: D:\kerberos.htx\gamez1\The island - Castaway 2 -RD09\zlib1.dll (70,50 K/S -   72 192 bytes)
[20:36:54] - [2] MIRKO.POZEN: Début du Téléchargement de: D:\kerberos.htx\gamez1\The island - Castaway 2 -RD09\ZY-TheIsland2.exe
[20:37:03] - [2] MIRKO.POZEN: Fichier envoyé: D:\kerberos.htx\gamez1\The island - Castaway 2 -RD09\ZY-TheIsland2.exe (314,40 K/S -  3 219 456 bytes)
[20:37:03] - [2] MIRKO.POZEN: Répertoire en Cours: D:\kerberos.htx\gamez1\The island - Castaway 2 -RD09\ExternalIntro\
[20:37:04] - [2] MIRKO.POZEN: Début du Téléchargement de: D:\kerberos.htx\gamez1\The island - Castaway 2 -RD09\ExternalIntro\Intro.ini
[20:37:04] - [2] MIRKO.POZEN: Fichier envoyé: D:\kerberos.htx\gamez1\The island - Castaway 2 -RD09\ExternalIntro\Intro.ini (0,12 K/S -    125 bytes)
[20:37:04] - [2] MIRKO.POZEN: Début du Téléchargement de: D:\kerberos.htx\gamez1\The island - Castaway 2 -RD09\ExternalIntro\intro.txt
[20:37:04] - [2] MIRKO.POZEN: Fichier envoyé: D:\kerberos.htx\gamez1\The island - Castaway 2 -RD09\ExternalIntro\intro.txt (0,06 K/S -    66 bytes)
[20:37:05] - [2] MIRKO.POZEN: Début du Téléchargement de: D:\kerberos.htx\gamez1\The island - Castaway 2 -RD09\ExternalIntro\splash.jpg
[20:37:05] - [2] MIRKO.POZEN: Fichier envoyé: D:\kerberos.htx\gamez1\The island - Castaway 2 -RD09\ExternalIntro\splash.jpg (34,16 K/S -   34 978 bytes)
[20:37:05] - [2] MIRKO.POZEN: Répertoire en Cours: D:\kerberos.htx\gamez1\The island - Castaway 2 -RD09\DebugLogs\
[20:37:05] - [2] MIRKO.POZEN: Début du Téléchargement de: D:\kerberos.htx\gamez1\The island - Castaway 2 -RD09\DebugLogs\Debug0000.log
[20:37:05] - [2] MIRKO.POZEN: Fichier envoyé: D:\kerberos.htx\gamez1\The island - Castaway 2 -RD09\DebugLogs\Debug0000.log (4,89 K/S -   5 004 bytes)
[20:37:05] - [2] MIRKO.POZEN: Répertoire en Cours: D:\kerberos.htx\gamez1\The island - Castaway 2 -RD09\DebugLogs\Zip\
[20:37:06] - [2] MIRKO.POZEN: Début du Téléchargement de: D:\kerberos.htx\gamez1\The island - Castaway 2 -RD09\DebugLogs\Zip\Fri_Oct_02_18-20-17_2015.zip
[20:37:06] - [2] MIRKO.POZEN: Fichier envoyé: D:\kerberos.htx\gamez1\The island - Castaway 2 -RD09\DebugLogs\Zip\Fri_Oct_02_18-20-17_2015.zip (18,26 K/S -   18 701 bytes)
[20:37:06] - [2] MIRKO.POZEN: Début du Téléchargement de: D:\kerberos.htx\gamez1\The island - Castaway 2 -RD09\DebugLogs\Zip\Fri_Oct_30_11-30-53_2015.zip
[20:37:06] - [2] MIRKO.POZEN: Fichier envoyé: D:\kerberos.htx\gamez1\The island - Castaway 2 -RD09\DebugLogs\Zip\Fri_Oct_30_11-30-53_2015.zip (17,53 K/S -   17 946 bytes)
[20:37:06] - [2] MIRKO.POZEN: Début du Téléchargement de: D:\kerberos.htx\gamez1\The island - Castaway 2 -RD09\DebugLogs\Zip\Fri_Oct_30_11-35-08_2015.zip
[20:37:06] - [2] MIRKO.POZEN: Fichier envoyé: D:\kerberos.htx\gamez1\The island - Castaway 2 -RD09\DebugLogs\Zip\Fri_Oct_30_11-35-08_2015.zip (8,68 K/S -   8 892 bytes)
[20:37:06] - [2] MIRKO.POZEN: Début du Téléchargement de: D:\kerberos.htx\gamez1\The island - Castaway 2 -RD09\DebugLogs\Zip\Fri_Oct_30_11-43-31_2015.zip
[20:37:06] - [2] MIRKO.POZEN: Fichier envoyé: D:\kerberos.htx\gamez1\The island - Castaway 2 -RD09\DebugLogs\Zip\Fri_Oct_30_11-43-31_2015.zip (8,10 K/S -   8 297 bytes)
[20:37:06] - [2] MIRKO.POZEN: Début du Téléchargement de: D:\kerberos.htx\gamez1\The island - Castaway 2 -RD09\DebugLogs\Zip\Fri_Sep_25_21-16-21_2015.zip
[20:37:07] - [2] MIRKO.POZEN: Fichier envoyé: D:\kerberos.htx\gamez1\The island - Castaway 2 -RD09\DebugLogs\Zip\Fri_Sep_25_21-16-21_2015.zip (15,09 K/S -   15 457 bytes)
[20:37:07] - [2] MIRKO.POZEN: Début du Téléchargement de: D:\kerberos.htx\gamez1\The island - Castaway 2 -RD09\DebugLogs\Zip\Mon_Sep_28_18-31-20_2015.zip
[20:37:07] - [2] MIRKO.POZEN: Fichier envoyé: D:\kerberos.htx\gamez1\The island - Castaway 2 -RD09\DebugLogs\Zip\Mon_Sep_28_18-31-20_2015.zip (17,69 K/S -   18 111 bytes)
[20:37:07] - [2] MIRKO.POZEN: Début du Téléchargement de: D:\kerberos.htx\gamez1\The island - Castaway 2 -RD09\DebugLogs\Zip\Sat_Apr_16_17-28-56_2016.zip
[20:37:07] - [2] MIRKO.POZEN: Fichier envoyé: D:\kerberos.htx\gamez1\The island - Castaway 2 -RD09\DebugLogs\Zip\Sat_Apr_16_17-28-56_2016.zip (0,29 K/S -    294 bytes)
[20:37:07] - [2] MIRKO.POZEN: Début du Téléchargement de: D:\kerberos.htx\gamez1\The island - Castaway 2 -RD09\DebugLogs\Zip\Sat_Apr_16_17-37-35_2016.zip
[20:37:07] - [2] MIRKO.POZEN: Fichier envoyé: D:\kerberos.htx\gamez1\The island - Castaway 2 -RD09\DebugLogs\Zip\Sat_Apr_16_17-37-35_2016.zip (51,22 K/S -   52 447 bytes)
[20:37:07] - [2] MIRKO.POZEN: Début du Téléchargement de: D:\kerberos.htx\gamez1\The island - Castaway 2 -RD09\DebugLogs\Zip\Sat_Dec_19_13-13-16_2015.zip
[20:37:08] - [2] MIRKO.POZEN: Fichier envoyé: D:\kerberos.htx\gamez1\The island - Castaway 2 -RD09\DebugLogs\Zip\Sat_Dec_19_13-13-16_2015.zip (1,44 K/S -   1 472 bytes)
[20:37:08] - [2] MIRKO.POZEN: Début du Téléchargement de: D:\kerberos.htx\gamez1\The island - Castaway 2 -RD09\DebugLogs\Zip\Sat_Jan_25_16-54-48_2014.zip
[20:37:08] - [2] MIRKO.POZEN: Fichier envoyé: D:\kerberos.htx\gamez1\The island - Castaway 2 -RD09\DebugLogs\Zip\Sat_Jan_25_16-54-48_2014.zip (64,78 K/S -   66 331 bytes)
[20:37:09] - [2] MIRKO.POZEN: Début du Téléchargement de: D:\kerberos.htx\gamez1\The island - Castaway 2 -RD09\DebugLogs\Zip\Sat_Nov_07_10-54-33_2015.zip
[20:37:09] - [2] MIRKO.POZEN: Fichier envoyé: D:\kerberos.htx\gamez1\The island - Castaway 2 -RD09\DebugLogs\Zip\Sat_Nov_07_10-54-33_2015.zip (16,64 K/S -   17 036 bytes)
[20:37:09] - [2] MIRKO.POZEN: Début du Téléchargement de: D:\kerberos.htx\gamez1\The island - Castaway 2 -RD09\DebugLogs\Zip\Sat_Oct_31_09-04-54_2015.zip
[20:37:09] - [2] MIRKO.POZEN: Fichier envoyé: D:\kerberos.htx\gamez1\The island - Castaway 2 -RD09\DebugLogs\Zip\Sat_Oct_31_09-04-54_2015.zip (7,12 K/S -   7 287 bytes)
[20:37:09] - [2] MIRKO.POZEN: Début du Téléchargement de: D:\kerberos.htx\gamez1\The island - Castaway 2 -RD09\DebugLogs\Zip\Sun_Jan_26_14-53-48_2014.zip
[20:37:09] - [2] MIRKO.POZEN: Fichier envoyé: D:\kerberos.htx\gamez1\The island - Castaway 2 -RD09\DebugLogs\Zip\Sun_Jan_26_14-53-48_2014.zip (17,30 K/S -   17 719 bytes)
[20:37:10] - [2] MIRKO.POZEN: Début du Téléchargement de: D:\kerberos.htx\gamez1\The island - Castaway 2 -RD09\DebugLogs\Zip\Sun_Nov_08_15-43-19_2015.zip
[20:37:10] - [2] MIRKO.POZEN: Fichier envoyé: D:\kerberos.htx\gamez1\The island - Castaway 2 -RD09\DebugLogs\Zip\Sun_Nov_08_15-43-19_2015.zip (7,76 K/S -   7 951 bytes)
[20:37:10] - [2] MIRKO.POZEN: Début du Téléchargement de: D:\kerberos.htx\gamez1\The island - Castaway 2 -RD09\DebugLogs\Zip\Sun_Nov_22_18-11-01_2015.zip
[20:37:10] - [2] MIRKO.POZEN: Fichier envoyé: D:\kerberos.htx\gamez1\The island - Castaway 2 -RD09\DebugLogs\Zip\Sun_Nov_22_18-11-01_2015.zip (1,74 K/S -   1 778 bytes)
[20:37:10] - [2] MIRKO.POZEN: Début du Téléchargement de: D:\kerberos.htx\gamez1\The island - Castaway 2 -RD09\DebugLogs\Zip\Thu_Dec_10_18-18-11_2015.zip
[20:37:10] - [2] MIRKO.POZEN: Fichier envoyé: D:\kerberos.htx\gamez1\The island - Castaway 2 -RD09\DebugLogs\Zip\Thu_Dec_10_18-18-11_2015.zip (5,93 K/S -   6 073 bytes)
[20:37:11] - [2] MIRKO.POZEN: Début du Téléchargement de: D:\kerberos.htx\gamez1\The island - Castaway 2 -RD09\DebugLogs\Zip\Thu_Oct_29_12-02-23_2015.zip
[20:37:11] - [2] MIRKO.POZEN: Fichier envoyé: D:\kerberos.htx\gamez1\The island - Castaway 2 -RD09\DebugLogs\Zip\Thu_Oct_29_12-02-23_2015.zip (7,56 K/S -   7 741 bytes)
[20:37:11] - [2] MIRKO.POZEN: Début du Téléchargement de: D:\kerberos.htx\gamez1\The island - Castaway 2 -RD09\DebugLogs\Zip\Thu_Oct_29_12-39-02_2015.zip
[20:37:11] - [2] MIRKO.POZEN: Fichier envoyé: D:\kerberos.htx\gamez1\The island - Castaway 2 -RD09\DebugLogs\Zip\Thu_Oct_29_12-39-02_2015.zip (5,96 K/S -   6 108 bytes)
[20:37:11] - [2] MIRKO.POZEN: Début du Téléchargement de: D:\kerberos.htx\gamez1\The island - Castaway 2 -RD09\DebugLogs\Zip\Tue_Oct_27_20-32-51_2015.zip
[20:37:11] - [2] MIRKO.POZEN: Fichier envoyé: D:\kerberos.htx\gamez1\The island - Castaway 2 -RD09\DebugLogs\Zip\Tue_Oct_27_20-32-51_2015.zip (7,59 K/S -   7 769 bytes)
[20:37:11] - [2] MIRKO.POZEN: Début du Téléchargement de: D:\kerberos.htx\gamez1\The island - Castaway 2 -RD09\DebugLogs\Zip\Wed_Sep_30_20-01-12_2015.zip
[20:37:11] - [2] MIRKO.POZEN: Fichier envoyé: D:\kerberos.htx\gamez1\The island - Castaway 2 -RD09\DebugLogs\Zip\Wed_Sep_30_20-01-12_2015.zip (5,99 K/S -   6 129 bytes)
[20:37:42] - [2] Client 192.168.0.1 Déconnecté (00:47:32 Min)
[20:41:39] - [3] MIRKO.POZEN: Fichier envoyé: D:\kerberos.htx\gamez1\The island - Castaway 2 -RD09\Data.grp (561,74 K/S -  507 920 714 bytes)
[20:42:10] - [3] Client 192.168.0.1 Déconnecté (00:52:00 Min)
[21:09:23] - [1] Client 192.168.0.1 Déconnecté (01:22:14 Min)
[22:25:02] - Serveur Démarré
[22:25:02] - FTP Port: 21
