[15:13:40] - Serveur Démarré
[15:13:40] - FTP Port: 21
[15:15:40] - [1] Connecté à 192.168.0.1. Collecte du Nom d'utilisateur.
[15:15:40] - [1] Usager MIRKO.POZEN Connecté IP: 192.168.0.1
[15:15:40] - [1] MIRKO.POZEN: Répertoire en Cours: D:\kerberos.htx\
[15:15:40] - [1] MIRKO.POZEN: Répertoire en Cours: D:\kerberos.htx\
[15:16:36] - [1] MIRKO.POZEN: Répertoire en Cours: D:\kerberos.htx\000\
[15:16:47] - [1] MIRKO.POZEN: Répertoire en Cours: D:\kerberos.htx\
[15:16:47] - [1] MIRKO.POZEN: Répertoire en Cours: D:\kerberos.htx\downs frame\
[15:16:58] - [1] MIRKO.POZEN: Répertoire en Cours: D:\kerberos.htx\
[15:16:58] - [1] MIRKO.POZEN: Répertoire en Cours: D:\kerberos.htx\http2\
[15:17:07] - [1] MIRKO.POZEN: Répertoire en Cours: D:\kerberos.htx\http2\down\
[15:17:12] - [1] MIRKO.POZEN: Répertoire en Cours: D:\kerberos.htx\http2\
[15:17:13] - [1] MIRKO.POZEN: Répertoire en Cours: D:\kerberos.htx\http2\pub\
[15:17:22] - [1] MIRKO.POZEN: Répertoire en Cours: D:\kerberos.htx\http2\pub\last.progz\
[15:17:43] - [1] MIRKO.POZEN: Répertoire en Cours: D:\kerberos.htx\
[15:17:43] - [1] MIRKO.POZEN: Répertoire en Cours: D:\kerberos.htx\rar\
[15:21:50] - [1] MIRKO.POZEN: Répertoire en Cours: D:\kerberos.htx\
[15:21:50] - [1] MIRKO.POZEN: Répertoire en Cours: D:\kerberos.htx\DriverMax Pro 11.17.0.35\
[15:21:53] - [1] MIRKO.POZEN: Répertoire en Cours: D:\kerberos.htx\DriverMax Pro 11.17.0.35\Crack\
[15:22:03] - [1] MIRKO.POZEN: Répertoire en Cours: D:\kerberos.htx\
[15:22:03] - [1] MIRKO.POZEN: Répertoire en Cours: D:\kerberos.htx\jeu loren\
[15:22:16] - [1] MIRKO.POZEN: Répertoire en Cours: D:\kerberos.htx\
[15:22:16] - [1] MIRKO.POZEN: Répertoire en Cours: D:\kerberos.htx\last films\
[15:22:21] - [1] MIRKO.POZEN: Répertoire en Cours: D:\kerberos.htx\
[15:22:39] - [1] MIRKO.POZEN: Répertoire en Cours: D:\kerberos.htx\HDD Low Level Format Tool 4.40FULL SERIAL\
[15:22:50] - [1] MIRKO.POZEN: Répertoire en Cours: D:\kerberos.htx\
[15:22:50] - [1] MIRKO.POZEN: Répertoire en Cours: D:\kerberos.htx\Microsoft.Office.Professional.2007.FR.By Gervais\
[15:22:50] - [1] MIRKO.POZEN: Répertoire en Cours: D:\kerberos.htx\Microsoft.Office.Professional.2007.FR.By Gervais\WORD.FR-FR\
[15:22:50] - [1] MIRKO.POZEN: Répertoire en Cours: D:\kerberos.htx\Microsoft.Office.Professional.2007.FR.By Gervais\
[15:22:50] - [1] MIRKO.POZEN: Répertoire en Cours: D:\kerberos.htx\Microsoft.Office.Professional.2007.FR.By Gervais\UPDATES\
[15:22:51] - [1] MIRKO.POZEN: Répertoire en Cours: D:\kerberos.htx\Microsoft.Office.Professional.2007.FR.By Gervais\
[15:22:51] - [1] MIRKO.POZEN: Répertoire en Cours: D:\kerberos.htx\Microsoft.Office.Professional.2007.FR.By Gervais\ROSEBUD.FR-FR\
[15:22:51] - [1] MIRKO.POZEN: Répertoire en Cours: D:\kerberos.htx\Microsoft.Office.Professional.2007.FR.By Gervais\
[15:22:51] - [1] MIRKO.POZEN: Répertoire en Cours: D:\kerberos.htx\Microsoft.Office.Professional.2007.FR.By Gervais\PUBLISHER.FR-FR\
[15:22:51] - [1] MIRKO.POZEN: Répertoire en Cours: D:\kerberos.htx\Microsoft.Office.Professional.2007.FR.By Gervais\
[15:22:51] - [1] MIRKO.POZEN: Répertoire en Cours: D:\kerberos.htx\Microsoft.Office.Professional.2007.FR.By Gervais\PROPLUS.WW\
[15:22:51] - [1] MIRKO.POZEN: Répertoire en Cours: D:\kerberos.htx\Microsoft.Office.Professional.2007.FR.By Gervais\
[15:22:51] - [1] MIRKO.POZEN: Répertoire en Cours: D:\kerberos.htx\Microsoft.Office.Professional.2007.FR.By Gervais\PROOFING.FR-FR\
[15:22:51] - [1] MIRKO.POZEN: Répertoire en Cours: D:\kerberos.htx\Microsoft.Office.Professional.2007.FR.By Gervais\PROOFING.FR-FR\PROOF.NL\
[15:22:51] - [1] MIRKO.POZEN: Répertoire en Cours: D:\kerberos.htx\Microsoft.Office.Professional.2007.FR.By Gervais\PROOFING.FR-FR\
[15:22:51] - [1] MIRKO.POZEN: Répertoire en Cours: D:\kerberos.htx\Microsoft.Office.Professional.2007.FR.By Gervais\PROOFING.FR-FR\PROOF.FR\
[15:22:52] - [1] MIRKO.POZEN: Répertoire en Cours: D:\kerberos.htx\Microsoft.Office.Professional.2007.FR.By Gervais\PROOFING.FR-FR\
[15:22:52] - [1] MIRKO.POZEN: Répertoire en Cours: D:\kerberos.htx\Microsoft.Office.Professional.2007.FR.By Gervais\PROOFING.FR-FR\PROOF.ES\
[15:22:52] - [1] MIRKO.POZEN: Répertoire en Cours: D:\kerberos.htx\Microsoft.Office.Professional.2007.FR.By Gervais\PROOFING.FR-FR\
[15:22:52] - [1] MIRKO.POZEN: Répertoire en Cours: D:\kerberos.htx\Microsoft.Office.Professional.2007.FR.By Gervais\PROOFING.FR-FR\PROOF.EN\
[15:22:52] - [1] MIRKO.POZEN: Répertoire en Cours: D:\kerberos.htx\Microsoft.Office.Professional.2007.FR.By Gervais\PROOFING.FR-FR\
[15:22:52] - [1] MIRKO.POZEN: Répertoire en Cours: D:\kerberos.htx\Microsoft.Office.Professional.2007.FR.By Gervais\PROOFING.FR-FR\PROOF.DE\
[15:22:52] - [1] MIRKO.POZEN: Répertoire en Cours: D:\kerberos.htx\Microsoft.Office.Professional.2007.FR.By Gervais\PROOFING.FR-FR\
[15:22:52] - [1] MIRKO.POZEN: Répertoire en Cours: D:\kerberos.htx\Microsoft.Office.Professional.2007.FR.By Gervais\PROOFING.FR-FR\PROOF.AR\
[15:22:52] - [1] MIRKO.POZEN: Répertoire en Cours: D:\kerberos.htx\Microsoft.Office.Professional.2007.FR.By Gervais\
[15:22:52] - [1] MIRKO.POZEN: Répertoire en Cours: D:\kerberos.htx\Microsoft.Office.Professional.2007.FR.By Gervais\POWERPOINT.FR-FR\
[15:22:52] - [1] MIRKO.POZEN: Répertoire en Cours: D:\kerberos.htx\Microsoft.Office.Professional.2007.FR.By Gervais\
[15:22:52] - [1] MIRKO.POZEN: Répertoire en Cours: D:\kerberos.htx\Microsoft.Office.Professional.2007.FR.By Gervais\OUTLOOK.FR-FR\
[15:22:53] - [1] MIRKO.POZEN: Répertoire en Cours: D:\kerberos.htx\Microsoft.Office.Professional.2007.FR.By Gervais\
[15:22:53] - [1] MIRKO.POZEN: Répertoire en Cours: D:\kerberos.htx\Microsoft.Office.Professional.2007.FR.By Gervais\OFFICE64.FR-FR\
[15:22:53] - [1] MIRKO.POZEN: Répertoire en Cours: D:\kerberos.htx\Microsoft.Office.Professional.2007.FR.By Gervais\OFFICE64.FR-FR\INFOPATH.FR-FR\
[15:22:53] - [1] MIRKO.POZEN: Répertoire en Cours: D:\kerberos.htx\Microsoft.Office.Professional.2007.FR.By Gervais\
[15:22:53] - [1] MIRKO.POZEN: Répertoire en Cours: D:\kerberos.htx\Microsoft.Office.Professional.2007.FR.By Gervais\OFFICE.FR-FR\
[15:22:53] - [1] MIRKO.POZEN: Répertoire en Cours: D:\kerberos.htx\Microsoft.Office.Professional.2007.FR.By Gervais\OFFICE.FR-FR\1036\
[15:22:53] - [1] MIRKO.POZEN: Répertoire en Cours: D:\kerberos.htx\Microsoft.Office.Professional.2007.FR.By Gervais\
[15:22:53] - [1] MIRKO.POZEN: Répertoire en Cours: D:\kerberos.htx\Microsoft.Office.Professional.2007.FR.By Gervais\INFOPATH.FR-FR\
[15:22:53] - [1] MIRKO.POZEN: Répertoire en Cours: D:\kerberos.htx\Microsoft.Office.Professional.2007.FR.By Gervais\
[15:22:54] - [1] MIRKO.POZEN: Répertoire en Cours: D:\kerberos.htx\Microsoft.Office.Professional.2007.FR.By Gervais\EXCEL.FR-FR\
[15:22:54] - [1] MIRKO.POZEN: Répertoire en Cours: D:\kerberos.htx\Microsoft.Office.Professional.2007.FR.By Gervais\
[15:22:54] - [1] MIRKO.POZEN: Répertoire en Cours: D:\kerberos.htx\Microsoft.Office.Professional.2007.FR.By Gervais\CATALOG\
[15:22:54] - [1] MIRKO.POZEN: Répertoire en Cours: D:\kerberos.htx\Microsoft.Office.Professional.2007.FR.By Gervais\
[15:22:54] - [1] MIRKO.POZEN: Répertoire en Cours: D:\kerberos.htx\Microsoft.Office.Professional.2007.FR.By Gervais\ADMIN\
[15:22:54] - [1] MIRKO.POZEN: Répertoire en Cours: D:\kerberos.htx\Microsoft.Office.Professional.2007.FR.By Gervais\ADMIN\ZH-TW\
[15:22:54] - [1] MIRKO.POZEN: Répertoire en Cours: D:\kerberos.htx\Microsoft.Office.Professional.2007.FR.By Gervais\ADMIN\
[15:22:54] - [1] MIRKO.POZEN: Répertoire en Cours: D:\kerberos.htx\Microsoft.Office.Professional.2007.FR.By Gervais\ADMIN\ZH-CN\
[15:22:54] - [1] MIRKO.POZEN: Répertoire en Cours: D:\kerberos.htx\Microsoft.Office.Professional.2007.FR.By Gervais\ADMIN\
[15:22:54] - [1] MIRKO.POZEN: Répertoire en Cours: D:\kerberos.htx\Microsoft.Office.Professional.2007.FR.By Gervais\ADMIN\KO-KR\
[15:22:55] - [1] MIRKO.POZEN: Répertoire en Cours: D:\kerberos.htx\Microsoft.Office.Professional.2007.FR.By Gervais\ADMIN\
[15:22:55] - [1] MIRKO.POZEN: Répertoire en Cours: D:\kerberos.htx\Microsoft.Office.Professional.2007.FR.By Gervais\ADMIN\JA-JP\
[15:22:55] - [1] MIRKO.POZEN: Répertoire en Cours: D:\kerberos.htx\Microsoft.Office.Professional.2007.FR.By Gervais\ADMIN\
[15:22:55] - [1] MIRKO.POZEN: Répertoire en Cours: D:\kerberos.htx\Microsoft.Office.Professional.2007.FR.By Gervais\ADMIN\IT-IT\
[15:22:55] - [1] MIRKO.POZEN: Répertoire en Cours: D:\kerberos.htx\Microsoft.Office.Professional.2007.FR.By Gervais\ADMIN\
[15:22:55] - [1] MIRKO.POZEN: Répertoire en Cours: D:\kerberos.htx\Microsoft.Office.Professional.2007.FR.By Gervais\ADMIN\FR-FR\
[15:22:55] - [1] MIRKO.POZEN: Répertoire en Cours: D:\kerberos.htx\Microsoft.Office.Professional.2007.FR.By Gervais\ADMIN\
[15:22:55] - [1] MIRKO.POZEN: Répertoire en Cours: D:\kerberos.htx\Microsoft.Office.Professional.2007.FR.By Gervais\ADMIN\ES-ES\
[15:22:55] - [1] MIRKO.POZEN: Répertoire en Cours: D:\kerberos.htx\Microsoft.Office.Professional.2007.FR.By Gervais\ADMIN\
[15:22:55] - [1] MIRKO.POZEN: Répertoire en Cours: D:\kerberos.htx\Microsoft.Office.Professional.2007.FR.By Gervais\ADMIN\EN-US\
[15:22:56] - [1] MIRKO.POZEN: Répertoire en Cours: D:\kerberos.htx\Microsoft.Office.Professional.2007.FR.By Gervais\ADMIN\
[15:22:56] - [1] MIRKO.POZEN: Répertoire en Cours: D:\kerberos.htx\Microsoft.Office.Professional.2007.FR.By Gervais\ADMIN\DE-DE\
[15:22:56] - [1] MIRKO.POZEN: Répertoire en Cours: D:\kerberos.htx\Microsoft.Office.Professional.2007.FR.By Gervais\
[15:22:56] - [1] MIRKO.POZEN: Répertoire en Cours: D:\kerberos.htx\Microsoft.Office.Professional.2007.FR.By Gervais\ACCESS.FR-FR\
[15:22:58] - [2] Connecté à 192.168.0.1. Collecte du Nom d'utilisateur.
[15:22:58] - [3] Connecté à 192.168.0.1. Collecte du Nom d'utilisateur.
[15:22:58] - [2] Usager MIRKO.POZEN Connecté IP: 192.168.0.1
[15:22:58] - [2] MIRKO.POZEN: Répertoire en Cours: D:\kerberos.htx\
[15:22:58] - [3] Usager MIRKO.POZEN Connecté IP: 192.168.0.1
[15:22:58] - [3] MIRKO.POZEN: Répertoire en Cours: D:\kerberos.htx\
[15:22:58] - [2] MIRKO.POZEN: Répertoire en Cours: D:\kerberos.htx\Microsoft.Office.Professional.2007.FR.By Gervais\
[15:22:58] - [3] MIRKO.POZEN: Répertoire en Cours: D:\kerberos.htx\Microsoft.Office.Professional.2007.FR.By Gervais\
[15:22:58] - [2] MIRKO.POZEN: Début du Téléchargement de: D:\kerberos.htx\Microsoft.Office.Professional.2007.FR.By Gervais\AUTORUN.INF
[15:22:58] - [2] MIRKO.POZEN: Fichier envoyé: D:\kerberos.htx\Microsoft.Office.Professional.2007.FR.By Gervais\AUTORUN.INF (0,17 K/S -    175 bytes)
[15:22:58] - [3] MIRKO.POZEN: Début du Téléchargement de: D:\kerberos.htx\Microsoft.Office.Professional.2007.FR.By Gervais\key.txt
[15:22:58] - [3] MIRKO.POZEN: Fichier envoyé: D:\kerberos.htx\Microsoft.Office.Professional.2007.FR.By Gervais\key.txt (0,03 K/S -    29 bytes)
[15:22:58] - [2] MIRKO.POZEN: Début du Téléchargement de: D:\kerberos.htx\Microsoft.Office.Professional.2007.FR.By Gervais\Lisez moi_Read me.txt
[15:22:58] - [2] MIRKO.POZEN: Fichier envoyé: D:\kerberos.htx\Microsoft.Office.Professional.2007.FR.By Gervais\Lisez moi_Read me.txt (0,07 K/S -    71 bytes)
[15:22:58] - [3] MIRKO.POZEN: Début du Téléchargement de: D:\kerberos.htx\Microsoft.Office.Professional.2007.FR.By Gervais\LISEZMOI.HTM
[15:22:58] - [3] MIRKO.POZEN: Fichier envoyé: D:\kerberos.htx\Microsoft.Office.Professional.2007.FR.By Gervais\LISEZMOI.HTM (2,54 K/S -   2 599 bytes)
[15:22:58] - [2] MIRKO.POZEN: Début du Téléchargement de: D:\kerberos.htx\Microsoft.Office.Professional.2007.FR.By Gervais\SaveAsPDFandXPS.exe
[15:22:59] - [3] MIRKO.POZEN: Début du Téléchargement de: D:\kerberos.htx\Microsoft.Office.Professional.2007.FR.By Gervais\SETUP.EXE
[15:23:00] - [3] MIRKO.POZEN: Fichier envoyé: D:\kerberos.htx\Microsoft.Office.Professional.2007.FR.By Gervais\SETUP.EXE (452,30 K/S -   463 152 bytes)
[15:23:00] - [2] MIRKO.POZEN: Fichier envoyé: D:\kerberos.htx\Microsoft.Office.Professional.2007.FR.By Gervais\SaveAsPDFandXPS.exe (232,19 K/S -   713 288 bytes)
[15:23:00] - [3] MIRKO.POZEN: Répertoire en Cours: D:\kerberos.htx\Microsoft.Office.Professional.2007.FR.By Gervais\WORD.FR-FR\
[15:23:00] - [2] MIRKO.POZEN: Répertoire en Cours: D:\kerberos.htx\Microsoft.Office.Professional.2007.FR.By Gervais\WORD.FR-FR\
[15:23:00] - [3] MIRKO.POZEN: Début du Téléchargement de: D:\kerberos.htx\Microsoft.Office.Professional.2007.FR.By Gervais\WORD.FR-FR\SETUP.XML
[15:23:00] - [2] MIRKO.POZEN: Début du Téléchargement de: D:\kerberos.htx\Microsoft.Office.Professional.2007.FR.By Gervais\WORD.FR-FR\WORDLR.CAB
[15:23:01] - [3] MIRKO.POZEN: Fichier envoyé: D:\kerberos.htx\Microsoft.Office.Professional.2007.FR.By Gervais\WORD.FR-FR\SETUP.XML (2,62 K/S -   2 678 bytes)
[15:23:01] - [3] MIRKO.POZEN: Début du Téléchargement de: D:\kerberos.htx\Microsoft.Office.Professional.2007.FR.By Gervais\WORD.FR-FR\WORDMUI.MSI
[15:23:04] - [3] MIRKO.POZEN: Fichier envoyé: D:\kerberos.htx\Microsoft.Office.Professional.2007.FR.By Gervais\WORD.FR-FR\WORDMUI.MSI (405,00 K/S -  1 658 880 bytes)
[15:23:05] - [3] MIRKO.POZEN: Début du Téléchargement de: D:\kerberos.htx\Microsoft.Office.Professional.2007.FR.By Gervais\WORD.FR-FR\WORDMUI.XML
[15:23:05] - [3] MIRKO.POZEN: Fichier envoyé: D:\kerberos.htx\Microsoft.Office.Professional.2007.FR.By Gervais\WORD.FR-FR\WORDMUI.XML (1,76 K/S -   1 799 bytes)
[15:23:05] - [3] MIRKO.POZEN: Répertoire en Cours: D:\kerberos.htx\Microsoft.Office.Professional.2007.FR.By Gervais\UPDATES\
[15:23:05] - [3] MIRKO.POZEN: Début du Téléchargement de: D:\kerberos.htx\Microsoft.Office.Professional.2007.FR.By Gervais\UPDATES\LISEZMOI.TXT
[15:23:05] - [3] MIRKO.POZEN: Fichier envoyé: D:\kerberos.htx\Microsoft.Office.Professional.2007.FR.By Gervais\UPDATES\LISEZMOI.TXT (0,07 K/S -    75 bytes)
[15:23:05] - [3] MIRKO.POZEN: Répertoire en Cours: D:\kerberos.htx\Microsoft.Office.Professional.2007.FR.By Gervais\ROSEBUD.FR-FR\
[15:23:05] - [3] MIRKO.POZEN: Début du Téléchargement de: D:\kerberos.htx\Microsoft.Office.Professional.2007.FR.By Gervais\ROSEBUD.FR-FR\RBUDLR.CAB
[15:23:09] - [3] MIRKO.POZEN: Fichier envoyé: D:\kerberos.htx\Microsoft.Office.Professional.2007.FR.By Gervais\ROSEBUD.FR-FR\RBUDLR.CAB (386,42 K/S -  1 582 766 bytes)
[15:23:10] - [3] MIRKO.POZEN: Début du Téléchargement de: D:\kerberos.htx\Microsoft.Office.Professional.2007.FR.By Gervais\ROSEBUD.FR-FR\ROSEBUDMUI.MSI
[15:23:10] - [3] MIRKO.POZEN: Fichier envoyé: D:\kerberos.htx\Microsoft.Office.Professional.2007.FR.By Gervais\ROSEBUD.FR-FR\ROSEBUDMUI.MSI (48,00 K/S -   49 152 bytes)
[15:23:10] - [3] MIRKO.POZEN: Début du Téléchargement de: D:\kerberos.htx\Microsoft.Office.Professional.2007.FR.By Gervais\ROSEBUD.FR-FR\ROSEBUDMUI.XML
[15:23:10] - [3] MIRKO.POZEN: Fichier envoyé: D:\kerberos.htx\Microsoft.Office.Professional.2007.FR.By Gervais\ROSEBUD.FR-FR\ROSEBUDMUI.XML (0,79 K/S -    811 bytes)
[15:23:11] - [3] MIRKO.POZEN: Début du Téléchargement de: D:\kerberos.htx\Microsoft.Office.Professional.2007.FR.By Gervais\ROSEBUD.FR-FR\SETUP.XML
[15:23:11] - [3] MIRKO.POZEN: Fichier envoyé: D:\kerberos.htx\Microsoft.Office.Professional.2007.FR.By Gervais\ROSEBUD.FR-FR\SETUP.XML (1,22 K/S -   1 251 bytes)
[15:23:11] - [3] MIRKO.POZEN: Répertoire en Cours: D:\kerberos.htx\Microsoft.Office.Professional.2007.FR.By Gervais\PUBLISHER.FR-FR\
[15:23:11] - [3] MIRKO.POZEN: Début du Téléchargement de: D:\kerberos.htx\Microsoft.Office.Professional.2007.FR.By Gervais\PUBLISHER.FR-FR\PUBLISHERMUI.MSI
[15:23:14] - [3] MIRKO.POZEN: Fichier envoyé: D:\kerberos.htx\Microsoft.Office.Professional.2007.FR.By Gervais\PUBLISHER.FR-FR\PUBLISHERMUI.MSI (542,67 K/S -  1 667 072 bytes)
[15:23:14] - [3] MIRKO.POZEN: Début du Téléchargement de: D:\kerberos.htx\Microsoft.Office.Professional.2007.FR.By Gervais\PUBLISHER.FR-FR\PUBLISHERMUI.XML
[15:23:14] - [3] MIRKO.POZEN: Fichier envoyé: D:\kerberos.htx\Microsoft.Office.Professional.2007.FR.By Gervais\PUBLISHER.FR-FR\PUBLISHERMUI.XML (1,44 K/S -   1 470 bytes)
[15:23:14] - [3] MIRKO.POZEN: Début du Téléchargement de: D:\kerberos.htx\Microsoft.Office.Professional.2007.FR.By Gervais\PUBLISHER.FR-FR\PUBLR.CAB
[15:23:31] - [2] MIRKO.POZEN: Fichier envoyé: D:\kerberos.htx\Microsoft.Office.Professional.2007.FR.By Gervais\WORD.FR-FR\WORDLR.CAB (531,64 K/S -  16 876 234 bytes)
[15:23:32] - [2] MIRKO.POZEN: Répertoire en Cours: D:\kerberos.htx\Microsoft.Office.Professional.2007.FR.By Gervais\PUBLISHER.FR-FR\
[15:23:32] - [2] MIRKO.POZEN: Début du Téléchargement de: D:\kerberos.htx\Microsoft.Office.Professional.2007.FR.By Gervais\PUBLISHER.FR-FR\SETUP.XML
[15:23:32] - [2] MIRKO.POZEN: Fichier envoyé: D:\kerberos.htx\Microsoft.Office.Professional.2007.FR.By Gervais\PUBLISHER.FR-FR\SETUP.XML (1,78 K/S -   1 826 bytes)
[15:23:32] - [2] MIRKO.POZEN: Répertoire en Cours: D:\kerberos.htx\Microsoft.Office.Professional.2007.FR.By Gervais\PROPLUS.WW\
[15:23:32] - [2] MIRKO.POZEN: Début du Téléchargement de: D:\kerberos.htx\Microsoft.Office.Professional.2007.FR.By Gervais\PROPLUS.WW\CONFIG.XML
[15:23:32] - [2] MIRKO.POZEN: Fichier envoyé: D:\kerberos.htx\Microsoft.Office.Professional.2007.FR.By Gervais\PROPLUS.WW\CONFIG.XML (0,93 K/S -    956 bytes)
[15:23:33] - [2] MIRKO.POZEN: Début du Téléchargement de: D:\kerberos.htx\Microsoft.Office.Professional.2007.FR.By Gervais\PROPLUS.WW\ID_00011.DPC
[15:23:33] - [2] MIRKO.POZEN: Fichier envoyé: D:\kerberos.htx\Microsoft.Office.Professional.2007.FR.By Gervais\PROPLUS.WW\ID_00011.DPC (1,61 K/S -   1 646 bytes)
[15:23:33] - [2] MIRKO.POZEN: Début du Téléchargement de: D:\kerberos.htx\Microsoft.Office.Professional.2007.FR.By Gervais\PROPLUS.WW\OFFICE64WW.MSI
[15:23:34] - [2] MIRKO.POZEN: Fichier envoyé: D:\kerberos.htx\Microsoft.Office.Professional.2007.FR.By Gervais\PROPLUS.WW\OFFICE64WW.MSI (828,00 K/S -   847 872 bytes)
[15:23:35] - [2] MIRKO.POZEN: Début du Téléchargement de: D:\kerberos.htx\Microsoft.Office.Professional.2007.FR.By Gervais\PROPLUS.WW\OFFICE64WW.XML
[15:23:35] - [2] MIRKO.POZEN: Fichier envoyé: D:\kerberos.htx\Microsoft.Office.Professional.2007.FR.By Gervais\PROPLUS.WW\OFFICE64WW.XML (2,26 K/S -   2 310 bytes)
[15:23:35] - [2] MIRKO.POZEN: Début du Téléchargement de: D:\kerberos.htx\Microsoft.Office.Professional.2007.FR.By Gervais\PROPLUS.WW\OSE.EXE
[15:23:35] - [2] MIRKO.POZEN: Fichier envoyé: D:\kerberos.htx\Microsoft.Office.Professional.2007.FR.By Gervais\PROPLUS.WW\OSE.EXE (141,78 K/S -   145 184 bytes)
[15:23:35] - [2] MIRKO.POZEN: Début du Téléchargement de: D:\kerberos.htx\Microsoft.Office.Professional.2007.FR.By Gervais\PROPLUS.WW\OSETUP.DLL
[15:23:39] - [3] MIRKO.POZEN: Fichier envoyé: D:\kerberos.htx\Microsoft.Office.Professional.2007.FR.By Gervais\PUBLISHER.FR-FR\PUBLR.CAB (516,21 K/S -  12 686 495 bytes)
[15:23:39] - [3] MIRKO.POZEN: Répertoire en Cours: D:\kerberos.htx\Microsoft.Office.Professional.2007.FR.By Gervais\PROPLUS.WW\
[15:23:39] - [3] MIRKO.POZEN: Début du Téléchargement de: D:\kerberos.htx\Microsoft.Office.Professional.2007.FR.By Gervais\PROPLUS.WW\OWOW64WW.CAB
[15:23:46] - [3] MIRKO.POZEN: Fichier envoyé: D:\kerberos.htx\Microsoft.Office.Professional.2007.FR.By Gervais\PROPLUS.WW\OWOW64WW.CAB (506,73 K/S -  4 151 139 bytes)
[15:23:47] - [3] MIRKO.POZEN: Début du Téléchargement de: D:\kerberos.htx\Microsoft.Office.Professional.2007.FR.By Gervais\PROPLUS.WW\PROPLSWW.CAB
[15:23:50] - [2] MIRKO.POZEN: Fichier envoyé: D:\kerberos.htx\Microsoft.Office.Professional.2007.FR.By Gervais\PROPLUS.WW\OSETUP.DLL (455,98 K/S -  6 536 992 bytes)
[15:23:51] - [2] MIRKO.POZEN: Début du Téléchargement de: D:\kerberos.htx\Microsoft.Office.Professional.2007.FR.By Gervais\PROPLUS.WW\PROPLUSWW.MSI
[15:24:23] - [2] MIRKO.POZEN: Fichier envoyé: D:\kerberos.htx\Microsoft.Office.Professional.2007.FR.By Gervais\PROPLUS.WW\PROPLUSWW.MSI (468,50 K/S -  15 831 552 bytes)
[15:24:23] - [2] MIRKO.POZEN: Début du Téléchargement de: D:\kerberos.htx\Microsoft.Office.Professional.2007.FR.By Gervais\PROPLUS.WW\PROPLUSWW.XML
[15:24:23] - [2] MIRKO.POZEN: Fichier envoyé: D:\kerberos.htx\Microsoft.Office.Professional.2007.FR.By Gervais\PROPLUS.WW\PROPLUSWW.XML (15,44 K/S -   15 813 bytes)
[15:24:24] - [2] MIRKO.POZEN: Début du Téléchargement de: D:\kerberos.htx\Microsoft.Office.Professional.2007.FR.By Gervais\PROPLUS.WW\SETUP.XML
[15:24:24] - [2] MIRKO.POZEN: Fichier envoyé: D:\kerberos.htx\Microsoft.Office.Professional.2007.FR.By Gervais\PROPLUS.WW\SETUP.XML (25,96 K/S -   26 579 bytes)
[15:24:24] - [2] MIRKO.POZEN: Répertoire en Cours: D:\kerberos.htx\Microsoft.Office.Professional.2007.FR.By Gervais\PROOFING.FR-FR\
[15:24:24] - [2] MIRKO.POZEN: Début du Téléchargement de: D:\kerberos.htx\Microsoft.Office.Professional.2007.FR.By Gervais\PROOFING.FR-FR\PROOFING.MSI
[15:24:25] - [2] MIRKO.POZEN: Fichier envoyé: D:\kerberos.htx\Microsoft.Office.Professional.2007.FR.By Gervais\PROOFING.FR-FR\PROOFING.MSI (494,00 K/S -   505 856 bytes)
[15:24:26] - [2] MIRKO.POZEN: Début du Téléchargement de: D:\kerberos.htx\Microsoft.Office.Professional.2007.FR.By Gervais\PROOFING.FR-FR\PROOFING.XML
[15:24:26] - [2] MIRKO.POZEN: Fichier envoyé: D:\kerberos.htx\Microsoft.Office.Professional.2007.FR.By Gervais\PROOFING.FR-FR\PROOFING.XML (0,79 K/S -    807 bytes)
[15:24:26] - [2] MIRKO.POZEN: Début du Téléchargement de: D:\kerberos.htx\Microsoft.Office.Professional.2007.FR.By Gervais\PROOFING.FR-FR\SETUP.XML
[15:24:26] - [2] MIRKO.POZEN: Fichier envoyé: D:\kerberos.htx\Microsoft.Office.Professional.2007.FR.By Gervais\PROOFING.FR-FR\SETUP.XML (9,57 K/S -   9 804 bytes)
[15:24:26] - [2] MIRKO.POZEN: Répertoire en Cours: D:\kerberos.htx\Microsoft.Office.Professional.2007.FR.By Gervais\PROOFING.FR-FR\PROOF.NL\
[15:24:26] - [2] MIRKO.POZEN: Début du Téléchargement de: D:\kerberos.htx\Microsoft.Office.Professional.2007.FR.By Gervais\PROOFING.FR-FR\PROOF.NL\PROOF.CAB
[15:24:34] - [2] MIRKO.POZEN: Fichier envoyé: D:\kerberos.htx\Microsoft.Office.Professional.2007.FR.By Gervais\PROOFING.FR-FR\PROOF.NL\PROOF.CAB (591,38 K/S -  4 844 595 bytes)
[15:24:34] - [2] MIRKO.POZEN: Début du Téléchargement de: D:\kerberos.htx\Microsoft.Office.Professional.2007.FR.By Gervais\PROOFING.FR-FR\PROOF.NL\PROOF.MSI
[15:24:35] - [2] MIRKO.POZEN: Fichier envoyé: D:\kerberos.htx\Microsoft.Office.Professional.2007.FR.By Gervais\PROOFING.FR-FR\PROOF.NL\PROOF.MSI (494,50 K/S -   506 368 bytes)
[15:24:35] - [2] MIRKO.POZEN: Début du Téléchargement de: D:\kerberos.htx\Microsoft.Office.Professional.2007.FR.By Gervais\PROOFING.FR-FR\PROOF.NL\PROOF.XML
[15:24:36] - [2] MIRKO.POZEN: Fichier envoyé: D:\kerberos.htx\Microsoft.Office.Professional.2007.FR.By Gervais\PROOFING.FR-FR\PROOF.NL\PROOF.XML (1,20 K/S -   1 233 bytes)
[15:24:36] - [2] MIRKO.POZEN: Répertoire en Cours: D:\kerberos.htx\Microsoft.Office.Professional.2007.FR.By Gervais\PROOFING.FR-FR\PROOF.FR\
[15:24:36] - [2] MIRKO.POZEN: Début du Téléchargement de: D:\kerberos.htx\Microsoft.Office.Professional.2007.FR.By Gervais\PROOFING.FR-FR\PROOF.FR\PROOF.CAB
[15:24:37] - [1] MIRKO.POZEN: Répertoire en Cours: D:\kerberos.htx\
[15:24:37] - [1] MIRKO.POZEN: Répertoire en Cours: D:\kerberos.htx\pc loren acer\
[15:24:55] - [1] MIRKO.POZEN: Répertoire en Cours: D:\kerberos.htx\http2\
[15:24:55] - [1] MIRKO.POZEN: Répertoire en Cours: D:\kerberos.htx\http2\defrag\
[15:24:58] - [2] MIRKO.POZEN: Fichier envoyé: D:\kerberos.htx\Microsoft.Office.Professional.2007.FR.By Gervais\PROOFING.FR-FR\PROOF.FR\PROOF.CAB (509,59 K/S -  11 479 987 bytes)
[15:24:58] - [2] MIRKO.POZEN: Début du Téléchargement de: D:\kerberos.htx\Microsoft.Office.Professional.2007.FR.By Gervais\PROOFING.FR-FR\PROOF.FR\PROOF.MSI
[15:24:59] - [2] MIRKO.POZEN: Fichier envoyé: D:\kerberos.htx\Microsoft.Office.Professional.2007.FR.By Gervais\PROOFING.FR-FR\PROOF.FR\PROOF.MSI (506,00 K/S -   518 144 bytes)
[15:24:59] - [1] MIRKO.POZEN: Répertoire en Cours: D:\kerberos.htx\http2\defrag\AusLogics Disk Defrag\
[15:24:59] - [2] MIRKO.POZEN: Début du Téléchargement de: D:\kerberos.htx\Microsoft.Office.Professional.2007.FR.By Gervais\PROOFING.FR-FR\PROOF.FR\PROOF.XML
[15:24:59] - [2] MIRKO.POZEN: Fichier envoyé: D:\kerberos.htx\Microsoft.Office.Professional.2007.FR.By Gervais\PROOFING.FR-FR\PROOF.FR\PROOF.XML (1,42 K/S -   1 459 bytes)
[15:24:59] - [2] MIRKO.POZEN: Répertoire en Cours: D:\kerberos.htx\Microsoft.Office.Professional.2007.FR.By Gervais\PROOFING.FR-FR\PROOF.ES\
[15:25:00] - [2] MIRKO.POZEN: Début du Téléchargement de: D:\kerberos.htx\Microsoft.Office.Professional.2007.FR.By Gervais\PROOFING.FR-FR\PROOF.ES\PROOF.CAB
[15:25:06] - [1] MIRKO.POZEN: Répertoire en Cours: D:\kerberos.htx\http2\defrag\AusLogics Disk Defrag\reports\
[15:25:07] - [1] MIRKO.POZEN: Répertoire en Cours: D:\kerberos.htx\http2\defrag\AusLogics Disk Defrag\
[15:25:07] - [1] MIRKO.POZEN: Répertoire en Cours: D:\kerberos.htx\http2\defrag\AusLogics Disk Defrag\Lang\
[15:25:08] - [1] MIRKO.POZEN: Répertoire en Cours: D:\kerberos.htx\http2\defrag\AusLogics Disk Defrag\
[15:25:08] - [1] MIRKO.POZEN: Répertoire en Cours: D:\kerberos.htx\http2\defrag\AusLogics Disk Defrag\Data\
[15:25:43] - [2] MIRKO.POZEN: Fichier envoyé: D:\kerberos.htx\Microsoft.Office.Professional.2007.FR.By Gervais\PROOFING.FR-FR\PROOF.ES\PROOF.CAB (373,75 K/S -  16 456 790 bytes)
[15:25:43] - [2] MIRKO.POZEN: Début du Téléchargement de: D:\kerberos.htx\Microsoft.Office.Professional.2007.FR.By Gervais\PROOFING.FR-FR\PROOF.ES\PROOF.MSI
[15:25:44] - [2] MIRKO.POZEN: Fichier envoyé: D:\kerberos.htx\Microsoft.Office.Professional.2007.FR.By Gervais\PROOFING.FR-FR\PROOF.ES\PROOF.MSI (502,00 K/S -   514 048 bytes)
[15:25:44] - [2] MIRKO.POZEN: Début du Téléchargement de: D:\kerberos.htx\Microsoft.Office.Professional.2007.FR.By Gervais\PROOFING.FR-FR\PROOF.ES\PROOF.XML
[15:25:44] - [2] MIRKO.POZEN: Fichier envoyé: D:\kerberos.htx\Microsoft.Office.Professional.2007.FR.By Gervais\PROOFING.FR-FR\PROOF.ES\PROOF.XML (1,43 K/S -   1 460 bytes)
[15:25:44] - [2] MIRKO.POZEN: Répertoire en Cours: D:\kerberos.htx\Microsoft.Office.Professional.2007.FR.By Gervais\PROOFING.FR-FR\PROOF.EN\
[15:25:45] - [2] MIRKO.POZEN: Début du Téléchargement de: D:\kerberos.htx\Microsoft.Office.Professional.2007.FR.By Gervais\PROOFING.FR-FR\PROOF.EN\PROOF.CAB
[15:26:29] - [2] MIRKO.POZEN: Fichier envoyé: D:\kerberos.htx\Microsoft.Office.Professional.2007.FR.By Gervais\PROOFING.FR-FR\PROOF.EN\PROOF.CAB (497,27 K/S -  22 404 970 bytes)
[15:26:29] - [2] MIRKO.POZEN: Début du Téléchargement de: D:\kerberos.htx\Microsoft.Office.Professional.2007.FR.By Gervais\PROOFING.FR-FR\PROOF.EN\PROOF.MSI
[15:26:30] - [2] MIRKO.POZEN: Fichier envoyé: D:\kerberos.htx\Microsoft.Office.Professional.2007.FR.By Gervais\PROOFING.FR-FR\PROOF.EN\PROOF.MSI (496,00 K/S -   507 904 bytes)
[15:26:31] - [2] MIRKO.POZEN: Début du Téléchargement de: D:\kerberos.htx\Microsoft.Office.Professional.2007.FR.By Gervais\PROOFING.FR-FR\PROOF.EN\PROOF.XML
[15:26:31] - [2] MIRKO.POZEN: Fichier envoyé: D:\kerberos.htx\Microsoft.Office.Professional.2007.FR.By Gervais\PROOFING.FR-FR\PROOF.EN\PROOF.XML (1,32 K/S -   1 350 bytes)
[15:26:31] - [2] MIRKO.POZEN: Répertoire en Cours: D:\kerberos.htx\Microsoft.Office.Professional.2007.FR.By Gervais\PROOFING.FR-FR\PROOF.DE\
[15:26:31] - [2] MIRKO.POZEN: Début du Téléchargement de: D:\kerberos.htx\Microsoft.Office.Professional.2007.FR.By Gervais\PROOFING.FR-FR\PROOF.DE\PROOF.CAB
[15:27:14] - [2] MIRKO.POZEN: Fichier envoyé: D:\kerberos.htx\Microsoft.Office.Professional.2007.FR.By Gervais\PROOFING.FR-FR\PROOF.DE\PROOF.CAB (450,61 K/S -  20 302 883 bytes)
[15:27:14] - [2] MIRKO.POZEN: Début du Téléchargement de: D:\kerberos.htx\Microsoft.Office.Professional.2007.FR.By Gervais\PROOFING.FR-FR\PROOF.DE\PROOF.MSI
[15:27:15] - [2] MIRKO.POZEN: Fichier envoyé: D:\kerberos.htx\Microsoft.Office.Professional.2007.FR.By Gervais\PROOFING.FR-FR\PROOF.DE\PROOF.MSI (503,00 K/S -   515 072 bytes)
[15:27:16] - [2] MIRKO.POZEN: Début du Téléchargement de: D:\kerberos.htx\Microsoft.Office.Professional.2007.FR.By Gervais\PROOFING.FR-FR\PROOF.DE\PROOF.XML
[15:27:16] - [2] MIRKO.POZEN: Fichier envoyé: D:\kerberos.htx\Microsoft.Office.Professional.2007.FR.By Gervais\PROOFING.FR-FR\PROOF.DE\PROOF.XML (1,43 K/S -   1 461 bytes)
[15:27:16] - [2] MIRKO.POZEN: Répertoire en Cours: D:\kerberos.htx\Microsoft.Office.Professional.2007.FR.By Gervais\PROOFING.FR-FR\PROOF.AR\
[15:27:16] - [2] MIRKO.POZEN: Début du Téléchargement de: D:\kerberos.htx\Microsoft.Office.Professional.2007.FR.By Gervais\PROOFING.FR-FR\PROOF.AR\PROOF.CAB
[15:27:26] - [2] MIRKO.POZEN: Fichier envoyé: D:\kerberos.htx\Microsoft.Office.Professional.2007.FR.By Gervais\PROOFING.FR-FR\PROOF.AR\PROOF.CAB (644,93 K/S -  6 604 112 bytes)
[15:27:26] - [2] MIRKO.POZEN: Début du Téléchargement de: D:\kerberos.htx\Microsoft.Office.Professional.2007.FR.By Gervais\PROOFING.FR-FR\PROOF.AR\PROOF.MSI
[15:27:27] - [2] MIRKO.POZEN: Fichier envoyé: D:\kerberos.htx\Microsoft.Office.Professional.2007.FR.By Gervais\PROOFING.FR-FR\PROOF.AR\PROOF.MSI (503,50 K/S -   515 584 bytes)
[15:27:27] - [2] MIRKO.POZEN: Début du Téléchargement de: D:\kerberos.htx\Microsoft.Office.Professional.2007.FR.By Gervais\PROOFING.FR-FR\PROOF.AR\PROOF.XML
[15:27:27] - [2] MIRKO.POZEN: Fichier envoyé: D:\kerberos.htx\Microsoft.Office.Professional.2007.FR.By Gervais\PROOFING.FR-FR\PROOF.AR\PROOF.XML (1,12 K/S -   1 151 bytes)
[15:27:27] - [2] MIRKO.POZEN: Répertoire en Cours: D:\kerberos.htx\Microsoft.Office.Professional.2007.FR.By Gervais\POWERPOINT.FR-FR\
[15:27:27] - [2] MIRKO.POZEN: Début du Téléchargement de: D:\kerberos.htx\Microsoft.Office.Professional.2007.FR.By Gervais\POWERPOINT.FR-FR\POWERPOINTMUI.MSI
[15:27:30] - [2] MIRKO.POZEN: Fichier envoyé: D:\kerberos.htx\Microsoft.Office.Professional.2007.FR.By Gervais\POWERPOINT.FR-FR\POWERPOINTMUI.MSI (536,17 K/S -  1 647 104 bytes)
[15:27:31] - [2] MIRKO.POZEN: Début du Téléchargement de: D:\kerberos.htx\Microsoft.Office.Professional.2007.FR.By Gervais\POWERPOINT.FR-FR\POWERPOINTMUI.XML
[15:27:31] - [2] MIRKO.POZEN: Fichier envoyé: D:\kerberos.htx\Microsoft.Office.Professional.2007.FR.By Gervais\POWERPOINT.FR-FR\POWERPOINTMUI.XML (1,52 K/S -   1 554 bytes)
[15:27:31] - [2] MIRKO.POZEN: Début du Téléchargement de: D:\kerberos.htx\Microsoft.Office.Professional.2007.FR.By Gervais\POWERPOINT.FR-FR\PPTLR.CAB
[15:27:57] - [2] MIRKO.POZEN: Fichier envoyé: D:\kerberos.htx\Microsoft.Office.Professional.2007.FR.By Gervais\POWERPOINT.FR-FR\PPTLR.CAB (544,49 K/S -  14 496 400 bytes)
[15:27:57] - [2] MIRKO.POZEN: Début du Téléchargement de: D:\kerberos.htx\Microsoft.Office.Professional.2007.FR.By Gervais\POWERPOINT.FR-FR\SETUP.XML
[15:27:57] - [2] MIRKO.POZEN: Fichier envoyé: D:\kerberos.htx\Microsoft.Office.Professional.2007.FR.By Gervais\POWERPOINT.FR-FR\SETUP.XML (1,96 K/S -   2 004 bytes)
[15:27:57] - [2] MIRKO.POZEN: Répertoire en Cours: D:\kerberos.htx\Microsoft.Office.Professional.2007.FR.By Gervais\OUTLOOK.FR-FR\
[15:27:57] - [2] MIRKO.POZEN: Début du Téléchargement de: D:\kerberos.htx\Microsoft.Office.Professional.2007.FR.By Gervais\OUTLOOK.FR-FR\OUTLKLR.CAB
[15:28:33] - [2] MIRKO.POZEN: Fichier envoyé: D:\kerberos.htx\Microsoft.Office.Professional.2007.FR.By Gervais\OUTLOOK.FR-FR\OUTLKLR.CAB (451,61 K/S -  16 185 637 bytes)
[15:28:33] - [2] MIRKO.POZEN: Début du Téléchargement de: D:\kerberos.htx\Microsoft.Office.Professional.2007.FR.By Gervais\OUTLOOK.FR-FR\OUTLOOKMUI.MSI
[15:28:36] - [2] MIRKO.POZEN: Fichier envoyé: D:\kerberos.htx\Microsoft.Office.Professional.2007.FR.By Gervais\OUTLOOK.FR-FR\OUTLOOKMUI.MSI (660,50 K/S -  2 029 056 bytes)
[15:28:37] - [2] MIRKO.POZEN: Début du Téléchargement de: D:\kerberos.htx\Microsoft.Office.Professional.2007.FR.By Gervais\OUTLOOK.FR-FR\OUTLOOKMUI.XML
[15:28:37] - [2] MIRKO.POZEN: Fichier envoyé: D:\kerberos.htx\Microsoft.Office.Professional.2007.FR.By Gervais\OUTLOOK.FR-FR\OUTLOOKMUI.XML (2,88 K/S -   2 947 bytes)
[15:28:37] - [2] MIRKO.POZEN: Début du Téléchargement de: D:\kerberos.htx\Microsoft.Office.Professional.2007.FR.By Gervais\OUTLOOK.FR-FR\SETUP.XML
[15:28:37] - [2] MIRKO.POZEN: Fichier envoyé: D:\kerberos.htx\Microsoft.Office.Professional.2007.FR.By Gervais\OUTLOOK.FR-FR\SETUP.XML (3,77 K/S -   3 861 bytes)
[15:28:37] - [1] MIRKO.POZEN: Répertoire en Cours: D:\kerberos.htx\
[15:28:37] - [1] MIRKO.POZEN: Répertoire en Cours: D:\kerberos.htx\exe\
[15:28:37] - [2] MIRKO.POZEN: Répertoire en Cours: D:\kerberos.htx\Microsoft.Office.Professional.2007.FR.By Gervais\OFFICE64.FR-FR\
[15:28:38] - [2] MIRKO.POZEN: Début du Téléchargement de: D:\kerberos.htx\Microsoft.Office.Professional.2007.FR.By Gervais\OFFICE64.FR-FR\OFFICE64MUI.MSI
[15:28:39] - [2] MIRKO.POZEN: Fichier envoyé: D:\kerberos.htx\Microsoft.Office.Professional.2007.FR.By Gervais\OFFICE64.FR-FR\OFFICE64MUI.MSI (495,00 K/S -   506 880 bytes)
[15:28:39] - [2] MIRKO.POZEN: Début du Téléchargement de: D:\kerberos.htx\Microsoft.Office.Professional.2007.FR.By Gervais\OFFICE64.FR-FR\OFFICE64MUI.XML
[15:28:39] - [2] MIRKO.POZEN: Fichier envoyé: D:\kerberos.htx\Microsoft.Office.Professional.2007.FR.By Gervais\OFFICE64.FR-FR\OFFICE64MUI.XML (1,00 K/S -   1 027 bytes)
[15:28:39] - [2] MIRKO.POZEN: Début du Téléchargement de: D:\kerberos.htx\Microsoft.Office.Professional.2007.FR.By Gervais\OFFICE64.FR-FR\OWOW64LR.CAB
[15:28:39] - [2] MIRKO.POZEN: Fichier envoyé: D:\kerberos.htx\Microsoft.Office.Professional.2007.FR.By Gervais\OFFICE64.FR-FR\OWOW64LR.CAB (7,10 K/S -   7 266 bytes)
[15:28:40] - [2] MIRKO.POZEN: Début du Téléchargement de: D:\kerberos.htx\Microsoft.Office.Professional.2007.FR.By Gervais\OFFICE64.FR-FR\SETUP.XML
[15:28:40] - [2] MIRKO.POZEN: Fichier envoyé: D:\kerberos.htx\Microsoft.Office.Professional.2007.FR.By Gervais\OFFICE64.FR-FR\SETUP.XML (1,43 K/S -   1 468 bytes)
[15:28:40] - [2] MIRKO.POZEN: Répertoire en Cours: D:\kerberos.htx\Microsoft.Office.Professional.2007.FR.By Gervais\OFFICE.FR-FR\
[15:28:40] - [2] MIRKO.POZEN: Début du Téléchargement de: D:\kerberos.htx\Microsoft.Office.Professional.2007.FR.By Gervais\OFFICE.FR-FR\BRANDING.XML
[15:28:41] - [2] MIRKO.POZEN: Fichier envoyé: D:\kerberos.htx\Microsoft.Office.Professional.2007.FR.By Gervais\OFFICE.FR-FR\BRANDING.XML (610,20 K/S -   624 843 bytes)
[15:28:41] - [2] MIRKO.POZEN: Début du Téléchargement de: D:\kerberos.htx\Microsoft.Office.Professional.2007.FR.By Gervais\OFFICE.FR-FR\DW20.EXE
[15:28:41] - [1] MIRKO.POZEN: Répertoire en Cours: D:\kerberos.htx\exe\hddentinel\
[15:28:43] - [2] MIRKO.POZEN: Fichier envoyé: D:\kerberos.htx\Microsoft.Office.Professional.2007.FR.By Gervais\OFFICE.FR-FR\DW20.EXE (397,16 K/S -   813 384 bytes)
[15:28:43] - [2] MIRKO.POZEN: Début du Téléchargement de: D:\kerberos.htx\Microsoft.Office.Professional.2007.FR.By Gervais\OFFICE.FR-FR\DWDCW20.DLL
[15:28:44] - [2] MIRKO.POZEN: Fichier envoyé: D:\kerberos.htx\Microsoft.Office.Professional.2007.FR.By Gervais\OFFICE.FR-FR\DWDCW20.DLL (214,63 K/S -   439 568 bytes)
[15:28:45] - [2] MIRKO.POZEN: Début du Téléchargement de: D:\kerberos.htx\Microsoft.Office.Professional.2007.FR.By Gervais\OFFICE.FR-FR\DWTRIG20.EXE
[15:28:46] - [2] MIRKO.POZEN: Fichier envoyé: D:\kerberos.htx\Microsoft.Office.Professional.2007.FR.By Gervais\OFFICE.FR-FR\DWTRIG20.EXE (424,34 K/S -   434 528 bytes)
[15:28:46] - [2] MIRKO.POZEN: Début du Téléchargement de: D:\kerberos.htx\Microsoft.Office.Professional.2007.FR.By Gervais\OFFICE.FR-FR\MICROSOFT.VC80.CRT.MANIFEST
[15:28:46] - [2] MIRKO.POZEN: Fichier envoyé: D:\kerberos.htx\Microsoft.Office.Professional.2007.FR.By Gervais\OFFICE.FR-FR\MICROSOFT.VC80.CRT.MANIFEST (0,51 K/S -    522 bytes)
[15:28:46] - [2] MIRKO.POZEN: Début du Téléchargement de: D:\kerberos.htx\Microsoft.Office.Professional.2007.FR.By Gervais\OFFICE.FR-FR\MSVCR80.DLL
[15:28:48] - [2] MIRKO.POZEN: Fichier envoyé: D:\kerberos.htx\Microsoft.Office.Professional.2007.FR.By Gervais\OFFICE.FR-FR\MSVCR80.DLL (612,00 K/S -   626 688 bytes)
[15:28:48] - [2] MIRKO.POZEN: Début du Téléchargement de: D:\kerberos.htx\Microsoft.Office.Professional.2007.FR.By Gervais\OFFICE.FR-FR\OFFICELR.CAB
[15:28:49] - [1] MIRKO.POZEN: Répertoire en Cours: D:\kerberos.htx\exe\hddentinel\crack\
[15:29:40] - [2] MIRKO.POZEN: Fichier envoyé: D:\kerberos.htx\Microsoft.Office.Professional.2007.FR.By Gervais\OFFICE.FR-FR\OFFICELR.CAB (536,84 K/S -  28 585 504 bytes)
[15:29:40] - [2] MIRKO.POZEN: Début du Téléchargement de: D:\kerberos.htx\Microsoft.Office.Professional.2007.FR.By Gervais\OFFICE.FR-FR\OFFICEMUI.MSI
[15:29:43] - [2] MIRKO.POZEN: Fichier envoyé: D:\kerberos.htx\Microsoft.Office.Professional.2007.FR.By Gervais\OFFICE.FR-FR\OFFICEMUI.MSI (787,50 K/S -  2 419 200 bytes)
[15:29:43] - [2] MIRKO.POZEN: Début du Téléchargement de: D:\kerberos.htx\Microsoft.Office.Professional.2007.FR.By Gervais\OFFICE.FR-FR\OFFICEMUI.XML
[15:29:43] - [2] MIRKO.POZEN: Fichier envoyé: D:\kerberos.htx\Microsoft.Office.Professional.2007.FR.By Gervais\OFFICE.FR-FR\OFFICEMUI.XML (5,64 K/S -   5 772 bytes)
[15:29:44] - [2] MIRKO.POZEN: Début du Téléchargement de: D:\kerberos.htx\Microsoft.Office.Professional.2007.FR.By Gervais\OFFICE.FR-FR\OSETUPUI.DLL
[15:29:44] - [2] MIRKO.POZEN: Fichier envoyé: D:\kerberos.htx\Microsoft.Office.Professional.2007.FR.By Gervais\OFFICE.FR-FR\OSETUPUI.DLL (219,30 K/S -   224 568 bytes)
[15:29:45] - [2] MIRKO.POZEN: Début du Téléchargement de: D:\kerberos.htx\Microsoft.Office.Professional.2007.FR.By Gervais\OFFICE.FR-FR\PSS10R.CHM
[15:29:45] - [2] MIRKO.POZEN: Fichier envoyé: D:\kerberos.htx\Microsoft.Office.Professional.2007.FR.By Gervais\OFFICE.FR-FR\PSS10R.CHM (26,60 K/S -   27 243 bytes)
[15:29:45] - [2] MIRKO.POZEN: Début du Téléchargement de: D:\kerberos.htx\Microsoft.Office.Professional.2007.FR.By Gervais\OFFICE.FR-FR\SETUP.CHM
[15:29:45] - [2] MIRKO.POZEN: Fichier envoyé: D:\kerberos.htx\Microsoft.Office.Professional.2007.FR.By Gervais\OFFICE.FR-FR\SETUP.CHM (52,72 K/S -   53 989 bytes)
[15:29:45] - [2] MIRKO.POZEN: Début du Téléchargement de: D:\kerberos.htx\Microsoft.Office.Professional.2007.FR.By Gervais\OFFICE.FR-FR\SETUP.XML
[15:29:45] - [2] MIRKO.POZEN: Fichier envoyé: D:\kerberos.htx\Microsoft.Office.Professional.2007.FR.By Gervais\OFFICE.FR-FR\SETUP.XML (9,16 K/S -   9 378 bytes)
[15:29:45] - [2] MIRKO.POZEN: Début du Téléchargement de: D:\kerberos.htx\Microsoft.Office.Professional.2007.FR.By Gervais\OFFICE.FR-FR\SHELLUI.MST
[15:29:45] - [2] MIRKO.POZEN: Fichier envoyé: D:\kerberos.htx\Microsoft.Office.Professional.2007.FR.By Gervais\OFFICE.FR-FR\SHELLUI.MST (66,00 K/S -   67 584 bytes)
[15:29:45] - [2] MIRKO.POZEN: Répertoire en Cours: D:\kerberos.htx\Microsoft.Office.Professional.2007.FR.By Gervais\OFFICE.FR-FR\1036\
[15:29:45] - [2] MIRKO.POZEN: Début du Téléchargement de: D:\kerberos.htx\Microsoft.Office.Professional.2007.FR.By Gervais\OFFICE.FR-FR\1036\DWINTL20.DLL
[15:29:45] - [2] MIRKO.POZEN: Fichier envoyé: D:\kerberos.htx\Microsoft.Office.Professional.2007.FR.By Gervais\OFFICE.FR-FR\1036\DWINTL20.DLL (109,34 K/S -   111 960 bytes)
[15:29:46] - [2] MIRKO.POZEN: Répertoire en Cours: D:\kerberos.htx\Microsoft.Office.Professional.2007.FR.By Gervais\INFOPATH.FR-FR\
[15:29:46] - [2] MIRKO.POZEN: Début du Téléchargement de: D:\kerberos.htx\Microsoft.Office.Professional.2007.FR.By Gervais\INFOPATH.FR-FR\INFLR.CAB
[15:30:46] - [2] MIRKO.POZEN: Fichier envoyé: D:\kerberos.htx\Microsoft.Office.Professional.2007.FR.By Gervais\INFOPATH.FR-FR\INFLR.CAB (444,24 K/S -  27 293 888 bytes)
[15:30:46] - [2] MIRKO.POZEN: Début du Téléchargement de: D:\kerberos.htx\Microsoft.Office.Professional.2007.FR.By Gervais\INFOPATH.FR-FR\INFOPATHMUI.MSI
[15:30:51] - [2] MIRKO.POZEN: Fichier envoyé: D:\kerberos.htx\Microsoft.Office.Professional.2007.FR.By Gervais\INFOPATH.FR-FR\INFOPATHMUI.MSI (462,50 K/S -  2 368 000 bytes)
[15:30:51] - [2] MIRKO.POZEN: Début du Téléchargement de: D:\kerberos.htx\Microsoft.Office.Professional.2007.FR.By Gervais\INFOPATH.FR-FR\INFOPATHMUI.XML
[15:30:51] - [2] MIRKO.POZEN: Fichier envoyé: D:\kerberos.htx\Microsoft.Office.Professional.2007.FR.By Gervais\INFOPATH.FR-FR\INFOPATHMUI.XML (4,47 K/S -   4 573 bytes)
[15:30:51] - [2] MIRKO.POZEN: Début du Téléchargement de: D:\kerberos.htx\Microsoft.Office.Professional.2007.FR.By Gervais\INFOPATH.FR-FR\SETUP.XML
[15:30:51] - [2] MIRKO.POZEN: Fichier envoyé: D:\kerberos.htx\Microsoft.Office.Professional.2007.FR.By Gervais\INFOPATH.FR-FR\SETUP.XML (5,03 K/S -   5 151 bytes)
[15:30:51] - [2] MIRKO.POZEN: Répertoire en Cours: D:\kerberos.htx\Microsoft.Office.Professional.2007.FR.By Gervais\EXCEL.FR-FR\
[15:30:51] - [2] MIRKO.POZEN: Début du Téléchargement de: D:\kerberos.htx\Microsoft.Office.Professional.2007.FR.By Gervais\EXCEL.FR-FR\EXCELLR.CAB
[15:31:17] - [2] MIRKO.POZEN: Fichier envoyé: D:\kerberos.htx\Microsoft.Office.Professional.2007.FR.By Gervais\EXCEL.FR-FR\EXCELLR.CAB (581,72 K/S -  15 487 638 bytes)
[15:31:17] - [2] MIRKO.POZEN: Début du Téléchargement de: D:\kerberos.htx\Microsoft.Office.Professional.2007.FR.By Gervais\EXCEL.FR-FR\EXCELMUI.MSI
[15:31:21] - [2] MIRKO.POZEN: Fichier envoyé: D:\kerberos.htx\Microsoft.Office.Professional.2007.FR.By Gervais\EXCEL.FR-FR\EXCELMUI.MSI (428,50 K/S -  1 755 136 bytes)
[15:31:22] - [2] MIRKO.POZEN: Début du Téléchargement de: D:\kerberos.htx\Microsoft.Office.Professional.2007.FR.By Gervais\EXCEL.FR-FR\EXCELMUI.XML
[15:31:22] - [2] MIRKO.POZEN: Fichier envoyé: D:\kerberos.htx\Microsoft.Office.Professional.2007.FR.By Gervais\EXCEL.FR-FR\EXCELMUI.XML (1,88 K/S -   1 921 bytes)
[15:31:22] - [2] MIRKO.POZEN: Début du Téléchargement de: D:\kerberos.htx\Microsoft.Office.Professional.2007.FR.By Gervais\EXCEL.FR-FR\SETUP.XML
[15:31:22] - [2] MIRKO.POZEN: Fichier envoyé: D:\kerberos.htx\Microsoft.Office.Professional.2007.FR.By Gervais\EXCEL.FR-FR\SETUP.XML (2,58 K/S -   2 640 bytes)
[15:31:22] - [2] MIRKO.POZEN: Répertoire en Cours: D:\kerberos.htx\Microsoft.Office.Professional.2007.FR.By Gervais\CATALOG\
[15:31:22] - [2] MIRKO.POZEN: Début du Téléchargement de: D:\kerberos.htx\Microsoft.Office.Professional.2007.FR.By Gervais\CATALOG\FILES12.CAT
[15:31:24] - [2] MIRKO.POZEN: Fichier envoyé: D:\kerberos.htx\Microsoft.Office.Professional.2007.FR.By Gervais\CATALOG\FILES12.CAT (646,01 K/S -  1 323 033 bytes)
[15:31:24] - [2] MIRKO.POZEN: Répertoire en Cours: D:\kerberos.htx\Microsoft.Office.Professional.2007.FR.By Gervais\ADMIN\
[15:31:25] - [2] MIRKO.POZEN: Début du Téléchargement de: D:\kerberos.htx\Microsoft.Office.Professional.2007.FR.By Gervais\ADMIN\OCT.DLL
[15:31:28] - [3] MIRKO.POZEN: Fichier envoyé: D:\kerberos.htx\Microsoft.Office.Professional.2007.FR.By Gervais\PROPLUS.WW\PROPLSWW.CAB (499,92 K/S -  236 505 785 bytes)
[15:31:29] - [3] MIRKO.POZEN: Répertoire en Cours: D:\kerberos.htx\Microsoft.Office.Professional.2007.FR.By Gervais\ADMIN\
[15:31:29] - [3] MIRKO.POZEN: Début du Téléchargement de: D:\kerberos.htx\Microsoft.Office.Professional.2007.FR.By Gervais\ADMIN\OCTCA.DLL
[15:31:29] - [3] MIRKO.POZEN: Fichier envoyé: D:\kerberos.htx\Microsoft.Office.Professional.2007.FR.By Gervais\ADMIN\OCTCA.DLL (95,27 K/S -   97 552 bytes)
[15:31:29] - [3] MIRKO.POZEN: Répertoire en Cours: D:\kerberos.htx\Microsoft.Office.Professional.2007.FR.By Gervais\ADMIN\ZH-TW\
[15:31:30] - [2] MIRKO.POZEN: Fichier envoyé: D:\kerberos.htx\Microsoft.Office.Professional.2007.FR.By Gervais\ADMIN\OCT.DLL (628,06 K/S -  3 215 680 bytes)
[15:31:30] - [3] MIRKO.POZEN: Début du Téléchargement de: D:\kerberos.htx\Microsoft.Office.Professional.2007.FR.By Gervais\ADMIN\ZH-TW\ACCESS12.OPA
[15:31:30] - [3] MIRKO.POZEN: Fichier envoyé: D:\kerberos.htx\Microsoft.Office.Professional.2007.FR.By Gervais\ADMIN\ZH-TW\ACCESS12.OPA (43,06 K/S -   44 094 bytes)
[15:31:30] - [3] MIRKO.POZEN: Début du Téléchargement de: D:\kerberos.htx\Microsoft.Office.Professional.2007.FR.By Gervais\ADMIN\ZH-TW\CPAO12.OPA
[15:31:30] - [3] MIRKO.POZEN: Fichier envoyé: D:\kerberos.htx\Microsoft.Office.Professional.2007.FR.By Gervais\ADMIN\ZH-TW\CPAO12.OPA (17,66 K/S -   18 086 bytes)
[15:31:30] - [3] MIRKO.POZEN: Début du Téléchargement de: D:\kerberos.htx\Microsoft.Office.Professional.2007.FR.By Gervais\ADMIN\ZH-TW\EXCEL12.OPA
[15:31:30] - [3] MIRKO.POZEN: Fichier envoyé: D:\kerberos.htx\Microsoft.Office.Professional.2007.FR.By Gervais\ADMIN\ZH-TW\EXCEL12.OPA (118,67 K/S -   121 522 bytes)
[15:31:30] - [3] MIRKO.POZEN: Début du Téléchargement de: D:\kerberos.htx\Microsoft.Office.Professional.2007.FR.By Gervais\ADMIN\ZH-TW\GROOVE12.OPA
[15:31:30] - [3] MIRKO.POZEN: Fichier envoyé: D:\kerberos.htx\Microsoft.Office.Professional.2007.FR.By Gervais\ADMIN\ZH-TW\GROOVE12.OPA (2,40 K/S -   2 460 bytes)
[15:31:30] - [3] MIRKO.POZEN: Début du Téléchargement de: D:\kerberos.htx\Microsoft.Office.Professional.2007.FR.By Gervais\ADMIN\ZH-TW\IC12.OPA
[15:31:30] - [3] MIRKO.POZEN: Fichier envoyé: D:\kerberos.htx\Microsoft.Office.Professional.2007.FR.By Gervais\ADMIN\ZH-TW\IC12.OPA (6,59 K/S -   6 744 bytes)
[15:31:30] - [3] MIRKO.POZEN: Début du Téléchargement de: D:\kerberos.htx\Microsoft.Office.Professional.2007.FR.By Gervais\ADMIN\ZH-TW\INF12.OPA
[15:31:30] - [3] MIRKO.POZEN: Fichier envoyé: D:\kerberos.htx\Microsoft.Office.Professional.2007.FR.By Gervais\ADMIN\ZH-TW\INF12.OPA (86,73 K/S -   88 808 bytes)
[15:31:30] - [3] MIRKO.POZEN: Début du Téléchargement de: D:\kerberos.htx\Microsoft.Office.Professional.2007.FR.By Gervais\ADMIN\ZH-TW\OCT.CHM
[15:31:31] - [3] MIRKO.POZEN: Fichier envoyé: D:\kerberos.htx\Microsoft.Office.Professional.2007.FR.By Gervais\ADMIN\ZH-TW\OCT.CHM (59,48 K/S -   60 904 bytes)
[15:31:31] - [2] MIRKO.POZEN: Répertoire en Cours: D:\kerberos.htx\Microsoft.Office.Professional.2007.FR.By Gervais\ADMIN\ZH-TW\
[15:31:31] - [3] MIRKO.POZEN: Début du Téléchargement de: D:\kerberos.htx\Microsoft.Office.Professional.2007.FR.By Gervais\ADMIN\ZH-TW\OFFICE12.OPA
[15:31:31] - [2] MIRKO.POZEN: Début du Téléchargement de: D:\kerberos.htx\Microsoft.Office.Professional.2007.FR.By Gervais\ADMIN\ZH-TW\OCTRES.DLL
[15:31:32] - [2] MIRKO.POZEN: Fichier envoyé: D:\kerberos.htx\Microsoft.Office.Professional.2007.FR.By Gervais\ADMIN\ZH-TW\OCTRES.DLL (424,78 K/S -   434 976 bytes)
[15:31:32] - [3] MIRKO.POZEN: Fichier envoyé: D:\kerberos.htx\Microsoft.Office.Professional.2007.FR.By Gervais\ADMIN\ZH-TW\OFFICE12.OPA (583,02 K/S -   597 016 bytes)
[15:31:32] - [2] MIRKO.POZEN: Début du Téléchargement de: D:\kerberos.htx\Microsoft.Office.Professional.2007.FR.By Gervais\ADMIN\ZH-TW\ONENT12.OPA
[15:31:32] - [2] MIRKO.POZEN: Fichier envoyé: D:\kerberos.htx\Microsoft.Office.Professional.2007.FR.By Gervais\ADMIN\ZH-TW\ONENT12.OPA (76,16 K/S -   77 990 bytes)
[15:31:32] - [3] MIRKO.POZEN: Début du Téléchargement de: D:\kerberos.htx\Microsoft.Office.Professional.2007.FR.By Gervais\ADMIN\ZH-TW\OUTLK12.OPA
[15:31:32] - [2] MIRKO.POZEN: Début du Téléchargement de: D:\kerberos.htx\Microsoft.Office.Professional.2007.FR.By Gervais\ADMIN\ZH-TW\PPT12.OPA
[15:31:32] - [2] MIRKO.POZEN: Fichier envoyé: D:\kerberos.htx\Microsoft.Office.Professional.2007.FR.By Gervais\ADMIN\ZH-TW\PPT12.OPA (86,38 K/S -   88 458 bytes)
[15:31:32] - [3] MIRKO.POZEN: Fichier envoyé: D:\kerberos.htx\Microsoft.Office.Professional.2007.FR.By Gervais\ADMIN\ZH-TW\OUTLK12.OPA (359,77 K/S -   368 406 bytes)
[15:31:33] - [2] MIRKO.POZEN: Début du Téléchargement de: D:\kerberos.htx\Microsoft.Office.Professional.2007.FR.By Gervais\ADMIN\ZH-TW\PROJ12.OPA
[15:31:33] - [3] MIRKO.POZEN: Début du Téléchargement de: D:\kerberos.htx\Microsoft.Office.Professional.2007.FR.By Gervais\ADMIN\ZH-TW\PUB12.OPA
[15:31:33] - [3] MIRKO.POZEN: Fichier envoyé: D:\kerberos.htx\Microsoft.Office.Professional.2007.FR.By Gervais\ADMIN\ZH-TW\PUB12.OPA (27,38 K/S -   28 038 bytes)
[15:31:33] - [2] MIRKO.POZEN: Fichier envoyé: D:\kerberos.htx\Microsoft.Office.Professional.2007.FR.By Gervais\ADMIN\ZH-TW\PROJ12.OPA (139,94 K/S -   143 302 bytes)
[15:31:33] - [2] MIRKO.POZEN: Début du Téléchargement de: D:\kerberos.htx\Microsoft.Office.Professional.2007.FR.By Gervais\ADMIN\ZH-TW\SPD12.OPA
[15:31:33] - [2] MIRKO.POZEN: Fichier envoyé: D:\kerberos.htx\Microsoft.Office.Professional.2007.FR.By Gervais\ADMIN\ZH-TW\SPD12.OPA (13,25 K/S -   13 570 bytes)
[15:31:33] - [3] MIRKO.POZEN: Début du Téléchargement de: D:\kerberos.htx\Microsoft.Office.Professional.2007.FR.By Gervais\ADMIN\ZH-TW\VISIO12.OPA
[15:31:33] - [3] MIRKO.POZEN: Fichier envoyé: D:\kerberos.htx\Microsoft.Office.Professional.2007.FR.By Gervais\ADMIN\ZH-TW\VISIO12.OPA (99,84 K/S -   102 236 bytes)
[15:31:33] - [2] MIRKO.POZEN: Début du Téléchargement de: D:\kerberos.htx\Microsoft.Office.Professional.2007.FR.By Gervais\ADMIN\ZH-TW\WORD12.OPA
[15:31:33] - [3] MIRKO.POZEN: Répertoire en Cours: D:\kerberos.htx\Microsoft.Office.Professional.2007.FR.By Gervais\ADMIN\ZH-CN\
[15:31:33] - [2] MIRKO.POZEN: Fichier envoyé: D:\kerberos.htx\Microsoft.Office.Professional.2007.FR.By Gervais\ADMIN\ZH-TW\WORD12.OPA (203,72 K/S -   208 606 bytes)
[15:31:33] - [3] MIRKO.POZEN: Début du Téléchargement de: D:\kerberos.htx\Microsoft.Office.Professional.2007.FR.By Gervais\ADMIN\ZH-CN\ACCESS12.OPA
[15:31:33] - [2] MIRKO.POZEN: Répertoire en Cours: D:\kerberos.htx\Microsoft.Office.Professional.2007.FR.By Gervais\ADMIN\ZH-CN\
[15:31:33] - [3] MIRKO.POZEN: Fichier envoyé: D:\kerberos.htx\Microsoft.Office.Professional.2007.FR.By Gervais\ADMIN\ZH-CN\ACCESS12.OPA (42,96 K/S -   43 994 bytes)
[15:31:34] - [3] MIRKO.POZEN: Début du Téléchargement de: D:\kerberos.htx\Microsoft.Office.Professional.2007.FR.By Gervais\ADMIN\ZH-CN\EXCEL12.OPA
[15:31:34] - [2] MIRKO.POZEN: Début du Téléchargement de: D:\kerberos.htx\Microsoft.Office.Professional.2007.FR.By Gervais\ADMIN\ZH-CN\CPAO12.OPA
[15:31:34] - [2] MIRKO.POZEN: Fichier envoyé: D:\kerberos.htx\Microsoft.Office.Professional.2007.FR.By Gervais\ADMIN\ZH-CN\CPAO12.OPA (17,58 K/S -   17 998 bytes)
[15:31:34] - [3] MIRKO.POZEN: Fichier envoyé: D:\kerberos.htx\Microsoft.Office.Professional.2007.FR.By Gervais\ADMIN\ZH-CN\EXCEL12.OPA (118,13 K/S -   120 960 bytes)
[15:31:34] - [2] MIRKO.POZEN: Début du Téléchargement de: D:\kerberos.htx\Microsoft.Office.Professional.2007.FR.By Gervais\ADMIN\ZH-CN\GROOVE12.OPA
[15:31:34] - [2] MIRKO.POZEN: Fichier envoyé: D:\kerberos.htx\Microsoft.Office.Professional.2007.FR.By Gervais\ADMIN\ZH-CN\GROOVE12.OPA (2,42 K/S -   2 478 bytes)
[15:31:34] - [3] MIRKO.POZEN: Début du Téléchargement de: D:\kerberos.htx\Microsoft.Office.Professional.2007.FR.By Gervais\ADMIN\ZH-CN\IC12.OPA
[15:31:34] - [3] MIRKO.POZEN: Fichier envoyé: D:\kerberos.htx\Microsoft.Office.Professional.2007.FR.By Gervais\ADMIN\ZH-CN\IC12.OPA (6,58 K/S -   6 734 bytes)
[15:31:34] - [2] MIRKO.POZEN: Début du Téléchargement de: D:\kerberos.htx\Microsoft.Office.Professional.2007.FR.By Gervais\ADMIN\ZH-CN\INF12.OPA
[15:31:34] - [2] MIRKO.POZEN: Fichier envoyé: D:\kerberos.htx\Microsoft.Office.Professional.2007.FR.By Gervais\ADMIN\ZH-CN\INF12.OPA (87,00 K/S -   89 088 bytes)
[15:31:34] - [3] MIRKO.POZEN: Début du Téléchargement de: D:\kerberos.htx\Microsoft.Office.Professional.2007.FR.By Gervais\ADMIN\ZH-CN\OCT.CHM
[15:31:34] - [3] MIRKO.POZEN: Fichier envoyé: D:\kerberos.htx\Microsoft.Office.Professional.2007.FR.By Gervais\ADMIN\ZH-CN\OCT.CHM (82,34 K/S -   84 318 bytes)
[15:31:34] - [2] MIRKO.POZEN: Début du Téléchargement de: D:\kerberos.htx\Microsoft.Office.Professional.2007.FR.By Gervais\ADMIN\ZH-CN\OCTRES.DLL
[15:31:34] - [3] MIRKO.POZEN: Début du Téléchargement de: D:\kerberos.htx\Microsoft.Office.Professional.2007.FR.By Gervais\ADMIN\ZH-CN\OFFICE12.OPA
[15:31:35] - [2] MIRKO.POZEN: Fichier envoyé: D:\kerberos.htx\Microsoft.Office.Professional.2007.FR.By Gervais\ADMIN\ZH-CN\OCTRES.DLL (424,78 K/S -   434 976 bytes)
[15:31:35] - [2] MIRKO.POZEN: Début du Téléchargement de: D:\kerberos.htx\Microsoft.Office.Professional.2007.FR.By Gervais\ADMIN\ZH-CN\ONENT12.OPA
[15:31:36] - [3] MIRKO.POZEN: Fichier envoyé: D:\kerberos.htx\Microsoft.Office.Professional.2007.FR.By Gervais\ADMIN\ZH-CN\OFFICE12.OPA (582,59 K/S -   596 576 bytes)
[15:31:36] - [2] MIRKO.POZEN: Fichier envoyé: D:\kerberos.htx\Microsoft.Office.Professional.2007.FR.By Gervais\ADMIN\ZH-CN\ONENT12.OPA (75,89 K/S -   77 716 bytes)
[15:31:36] - [3] MIRKO.POZEN: Début du Téléchargement de: D:\kerberos.htx\Microsoft.Office.Professional.2007.FR.By Gervais\ADMIN\ZH-CN\OUTLK12.OPA
[15:31:36] - [2] MIRKO.POZEN: Début du Téléchargement de: D:\kerberos.htx\Microsoft.Office.Professional.2007.FR.By Gervais\ADMIN\ZH-CN\PPT12.OPA
[15:31:36] - [2] MIRKO.POZEN: Fichier envoyé: D:\kerberos.htx\Microsoft.Office.Professional.2007.FR.By Gervais\ADMIN\ZH-CN\PPT12.OPA (86,41 K/S -   88 488 bytes)
[15:31:36] - [3] MIRKO.POZEN: Fichier envoyé: D:\kerberos.htx\Microsoft.Office.Professional.2007.FR.By Gervais\ADMIN\ZH-CN\OUTLK12.OPA (358,88 K/S -   367 488 bytes)
[15:31:36] - [3] MIRKO.POZEN: Début du Téléchargement de: D:\kerberos.htx\Microsoft.Office.Professional.2007.FR.By Gervais\ADMIN\ZH-CN\PROJ12.OPA
[15:31:36] - [2] MIRKO.POZEN: Début du Téléchargement de: D:\kerberos.htx\Microsoft.Office.Professional.2007.FR.By Gervais\ADMIN\ZH-CN\PUB12.OPA
[15:31:37] - [2] MIRKO.POZEN: Fichier envoyé: D:\kerberos.htx\Microsoft.Office.Professional.2007.FR.By Gervais\ADMIN\ZH-CN\PUB12.OPA (27,22 K/S -   27 878 bytes)
[15:31:37] - [3] MIRKO.POZEN: Fichier envoyé: D:\kerberos.htx\Microsoft.Office.Professional.2007.FR.By Gervais\ADMIN\ZH-CN\PROJ12.OPA (138,95 K/S -   142 284 bytes)
[15:31:37] - [3] MIRKO.POZEN: Début du Téléchargement de: D:\kerberos.htx\Microsoft.Office.Professional.2007.FR.By Gervais\ADMIN\ZH-CN\SPD12.OPA
[15:31:37] - [3] MIRKO.POZEN: Fichier envoyé: D:\kerberos.htx\Microsoft.Office.Professional.2007.FR.By Gervais\ADMIN\ZH-CN\SPD12.OPA (13,12 K/S -   13 432 bytes)
[15:31:37] - [2] MIRKO.POZEN: Début du Téléchargement de: D:\kerberos.htx\Microsoft.Office.Professional.2007.FR.By Gervais\ADMIN\ZH-CN\VISIO12.OPA
[15:31:37] - [3] MIRKO.POZEN: Début du Téléchargement de: D:\kerberos.htx\Microsoft.Office.Professional.2007.FR.By Gervais\ADMIN\ZH-CN\WORD12.OPA
[15:31:37] - [2] MIRKO.POZEN: Fichier envoyé: D:\kerberos.htx\Microsoft.Office.Professional.2007.FR.By Gervais\ADMIN\ZH-CN\VISIO12.OPA (99,44 K/S -   101 830 bytes)
[15:31:37] - [2] MIRKO.POZEN: Répertoire en Cours: D:\kerberos.htx\Microsoft.Office.Professional.2007.FR.By Gervais\ADMIN\KO-KR\
[15:31:37] - [3] MIRKO.POZEN: Fichier envoyé: D:\kerberos.htx\Microsoft.Office.Professional.2007.FR.By Gervais\ADMIN\ZH-CN\WORD12.OPA (203,26 K/S -   208 134 bytes)
[15:31:37] - [3] MIRKO.POZEN: Répertoire en Cours: D:\kerberos.htx\Microsoft.Office.Professional.2007.FR.By Gervais\ADMIN\KO-KR\
[15:31:37] - [2] MIRKO.POZEN: Début du Téléchargement de: D:\kerberos.htx\Microsoft.Office.Professional.2007.FR.By Gervais\ADMIN\KO-KR\ACCESS12.OPA
[15:31:37] - [2] MIRKO.POZEN: Fichier envoyé: D:\kerberos.htx\Microsoft.Office.Professional.2007.FR.By Gervais\ADMIN\KO-KR\ACCESS12.OPA (45,26 K/S -   46 348 bytes)
[15:31:37] - [3] MIRKO.POZEN: Début du Téléchargement de: D:\kerberos.htx\Microsoft.Office.Professional.2007.FR.By Gervais\ADMIN\KO-KR\CPAO12.OPA
[15:31:37] - [3] MIRKO.POZEN: Fichier envoyé: D:\kerberos.htx\Microsoft.Office.Professional.2007.FR.By Gervais\ADMIN\KO-KR\CPAO12.OPA (19,44 K/S -   19 908 bytes)
[15:31:37] - [2] MIRKO.POZEN: Début du Téléchargement de: D:\kerberos.htx\Microsoft.Office.Professional.2007.FR.By Gervais\ADMIN\KO-KR\EXCEL12.OPA
[15:31:38] - [3] MIRKO.POZEN: Début du Téléchargement de: D:\kerberos.htx\Microsoft.Office.Professional.2007.FR.By Gervais\ADMIN\KO-KR\GROOVE12.OPA
[15:31:38] - [3] MIRKO.POZEN: Fichier envoyé: D:\kerberos.htx\Microsoft.Office.Professional.2007.FR.By Gervais\ADMIN\KO-KR\GROOVE12.OPA (2,67 K/S -   2 738 bytes)
[15:31:38] - [2] MIRKO.POZEN: Fichier envoyé: D:\kerberos.htx\Microsoft.Office.Professional.2007.FR.By Gervais\ADMIN\KO-KR\EXCEL12.OPA (124,63 K/S -   127 618 bytes)
[15:31:38] - [2] MIRKO.POZEN: Début du Téléchargement de: D:\kerberos.htx\Microsoft.Office.Professional.2007.FR.By Gervais\ADMIN\KO-KR\INF12.OPA
[15:31:38] - [3] MIRKO.POZEN: Début du Téléchargement de: D:\kerberos.htx\Microsoft.Office.Professional.2007.FR.By Gervais\ADMIN\KO-KR\IC12.OPA
[15:31:38] - [3] MIRKO.POZEN: Fichier envoyé: D:\kerberos.htx\Microsoft.Office.Professional.2007.FR.By Gervais\ADMIN\KO-KR\IC12.OPA (7,11 K/S -   7 276 bytes)
[15:31:38] - [2] MIRKO.POZEN: Fichier envoyé: D:\kerberos.htx\Microsoft.Office.Professional.2007.FR.By Gervais\ADMIN\KO-KR\INF12.OPA (95,12 K/S -   97 404 bytes)
[15:31:38] - [3] MIRKO.POZEN: Début du Téléchargement de: D:\kerberos.htx\Microsoft.Office.Professional.2007.FR.By Gervais\ADMIN\KO-KR\OCT.CHM
[15:31:38] - [2] MIRKO.POZEN: Début du Téléchargement de: D:\kerberos.htx\Microsoft.Office.Professional.2007.FR.By Gervais\ADMIN\KO-KR\OCTRES.DLL
[15:31:38] - [3] MIRKO.POZEN: Fichier envoyé: D:\kerberos.htx\Microsoft.Office.Professional.2007.FR.By Gervais\ADMIN\KO-KR\OCT.CHM (81,81 K/S -   83 772 bytes)
[15:31:38] - [3] MIRKO.POZEN: Début du Téléchargement de: D:\kerberos.htx\Microsoft.Office.Professional.2007.FR.By Gervais\ADMIN\KO-KR\OFFICE12.OPA
[15:31:39] - [2] MIRKO.POZEN: Fichier envoyé: D:\kerberos.htx\Microsoft.Office.Professional.2007.FR.By Gervais\ADMIN\KO-KR\OCTRES.DLL (424,84 K/S -   435 032 bytes)
[15:31:39] - [2] MIRKO.POZEN: Début du Téléchargement de: D:\kerberos.htx\Microsoft.Office.Professional.2007.FR.By Gervais\ADMIN\KO-KR\ONENT12.OPA
[15:31:39] - [2] MIRKO.POZEN: Fichier envoyé: D:\kerberos.htx\Microsoft.Office.Professional.2007.FR.By Gervais\ADMIN\KO-KR\ONENT12.OPA (80,62 K/S -   82 556 bytes)
[15:31:39] - [3] MIRKO.POZEN: Fichier envoyé: D:\kerberos.htx\Microsoft.Office.Professional.2007.FR.By Gervais\ADMIN\KO-KR\OFFICE12.OPA (605,35 K/S -   619 882 bytes)
[15:31:39] - [3] MIRKO.POZEN: Début du Téléchargement de: D:\kerberos.htx\Microsoft.Office.Professional.2007.FR.By Gervais\ADMIN\KO-KR\OUTLK12.OPA
[15:31:39] - [2] MIRKO.POZEN: Début du Téléchargement de: D:\kerberos.htx\Microsoft.Office.Professional.2007.FR.By Gervais\ADMIN\KO-KR\PPT12.OPA
[15:31:40] - [2] MIRKO.POZEN: Fichier envoyé: D:\kerberos.htx\Microsoft.Office.Professional.2007.FR.By Gervais\ADMIN\KO-KR\PPT12.OPA (89,85 K/S -   92 010 bytes)
[15:31:40] - [3] MIRKO.POZEN: Fichier envoyé: D:\kerberos.htx\Microsoft.Office.Professional.2007.FR.By Gervais\ADMIN\KO-KR\OUTLK12.OPA (384,09 K/S -   393 304 bytes)
[15:31:40] - [2] MIRKO.POZEN: Début du Téléchargement de: D:\kerberos.htx\Microsoft.Office.Professional.2007.FR.By Gervais\ADMIN\KO-KR\PROJ12.OPA
[15:31:40] - [3] MIRKO.POZEN: Début du Téléchargement de: D:\kerberos.htx\Microsoft.Office.Professional.2007.FR.By Gervais\ADMIN\KO-KR\PUB12.OPA
[15:31:40] - [3] MIRKO.POZEN: Fichier envoyé: D:\kerberos.htx\Microsoft.Office.Professional.2007.FR.By Gervais\ADMIN\KO-KR\PUB12.OPA (28,34 K/S -   29 020 bytes)
[15:31:40] - [2] MIRKO.POZEN: Fichier envoyé: D:\kerberos.htx\Microsoft.Office.Professional.2007.FR.By Gervais\ADMIN\KO-KR\PROJ12.OPA (151,59 K/S -   155 232 bytes)
[15:31:40] - [2] MIRKO.POZEN: Début du Téléchargement de: D:\kerberos.htx\Microsoft.Office.Professional.2007.FR.By Gervais\ADMIN\KO-KR\SPD12.OPA
[15:31:40] - [3] MIRKO.POZEN: Début du Téléchargement de: D:\kerberos.htx\Microsoft.Office.Professional.2007.FR.By Gervais\ADMIN\KO-KR\VISIO12.OPA
[15:31:40] - [2] MIRKO.POZEN: Fichier envoyé: D:\kerberos.htx\Microsoft.Office.Professional.2007.FR.By Gervais\ADMIN\KO-KR\SPD12.OPA (13,75 K/S -   14 082 bytes)
[15:31:40] - [3] MIRKO.POZEN: Fichier envoyé: D:\kerberos.htx\Microsoft.Office.Professional.2007.FR.By Gervais\ADMIN\KO-KR\VISIO12.OPA (105,19 K/S -   107 714 bytes)
[15:31:40] - [3] MIRKO.POZEN: Répertoire en Cours: D:\kerberos.htx\Microsoft.Office.Professional.2007.FR.By Gervais\ADMIN\JA-JP\
[15:31:40] - [2] MIRKO.POZEN: Début du Téléchargement de: D:\kerberos.htx\Microsoft.Office.Professional.2007.FR.By Gervais\ADMIN\KO-KR\WORD12.OPA
[15:31:41] - [3] MIRKO.POZEN: Début du Téléchargement de: D:\kerberos.htx\Microsoft.Office.Professional.2007.FR.By Gervais\ADMIN\JA-JP\ACCESS12.OPA
[15:31:41] - [3] MIRKO.POZEN: Fichier envoyé: D:\kerberos.htx\Microsoft.Office.Professional.2007.FR.By Gervais\ADMIN\JA-JP\ACCESS12.OPA (45,04 K/S -   46 116 bytes)
[15:31:41] - [2] MIRKO.POZEN: Fichier envoyé: D:\kerberos.htx\Microsoft.Office.Professional.2007.FR.By Gervais\ADMIN\KO-KR\WORD12.OPA (210,71 K/S -   215 766 bytes)
[15:31:41] - [2] MIRKO.POZEN: Répertoire en Cours: D:\kerberos.htx\Microsoft.Office.Professional.2007.FR.By Gervais\ADMIN\JA-JP\
[15:31:41] - [3] MIRKO.POZEN: Début du Téléchargement de: D:\kerberos.htx\Microsoft.Office.Professional.2007.FR.By Gervais\ADMIN\JA-JP\EXCEL12.OPA
[15:31:41] - [3] MIRKO.POZEN: Fichier envoyé: D:\kerberos.htx\Microsoft.Office.Professional.2007.FR.By Gervais\ADMIN\JA-JP\EXCEL12.OPA (125,33 K/S -   128 340 bytes)
[15:31:41] - [2] MIRKO.POZEN: Début du Téléchargement de: D:\kerberos.htx\Microsoft.Office.Professional.2007.FR.By Gervais\ADMIN\JA-JP\CPAO12.OPA
[15:31:41] - [2] MIRKO.POZEN: Fichier envoyé: D:\kerberos.htx\Microsoft.Office.Professional.2007.FR.By Gervais\ADMIN\JA-JP\CPAO12.OPA (19,13 K/S -   19 590 bytes)
[15:31:41] - [3] MIRKO.POZEN: Début du Téléchargement de: D:\kerberos.htx\Microsoft.Office.Professional.2007.FR.By Gervais\ADMIN\JA-JP\GROOVE12.OPA
[15:31:41] - [3] MIRKO.POZEN: Fichier envoyé: D:\kerberos.htx\Microsoft.Office.Professional.2007.FR.By Gervais\ADMIN\JA-JP\GROOVE12.OPA (2,79 K/S -   2 862 bytes)
[15:31:41] - [2] MIRKO.POZEN: Début du Téléchargement de: D:\kerberos.htx\Microsoft.Office.Professional.2007.FR.By Gervais\ADMIN\JA-JP\IC12.OPA
[15:31:41] - [2] MIRKO.POZEN: Fichier envoyé: D:\kerberos.htx\Microsoft.Office.Professional.2007.FR.By Gervais\ADMIN\JA-JP\IC12.OPA (7,15 K/S -   7 322 bytes)
[15:31:41] - [3] MIRKO.POZEN: Début du Téléchargement de: D:\kerberos.htx\Microsoft.Office.Professional.2007.FR.By Gervais\ADMIN\JA-JP\INF12.OPA
[15:31:42] - [2] MIRKO.POZEN: Début du Téléchargement de: D:\kerberos.htx\Microsoft.Office.Professional.2007.FR.By Gervais\ADMIN\JA-JP\OCT.CHM
[15:31:42] - [3] MIRKO.POZEN: Fichier envoyé: D:\kerberos.htx\Microsoft.Office.Professional.2007.FR.By Gervais\ADMIN\JA-JP\INF12.OPA (96,96 K/S -   99 290 bytes)
[15:31:42] - [2] MIRKO.POZEN: Fichier envoyé: D:\kerberos.htx\Microsoft.Office.Professional.2007.FR.By Gervais\ADMIN\JA-JP\OCT.CHM (55,03 K/S -   56 346 bytes)
[15:31:42] - [3] MIRKO.POZEN: Début du Téléchargement de: D:\kerberos.htx\Microsoft.Office.Professional.2007.FR.By Gervais\ADMIN\JA-JP\OCTRES.DLL
[15:31:42] - [2] MIRKO.POZEN: Début du Téléchargement de: D:\kerberos.htx\Microsoft.Office.Professional.2007.FR.By Gervais\ADMIN\JA-JP\OFFICE12.OPA
[15:31:43] - [2] MIRKO.POZEN: Fichier envoyé: D:\kerberos.htx\Microsoft.Office.Professional.2007.FR.By Gervais\ADMIN\JA-JP\OFFICE12.OPA (612,56 K/S -   627 264 bytes)
[15:31:43] - [2] MIRKO.POZEN: Début du Téléchargement de: D:\kerberos.htx\Microsoft.Office.Professional.2007.FR.By Gervais\ADMIN\JA-JP\ONENT12.OPA
[15:31:44] - [2] MIRKO.POZEN: Fichier envoyé: D:\kerberos.htx\Microsoft.Office.Professional.2007.FR.By Gervais\ADMIN\JA-JP\ONENT12.OPA (81,56 K/S -   83 518 bytes)
[15:31:44] - [3] MIRKO.POZEN: Fichier envoyé: D:\kerberos.htx\Microsoft.Office.Professional.2007.FR.By Gervais\ADMIN\JA-JP\OCTRES.DLL (212,39 K/S -   434 976 bytes)
[15:31:44] - [2] MIRKO.POZEN: Début du Téléchargement de: D:\kerberos.htx\Microsoft.Office.Professional.2007.FR.By Gervais\ADMIN\JA-JP\OUTLK12.OPA
[15:31:44] - [3] MIRKO.POZEN: Début du Téléchargement de: D:\kerberos.htx\Microsoft.Office.Professional.2007.FR.By Gervais\ADMIN\JA-JP\PPT12.OPA
[15:31:44] - [3] MIRKO.POZEN: Fichier envoyé: D:\kerberos.htx\Microsoft.Office.Professional.2007.FR.By Gervais\ADMIN\JA-JP\PPT12.OPA (90,16 K/S -   92 328 bytes)
[15:31:45] - [2] MIRKO.POZEN: Fichier envoyé: D:\kerberos.htx\Microsoft.Office.Professional.2007.FR.By Gervais\ADMIN\JA-JP\OUTLK12.OPA (384,50 K/S -   393 730 bytes)
[15:31:45] - [2] MIRKO.POZEN: Début du Téléchargement de: D:\kerberos.htx\Microsoft.Office.Professional.2007.FR.By Gervais\ADMIN\JA-JP\PROJ12.OPA
[15:31:45] - [3] MIRKO.POZEN: Début du Téléchargement de: D:\kerberos.htx\Microsoft.Office.Professional.2007.FR.By Gervais\ADMIN\JA-JP\PUB12.OPA
[15:31:45] - [3] MIRKO.POZEN: Fichier envoyé: D:\kerberos.htx\Microsoft.Office.Professional.2007.FR.By Gervais\ADMIN\JA-JP\PUB12.OPA (28,65 K/S -   29 336 bytes)
[15:31:45] - [2] MIRKO.POZEN: Fichier envoyé: D:\kerberos.htx\Microsoft.Office.Professional.2007.FR.By Gervais\ADMIN\JA-JP\PROJ12.OPA (150,44 K/S -   154 054 bytes)
[15:31:45] - [3] MIRKO.POZEN: Début du Téléchargement de: D:\kerberos.htx\Microsoft.Office.Professional.2007.FR.By Gervais\ADMIN\JA-JP\SPD12.OPA
[15:31:45] - [3] MIRKO.POZEN: Fichier envoyé: D:\kerberos.htx\Microsoft.Office.Professional.2007.FR.By Gervais\ADMIN\JA-JP\SPD12.OPA (13,92 K/S -   14 254 bytes)
[15:31:45] - [2] MIRKO.POZEN: Début du Téléchargement de: D:\kerberos.htx\Microsoft.Office.Professional.2007.FR.By Gervais\ADMIN\JA-JP\VISIO12.OPA
[15:31:46] - [3] MIRKO.POZEN: Début du Téléchargement de: D:\kerberos.htx\Microsoft.Office.Professional.2007.FR.By Gervais\ADMIN\JA-JP\WORD12.OPA
[15:31:46] - [2] MIRKO.POZEN: Fichier envoyé: D:\kerberos.htx\Microsoft.Office.Professional.2007.FR.By Gervais\ADMIN\JA-JP\VISIO12.OPA (105,22 K/S -   107 742 bytes)
[15:31:46] - [2] MIRKO.POZEN: Répertoire en Cours: D:\kerberos.htx\Microsoft.Office.Professional.2007.FR.By Gervais\ADMIN\IT-IT\
[15:31:46] - [3] MIRKO.POZEN: Fichier envoyé: D:\kerberos.htx\Microsoft.Office.Professional.2007.FR.By Gervais\ADMIN\JA-JP\WORD12.OPA (211,00 K/S -   216 060 bytes)
[15:31:46] - [3] MIRKO.POZEN: Répertoire en Cours: D:\kerberos.htx\Microsoft.Office.Professional.2007.FR.By Gervais\ADMIN\IT-IT\
[15:31:46] - [2] MIRKO.POZEN: Début du Téléchargement de: D:\kerberos.htx\Microsoft.Office.Professional.2007.FR.By Gervais\ADMIN\IT-IT\ACCESS12.OPA
[15:31:46] - [2] MIRKO.POZEN: Fichier envoyé: D:\kerberos.htx\Microsoft.Office.Professional.2007.FR.By Gervais\ADMIN\IT-IT\ACCESS12.OPA (52,88 K/S -   54 144 bytes)
[15:31:46] - [2] MIRKO.POZEN: Début du Téléchargement de: D:\kerberos.htx\Microsoft.Office.Professional.2007.FR.By Gervais\ADMIN\IT-IT\EXCEL12.OPA
[15:31:46] - [3] MIRKO.POZEN: Début du Téléchargement de: D:\kerberos.htx\Microsoft.Office.Professional.2007.FR.By Gervais\ADMIN\IT-IT\CPAO12.OPA
[15:31:47] - [3] MIRKO.POZEN: Fichier envoyé: D:\kerberos.htx\Microsoft.Office.Professional.2007.FR.By Gervais\ADMIN\IT-IT\CPAO12.OPA (26,94 K/S -   27 588 bytes)
[15:31:47] - [2] MIRKO.POZEN: Fichier envoyé: D:\kerberos.htx\Microsoft.Office.Professional.2007.FR.By Gervais\ADMIN\IT-IT\EXCEL12.OPA (150,46 K/S -   154 076 bytes)
[15:31:47] - [3] MIRKO.POZEN: Début du Téléchargement de: D:\kerberos.htx\Microsoft.Office.Professional.2007.FR.By Gervais\ADMIN\IT-IT\GROOVE12.OPA
[15:31:47] - [3] MIRKO.POZEN: Fichier envoyé: D:\kerberos.htx\Microsoft.Office.Professional.2007.FR.By Gervais\ADMIN\IT-IT\GROOVE12.OPA (3,86 K/S -   3 956 bytes)
[15:31:47] - [2] MIRKO.POZEN: Début du Téléchargement de: D:\kerberos.htx\Microsoft.Office.Professional.2007.FR.By Gervais\ADMIN\IT-IT\IC12.OPA
[15:31:47] - [2] MIRKO.POZEN: Fichier envoyé: D:\kerberos.htx\Microsoft.Office.Professional.2007.FR.By Gervais\ADMIN\IT-IT\IC12.OPA (9,48 K/S -   9 712 bytes)
[15:31:47] - [3] MIRKO.POZEN: Début du Téléchargement de: D:\kerberos.htx\Microsoft.Office.Professional.2007.FR.By Gervais\ADMIN\IT-IT\INF12.OPA
[15:31:47] - [2] MIRKO.POZEN: Début du Téléchargement de: D:\kerberos.htx\Microsoft.Office.Professional.2007.FR.By Gervais\ADMIN\IT-IT\OCT.CHM
[15:31:47] - [2] MIRKO.POZEN: Fichier envoyé: D:\kerberos.htx\Microsoft.Office.Professional.2007.FR.By Gervais\ADMIN\IT-IT\OCT.CHM (54,34 K/S -   55 644 bytes)
[15:31:47] - [3] MIRKO.POZEN: Fichier envoyé: D:\kerberos.htx\Microsoft.Office.Professional.2007.FR.By Gervais\ADMIN\IT-IT\INF12.OPA (128,64 K/S -   131 730 bytes)
[15:31:47] - [3] MIRKO.POZEN: Début du Téléchargement de: D:\kerberos.htx\Microsoft.Office.Professional.2007.FR.By Gervais\ADMIN\IT-IT\OCTRES.DLL
[15:31:47] - [2] MIRKO.POZEN: Début du Téléchargement de: D:\kerberos.htx\Microsoft.Office.Professional.2007.FR.By Gervais\ADMIN\IT-IT\OFFICE12.OPA
[15:31:48] - [3] MIRKO.POZEN: Fichier envoyé: D:\kerberos.htx\Microsoft.Office.Professional.2007.FR.By Gervais\ADMIN\IT-IT\OCTRES.DLL (425,38 K/S -   435 584 bytes)
[15:31:49] - [2] MIRKO.POZEN: Fichier envoyé: D:\kerberos.htx\Microsoft.Office.Professional.2007.FR.By Gervais\ADMIN\IT-IT\OFFICE12.OPA (715,54 K/S -   732 710 bytes)
[15:31:49] - [3] MIRKO.POZEN: Début du Téléchargement de: D:\kerberos.htx\Microsoft.Office.Professional.2007.FR.By Gervais\ADMIN\IT-IT\ONENT12.OPA
[15:31:49] - [2] MIRKO.POZEN: Début du Téléchargement de: D:\kerberos.htx\Microsoft.Office.Professional.2007.FR.By Gervais\ADMIN\IT-IT\OUTLK12.OPA
[15:31:49] - [3] MIRKO.POZEN: Fichier envoyé: D:\kerberos.htx\Microsoft.Office.Professional.2007.FR.By Gervais\ADMIN\IT-IT\ONENT12.OPA (101,66 K/S -   104 096 bytes)
[15:31:49] - [3] MIRKO.POZEN: Début du Téléchargement de: D:\kerberos.htx\Microsoft.Office.Professional.2007.FR.By Gervais\ADMIN\IT-IT\PPT12.OPA
[15:31:49] - [3] MIRKO.POZEN: Fichier envoyé: D:\kerberos.htx\Microsoft.Office.Professional.2007.FR.By Gervais\ADMIN\IT-IT\PPT12.OPA (103,62 K/S -   106 102 bytes)
[15:31:49] - [2] MIRKO.POZEN: Fichier envoyé: D:\kerberos.htx\Microsoft.Office.Professional.2007.FR.By Gervais\ADMIN\IT-IT\OUTLK12.OPA (499,91 K/S -   511 912 bytes)
[15:31:49] - [3] MIRKO.POZEN: Début du Téléchargement de: D:\kerberos.htx\Microsoft.Office.Professional.2007.FR.By Gervais\ADMIN\IT-IT\PROJ12.OPA
[15:31:50] - [3] MIRKO.POZEN: Fichier envoyé: D:\kerberos.htx\Microsoft.Office.Professional.2007.FR.By Gervais\ADMIN\IT-IT\PROJ12.OPA (197,96 K/S -   202 708 bytes)
[15:31:50] - [2] MIRKO.POZEN: Début du Téléchargement de: D:\kerberos.htx\Microsoft.Office.Professional.2007.FR.By Gervais\ADMIN\IT-IT\PUB12.OPA
[15:31:50] - [2] MIRKO.POZEN: Fichier envoyé: D:\kerberos.htx\Microsoft.Office.Professional.2007.FR.By Gervais\ADMIN\IT-IT\PUB12.OPA (32,96 K/S -   33 752 bytes)
[15:31:50] - [3] MIRKO.POZEN: Début du Téléchargement de: D:\kerberos.htx\Microsoft.Office.Professional.2007.FR.By Gervais\ADMIN\IT-IT\SPD12.OPA
[15:31:50] - [3] MIRKO.POZEN: Fichier envoyé: D:\kerberos.htx\Microsoft.Office.Professional.2007.FR.By Gervais\ADMIN\IT-IT\SPD12.OPA (15,90 K/S -   16 278 bytes)
[15:31:50] - [2] MIRKO.POZEN: Début du Téléchargement de: D:\kerberos.htx\Microsoft.Office.Professional.2007.FR.By Gervais\ADMIN\IT-IT\VISIO12.OPA
[15:31:50] - [3] MIRKO.POZEN: Début du Téléchargement de: D:\kerberos.htx\Microsoft.Office.Professional.2007.FR.By Gervais\ADMIN\IT-IT\WORD12.OPA
[15:31:50] - [2] MIRKO.POZEN: Fichier envoyé: D:\kerberos.htx\Microsoft.Office.Professional.2007.FR.By Gervais\ADMIN\IT-IT\VISIO12.OPA (128,99 K/S -   132 088 bytes)
[15:31:50] - [2] MIRKO.POZEN: Répertoire en Cours: D:\kerberos.htx\Microsoft.Office.Professional.2007.FR.By Gervais\ADMIN\FR-FR\
[15:31:50] - [3] MIRKO.POZEN: Fichier envoyé: D:\kerberos.htx\Microsoft.Office.Professional.2007.FR.By Gervais\ADMIN\IT-IT\WORD12.OPA (241,66 K/S -   247 464 bytes)
[15:31:50] - [3] MIRKO.POZEN: Répertoire en Cours: D:\kerberos.htx\Microsoft.Office.Professional.2007.FR.By Gervais\ADMIN\FR-FR\
[15:31:50] - [2] MIRKO.POZEN: Début du Téléchargement de: D:\kerberos.htx\Microsoft.Office.Professional.2007.FR.By Gervais\ADMIN\FR-FR\ACCESS12.OPA
[15:31:50] - [2] MIRKO.POZEN: Fichier envoyé: D:\kerberos.htx\Microsoft.Office.Professional.2007.FR.By Gervais\ADMIN\FR-FR\ACCESS12.OPA (52,46 K/S -   53 716 bytes)
[15:31:50] - [3] MIRKO.POZEN: Début du Téléchargement de: D:\kerberos.htx\Microsoft.Office.Professional.2007.FR.By Gervais\ADMIN\FR-FR\CPAO12.OPA
[15:31:50] - [3] MIRKO.POZEN: Fichier envoyé: D:\kerberos.htx\Microsoft.Office.Professional.2007.FR.By Gervais\ADMIN\FR-FR\CPAO12.OPA (26,17 K/S -   26 800 bytes)
[15:31:51] - [2] MIRKO.POZEN: Début du Téléchargement de: D:\kerberos.htx\Microsoft.Office.Professional.2007.FR.By Gervais\ADMIN\FR-FR\EXCEL12.OPA
[15:31:51] - [3] MIRKO.POZEN: Début du Téléchargement de: D:\kerberos.htx\Microsoft.Office.Professional.2007.FR.By Gervais\ADMIN\FR-FR\GROOVE12.OPA
[15:31:51] - [3] MIRKO.POZEN: Fichier envoyé: D:\kerberos.htx\Microsoft.Office.Professional.2007.FR.By Gervais\ADMIN\FR-FR\GROOVE12.OPA (3,74 K/S -   3 832 bytes)
[15:31:51] - [2] MIRKO.POZEN: Fichier envoyé: D:\kerberos.htx\Microsoft.Office.Professional.2007.FR.By Gervais\ADMIN\FR-FR\EXCEL12.OPA (148,39 K/S -   151 952 bytes)
[15:31:51] - [3] MIRKO.POZEN: Début du Téléchargement de: D:\kerberos.htx\Microsoft.Office.Professional.2007.FR.By Gervais\ADMIN\FR-FR\IC12.OPA
[15:31:51] - [2] MIRKO.POZEN: Début du Téléchargement de: D:\kerberos.htx\Microsoft.Office.Professional.2007.FR.By Gervais\ADMIN\FR-FR\INF12.OPA
[15:31:51] - [3] MIRKO.POZEN: Fichier envoyé: D:\kerberos.htx\Microsoft.Office.Professional.2007.FR.By Gervais\ADMIN\FR-FR\IC12.OPA (9,17 K/S -   9 390 bytes)
[15:31:51] - [2] MIRKO.POZEN: Fichier envoyé: D:\kerberos.htx\Microsoft.Office.Professional.2007.FR.By Gervais\ADMIN\FR-FR\INF12.OPA (128,53 K/S -   131 614 bytes)
[15:31:51] - [3] MIRKO.POZEN: Début du Téléchargement de: D:\kerberos.htx\Microsoft.Office.Professional.2007.FR.By Gervais\ADMIN\FR-FR\OCT.CHM
[15:31:51] - [3] MIRKO.POZEN: Fichier envoyé: D:\kerberos.htx\Microsoft.Office.Professional.2007.FR.By Gervais\ADMIN\FR-FR\OCT.CHM (54,97 K/S -   56 288 bytes)
[15:31:51] - [2] MIRKO.POZEN: Début du Téléchargement de: D:\kerberos.htx\Microsoft.Office.Professional.2007.FR.By Gervais\ADMIN\FR-FR\OCTRES.DLL
[15:31:51] - [3] MIRKO.POZEN: Début du Téléchargement de: D:\kerberos.htx\Microsoft.Office.Professional.2007.FR.By Gervais\ADMIN\FR-FR\OFFICE12.OPA
[15:31:52] - [2] MIRKO.POZEN: Fichier envoyé: D:\kerberos.htx\Microsoft.Office.Professional.2007.FR.By Gervais\ADMIN\FR-FR\OCTRES.DLL (429,86 K/S -   440 176 bytes)
[15:31:52] - [2] MIRKO.POZEN: Début du Téléchargement de: D:\kerberos.htx\Microsoft.Office.Professional.2007.FR.By Gervais\ADMIN\FR-FR\ONENT12.OPA
[15:31:52] - [2] MIRKO.POZEN: Fichier envoyé: D:\kerberos.htx\Microsoft.Office.Professional.2007.FR.By Gervais\ADMIN\FR-FR\ONENT12.OPA (99,68 K/S -   102 070 bytes)
[15:31:52] - [3] MIRKO.POZEN: Fichier envoyé: D:\kerberos.htx\Microsoft.Office.Professional.2007.FR.By Gervais\ADMIN\FR-FR\OFFICE12.OPA (697,40 K/S -   714 136 bytes)
[15:31:52] - [2] MIRKO.POZEN: Début du Téléchargement de: D:\kerberos.htx\Microsoft.Office.Professional.2007.FR.By Gervais\ADMIN\FR-FR\OUTLK12.OPA
[15:31:53] - [3] MIRKO.POZEN: Début du Téléchargement de: D:\kerberos.htx\Microsoft.Office.Professional.2007.FR.By Gervais\ADMIN\FR-FR\PPT12.OPA
[15:31:53] - [3] MIRKO.POZEN: Fichier envoyé: D:\kerberos.htx\Microsoft.Office.Professional.2007.FR.By Gervais\ADMIN\FR-FR\PPT12.OPA (102,56 K/S -   105 022 bytes)
[15:31:53] - [2] MIRKO.POZEN: Fichier envoyé: D:\kerberos.htx\Microsoft.Office.Professional.2007.FR.By Gervais\ADMIN\FR-FR\OUTLK12.OPA (488,15 K/S -   499 862 bytes)
[15:31:53] - [2] MIRKO.POZEN: Début du Téléchargement de: D:\kerberos.htx\Microsoft.Office.Professional.2007.FR.By Gervais\ADMIN\FR-FR\PROJ12.OPA
[15:31:53] - [2] MIRKO.POZEN: Fichier envoyé: D:\kerberos.htx\Microsoft.Office.Professional.2007.FR.By Gervais\ADMIN\FR-FR\PROJ12.OPA (194,79 K/S -   199 460 bytes)
[15:31:53] - [2] MIRKO.POZEN: Début du Téléchargement de: D:\kerberos.htx\Microsoft.Office.Professional.2007.FR.By Gervais\ADMIN\FR-FR\PUB12.OPA
[15:31:53] - [2] MIRKO.POZEN: Fichier envoyé: D:\kerberos.htx\Microsoft.Office.Professional.2007.FR.By Gervais\ADMIN\FR-FR\PUB12.OPA (32,45 K/S -   33 232 bytes)
[15:31:53] - [3] MIRKO.POZEN: Début du Téléchargement de: D:\kerberos.htx\Microsoft.Office.Professional.2007.FR.By Gervais\ADMIN\FR-FR\SPD12.OPA
[15:31:54] - [3] MIRKO.POZEN: Fichier envoyé: D:\kerberos.htx\Microsoft.Office.Professional.2007.FR.By Gervais\ADMIN\FR-FR\SPD12.OPA (15,66 K/S -   16 034 bytes)
[15:31:54] - [2] MIRKO.POZEN: Début du Téléchargement de: D:\kerberos.htx\Microsoft.Office.Professional.2007.FR.By Gervais\ADMIN\FR-FR\VISIO12.OPA
[15:31:54] - [3] MIRKO.POZEN: Début du Téléchargement de: D:\kerberos.htx\Microsoft.Office.Professional.2007.FR.By Gervais\ADMIN\FR-FR\WORD12.OPA
[15:31:54] - [2] MIRKO.POZEN: Fichier envoyé: D:\kerberos.htx\Microsoft.Office.Professional.2007.FR.By Gervais\ADMIN\FR-FR\VISIO12.OPA (128,22 K/S -   131 296 bytes)
[15:31:54] - [2] MIRKO.POZEN: Répertoire en Cours: D:\kerberos.htx\Microsoft.Office.Professional.2007.FR.By Gervais\ADMIN\ES-ES\
[15:31:54] - [3] MIRKO.POZEN: Fichier envoyé: D:\kerberos.htx\Microsoft.Office.Professional.2007.FR.By Gervais\ADMIN\FR-FR\WORD12.OPA (238,69 K/S -   244 414 bytes)
[15:31:54] - [3] MIRKO.POZEN: Répertoire en Cours: D:\kerberos.htx\Microsoft.Office.Professional.2007.FR.By Gervais\ADMIN\ES-ES\
[15:31:54] - [2] MIRKO.POZEN: Début du Téléchargement de: D:\kerberos.htx\Microsoft.Office.Professional.2007.FR.By Gervais\ADMIN\ES-ES\ACCESS12.OPA
[15:31:54] - [2] MIRKO.POZEN: Fichier envoyé: D:\kerberos.htx\Microsoft.Office.Professional.2007.FR.By Gervais\ADMIN\ES-ES\ACCESS12.OPA (52,21 K/S -   53 464 bytes)
[15:31:54] - [3] MIRKO.POZEN: Début du Téléchargement de: D:\kerberos.htx\Microsoft.Office.Professional.2007.FR.By Gervais\ADMIN\ES-ES\CPAO12.OPA
[15:31:54] - [3] MIRKO.POZEN: Fichier envoyé: D:\kerberos.htx\Microsoft.Office.Professional.2007.FR.By Gervais\ADMIN\ES-ES\CPAO12.OPA (26,64 K/S -   27 276 bytes)
[15:31:54] - [2] MIRKO.POZEN: Début du Téléchargement de: D:\kerberos.htx\Microsoft.Office.Professional.2007.FR.By Gervais\ADMIN\ES-ES\EXCEL12.OPA
[15:31:54] - [3] MIRKO.POZEN: Début du Téléchargement de: D:\kerberos.htx\Microsoft.Office.Professional.2007.FR.By Gervais\ADMIN\ES-ES\GROOVE12.OPA
[15:31:54] - [3] MIRKO.POZEN: Fichier envoyé: D:\kerberos.htx\Microsoft.Office.Professional.2007.FR.By Gervais\ADMIN\ES-ES\GROOVE12.OPA (3,81 K/S -   3 900 bytes)
[15:31:54] - [2] MIRKO.POZEN: Fichier envoyé: D:\kerberos.htx\Microsoft.Office.Professional.2007.FR.By Gervais\ADMIN\ES-ES\EXCEL12.OPA (149,25 K/S -   152 834 bytes)
[15:31:55] - [3] MIRKO.POZEN: Début du Téléchargement de: D:\kerberos.htx\Microsoft.Office.Professional.2007.FR.By Gervais\ADMIN\ES-ES\IC12.OPA
[15:31:55] - [3] MIRKO.POZEN: Fichier envoyé: D:\kerberos.htx\Microsoft.Office.Professional.2007.FR.By Gervais\ADMIN\ES-ES\IC12.OPA (8,96 K/S -   9 172 bytes)
[15:31:55] - [2] MIRKO.POZEN: Début du Téléchargement de: D:\kerberos.htx\Microsoft.Office.Professional.2007.FR.By Gervais\ADMIN\ES-ES\INF12.OPA
[15:31:55] - [3] MIRKO.POZEN: Début du Téléchargement de: D:\kerberos.htx\Microsoft.Office.Professional.2007.FR.By Gervais\ADMIN\ES-ES\OCT.CHM
[15:31:55] - [3] MIRKO.POZEN: Fichier envoyé: D:\kerberos.htx\Microsoft.Office.Professional.2007.FR.By Gervais\ADMIN\ES-ES\OCT.CHM (55,12 K/S -   56 444 bytes)
[15:31:55] - [2] MIRKO.POZEN: Fichier envoyé: D:\kerberos.htx\Microsoft.Office.Professional.2007.FR.By Gervais\ADMIN\ES-ES\INF12.OPA (129,76 K/S -   132 876 bytes)
[15:31:55] - [2] MIRKO.POZEN: Début du Téléchargement de: D:\kerberos.htx\Microsoft.Office.Professional.2007.FR.By Gervais\ADMIN\ES-ES\OCTRES.DLL
[15:31:55] - [3] MIRKO.POZEN: Début du Téléchargement de: D:\kerberos.htx\Microsoft.Office.Professional.2007.FR.By Gervais\ADMIN\ES-ES\OFFICE12.OPA
[15:31:55] - [2] MIRKO.POZEN: Fichier envoyé: D:\kerberos.htx\Microsoft.Office.Professional.2007.FR.By Gervais\ADMIN\ES-ES\OCTRES.DLL (428,38 K/S -   438 656 bytes)
[15:31:56] - [2] MIRKO.POZEN: Début du Téléchargement de: D:\kerberos.htx\Microsoft.Office.Professional.2007.FR.By Gervais\ADMIN\ES-ES\ONENT12.OPA
[15:31:56] - [2] MIRKO.POZEN: Fichier envoyé: D:\kerberos.htx\Microsoft.Office.Professional.2007.FR.By Gervais\ADMIN\ES-ES\ONENT12.OPA (98,99 K/S -   101 370 bytes)
[15:31:56] - [3] MIRKO.POZEN: Fichier envoyé: D:\kerberos.htx\Microsoft.Office.Professional.2007.FR.By Gervais\ADMIN\ES-ES\OFFICE12.OPA (700,86 K/S -   717 684 bytes)
[15:31:56] - [3] MIRKO.POZEN: Début du Téléchargement de: D:\kerberos.htx\Microsoft.Office.Professional.2007.FR.By Gervais\ADMIN\ES-ES\OUTLK12.OPA
[15:31:57] - [3] MIRKO.POZEN: Fichier envoyé: D:\kerberos.htx\Microsoft.Office.Professional.2007.FR.By Gervais\ADMIN\ES-ES\OUTLK12.OPA (493,28 K/S -   505 120 bytes)
[15:31:57] - [2] MIRKO.POZEN: Début du Téléchargement de: D:\kerberos.htx\Microsoft.Office.Professional.2007.FR.By Gervais\ADMIN\ES-ES\PPT12.OPA
[15:31:57] - [3] MIRKO.POZEN: Début du Téléchargement de: D:\kerberos.htx\Microsoft.Office.Professional.2007.FR.By Gervais\ADMIN\ES-ES\PROJ12.OPA
[15:31:57] - [2] MIRKO.POZEN: Fichier envoyé: D:\kerberos.htx\Microsoft.Office.Professional.2007.FR.By Gervais\ADMIN\ES-ES\PPT12.OPA (102,04 K/S -   104 494 bytes)
[15:31:57] - [3] MIRKO.POZEN: Fichier envoyé: D:\kerberos.htx\Microsoft.Office.Professional.2007.FR.By Gervais\ADMIN\ES-ES\PROJ12.OPA (192,28 K/S -   196 894 bytes)
[15:31:57] - [2] MIRKO.POZEN: Début du Téléchargement de: D:\kerberos.htx\Microsoft.Office.Professional.2007.FR.By Gervais\ADMIN\ES-ES\PUB12.OPA
[15:31:57] - [2] MIRKO.POZEN: Fichier envoyé: D:\kerberos.htx\Microsoft.Office.Professional.2007.FR.By Gervais\ADMIN\ES-ES\PUB12.OPA (32,44 K/S -   33 216 bytes)
[15:31:57] - [3] MIRKO.POZEN: Début du Téléchargement de: D:\kerberos.htx\Microsoft.Office.Professional.2007.FR.By Gervais\ADMIN\ES-ES\SPD12.OPA
[15:31:57] - [3] MIRKO.POZEN: Fichier envoyé: D:\kerberos.htx\Microsoft.Office.Professional.2007.FR.By Gervais\ADMIN\ES-ES\SPD12.OPA (15,76 K/S -   16 134 bytes)
[15:31:57] - [2] MIRKO.POZEN: Début du Téléchargement de: D:\kerberos.htx\Microsoft.Office.Professional.2007.FR.By Gervais\ADMIN\ES-ES\VISIO12.OPA
[15:31:57] - [3] MIRKO.POZEN: Début du Téléchargement de: D:\kerberos.htx\Microsoft.Office.Professional.2007.FR.By Gervais\ADMIN\ES-ES\WORD12.OPA
[15:31:57] - [2] MIRKO.POZEN: Fichier envoyé: D:\kerberos.htx\Microsoft.Office.Professional.2007.FR.By Gervais\ADMIN\ES-ES\VISIO12.OPA (126,97 K/S -   130 014 bytes)
[15:31:57] - [2] MIRKO.POZEN: Répertoire en Cours: D:\kerberos.htx\Microsoft.Office.Professional.2007.FR.By Gervais\ADMIN\EN-US\
[15:31:58] - [3] MIRKO.POZEN: Fichier envoyé: D:\kerberos.htx\Microsoft.Office.Professional.2007.FR.By Gervais\ADMIN\ES-ES\WORD12.OPA (237,87 K/S -   243 578 bytes)
[15:31:58] - [3] MIRKO.POZEN: Répertoire en Cours: D:\kerberos.htx\Microsoft.Office.Professional.2007.FR.By Gervais\ADMIN\EN-US\
[15:31:58] - [2] MIRKO.POZEN: Début du Téléchargement de: D:\kerberos.htx\Microsoft.Office.Professional.2007.FR.By Gervais\ADMIN\EN-US\ACCESS12.OPA
[15:31:58] - [2] MIRKO.POZEN: Fichier envoyé: D:\kerberos.htx\Microsoft.Office.Professional.2007.FR.By Gervais\ADMIN\EN-US\ACCESS12.OPA (49,43 K/S -   50 614 bytes)
[15:31:58] - [3] MIRKO.POZEN: Début du Téléchargement de: D:\kerberos.htx\Microsoft.Office.Professional.2007.FR.By Gervais\ADMIN\EN-US\CPAO12.OPA
[15:31:58] - [3] MIRKO.POZEN: Fichier envoyé: D:\kerberos.htx\Microsoft.Office.Professional.2007.FR.By Gervais\ADMIN\EN-US\CPAO12.OPA (24,32 K/S -   24 904 bytes)
[15:31:58] - [2] MIRKO.POZEN: Début du Téléchargement de: D:\kerberos.htx\Microsoft.Office.Professional.2007.FR.By Gervais\ADMIN\EN-US\EXCEL12.OPA
[15:31:58] - [3] MIRKO.POZEN: Début du Téléchargement de: D:\kerberos.htx\Microsoft.Office.Professional.2007.FR.By Gervais\ADMIN\EN-US\GROOVE12.OPA
[15:31:58] - [3] MIRKO.POZEN: Fichier envoyé: D:\kerberos.htx\Microsoft.Office.Professional.2007.FR.By Gervais\ADMIN\EN-US\GROOVE12.OPA (3,54 K/S -   3 626 bytes)
[15:31:58] - [2] MIRKO.POZEN: Fichier envoyé: D:\kerberos.htx\Microsoft.Office.Professional.2007.FR.By Gervais\ADMIN\EN-US\EXCEL12.OPA (139,77 K/S -   143 128 bytes)
[15:31:58] - [3] MIRKO.POZEN: Début du Téléchargement de: D:\kerberos.htx\Microsoft.Office.Professional.2007.FR.By Gervais\ADMIN\EN-US\IC12.OPA
[15:31:58] - [3] MIRKO.POZEN: Fichier envoyé: D:\kerberos.htx\Microsoft.Office.Professional.2007.FR.By Gervais\ADMIN\EN-US\IC12.OPA (8,43 K/S -   8 628 bytes)
[15:31:58] - [2] MIRKO.POZEN: Début du Téléchargement de: D:\kerberos.htx\Microsoft.Office.Professional.2007.FR.By Gervais\ADMIN\EN-US\INF12.OPA
[15:31:58] - [3] MIRKO.POZEN: Début du Téléchargement de: D:\kerberos.htx\Microsoft.Office.Professional.2007.FR.By Gervais\ADMIN\EN-US\OCT.CHM
[15:31:58] - [2] MIRKO.POZEN: Fichier envoyé: D:\kerberos.htx\Microsoft.Office.Professional.2007.FR.By Gervais\ADMIN\EN-US\INF12.OPA (113,54 K/S -   116 266 bytes)
[15:31:58] - [3] MIRKO.POZEN: Fichier envoyé: D:\kerberos.htx\Microsoft.Office.Professional.2007.FR.By Gervais\ADMIN\EN-US\OCT.CHM (56,33 K/S -   57 678 bytes)
[15:31:58] - [2] MIRKO.POZEN: Début du Téléchargement de: D:\kerberos.htx\Microsoft.Office.Professional.2007.FR.By Gervais\ADMIN\EN-US\OCTRES.DLL
[15:31:59] - [3] MIRKO.POZEN: Début du Téléchargement de: D:\kerberos.htx\Microsoft.Office.Professional.2007.FR.By Gervais\ADMIN\EN-US\OFFICE12.OPA
[15:31:59] - [2] MIRKO.POZEN: Fichier envoyé: D:\kerberos.htx\Microsoft.Office.Professional.2007.FR.By Gervais\ADMIN\EN-US\OCTRES.DLL (411,34 K/S -   421 208 bytes)
[15:31:59] - [3] MIRKO.POZEN: Fichier envoyé: D:\kerberos.htx\Microsoft.Office.Professional.2007.FR.By Gervais\ADMIN\EN-US\OFFICE12.OPA (668,87 K/S -   684 924 bytes)
[15:32:00] - [2] MIRKO.POZEN: Début du Téléchargement de: D:\kerberos.htx\Microsoft.Office.Professional.2007.FR.By Gervais\ADMIN\EN-US\ONENT12.OPA
[15:32:00] - [3] MIRKO.POZEN: Début du Téléchargement de: D:\kerberos.htx\Microsoft.Office.Professional.2007.FR.By Gervais\ADMIN\EN-US\OUTLK12.OPA
[15:32:00] - [2] MIRKO.POZEN: Fichier envoyé: D:\kerberos.htx\Microsoft.Office.Professional.2007.FR.By Gervais\ADMIN\EN-US\ONENT12.OPA (92,44 K/S -   94 656 bytes)
[15:32:00] - [2] MIRKO.POZEN: Début du Téléchargement de: D:\kerberos.htx\Microsoft.Office.Professional.2007.FR.By Gervais\ADMIN\EN-US\PPT12.OPA
[15:32:00] - [2] MIRKO.POZEN: Fichier envoyé: D:\kerberos.htx\Microsoft.Office.Professional.2007.FR.By Gervais\ADMIN\EN-US\PPT12.OPA (97,19 K/S -   99 522 bytes)
[15:32:00] - [3] MIRKO.POZEN: Fichier envoyé: D:\kerberos.htx\Microsoft.Office.Professional.2007.FR.By Gervais\ADMIN\EN-US\OUTLK12.OPA (451,06 K/S -   461 884 bytes)
[15:32:00] - [3] MIRKO.POZEN: Début du Téléchargement de: D:\kerberos.htx\Microsoft.Office.Professional.2007.FR.By Gervais\ADMIN\EN-US\PROJ12.OPA
[15:32:00] - [2] MIRKO.POZEN: Début du Téléchargement de: D:\kerberos.htx\Microsoft.Office.Professional.2007.FR.By Gervais\ADMIN\EN-US\PUB12.OPA
[15:32:00] - [2] MIRKO.POZEN: Fichier envoyé: D:\kerberos.htx\Microsoft.Office.Professional.2007.FR.By Gervais\ADMIN\EN-US\PUB12.OPA (30,68 K/S -   31 418 bytes)
[15:32:00] - [3] MIRKO.POZEN: Fichier envoyé: D:\kerberos.htx\Microsoft.Office.Professional.2007.FR.By Gervais\ADMIN\EN-US\PROJ12.OPA (182,68 K/S -   187 068 bytes)
[15:32:01] - [3] MIRKO.POZEN: Début du Téléchargement de: D:\kerberos.htx\Microsoft.Office.Professional.2007.FR.By Gervais\ADMIN\EN-US\SPD12.OPA
[15:32:01] - [3] MIRKO.POZEN: Fichier envoyé: D:\kerberos.htx\Microsoft.Office.Professional.2007.FR.By Gervais\ADMIN\EN-US\SPD12.OPA (14,86 K/S -   15 212 bytes)
[15:32:01] - [2] MIRKO.POZEN: Début du Téléchargement de: D:\kerberos.htx\Microsoft.Office.Professional.2007.FR.By Gervais\ADMIN\EN-US\VISIO12.OPA
[15:32:01] - [3] MIRKO.POZEN: Début du Téléchargement de: D:\kerberos.htx\Microsoft.Office.Professional.2007.FR.By Gervais\ADMIN\EN-US\WORD12.OPA
[15:32:01] - [2] MIRKO.POZEN: Fichier envoyé: D:\kerberos.htx\Microsoft.Office.Professional.2007.FR.By Gervais\ADMIN\EN-US\VISIO12.OPA (119,69 K/S -   122 566 bytes)
[15:32:01] - [2] MIRKO.POZEN: Répertoire en Cours: D:\kerberos.htx\Microsoft.Office.Professional.2007.FR.By Gervais\ADMIN\DE-DE\
[15:32:01] - [3] MIRKO.POZEN: Fichier envoyé: D:\kerberos.htx\Microsoft.Office.Professional.2007.FR.By Gervais\ADMIN\EN-US\WORD12.OPA (228,74 K/S -   234 232 bytes)
[15:32:01] - [3] MIRKO.POZEN: Répertoire en Cours: D:\kerberos.htx\Microsoft.Office.Professional.2007.FR.By Gervais\ADMIN\DE-DE\
[15:32:01] - [2] MIRKO.POZEN: Début du Téléchargement de: D:\kerberos.htx\Microsoft.Office.Professional.2007.FR.By Gervais\ADMIN\DE-DE\ACCESS12.OPA
[15:32:01] - [2] MIRKO.POZEN: Fichier envoyé: D:\kerberos.htx\Microsoft.Office.Professional.2007.FR.By Gervais\ADMIN\DE-DE\ACCESS12.OPA (52,95 K/S -   54 216 bytes)
[15:32:01] - [3] MIRKO.POZEN: Début du Téléchargement de: D:\kerberos.htx\Microsoft.Office.Professional.2007.FR.By Gervais\ADMIN\DE-DE\CPAO12.OPA
[15:32:01] - [3] MIRKO.POZEN: Fichier envoyé: D:\kerberos.htx\Microsoft.Office.Professional.2007.FR.By Gervais\ADMIN\DE-DE\CPAO12.OPA (26,46 K/S -   27 090 bytes)
[15:32:01] - [2] MIRKO.POZEN: Début du Téléchargement de: D:\kerberos.htx\Microsoft.Office.Professional.2007.FR.By Gervais\ADMIN\DE-DE\EXCEL12.OPA
[15:32:01] - [3] MIRKO.POZEN: Début du Téléchargement de: D:\kerberos.htx\Microsoft.Office.Professional.2007.FR.By Gervais\ADMIN\DE-DE\GROOVE12.OPA
[15:32:01] - [3] MIRKO.POZEN: Fichier envoyé: D:\kerberos.htx\Microsoft.Office.Professional.2007.FR.By Gervais\ADMIN\DE-DE\GROOVE12.OPA (3,95 K/S -   4 042 bytes)
[15:32:01] - [2] MIRKO.POZEN: Fichier envoyé: D:\kerberos.htx\Microsoft.Office.Professional.2007.FR.By Gervais\ADMIN\DE-DE\EXCEL12.OPA (150,26 K/S -   153 864 bytes)
[15:32:02] - [3] MIRKO.POZEN: Début du Téléchargement de: D:\kerberos.htx\Microsoft.Office.Professional.2007.FR.By Gervais\ADMIN\DE-DE\IC12.OPA
[15:32:02] - [3] MIRKO.POZEN: Fichier envoyé: D:\kerberos.htx\Microsoft.Office.Professional.2007.FR.By Gervais\ADMIN\DE-DE\IC12.OPA (9,48 K/S -   9 708 bytes)
[15:32:02] - [2] MIRKO.POZEN: Début du Téléchargement de: D:\kerberos.htx\Microsoft.Office.Professional.2007.FR.By Gervais\ADMIN\DE-DE\INF12.OPA
[15:32:02] - [3] MIRKO.POZEN: Début du Téléchargement de: D:\kerberos.htx\Microsoft.Office.Professional.2007.FR.By Gervais\ADMIN\DE-DE\OCT.CHM
[15:32:02] - [2] MIRKO.POZEN: Fichier envoyé: D:\kerberos.htx\Microsoft.Office.Professional.2007.FR.By Gervais\ADMIN\DE-DE\INF12.OPA (127,42 K/S -   130 478 bytes)
[15:32:02] - [3] MIRKO.POZEN: Fichier envoyé: D:\kerberos.htx\Microsoft.Office.Professional.2007.FR.By Gervais\ADMIN\DE-DE\OCT.CHM (55,91 K/S -   57 249 bytes)
[15:32:02] - [2] MIRKO.POZEN: Début du Téléchargement de: D:\kerberos.htx\Microsoft.Office.Professional.2007.FR.By Gervais\ADMIN\DE-DE\OCTRES.DLL
[15:32:02] - [3] MIRKO.POZEN: Début du Téléchargement de: D:\kerberos.htx\Microsoft.Office.Professional.2007.FR.By Gervais\ADMIN\DE-DE\OFFICE12.OPA
[15:32:02] - [2] MIRKO.POZEN: Fichier envoyé: D:\kerberos.htx\Microsoft.Office.Professional.2007.FR.By Gervais\ADMIN\DE-DE\OCTRES.DLL (427,34 K/S -   437 600 bytes)
[15:32:03] - [2] MIRKO.POZEN: Début du Téléchargement de: D:\kerberos.htx\Microsoft.Office.Professional.2007.FR.By Gervais\ADMIN\DE-DE\ONENT12.OPA
[15:32:03] - [2] MIRKO.POZEN: Fichier envoyé: D:\kerberos.htx\Microsoft.Office.Professional.2007.FR.By Gervais\ADMIN\DE-DE\ONENT12.OPA (99,05 K/S -   101 428 bytes)
[15:32:03] - [2] MIRKO.POZEN: Début du Téléchargement de: D:\kerberos.htx\Microsoft.Office.Professional.2007.FR.By Gervais\ADMIN\DE-DE\OUTLK12.OPA
[15:32:04] - [2] MIRKO.POZEN: Fichier envoyé: D:\kerberos.htx\Microsoft.Office.Professional.2007.FR.By Gervais\ADMIN\DE-DE\OUTLK12.OPA (486,27 K/S -   497 936 bytes)
[15:32:04] - [3] MIRKO.POZEN: Fichier envoyé: D:\kerberos.htx\Microsoft.Office.Professional.2007.FR.By Gervais\ADMIN\DE-DE\OFFICE12.OPA (350,29 K/S -   717 386 bytes)
[15:32:04] - [2] MIRKO.POZEN: Début du Téléchargement de: D:\kerberos.htx\Microsoft.Office.Professional.2007.FR.By Gervais\ADMIN\DE-DE\PPT12.OPA
[15:32:04] - [3] MIRKO.POZEN: Début du Téléchargement de: D:\kerberos.htx\Microsoft.Office.Professional.2007.FR.By Gervais\ADMIN\DE-DE\PROJ12.OPA
[15:32:04] - [2] MIRKO.POZEN: Fichier envoyé: D:\kerberos.htx\Microsoft.Office.Professional.2007.FR.By Gervais\ADMIN\DE-DE\PPT12.OPA (103,07 K/S -   105 546 bytes)
[15:32:04] - [2] MIRKO.POZEN: Début du Téléchargement de: D:\kerberos.htx\Microsoft.Office.Professional.2007.FR.By Gervais\ADMIN\DE-DE\PUB12.OPA
[15:32:05] - [3] MIRKO.POZEN: Fichier envoyé: D:\kerberos.htx\Microsoft.Office.Professional.2007.FR.By Gervais\ADMIN\DE-DE\PROJ12.OPA (197,74 K/S -   202 490 bytes)
[15:32:05] - [2] MIRKO.POZEN: Fichier envoyé: D:\kerberos.htx\Microsoft.Office.Professional.2007.FR.By Gervais\ADMIN\DE-DE\PUB12.OPA (32,20 K/S -   32 972 bytes)
[15:32:05] - [3] MIRKO.POZEN: Début du Téléchargement de: D:\kerberos.htx\Microsoft.Office.Professional.2007.FR.By Gervais\ADMIN\DE-DE\SPD12.OPA
[15:32:05] - [3] MIRKO.POZEN: Fichier envoyé: D:\kerberos.htx\Microsoft.Office.Professional.2007.FR.By Gervais\ADMIN\DE-DE\SPD12.OPA (15,75 K/S -   16 130 bytes)
[15:32:05] - [2] MIRKO.POZEN: Début du Téléchargement de: D:\kerberos.htx\Microsoft.Office.Professional.2007.FR.By Gervais\ADMIN\DE-DE\VISIO12.OPA
[15:32:05] - [3] MIRKO.POZEN: Début du Téléchargement de: D:\kerberos.htx\Microsoft.Office.Professional.2007.FR.By Gervais\ADMIN\DE-DE\WORD12.OPA
[15:32:05] - [2] MIRKO.POZEN: Fichier envoyé: D:\kerberos.htx\Microsoft.Office.Professional.2007.FR.By Gervais\ADMIN\DE-DE\VISIO12.OPA (128,32 K/S -   131 400 bytes)
[15:32:05] - [2] MIRKO.POZEN: Répertoire en Cours: D:\kerberos.htx\Microsoft.Office.Professional.2007.FR.By Gervais\ACCESS.FR-FR\
[15:32:05] - [3] MIRKO.POZEN: Fichier envoyé: D:\kerberos.htx\Microsoft.Office.Professional.2007.FR.By Gervais\ADMIN\DE-DE\WORD12.OPA (239,20 K/S -   244 936 bytes)
[15:32:05] - [3] MIRKO.POZEN: Répertoire en Cours: D:\kerberos.htx\Microsoft.Office.Professional.2007.FR.By Gervais\ACCESS.FR-FR\
[15:32:05] - [2] MIRKO.POZEN: Début du Téléchargement de: D:\kerberos.htx\Microsoft.Office.Professional.2007.FR.By Gervais\ACCESS.FR-FR\ACCESSMUI.MSI
[15:32:05] - [3] MIRKO.POZEN: Début du Téléchargement de: D:\kerberos.htx\Microsoft.Office.Professional.2007.FR.By Gervais\ACCESS.FR-FR\ACCESSMUI.XML
[15:32:05] - [3] MIRKO.POZEN: Fichier envoyé: D:\kerberos.htx\Microsoft.Office.Professional.2007.FR.By Gervais\ACCESS.FR-FR\ACCESSMUI.XML (1,31 K/S -   1 345 bytes)
[15:32:06] - [3] MIRKO.POZEN: Début du Téléchargement de: D:\kerberos.htx\Microsoft.Office.Professional.2007.FR.By Gervais\ACCESS.FR-FR\ACCLR.CAB
[15:32:09] - [2] MIRKO.POZEN: Fichier envoyé: D:\kerberos.htx\Microsoft.Office.Professional.2007.FR.By Gervais\ACCESS.FR-FR\ACCESSMUI.MSI (405,13 K/S -  1 659 392 bytes)
[15:32:09] - [2] MIRKO.POZEN: Début du Téléchargement de: D:\kerberos.htx\Microsoft.Office.Professional.2007.FR.By Gervais\ACCESS.FR-FR\SETUP.XML
[15:32:09] - [2] MIRKO.POZEN: Fichier envoyé: D:\kerberos.htx\Microsoft.Office.Professional.2007.FR.By Gervais\ACCESS.FR-FR\SETUP.XML (1,74 K/S -   1 780 bytes)
[15:32:09] - [2] MIRKO.POZEN: Répertoire en Cours: D:\kerberos.htx\http2\defrag\AusLogics Disk Defrag\
[15:32:09] - [2] MIRKO.POZEN: Début du Téléchargement de: D:\kerberos.htx\http2\defrag\AusLogics Disk Defrag\axpackage10.bpl
[15:32:10] - [2] MIRKO.POZEN: Fichier envoyé: D:\kerberos.htx\http2\defrag\AusLogics Disk Defrag\axpackage10.bpl (541,50 K/S -   554 496 bytes)
[15:32:11] - [2] MIRKO.POZEN: Début du Téléchargement de: D:\kerberos.htx\http2\defrag\AusLogics Disk Defrag\axuninstall.exe
[15:32:11] - [2] MIRKO.POZEN: Fichier envoyé: D:\kerberos.htx\http2\defrag\AusLogics Disk Defrag\axuninstall.exe (20,00 K/S -   20 480 bytes)
[15:32:11] - [2] MIRKO.POZEN: Début du Téléchargement de: D:\kerberos.htx\http2\defrag\AusLogics Disk Defrag\commonforms_lite.dll
[15:32:11] - [2] MIRKO.POZEN: Fichier envoyé: D:\kerberos.htx\http2\defrag\AusLogics Disk Defrag\commonforms_lite.dll (68,50 K/S -   70 144 bytes)
[15:32:12] - [2] MIRKO.POZEN: Début du Téléchargement de: D:\kerberos.htx\http2\defrag\AusLogics Disk Defrag\diskdefrag.dll
[15:32:12] - [2] MIRKO.POZEN: Fichier envoyé: D:\kerberos.htx\http2\defrag\AusLogics Disk Defrag\diskdefrag.dll (105,00 K/S -   107 520 bytes)
[15:32:13] - [2] MIRKO.POZEN: Début du Téléchargement de: D:\kerberos.htx\http2\defrag\AusLogics Disk Defrag\diskdefrag.exe
[15:32:13] - [2] MIRKO.POZEN: Fichier envoyé: D:\kerberos.htx\http2\defrag\AusLogics Disk Defrag\diskdefrag.exe (205,00 K/S -   209 920 bytes)
[15:32:13] - [2] MIRKO.POZEN: Début du Téléchargement de: D:\kerberos.htx\http2\defrag\AusLogics Disk Defrag\helper.dll
[15:32:14] - [2] MIRKO.POZEN: Fichier envoyé: D:\kerberos.htx\http2\defrag\AusLogics Disk Defrag\helper.dll (81,50 K/S -   83 456 bytes)
[15:32:14] - [2] MIRKO.POZEN: Début du Téléchargement de: D:\kerberos.htx\http2\defrag\AusLogics Disk Defrag\localizer.dll
[15:32:14] - [2] MIRKO.POZEN: Fichier envoyé: D:\kerberos.htx\http2\defrag\AusLogics Disk Defrag\localizer.dll (45,50 K/S -   46 592 bytes)
[15:32:15] - [2] MIRKO.POZEN: Début du Téléchargement de: D:\kerberos.htx\http2\defrag\AusLogics Disk Defrag\madbasic_.bpl
[15:32:15] - [2] MIRKO.POZEN: Fichier envoyé: D:\kerberos.htx\http2\defrag\AusLogics Disk Defrag\madbasic_.bpl (142,50 K/S -   145 920 bytes)
[15:32:16] - [2] MIRKO.POZEN: Début du Téléchargement de: D:\kerberos.htx\http2\defrag\AusLogics Disk Defrag\maddisasm_.bpl
[15:32:16] - [2] MIRKO.POZEN: Fichier envoyé: D:\kerberos.htx\http2\defrag\AusLogics Disk Defrag\maddisasm_.bpl (41,00 K/S -   41 984 bytes)
[15:32:16] - [2] MIRKO.POZEN: Début du Téléchargement de: D:\kerberos.htx\http2\defrag\AusLogics Disk Defrag\madexcept_.bpl
[15:32:17] - [2] MIRKO.POZEN: Fichier envoyé: D:\kerberos.htx\http2\defrag\AusLogics Disk Defrag\madexcept_.bpl (307,00 K/S -   314 368 bytes)
[15:32:17] - [2] MIRKO.POZEN: Début du Téléchargement de: D:\kerberos.htx\http2\defrag\AusLogics Disk Defrag\rtl70.bpl
[15:32:19] - [2] MIRKO.POZEN: Fichier envoyé: D:\kerberos.htx\http2\defrag\AusLogics Disk Defrag\rtl70.bpl (760,00 K/S -   778 240 bytes)
[15:32:19] - [2] MIRKO.POZEN: Début du Téléchargement de: D:\kerberos.htx\http2\defrag\AusLogics Disk Defrag\unins000.dat
[15:32:19] - [2] MIRKO.POZEN: Fichier envoyé: D:\kerberos.htx\http2\defrag\AusLogics Disk Defrag\unins000.dat (5,48 K/S -   5 611 bytes)
[15:32:20] - [2] MIRKO.POZEN: Début du Téléchargement de: D:\kerberos.htx\http2\defrag\AusLogics Disk Defrag\unins000.exe
[15:32:23] - [2] MIRKO.POZEN: Fichier envoyé: D:\kerberos.htx\http2\defrag\AusLogics Disk Defrag\unins000.exe (230,48 K/S -   708 048 bytes)
[15:32:23] - [2] MIRKO.POZEN: Début du Téléchargement de: D:\kerberos.htx\http2\defrag\AusLogics Disk Defrag\vcl70.bpl
[15:32:26] - [2] MIRKO.POZEN: Fichier envoyé: D:\kerberos.htx\http2\defrag\AusLogics Disk Defrag\vcl70.bpl (674,50 K/S -  1 381 376 bytes)
[15:32:26] - [2] MIRKO.POZEN: Répertoire en Cours: D:\kerberos.htx\http2\defrag\AusLogics Disk Defrag\reports\
[15:32:26] - [2] MIRKO.POZEN: Début du Téléchargement de: D:\kerberos.htx\http2\defrag\AusLogics Disk Defrag\reports\C_Disk_Defrag_Report.html
[15:32:27] - [2] MIRKO.POZEN: Fichier envoyé: D:\kerberos.htx\http2\defrag\AusLogics Disk Defrag\reports\C_Disk_Defrag_Report.html (302,79 K/S -   310 061 bytes)
[15:32:28] - [2] MIRKO.POZEN: Début du Téléchargement de: D:\kerberos.htx\http2\defrag\AusLogics Disk Defrag\reports\D_Disk_Defrag_Report.html
[15:32:28] - [2] MIRKO.POZEN: Fichier envoyé: D:\kerberos.htx\http2\defrag\AusLogics Disk Defrag\reports\D_Disk_Defrag_Report.html (14,08 K/S -   14 417 bytes)
[15:32:28] - [2] MIRKO.POZEN: Début du Téléchargement de: D:\kerberos.htx\http2\defrag\AusLogics Disk Defrag\reports\E_Disk_Defrag_Report.html
[15:32:28] - [2] MIRKO.POZEN: Fichier envoyé: D:\kerberos.htx\http2\defrag\AusLogics Disk Defrag\reports\E_Disk_Defrag_Report.html (15,87 K/S -   16 253 bytes)
[15:32:28] - [2] MIRKO.POZEN: Début du Téléchargement de: D:\kerberos.htx\http2\defrag\AusLogics Disk Defrag\reports\G_Disk_Defrag_Report.html
[15:32:28] - [2] MIRKO.POZEN: Fichier envoyé: D:\kerberos.htx\http2\defrag\AusLogics Disk Defrag\reports\G_Disk_Defrag_Report.html (15,19 K/S -   15 554 bytes)
[15:32:28] - [2] MIRKO.POZEN: Début du Téléchargement de: D:\kerberos.htx\http2\defrag\AusLogics Disk Defrag\reports\H_Disk_Defrag_Report.html
[15:32:28] - [2] MIRKO.POZEN: Fichier envoyé: D:\kerberos.htx\http2\defrag\AusLogics Disk Defrag\reports\H_Disk_Defrag_Report.html (55,81 K/S -   57 151 bytes)
[15:32:28] - [2] MIRKO.POZEN: Répertoire en Cours: D:\kerberos.htx\http2\defrag\AusLogics Disk Defrag\Lang\
[15:32:28] - [2] MIRKO.POZEN: Début du Téléchargement de: D:\kerberos.htx\http2\defrag\AusLogics Disk Defrag\Lang\fr.lng
[15:32:28] - [2] MIRKO.POZEN: Fichier envoyé: D:\kerberos.htx\http2\defrag\AusLogics Disk Defrag\Lang\fr.lng (9,84 K/S -   10 075 bytes)
[15:32:28] - [2] MIRKO.POZEN: Répertoire en Cours: D:\kerberos.htx\http2\defrag\AusLogics Disk Defrag\Data\
[15:32:28] - [2] MIRKO.POZEN: Début du Téléchargement de: D:\kerberos.htx\http2\defrag\AusLogics Disk Defrag\Data\about.png
[15:32:29] - [2] MIRKO.POZEN: Fichier envoyé: D:\kerberos.htx\http2\defrag\AusLogics Disk Defrag\Data\about.png (29,16 K/S -   29 860 bytes)
[15:32:29] - [2] MIRKO.POZEN: Début du Téléchargement de: D:\kerberos.htx\http2\defrag\AusLogics Disk Defrag\Data\main.ini
[15:32:29] - [2] MIRKO.POZEN: Fichier envoyé: D:\kerberos.htx\http2\defrag\AusLogics Disk Defrag\Data\main.ini (0,90 K/S -    919 bytes)
[15:32:29] - [2] MIRKO.POZEN: Répertoire en Cours: D:\kerberos.htx\exe\hddentinel\
[15:32:29] - [2] MIRKO.POZEN: Début du Téléchargement de: D:\kerberos.htx\exe\hddentinel\hdsentinel_setup.exe
[15:32:58] - [3] MIRKO.POZEN: Fichier envoyé: D:\kerberos.htx\Microsoft.Office.Professional.2007.FR.By Gervais\ACCESS.FR-FR\ACCLR.CAB (537,84 K/S -  28 639 093 bytes)
[15:32:58] - [3] MIRKO.POZEN: Répertoire en Cours: D:\kerberos.htx\exe\hddentinel\crack\
[15:32:59] - [3] MIRKO.POZEN: Début du Téléchargement de: D:\kerberos.htx\exe\hddentinel\crack\HDSentinel.exe
[15:33:05] - [4] Connecté à 192.168.0.1. Collecte du Nom d'utilisateur.
[15:33:05] - [1] Client 192.168.0.1 Déconnecté (00:17:25 Min)
[15:33:05] - [4] Usager MIRKO.POZEN Connecté IP: 192.168.0.1
[15:33:05] - [4] MIRKO.POZEN: Répertoire en Cours: D:\kerberos.htx\
[15:33:11] - [3] MIRKO.POZEN: Fichier envoyé: D:\kerberos.htx\exe\hddentinel\crack\HDSentinel.exe (362,97 K/S -  4 460 176 bytes)
[15:33:11] - [3] MIRKO.POZEN: Répertoire en Cours: D:\kerberos.htx\exe\
[15:33:11] - [3] MIRKO.POZEN: Début du Téléchargement de: D:\kerberos.htx\exe\CrucialFRScan.exe
[15:33:13] - [3] MIRKO.POZEN: Fichier envoyé: D:\kerberos.htx\exe\CrucialFRScan.exe (114,09 K/S -   233 656 bytes)
[15:33:15] - [2] MIRKO.POZEN: Fichier envoyé: D:\kerberos.htx\exe\hddentinel\hdsentinel_setup.exe (390,92 K/S -  18 013 720 bytes)
[15:33:45] - [3] Client 192.168.0.1 Déconnecté (00:10:46 Min)
[15:33:47] - [2] Client 192.168.0.1 Déconnecté (00:10:48 Min)
[15:34:05] - [4] Client 192.168.0.1 Déconnecté (00:01:00 Min)
[20:02:09] - [5] Connecté à 80.82.77.139. Collecte du Nom d'utilisateur.
[20:02:09] - [5] Usager ANONYMOUS Connecté IP: 80.82.77.139
[20:02:09] - [5] Mot de Passe Incorrect: Utilisateur ANONYMOUS IP: 80.82.77.139
[20:02:19] - [5] Client 80.82.77.139 Déconnecté (00:00:10 Min)
[20:13:00] - [6] Connecté à 192.241.202.33. Collecte du Nom d'utilisateur.
[20:13:00] - [6] Client 192.241.202.33 Déconnecté (00:00:00 Min)
[20:52:17] - [7] Connecté à 192.241.220.88. Collecte du Nom d'utilisateur.
[20:52:27] - [7] Client 192.241.220.88 Déconnecté (00:00:09 Min)
