[21:29:50] - Serveur Démarré
[21:29:50] - FTP Port: 21
[21:32:49] - [1] Connecté à 192.168.0.1. Collecte du Nom d'utilisateur.
[21:32:49] - [1] Usager MIRKO.POZEN Connecté IP: 192.168.0.1
[21:32:49] - [1] MIRKO.POZEN: Répertoire en Cours: D:\kerberos.htx\
[21:32:49] - [1] MIRKO.POZEN: Répertoire en Cours: D:\kerberos.htx\
[21:33:05] - [1] MIRKO.POZEN: Répertoire en Cours: D:\kerberos.htx\gamez1\
[21:33:18] - [1] MIRKO.POZEN: Répertoire en Cours: D:\kerberos.htx\gamez1\Dethkarz\
[21:33:18] - [1] MIRKO.POZEN: Répertoire en Cours: D:\kerberos.htx\gamez1\Dethkarz\SYSDATA\
[21:33:19] - [1] MIRKO.POZEN: Répertoire en Cours: D:\kerberos.htx\gamez1\Dethkarz\SYSDATA\Syscon\
[21:33:19] - [1] MIRKO.POZEN: Répertoire en Cours: D:\kerberos.htx\gamez1\Dethkarz\SYSDATA\Syscon\Sysdata\
[21:33:20] - [1] MIRKO.POZEN: Répertoire en Cours: D:\kerberos.htx\gamez1\Dethkarz\SYSDATA\Syscon\Sysdata\Syscon\
[21:33:20] - [1] MIRKO.POZEN: Répertoire en Cours: D:\kerberos.htx\gamez1\Dethkarz\SYSDATA\Syscon\Sysdata\Syscon\Sysdata\
[21:33:20] - [1] MIRKO.POZEN: Répertoire en Cours: D:\kerberos.htx\gamez1\Dethkarz\
[21:33:20] - [1] MIRKO.POZEN: Répertoire en Cours: D:\kerberos.htx\gamez1\Dethkarz\SETUPDIR\
[21:33:21] - [1] MIRKO.POZEN: Répertoire en Cours: D:\kerberos.htx\gamez1\Dethkarz\SETUPDIR\040c\
[21:33:21] - [1] MIRKO.POZEN: Répertoire en Cours: D:\kerberos.htx\gamez1\Dethkarz\SETUPDIR\
[21:33:21] - [1] MIRKO.POZEN: Répertoire en Cours: D:\kerberos.htx\gamez1\Dethkarz\SETUPDIR\0009\
[21:33:21] - [1] MIRKO.POZEN: Répertoire en Cours: D:\kerberos.htx\gamez1\Dethkarz\SETUPDIR\
[21:33:21] - [1] MIRKO.POZEN: Répertoire en Cours: D:\kerberos.htx\gamez1\Dethkarz\SETUPDIR\0007\
[21:33:21] - [1] MIRKO.POZEN: Répertoire en Cours: D:\kerberos.htx\gamez1\Dethkarz\
[21:33:21] - [1] MIRKO.POZEN: Répertoire en Cours: D:\kerberos.htx\gamez1\Dethkarz\EXTRAS\
[21:33:22] - [1] MIRKO.POZEN: Répertoire en Cours: D:\kerberos.htx\gamez1\Dethkarz\EXTRAS\Manuals\
[21:33:22] - [1] MIRKO.POZEN: Répertoire en Cours: D:\kerberos.htx\gamez1\Dethkarz\EXTRAS\
[21:33:22] - [1] MIRKO.POZEN: Répertoire en Cours: D:\kerberos.htx\gamez1\Dethkarz\EXTRAS\Goodies\
[21:33:22] - [1] MIRKO.POZEN: Répertoire en Cours: D:\kerberos.htx\gamez1\Dethkarz\EXTRAS\Goodies\Francais\
[21:33:23] - [1] MIRKO.POZEN: Répertoire en Cours: D:\kerberos.htx\gamez1\Dethkarz\EXTRAS\Goodies\Francais\boutique\
[21:33:23] - [1] MIRKO.POZEN: Répertoire en Cours: D:\kerberos.htx\gamez1\Dethkarz\EXTRAS\Goodies\Francais\boutique\stuff\
[21:33:23] - [1] MIRKO.POZEN: Répertoire en Cours: D:\kerberos.htx\gamez1\Dethkarz\EXTRAS\Goodies\Francais\boutique\stuff\products\
[21:33:23] - [1] MIRKO.POZEN: Répertoire en Cours: D:\kerberos.htx\gamez1\Dethkarz\EXTRAS\Goodies\Francais\boutique\stuff\
[21:33:24] - [1] MIRKO.POZEN: Répertoire en Cours: D:\kerberos.htx\gamez1\Dethkarz\EXTRAS\Goodies\Francais\boutique\stuff\images\
[21:33:24] - [1] MIRKO.POZEN: Répertoire en Cours: D:\kerberos.htx\gamez1\Dethkarz\EXTRAS\Goodies\
[21:33:24] - [1] MIRKO.POZEN: Répertoire en Cours: D:\kerberos.htx\gamez1\Dethkarz\EXTRAS\Goodies\English\
[21:33:24] - [1] MIRKO.POZEN: Répertoire en Cours: D:\kerberos.htx\gamez1\Dethkarz\EXTRAS\Goodies\English\shop\
[21:33:24] - [1] MIRKO.POZEN: Répertoire en Cours: D:\kerberos.htx\gamez1\Dethkarz\EXTRAS\Goodies\English\shop\Stuff\
[21:33:25] - [1] MIRKO.POZEN: Répertoire en Cours: D:\kerberos.htx\gamez1\Dethkarz\EXTRAS\Goodies\English\shop\Stuff\products\
[21:33:25] - [1] MIRKO.POZEN: Répertoire en Cours: D:\kerberos.htx\gamez1\Dethkarz\EXTRAS\Goodies\English\shop\Stuff\
[21:33:25] - [1] MIRKO.POZEN: Répertoire en Cours: D:\kerberos.htx\gamez1\Dethkarz\EXTRAS\Goodies\English\shop\Stuff\images\
[21:33:25] - [1] MIRKO.POZEN: Répertoire en Cours: D:\kerberos.htx\gamez1\Dethkarz\EXTRAS\Goodies\
[21:33:25] - [1] MIRKO.POZEN: Répertoire en Cours: D:\kerberos.htx\gamez1\Dethkarz\EXTRAS\Goodies\Deutsch\
[21:33:26] - [1] MIRKO.POZEN: Répertoire en Cours: D:\kerberos.htx\gamez1\Dethkarz\EXTRAS\Goodies\Deutsch\shop\
[21:33:26] - [1] MIRKO.POZEN: Répertoire en Cours: D:\kerberos.htx\gamez1\Dethkarz\EXTRAS\Goodies\Deutsch\shop\stuff\
[21:33:26] - [1] MIRKO.POZEN: Répertoire en Cours: D:\kerberos.htx\gamez1\Dethkarz\EXTRAS\Goodies\Deutsch\shop\stuff\products\
[21:33:27] - [1] MIRKO.POZEN: Répertoire en Cours: D:\kerberos.htx\gamez1\Dethkarz\EXTRAS\Goodies\Deutsch\shop\stuff\
[21:33:27] - [1] MIRKO.POZEN: Répertoire en Cours: D:\kerberos.htx\gamez1\Dethkarz\EXTRAS\Goodies\Deutsch\shop\stuff\images\
[21:33:27] - [1] MIRKO.POZEN: Répertoire en Cours: D:\kerberos.htx\gamez1\Dethkarz\EXTRAS\
[21:33:27] - [1] MIRKO.POZEN: Répertoire en Cours: D:\kerberos.htx\gamez1\Dethkarz\EXTRAS\Chatnplay\
[21:33:27] - [1] MIRKO.POZEN: Répertoire en Cours: D:\kerberos.htx\gamez1\Dethkarz\
[21:33:27] - [1] MIRKO.POZEN: Répertoire en Cours: D:\kerberos.htx\gamez1\Dethkarz\DIRECTX\
[21:33:28] - [1] MIRKO.POZEN: Répertoire en Cours: D:\kerberos.htx\gamez1\Dethkarz\
[21:33:28] - [1] MIRKO.POZEN: Répertoire en Cours: D:\kerberos.htx\gamez1\Dethkarz\Device Libraries\
[21:33:28] - [1] MIRKO.POZEN: Répertoire en Cours: D:\kerberos.htx\gamez1\Dethkarz\
[21:33:28] - [1] MIRKO.POZEN: Répertoire en Cours: D:\kerberos.htx\gamez1\Dethkarz\Data\
[21:33:28] - [1] MIRKO.POZEN: Répertoire en Cours: D:\kerberos.htx\gamez1\Dethkarz\Data\Sounds\
[21:33:29] - [1] MIRKO.POZEN: Répertoire en Cours: D:\kerberos.htx\gamez1\Dethkarz\Data\
[21:33:29] - [1] MIRKO.POZEN: Répertoire en Cours: D:\kerberos.htx\gamez1\Dethkarz\Data\Replays\
[21:33:29] - [1] MIRKO.POZEN: Répertoire en Cours: D:\kerberos.htx\gamez1\Dethkarz\Data\
[21:33:29] - [1] MIRKO.POZEN: Répertoire en Cours: D:\kerberos.htx\gamez1\Dethkarz\Data\Ghosts\
[21:33:29] - [1] MIRKO.POZEN: Répertoire en Cours: D:\kerberos.htx\gamez1\Dethkarz\Data\
[21:33:29] - [1] MIRKO.POZEN: Répertoire en Cours: D:\kerberos.htx\gamez1\Dethkarz\Data\FMV\
[21:33:29] - [2] Connecté à 192.168.0.1. Collecte du Nom d'utilisateur.
[21:33:29] - [3] Connecté à 192.168.0.1. Collecte du Nom d'utilisateur.
[21:33:30] - [2] Usager MIRKO.POZEN Connecté IP: 192.168.0.1
[21:33:30] - [2] MIRKO.POZEN: Répertoire en Cours: D:\kerberos.htx\
[21:33:30] - [3] Usager MIRKO.POZEN Connecté IP: 192.168.0.1
[21:33:30] - [3] MIRKO.POZEN: Répertoire en Cours: D:\kerberos.htx\
[21:33:30] - [2] MIRKO.POZEN: Répertoire en Cours: D:\kerberos.htx\gamez1\Dethkarz\
[21:33:30] - [3] MIRKO.POZEN: Répertoire en Cours: D:\kerberos.htx\gamez1\Dethkarz\
[21:33:30] - [2] MIRKO.POZEN: Début du Téléchargement de: D:\kerberos.htx\gamez1\Dethkarz\CMS16.DLL
[21:33:30] - [3] MIRKO.POZEN: Début du Téléchargement de: D:\kerberos.htx\gamez1\Dethkarz\AUTORUN.INF
[21:33:31] - [3] MIRKO.POZEN: Fichier envoyé: D:\kerberos.htx\gamez1\Dethkarz\AUTORUN.INF (0,03 K/S -    29 bytes)
[21:33:31] - [2] MIRKO.POZEN: Fichier envoyé: D:\kerberos.htx\gamez1\Dethkarz\CMS16.DLL (11,69 K/S -   11 970 bytes)
[21:33:31] - [3] MIRKO.POZEN: Début du Téléchargement de: D:\kerberos.htx\gamez1\Dethkarz\cms32_95.dll
[21:33:31] - [3] MIRKO.POZEN: Fichier envoyé: D:\kerberos.htx\gamez1\Dethkarz\cms32_95.dll (22,50 K/S -   23 040 bytes)
[21:33:31] - [2] MIRKO.POZEN: Début du Téléchargement de: D:\kerberos.htx\gamez1\Dethkarz\CMS32_NT.DLL
[21:33:31] - [3] MIRKO.POZEN: Début du Téléchargement de: D:\kerberos.htx\gamez1\Dethkarz\DATA.TAG
[21:33:31] - [3] MIRKO.POZEN: Fichier envoyé: D:\kerberos.htx\gamez1\Dethkarz\DATA.TAG (0,10 K/S -    102 bytes)
[21:33:32] - [2] MIRKO.POZEN: Fichier envoyé: D:\kerberos.htx\gamez1\Dethkarz\CMS32_NT.DLL (32,00 K/S -   32 768 bytes)
[21:33:32] - [2] MIRKO.POZEN: Début du Téléchargement de: D:\kerberos.htx\gamez1\Dethkarz\DATA1.CAB
[21:33:32] - [3] MIRKO.POZEN: Début du Téléchargement de: D:\kerberos.htx\gamez1\Dethkarz\Dethkarz.exe
[21:33:36] - [3] MIRKO.POZEN: Fichier envoyé: D:\kerberos.htx\gamez1\Dethkarz\Dethkarz.exe (285,00 K/S -  1 167 360 bytes)
[21:33:36] - [3] MIRKO.POZEN: Début du Téléchargement de: D:\kerberos.htx\gamez1\Dethkarz\DETINST.EXE
[21:33:38] - [3] MIRKO.POZEN: Fichier envoyé: D:\kerberos.htx\gamez1\Dethkarz\DETINST.EXE (220,00 K/S -   675 840 bytes)
[21:33:38] - [3] MIRKO.POZEN: Début du Téléchargement de: D:\kerberos.htx\gamez1\Dethkarz\DSETUP.DLL
[21:33:39] - [3] MIRKO.POZEN: Fichier envoyé: D:\kerberos.htx\gamez1\Dethkarz\DSETUP.DLL (124,50 K/S -   127 488 bytes)
[21:33:39] - [3] MIRKO.POZEN: Début du Téléchargement de: D:\kerberos.htx\gamez1\Dethkarz\DSETUP16.DLL
[21:33:39] - [3] MIRKO.POZEN: Fichier envoyé: D:\kerberos.htx\gamez1\Dethkarz\DSETUP16.DLL (61,77 K/S -   63 248 bytes)
[21:33:39] - [3] MIRKO.POZEN: Début du Téléchargement de: D:\kerberos.htx\gamez1\Dethkarz\DSETUP32.DLL
[21:33:39] - [3] MIRKO.POZEN: Fichier envoyé: D:\kerberos.htx\gamez1\Dethkarz\DSETUP32.DLL (50,50 K/S -   51 712 bytes)
[21:33:40] - [3] MIRKO.POZEN: Début du Téléchargement de: D:\kerberos.htx\gamez1\Dethkarz\Francais Readme.txt
[21:33:40] - [3] MIRKO.POZEN: Fichier envoyé: D:\kerberos.htx\gamez1\Dethkarz\Francais Readme.txt (15,36 K/S -   15 728 bytes)
[21:33:40] - [3] MIRKO.POZEN: Début du Téléchargement de: D:\kerberos.htx\gamez1\Dethkarz\IFORCE2.DLL
[21:33:40] - [3] MIRKO.POZEN: Fichier envoyé: D:\kerberos.htx\gamez1\Dethkarz\IFORCE2.DLL (73,50 K/S -   75 264 bytes)
[21:33:40] - [3] MIRKO.POZEN: Début du Téléchargement de: D:\kerberos.htx\gamez1\Dethkarz\Joystick.ifr
[21:33:40] - [3] MIRKO.POZEN: Fichier envoyé: D:\kerberos.htx\gamez1\Dethkarz\Joystick.ifr (1,09 K/S -   1 113 bytes)
[21:33:40] - [3] MIRKO.POZEN: Début du Téléchargement de: D:\kerberos.htx\gamez1\Dethkarz\LANG.DAT
[21:33:41] - [3] MIRKO.POZEN: Fichier envoyé: D:\kerberos.htx\gamez1\Dethkarz\LANG.DAT (4,45 K/S -   4 557 bytes)
[21:33:41] - [3] MIRKO.POZEN: Début du Téléchargement de: D:\kerberos.htx\gamez1\Dethkarz\LAYOUT.BIN
[21:33:41] - [3] MIRKO.POZEN: Fichier envoyé: D:\kerberos.htx\gamez1\Dethkarz\LAYOUT.BIN (0,33 K/S -    334 bytes)
[21:33:41] - [3] MIRKO.POZEN: Début du Téléchargement de: D:\kerberos.htx\gamez1\Dethkarz\OS.DAT
[21:33:41] - [3] MIRKO.POZEN: Fichier envoyé: D:\kerberos.htx\gamez1\Dethkarz\OS.DAT (0,41 K/S -    417 bytes)
[21:33:41] - [3] MIRKO.POZEN: Début du Téléchargement de: D:\kerberos.htx\gamez1\Dethkarz\SETUP.EXE
[21:33:42] - [3] MIRKO.POZEN: Fichier envoyé: D:\kerberos.htx\gamez1\Dethkarz\SETUP.EXE (58,50 K/S -   59 904 bytes)
[21:33:42] - [3] MIRKO.POZEN: Début du Téléchargement de: D:\kerberos.htx\gamez1\Dethkarz\SETUP.INI
[21:33:42] - [3] MIRKO.POZEN: Fichier envoyé: D:\kerberos.htx\gamez1\Dethkarz\SETUP.INI (0,05 K/S -    49 bytes)
[21:33:42] - [3] MIRKO.POZEN: Début du Téléchargement de: D:\kerberos.htx\gamez1\Dethkarz\SETUP.INS
[21:33:42] - [3] MIRKO.POZEN: Fichier envoyé: D:\kerberos.htx\gamez1\Dethkarz\SETUP.INS (64,99 K/S -   66 549 bytes)
[21:33:42] - [3] MIRKO.POZEN: Début du Téléchargement de: D:\kerberos.htx\gamez1\Dethkarz\SETUP.LID
[21:33:42] - [3] MIRKO.POZEN: Fichier envoyé: D:\kerberos.htx\gamez1\Dethkarz\SETUP.LID (0,07 K/S -    69 bytes)
[21:33:43] - [3] MIRKO.POZEN: Début du Téléchargement de: D:\kerberos.htx\gamez1\Dethkarz\setup.log
[21:33:43] - [3] MIRKO.POZEN: Fichier envoyé: D:\kerberos.htx\gamez1\Dethkarz\setup.log (40,84 K/S -   41 819 bytes)
[21:33:43] - [3] MIRKO.POZEN: Début du Téléchargement de: D:\kerberos.htx\gamez1\Dethkarz\Uninst.isu
[21:33:43] - [3] MIRKO.POZEN: Fichier envoyé: D:\kerberos.htx\gamez1\Dethkarz\Uninst.isu (20,68 K/S -   21 177 bytes)
[21:33:43] - [3] MIRKO.POZEN: Début du Téléchargement de: D:\kerberos.htx\gamez1\Dethkarz\uninstall.exe
[21:33:43] - [3] MIRKO.POZEN: Fichier envoyé: D:\kerberos.htx\gamez1\Dethkarz\uninstall.exe (32,00 K/S -   32 768 bytes)
[21:33:43] - [3] MIRKO.POZEN: Début du Téléchargement de: D:\kerberos.htx\gamez1\Dethkarz\Wheel.ifr
[21:33:43] - [3] MIRKO.POZEN: Fichier envoyé: D:\kerberos.htx\gamez1\Dethkarz\Wheel.ifr (1,05 K/S -   1 078 bytes)
[21:33:44] - [3] MIRKO.POZEN: Début du Téléchargement de: D:\kerberos.htx\gamez1\Dethkarz\_INST32I.EX_
[21:33:45] - [3] MIRKO.POZEN: Fichier envoyé: D:\kerberos.htx\gamez1\Dethkarz\_INST32I.EX_ (309,66 K/S -   317 092 bytes)
[21:33:45] - [3] MIRKO.POZEN: Début du Téléchargement de: D:\kerberos.htx\gamez1\Dethkarz\_ISDEL.EXE
[21:33:45] - [3] MIRKO.POZEN: Fichier envoyé: D:\kerberos.htx\gamez1\Dethkarz\_ISDEL.EXE (8,00 K/S -   8 192 bytes)
[21:33:45] - [3] MIRKO.POZEN: Début du Téléchargement de: D:\kerberos.htx\gamez1\Dethkarz\_SYS1.CAB
[21:33:47] - [3] MIRKO.POZEN: Fichier envoyé: D:\kerberos.htx\gamez1\Dethkarz\_SYS1.CAB (257,40 K/S -   527 147 bytes)
[21:33:47] - [3] MIRKO.POZEN: Début du Téléchargement de: D:\kerberos.htx\gamez1\Dethkarz\_USER1.CAB
[21:33:47] - [3] MIRKO.POZEN: Fichier envoyé: D:\kerberos.htx\gamez1\Dethkarz\_USER1.CAB (48,44 K/S -   49 607 bytes)
[21:33:47] - [3] MIRKO.POZEN: Répertoire en Cours: D:\kerberos.htx\gamez1\Dethkarz\SYSDATA\Syscon\Sysdata\Syscon\Sysdata\
[21:33:47] - [3] MIRKO.POZEN: Début du Téléchargement de: D:\kerberos.htx\gamez1\Dethkarz\SYSDATA\Syscon\Sysdata\Syscon\Sysdata\SYSDATA.ZIP
[21:33:50] - [2] MIRKO.POZEN: Fichier envoyé: D:\kerberos.htx\gamez1\Dethkarz\DATA1.CAB (365,35 K/S -  7 108 287 bytes)
[21:33:50] - [2] MIRKO.POZEN: Répertoire en Cours: D:\kerberos.htx\gamez1\Dethkarz\SETUPDIR\040c\
[21:33:51] - [2] MIRKO.POZEN: Début du Téléchargement de: D:\kerberos.htx\gamez1\Dethkarz\SETUPDIR\040c\_setup.dll
[21:33:51] - [2] MIRKO.POZEN: Fichier envoyé: D:\kerberos.htx\gamez1\Dethkarz\SETUPDIR\040c\_setup.dll (11,00 K/S -   11 264 bytes)
[21:33:51] - [2] MIRKO.POZEN: Répertoire en Cours: D:\kerberos.htx\gamez1\Dethkarz\SETUPDIR\0009\
[21:33:51] - [2] MIRKO.POZEN: Début du Téléchargement de: D:\kerberos.htx\gamez1\Dethkarz\SETUPDIR\0009\_SETUP.DLL
[21:33:51] - [2] MIRKO.POZEN: Fichier envoyé: D:\kerberos.htx\gamez1\Dethkarz\SETUPDIR\0009\_SETUP.DLL (11,00 K/S -   11 264 bytes)
[21:33:51] - [2] MIRKO.POZEN: Répertoire en Cours: D:\kerberos.htx\gamez1\Dethkarz\SETUPDIR\0007\
[21:33:51] - [2] MIRKO.POZEN: Début du Téléchargement de: D:\kerberos.htx\gamez1\Dethkarz\SETUPDIR\0007\_setup.dll
[21:33:51] - [2] MIRKO.POZEN: Fichier envoyé: D:\kerberos.htx\gamez1\Dethkarz\SETUPDIR\0007\_setup.dll (11,00 K/S -   11 264 bytes)
[21:33:51] - [2] MIRKO.POZEN: Répertoire en Cours: D:\kerberos.htx\gamez1\Dethkarz\EXTRAS\
[21:33:52] - [2] MIRKO.POZEN: Début du Téléchargement de: D:\kerberos.htx\gamez1\Dethkarz\EXTRAS\dk.db
[21:33:55] - [2] MIRKO.POZEN: Fichier envoyé: D:\kerberos.htx\gamez1\Dethkarz\EXTRAS\dk.db (321,06 K/S -   986 292 bytes)
[21:33:55] - [2] MIRKO.POZEN: Début du Téléchargement de: D:\kerberos.htx\gamez1\Dethkarz\EXTRAS\grtvgr.exe
[21:34:00] - [2] MIRKO.POZEN: Fichier envoyé: D:\kerberos.htx\gamez1\Dethkarz\EXTRAS\grtvgr.exe (310,72 K/S -  1 590 896 bytes)
[21:34:00] - [2] MIRKO.POZEN: Début du Téléchargement de: D:\kerberos.htx\gamez1\Dethkarz\EXTRAS\RkVG.exe
[21:34:02] - [2] MIRKO.POZEN: Fichier envoyé: D:\kerberos.htx\gamez1\Dethkarz\EXTRAS\RkVG.exe (287,33 K/S -   882 688 bytes)
[21:34:02] - [2] MIRKO.POZEN: Répertoire en Cours: D:\kerberos.htx\gamez1\Dethkarz\EXTRAS\Manuals\
[21:34:03] - [2] MIRKO.POZEN: Début du Téléchargement de: D:\kerberos.htx\gamez1\Dethkarz\EXTRAS\Manuals\Deutsch Manual.pdf
[21:34:06] - [2] MIRKO.POZEN: Fichier envoyé: D:\kerberos.htx\gamez1\Dethkarz\EXTRAS\Manuals\Deutsch Manual.pdf (399,30 K/S -  1 226 649 bytes)
[21:34:06] - [2] MIRKO.POZEN: Début du Téléchargement de: D:\kerberos.htx\gamez1\Dethkarz\EXTRAS\Manuals\Dutch Manual.pdf
[21:34:09] - [2] MIRKO.POZEN: Fichier envoyé: D:\kerberos.htx\gamez1\Dethkarz\EXTRAS\Manuals\Dutch Manual.pdf (399,72 K/S -  1 227 925 bytes)
[21:34:09] - [2] MIRKO.POZEN: Début du Téléchargement de: D:\kerberos.htx\gamez1\Dethkarz\EXTRAS\Manuals\English Manual.pdf
[21:34:12] - [2] MIRKO.POZEN: Fichier envoyé: D:\kerberos.htx\gamez1\Dethkarz\EXTRAS\Manuals\English Manual.pdf (399,72 K/S -  1 227 937 bytes)
[21:34:12] - [2] MIRKO.POZEN: Début du Téléchargement de: D:\kerberos.htx\gamez1\Dethkarz\EXTRAS\Manuals\Italian Manual.pdf
[21:34:16] - [2] MIRKO.POZEN: Fichier envoyé: D:\kerberos.htx\gamez1\Dethkarz\EXTRAS\Manuals\Italian Manual.pdf (295,26 K/S -  1 209 399 bytes)
[21:34:16] - [2] MIRKO.POZEN: Début du Téléchargement de: D:\kerberos.htx\gamez1\Dethkarz\EXTRAS\Manuals\Manuel français.pdf
[21:34:20] - [2] MIRKO.POZEN: Fichier envoyé: D:\kerberos.htx\gamez1\Dethkarz\EXTRAS\Manuals\Manuel français.pdf (308,71 K/S -  1 264 474 bytes)
[21:34:20] - [2] MIRKO.POZEN: Début du Téléchargement de: D:\kerberos.htx\gamez1\Dethkarz\EXTRAS\Manuals\Spanish Manual.pdf
[21:34:23] - [2] MIRKO.POZEN: Fichier envoyé: D:\kerberos.htx\gamez1\Dethkarz\EXTRAS\Manuals\Spanish Manual.pdf (291,61 K/S -  1 194 421 bytes)
[21:34:23] - [2] MIRKO.POZEN: Répertoire en Cours: D:\kerberos.htx\gamez1\Dethkarz\EXTRAS\Goodies\Francais\boutique\
[21:34:23] - [2] MIRKO.POZEN: Début du Téléchargement de: D:\kerberos.htx\gamez1\Dethkarz\EXTRAS\Goodies\Francais\boutique\index.htm
[21:34:24] - [2] MIRKO.POZEN: Fichier envoyé: D:\kerberos.htx\gamez1\Dethkarz\EXTRAS\Goodies\Francais\boutique\index.htm (0,60 K/S -    619 bytes)
[21:34:24] - [2] MIRKO.POZEN: Répertoire en Cours: D:\kerberos.htx\gamez1\Dethkarz\EXTRAS\Goodies\Francais\boutique\stuff\
[21:34:24] - [2] MIRKO.POZEN: Début du Téléchargement de: D:\kerberos.htx\gamez1\Dethkarz\EXTRAS\Goodies\Francais\boutique\stuff\add.js
[21:34:24] - [2] MIRKO.POZEN: Fichier envoyé: D:\kerberos.htx\gamez1\Dethkarz\EXTRAS\Goodies\Francais\boutique\stuff\add.js (0,62 K/S -    630 bytes)
[21:34:24] - [2] MIRKO.POZEN: Début du Téléchargement de: D:\kerberos.htx\gamez1\Dethkarz\EXTRAS\Goodies\Francais\boutique\stuff\add_on_top.js
[21:34:24] - [2] MIRKO.POZEN: Fichier envoyé: D:\kerberos.htx\gamez1\Dethkarz\EXTRAS\Goodies\Francais\boutique\stuff\add_on_top.js (2,09 K/S -   2 139 bytes)
[21:34:24] - [2] MIRKO.POZEN: Début du Téléchargement de: D:\kerberos.htx\gamez1\Dethkarz\EXTRAS\Goodies\Francais\boutique\stuff\bag.htm
[21:34:24] - [2] MIRKO.POZEN: Fichier envoyé: D:\kerberos.htx\gamez1\Dethkarz\EXTRAS\Goodies\Francais\boutique\stuff\bag.htm (3,93 K/S -   4 026 bytes)
[21:34:25] - [2] MIRKO.POZEN: Début du Téléchargement de: D:\kerberos.htx\gamez1\Dethkarz\EXTRAS\Goodies\Francais\boutique\stuff\bagpack.htm
[21:34:25] - [2] MIRKO.POZEN: Fichier envoyé: D:\kerberos.htx\gamez1\Dethkarz\EXTRAS\Goodies\Francais\boutique\stuff\bagpack.htm (2,59 K/S -   2 657 bytes)
[21:34:25] - [2] MIRKO.POZEN: Début du Téléchargement de: D:\kerberos.htx\gamez1\Dethkarz\EXTRAS\Goodies\Francais\boutique\stuff\blank-1.htm
[21:34:25] - [2] MIRKO.POZEN: Fichier envoyé: D:\kerberos.htx\gamez1\Dethkarz\EXTRAS\Goodies\Francais\boutique\stuff\blank-1.htm (0,18 K/S -    183 bytes)
[21:34:25] - [2] MIRKO.POZEN: Début du Téléchargement de: D:\kerberos.htx\gamez1\Dethkarz\EXTRAS\Goodies\Francais\boutique\stuff\cap.htm
[21:34:25] - [2] MIRKO.POZEN: Fichier envoyé: D:\kerberos.htx\gamez1\Dethkarz\EXTRAS\Goodies\Francais\boutique\stuff\cap.htm (6,22 K/S -   6 374 bytes)
[21:34:26] - [2] MIRKO.POZEN: Début du Téléchargement de: D:\kerberos.htx\gamez1\Dethkarz\EXTRAS\Goodies\Francais\boutique\stuff\check_this_out.js
[21:34:26] - [2] MIRKO.POZEN: Fichier envoyé: D:\kerberos.htx\gamez1\Dethkarz\EXTRAS\Goodies\Francais\boutique\stuff\check_this_out.js (1,81 K/S -   1 854 bytes)
[21:34:26] - [2] MIRKO.POZEN: Début du Téléchargement de: D:\kerberos.htx\gamez1\Dethkarz\EXTRAS\Goodies\Francais\boutique\stuff\Copie de bag.htm
[21:34:26] - [2] MIRKO.POZEN: Fichier envoyé: D:\kerberos.htx\gamez1\Dethkarz\EXTRAS\Goodies\Francais\boutique\stuff\Copie de bag.htm (3,86 K/S -   3 949 bytes)
[21:34:26] - [2] MIRKO.POZEN: Début du Téléchargement de: D:\kerberos.htx\gamez1\Dethkarz\EXTRAS\Goodies\Francais\boutique\stuff\Copie de left_top.htm
[21:34:26] - [2] MIRKO.POZEN: Fichier envoyé: D:\kerberos.htx\gamez1\Dethkarz\EXTRAS\Goodies\Francais\boutique\stuff\Copie de left_top.htm (1,94 K/S -   1 989 bytes)
[21:34:26] - [2] MIRKO.POZEN: Début du Téléchargement de: D:\kerberos.htx\gamez1\Dethkarz\EXTRAS\Goodies\Francais\boutique\stuff\dex.htm
[21:34:26] - [2] MIRKO.POZEN: Fichier envoyé: D:\kerberos.htx\gamez1\Dethkarz\EXTRAS\Goodies\Francais\boutique\stuff\dex.htm (0,89 K/S -    908 bytes)
[21:34:27] - [2] MIRKO.POZEN: Début du Téléchargement de: D:\kerberos.htx\gamez1\Dethkarz\EXTRAS\Goodies\Francais\boutique\stuff\fig.htm
[21:34:27] - [2] MIRKO.POZEN: Fichier envoyé: D:\kerberos.htx\gamez1\Dethkarz\EXTRAS\Goodies\Francais\boutique\stuff\fig.htm (4,48 K/S -   4 583 bytes)
[21:34:27] - [2] MIRKO.POZEN: Début du Téléchargement de: D:\kerberos.htx\gamez1\Dethkarz\EXTRAS\Goodies\Francais\boutique\stuff\head.htm
[21:34:27] - [2] MIRKO.POZEN: Fichier envoyé: D:\kerberos.htx\gamez1\Dethkarz\EXTRAS\Goodies\Francais\boutique\stuff\head.htm (2,56 K/S -   2 626 bytes)
[21:34:27] - [2] MIRKO.POZEN: Début du Téléchargement de: D:\kerberos.htx\gamez1\Dethkarz\EXTRAS\Goodies\Francais\boutique\stuff\hierach.js
[21:34:27] - [2] MIRKO.POZEN: Fichier envoyé: D:\kerberos.htx\gamez1\Dethkarz\EXTRAS\Goodies\Francais\boutique\stuff\hierach.js (0,89 K/S -    908 bytes)
[21:34:27] - [2] MIRKO.POZEN: Début du Téléchargement de: D:\kerberos.htx\gamez1\Dethkarz\EXTRAS\Goodies\Francais\boutique\stuff\hierach_1.js
[21:34:28] - [2] MIRKO.POZEN: Fichier envoyé: D:\kerberos.htx\gamez1\Dethkarz\EXTRAS\Goodies\Francais\boutique\stuff\hierach_1.js (0,88 K/S -    900 bytes)
[21:34:28] - [2] MIRKO.POZEN: Début du Téléchargement de: D:\kerberos.htx\gamez1\Dethkarz\EXTRAS\Goodies\Francais\boutique\stuff\hod-amigo.htm
[21:34:28] - [2] MIRKO.POZEN: Fichier envoyé: D:\kerberos.htx\gamez1\Dethkarz\EXTRAS\Goodies\Francais\boutique\stuff\hod-amigo.htm (1,03 K/S -   1 054 bytes)
[21:34:28] - [2] MIRKO.POZEN: Début du Téléchargement de: D:\kerberos.htx\gamez1\Dethkarz\EXTRAS\Goodies\Francais\boutique\stuff\hod-cap.htm
[21:34:28] - [2] MIRKO.POZEN: Fichier envoyé: D:\kerberos.htx\gamez1\Dethkarz\EXTRAS\Goodies\Francais\boutique\stuff\hod-cap.htm (1,03 K/S -   1 055 bytes)
[21:34:28] - [2] MIRKO.POZEN: Début du Téléchargement de: D:\kerberos.htx\gamez1\Dethkarz\EXTRAS\Goodies\Francais\boutique\stuff\hod-purple.htm
[21:34:28] - [2] MIRKO.POZEN: Fichier envoyé: D:\kerberos.htx\gamez1\Dethkarz\EXTRAS\Goodies\Francais\boutique\stuff\hod-purple.htm (1,03 K/S -   1 051 bytes)
[21:34:29] - [2] MIRKO.POZEN: Début du Téléchargement de: D:\kerberos.htx\gamez1\Dethkarz\EXTRAS\Goodies\Francais\boutique\stuff\hod-viscious.htm
[21:34:29] - [2] MIRKO.POZEN: Fichier envoyé: D:\kerberos.htx\gamez1\Dethkarz\EXTRAS\Goodies\Francais\boutique\stuff\hod-viscious.htm (1,03 K/S -   1 056 bytes)
[21:34:29] - [2] MIRKO.POZEN: Début du Téléchargement de: D:\kerberos.htx\gamez1\Dethkarz\EXTRAS\Goodies\Francais\boutique\stuff\hod.htm
[21:34:29] - [2] MIRKO.POZEN: Fichier envoyé: D:\kerberos.htx\gamez1\Dethkarz\EXTRAS\Goodies\Francais\boutique\stuff\hod.htm (4,51 K/S -   4 621 bytes)
[21:34:29] - [2] MIRKO.POZEN: Début du Téléchargement de: D:\kerberos.htx\gamez1\Dethkarz\EXTRAS\Goodies\Francais\boutique\stuff\home.htm
[21:34:29] - [2] MIRKO.POZEN: Fichier envoyé: D:\kerberos.htx\gamez1\Dethkarz\EXTRAS\Goodies\Francais\boutique\stuff\home.htm (1,51 K/S -   1 545 bytes)
[21:34:29] - [2] MIRKO.POZEN: Début du Téléchargement de: D:\kerberos.htx\gamez1\Dethkarz\EXTRAS\Goodies\Francais\boutique\stuff\index.htm
[21:34:29] - [2] MIRKO.POZEN: Fichier envoyé: D:\kerberos.htx\gamez1\Dethkarz\EXTRAS\Goodies\Francais\boutique\stuff\index.htm (0,59 K/S -    601 bytes)
[21:34:30] - [2] MIRKO.POZEN: Début du Téléchargement de: D:\kerberos.htx\gamez1\Dethkarz\EXTRAS\Goodies\Francais\boutique\stuff\infogrames-girl-shirt.htm
[21:34:30] - [2] MIRKO.POZEN: Fichier envoyé: D:\kerberos.htx\gamez1\Dethkarz\EXTRAS\Goodies\Francais\boutique\stuff\infogrames-girl-shirt.htm (0,95 K/S -    976 bytes)
[21:34:30] - [2] MIRKO.POZEN: Début du Téléchargement de: D:\kerberos.htx\gamez1\Dethkarz\EXTRAS\Goodies\Francais\boutique\stuff\infogrames-shirt.htm
[21:34:30] - [2] MIRKO.POZEN: Fichier envoyé: D:\kerberos.htx\gamez1\Dethkarz\EXTRAS\Goodies\Francais\boutique\stuff\infogrames-shirt.htm (1,01 K/S -   1 032 bytes)
[21:34:30] - [2] MIRKO.POZEN: Début du Téléchargement de: D:\kerberos.htx\gamez1\Dethkarz\EXTRAS\Goodies\Francais\boutique\stuff\infogrames.htm
[21:34:30] - [2] MIRKO.POZEN: Fichier envoyé: D:\kerberos.htx\gamez1\Dethkarz\EXTRAS\Goodies\Francais\boutique\stuff\infogrames.htm (5,39 K/S -   5 517 bytes)
[21:34:30] - [2] MIRKO.POZEN: Début du Téléchargement de: D:\kerberos.htx\gamez1\Dethkarz\EXTRAS\Goodies\Francais\boutique\stuff\left.htm
[21:34:31] - [2] MIRKO.POZEN: Fichier envoyé: D:\kerberos.htx\gamez1\Dethkarz\EXTRAS\Goodies\Francais\boutique\stuff\left.htm (2,32 K/S -   2 376 bytes)
[21:34:31] - [2] MIRKO.POZEN: Début du Téléchargement de: D:\kerberos.htx\gamez1\Dethkarz\EXTRAS\Goodies\Francais\boutique\stuff\left_dex.htm
[21:34:31] - [2] MIRKO.POZEN: Fichier envoyé: D:\kerberos.htx\gamez1\Dethkarz\EXTRAS\Goodies\Francais\boutique\stuff\left_dex.htm (0,53 K/S -    540 bytes)
[21:34:31] - [2] MIRKO.POZEN: Début du Téléchargement de: D:\kerberos.htx\gamez1\Dethkarz\EXTRAS\Goodies\Francais\boutique\stuff\left_down.htm
[21:34:32] - [2] MIRKO.POZEN: Fichier envoyé: D:\kerberos.htx\gamez1\Dethkarz\EXTRAS\Goodies\Francais\boutique\stuff\left_down.htm (2,70 K/S -   2 768 bytes)
[21:34:32] - [2] MIRKO.POZEN: Début du Téléchargement de: D:\kerberos.htx\gamez1\Dethkarz\EXTRAS\Goodies\Francais\boutique\stuff\left_top.htm
[21:34:32] - [2] MIRKO.POZEN: Fichier envoyé: D:\kerberos.htx\gamez1\Dethkarz\EXTRAS\Goodies\Francais\boutique\stuff\left_top.htm (1,07 K/S -   1 099 bytes)
[21:34:32] - [2] MIRKO.POZEN: Début du Téléchargement de: D:\kerberos.htx\gamez1\Dethkarz\EXTRAS\Goodies\Francais\boutique\stuff\news.htm
[21:34:32] - [2] MIRKO.POZEN: Fichier envoyé: D:\kerberos.htx\gamez1\Dethkarz\EXTRAS\Goodies\Francais\boutique\stuff\news.htm (6,89 K/S -   7 058 bytes)
[21:34:32] - [2] MIRKO.POZEN: Début du Téléchargement de: D:\kerberos.htx\gamez1\Dethkarz\EXTRAS\Goodies\Francais\boutique\stuff\outcast-black-shirt.htm
[21:34:32] - [2] MIRKO.POZEN: Fichier envoyé: D:\kerberos.htx\gamez1\Dethkarz\EXTRAS\Goodies\Francais\boutique\stuff\outcast-black-shirt.htm (1,08 K/S -   1 105 bytes)
[21:34:33] - [2] MIRKO.POZEN: Début du Téléchargement de: D:\kerberos.htx\gamez1\Dethkarz\EXTRAS\Goodies\Francais\boutique\stuff\outcast-orange-shirt.htm
[21:34:33] - [2] MIRKO.POZEN: Fichier envoyé: D:\kerberos.htx\gamez1\Dethkarz\EXTRAS\Goodies\Francais\boutique\stuff\outcast-orange-shirt.htm (1,08 K/S -   1 106 bytes)
[21:34:33] - [2] MIRKO.POZEN: Début du Téléchargement de: D:\kerberos.htx\gamez1\Dethkarz\EXTRAS\Goodies\Francais\boutique\stuff\outcast.htm
[21:34:33] - [2] MIRKO.POZEN: Fichier envoyé: D:\kerberos.htx\gamez1\Dethkarz\EXTRAS\Goodies\Francais\boutique\stuff\outcast.htm (4,14 K/S -   4 244 bytes)
[21:34:33] - [2] MIRKO.POZEN: Début du Téléchargement de: D:\kerberos.htx\gamez1\Dethkarz\EXTRAS\Goodies\Francais\boutique\stuff\over_stuff.js
[21:34:33] - [2] MIRKO.POZEN: Fichier envoyé: D:\kerberos.htx\gamez1\Dethkarz\EXTRAS\Goodies\Francais\boutique\stuff\over_stuff.js (0,45 K/S -    465 bytes)
[21:34:33] - [2] MIRKO.POZEN: Début du Téléchargement de: D:\kerberos.htx\gamez1\Dethkarz\EXTRAS\Goodies\Francais\boutique\stuff\personal_stuff.js
[21:34:33] - [2] MIRKO.POZEN: Fichier envoyé: D:\kerberos.htx\gamez1\Dethkarz\EXTRAS\Goodies\Francais\boutique\stuff\personal_stuff.js (0,35 K/S -    363 bytes)
[21:34:34] - [2] MIRKO.POZEN: Début du Téléchargement de: D:\kerberos.htx\gamez1\Dethkarz\EXTRAS\Goodies\Francais\boutique\stuff\print.js
[21:34:34] - [2] MIRKO.POZEN: Fichier envoyé: D:\kerberos.htx\gamez1\Dethkarz\EXTRAS\Goodies\Francais\boutique\stuff\print.js (0,42 K/S -    430 bytes)
[21:34:34] - [2] MIRKO.POZEN: Début du Téléchargement de: D:\kerberos.htx\gamez1\Dethkarz\EXTRAS\Goodies\Francais\boutique\stuff\print_order.htm
[21:34:34] - [2] MIRKO.POZEN: Fichier envoyé: D:\kerberos.htx\gamez1\Dethkarz\EXTRAS\Goodies\Francais\boutique\stuff\print_order.htm (8,48 K/S -   8 687 bytes)
[21:34:34] - [2] MIRKO.POZEN: Début du Téléchargement de: D:\kerberos.htx\gamez1\Dethkarz\EXTRAS\Goodies\Francais\boutique\stuff\print_order_frame.htm
[21:34:34] - [2] MIRKO.POZEN: Fichier envoyé: D:\kerberos.htx\gamez1\Dethkarz\EXTRAS\Goodies\Francais\boutique\stuff\print_order_frame.htm (0,53 K/S -    539 bytes)
[21:34:35] - [2] MIRKO.POZEN: Début du Téléchargement de: D:\kerberos.htx\gamez1\Dethkarz\EXTRAS\Goodies\Francais\boutique\stuff\shipping.js
[21:34:35] - [2] MIRKO.POZEN: Fichier envoyé: D:\kerberos.htx\gamez1\Dethkarz\EXTRAS\Goodies\Francais\boutique\stuff\shipping.js (3,69 K/S -   3 779 bytes)
[21:34:35] - [2] MIRKO.POZEN: Début du Téléchargement de: D:\kerberos.htx\gamez1\Dethkarz\EXTRAS\Goodies\Francais\boutique\stuff\shirt.htm
[21:34:35] - [2] MIRKO.POZEN: Fichier envoyé: D:\kerberos.htx\gamez1\Dethkarz\EXTRAS\Goodies\Francais\boutique\stuff\shirt.htm (8,96 K/S -   9 178 bytes)
[21:34:35] - [2] MIRKO.POZEN: Début du Téléchargement de: D:\kerberos.htx\gamez1\Dethkarz\EXTRAS\Goodies\Francais\boutique\stuff\shopping.js
[21:34:35] - [2] MIRKO.POZEN: Fichier envoyé: D:\kerberos.htx\gamez1\Dethkarz\EXTRAS\Goodies\Francais\boutique\stuff\shopping.js (0,45 K/S -    465 bytes)
[21:34:35] - [2] MIRKO.POZEN: Début du Téléchargement de: D:\kerberos.htx\gamez1\Dethkarz\EXTRAS\Goodies\Francais\boutique\stuff\tatou_bag.htm
[21:34:35] - [2] MIRKO.POZEN: Fichier envoyé: D:\kerberos.htx\gamez1\Dethkarz\EXTRAS\Goodies\Francais\boutique\stuff\tatou_bag.htm (1,02 K/S -   1 047 bytes)
[21:34:36] - [2] MIRKO.POZEN: Début du Téléchargement de: D:\kerberos.htx\gamez1\Dethkarz\EXTRAS\Goodies\Francais\boutique\stuff\v-rally-cap.htm
[21:34:36] - [2] MIRKO.POZEN: Fichier envoyé: D:\kerberos.htx\gamez1\Dethkarz\EXTRAS\Goodies\Francais\boutique\stuff\v-rally-cap.htm (1,04 K/S -   1 062 bytes)
[21:34:36] - [2] MIRKO.POZEN: Début du Téléchargement de: D:\kerberos.htx\gamez1\Dethkarz\EXTRAS\Goodies\Francais\boutique\stuff\v-rally-shirt.htm
[21:34:36] - [2] MIRKO.POZEN: Fichier envoyé: D:\kerberos.htx\gamez1\Dethkarz\EXTRAS\Goodies\Francais\boutique\stuff\v-rally-shirt.htm (1,40 K/S -   1 434 bytes)
[21:34:36] - [2] MIRKO.POZEN: Début du Téléchargement de: D:\kerberos.htx\gamez1\Dethkarz\EXTRAS\Goodies\Francais\boutique\stuff\vrally.htm
[21:34:36] - [2] MIRKO.POZEN: Fichier envoyé: D:\kerberos.htx\gamez1\Dethkarz\EXTRAS\Goodies\Francais\boutique\stuff\vrally.htm (4,35 K/S -   4 458 bytes)
[21:34:36] - [2] MIRKO.POZEN: Début du Téléchargement de: D:\kerberos.htx\gamez1\Dethkarz\EXTRAS\Goodies\Francais\boutique\stuff\x--order.htm
[21:34:36] - [2] MIRKO.POZEN: Fichier envoyé: D:\kerberos.htx\gamez1\Dethkarz\EXTRAS\Goodies\Francais\boutique\stuff\x--order.htm (8,32 K/S -   8 515 bytes)
[21:34:37] - [2] MIRKO.POZEN: Répertoire en Cours: D:\kerberos.htx\gamez1\Dethkarz\EXTRAS\Goodies\Francais\boutique\stuff\products\
[21:34:37] - [2] MIRKO.POZEN: Début du Téléchargement de: D:\kerberos.htx\gamez1\Dethkarz\EXTRAS\Goodies\Francais\boutique\stuff\products\amigo.jpg
[21:34:37] - [2] MIRKO.POZEN: Fichier envoyé: D:\kerberos.htx\gamez1\Dethkarz\EXTRAS\Goodies\Francais\boutique\stuff\products\amigo.jpg (28,36 K/S -   29 045 bytes)
[21:34:37] - [2] MIRKO.POZEN: Début du Téléchargement de: D:\kerberos.htx\gamez1\Dethkarz\EXTRAS\Goodies\Francais\boutique\stuff\products\amigos.jpg
[21:34:37] - [2] MIRKO.POZEN: Fichier envoyé: D:\kerberos.htx\gamez1\Dethkarz\EXTRAS\Goodies\Francais\boutique\stuff\products\amigos.jpg (4,23 K/S -   4 331 bytes)
[21:34:37] - [2] MIRKO.POZEN: Début du Téléchargement de: D:\kerberos.htx\gamez1\Dethkarz\EXTRAS\Goodies\Francais\boutique\stuff\products\hod_cap.jpg
[21:34:37] - [2] MIRKO.POZEN: Fichier envoyé: D:\kerberos.htx\gamez1\Dethkarz\EXTRAS\Goodies\Francais\boutique\stuff\products\hod_cap.jpg (21,70 K/S -   22 218 bytes)
[21:34:37] - [2] MIRKO.POZEN: Début du Téléchargement de: D:\kerberos.htx\gamez1\Dethkarz\EXTRAS\Goodies\Francais\boutique\stuff\products\hod_caps.jpg
[21:34:38] - [2] MIRKO.POZEN: Fichier envoyé: D:\kerberos.htx\gamez1\Dethkarz\EXTRAS\Goodies\Francais\boutique\stuff\products\hod_caps.jpg (3,21 K/S -   3 284 bytes)
[21:34:38] - [2] MIRKO.POZEN: Début du Téléchargement de: D:\kerberos.htx\gamez1\Dethkarz\EXTRAS\Goodies\Francais\boutique\stuff\products\infogrames_tshirt.jpg
[21:34:38] - [2] MIRKO.POZEN: Fichier envoyé: D:\kerberos.htx\gamez1\Dethkarz\EXTRAS\Goodies\Francais\boutique\stuff\products\infogrames_tshirt.jpg (25,15 K/S -   25 754 bytes)
[21:34:38] - [2] MIRKO.POZEN: Début du Téléchargement de: D:\kerberos.htx\gamez1\Dethkarz\EXTRAS\Goodies\Francais\boutique\stuff\products\infogrames_tshirts.jpg
[21:34:38] - [2] MIRKO.POZEN: Fichier envoyé: D:\kerberos.htx\gamez1\Dethkarz\EXTRAS\Goodies\Francais\boutique\stuff\products\infogrames_tshirts.jpg (6,26 K/S -   6 406 bytes)
[21:34:38] - [2] MIRKO.POZEN: Début du Téléchargement de: D:\kerberos.htx\gamez1\Dethkarz\EXTRAS\Goodies\Francais\boutique\stuff\products\infogrames_tshirt_girl.jpg
[21:34:38] - [2] MIRKO.POZEN: Fichier envoyé: D:\kerberos.htx\gamez1\Dethkarz\EXTRAS\Goodies\Francais\boutique\stuff\products\infogrames_tshirt_girl.jpg (23,03 K/S -   23 585 bytes)
[21:34:39] - [2] MIRKO.POZEN: Début du Téléchargement de: D:\kerberos.htx\gamez1\Dethkarz\EXTRAS\Goodies\Francais\boutique\stuff\products\infogrames_tshirt_girls.jpg
[21:34:39] - [2] MIRKO.POZEN: Fichier envoyé: D:\kerberos.htx\gamez1\Dethkarz\EXTRAS\Goodies\Francais\boutique\stuff\products\infogrames_tshirt_girls.jpg (5,40 K/S -   5 533 bytes)
[21:34:39] - [2] MIRKO.POZEN: Début du Téléchargement de: D:\kerberos.htx\gamez1\Dethkarz\EXTRAS\Goodies\Francais\boutique\stuff\products\outcast-black-tshirt.jpg
[21:34:39] - [2] MIRKO.POZEN: Fichier envoyé: D:\kerberos.htx\gamez1\Dethkarz\EXTRAS\Goodies\Francais\boutique\stuff\products\outcast-black-tshirt.jpg (62,06 K/S -   63 547 bytes)
[21:34:39] - [2] MIRKO.POZEN: Début du Téléchargement de: D:\kerberos.htx\gamez1\Dethkarz\EXTRAS\Goodies\Francais\boutique\stuff\products\outcast-black-tshirts.jpg
[21:34:39] - [2] MIRKO.POZEN: Fichier envoyé: D:\kerberos.htx\gamez1\Dethkarz\EXTRAS\Goodies\Francais\boutique\stuff\products\outcast-black-tshirts.jpg (6,52 K/S -   6 679 bytes)
[21:34:39] - [2] MIRKO.POZEN: Début du Téléchargement de: D:\kerberos.htx\gamez1\Dethkarz\EXTRAS\Goodies\Francais\boutique\stuff\products\outcast-orange-tshirt.jpg
[21:34:39] - [2] MIRKO.POZEN: Fichier envoyé: D:\kerberos.htx\gamez1\Dethkarz\EXTRAS\Goodies\Francais\boutique\stuff\products\outcast-orange-tshirt.jpg (43,63 K/S -   44 672 bytes)
[21:34:40] - [2] MIRKO.POZEN: Début du Téléchargement de: D:\kerberos.htx\gamez1\Dethkarz\EXTRAS\Goodies\Francais\boutique\stuff\products\outcast-orange-tshirts.jpg
[21:34:40] - [2] MIRKO.POZEN: Fichier envoyé: D:\kerberos.htx\gamez1\Dethkarz\EXTRAS\Goodies\Francais\boutique\stuff\products\outcast-orange-tshirts.jpg (4,67 K/S -   4 777 bytes)
[21:34:40] - [2] MIRKO.POZEN: Début du Téléchargement de: D:\kerberos.htx\gamez1\Dethkarz\EXTRAS\Goodies\Francais\boutique\stuff\products\tatou_bag.jpg
[21:34:40] - [2] MIRKO.POZEN: Fichier envoyé: D:\kerberos.htx\gamez1\Dethkarz\EXTRAS\Goodies\Francais\boutique\stuff\products\tatou_bag.jpg (47,79 K/S -   48 935 bytes)
[21:34:40] - [2] MIRKO.POZEN: Début du Téléchargement de: D:\kerberos.htx\gamez1\Dethkarz\EXTRAS\Goodies\Francais\boutique\stuff\products\tatou_bags.jpg
[21:34:40] - [2] MIRKO.POZEN: Fichier envoyé: D:\kerberos.htx\gamez1\Dethkarz\EXTRAS\Goodies\Francais\boutique\stuff\products\tatou_bags.jpg (5,79 K/S -   5 924 bytes)
[21:34:40] - [2] MIRKO.POZEN: Début du Téléchargement de: D:\kerberos.htx\gamez1\Dethkarz\EXTRAS\Goodies\Francais\boutique\stuff\products\vicious.jpg
[21:34:40] - [2] MIRKO.POZEN: Fichier envoyé: D:\kerberos.htx\gamez1\Dethkarz\EXTRAS\Goodies\Francais\boutique\stuff\products\vicious.jpg (18,86 K/S -   19 310 bytes)
[21:34:41] - [2] MIRKO.POZEN: Début du Téléchargement de: D:\kerberos.htx\gamez1\Dethkarz\EXTRAS\Goodies\Francais\boutique\stuff\products\viciouss.jpg
[21:34:41] - [2] MIRKO.POZEN: Fichier envoyé: D:\kerberos.htx\gamez1\Dethkarz\EXTRAS\Goodies\Francais\boutique\stuff\products\viciouss.jpg (3,24 K/S -   3 319 bytes)
[21:34:41] - [2] MIRKO.POZEN: Début du Téléchargement de: D:\kerberos.htx\gamez1\Dethkarz\EXTRAS\Goodies\Francais\boutique\stuff\products\vrally2_tshirt.jpg
[21:34:41] - [2] MIRKO.POZEN: Fichier envoyé: D:\kerberos.htx\gamez1\Dethkarz\EXTRAS\Goodies\Francais\boutique\stuff\products\vrally2_tshirt.jpg (30,01 K/S -   30 729 bytes)
[21:34:41] - [2] MIRKO.POZEN: Début du Téléchargement de: D:\kerberos.htx\gamez1\Dethkarz\EXTRAS\Goodies\Francais\boutique\stuff\products\vrally2_tshirts.jpg
[21:34:41] - [2] MIRKO.POZEN: Fichier envoyé: D:\kerberos.htx\gamez1\Dethkarz\EXTRAS\Goodies\Francais\boutique\stuff\products\vrally2_tshirts.jpg (6,54 K/S -   6 697 bytes)
[21:34:41] - [2] MIRKO.POZEN: Début du Téléchargement de: D:\kerberos.htx\gamez1\Dethkarz\EXTRAS\Goodies\Francais\boutique\stuff\products\vrally_cap.jpg
[21:34:42] - [2] MIRKO.POZEN: Fichier envoyé: D:\kerberos.htx\gamez1\Dethkarz\EXTRAS\Goodies\Francais\boutique\stuff\products\vrally_cap.jpg (27,18 K/S -   27 830 bytes)
[21:34:42] - [2] MIRKO.POZEN: Début du Téléchargement de: D:\kerberos.htx\gamez1\Dethkarz\EXTRAS\Goodies\Francais\boutique\stuff\products\vrally_caps.jpg
[21:34:42] - [2] MIRKO.POZEN: Fichier envoyé: D:\kerberos.htx\gamez1\Dethkarz\EXTRAS\Goodies\Francais\boutique\stuff\products\vrally_caps.jpg (3,55 K/S -   3 637 bytes)
[21:34:42] - [2] MIRKO.POZEN: Début du Téléchargement de: D:\kerberos.htx\gamez1\Dethkarz\EXTRAS\Goodies\Francais\boutique\stuff\products\wargasm-tshirt.jpg
[21:34:42] - [2] MIRKO.POZEN: Fichier envoyé: D:\kerberos.htx\gamez1\Dethkarz\EXTRAS\Goodies\Francais\boutique\stuff\products\wargasm-tshirt.jpg (33,05 K/S -   33 843 bytes)
[21:34:42] - [2] MIRKO.POZEN: Début du Téléchargement de: D:\kerberos.htx\gamez1\Dethkarz\EXTRAS\Goodies\Francais\boutique\stuff\products\wargasm-tshirts.jpg
[21:34:42] - [2] MIRKO.POZEN: Fichier envoyé: D:\kerberos.htx\gamez1\Dethkarz\EXTRAS\Goodies\Francais\boutique\stuff\products\wargasm-tshirts.jpg (4,37 K/S -   4 478 bytes)
[21:34:43] - [2] MIRKO.POZEN: Répertoire en Cours: D:\kerberos.htx\gamez1\Dethkarz\EXTRAS\Goodies\Francais\boutique\stuff\images\
[21:34:43] - [2] MIRKO.POZEN: Début du Téléchargement de: D:\kerberos.htx\gamez1\Dethkarz\EXTRAS\Goodies\Francais\boutique\stuff\images\bandeau-v-rally.gif
[21:34:43] - [2] MIRKO.POZEN: Fichier envoyé: D:\kerberos.htx\gamez1\Dethkarz\EXTRAS\Goodies\Francais\boutique\stuff\images\bandeau-v-rally.gif (13,42 K/S -   13 738 bytes)
[21:34:43] - [2] MIRKO.POZEN: Début du Téléchargement de: D:\kerberos.htx\gamez1\Dethkarz\EXTRAS\Goodies\Francais\boutique\stuff\images\caddie.gif
[21:34:43] - [2] MIRKO.POZEN: Fichier envoyé: D:\kerberos.htx\gamez1\Dethkarz\EXTRAS\Goodies\Francais\boutique\stuff\images\caddie.gif (1,88 K/S -   1 930 bytes)
[21:34:43] - [2] MIRKO.POZEN: Début du Téléchargement de: D:\kerberos.htx\gamez1\Dethkarz\EXTRAS\Goodies\Francais\boutique\stuff\images\caddiefull.gif
[21:34:43] - [2] MIRKO.POZEN: Fichier envoyé: D:\kerberos.htx\gamez1\Dethkarz\EXTRAS\Goodies\Francais\boutique\stuff\images\caddiefull.gif (3,78 K/S -   3 867 bytes)
[21:34:43] - [2] MIRKO.POZEN: Début du Téléchargement de: D:\kerberos.htx\gamez1\Dethkarz\EXTRAS\Goodies\Francais\boutique\stuff\images\contact-2.gif
[21:34:43] - [2] MIRKO.POZEN: Fichier envoyé: D:\kerberos.htx\gamez1\Dethkarz\EXTRAS\Goodies\Francais\boutique\stuff\images\contact-2.gif (1,16 K/S -   1 184 bytes)
[21:34:44] - [2] MIRKO.POZEN: Début du Téléchargement de: D:\kerberos.htx\gamez1\Dethkarz\EXTRAS\Goodies\Francais\boutique\stuff\images\contact-22.gif
[21:34:44] - [2] MIRKO.POZEN: Fichier envoyé: D:\kerberos.htx\gamez1\Dethkarz\EXTRAS\Goodies\Francais\boutique\stuff\images\contact-22.gif (1,18 K/S -   1 204 bytes)
[21:34:44] - [2] MIRKO.POZEN: Début du Téléchargement de: D:\kerberos.htx\gamez1\Dethkarz\EXTRAS\Goodies\Francais\boutique\stuff\images\contact-3.gif
[21:34:44] - [2] MIRKO.POZEN: Fichier envoyé: D:\kerberos.htx\gamez1\Dethkarz\EXTRAS\Goodies\Francais\boutique\stuff\images\contact-3.gif (1,15 K/S -   1 176 bytes)
[21:34:44] - [2] MIRKO.POZEN: Début du Téléchargement de: D:\kerberos.htx\gamez1\Dethkarz\EXTRAS\Goodies\Francais\boutique\stuff\images\contact-33.gif
[21:34:44] - [2] MIRKO.POZEN: Fichier envoyé: D:\kerberos.htx\gamez1\Dethkarz\EXTRAS\Goodies\Francais\boutique\stuff\images\contact-33.gif (0,55 K/S -    565 bytes)
[21:34:44] - [2] MIRKO.POZEN: Début du Téléchargement de: D:\kerberos.htx\gamez1\Dethkarz\EXTRAS\Goodies\Francais\boutique\stuff\images\grid.jpg
[21:34:45] - [2] MIRKO.POZEN: Fichier envoyé: D:\kerberos.htx\gamez1\Dethkarz\EXTRAS\Goodies\Francais\boutique\stuff\images\grid.jpg (32,82 K/S -   33 612 bytes)
[21:34:45] - [2] MIRKO.POZEN: Début du Téléchargement de: D:\kerberos.htx\gamez1\Dethkarz\EXTRAS\Goodies\Francais\boutique\stuff\images\hodlogo.jpg
[21:34:45] - [2] MIRKO.POZEN: Fichier envoyé: D:\kerberos.htx\gamez1\Dethkarz\EXTRAS\Goodies\Francais\boutique\stuff\images\hodlogo.jpg (21,07 K/S -   21 580 bytes)
[21:34:45] - [2] MIRKO.POZEN: Début du Téléchargement de: D:\kerberos.htx\gamez1\Dethkarz\EXTRAS\Goodies\Francais\boutique\stuff\images\infogrames_c_00.gif
[21:34:45] - [2] MIRKO.POZEN: Fichier envoyé: D:\kerberos.htx\gamez1\Dethkarz\EXTRAS\Goodies\Francais\boutique\stuff\images\infogrames_c_00.gif (0,04 K/S -    43 bytes)
[21:34:45] - [2] MIRKO.POZEN: Début du Téléchargement de: D:\kerberos.htx\gamez1\Dethkarz\EXTRAS\Goodies\Francais\boutique\stuff\images\infogrames_c_01_01.jpg
[21:34:45] - [2] MIRKO.POZEN: Fichier envoyé: D:\kerberos.htx\gamez1\Dethkarz\EXTRAS\Goodies\Francais\boutique\stuff\images\infogrames_c_01_01.jpg (4,99 K/S -   5 105 bytes)
[21:34:45] - [3] MIRKO.POZEN: Fichier envoyé: D:\kerberos.htx\gamez1\Dethkarz\SYSDATA\Syscon\Sysdata\Syscon\Sysdata\SYSDATA.ZIP (431,53 K/S -  25 629 532 bytes)
[21:34:45] - [3] MIRKO.POZEN: Répertoire en Cours: D:\kerberos.htx\gamez1\Dethkarz\EXTRAS\Goodies\Francais\boutique\stuff\images\
[21:34:45] - [3] MIRKO.POZEN: Début du Téléchargement de: D:\kerberos.htx\gamez1\Dethkarz\EXTRAS\Goodies\Francais\boutique\stuff\images\infogrames_c_01_02.jpg
[21:34:45] - [3] MIRKO.POZEN: Fichier envoyé: D:\kerberos.htx\gamez1\Dethkarz\EXTRAS\Goodies\Francais\boutique\stuff\images\infogrames_c_01_02.jpg (2,26 K/S -   2 314 bytes)
[21:34:46] - [2] MIRKO.POZEN: Début du Téléchargement de: D:\kerberos.htx\gamez1\Dethkarz\EXTRAS\Goodies\Francais\boutique\stuff\images\infogrames_c_01_03.jpg
[21:34:46] - [2] MIRKO.POZEN: Fichier envoyé: D:\kerberos.htx\gamez1\Dethkarz\EXTRAS\Goodies\Francais\boutique\stuff\images\infogrames_c_01_03.jpg (1,67 K/S -   1 709 bytes)
[21:34:46] - [3] MIRKO.POZEN: Début du Téléchargement de: D:\kerberos.htx\gamez1\Dethkarz\EXTRAS\Goodies\Francais\boutique\stuff\images\infogrames_c_01_05.jpg
[21:34:46] - [3] MIRKO.POZEN: Fichier envoyé: D:\kerberos.htx\gamez1\Dethkarz\EXTRAS\Goodies\Francais\boutique\stuff\images\infogrames_c_01_05.jpg (0,80 K/S -    819 bytes)
[21:34:46] - [2] MIRKO.POZEN: Début du Téléchargement de: D:\kerberos.htx\gamez1\Dethkarz\EXTRAS\Goodies\Francais\boutique\stuff\images\infogrames_c_02_05.jpg
[21:34:46] - [2] MIRKO.POZEN: Fichier envoyé: D:\kerberos.htx\gamez1\Dethkarz\EXTRAS\Goodies\Francais\boutique\stuff\images\infogrames_c_02_05.jpg (3,09 K/S -   3 166 bytes)
[21:34:46] - [3] MIRKO.POZEN: Début du Téléchargement de: D:\kerberos.htx\gamez1\Dethkarz\EXTRAS\Goodies\Francais\boutique\stuff\images\infogrames_c_03_03.jpg
[21:34:46] - [3] MIRKO.POZEN: Fichier envoyé: D:\kerberos.htx\gamez1\Dethkarz\EXTRAS\Goodies\Francais\boutique\stuff\images\infogrames_c_03_03.jpg (3,44 K/S -   3 520 bytes)
[21:34:46] - [2] MIRKO.POZEN: Début du Téléchargement de: D:\kerberos.htx\gamez1\Dethkarz\EXTRAS\Goodies\Francais\boutique\stuff\images\infogrames_c_03_07.jpg
[21:34:46] - [2] MIRKO.POZEN: Fichier envoyé: D:\kerberos.htx\gamez1\Dethkarz\EXTRAS\Goodies\Francais\boutique\stuff\images\infogrames_c_03_07.jpg (4,52 K/S -   4 625 bytes)
[21:34:46] - [3] MIRKO.POZEN: Début du Téléchargement de: D:\kerberos.htx\gamez1\Dethkarz\EXTRAS\Goodies\Francais\boutique\stuff\images\infogrames_c_03_08.jpg
[21:34:46] - [3] MIRKO.POZEN: Fichier envoyé: D:\kerberos.htx\gamez1\Dethkarz\EXTRAS\Goodies\Francais\boutique\stuff\images\infogrames_c_03_08.jpg (2,90 K/S -   2 967 bytes)
[21:34:46] - [2] MIRKO.POZEN: Début du Téléchargement de: D:\kerberos.htx\gamez1\Dethkarz\EXTRAS\Goodies\Francais\boutique\stuff\images\infogrames_c_04_03.jpg
[21:34:47] - [2] MIRKO.POZEN: Fichier envoyé: D:\kerberos.htx\gamez1\Dethkarz\EXTRAS\Goodies\Francais\boutique\stuff\images\infogrames_c_04_03.jpg (1,33 K/S -   1 366 bytes)
[21:34:47] - [3] MIRKO.POZEN: Début du Téléchargement de: D:\kerberos.htx\gamez1\Dethkarz\EXTRAS\Goodies\Francais\boutique\stuff\images\infogrames_c_05_02.jpg
[21:34:47] - [3] MIRKO.POZEN: Fichier envoyé: D:\kerberos.htx\gamez1\Dethkarz\EXTRAS\Goodies\Francais\boutique\stuff\images\infogrames_c_05_02.jpg (2,23 K/S -   2 288 bytes)
[21:34:47] - [2] MIRKO.POZEN: Début du Téléchargement de: D:\kerberos.htx\gamez1\Dethkarz\EXTRAS\Goodies\Francais\boutique\stuff\images\infogrames_c_05_06.jpg
[21:34:47] - [2] MIRKO.POZEN: Fichier envoyé: D:\kerberos.htx\gamez1\Dethkarz\EXTRAS\Goodies\Francais\boutique\stuff\images\infogrames_c_05_06.jpg (1,89 K/S -   1 934 bytes)
[21:34:47] - [3] MIRKO.POZEN: Début du Téléchargement de: D:\kerberos.htx\gamez1\Dethkarz\EXTRAS\Goodies\Francais\boutique\stuff\images\infogrames_c_06_02.jpg
[21:34:47] - [3] MIRKO.POZEN: Fichier envoyé: D:\kerberos.htx\gamez1\Dethkarz\EXTRAS\Goodies\Francais\boutique\stuff\images\infogrames_c_06_02.jpg (0,65 K/S -    664 bytes)
[21:34:47] - [2] MIRKO.POZEN: Début du Téléchargement de: D:\kerberos.htx\gamez1\Dethkarz\EXTRAS\Goodies\Francais\boutique\stuff\images\infogrames_c_06_03.jpg
[21:34:47] - [2] MIRKO.POZEN: Fichier envoyé: D:\kerberos.htx\gamez1\Dethkarz\EXTRAS\Goodies\Francais\boutique\stuff\images\infogrames_c_06_03.jpg (0,73 K/S -    747 bytes)
[21:34:48] - [3] MIRKO.POZEN: Début du Téléchargement de: D:\kerberos.htx\gamez1\Dethkarz\EXTRAS\Goodies\Francais\boutique\stuff\images\infogrames_c_07_01.jpg
[21:34:48] - [3] MIRKO.POZEN: Fichier envoyé: D:\kerberos.htx\gamez1\Dethkarz\EXTRAS\Goodies\Francais\boutique\stuff\images\infogrames_c_07_01.jpg (2,31 K/S -   2 365 bytes)
[21:34:48] - [2] MIRKO.POZEN: Début du Téléchargement de: D:\kerberos.htx\gamez1\Dethkarz\EXTRAS\Goodies\Francais\boutique\stuff\images\infogrames_c_07_04.jpg
[21:34:48] - [2] MIRKO.POZEN: Fichier envoyé: D:\kerberos.htx\gamez1\Dethkarz\EXTRAS\Goodies\Francais\boutique\stuff\images\infogrames_c_07_04.jpg (1,27 K/S -   1 304 bytes)
[21:34:48] - [3] MIRKO.POZEN: Début du Téléchargement de: D:\kerberos.htx\gamez1\Dethkarz\EXTRAS\Goodies\Francais\boutique\stuff\images\infogrames_c_08_01.jpg
[21:34:48] - [3] MIRKO.POZEN: Fichier envoyé: D:\kerberos.htx\gamez1\Dethkarz\EXTRAS\Goodies\Francais\boutique\stuff\images\infogrames_c_08_01.jpg (2,11 K/S -   2 158 bytes)
[21:34:48] - [2] MIRKO.POZEN: Début du Téléchargement de: D:\kerberos.htx\gamez1\Dethkarz\EXTRAS\Goodies\Francais\boutique\stuff\images\infogrames_c_08_02.jpg
[21:34:48] - [2] MIRKO.POZEN: Fichier envoyé: D:\kerberos.htx\gamez1\Dethkarz\EXTRAS\Goodies\Francais\boutique\stuff\images\infogrames_c_08_02.jpg (1,31 K/S -   1 338 bytes)
[21:34:48] - [3] MIRKO.POZEN: Début du Téléchargement de: D:\kerberos.htx\gamez1\Dethkarz\EXTRAS\Goodies\Francais\boutique\stuff\images\infogrames_c_08_03.jpg
[21:34:48] - [2] MIRKO.POZEN: Début du Téléchargement de: D:\kerberos.htx\gamez1\Dethkarz\EXTRAS\Goodies\Francais\boutique\stuff\images\infogrames_c_09_03.jpg
[21:34:48] - [2] MIRKO.POZEN: Fichier envoyé: D:\kerberos.htx\gamez1\Dethkarz\EXTRAS\Goodies\Francais\boutique\stuff\images\infogrames_c_09_03.jpg (0,64 K/S -    653 bytes)
[21:34:48] - [3] MIRKO.POZEN: Fichier envoyé: D:\kerberos.htx\gamez1\Dethkarz\EXTRAS\Goodies\Francais\boutique\stuff\images\infogrames_c_08_03.jpg (3,83 K/S -   3 925 bytes)
[21:34:48] - [3] MIRKO.POZEN: Début du Téléchargement de: D:\kerberos.htx\gamez1\Dethkarz\EXTRAS\Goodies\Francais\boutique\stuff\images\info_store_cover.jpg
[21:34:49] - [2] MIRKO.POZEN: Début du Téléchargement de: D:\kerberos.htx\gamez1\Dethkarz\EXTRAS\Goodies\Francais\boutique\stuff\images\interface_top_info-store.jpg
[21:34:49] - [2] MIRKO.POZEN: Fichier envoyé: D:\kerberos.htx\gamez1\Dethkarz\EXTRAS\Goodies\Francais\boutique\stuff\images\interface_top_info-store.jpg (33,94 K/S -   34 756 bytes)
[21:34:49] - [3] MIRKO.POZEN: Fichier envoyé: D:\kerberos.htx\gamez1\Dethkarz\EXTRAS\Goodies\Francais\boutique\stuff\images\info_store_cover.jpg (61,55 K/S -   63 028 bytes)
[21:34:49] - [3] MIRKO.POZEN: Début du Téléchargement de: D:\kerberos.htx\gamez1\Dethkarz\EXTRAS\Goodies\Francais\boutique\stuff\images\interface_to_01_01.gif
[21:34:49] - [3] MIRKO.POZEN: Fichier envoyé: D:\kerberos.htx\gamez1\Dethkarz\EXTRAS\Goodies\Francais\boutique\stuff\images\interface_to_01_01.gif (5,80 K/S -   5 936 bytes)
[21:34:49] - [2] MIRKO.POZEN: Début du Téléchargement de: D:\kerberos.htx\gamez1\Dethkarz\EXTRAS\Goodies\Francais\boutique\stuff\images\interface_to_01_02.gif
[21:34:49] - [2] MIRKO.POZEN: Fichier envoyé: D:\kerberos.htx\gamez1\Dethkarz\EXTRAS\Goodies\Francais\boutique\stuff\images\interface_to_01_02.gif (13,54 K/S -   13 865 bytes)
[21:34:49] - [3] MIRKO.POZEN: Début du Téléchargement de: D:\kerberos.htx\gamez1\Dethkarz\EXTRAS\Goodies\Francais\boutique\stuff\images\interface_to_01_03.gif
[21:34:49] - [3] MIRKO.POZEN: Fichier envoyé: D:\kerberos.htx\gamez1\Dethkarz\EXTRAS\Goodies\Francais\boutique\stuff\images\interface_to_01_03.gif (2,16 K/S -   2 214 bytes)
[21:34:49] - [2] MIRKO.POZEN: Début du Téléchargement de: D:\kerberos.htx\gamez1\Dethkarz\EXTRAS\Goodies\Francais\boutique\stuff\images\lock.gif
[21:34:49] - [2] MIRKO.POZEN: Fichier envoyé: D:\kerberos.htx\gamez1\Dethkarz\EXTRAS\Goodies\Francais\boutique\stuff\images\lock.gif (3,47 K/S -   3 550 bytes)
[21:34:49] - [3] MIRKO.POZEN: Début du Téléchargement de: D:\kerberos.htx\gamez1\Dethkarz\EXTRAS\Goodies\Francais\boutique\stuff\images\logo.gif
[21:34:49] - [3] MIRKO.POZEN: Fichier envoyé: D:\kerberos.htx\gamez1\Dethkarz\EXTRAS\Goodies\Francais\boutique\stuff\images\logo.gif (9,23 K/S -   9 453 bytes)
[21:34:49] - [2] MIRKO.POZEN: Début du Téléchargement de: D:\kerberos.htx\gamez1\Dethkarz\EXTRAS\Goodies\Francais\boutique\stuff\images\outcastbandeau.jpg
[21:34:49] - [2] MIRKO.POZEN: Fichier envoyé: D:\kerberos.htx\gamez1\Dethkarz\EXTRAS\Goodies\Francais\boutique\stuff\images\outcastbandeau.jpg (19,07 K/S -   19 525 bytes)
[21:34:50] - [3] MIRKO.POZEN: Début du Téléchargement de: D:\kerberos.htx\gamez1\Dethkarz\EXTRAS\Goodies\Francais\boutique\stuff\images\tips_bag.jpg
[21:34:50] - [3] MIRKO.POZEN: Fichier envoyé: D:\kerberos.htx\gamez1\Dethkarz\EXTRAS\Goodies\Francais\boutique\stuff\images\tips_bag.jpg (8,63 K/S -   8 835 bytes)
[21:34:50] - [2] MIRKO.POZEN: Début du Téléchargement de: D:\kerberos.htx\gamez1\Dethkarz\EXTRAS\Goodies\Francais\boutique\stuff\images\tips_bag_off.jpg
[21:34:50] - [2] MIRKO.POZEN: Fichier envoyé: D:\kerberos.htx\gamez1\Dethkarz\EXTRAS\Goodies\Francais\boutique\stuff\images\tips_bag_off.jpg (5,26 K/S -   5 391 bytes)
[21:34:50] - [3] MIRKO.POZEN: Début du Téléchargement de: D:\kerberos.htx\gamez1\Dethkarz\EXTRAS\Goodies\Francais\boutique\stuff\images\tips_bag_on.jpg
[21:34:50] - [3] MIRKO.POZEN: Fichier envoyé: D:\kerberos.htx\gamez1\Dethkarz\EXTRAS\Goodies\Francais\boutique\stuff\images\tips_bag_on.jpg (5,28 K/S -   5 404 bytes)
[21:34:50] - [2] MIRKO.POZEN: Début du Téléchargement de: D:\kerberos.htx\gamez1\Dethkarz\EXTRAS\Goodies\Francais\boutique\stuff\images\tips_great_off.gif
[21:34:50] - [2] MIRKO.POZEN: Fichier envoyé: D:\kerberos.htx\gamez1\Dethkarz\EXTRAS\Goodies\Francais\boutique\stuff\images\tips_great_off.gif (4,11 K/S -   4 208 bytes)
[21:34:50] - [3] MIRKO.POZEN: Début du Téléchargement de: D:\kerberos.htx\gamez1\Dethkarz\EXTRAS\Goodies\Francais\boutique\stuff\images\tips_great_on.gif
[21:34:50] - [3] MIRKO.POZEN: Fichier envoyé: D:\kerberos.htx\gamez1\Dethkarz\EXTRAS\Goodies\Francais\boutique\stuff\images\tips_great_on.gif (3,74 K/S -   3 826 bytes)
[21:34:50] - [2] MIRKO.POZEN: Début du Téléchargement de: D:\kerberos.htx\gamez1\Dethkarz\EXTRAS\Goodies\Francais\boutique\stuff\images\tips_home_off.gif
[21:34:50] - [2] MIRKO.POZEN: Fichier envoyé: D:\kerberos.htx\gamez1\Dethkarz\EXTRAS\Goodies\Francais\boutique\stuff\images\tips_home_off.gif (1,73 K/S -   1 770 bytes)
[21:34:50] - [3] MIRKO.POZEN: Début du Téléchargement de: D:\kerberos.htx\gamez1\Dethkarz\EXTRAS\Goodies\Francais\boutique\stuff\images\tips_home_on.gif
[21:34:50] - [3] MIRKO.POZEN: Fichier envoyé: D:\kerberos.htx\gamez1\Dethkarz\EXTRAS\Goodies\Francais\boutique\stuff\images\tips_home_on.gif (1,73 K/S -   1 770 bytes)
[21:34:50] - [2] MIRKO.POZEN: Début du Téléchargement de: D:\kerberos.htx\gamez1\Dethkarz\EXTRAS\Goodies\Francais\boutique\stuff\images\tips_mail_off.gif
[21:34:50] - [2] MIRKO.POZEN: Fichier envoyé: D:\kerberos.htx\gamez1\Dethkarz\EXTRAS\Goodies\Francais\boutique\stuff\images\tips_mail_off.gif (1,98 K/S -   2 030 bytes)
[21:34:51] - [3] MIRKO.POZEN: Début du Téléchargement de: D:\kerberos.htx\gamez1\Dethkarz\EXTRAS\Goodies\Francais\boutique\stuff\images\tips_mail_on.gif
[21:34:51] - [3] MIRKO.POZEN: Fichier envoyé: D:\kerberos.htx\gamez1\Dethkarz\EXTRAS\Goodies\Francais\boutique\stuff\images\tips_mail_on.gif (1,92 K/S -   1 968 bytes)
[21:34:51] - [2] MIRKO.POZEN: Début du Téléchargement de: D:\kerberos.htx\gamez1\Dethkarz\EXTRAS\Goodies\Francais\boutique\stuff\images\tip_moins.gif
[21:34:51] - [2] MIRKO.POZEN: Fichier envoyé: D:\kerberos.htx\gamez1\Dethkarz\EXTRAS\Goodies\Francais\boutique\stuff\images\tip_moins.gif (0,87 K/S -    895 bytes)
[21:34:51] - [3] MIRKO.POZEN: Début du Téléchargement de: D:\kerberos.htx\gamez1\Dethkarz\EXTRAS\Goodies\Francais\boutique\stuff\images\tip_plus.gif
[21:34:51] - [3] MIRKO.POZEN: Fichier envoyé: D:\kerberos.htx\gamez1\Dethkarz\EXTRAS\Goodies\Francais\boutique\stuff\images\tip_plus.gif (0,90 K/S -    917 bytes)
[21:34:51] - [2] MIRKO.POZEN: Début du Téléchargement de: D:\kerberos.htx\gamez1\Dethkarz\EXTRAS\Goodies\Francais\boutique\stuff\images\typo-global.gif
[21:34:51] - [2] MIRKO.POZEN: Fichier envoyé: D:\kerberos.htx\gamez1\Dethkarz\EXTRAS\Goodies\Francais\boutique\stuff\images\typo-global.gif (21,07 K/S -   21 577 bytes)
[21:34:51] - [3] MIRKO.POZEN: Début du Téléchargement de: D:\kerberos.htx\gamez1\Dethkarz\EXTRAS\Goodies\Francais\boutique\stuff\images\typo-global.jpg
[21:34:51] - [3] MIRKO.POZEN: Fichier envoyé: D:\kerberos.htx\gamez1\Dethkarz\EXTRAS\Goodies\Francais\boutique\stuff\images\typo-global.jpg (14,54 K/S -   14 891 bytes)
[21:34:51] - [2] MIRKO.POZEN: Début du Téléchargement de: D:\kerberos.htx\gamez1\Dethkarz\EXTRAS\Goodies\Francais\boutique\stuff\images\typo-global_on.gif
[21:34:51] - [2] MIRKO.POZEN: Fichier envoyé: D:\kerberos.htx\gamez1\Dethkarz\EXTRAS\Goodies\Francais\boutique\stuff\images\typo-global_on.gif (11,35 K/S -   11 618 bytes)
[21:34:51] - [3] MIRKO.POZEN: Début du Téléchargement de: D:\kerberos.htx\gamez1\Dethkarz\EXTRAS\Goodies\Francais\boutique\stuff\images\wargasm_bandeau.jpg
[21:34:51] - [3] MIRKO.POZEN: Fichier envoyé: D:\kerberos.htx\gamez1\Dethkarz\EXTRAS\Goodies\Francais\boutique\stuff\images\wargasm_bandeau.jpg (20,87 K/S -   21 370 bytes)
[21:34:51] - [2] MIRKO.POZEN: Répertoire en Cours: D:\kerberos.htx\gamez1\Dethkarz\EXTRAS\Goodies\English\shop\
[21:34:51] - [2] MIRKO.POZEN: Début du Téléchargement de: D:\kerberos.htx\gamez1\Dethkarz\EXTRAS\Goodies\English\shop\index.htm
[21:34:51] - [2] MIRKO.POZEN: Fichier envoyé: D:\kerberos.htx\gamez1\Dethkarz\EXTRAS\Goodies\English\shop\index.htm (0,60 K/S -    619 bytes)
[21:34:52] - [3] MIRKO.POZEN: Répertoire en Cours: D:\kerberos.htx\gamez1\Dethkarz\EXTRAS\Goodies\English\shop\Stuff\
[21:34:52] - [3] MIRKO.POZEN: Début du Téléchargement de: D:\kerberos.htx\gamez1\Dethkarz\EXTRAS\Goodies\English\shop\Stuff\add.js
[21:34:52] - [2] MIRKO.POZEN: Répertoire en Cours: D:\kerberos.htx\gamez1\Dethkarz\EXTRAS\Goodies\English\shop\Stuff\
[21:34:52] - [3] MIRKO.POZEN: Fichier envoyé: D:\kerberos.htx\gamez1\Dethkarz\EXTRAS\Goodies\English\shop\Stuff\add.js (0,58 K/S -    598 bytes)
[21:34:52] - [2] MIRKO.POZEN: Début du Téléchargement de: D:\kerberos.htx\gamez1\Dethkarz\EXTRAS\Goodies\English\shop\Stuff\add_on_top.js
[21:34:52] - [2] MIRKO.POZEN: Fichier envoyé: D:\kerberos.htx\gamez1\Dethkarz\EXTRAS\Goodies\English\shop\Stuff\add_on_top.js (2,11 K/S -   2 163 bytes)
[21:34:52] - [3] MIRKO.POZEN: Début du Téléchargement de: D:\kerberos.htx\gamez1\Dethkarz\EXTRAS\Goodies\English\shop\Stuff\bag change.htm
[21:34:52] - [3] MIRKO.POZEN: Fichier envoyé: D:\kerberos.htx\gamez1\Dethkarz\EXTRAS\Goodies\English\shop\Stuff\bag change.htm (4,98 K/S -   5 103 bytes)
[21:34:52] - [2] MIRKO.POZEN: Début du Téléchargement de: D:\kerberos.htx\gamez1\Dethkarz\EXTRAS\Goodies\English\shop\Stuff\bag.htm
[21:34:52] - [2] MIRKO.POZEN: Fichier envoyé: D:\kerberos.htx\gamez1\Dethkarz\EXTRAS\Goodies\English\shop\Stuff\bag.htm (3,93 K/S -   4 021 bytes)
[21:34:52] - [3] MIRKO.POZEN: Début du Téléchargement de: D:\kerberos.htx\gamez1\Dethkarz\EXTRAS\Goodies\English\shop\Stuff\bagpack.htm
[21:34:52] - [3] MIRKO.POZEN: Fichier envoyé: D:\kerberos.htx\gamez1\Dethkarz\EXTRAS\Goodies\English\shop\Stuff\bagpack.htm (2,65 K/S -   2 712 bytes)
[21:34:52] - [2] MIRKO.POZEN: Début du Téléchargement de: D:\kerberos.htx\gamez1\Dethkarz\EXTRAS\Goodies\English\shop\Stuff\blank-1.htm
[21:34:52] - [2] MIRKO.POZEN: Fichier envoyé: D:\kerberos.htx\gamez1\Dethkarz\EXTRAS\Goodies\English\shop\Stuff\blank-1.htm (0,18 K/S -    183 bytes)
[21:34:52] - [3] MIRKO.POZEN: Début du Téléchargement de: D:\kerberos.htx\gamez1\Dethkarz\EXTRAS\Goodies\English\shop\Stuff\cap.htm
[21:34:52] - [3] MIRKO.POZEN: Fichier envoyé: D:\kerberos.htx\gamez1\Dethkarz\EXTRAS\Goodies\English\shop\Stuff\cap.htm (6,08 K/S -   6 221 bytes)
[21:34:52] - [2] MIRKO.POZEN: Début du Téléchargement de: D:\kerberos.htx\gamez1\Dethkarz\EXTRAS\Goodies\English\shop\Stuff\check_this_out.js
[21:34:53] - [2] MIRKO.POZEN: Fichier envoyé: D:\kerberos.htx\gamez1\Dethkarz\EXTRAS\Goodies\English\shop\Stuff\check_this_out.js (1,84 K/S -   1 881 bytes)
[21:34:53] - [3] MIRKO.POZEN: Début du Téléchargement de: D:\kerberos.htx\gamez1\Dethkarz\EXTRAS\Goodies\English\shop\Stuff\Copie de bag.htm
[21:34:53] - [3] MIRKO.POZEN: Fichier envoyé: D:\kerberos.htx\gamez1\Dethkarz\EXTRAS\Goodies\English\shop\Stuff\Copie de bag.htm (3,86 K/S -   3 949 bytes)
[21:34:53] - [2] MIRKO.POZEN: Début du Téléchargement de: D:\kerberos.htx\gamez1\Dethkarz\EXTRAS\Goodies\English\shop\Stuff\Copie de left_top.htm
[21:34:53] - [2] MIRKO.POZEN: Fichier envoyé: D:\kerberos.htx\gamez1\Dethkarz\EXTRAS\Goodies\English\shop\Stuff\Copie de left_top.htm (1,94 K/S -   1 989 bytes)
[21:34:53] - [3] MIRKO.POZEN: Début du Téléchargement de: D:\kerberos.htx\gamez1\Dethkarz\EXTRAS\Goodies\English\shop\Stuff\dex.htm
[21:34:53] - [3] MIRKO.POZEN: Fichier envoyé: D:\kerberos.htx\gamez1\Dethkarz\EXTRAS\Goodies\English\shop\Stuff\dex.htm (0,89 K/S -    908 bytes)
[21:34:53] - [2] MIRKO.POZEN: Début du Téléchargement de: D:\kerberos.htx\gamez1\Dethkarz\EXTRAS\Goodies\English\shop\Stuff\fig.htm
[21:34:53] - [2] MIRKO.POZEN: Fichier envoyé: D:\kerberos.htx\gamez1\Dethkarz\EXTRAS\Goodies\English\shop\Stuff\fig.htm (4,34 K/S -   4 441 bytes)
[21:34:53] - [3] MIRKO.POZEN: Début du Téléchargement de: D:\kerberos.htx\gamez1\Dethkarz\EXTRAS\Goodies\English\shop\Stuff\head changed.htm
[21:34:53] - [3] MIRKO.POZEN: Fichier envoyé: D:\kerberos.htx\gamez1\Dethkarz\EXTRAS\Goodies\English\shop\Stuff\head changed.htm (2,89 K/S -   2 958 bytes)
[21:34:53] - [2] MIRKO.POZEN: Début du Téléchargement de: D:\kerberos.htx\gamez1\Dethkarz\EXTRAS\Goodies\English\shop\Stuff\head.htm
[21:34:53] - [2] MIRKO.POZEN: Fichier envoyé: D:\kerberos.htx\gamez1\Dethkarz\EXTRAS\Goodies\English\shop\Stuff\head.htm (2,66 K/S -   2 725 bytes)
[21:34:53] - [3] MIRKO.POZEN: Début du Téléchargement de: D:\kerberos.htx\gamez1\Dethkarz\EXTRAS\Goodies\English\shop\Stuff\hierach.js
[21:34:53] - [3] MIRKO.POZEN: Fichier envoyé: D:\kerberos.htx\gamez1\Dethkarz\EXTRAS\Goodies\English\shop\Stuff\hierach.js (0,87 K/S -    888 bytes)
[21:34:53] - [2] MIRKO.POZEN: Début du Téléchargement de: D:\kerberos.htx\gamez1\Dethkarz\EXTRAS\Goodies\English\shop\Stuff\hierach_1.js
[21:34:53] - [2] MIRKO.POZEN: Fichier envoyé: D:\kerberos.htx\gamez1\Dethkarz\EXTRAS\Goodies\English\shop\Stuff\hierach_1.js (0,88 K/S -    897 bytes)
[21:34:53] - [3] MIRKO.POZEN: Début du Téléchargement de: D:\kerberos.htx\gamez1\Dethkarz\EXTRAS\Goodies\English\shop\Stuff\hod-amigo.htm
[21:34:54] - [3] MIRKO.POZEN: Fichier envoyé: D:\kerberos.htx\gamez1\Dethkarz\EXTRAS\Goodies\English\shop\Stuff\hod-amigo.htm (1,02 K/S -   1 040 bytes)
[21:34:54] - [2] MIRKO.POZEN: Début du Téléchargement de: D:\kerberos.htx\gamez1\Dethkarz\EXTRAS\Goodies\English\shop\Stuff\hod-cap.htm
[21:34:54] - [2] MIRKO.POZEN: Fichier envoyé: D:\kerberos.htx\gamez1\Dethkarz\EXTRAS\Goodies\English\shop\Stuff\hod-cap.htm (1,01 K/S -   1 036 bytes)
[21:34:54] - [3] MIRKO.POZEN: Début du Téléchargement de: D:\kerberos.htx\gamez1\Dethkarz\EXTRAS\Goodies\English\shop\Stuff\hod-purple.htm
[21:34:54] - [3] MIRKO.POZEN: Fichier envoyé: D:\kerberos.htx\gamez1\Dethkarz\EXTRAS\Goodies\English\shop\Stuff\hod-purple.htm (1,03 K/S -   1 051 bytes)
[21:34:54] - [2] MIRKO.POZEN: Début du Téléchargement de: D:\kerberos.htx\gamez1\Dethkarz\EXTRAS\Goodies\English\shop\Stuff\hod-viscious.htm
[21:34:54] - [2] MIRKO.POZEN: Fichier envoyé: D:\kerberos.htx\gamez1\Dethkarz\EXTRAS\Goodies\English\shop\Stuff\hod-viscious.htm (1,02 K/S -   1 042 bytes)
[21:34:54] - [3] MIRKO.POZEN: Début du Téléchargement de: D:\kerberos.htx\gamez1\Dethkarz\EXTRAS\Goodies\English\shop\Stuff\hod.htm
[21:34:54] - [3] MIRKO.POZEN: Fichier envoyé: D:\kerberos.htx\gamez1\Dethkarz\EXTRAS\Goodies\English\shop\Stuff\hod.htm (4,50 K/S -   4 607 bytes)
[21:34:54] - [2] MIRKO.POZEN: Début du Téléchargement de: D:\kerberos.htx\gamez1\Dethkarz\EXTRAS\Goodies\English\shop\Stuff\home.htm
[21:34:54] - [2] MIRKO.POZEN: Fichier envoyé: D:\kerberos.htx\gamez1\Dethkarz\EXTRAS\Goodies\English\shop\Stuff\home.htm (1,51 K/S -   1 550 bytes)
[21:34:54] - [3] MIRKO.POZEN: Début du Téléchargement de: D:\kerberos.htx\gamez1\Dethkarz\EXTRAS\Goodies\English\shop\Stuff\index.htm
[21:34:54] - [3] MIRKO.POZEN: Fichier envoyé: D:\kerberos.htx\gamez1\Dethkarz\EXTRAS\Goodies\English\shop\Stuff\index.htm (0,59 K/S -    601 bytes)
[21:34:54] - [2] MIRKO.POZEN: Début du Téléchargement de: D:\kerberos.htx\gamez1\Dethkarz\EXTRAS\Goodies\English\shop\Stuff\infogrames-girl-shirt.htm
[21:34:54] - [2] MIRKO.POZEN: Fichier envoyé: D:\kerberos.htx\gamez1\Dethkarz\EXTRAS\Goodies\English\shop\Stuff\infogrames-girl-shirt.htm (0,96 K/S -    987 bytes)
[21:34:54] - [3] MIRKO.POZEN: Début du Téléchargement de: D:\kerberos.htx\gamez1\Dethkarz\EXTRAS\Goodies\English\shop\Stuff\infogrames-shirt.htm
[21:34:54] - [3] MIRKO.POZEN: Fichier envoyé: D:\kerberos.htx\gamez1\Dethkarz\EXTRAS\Goodies\English\shop\Stuff\infogrames-shirt.htm (1,02 K/S -   1 043 bytes)
[21:34:55] - [2] MIRKO.POZEN: Début du Téléchargement de: D:\kerberos.htx\gamez1\Dethkarz\EXTRAS\Goodies\English\shop\Stuff\infogrames.htm
[21:34:55] - [2] MIRKO.POZEN: Fichier envoyé: D:\kerberos.htx\gamez1\Dethkarz\EXTRAS\Goodies\English\shop\Stuff\infogrames.htm (5,73 K/S -   5 870 bytes)
[21:34:55] - [3] MIRKO.POZEN: Début du Téléchargement de: D:\kerberos.htx\gamez1\Dethkarz\EXTRAS\Goodies\English\shop\Stuff\left.htm
[21:34:55] - [3] MIRKO.POZEN: Fichier envoyé: D:\kerberos.htx\gamez1\Dethkarz\EXTRAS\Goodies\English\shop\Stuff\left.htm (2,32 K/S -   2 376 bytes)
[21:34:55] - [2] MIRKO.POZEN: Début du Téléchargement de: D:\kerberos.htx\gamez1\Dethkarz\EXTRAS\Goodies\English\shop\Stuff\left_dex.htm
[21:34:55] - [2] MIRKO.POZEN: Fichier envoyé: D:\kerberos.htx\gamez1\Dethkarz\EXTRAS\Goodies\English\shop\Stuff\left_dex.htm (0,53 K/S -    540 bytes)
[21:34:55] - [3] MIRKO.POZEN: Début du Téléchargement de: D:\kerberos.htx\gamez1\Dethkarz\EXTRAS\Goodies\English\shop\Stuff\left_down.htm
[21:34:55] - [3] MIRKO.POZEN: Fichier envoyé: D:\kerberos.htx\gamez1\Dethkarz\EXTRAS\Goodies\English\shop\Stuff\left_down.htm (2,73 K/S -   2 797 bytes)
[21:34:55] - [2] MIRKO.POZEN: Début du Téléchargement de: D:\kerberos.htx\gamez1\Dethkarz\EXTRAS\Goodies\English\shop\Stuff\left_top.htm
[21:34:55] - [2] MIRKO.POZEN: Fichier envoyé: D:\kerberos.htx\gamez1\Dethkarz\EXTRAS\Goodies\English\shop\Stuff\left_top.htm (1,07 K/S -   1 097 bytes)
[21:34:55] - [3] MIRKO.POZEN: Début du Téléchargement de: D:\kerberos.htx\gamez1\Dethkarz\EXTRAS\Goodies\English\shop\Stuff\news.htm
[21:34:55] - [3] MIRKO.POZEN: Fichier envoyé: D:\kerberos.htx\gamez1\Dethkarz\EXTRAS\Goodies\English\shop\Stuff\news.htm (6,89 K/S -   7 058 bytes)
[21:34:55] - [2] MIRKO.POZEN: Début du Téléchargement de: D:\kerberos.htx\gamez1\Dethkarz\EXTRAS\Goodies\English\shop\Stuff\outcast-black-shirt.htm
[21:34:55] - [2] MIRKO.POZEN: Fichier envoyé: D:\kerberos.htx\gamez1\Dethkarz\EXTRAS\Goodies\English\shop\Stuff\outcast-black-shirt.htm (1,08 K/S -   1 105 bytes)
[21:34:55] - [3] MIRKO.POZEN: Début du Téléchargement de: D:\kerberos.htx\gamez1\Dethkarz\EXTRAS\Goodies\English\shop\Stuff\outcast-orange-shirt.htm
[21:34:55] - [3] MIRKO.POZEN: Fichier envoyé: D:\kerberos.htx\gamez1\Dethkarz\EXTRAS\Goodies\English\shop\Stuff\outcast-orange-shirt.htm (1,08 K/S -   1 111 bytes)
[21:34:56] - [2] MIRKO.POZEN: Début du Téléchargement de: D:\kerberos.htx\gamez1\Dethkarz\EXTRAS\Goodies\English\shop\Stuff\outcast.htm
[21:34:56] - [2] MIRKO.POZEN: Fichier envoyé: D:\kerberos.htx\gamez1\Dethkarz\EXTRAS\Goodies\English\shop\Stuff\outcast.htm (4,22 K/S -   4 324 bytes)
[21:34:56] - [3] MIRKO.POZEN: Début du Téléchargement de: D:\kerberos.htx\gamez1\Dethkarz\EXTRAS\Goodies\English\shop\Stuff\over_stuff.js
[21:34:56] - [3] MIRKO.POZEN: Fichier envoyé: D:\kerberos.htx\gamez1\Dethkarz\EXTRAS\Goodies\English\shop\Stuff\over_stuff.js (0,45 K/S -    465 bytes)
[21:34:56] - [2] MIRKO.POZEN: Début du Téléchargement de: D:\kerberos.htx\gamez1\Dethkarz\EXTRAS\Goodies\English\shop\Stuff\personal_stuff.js
[21:34:56] - [2] MIRKO.POZEN: Fichier envoyé: D:\kerberos.htx\gamez1\Dethkarz\EXTRAS\Goodies\English\shop\Stuff\personal_stuff.js (0,35 K/S -    363 bytes)
[21:34:56] - [3] MIRKO.POZEN: Début du Téléchargement de: D:\kerberos.htx\gamez1\Dethkarz\EXTRAS\Goodies\English\shop\Stuff\print.js
[21:34:56] - [3] MIRKO.POZEN: Fichier envoyé: D:\kerberos.htx\gamez1\Dethkarz\EXTRAS\Goodies\English\shop\Stuff\print.js (0,42 K/S -    430 bytes)
[21:34:56] - [2] MIRKO.POZEN: Début du Téléchargement de: D:\kerberos.htx\gamez1\Dethkarz\EXTRAS\Goodies\English\shop\Stuff\print_order.htm
[21:34:56] - [2] MIRKO.POZEN: Fichier envoyé: D:\kerberos.htx\gamez1\Dethkarz\EXTRAS\Goodies\English\shop\Stuff\print_order.htm (8,32 K/S -   8 519 bytes)
[21:34:56] - [3] MIRKO.POZEN: Début du Téléchargement de: D:\kerberos.htx\gamez1\Dethkarz\EXTRAS\Goodies\English\shop\Stuff\print_orderb.htm
[21:34:56] - [3] MIRKO.POZEN: Fichier envoyé: D:\kerberos.htx\gamez1\Dethkarz\EXTRAS\Goodies\English\shop\Stuff\print_orderb.htm (0,74 K/S -    757 bytes)
[21:34:56] - [2] MIRKO.POZEN: Début du Téléchargement de: D:\kerberos.htx\gamez1\Dethkarz\EXTRAS\Goodies\English\shop\Stuff\print_order_frame.htm
[21:34:56] - [2] MIRKO.POZEN: Fichier envoyé: D:\kerberos.htx\gamez1\Dethkarz\EXTRAS\Goodies\English\shop\Stuff\print_order_frame.htm (0,53 K/S -    539 bytes)
[21:34:56] - [3] MIRKO.POZEN: Début du Téléchargement de: D:\kerberos.htx\gamez1\Dethkarz\EXTRAS\Goodies\English\shop\Stuff\shipping backup.js
[21:34:57] - [3] MIRKO.POZEN: Fichier envoyé: D:\kerberos.htx\gamez1\Dethkarz\EXTRAS\Goodies\English\shop\Stuff\shipping backup.js (3,17 K/S -   3 241 bytes)
[21:34:57] - [2] MIRKO.POZEN: Début du Téléchargement de: D:\kerberos.htx\gamez1\Dethkarz\EXTRAS\Goodies\English\shop\Stuff\shipping.js
[21:34:57] - [2] MIRKO.POZEN: Fichier envoyé: D:\kerberos.htx\gamez1\Dethkarz\EXTRAS\Goodies\English\shop\Stuff\shipping.js (3,68 K/S -   3 767 bytes)
[21:34:57] - [3] MIRKO.POZEN: Début du Téléchargement de: D:\kerberos.htx\gamez1\Dethkarz\EXTRAS\Goodies\English\shop\Stuff\shirt.htm
[21:34:57] - [3] MIRKO.POZEN: Fichier envoyé: D:\kerberos.htx\gamez1\Dethkarz\EXTRAS\Goodies\English\shop\Stuff\shirt.htm (9,17 K/S -   9 386 bytes)
[21:34:57] - [2] MIRKO.POZEN: Début du Téléchargement de: D:\kerberos.htx\gamez1\Dethkarz\EXTRAS\Goodies\English\shop\Stuff\shopping.js
[21:34:57] - [2] MIRKO.POZEN: Fichier envoyé: D:\kerberos.htx\gamez1\Dethkarz\EXTRAS\Goodies\English\shop\Stuff\shopping.js (0,45 K/S -    465 bytes)
[21:34:57] - [3] MIRKO.POZEN: Début du Téléchargement de: D:\kerberos.htx\gamez1\Dethkarz\EXTRAS\Goodies\English\shop\Stuff\tatou_bag.htm
[21:34:57] - [3] MIRKO.POZEN: Fichier envoyé: D:\kerberos.htx\gamez1\Dethkarz\EXTRAS\Goodies\English\shop\Stuff\tatou_bag.htm (1,03 K/S -   1 053 bytes)
[21:34:57] - [2] MIRKO.POZEN: Début du Téléchargement de: D:\kerberos.htx\gamez1\Dethkarz\EXTRAS\Goodies\English\shop\Stuff\v-rally-cap.htm
[21:34:57] - [2] MIRKO.POZEN: Fichier envoyé: D:\kerberos.htx\gamez1\Dethkarz\EXTRAS\Goodies\English\shop\Stuff\v-rally-cap.htm (1,03 K/S -   1 055 bytes)
[21:34:57] - [3] MIRKO.POZEN: Début du Téléchargement de: D:\kerberos.htx\gamez1\Dethkarz\EXTRAS\Goodies\English\shop\Stuff\v-rally-shirt.htm
[21:34:57] - [3] MIRKO.POZEN: Fichier envoyé: D:\kerberos.htx\gamez1\Dethkarz\EXTRAS\Goodies\English\shop\Stuff\v-rally-shirt.htm (1,40 K/S -   1 432 bytes)
[21:34:57] - [2] MIRKO.POZEN: Début du Téléchargement de: D:\kerberos.htx\gamez1\Dethkarz\EXTRAS\Goodies\English\shop\Stuff\vrally.htm
[21:34:57] - [2] MIRKO.POZEN: Fichier envoyé: D:\kerberos.htx\gamez1\Dethkarz\EXTRAS\Goodies\English\shop\Stuff\vrally.htm (4,47 K/S -   4 580 bytes)
[21:34:57] - [3] MIRKO.POZEN: Début du Téléchargement de: D:\kerberos.htx\gamez1\Dethkarz\EXTRAS\Goodies\English\shop\Stuff\x--print_order.htm
[21:34:58] - [2] MIRKO.POZEN: Répertoire en Cours: D:\kerberos.htx\gamez1\Dethkarz\EXTRAS\Goodies\English\shop\Stuff\products\
[21:34:58] - [3] MIRKO.POZEN: Fichier envoyé: D:\kerberos.htx\gamez1\Dethkarz\EXTRAS\Goodies\English\shop\Stuff\x--print_order.htm (7,68 K/S -   7 867 bytes)
[21:34:58] - [2] MIRKO.POZEN: Début du Téléchargement de: D:\kerberos.htx\gamez1\Dethkarz\EXTRAS\Goodies\English\shop\Stuff\products\amigo.jpg
[21:34:58] - [3] MIRKO.POZEN: Répertoire en Cours: D:\kerberos.htx\gamez1\Dethkarz\EXTRAS\Goodies\English\shop\Stuff\products\
[21:34:58] - [2] MIRKO.POZEN: Fichier envoyé: D:\kerberos.htx\gamez1\Dethkarz\EXTRAS\Goodies\English\shop\Stuff\products\amigo.jpg (28,36 K/S -   29 045 bytes)
[21:34:58] - [3] MIRKO.POZEN: Début du Téléchargement de: D:\kerberos.htx\gamez1\Dethkarz\EXTRAS\Goodies\English\shop\Stuff\products\amigos.jpg
[21:34:58] - [3] MIRKO.POZEN: Fichier envoyé: D:\kerberos.htx\gamez1\Dethkarz\EXTRAS\Goodies\English\shop\Stuff\products\amigos.jpg (4,23 K/S -   4 331 bytes)
[21:34:58] - [2] MIRKO.POZEN: Début du Téléchargement de: D:\kerberos.htx\gamez1\Dethkarz\EXTRAS\Goodies\English\shop\Stuff\products\hod_cap.jpg
[21:34:58] - [2] MIRKO.POZEN: Fichier envoyé: D:\kerberos.htx\gamez1\Dethkarz\EXTRAS\Goodies\English\shop\Stuff\products\hod_cap.jpg (21,70 K/S -   22 218 bytes)
[21:34:58] - [3] MIRKO.POZEN: Début du Téléchargement de: D:\kerberos.htx\gamez1\Dethkarz\EXTRAS\Goodies\English\shop\Stuff\products\hod_caps.jpg
[21:34:58] - [3] MIRKO.POZEN: Fichier envoyé: D:\kerberos.htx\gamez1\Dethkarz\EXTRAS\Goodies\English\shop\Stuff\products\hod_caps.jpg (3,21 K/S -   3 284 bytes)
[21:34:58] - [2] MIRKO.POZEN: Début du Téléchargement de: D:\kerberos.htx\gamez1\Dethkarz\EXTRAS\Goodies\English\shop\Stuff\products\infogrames_tshirt.jpg
[21:34:58] - [2] MIRKO.POZEN: Fichier envoyé: D:\kerberos.htx\gamez1\Dethkarz\EXTRAS\Goodies\English\shop\Stuff\products\infogrames_tshirt.jpg (25,15 K/S -   25 754 bytes)
[21:34:58] - [3] MIRKO.POZEN: Début du Téléchargement de: D:\kerberos.htx\gamez1\Dethkarz\EXTRAS\Goodies\English\shop\Stuff\products\infogrames_tshirts.jpg
[21:34:58] - [3] MIRKO.POZEN: Fichier envoyé: D:\kerberos.htx\gamez1\Dethkarz\EXTRAS\Goodies\English\shop\Stuff\products\infogrames_tshirts.jpg (6,26 K/S -   6 406 bytes)
[21:34:58] - [2] MIRKO.POZEN: Début du Téléchargement de: D:\kerberos.htx\gamez1\Dethkarz\EXTRAS\Goodies\English\shop\Stuff\products\infogrames_tshirt_girl.jpg
[21:34:59] - [2] MIRKO.POZEN: Fichier envoyé: D:\kerberos.htx\gamez1\Dethkarz\EXTRAS\Goodies\English\shop\Stuff\products\infogrames_tshirt_girl.jpg (23,03 K/S -   23 585 bytes)
[21:34:59] - [3] MIRKO.POZEN: Début du Téléchargement de: D:\kerberos.htx\gamez1\Dethkarz\EXTRAS\Goodies\English\shop\Stuff\products\infogrames_tshirt_girls.jpg
[21:34:59] - [3] MIRKO.POZEN: Fichier envoyé: D:\kerberos.htx\gamez1\Dethkarz\EXTRAS\Goodies\English\shop\Stuff\products\infogrames_tshirt_girls.jpg (5,40 K/S -   5 533 bytes)
[21:34:59] - [2] MIRKO.POZEN: Début du Téléchargement de: D:\kerberos.htx\gamez1\Dethkarz\EXTRAS\Goodies\English\shop\Stuff\products\outcast-black-tshirt.jpg
[21:34:59] - [3] MIRKO.POZEN: Début du Téléchargement de: D:\kerberos.htx\gamez1\Dethkarz\EXTRAS\Goodies\English\shop\Stuff\products\outcast-black-tshirts.jpg
[21:34:59] - [2] MIRKO.POZEN: Fichier envoyé: D:\kerberos.htx\gamez1\Dethkarz\EXTRAS\Goodies\English\shop\Stuff\products\outcast-black-tshirt.jpg (62,06 K/S -   63 547 bytes)
[21:34:59] - [3] MIRKO.POZEN: Fichier envoyé: D:\kerberos.htx\gamez1\Dethkarz\EXTRAS\Goodies\English\shop\Stuff\products\outcast-black-tshirts.jpg (6,52 K/S -   6 679 bytes)
[21:34:59] - [2] MIRKO.POZEN: Début du Téléchargement de: D:\kerberos.htx\gamez1\Dethkarz\EXTRAS\Goodies\English\shop\Stuff\products\outcast-orange-tshirt.jpg
[21:34:59] - [2] MIRKO.POZEN: Fichier envoyé: D:\kerberos.htx\gamez1\Dethkarz\EXTRAS\Goodies\English\shop\Stuff\products\outcast-orange-tshirt.jpg (43,63 K/S -   44 672 bytes)
[21:34:59] - [3] MIRKO.POZEN: Début du Téléchargement de: D:\kerberos.htx\gamez1\Dethkarz\EXTRAS\Goodies\English\shop\Stuff\products\outcast-orange-tshirts.jpg
[21:34:59] - [3] MIRKO.POZEN: Fichier envoyé: D:\kerberos.htx\gamez1\Dethkarz\EXTRAS\Goodies\English\shop\Stuff\products\outcast-orange-tshirts.jpg (4,67 K/S -   4 777 bytes)
[21:34:59] - [2] MIRKO.POZEN: Début du Téléchargement de: D:\kerberos.htx\gamez1\Dethkarz\EXTRAS\Goodies\English\shop\Stuff\products\tatou_bag.jpg
[21:34:59] - [2] MIRKO.POZEN: Fichier envoyé: D:\kerberos.htx\gamez1\Dethkarz\EXTRAS\Goodies\English\shop\Stuff\products\tatou_bag.jpg (47,79 K/S -   48 935 bytes)
[21:34:59] - [3] MIRKO.POZEN: Début du Téléchargement de: D:\kerberos.htx\gamez1\Dethkarz\EXTRAS\Goodies\English\shop\Stuff\products\tatou_bags.jpg
[21:34:59] - [3] MIRKO.POZEN: Fichier envoyé: D:\kerberos.htx\gamez1\Dethkarz\EXTRAS\Goodies\English\shop\Stuff\products\tatou_bags.jpg (5,79 K/S -   5 924 bytes)
[21:34:59] - [2] MIRKO.POZEN: Début du Téléchargement de: D:\kerberos.htx\gamez1\Dethkarz\EXTRAS\Goodies\English\shop\Stuff\products\vicious.jpg
[21:35:00] - [2] MIRKO.POZEN: Fichier envoyé: D:\kerberos.htx\gamez1\Dethkarz\EXTRAS\Goodies\English\shop\Stuff\products\vicious.jpg (18,86 K/S -   19 310 bytes)
[21:35:00] - [3] MIRKO.POZEN: Début du Téléchargement de: D:\kerberos.htx\gamez1\Dethkarz\EXTRAS\Goodies\English\shop\Stuff\products\viciouss.jpg
[21:35:00] - [3] MIRKO.POZEN: Fichier envoyé: D:\kerberos.htx\gamez1\Dethkarz\EXTRAS\Goodies\English\shop\Stuff\products\viciouss.jpg (3,24 K/S -   3 319 bytes)
[21:35:00] - [2] MIRKO.POZEN: Début du Téléchargement de: D:\kerberos.htx\gamez1\Dethkarz\EXTRAS\Goodies\English\shop\Stuff\products\vrally2_tshirt.jpg
[21:35:00] - [2] MIRKO.POZEN: Fichier envoyé: D:\kerberos.htx\gamez1\Dethkarz\EXTRAS\Goodies\English\shop\Stuff\products\vrally2_tshirt.jpg (30,01 K/S -   30 729 bytes)
[21:35:00] - [3] MIRKO.POZEN: Début du Téléchargement de: D:\kerberos.htx\gamez1\Dethkarz\EXTRAS\Goodies\English\shop\Stuff\products\vrally2_tshirts.jpg
[21:35:00] - [3] MIRKO.POZEN: Fichier envoyé: D:\kerberos.htx\gamez1\Dethkarz\EXTRAS\Goodies\English\shop\Stuff\products\vrally2_tshirts.jpg (6,54 K/S -   6 697 bytes)
[21:35:00] - [2] MIRKO.POZEN: Début du Téléchargement de: D:\kerberos.htx\gamez1\Dethkarz\EXTRAS\Goodies\English\shop\Stuff\products\vrally_cap.jpg
[21:35:00] - [2] MIRKO.POZEN: Fichier envoyé: D:\kerberos.htx\gamez1\Dethkarz\EXTRAS\Goodies\English\shop\Stuff\products\vrally_cap.jpg (27,18 K/S -   27 830 bytes)
[21:35:00] - [3] MIRKO.POZEN: Début du Téléchargement de: D:\kerberos.htx\gamez1\Dethkarz\EXTRAS\Goodies\English\shop\Stuff\products\vrally_caps.jpg
[21:35:00] - [3] MIRKO.POZEN: Fichier envoyé: D:\kerberos.htx\gamez1\Dethkarz\EXTRAS\Goodies\English\shop\Stuff\products\vrally_caps.jpg (3,55 K/S -   3 637 bytes)
[21:35:00] - [2] MIRKO.POZEN: Début du Téléchargement de: D:\kerberos.htx\gamez1\Dethkarz\EXTRAS\Goodies\English\shop\Stuff\products\wargasm-tshirt.jpg
[21:35:00] - [2] MIRKO.POZEN: Fichier envoyé: D:\kerberos.htx\gamez1\Dethkarz\EXTRAS\Goodies\English\shop\Stuff\products\wargasm-tshirt.jpg (33,05 K/S -   33 843 bytes)
[21:35:00] - [3] MIRKO.POZEN: Début du Téléchargement de: D:\kerberos.htx\gamez1\Dethkarz\EXTRAS\Goodies\English\shop\Stuff\products\wargasm-tshirts.jpg
[21:35:00] - [3] MIRKO.POZEN: Fichier envoyé: D:\kerberos.htx\gamez1\Dethkarz\EXTRAS\Goodies\English\shop\Stuff\products\wargasm-tshirts.jpg (4,37 K/S -   4 478 bytes)
[21:35:00] - [2] MIRKO.POZEN: Répertoire en Cours: D:\kerberos.htx\gamez1\Dethkarz\EXTRAS\Goodies\English\shop\Stuff\images\
[21:35:00] - [2] MIRKO.POZEN: Début du Téléchargement de: D:\kerberos.htx\gamez1\Dethkarz\EXTRAS\Goodies\English\shop\Stuff\images\bandeau-v-rally.gif
[21:35:00] - [2] MIRKO.POZEN: Fichier envoyé: D:\kerberos.htx\gamez1\Dethkarz\EXTRAS\Goodies\English\shop\Stuff\images\bandeau-v-rally.gif (13,42 K/S -   13 738 bytes)
[21:35:01] - [3] MIRKO.POZEN: Répertoire en Cours: D:\kerberos.htx\gamez1\Dethkarz\EXTRAS\Goodies\English\shop\Stuff\images\
[21:35:01] - [3] MIRKO.POZEN: Début du Téléchargement de: D:\kerberos.htx\gamez1\Dethkarz\EXTRAS\Goodies\English\shop\Stuff\images\caddie.gif
[21:35:01] - [3] MIRKO.POZEN: Fichier envoyé: D:\kerberos.htx\gamez1\Dethkarz\EXTRAS\Goodies\English\shop\Stuff\images\caddie.gif (1,88 K/S -   1 930 bytes)
[21:35:01] - [2] MIRKO.POZEN: Début du Téléchargement de: D:\kerberos.htx\gamez1\Dethkarz\EXTRAS\Goodies\English\shop\Stuff\images\caddiefull.gif
[21:35:01] - [2] MIRKO.POZEN: Fichier envoyé: D:\kerberos.htx\gamez1\Dethkarz\EXTRAS\Goodies\English\shop\Stuff\images\caddiefull.gif (3,78 K/S -   3 867 bytes)
[21:35:01] - [3] MIRKO.POZEN: Début du Téléchargement de: D:\kerberos.htx\gamez1\Dethkarz\EXTRAS\Goodies\English\shop\Stuff\images\contact-2.gif
[21:35:01] - [3] MIRKO.POZEN: Fichier envoyé: D:\kerberos.htx\gamez1\Dethkarz\EXTRAS\Goodies\English\shop\Stuff\images\contact-2.gif (1,16 K/S -   1 184 bytes)
[21:35:01] - [2] MIRKO.POZEN: Début du Téléchargement de: D:\kerberos.htx\gamez1\Dethkarz\EXTRAS\Goodies\English\shop\Stuff\images\contact-22.gif
[21:35:01] - [2] MIRKO.POZEN: Fichier envoyé: D:\kerberos.htx\gamez1\Dethkarz\EXTRAS\Goodies\English\shop\Stuff\images\contact-22.gif (1,18 K/S -   1 204 bytes)
[21:35:01] - [3] MIRKO.POZEN: Début du Téléchargement de: D:\kerberos.htx\gamez1\Dethkarz\EXTRAS\Goodies\English\shop\Stuff\images\contact-3.gif
[21:35:01] - [3] MIRKO.POZEN: Fichier envoyé: D:\kerberos.htx\gamez1\Dethkarz\EXTRAS\Goodies\English\shop\Stuff\images\contact-3.gif (1,15 K/S -   1 176 bytes)
[21:35:01] - [2] MIRKO.POZEN: Début du Téléchargement de: D:\kerberos.htx\gamez1\Dethkarz\EXTRAS\Goodies\English\shop\Stuff\images\contact-33.gif
[21:35:01] - [2] MIRKO.POZEN: Fichier envoyé: D:\kerberos.htx\gamez1\Dethkarz\EXTRAS\Goodies\English\shop\Stuff\images\contact-33.gif (0,55 K/S -    565 bytes)
[21:35:01] - [3] MIRKO.POZEN: Début du Téléchargement de: D:\kerberos.htx\gamez1\Dethkarz\EXTRAS\Goodies\English\shop\Stuff\images\grid.jpg
[21:35:01] - [3] MIRKO.POZEN: Fichier envoyé: D:\kerberos.htx\gamez1\Dethkarz\EXTRAS\Goodies\English\shop\Stuff\images\grid.jpg (32,82 K/S -   33 612 bytes)
[21:35:01] - [2] MIRKO.POZEN: Début du Téléchargement de: D:\kerberos.htx\gamez1\Dethkarz\EXTRAS\Goodies\English\shop\Stuff\images\hodlogo.jpg
[21:35:02] - [2] MIRKO.POZEN: Fichier envoyé: D:\kerberos.htx\gamez1\Dethkarz\EXTRAS\Goodies\English\shop\Stuff\images\hodlogo.jpg (21,07 K/S -   21 580 bytes)
[21:35:02] - [3] MIRKO.POZEN: Début du Téléchargement de: D:\kerberos.htx\gamez1\Dethkarz\EXTRAS\Goodies\English\shop\Stuff\images\infogrames_c_00.gif
[21:35:02] - [3] MIRKO.POZEN: Fichier envoyé: D:\kerberos.htx\gamez1\Dethkarz\EXTRAS\Goodies\English\shop\Stuff\images\infogrames_c_00.gif (0,04 K/S -    43 bytes)
[21:35:02] - [2] MIRKO.POZEN: Début du Téléchargement de: D:\kerberos.htx\gamez1\Dethkarz\EXTRAS\Goodies\English\shop\Stuff\images\infogrames_c_01_01.jpg
[21:35:02] - [3] MIRKO.POZEN: Début du Téléchargement de: D:\kerberos.htx\gamez1\Dethkarz\EXTRAS\Goodies\English\shop\Stuff\images\infogrames_c_01_02.jpg
[21:35:02] - [2] MIRKO.POZEN: Fichier envoyé: D:\kerberos.htx\gamez1\Dethkarz\EXTRAS\Goodies\English\shop\Stuff\images\infogrames_c_01_01.jpg (4,99 K/S -   5 105 bytes)
[21:35:02] - [3] MIRKO.POZEN: Fichier envoyé: D:\kerberos.htx\gamez1\Dethkarz\EXTRAS\Goodies\English\shop\Stuff\images\infogrames_c_01_02.jpg (2,26 K/S -   2 314 bytes)
[21:35:02] - [2] MIRKO.POZEN: Début du Téléchargement de: D:\kerberos.htx\gamez1\Dethkarz\EXTRAS\Goodies\English\shop\Stuff\images\infogrames_c_01_03.jpg
[21:35:02] - [2] MIRKO.POZEN: Fichier envoyé: D:\kerberos.htx\gamez1\Dethkarz\EXTRAS\Goodies\English\shop\Stuff\images\infogrames_c_01_03.jpg (1,67 K/S -   1 709 bytes)
[21:35:02] - [3] MIRKO.POZEN: Début du Téléchargement de: D:\kerberos.htx\gamez1\Dethkarz\EXTRAS\Goodies\English\shop\Stuff\images\infogrames_c_01_05.jpg
[21:35:02] - [3] MIRKO.POZEN: Fichier envoyé: D:\kerberos.htx\gamez1\Dethkarz\EXTRAS\Goodies\English\shop\Stuff\images\infogrames_c_01_05.jpg (0,80 K/S -    819 bytes)
[21:35:02] - [2] MIRKO.POZEN: Début du Téléchargement de: D:\kerberos.htx\gamez1\Dethkarz\EXTRAS\Goodies\English\shop\Stuff\images\infogrames_c_02_05.jpg
[21:35:02] - [2] MIRKO.POZEN: Fichier envoyé: D:\kerberos.htx\gamez1\Dethkarz\EXTRAS\Goodies\English\shop\Stuff\images\infogrames_c_02_05.jpg (3,09 K/S -   3 166 bytes)
[21:35:03] - [3] MIRKO.POZEN: Début du Téléchargement de: D:\kerberos.htx\gamez1\Dethkarz\EXTRAS\Goodies\English\shop\Stuff\images\infogrames_c_03_03.jpg
[21:35:03] - [3] MIRKO.POZEN: Fichier envoyé: D:\kerberos.htx\gamez1\Dethkarz\EXTRAS\Goodies\English\shop\Stuff\images\infogrames_c_03_03.jpg (3,44 K/S -   3 520 bytes)
[21:35:03] - [2] MIRKO.POZEN: Début du Téléchargement de: D:\kerberos.htx\gamez1\Dethkarz\EXTRAS\Goodies\English\shop\Stuff\images\infogrames_c_03_07.jpg
[21:35:03] - [2] MIRKO.POZEN: Fichier envoyé: D:\kerberos.htx\gamez1\Dethkarz\EXTRAS\Goodies\English\shop\Stuff\images\infogrames_c_03_07.jpg (4,52 K/S -   4 625 bytes)
[21:35:03] - [3] MIRKO.POZEN: Début du Téléchargement de: D:\kerberos.htx\gamez1\Dethkarz\EXTRAS\Goodies\English\shop\Stuff\images\infogrames_c_03_08.jpg
[21:35:03] - [3] MIRKO.POZEN: Fichier envoyé: D:\kerberos.htx\gamez1\Dethkarz\EXTRAS\Goodies\English\shop\Stuff\images\infogrames_c_03_08.jpg (2,90 K/S -   2 967 bytes)
[21:35:03] - [2] MIRKO.POZEN: Début du Téléchargement de: D:\kerberos.htx\gamez1\Dethkarz\EXTRAS\Goodies\English\shop\Stuff\images\infogrames_c_04_03.jpg
[21:35:03] - [2] MIRKO.POZEN: Fichier envoyé: D:\kerberos.htx\gamez1\Dethkarz\EXTRAS\Goodies\English\shop\Stuff\images\infogrames_c_04_03.jpg (1,33 K/S -   1 366 bytes)
[21:35:03] - [3] MIRKO.POZEN: Début du Téléchargement de: D:\kerberos.htx\gamez1\Dethkarz\EXTRAS\Goodies\English\shop\Stuff\images\infogrames_c_05_02.jpg
[21:35:03] - [3] MIRKO.POZEN: Fichier envoyé: D:\kerberos.htx\gamez1\Dethkarz\EXTRAS\Goodies\English\shop\Stuff\images\infogrames_c_05_02.jpg (2,23 K/S -   2 288 bytes)
[21:35:03] - [2] MIRKO.POZEN: Début du Téléchargement de: D:\kerberos.htx\gamez1\Dethkarz\EXTRAS\Goodies\English\shop\Stuff\images\infogrames_c_05_06.jpg
[21:35:03] - [2] MIRKO.POZEN: Fichier envoyé: D:\kerberos.htx\gamez1\Dethkarz\EXTRAS\Goodies\English\shop\Stuff\images\infogrames_c_05_06.jpg (1,89 K/S -   1 934 bytes)
[21:35:04] - [3] MIRKO.POZEN: Début du Téléchargement de: D:\kerberos.htx\gamez1\Dethkarz\EXTRAS\Goodies\English\shop\Stuff\images\infogrames_c_06_02.jpg
[21:35:04] - [3] MIRKO.POZEN: Fichier envoyé: D:\kerberos.htx\gamez1\Dethkarz\EXTRAS\Goodies\English\shop\Stuff\images\infogrames_c_06_02.jpg (0,65 K/S -    664 bytes)
[21:35:04] - [2] MIRKO.POZEN: Début du Téléchargement de: D:\kerberos.htx\gamez1\Dethkarz\EXTRAS\Goodies\English\shop\Stuff\images\infogrames_c_06_03.jpg
[21:35:04] - [3] MIRKO.POZEN: Début du Téléchargement de: D:\kerberos.htx\gamez1\Dethkarz\EXTRAS\Goodies\English\shop\Stuff\images\infogrames_c_07_01.jpg
[21:35:04] - [2] MIRKO.POZEN: Fichier envoyé: D:\kerberos.htx\gamez1\Dethkarz\EXTRAS\Goodies\English\shop\Stuff\images\infogrames_c_06_03.jpg (0,73 K/S -    747 bytes)
[21:35:04] - [3] MIRKO.POZEN: Fichier envoyé: D:\kerberos.htx\gamez1\Dethkarz\EXTRAS\Goodies\English\shop\Stuff\images\infogrames_c_07_01.jpg (2,31 K/S -   2 365 bytes)
[21:35:04] - [2] MIRKO.POZEN: Début du Téléchargement de: D:\kerberos.htx\gamez1\Dethkarz\EXTRAS\Goodies\English\shop\Stuff\images\infogrames_c_07_04.jpg
[21:35:04] - [2] MIRKO.POZEN: Fichier envoyé: D:\kerberos.htx\gamez1\Dethkarz\EXTRAS\Goodies\English\shop\Stuff\images\infogrames_c_07_04.jpg (1,27 K/S -   1 304 bytes)
[21:35:04] - [3] MIRKO.POZEN: Début du Téléchargement de: D:\kerberos.htx\gamez1\Dethkarz\EXTRAS\Goodies\English\shop\Stuff\images\infogrames_c_08_01.jpg
[21:35:04] - [3] MIRKO.POZEN: Fichier envoyé: D:\kerberos.htx\gamez1\Dethkarz\EXTRAS\Goodies\English\shop\Stuff\images\infogrames_c_08_01.jpg (2,11 K/S -   2 158 bytes)
[21:35:04] - [2] MIRKO.POZEN: Début du Téléchargement de: D:\kerberos.htx\gamez1\Dethkarz\EXTRAS\Goodies\English\shop\Stuff\images\infogrames_c_08_02.jpg
[21:35:04] - [2] MIRKO.POZEN: Fichier envoyé: D:\kerberos.htx\gamez1\Dethkarz\EXTRAS\Goodies\English\shop\Stuff\images\infogrames_c_08_02.jpg (1,31 K/S -   1 338 bytes)
[21:35:04] - [3] MIRKO.POZEN: Début du Téléchargement de: D:\kerberos.htx\gamez1\Dethkarz\EXTRAS\Goodies\English\shop\Stuff\images\infogrames_c_08_03.jpg
[21:35:05] - [3] MIRKO.POZEN: Fichier envoyé: D:\kerberos.htx\gamez1\Dethkarz\EXTRAS\Goodies\English\shop\Stuff\images\infogrames_c_08_03.jpg (3,83 K/S -   3 925 bytes)
[21:35:05] - [2] MIRKO.POZEN: Début du Téléchargement de: D:\kerberos.htx\gamez1\Dethkarz\EXTRAS\Goodies\English\shop\Stuff\images\infogrames_c_09_03.jpg
[21:35:05] - [2] MIRKO.POZEN: Fichier envoyé: D:\kerberos.htx\gamez1\Dethkarz\EXTRAS\Goodies\English\shop\Stuff\images\infogrames_c_09_03.jpg (0,64 K/S -    653 bytes)
[21:35:05] - [3] MIRKO.POZEN: Début du Téléchargement de: D:\kerberos.htx\gamez1\Dethkarz\EXTRAS\Goodies\English\shop\Stuff\images\info_store_cover.jpg
[21:35:05] - [3] MIRKO.POZEN: Fichier envoyé: D:\kerberos.htx\gamez1\Dethkarz\EXTRAS\Goodies\English\shop\Stuff\images\info_store_cover.jpg (61,55 K/S -   63 028 bytes)
[21:35:05] - [2] MIRKO.POZEN: Début du Téléchargement de: D:\kerberos.htx\gamez1\Dethkarz\EXTRAS\Goodies\English\shop\Stuff\images\interface_top_info-store.jpg
[21:35:05] - [2] MIRKO.POZEN: Fichier envoyé: D:\kerberos.htx\gamez1\Dethkarz\EXTRAS\Goodies\English\shop\Stuff\images\interface_top_info-store.jpg (33,94 K/S -   34 756 bytes)
[21:35:05] - [3] MIRKO.POZEN: Début du Téléchargement de: D:\kerberos.htx\gamez1\Dethkarz\EXTRAS\Goodies\English\shop\Stuff\images\interface_to_01_01.gif
[21:35:05] - [3] MIRKO.POZEN: Fichier envoyé: D:\kerberos.htx\gamez1\Dethkarz\EXTRAS\Goodies\English\shop\Stuff\images\interface_to_01_01.gif (5,80 K/S -   5 936 bytes)
[21:35:05] - [2] MIRKO.POZEN: Début du Téléchargement de: D:\kerberos.htx\gamez1\Dethkarz\EXTRAS\Goodies\English\shop\Stuff\images\interface_to_01_02.gif
[21:35:05] - [2] MIRKO.POZEN: Fichier envoyé: D:\kerberos.htx\gamez1\Dethkarz\EXTRAS\Goodies\English\shop\Stuff\images\interface_to_01_02.gif (13,54 K/S -   13 865 bytes)
[21:35:05] - [3] MIRKO.POZEN: Début du Téléchargement de: D:\kerberos.htx\gamez1\Dethkarz\EXTRAS\Goodies\English\shop\Stuff\images\interface_to_01_03.gif
[21:35:05] - [3] MIRKO.POZEN: Fichier envoyé: D:\kerberos.htx\gamez1\Dethkarz\EXTRAS\Goodies\English\shop\Stuff\images\interface_to_01_03.gif (2,16 K/S -   2 214 bytes)
[21:35:05] - [2] MIRKO.POZEN: Début du Téléchargement de: D:\kerberos.htx\gamez1\Dethkarz\EXTRAS\Goodies\English\shop\Stuff\images\lock.gif
[21:35:05] - [2] MIRKO.POZEN: Fichier envoyé: D:\kerberos.htx\gamez1\Dethkarz\EXTRAS\Goodies\English\shop\Stuff\images\lock.gif (3,47 K/S -   3 550 bytes)
[21:35:05] - [3] MIRKO.POZEN: Début du Téléchargement de: D:\kerberos.htx\gamez1\Dethkarz\EXTRAS\Goodies\English\shop\Stuff\images\logo.gif
[21:35:05] - [3] MIRKO.POZEN: Fichier envoyé: D:\kerberos.htx\gamez1\Dethkarz\EXTRAS\Goodies\English\shop\Stuff\images\logo.gif (9,23 K/S -   9 453 bytes)
[21:35:06] - [2] MIRKO.POZEN: Début du Téléchargement de: D:\kerberos.htx\gamez1\Dethkarz\EXTRAS\Goodies\English\shop\Stuff\images\outcastbandeau.jpg
[21:35:06] - [2] MIRKO.POZEN: Fichier envoyé: D:\kerberos.htx\gamez1\Dethkarz\EXTRAS\Goodies\English\shop\Stuff\images\outcastbandeau.jpg (19,07 K/S -   19 525 bytes)
[21:35:06] - [3] MIRKO.POZEN: Début du Téléchargement de: D:\kerberos.htx\gamez1\Dethkarz\EXTRAS\Goodies\English\shop\Stuff\images\tips_bag.jpg
[21:35:06] - [3] MIRKO.POZEN: Fichier envoyé: D:\kerberos.htx\gamez1\Dethkarz\EXTRAS\Goodies\English\shop\Stuff\images\tips_bag.jpg (8,63 K/S -   8 835 bytes)
[21:35:06] - [2] MIRKO.POZEN: Début du Téléchargement de: D:\kerberos.htx\gamez1\Dethkarz\EXTRAS\Goodies\English\shop\Stuff\images\tips_bag_off.jpg
[21:35:06] - [3] MIRKO.POZEN: Début du Téléchargement de: D:\kerberos.htx\gamez1\Dethkarz\EXTRAS\Goodies\English\shop\Stuff\images\tips_bag_on.jpg
[21:35:06] - [2] MIRKO.POZEN: Fichier envoyé: D:\kerberos.htx\gamez1\Dethkarz\EXTRAS\Goodies\English\shop\Stuff\images\tips_bag_off.jpg (8,88 K/S -   9 091 bytes)
[21:35:07] - [3] MIRKO.POZEN: Fichier envoyé: D:\kerberos.htx\gamez1\Dethkarz\EXTRAS\Goodies\English\shop\Stuff\images\tips_bag_on.jpg (8,83 K/S -   9 037 bytes)
[21:35:07] - [2] MIRKO.POZEN: Début du Téléchargement de: D:\kerberos.htx\gamez1\Dethkarz\EXTRAS\Goodies\English\shop\Stuff\images\tips_great_off.gif
[21:35:07] - [3] MIRKO.POZEN: Début du Téléchargement de: D:\kerberos.htx\gamez1\Dethkarz\EXTRAS\Goodies\English\shop\Stuff\images\tips_great_on.gif
[21:35:07] - [2] MIRKO.POZEN: Fichier envoyé: D:\kerberos.htx\gamez1\Dethkarz\EXTRAS\Goodies\English\shop\Stuff\images\tips_great_off.gif (3,71 K/S -   3 799 bytes)
[21:35:07] - [3] MIRKO.POZEN: Fichier envoyé: D:\kerberos.htx\gamez1\Dethkarz\EXTRAS\Goodies\English\shop\Stuff\images\tips_great_on.gif (3,74 K/S -   3 826 bytes)
[21:35:07] - [2] MIRKO.POZEN: Début du Téléchargement de: D:\kerberos.htx\gamez1\Dethkarz\EXTRAS\Goodies\English\shop\Stuff\images\tips_home_off.gif
[21:35:07] - [3] MIRKO.POZEN: Début du Téléchargement de: D:\kerberos.htx\gamez1\Dethkarz\EXTRAS\Goodies\English\shop\Stuff\images\tips_home_on.gif
[21:35:07] - [2] MIRKO.POZEN: Fichier envoyé: D:\kerberos.htx\gamez1\Dethkarz\EXTRAS\Goodies\English\shop\Stuff\images\tips_home_off.gif (1,64 K/S -   1 679 bytes)
[21:35:07] - [3] MIRKO.POZEN: Fichier envoyé: D:\kerberos.htx\gamez1\Dethkarz\EXTRAS\Goodies\English\shop\Stuff\images\tips_home_on.gif (1,64 K/S -   1 679 bytes)
[21:35:08] - [3] MIRKO.POZEN: Début du Téléchargement de: D:\kerberos.htx\gamez1\Dethkarz\EXTRAS\Goodies\English\shop\Stuff\images\tips_mail_on.gif
[21:35:08] - [2] MIRKO.POZEN: Début du Téléchargement de: D:\kerberos.htx\gamez1\Dethkarz\EXTRAS\Goodies\English\shop\Stuff\images\tips_mail_off.gif
[21:35:08] - [3] MIRKO.POZEN: Fichier envoyé: D:\kerberos.htx\gamez1\Dethkarz\EXTRAS\Goodies\English\shop\Stuff\images\tips_mail_on.gif (1,92 K/S -   1 968 bytes)
[21:35:08] - [2] MIRKO.POZEN: Fichier envoyé: D:\kerberos.htx\gamez1\Dethkarz\EXTRAS\Goodies\English\shop\Stuff\images\tips_mail_off.gif (1,98 K/S -   2 030 bytes)
[21:35:08] - [3] MIRKO.POZEN: Début du Téléchargement de: D:\kerberos.htx\gamez1\Dethkarz\EXTRAS\Goodies\English\shop\Stuff\images\tip_moins.gif
[21:35:08] - [2] MIRKO.POZEN: Début du Téléchargement de: D:\kerberos.htx\gamez1\Dethkarz\EXTRAS\Goodies\English\shop\Stuff\images\tip_plus.gif
[21:35:08] - [3] MIRKO.POZEN: Fichier envoyé: D:\kerberos.htx\gamez1\Dethkarz\EXTRAS\Goodies\English\shop\Stuff\images\tip_moins.gif (0,87 K/S -    895 bytes)
[21:35:08] - [2] MIRKO.POZEN: Fichier envoyé: D:\kerberos.htx\gamez1\Dethkarz\EXTRAS\Goodies\English\shop\Stuff\images\tip_plus.gif (0,90 K/S -    917 bytes)
[21:35:08] - [3] MIRKO.POZEN: Début du Téléchargement de: D:\kerberos.htx\gamez1\Dethkarz\EXTRAS\Goodies\English\shop\Stuff\images\typo-global.gif
[21:35:08] - [2] MIRKO.POZEN: Début du Téléchargement de: D:\kerberos.htx\gamez1\Dethkarz\EXTRAS\Goodies\English\shop\Stuff\images\typo-global.jpg
[21:35:09] - [3] MIRKO.POZEN: Fichier envoyé: D:\kerberos.htx\gamez1\Dethkarz\EXTRAS\Goodies\English\shop\Stuff\images\typo-global.gif (21,07 K/S -   21 577 bytes)
[21:35:09] - [2] MIRKO.POZEN: Fichier envoyé: D:\kerberos.htx\gamez1\Dethkarz\EXTRAS\Goodies\English\shop\Stuff\images\typo-global.jpg (14,54 K/S -   14 891 bytes)
[21:35:09] - [2] MIRKO.POZEN: Début du Téléchargement de: D:\kerberos.htx\gamez1\Dethkarz\EXTRAS\Goodies\English\shop\Stuff\images\wargasm_bandeau.jpg
[21:35:09] - [3] MIRKO.POZEN: Début du Téléchargement de: D:\kerberos.htx\gamez1\Dethkarz\EXTRAS\Goodies\English\shop\Stuff\images\typo-global_on.gif
[21:35:09] - [3] MIRKO.POZEN: Fichier envoyé: D:\kerberos.htx\gamez1\Dethkarz\EXTRAS\Goodies\English\shop\Stuff\images\typo-global_on.gif (10,48 K/S -   10 728 bytes)
[21:35:09] - [3] MIRKO.POZEN: Répertoire en Cours: D:\kerberos.htx\gamez1\Dethkarz\EXTRAS\Goodies\Deutsch\shop\
[21:35:09] - [2] MIRKO.POZEN: Fichier envoyé: D:\kerberos.htx\gamez1\Dethkarz\EXTRAS\Goodies\English\shop\Stuff\images\wargasm_bandeau.jpg (20,87 K/S -   21 370 bytes)
[21:35:09] - [2] MIRKO.POZEN: Répertoire en Cours: D:\kerberos.htx\gamez1\Dethkarz\EXTRAS\Goodies\Deutsch\shop\stuff\
[21:35:09] - [3] MIRKO.POZEN: Début du Téléchargement de: D:\kerberos.htx\gamez1\Dethkarz\EXTRAS\Goodies\Deutsch\shop\index.htm
[21:35:10] - [3] MIRKO.POZEN: Fichier envoyé: D:\kerberos.htx\gamez1\Dethkarz\EXTRAS\Goodies\Deutsch\shop\index.htm (0,60 K/S -    619 bytes)
[21:35:10] - [2] MIRKO.POZEN: Début du Téléchargement de: D:\kerberos.htx\gamez1\Dethkarz\EXTRAS\Goodies\Deutsch\shop\stuff\add.js
[21:35:10] - [3] MIRKO.POZEN: Répertoire en Cours: D:\kerberos.htx\gamez1\Dethkarz\EXTRAS\Goodies\Deutsch\shop\stuff\
[21:35:10] - [2] MIRKO.POZEN: Fichier envoyé: D:\kerberos.htx\gamez1\Dethkarz\EXTRAS\Goodies\Deutsch\shop\stuff\add.js (0,61 K/S -    620 bytes)
[21:35:10] - [2] MIRKO.POZEN: Début du Téléchargement de: D:\kerberos.htx\gamez1\Dethkarz\EXTRAS\Goodies\Deutsch\shop\stuff\bag.htm
[21:35:10] - [2] MIRKO.POZEN: Fichier envoyé: D:\kerberos.htx\gamez1\Dethkarz\EXTRAS\Goodies\Deutsch\shop\stuff\bag.htm (3,91 K/S -   3 999 bytes)
[21:35:10] - [3] MIRKO.POZEN: Début du Téléchargement de: D:\kerberos.htx\gamez1\Dethkarz\EXTRAS\Goodies\Deutsch\shop\stuff\add_on_top.js
[21:35:10] - [3] MIRKO.POZEN: Fichier envoyé: D:\kerberos.htx\gamez1\Dethkarz\EXTRAS\Goodies\Deutsch\shop\stuff\add_on_top.js (2,11 K/S -   2 163 bytes)
[21:35:10] - [2] MIRKO.POZEN: Début du Téléchargement de: D:\kerberos.htx\gamez1\Dethkarz\EXTRAS\Goodies\Deutsch\shop\stuff\bagpack.htm
[21:35:10] - [2] MIRKO.POZEN: Fichier envoyé: D:\kerberos.htx\gamez1\Dethkarz\EXTRAS\Goodies\Deutsch\shop\stuff\bagpack.htm (2,63 K/S -   2 688 bytes)
[21:35:10] - [3] MIRKO.POZEN: Début du Téléchargement de: D:\kerberos.htx\gamez1\Dethkarz\EXTRAS\Goodies\Deutsch\shop\stuff\blank-1.htm
[21:35:11] - [3] MIRKO.POZEN: Fichier envoyé: D:\kerberos.htx\gamez1\Dethkarz\EXTRAS\Goodies\Deutsch\shop\stuff\blank-1.htm (0,18 K/S -    183 bytes)
[21:35:11] - [2] MIRKO.POZEN: Début du Téléchargement de: D:\kerberos.htx\gamez1\Dethkarz\EXTRAS\Goodies\Deutsch\shop\stuff\cap.htm
[21:35:11] - [2] MIRKO.POZEN: Fichier envoyé: D:\kerberos.htx\gamez1\Dethkarz\EXTRAS\Goodies\Deutsch\shop\stuff\cap.htm (6,01 K/S -   6 151 bytes)
[21:35:11] - [3] MIRKO.POZEN: Début du Téléchargement de: D:\kerberos.htx\gamez1\Dethkarz\EXTRAS\Goodies\Deutsch\shop\stuff\check_this_out.js
[21:35:11] - [2] MIRKO.POZEN: Début du Téléchargement de: D:\kerberos.htx\gamez1\Dethkarz\EXTRAS\Goodies\Deutsch\shop\stuff\Copie de bag.htm
[21:35:11] - [3] MIRKO.POZEN: Fichier envoyé: D:\kerberos.htx\gamez1\Dethkarz\EXTRAS\Goodies\Deutsch\shop\stuff\check_this_out.js (1,87 K/S -   1 916 bytes)
[21:35:11] - [2] MIRKO.POZEN: Fichier envoyé: D:\kerberos.htx\gamez1\Dethkarz\EXTRAS\Goodies\Deutsch\shop\stuff\Copie de bag.htm (3,86 K/S -   3 949 bytes)
[21:35:11] - [3] MIRKO.POZEN: Début du Téléchargement de: D:\kerberos.htx\gamez1\Dethkarz\EXTRAS\Goodies\Deutsch\shop\stuff\Copie de left_top.htm
[21:35:11] - [3] MIRKO.POZEN: Fichier envoyé: D:\kerberos.htx\gamez1\Dethkarz\EXTRAS\Goodies\Deutsch\shop\stuff\Copie de left_top.htm (1,94 K/S -   1 989 bytes)
[21:35:11] - [2] MIRKO.POZEN: Début du Téléchargement de: D:\kerberos.htx\gamez1\Dethkarz\EXTRAS\Goodies\Deutsch\shop\stuff\dex.htm
[21:35:11] - [2] MIRKO.POZEN: Fichier envoyé: D:\kerberos.htx\gamez1\Dethkarz\EXTRAS\Goodies\Deutsch\shop\stuff\dex.htm (0,89 K/S -    908 bytes)
[21:35:11] - [3] MIRKO.POZEN: Début du Téléchargement de: D:\kerberos.htx\gamez1\Dethkarz\EXTRAS\Goodies\Deutsch\shop\stuff\fig.htm
[21:35:11] - [3] MIRKO.POZEN: Fichier envoyé: D:\kerberos.htx\gamez1\Dethkarz\EXTRAS\Goodies\Deutsch\shop\stuff\fig.htm (4,39 K/S -   4 498 bytes)
[21:35:11] - [2] MIRKO.POZEN: Début du Téléchargement de: D:\kerberos.htx\gamez1\Dethkarz\EXTRAS\Goodies\Deutsch\shop\stuff\head.htm
[21:35:12] - [2] MIRKO.POZEN: Fichier envoyé: D:\kerberos.htx\gamez1\Dethkarz\EXTRAS\Goodies\Deutsch\shop\stuff\head.htm (2,56 K/S -   2 621 bytes)
[21:35:12] - [3] MIRKO.POZEN: Début du Téléchargement de: D:\kerberos.htx\gamez1\Dethkarz\EXTRAS\Goodies\Deutsch\shop\stuff\hierach.js
[21:35:12] - [3] MIRKO.POZEN: Fichier envoyé: D:\kerberos.htx\gamez1\Dethkarz\EXTRAS\Goodies\Deutsch\shop\stuff\hierach.js (0,87 K/S -    895 bytes)
[21:35:12] - [2] MIRKO.POZEN: Début du Téléchargement de: D:\kerberos.htx\gamez1\Dethkarz\EXTRAS\Goodies\Deutsch\shop\stuff\hierach_1.js
[21:35:12] - [2] MIRKO.POZEN: Fichier envoyé: D:\kerberos.htx\gamez1\Dethkarz\EXTRAS\Goodies\Deutsch\shop\stuff\hierach_1.js (0,88 K/S -    898 bytes)
[21:35:12] - [3] MIRKO.POZEN: Début du Téléchargement de: D:\kerberos.htx\gamez1\Dethkarz\EXTRAS\Goodies\Deutsch\shop\stuff\hod-amigo.htm
[21:35:12] - [3] MIRKO.POZEN: Fichier envoyé: D:\kerberos.htx\gamez1\Dethkarz\EXTRAS\Goodies\Deutsch\shop\stuff\hod-amigo.htm (1,02 K/S -   1 047 bytes)
[21:35:12] - [2] MIRKO.POZEN: Début du Téléchargement de: D:\kerberos.htx\gamez1\Dethkarz\EXTRAS\Goodies\Deutsch\shop\stuff\hod-cap.htm
[21:35:12] - [2] MIRKO.POZEN: Fichier envoyé: D:\kerberos.htx\gamez1\Dethkarz\EXTRAS\Goodies\Deutsch\shop\stuff\hod-cap.htm (1,02 K/S -   1 040 bytes)
[21:35:12] - [3] MIRKO.POZEN: Début du Téléchargement de: D:\kerberos.htx\gamez1\Dethkarz\EXTRAS\Goodies\Deutsch\shop\stuff\hod-purple.htm
[21:35:12] - [3] MIRKO.POZEN: Fichier envoyé: D:\kerberos.htx\gamez1\Dethkarz\EXTRAS\Goodies\Deutsch\shop\stuff\hod-purple.htm (1,03 K/S -   1 051 bytes)
[21:35:12] - [2] MIRKO.POZEN: Début du Téléchargement de: D:\kerberos.htx\gamez1\Dethkarz\EXTRAS\Goodies\Deutsch\shop\stuff\hod-viscious.htm
[21:35:13] - [2] MIRKO.POZEN: Fichier envoyé: D:\kerberos.htx\gamez1\Dethkarz\EXTRAS\Goodies\Deutsch\shop\stuff\hod-viscious.htm (1,03 K/S -   1 051 bytes)
[21:35:13] - [3] MIRKO.POZEN: Début du Téléchargement de: D:\kerberos.htx\gamez1\Dethkarz\EXTRAS\Goodies\Deutsch\shop\stuff\hod.htm
[21:35:13] - [3] MIRKO.POZEN: Fichier envoyé: D:\kerberos.htx\gamez1\Dethkarz\EXTRAS\Goodies\Deutsch\shop\stuff\hod.htm (4,40 K/S -   4 503 bytes)
[21:35:13] - [2] MIRKO.POZEN: Début du Téléchargement de: D:\kerberos.htx\gamez1\Dethkarz\EXTRAS\Goodies\Deutsch\shop\stuff\home.htm
[21:35:13] - [2] MIRKO.POZEN: Fichier envoyé: D:\kerberos.htx\gamez1\Dethkarz\EXTRAS\Goodies\Deutsch\shop\stuff\home.htm (1,50 K/S -   1 540 bytes)
[21:35:13] - [3] MIRKO.POZEN: Début du Téléchargement de: D:\kerberos.htx\gamez1\Dethkarz\EXTRAS\Goodies\Deutsch\shop\stuff\index.htm
[21:35:13] - [3] MIRKO.POZEN: Fichier envoyé: D:\kerberos.htx\gamez1\Dethkarz\EXTRAS\Goodies\Deutsch\shop\stuff\index.htm (0,59 K/S -    601 bytes)
[21:35:13] - [2] MIRKO.POZEN: Début du Téléchargement de: D:\kerberos.htx\gamez1\Dethkarz\EXTRAS\Goodies\Deutsch\shop\stuff\infogrames-girl-shirt.htm
[21:35:13] - [2] MIRKO.POZEN: Fichier envoyé: D:\kerberos.htx\gamez1\Dethkarz\EXTRAS\Goodies\Deutsch\shop\stuff\infogrames-girl-shirt.htm (0,96 K/S -    978 bytes)
[21:35:13] - [3] MIRKO.POZEN: Début du Téléchargement de: D:\kerberos.htx\gamez1\Dethkarz\EXTRAS\Goodies\Deutsch\shop\stuff\infogrames-shirt.htm
[21:35:13] - [3] MIRKO.POZEN: Fichier envoyé: D:\kerberos.htx\gamez1\Dethkarz\EXTRAS\Goodies\Deutsch\shop\stuff\infogrames-shirt.htm (1,01 K/S -   1 034 bytes)
[21:35:13] - [2] MIRKO.POZEN: Début du Téléchargement de: D:\kerberos.htx\gamez1\Dethkarz\EXTRAS\Goodies\Deutsch\shop\stuff\infogrames.htm
[21:35:13] - [2] MIRKO.POZEN: Fichier envoyé: D:\kerberos.htx\gamez1\Dethkarz\EXTRAS\Goodies\Deutsch\shop\stuff\infogrames.htm (5,29 K/S -   5 419 bytes)
[21:35:13] - [3] MIRKO.POZEN: Début du Téléchargement de: D:\kerberos.htx\gamez1\Dethkarz\EXTRAS\Goodies\Deutsch\shop\stuff\left.htm
[21:35:13] - [3] MIRKO.POZEN: Fichier envoyé: D:\kerberos.htx\gamez1\Dethkarz\EXTRAS\Goodies\Deutsch\shop\stuff\left.htm (2,32 K/S -   2 376 bytes)
[21:35:13] - [2] MIRKO.POZEN: Début du Téléchargement de: D:\kerberos.htx\gamez1\Dethkarz\EXTRAS\Goodies\Deutsch\shop\stuff\left_dex.htm
[21:35:13] - [2] MIRKO.POZEN: Fichier envoyé: D:\kerberos.htx\gamez1\Dethkarz\EXTRAS\Goodies\Deutsch\shop\stuff\left_dex.htm (0,53 K/S -    540 bytes)
[21:35:13] - [3] MIRKO.POZEN: Début du Téléchargement de: D:\kerberos.htx\gamez1\Dethkarz\EXTRAS\Goodies\Deutsch\shop\stuff\left_down.htm
[21:35:14] - [3] MIRKO.POZEN: Fichier envoyé: D:\kerberos.htx\gamez1\Dethkarz\EXTRAS\Goodies\Deutsch\shop\stuff\left_down.htm (2,73 K/S -   2 796 bytes)
[21:35:14] - [2] MIRKO.POZEN: Début du Téléchargement de: D:\kerberos.htx\gamez1\Dethkarz\EXTRAS\Goodies\Deutsch\shop\stuff\left_top.htm
[21:35:14] - [2] MIRKO.POZEN: Fichier envoyé: D:\kerberos.htx\gamez1\Dethkarz\EXTRAS\Goodies\Deutsch\shop\stuff\left_top.htm (1,07 K/S -   1 097 bytes)
[21:35:14] - [3] MIRKO.POZEN: Début du Téléchargement de: D:\kerberos.htx\gamez1\Dethkarz\EXTRAS\Goodies\Deutsch\shop\stuff\news.htm
[21:35:14] - [3] MIRKO.POZEN: Fichier envoyé: D:\kerberos.htx\gamez1\Dethkarz\EXTRAS\Goodies\Deutsch\shop\stuff\news.htm (6,89 K/S -   7 058 bytes)
[21:35:14] - [2] MIRKO.POZEN: Début du Téléchargement de: D:\kerberos.htx\gamez1\Dethkarz\EXTRAS\Goodies\Deutsch\shop\stuff\outcast-black-shirt.htm
[21:35:14] - [2] MIRKO.POZEN: Fichier envoyé: D:\kerberos.htx\gamez1\Dethkarz\EXTRAS\Goodies\Deutsch\shop\stuff\outcast-black-shirt.htm (1,08 K/S -   1 110 bytes)
[21:35:14] - [3] MIRKO.POZEN: Début du Téléchargement de: D:\kerberos.htx\gamez1\Dethkarz\EXTRAS\Goodies\Deutsch\shop\stuff\outcast-orange-shirt.htm
[21:35:14] - [3] MIRKO.POZEN: Fichier envoyé: D:\kerberos.htx\gamez1\Dethkarz\EXTRAS\Goodies\Deutsch\shop\stuff\outcast-orange-shirt.htm (1,08 K/S -   1 111 bytes)
[21:35:14] - [2] MIRKO.POZEN: Début du Téléchargement de: D:\kerberos.htx\gamez1\Dethkarz\EXTRAS\Goodies\Deutsch\shop\stuff\outcast.htm
[21:35:14] - [2] MIRKO.POZEN: Fichier envoyé: D:\kerberos.htx\gamez1\Dethkarz\EXTRAS\Goodies\Deutsch\shop\stuff\outcast.htm (4,12 K/S -   4 223 bytes)
[21:35:14] - [3] MIRKO.POZEN: Début du Téléchargement de: D:\kerberos.htx\gamez1\Dethkarz\EXTRAS\Goodies\Deutsch\shop\stuff\over_stuff.js
[21:35:14] - [3] MIRKO.POZEN: Fichier envoyé: D:\kerberos.htx\gamez1\Dethkarz\EXTRAS\Goodies\Deutsch\shop\stuff\over_stuff.js (0,45 K/S -    465 bytes)
[21:35:14] - [2] MIRKO.POZEN: Début du Téléchargement de: D:\kerberos.htx\gamez1\Dethkarz\EXTRAS\Goodies\Deutsch\shop\stuff\personal_stuff.js
[21:35:14] - [2] MIRKO.POZEN: Fichier envoyé: D:\kerberos.htx\gamez1\Dethkarz\EXTRAS\Goodies\Deutsch\shop\stuff\personal_stuff.js (0,35 K/S -    363 bytes)
[21:35:14] - [3] MIRKO.POZEN: Début du Téléchargement de: D:\kerberos.htx\gamez1\Dethkarz\EXTRAS\Goodies\Deutsch\shop\stuff\print.js
[21:35:14] - [3] MIRKO.POZEN: Fichier envoyé: D:\kerberos.htx\gamez1\Dethkarz\EXTRAS\Goodies\Deutsch\shop\stuff\print.js (0,42 K/S -    430 bytes)
[21:35:14] - [2] MIRKO.POZEN: Début du Téléchargement de: D:\kerberos.htx\gamez1\Dethkarz\EXTRAS\Goodies\Deutsch\shop\stuff\print_order.htm
[21:35:15] - [2] MIRKO.POZEN: Fichier envoyé: D:\kerberos.htx\gamez1\Dethkarz\EXTRAS\Goodies\Deutsch\shop\stuff\print_order.htm (8,14 K/S -   8 336 bytes)
[21:35:15] - [3] MIRKO.POZEN: Début du Téléchargement de: D:\kerberos.htx\gamez1\Dethkarz\EXTRAS\Goodies\Deutsch\shop\stuff\print_order_frame.htm
[21:35:15] - [3] MIRKO.POZEN: Fichier envoyé: D:\kerberos.htx\gamez1\Dethkarz\EXTRAS\Goodies\Deutsch\shop\stuff\print_order_frame.htm (0,53 K/S -    539 bytes)
[21:35:15] - [2] MIRKO.POZEN: Début du Téléchargement de: D:\kerberos.htx\gamez1\Dethkarz\EXTRAS\Goodies\Deutsch\shop\stuff\shipping.js
[21:35:15] - [2] MIRKO.POZEN: Fichier envoyé: D:\kerberos.htx\gamez1\Dethkarz\EXTRAS\Goodies\Deutsch\shop\stuff\shipping.js (3,70 K/S -   3 790 bytes)
[21:35:15] - [3] MIRKO.POZEN: Début du Téléchargement de: D:\kerberos.htx\gamez1\Dethkarz\EXTRAS\Goodies\Deutsch\shop\stuff\shirt.htm
[21:35:15] - [3] MIRKO.POZEN: Fichier envoyé: D:\kerberos.htx\gamez1\Dethkarz\EXTRAS\Goodies\Deutsch\shop\stuff\shirt.htm (8,77 K/S -   8 979 bytes)
[21:35:15] - [2] MIRKO.POZEN: Début du Téléchargement de: D:\kerberos.htx\gamez1\Dethkarz\EXTRAS\Goodies\Deutsch\shop\stuff\shopping.js
[21:35:15] - [2] MIRKO.POZEN: Fichier envoyé: D:\kerberos.htx\gamez1\Dethkarz\EXTRAS\Goodies\Deutsch\shop\stuff\shopping.js (0,45 K/S -    465 bytes)
[21:35:15] - [3] MIRKO.POZEN: Début du Téléchargement de: D:\kerberos.htx\gamez1\Dethkarz\EXTRAS\Goodies\Deutsch\shop\stuff\tatou_bag.htm
[21:35:15] - [3] MIRKO.POZEN: Fichier envoyé: D:\kerberos.htx\gamez1\Dethkarz\EXTRAS\Goodies\Deutsch\shop\stuff\tatou_bag.htm (1,03 K/S -   1 052 bytes)
[21:35:15] - [2] MIRKO.POZEN: Début du Téléchargement de: D:\kerberos.htx\gamez1\Dethkarz\EXTRAS\Goodies\Deutsch\shop\stuff\v-rally-cap.htm
[21:35:15] - [2] MIRKO.POZEN: Fichier envoyé: D:\kerberos.htx\gamez1\Dethkarz\EXTRAS\Goodies\Deutsch\shop\stuff\v-rally-cap.htm (1,03 K/S -   1 056 bytes)
[21:35:15] - [3] MIRKO.POZEN: Début du Téléchargement de: D:\kerberos.htx\gamez1\Dethkarz\EXTRAS\Goodies\Deutsch\shop\stuff\v-rally-shirt.htm
[21:35:15] - [3] MIRKO.POZEN: Fichier envoyé: D:\kerberos.htx\gamez1\Dethkarz\EXTRAS\Goodies\Deutsch\shop\stuff\v-rally-shirt.htm (1,40 K/S -   1 434 bytes)
[21:35:15] - [2] MIRKO.POZEN: Début du Téléchargement de: D:\kerberos.htx\gamez1\Dethkarz\EXTRAS\Goodies\Deutsch\shop\stuff\vrally.htm
[21:35:16] - [2] MIRKO.POZEN: Fichier envoyé: D:\kerberos.htx\gamez1\Dethkarz\EXTRAS\Goodies\Deutsch\shop\stuff\vrally.htm (4,28 K/S -   4 385 bytes)
[21:35:16] - [3] MIRKO.POZEN: Répertoire en Cours: D:\kerberos.htx\gamez1\Dethkarz\EXTRAS\Goodies\Deutsch\shop\stuff\products\
[21:35:16] - [3] MIRKO.POZEN: Début du Téléchargement de: D:\kerberos.htx\gamez1\Dethkarz\EXTRAS\Goodies\Deutsch\shop\stuff\products\amigo.jpg
[21:35:16] - [3] MIRKO.POZEN: Fichier envoyé: D:\kerberos.htx\gamez1\Dethkarz\EXTRAS\Goodies\Deutsch\shop\stuff\products\amigo.jpg (28,36 K/S -   29 045 bytes)
[21:35:16] - [2] MIRKO.POZEN: Répertoire en Cours: D:\kerberos.htx\gamez1\Dethkarz\EXTRAS\Goodies\Deutsch\shop\stuff\products\
[21:35:16] - [2] MIRKO.POZEN: Début du Téléchargement de: D:\kerberos.htx\gamez1\Dethkarz\EXTRAS\Goodies\Deutsch\shop\stuff\products\amigos.jpg
[21:35:16] - [2] MIRKO.POZEN: Fichier envoyé: D:\kerberos.htx\gamez1\Dethkarz\EXTRAS\Goodies\Deutsch\shop\stuff\products\amigos.jpg (4,23 K/S -   4 331 bytes)
[21:35:16] - [3] MIRKO.POZEN: Début du Téléchargement de: D:\kerberos.htx\gamez1\Dethkarz\EXTRAS\Goodies\Deutsch\shop\stuff\products\hod_cap.jpg
[21:35:16] - [3] MIRKO.POZEN: Fichier envoyé: D:\kerberos.htx\gamez1\Dethkarz\EXTRAS\Goodies\Deutsch\shop\stuff\products\hod_cap.jpg (21,70 K/S -   22 218 bytes)
[21:35:16] - [2] MIRKO.POZEN: Début du Téléchargement de: D:\kerberos.htx\gamez1\Dethkarz\EXTRAS\Goodies\Deutsch\shop\stuff\products\hod_caps.jpg
[21:35:16] - [2] MIRKO.POZEN: Fichier envoyé: D:\kerberos.htx\gamez1\Dethkarz\EXTRAS\Goodies\Deutsch\shop\stuff\products\hod_caps.jpg (3,21 K/S -   3 284 bytes)
[21:35:16] - [3] MIRKO.POZEN: Début du Téléchargement de: D:\kerberos.htx\gamez1\Dethkarz\EXTRAS\Goodies\Deutsch\shop\stuff\products\infogrames_tshirt.jpg
[21:35:16] - [3] MIRKO.POZEN: Fichier envoyé: D:\kerberos.htx\gamez1\Dethkarz\EXTRAS\Goodies\Deutsch\shop\stuff\products\infogrames_tshirt.jpg (25,15 K/S -   25 754 bytes)
[21:35:16] - [2] MIRKO.POZEN: Début du Téléchargement de: D:\kerberos.htx\gamez1\Dethkarz\EXTRAS\Goodies\Deutsch\shop\stuff\products\infogrames_tshirts.jpg
[21:35:16] - [2] MIRKO.POZEN: Fichier envoyé: D:\kerberos.htx\gamez1\Dethkarz\EXTRAS\Goodies\Deutsch\shop\stuff\products\infogrames_tshirts.jpg (6,26 K/S -   6 406 bytes)
[21:35:16] - [3] MIRKO.POZEN: Début du Téléchargement de: D:\kerberos.htx\gamez1\Dethkarz\EXTRAS\Goodies\Deutsch\shop\stuff\products\infogrames_tshirt_girl.jpg
[21:35:16] - [3] MIRKO.POZEN: Fichier envoyé: D:\kerberos.htx\gamez1\Dethkarz\EXTRAS\Goodies\Deutsch\shop\stuff\products\infogrames_tshirt_girl.jpg (23,03 K/S -   23 585 bytes)
[21:35:17] - [2] MIRKO.POZEN: Début du Téléchargement de: D:\kerberos.htx\gamez1\Dethkarz\EXTRAS\Goodies\Deutsch\shop\stuff\products\infogrames_tshirt_girls.jpg
[21:35:17] - [2] MIRKO.POZEN: Fichier envoyé: D:\kerberos.htx\gamez1\Dethkarz\EXTRAS\Goodies\Deutsch\shop\stuff\products\infogrames_tshirt_girls.jpg (5,40 K/S -   5 533 bytes)
[21:35:17] - [3] MIRKO.POZEN: Début du Téléchargement de: D:\kerberos.htx\gamez1\Dethkarz\EXTRAS\Goodies\Deutsch\shop\stuff\products\outcast-black-tshirt.jpg
[21:35:17] - [3] MIRKO.POZEN: Fichier envoyé: D:\kerberos.htx\gamez1\Dethkarz\EXTRAS\Goodies\Deutsch\shop\stuff\products\outcast-black-tshirt.jpg (62,06 K/S -   63 547 bytes)
[21:35:17] - [2] MIRKO.POZEN: Début du Téléchargement de: D:\kerberos.htx\gamez1\Dethkarz\EXTRAS\Goodies\Deutsch\shop\stuff\products\outcast-black-tshirts.jpg
[21:35:17] - [2] MIRKO.POZEN: Fichier envoyé: D:\kerberos.htx\gamez1\Dethkarz\EXTRAS\Goodies\Deutsch\shop\stuff\products\outcast-black-tshirts.jpg (6,52 K/S -   6 679 bytes)
[21:35:17] - [3] MIRKO.POZEN: Début du Téléchargement de: D:\kerberos.htx\gamez1\Dethkarz\EXTRAS\Goodies\Deutsch\shop\stuff\products\outcast-orange-tshirt.jpg
[21:35:17] - [3] MIRKO.POZEN: Fichier envoyé: D:\kerberos.htx\gamez1\Dethkarz\EXTRAS\Goodies\Deutsch\shop\stuff\products\outcast-orange-tshirt.jpg (43,63 K/S -   44 672 bytes)
[21:35:17] - [2] MIRKO.POZEN: Début du Téléchargement de: D:\kerberos.htx\gamez1\Dethkarz\EXTRAS\Goodies\Deutsch\shop\stuff\products\outcast-orange-tshirts.jpg
[21:35:17] - [2] MIRKO.POZEN: Fichier envoyé: D:\kerberos.htx\gamez1\Dethkarz\EXTRAS\Goodies\Deutsch\shop\stuff\products\outcast-orange-tshirts.jpg (4,67 K/S -   4 777 bytes)
[21:35:17] - [3] MIRKO.POZEN: Début du Téléchargement de: D:\kerberos.htx\gamez1\Dethkarz\EXTRAS\Goodies\Deutsch\shop\stuff\products\tatou_bag.jpg
[21:35:17] - [3] MIRKO.POZEN: Fichier envoyé: D:\kerberos.htx\gamez1\Dethkarz\EXTRAS\Goodies\Deutsch\shop\stuff\products\tatou_bag.jpg (47,79 K/S -   48 935 bytes)
[21:35:17] - [2] MIRKO.POZEN: Début du Téléchargement de: D:\kerberos.htx\gamez1\Dethkarz\EXTRAS\Goodies\Deutsch\shop\stuff\products\tatou_bags.jpg
[21:35:17] - [2] MIRKO.POZEN: Fichier envoyé: D:\kerberos.htx\gamez1\Dethkarz\EXTRAS\Goodies\Deutsch\shop\stuff\products\tatou_bags.jpg (5,79 K/S -   5 924 bytes)
[21:35:17] - [3] MIRKO.POZEN: Début du Téléchargement de: D:\kerberos.htx\gamez1\Dethkarz\EXTRAS\Goodies\Deutsch\shop\stuff\products\vicious.jpg
[21:35:18] - [3] MIRKO.POZEN: Fichier envoyé: D:\kerberos.htx\gamez1\Dethkarz\EXTRAS\Goodies\Deutsch\shop\stuff\products\vicious.jpg (18,86 K/S -   19 310 bytes)
[21:35:18] - [2] MIRKO.POZEN: Début du Téléchargement de: D:\kerberos.htx\gamez1\Dethkarz\EXTRAS\Goodies\Deutsch\shop\stuff\products\viciouss.jpg
[21:35:18] - [2] MIRKO.POZEN: Fichier envoyé: D:\kerberos.htx\gamez1\Dethkarz\EXTRAS\Goodies\Deutsch\shop\stuff\products\viciouss.jpg (3,24 K/S -   3 319 bytes)
[21:35:18] - [3] MIRKO.POZEN: Début du Téléchargement de: D:\kerberos.htx\gamez1\Dethkarz\EXTRAS\Goodies\Deutsch\shop\stuff\products\vrally2_tshirt.jpg
[21:35:18] - [3] MIRKO.POZEN: Fichier envoyé: D:\kerberos.htx\gamez1\Dethkarz\EXTRAS\Goodies\Deutsch\shop\stuff\products\vrally2_tshirt.jpg (30,01 K/S -   30 729 bytes)
[21:35:18] - [2] MIRKO.POZEN: Début du Téléchargement de: D:\kerberos.htx\gamez1\Dethkarz\EXTRAS\Goodies\Deutsch\shop\stuff\products\vrally2_tshirts.jpg
[21:35:18] - [2] MIRKO.POZEN: Fichier envoyé: D:\kerberos.htx\gamez1\Dethkarz\EXTRAS\Goodies\Deutsch\shop\stuff\products\vrally2_tshirts.jpg (6,54 K/S -   6 697 bytes)
[21:35:18] - [3] MIRKO.POZEN: Début du Téléchargement de: D:\kerberos.htx\gamez1\Dethkarz\EXTRAS\Goodies\Deutsch\shop\stuff\products\vrally_cap.jpg
[21:35:18] - [3] MIRKO.POZEN: Fichier envoyé: D:\kerberos.htx\gamez1\Dethkarz\EXTRAS\Goodies\Deutsch\shop\stuff\products\vrally_cap.jpg (27,18 K/S -   27 830 bytes)
[21:35:18] - [2] MIRKO.POZEN: Début du Téléchargement de: D:\kerberos.htx\gamez1\Dethkarz\EXTRAS\Goodies\Deutsch\shop\stuff\products\vrally_caps.jpg
[21:35:18] - [2] MIRKO.POZEN: Fichier envoyé: D:\kerberos.htx\gamez1\Dethkarz\EXTRAS\Goodies\Deutsch\shop\stuff\products\vrally_caps.jpg (3,55 K/S -   3 637 bytes)
[21:35:18] - [3] MIRKO.POZEN: Début du Téléchargement de: D:\kerberos.htx\gamez1\Dethkarz\EXTRAS\Goodies\Deutsch\shop\stuff\products\wargasm-tshirt.jpg
[21:35:18] - [3] MIRKO.POZEN: Fichier envoyé: D:\kerberos.htx\gamez1\Dethkarz\EXTRAS\Goodies\Deutsch\shop\stuff\products\wargasm-tshirt.jpg (33,05 K/S -   33 843 bytes)
[21:35:18] - [2] MIRKO.POZEN: Début du Téléchargement de: D:\kerberos.htx\gamez1\Dethkarz\EXTRAS\Goodies\Deutsch\shop\stuff\products\wargasm-tshirts.jpg
[21:35:18] - [2] MIRKO.POZEN: Fichier envoyé: D:\kerberos.htx\gamez1\Dethkarz\EXTRAS\Goodies\Deutsch\shop\stuff\products\wargasm-tshirts.jpg (4,37 K/S -   4 478 bytes)
[21:35:18] - [3] MIRKO.POZEN: Répertoire en Cours: D:\kerberos.htx\gamez1\Dethkarz\EXTRAS\Goodies\Deutsch\shop\stuff\images\
[21:35:18] - [3] MIRKO.POZEN: Début du Téléchargement de: D:\kerberos.htx\gamez1\Dethkarz\EXTRAS\Goodies\Deutsch\shop\stuff\images\contact-22.gif
[21:35:18] - [3] MIRKO.POZEN: Fichier envoyé: D:\kerberos.htx\gamez1\Dethkarz\EXTRAS\Goodies\Deutsch\shop\stuff\images\contact-22.gif (1,18 K/S -   1 204 bytes)
[21:35:18] - [2] MIRKO.POZEN: Répertoire en Cours: D:\kerberos.htx\gamez1\Dethkarz\EXTRAS\Goodies\Deutsch\shop\stuff\images\
[21:35:19] - [2] MIRKO.POZEN: Début du Téléchargement de: D:\kerberos.htx\gamez1\Dethkarz\EXTRAS\Goodies\Deutsch\shop\stuff\images\contact-3.gif
[21:35:19] - [2] MIRKO.POZEN: Fichier envoyé: D:\kerberos.htx\gamez1\Dethkarz\EXTRAS\Goodies\Deutsch\shop\stuff\images\contact-3.gif (1,15 K/S -   1 176 bytes)
[21:35:19] - [3] MIRKO.POZEN: Début du Téléchargement de: D:\kerberos.htx\gamez1\Dethkarz\EXTRAS\Goodies\Deutsch\shop\stuff\images\contact-33.gif
[21:35:19] - [3] MIRKO.POZEN: Fichier envoyé: D:\kerberos.htx\gamez1\Dethkarz\EXTRAS\Goodies\Deutsch\shop\stuff\images\contact-33.gif (0,55 K/S -    565 bytes)
[21:35:19] - [2] MIRKO.POZEN: Début du Téléchargement de: D:\kerberos.htx\gamez1\Dethkarz\EXTRAS\Goodies\Deutsch\shop\stuff\images\grid.jpg
[21:35:19] - [2] MIRKO.POZEN: Fichier envoyé: D:\kerberos.htx\gamez1\Dethkarz\EXTRAS\Goodies\Deutsch\shop\stuff\images\grid.jpg (32,82 K/S -   33 612 bytes)
[21:35:19] - [3] MIRKO.POZEN: Début du Téléchargement de: D:\kerberos.htx\gamez1\Dethkarz\EXTRAS\Goodies\Deutsch\shop\stuff\images\infogrames_c_00.gif
[21:35:19] - [3] MIRKO.POZEN: Fichier envoyé: D:\kerberos.htx\gamez1\Dethkarz\EXTRAS\Goodies\Deutsch\shop\stuff\images\infogrames_c_00.gif (0,04 K/S -    43 bytes)
[21:35:19] - [2] MIRKO.POZEN: Début du Téléchargement de: D:\kerberos.htx\gamez1\Dethkarz\EXTRAS\Goodies\Deutsch\shop\stuff\images\infogrames_c_04_03.jpg
[21:35:19] - [2] MIRKO.POZEN: Fichier envoyé: D:\kerberos.htx\gamez1\Dethkarz\EXTRAS\Goodies\Deutsch\shop\stuff\images\infogrames_c_04_03.jpg (1,33 K/S -   1 366 bytes)
[21:35:19] - [3] MIRKO.POZEN: Début du Téléchargement de: D:\kerberos.htx\gamez1\Dethkarz\EXTRAS\Goodies\Deutsch\shop\stuff\images\infogrames_c_05_02.jpg
[21:35:19] - [3] MIRKO.POZEN: Fichier envoyé: D:\kerberos.htx\gamez1\Dethkarz\EXTRAS\Goodies\Deutsch\shop\stuff\images\infogrames_c_05_02.jpg (2,23 K/S -   2 288 bytes)
[21:35:19] - [2] MIRKO.POZEN: Début du Téléchargement de: D:\kerberos.htx\gamez1\Dethkarz\EXTRAS\Goodies\Deutsch\shop\stuff\images\infogrames_c_05_06.jpg
[21:35:19] - [2] MIRKO.POZEN: Fichier envoyé: D:\kerberos.htx\gamez1\Dethkarz\EXTRAS\Goodies\Deutsch\shop\stuff\images\infogrames_c_05_06.jpg (1,89 K/S -   1 934 bytes)
[21:35:19] - [3] MIRKO.POZEN: Début du Téléchargement de: D:\kerberos.htx\gamez1\Dethkarz\EXTRAS\Goodies\Deutsch\shop\stuff\images\infogrames_c_06_02.jpg
[21:35:19] - [3] MIRKO.POZEN: Fichier envoyé: D:\kerberos.htx\gamez1\Dethkarz\EXTRAS\Goodies\Deutsch\shop\stuff\images\infogrames_c_06_02.jpg (0,65 K/S -    664 bytes)
[21:35:19] - [2] MIRKO.POZEN: Début du Téléchargement de: D:\kerberos.htx\gamez1\Dethkarz\EXTRAS\Goodies\Deutsch\shop\stuff\images\infogrames_c_06_03.jpg
[21:35:19] - [2] MIRKO.POZEN: Fichier envoyé: D:\kerberos.htx\gamez1\Dethkarz\EXTRAS\Goodies\Deutsch\shop\stuff\images\infogrames_c_06_03.jpg (0,73 K/S -    747 bytes)
[21:35:20] - [3] MIRKO.POZEN: Début du Téléchargement de: D:\kerberos.htx\gamez1\Dethkarz\EXTRAS\Goodies\Deutsch\shop\stuff\images\infogrames_c_07_01.jpg
[21:35:20] - [3] MIRKO.POZEN: Fichier envoyé: D:\kerberos.htx\gamez1\Dethkarz\EXTRAS\Goodies\Deutsch\shop\stuff\images\infogrames_c_07_01.jpg (2,31 K/S -   2 365 bytes)
[21:35:20] - [2] MIRKO.POZEN: Début du Téléchargement de: D:\kerberos.htx\gamez1\Dethkarz\EXTRAS\Goodies\Deutsch\shop\stuff\images\infogrames_c_07_04.jpg
[21:35:20] - [2] MIRKO.POZEN: Fichier envoyé: D:\kerberos.htx\gamez1\Dethkarz\EXTRAS\Goodies\Deutsch\shop\stuff\images\infogrames_c_07_04.jpg (1,27 K/S -   1 304 bytes)
[21:35:20] - [3] MIRKO.POZEN: Début du Téléchargement de: D:\kerberos.htx\gamez1\Dethkarz\EXTRAS\Goodies\Deutsch\shop\stuff\images\infogrames_c_08_01.jpg
[21:35:20] - [3] MIRKO.POZEN: Fichier envoyé: D:\kerberos.htx\gamez1\Dethkarz\EXTRAS\Goodies\Deutsch\shop\stuff\images\infogrames_c_08_01.jpg (2,11 K/S -   2 158 bytes)
[21:35:20] - [2] MIRKO.POZEN: Début du Téléchargement de: D:\kerberos.htx\gamez1\Dethkarz\EXTRAS\Goodies\Deutsch\shop\stuff\images\infogrames_c_08_02.jpg
[21:35:20] - [2] MIRKO.POZEN: Fichier envoyé: D:\kerberos.htx\gamez1\Dethkarz\EXTRAS\Goodies\Deutsch\shop\stuff\images\infogrames_c_08_02.jpg (1,31 K/S -   1 338 bytes)
[21:35:20] - [3] MIRKO.POZEN: Début du Téléchargement de: D:\kerberos.htx\gamez1\Dethkarz\EXTRAS\Goodies\Deutsch\shop\stuff\images\infogrames_c_08_03.jpg
[21:35:20] - [3] MIRKO.POZEN: Fichier envoyé: D:\kerberos.htx\gamez1\Dethkarz\EXTRAS\Goodies\Deutsch\shop\stuff\images\infogrames_c_08_03.jpg (3,83 K/S -   3 925 bytes)
[21:35:20] - [2] MIRKO.POZEN: Début du Téléchargement de: D:\kerberos.htx\gamez1\Dethkarz\EXTRAS\Goodies\Deutsch\shop\stuff\images\infogrames_c_09_03.jpg
[21:35:20] - [2] MIRKO.POZEN: Fichier envoyé: D:\kerberos.htx\gamez1\Dethkarz\EXTRAS\Goodies\Deutsch\shop\stuff\images\infogrames_c_09_03.jpg (0,64 K/S -    653 bytes)
[21:35:20] - [3] MIRKO.POZEN: Début du Téléchargement de: D:\kerberos.htx\gamez1\Dethkarz\EXTRAS\Goodies\Deutsch\shop\stuff\images\interface_top_info-store.jpg
[21:35:20] - [3] MIRKO.POZEN: Fichier envoyé: D:\kerberos.htx\gamez1\Dethkarz\EXTRAS\Goodies\Deutsch\shop\stuff\images\interface_top_info-store.jpg (30,38 K/S -   31 111 bytes)
[21:35:20] - [2] MIRKO.POZEN: Début du Téléchargement de: D:\kerberos.htx\gamez1\Dethkarz\EXTRAS\Goodies\Deutsch\shop\stuff\images\interface_to_01_01.gif
[21:35:20] - [2] MIRKO.POZEN: Fichier envoyé: D:\kerberos.htx\gamez1\Dethkarz\EXTRAS\Goodies\Deutsch\shop\stuff\images\interface_to_01_01.gif (5,80 K/S -   5 936 bytes)
[21:35:21] - [3] MIRKO.POZEN: Début du Téléchargement de: D:\kerberos.htx\gamez1\Dethkarz\EXTRAS\Goodies\Deutsch\shop\stuff\images\interface_to_01_02.gif
[21:35:21] - [3] MIRKO.POZEN: Fichier envoyé: D:\kerberos.htx\gamez1\Dethkarz\EXTRAS\Goodies\Deutsch\shop\stuff\images\interface_to_01_02.gif (13,54 K/S -   13 865 bytes)
[21:35:21] - [2] MIRKO.POZEN: Début du Téléchargement de: D:\kerberos.htx\gamez1\Dethkarz\EXTRAS\Goodies\Deutsch\shop\stuff\images\interface_to_01_03.gif
[21:35:21] - [2] MIRKO.POZEN: Fichier envoyé: D:\kerberos.htx\gamez1\Dethkarz\EXTRAS\Goodies\Deutsch\shop\stuff\images\interface_to_01_03.gif (2,16 K/S -   2 214 bytes)
[21:35:21] - [3] MIRKO.POZEN: Début du Téléchargement de: D:\kerberos.htx\gamez1\Dethkarz\EXTRAS\Goodies\Deutsch\shop\stuff\images\lock.gif
[21:35:21] - [3] MIRKO.POZEN: Fichier envoyé: D:\kerberos.htx\gamez1\Dethkarz\EXTRAS\Goodies\Deutsch\shop\stuff\images\lock.gif (3,47 K/S -   3 550 bytes)
[21:35:21] - [2] MIRKO.POZEN: Début du Téléchargement de: D:\kerberos.htx\gamez1\Dethkarz\EXTRAS\Goodies\Deutsch\shop\stuff\images\logo.gif
[21:35:21] - [2] MIRKO.POZEN: Fichier envoyé: D:\kerberos.htx\gamez1\Dethkarz\EXTRAS\Goodies\Deutsch\shop\stuff\images\logo.gif (9,23 K/S -   9 453 bytes)
[21:35:21] - [3] MIRKO.POZEN: Début du Téléchargement de: D:\kerberos.htx\gamez1\Dethkarz\EXTRAS\Goodies\Deutsch\shop\stuff\images\outcastbandeau.jpg
[21:35:21] - [3] MIRKO.POZEN: Fichier envoyé: D:\kerberos.htx\gamez1\Dethkarz\EXTRAS\Goodies\Deutsch\shop\stuff\images\outcastbandeau.jpg (19,07 K/S -   19 525 bytes)
[21:35:21] - [2] MIRKO.POZEN: Début du Téléchargement de: D:\kerberos.htx\gamez1\Dethkarz\EXTRAS\Goodies\Deutsch\shop\stuff\images\tips_bag.jpg
[21:35:21] - [2] MIRKO.POZEN: Fichier envoyé: D:\kerberos.htx\gamez1\Dethkarz\EXTRAS\Goodies\Deutsch\shop\stuff\images\tips_bag.jpg (8,63 K/S -   8 835 bytes)
[21:35:21] - [3] MIRKO.POZEN: Début du Téléchargement de: D:\kerberos.htx\gamez1\Dethkarz\EXTRAS\Goodies\Deutsch\shop\stuff\images\tips_bag_off.jpg
[21:35:21] - [3] MIRKO.POZEN: Fichier envoyé: D:\kerberos.htx\gamez1\Dethkarz\EXTRAS\Goodies\Deutsch\shop\stuff\images\tips_bag_off.jpg (5,32 K/S -   5 449 bytes)
[21:35:21] - [2] MIRKO.POZEN: Début du Téléchargement de: D:\kerberos.htx\gamez1\Dethkarz\EXTRAS\Goodies\Deutsch\shop\stuff\images\tips_bag_on.jpg
[21:35:21] - [2] MIRKO.POZEN: Fichier envoyé: D:\kerberos.htx\gamez1\Dethkarz\EXTRAS\Goodies\Deutsch\shop\stuff\images\tips_bag_on.jpg (5,34 K/S -   5 467 bytes)
[21:35:21] - [3] MIRKO.POZEN: Début du Téléchargement de: D:\kerberos.htx\gamez1\Dethkarz\EXTRAS\Goodies\Deutsch\shop\stuff\images\tips_great_off.gif
[21:35:22] - [3] MIRKO.POZEN: Fichier envoyé: D:\kerberos.htx\gamez1\Dethkarz\EXTRAS\Goodies\Deutsch\shop\stuff\images\tips_great_off.gif (3,71 K/S -   3 799 bytes)
[21:35:22] - [2] MIRKO.POZEN: Début du Téléchargement de: D:\kerberos.htx\gamez1\Dethkarz\EXTRAS\Goodies\Deutsch\shop\stuff\images\tips_great_on.gif
[21:35:22] - [2] MIRKO.POZEN: Fichier envoyé: D:\kerberos.htx\gamez1\Dethkarz\EXTRAS\Goodies\Deutsch\shop\stuff\images\tips_great_on.gif (3,74 K/S -   3 826 bytes)
[21:35:22] - [3] MIRKO.POZEN: Début du Téléchargement de: D:\kerberos.htx\gamez1\Dethkarz\EXTRAS\Goodies\Deutsch\shop\stuff\images\tips_home_off.gif
[21:35:22] - [3] MIRKO.POZEN: Fichier envoyé: D:\kerberos.htx\gamez1\Dethkarz\EXTRAS\Goodies\Deutsch\shop\stuff\images\tips_home_off.gif (1,64 K/S -   1 679 bytes)
[21:35:22] - [2] MIRKO.POZEN: Début du Téléchargement de: D:\kerberos.htx\gamez1\Dethkarz\EXTRAS\Goodies\Deutsch\shop\stuff\images\tips_home_on.gif
[21:35:22] - [2] MIRKO.POZEN: Fichier envoyé: D:\kerberos.htx\gamez1\Dethkarz\EXTRAS\Goodies\Deutsch\shop\stuff\images\tips_home_on.gif (1,64 K/S -   1 679 bytes)
[21:35:22] - [3] MIRKO.POZEN: Début du Téléchargement de: D:\kerberos.htx\gamez1\Dethkarz\EXTRAS\Goodies\Deutsch\shop\stuff\images\tips_mail_off.gif
[21:35:22] - [3] MIRKO.POZEN: Fichier envoyé: D:\kerberos.htx\gamez1\Dethkarz\EXTRAS\Goodies\Deutsch\shop\stuff\images\tips_mail_off.gif (1,98 K/S -   2 030 bytes)
[21:35:22] - [2] MIRKO.POZEN: Début du Téléchargement de: D:\kerberos.htx\gamez1\Dethkarz\EXTRAS\Goodies\Deutsch\shop\stuff\images\tips_mail_on.gif
[21:35:22] - [2] MIRKO.POZEN: Fichier envoyé: D:\kerberos.htx\gamez1\Dethkarz\EXTRAS\Goodies\Deutsch\shop\stuff\images\tips_mail_on.gif (1,92 K/S -   1 968 bytes)
[21:35:22] - [3] MIRKO.POZEN: Début du Téléchargement de: D:\kerberos.htx\gamez1\Dethkarz\EXTRAS\Goodies\Deutsch\shop\stuff\images\tip_moins.gif
[21:35:22] - [3] MIRKO.POZEN: Fichier envoyé: D:\kerberos.htx\gamez1\Dethkarz\EXTRAS\Goodies\Deutsch\shop\stuff\images\tip_moins.gif (0,87 K/S -    895 bytes)
[21:35:22] - [2] MIRKO.POZEN: Début du Téléchargement de: D:\kerberos.htx\gamez1\Dethkarz\EXTRAS\Goodies\Deutsch\shop\stuff\images\tip_plus.gif
[21:35:22] - [2] MIRKO.POZEN: Fichier envoyé: D:\kerberos.htx\gamez1\Dethkarz\EXTRAS\Goodies\Deutsch\shop\stuff\images\tip_plus.gif (0,90 K/S -    917 bytes)
[21:35:22] - [3] MIRKO.POZEN: Début du Téléchargement de: D:\kerberos.htx\gamez1\Dethkarz\EXTRAS\Goodies\Deutsch\shop\stuff\images\typo-global.gif
[21:35:23] - [3] MIRKO.POZEN: Fichier envoyé: D:\kerberos.htx\gamez1\Dethkarz\EXTRAS\Goodies\Deutsch\shop\stuff\images\typo-global.gif (21,07 K/S -   21 577 bytes)
[21:35:23] - [2] MIRKO.POZEN: Début du Téléchargement de: D:\kerberos.htx\gamez1\Dethkarz\EXTRAS\Goodies\Deutsch\shop\stuff\images\typo-global.jpg
[21:35:23] - [2] MIRKO.POZEN: Fichier envoyé: D:\kerberos.htx\gamez1\Dethkarz\EXTRAS\Goodies\Deutsch\shop\stuff\images\typo-global.jpg (14,54 K/S -   14 891 bytes)
[21:35:23] - [3] MIRKO.POZEN: Début du Téléchargement de: D:\kerberos.htx\gamez1\Dethkarz\EXTRAS\Goodies\Deutsch\shop\stuff\images\typo-global_on.gif
[21:35:23] - [3] MIRKO.POZEN: Fichier envoyé: D:\kerberos.htx\gamez1\Dethkarz\EXTRAS\Goodies\Deutsch\shop\stuff\images\typo-global_on.gif (10,68 K/S -   10 934 bytes)
[21:35:23] - [2] MIRKO.POZEN: Début du Téléchargement de: D:\kerberos.htx\gamez1\Dethkarz\EXTRAS\Goodies\Deutsch\shop\stuff\images\wargasm_bandeau.jpg
[21:35:23] - [2] MIRKO.POZEN: Fichier envoyé: D:\kerberos.htx\gamez1\Dethkarz\EXTRAS\Goodies\Deutsch\shop\stuff\images\wargasm_bandeau.jpg (20,87 K/S -   21 370 bytes)
[21:35:23] - [3] MIRKO.POZEN: Répertoire en Cours: D:\kerberos.htx\gamez1\Dethkarz\EXTRAS\Chatnplay\
[21:35:23] - [3] MIRKO.POZEN: Début du Téléchargement de: D:\kerberos.htx\gamez1\Dethkarz\EXTRAS\Chatnplay\CHATNPLAY.EXE
[21:35:23] - [2] MIRKO.POZEN: Répertoire en Cours: D:\kerberos.htx\gamez1\Dethkarz\DIRECTX\
[21:35:23] - [2] MIRKO.POZEN: Début du Téléchargement de: D:\kerberos.htx\gamez1\Dethkarz\DIRECTX\d3d.inf
[21:35:23] - [2] MIRKO.POZEN: Fichier envoyé: D:\kerberos.htx\gamez1\Dethkarz\DIRECTX\d3d.inf (1,12 K/S -   1 147 bytes)
[21:35:23] - [2] MIRKO.POZEN: Début du Téléchargement de: D:\kerberos.htx\gamez1\Dethkarz\DIRECTX\d3dim.dll
[21:35:25] - [2] MIRKO.POZEN: Fichier envoyé: D:\kerberos.htx\gamez1\Dethkarz\DIRECTX\d3dim.dll (527,77 K/S -   540 432 bytes)
[21:35:25] - [2] MIRKO.POZEN: Début du Téléchargement de: D:\kerberos.htx\gamez1\Dethkarz\DIRECTX\d3dpmesh.dll
[21:35:25] - [2] MIRKO.POZEN: Fichier envoyé: D:\kerberos.htx\gamez1\Dethkarz\DIRECTX\d3dpmesh.dll (85,27 K/S -   87 312 bytes)
[21:35:25] - [2] MIRKO.POZEN: Début du Téléchargement de: D:\kerberos.htx\gamez1\Dethkarz\DIRECTX\d3drm.dll
[21:35:26] - [2] MIRKO.POZEN: Fichier envoyé: D:\kerberos.htx\gamez1\Dethkarz\DIRECTX\d3drm.dll (426,27 K/S -   436 496 bytes)
[21:35:26] - [2] MIRKO.POZEN: Début du Téléchargement de: D:\kerberos.htx\gamez1\Dethkarz\DIRECTX\d3drm.inf
[21:35:27] - [2] MIRKO.POZEN: Fichier envoyé: D:\kerberos.htx\gamez1\Dethkarz\DIRECTX\d3drm.inf (0,68 K/S -    693 bytes)
[21:35:27] - [2] MIRKO.POZEN: Début du Téléchargement de: D:\kerberos.htx\gamez1\Dethkarz\DIRECTX\d3dxof.dll
[21:35:27] - [2] MIRKO.POZEN: Fichier envoyé: D:\kerberos.htx\gamez1\Dethkarz\DIRECTX\d3dxof.dll (105,27 K/S -   107 792 bytes)
[21:35:27] - [2] MIRKO.POZEN: Début du Téléchargement de: D:\kerberos.htx\gamez1\Dethkarz\DIRECTX\ddhelp.exe
[21:35:27] - [2] MIRKO.POZEN: Fichier envoyé: D:\kerberos.htx\gamez1\Dethkarz\DIRECTX\ddhelp.exe (37,77 K/S -   38 672 bytes)
[21:35:28] - [2] MIRKO.POZEN: Début du Téléchargement de: D:\kerberos.htx\gamez1\Dethkarz\DIRECTX\ddraw.dll
[21:35:29] - [2] MIRKO.POZEN: Fichier envoyé: D:\kerberos.htx\gamez1\Dethkarz\DIRECTX\ddraw.dll (301,27 K/S -   308 496 bytes)
[21:35:29] - [2] MIRKO.POZEN: Début du Téléchargement de: D:\kerberos.htx\gamez1\Dethkarz\DIRECTX\ddraw.inf
[21:35:29] - [2] MIRKO.POZEN: Fichier envoyé: D:\kerberos.htx\gamez1\Dethkarz\DIRECTX\ddraw.inf (4,12 K/S -   4 222 bytes)
[21:35:29] - [2] MIRKO.POZEN: Début du Téléchargement de: D:\kerberos.htx\gamez1\Dethkarz\DIRECTX\ddraw.vxd
[21:35:29] - [3] MIRKO.POZEN: Fichier envoyé: D:\kerberos.htx\gamez1\Dethkarz\EXTRAS\Chatnplay\CHATNPLAY.EXE (379,93 K/S -  2 334 301 bytes)
[21:35:29] - [3] MIRKO.POZEN: Répertoire en Cours: D:\kerberos.htx\gamez1\Dethkarz\DIRECTX\
[21:35:29] - [2] MIRKO.POZEN: Fichier envoyé: D:\kerberos.htx\gamez1\Dethkarz\DIRECTX\ddraw.vxd (29,67 K/S -   30 381 bytes)
[21:35:29] - [3] MIRKO.POZEN: Début du Téléchargement de: D:\kerberos.htx\gamez1\Dethkarz\DIRECTX\ddraw16.dll
[21:35:29] - [3] MIRKO.POZEN: Fichier envoyé: D:\kerberos.htx\gamez1\Dethkarz\DIRECTX\ddraw16.dll (27,33 K/S -   27 984 bytes)
[21:35:29] - [2] MIRKO.POZEN: Début du Téléchargement de: D:\kerberos.htx\gamez1\Dethkarz\DIRECTX\ddrawex.dll
[21:35:29] - [2] MIRKO.POZEN: Fichier envoyé: D:\kerberos.htx\gamez1\Dethkarz\DIRECTX\ddrawex.dll (24,27 K/S -   24 848 bytes)
[21:35:29] - [3] MIRKO.POZEN: Début du Téléchargement de: D:\kerberos.htx\gamez1\Dethkarz\DIRECTX\devnode1.dll
[21:35:29] - [3] MIRKO.POZEN: Fichier envoyé: D:\kerberos.htx\gamez1\Dethkarz\DIRECTX\devnode1.dll (17,00 K/S -   17 408 bytes)
[21:35:29] - [2] MIRKO.POZEN: Début du Téléchargement de: D:\kerberos.htx\gamez1\Dethkarz\DIRECTX\devnode2.dll
[21:35:30] - [2] MIRKO.POZEN: Fichier envoyé: D:\kerberos.htx\gamez1\Dethkarz\DIRECTX\devnode2.dll (6,50 K/S -   6 656 bytes)
[21:35:30] - [3] MIRKO.POZEN: Début du Téléchargement de: D:\kerberos.htx\gamez1\Dethkarz\DIRECTX\dijoy.hlp
[21:35:30] - [3] MIRKO.POZEN: Fichier envoyé: D:\kerberos.htx\gamez1\Dethkarz\DIRECTX\dijoy.hlp (15,96 K/S -   16 339 bytes)
[21:35:30] - [2] MIRKO.POZEN: Début du Téléchargement de: D:\kerberos.htx\gamez1\Dethkarz\DIRECTX\dijoybrz.hlp
[21:35:30] - [2] MIRKO.POZEN: Fichier envoyé: D:\kerberos.htx\gamez1\Dethkarz\DIRECTX\dijoybrz.hlp (13,02 K/S -   13 330 bytes)
[21:35:30] - [3] MIRKO.POZEN: Début du Téléchargement de: D:\kerberos.htx\gamez1\Dethkarz\DIRECTX\dijoychs.hlp
[21:35:30] - [3] MIRKO.POZEN: Fichier envoyé: D:\kerberos.htx\gamez1\Dethkarz\DIRECTX\dijoychs.hlp (12,48 K/S -   12 778 bytes)
[21:35:30] - [2] MIRKO.POZEN: Début du Téléchargement de: D:\kerberos.htx\gamez1\Dethkarz\DIRECTX\dijoycht.hlp
[21:35:30] - [2] MIRKO.POZEN: Fichier envoyé: D:\kerberos.htx\gamez1\Dethkarz\DIRECTX\dijoycht.hlp (18,95 K/S -   19 401 bytes)
[21:35:30] - [3] MIRKO.POZEN: Début du Téléchargement de: D:\kerberos.htx\gamez1\Dethkarz\DIRECTX\dijoycze.hlp
[21:35:30] - [3] MIRKO.POZEN: Fichier envoyé: D:\kerberos.htx\gamez1\Dethkarz\DIRECTX\dijoycze.hlp (13,19 K/S -   13 511 bytes)
[21:35:30] - [2] MIRKO.POZEN: Début du Téléchargement de: D:\kerberos.htx\gamez1\Dethkarz\DIRECTX\dijoydut.hlp
[21:35:30] - [2] MIRKO.POZEN: Fichier envoyé: D:\kerberos.htx\gamez1\Dethkarz\DIRECTX\dijoydut.hlp (12,96 K/S -   13 271 bytes)
[21:35:30] - [3] MIRKO.POZEN: Début du Téléchargement de: D:\kerberos.htx\gamez1\Dethkarz\DIRECTX\dijoyfrn.hlp
[21:35:30] - [3] MIRKO.POZEN: Fichier envoyé: D:\kerberos.htx\gamez1\Dethkarz\DIRECTX\dijoyfrn.hlp (13,27 K/S -   13 589 bytes)
[21:35:30] - [2] MIRKO.POZEN: Début du Téléchargement de: D:\kerberos.htx\gamez1\Dethkarz\DIRECTX\dijoyger.hlp
[21:35:30] - [2] MIRKO.POZEN: Fichier envoyé: D:\kerberos.htx\gamez1\Dethkarz\DIRECTX\dijoyger.hlp (13,36 K/S -   13 678 bytes)
[21:35:30] - [3] MIRKO.POZEN: Début du Téléchargement de: D:\kerberos.htx\gamez1\Dethkarz\DIRECTX\dijoyitn.hlp
[21:35:30] - [3] MIRKO.POZEN: Fichier envoyé: D:\kerberos.htx\gamez1\Dethkarz\DIRECTX\dijoyitn.hlp (13,18 K/S -   13 493 bytes)
[21:35:31] - [2] MIRKO.POZEN: Début du Téléchargement de: D:\kerberos.htx\gamez1\Dethkarz\DIRECTX\dijoyjpn.hlp
[21:35:31] - [2] MIRKO.POZEN: Fichier envoyé: D:\kerberos.htx\gamez1\Dethkarz\DIRECTX\dijoyjpn.hlp (13,11 K/S -   13 424 bytes)
[21:35:31] - [3] MIRKO.POZEN: Début du Téléchargement de: D:\kerberos.htx\gamez1\Dethkarz\DIRECTX\dijoykor.hlp
[21:35:31] - [3] MIRKO.POZEN: Fichier envoyé: D:\kerberos.htx\gamez1\Dethkarz\DIRECTX\dijoykor.hlp (13,33 K/S -   13 647 bytes)
[21:35:31] - [2] MIRKO.POZEN: Début du Téléchargement de: D:\kerberos.htx\gamez1\Dethkarz\DIRECTX\dijoynec.hlp
[21:35:31] - [2] MIRKO.POZEN: Fichier envoyé: D:\kerberos.htx\gamez1\Dethkarz\DIRECTX\dijoynec.hlp (13,11 K/S -   13 424 bytes)
[21:35:31] - [3] MIRKO.POZEN: Début du Téléchargement de: D:\kerberos.htx\gamez1\Dethkarz\DIRECTX\dijoypol.hlp
[21:35:31] - [3] MIRKO.POZEN: Fichier envoyé: D:\kerberos.htx\gamez1\Dethkarz\DIRECTX\dijoypol.hlp (13,46 K/S -   13 778 bytes)
[21:35:31] - [2] MIRKO.POZEN: Début du Téléchargement de: D:\kerberos.htx\gamez1\Dethkarz\DIRECTX\dijoyrus.hlp
[21:35:31] - [2] MIRKO.POZEN: Fichier envoyé: D:\kerberos.htx\gamez1\Dethkarz\DIRECTX\dijoyrus.hlp (13,49 K/S -   13 812 bytes)
[21:35:31] - [3] MIRKO.POZEN: Début du Téléchargement de: D:\kerberos.htx\gamez1\Dethkarz\DIRECTX\dijoyspa.hlp
[21:35:31] - [3] MIRKO.POZEN: Fichier envoyé: D:\kerberos.htx\gamez1\Dethkarz\DIRECTX\dijoyspa.hlp (13,30 K/S -   13 618 bytes)
[21:35:31] - [2] MIRKO.POZEN: Début du Téléchargement de: D:\kerberos.htx\gamez1\Dethkarz\DIRECTX\dijoyswe.hlp
[21:35:31] - [2] MIRKO.POZEN: Fichier envoyé: D:\kerberos.htx\gamez1\Dethkarz\DIRECTX\dijoyswe.hlp (13,03 K/S -   13 343 bytes)
[21:35:31] - [3] MIRKO.POZEN: Début du Téléchargement de: D:\kerberos.htx\gamez1\Dethkarz\DIRECTX\dinput.dll
[21:35:32] - [2] MIRKO.POZEN: Début du Téléchargement de: D:\kerberos.htx\gamez1\Dethkarz\DIRECTX\dinput.inf
[21:35:32] - [2] MIRKO.POZEN: Fichier envoyé: D:\kerberos.htx\gamez1\Dethkarz\DIRECTX\dinput.inf (12,99 K/S -   13 301 bytes)
[21:35:32] - [2] MIRKO.POZEN: Début du Téléchargement de: D:\kerberos.htx\gamez1\Dethkarz\DIRECTX\dinput.vxd
[21:35:32] - [3] MIRKO.POZEN: Fichier envoyé: D:\kerberos.htx\gamez1\Dethkarz\DIRECTX\dinput.dll (171,50 K/S -   175 616 bytes)
[21:35:32] - [2] MIRKO.POZEN: Fichier envoyé: D:\kerberos.htx\gamez1\Dethkarz\DIRECTX\dinput.vxd (16,59 K/S -   16 986 bytes)
[21:35:32] - [3] MIRKO.POZEN: Début du Téléchargement de: D:\kerberos.htx\gamez1\Dethkarz\DIRECTX\directx.INF
[21:35:32] - [3] MIRKO.POZEN: Fichier envoyé: D:\kerberos.htx\gamez1\Dethkarz\DIRECTX\directx.INF (4,28 K/S -   4 383 bytes)
[21:35:32] - [2] MIRKO.POZEN: Début du Téléchargement de: D:\kerberos.htx\gamez1\Dethkarz\DIRECTX\dplay.dll
[21:35:32] - [2] MIRKO.POZEN: Fichier envoyé: D:\kerberos.htx\gamez1\Dethkarz\DIRECTX\dplay.dll (39,00 K/S -   39 936 bytes)
[21:35:32] - [3] MIRKO.POZEN: Début du Téléchargement de: D:\kerberos.htx\gamez1\Dethkarz\DIRECTX\dplay.inf
[21:35:32] - [3] MIRKO.POZEN: Fichier envoyé: D:\kerberos.htx\gamez1\Dethkarz\DIRECTX\dplay.inf (13,47 K/S -   13 795 bytes)
[21:35:32] - [2] MIRKO.POZEN: Début du Téléchargement de: D:\kerberos.htx\gamez1\Dethkarz\DIRECTX\dplaydx2.inf
[21:35:32] - [2] MIRKO.POZEN: Fichier envoyé: D:\kerberos.htx\gamez1\Dethkarz\DIRECTX\dplaydx2.inf (1,51 K/S -   1 549 bytes)
[21:35:33] - [3] MIRKO.POZEN: Début du Téléchargement de: D:\kerberos.htx\gamez1\Dethkarz\DIRECTX\dplaysvr.exe
[21:35:39] - [2] MIRKO.POZEN: Début du Téléchargement de: D:\kerberos.htx\gamez1\Dethkarz\DIRECTX\dplayx.dll
[21:35:39] - [3] MIRKO.POZEN: Fichier envoyé: D:\kerberos.htx\gamez1\Dethkarz\DIRECTX\dplaysvr.exe (4,88 K/S -   29 968 bytes)
[21:35:39] - [3] MIRKO.POZEN: Début du Téléchargement de: D:\kerberos.htx\gamez1\Dethkarz\DIRECTX\dpmodemx.dll
[21:35:39] - [3] MIRKO.POZEN: Fichier envoyé: D:\kerberos.htx\gamez1\Dethkarz\DIRECTX\dpmodemx.dll (70,27 K/S -   71 952 bytes)
[21:35:39] - [3] MIRKO.POZEN: Début du Téléchargement de: D:\kerberos.htx\gamez1\Dethkarz\DIRECTX\dpserial.dll
[21:35:39] - [3] MIRKO.POZEN: Fichier envoyé: D:\kerberos.htx\gamez1\Dethkarz\DIRECTX\dpserial.dll (40,50 K/S -   41 472 bytes)
[21:35:39] - [2] MIRKO.POZEN: Fichier envoyé: D:\kerberos.htx\gamez1\Dethkarz\DIRECTX\dplayx.dll (209,27 K/S -   214 288 bytes)
[21:35:40] - [2] MIRKO.POZEN: Début du Téléchargement de: D:\kerberos.htx\gamez1\Dethkarz\DIRECTX\dpwsockx.dll
[21:35:40] - [3] MIRKO.POZEN: Début du Téléchargement de: D:\kerberos.htx\gamez1\Dethkarz\DIRECTX\dpwsock.dll
[21:35:40] - [3] MIRKO.POZEN: Fichier envoyé: D:\kerberos.htx\gamez1\Dethkarz\DIRECTX\dpwsock.dll (23,50 K/S -   24 064 bytes)
[21:35:40] - [3] MIRKO.POZEN: Début du Téléchargement de: D:\kerberos.htx\gamez1\Dethkarz\DIRECTX\dsetup.dll
[21:35:40] - [2] MIRKO.POZEN: Fichier envoyé: D:\kerberos.htx\gamez1\Dethkarz\DIRECTX\dpwsockx.dll (62,27 K/S -   63 760 bytes)
[21:35:40] - [2] MIRKO.POZEN: Début du Téléchargement de: D:\kerberos.htx\gamez1\Dethkarz\DIRECTX\dsetup.inf
[21:35:40] - [2] MIRKO.POZEN: Fichier envoyé: D:\kerberos.htx\gamez1\Dethkarz\DIRECTX\dsetup.inf (1,10 K/S -   1 124 bytes)
[21:35:40] - [3] MIRKO.POZEN: Fichier envoyé: D:\kerberos.htx\gamez1\Dethkarz\DIRECTX\dsetup.dll (124,50 K/S -   127 488 bytes)
[21:35:40] - [3] MIRKO.POZEN: Début du Téléchargement de: D:\kerberos.htx\gamez1\Dethkarz\DIRECTX\dsetup16.dll
[21:35:40] - [2] MIRKO.POZEN: Début du Téléchargement de: D:\kerberos.htx\gamez1\Dethkarz\DIRECTX\dsetup32.dll
[21:35:41] - [3] MIRKO.POZEN: Fichier envoyé: D:\kerberos.htx\gamez1\Dethkarz\DIRECTX\dsetup16.dll (61,77 K/S -   63 248 bytes)
[21:35:41] - [2] MIRKO.POZEN: Fichier envoyé: D:\kerberos.htx\gamez1\Dethkarz\DIRECTX\dsetup32.dll (50,50 K/S -   51 712 bytes)
[21:35:41] - [3] MIRKO.POZEN: Début du Téléchargement de: D:\kerberos.htx\gamez1\Dethkarz\DIRECTX\dsound.dll
[21:35:41] - [2] MIRKO.POZEN: Début du Téléchargement de: D:\kerberos.htx\gamez1\Dethkarz\DIRECTX\dsound.inf
[21:35:41] - [2] MIRKO.POZEN: Fichier envoyé: D:\kerberos.htx\gamez1\Dethkarz\DIRECTX\dsound.inf (0,80 K/S -    815 bytes)
[21:35:41] - [3] MIRKO.POZEN: Fichier envoyé: D:\kerberos.htx\gamez1\Dethkarz\DIRECTX\dsound.dll (130,77 K/S -   133 904 bytes)
[21:35:41] - [2] MIRKO.POZEN: Début du Téléchargement de: D:\kerberos.htx\gamez1\Dethkarz\DIRECTX\dsound.vxd
[21:35:41] - [3] MIRKO.POZEN: Début du Téléchargement de: D:\kerberos.htx\gamez1\Dethkarz\DIRECTX\dx6migr.inf
[21:35:41] - [3] MIRKO.POZEN: Fichier envoyé: D:\kerberos.htx\gamez1\Dethkarz\DIRECTX\dx6migr.inf (10,06 K/S -   10 301 bytes)
[21:35:41] - [2] MIRKO.POZEN: Fichier envoyé: D:\kerberos.htx\gamez1\Dethkarz\DIRECTX\dsound.vxd (62,93 K/S -   64 443 bytes)
[21:35:41] - [2] MIRKO.POZEN: Début du Téléchargement de: D:\kerberos.htx\gamez1\Dethkarz\DIRECTX\DXAPI.sys
[21:35:41] - [2] MIRKO.POZEN: Fichier envoyé: D:\kerberos.htx\gamez1\Dethkarz\DIRECTX\DXAPI.sys (2,33 K/S -   2 384 bytes)
[21:35:41] - [3] MIRKO.POZEN: Début du Téléchargement de: D:\kerberos.htx\gamez1\Dethkarz\DIRECTX\dxdiag.cnt
[21:35:41] - [3] MIRKO.POZEN: Fichier envoyé: D:\kerberos.htx\gamez1\Dethkarz\DIRECTX\dxdiag.cnt (0,45 K/S -    461 bytes)
[21:35:42] - [2] MIRKO.POZEN: Début du Téléchargement de: D:\kerberos.htx\gamez1\Dethkarz\DIRECTX\dxdiag.exe
[21:35:42] - [3] MIRKO.POZEN: Début du Téléchargement de: D:\kerberos.htx\gamez1\Dethkarz\DIRECTX\dxdiag.hlp
[21:35:42] - [3] MIRKO.POZEN: Fichier envoyé: D:\kerberos.htx\gamez1\Dethkarz\DIRECTX\dxdiag.hlp (14,94 K/S -   15 301 bytes)
[21:35:42] - [3] MIRKO.POZEN: Début du Téléchargement de: D:\kerberos.htx\gamez1\Dethkarz\DIRECTX\dxinfo.exe
[21:35:43] - [2] MIRKO.POZEN: Fichier envoyé: D:\kerberos.htx\gamez1\Dethkarz\DIRECTX\dxdiag.exe (279,77 K/S -   286 480 bytes)
[21:35:43] - [2] MIRKO.POZEN: Début du Téléchargement de: D:\kerberos.htx\gamez1\Dethkarz\DIRECTX\DXINFO.INI
[21:35:43] - [2] MIRKO.POZEN: Fichier envoyé: D:\kerberos.htx\gamez1\Dethkarz\DIRECTX\DXINFO.INI (0,03 K/S -    35 bytes)
[21:35:43] - [2] MIRKO.POZEN: Début du Téléchargement de: D:\kerberos.htx\gamez1\Dethkarz\DIRECTX\dxmigr.dll
[21:35:43] - [2] MIRKO.POZEN: Fichier envoyé: D:\kerberos.htx\gamez1\Dethkarz\DIRECTX\dxmigr.dll (4,56 K/S -   4 672 bytes)
[21:35:43] - [3] MIRKO.POZEN: Fichier envoyé: D:\kerberos.htx\gamez1\Dethkarz\DIRECTX\dxinfo.exe (151,25 K/S -   309 760 bytes)
[21:35:44] - [3] MIRKO.POZEN: Début du Téléchargement de: D:\kerberos.htx\gamez1\Dethkarz\DIRECTX\dxsetup.exe
[21:35:44] - [2] MIRKO.POZEN: Début du Téléchargement de: D:\kerberos.htx\gamez1\Dethkarz\DIRECTX\dxver.inf
[21:35:44] - [2] MIRKO.POZEN: Fichier envoyé: D:\kerberos.htx\gamez1\Dethkarz\DIRECTX\dxver.inf (0,20 K/S -    208 bytes)
[21:35:44] - [3] MIRKO.POZEN: Fichier envoyé: D:\kerberos.htx\gamez1\Dethkarz\DIRECTX\dxsetup.exe (84,50 K/S -   86 528 bytes)
[21:35:44] - [3] MIRKO.POZEN: Début du Téléchargement de: D:\kerberos.htx\gamez1\Dethkarz\DIRECTX\gcdef.dll
[21:35:44] - [2] MIRKO.POZEN: Début du Téléchargement de: D:\kerberos.htx\gamez1\Dethkarz\DIRECTX\gchand.dll
[21:35:44] - [2] MIRKO.POZEN: Fichier envoyé: D:\kerberos.htx\gamez1\Dethkarz\DIRECTX\gchand.dll (78,50 K/S -   80 384 bytes)
[21:35:45] - [2] MIRKO.POZEN: Début du Téléchargement de: D:\kerberos.htx\gamez1\Dethkarz\DIRECTX\joy.cpl
[21:35:45] - [2] MIRKO.POZEN: Fichier envoyé: D:\kerberos.htx\gamez1\Dethkarz\DIRECTX\joy.cpl (224,50 K/S -   229 888 bytes)
[21:35:45] - [2] MIRKO.POZEN: Début du Téléchargement de: D:\kerberos.htx\gamez1\Dethkarz\DIRECTX\msanalog.vxd
[21:35:45] - [2] MIRKO.POZEN: Fichier envoyé: D:\kerberos.htx\gamez1\Dethkarz\DIRECTX\msanalog.vxd (11,82 K/S -   12 101 bytes)
[21:35:45] - [2] MIRKO.POZEN: Répertoire en Cours: D:\kerberos.htx\gamez1\Dethkarz\Device Libraries\
[21:35:45] - [3] MIRKO.POZEN: Fichier envoyé: D:\kerberos.htx\gamez1\Dethkarz\DIRECTX\gcdef.dll (275,50 K/S -   564 224 bytes)
[21:35:46] - [3] MIRKO.POZEN: Répertoire en Cours: D:\kerberos.htx\gamez1\Dethkarz\Device Libraries\
[21:35:46] - [2] MIRKO.POZEN: Début du Téléchargement de: D:\kerberos.htx\gamez1\Dethkarz\Device Libraries\Vertigo 3Dfx (Glide 2).dll
[21:35:46] - [3] MIRKO.POZEN: Début du Téléchargement de: D:\kerberos.htx\gamez1\Dethkarz\Device Libraries\Vertigo Direct3D.dll
[21:35:46] - [2] MIRKO.POZEN: Fichier envoyé: D:\kerberos.htx\gamez1\Dethkarz\Device Libraries\Vertigo 3Dfx (Glide 2).dll (76,00 K/S -   77 824 bytes)
[21:35:46] - [2] MIRKO.POZEN: Début du Téléchargement de: D:\kerberos.htx\gamez1\Dethkarz\Device Libraries\Vertigo Software (555).dll
[21:35:46] - [3] MIRKO.POZEN: Fichier envoyé: D:\kerberos.htx\gamez1\Dethkarz\Device Libraries\Vertigo Direct3D.dll (124,00 K/S -   126 976 bytes)
[21:35:46] - [3] MIRKO.POZEN: Début du Téléchargement de: D:\kerberos.htx\gamez1\Dethkarz\Device Libraries\Vertigo Software (565).dll
[21:35:47] - [2] MIRKO.POZEN: Fichier envoyé: D:\kerberos.htx\gamez1\Dethkarz\Device Libraries\Vertigo Software (555).dll (156,10 K/S -   159 849 bytes)
[21:35:47] - [2] MIRKO.POZEN: Répertoire en Cours: D:\kerberos.htx\gamez1\Dethkarz\Data\
[21:35:47] - [3] MIRKO.POZEN: Fichier envoyé: D:\kerberos.htx\gamez1\Dethkarz\Device Libraries\Vertigo Software (565).dll (156,10 K/S -   159 849 bytes)
[21:35:47] - [3] MIRKO.POZEN: Répertoire en Cours: D:\kerberos.htx\gamez1\Dethkarz\Data\
[21:35:47] - [2] MIRKO.POZEN: Début du Téléchargement de: D:\kerberos.htx\gamez1\Dethkarz\Data\Dethkarz.dkz
[21:35:47] - [3] MIRKO.POZEN: Début du Téléchargement de: D:\kerberos.htx\gamez1\Dethkarz\Data\dk.db
[21:35:49] - [3] MIRKO.POZEN: Fichier envoyé: D:\kerberos.htx\gamez1\Dethkarz\Data\dk.db (481,59 K/S -   986 292 bytes)
[21:35:49] - [3] MIRKO.POZEN: Début du Téléchargement de: D:\kerberos.htx\gamez1\Dethkarz\Data\pleaseWait.bmp
[21:35:51] - [3] MIRKO.POZEN: Fichier envoyé: D:\kerberos.htx\gamez1\Dethkarz\Data\pleaseWait.bmp (450,03 K/S -   921 654 bytes)
[21:35:51] - [3] MIRKO.POZEN: Début du Téléchargement de: D:\kerberos.htx\gamez1\Dethkarz\Data\pleaseWait8.bmp
[21:35:52] - [3] MIRKO.POZEN: Fichier envoyé: D:\kerberos.htx\gamez1\Dethkarz\Data\pleaseWait8.bmp (301,05 K/S -   308 278 bytes)
[21:35:52] - [3] MIRKO.POZEN: Début du Téléchargement de: D:\kerberos.htx\gamez1\Dethkarz\Data\pspbrwse.jbf
[21:35:52] - [3] MIRKO.POZEN: Fichier envoyé: D:\kerberos.htx\gamez1\Dethkarz\Data\pspbrwse.jbf (17,79 K/S -   18 219 bytes)
[21:35:52] - [3] MIRKO.POZEN: Début du Téléchargement de: D:\kerberos.htx\gamez1\Dethkarz\Data\savegame0.dks
[21:35:52] - [3] MIRKO.POZEN: Fichier envoyé: D:\kerberos.htx\gamez1\Dethkarz\Data\savegame0.dks (25,04 K/S -   25 640 bytes)
[21:35:52] - [3] MIRKO.POZEN: Début du Téléchargement de: D:\kerberos.htx\gamez1\Dethkarz\Data\savegame1.dks
[21:35:52] - [3] MIRKO.POZEN: Fichier envoyé: D:\kerberos.htx\gamez1\Dethkarz\Data\savegame1.dks (25,04 K/S -   25 640 bytes)
[21:35:52] - [3] MIRKO.POZEN: Début du Téléchargement de: D:\kerberos.htx\gamez1\Dethkarz\Data\savegame2.dks
[21:35:53] - [3] MIRKO.POZEN: Fichier envoyé: D:\kerberos.htx\gamez1\Dethkarz\Data\savegame2.dks (25,04 K/S -   25 640 bytes)
[21:35:53] - [3] MIRKO.POZEN: Début du Téléchargement de: D:\kerberos.htx\gamez1\Dethkarz\Data\savegame3.dks
[21:35:53] - [3] MIRKO.POZEN: Fichier envoyé: D:\kerberos.htx\gamez1\Dethkarz\Data\savegame3.dks (25,04 K/S -   25 640 bytes)
[21:35:53] - [3] MIRKO.POZEN: Début du Téléchargement de: D:\kerberos.htx\gamez1\Dethkarz\Data\savegame4.dks
[21:35:53] - [3] MIRKO.POZEN: Fichier envoyé: D:\kerberos.htx\gamez1\Dethkarz\Data\savegame4.dks (25,04 K/S -   25 640 bytes)
[21:35:53] - [3] MIRKO.POZEN: Répertoire en Cours: D:\kerberos.htx\gamez1\Dethkarz\Data\Sounds\
[21:35:53] - [3] MIRKO.POZEN: Début du Téléchargement de: D:\kerberos.htx\gamez1\Dethkarz\Data\Sounds\DK_SND11.SLV
[21:35:59] - [3] MIRKO.POZEN: Fichier envoyé: D:\kerberos.htx\gamez1\Dethkarz\Data\Sounds\DK_SND11.SLV (463,02 K/S -  2 370 686 bytes)
[21:35:59] - [3] MIRKO.POZEN: Début du Téléchargement de: D:\kerberos.htx\gamez1\Dethkarz\Data\Sounds\DK_SOUND.SLV
[21:36:11] - [3] MIRKO.POZEN: Fichier envoyé: D:\kerberos.htx\gamez1\Dethkarz\Data\Sounds\DK_SOUND.SLV (385,00 K/S -  4 730 908 bytes)
[21:36:11] - [3] MIRKO.POZEN: Répertoire en Cours: D:\kerberos.htx\gamez1\Dethkarz\Data\Replays\
[21:36:11] - [3] MIRKO.POZEN: Début du Téléchargement de: D:\kerberos.htx\gamez1\Dethkarz\Data\Replays\Attract_GrandKeys_Long.Joy.30
[21:36:12] - [3] MIRKO.POZEN: Fichier envoyé: D:\kerberos.htx\gamez1\Dethkarz\Data\Replays\Attract_GrandKeys_Long.Joy.30 (113,80 K/S -   116 530 bytes)
[21:36:12] - [3] MIRKO.POZEN: Début du Téléchargement de: D:\kerberos.htx\gamez1\Dethkarz\Data\Replays\Attract_GrandKeys_Long.Joy.60
[21:36:13] - [3] MIRKO.POZEN: Fichier envoyé: D:\kerberos.htx\gamez1\Dethkarz\Data\Replays\Attract_GrandKeys_Long.Joy.60 (172,19 K/S -   176 322 bytes)
[21:36:13] - [3] MIRKO.POZEN: Début du Téléchargement de: D:\kerberos.htx\gamez1\Dethkarz\Data\Replays\Attract_GrandKeys_Long.Joy.db.30
[21:36:15] - [3] MIRKO.POZEN: Fichier envoyé: D:\kerberos.htx\gamez1\Dethkarz\Data\Replays\Attract_GrandKeys_Long.Joy.db.30 (516,22 K/S -  1 057 228 bytes)
[21:36:15] - [3] MIRKO.POZEN: Début du Téléchargement de: D:\kerberos.htx\gamez1\Dethkarz\Data\Replays\Attract_GrandKeys_Long.Joy.db.60
[21:36:21] - [3] MIRKO.POZEN: Fichier envoyé: D:\kerberos.htx\gamez1\Dethkarz\Data\Replays\Attract_GrandKeys_Long.Joy.db.60 (172,07 K/S -  1 057 228 bytes)
[21:36:21] - [3] MIRKO.POZEN: Début du Téléchargement de: D:\kerberos.htx\gamez1\Dethkarz\Data\Replays\Attract_MetroCity_Long.Joy.30
[21:36:22] - [3] MIRKO.POZEN: Fichier envoyé: D:\kerberos.htx\gamez1\Dethkarz\Data\Replays\Attract_MetroCity_Long.Joy.30 (110,17 K/S -   112 818 bytes)
[21:36:22] - [3] MIRKO.POZEN: Début du Téléchargement de: D:\kerberos.htx\gamez1\Dethkarz\Data\Replays\Attract_MetroCity_Long.Joy.60
[21:36:23] - [3] MIRKO.POZEN: Fichier envoyé: D:\kerberos.htx\gamez1\Dethkarz\Data\Replays\Attract_MetroCity_Long.Joy.60 (175,13 K/S -   179 330 bytes)
[21:36:23] - [3] MIRKO.POZEN: Début du Téléchargement de: D:\kerberos.htx\gamez1\Dethkarz\Data\Replays\Attract_MetroCity_Long.Joy.db.30
[21:36:26] - [3] MIRKO.POZEN: Fichier envoyé: D:\kerberos.htx\gamez1\Dethkarz\Data\Replays\Attract_MetroCity_Long.Joy.db.30 (344,15 K/S -  1 057 228 bytes)
[21:36:27] - [3] MIRKO.POZEN: Début du Téléchargement de: D:\kerberos.htx\gamez1\Dethkarz\Data\Replays\Attract_MetroCity_Long.Joy.db.60
[21:36:29] - [3] MIRKO.POZEN: Fichier envoyé: D:\kerberos.htx\gamez1\Dethkarz\Data\Replays\Attract_MetroCity_Long.Joy.db.60 (516,22 K/S -  1 057 228 bytes)
[21:36:29] - [3] MIRKO.POZEN: Début du Téléchargement de: D:\kerberos.htx\gamez1\Dethkarz\Data\Replays\Attract_RedPlanet_Long.Joy.30
[21:36:29] - [3] MIRKO.POZEN: Fichier envoyé: D:\kerberos.htx\gamez1\Dethkarz\Data\Replays\Attract_RedPlanet_Long.Joy.30 (108,49 K/S -   111 090 bytes)
[21:36:29] - [3] MIRKO.POZEN: Début du Téléchargement de: D:\kerberos.htx\gamez1\Dethkarz\Data\Replays\Attract_RedPlanet_Long.Joy.60
[21:36:30] - [3] MIRKO.POZEN: Fichier envoyé: D:\kerberos.htx\gamez1\Dethkarz\Data\Replays\Attract_RedPlanet_Long.Joy.60 (182,42 K/S -   186 802 bytes)
[21:36:30] - [3] MIRKO.POZEN: Début du Téléchargement de: D:\kerberos.htx\gamez1\Dethkarz\Data\Replays\Attract_RedPlanet_Long.Joy.db.30
[21:36:32] - [3] MIRKO.POZEN: Fichier envoyé: D:\kerberos.htx\gamez1\Dethkarz\Data\Replays\Attract_RedPlanet_Long.Joy.db.30 (516,22 K/S -  1 057 228 bytes)
[21:36:32] - [3] MIRKO.POZEN: Début du Téléchargement de: D:\kerberos.htx\gamez1\Dethkarz\Data\Replays\Attract_RedPlanet_Long.Joy.db.60
[21:36:34] - [3] MIRKO.POZEN: Fichier envoyé: D:\kerberos.htx\gamez1\Dethkarz\Data\Replays\Attract_RedPlanet_Long.Joy.db.60 (516,22 K/S -  1 057 228 bytes)
[21:36:34] - [3] MIRKO.POZEN: Début du Téléchargement de: D:\kerberos.htx\gamez1\Dethkarz\Data\Replays\Attract_ThePole_Long.Joy.30
[21:36:34] - [3] MIRKO.POZEN: Fichier envoyé: D:\kerberos.htx\gamez1\Dethkarz\Data\Replays\Attract_ThePole_Long.Joy.30 (110,92 K/S -   113 586 bytes)
[21:36:34] - [3] MIRKO.POZEN: Début du Téléchargement de: D:\kerberos.htx\gamez1\Dethkarz\Data\Replays\Attract_ThePole_Long.Joy.60
[21:36:34] - [3] MIRKO.POZEN: Fichier envoyé: D:\kerberos.htx\gamez1\Dethkarz\Data\Replays\Attract_ThePole_Long.Joy.60 (185,69 K/S -   190 146 bytes)
[21:36:34] - [3] MIRKO.POZEN: Début du Téléchargement de: D:\kerberos.htx\gamez1\Dethkarz\Data\Replays\Attract_ThePole_Long.Joy.db.30
[21:36:36] - [3] MIRKO.POZEN: Fichier envoyé: D:\kerberos.htx\gamez1\Dethkarz\Data\Replays\Attract_ThePole_Long.Joy.db.30 (516,22 K/S -  1 057 228 bytes)
[21:36:37] - [3] MIRKO.POZEN: Début du Téléchargement de: D:\kerberos.htx\gamez1\Dethkarz\Data\Replays\Attract_ThePole_Long.Joy.db.60
[21:36:39] - [3] MIRKO.POZEN: Fichier envoyé: D:\kerberos.htx\gamez1\Dethkarz\Data\Replays\Attract_ThePole_Long.Joy.db.60 (516,22 K/S -  1 057 228 bytes)
[21:36:39] - [3] MIRKO.POZEN: Début du Téléchargement de: D:\kerberos.htx\gamez1\Dethkarz\Data\Replays\DK_GrandKeys_Long.Joy.30
[21:36:39] - [3] MIRKO.POZEN: Fichier envoyé: D:\kerberos.htx\gamez1\Dethkarz\Data\Replays\DK_GrandKeys_Long.Joy.30 (45,74 K/S -   46 834 bytes)
[21:36:39] - [3] MIRKO.POZEN: Début du Téléchargement de: D:\kerberos.htx\gamez1\Dethkarz\Data\Replays\DK_GrandKeys_Long.Joy.60
[21:36:39] - [3] MIRKO.POZEN: Fichier envoyé: D:\kerberos.htx\gamez1\Dethkarz\Data\Replays\DK_GrandKeys_Long.Joy.60 (45,74 K/S -   46 834 bytes)
[21:36:39] - [3] MIRKO.POZEN: Début du Téléchargement de: D:\kerberos.htx\gamez1\Dethkarz\Data\Replays\DK_GrandKeys_Medium.Joy.30
[21:36:39] - [3] MIRKO.POZEN: Fichier envoyé: D:\kerberos.htx\gamez1\Dethkarz\Data\Replays\DK_GrandKeys_Medium.Joy.30 (45,74 K/S -   46 834 bytes)
[21:36:40] - [3] MIRKO.POZEN: Début du Téléchargement de: D:\kerberos.htx\gamez1\Dethkarz\Data\Replays\DK_GrandKeys_Medium.Joy.60
[21:36:40] - [3] MIRKO.POZEN: Fichier envoyé: D:\kerberos.htx\gamez1\Dethkarz\Data\Replays\DK_GrandKeys_Medium.Joy.60 (45,74 K/S -   46 834 bytes)
[21:36:40] - [3] MIRKO.POZEN: Début du Téléchargement de: D:\kerberos.htx\gamez1\Dethkarz\Data\Replays\DK_GrandKeys_Short.Joy.30
[21:36:40] - [3] MIRKO.POZEN: Fichier envoyé: D:\kerberos.htx\gamez1\Dethkarz\Data\Replays\DK_GrandKeys_Short.Joy.30 (45,74 K/S -   46 834 bytes)
[21:36:40] - [3] MIRKO.POZEN: Début du Téléchargement de: D:\kerberos.htx\gamez1\Dethkarz\Data\Replays\DK_GrandKeys_Short.Joy.60
[21:36:40] - [3] MIRKO.POZEN: Fichier envoyé: D:\kerberos.htx\gamez1\Dethkarz\Data\Replays\DK_GrandKeys_Short.Joy.60 (45,74 K/S -   46 834 bytes)
[21:36:40] - [3] MIRKO.POZEN: Début du Téléchargement de: D:\kerberos.htx\gamez1\Dethkarz\Data\Replays\DK_MetroCity_Long.Joy.30
[21:36:41] - [3] MIRKO.POZEN: Fichier envoyé: D:\kerberos.htx\gamez1\Dethkarz\Data\Replays\DK_MetroCity_Long.Joy.30 (45,74 K/S -   46 834 bytes)
[21:36:41] - [3] MIRKO.POZEN: Début du Téléchargement de: D:\kerberos.htx\gamez1\Dethkarz\Data\Replays\DK_MetroCity_Long.Joy.60
[21:36:41] - [3] MIRKO.POZEN: Fichier envoyé: D:\kerberos.htx\gamez1\Dethkarz\Data\Replays\DK_MetroCity_Long.Joy.60 (45,74 K/S -   46 834 bytes)
[21:36:41] - [3] MIRKO.POZEN: Début du Téléchargement de: D:\kerberos.htx\gamez1\Dethkarz\Data\Replays\DK_MetroCity_Medium.Joy.30
[21:36:41] - [3] MIRKO.POZEN: Fichier envoyé: D:\kerberos.htx\gamez1\Dethkarz\Data\Replays\DK_MetroCity_Medium.Joy.30 (45,74 K/S -   46 834 bytes)
[21:36:41] - [3] MIRKO.POZEN: Début du Téléchargement de: D:\kerberos.htx\gamez1\Dethkarz\Data\Replays\DK_MetroCity_Medium.Joy.60
[21:36:41] - [3] MIRKO.POZEN: Fichier envoyé: D:\kerberos.htx\gamez1\Dethkarz\Data\Replays\DK_MetroCity_Medium.Joy.60 (45,74 K/S -   46 834 bytes)
[21:36:41] - [3] MIRKO.POZEN: Début du Téléchargement de: D:\kerberos.htx\gamez1\Dethkarz\Data\Replays\DK_MetroCity_Short.Joy.30
[21:36:42] - [3] MIRKO.POZEN: Fichier envoyé: D:\kerberos.htx\gamez1\Dethkarz\Data\Replays\DK_MetroCity_Short.Joy.30 (44,00 K/S -   45 056 bytes)
[21:36:42] - [3] MIRKO.POZEN: Début du Téléchargement de: D:\kerberos.htx\gamez1\Dethkarz\Data\Replays\DK_MetroCity_Short.Joy.60
[21:36:42] - [3] MIRKO.POZEN: Fichier envoyé: D:\kerberos.htx\gamez1\Dethkarz\Data\Replays\DK_MetroCity_Short.Joy.60 (45,74 K/S -   46 834 bytes)
[21:36:42] - [3] MIRKO.POZEN: Début du Téléchargement de: D:\kerberos.htx\gamez1\Dethkarz\Data\Replays\DK_RedPlanet_Long.Joy.30
[21:36:42] - [3] MIRKO.POZEN: Fichier envoyé: D:\kerberos.htx\gamez1\Dethkarz\Data\Replays\DK_RedPlanet_Long.Joy.30 (45,74 K/S -   46 834 bytes)
[21:36:42] - [3] MIRKO.POZEN: Début du Téléchargement de: D:\kerberos.htx\gamez1\Dethkarz\Data\Replays\DK_RedPlanet_Long.Joy.60
[21:36:42] - [3] MIRKO.POZEN: Fichier envoyé: D:\kerberos.htx\gamez1\Dethkarz\Data\Replays\DK_RedPlanet_Long.Joy.60 (45,74 K/S -   46 834 bytes)
[21:36:42] - [3] MIRKO.POZEN: Début du Téléchargement de: D:\kerberos.htx\gamez1\Dethkarz\Data\Replays\DK_RedPlanet_Medium.Joy.30
[21:36:43] - [3] MIRKO.POZEN: Fichier envoyé: D:\kerberos.htx\gamez1\Dethkarz\Data\Replays\DK_RedPlanet_Medium.Joy.30 (45,74 K/S -   46 834 bytes)
[21:36:43] - [3] MIRKO.POZEN: Début du Téléchargement de: D:\kerberos.htx\gamez1\Dethkarz\Data\Replays\DK_RedPlanet_Medium.Joy.60
[21:36:43] - [3] MIRKO.POZEN: Fichier envoyé: D:\kerberos.htx\gamez1\Dethkarz\Data\Replays\DK_RedPlanet_Medium.Joy.60 (45,74 K/S -   46 834 bytes)
[21:36:43] - [3] MIRKO.POZEN: Début du Téléchargement de: D:\kerberos.htx\gamez1\Dethkarz\Data\Replays\DK_RedPlanet_Short.Joy.30
[21:36:43] - [3] MIRKO.POZEN: Fichier envoyé: D:\kerberos.htx\gamez1\Dethkarz\Data\Replays\DK_RedPlanet_Short.Joy.30 (44,00 K/S -   45 056 bytes)
[21:36:43] - [3] MIRKO.POZEN: Début du Téléchargement de: D:\kerberos.htx\gamez1\Dethkarz\Data\Replays\DK_RedPlanet_Short.Joy.60
[21:36:43] - [3] MIRKO.POZEN: Fichier envoyé: D:\kerberos.htx\gamez1\Dethkarz\Data\Replays\DK_RedPlanet_Short.Joy.60 (45,74 K/S -   46 834 bytes)
[21:36:44] - [3] MIRKO.POZEN: Début du Téléchargement de: D:\kerberos.htx\gamez1\Dethkarz\Data\Replays\DK_ThePole_Long.Joy.30
[21:36:44] - [3] MIRKO.POZEN: Fichier envoyé: D:\kerberos.htx\gamez1\Dethkarz\Data\Replays\DK_ThePole_Long.Joy.30 (45,74 K/S -   46 834 bytes)
[21:36:44] - [3] MIRKO.POZEN: Début du Téléchargement de: D:\kerberos.htx\gamez1\Dethkarz\Data\Replays\DK_ThePole_Long.Joy.60
[21:36:44] - [3] MIRKO.POZEN: Fichier envoyé: D:\kerberos.htx\gamez1\Dethkarz\Data\Replays\DK_ThePole_Long.Joy.60 (45,74 K/S -   46 834 bytes)
[21:36:44] - [3] MIRKO.POZEN: Début du Téléchargement de: D:\kerberos.htx\gamez1\Dethkarz\Data\Replays\DK_ThePole_Medium.Joy.30
[21:36:44] - [3] MIRKO.POZEN: Fichier envoyé: D:\kerberos.htx\gamez1\Dethkarz\Data\Replays\DK_ThePole_Medium.Joy.30 (45,74 K/S -   46 834 bytes)
[21:36:44] - [3] MIRKO.POZEN: Début du Téléchargement de: D:\kerberos.htx\gamez1\Dethkarz\Data\Replays\DK_ThePole_Medium.Joy.60
[21:36:44] - [3] MIRKO.POZEN: Fichier envoyé: D:\kerberos.htx\gamez1\Dethkarz\Data\Replays\DK_ThePole_Medium.Joy.60 (45,74 K/S -   46 834 bytes)
[21:36:45] - [3] MIRKO.POZEN: Début du Téléchargement de: D:\kerberos.htx\gamez1\Dethkarz\Data\Replays\DK_ThePole_Short.Joy.30
[21:36:45] - [3] MIRKO.POZEN: Fichier envoyé: D:\kerberos.htx\gamez1\Dethkarz\Data\Replays\DK_ThePole_Short.Joy.30 (44,00 K/S -   45 056 bytes)
[21:36:45] - [3] MIRKO.POZEN: Début du Téléchargement de: D:\kerberos.htx\gamez1\Dethkarz\Data\Replays\DK_ThePole_Short.Joy.60
[21:36:45] - [3] MIRKO.POZEN: Fichier envoyé: D:\kerberos.htx\gamez1\Dethkarz\Data\Replays\DK_ThePole_Short.Joy.60 (45,74 K/S -   46 834 bytes)
[21:36:45] - [3] MIRKO.POZEN: Répertoire en Cours: D:\kerberos.htx\gamez1\Dethkarz\Data\Ghosts\
[21:36:45] - [3] MIRKO.POZEN: Début du Téléchargement de: D:\kerberos.htx\gamez1\Dethkarz\Data\Ghosts\Local_GrandKeys_Long.ghost
[21:36:45] - [3] MIRKO.POZEN: Fichier envoyé: D:\kerberos.htx\gamez1\Dethkarz\Data\Ghosts\Local_GrandKeys_Long.ghost (78,82 K/S -   80 708 bytes)
[21:36:45] - [3] MIRKO.POZEN: Début du Téléchargement de: D:\kerberos.htx\gamez1\Dethkarz\Data\Ghosts\Local_GrandKeys_Medium.ghost
[21:36:46] - [3] MIRKO.POZEN: Fichier envoyé: D:\kerberos.htx\gamez1\Dethkarz\Data\Ghosts\Local_GrandKeys_Medium.ghost (46,41 K/S -   47 528 bytes)
[21:36:46] - [3] MIRKO.POZEN: Début du Téléchargement de: D:\kerberos.htx\gamez1\Dethkarz\Data\Ghosts\Local_GrandKeys_Short.ghost
[21:36:46] - [3] MIRKO.POZEN: Fichier envoyé: D:\kerberos.htx\gamez1\Dethkarz\Data\Ghosts\Local_GrandKeys_Short.ghost (43,35 K/S -   44 392 bytes)
[21:36:46] - [3] MIRKO.POZEN: Début du Téléchargement de: D:\kerberos.htx\gamez1\Dethkarz\Data\Ghosts\Local_MetroCity_Long.ghost
[21:36:46] - [3] MIRKO.POZEN: Fichier envoyé: D:\kerberos.htx\gamez1\Dethkarz\Data\Ghosts\Local_MetroCity_Long.ghost (55,82 K/S -   57 160 bytes)
[21:36:46] - [3] MIRKO.POZEN: Début du Téléchargement de: D:\kerberos.htx\gamez1\Dethkarz\Data\Ghosts\Local_MetroCity_Medium.ghost
[21:36:46] - [3] MIRKO.POZEN: Fichier envoyé: D:\kerberos.htx\gamez1\Dethkarz\Data\Ghosts\Local_MetroCity_Medium.ghost (45,65 K/S -   46 744 bytes)
[21:36:47] - [3] MIRKO.POZEN: Début du Téléchargement de: D:\kerberos.htx\gamez1\Dethkarz\Data\Ghosts\Local_MetroCity_Short.ghost
[21:36:47] - [3] MIRKO.POZEN: Fichier envoyé: D:\kerberos.htx\gamez1\Dethkarz\Data\Ghosts\Local_MetroCity_Short.ghost (28,01 K/S -   28 684 bytes)
[21:36:47] - [3] MIRKO.POZEN: Début du Téléchargement de: D:\kerberos.htx\gamez1\Dethkarz\Data\Ghosts\Local_RedPlanet_Long.ghost
[21:36:47] - [3] MIRKO.POZEN: Fichier envoyé: D:\kerberos.htx\gamez1\Dethkarz\Data\Ghosts\Local_RedPlanet_Long.ghost (125,08 K/S -   128 084 bytes)
[21:36:47] - [3] MIRKO.POZEN: Début du Téléchargement de: D:\kerberos.htx\gamez1\Dethkarz\Data\Ghosts\Local_RedPlanet_Medium.ghost
[21:36:47] - [3] MIRKO.POZEN: Fichier envoyé: D:\kerberos.htx\gamez1\Dethkarz\Data\Ghosts\Local_RedPlanet_Medium.ghost (102,33 K/S -   104 788 bytes)
[21:36:48] - [3] MIRKO.POZEN: Début du Téléchargement de: D:\kerberos.htx\gamez1\Dethkarz\Data\Ghosts\Local_RedPlanet_Short.ghost
[21:36:48] - [3] MIRKO.POZEN: Fichier envoyé: D:\kerberos.htx\gamez1\Dethkarz\Data\Ghosts\Local_RedPlanet_Short.ghost (66,38 K/S -   67 968 bytes)
[21:36:48] - [3] MIRKO.POZEN: Début du Téléchargement de: D:\kerberos.htx\gamez1\Dethkarz\Data\Ghosts\Local_ThePole_Long.ghost
[21:36:48] - [3] MIRKO.POZEN: Fichier envoyé: D:\kerberos.htx\gamez1\Dethkarz\Data\Ghosts\Local_ThePole_Long.ghost (70,72 K/S -   72 420 bytes)
[21:36:48] - [3] MIRKO.POZEN: Début du Téléchargement de: D:\kerberos.htx\gamez1\Dethkarz\Data\Ghosts\Local_ThePole_Medium.ghost
[21:36:48] - [3] MIRKO.POZEN: Fichier envoyé: D:\kerberos.htx\gamez1\Dethkarz\Data\Ghosts\Local_ThePole_Medium.ghost (43,84 K/S -   44 896 bytes)
[21:36:48] - [3] MIRKO.POZEN: Début du Téléchargement de: D:\kerberos.htx\gamez1\Dethkarz\Data\Ghosts\Local_ThePole_Short.ghost
[21:36:48] - [3] MIRKO.POZEN: Fichier envoyé: D:\kerberos.htx\gamez1\Dethkarz\Data\Ghosts\Local_ThePole_Short.ghost (26,75 K/S -   27 396 bytes)
[21:36:49] - [3] MIRKO.POZEN: Répertoire en Cours: D:\kerberos.htx\gamez1\Dethkarz\Data\FMV\
[21:36:49] - [3] MIRKO.POZEN: Début du Téléchargement de: D:\kerberos.htx\gamez1\Dethkarz\Data\FMV\dk_intro.vbc
[21:37:37] - [3] MIRKO.POZEN: Fichier envoyé: D:\kerberos.htx\gamez1\Dethkarz\Data\FMV\dk_intro.vbc (402,61 K/S -  19 789 131 bytes)
[21:37:37] - [3] MIRKO.POZEN: Début du Téléchargement de: D:\kerberos.htx\gamez1\Dethkarz\Data\FMV\mh_logo.vbc
[21:37:52] - [3] MIRKO.POZEN: Fichier envoyé: D:\kerberos.htx\gamez1\Dethkarz\Data\FMV\mh_logo.vbc (431,85 K/S -  6 633 223 bytes)
[21:37:52] - [3] MIRKO.POZEN: Début du Téléchargement de: D:\kerberos.htx\gamez1\Dethkarz\Data\FMV\robot.vbc
[21:37:54] - [3] MIRKO.POZEN: Fichier envoyé: D:\kerberos.htx\gamez1\Dethkarz\Data\FMV\robot.vbc (353,59 K/S -  1 086 216 bytes)
[21:38:26] - [3] Client 192.168.0.1 Déconnecté (00:04:56 Min)
[21:38:56] - [2] MIRKO.POZEN: Fichier envoyé: D:\kerberos.htx\gamez1\Dethkarz\Data\Dethkarz.dkz (497,12 K/S -  96 211 583 bytes)
[21:39:13] - [2] Client 192.168.0.1 Déconnecté (00:05:43 Min)
[21:39:13] - [1] Client 192.168.0.1 Déconnecté (00:06:23 Min)
