[00:26:11] - [12] Connecté à 162.243.128.189. Collecte du Nom d'utilisateur.
[00:26:11] - [12] Client 162.243.128.189 Déconnecté (00:00:00 Min)
[00:30:03] - [13] Connecté à 162.243.128.189. Collecte du Nom d'utilisateur.
[00:30:12] - [13] Client 162.243.128.189 Déconnecté (00:00:09 Min)
[12:47:33] - Serveur Démarré
[12:47:34] - FTP Port: 21
[12:57:40] - [1] Connecté à 192.168.0.1. Collecte du Nom d'utilisateur.
[12:57:40] - [1] Usager MIRKO.POZEN Connecté IP: 192.168.0.1
[12:57:40] - [1] MIRKO.POZEN: Répertoire en Cours: E:\kerberos.htx\
[12:57:40] - [1] MIRKO.POZEN: Répertoire en Cours: E:\kerberos.htx\
[12:58:49] - [2] Connecté à 192.168.0.1. Collecte du Nom d'utilisateur.
[12:58:49] - [2] Usager MIRKO.POZEN Connecté IP: 192.168.0.1
[12:58:49] - [2] MIRKO.POZEN: Répertoire en Cours: E:\kerberos.htx\
[12:58:49] - [2] MIRKO.POZEN: Répertoire en Cours: E:\kerberos.htx\
[12:58:49] - [2] MIRKO.POZEN: Début d'Upload de E:\kerberos.htx\identifiants.csv
[12:58:49] - [2] MIRKO.POZEN: Fichier Upload: E:\kerberos.htx\identifiants.csv (6,73 K/S -   6 890 bytes)
[12:59:20] - [2] Client 192.168.0.1 Déconnecté (00:00:31 Min)
[13:35:29] - [3] Connecté à 192.168.0.1. Collecte du Nom d'utilisateur.
[13:35:29] - [3] Usager MIRKO.POZEN Connecté IP: 192.168.0.1
[13:35:29] - [3] MIRKO.POZEN: Répertoire en Cours: E:\kerberos.htx\
[13:35:29] - [3] MIRKO.POZEN: Répertoire en Cours: E:\kerberos.htx\
[13:35:59] - [3] Client 192.168.0.1 Déconnecté (00:00:29 Min)
[13:42:01] - [4] Connecté à 192.168.0.1. Collecte du Nom d'utilisateur.
[13:42:01] - [4] Usager MIRKO.POZEN Connecté IP: 192.168.0.1
[13:42:01] - [4] MIRKO.POZEN: Répertoire en Cours: E:\kerberos.htx\
[13:42:01] - [4] MIRKO.POZEN: Répertoire en Cours: E:\kerberos.htx\
[13:43:31] - [4] MIRKO.POZEN: Répertoire en Cours: E:\kerberos.htx\
[13:44:51] - [4] MIRKO.POZEN: Répertoire en Cours: E:\kerberos.htx\
[13:44:51] - [4] MIRKO.POZEN: Nouveau Répertoire: E:\kerberos.htx\util wk10
[13:44:51] - [4] MIRKO.POZEN: Répertoire en Cours: E:\kerberos.htx\
[13:44:51] - [4] MIRKO.POZEN: Nouveau Répertoire: E:\kerberos.htx\util wk10
[13:44:52] - [5] Connecté à 192.168.0.1. Collecte du Nom d'utilisateur.
[13:44:52] - [6] Connecté à 192.168.0.1. Collecte du Nom d'utilisateur.
[13:44:53] - [5] Usager MIRKO.POZEN Connecté IP: 192.168.0.1
[13:44:53] - [5] MIRKO.POZEN: Répertoire en Cours: E:\kerberos.htx\
[13:44:53] - [6] Usager MIRKO.POZEN Connecté IP: 192.168.0.1
[13:44:53] - [6] MIRKO.POZEN: Répertoire en Cours: E:\kerberos.htx\
[13:44:53] - [5] MIRKO.POZEN: Répertoire en Cours: E:\kerberos.htx\util wk10\
[13:44:53] - [6] MIRKO.POZEN: Répertoire en Cours: E:\kerberos.htx\util wk10\
[13:44:53] - [5] MIRKO.POZEN: Début d'Upload de E:\kerberos.htx\util wk10\ClassicShellSetup_4_3_1-fr.exe
[13:44:53] - [6] MIRKO.POZEN: Début d'Upload de E:\kerberos.htx\util wk10\DoNotSpy10-5.2.0.0-Setup.exe
[13:44:58] - [6] MIRKO.POZEN: Fichier Upload: E:\kerberos.htx\util wk10\DoNotSpy10-5.2.0.0-Setup.exe (978,08 K/S -  5 007 780 bytes)
[13:44:59] - [6] MIRKO.POZEN: Début d'Upload de E:\kerberos.htx\util wk10\OOAPB.exe
[13:45:01] - [6] MIRKO.POZEN: Fichier Upload: E:\kerberos.htx\util wk10\OOAPB.exe (363,26 K/S -  1 115 936 bytes)
[13:45:01] - [6] MIRKO.POZEN: Début d'Upload de E:\kerberos.htx\util wk10\OOAPB.ini
[13:45:01] - [6] MIRKO.POZEN: Fichier Upload: E:\kerberos.htx\util wk10\OOAPB.ini (0,88 K/S -    897 bytes)
[13:45:01] - [6] MIRKO.POZEN: Début d'Upload de E:\kerberos.htx\util wk10\windows-10-utilitaire-de-mise-a-jour_mai-2020_fr_431147.exe
[13:45:05] - [5] MIRKO.POZEN: Fichier Upload: E:\kerberos.htx\util wk10\ClassicShellSetup_4_3_1-fr.exe (673,49 K/S -  7 586 152 bytes)
[13:45:09] - [6] MIRKO.POZEN: Fichier Upload: E:\kerberos.htx\util wk10\windows-10-utilitaire-de-mise-a-jour_mai-2020_fr_431147.exe (764,23 K/S -  6 260 552 bytes)
[13:45:35] - [5] Client 192.168.0.1 Déconnecté (00:00:42 Min)
[13:45:40] - [6] Client 192.168.0.1 Déconnecté (00:00:47 Min)
[13:45:59] - [4] MIRKO.POZEN: Répertoire en Cours: E:\kerberos.htx\rar\
[13:46:28] - [7] Connecté à 192.168.0.1. Collecte du Nom d'utilisateur.
[13:46:28] - [7] Usager MIRKO.POZEN Connecté IP: 192.168.0.1
[13:46:28] - [7] MIRKO.POZEN: Répertoire en Cours: E:\kerberos.htx\
[13:46:28] - [7] MIRKO.POZEN: Répertoire en Cours: E:\kerberos.htx\rar\
[13:46:28] - [7] MIRKO.POZEN: Début du Téléchargement de: E:\kerberos.htx\rar\paint shop pro 8 relase.rar
[13:52:32] - [7] MIRKO.POZEN: Fichier envoyé: E:\kerberos.htx\rar\paint shop pro 8 relase.rar (668,68 K/S -  249 239 850 bytes)
[13:53:03] - [7] Client 192.168.0.1 Déconnecté (00:06:35 Min)
[14:20:44] - [8] Connecté à 192.168.0.1. Collecte du Nom d'utilisateur.
[14:20:44] - [8] Usager MIRKO.POZEN Connecté IP: 192.168.0.1
[14:20:44] - [8] MIRKO.POZEN: Répertoire en Cours: E:\kerberos.htx\
[14:20:44] - [8] MIRKO.POZEN: Répertoire en Cours: E:\kerberos.htx\
[14:21:16] - [8] MIRKO.POZEN: Répertoire en Cours: E:\kerberos.htx\rar\
[14:21:20] - [9] Connecté à 192.168.0.1. Collecte du Nom d'utilisateur.
[14:21:20] - [9] Usager MIRKO.POZEN Connecté IP: 192.168.0.1
[14:21:20] - [9] MIRKO.POZEN: Répertoire en Cours: E:\kerberos.htx\
[14:21:20] - [9] MIRKO.POZEN: Répertoire en Cours: E:\kerberos.htx\rar\
[14:21:20] - [9] MIRKO.POZEN: Début du Téléchargement de: E:\kerberos.htx\rar\paint shop pro 8 relase.rar
[14:23:05] - [9] MIRKO.POZEN: Fichier envoyé: E:\kerberos.htx\rar\paint shop pro 8 relase.rar (2 318,08 K/S -  249 239 850 bytes)
[14:23:05] - [9] Client 192.168.0.1 Déconnecté (00:01:45 Min)
[14:23:05] - [8] Client 192.168.0.1 Déconnecté (00:02:21 Min)
[14:23:08] - [4] Client 192.168.0.1 Déconnecté (00:41:07 Min)
[16:05:25] - [10] Connecté à 218.152.217.235. Collecte du Nom d'utilisateur.
[16:05:25] - [10] Client 218.152.217.235 Déconnecté (00:00:00 Min)
[17:23:26] - [11] Connecté à 74.82.47.41. Collecte du Nom d'utilisateur.
[17:23:26] - [11] Client 74.82.47.41 Déconnecté (00:00:00 Min)
[17:23:55] - [12] Connecté à 74.82.47.5. Collecte du Nom d'utilisateur.
[17:23:58] - [12] Client 74.82.47.5 Déconnecté (00:00:02 Min)
[18:37:29] - [13] Connecté à 104.206.128.46. Collecte du Nom d'utilisateur.
[18:38:01] - [13] Client 104.206.128.46 Déconnecté (00:00:31 Min)
[19:19:53] - [1] MIRKO.POZEN: Répertoire en Cours: E:\kerberos.htx\
[19:19:53] - [1] MIRKO.POZEN: Nouveau Répertoire: E:\kerberos.htx\basse
[19:19:53] - [1] MIRKO.POZEN: Répertoire en Cours: E:\kerberos.htx\
[19:19:53] - [1] MIRKO.POZEN: Nouveau Répertoire: E:\kerberos.htx\basse
[19:19:53] - [14] Connecté à 192.168.0.1. Collecte du Nom d'utilisateur.
[19:19:53] - [15] Connecté à 192.168.0.1. Collecte du Nom d'utilisateur.
[19:19:53] - [14] Usager MIRKO.POZEN Connecté IP: 192.168.0.1
[19:19:53] - [14] MIRKO.POZEN: Répertoire en Cours: E:\kerberos.htx\
[19:19:53] - [15] Usager MIRKO.POZEN Connecté IP: 192.168.0.1
[19:19:53] - [15] MIRKO.POZEN: Répertoire en Cours: E:\kerberos.htx\
[19:19:53] - [14] MIRKO.POZEN: Répertoire en Cours: E:\kerberos.htx\basse\
[19:19:53] - [15] MIRKO.POZEN: Répertoire en Cours: E:\kerberos.htx\basse\
[19:19:53] - [14] MIRKO.POZEN: Début d'Upload de E:\kerberos.htx\basse\DSCF8217.JPG
[19:19:53] - [15] MIRKO.POZEN: Début d'Upload de E:\kerberos.htx\basse\DSCF8218.JPG
[19:19:54] - [14] MIRKO.POZEN: Fichier Upload: E:\kerberos.htx\basse\DSCF8217.JPG (467,33 K/S -   478 548 bytes)
[19:19:54] - [14] MIRKO.POZEN: Début d'Upload de E:\kerberos.htx\basse\DSCF8222.JPG
[19:19:54] - [15] MIRKO.POZEN: Fichier Upload: E:\kerberos.htx\basse\DSCF8218.JPG (467,53 K/S -   478 751 bytes)
[19:19:54] - [15] MIRKO.POZEN: Début d'Upload de E:\kerberos.htx\basse\DSCF8223.JPG
[19:19:55] - [14] MIRKO.POZEN: Fichier Upload: E:\kerberos.htx\basse\DSCF8222.JPG (465,19 K/S -   476 354 bytes)
[19:19:55] - [14] MIRKO.POZEN: Début d'Upload de E:\kerberos.htx\basse\DSCF8224.JPG
[19:19:55] - [15] MIRKO.POZEN: Fichier Upload: E:\kerberos.htx\basse\DSCF8223.JPG (467,31 K/S -   478 521 bytes)
[19:19:55] - [15] MIRKO.POZEN: Début d'Upload de E:\kerberos.htx\basse\DSCF8226.JPG
[19:19:55] - [14] MIRKO.POZEN: Fichier Upload: E:\kerberos.htx\basse\DSCF8224.JPG (465,95 K/S -   477 134 bytes)
[19:19:55] - [14] MIRKO.POZEN: Début d'Upload de E:\kerberos.htx\basse\DSCF8227.JPG
[19:19:55] - [15] MIRKO.POZEN: Fichier Upload: E:\kerberos.htx\basse\DSCF8226.JPG (468,14 K/S -   479 371 bytes)
[19:19:55] - [15] MIRKO.POZEN: Début d'Upload de E:\kerberos.htx\basse\DSCF8235.JPG
[19:19:56] - [14] MIRKO.POZEN: Fichier Upload: E:\kerberos.htx\basse\DSCF8227.JPG (463,99 K/S -   475 130 bytes)
[19:19:56] - [14] MIRKO.POZEN: Début d'Upload de E:\kerberos.htx\basse\DSCF8236.JPG
[19:19:56] - [15] MIRKO.POZEN: Fichier Upload: E:\kerberos.htx\basse\DSCF8235.JPG (468,22 K/S -   479 456 bytes)
[19:19:56] - [15] MIRKO.POZEN: Début d'Upload de E:\kerberos.htx\basse\DSCF8237.JPG
[19:19:56] - [14] MIRKO.POZEN: Fichier Upload: E:\kerberos.htx\basse\DSCF8236.JPG (463,32 K/S -   474 435 bytes)
[19:19:56] - [14] MIRKO.POZEN: Début d'Upload de E:\kerberos.htx\basse\DSCF8238.JPG
[19:19:57] - [15] MIRKO.POZEN: Fichier Upload: E:\kerberos.htx\basse\DSCF8237.JPG (464,61 K/S -   475 764 bytes)
[19:19:57] - [15] MIRKO.POZEN: Début d'Upload de E:\kerberos.htx\basse\DSCF8239.JPG
[19:19:57] - [14] MIRKO.POZEN: Fichier Upload: E:\kerberos.htx\basse\DSCF8238.JPG (461,69 K/S -   472 770 bytes)
[19:19:57] - [14] MIRKO.POZEN: Début d'Upload de E:\kerberos.htx\basse\DSCF8240.JPG
[19:19:57] - [15] MIRKO.POZEN: Fichier Upload: E:\kerberos.htx\basse\DSCF8239.JPG (476,33 K/S -   487 762 bytes)
[19:19:57] - [15] MIRKO.POZEN: Début d'Upload de E:\kerberos.htx\basse\DSCF8241.JPG
[19:19:57] - [14] MIRKO.POZEN: Fichier Upload: E:\kerberos.htx\basse\DSCF8240.JPG (466,05 K/S -   477 240 bytes)
[19:19:57] - [14] MIRKO.POZEN: Début d'Upload de E:\kerberos.htx\basse\DSCF8242.JPG
[19:19:58] - [15] MIRKO.POZEN: Fichier Upload: E:\kerberos.htx\basse\DSCF8241.JPG (465,16 K/S -   476 319 bytes)
[19:19:58] - [15] MIRKO.POZEN: Début d'Upload de E:\kerberos.htx\basse\DSCF8271.JPG
[19:19:58] - [14] MIRKO.POZEN: Fichier Upload: E:\kerberos.htx\basse\DSCF8242.JPG (465,04 K/S -   476 205 bytes)
[19:19:58] - [14] MIRKO.POZEN: Début d'Upload de E:\kerberos.htx\basse\DSCF8272.JPG
[19:19:58] - [15] MIRKO.POZEN: Fichier Upload: E:\kerberos.htx\basse\DSCF8271.JPG (461,46 K/S -   472 533 bytes)
[19:19:58] - [15] MIRKO.POZEN: Début d'Upload de E:\kerberos.htx\basse\Thumbs.db
[19:19:58] - [15] MIRKO.POZEN: Fichier Upload: E:\kerberos.htx\basse\Thumbs.db (8,00 K/S -   8 192 bytes)
[19:19:59] - [14] MIRKO.POZEN: Fichier Upload: E:\kerberos.htx\basse\DSCF8272.JPG (459,24 K/S -   470 260 bytes)
[19:20:30] - [15] Client 192.168.0.1 Déconnecté (00:00:36 Min)
[19:20:30] - [14] Client 192.168.0.1 Déconnecté (00:00:36 Min)
[19:21:10] - [16] Connecté à 192.168.0.1. Collecte du Nom d'utilisateur.
[19:21:10] - [16] Usager MIRKO.POZEN Connecté IP: 192.168.0.1
[19:21:10] - [16] MIRKO.POZEN: Répertoire en Cours: E:\kerberos.htx\
[19:21:10] - [16] MIRKO.POZEN: Répertoire en Cours: E:\kerberos.htx\
[19:21:16] - [16] MIRKO.POZEN: Répertoire en Cours: E:\kerberos.htx\basse\
[19:21:16] - [17] Connecté à 192.168.0.1. Collecte du Nom d'utilisateur.
[19:21:16] - [18] Connecté à 192.168.0.1. Collecte du Nom d'utilisateur.
[19:21:16] - [17] Usager MIRKO.POZEN Connecté IP: 192.168.0.1
[19:21:16] - [17] MIRKO.POZEN: Répertoire en Cours: E:\kerberos.htx\
[19:21:16] - [18] Usager MIRKO.POZEN Connecté IP: 192.168.0.1
[19:21:16] - [18] MIRKO.POZEN: Répertoire en Cours: E:\kerberos.htx\
[19:21:16] - [17] MIRKO.POZEN: Répertoire en Cours: E:\kerberos.htx\basse\
[19:21:16] - [18] MIRKO.POZEN: Répertoire en Cours: E:\kerberos.htx\basse\
[19:21:16] - [18] MIRKO.POZEN: Début du Téléchargement de: E:\kerberos.htx\basse\DSCF8218.JPG
[19:21:16] - [17] MIRKO.POZEN: Début du Téléchargement de: E:\kerberos.htx\basse\DSCF8217.JPG
[19:21:17] - [18] MIRKO.POZEN: Fichier envoyé: E:\kerberos.htx\basse\DSCF8218.JPG (467,53 K/S -   478 751 bytes)
[19:21:17] - [18] MIRKO.POZEN: Début du Téléchargement de: E:\kerberos.htx\basse\DSCF8222.JPG
[19:21:18] - [17] MIRKO.POZEN: Fichier envoyé: E:\kerberos.htx\basse\DSCF8217.JPG (233,67 K/S -   478 548 bytes)
[19:21:18] - [17] MIRKO.POZEN: Début du Téléchargement de: E:\kerberos.htx\basse\DSCF8223.JPG
[19:21:19] - [18] MIRKO.POZEN: Fichier envoyé: E:\kerberos.htx\basse\DSCF8222.JPG (232,59 K/S -   476 354 bytes)
[19:21:19] - [18] MIRKO.POZEN: Début du Téléchargement de: E:\kerberos.htx\basse\DSCF8224.JPG
[19:21:19] - [17] MIRKO.POZEN: Fichier envoyé: E:\kerberos.htx\basse\DSCF8223.JPG (467,31 K/S -   478 521 bytes)
[19:21:19] - [17] MIRKO.POZEN: Début du Téléchargement de: E:\kerberos.htx\basse\DSCF8226.JPG
[19:21:20] - [18] MIRKO.POZEN: Fichier envoyé: E:\kerberos.htx\basse\DSCF8224.JPG (465,95 K/S -   477 134 bytes)
[19:21:20] - [18] MIRKO.POZEN: Début du Téléchargement de: E:\kerberos.htx\basse\DSCF8227.JPG
[19:21:20] - [17] MIRKO.POZEN: Fichier envoyé: E:\kerberos.htx\basse\DSCF8226.JPG (234,07 K/S -   479 371 bytes)
[19:21:21] - [17] MIRKO.POZEN: Début du Téléchargement de: E:\kerberos.htx\basse\DSCF8235.JPG
[19:21:22] - [18] MIRKO.POZEN: Fichier envoyé: E:\kerberos.htx\basse\DSCF8227.JPG (232,00 K/S -   475 130 bytes)
[19:21:22] - [18] MIRKO.POZEN: Début du Téléchargement de: E:\kerberos.htx\basse\DSCF8236.JPG
[19:21:22] - [17] MIRKO.POZEN: Fichier envoyé: E:\kerberos.htx\basse\DSCF8235.JPG (468,22 K/S -   479 456 bytes)
[19:21:22] - [17] MIRKO.POZEN: Début du Téléchargement de: E:\kerberos.htx\basse\DSCF8237.JPG
[19:21:23] - [18] MIRKO.POZEN: Fichier envoyé: E:\kerberos.htx\basse\DSCF8236.JPG (463,32 K/S -   474 435 bytes)
[19:21:23] - [18] MIRKO.POZEN: Début du Téléchargement de: E:\kerberos.htx\basse\DSCF8238.JPG
[19:21:23] - [17] MIRKO.POZEN: Fichier envoyé: E:\kerberos.htx\basse\DSCF8237.JPG (464,61 K/S -   475 764 bytes)
[19:21:23] - [17] MIRKO.POZEN: Début du Téléchargement de: E:\kerberos.htx\basse\DSCF8239.JPG
[19:21:24] - [18] MIRKO.POZEN: Fichier envoyé: E:\kerberos.htx\basse\DSCF8238.JPG (461,69 K/S -   472 770 bytes)
[19:21:24] - [18] MIRKO.POZEN: Début du Téléchargement de: E:\kerberos.htx\basse\DSCF8240.JPG
[19:21:25] - [17] MIRKO.POZEN: Fichier envoyé: E:\kerberos.htx\basse\DSCF8239.JPG (238,17 K/S -   487 762 bytes)
[19:21:25] - [17] MIRKO.POZEN: Début du Téléchargement de: E:\kerberos.htx\basse\DSCF8241.JPG
[19:21:26] - [18] MIRKO.POZEN: Fichier envoyé: E:\kerberos.htx\basse\DSCF8240.JPG (233,03 K/S -   477 240 bytes)
[19:21:26] - [18] MIRKO.POZEN: Début du Téléchargement de: E:\kerberos.htx\basse\DSCF8242.JPG
[19:21:26] - [17] MIRKO.POZEN: Fichier envoyé: E:\kerberos.htx\basse\DSCF8241.JPG (465,16 K/S -   476 319 bytes)
[19:21:26] - [17] MIRKO.POZEN: Début du Téléchargement de: E:\kerberos.htx\basse\DSCF8271.JPG
[19:21:27] - [18] MIRKO.POZEN: Fichier envoyé: E:\kerberos.htx\basse\DSCF8242.JPG (465,04 K/S -   476 205 bytes)
[19:21:27] - [18] MIRKO.POZEN: Début du Téléchargement de: E:\kerberos.htx\basse\DSCF8272.JPG
[19:21:27] - [17] MIRKO.POZEN: Fichier envoyé: E:\kerberos.htx\basse\DSCF8271.JPG (461,46 K/S -   472 533 bytes)
[19:21:27] - [17] MIRKO.POZEN: Début du Téléchargement de: E:\kerberos.htx\basse\Thumbs.db
[19:21:27] - [17] MIRKO.POZEN: Fichier envoyé: E:\kerberos.htx\basse\Thumbs.db (8,00 K/S -   8 192 bytes)
[19:21:28] - [18] MIRKO.POZEN: Fichier envoyé: E:\kerberos.htx\basse\DSCF8272.JPG (459,24 K/S -   470 260 bytes)
[19:21:53] - [18] Client 192.168.0.1 Déconnecté (00:00:36 Min)
[19:21:53] - [17] Client 192.168.0.1 Déconnecté (00:00:36 Min)
[19:21:53] - [16] Client 192.168.0.1 Déconnecté (00:00:42 Min)
[19:28:13] - [1] MIRKO.POZEN: Répertoire en Cours: E:\kerberos.htx\
[19:28:13] - [1] MIRKO.POZEN: Nouveau Répertoire: E:\kerberos.htx\armoire madame de bouclans
[19:28:13] - [1] MIRKO.POZEN: Répertoire en Cours: E:\kerberos.htx\
[19:28:13] - [1] MIRKO.POZEN: Nouveau Répertoire: E:\kerberos.htx\armoire madame de bouclans
[19:28:15] - [19] Connecté à 192.168.0.1. Collecte du Nom d'utilisateur.
[19:28:15] - [20] Connecté à 192.168.0.1. Collecte du Nom d'utilisateur.
[19:28:15] - [19] Usager MIRKO.POZEN Connecté IP: 192.168.0.1
[19:28:15] - [19] MIRKO.POZEN: Répertoire en Cours: E:\kerberos.htx\
[19:28:16] - [20] Usager MIRKO.POZEN Connecté IP: 192.168.0.1
[19:28:16] - [20] MIRKO.POZEN: Répertoire en Cours: E:\kerberos.htx\
[19:28:16] - [19] MIRKO.POZEN: Répertoire en Cours: E:\kerberos.htx\armoire madame de bouclans\
[19:28:16] - [20] MIRKO.POZEN: Répertoire en Cours: E:\kerberos.htx\armoire madame de bouclans\
[19:28:16] - [19] MIRKO.POZEN: Début d'Upload de E:\kerberos.htx\armoire madame de bouclans\DSCF1637.JPG
[19:28:16] - [20] MIRKO.POZEN: Début d'Upload de E:\kerberos.htx\armoire madame de bouclans\DSCF1638.JPG
[19:28:16] - [19] MIRKO.POZEN: Fichier Upload: E:\kerberos.htx\armoire madame de bouclans\DSCF1637.JPG (463,89 K/S -   475 019 bytes)
[19:28:16] - [19] MIRKO.POZEN: Début d'Upload de E:\kerberos.htx\armoire madame de bouclans\DSCF1639.JPG
[19:28:16] - [20] MIRKO.POZEN: Fichier Upload: E:\kerberos.htx\armoire madame de bouclans\DSCF1638.JPG (463,81 K/S -   474 937 bytes)
[19:28:17] - [20] MIRKO.POZEN: Début d'Upload de E:\kerberos.htx\armoire madame de bouclans\DSCF1640.JPG
[19:28:17] - [19] MIRKO.POZEN: Fichier Upload: E:\kerberos.htx\armoire madame de bouclans\DSCF1639.JPG (460,52 K/S -   471 576 bytes)
[19:28:17] - [19] MIRKO.POZEN: Début d'Upload de E:\kerberos.htx\armoire madame de bouclans\DSCF1641.JPG
[19:28:17] - [20] MIRKO.POZEN: Fichier Upload: E:\kerberos.htx\armoire madame de bouclans\DSCF1640.JPG (449,02 K/S -   459 801 bytes)
[19:28:17] - [20] MIRKO.POZEN: Début d'Upload de E:\kerberos.htx\armoire madame de bouclans\DSCF1642.JPG
[19:28:18] - [19] MIRKO.POZEN: Fichier Upload: E:\kerberos.htx\armoire madame de bouclans\DSCF1641.JPG (431,81 K/S -   442 171 bytes)
[19:28:18] - [19] MIRKO.POZEN: Début d'Upload de E:\kerberos.htx\armoire madame de bouclans\DSCF1643.JPG
[19:28:18] - [20] MIRKO.POZEN: Fichier Upload: E:\kerberos.htx\armoire madame de bouclans\DSCF1642.JPG (438,88 K/S -   449 408 bytes)
[19:28:18] - [20] MIRKO.POZEN: Début d'Upload de E:\kerberos.htx\armoire madame de bouclans\DSCF1644.JPG
[19:28:18] - [19] MIRKO.POZEN: Fichier Upload: E:\kerberos.htx\armoire madame de bouclans\DSCF1643.JPG (433,66 K/S -   444 065 bytes)
[19:28:18] - [19] MIRKO.POZEN: Début d'Upload de E:\kerberos.htx\armoire madame de bouclans\DSCF1645.JPG
[19:28:18] - [20] MIRKO.POZEN: Fichier Upload: E:\kerberos.htx\armoire madame de bouclans\DSCF1644.JPG (437,08 K/S -   447 571 bytes)
[19:28:19] - [20] MIRKO.POZEN: Début d'Upload de E:\kerberos.htx\armoire madame de bouclans\DSCF1646.JPG
[19:28:19] - [19] MIRKO.POZEN: Fichier Upload: E:\kerberos.htx\armoire madame de bouclans\DSCF1645.JPG (456,92 K/S -   467 882 bytes)
[19:28:19] - [19] MIRKO.POZEN: Début d'Upload de E:\kerberos.htx\armoire madame de bouclans\DSCF1647.JPG
[19:28:19] - [20] MIRKO.POZEN: Fichier Upload: E:\kerberos.htx\armoire madame de bouclans\DSCF1646.JPG (464,60 K/S -   475 746 bytes)
[19:28:19] - [20] MIRKO.POZEN: Début d'Upload de E:\kerberos.htx\armoire madame de bouclans\DSCF1648.JPG
[19:28:19] - [19] MIRKO.POZEN: Fichier Upload: E:\kerberos.htx\armoire madame de bouclans\DSCF1647.JPG (473,46 K/S -   484 823 bytes)
[19:28:19] - [19] MIRKO.POZEN: Début d'Upload de E:\kerberos.htx\armoire madame de bouclans\DSCF1649.JPG
[19:28:20] - [20] MIRKO.POZEN: Fichier Upload: E:\kerberos.htx\armoire madame de bouclans\DSCF1648.JPG (474,35 K/S -   485 737 bytes)
[19:28:20] - [20] MIRKO.POZEN: Début d'Upload de E:\kerberos.htx\armoire madame de bouclans\DSCF1650.JPG
[19:28:20] - [19] MIRKO.POZEN: Fichier Upload: E:\kerberos.htx\armoire madame de bouclans\DSCF1649.JPG (471,57 K/S -   482 886 bytes)
[19:28:20] - [19] MIRKO.POZEN: Début d'Upload de E:\kerberos.htx\armoire madame de bouclans\DSCF1651.JPG
[19:28:20] - [20] MIRKO.POZEN: Fichier Upload: E:\kerberos.htx\armoire madame de bouclans\DSCF1650.JPG (459,92 K/S -   470 963 bytes)
[19:28:20] - [20] MIRKO.POZEN: Début d'Upload de E:\kerberos.htx\armoire madame de bouclans\DSCF1652.JPG
[19:28:21] - [19] MIRKO.POZEN: Fichier Upload: E:\kerberos.htx\armoire madame de bouclans\DSCF1651.JPG (467,71 K/S -   478 937 bytes)
[19:28:21] - [19] MIRKO.POZEN: Début d'Upload de E:\kerberos.htx\armoire madame de bouclans\DSCF1653.JPG
[19:28:21] - [20] MIRKO.POZEN: Fichier Upload: E:\kerberos.htx\armoire madame de bouclans\DSCF1652.JPG (458,45 K/S -   469 455 bytes)
[19:28:21] - [20] MIRKO.POZEN: Début d'Upload de E:\kerberos.htx\armoire madame de bouclans\DSCF1654.JPG
[19:28:21] - [19] MIRKO.POZEN: Fichier Upload: E:\kerberos.htx\armoire madame de bouclans\DSCF1653.JPG (472,46 K/S -   483 799 bytes)
[19:28:21] - [19] MIRKO.POZEN: Début d'Upload de E:\kerberos.htx\armoire madame de bouclans\DSCF1655.JPG
[19:28:21] - [20] MIRKO.POZEN: Fichier Upload: E:\kerberos.htx\armoire madame de bouclans\DSCF1654.JPG (474,98 K/S -   486 380 bytes)
[19:28:22] - [20] MIRKO.POZEN: Début d'Upload de E:\kerberos.htx\armoire madame de bouclans\DSCF1656.JPG
[19:28:22] - [19] MIRKO.POZEN: Fichier Upload: E:\kerberos.htx\armoire madame de bouclans\DSCF1655.JPG (475,81 K/S -   487 227 bytes)
[19:28:22] - [19] MIRKO.POZEN: Début d'Upload de E:\kerberos.htx\armoire madame de bouclans\DSCF1657.JPG
[19:28:22] - [20] MIRKO.POZEN: Fichier Upload: E:\kerberos.htx\armoire madame de bouclans\DSCF1656.JPG (472,78 K/S -   484 124 bytes)
[19:28:22] - [20] MIRKO.POZEN: Début d'Upload de E:\kerberos.htx\armoire madame de bouclans\DSCF1658.JPG
[19:28:22] - [19] MIRKO.POZEN: Fichier Upload: E:\kerberos.htx\armoire madame de bouclans\DSCF1657.JPG (469,40 K/S -   480 667 bytes)
[19:28:22] - [19] MIRKO.POZEN: Début d'Upload de E:\kerberos.htx\armoire madame de bouclans\DSCF1659.JPG
[19:28:23] - [20] MIRKO.POZEN: Fichier Upload: E:\kerberos.htx\armoire madame de bouclans\DSCF1658.JPG (471,64 K/S -   482 960 bytes)
[19:28:23] - [20] MIRKO.POZEN: Début d'Upload de E:\kerberos.htx\armoire madame de bouclans\DSCF1660.JPG
[19:28:23] - [19] MIRKO.POZEN: Fichier Upload: E:\kerberos.htx\armoire madame de bouclans\DSCF1659.JPG (469,11 K/S -   480 364 bytes)
[19:28:23] - [19] MIRKO.POZEN: Début d'Upload de E:\kerberos.htx\armoire madame de bouclans\DSCF1661.JPG
[19:28:23] - [20] MIRKO.POZEN: Fichier Upload: E:\kerberos.htx\armoire madame de bouclans\DSCF1660.JPG (475,84 K/S -   487 256 bytes)
[19:28:23] - [20] MIRKO.POZEN: Début d'Upload de E:\kerberos.htx\armoire madame de bouclans\DSCF1662.JPG
[19:28:24] - [19] MIRKO.POZEN: Fichier Upload: E:\kerberos.htx\armoire madame de bouclans\DSCF1661.JPG (477,57 K/S -   489 035 bytes)
[19:28:24] - [19] MIRKO.POZEN: Début d'Upload de E:\kerberos.htx\armoire madame de bouclans\DSCF1663.JPG
[19:28:24] - [20] MIRKO.POZEN: Fichier Upload: E:\kerberos.htx\armoire madame de bouclans\DSCF1662.JPG (463,42 K/S -   474 544 bytes)
[19:28:24] - [20] MIRKO.POZEN: Début d'Upload de E:\kerberos.htx\armoire madame de bouclans\DSCF1664.JPG
[19:28:24] - [19] MIRKO.POZEN: Fichier Upload: E:\kerberos.htx\armoire madame de bouclans\DSCF1663.JPG (471,03 K/S -   482 339 bytes)
[19:28:24] - [19] MIRKO.POZEN: Début d'Upload de E:\kerberos.htx\armoire madame de bouclans\DSCF1665.JPG
[19:28:24] - [20] MIRKO.POZEN: Fichier Upload: E:\kerberos.htx\armoire madame de bouclans\DSCF1664.JPG (471,84 K/S -   483 162 bytes)
[19:28:24] - [20] MIRKO.POZEN: Début d'Upload de E:\kerberos.htx\armoire madame de bouclans\DSCF1666.JPG
[19:28:25] - [19] MIRKO.POZEN: Fichier Upload: E:\kerberos.htx\armoire madame de bouclans\DSCF1665.JPG (459,08 K/S -   470 102 bytes)
[19:28:25] - [19] MIRKO.POZEN: Début d'Upload de E:\kerberos.htx\armoire madame de bouclans\DSCF1667.JPG
[19:28:25] - [20] MIRKO.POZEN: Fichier Upload: E:\kerberos.htx\armoire madame de bouclans\DSCF1666.JPG (467,41 K/S -   478 625 bytes)
[19:28:25] - [20] MIRKO.POZEN: Début d'Upload de E:\kerberos.htx\armoire madame de bouclans\DSCF1668.JPG
[19:28:25] - [19] MIRKO.POZEN: Fichier Upload: E:\kerberos.htx\armoire madame de bouclans\DSCF1667.JPG (462,21 K/S -   473 302 bytes)
[19:28:25] - [19] MIRKO.POZEN: Début d'Upload de E:\kerberos.htx\armoire madame de bouclans\DSCF1669.JPG
[19:28:26] - [20] MIRKO.POZEN: Fichier Upload: E:\kerberos.htx\armoire madame de bouclans\DSCF1668.JPG (466,64 K/S -   477 840 bytes)
[19:28:26] - [20] MIRKO.POZEN: Début d'Upload de E:\kerberos.htx\armoire madame de bouclans\DSCF1670.JPG
[19:28:26] - [19] MIRKO.POZEN: Fichier Upload: E:\kerberos.htx\armoire madame de bouclans\DSCF1669.JPG (469,84 K/S -   481 114 bytes)
[19:28:26] - [19] MIRKO.POZEN: Début d'Upload de E:\kerberos.htx\armoire madame de bouclans\DSCF1671.JPG
[19:28:26] - [20] MIRKO.POZEN: Fichier Upload: E:\kerberos.htx\armoire madame de bouclans\DSCF1670.JPG (467,46 K/S -   478 678 bytes)
[19:28:26] - [20] MIRKO.POZEN: Début d'Upload de E:\kerberos.htx\armoire madame de bouclans\DSCF1672.JPG
[19:28:26] - [19] MIRKO.POZEN: Fichier Upload: E:\kerberos.htx\armoire madame de bouclans\DSCF1671.JPG (463,12 K/S -   474 237 bytes)
[19:28:27] - [19] MIRKO.POZEN: Début d'Upload de E:\kerberos.htx\armoire madame de bouclans\DSCF1673.JPG
[19:28:27] - [20] MIRKO.POZEN: Fichier Upload: E:\kerberos.htx\armoire madame de bouclans\DSCF1672.JPG (459,89 K/S -   470 924 bytes)
[19:28:27] - [20] MIRKO.POZEN: Début d'Upload de E:\kerberos.htx\armoire madame de bouclans\DSCF1674.JPG
[19:28:27] - [19] MIRKO.POZEN: Fichier Upload: E:\kerberos.htx\armoire madame de bouclans\DSCF1673.JPG (470,21 K/S -   481 491 bytes)
[19:28:27] - [19] MIRKO.POZEN: Début d'Upload de E:\kerberos.htx\armoire madame de bouclans\DSCF1675.JPG
[19:28:27] - [20] MIRKO.POZEN: Fichier Upload: E:\kerberos.htx\armoire madame de bouclans\DSCF1674.JPG (479,80 K/S -   491 316 bytes)
[19:28:27] - [20] MIRKO.POZEN: Début d'Upload de E:\kerberos.htx\armoire madame de bouclans\DSCF1676.JPG
[19:28:28] - [19] MIRKO.POZEN: Fichier Upload: E:\kerberos.htx\armoire madame de bouclans\DSCF1675.JPG (408,52 K/S -   418 321 bytes)
[19:28:28] - [19] MIRKO.POZEN: Début d'Upload de E:\kerberos.htx\armoire madame de bouclans\DSCF1677.JPG
[19:28:28] - [20] MIRKO.POZEN: Fichier Upload: E:\kerberos.htx\armoire madame de bouclans\DSCF1676.JPG (469,05 K/S -   480 304 bytes)
[19:28:28] - [20] MIRKO.POZEN: Début d'Upload de E:\kerberos.htx\armoire madame de bouclans\DSCF1678.JPG
[19:28:28] - [19] MIRKO.POZEN: Fichier Upload: E:\kerberos.htx\armoire madame de bouclans\DSCF1677.JPG (470,54 K/S -   481 834 bytes)
[19:28:28] - [19] MIRKO.POZEN: Début d'Upload de E:\kerberos.htx\armoire madame de bouclans\DSCF1679.JPG
[19:28:29] - [20] MIRKO.POZEN: Fichier Upload: E:\kerberos.htx\armoire madame de bouclans\DSCF1678.JPG (468,89 K/S -   480 148 bytes)
[19:28:29] - [20] MIRKO.POZEN: Début d'Upload de E:\kerberos.htx\armoire madame de bouclans\DSCF1680.JPG
[19:28:29] - [19] MIRKO.POZEN: Fichier Upload: E:\kerberos.htx\armoire madame de bouclans\DSCF1679.JPG (470,54 K/S -   481 837 bytes)
[19:28:29] - [19] MIRKO.POZEN: Début d'Upload de E:\kerberos.htx\armoire madame de bouclans\DSCF1681.JPG
[19:28:29] - [20] MIRKO.POZEN: Fichier Upload: E:\kerberos.htx\armoire madame de bouclans\DSCF1680.JPG (475,51 K/S -   486 924 bytes)
[19:28:29] - [20] MIRKO.POZEN: Début d'Upload de E:\kerberos.htx\armoire madame de bouclans\DSCF1682.JPG
[19:28:29] - [19] MIRKO.POZEN: Fichier Upload: E:\kerberos.htx\armoire madame de bouclans\DSCF1681.JPG (474,21 K/S -   485 589 bytes)
[19:28:29] - [19] MIRKO.POZEN: Début d'Upload de E:\kerberos.htx\armoire madame de bouclans\DSCF1683.JPG
[19:28:30] - [20] MIRKO.POZEN: Fichier Upload: E:\kerberos.htx\armoire madame de bouclans\DSCF1682.JPG (472,37 K/S -   483 705 bytes)
[19:28:30] - [20] MIRKO.POZEN: Début d'Upload de E:\kerberos.htx\armoire madame de bouclans\DSCF1684.JPG
[19:28:30] - [19] MIRKO.POZEN: Fichier Upload: E:\kerberos.htx\armoire madame de bouclans\DSCF1683.JPG (466,23 K/S -   477 422 bytes)
[19:28:30] - [19] MIRKO.POZEN: Début d'Upload de E:\kerberos.htx\armoire madame de bouclans\DSCF1685.JPG
[19:28:30] - [20] MIRKO.POZEN: Fichier Upload: E:\kerberos.htx\armoire madame de bouclans\DSCF1684.JPG (474,00 K/S -   485 374 bytes)
[19:28:30] - [20] MIRKO.POZEN: Début d'Upload de E:\kerberos.htx\armoire madame de bouclans\DSCF1686.JPG
[19:28:31] - [19] MIRKO.POZEN: Fichier Upload: E:\kerberos.htx\armoire madame de bouclans\DSCF1685.JPG (470,15 K/S -   481 429 bytes)
[19:28:31] - [19] MIRKO.POZEN: Début d'Upload de E:\kerberos.htx\armoire madame de bouclans\DSCF1687.JPG
[19:28:31] - [20] MIRKO.POZEN: Fichier Upload: E:\kerberos.htx\armoire madame de bouclans\DSCF1686.JPG (473,14 K/S -   484 500 bytes)
[19:28:31] - [20] MIRKO.POZEN: Début d'Upload de E:\kerberos.htx\armoire madame de bouclans\DSCF2294.JPG
[19:28:31] - [19] MIRKO.POZEN: Fichier Upload: E:\kerberos.htx\armoire madame de bouclans\DSCF1687.JPG (475,12 K/S -   486 520 bytes)
[19:28:31] - [19] MIRKO.POZEN: Début d'Upload de E:\kerberos.htx\armoire madame de bouclans\DSCF2295.JPG
[19:28:31] - [20] MIRKO.POZEN: Fichier Upload: E:\kerberos.htx\armoire madame de bouclans\DSCF2294.JPG (450,41 K/S -   461 219 bytes)
[19:28:32] - [20] MIRKO.POZEN: Début d'Upload de E:\kerberos.htx\armoire madame de bouclans\DSCF2296.JPG
[19:28:32] - [19] MIRKO.POZEN: Fichier Upload: E:\kerberos.htx\armoire madame de bouclans\DSCF2295.JPG (445,31 K/S -   456 002 bytes)
[19:28:32] - [19] MIRKO.POZEN: Début d'Upload de E:\kerberos.htx\armoire madame de bouclans\DSCF2297.JPG
[19:28:32] - [20] MIRKO.POZEN: Fichier Upload: E:\kerberos.htx\armoire madame de bouclans\DSCF2296.JPG (458,52 K/S -   469 526 bytes)
[19:28:32] - [20] MIRKO.POZEN: Début d'Upload de E:\kerberos.htx\armoire madame de bouclans\DSCF2318.JPG
[19:28:32] - [19] MIRKO.POZEN: Fichier Upload: E:\kerberos.htx\armoire madame de bouclans\DSCF2297.JPG (463,09 K/S -   474 207 bytes)
[19:28:32] - [19] MIRKO.POZEN: Début d'Upload de E:\kerberos.htx\armoire madame de bouclans\DSCF2319.JPG
[19:28:34] - [20] MIRKO.POZEN: Fichier Upload: E:\kerberos.htx\armoire madame de bouclans\DSCF2318.JPG (727,46 K/S -  1 489 828 bytes)
[19:28:34] - [20] MIRKO.POZEN: Début d'Upload de E:\kerberos.htx\armoire madame de bouclans\DSCF2320.JPG
[19:28:34] - [19] MIRKO.POZEN: Fichier Upload: E:\kerberos.htx\armoire madame de bouclans\DSCF2319.JPG (738,16 K/S -  1 511 742 bytes)
[19:28:34] - [19] MIRKO.POZEN: Début d'Upload de E:\kerberos.htx\armoire madame de bouclans\DSCF2321.JPG
[19:28:36] - [20] MIRKO.POZEN: Fichier Upload: E:\kerberos.htx\armoire madame de bouclans\DSCF2320.JPG (724,59 K/S -  1 483 964 bytes)
[19:28:36] - [20] MIRKO.POZEN: Début d'Upload de E:\kerberos.htx\armoire madame de bouclans\DSCF2322.JPG
[19:28:36] - [19] MIRKO.POZEN: Fichier Upload: E:\kerberos.htx\armoire madame de bouclans\DSCF2321.JPG (759,58 K/S -  1 555 625 bytes)
[19:28:36] - [19] MIRKO.POZEN: Début d'Upload de E:\kerberos.htx\armoire madame de bouclans\DSCF2323.JPG
[19:28:37] - [20] MIRKO.POZEN: Fichier Upload: E:\kerberos.htx\armoire madame de bouclans\DSCF2322.JPG (1 461,80 K/S -  1 496 851 bytes)
[19:28:37] - [20] MIRKO.POZEN: Début d'Upload de E:\kerberos.htx\armoire madame de bouclans\DSCF2324.JPG
[19:28:38] - [19] MIRKO.POZEN: Fichier Upload: E:\kerberos.htx\armoire madame de bouclans\DSCF2323.JPG (729,84 K/S -  1 494 721 bytes)
[19:28:38] - [19] MIRKO.POZEN: Début d'Upload de E:\kerberos.htx\armoire madame de bouclans\DSCF2325.JPG
[19:28:39] - [20] MIRKO.POZEN: Fichier Upload: E:\kerberos.htx\armoire madame de bouclans\DSCF2324.JPG (739,83 K/S -  1 515 163 bytes)
[19:28:39] - [20] MIRKO.POZEN: Début d'Upload de E:\kerberos.htx\armoire madame de bouclans\DSCF2326.JPG
[19:28:39] - [19] MIRKO.POZEN: Fichier Upload: E:\kerberos.htx\armoire madame de bouclans\DSCF2325.JPG (760,39 K/S -  1 557 269 bytes)
[19:28:39] - [19] MIRKO.POZEN: Début d'Upload de E:\kerberos.htx\armoire madame de bouclans\DSCF2327.JPG
[19:28:41] - [20] MIRKO.POZEN: Fichier Upload: E:\kerberos.htx\armoire madame de bouclans\DSCF2326.JPG (731,66 K/S -  1 498 439 bytes)
[19:28:41] - [20] MIRKO.POZEN: Début d'Upload de E:\kerberos.htx\armoire madame de bouclans\DSCF2328.JPG
[19:28:41] - [19] MIRKO.POZEN: Fichier Upload: E:\kerberos.htx\armoire madame de bouclans\DSCF2327.JPG (1 493,60 K/S -  1 529 457 bytes)
[19:28:41] - [19] MIRKO.POZEN: Début d'Upload de E:\kerberos.htx\armoire madame de bouclans\DSCF2329.JPG
[19:28:42] - [20] MIRKO.POZEN: Fichier Upload: E:\kerberos.htx\armoire madame de bouclans\DSCF2328.JPG (1 495,10 K/S -  1 530 936 bytes)
[19:28:42] - [20] MIRKO.POZEN: Début d'Upload de E:\kerberos.htx\armoire madame de bouclans\DSCF2330.JPG
[19:28:42] - [19] MIRKO.POZEN: Fichier Upload: E:\kerberos.htx\armoire madame de bouclans\DSCF2329.JPG (1 438,40 K/S -  1 472 884 bytes)
[19:28:42] - [19] MIRKO.POZEN: Début d'Upload de E:\kerberos.htx\armoire madame de bouclans\DSCF2331.JPG
[19:28:44] - [20] MIRKO.POZEN: Fichier Upload: E:\kerberos.htx\armoire madame de bouclans\DSCF2330.JPG (739,68 K/S -  1 514 871 bytes)
[19:28:44] - [20] MIRKO.POZEN: Début d'Upload de E:\kerberos.htx\armoire madame de bouclans\DSCF2332.JPG
[19:28:44] - [19] MIRKO.POZEN: Fichier Upload: E:\kerberos.htx\armoire madame de bouclans\DSCF2331.JPG (1 498,40 K/S -  1 534 354 bytes)
[19:28:44] - [19] MIRKO.POZEN: Début d'Upload de E:\kerberos.htx\armoire madame de bouclans\DSCF4103.JPG
[19:28:45] - [20] MIRKO.POZEN: Fichier Upload: E:\kerberos.htx\armoire madame de bouclans\DSCF2332.JPG (1 440,00 K/S -  1 474 581 bytes)
[19:28:45] - [20] MIRKO.POZEN: Début d'Upload de E:\kerberos.htx\armoire madame de bouclans\DSCF4104.JPG
[19:28:46] - [19] MIRKO.POZEN: Fichier Upload: E:\kerberos.htx\armoire madame de bouclans\DSCF4103.JPG (715,19 K/S -  1 464 713 bytes)
[19:28:46] - [19] MIRKO.POZEN: Début d'Upload de E:\kerberos.htx\armoire madame de bouclans\DSCF4106.JPG
[19:28:47] - [20] MIRKO.POZEN: Fichier Upload: E:\kerberos.htx\armoire madame de bouclans\DSCF4104.JPG (1 426,50 K/S -  1 460 764 bytes)
[19:28:47] - [20] MIRKO.POZEN: Début d'Upload de E:\kerberos.htx\armoire madame de bouclans\DSCF4108.JPG
[19:28:47] - [19] MIRKO.POZEN: Fichier Upload: E:\kerberos.htx\armoire madame de bouclans\DSCF4106.JPG (727,87 K/S -  1 490 671 bytes)
[19:28:48] - [19] MIRKO.POZEN: Début d'Upload de E:\kerberos.htx\armoire madame de bouclans\DSCF4109.JPG
[19:28:49] - [20] MIRKO.POZEN: Fichier Upload: E:\kerberos.htx\armoire madame de bouclans\DSCF4108.JPG (732,53 K/S -  1 500 228 bytes)
[19:28:49] - [20] MIRKO.POZEN: Début d'Upload de E:\kerberos.htx\armoire madame de bouclans\DSCF4110.JPG
[19:28:49] - [19] MIRKO.POZEN: Fichier Upload: E:\kerberos.htx\armoire madame de bouclans\DSCF4109.JPG (1 486,90 K/S -  1 522 622 bytes)
[19:28:49] - [19] MIRKO.POZEN: Début d'Upload de E:\kerberos.htx\armoire madame de bouclans\DSCF4111.JPG
[19:28:51] - [20] MIRKO.POZEN: Fichier Upload: E:\kerberos.htx\armoire madame de bouclans\DSCF4110.JPG (707,26 K/S -  1 448 468 bytes)
[19:28:51] - [20] MIRKO.POZEN: Début d'Upload de E:\kerberos.htx\armoire madame de bouclans\DSCF4112.JPG
[19:28:51] - [19] MIRKO.POZEN: Fichier Upload: E:\kerberos.htx\armoire madame de bouclans\DSCF4111.JPG (1 463,00 K/S -  1 498 110 bytes)
[19:28:51] - [19] MIRKO.POZEN: Début d'Upload de E:\kerberos.htx\armoire madame de bouclans\DSCF4114.JPG
[19:28:53] - [20] MIRKO.POZEN: Fichier Upload: E:\kerberos.htx\armoire madame de bouclans\DSCF4112.JPG (733,53 K/S -  1 502 272 bytes)
[19:28:53] - [20] MIRKO.POZEN: Début d'Upload de E:\kerberos.htx\armoire madame de bouclans\DSCF4115.JPG
[19:28:53] - [19] MIRKO.POZEN: Fichier Upload: E:\kerberos.htx\armoire madame de bouclans\DSCF4114.JPG (717,05 K/S -  1 468 523 bytes)
[19:28:53] - [19] MIRKO.POZEN: Début d'Upload de E:\kerberos.htx\armoire madame de bouclans\DSCF4116.JPG
[19:28:54] - [20] MIRKO.POZEN: Fichier Upload: E:\kerberos.htx\armoire madame de bouclans\DSCF4115.JPG (1 445,20 K/S -  1 479 906 bytes)
[19:28:54] - [20] MIRKO.POZEN: Début d'Upload de E:\kerberos.htx\armoire madame de bouclans\DSCF4198.JPG
[19:28:55] - [19] MIRKO.POZEN: Fichier Upload: E:\kerberos.htx\armoire madame de bouclans\DSCF4116.JPG (709,88 K/S -  1 453 835 bytes)
[19:28:55] - [19] MIRKO.POZEN: Début d'Upload de E:\kerberos.htx\armoire madame de bouclans\DSCF4199.JPG
[19:28:56] - [20] MIRKO.POZEN: Fichier Upload: E:\kerberos.htx\armoire madame de bouclans\DSCF4198.JPG (728,58 K/S -  1 492 137 bytes)
[19:28:56] - [20] MIRKO.POZEN: Début d'Upload de E:\kerberos.htx\armoire madame de bouclans\DSCF4200.JPG
[19:28:57] - [19] MIRKO.POZEN: Fichier Upload: E:\kerberos.htx\armoire madame de bouclans\DSCF4199.JPG (740,10 K/S -  1 515 723 bytes)
[19:28:57] - [19] MIRKO.POZEN: Début d'Upload de E:\kerberos.htx\armoire madame de bouclans\DSCF4201.JPG
[19:28:58] - [20] MIRKO.POZEN: Fichier Upload: E:\kerberos.htx\armoire madame de bouclans\DSCF4200.JPG (722,59 K/S -  1 479 874 bytes)
[19:28:58] - [20] MIRKO.POZEN: Début d'Upload de E:\kerberos.htx\armoire madame de bouclans\DSCF4202.JPG
[19:28:59] - [19] MIRKO.POZEN: Fichier Upload: E:\kerberos.htx\armoire madame de bouclans\DSCF4201.JPG (728,78 K/S -  1 492 550 bytes)
[19:28:59] - [19] MIRKO.POZEN: Début d'Upload de E:\kerberos.htx\armoire madame de bouclans\DSCF4203.JPG
[19:28:59] - [20] MIRKO.POZEN: Fichier Upload: E:\kerberos.htx\armoire madame de bouclans\DSCF4202.JPG (705,06 K/S -  1 443 964 bytes)
[19:29:00] - [20] MIRKO.POZEN: Début d'Upload de E:\kerberos.htx\armoire madame de bouclans\DSCF4204.JPG
[19:29:00] - [19] MIRKO.POZEN: Fichier Upload: E:\kerberos.htx\armoire madame de bouclans\DSCF4203.JPG (717,60 K/S -  1 469 645 bytes)
[19:29:01] - [19] MIRKO.POZEN: Début d'Upload de E:\kerberos.htx\armoire madame de bouclans\DSCF4205.JPG
[19:29:01] - [20] MIRKO.POZEN: Fichier Upload: E:\kerberos.htx\armoire madame de bouclans\DSCF4204.JPG (1 458,00 K/S -  1 493 035 bytes)
[19:29:01] - [20] MIRKO.POZEN: Début d'Upload de E:\kerberos.htx\armoire madame de bouclans\DSCF4206.JPG
[19:29:02] - [19] MIRKO.POZEN: Fichier Upload: E:\kerberos.htx\armoire madame de bouclans\DSCF4205.JPG (1 440,60 K/S -  1 475 151 bytes)
[19:29:02] - [19] MIRKO.POZEN: Début d'Upload de E:\kerberos.htx\armoire madame de bouclans\DSCF4207.JPG
[19:29:03] - [20] MIRKO.POZEN: Fichier Upload: E:\kerberos.htx\armoire madame de bouclans\DSCF4206.JPG (1 418,00 K/S -  1 452 007 bytes)
[19:29:03] - [20] MIRKO.POZEN: Début d'Upload de E:\kerberos.htx\armoire madame de bouclans\DSCF4208.JPG
[19:29:04] - [19] MIRKO.POZEN: Fichier Upload: E:\kerberos.htx\armoire madame de bouclans\DSCF4207.JPG (724,25 K/S -  1 483 264 bytes)
[19:29:04] - [19] MIRKO.POZEN: Début d'Upload de E:\kerberos.htx\armoire madame de bouclans\DSCF4209.JPG
[19:29:05] - [20] MIRKO.POZEN: Fichier Upload: E:\kerberos.htx\armoire madame de bouclans\DSCF4208.JPG (710,97 K/S -  1 456 069 bytes)
[19:29:05] - [20] MIRKO.POZEN: Début d'Upload de E:\kerberos.htx\armoire madame de bouclans\DSCF4210.JPG
[19:29:06] - [19] MIRKO.POZEN: Fichier Upload: E:\kerberos.htx\armoire madame de bouclans\DSCF4209.JPG (728,27 K/S -  1 491 503 bytes)
[19:29:06] - [19] MIRKO.POZEN: Début d'Upload de E:\kerberos.htx\armoire madame de bouclans\DSCF4211.JPG
[19:29:07] - [20] MIRKO.POZEN: Fichier Upload: E:\kerberos.htx\armoire madame de bouclans\DSCF4210.JPG (703,03 K/S -  1 439 804 bytes)
[19:29:07] - [20] MIRKO.POZEN: Début d'Upload de E:\kerberos.htx\armoire madame de bouclans\DSCF4212.JPG
[19:29:07] - [19] MIRKO.POZEN: Fichier Upload: E:\kerberos.htx\armoire madame de bouclans\DSCF4211.JPG (1 416,50 K/S -  1 450 459 bytes)
[19:29:07] - [19] MIRKO.POZEN: Début d'Upload de E:\kerberos.htx\armoire madame de bouclans\DSCF4213.JPG
[19:29:08] - [20] MIRKO.POZEN: Fichier Upload: E:\kerberos.htx\armoire madame de bouclans\DSCF4212.JPG (1 438,90 K/S -  1 473 434 bytes)
[19:29:08] - [20] MIRKO.POZEN: Début d'Upload de E:\kerberos.htx\armoire madame de bouclans\DSCF4214.JPG
[19:29:09] - [19] MIRKO.POZEN: Fichier Upload: E:\kerberos.htx\armoire madame de bouclans\DSCF4213.JPG (1 434,80 K/S -  1 469 271 bytes)
[19:29:09] - [19] MIRKO.POZEN: Début d'Upload de E:\kerberos.htx\armoire madame de bouclans\DSCF4215.JPG
[19:29:10] - [20] MIRKO.POZEN: Fichier Upload: E:\kerberos.htx\armoire madame de bouclans\DSCF4214.JPG (704,43 K/S -  1 442 669 bytes)
[19:29:10] - [20] MIRKO.POZEN: Début d'Upload de E:\kerberos.htx\armoire madame de bouclans\DSCF4216.JPG
[19:29:11] - [19] MIRKO.POZEN: Fichier Upload: E:\kerberos.htx\armoire madame de bouclans\DSCF4215.JPG (723,62 K/S -  1 481 980 bytes)
[19:29:11] - [19] MIRKO.POZEN: Début d'Upload de E:\kerberos.htx\armoire madame de bouclans\DSCF4217.JPG
[19:29:11] - [20] MIRKO.POZEN: Fichier Upload: E:\kerberos.htx\armoire madame de bouclans\DSCF4216.JPG (1 482,80 K/S -  1 518 395 bytes)
[19:29:11] - [20] MIRKO.POZEN: Début d'Upload de E:\kerberos.htx\armoire madame de bouclans\DSCF4218.JPG
[19:29:12] - [19] MIRKO.POZEN: Fichier Upload: E:\kerberos.htx\armoire madame de bouclans\DSCF4217.JPG (1 403,70 K/S -  1 437 343 bytes)
[19:29:12] - [19] MIRKO.POZEN: Début d'Upload de E:\kerberos.htx\armoire madame de bouclans\DSCF4219.JPG
[19:29:13] - [20] MIRKO.POZEN: Fichier Upload: E:\kerberos.htx\armoire madame de bouclans\DSCF4218.JPG (1 429,70 K/S -  1 463 991 bytes)
[19:29:13] - [20] MIRKO.POZEN: Début d'Upload de E:\kerberos.htx\armoire madame de bouclans\DSCF4220.JPG
[19:29:14] - [19] MIRKO.POZEN: Fichier Upload: E:\kerberos.htx\armoire madame de bouclans\DSCF4219.JPG (707,61 K/S -  1 449 177 bytes)
[19:29:14] - [19] MIRKO.POZEN: Début d'Upload de E:\kerberos.htx\armoire madame de bouclans\DSCF4221.JPG
[19:29:15] - [20] MIRKO.POZEN: Fichier Upload: E:\kerberos.htx\armoire madame de bouclans\DSCF4220.JPG (712,91 K/S -  1 460 048 bytes)
[19:29:15] - [20] MIRKO.POZEN: Début d'Upload de E:\kerberos.htx\armoire madame de bouclans\DSCF4222.JPG
[19:29:16] - [19] MIRKO.POZEN: Fichier Upload: E:\kerberos.htx\armoire madame de bouclans\DSCF4221.JPG (710,47 K/S -  1 455 038 bytes)
[19:29:16] - [19] MIRKO.POZEN: Début d'Upload de E:\kerberos.htx\armoire madame de bouclans\DSCF4223.JPG
[19:29:16] - [20] MIRKO.POZEN: Fichier Upload: E:\kerberos.htx\armoire madame de bouclans\DSCF4222.JPG (695,93 K/S -  1 425 266 bytes)
[19:29:17] - [20] MIRKO.POZEN: Début d'Upload de E:\kerberos.htx\armoire madame de bouclans\DSCF4224.JPG
[19:29:17] - [19] MIRKO.POZEN: Fichier Upload: E:\kerberos.htx\armoire madame de bouclans\DSCF4223.JPG (1 384,60 K/S -  1 417 874 bytes)
[19:29:17] - [19] MIRKO.POZEN: Début d'Upload de E:\kerberos.htx\armoire madame de bouclans\DSCF4225.JPG
[19:29:18] - [20] MIRKO.POZEN: Fichier Upload: E:\kerberos.htx\armoire madame de bouclans\DSCF4224.JPG (1 410,00 K/S -  1 443 813 bytes)
[19:29:18] - [20] MIRKO.POZEN: Début d'Upload de E:\kerberos.htx\armoire madame de bouclans\DSCF4226.JPG
[19:29:19] - [19] MIRKO.POZEN: Fichier Upload: E:\kerberos.htx\armoire madame de bouclans\DSCF4225.JPG (1 373,20 K/S -  1 406 128 bytes)
[19:29:19] - [19] MIRKO.POZEN: Début d'Upload de E:\kerberos.htx\armoire madame de bouclans\DSCF4227.JPG
[19:29:20] - [20] MIRKO.POZEN: Fichier Upload: E:\kerberos.htx\armoire madame de bouclans\DSCF4226.JPG (701,63 K/S -  1 436 940 bytes)
[19:29:20] - [20] MIRKO.POZEN: Début d'Upload de E:\kerberos.htx\armoire madame de bouclans\DSCF4228.JPG
[19:29:20] - [19] MIRKO.POZEN: Fichier Upload: E:\kerberos.htx\armoire madame de bouclans\DSCF4227.JPG (714,87 K/S -  1 464 050 bytes)
[19:29:21] - [19] MIRKO.POZEN: Début d'Upload de E:\kerberos.htx\armoire madame de bouclans\DSCF4229.JPG
[19:29:21] - [20] MIRKO.POZEN: Fichier Upload: E:\kerberos.htx\armoire madame de bouclans\DSCF4228.JPG (738,22 K/S -  1 511 877 bytes)
[19:29:22] - [20] MIRKO.POZEN: Début d'Upload de E:\kerberos.htx\armoire madame de bouclans\DSCF4231.JPG
[19:29:22] - [19] MIRKO.POZEN: Fichier Upload: E:\kerberos.htx\armoire madame de bouclans\DSCF4229.JPG (1 485,70 K/S -  1 521 366 bytes)
[19:29:22] - [19] MIRKO.POZEN: Début d'Upload de E:\kerberos.htx\armoire madame de bouclans\DSCF4232.JPG
[19:29:23] - [20] MIRKO.POZEN: Fichier Upload: E:\kerberos.htx\armoire madame de bouclans\DSCF4231.JPG (1 475,20 K/S -  1 510 655 bytes)
[19:29:23] - [20] MIRKO.POZEN: Début d'Upload de E:\kerberos.htx\armoire madame de bouclans\DSCF4233.JPG
[19:29:24] - [19] MIRKO.POZEN: Fichier Upload: E:\kerberos.htx\armoire madame de bouclans\DSCF4232.JPG (730,61 K/S -  1 496 294 bytes)
[19:29:24] - [19] MIRKO.POZEN: Début d'Upload de E:\kerberos.htx\armoire madame de bouclans\DSCF4234.JPG
[19:29:25] - [20] MIRKO.POZEN: Fichier Upload: E:\kerberos.htx\armoire madame de bouclans\DSCF4233.JPG (735,07 K/S -  1 505 414 bytes)
[19:29:25] - [20] MIRKO.POZEN: Début d'Upload de E:\kerberos.htx\armoire madame de bouclans\DSCF4235.JPG
[19:29:26] - [19] MIRKO.POZEN: Fichier Upload: E:\kerberos.htx\armoire madame de bouclans\DSCF4234.JPG (731,70 K/S -  1 498 526 bytes)
[19:29:26] - [19] MIRKO.POZEN: Début d'Upload de E:\kerberos.htx\armoire madame de bouclans\DSCF4246.JPG
[19:29:27] - [20] MIRKO.POZEN: Fichier Upload: E:\kerberos.htx\armoire madame de bouclans\DSCF4235.JPG (718,03 K/S -  1 470 517 bytes)
[19:29:27] - [20] MIRKO.POZEN: Début d'Upload de E:\kerberos.htx\armoire madame de bouclans\DSCF4247.JPG
[19:29:27] - [19] MIRKO.POZEN: Fichier Upload: E:\kerberos.htx\armoire madame de bouclans\DSCF4246.JPG (1 478,10 K/S -  1 513 597 bytes)
[19:29:27] - [19] MIRKO.POZEN: Début d'Upload de E:\kerberos.htx\armoire madame de bouclans\DSCF4252.JPG
[19:29:28] - [20] MIRKO.POZEN: Fichier Upload: E:\kerberos.htx\armoire madame de bouclans\DSCF4247.JPG (1 505,80 K/S -  1 541 958 bytes)
[19:29:28] - [20] MIRKO.POZEN: Début d'Upload de E:\kerberos.htx\armoire madame de bouclans\DSCF4253.JPG
[19:29:29] - [19] MIRKO.POZEN: Fichier Upload: E:\kerberos.htx\armoire madame de bouclans\DSCF4252.JPG (1 453,90 K/S -  1 488 763 bytes)
[19:29:29] - [19] MIRKO.POZEN: Début d'Upload de E:\kerberos.htx\armoire madame de bouclans\DSCF4259.JPG
[19:29:30] - [20] MIRKO.POZEN: Fichier Upload: E:\kerberos.htx\armoire madame de bouclans\DSCF4253.JPG (720,37 K/S -  1 475 323 bytes)
[19:29:30] - [20] MIRKO.POZEN: Début d'Upload de E:\kerberos.htx\armoire madame de bouclans\DSCF4260.JPG
[19:29:31] - [19] MIRKO.POZEN: Fichier Upload: E:\kerberos.htx\armoire madame de bouclans\DSCF4259.JPG (702,08 K/S -  1 437 859 bytes)
[19:29:31] - [19] MIRKO.POZEN: Début d'Upload de E:\kerberos.htx\armoire madame de bouclans\DSCF4261.JPG
[19:29:31] - [20] MIRKO.POZEN: Fichier Upload: E:\kerberos.htx\armoire madame de bouclans\DSCF4260.JPG (1 440,50 K/S -  1 475 087 bytes)
[19:29:31] - [20] MIRKO.POZEN: Début d'Upload de E:\kerberos.htx\armoire madame de bouclans\DSCF4262.JPG
[19:29:32] - [19] MIRKO.POZEN: Fichier Upload: E:\kerberos.htx\armoire madame de bouclans\DSCF4261.JPG (1 435,00 K/S -  1 469 479 bytes)
[19:29:32] - [19] MIRKO.POZEN: Début d'Upload de E:\kerberos.htx\armoire madame de bouclans\DSCF4263.JPG
[19:29:34] - [19] MIRKO.POZEN: Fichier Upload: E:\kerberos.htx\armoire madame de bouclans\DSCF4263.JPG (731,80 K/S -  1 498 728 bytes)
[19:29:34] - [19] MIRKO.POZEN: Début d'Upload de E:\kerberos.htx\armoire madame de bouclans\DSCF4264.JPG
[19:29:34] - [20] MIRKO.POZEN: Fichier Upload: E:\kerberos.htx\armoire madame de bouclans\DSCF4262.JPG (720,06 K/S -  1 474 691 bytes)
[19:29:34] - [20] MIRKO.POZEN: Début d'Upload de E:\kerberos.htx\armoire madame de bouclans\DSCF4265.JPG
[19:29:35] - [19] MIRKO.POZEN: Fichier Upload: E:\kerberos.htx\armoire madame de bouclans\DSCF4264.JPG (1 438,80 K/S -  1 473 319 bytes)
[19:29:35] - [19] MIRKO.POZEN: Début d'Upload de E:\kerberos.htx\armoire madame de bouclans\DSCF4266.JPG
[19:29:35] - [20] MIRKO.POZEN: Fichier Upload: E:\kerberos.htx\armoire madame de bouclans\DSCF4265.JPG (692,01 K/S -  1 417 241 bytes)
[19:29:35] - [20] MIRKO.POZEN: Début d'Upload de E:\kerberos.htx\armoire madame de bouclans\DSCF4267.JPG
[19:29:37] - [19] MIRKO.POZEN: Fichier Upload: E:\kerberos.htx\armoire madame de bouclans\DSCF4266.JPG (681,90 K/S -  1 396 537 bytes)
[19:29:37] - [19] MIRKO.POZEN: Début d'Upload de E:\kerberos.htx\armoire madame de bouclans\DSCF4268.JPG
[19:29:37] - [20] MIRKO.POZEN: Fichier Upload: E:\kerberos.htx\armoire madame de bouclans\DSCF4267.JPG (1 436,40 K/S -  1 470 892 bytes)
[19:29:37] - [20] MIRKO.POZEN: Début d'Upload de E:\kerberos.htx\armoire madame de bouclans\DSCF4269.JPG
[19:29:38] - [19] MIRKO.POZEN: Fichier Upload: E:\kerberos.htx\armoire madame de bouclans\DSCF4268.JPG (1 456,60 K/S -  1 491 563 bytes)
[19:29:38] - [19] MIRKO.POZEN: Début d'Upload de E:\kerberos.htx\armoire madame de bouclans\DSCF4272.JPG
[19:29:38] - [20] MIRKO.POZEN: Fichier Upload: E:\kerberos.htx\armoire madame de bouclans\DSCF4269.JPG (1 473,20 K/S -  1 508 532 bytes)
[19:29:38] - [20] MIRKO.POZEN: Début d'Upload de E:\kerberos.htx\armoire madame de bouclans\DSCF4273.JPG
[19:29:39] - [19] MIRKO.POZEN: Fichier Upload: E:\kerberos.htx\armoire madame de bouclans\DSCF4272.JPG (1 311,80 K/S -  1 343 242 bytes)
[19:29:39] - [19] MIRKO.POZEN: Début d'Upload de E:\kerberos.htx\armoire madame de bouclans\Image34.jpg
[19:29:39] - [19] MIRKO.POZEN: Fichier Upload: E:\kerberos.htx\armoire madame de bouclans\Image34.jpg (137,32 K/S -   140 612 bytes)
[19:29:39] - [20] MIRKO.POZEN: Fichier Upload: E:\kerberos.htx\armoire madame de bouclans\DSCF4273.JPG (666,65 K/S -  1 365 304 bytes)
[19:29:39] - [19] MIRKO.POZEN: Début d'Upload de E:\kerberos.htx\armoire madame de bouclans\Image40.jpg
[19:29:40] - [20] MIRKO.POZEN: Début d'Upload de E:\kerberos.htx\armoire madame de bouclans\Image41.jpg
[19:29:40] - [19] MIRKO.POZEN: Fichier Upload: E:\kerberos.htx\armoire madame de bouclans\Image40.jpg (120,73 K/S -   123 629 bytes)
[19:29:40] - [20] MIRKO.POZEN: Fichier Upload: E:\kerberos.htx\armoire madame de bouclans\Image41.jpg (62,96 K/S -   64 472 bytes)
[19:29:40] - [19] MIRKO.POZEN: Début d'Upload de E:\kerberos.htx\armoire madame de bouclans\Image42.jpg
[19:29:40] - [19] MIRKO.POZEN: Fichier Upload: E:\kerberos.htx\armoire madame de bouclans\Image42.jpg (61,88 K/S -   63 362 bytes)
[19:29:40] - [20] MIRKO.POZEN: Début d'Upload de E:\kerberos.htx\armoire madame de bouclans\Image44.jpg
[19:29:40] - [20] MIRKO.POZEN: Fichier Upload: E:\kerberos.htx\armoire madame de bouclans\Image44.jpg (114,10 K/S -   116 834 bytes)
[19:29:40] - [19] MIRKO.POZEN: Début d'Upload de E:\kerberos.htx\armoire madame de bouclans\Image45.jpg
[19:29:40] - [19] MIRKO.POZEN: Fichier Upload: E:\kerberos.htx\armoire madame de bouclans\Image45.jpg (116,91 K/S -   119 716 bytes)
[19:29:40] - [20] MIRKO.POZEN: Début d'Upload de E:\kerberos.htx\armoire madame de bouclans\Image46.jpg
[19:29:40] - [20] MIRKO.POZEN: Fichier Upload: E:\kerberos.htx\armoire madame de bouclans\Image46.jpg (88,25 K/S -   90 364 bytes)
[19:29:40] - [19] MIRKO.POZEN: Début d'Upload de E:\kerberos.htx\armoire madame de bouclans\Thumbs.db
[19:29:41] - [19] MIRKO.POZEN: Fichier Upload: E:\kerberos.htx\armoire madame de bouclans\Thumbs.db (483,50 K/S -   495 104 bytes)
[19:30:12] - [20] Client 192.168.0.1 Déconnecté (00:01:56 Min)
[19:30:13] - [19] Client 192.168.0.1 Déconnecté (00:01:57 Min)
[19:30:31] - [21] Connecté à 192.168.0.1. Collecte du Nom d'utilisateur.
[19:30:31] - [21] Usager MIRKO.POZEN Connecté IP: 192.168.0.1
[19:30:31] - [21] MIRKO.POZEN: Répertoire en Cours: E:\kerberos.htx\
[19:30:31] - [21] MIRKO.POZEN: Répertoire en Cours: E:\kerberos.htx\
[19:30:41] - [21] MIRKO.POZEN: Répertoire en Cours: E:\kerberos.htx\armoire madame de bouclans\
[19:30:41] - [22] Connecté à 192.168.0.1. Collecte du Nom d'utilisateur.
[19:30:41] - [23] Connecté à 192.168.0.1. Collecte du Nom d'utilisateur.
[19:30:41] - [22] Usager MIRKO.POZEN Connecté IP: 192.168.0.1
[19:30:41] - [22] MIRKO.POZEN: Répertoire en Cours: E:\kerberos.htx\
[19:30:41] - [23] Usager MIRKO.POZEN Connecté IP: 192.168.0.1
[19:30:41] - [23] MIRKO.POZEN: Répertoire en Cours: E:\kerberos.htx\
[19:30:41] - [22] MIRKO.POZEN: Répertoire en Cours: E:\kerberos.htx\armoire madame de bouclans\
[19:30:41] - [23] MIRKO.POZEN: Répertoire en Cours: E:\kerberos.htx\armoire madame de bouclans\
[19:30:41] - [22] MIRKO.POZEN: Début du Téléchargement de: E:\kerberos.htx\armoire madame de bouclans\DSCF1637.JPG
[19:30:41] - [23] MIRKO.POZEN: Début du Téléchargement de: E:\kerberos.htx\armoire madame de bouclans\DSCF1638.JPG
[19:30:42] - [22] MIRKO.POZEN: Fichier envoyé: E:\kerberos.htx\armoire madame de bouclans\DSCF1637.JPG (463,89 K/S -   475 019 bytes)
[19:30:42] - [22] MIRKO.POZEN: Début du Téléchargement de: E:\kerberos.htx\armoire madame de bouclans\DSCF1639.JPG
[19:30:43] - [23] MIRKO.POZEN: Fichier envoyé: E:\kerberos.htx\armoire madame de bouclans\DSCF1638.JPG (231,90 K/S -   474 937 bytes)
[19:30:43] - [23] MIRKO.POZEN: Début du Téléchargement de: E:\kerberos.htx\armoire madame de bouclans\DSCF1640.JPG
[19:30:44] - [22] MIRKO.POZEN: Fichier envoyé: E:\kerberos.htx\armoire madame de bouclans\DSCF1639.JPG (460,52 K/S -   471 576 bytes)
[19:30:44] - [22] MIRKO.POZEN: Début du Téléchargement de: E:\kerberos.htx\armoire madame de bouclans\DSCF1641.JPG
[19:30:44] - [23] MIRKO.POZEN: Fichier envoyé: E:\kerberos.htx\armoire madame de bouclans\DSCF1640.JPG (449,02 K/S -   459 801 bytes)
[19:30:44] - [23] MIRKO.POZEN: Début du Téléchargement de: E:\kerberos.htx\armoire madame de bouclans\DSCF1642.JPG
[19:30:45] - [22] MIRKO.POZEN: Fichier envoyé: E:\kerberos.htx\armoire madame de bouclans\DSCF1641.JPG (431,81 K/S -   442 171 bytes)
[19:30:45] - [22] MIRKO.POZEN: Début du Téléchargement de: E:\kerberos.htx\armoire madame de bouclans\DSCF1643.JPG
[19:30:45] - [23] MIRKO.POZEN: Fichier envoyé: E:\kerberos.htx\armoire madame de bouclans\DSCF1642.JPG (438,88 K/S -   449 408 bytes)
[19:30:45] - [23] MIRKO.POZEN: Début du Téléchargement de: E:\kerberos.htx\armoire madame de bouclans\DSCF1644.JPG
[19:30:46] - [22] MIRKO.POZEN: Fichier envoyé: E:\kerberos.htx\armoire madame de bouclans\DSCF1643.JPG (433,66 K/S -   444 065 bytes)
[19:30:46] - [22] MIRKO.POZEN: Début du Téléchargement de: E:\kerberos.htx\armoire madame de bouclans\DSCF1645.JPG
[19:30:46] - [23] MIRKO.POZEN: Fichier envoyé: E:\kerberos.htx\armoire madame de bouclans\DSCF1644.JPG (437,08 K/S -   447 571 bytes)
[19:30:46] - [23] MIRKO.POZEN: Début du Téléchargement de: E:\kerberos.htx\armoire madame de bouclans\DSCF1646.JPG
[19:30:47] - [22] MIRKO.POZEN: Fichier envoyé: E:\kerberos.htx\armoire madame de bouclans\DSCF1645.JPG (456,92 K/S -   467 882 bytes)
[19:30:47] - [22] MIRKO.POZEN: Début du Téléchargement de: E:\kerberos.htx\armoire madame de bouclans\DSCF1647.JPG
[19:30:48] - [23] MIRKO.POZEN: Fichier envoyé: E:\kerberos.htx\armoire madame de bouclans\DSCF1646.JPG (232,30 K/S -   475 746 bytes)
[19:30:48] - [23] MIRKO.POZEN: Début du Téléchargement de: E:\kerberos.htx\armoire madame de bouclans\DSCF1648.JPG
[19:30:49] - [22] MIRKO.POZEN: Fichier envoyé: E:\kerberos.htx\armoire madame de bouclans\DSCF1647.JPG (236,73 K/S -   484 823 bytes)
[19:30:49] - [22] MIRKO.POZEN: Début du Téléchargement de: E:\kerberos.htx\armoire madame de bouclans\DSCF1649.JPG
[19:30:49] - [23] MIRKO.POZEN: Fichier envoyé: E:\kerberos.htx\armoire madame de bouclans\DSCF1648.JPG (474,35 K/S -   485 737 bytes)
[19:30:49] - [23] MIRKO.POZEN: Début du Téléchargement de: E:\kerberos.htx\armoire madame de bouclans\DSCF1650.JPG
[19:30:50] - [22] MIRKO.POZEN: Fichier envoyé: E:\kerberos.htx\armoire madame de bouclans\DSCF1649.JPG (471,57 K/S -   482 886 bytes)
[19:30:50] - [22] MIRKO.POZEN: Début du Téléchargement de: E:\kerberos.htx\armoire madame de bouclans\DSCF1651.JPG
[19:30:50] - [23] MIRKO.POZEN: Fichier envoyé: E:\kerberos.htx\armoire madame de bouclans\DSCF1650.JPG (459,92 K/S -   470 963 bytes)
[19:30:50] - [23] MIRKO.POZEN: Début du Téléchargement de: E:\kerberos.htx\armoire madame de bouclans\DSCF1652.JPG
[19:30:51] - [22] MIRKO.POZEN: Fichier envoyé: E:\kerberos.htx\armoire madame de bouclans\DSCF1651.JPG (467,71 K/S -   478 937 bytes)
[19:30:51] - [22] MIRKO.POZEN: Début du Téléchargement de: E:\kerberos.htx\armoire madame de bouclans\DSCF1653.JPG
[19:30:51] - [23] MIRKO.POZEN: Fichier envoyé: E:\kerberos.htx\armoire madame de bouclans\DSCF1652.JPG (458,45 K/S -   469 455 bytes)
[19:30:51] - [23] MIRKO.POZEN: Début du Téléchargement de: E:\kerberos.htx\armoire madame de bouclans\DSCF1654.JPG
[19:30:52] - [22] MIRKO.POZEN: Fichier envoyé: E:\kerberos.htx\armoire madame de bouclans\DSCF1653.JPG (472,46 K/S -   483 799 bytes)
[19:30:52] - [22] MIRKO.POZEN: Début du Téléchargement de: E:\kerberos.htx\armoire madame de bouclans\DSCF1655.JPG
[19:30:53] - [23] MIRKO.POZEN: Fichier envoyé: E:\kerberos.htx\armoire madame de bouclans\DSCF1654.JPG (474,98 K/S -   486 380 bytes)
[19:30:53] - [23] MIRKO.POZEN: Début du Téléchargement de: E:\kerberos.htx\armoire madame de bouclans\DSCF1656.JPG
[19:30:54] - [22] MIRKO.POZEN: Fichier envoyé: E:\kerberos.htx\armoire madame de bouclans\DSCF1655.JPG (237,90 K/S -   487 227 bytes)
[19:30:54] - [22] MIRKO.POZEN: Début du Téléchargement de: E:\kerberos.htx\armoire madame de bouclans\DSCF1657.JPG
[19:30:54] - [23] MIRKO.POZEN: Fichier envoyé: E:\kerberos.htx\armoire madame de bouclans\DSCF1656.JPG (472,78 K/S -   484 124 bytes)
[19:30:54] - [23] MIRKO.POZEN: Début du Téléchargement de: E:\kerberos.htx\armoire madame de bouclans\DSCF1658.JPG
[19:30:55] - [22] MIRKO.POZEN: Fichier envoyé: E:\kerberos.htx\armoire madame de bouclans\DSCF1657.JPG (469,40 K/S -   480 667 bytes)
[19:30:55] - [22] MIRKO.POZEN: Début du Téléchargement de: E:\kerberos.htx\armoire madame de bouclans\DSCF1659.JPG
[19:30:55] - [23] MIRKO.POZEN: Fichier envoyé: E:\kerberos.htx\armoire madame de bouclans\DSCF1658.JPG (471,64 K/S -   482 960 bytes)
[19:30:55] - [23] MIRKO.POZEN: Début du Téléchargement de: E:\kerberos.htx\armoire madame de bouclans\DSCF1660.JPG
[19:30:56] - [22] MIRKO.POZEN: Fichier envoyé: E:\kerberos.htx\armoire madame de bouclans\DSCF1659.JPG (469,11 K/S -   480 364 bytes)
[19:30:56] - [22] MIRKO.POZEN: Début du Téléchargement de: E:\kerberos.htx\armoire madame de bouclans\DSCF1661.JPG
[19:30:57] - [23] MIRKO.POZEN: Fichier envoyé: E:\kerberos.htx\armoire madame de bouclans\DSCF1660.JPG (237,92 K/S -   487 256 bytes)
[19:30:57] - [23] MIRKO.POZEN: Début du Téléchargement de: E:\kerberos.htx\armoire madame de bouclans\DSCF1662.JPG
[19:30:58] - [22] MIRKO.POZEN: Fichier envoyé: E:\kerberos.htx\armoire madame de bouclans\DSCF1661.JPG (238,79 K/S -   489 035 bytes)
[19:30:58] - [22] MIRKO.POZEN: Début du Téléchargement de: E:\kerberos.htx\armoire madame de bouclans\DSCF1663.JPG
[19:30:58] - [23] MIRKO.POZEN: Fichier envoyé: E:\kerberos.htx\armoire madame de bouclans\DSCF1662.JPG (463,42 K/S -   474 544 bytes)
[19:30:58] - [23] MIRKO.POZEN: Début du Téléchargement de: E:\kerberos.htx\armoire madame de bouclans\DSCF1664.JPG
[19:30:59] - [22] MIRKO.POZEN: Fichier envoyé: E:\kerberos.htx\armoire madame de bouclans\DSCF1663.JPG (471,03 K/S -   482 339 bytes)
[19:30:59] - [22] MIRKO.POZEN: Début du Téléchargement de: E:\kerberos.htx\armoire madame de bouclans\DSCF1665.JPG
[19:30:59] - [23] MIRKO.POZEN: Fichier envoyé: E:\kerberos.htx\armoire madame de bouclans\DSCF1664.JPG (471,84 K/S -   483 162 bytes)
[19:30:59] - [23] MIRKO.POZEN: Début du Téléchargement de: E:\kerberos.htx\armoire madame de bouclans\DSCF1666.JPG
[19:31:00] - [22] MIRKO.POZEN: Fichier envoyé: E:\kerberos.htx\armoire madame de bouclans\DSCF1665.JPG (459,08 K/S -   470 102 bytes)
[19:31:00] - [22] MIRKO.POZEN: Début du Téléchargement de: E:\kerberos.htx\armoire madame de bouclans\DSCF1667.JPG
[19:31:00] - [23] MIRKO.POZEN: Fichier envoyé: E:\kerberos.htx\armoire madame de bouclans\DSCF1666.JPG (233,70 K/S -   478 625 bytes)
[19:31:01] - [23] MIRKO.POZEN: Début du Téléchargement de: E:\kerberos.htx\armoire madame de bouclans\DSCF1668.JPG
[19:31:01] - [22] MIRKO.POZEN: Fichier envoyé: E:\kerberos.htx\armoire madame de bouclans\DSCF1667.JPG (231,10 K/S -   473 302 bytes)
[19:31:01] - [22] MIRKO.POZEN: Début du Téléchargement de: E:\kerberos.htx\armoire madame de bouclans\DSCF1669.JPG
[19:31:02] - [23] MIRKO.POZEN: Fichier envoyé: E:\kerberos.htx\armoire madame de bouclans\DSCF1668.JPG (466,64 K/S -   477 840 bytes)
[19:31:02] - [23] MIRKO.POZEN: Début du Téléchargement de: E:\kerberos.htx\armoire madame de bouclans\DSCF1670.JPG
[19:31:03] - [22] MIRKO.POZEN: Fichier envoyé: E:\kerberos.htx\armoire madame de bouclans\DSCF1669.JPG (469,84 K/S -   481 114 bytes)
[19:31:03] - [22] MIRKO.POZEN: Début du Téléchargement de: E:\kerberos.htx\armoire madame de bouclans\DSCF1671.JPG
[19:31:03] - [23] MIRKO.POZEN: Fichier envoyé: E:\kerberos.htx\armoire madame de bouclans\DSCF1670.JPG (467,46 K/S -   478 678 bytes)
[19:31:03] - [23] MIRKO.POZEN: Début du Téléchargement de: E:\kerberos.htx\armoire madame de bouclans\DSCF1672.JPG
[19:31:04] - [22] MIRKO.POZEN: Fichier envoyé: E:\kerberos.htx\armoire madame de bouclans\DSCF1671.JPG (463,12 K/S -   474 237 bytes)
[19:31:04] - [22] MIRKO.POZEN: Début du Téléchargement de: E:\kerberos.htx\armoire madame de bouclans\DSCF1673.JPG
[19:31:04] - [23] MIRKO.POZEN: Fichier envoyé: E:\kerberos.htx\armoire madame de bouclans\DSCF1672.JPG (459,89 K/S -   470 924 bytes)
[19:31:04] - [23] MIRKO.POZEN: Début du Téléchargement de: E:\kerberos.htx\armoire madame de bouclans\DSCF1674.JPG
[19:31:05] - [22] MIRKO.POZEN: Fichier envoyé: E:\kerberos.htx\armoire madame de bouclans\DSCF1673.JPG (470,21 K/S -   481 491 bytes)
[19:31:05] - [22] MIRKO.POZEN: Début du Téléchargement de: E:\kerberos.htx\armoire madame de bouclans\DSCF1675.JPG
[19:31:05] - [23] MIRKO.POZEN: Fichier envoyé: E:\kerberos.htx\armoire madame de bouclans\DSCF1674.JPG (239,90 K/S -   491 316 bytes)
[19:31:05] - [23] MIRKO.POZEN: Début du Téléchargement de: E:\kerberos.htx\armoire madame de bouclans\DSCF1676.JPG
[19:31:06] - [22] MIRKO.POZEN: Fichier envoyé: E:\kerberos.htx\armoire madame de bouclans\DSCF1675.JPG (408,52 K/S -   418 321 bytes)
[19:31:06] - [22] MIRKO.POZEN: Début du Téléchargement de: E:\kerberos.htx\armoire madame de bouclans\DSCF1677.JPG
[19:31:07] - [23] MIRKO.POZEN: Fichier envoyé: E:\kerberos.htx\armoire madame de bouclans\DSCF1676.JPG (469,05 K/S -   480 304 bytes)
[19:31:07] - [23] MIRKO.POZEN: Début du Téléchargement de: E:\kerberos.htx\armoire madame de bouclans\DSCF1678.JPG
[19:31:08] - [22] MIRKO.POZEN: Fichier envoyé: E:\kerberos.htx\armoire madame de bouclans\DSCF1677.JPG (235,27 K/S -   481 834 bytes)
[19:31:08] - [22] MIRKO.POZEN: Début du Téléchargement de: E:\kerberos.htx\armoire madame de bouclans\DSCF1679.JPG
[19:31:08] - [23] MIRKO.POZEN: Fichier envoyé: E:\kerberos.htx\armoire madame de bouclans\DSCF1678.JPG (468,89 K/S -   480 148 bytes)
[19:31:08] - [23] MIRKO.POZEN: Début du Téléchargement de: E:\kerberos.htx\armoire madame de bouclans\DSCF1680.JPG
[19:31:09] - [22] MIRKO.POZEN: Fichier envoyé: E:\kerberos.htx\armoire madame de bouclans\DSCF1679.JPG (470,54 K/S -   481 837 bytes)
[19:31:09] - [22] MIRKO.POZEN: Début du Téléchargement de: E:\kerberos.htx\armoire madame de bouclans\DSCF1681.JPG
[19:31:09] - [23] MIRKO.POZEN: Fichier envoyé: E:\kerberos.htx\armoire madame de bouclans\DSCF1680.JPG (475,51 K/S -   486 924 bytes)
[19:31:09] - [23] MIRKO.POZEN: Début du Téléchargement de: E:\kerberos.htx\armoire madame de bouclans\DSCF1682.JPG
[19:31:10] - [22] MIRKO.POZEN: Fichier envoyé: E:\kerberos.htx\armoire madame de bouclans\DSCF1681.JPG (474,21 K/S -   485 589 bytes)
[19:31:10] - [22] MIRKO.POZEN: Début du Téléchargement de: E:\kerberos.htx\armoire madame de bouclans\DSCF1683.JPG
[19:31:11] - [23] MIRKO.POZEN: Fichier envoyé: E:\kerberos.htx\armoire madame de bouclans\DSCF1682.JPG (236,18 K/S -   483 705 bytes)
[19:31:11] - [23] MIRKO.POZEN: Début du Téléchargement de: E:\kerberos.htx\armoire madame de bouclans\DSCF1684.JPG
[19:31:12] - [22] MIRKO.POZEN: Fichier envoyé: E:\kerberos.htx\armoire madame de bouclans\DSCF1683.JPG (233,12 K/S -   477 422 bytes)
[19:31:12] - [22] MIRKO.POZEN: Début du Téléchargement de: E:\kerberos.htx\armoire madame de bouclans\DSCF1685.JPG
[19:31:12] - [23] MIRKO.POZEN: Fichier envoyé: E:\kerberos.htx\armoire madame de bouclans\DSCF1684.JPG (474,00 K/S -   485 374 bytes)
[19:31:12] - [23] MIRKO.POZEN: Début du Téléchargement de: E:\kerberos.htx\armoire madame de bouclans\DSCF1686.JPG
[19:31:13] - [22] MIRKO.POZEN: Fichier envoyé: E:\kerberos.htx\armoire madame de bouclans\DSCF1685.JPG (470,15 K/S -   481 429 bytes)
[19:31:13] - [22] MIRKO.POZEN: Début du Téléchargement de: E:\kerberos.htx\armoire madame de bouclans\DSCF1687.JPG
[19:31:13] - [23] MIRKO.POZEN: Fichier envoyé: E:\kerberos.htx\armoire madame de bouclans\DSCF1686.JPG (473,14 K/S -   484 500 bytes)
[19:31:13] - [23] MIRKO.POZEN: Début du Téléchargement de: E:\kerberos.htx\armoire madame de bouclans\DSCF2294.JPG
[19:31:14] - [22] MIRKO.POZEN: Fichier envoyé: E:\kerberos.htx\armoire madame de bouclans\DSCF1687.JPG (475,12 K/S -   486 520 bytes)
[19:31:14] - [22] MIRKO.POZEN: Début du Téléchargement de: E:\kerberos.htx\armoire madame de bouclans\DSCF2295.JPG
[19:31:15] - [23] MIRKO.POZEN: Fichier envoyé: E:\kerberos.htx\armoire madame de bouclans\DSCF2294.JPG (225,20 K/S -   461 219 bytes)
[19:31:15] - [23] MIRKO.POZEN: Début du Téléchargement de: E:\kerberos.htx\armoire madame de bouclans\DSCF2296.JPG
[19:31:15] - [22] MIRKO.POZEN: Fichier envoyé: E:\kerberos.htx\armoire madame de bouclans\DSCF2295.JPG (445,31 K/S -   456 002 bytes)
[19:31:15] - [22] MIRKO.POZEN: Début du Téléchargement de: E:\kerberos.htx\armoire madame de bouclans\DSCF2297.JPG
[19:31:16] - [23] MIRKO.POZEN: Fichier envoyé: E:\kerberos.htx\armoire madame de bouclans\DSCF2296.JPG (458,52 K/S -   469 526 bytes)
[19:31:16] - [23] MIRKO.POZEN: Début du Téléchargement de: E:\kerberos.htx\armoire madame de bouclans\DSCF2318.JPG
[19:31:17] - [22] MIRKO.POZEN: Fichier envoyé: E:\kerberos.htx\armoire madame de bouclans\DSCF2297.JPG (463,09 K/S -   474 207 bytes)
[19:31:17] - [22] MIRKO.POZEN: Début du Téléchargement de: E:\kerberos.htx\armoire madame de bouclans\DSCF2319.JPG
[19:31:20] - [23] MIRKO.POZEN: Fichier envoyé: E:\kerberos.htx\armoire madame de bouclans\DSCF2318.JPG (363,73 K/S -  1 489 828 bytes)
[19:31:20] - [23] MIRKO.POZEN: Début du Téléchargement de: E:\kerberos.htx\armoire madame de bouclans\DSCF2320.JPG
[19:31:21] - [22] MIRKO.POZEN: Fichier envoyé: E:\kerberos.htx\armoire madame de bouclans\DSCF2319.JPG (369,08 K/S -  1 511 742 bytes)
[19:31:21] - [22] MIRKO.POZEN: Début du Téléchargement de: E:\kerberos.htx\armoire madame de bouclans\DSCF2321.JPG
[19:31:24] - [23] MIRKO.POZEN: Fichier envoyé: E:\kerberos.htx\armoire madame de bouclans\DSCF2320.JPG (362,30 K/S -  1 483 964 bytes)
[19:31:24] - [23] MIRKO.POZEN: Début du Téléchargement de: E:\kerberos.htx\armoire madame de bouclans\DSCF2322.JPG
[19:31:25] - [22] MIRKO.POZEN: Fichier envoyé: E:\kerberos.htx\armoire madame de bouclans\DSCF2321.JPG (379,79 K/S -  1 555 625 bytes)
[19:31:25] - [22] MIRKO.POZEN: Début du Téléchargement de: E:\kerberos.htx\armoire madame de bouclans\DSCF2323.JPG
[19:31:28] - [23] MIRKO.POZEN: Fichier envoyé: E:\kerberos.htx\armoire madame de bouclans\DSCF2322.JPG (365,44 K/S -  1 496 851 bytes)
[19:31:28] - [23] MIRKO.POZEN: Début du Téléchargement de: E:\kerberos.htx\armoire madame de bouclans\DSCF2324.JPG
[19:31:29] - [22] MIRKO.POZEN: Fichier envoyé: E:\kerberos.htx\armoire madame de bouclans\DSCF2323.JPG (364,92 K/S -  1 494 721 bytes)
[19:31:29] - [22] MIRKO.POZEN: Début du Téléchargement de: E:\kerberos.htx\armoire madame de bouclans\DSCF2325.JPG
[19:31:31] - [23] MIRKO.POZEN: Fichier envoyé: E:\kerberos.htx\armoire madame de bouclans\DSCF2324.JPG (369,91 K/S -  1 515 163 bytes)
[19:31:32] - [23] MIRKO.POZEN: Début du Téléchargement de: E:\kerberos.htx\armoire madame de bouclans\DSCF2326.JPG
[19:31:33] - [22] MIRKO.POZEN: Fichier envoyé: E:\kerberos.htx\armoire madame de bouclans\DSCF2325.JPG (380,19 K/S -  1 557 269 bytes)
[19:31:33] - [22] MIRKO.POZEN: Début du Téléchargement de: E:\kerberos.htx\armoire madame de bouclans\DSCF2327.JPG
[19:31:35] - [23] MIRKO.POZEN: Fichier envoyé: E:\kerberos.htx\armoire madame de bouclans\DSCF2326.JPG (487,77 K/S -  1 498 439 bytes)
[19:31:35] - [23] MIRKO.POZEN: Début du Téléchargement de: E:\kerberos.htx\armoire madame de bouclans\DSCF2328.JPG
[19:31:36] - [22] MIRKO.POZEN: Fichier envoyé: E:\kerberos.htx\armoire madame de bouclans\DSCF2327.JPG (373,40 K/S -  1 529 457 bytes)
[19:31:36] - [22] MIRKO.POZEN: Début du Téléchargement de: E:\kerberos.htx\armoire madame de bouclans\DSCF2329.JPG
[19:31:39] - [23] MIRKO.POZEN: Fichier envoyé: E:\kerberos.htx\armoire madame de bouclans\DSCF2328.JPG (498,35 K/S -  1 530 936 bytes)
[19:31:39] - [23] MIRKO.POZEN: Début du Téléchargement de: E:\kerberos.htx\armoire madame de bouclans\DSCF2330.JPG
[19:31:40] - [22] MIRKO.POZEN: Fichier envoyé: E:\kerberos.htx\armoire madame de bouclans\DSCF2329.JPG (479,45 K/S -  1 472 884 bytes)
[19:31:40] - [22] MIRKO.POZEN: Début du Téléchargement de: E:\kerberos.htx\armoire madame de bouclans\DSCF2331.JPG
[19:31:43] - [23] MIRKO.POZEN: Fichier envoyé: E:\kerberos.htx\armoire madame de bouclans\DSCF2330.JPG (369,84 K/S -  1 514 871 bytes)
[19:31:43] - [23] MIRKO.POZEN: Début du Téléchargement de: E:\kerberos.htx\armoire madame de bouclans\DSCF2332.JPG
[19:31:44] - [22] MIRKO.POZEN: Fichier envoyé: E:\kerberos.htx\armoire madame de bouclans\DSCF2331.JPG (374,60 K/S -  1 534 354 bytes)
[19:31:44] - [22] MIRKO.POZEN: Début du Téléchargement de: E:\kerberos.htx\armoire madame de bouclans\DSCF4103.JPG
[19:31:47] - [23] MIRKO.POZEN: Fichier envoyé: E:\kerberos.htx\armoire madame de bouclans\DSCF2332.JPG (360,01 K/S -  1 474 581 bytes)
[19:31:47] - [23] MIRKO.POZEN: Début du Téléchargement de: E:\kerberos.htx\armoire madame de bouclans\DSCF4104.JPG
[19:31:48] - [22] MIRKO.POZEN: Fichier envoyé: E:\kerberos.htx\armoire madame de bouclans\DSCF4103.JPG (357,60 K/S -  1 464 713 bytes)
[19:31:48] - [22] MIRKO.POZEN: Début du Téléchargement de: E:\kerberos.htx\armoire madame de bouclans\DSCF4106.JPG
[19:31:51] - [23] MIRKO.POZEN: Fichier envoyé: E:\kerberos.htx\armoire madame de bouclans\DSCF4104.JPG (356,63 K/S -  1 460 764 bytes)
[19:31:51] - [23] MIRKO.POZEN: Début du Téléchargement de: E:\kerberos.htx\armoire madame de bouclans\DSCF4108.JPG
[19:31:52] - [22] MIRKO.POZEN: Fichier envoyé: E:\kerberos.htx\armoire madame de bouclans\DSCF4106.JPG (363,93 K/S -  1 490 671 bytes)
[19:31:52] - [22] MIRKO.POZEN: Début du Téléchargement de: E:\kerberos.htx\armoire madame de bouclans\DSCF4109.JPG
[19:31:55] - [23] MIRKO.POZEN: Fichier envoyé: E:\kerberos.htx\armoire madame de bouclans\DSCF4108.JPG (366,27 K/S -  1 500 228 bytes)
[19:31:55] - [23] MIRKO.POZEN: Début du Téléchargement de: E:\kerberos.htx\armoire madame de bouclans\DSCF4110.JPG
[19:31:56] - [22] MIRKO.POZEN: Fichier envoyé: E:\kerberos.htx\armoire madame de bouclans\DSCF4109.JPG (495,65 K/S -  1 522 622 bytes)
[19:31:56] - [22] MIRKO.POZEN: Début du Téléchargement de: E:\kerberos.htx\armoire madame de bouclans\DSCF4111.JPG
[19:31:59] - [23] MIRKO.POZEN: Fichier envoyé: E:\kerberos.htx\armoire madame de bouclans\DSCF4110.JPG (353,63 K/S -  1 448 468 bytes)
[19:31:59] - [23] MIRKO.POZEN: Début du Téléchargement de: E:\kerberos.htx\armoire madame de bouclans\DSCF4112.JPG
[19:32:00] - [22] MIRKO.POZEN: Fichier envoyé: E:\kerberos.htx\armoire madame de bouclans\DSCF4111.JPG (365,75 K/S -  1 498 110 bytes)
[19:32:00] - [22] MIRKO.POZEN: Début du Téléchargement de: E:\kerberos.htx\armoire madame de bouclans\DSCF4114.JPG
[19:32:03] - [23] MIRKO.POZEN: Fichier envoyé: E:\kerberos.htx\armoire madame de bouclans\DSCF4112.JPG (366,77 K/S -  1 502 272 bytes)
[19:32:03] - [23] MIRKO.POZEN: Début du Téléchargement de: E:\kerberos.htx\armoire madame de bouclans\DSCF4115.JPG
[19:32:04] - [22] MIRKO.POZEN: Fichier envoyé: E:\kerberos.htx\armoire madame de bouclans\DSCF4114.JPG (358,53 K/S -  1 468 523 bytes)
[19:32:04] - [22] MIRKO.POZEN: Début du Téléchargement de: E:\kerberos.htx\armoire madame de bouclans\DSCF4116.JPG
[19:32:07] - [23] MIRKO.POZEN: Fichier envoyé: E:\kerberos.htx\armoire madame de bouclans\DSCF4115.JPG (361,31 K/S -  1 479 906 bytes)
[19:32:07] - [23] MIRKO.POZEN: Début du Téléchargement de: E:\kerberos.htx\armoire madame de bouclans\DSCF4198.JPG
[19:32:08] - [22] MIRKO.POZEN: Fichier envoyé: E:\kerberos.htx\armoire madame de bouclans\DSCF4116.JPG (354,94 K/S -  1 453 835 bytes)
[19:32:08] - [22] MIRKO.POZEN: Début du Téléchargement de: E:\kerberos.htx\armoire madame de bouclans\DSCF4199.JPG
[19:32:10] - [23] MIRKO.POZEN: Fichier envoyé: E:\kerberos.htx\armoire madame de bouclans\DSCF4198.JPG (485,72 K/S -  1 492 137 bytes)
[19:32:10] - [23] MIRKO.POZEN: Début du Téléchargement de: E:\kerberos.htx\armoire madame de bouclans\DSCF4200.JPG
[19:32:12] - [22] MIRKO.POZEN: Fichier envoyé: E:\kerberos.htx\armoire madame de bouclans\DSCF4199.JPG (370,05 K/S -  1 515 723 bytes)
[19:32:12] - [22] MIRKO.POZEN: Début du Téléchargement de: E:\kerberos.htx\armoire madame de bouclans\DSCF4201.JPG
[19:32:14] - [23] MIRKO.POZEN: Fichier envoyé: E:\kerberos.htx\armoire madame de bouclans\DSCF4200.JPG (361,30 K/S -  1 479 874 bytes)
[19:32:14] - [23] MIRKO.POZEN: Début du Téléchargement de: E:\kerberos.htx\armoire madame de bouclans\DSCF4202.JPG
[19:32:15] - [22] MIRKO.POZEN: Fichier envoyé: E:\kerberos.htx\armoire madame de bouclans\DSCF4201.JPG (485,86 K/S -  1 492 550 bytes)
[19:32:15] - [22] MIRKO.POZEN: Début du Téléchargement de: E:\kerberos.htx\armoire madame de bouclans\DSCF4203.JPG
[19:32:18] - [23] MIRKO.POZEN: Fichier envoyé: E:\kerberos.htx\armoire madame de bouclans\DSCF4202.JPG (352,53 K/S -  1 443 964 bytes)
[19:32:18] - [23] MIRKO.POZEN: Début du Téléchargement de: E:\kerberos.htx\armoire madame de bouclans\DSCF4204.JPG
[19:32:19] - [22] MIRKO.POZEN: Fichier envoyé: E:\kerberos.htx\armoire madame de bouclans\DSCF4203.JPG (478,40 K/S -  1 469 645 bytes)
[19:32:19] - [22] MIRKO.POZEN: Début du Téléchargement de: E:\kerberos.htx\armoire madame de bouclans\DSCF4205.JPG
[19:32:22] - [23] MIRKO.POZEN: Fichier envoyé: E:\kerberos.htx\armoire madame de bouclans\DSCF4204.JPG (364,51 K/S -  1 493 035 bytes)
[19:32:22] - [23] MIRKO.POZEN: Début du Téléchargement de: E:\kerberos.htx\armoire madame de bouclans\DSCF4206.JPG
[19:32:23] - [22] MIRKO.POZEN: Fichier envoyé: E:\kerberos.htx\armoire madame de bouclans\DSCF4205.JPG (360,14 K/S -  1 475 151 bytes)
[19:32:23] - [22] MIRKO.POZEN: Début du Téléchargement de: E:\kerberos.htx\armoire madame de bouclans\DSCF4207.JPG
[19:32:26] - [23] MIRKO.POZEN: Fichier envoyé: E:\kerberos.htx\armoire madame de bouclans\DSCF4206.JPG (354,49 K/S -  1 452 007 bytes)
[19:32:26] - [23] MIRKO.POZEN: Début du Téléchargement de: E:\kerberos.htx\armoire madame de bouclans\DSCF4208.JPG
[19:32:26] - [22] MIRKO.POZEN: Fichier envoyé: E:\kerberos.htx\armoire madame de bouclans\DSCF4207.JPG (362,13 K/S -  1 483 264 bytes)
[19:32:26] - [22] MIRKO.POZEN: Début du Téléchargement de: E:\kerberos.htx\armoire madame de bouclans\DSCF4209.JPG
[19:32:29] - [23] MIRKO.POZEN: Fichier envoyé: E:\kerberos.htx\armoire madame de bouclans\DSCF4208.JPG (355,49 K/S -  1 456 069 bytes)
[19:32:30] - [23] MIRKO.POZEN: Début du Téléchargement de: E:\kerberos.htx\armoire madame de bouclans\DSCF4210.JPG
[19:32:30] - [22] MIRKO.POZEN: Fichier envoyé: E:\kerberos.htx\armoire madame de bouclans\DSCF4209.JPG (485,52 K/S -  1 491 503 bytes)
[19:32:30] - [22] MIRKO.POZEN: Début du Téléchargement de: E:\kerberos.htx\armoire madame de bouclans\DSCF4211.JPG
[19:32:33] - [23] MIRKO.POZEN: Fichier envoyé: E:\kerberos.htx\armoire madame de bouclans\DSCF4210.JPG (468,69 K/S -  1 439 804 bytes)
[19:32:33] - [23] MIRKO.POZEN: Début du Téléchargement de: E:\kerberos.htx\armoire madame de bouclans\DSCF4212.JPG
[19:32:34] - [22] MIRKO.POZEN: Fichier envoyé: E:\kerberos.htx\armoire madame de bouclans\DSCF4211.JPG (472,15 K/S -  1 450 459 bytes)
[19:32:34] - [22] MIRKO.POZEN: Début du Téléchargement de: E:\kerberos.htx\armoire madame de bouclans\DSCF4213.JPG
[19:32:38] - [23] MIRKO.POZEN: Fichier envoyé: E:\kerberos.htx\armoire madame de bouclans\DSCF4212.JPG (287,78 K/S -  1 473 434 bytes)
[19:32:38] - [23] MIRKO.POZEN: Début du Téléchargement de: E:\kerberos.htx\armoire madame de bouclans\DSCF4214.JPG
[19:32:38] - [22] MIRKO.POZEN: Fichier envoyé: E:\kerberos.htx\armoire madame de bouclans\DSCF4213.JPG (358,71 K/S -  1 469 271 bytes)
[19:32:38] - [22] MIRKO.POZEN: Début du Téléchargement de: E:\kerberos.htx\armoire madame de bouclans\DSCF4215.JPG
[19:32:42] - [22] MIRKO.POZEN: Fichier envoyé: E:\kerberos.htx\armoire madame de bouclans\DSCF4215.JPG (361,81 K/S -  1 481 980 bytes)
[19:32:42] - [23] MIRKO.POZEN: Fichier envoyé: E:\kerberos.htx\armoire madame de bouclans\DSCF4214.JPG (352,21 K/S -  1 442 669 bytes)
[19:32:42] - [22] MIRKO.POZEN: Début du Téléchargement de: E:\kerberos.htx\armoire madame de bouclans\DSCF4216.JPG
[19:32:42] - [23] MIRKO.POZEN: Début du Téléchargement de: E:\kerberos.htx\armoire madame de bouclans\DSCF4217.JPG
[19:32:46] - [23] MIRKO.POZEN: Fichier envoyé: E:\kerberos.htx\armoire madame de bouclans\DSCF4217.JPG (350,91 K/S -  1 437 343 bytes)
[19:32:46] - [23] MIRKO.POZEN: Début du Téléchargement de: E:\kerberos.htx\armoire madame de bouclans\DSCF4218.JPG
[19:32:46] - [22] MIRKO.POZEN: Fichier envoyé: E:\kerberos.htx\armoire madame de bouclans\DSCF4216.JPG (370,70 K/S -  1 518 395 bytes)
[19:32:46] - [22] MIRKO.POZEN: Début du Téléchargement de: E:\kerberos.htx\armoire madame de bouclans\DSCF4219.JPG
[19:32:49] - [23] MIRKO.POZEN: Fichier envoyé: E:\kerberos.htx\armoire madame de bouclans\DSCF4218.JPG (476,56 K/S -  1 463 991 bytes)
[19:32:49] - [23] MIRKO.POZEN: Début du Téléchargement de: E:\kerberos.htx\armoire madame de bouclans\DSCF4220.JPG
[19:32:49] - [22] MIRKO.POZEN: Fichier envoyé: E:\kerberos.htx\armoire madame de bouclans\DSCF4219.JPG (353,80 K/S -  1 449 177 bytes)
[19:32:50] - [22] MIRKO.POZEN: Début du Téléchargement de: E:\kerberos.htx\armoire madame de bouclans\DSCF4221.JPG
[19:32:53] - [23] MIRKO.POZEN: Fichier envoyé: E:\kerberos.htx\armoire madame de bouclans\DSCF4220.JPG (475,28 K/S -  1 460 048 bytes)
[19:32:53] - [23] MIRKO.POZEN: Début du Téléchargement de: E:\kerberos.htx\armoire madame de bouclans\DSCF4222.JPG
[19:32:53] - [22] MIRKO.POZEN: Fichier envoyé: E:\kerberos.htx\armoire madame de bouclans\DSCF4221.JPG (473,65 K/S -  1 455 038 bytes)
[19:32:53] - [22] MIRKO.POZEN: Début du Téléchargement de: E:\kerberos.htx\armoire madame de bouclans\DSCF4223.JPG
[19:32:57] - [23] MIRKO.POZEN: Fichier envoyé: E:\kerberos.htx\armoire madame de bouclans\DSCF4222.JPG (347,97 K/S -  1 425 266 bytes)
[19:32:57] - [23] MIRKO.POZEN: Début du Téléchargement de: E:\kerberos.htx\armoire madame de bouclans\DSCF4224.JPG
[19:32:57] - [22] MIRKO.POZEN: Fichier envoyé: E:\kerberos.htx\armoire madame de bouclans\DSCF4223.JPG (346,16 K/S -  1 417 874 bytes)
[19:32:57] - [22] MIRKO.POZEN: Début du Téléchargement de: E:\kerberos.htx\armoire madame de bouclans\DSCF4225.JPG
[19:33:00] - [23] MIRKO.POZEN: Fichier envoyé: E:\kerberos.htx\armoire madame de bouclans\DSCF4224.JPG (352,49 K/S -  1 443 813 bytes)
[19:33:00] - [22] MIRKO.POZEN: Fichier envoyé: E:\kerberos.htx\armoire madame de bouclans\DSCF4225.JPG (343,29 K/S -  1 406 128 bytes)
[19:33:01] - [23] MIRKO.POZEN: Début du Téléchargement de: E:\kerberos.htx\armoire madame de bouclans\DSCF4226.JPG
[19:33:01] - [22] MIRKO.POZEN: Début du Téléchargement de: E:\kerberos.htx\armoire madame de bouclans\DSCF4227.JPG
[19:33:04] - [23] MIRKO.POZEN: Fichier envoyé: E:\kerberos.htx\armoire madame de bouclans\DSCF4226.JPG (467,75 K/S -  1 436 940 bytes)
[19:33:04] - [23] MIRKO.POZEN: Début du Téléchargement de: E:\kerberos.htx\armoire madame de bouclans\DSCF4228.JPG
[19:33:04] - [22] MIRKO.POZEN: Fichier envoyé: E:\kerberos.htx\armoire madame de bouclans\DSCF4227.JPG (476,58 K/S -  1 464 050 bytes)
[19:33:04] - [22] MIRKO.POZEN: Début du Téléchargement de: E:\kerberos.htx\armoire madame de bouclans\DSCF4229.JPG
[19:33:08] - [23] MIRKO.POZEN: Fichier envoyé: E:\kerberos.htx\armoire madame de bouclans\DSCF4228.JPG (369,11 K/S -  1 511 877 bytes)
[19:33:08] - [23] MIRKO.POZEN: Début du Téléchargement de: E:\kerberos.htx\armoire madame de bouclans\DSCF4231.JPG
[19:33:08] - [22] MIRKO.POZEN: Fichier envoyé: E:\kerberos.htx\armoire madame de bouclans\DSCF4229.JPG (371,43 K/S -  1 521 366 bytes)
[19:33:08] - [22] MIRKO.POZEN: Début du Téléchargement de: E:\kerberos.htx\armoire madame de bouclans\DSCF4232.JPG
[19:33:12] - [23] MIRKO.POZEN: Fichier envoyé: E:\kerberos.htx\armoire madame de bouclans\DSCF4231.JPG (368,81 K/S -  1 510 655 bytes)
[19:33:12] - [23] MIRKO.POZEN: Début du Téléchargement de: E:\kerberos.htx\armoire madame de bouclans\DSCF4233.JPG
[19:33:12] - [22] MIRKO.POZEN: Fichier envoyé: E:\kerberos.htx\armoire madame de bouclans\DSCF4232.JPG (365,31 K/S -  1 496 294 bytes)
[19:33:12] - [22] MIRKO.POZEN: Début du Téléchargement de: E:\kerberos.htx\armoire madame de bouclans\DSCF4234.JPG
[19:33:16] - [23] MIRKO.POZEN: Fichier envoyé: E:\kerberos.htx\armoire madame de bouclans\DSCF4233.JPG (367,53 K/S -  1 505 414 bytes)
[19:33:16] - [23] MIRKO.POZEN: Début du Téléchargement de: E:\kerberos.htx\armoire madame de bouclans\DSCF4235.JPG
[19:33:16] - [22] MIRKO.POZEN: Fichier envoyé: E:\kerberos.htx\armoire madame de bouclans\DSCF4234.JPG (365,85 K/S -  1 498 526 bytes)
[19:33:16] - [22] MIRKO.POZEN: Début du Téléchargement de: E:\kerberos.htx\armoire madame de bouclans\DSCF4246.JPG
[19:33:19] - [1] MIRKO.POZEN: Répertoire en Cours: E:\kerberos.htx\
[19:33:19] - [1] MIRKO.POZEN: Nouveau Répertoire: E:\kerberos.htx\armoire.restaurer
[19:33:19] - [1] MIRKO.POZEN: Répertoire en Cours: E:\kerberos.htx\
[19:33:19] - [1] MIRKO.POZEN: Nouveau Répertoire: E:\kerberos.htx\armoire.restaurer
[19:33:19] - [24] Connecté à 192.168.0.1. Collecte du Nom d'utilisateur.
[19:33:19] - [25] Connecté à 192.168.0.1. Collecte du Nom d'utilisateur.
[19:33:19] - [24] Usager MIRKO.POZEN Connecté IP: 192.168.0.1
[19:33:19] - [24] MIRKO.POZEN: Répertoire en Cours: E:\kerberos.htx\
[19:33:19] - [25] Usager MIRKO.POZEN Connecté IP: 192.168.0.1
[19:33:19] - [25] MIRKO.POZEN: Répertoire en Cours: E:\kerberos.htx\
[19:33:20] - [24] MIRKO.POZEN: Répertoire en Cours: E:\kerberos.htx\armoire.restaurer\
[19:33:20] - [25] MIRKO.POZEN: Répertoire en Cours: E:\kerberos.htx\armoire.restaurer\
[19:33:20] - [23] MIRKO.POZEN: Fichier envoyé: E:\kerberos.htx\armoire madame de bouclans\DSCF4235.JPG (359,01 K/S -  1 470 517 bytes)
[19:33:20] - [23] MIRKO.POZEN: Début du Téléchargement de: E:\kerberos.htx\armoire madame de bouclans\DSCF4247.JPG
[19:33:20] - [24] MIRKO.POZEN: Début d'Upload de E:\kerberos.htx\armoire.restaurer\DSCF3701.JPG
[19:33:20] - [25] MIRKO.POZEN: Début d'Upload de E:\kerberos.htx\armoire.restaurer\DSCF3702.JPG
[19:33:20] - [22] MIRKO.POZEN: Fichier envoyé: E:\kerberos.htx\armoire madame de bouclans\DSCF4246.JPG (369,53 K/S -  1 513 597 bytes)
[19:33:20] - [22] MIRKO.POZEN: Début du Téléchargement de: E:\kerberos.htx\armoire madame de bouclans\DSCF4252.JPG
[19:33:22] - [24] MIRKO.POZEN: Fichier Upload: E:\kerberos.htx\armoire.restaurer\DSCF3701.JPG (644,44 K/S -  1 319 809 bytes)
[19:33:22] - [24] MIRKO.POZEN: Début d'Upload de E:\kerberos.htx\armoire.restaurer\DSCF3703.JPG
[19:33:22] - [25] MIRKO.POZEN: Fichier Upload: E:\kerberos.htx\armoire.restaurer\DSCF3702.JPG (647,75 K/S -  1 326 587 bytes)
[19:33:22] - [25] MIRKO.POZEN: Début d'Upload de E:\kerberos.htx\armoire.restaurer\DSCF3704.JPG
[19:33:24] - [24] MIRKO.POZEN: Fichier Upload: E:\kerberos.htx\armoire.restaurer\DSCF3703.JPG (438,92 K/S -  1 348 368 bytes)
[19:33:24] - [24] MIRKO.POZEN: Début d'Upload de E:\kerberos.htx\armoire.restaurer\DSCF3705.JPG
[19:33:25] - [25] MIRKO.POZEN: Fichier Upload: E:\kerberos.htx\armoire.restaurer\DSCF3704.JPG (647,93 K/S -  1 326 965 bytes)
[19:33:25] - [25] MIRKO.POZEN: Début d'Upload de E:\kerberos.htx\armoire.restaurer\DSCF3706.JPG
[19:33:27] - [24] MIRKO.POZEN: Fichier Upload: E:\kerberos.htx\armoire.restaurer\DSCF3705.JPG (648,74 K/S -  1 328 628 bytes)
[19:33:27] - [24] MIRKO.POZEN: Début d'Upload de E:\kerberos.htx\armoire.restaurer\DSCF3707.JPG
[19:33:27] - [25] MIRKO.POZEN: Fichier Upload: E:\kerberos.htx\armoire.restaurer\DSCF3706.JPG (477,02 K/S -  1 465 398 bytes)
[19:33:28] - [25] MIRKO.POZEN: Début d'Upload de E:\kerberos.htx\armoire.restaurer\DSCF3708.JPG
[19:33:29] - [24] MIRKO.POZEN: Fichier Upload: E:\kerberos.htx\armoire.restaurer\DSCF3707.JPG (430,79 K/S -  1 323 390 bytes)
[19:33:29] - [23] MIRKO.POZEN: Fichier envoyé: E:\kerberos.htx\armoire madame de bouclans\DSCF4247.JPG (150,58 K/S -  1 541 958 bytes)
[19:33:29] - [24] MIRKO.POZEN: Début d'Upload de E:\kerberos.htx\armoire.restaurer\DSCF3709.JPG
[19:33:30] - [23] MIRKO.POZEN: Début du Téléchargement de: E:\kerberos.htx\armoire madame de bouclans\DSCF4253.JPG
[19:33:30] - [22] MIRKO.POZEN: Fichier envoyé: E:\kerberos.htx\armoire madame de bouclans\DSCF4252.JPG (145,39 K/S -  1 488 763 bytes)
[19:33:30] - [22] MIRKO.POZEN: Début du Téléchargement de: E:\kerberos.htx\armoire madame de bouclans\DSCF4259.JPG
[19:33:30] - [25] MIRKO.POZEN: Fichier Upload: E:\kerberos.htx\armoire.restaurer\DSCF3708.JPG (708,18 K/S -  1 450 345 bytes)
[19:33:30] - [25] MIRKO.POZEN: Début d'Upload de E:\kerberos.htx\armoire.restaurer\DSCF3710.JPG
[19:33:32] - [24] MIRKO.POZEN: Fichier Upload: E:\kerberos.htx\armoire.restaurer\DSCF3709.JPG (707,27 K/S -  1 448 493 bytes)
[19:33:32] - [24] MIRKO.POZEN: Début d'Upload de E:\kerberos.htx\armoire.restaurer\DSCF3711.JPG
[19:33:32] - [25] MIRKO.POZEN: Fichier Upload: E:\kerberos.htx\armoire.restaurer\DSCF3710.JPG (578,59 K/S -  1 184 960 bytes)
[19:33:32] - [25] MIRKO.POZEN: Début d'Upload de E:\kerberos.htx\armoire.restaurer\DSCF3712.JPG
[19:33:34] - [24] MIRKO.POZEN: Fichier Upload: E:\kerberos.htx\armoire.restaurer\DSCF3711.JPG (470,69 K/S -  1 445 969 bytes)
[19:33:35] - [24] MIRKO.POZEN: Début d'Upload de E:\kerberos.htx\armoire.restaurer\DSCF3713.JPG
[19:33:35] - [25] MIRKO.POZEN: Fichier Upload: E:\kerberos.htx\armoire.restaurer\DSCF3712.JPG (472,29 K/S -  1 450 887 bytes)
[19:33:35] - [25] MIRKO.POZEN: Début d'Upload de E:\kerberos.htx\armoire.restaurer\DSCF3714.JPG
[19:33:38] - [25] MIRKO.POZEN: Fichier Upload: E:\kerberos.htx\armoire.restaurer\DSCF3714.JPG (470,10 K/S -  1 444 149 bytes)
[19:33:38] - [25] MIRKO.POZEN: Début d'Upload de E:\kerberos.htx\armoire.restaurer\DSCF3715.JPG
[19:33:38] - [24] MIRKO.POZEN: Fichier Upload: E:\kerberos.htx\armoire.restaurer\DSCF3713.JPG (470,69 K/S -  1 445 975 bytes)
[19:33:38] - [24] MIRKO.POZEN: Début d'Upload de E:\kerberos.htx\armoire.restaurer\DSCF3716.JPG
[19:33:39] - [23] MIRKO.POZEN: Fichier envoyé: E:\kerberos.htx\armoire madame de bouclans\DSCF4253.JPG (160,08 K/S -  1 475 323 bytes)
[19:33:39] - [22] MIRKO.POZEN: Fichier envoyé: E:\kerberos.htx\armoire madame de bouclans\DSCF4259.JPG (156,02 K/S -  1 437 859 bytes)
[19:33:39] - [23] MIRKO.POZEN: Début du Téléchargement de: E:\kerberos.htx\armoire madame de bouclans\DSCF4260.JPG
[19:33:39] - [22] MIRKO.POZEN: Début du Téléchargement de: E:\kerberos.htx\armoire madame de bouclans\DSCF4261.JPG
[19:33:40] - [25] MIRKO.POZEN: Fichier Upload: E:\kerberos.htx\armoire.restaurer\DSCF3715.JPG (635,52 K/S -  1 301 535 bytes)
[19:33:40] - [25] MIRKO.POZEN: Début d'Upload de E:\kerberos.htx\armoire.restaurer\DSCF3717.JPG
[19:33:41] - [24] MIRKO.POZEN: Fichier Upload: E:\kerberos.htx\armoire.restaurer\DSCF3716.JPG (482,63 K/S -  1 482 631 bytes)
[19:33:41] - [24] MIRKO.POZEN: Début d'Upload de E:\kerberos.htx\armoire.restaurer\DSCF3718.JPG
[19:33:42] - [25] MIRKO.POZEN: Fichier Upload: E:\kerberos.htx\armoire.restaurer\DSCF3717.JPG (708,52 K/S -  1 451 051 bytes)
[19:33:42] - [25] MIRKO.POZEN: Début d'Upload de E:\kerberos.htx\armoire.restaurer\DSCF3719.JPG
[19:33:43] - [24] MIRKO.POZEN: Fichier Upload: E:\kerberos.htx\armoire.restaurer\DSCF3718.JPG (720,35 K/S -  1 475 267 bytes)
[19:33:43] - [24] MIRKO.POZEN: Début d'Upload de E:\kerberos.htx\armoire.restaurer\DSCF3720.JPG
[19:33:45] - [25] MIRKO.POZEN: Fichier Upload: E:\kerberos.htx\armoire.restaurer\DSCF3719.JPG (705,44 K/S -  1 444 751 bytes)
[19:33:45] - [25] MIRKO.POZEN: Début d'Upload de E:\kerberos.htx\armoire.restaurer\DSCF3721.JPG
[19:33:46] - [24] MIRKO.POZEN: Fichier Upload: E:\kerberos.htx\armoire.restaurer\DSCF3720.JPG (701,57 K/S -  1 436 809 bytes)
[19:33:46] - [24] MIRKO.POZEN: Début d'Upload de E:\kerberos.htx\armoire.restaurer\DSCF3722.JPG
[19:33:48] - [25] MIRKO.POZEN: Fichier Upload: E:\kerberos.htx\armoire.restaurer\DSCF3721.JPG (462,46 K/S -  1 420 669 bytes)
[19:33:48] - [25] MIRKO.POZEN: Début d'Upload de E:\kerberos.htx\armoire.restaurer\DSCF3723.JPG
[19:33:48] - [22] MIRKO.POZEN: Fichier envoyé: E:\kerberos.htx\armoire madame de bouclans\DSCF4261.JPG (159,45 K/S -  1 469 479 bytes)
[19:33:48] - [22] MIRKO.POZEN: Début du Téléchargement de: E:\kerberos.htx\armoire madame de bouclans\DSCF4262.JPG
[19:33:48] - [23] MIRKO.POZEN: Fichier envoyé: E:\kerberos.htx\armoire madame de bouclans\DSCF4260.JPG (160,06 K/S -  1 475 087 bytes)
[19:33:48] - [23] MIRKO.POZEN: Début du Téléchargement de: E:\kerberos.htx\armoire madame de bouclans\DSCF4263.JPG
[19:33:49] - [24] MIRKO.POZEN: Fichier Upload: E:\kerberos.htx\armoire.restaurer\DSCF3722.JPG (470,05 K/S -  1 443 993 bytes)
[19:33:49] - [24] MIRKO.POZEN: Début d'Upload de E:\kerberos.htx\armoire.restaurer\DSCF3724.JPG
[19:33:50] - [25] MIRKO.POZEN: Fichier Upload: E:\kerberos.htx\armoire.restaurer\DSCF3723.JPG (687,07 K/S -  1 407 114 bytes)
[19:33:50] - [25] MIRKO.POZEN: Début d'Upload de E:\kerberos.htx\armoire.restaurer\DSCF3725.JPG
[19:33:51] - [24] MIRKO.POZEN: Fichier Upload: E:\kerberos.htx\armoire.restaurer\DSCF3724.JPG (703,24 K/S -  1 440 236 bytes)
[19:33:51] - [24] MIRKO.POZEN: Début d'Upload de E:\kerberos.htx\armoire.restaurer\DSCF3726.JPG
[19:33:53] - [25] MIRKO.POZEN: Fichier Upload: E:\kerberos.htx\armoire.restaurer\DSCF3725.JPG (463,70 K/S -  1 424 485 bytes)
[19:33:53] - [25] MIRKO.POZEN: Début d'Upload de E:\kerberos.htx\armoire.restaurer\DSCF3815.JPG
[19:33:54] - [24] MIRKO.POZEN: Fichier Upload: E:\kerberos.htx\armoire.restaurer\DSCF3726.JPG (466,25 K/S -  1 432 333 bytes)
[19:33:54] - [24] MIRKO.POZEN: Début d'Upload de E:\kerberos.htx\armoire.restaurer\DSCF3816.JPG
[19:33:55] - [25] MIRKO.POZEN: Fichier Upload: E:\kerberos.htx\armoire.restaurer\DSCF3815.JPG (493,87 K/S -  1 517 166 bytes)
[19:33:56] - [25] MIRKO.POZEN: Début d'Upload de E:\kerberos.htx\armoire.restaurer\DSCF3819.JPG
[19:33:56] - [24] MIRKO.POZEN: Fichier Upload: E:\kerberos.htx\armoire.restaurer\DSCF3816.JPG (497,55 K/S -  1 528 483 bytes)
[19:33:57] - [24] MIRKO.POZEN: Début d'Upload de E:\kerberos.htx\armoire.restaurer\DSCF3820.JPG
[19:33:57] - [22] MIRKO.POZEN: Fichier envoyé: E:\kerberos.htx\armoire madame de bouclans\DSCF4262.JPG (160,01 K/S -  1 474 691 bytes)
[19:33:58] - [22] MIRKO.POZEN: Début du Téléchargement de: E:\kerberos.htx\armoire madame de bouclans\DSCF4264.JPG
[19:33:58] - [23] MIRKO.POZEN: Fichier envoyé: E:\kerberos.htx\armoire madame de bouclans\DSCF4263.JPG (162,62 K/S -  1 498 728 bytes)
[19:33:58] - [25] MIRKO.POZEN: Fichier Upload: E:\kerberos.htx\armoire.restaurer\DSCF3819.JPG (661,24 K/S -  1 354 225 bytes)
[19:33:58] - [23] MIRKO.POZEN: Début du Téléchargement de: E:\kerberos.htx\armoire madame de bouclans\DSCF4265.JPG
[19:33:58] - [25] MIRKO.POZEN: Début d'Upload de E:\kerberos.htx\armoire.restaurer\DSCF3821.JPG
[19:33:59] - [24] MIRKO.POZEN: Fichier Upload: E:\kerberos.htx\armoire.restaurer\DSCF3820.JPG (642,21 K/S -  1 315 239 bytes)
[19:33:59] - [24] MIRKO.POZEN: Début d'Upload de E:\kerberos.htx\armoire.restaurer\DSCF3822.JPG
[19:34:01] - [25] MIRKO.POZEN: Fichier Upload: E:\kerberos.htx\armoire.restaurer\DSCF3821.JPG (475,47 K/S -  1 460 638 bytes)
[19:34:01] - [25] MIRKO.POZEN: Début d'Upload de E:\kerberos.htx\armoire.restaurer\DSCF3823.JPG
[19:34:01] - [24] MIRKO.POZEN: Fichier Upload: E:\kerberos.htx\armoire.restaurer\DSCF3822.JPG (642,76 K/S -  1 316 370 bytes)
[19:34:01] - [24] MIRKO.POZEN: Début d'Upload de E:\kerberos.htx\armoire.restaurer\DSCF3824.JPG
[19:34:03] - [24] MIRKO.POZEN: Fichier Upload: E:\kerberos.htx\armoire.restaurer\DSCF3824.JPG (425,74 K/S -  1 307 878 bytes)
[19:34:04] - [24] MIRKO.POZEN: Début d'Upload de E:\kerberos.htx\armoire.restaurer\DSCF3825.JPG
[19:34:04] - [25] MIRKO.POZEN: Fichier Upload: E:\kerberos.htx\armoire.restaurer\DSCF3823.JPG (423,98 K/S -  1 302 476 bytes)
[19:34:04] - [25] MIRKO.POZEN: Début d'Upload de E:\kerberos.htx\armoire.restaurer\DSCF3826.JPG
[19:34:06] - [24] MIRKO.POZEN: Fichier Upload: E:\kerberos.htx\armoire.restaurer\DSCF3825.JPG (646,35 K/S -  1 323 715 bytes)
[19:34:06] - [24] MIRKO.POZEN: Début d'Upload de E:\kerberos.htx\armoire.restaurer\Thumbs.db
[19:34:06] - [25] MIRKO.POZEN: Fichier Upload: E:\kerberos.htx\armoire.restaurer\DSCF3826.JPG (638,72 K/S -  1 308 098 bytes)
[19:34:06] - [24] MIRKO.POZEN: Fichier Upload: E:\kerberos.htx\armoire.restaurer\Thumbs.db (140,50 K/S -   143 872 bytes)
[19:34:06] - [22] MIRKO.POZEN: Fichier envoyé: E:\kerberos.htx\armoire madame de bouclans\DSCF4264.JPG (159,87 K/S -  1 473 319 bytes)
[19:34:06] - [23] MIRKO.POZEN: Fichier envoyé: E:\kerberos.htx\armoire madame de bouclans\DSCF4265.JPG (153,78 K/S -  1 417 241 bytes)
[19:34:07] - [23] MIRKO.POZEN: Début du Téléchargement de: E:\kerberos.htx\armoire madame de bouclans\DSCF4267.JPG
[19:34:07] - [22] MIRKO.POZEN: Début du Téléchargement de: E:\kerberos.htx\armoire madame de bouclans\DSCF4266.JPG
[19:34:10] - [23] MIRKO.POZEN: Fichier envoyé: E:\kerberos.htx\armoire madame de bouclans\DSCF4267.JPG (478,81 K/S -  1 470 892 bytes)
[19:34:10] - [22] MIRKO.POZEN: Fichier envoyé: E:\kerberos.htx\armoire madame de bouclans\DSCF4266.JPG (454,60 K/S -  1 396 537 bytes)
[19:34:10] - [23] MIRKO.POZEN: Début du Téléchargement de: E:\kerberos.htx\armoire madame de bouclans\DSCF4268.JPG
[19:34:10] - [22] MIRKO.POZEN: Début du Téléchargement de: E:\kerberos.htx\armoire madame de bouclans\DSCF4269.JPG
[19:34:14] - [23] MIRKO.POZEN: Fichier envoyé: E:\kerberos.htx\armoire madame de bouclans\DSCF4268.JPG (364,15 K/S -  1 491 563 bytes)
[19:34:14] - [23] MIRKO.POZEN: Début du Téléchargement de: E:\kerberos.htx\armoire madame de bouclans\DSCF4272.JPG
[19:34:14] - [22] MIRKO.POZEN: Fichier envoyé: E:\kerberos.htx\armoire madame de bouclans\DSCF4269.JPG (368,29 K/S -  1 508 532 bytes)
[19:34:14] - [22] MIRKO.POZEN: Début du Téléchargement de: E:\kerberos.htx\armoire madame de bouclans\DSCF4273.JPG
[19:34:17] - [23] MIRKO.POZEN: Fichier envoyé: E:\kerberos.htx\armoire madame de bouclans\DSCF4272.JPG (437,25 K/S -  1 343 242 bytes)
[19:34:17] - [23] MIRKO.POZEN: Début du Téléchargement de: E:\kerberos.htx\armoire madame de bouclans\Image34.jpg
[19:34:17] - [22] MIRKO.POZEN: Fichier envoyé: E:\kerberos.htx\armoire madame de bouclans\DSCF4273.JPG (444,43 K/S -  1 365 304 bytes)
[19:34:17] - [23] MIRKO.POZEN: Fichier envoyé: E:\kerberos.htx\armoire madame de bouclans\Image34.jpg (137,32 K/S -   140 612 bytes)
[19:34:17] - [22] MIRKO.POZEN: Début du Téléchargement de: E:\kerberos.htx\armoire madame de bouclans\Image40.jpg
[19:34:17] - [23] MIRKO.POZEN: Début du Téléchargement de: E:\kerberos.htx\armoire madame de bouclans\Image41.jpg
[19:34:18] - [23] MIRKO.POZEN: Fichier envoyé: E:\kerberos.htx\armoire madame de bouclans\Image41.jpg (62,96 K/S -   64 472 bytes)
[19:34:18] - [23] MIRKO.POZEN: Début du Téléchargement de: E:\kerberos.htx\armoire madame de bouclans\Image42.jpg
[19:34:18] - [22] MIRKO.POZEN: Fichier envoyé: E:\kerberos.htx\armoire madame de bouclans\Image40.jpg (120,73 K/S -   123 629 bytes)
[19:34:18] - [22] MIRKO.POZEN: Début du Téléchargement de: E:\kerberos.htx\armoire madame de bouclans\Image44.jpg
[19:34:18] - [23] MIRKO.POZEN: Fichier envoyé: E:\kerberos.htx\armoire madame de bouclans\Image42.jpg (61,88 K/S -   63 362 bytes)
[19:34:18] - [23] MIRKO.POZEN: Début du Téléchargement de: E:\kerberos.htx\armoire madame de bouclans\Image45.jpg
[19:34:18] - [22] MIRKO.POZEN: Fichier envoyé: E:\kerberos.htx\armoire madame de bouclans\Image44.jpg (114,10 K/S -   116 834 bytes)
[19:34:18] - [22] MIRKO.POZEN: Début du Téléchargement de: E:\kerberos.htx\armoire madame de bouclans\Image46.jpg
[19:34:18] - [23] MIRKO.POZEN: Fichier envoyé: E:\kerberos.htx\armoire madame de bouclans\Image45.jpg (116,91 K/S -   119 716 bytes)
[19:34:18] - [23] MIRKO.POZEN: Début du Téléchargement de: E:\kerberos.htx\armoire madame de bouclans\Thumbs.db
[19:34:18] - [22] MIRKO.POZEN: Fichier envoyé: E:\kerberos.htx\armoire madame de bouclans\Image46.jpg (88,25 K/S -   90 364 bytes)
[19:34:19] - [23] MIRKO.POZEN: Fichier envoyé: E:\kerberos.htx\armoire madame de bouclans\Thumbs.db (483,50 K/S -   495 104 bytes)
[19:34:37] - [25] Client 192.168.0.1 Déconnecté (00:01:17 Min)
[19:34:37] - [24] Client 192.168.0.1 Déconnecté (00:01:18 Min)
[19:34:49] - [22] Client 192.168.0.1 Déconnecté (00:04:08 Min)
[19:34:50] - [23] Client 192.168.0.1 Déconnecté (00:04:09 Min)
[19:40:12] - [1] MIRKO.POZEN: Répertoire en Cours: E:\kerberos.htx\
[19:40:12] - [1] MIRKO.POZEN: Nouveau Répertoire: E:\kerberos.htx\armoire.restaurer
[19:40:12] - [1] MIRKO.POZEN: Répertoire en Cours: E:\kerberos.htx\
[19:40:12] - [1] MIRKO.POZEN: Nouveau Répertoire: E:\kerberos.htx\armoire.restaurer
[19:40:13] - [26] Connecté à 192.168.0.1. Collecte du Nom d'utilisateur.
[19:40:13] - [27] Connecté à 192.168.0.1. Collecte du Nom d'utilisateur.
[19:40:13] - [26] Usager MIRKO.POZEN Connecté IP: 192.168.0.1
[19:40:13] - [26] MIRKO.POZEN: Répertoire en Cours: E:\kerberos.htx\
[19:40:13] - [27] Usager MIRKO.POZEN Connecté IP: 192.168.0.1
[19:40:13] - [27] MIRKO.POZEN: Répertoire en Cours: E:\kerberos.htx\
[19:40:13] - [26] MIRKO.POZEN: Répertoire en Cours: E:\kerberos.htx\armoire.restaurer\
[19:40:13] - [27] MIRKO.POZEN: Répertoire en Cours: E:\kerberos.htx\armoire.restaurer\
[19:40:53] - [27] MIRKO.POZEN: Début d'Upload de E:\kerberos.htx\armoire.restaurer\DSCF3702.JPG
[19:40:53] - [26] MIRKO.POZEN: Début d'Upload de E:\kerberos.htx\armoire.restaurer\DSCF3701.JPG
[19:40:54] - [27] MIRKO.POZEN: Fichier Upload: E:\kerberos.htx\armoire.restaurer\DSCF3702.JPG (1 295,50 K/S -  1 326 587 bytes)
[19:40:54] - [27] MIRKO.POZEN: Début d'Upload de E:\kerberos.htx\armoire.restaurer\DSCF3703.JPG
[19:40:54] - [26] MIRKO.POZEN: Fichier Upload: E:\kerberos.htx\armoire.restaurer\DSCF3701.JPG (1 288,90 K/S -  1 319 809 bytes)
[19:40:54] - [26] MIRKO.POZEN: Début d'Upload de E:\kerberos.htx\armoire.restaurer\DSCF3704.JPG
[19:40:55] - [27] MIRKO.POZEN: Fichier Upload: E:\kerberos.htx\armoire.restaurer\DSCF3703.JPG (1 316,80 K/S -  1 348 368 bytes)
[19:40:55] - [27] MIRKO.POZEN: Début d'Upload de E:\kerberos.htx\armoire.restaurer\DSCF3705.JPG
[19:40:55] - [26] MIRKO.POZEN: Fichier Upload: E:\kerberos.htx\armoire.restaurer\DSCF3704.JPG (1 295,90 K/S -  1 326 965 bytes)
[19:40:55] - [26] MIRKO.POZEN: Début d'Upload de E:\kerberos.htx\armoire.restaurer\DSCF3706.JPG
[19:40:56] - [27] MIRKO.POZEN: Fichier Upload: E:\kerberos.htx\armoire.restaurer\DSCF3705.JPG (648,74 K/S -  1 328 628 bytes)
[19:40:56] - [27] MIRKO.POZEN: Début d'Upload de E:\kerberos.htx\armoire.restaurer\DSCF3707.JPG
[19:40:57] - [26] MIRKO.POZEN: Fichier Upload: E:\kerberos.htx\armoire.restaurer\DSCF3706.JPG (715,53 K/S -  1 465 398 bytes)
[19:40:57] - [26] MIRKO.POZEN: Début d'Upload de E:\kerberos.htx\armoire.restaurer\DSCF3708.JPG
[19:40:58] - [27] MIRKO.POZEN: Fichier Upload: E:\kerberos.htx\armoire.restaurer\DSCF3707.JPG (1 292,40 K/S -  1 323 390 bytes)
[19:40:58] - [27] MIRKO.POZEN: Début d'Upload de E:\kerberos.htx\armoire.restaurer\DSCF3709.JPG
[19:40:58] - [26] MIRKO.POZEN: Fichier Upload: E:\kerberos.htx\armoire.restaurer\DSCF3708.JPG (1 416,40 K/S -  1 450 345 bytes)
[19:40:58] - [26] MIRKO.POZEN: Début d'Upload de E:\kerberos.htx\armoire.restaurer\DSCF3710.JPG
[19:40:59] - [27] MIRKO.POZEN: Fichier Upload: E:\kerberos.htx\armoire.restaurer\DSCF3709.JPG (1 414,50 K/S -  1 448 493 bytes)
[19:40:59] - [27] MIRKO.POZEN: Début d'Upload de E:\kerberos.htx\armoire.restaurer\DSCF3711.JPG
[19:40:59] - [26] MIRKO.POZEN: Fichier Upload: E:\kerberos.htx\armoire.restaurer\DSCF3710.JPG (578,59 K/S -  1 184 960 bytes)
[19:40:59] - [26] MIRKO.POZEN: Début d'Upload de E:\kerberos.htx\armoire.restaurer\DSCF3712.JPG
[19:41:01] - [27] MIRKO.POZEN: Fichier Upload: E:\kerberos.htx\armoire.restaurer\DSCF3711.JPG (706,04 K/S -  1 445 969 bytes)
[19:41:01] - [27] MIRKO.POZEN: Début d'Upload de E:\kerberos.htx\armoire.restaurer\DSCF3713.JPG
[19:41:01] - [26] MIRKO.POZEN: Fichier Upload: E:\kerberos.htx\armoire.restaurer\DSCF3712.JPG (1 416,90 K/S -  1 450 887 bytes)
[19:41:01] - [26] MIRKO.POZEN: Début d'Upload de E:\kerberos.htx\armoire.restaurer\DSCF3714.JPG
[19:41:02] - [27] MIRKO.POZEN: Fichier Upload: E:\kerberos.htx\armoire.restaurer\DSCF3713.JPG (1 412,10 K/S -  1 445 975 bytes)
[19:41:02] - [27] MIRKO.POZEN: Début d'Upload de E:\kerberos.htx\armoire.restaurer\DSCF3715.JPG
[19:41:02] - [26] MIRKO.POZEN: Fichier Upload: E:\kerberos.htx\armoire.restaurer\DSCF3714.JPG (1 410,30 K/S -  1 444 149 bytes)
[19:41:02] - [26] MIRKO.POZEN: Début d'Upload de E:\kerberos.htx\armoire.restaurer\DSCF3716.JPG
[19:41:03] - [27] MIRKO.POZEN: Fichier Upload: E:\kerberos.htx\armoire.restaurer\DSCF3715.JPG (1 271,00 K/S -  1 301 535 bytes)
[19:41:03] - [27] MIRKO.POZEN: Début d'Upload de E:\kerberos.htx\armoire.restaurer\DSCF3717.JPG
[19:41:04] - [26] MIRKO.POZEN: Fichier Upload: E:\kerberos.htx\armoire.restaurer\DSCF3716.JPG (723,94 K/S -  1 482 631 bytes)
[19:41:04] - [26] MIRKO.POZEN: Début d'Upload de E:\kerberos.htx\armoire.restaurer\DSCF3718.JPG
[19:41:05] - [27] MIRKO.POZEN: Fichier Upload: E:\kerberos.htx\armoire.restaurer\DSCF3717.JPG (708,52 K/S -  1 451 051 bytes)
[19:41:05] - [27] MIRKO.POZEN: Début d'Upload de E:\kerberos.htx\armoire.restaurer\DSCF3719.JPG
[19:41:05] - [26] MIRKO.POZEN: Fichier Upload: E:\kerberos.htx\armoire.restaurer\DSCF3718.JPG (1 440,70 K/S -  1 475 267 bytes)
[19:41:06] - [26] MIRKO.POZEN: Début d'Upload de E:\kerberos.htx\armoire.restaurer\DSCF3720.JPG
[19:41:06] - [27] MIRKO.POZEN: Fichier Upload: E:\kerberos.htx\armoire.restaurer\DSCF3719.JPG (1 410,90 K/S -  1 444 751 bytes)
[19:41:06] - [27] MIRKO.POZEN: Début d'Upload de E:\kerberos.htx\armoire.restaurer\DSCF3721.JPG
[19:41:07] - [26] MIRKO.POZEN: Fichier Upload: E:\kerberos.htx\armoire.restaurer\DSCF3720.JPG (1 403,10 K/S -  1 436 809 bytes)
[19:41:07] - [26] MIRKO.POZEN: Début d'Upload de E:\kerberos.htx\armoire.restaurer\DSCF3722.JPG
[19:41:07] - [27] MIRKO.POZEN: Fichier Upload: E:\kerberos.htx\armoire.restaurer\DSCF3721.JPG (1 387,40 K/S -  1 420 669 bytes)
[19:41:07] - [27] MIRKO.POZEN: Début d'Upload de E:\kerberos.htx\armoire.restaurer\DSCF3723.JPG
[19:41:08] - [26] MIRKO.POZEN: Fichier Upload: E:\kerberos.htx\armoire.restaurer\DSCF3722.JPG (1 410,10 K/S -  1 443 993 bytes)
[19:41:08] - [26] MIRKO.POZEN: Début d'Upload de E:\kerberos.htx\armoire.restaurer\DSCF3724.JPG
[19:41:09] - [27] MIRKO.POZEN: Fichier Upload: E:\kerberos.htx\armoire.restaurer\DSCF3723.JPG (687,07 K/S -  1 407 114 bytes)
[19:41:09] - [27] MIRKO.POZEN: Début d'Upload de E:\kerberos.htx\armoire.restaurer\DSCF3725.JPG
[19:41:10] - [26] MIRKO.POZEN: Fichier Upload: E:\kerberos.htx\armoire.restaurer\DSCF3724.JPG (1 406,50 K/S -  1 440 236 bytes)
[19:41:10] - [26] MIRKO.POZEN: Début d'Upload de E:\kerberos.htx\armoire.restaurer\DSCF3726.JPG
[19:41:10] - [27] MIRKO.POZEN: Fichier Upload: E:\kerberos.htx\armoire.restaurer\DSCF3725.JPG (1 391,10 K/S -  1 424 485 bytes)
[19:41:10] - [27] MIRKO.POZEN: Début d'Upload de E:\kerberos.htx\armoire.restaurer\DSCF3815.JPG
[19:41:11] - [26] MIRKO.POZEN: Fichier Upload: E:\kerberos.htx\armoire.restaurer\DSCF3726.JPG (1 398,80 K/S -  1 432 333 bytes)
[19:41:11] - [26] MIRKO.POZEN: Début d'Upload de E:\kerberos.htx\armoire.restaurer\DSCF3816.JPG
[19:41:11] - [27] MIRKO.POZEN: Fichier Upload: E:\kerberos.htx\armoire.restaurer\DSCF3815.JPG (740,80 K/S -  1 517 166 bytes)
[19:41:11] - [27] MIRKO.POZEN: Début d'Upload de E:\kerberos.htx\armoire.restaurer\DSCF3819.JPG
[19:41:13] - [26] MIRKO.POZEN: Fichier Upload: E:\kerberos.htx\armoire.restaurer\DSCF3816.JPG (746,33 K/S -  1 528 483 bytes)
[19:41:13] - [26] MIRKO.POZEN: Début d'Upload de E:\kerberos.htx\armoire.restaurer\DSCF3820.JPG
[19:41:13] - [27] MIRKO.POZEN: Fichier Upload: E:\kerberos.htx\armoire.restaurer\DSCF3819.JPG (1 322,50 K/S -  1 354 225 bytes)
[19:41:13] - [27] MIRKO.POZEN: Début d'Upload de E:\kerberos.htx\armoire.restaurer\DSCF3821.JPG
[19:41:14] - [26] MIRKO.POZEN: Fichier Upload: E:\kerberos.htx\armoire.restaurer\DSCF3820.JPG (1 284,40 K/S -  1 315 239 bytes)
[19:41:14] - [26] MIRKO.POZEN: Début d'Upload de E:\kerberos.htx\armoire.restaurer\DSCF3822.JPG
[19:41:14] - [27] MIRKO.POZEN: Fichier Upload: E:\kerberos.htx\armoire.restaurer\DSCF3821.JPG (1 426,40 K/S -  1 460 638 bytes)
[19:41:14] - [27] MIRKO.POZEN: Début d'Upload de E:\kerberos.htx\armoire.restaurer\DSCF3823.JPG
[19:41:15] - [26] MIRKO.POZEN: Fichier Upload: E:\kerberos.htx\armoire.restaurer\DSCF3822.JPG (1 285,50 K/S -  1 316 370 bytes)
[19:41:15] - [26] MIRKO.POZEN: Début d'Upload de E:\kerberos.htx\armoire.restaurer\DSCF3824.JPG
[19:41:15] - [27] MIRKO.POZEN: Fichier Upload: E:\kerberos.htx\armoire.restaurer\DSCF3823.JPG (635,97 K/S -  1 302 476 bytes)
[19:41:16] - [27] MIRKO.POZEN: Début d'Upload de E:\kerberos.htx\armoire.restaurer\DSCF3825.JPG
[19:41:16] - [26] MIRKO.POZEN: Fichier Upload: E:\kerberos.htx\armoire.restaurer\DSCF3824.JPG (638,61 K/S -  1 307 878 bytes)
[19:41:17] - [26] MIRKO.POZEN: Début d'Upload de E:\kerberos.htx\armoire.restaurer\DSCF3826.JPG
[19:41:17] - [27] MIRKO.POZEN: Fichier Upload: E:\kerberos.htx\armoire.restaurer\DSCF3825.JPG (1 292,70 K/S -  1 323 715 bytes)
[19:41:17] - [27] MIRKO.POZEN: Début d'Upload de E:\kerberos.htx\armoire.restaurer\Thumbs.db
[19:41:17] - [27] MIRKO.POZEN: Fichier Upload: E:\kerberos.htx\armoire.restaurer\Thumbs.db (140,50 K/S -   143 872 bytes)
[19:41:17] - [26] MIRKO.POZEN: Fichier Upload: E:\kerberos.htx\armoire.restaurer\DSCF3826.JPG (1 277,40 K/S -  1 308 098 bytes)
[19:41:48] - [27] Client 192.168.0.1 Déconnecté (00:01:35 Min)
[19:41:48] - [26] Client 192.168.0.1 Déconnecté (00:01:35 Min)
[19:47:29] - [21] MIRKO.POZEN: Répertoire en Cours: E:\kerberos.htx\
[19:47:29] - [21] MIRKO.POZEN: Fichier Effacé : E:\kerberos.htx\armoire madame de bouclans\DSCF1637.JPG
[19:47:29] - [21] MIRKO.POZEN: Fichier Effacé : E:\kerberos.htx\armoire madame de bouclans\DSCF1638.JPG
[19:47:29] - [21] MIRKO.POZEN: Fichier Effacé : E:\kerberos.htx\armoire madame de bouclans\DSCF1639.JPG
[19:47:29] - [21] MIRKO.POZEN: Fichier Effacé : E:\kerberos.htx\armoire madame de bouclans\DSCF1640.JPG
[19:47:29] - [21] MIRKO.POZEN: Fichier Effacé : E:\kerberos.htx\armoire madame de bouclans\DSCF1641.JPG
[19:47:29] - [21] MIRKO.POZEN: Fichier Effacé : E:\kerberos.htx\armoire madame de bouclans\DSCF1642.JPG
[19:47:29] - [21] MIRKO.POZEN: Fichier Effacé : E:\kerberos.htx\armoire madame de bouclans\DSCF1643.JPG
[19:47:29] - [21] MIRKO.POZEN: Fichier Effacé : E:\kerberos.htx\armoire madame de bouclans\DSCF1644.JPG
[19:47:29] - [21] MIRKO.POZEN: Fichier Effacé : E:\kerberos.htx\armoire madame de bouclans\DSCF1645.JPG
[19:47:29] - [21] MIRKO.POZEN: Fichier Effacé : E:\kerberos.htx\armoire madame de bouclans\DSCF1646.JPG
[19:47:29] - [21] MIRKO.POZEN: Fichier Effacé : E:\kerberos.htx\armoire madame de bouclans\DSCF1647.JPG
[19:47:29] - [21] MIRKO.POZEN: Fichier Effacé : E:\kerberos.htx\armoire madame de bouclans\DSCF1648.JPG
[19:47:29] - [21] MIRKO.POZEN: Fichier Effacé : E:\kerberos.htx\armoire madame de bouclans\DSCF1649.JPG
[19:47:29] - [21] MIRKO.POZEN: Fichier Effacé : E:\kerberos.htx\armoire madame de bouclans\DSCF1650.JPG
[19:47:29] - [21] MIRKO.POZEN: Fichier Effacé : E:\kerberos.htx\armoire madame de bouclans\DSCF1651.JPG
[19:47:29] - [21] MIRKO.POZEN: Fichier Effacé : E:\kerberos.htx\armoire madame de bouclans\DSCF1652.JPG
[19:47:29] - [21] MIRKO.POZEN: Fichier Effacé : E:\kerberos.htx\armoire madame de bouclans\DSCF1653.JPG
[19:47:29] - [21] MIRKO.POZEN: Fichier Effacé : E:\kerberos.htx\armoire madame de bouclans\DSCF1654.JPG
[19:47:29] - [21] MIRKO.POZEN: Fichier Effacé : E:\kerberos.htx\armoire madame de bouclans\DSCF1655.JPG
[19:47:29] - [21] MIRKO.POZEN: Fichier Effacé : E:\kerberos.htx\armoire madame de bouclans\DSCF1656.JPG
[19:47:29] - [21] MIRKO.POZEN: Fichier Effacé : E:\kerberos.htx\armoire madame de bouclans\DSCF1657.JPG
[19:47:29] - [21] MIRKO.POZEN: Fichier Effacé : E:\kerberos.htx\armoire madame de bouclans\DSCF1658.JPG
[19:47:29] - [21] MIRKO.POZEN: Fichier Effacé : E:\kerberos.htx\armoire madame de bouclans\DSCF1659.JPG
[19:47:29] - [21] MIRKO.POZEN: Fichier Effacé : E:\kerberos.htx\armoire madame de bouclans\DSCF1660.JPG
[19:47:29] - [21] MIRKO.POZEN: Fichier Effacé : E:\kerberos.htx\armoire madame de bouclans\DSCF1661.JPG
[19:47:29] - [21] MIRKO.POZEN: Fichier Effacé : E:\kerberos.htx\armoire madame de bouclans\DSCF1662.JPG
[19:47:29] - [21] MIRKO.POZEN: Fichier Effacé : E:\kerberos.htx\armoire madame de bouclans\DSCF1663.JPG
[19:47:30] - [21] MIRKO.POZEN: Fichier Effacé : E:\kerberos.htx\armoire madame de bouclans\DSCF1664.JPG
[19:47:30] - [21] MIRKO.POZEN: Fichier Effacé : E:\kerberos.htx\armoire madame de bouclans\DSCF1665.JPG
[19:47:30] - [21] MIRKO.POZEN: Fichier Effacé : E:\kerberos.htx\armoire madame de bouclans\DSCF1666.JPG
[19:47:30] - [21] MIRKO.POZEN: Fichier Effacé : E:\kerberos.htx\armoire madame de bouclans\DSCF1667.JPG
[19:47:30] - [21] MIRKO.POZEN: Fichier Effacé : E:\kerberos.htx\armoire madame de bouclans\DSCF1668.JPG
[19:47:30] - [21] MIRKO.POZEN: Fichier Effacé : E:\kerberos.htx\armoire madame de bouclans\DSCF1669.JPG
[19:47:30] - [21] MIRKO.POZEN: Fichier Effacé : E:\kerberos.htx\armoire madame de bouclans\DSCF1670.JPG
[19:47:30] - [21] MIRKO.POZEN: Fichier Effacé : E:\kerberos.htx\armoire madame de bouclans\DSCF1671.JPG
[19:47:30] - [21] MIRKO.POZEN: Fichier Effacé : E:\kerberos.htx\armoire madame de bouclans\DSCF1672.JPG
[19:47:30] - [21] MIRKO.POZEN: Fichier Effacé : E:\kerberos.htx\armoire madame de bouclans\DSCF1673.JPG
[19:47:30] - [21] MIRKO.POZEN: Fichier Effacé : E:\kerberos.htx\armoire madame de bouclans\DSCF1674.JPG
[19:47:30] - [21] MIRKO.POZEN: Fichier Effacé : E:\kerberos.htx\armoire madame de bouclans\DSCF1675.JPG
[19:47:30] - [21] MIRKO.POZEN: Fichier Effacé : E:\kerberos.htx\armoire madame de bouclans\DSCF1676.JPG
[19:47:30] - [21] MIRKO.POZEN: Fichier Effacé : E:\kerberos.htx\armoire madame de bouclans\DSCF1677.JPG
[19:47:30] - [21] MIRKO.POZEN: Fichier Effacé : E:\kerberos.htx\armoire madame de bouclans\DSCF1678.JPG
[19:47:30] - [21] MIRKO.POZEN: Fichier Effacé : E:\kerberos.htx\armoire madame de bouclans\DSCF1679.JPG
[19:47:30] - [21] MIRKO.POZEN: Fichier Effacé : E:\kerberos.htx\armoire madame de bouclans\DSCF1680.JPG
[19:47:30] - [21] MIRKO.POZEN: Fichier Effacé : E:\kerberos.htx\armoire madame de bouclans\DSCF1681.JPG
[19:47:30] - [21] MIRKO.POZEN: Fichier Effacé : E:\kerberos.htx\armoire madame de bouclans\DSCF1682.JPG
[19:47:30] - [21] MIRKO.POZEN: Fichier Effacé : E:\kerberos.htx\armoire madame de bouclans\DSCF1683.JPG
[19:47:30] - [21] MIRKO.POZEN: Fichier Effacé : E:\kerberos.htx\armoire madame de bouclans\DSCF1684.JPG
[19:47:30] - [21] MIRKO.POZEN: Fichier Effacé : E:\kerberos.htx\armoire madame de bouclans\DSCF1685.JPG
[19:47:30] - [21] MIRKO.POZEN: Fichier Effacé : E:\kerberos.htx\armoire madame de bouclans\DSCF1686.JPG
[19:47:30] - [21] MIRKO.POZEN: Fichier Effacé : E:\kerberos.htx\armoire madame de bouclans\DSCF1687.JPG
[19:47:30] - [21] MIRKO.POZEN: Fichier Effacé : E:\kerberos.htx\armoire madame de bouclans\DSCF2294.JPG
[19:47:30] - [21] MIRKO.POZEN: Fichier Effacé : E:\kerberos.htx\armoire madame de bouclans\DSCF2295.JPG
[19:47:30] - [21] MIRKO.POZEN: Fichier Effacé : E:\kerberos.htx\armoire madame de bouclans\DSCF2296.JPG
[19:47:30] - [21] MIRKO.POZEN: Fichier Effacé : E:\kerberos.htx\armoire madame de bouclans\DSCF2297.JPG
[19:47:30] - [21] MIRKO.POZEN: Fichier Effacé : E:\kerberos.htx\armoire madame de bouclans\DSCF2318.JPG
[19:47:30] - [21] MIRKO.POZEN: Fichier Effacé : E:\kerberos.htx\armoire madame de bouclans\DSCF2319.JPG
[19:47:30] - [21] MIRKO.POZEN: Fichier Effacé : E:\kerberos.htx\armoire madame de bouclans\DSCF2320.JPG
[19:47:30] - [21] MIRKO.POZEN: Fichier Effacé : E:\kerberos.htx\armoire madame de bouclans\DSCF2321.JPG
[19:47:31] - [21] MIRKO.POZEN: Fichier Effacé : E:\kerberos.htx\armoire madame de bouclans\DSCF2322.JPG
[19:47:31] - [21] MIRKO.POZEN: Fichier Effacé : E:\kerberos.htx\armoire madame de bouclans\DSCF2323.JPG
[19:47:31] - [21] MIRKO.POZEN: Fichier Effacé : E:\kerberos.htx\armoire madame de bouclans\DSCF2324.JPG
[19:47:31] - [21] MIRKO.POZEN: Fichier Effacé : E:\kerberos.htx\armoire madame de bouclans\DSCF2325.JPG
[19:47:31] - [21] MIRKO.POZEN: Fichier Effacé : E:\kerberos.htx\armoire madame de bouclans\DSCF2326.JPG
[19:47:31] - [21] MIRKO.POZEN: Fichier Effacé : E:\kerberos.htx\armoire madame de bouclans\DSCF2327.JPG
[19:47:31] - [21] MIRKO.POZEN: Fichier Effacé : E:\kerberos.htx\armoire madame de bouclans\DSCF2328.JPG
[19:47:31] - [21] MIRKO.POZEN: Fichier Effacé : E:\kerberos.htx\armoire madame de bouclans\DSCF2329.JPG
[19:47:31] - [21] MIRKO.POZEN: Fichier Effacé : E:\kerberos.htx\armoire madame de bouclans\DSCF2330.JPG
[19:47:31] - [21] MIRKO.POZEN: Fichier Effacé : E:\kerberos.htx\armoire madame de bouclans\DSCF2331.JPG
[19:47:31] - [21] MIRKO.POZEN: Fichier Effacé : E:\kerberos.htx\armoire madame de bouclans\DSCF2332.JPG
[19:47:31] - [21] MIRKO.POZEN: Fichier Effacé : E:\kerberos.htx\armoire madame de bouclans\DSCF4103.JPG
[19:47:31] - [21] MIRKO.POZEN: Fichier Effacé : E:\kerberos.htx\armoire madame de bouclans\DSCF4104.JPG
[19:47:31] - [21] MIRKO.POZEN: Fichier Effacé : E:\kerberos.htx\armoire madame de bouclans\DSCF4106.JPG
[19:47:31] - [21] MIRKO.POZEN: Fichier Effacé : E:\kerberos.htx\armoire madame de bouclans\DSCF4108.JPG
[19:47:31] - [21] MIRKO.POZEN: Fichier Effacé : E:\kerberos.htx\armoire madame de bouclans\DSCF4109.JPG
[19:47:31] - [21] MIRKO.POZEN: Fichier Effacé : E:\kerberos.htx\armoire madame de bouclans\DSCF4110.JPG
[19:47:31] - [21] MIRKO.POZEN: Fichier Effacé : E:\kerberos.htx\armoire madame de bouclans\DSCF4111.JPG
[19:47:31] - [21] MIRKO.POZEN: Fichier Effacé : E:\kerberos.htx\armoire madame de bouclans\DSCF4112.JPG
[19:47:31] - [21] MIRKO.POZEN: Fichier Effacé : E:\kerberos.htx\armoire madame de bouclans\DSCF4114.JPG
[19:47:31] - [21] MIRKO.POZEN: Fichier Effacé : E:\kerberos.htx\armoire madame de bouclans\DSCF4115.JPG
[19:47:31] - [21] MIRKO.POZEN: Fichier Effacé : E:\kerberos.htx\armoire madame de bouclans\DSCF4116.JPG
[19:47:31] - [21] MIRKO.POZEN: Fichier Effacé : E:\kerberos.htx\armoire madame de bouclans\DSCF4198.JPG
[19:47:31] - [21] MIRKO.POZEN: Fichier Effacé : E:\kerberos.htx\armoire madame de bouclans\DSCF4199.JPG
[19:47:31] - [21] MIRKO.POZEN: Fichier Effacé : E:\kerberos.htx\armoire madame de bouclans\DSCF4200.JPG
[19:47:31] - [21] MIRKO.POZEN: Fichier Effacé : E:\kerberos.htx\armoire madame de bouclans\DSCF4201.JPG
[19:47:31] - [21] MIRKO.POZEN: Fichier Effacé : E:\kerberos.htx\armoire madame de bouclans\DSCF4202.JPG
[19:47:31] - [21] MIRKO.POZEN: Fichier Effacé : E:\kerberos.htx\armoire madame de bouclans\DSCF4203.JPG
[19:47:31] - [21] MIRKO.POZEN: Fichier Effacé : E:\kerberos.htx\armoire madame de bouclans\DSCF4204.JPG
[19:47:31] - [21] MIRKO.POZEN: Fichier Effacé : E:\kerberos.htx\armoire madame de bouclans\DSCF4205.JPG
[19:47:31] - [21] MIRKO.POZEN: Fichier Effacé : E:\kerberos.htx\armoire madame de bouclans\DSCF4206.JPG
[19:47:31] - [21] MIRKO.POZEN: Fichier Effacé : E:\kerberos.htx\armoire madame de bouclans\DSCF4207.JPG
[19:47:31] - [21] MIRKO.POZEN: Fichier Effacé : E:\kerberos.htx\armoire madame de bouclans\DSCF4208.JPG
[19:47:31] - [21] MIRKO.POZEN: Fichier Effacé : E:\kerberos.htx\armoire madame de bouclans\DSCF4209.JPG
[19:47:32] - [21] MIRKO.POZEN: Fichier Effacé : E:\kerberos.htx\armoire madame de bouclans\DSCF4210.JPG
[19:47:32] - [21] MIRKO.POZEN: Fichier Effacé : E:\kerberos.htx\armoire madame de bouclans\DSCF4211.JPG
[19:47:32] - [21] MIRKO.POZEN: Fichier Effacé : E:\kerberos.htx\armoire madame de bouclans\DSCF4212.JPG
[19:47:32] - [21] MIRKO.POZEN: Fichier Effacé : E:\kerberos.htx\armoire madame de bouclans\DSCF4213.JPG
[19:47:32] - [21] MIRKO.POZEN: Fichier Effacé : E:\kerberos.htx\armoire madame de bouclans\DSCF4214.JPG
[19:47:32] - [21] MIRKO.POZEN: Fichier Effacé : E:\kerberos.htx\armoire madame de bouclans\DSCF4215.JPG
[19:47:32] - [21] MIRKO.POZEN: Fichier Effacé : E:\kerberos.htx\armoire madame de bouclans\DSCF4216.JPG
[19:47:32] - [21] MIRKO.POZEN: Fichier Effacé : E:\kerberos.htx\armoire madame de bouclans\DSCF4217.JPG
[19:47:32] - [21] MIRKO.POZEN: Fichier Effacé : E:\kerberos.htx\armoire madame de bouclans\DSCF4218.JPG
[19:47:32] - [21] MIRKO.POZEN: Fichier Effacé : E:\kerberos.htx\armoire madame de bouclans\DSCF4219.JPG
[19:47:32] - [21] MIRKO.POZEN: Fichier Effacé : E:\kerberos.htx\armoire madame de bouclans\DSCF4220.JPG
[19:47:32] - [21] MIRKO.POZEN: Fichier Effacé : E:\kerberos.htx\armoire madame de bouclans\DSCF4221.JPG
[19:47:32] - [21] MIRKO.POZEN: Fichier Effacé : E:\kerberos.htx\armoire madame de bouclans\DSCF4222.JPG
[19:47:32] - [21] MIRKO.POZEN: Fichier Effacé : E:\kerberos.htx\armoire madame de bouclans\DSCF4223.JPG
[19:47:32] - [21] MIRKO.POZEN: Fichier Effacé : E:\kerberos.htx\armoire madame de bouclans\DSCF4224.JPG
[19:47:32] - [21] MIRKO.POZEN: Fichier Effacé : E:\kerberos.htx\armoire madame de bouclans\DSCF4225.JPG
[19:47:32] - [21] MIRKO.POZEN: Fichier Effacé : E:\kerberos.htx\armoire madame de bouclans\DSCF4226.JPG
[19:47:32] - [21] MIRKO.POZEN: Fichier Effacé : E:\kerberos.htx\armoire madame de bouclans\DSCF4227.JPG
[19:47:32] - [21] MIRKO.POZEN: Fichier Effacé : E:\kerberos.htx\armoire madame de bouclans\DSCF4228.JPG
[19:47:32] - [21] MIRKO.POZEN: Fichier Effacé : E:\kerberos.htx\armoire madame de bouclans\DSCF4229.JPG
[19:47:32] - [21] MIRKO.POZEN: Fichier Effacé : E:\kerberos.htx\armoire madame de bouclans\DSCF4231.JPG
[19:47:32] - [21] MIRKO.POZEN: Fichier Effacé : E:\kerberos.htx\armoire madame de bouclans\DSCF4232.JPG
[19:47:32] - [21] MIRKO.POZEN: Fichier Effacé : E:\kerberos.htx\armoire madame de bouclans\DSCF4233.JPG
[19:47:32] - [21] MIRKO.POZEN: Fichier Effacé : E:\kerberos.htx\armoire madame de bouclans\DSCF4234.JPG
[19:47:32] - [21] MIRKO.POZEN: Fichier Effacé : E:\kerberos.htx\armoire madame de bouclans\DSCF4235.JPG
[19:47:32] - [21] MIRKO.POZEN: Fichier Effacé : E:\kerberos.htx\armoire madame de bouclans\DSCF4246.JPG
[19:47:32] - [21] MIRKO.POZEN: Fichier Effacé : E:\kerberos.htx\armoire madame de bouclans\DSCF4247.JPG
[19:47:32] - [21] MIRKO.POZEN: Fichier Effacé : E:\kerberos.htx\armoire madame de bouclans\DSCF4252.JPG
[19:47:32] - [21] MIRKO.POZEN: Fichier Effacé : E:\kerberos.htx\armoire madame de bouclans\DSCF4253.JPG
[19:47:32] - [21] MIRKO.POZEN: Fichier Effacé : E:\kerberos.htx\armoire madame de bouclans\DSCF4259.JPG
[19:47:32] - [21] MIRKO.POZEN: Fichier Effacé : E:\kerberos.htx\armoire madame de bouclans\DSCF4260.JPG
[19:47:32] - [21] MIRKO.POZEN: Fichier Effacé : E:\kerberos.htx\armoire madame de bouclans\DSCF4261.JPG
[19:47:32] - [21] MIRKO.POZEN: Fichier Effacé : E:\kerberos.htx\armoire madame de bouclans\DSCF4262.JPG
[19:47:33] - [21] MIRKO.POZEN: Fichier Effacé : E:\kerberos.htx\armoire madame de bouclans\DSCF4263.JPG
[19:47:33] - [21] MIRKO.POZEN: Fichier Effacé : E:\kerberos.htx\armoire madame de bouclans\DSCF4264.JPG
[19:47:33] - [21] MIRKO.POZEN: Fichier Effacé : E:\kerberos.htx\armoire madame de bouclans\DSCF4265.JPG
[19:47:33] - [21] MIRKO.POZEN: Fichier Effacé : E:\kerberos.htx\armoire madame de bouclans\DSCF4266.JPG
[19:47:33] - [21] MIRKO.POZEN: Fichier Effacé : E:\kerberos.htx\armoire madame de bouclans\DSCF4267.JPG
[19:47:33] - [21] MIRKO.POZEN: Fichier Effacé : E:\kerberos.htx\armoire madame de bouclans\DSCF4268.JPG
[19:47:33] - [21] MIRKO.POZEN: Fichier Effacé : E:\kerberos.htx\armoire madame de bouclans\DSCF4269.JPG
[19:47:33] - [21] MIRKO.POZEN: Fichier Effacé : E:\kerberos.htx\armoire madame de bouclans\DSCF4272.JPG
[19:47:33] - [21] MIRKO.POZEN: Fichier Effacé : E:\kerberos.htx\armoire madame de bouclans\DSCF4273.JPG
[19:47:33] - [21] MIRKO.POZEN: Fichier Effacé : E:\kerberos.htx\armoire madame de bouclans\Image34.jpg
[19:47:33] - [21] MIRKO.POZEN: Fichier Effacé : E:\kerberos.htx\armoire madame de bouclans\Image40.jpg
[19:47:33] - [21] MIRKO.POZEN: Fichier Effacé : E:\kerberos.htx\armoire madame de bouclans\Image41.jpg
[19:47:33] - [21] MIRKO.POZEN: Fichier Effacé : E:\kerberos.htx\armoire madame de bouclans\Image42.jpg
[19:47:33] - [21] MIRKO.POZEN: Fichier Effacé : E:\kerberos.htx\armoire madame de bouclans\Image44.jpg
[19:47:33] - [21] MIRKO.POZEN: Fichier Effacé : E:\kerberos.htx\armoire madame de bouclans\Image45.jpg
[19:47:33] - [21] MIRKO.POZEN: Fichier Effacé : E:\kerberos.htx\armoire madame de bouclans\Image46.jpg
[19:47:33] - [21] MIRKO.POZEN: Fichier Effacé : E:\kerberos.htx\armoire madame de bouclans\Thumbs.db
[19:47:33] - [21] MIRKO.POZEN: Répertoire Effacé: E:\kerberos.htx\armoire madame de bouclans\
[19:48:14] - [21] MIRKO.POZEN: Répertoire en Cours: E:\kerberos.htx\
[19:48:27] - [21] MIRKO.POZEN: Répertoire en Cours: E:\kerberos.htx\armoire.restaurer\
[19:48:29] - [28] Connecté à 192.168.0.1. Collecte du Nom d'utilisateur.
[19:48:29] - [29] Connecté à 192.168.0.1. Collecte du Nom d'utilisateur.
[19:48:29] - [28] Usager MIRKO.POZEN Connecté IP: 192.168.0.1
[19:48:29] - [28] MIRKO.POZEN: Répertoire en Cours: E:\kerberos.htx\
[19:48:29] - [29] Usager MIRKO.POZEN Connecté IP: 192.168.0.1
[19:48:29] - [29] MIRKO.POZEN: Répertoire en Cours: E:\kerberos.htx\
[19:48:29] - [28] MIRKO.POZEN: Répertoire en Cours: E:\kerberos.htx\armoire.restaurer\
[19:48:29] - [29] MIRKO.POZEN: Répertoire en Cours: E:\kerberos.htx\armoire.restaurer\
[19:48:29] - [28] MIRKO.POZEN: Début du Téléchargement de: E:\kerberos.htx\armoire.restaurer\DSCF3701.JPG
[19:48:29] - [29] MIRKO.POZEN: Début du Téléchargement de: E:\kerberos.htx\armoire.restaurer\DSCF3702.JPG
[19:48:32] - [28] MIRKO.POZEN: Fichier envoyé: E:\kerberos.htx\armoire.restaurer\DSCF3701.JPG (429,63 K/S -  1 319 809 bytes)
[19:48:32] - [28] MIRKO.POZEN: Début du Téléchargement de: E:\kerberos.htx\armoire.restaurer\DSCF3703.JPG
[19:48:33] - [29] MIRKO.POZEN: Fichier envoyé: E:\kerberos.htx\armoire.restaurer\DSCF3702.JPG (323,87 K/S -  1 326 587 bytes)
[19:48:33] - [29] MIRKO.POZEN: Début du Téléchargement de: E:\kerberos.htx\armoire.restaurer\DSCF3704.JPG
[19:48:36] - [28] MIRKO.POZEN: Fichier envoyé: E:\kerberos.htx\armoire.restaurer\DSCF3703.JPG (329,19 K/S -  1 348 368 bytes)
[19:48:36] - [28] MIRKO.POZEN: Début du Téléchargement de: E:\kerberos.htx\armoire.restaurer\DSCF3705.JPG
[19:48:36] - [29] MIRKO.POZEN: Fichier envoyé: E:\kerberos.htx\armoire.restaurer\DSCF3704.JPG (431,95 K/S -  1 326 965 bytes)
[19:48:36] - [29] MIRKO.POZEN: Début du Téléchargement de: E:\kerberos.htx\armoire.restaurer\DSCF3706.JPG
[19:48:39] - [28] MIRKO.POZEN: Fichier envoyé: E:\kerberos.htx\armoire.restaurer\DSCF3705.JPG (432,50 K/S -  1 328 628 bytes)
[19:48:39] - [28] MIRKO.POZEN: Début du Téléchargement de: E:\kerberos.htx\armoire.restaurer\DSCF3707.JPG
[19:48:40] - [29] MIRKO.POZEN: Fichier envoyé: E:\kerberos.htx\armoire.restaurer\DSCF3706.JPG (357,76 K/S -  1 465 398 bytes)
[19:48:40] - [29] MIRKO.POZEN: Début du Téléchargement de: E:\kerberos.htx\armoire.restaurer\DSCF3708.JPG
[19:48:42] - [28] MIRKO.POZEN: Fichier envoyé: E:\kerberos.htx\armoire.restaurer\DSCF3707.JPG (323,09 K/S -  1 323 390 bytes)
[19:48:42] - [28] MIRKO.POZEN: Début du Téléchargement de: E:\kerberos.htx\armoire.restaurer\DSCF3709.JPG
[19:48:44] - [29] MIRKO.POZEN: Fichier envoyé: E:\kerberos.htx\armoire.restaurer\DSCF3708.JPG (354,09 K/S -  1 450 345 bytes)
[19:48:44] - [29] MIRKO.POZEN: Début du Téléchargement de: E:\kerberos.htx\armoire.restaurer\DSCF3710.JPG
[19:48:46] - [28] MIRKO.POZEN: Fichier envoyé: E:\kerberos.htx\armoire.restaurer\DSCF3709.JPG (471,51 K/S -  1 448 493 bytes)
[19:48:46] - [28] MIRKO.POZEN: Début du Téléchargement de: E:\kerberos.htx\armoire.restaurer\DSCF3711.JPG
[19:48:47] - [29] MIRKO.POZEN: Fichier envoyé: E:\kerberos.htx\armoire.restaurer\DSCF3710.JPG (385,73 K/S -  1 184 960 bytes)
[19:48:47] - [29] MIRKO.POZEN: Début du Téléchargement de: E:\kerberos.htx\armoire.restaurer\DSCF3712.JPG
[19:48:50] - [28] MIRKO.POZEN: Fichier envoyé: E:\kerberos.htx\armoire.restaurer\DSCF3711.JPG (353,02 K/S -  1 445 969 bytes)
[19:48:50] - [28] MIRKO.POZEN: Début du Téléchargement de: E:\kerberos.htx\armoire.restaurer\DSCF3713.JPG
[19:48:50] - [29] MIRKO.POZEN: Fichier envoyé: E:\kerberos.htx\armoire.restaurer\DSCF3712.JPG (472,29 K/S -  1 450 887 bytes)
[19:48:50] - [29] MIRKO.POZEN: Début du Téléchargement de: E:\kerberos.htx\armoire.restaurer\DSCF3714.JPG
[19:48:54] - [28] MIRKO.POZEN: Fichier envoyé: E:\kerberos.htx\armoire.restaurer\DSCF3713.JPG (353,02 K/S -  1 445 975 bytes)
[19:48:54] - [28] MIRKO.POZEN: Début du Téléchargement de: E:\kerberos.htx\armoire.restaurer\DSCF3715.JPG
[19:48:54] - [29] MIRKO.POZEN: Fichier envoyé: E:\kerberos.htx\armoire.restaurer\DSCF3714.JPG (352,58 K/S -  1 444 149 bytes)
[19:48:54] - [29] MIRKO.POZEN: Début du Téléchargement de: E:\kerberos.htx\armoire.restaurer\DSCF3716.JPG
[19:48:57] - [28] MIRKO.POZEN: Fichier envoyé: E:\kerberos.htx\armoire.restaurer\DSCF3715.JPG (423,68 K/S -  1 301 535 bytes)
[19:48:57] - [28] MIRKO.POZEN: Début du Téléchargement de: E:\kerberos.htx\armoire.restaurer\DSCF3717.JPG
[19:48:58] - [29] MIRKO.POZEN: Fichier envoyé: E:\kerberos.htx\armoire.restaurer\DSCF3716.JPG (361,97 K/S -  1 482 631 bytes)
[19:48:58] - [29] MIRKO.POZEN: Début du Téléchargement de: E:\kerberos.htx\armoire.restaurer\DSCF3718.JPG
[19:49:01] - [28] MIRKO.POZEN: Fichier envoyé: E:\kerberos.htx\armoire.restaurer\DSCF3717.JPG (354,26 K/S -  1 451 051 bytes)
[19:49:01] - [28] MIRKO.POZEN: Début du Téléchargement de: E:\kerberos.htx\armoire.restaurer\DSCF3719.JPG
[19:49:02] - [29] MIRKO.POZEN: Fichier envoyé: E:\kerberos.htx\armoire.restaurer\DSCF3718.JPG (360,17 K/S -  1 475 267 bytes)
[19:49:02] - [29] MIRKO.POZEN: Début du Téléchargement de: E:\kerberos.htx\armoire.restaurer\DSCF3720.JPG
[19:49:05] - [28] MIRKO.POZEN: Fichier envoyé: E:\kerberos.htx\armoire.restaurer\DSCF3719.JPG (352,72 K/S -  1 444 751 bytes)
[19:49:05] - [28] MIRKO.POZEN: Début du Téléchargement de: E:\kerberos.htx\armoire.restaurer\DSCF3721.JPG
[19:49:06] - [29] MIRKO.POZEN: Fichier envoyé: E:\kerberos.htx\armoire.restaurer\DSCF3720.JPG (350,78 K/S -  1 436 809 bytes)
[19:49:06] - [29] MIRKO.POZEN: Début du Téléchargement de: E:\kerberos.htx\armoire.restaurer\DSCF3722.JPG
[19:49:08] - [28] MIRKO.POZEN: Fichier envoyé: E:\kerberos.htx\armoire.restaurer\DSCF3721.JPG (346,84 K/S -  1 420 669 bytes)
[19:49:09] - [28] MIRKO.POZEN: Début du Téléchargement de: E:\kerberos.htx\armoire.restaurer\DSCF3723.JPG
[19:49:09] - [29] MIRKO.POZEN: Fichier envoyé: E:\kerberos.htx\armoire.restaurer\DSCF3722.JPG (470,05 K/S -  1 443 993 bytes)
[19:49:09] - [29] MIRKO.POZEN: Début du Téléchargement de: E:\kerberos.htx\armoire.restaurer\DSCF3724.JPG
[19:49:12] - [28] MIRKO.POZEN: Fichier envoyé: E:\kerberos.htx\armoire.restaurer\DSCF3723.JPG (458,04 K/S -  1 407 114 bytes)
[19:49:12] - [28] MIRKO.POZEN: Début du Téléchargement de: E:\kerberos.htx\armoire.restaurer\DSCF3725.JPG
[19:49:13] - [29] MIRKO.POZEN: Fichier envoyé: E:\kerberos.htx\armoire.restaurer\DSCF3724.JPG (468,83 K/S -  1 440 236 bytes)
[19:49:13] - [29] MIRKO.POZEN: Début du Téléchargement de: E:\kerberos.htx\armoire.restaurer\DSCF3726.JPG
[19:49:16] - [28] MIRKO.POZEN: Fichier envoyé: E:\kerberos.htx\armoire.restaurer\DSCF3725.JPG (463,70 K/S -  1 424 485 bytes)
[19:49:16] - [28] MIRKO.POZEN: Début du Téléchargement de: E:\kerberos.htx\armoire.restaurer\DSCF3815.JPG
[19:49:17] - [29] MIRKO.POZEN: Fichier envoyé: E:\kerberos.htx\armoire.restaurer\DSCF3726.JPG (349,69 K/S -  1 432 333 bytes)
[19:49:17] - [29] MIRKO.POZEN: Début du Téléchargement de: E:\kerberos.htx\armoire.restaurer\DSCF3816.JPG
[19:49:20] - [28] MIRKO.POZEN: Fichier envoyé: E:\kerberos.htx\armoire.restaurer\DSCF3815.JPG (370,40 K/S -  1 517 166 bytes)
[19:49:20] - [28] MIRKO.POZEN: Début du Téléchargement de: E:\kerberos.htx\armoire.restaurer\DSCF3819.JPG
[19:49:21] - [29] MIRKO.POZEN: Fichier envoyé: E:\kerberos.htx\armoire.restaurer\DSCF3816.JPG (373,16 K/S -  1 528 483 bytes)
[19:49:21] - [29] MIRKO.POZEN: Début du Téléchargement de: E:\kerberos.htx\armoire.restaurer\DSCF3820.JPG
[19:49:23] - [28] MIRKO.POZEN: Fichier envoyé: E:\kerberos.htx\armoire.restaurer\DSCF3819.JPG (330,62 K/S -  1 354 225 bytes)
[19:49:24] - [28] MIRKO.POZEN: Début du Téléchargement de: E:\kerberos.htx\armoire.restaurer\DSCF3821.JPG
[19:49:25] - [29] MIRKO.POZEN: Fichier envoyé: E:\kerberos.htx\armoire.restaurer\DSCF3820.JPG (321,10 K/S -  1 315 239 bytes)
[19:49:25] - [29] MIRKO.POZEN: Début du Téléchargement de: E:\kerberos.htx\armoire.restaurer\DSCF3822.JPG
[19:49:27] - [28] MIRKO.POZEN: Fichier envoyé: E:\kerberos.htx\armoire.restaurer\DSCF3821.JPG (356,60 K/S -  1 460 638 bytes)
[19:49:27] - [28] MIRKO.POZEN: Début du Téléchargement de: E:\kerberos.htx\armoire.restaurer\DSCF3823.JPG
[19:49:28] - [29] MIRKO.POZEN: Fichier envoyé: E:\kerberos.htx\armoire.restaurer\DSCF3822.JPG (428,51 K/S -  1 316 370 bytes)
[19:49:28] - [29] MIRKO.POZEN: Début du Téléchargement de: E:\kerberos.htx\armoire.restaurer\DSCF3824.JPG
[19:49:31] - [28] MIRKO.POZEN: Fichier envoyé: E:\kerberos.htx\armoire.restaurer\DSCF3823.JPG (423,98 K/S -  1 302 476 bytes)
[19:49:31] - [28] MIRKO.POZEN: Début du Téléchargement de: E:\kerberos.htx\armoire.restaurer\DSCF3825.JPG
[19:49:32] - [29] MIRKO.POZEN: Fichier envoyé: E:\kerberos.htx\armoire.restaurer\DSCF3824.JPG (319,31 K/S -  1 307 878 bytes)
[19:49:32] - [29] MIRKO.POZEN: Début du Téléchargement de: E:\kerberos.htx\armoire.restaurer\DSCF3826.JPG
[19:49:34] - [28] MIRKO.POZEN: Fichier envoyé: E:\kerberos.htx\armoire.restaurer\DSCF3825.JPG (430,90 K/S -  1 323 715 bytes)
[19:49:34] - [28] MIRKO.POZEN: Début du Téléchargement de: E:\kerberos.htx\armoire.restaurer\Thumbs.db
[19:49:34] - [28] MIRKO.POZEN: Fichier envoyé: E:\kerberos.htx\armoire.restaurer\Thumbs.db (140,50 K/S -   143 872 bytes)
[19:49:35] - [29] MIRKO.POZEN: Fichier envoyé: E:\kerberos.htx\armoire.restaurer\DSCF3826.JPG (425,81 K/S -  1 308 098 bytes)
[19:50:06] - [28] Client 192.168.0.1 Déconnecté (00:01:36 Min)
[19:50:06] - [29] Client 192.168.0.1 Déconnecté (00:01:36 Min)
[19:52:04] - [1] MIRKO.POZEN: Répertoire en Cours: E:\kerberos.htx\
[19:52:04] - [1] MIRKO.POZEN: Nouveau Répertoire: E:\kerberos.htx\bahut vaisselier
[19:52:05] - [1] MIRKO.POZEN: Répertoire en Cours: E:\kerberos.htx\
[19:52:05] - [1] MIRKO.POZEN: Nouveau Répertoire: E:\kerberos.htx\bahut vaisselier
[19:52:05] - [30] Connecté à 192.168.0.1. Collecte du Nom d'utilisateur.
[19:52:05] - [31] Connecté à 192.168.0.1. Collecte du Nom d'utilisateur.
[19:52:05] - [30] Usager MIRKO.POZEN Connecté IP: 192.168.0.1
[19:52:05] - [30] MIRKO.POZEN: Répertoire en Cours: E:\kerberos.htx\
[19:52:05] - [31] Usager MIRKO.POZEN Connecté IP: 192.168.0.1
[19:52:05] - [31] MIRKO.POZEN: Répertoire en Cours: E:\kerberos.htx\
[19:52:05] - [30] MIRKO.POZEN: Répertoire en Cours: E:\kerberos.htx\bahut vaisselier\
[19:52:05] - [31] MIRKO.POZEN: Répertoire en Cours: E:\kerberos.htx\bahut vaisselier\
[19:52:05] - [31] MIRKO.POZEN: Début d'Upload de E:\kerberos.htx\bahut vaisselier\Image14.jpg
[19:52:05] - [30] MIRKO.POZEN: Début d'Upload de E:\kerberos.htx\bahut vaisselier\Image1.jpg
[19:52:05] - [31] MIRKO.POZEN: Fichier Upload: E:\kerberos.htx\bahut vaisselier\Image14.jpg (93,92 K/S -   96 178 bytes)
[19:52:05] - [30] MIRKO.POZEN: Fichier Upload: E:\kerberos.htx\bahut vaisselier\Image1.jpg (68,80 K/S -   70 454 bytes)
[19:52:05] - [31] MIRKO.POZEN: Début d'Upload de E:\kerberos.htx\bahut vaisselier\Image15.jpg
[19:52:05] - [30] MIRKO.POZEN: Début d'Upload de E:\kerberos.htx\bahut vaisselier\Image16.jpg
[19:52:05] - [31] MIRKO.POZEN: Fichier Upload: E:\kerberos.htx\bahut vaisselier\Image15.jpg (85,68 K/S -   87 739 bytes)
[19:52:05] - [30] MIRKO.POZEN: Fichier Upload: E:\kerberos.htx\bahut vaisselier\Image16.jpg (89,55 K/S -   91 698 bytes)
[19:52:06] - [31] MIRKO.POZEN: Début d'Upload de E:\kerberos.htx\bahut vaisselier\Image2.jpg
[19:52:06] - [31] MIRKO.POZEN: Fichier Upload: E:\kerberos.htx\bahut vaisselier\Image2.jpg (74,21 K/S -   75 988 bytes)
[19:52:06] - [30] MIRKO.POZEN: Début d'Upload de E:\kerberos.htx\bahut vaisselier\Thumbs.db
[19:52:06] - [30] MIRKO.POZEN: Fichier Upload: E:\kerberos.htx\bahut vaisselier\Thumbs.db (25,50 K/S -   26 112 bytes)
[19:52:37] - [31] Client 192.168.0.1 Déconnecté (00:00:32 Min)
[19:52:37] - [30] Client 192.168.0.1 Déconnecté (00:00:32 Min)
[20:02:20] - [1] MIRKO.POZEN: Répertoire en Cours: E:\kerberos.htx\
[20:02:20] - [1] MIRKO.POZEN: Nouveau Répertoire: E:\kerberos.htx\bahu deux tirroir louis philipe
[20:02:20] - [1] MIRKO.POZEN: Répertoire en Cours: E:\kerberos.htx\
[20:02:20] - [1] MIRKO.POZEN: Nouveau Répertoire: E:\kerberos.htx\bahu deux tirroir louis philipe
[20:02:22] - [32] Connecté à 192.168.0.1. Collecte du Nom d'utilisateur.
[20:02:22] - [33] Connecté à 192.168.0.1. Collecte du Nom d'utilisateur.
[20:02:22] - [32] Usager MIRKO.POZEN Connecté IP: 192.168.0.1
[20:02:22] - [32] MIRKO.POZEN: Répertoire en Cours: E:\kerberos.htx\
[20:02:22] - [33] Usager MIRKO.POZEN Connecté IP: 192.168.0.1
[20:02:22] - [33] MIRKO.POZEN: Répertoire en Cours: E:\kerberos.htx\
[20:02:22] - [32] MIRKO.POZEN: Répertoire en Cours: E:\kerberos.htx\bahu deux tirroir louis philipe\
[20:02:22] - [33] MIRKO.POZEN: Répertoire en Cours: E:\kerberos.htx\bahu deux tirroir louis philipe\
[20:02:23] - [32] MIRKO.POZEN: Début d'Upload de E:\kerberos.htx\bahu deux tirroir louis philipe\DSCF4655.JPG
[20:02:23] - [33] MIRKO.POZEN: Début d'Upload de E:\kerberos.htx\bahu deux tirroir louis philipe\DSCF4656.JPG
[20:02:24] - [32] MIRKO.POZEN: Fichier Upload: E:\kerberos.htx\bahu deux tirroir louis philipe\DSCF4655.JPG (1 418,30 K/S -  1 452 297 bytes)
[20:02:24] - [33] MIRKO.POZEN: Fichier Upload: E:\kerberos.htx\bahu deux tirroir louis philipe\DSCF4656.JPG (703,47 K/S -  1 440 704 bytes)
[20:02:24] - [32] MIRKO.POZEN: Début d'Upload de E:\kerberos.htx\bahu deux tirroir louis philipe\DSCF4657.JPG
[20:02:24] - [33] MIRKO.POZEN: Début d'Upload de E:\kerberos.htx\bahu deux tirroir louis philipe\DSCF4658.JPG
[20:02:26] - [32] MIRKO.POZEN: Fichier Upload: E:\kerberos.htx\bahu deux tirroir louis philipe\DSCF4657.JPG (1 419,10 K/S -  1 453 159 bytes)
[20:02:26] - [32] MIRKO.POZEN: Début d'Upload de E:\kerberos.htx\bahu deux tirroir louis philipe\DSCF4728.JPG
[20:02:26] - [33] MIRKO.POZEN: Fichier Upload: E:\kerberos.htx\bahu deux tirroir louis philipe\DSCF4658.JPG (1 425,80 K/S -  1 460 042 bytes)
[20:02:26] - [33] MIRKO.POZEN: Début d'Upload de E:\kerberos.htx\bahu deux tirroir louis philipe\DSCF4729.JPG
[20:02:28] - [32] MIRKO.POZEN: Fichier Upload: E:\kerberos.htx\bahu deux tirroir louis philipe\DSCF4728.JPG (715,06 K/S -  1 464 433 bytes)
[20:02:28] - [32] MIRKO.POZEN: Début d'Upload de E:\kerberos.htx\bahu deux tirroir louis philipe\DSCF4730.JPG
[20:02:28] - [33] MIRKO.POZEN: Fichier Upload: E:\kerberos.htx\bahu deux tirroir louis philipe\DSCF4729.JPG (714,42 K/S -  1 463 139 bytes)
[20:02:28] - [33] MIRKO.POZEN: Début d'Upload de E:\kerberos.htx\bahu deux tirroir louis philipe\DSCF4731.JPG
[20:02:29] - [32] MIRKO.POZEN: Fichier Upload: E:\kerberos.htx\bahu deux tirroir louis philipe\DSCF4730.JPG (709,25 K/S -  1 452 554 bytes)
[20:02:29] - [32] MIRKO.POZEN: Début d'Upload de E:\kerberos.htx\bahu deux tirroir louis philipe\DSCF4732.JPG
[20:02:30] - [33] MIRKO.POZEN: Fichier Upload: E:\kerberos.htx\bahu deux tirroir louis philipe\DSCF4731.JPG (721,29 K/S -  1 477 211 bytes)
[20:02:30] - [33] MIRKO.POZEN: Début d'Upload de E:\kerberos.htx\bahu deux tirroir louis philipe\DSCF4733.JPG
[20:02:31] - [32] MIRKO.POZEN: Fichier Upload: E:\kerberos.htx\bahu deux tirroir louis philipe\DSCF4732.JPG (1 411,10 K/S -  1 445 004 bytes)
[20:02:31] - [32] MIRKO.POZEN: Début d'Upload de E:\kerberos.htx\bahu deux tirroir louis philipe\DSCF4734.JPG
[20:02:31] - [33] MIRKO.POZEN: Fichier Upload: E:\kerberos.htx\bahu deux tirroir louis philipe\DSCF4733.JPG (711,75 K/S -  1 457 672 bytes)
[20:02:31] - [33] MIRKO.POZEN: Début d'Upload de E:\kerberos.htx\bahu deux tirroir louis philipe\DSCF4735.JPG
[20:02:33] - [32] MIRKO.POZEN: Fichier Upload: E:\kerberos.htx\bahu deux tirroir louis philipe\DSCF4734.JPG (713,71 K/S -  1 461 672 bytes)
[20:02:33] - [32] MIRKO.POZEN: Début d'Upload de E:\kerberos.htx\bahu deux tirroir louis philipe\DSCF4736.JPG
[20:02:33] - [33] MIRKO.POZEN: Fichier Upload: E:\kerberos.htx\bahu deux tirroir louis philipe\DSCF4735.JPG (1 409,80 K/S -  1 443 666 bytes)
[20:02:33] - [33] MIRKO.POZEN: Début d'Upload de E:\kerberos.htx\bahu deux tirroir louis philipe\DSCF4737.JPG
[20:02:34] - [32] MIRKO.POZEN: Fichier Upload: E:\kerberos.htx\bahu deux tirroir louis philipe\DSCF4736.JPG (1 403,30 K/S -  1 436 989 bytes)
[20:02:34] - [32] MIRKO.POZEN: Début d'Upload de E:\kerberos.htx\bahu deux tirroir louis philipe\DSCF4738.JPG
[20:02:34] - [33] MIRKO.POZEN: Fichier Upload: E:\kerberos.htx\bahu deux tirroir louis philipe\DSCF4737.JPG (709,34 K/S -  1 452 737 bytes)
[20:02:34] - [33] MIRKO.POZEN: Début d'Upload de E:\kerberos.htx\bahu deux tirroir louis philipe\DSCF4739.JPG
[20:02:35] - [32] MIRKO.POZEN: Fichier Upload: E:\kerberos.htx\bahu deux tirroir louis philipe\DSCF4738.JPG (703,82 K/S -  1 441 420 bytes)
[20:02:35] - [32] MIRKO.POZEN: Début d'Upload de E:\kerberos.htx\bahu deux tirroir louis philipe\Thumbs.db
[20:02:36] - [32] MIRKO.POZEN: Fichier Upload: E:\kerberos.htx\bahu deux tirroir louis philipe\Thumbs.db (22,00 K/S -   22 528 bytes)
[20:02:36] - [33] MIRKO.POZEN: Fichier Upload: E:\kerberos.htx\bahu deux tirroir louis philipe\DSCF4739.JPG (1 409,30 K/S -  1 443 168 bytes)
[20:03:07] - [33] Client 192.168.0.1 Déconnecté (00:00:44 Min)
[20:03:07] - [32] Client 192.168.0.1 Déconnecté (00:00:44 Min)
[20:17:10] - [1] MIRKO.POZEN: Répertoire en Cours: E:\kerberos.htx\
[20:17:10] - [1] MIRKO.POZEN: Nouveau Répertoire: E:\kerberos.htx\bahut vaisselier
[20:17:10] - [1] MIRKO.POZEN: Répertoire en Cours: E:\kerberos.htx\
[20:17:10] - [1] MIRKO.POZEN: Nouveau Répertoire: E:\kerberos.htx\bahut vaisselier
[20:17:11] - [34] Connecté à 192.168.0.1. Collecte du Nom d'utilisateur.
[20:17:11] - [35] Connecté à 192.168.0.1. Collecte du Nom d'utilisateur.
[20:17:11] - [34] Usager MIRKO.POZEN Connecté IP: 192.168.0.1
[20:17:11] - [34] MIRKO.POZEN: Répertoire en Cours: E:\kerberos.htx\
[20:17:11] - [35] Usager MIRKO.POZEN Connecté IP: 192.168.0.1
[20:17:11] - [35] MIRKO.POZEN: Répertoire en Cours: E:\kerberos.htx\
[20:17:11] - [34] MIRKO.POZEN: Répertoire en Cours: E:\kerberos.htx\bahut vaisselier\
[20:17:11] - [35] MIRKO.POZEN: Répertoire en Cours: E:\kerberos.htx\bahut vaisselier\
[20:17:11] - [34] MIRKO.POZEN: Début d'Upload de E:\kerberos.htx\bahut vaisselier\Image1.jpg
[20:17:11] - [35] MIRKO.POZEN: Début d'Upload de E:\kerberos.htx\bahut vaisselier\Image14.jpg
[20:17:11] - [34] MIRKO.POZEN: Fichier Upload: E:\kerberos.htx\bahut vaisselier\Image1.jpg (68,80 K/S -   70 454 bytes)
[20:17:11] - [35] MIRKO.POZEN: Fichier Upload: E:\kerberos.htx\bahut vaisselier\Image14.jpg (93,92 K/S -   96 178 bytes)
[20:17:12] - [34] MIRKO.POZEN: Début d'Upload de E:\kerberos.htx\bahut vaisselier\Image15.jpg
[20:17:12] - [34] MIRKO.POZEN: Fichier Upload: E:\kerberos.htx\bahut vaisselier\Image15.jpg (85,68 K/S -   87 739 bytes)
[20:17:12] - [35] MIRKO.POZEN: Début d'Upload de E:\kerberos.htx\bahut vaisselier\Image16.jpg
[20:17:12] - [35] MIRKO.POZEN: Fichier Upload: E:\kerberos.htx\bahut vaisselier\Image16.jpg (89,55 K/S -   91 698 bytes)
[20:17:12] - [34] MIRKO.POZEN: Début d'Upload de E:\kerberos.htx\bahut vaisselier\Image2.jpg
[20:17:12] - [34] MIRKO.POZEN: Fichier Upload: E:\kerberos.htx\bahut vaisselier\Image2.jpg (74,21 K/S -   75 988 bytes)
[20:17:12] - [35] MIRKO.POZEN: Début d'Upload de E:\kerberos.htx\bahut vaisselier\Thumbs.db
[20:17:12] - [35] MIRKO.POZEN: Fichier Upload: E:\kerberos.htx\bahut vaisselier\Thumbs.db (25,50 K/S -   26 112 bytes)
[20:17:43] - [35] Client 192.168.0.1 Déconnecté (00:00:32 Min)
[20:17:43] - [34] Client 192.168.0.1 Déconnecté (00:00:32 Min)
[20:36:32] - [1] Client 192.168.0.1 Déconnecté (07:38:53 Min)
