[16:08:30] - Serveur Démarré
[16:08:30] - FTP Port: 21
[16:09:47] - [1] Connecté à 192.168.0.1. Collecte du Nom d'utilisateur.
[16:09:47] - [1] Usager MIRKO.POZEN Connecté IP: 192.168.0.1
[16:09:47] - [1] MIRKO.POZEN: Répertoire en Cours: D:\kerberos.htx\
[16:09:47] - [1] MIRKO.POZEN: Répertoire en Cours: D:\kerberos.htx\
[16:10:05] - [1] MIRKO.POZEN: Répertoire en Cours: D:\kerberos.htx\Hard Disk Sentinel\
[16:10:29] - [1] MIRKO.POZEN: Répertoire en Cours: D:\kerberos.htx\
[16:10:29] - [1] MIRKO.POZEN: Répertoire en Cours: D:\kerberos.htx\Microsoft.Office.Professional.2007.FR.By Gervais\
[16:10:29] - [1] MIRKO.POZEN: Répertoire en Cours: D:\kerberos.htx\Microsoft.Office.Professional.2007.FR.By Gervais\WORD.FR-FR\
[16:10:29] - [1] MIRKO.POZEN: Répertoire en Cours: D:\kerberos.htx\Microsoft.Office.Professional.2007.FR.By Gervais\
[16:10:29] - [1] MIRKO.POZEN: Répertoire en Cours: D:\kerberos.htx\Microsoft.Office.Professional.2007.FR.By Gervais\UPDATES\
[16:10:30] - [1] MIRKO.POZEN: Répertoire en Cours: D:\kerberos.htx\Microsoft.Office.Professional.2007.FR.By Gervais\
[16:10:30] - [1] MIRKO.POZEN: Répertoire en Cours: D:\kerberos.htx\Microsoft.Office.Professional.2007.FR.By Gervais\ROSEBUD.FR-FR\
[16:10:30] - [1] MIRKO.POZEN: Répertoire en Cours: D:\kerberos.htx\Microsoft.Office.Professional.2007.FR.By Gervais\
[16:10:30] - [1] MIRKO.POZEN: Répertoire en Cours: D:\kerberos.htx\Microsoft.Office.Professional.2007.FR.By Gervais\PUBLISHER.FR-FR\
[16:10:30] - [1] MIRKO.POZEN: Répertoire en Cours: D:\kerberos.htx\Microsoft.Office.Professional.2007.FR.By Gervais\
[16:10:30] - [1] MIRKO.POZEN: Répertoire en Cours: D:\kerberos.htx\Microsoft.Office.Professional.2007.FR.By Gervais\PROPLUS.WW\
[16:10:30] - [1] MIRKO.POZEN: Répertoire en Cours: D:\kerberos.htx\Microsoft.Office.Professional.2007.FR.By Gervais\
[16:10:30] - [1] MIRKO.POZEN: Répertoire en Cours: D:\kerberos.htx\Microsoft.Office.Professional.2007.FR.By Gervais\PROOFING.FR-FR\
[16:10:31] - [1] MIRKO.POZEN: Répertoire en Cours: D:\kerberos.htx\Microsoft.Office.Professional.2007.FR.By Gervais\PROOFING.FR-FR\PROOF.NL\
[16:10:31] - [1] MIRKO.POZEN: Répertoire en Cours: D:\kerberos.htx\Microsoft.Office.Professional.2007.FR.By Gervais\PROOFING.FR-FR\
[16:10:31] - [1] MIRKO.POZEN: Répertoire en Cours: D:\kerberos.htx\Microsoft.Office.Professional.2007.FR.By Gervais\PROOFING.FR-FR\PROOF.FR\
[16:10:31] - [1] MIRKO.POZEN: Répertoire en Cours: D:\kerberos.htx\Microsoft.Office.Professional.2007.FR.By Gervais\PROOFING.FR-FR\
[16:10:31] - [1] MIRKO.POZEN: Répertoire en Cours: D:\kerberos.htx\Microsoft.Office.Professional.2007.FR.By Gervais\PROOFING.FR-FR\PROOF.ES\
[16:10:32] - [1] MIRKO.POZEN: Répertoire en Cours: D:\kerberos.htx\Microsoft.Office.Professional.2007.FR.By Gervais\PROOFING.FR-FR\
[16:10:32] - [1] MIRKO.POZEN: Répertoire en Cours: D:\kerberos.htx\Microsoft.Office.Professional.2007.FR.By Gervais\PROOFING.FR-FR\PROOF.EN\
[16:10:32] - [1] MIRKO.POZEN: Répertoire en Cours: D:\kerberos.htx\Microsoft.Office.Professional.2007.FR.By Gervais\PROOFING.FR-FR\
[16:10:32] - [1] MIRKO.POZEN: Répertoire en Cours: D:\kerberos.htx\Microsoft.Office.Professional.2007.FR.By Gervais\PROOFING.FR-FR\PROOF.DE\
[16:10:32] - [1] MIRKO.POZEN: Répertoire en Cours: D:\kerberos.htx\Microsoft.Office.Professional.2007.FR.By Gervais\PROOFING.FR-FR\
[16:10:32] - [1] MIRKO.POZEN: Répertoire en Cours: D:\kerberos.htx\Microsoft.Office.Professional.2007.FR.By Gervais\PROOFING.FR-FR\PROOF.AR\
[16:10:32] - [1] MIRKO.POZEN: Répertoire en Cours: D:\kerberos.htx\Microsoft.Office.Professional.2007.FR.By Gervais\
[16:10:32] - [1] MIRKO.POZEN: Répertoire en Cours: D:\kerberos.htx\Microsoft.Office.Professional.2007.FR.By Gervais\POWERPOINT.FR-FR\
[16:10:33] - [1] MIRKO.POZEN: Répertoire en Cours: D:\kerberos.htx\Microsoft.Office.Professional.2007.FR.By Gervais\
[16:10:33] - [1] MIRKO.POZEN: Répertoire en Cours: D:\kerberos.htx\Microsoft.Office.Professional.2007.FR.By Gervais\OUTLOOK.FR-FR\
[16:10:33] - [1] MIRKO.POZEN: Répertoire en Cours: D:\kerberos.htx\Microsoft.Office.Professional.2007.FR.By Gervais\
[16:10:33] - [1] MIRKO.POZEN: Répertoire en Cours: D:\kerberos.htx\Microsoft.Office.Professional.2007.FR.By Gervais\OFFICE64.FR-FR\
[16:10:33] - [1] MIRKO.POZEN: Répertoire en Cours: D:\kerberos.htx\Microsoft.Office.Professional.2007.FR.By Gervais\OFFICE64.FR-FR\INFOPATH.FR-FR\
[16:10:34] - [1] MIRKO.POZEN: Répertoire en Cours: D:\kerberos.htx\Microsoft.Office.Professional.2007.FR.By Gervais\
[16:10:34] - [1] MIRKO.POZEN: Répertoire en Cours: D:\kerberos.htx\Microsoft.Office.Professional.2007.FR.By Gervais\OFFICE.FR-FR\
[16:10:34] - [1] MIRKO.POZEN: Répertoire en Cours: D:\kerberos.htx\Microsoft.Office.Professional.2007.FR.By Gervais\OFFICE.FR-FR\1036\
[16:10:34] - [1] MIRKO.POZEN: Répertoire en Cours: D:\kerberos.htx\Microsoft.Office.Professional.2007.FR.By Gervais\
[16:10:34] - [1] MIRKO.POZEN: Répertoire en Cours: D:\kerberos.htx\Microsoft.Office.Professional.2007.FR.By Gervais\INFOPATH.FR-FR\
[16:10:34] - [1] MIRKO.POZEN: Répertoire en Cours: D:\kerberos.htx\Microsoft.Office.Professional.2007.FR.By Gervais\
[16:10:34] - [1] MIRKO.POZEN: Répertoire en Cours: D:\kerberos.htx\Microsoft.Office.Professional.2007.FR.By Gervais\EXCEL.FR-FR\
[16:10:35] - [1] MIRKO.POZEN: Répertoire en Cours: D:\kerberos.htx\Microsoft.Office.Professional.2007.FR.By Gervais\
[16:10:35] - [1] MIRKO.POZEN: Répertoire en Cours: D:\kerberos.htx\Microsoft.Office.Professional.2007.FR.By Gervais\CATALOG\
[16:10:35] - [1] MIRKO.POZEN: Répertoire en Cours: D:\kerberos.htx\Microsoft.Office.Professional.2007.FR.By Gervais\
[16:10:35] - [1] MIRKO.POZEN: Répertoire en Cours: D:\kerberos.htx\Microsoft.Office.Professional.2007.FR.By Gervais\ADMIN\
[16:10:35] - [1] MIRKO.POZEN: Répertoire en Cours: D:\kerberos.htx\Microsoft.Office.Professional.2007.FR.By Gervais\ADMIN\ZH-TW\
[16:10:36] - [1] MIRKO.POZEN: Répertoire en Cours: D:\kerberos.htx\Microsoft.Office.Professional.2007.FR.By Gervais\ADMIN\
[16:10:36] - [1] MIRKO.POZEN: Répertoire en Cours: D:\kerberos.htx\Microsoft.Office.Professional.2007.FR.By Gervais\ADMIN\ZH-CN\
[16:10:36] - [1] MIRKO.POZEN: Répertoire en Cours: D:\kerberos.htx\Microsoft.Office.Professional.2007.FR.By Gervais\ADMIN\
[16:10:36] - [1] MIRKO.POZEN: Répertoire en Cours: D:\kerberos.htx\Microsoft.Office.Professional.2007.FR.By Gervais\ADMIN\KO-KR\
[16:10:36] - [1] MIRKO.POZEN: Répertoire en Cours: D:\kerberos.htx\Microsoft.Office.Professional.2007.FR.By Gervais\ADMIN\
[16:10:36] - [1] MIRKO.POZEN: Répertoire en Cours: D:\kerberos.htx\Microsoft.Office.Professional.2007.FR.By Gervais\ADMIN\JA-JP\
[16:10:37] - [1] MIRKO.POZEN: Répertoire en Cours: D:\kerberos.htx\Microsoft.Office.Professional.2007.FR.By Gervais\ADMIN\
[16:10:37] - [1] MIRKO.POZEN: Répertoire en Cours: D:\kerberos.htx\Microsoft.Office.Professional.2007.FR.By Gervais\ADMIN\IT-IT\
[16:10:37] - [1] MIRKO.POZEN: Répertoire en Cours: D:\kerberos.htx\Microsoft.Office.Professional.2007.FR.By Gervais\ADMIN\
[16:10:37] - [1] MIRKO.POZEN: Répertoire en Cours: D:\kerberos.htx\Microsoft.Office.Professional.2007.FR.By Gervais\ADMIN\FR-FR\
[16:10:37] - [1] MIRKO.POZEN: Répertoire en Cours: D:\kerberos.htx\Microsoft.Office.Professional.2007.FR.By Gervais\ADMIN\
[16:10:37] - [1] MIRKO.POZEN: Répertoire en Cours: D:\kerberos.htx\Microsoft.Office.Professional.2007.FR.By Gervais\ADMIN\ES-ES\
[16:10:37] - [1] MIRKO.POZEN: Répertoire en Cours: D:\kerberos.htx\Microsoft.Office.Professional.2007.FR.By Gervais\ADMIN\
[16:10:37] - [1] MIRKO.POZEN: Répertoire en Cours: D:\kerberos.htx\Microsoft.Office.Professional.2007.FR.By Gervais\ADMIN\EN-US\
[16:10:38] - [1] MIRKO.POZEN: Répertoire en Cours: D:\kerberos.htx\Microsoft.Office.Professional.2007.FR.By Gervais\ADMIN\
[16:10:38] - [1] MIRKO.POZEN: Répertoire en Cours: D:\kerberos.htx\Microsoft.Office.Professional.2007.FR.By Gervais\ADMIN\DE-DE\
[16:10:38] - [1] MIRKO.POZEN: Répertoire en Cours: D:\kerberos.htx\Microsoft.Office.Professional.2007.FR.By Gervais\
[16:10:38] - [1] MIRKO.POZEN: Répertoire en Cours: D:\kerberos.htx\Microsoft.Office.Professional.2007.FR.By Gervais\ACCESS.FR-FR\
[16:10:38] - [2] Connecté à 192.168.0.1. Collecte du Nom d'utilisateur.
[16:10:38] - [3] Connecté à 192.168.0.1. Collecte du Nom d'utilisateur.
[16:10:38] - [2] Usager MIRKO.POZEN Connecté IP: 192.168.0.1
[16:10:39] - [2] MIRKO.POZEN: Répertoire en Cours: D:\kerberos.htx\
[16:10:39] - [3] Usager MIRKO.POZEN Connecté IP: 192.168.0.1
[16:10:39] - [3] MIRKO.POZEN: Répertoire en Cours: D:\kerberos.htx\
[16:10:39] - [2] MIRKO.POZEN: Répertoire en Cours: D:\kerberos.htx\Microsoft.Office.Professional.2007.FR.By Gervais\
[16:10:39] - [3] MIRKO.POZEN: Répertoire en Cours: D:\kerberos.htx\Microsoft.Office.Professional.2007.FR.By Gervais\
[16:10:48] - [2] MIRKO.POZEN: Répertoire en Cours: D:\kerberos.htx\Microsoft.Office.Professional.2007.FR.By Gervais\WORD.FR-FR\
[16:10:48] - [3] MIRKO.POZEN: Répertoire en Cours: D:\kerberos.htx\Microsoft.Office.Professional.2007.FR.By Gervais\WORD.FR-FR\
[16:10:48] - [2] MIRKO.POZEN: Répertoire en Cours: D:\kerberos.htx\Microsoft.Office.Professional.2007.FR.By Gervais\UPDATES\
[16:10:48] - [3] MIRKO.POZEN: Répertoire en Cours: D:\kerberos.htx\Microsoft.Office.Professional.2007.FR.By Gervais\ROSEBUD.FR-FR\
[16:10:48] - [2] MIRKO.POZEN: Répertoire en Cours: D:\kerberos.htx\Microsoft.Office.Professional.2007.FR.By Gervais\ROSEBUD.FR-FR\
[16:10:48] - [3] MIRKO.POZEN: Répertoire en Cours: D:\kerberos.htx\Microsoft.Office.Professional.2007.FR.By Gervais\PUBLISHER.FR-FR\
[16:10:48] - [2] MIRKO.POZEN: Répertoire en Cours: D:\kerberos.htx\Microsoft.Office.Professional.2007.FR.By Gervais\PUBLISHER.FR-FR\
[16:10:48] - [3] MIRKO.POZEN: Répertoire en Cours: D:\kerberos.htx\Microsoft.Office.Professional.2007.FR.By Gervais\PROPLUS.WW\
[16:10:48] - [2] MIRKO.POZEN: Répertoire en Cours: D:\kerberos.htx\Microsoft.Office.Professional.2007.FR.By Gervais\PROPLUS.WW\
[16:10:48] - [2] MIRKO.POZEN: Répertoire en Cours: D:\kerberos.htx\Microsoft.Office.Professional.2007.FR.By Gervais\PROOFING.FR-FR\
[16:10:48] - [3] MIRKO.POZEN: Répertoire en Cours: D:\kerberos.htx\Microsoft.Office.Professional.2007.FR.By Gervais\PROOFING.FR-FR\
[16:10:48] - [3] MIRKO.POZEN: Répertoire en Cours: D:\kerberos.htx\Microsoft.Office.Professional.2007.FR.By Gervais\PROOFING.FR-FR\PROOF.NL\
[16:10:48] - [2] MIRKO.POZEN: Répertoire en Cours: D:\kerberos.htx\Microsoft.Office.Professional.2007.FR.By Gervais\PROOFING.FR-FR\PROOF.NL\
[16:10:48] - [2] MIRKO.POZEN: Répertoire en Cours: D:\kerberos.htx\Microsoft.Office.Professional.2007.FR.By Gervais\PROOFING.FR-FR\PROOF.FR\
[16:10:48] - [3] MIRKO.POZEN: Répertoire en Cours: D:\kerberos.htx\Microsoft.Office.Professional.2007.FR.By Gervais\PROOFING.FR-FR\PROOF.FR\
[16:10:48] - [3] MIRKO.POZEN: Répertoire en Cours: D:\kerberos.htx\Microsoft.Office.Professional.2007.FR.By Gervais\PROOFING.FR-FR\PROOF.ES\
[16:10:48] - [2] MIRKO.POZEN: Répertoire en Cours: D:\kerberos.htx\Microsoft.Office.Professional.2007.FR.By Gervais\PROOFING.FR-FR\PROOF.ES\
[16:10:48] - [2] MIRKO.POZEN: Répertoire en Cours: D:\kerberos.htx\Microsoft.Office.Professional.2007.FR.By Gervais\PROOFING.FR-FR\PROOF.EN\
[16:10:48] - [3] MIRKO.POZEN: Répertoire en Cours: D:\kerberos.htx\Microsoft.Office.Professional.2007.FR.By Gervais\PROOFING.FR-FR\PROOF.EN\
[16:10:48] - [3] MIRKO.POZEN: Répertoire en Cours: D:\kerberos.htx\Microsoft.Office.Professional.2007.FR.By Gervais\PROOFING.FR-FR\PROOF.DE\
[16:10:48] - [2] MIRKO.POZEN: Répertoire en Cours: D:\kerberos.htx\Microsoft.Office.Professional.2007.FR.By Gervais\PROOFING.FR-FR\PROOF.DE\
[16:10:48] - [2] MIRKO.POZEN: Répertoire en Cours: D:\kerberos.htx\Microsoft.Office.Professional.2007.FR.By Gervais\PROOFING.FR-FR\PROOF.AR\
[16:10:48] - [3] MIRKO.POZEN: Répertoire en Cours: D:\kerberos.htx\Microsoft.Office.Professional.2007.FR.By Gervais\PROOFING.FR-FR\PROOF.AR\
[16:10:48] - [3] MIRKO.POZEN: Répertoire en Cours: D:\kerberos.htx\Microsoft.Office.Professional.2007.FR.By Gervais\POWERPOINT.FR-FR\
[16:10:48] - [2] MIRKO.POZEN: Répertoire en Cours: D:\kerberos.htx\Microsoft.Office.Professional.2007.FR.By Gervais\POWERPOINT.FR-FR\
[16:10:48] - [3] MIRKO.POZEN: Répertoire en Cours: D:\kerberos.htx\Microsoft.Office.Professional.2007.FR.By Gervais\OUTLOOK.FR-FR\
[16:10:48] - [2] MIRKO.POZEN: Répertoire en Cours: D:\kerberos.htx\Microsoft.Office.Professional.2007.FR.By Gervais\OUTLOOK.FR-FR\
[16:10:48] - [3] MIRKO.POZEN: Répertoire en Cours: D:\kerberos.htx\Microsoft.Office.Professional.2007.FR.By Gervais\OFFICE64.FR-FR\
[16:10:48] - [2] MIRKO.POZEN: Répertoire en Cours: D:\kerberos.htx\Microsoft.Office.Professional.2007.FR.By Gervais\OFFICE64.FR-FR\
[16:10:48] - [3] MIRKO.POZEN: Répertoire en Cours: D:\kerberos.htx\Microsoft.Office.Professional.2007.FR.By Gervais\OFFICE.FR-FR\
[16:10:48] - [2] MIRKO.POZEN: Répertoire en Cours: D:\kerberos.htx\Microsoft.Office.Professional.2007.FR.By Gervais\OFFICE.FR-FR\
[16:10:48] - [2] MIRKO.POZEN: Répertoire en Cours: D:\kerberos.htx\Microsoft.Office.Professional.2007.FR.By Gervais\OFFICE.FR-FR\1036\
[16:10:48] - [3] MIRKO.POZEN: Répertoire en Cours: D:\kerberos.htx\Microsoft.Office.Professional.2007.FR.By Gervais\INFOPATH.FR-FR\
[16:10:48] - [2] MIRKO.POZEN: Répertoire en Cours: D:\kerberos.htx\Microsoft.Office.Professional.2007.FR.By Gervais\INFOPATH.FR-FR\
[16:10:48] - [3] MIRKO.POZEN: Répertoire en Cours: D:\kerberos.htx\Microsoft.Office.Professional.2007.FR.By Gervais\EXCEL.FR-FR\
[16:10:48] - [2] MIRKO.POZEN: Répertoire en Cours: D:\kerberos.htx\Microsoft.Office.Professional.2007.FR.By Gervais\EXCEL.FR-FR\
[16:10:48] - [3] MIRKO.POZEN: Répertoire en Cours: D:\kerberos.htx\Microsoft.Office.Professional.2007.FR.By Gervais\CATALOG\
[16:10:48] - [2] MIRKO.POZEN: Répertoire en Cours: D:\kerberos.htx\Microsoft.Office.Professional.2007.FR.By Gervais\ADMIN\
[16:10:48] - [3] MIRKO.POZEN: Répertoire en Cours: D:\kerberos.htx\Microsoft.Office.Professional.2007.FR.By Gervais\ADMIN\
[16:10:48] - [2] MIRKO.POZEN: Répertoire en Cours: D:\kerberos.htx\Microsoft.Office.Professional.2007.FR.By Gervais\ADMIN\ZH-TW\
[16:10:48] - [3] MIRKO.POZEN: Répertoire en Cours: D:\kerberos.htx\Microsoft.Office.Professional.2007.FR.By Gervais\ADMIN\ZH-TW\
[16:10:49] - [2] MIRKO.POZEN: Répertoire en Cours: D:\kerberos.htx\Microsoft.Office.Professional.2007.FR.By Gervais\ADMIN\ZH-CN\
[16:10:49] - [3] MIRKO.POZEN: Répertoire en Cours: D:\kerberos.htx\Microsoft.Office.Professional.2007.FR.By Gervais\ADMIN\ZH-CN\
[16:10:49] - [3] MIRKO.POZEN: Répertoire en Cours: D:\kerberos.htx\Microsoft.Office.Professional.2007.FR.By Gervais\ADMIN\KO-KR\
[16:10:49] - [2] MIRKO.POZEN: Répertoire en Cours: D:\kerberos.htx\Microsoft.Office.Professional.2007.FR.By Gervais\ADMIN\KO-KR\
[16:10:49] - [2] MIRKO.POZEN: Répertoire en Cours: D:\kerberos.htx\Microsoft.Office.Professional.2007.FR.By Gervais\ADMIN\JA-JP\
[16:10:49] - [3] MIRKO.POZEN: Répertoire en Cours: D:\kerberos.htx\Microsoft.Office.Professional.2007.FR.By Gervais\ADMIN\JA-JP\
[16:10:49] - [3] MIRKO.POZEN: Répertoire en Cours: D:\kerberos.htx\Microsoft.Office.Professional.2007.FR.By Gervais\ADMIN\IT-IT\
[16:10:49] - [2] MIRKO.POZEN: Répertoire en Cours: D:\kerberos.htx\Microsoft.Office.Professional.2007.FR.By Gervais\ADMIN\IT-IT\
[16:10:49] - [2] MIRKO.POZEN: Répertoire en Cours: D:\kerberos.htx\Microsoft.Office.Professional.2007.FR.By Gervais\ADMIN\FR-FR\
[16:10:49] - [3] MIRKO.POZEN: Répertoire en Cours: D:\kerberos.htx\Microsoft.Office.Professional.2007.FR.By Gervais\ADMIN\FR-FR\
[16:10:49] - [2] MIRKO.POZEN: Répertoire en Cours: D:\kerberos.htx\Microsoft.Office.Professional.2007.FR.By Gervais\ADMIN\ES-ES\
[16:10:49] - [3] MIRKO.POZEN: Répertoire en Cours: D:\kerberos.htx\Microsoft.Office.Professional.2007.FR.By Gervais\ADMIN\ES-ES\
[16:10:49] - [2] MIRKO.POZEN: Répertoire en Cours: D:\kerberos.htx\Microsoft.Office.Professional.2007.FR.By Gervais\ADMIN\EN-US\
[16:10:49] - [3] MIRKO.POZEN: Répertoire en Cours: D:\kerberos.htx\Microsoft.Office.Professional.2007.FR.By Gervais\ADMIN\EN-US\
[16:10:49] - [2] MIRKO.POZEN: Répertoire en Cours: D:\kerberos.htx\Microsoft.Office.Professional.2007.FR.By Gervais\ADMIN\DE-DE\
[16:10:49] - [3] MIRKO.POZEN: Répertoire en Cours: D:\kerberos.htx\Microsoft.Office.Professional.2007.FR.By Gervais\ADMIN\DE-DE\
[16:10:49] - [3] MIRKO.POZEN: Répertoire en Cours: D:\kerberos.htx\Microsoft.Office.Professional.2007.FR.By Gervais\ACCESS.FR-FR\
[16:10:49] - [2] MIRKO.POZEN: Répertoire en Cours: D:\kerberos.htx\Microsoft.Office.Professional.2007.FR.By Gervais\ACCESS.FR-FR\
[16:10:53] - [1] MIRKO.POZEN: Répertoire en Cours: D:\kerberos.htx\
[16:10:53] - [1] MIRKO.POZEN: Répertoire en Cours: D:\kerberos.htx\000\
[16:11:02] - [1] MIRKO.POZEN: Répertoire en Cours: D:\kerberos.htx\
[16:11:02] - [1] MIRKO.POZEN: Répertoire en Cours: D:\kerberos.htx\a trier\
[16:11:06] - [1] MIRKO.POZEN: Répertoire en Cours: D:\kerberos.htx\a trier\AusLogics Disk Defrag\
[16:11:11] - [1] MIRKO.POZEN: Répertoire en Cours: D:\kerberos.htx\a trier\AusLogics Disk Defrag\reports\
[16:11:11] - [1] MIRKO.POZEN: Répertoire en Cours: D:\kerberos.htx\a trier\AusLogics Disk Defrag\
[16:11:11] - [1] MIRKO.POZEN: Répertoire en Cours: D:\kerberos.htx\a trier\AusLogics Disk Defrag\Lang\
[16:11:11] - [1] MIRKO.POZEN: Répertoire en Cours: D:\kerberos.htx\a trier\AusLogics Disk Defrag\
[16:11:11] - [1] MIRKO.POZEN: Répertoire en Cours: D:\kerberos.htx\a trier\AusLogics Disk Defrag\Data\
[16:11:11] - [3] MIRKO.POZEN: Répertoire en Cours: D:\kerberos.htx\a trier\AusLogics Disk Defrag\
[16:11:11] - [2] MIRKO.POZEN: Répertoire en Cours: D:\kerberos.htx\a trier\AusLogics Disk Defrag\
[16:11:11] - [3] MIRKO.POZEN: Début du Téléchargement de: D:\kerberos.htx\a trier\AusLogics Disk Defrag\axpackage10.bpl
[16:11:12] - [2] MIRKO.POZEN: Début du Téléchargement de: D:\kerberos.htx\a trier\AusLogics Disk Defrag\axuninstall.exe
[16:11:12] - [2] MIRKO.POZEN: Fichier envoyé: D:\kerberos.htx\a trier\AusLogics Disk Defrag\axuninstall.exe (20,00 K/S -   20 480 bytes)
[16:11:12] - [2] MIRKO.POZEN: Début du Téléchargement de: D:\kerberos.htx\a trier\AusLogics Disk Defrag\commonforms_lite.dll
[16:11:13] - [2] MIRKO.POZEN: Fichier envoyé: D:\kerberos.htx\a trier\AusLogics Disk Defrag\commonforms_lite.dll (68,50 K/S -   70 144 bytes)
[16:11:13] - [2] MIRKO.POZEN: Début du Téléchargement de: D:\kerberos.htx\a trier\AusLogics Disk Defrag\diskdefrag.dll
[16:11:13] - [2] MIRKO.POZEN: Fichier envoyé: D:\kerberos.htx\a trier\AusLogics Disk Defrag\diskdefrag.dll (105,00 K/S -   107 520 bytes)
[16:11:13] - [2] MIRKO.POZEN: Début du Téléchargement de: D:\kerberos.htx\a trier\AusLogics Disk Defrag\diskdefrag.exe
[16:11:14] - [2] MIRKO.POZEN: Fichier envoyé: D:\kerberos.htx\a trier\AusLogics Disk Defrag\diskdefrag.exe (205,00 K/S -   209 920 bytes)
[16:11:14] - [2] MIRKO.POZEN: Début du Téléchargement de: D:\kerberos.htx\a trier\AusLogics Disk Defrag\helper.dll
[16:11:14] - [3] MIRKO.POZEN: Fichier envoyé: D:\kerberos.htx\a trier\AusLogics Disk Defrag\axpackage10.bpl (270,75 K/S -   554 496 bytes)
[16:11:14] - [3] MIRKO.POZEN: Début du Téléchargement de: D:\kerberos.htx\a trier\AusLogics Disk Defrag\localizer.dll
[16:11:14] - [2] MIRKO.POZEN: Fichier envoyé: D:\kerberos.htx\a trier\AusLogics Disk Defrag\helper.dll (81,50 K/S -   83 456 bytes)
[16:11:14] - [3] MIRKO.POZEN: Fichier envoyé: D:\kerberos.htx\a trier\AusLogics Disk Defrag\localizer.dll (45,50 K/S -   46 592 bytes)
[16:11:14] - [2] MIRKO.POZEN: Début du Téléchargement de: D:\kerberos.htx\a trier\AusLogics Disk Defrag\madbasic_.bpl
[16:11:15] - [3] MIRKO.POZEN: Début du Téléchargement de: D:\kerberos.htx\a trier\AusLogics Disk Defrag\maddisasm_.bpl
[16:11:15] - [3] MIRKO.POZEN: Fichier envoyé: D:\kerberos.htx\a trier\AusLogics Disk Defrag\maddisasm_.bpl (41,00 K/S -   41 984 bytes)
[16:11:15] - [3] MIRKO.POZEN: Début du Téléchargement de: D:\kerberos.htx\a trier\AusLogics Disk Defrag\madexcept_.bpl
[16:11:16] - [1] MIRKO.POZEN: Répertoire en Cours: D:\kerberos.htx\a trier\
[16:11:16] - [1] MIRKO.POZEN: Répertoire en Cours: D:\kerberos.htx\a trier\douwloads\
[16:11:16] - [2] MIRKO.POZEN: Fichier envoyé: D:\kerberos.htx\a trier\AusLogics Disk Defrag\madbasic_.bpl (142,50 K/S -   145 920 bytes)
[16:11:16] - [2] MIRKO.POZEN: Début du Téléchargement de: D:\kerberos.htx\a trier\AusLogics Disk Defrag\rtl70.bpl
[16:11:17] - [3] MIRKO.POZEN: Fichier envoyé: D:\kerberos.htx\a trier\AusLogics Disk Defrag\madexcept_.bpl (153,50 K/S -   314 368 bytes)
[16:11:17] - [3] MIRKO.POZEN: Début du Téléchargement de: D:\kerberos.htx\a trier\AusLogics Disk Defrag\unins000.dat
[16:11:17] - [3] MIRKO.POZEN: Fichier envoyé: D:\kerberos.htx\a trier\AusLogics Disk Defrag\unins000.dat (5,48 K/S -   5 611 bytes)
[16:11:18] - [3] MIRKO.POZEN: Début du Téléchargement de: D:\kerberos.htx\a trier\AusLogics Disk Defrag\unins000.exe
[16:11:19] - [2] MIRKO.POZEN: Fichier envoyé: D:\kerberos.htx\a trier\AusLogics Disk Defrag\rtl70.bpl (253,33 K/S -   778 240 bytes)
[16:11:19] - [2] MIRKO.POZEN: Début du Téléchargement de: D:\kerberos.htx\a trier\AusLogics Disk Defrag\vcl70.bpl
[16:11:20] - [3] MIRKO.POZEN: Fichier envoyé: D:\kerberos.htx\a trier\AusLogics Disk Defrag\unins000.exe (345,73 K/S -   708 048 bytes)
[16:11:20] - [3] MIRKO.POZEN: Répertoire en Cours: D:\kerberos.htx\a trier\AusLogics Disk Defrag\reports\
[16:11:20] - [3] MIRKO.POZEN: Début du Téléchargement de: D:\kerberos.htx\a trier\AusLogics Disk Defrag\reports\C_Disk_Defrag_Report.html
[16:11:20] - [3] MIRKO.POZEN: Fichier envoyé: D:\kerberos.htx\a trier\AusLogics Disk Defrag\reports\C_Disk_Defrag_Report.html (126,62 K/S -   129 654 bytes)
[16:11:20] - [3] MIRKO.POZEN: Début du Téléchargement de: D:\kerberos.htx\a trier\AusLogics Disk Defrag\reports\D_Disk_Defrag_Report.html
[16:11:21] - [3] MIRKO.POZEN: Fichier envoyé: D:\kerberos.htx\a trier\AusLogics Disk Defrag\reports\D_Disk_Defrag_Report.html (18,58 K/S -   19 023 bytes)
[16:11:21] - [3] MIRKO.POZEN: Début du Téléchargement de: D:\kerberos.htx\a trier\AusLogics Disk Defrag\reports\E_Disk_Defrag_Report.html
[16:11:21] - [3] MIRKO.POZEN: Fichier envoyé: D:\kerberos.htx\a trier\AusLogics Disk Defrag\reports\E_Disk_Defrag_Report.html (57,47 K/S -   58 849 bytes)
[16:11:21] - [3] MIRKO.POZEN: Début du Téléchargement de: D:\kerberos.htx\a trier\AusLogics Disk Defrag\reports\F_Disk_Defrag_Report.html
[16:11:21] - [3] MIRKO.POZEN: Fichier envoyé: D:\kerberos.htx\a trier\AusLogics Disk Defrag\reports\F_Disk_Defrag_Report.html (46,34 K/S -   47 449 bytes)
[16:11:22] - [3] MIRKO.POZEN: Début du Téléchargement de: D:\kerberos.htx\a trier\AusLogics Disk Defrag\reports\H_Disk_Defrag_Report.html
[16:11:22] - [3] MIRKO.POZEN: Fichier envoyé: D:\kerberos.htx\a trier\AusLogics Disk Defrag\reports\H_Disk_Defrag_Report.html (15,41 K/S -   15 776 bytes)
[16:11:22] - [3] MIRKO.POZEN: Début du Téléchargement de: D:\kerberos.htx\a trier\AusLogics Disk Defrag\reports\I_Disk_Defrag_Report.html
[16:11:22] - [3] MIRKO.POZEN: Fichier envoyé: D:\kerberos.htx\a trier\AusLogics Disk Defrag\reports\I_Disk_Defrag_Report.html (25,62 K/S -   26 237 bytes)
[16:11:22] - [3] MIRKO.POZEN: Début du Téléchargement de: D:\kerberos.htx\a trier\AusLogics Disk Defrag\reports\J_Disk_Defrag_Report.html
[16:11:22] - [3] MIRKO.POZEN: Fichier envoyé: D:\kerberos.htx\a trier\AusLogics Disk Defrag\reports\J_Disk_Defrag_Report.html (14,85 K/S -   15 204 bytes)
[16:11:22] - [3] MIRKO.POZEN: Début du Téléchargement de: D:\kerberos.htx\a trier\AusLogics Disk Defrag\reports\K_Disk_Defrag_Report.html
[16:11:22] - [3] MIRKO.POZEN: Fichier envoyé: D:\kerberos.htx\a trier\AusLogics Disk Defrag\reports\K_Disk_Defrag_Report.html (15,83 K/S -   16 212 bytes)
[16:11:22] - [3] MIRKO.POZEN: Répertoire en Cours: D:\kerberos.htx\a trier\AusLogics Disk Defrag\Lang\
[16:11:23] - [3] MIRKO.POZEN: Début du Téléchargement de: D:\kerberos.htx\a trier\AusLogics Disk Defrag\Lang\fr.lng
[16:11:23] - [3] MIRKO.POZEN: Fichier envoyé: D:\kerberos.htx\a trier\AusLogics Disk Defrag\Lang\fr.lng (9,84 K/S -   10 075 bytes)
[16:11:23] - [2] MIRKO.POZEN: Fichier envoyé: D:\kerberos.htx\a trier\AusLogics Disk Defrag\vcl70.bpl (337,25 K/S -  1 381 376 bytes)
[16:11:23] - [2] MIRKO.POZEN: Répertoire en Cours: D:\kerberos.htx\a trier\AusLogics Disk Defrag\Data\
[16:11:23] - [2] MIRKO.POZEN: Début du Téléchargement de: D:\kerberos.htx\a trier\AusLogics Disk Defrag\Data\about.png
[16:11:23] - [3] MIRKO.POZEN: Répertoire en Cours: D:\kerberos.htx\a trier\AusLogics Disk Defrag\Data\
[16:11:23] - [2] MIRKO.POZEN: Fichier envoyé: D:\kerberos.htx\a trier\AusLogics Disk Defrag\Data\about.png (29,16 K/S -   29 860 bytes)
[16:11:23] - [3] MIRKO.POZEN: Début du Téléchargement de: D:\kerberos.htx\a trier\AusLogics Disk Defrag\Data\main.ini
[16:11:23] - [3] MIRKO.POZEN: Fichier envoyé: D:\kerberos.htx\a trier\AusLogics Disk Defrag\Data\main.ini (0,90 K/S -    919 bytes)
[16:11:23] - [2] MIRKO.POZEN: Début du Téléchargement de: D:\kerberos.htx\a trier\AusLogics Disk Defrag\Data\Thumbs.db
[16:11:24] - [2] MIRKO.POZEN: Fichier envoyé: D:\kerberos.htx\a trier\AusLogics Disk Defrag\Data\Thumbs.db (4,00 K/S -   4 096 bytes)
[16:11:32] - [1] MIRKO.POZEN: Répertoire en Cours: D:\kerberos.htx\a trier\
[16:11:32] - [1] MIRKO.POZEN: Répertoire en Cours: D:\kerberos.htx\a trier\cleusb 16go\
[16:11:37] - [1] MIRKO.POZEN: Répertoire en Cours: D:\kerberos.htx\a trier\cleusb 16go\alex\
[16:11:38] - [1] MIRKO.POZEN: Répertoire en Cours: D:\kerberos.htx\a trier\cleusb 16go\alex\ALEX\
[16:11:38] - [3] MIRKO.POZEN: Répertoire en Cours: D:\kerberos.htx\a trier\cleusb 16go\alex\
[16:11:38] - [2] MIRKO.POZEN: Répertoire en Cours: D:\kerberos.htx\a trier\cleusb 16go\alex\
[16:11:38] - [3] MIRKO.POZEN: Début du Téléchargement de: D:\kerberos.htx\a trier\cleusb 16go\alex\setup.log
[16:11:38] - [2] MIRKO.POZEN: Début du Téléchargement de: D:\kerberos.htx\a trier\cleusb 16go\alex\TeamViewer_Resource_en.dll
[16:11:38] - [3] MIRKO.POZEN: Fichier envoyé: D:\kerberos.htx\a trier\cleusb 16go\alex\setup.log (2,08 K/S -   2 126 bytes)
[16:11:38] - [3] MIRKO.POZEN: Début du Téléchargement de: D:\kerberos.htx\a trier\cleusb 16go\alex\uninstall.exe
[16:11:39] - [3] MIRKO.POZEN: Fichier envoyé: D:\kerberos.htx\a trier\cleusb 16go\alex\uninstall.exe (63,00 K/S -   64 512 bytes)
[16:11:39] - [3] MIRKO.POZEN: Répertoire en Cours: D:\kerberos.htx\a trier\cleusb 16go\alex\ALEX\
[16:11:39] - [3] MIRKO.POZEN: Début du Téléchargement de: D:\kerberos.htx\a trier\cleusb 16go\alex\ALEX\setup.log
[16:11:39] - [3] MIRKO.POZEN: Fichier envoyé: D:\kerberos.htx\a trier\cleusb 16go\alex\ALEX\setup.log (2,08 K/S -   2 126 bytes)
[16:11:40] - [3] MIRKO.POZEN: Début du Téléchargement de: D:\kerberos.htx\a trier\cleusb 16go\alex\ALEX\TeamViewer_Resource_en.dll
[16:11:41] - [2] MIRKO.POZEN: Fichier envoyé: D:\kerberos.htx\a trier\cleusb 16go\alex\TeamViewer_Resource_en.dll (271,10 K/S -   832 808 bytes)
[16:11:41] - [2] MIRKO.POZEN: Répertoire en Cours: D:\kerberos.htx\a trier\cleusb 16go\alex\ALEX\
[16:11:41] - [2] MIRKO.POZEN: Début du Téléchargement de: D:\kerberos.htx\a trier\cleusb 16go\alex\ALEX\uninstall.exe
[16:11:42] - [2] MIRKO.POZEN: Fichier envoyé: D:\kerberos.htx\a trier\cleusb 16go\alex\ALEX\uninstall.exe (63,00 K/S -   64 512 bytes)
[16:11:42] - [3] MIRKO.POZEN: Fichier envoyé: D:\kerberos.htx\a trier\cleusb 16go\alex\ALEX\TeamViewer_Resource_en.dll (406,64 K/S -   832 808 bytes)
[16:11:48] - [1] MIRKO.POZEN: Répertoire en Cours: D:\kerberos.htx\a trier\
[16:11:48] - [1] MIRKO.POZEN: Répertoire en Cours: D:\kerberos.htx\a trier\exe\
[16:12:13] - [3] Client 192.168.0.1 Déconnecté (00:01:34 Min)
[16:12:13] - [2] Client 192.168.0.1 Déconnecté (00:01:34 Min)
[16:12:17] - [4] Connecté à 192.168.0.1. Collecte du Nom d'utilisateur.
[16:12:17] - [4] Usager MIRKO.POZEN Connecté IP: 192.168.0.1
[16:12:17] - [4] MIRKO.POZEN: Répertoire en Cours: D:\kerberos.htx\
[16:12:17] - [4] MIRKO.POZEN: Répertoire en Cours: D:\kerberos.htx\a trier\exe\
[16:12:18] - [4] MIRKO.POZEN: Début du Téléchargement de: D:\kerberos.htx\a trier\exe\mozilla-firefox_42-0_fr_11003_32.exe
[16:12:43] - [5] Connecté à 192.168.0.1. Collecte du Nom d'utilisateur.
[16:12:43] - [5] Usager MIRKO.POZEN Connecté IP: 192.168.0.1
[16:12:43] - [5] MIRKO.POZEN: Répertoire en Cours: D:\kerberos.htx\
[16:12:43] - [5] MIRKO.POZEN: Répertoire en Cours: D:\kerberos.htx\a trier\douwloads\
[16:12:43] - [5] MIRKO.POZEN: Début du Téléchargement de: D:\kerberos.htx\a trier\douwloads\mseinstall.exe
[16:12:51] - [1] MIRKO.POZEN: Répertoire en Cours: D:\kerberos.htx\a trier\
[16:12:51] - [1] MIRKO.POZEN: Répertoire en Cours: D:\kerberos.htx\a trier\progz mig\
[16:12:58] - [1] MIRKO.POZEN: Répertoire en Cours: D:\kerberos.htx\a trier\progz mig\getdataback\
[16:13:10] - [1] MIRKO.POZEN: Répertoire en Cours: D:\kerberos.htx\a trier\progz mig\
[16:13:10] - [1] MIRKO.POZEN: Répertoire en Cours: D:\kerberos.htx\a trier\progz mig\films\
[16:13:18] - [1] MIRKO.POZEN: Répertoire en Cours: D:\kerberos.htx\a trier\progz mig\
[16:13:18] - [1] MIRKO.POZEN: Répertoire en Cours: D:\kerberos.htx\a trier\progz mig\restore partition usb\
[16:13:19] - [5] MIRKO.POZEN: Fichier envoyé: D:\kerberos.htx\a trier\douwloads\mseinstall.exe (361,40 K/S -  13 692 600 bytes)
[16:13:35] - [1] MIRKO.POZEN: Répertoire en Cours: D:\kerberos.htx\a trier\
[16:13:38] - [4] MIRKO.POZEN: Fichier envoyé: D:\kerberos.htx\a trier\exe\mozilla-firefox_42-0_fr_11003_32.exe (528,56 K/S -  43 299 576 bytes)
[16:13:46] - [1] MIRKO.POZEN: Répertoire en Cours: D:\kerberos.htx\a trier\medaille\
[16:13:51] - [5] Client 192.168.0.1 Déconnecté (00:01:07 Min)
[16:13:51] - [1] MIRKO.POZEN: Répertoire en Cours: D:\kerberos.htx\a trier\
[16:13:56] - [1] MIRKO.POZEN: Répertoire en Cours: D:\kerberos.htx\a trier\rar\
[16:14:09] - [4] Client 192.168.0.1 Déconnecté (00:01:51 Min)
[16:14:37] - [1] MIRKO.POZEN: Répertoire en Cours: D:\kerberos.htx\a trier\
[16:14:37] - [1] MIRKO.POZEN: Répertoire en Cours: D:\kerberos.htx\a trier\usb important\
[16:14:39] - [1] MIRKO.POZEN: Répertoire en Cours: D:\kerberos.htx\a trier\usb important\FileZilla\
[16:15:00] - [1] MIRKO.POZEN: Répertoire en Cours: D:\kerberos.htx\
[16:15:00] - [1] MIRKO.POZEN: Répertoire en Cours: D:\kerberos.htx\exe\
[16:15:26] - [6] Connecté à 192.168.0.1. Collecte du Nom d'utilisateur.
[16:15:26] - [6] Usager MIRKO.POZEN Connecté IP: 192.168.0.1
[16:15:26] - [6] MIRKO.POZEN: Répertoire en Cours: D:\kerberos.htx\
[16:15:26] - [6] MIRKO.POZEN: Répertoire en Cours: D:\kerberos.htx\exe\
[16:15:26] - [6] MIRKO.POZEN: Début du Téléchargement de: D:\kerberos.htx\exe\ClassicShellSetup_4_2_5.exe
[16:15:37] - [6] MIRKO.POZEN: Fichier envoyé: D:\kerberos.htx\exe\ClassicShellSetup_4_2_5.exe (618,61 K/S -  6 968 048 bytes)
[16:15:56] - [6] MIRKO.POZEN: Début du Téléchargement de: D:\kerberos.htx\exe\never10.exe
[16:15:56] - [6] MIRKO.POZEN: Fichier envoyé: D:\kerberos.htx\exe\never10.exe (82,98 K/S -   84 976 bytes)
[16:16:21] - [6] MIRKO.POZEN: Début du Téléchargement de: D:\kerberos.htx\exe\vlc-media-player-3-0-4.exe
[16:16:29] - [7] Connecté à 192.168.0.1. Collecte du Nom d'utilisateur.
[16:16:29] - [7] Usager MIRKO.POZEN Connecté IP: 192.168.0.1
[16:16:29] - [7] MIRKO.POZEN: Répertoire en Cours: D:\kerberos.htx\
[16:16:29] - [7] MIRKO.POZEN: Répertoire en Cours: D:\kerberos.htx\exe\
[16:16:29] - [7] MIRKO.POZEN: Début du Téléchargement de: D:\kerberos.htx\exe\winrar.exe
[16:16:37] - [7] MIRKO.POZEN: Fichier envoyé: D:\kerberos.htx\exe\winrar.exe (320,00 K/S -  2 621 400 bytes)
[16:17:08] - [7] Client 192.168.0.1 Déconnecté (00:00:39 Min)
[16:17:31] - [6] MIRKO.POZEN: Fichier envoyé: D:\kerberos.htx\exe\vlc-media-player-3-0-4.exe (578,77 K/S -  41 486 400 bytes)
[16:18:03] - [6] Client 192.168.0.1 Déconnecté (00:02:37 Min)
[16:18:23] - [1] Client 192.168.0.1 Déconnecté (00:08:35 Min)
[16:44:15] - [8] Connecté à 192.168.0.1. Collecte du Nom d'utilisateur.
[16:44:15] - [8] Usager MIRKO.POZEN Connecté IP: 192.168.0.1
[16:44:15] - [8] MIRKO.POZEN: Répertoire en Cours: D:\kerberos.htx\
[16:44:16] - [8] MIRKO.POZEN: Répertoire en Cours: D:\kerberos.htx\
[16:44:44] - [8] MIRKO.POZEN: Répertoire en Cours: D:\kerberos.htx\rar\
[16:45:19] - [9] Connecté à 192.168.0.1. Collecte du Nom d'utilisateur.
[16:45:19] - [9] Usager MIRKO.POZEN Connecté IP: 192.168.0.1
[16:45:19] - [9] MIRKO.POZEN: Répertoire en Cours: D:\kerberos.htx\
[16:45:19] - [9] MIRKO.POZEN: Répertoire en Cours: D:\kerberos.htx\rar\
[16:45:20] - [9] MIRKO.POZEN: Début du Téléchargement de: D:\kerberos.htx\rar\office ok.rar
[16:50:23] - [10] Connecté à 192.168.0.1. Collecte du Nom d'utilisateur.
[16:50:23] - [10] Usager MIRKO.POZEN Connecté IP: 192.168.0.1
[16:50:23] - [10] MIRKO.POZEN: Répertoire en Cours: D:\kerberos.htx\
[16:50:23] - [10] MIRKO.POZEN: Répertoire en Cours: D:\kerberos.htx\rar\
[16:50:23] - [10] MIRKO.POZEN: Début du Téléchargement de: D:\kerberos.htx\rar\media player classic.rar
[16:51:15] - [8] MIRKO.POZEN: Répertoire en Cours: D:\kerberos.htx\
[16:51:15] - [8] MIRKO.POZEN: Répertoire en Cours: D:\kerberos.htx\exe\
[16:51:40] - [10] MIRKO.POZEN: Fichier envoyé: D:\kerberos.htx\rar\media player classic.rar (380,42 K/S -  29 994 997 bytes)
[16:51:40] - [10] MIRKO.POZEN: Répertoire en Cours: D:\kerberos.htx\exe\
[16:51:41] - [10] MIRKO.POZEN: Début du Téléchargement de: D:\kerberos.htx\exe\CrucialFRScan.exe
[16:51:42] - [10] MIRKO.POZEN: Fichier envoyé: D:\kerberos.htx\exe\CrucialFRScan.exe (226,33 K/S -   231 760 bytes)
[16:52:13] - [10] Client 192.168.0.1 Déconnecté (00:01:49 Min)
[16:59:12] - [11] Connecté à 192.168.0.1. Collecte du Nom d'utilisateur.
[16:59:12] - [11] Usager MIRKO.POZEN Connecté IP: 192.168.0.1
[16:59:12] - [11] MIRKO.POZEN: Répertoire en Cours: D:\kerberos.htx\
[16:59:13] - [11] MIRKO.POZEN: Répertoire en Cours: D:\kerberos.htx\exe\
[16:59:13] - [11] MIRKO.POZEN: Début du Téléchargement de: D:\kerberos.htx\exe\MSEInstall.exe
[17:00:16] - [11] MIRKO.POZEN: Fichier envoyé: D:\kerberos.htx\exe\MSEInstall.exe (233,82 K/S -  15 084 224 bytes)
[17:00:47] - [11] Client 192.168.0.1 Déconnecté (00:01:34 Min)
[17:01:22] - [8] MIRKO.POZEN: Répertoire en Cours: D:\kerberos.htx\exe\hddentinel\
[17:01:34] - [8] MIRKO.POZEN: Répertoire en Cours: D:\kerberos.htx\exe\hddentinel\crack\
[17:01:35] - [12] Connecté à 192.168.0.1. Collecte du Nom d'utilisateur.
[17:01:35] - [12] Usager MIRKO.POZEN Connecté IP: 192.168.0.1
[17:01:35] - [12] MIRKO.POZEN: Répertoire en Cours: D:\kerberos.htx\
[17:01:35] - [12] MIRKO.POZEN: Répertoire en Cours: D:\kerberos.htx\exe\hddentinel\
[17:01:36] - [12] MIRKO.POZEN: Début du Téléchargement de: D:\kerberos.htx\exe\hddentinel\hdsentinel_setup.exe
[17:02:08] - [8] MIRKO.POZEN: Répertoire en Cours: D:\kerberos.htx\
[17:02:08] - [8] MIRKO.POZEN: Répertoire en Cours: D:\kerberos.htx\xam\
[17:02:13] - [8] MIRKO.POZEN: Répertoire en Cours: D:\kerberos.htx\
[17:02:13] - [8] MIRKO.POZEN: Répertoire en Cours: D:\kerberos.htx\http2\
[17:02:22] - [8] MIRKO.POZEN: Répertoire en Cours: D:\kerberos.htx\http2\pplfr\
[17:02:24] - [12] MIRKO.POZEN: Fichier envoyé: D:\kerberos.htx\exe\hddentinel\hdsentinel_setup.exe (366,49 K/S -  18 013 720 bytes)
[17:02:24] - [12] MIRKO.POZEN: Répertoire en Cours: D:\kerberos.htx\exe\hddentinel\crack\
[17:02:24] - [12] MIRKO.POZEN: Début du Téléchargement de: D:\kerberos.htx\exe\hddentinel\crack\HDSentinel.exe
[17:02:37] - [12] MIRKO.POZEN: Fichier envoyé: D:\kerberos.htx\exe\hddentinel\crack\HDSentinel.exe (335,05 K/S -  4 460 176 bytes)
[17:03:08] - [12] Client 192.168.0.1 Déconnecté (00:01:32 Min)
[17:07:50] - [8] MIRKO.POZEN: Répertoire en Cours: D:\kerberos.htx\
[17:07:50] - [8] MIRKO.POZEN: Répertoire en Cours: D:\kerberos.htx\gamez1\
[17:07:58] - [8] MIRKO.POZEN: Répertoire en Cours: D:\kerberos.htx\gamez1\Dethkarz\
[17:07:59] - [8] MIRKO.POZEN: Répertoire en Cours: D:\kerberos.htx\gamez1\Dethkarz\SYSDATA\
[17:07:59] - [8] MIRKO.POZEN: Répertoire en Cours: D:\kerberos.htx\gamez1\Dethkarz\SYSDATA\Syscon\
[17:07:59] - [8] MIRKO.POZEN: Répertoire en Cours: D:\kerberos.htx\gamez1\Dethkarz\SYSDATA\Syscon\Sysdata\
[17:08:00] - [8] MIRKO.POZEN: Répertoire en Cours: D:\kerberos.htx\gamez1\Dethkarz\SYSDATA\Syscon\Sysdata\Syscon\
[17:08:00] - [8] MIRKO.POZEN: Répertoire en Cours: D:\kerberos.htx\gamez1\Dethkarz\SYSDATA\Syscon\Sysdata\Syscon\Sysdata\
[17:08:01] - [8] MIRKO.POZEN: Répertoire en Cours: D:\kerberos.htx\gamez1\Dethkarz\
[17:08:01] - [8] MIRKO.POZEN: Répertoire en Cours: D:\kerberos.htx\gamez1\Dethkarz\SETUPDIR\
[17:08:01] - [8] MIRKO.POZEN: Répertoire en Cours: D:\kerberos.htx\gamez1\Dethkarz\SETUPDIR\040c\
[17:08:02] - [8] MIRKO.POZEN: Répertoire en Cours: D:\kerberos.htx\gamez1\Dethkarz\SETUPDIR\
[17:08:02] - [8] MIRKO.POZEN: Répertoire en Cours: D:\kerberos.htx\gamez1\Dethkarz\SETUPDIR\0009\
[17:08:02] - [8] MIRKO.POZEN: Répertoire en Cours: D:\kerberos.htx\gamez1\Dethkarz\SETUPDIR\
[17:08:02] - [8] MIRKO.POZEN: Répertoire en Cours: D:\kerberos.htx\gamez1\Dethkarz\SETUPDIR\0007\
[17:08:02] - [8] MIRKO.POZEN: Répertoire en Cours: D:\kerberos.htx\gamez1\Dethkarz\
[17:08:03] - [8] MIRKO.POZEN: Répertoire en Cours: D:\kerberos.htx\gamez1\Dethkarz\EXTRAS\
[17:08:03] - [8] MIRKO.POZEN: Répertoire en Cours: D:\kerberos.htx\gamez1\Dethkarz\EXTRAS\Manuals\
[17:08:03] - [8] MIRKO.POZEN: Répertoire en Cours: D:\kerberos.htx\gamez1\Dethkarz\EXTRAS\
[17:08:03] - [8] MIRKO.POZEN: Répertoire en Cours: D:\kerberos.htx\gamez1\Dethkarz\EXTRAS\Goodies\
[17:08:04] - [8] MIRKO.POZEN: Répertoire en Cours: D:\kerberos.htx\gamez1\Dethkarz\EXTRAS\Goodies\Francais\
[17:08:04] - [8] MIRKO.POZEN: Répertoire en Cours: D:\kerberos.htx\gamez1\Dethkarz\EXTRAS\Goodies\Francais\boutique\
[17:08:05] - [8] MIRKO.POZEN: Répertoire en Cours: D:\kerberos.htx\gamez1\Dethkarz\EXTRAS\Goodies\Francais\boutique\stuff\
[17:08:05] - [8] MIRKO.POZEN: Répertoire en Cours: D:\kerberos.htx\gamez1\Dethkarz\EXTRAS\Goodies\Francais\boutique\stuff\products\
[17:08:06] - [8] MIRKO.POZEN: Répertoire en Cours: D:\kerberos.htx\gamez1\Dethkarz\EXTRAS\Goodies\Francais\boutique\stuff\
[17:08:06] - [8] MIRKO.POZEN: Répertoire en Cours: D:\kerberos.htx\gamez1\Dethkarz\EXTRAS\Goodies\Francais\boutique\stuff\images\
[17:08:06] - [8] MIRKO.POZEN: Répertoire en Cours: D:\kerberos.htx\gamez1\Dethkarz\EXTRAS\Goodies\
[17:08:06] - [8] MIRKO.POZEN: Répertoire en Cours: D:\kerberos.htx\gamez1\Dethkarz\EXTRAS\Goodies\English\
[17:08:07] - [8] MIRKO.POZEN: Répertoire en Cours: D:\kerberos.htx\gamez1\Dethkarz\EXTRAS\Goodies\English\shop\
[17:08:07] - [8] MIRKO.POZEN: Répertoire en Cours: D:\kerberos.htx\gamez1\Dethkarz\EXTRAS\Goodies\English\shop\Stuff\
[17:08:08] - [8] MIRKO.POZEN: Répertoire en Cours: D:\kerberos.htx\gamez1\Dethkarz\EXTRAS\Goodies\English\shop\Stuff\products\
[17:08:08] - [13] Connecté à 192.168.0.1. Collecte du Nom d'utilisateur.
[17:08:08] - [8] MIRKO.POZEN: Répertoire en Cours: D:\kerberos.htx\gamez1\Dethkarz\EXTRAS\Goodies\English\shop\Stuff\
[17:08:08] - [13] Usager MIRKO.POZEN Connecté IP: 192.168.0.1
[17:08:08] - [13] MIRKO.POZEN: Répertoire en Cours: D:\kerberos.htx\
[17:08:08] - [8] MIRKO.POZEN: Répertoire en Cours: D:\kerberos.htx\gamez1\Dethkarz\EXTRAS\Goodies\English\shop\Stuff\images\
[17:08:09] - [13] MIRKO.POZEN: Répertoire en Cours: D:\kerberos.htx\gamez1\Dethkarz\
[17:08:09] - [13] MIRKO.POZEN: Début du Téléchargement de: D:\kerberos.htx\gamez1\Dethkarz\AUTORUN.INF
[17:08:09] - [13] MIRKO.POZEN: Fichier envoyé: D:\kerberos.htx\gamez1\Dethkarz\AUTORUN.INF (0,03 K/S -    29 bytes)
[17:08:09] - [8] MIRKO.POZEN: Répertoire en Cours: D:\kerberos.htx\gamez1\Dethkarz\EXTRAS\Goodies\
[17:08:09] - [8] MIRKO.POZEN: Répertoire en Cours: D:\kerberos.htx\gamez1\Dethkarz\EXTRAS\Goodies\Deutsch\
[17:08:09] - [13] MIRKO.POZEN: Début du Téléchargement de: D:\kerberos.htx\gamez1\Dethkarz\CMS16.DLL
[17:08:09] - [13] MIRKO.POZEN: Fichier envoyé: D:\kerberos.htx\gamez1\Dethkarz\CMS16.DLL (11,69 K/S -   11 970 bytes)
[17:08:09] - [13] MIRKO.POZEN: Début du Téléchargement de: D:\kerberos.htx\gamez1\Dethkarz\cms32_95.dll
[17:08:10] - [8] MIRKO.POZEN: Répertoire en Cours: D:\kerberos.htx\gamez1\Dethkarz\EXTRAS\Goodies\Deutsch\shop\
[17:08:10] - [13] MIRKO.POZEN: Fichier envoyé: D:\kerberos.htx\gamez1\Dethkarz\cms32_95.dll (22,50 K/S -   23 040 bytes)
[17:08:10] - [13] MIRKO.POZEN: Début du Téléchargement de: D:\kerberos.htx\gamez1\Dethkarz\CMS32_NT.DLL
[17:08:10] - [8] MIRKO.POZEN: Répertoire en Cours: D:\kerberos.htx\gamez1\Dethkarz\EXTRAS\Goodies\Deutsch\shop\stuff\
[17:08:10] - [13] MIRKO.POZEN: Fichier envoyé: D:\kerberos.htx\gamez1\Dethkarz\CMS32_NT.DLL (32,00 K/S -   32 768 bytes)
[17:08:10] - [13] MIRKO.POZEN: Début du Téléchargement de: D:\kerberos.htx\gamez1\Dethkarz\DATA.TAG
[17:08:10] - [13] MIRKO.POZEN: Fichier envoyé: D:\kerberos.htx\gamez1\Dethkarz\DATA.TAG (0,10 K/S -    102 bytes)
[17:08:11] - [8] MIRKO.POZEN: Répertoire en Cours: D:\kerberos.htx\gamez1\Dethkarz\EXTRAS\Goodies\Deutsch\shop\stuff\products\
[17:08:11] - [13] MIRKO.POZEN: Début du Téléchargement de: D:\kerberos.htx\gamez1\Dethkarz\DATA1.CAB
[17:08:11] - [8] MIRKO.POZEN: Répertoire en Cours: D:\kerberos.htx\gamez1\Dethkarz\EXTRAS\Goodies\Deutsch\shop\stuff\
[17:08:11] - [8] MIRKO.POZEN: Répertoire en Cours: D:\kerberos.htx\gamez1\Dethkarz\EXTRAS\Goodies\Deutsch\shop\stuff\images\
[17:08:12] - [8] MIRKO.POZEN: Répertoire en Cours: D:\kerberos.htx\gamez1\Dethkarz\EXTRAS\
[17:08:12] - [8] MIRKO.POZEN: Répertoire en Cours: D:\kerberos.htx\gamez1\Dethkarz\EXTRAS\Chatnplay\
[17:08:12] - [8] MIRKO.POZEN: Répertoire en Cours: D:\kerberos.htx\gamez1\Dethkarz\
[17:08:12] - [8] MIRKO.POZEN: Répertoire en Cours: D:\kerberos.htx\gamez1\Dethkarz\DIRECTX\
[17:08:13] - [8] MIRKO.POZEN: Répertoire en Cours: D:\kerberos.htx\gamez1\Dethkarz\
[17:08:13] - [8] MIRKO.POZEN: Répertoire en Cours: D:\kerberos.htx\gamez1\Dethkarz\Device Libraries\
[17:08:14] - [8] MIRKO.POZEN: Répertoire en Cours: D:\kerberos.htx\gamez1\Dethkarz\
[17:08:14] - [8] MIRKO.POZEN: Répertoire en Cours: D:\kerberos.htx\gamez1\Dethkarz\Data\
[17:08:14] - [8] MIRKO.POZEN: Répertoire en Cours: D:\kerberos.htx\gamez1\Dethkarz\Data\Sounds\
[17:08:15] - [8] MIRKO.POZEN: Répertoire en Cours: D:\kerberos.htx\gamez1\Dethkarz\Data\
[17:08:15] - [8] MIRKO.POZEN: Répertoire en Cours: D:\kerberos.htx\gamez1\Dethkarz\Data\Replays\
[17:08:15] - [8] MIRKO.POZEN: Répertoire en Cours: D:\kerberos.htx\gamez1\Dethkarz\Data\
[17:08:15] - [8] MIRKO.POZEN: Répertoire en Cours: D:\kerberos.htx\gamez1\Dethkarz\Data\Ghosts\
[17:08:16] - [8] MIRKO.POZEN: Répertoire en Cours: D:\kerberos.htx\gamez1\Dethkarz\Data\
[17:08:16] - [8] MIRKO.POZEN: Répertoire en Cours: D:\kerberos.htx\gamez1\Dethkarz\Data\FMV\
[17:08:43] - [8] MIRKO.POZEN: Répertoire en Cours: D:\kerberos.htx\
[17:08:44] - [8] MIRKO.POZEN: Répertoire en Cours: D:\kerberos.htx\fila test\
[17:08:45] - [8] MIRKO.POZEN: Répertoire en Cours: D:\kerberos.htx\fila test\FileZilla\
[17:08:48] - [13] MIRKO.POZEN: Fichier envoyé: D:\kerberos.htx\gamez1\Dethkarz\DATA1.CAB (187,61 K/S -  7 108 287 bytes)
[17:08:48] - [13] MIRKO.POZEN: Début du Téléchargement de: D:\kerberos.htx\gamez1\Dethkarz\Dethkarz.exe
[17:08:50] - [8] MIRKO.POZEN: Répertoire en Cours: D:\kerberos.htx\
[17:08:50] - [8] MIRKO.POZEN: Répertoire en Cours: D:\kerberos.htx\enzo\
[17:08:56] - [13] MIRKO.POZEN: Fichier envoyé: D:\kerberos.htx\gamez1\Dethkarz\Dethkarz.exe (162,86 K/S -  1 167 360 bytes)
[17:08:56] - [13] MIRKO.POZEN: Début du Téléchargement de: D:\kerberos.htx\gamez1\Dethkarz\DETINST.EXE
[17:09:00] - [13] MIRKO.POZEN: Fichier envoyé: D:\kerberos.htx\gamez1\Dethkarz\DETINST.EXE (132,00 K/S -   675 840 bytes)
[17:09:01] - [13] MIRKO.POZEN: Début du Téléchargement de: D:\kerberos.htx\gamez1\Dethkarz\DSETUP.DLL
[17:09:01] - [13] MIRKO.POZEN: Fichier envoyé: D:\kerberos.htx\gamez1\Dethkarz\DSETUP.DLL (124,50 K/S -   127 488 bytes)
[17:09:01] - [13] MIRKO.POZEN: Début du Téléchargement de: D:\kerberos.htx\gamez1\Dethkarz\DSETUP16.DLL
[17:09:02] - [13] MIRKO.POZEN: Fichier envoyé: D:\kerberos.htx\gamez1\Dethkarz\DSETUP16.DLL (61,77 K/S -   63 248 bytes)
[17:09:02] - [13] MIRKO.POZEN: Début du Téléchargement de: D:\kerberos.htx\gamez1\Dethkarz\DSETUP32.DLL
[17:09:02] - [13] MIRKO.POZEN: Fichier envoyé: D:\kerberos.htx\gamez1\Dethkarz\DSETUP32.DLL (50,50 K/S -   51 712 bytes)
[17:09:02] - [8] MIRKO.POZEN: Répertoire en Cours: D:\kerberos.htx\
[17:09:02] - [8] MIRKO.POZEN: Répertoire en Cours: D:\kerberos.htx\progz\
[17:09:02] - [13] MIRKO.POZEN: Début du Téléchargement de: D:\kerberos.htx\gamez1\Dethkarz\Francais Readme.txt
[17:09:03] - [13] MIRKO.POZEN: Fichier envoyé: D:\kerberos.htx\gamez1\Dethkarz\Francais Readme.txt (15,36 K/S -   15 728 bytes)
[17:09:03] - [13] MIRKO.POZEN: Début du Téléchargement de: D:\kerberos.htx\gamez1\Dethkarz\IFORCE2.DLL
[17:09:03] - [13] MIRKO.POZEN: Fichier envoyé: D:\kerberos.htx\gamez1\Dethkarz\IFORCE2.DLL (73,50 K/S -   75 264 bytes)
[17:09:03] - [13] MIRKO.POZEN: Début du Téléchargement de: D:\kerberos.htx\gamez1\Dethkarz\Joystick.ifr
[17:09:03] - [13] MIRKO.POZEN: Fichier envoyé: D:\kerberos.htx\gamez1\Dethkarz\Joystick.ifr (1,09 K/S -   1 113 bytes)
[17:09:04] - [13] MIRKO.POZEN: Début du Téléchargement de: D:\kerberos.htx\gamez1\Dethkarz\LANG.DAT
[17:09:04] - [13] MIRKO.POZEN: Fichier envoyé: D:\kerberos.htx\gamez1\Dethkarz\LANG.DAT (4,45 K/S -   4 557 bytes)
[17:09:04] - [13] MIRKO.POZEN: Début du Téléchargement de: D:\kerberos.htx\gamez1\Dethkarz\LAYOUT.BIN
[17:09:04] - [13] MIRKO.POZEN: Fichier envoyé: D:\kerberos.htx\gamez1\Dethkarz\LAYOUT.BIN (0,33 K/S -    334 bytes)
[17:09:04] - [13] MIRKO.POZEN: Début du Téléchargement de: D:\kerberos.htx\gamez1\Dethkarz\OS.DAT
[17:09:04] - [13] MIRKO.POZEN: Fichier envoyé: D:\kerberos.htx\gamez1\Dethkarz\OS.DAT (0,41 K/S -    417 bytes)
[17:09:04] - [13] MIRKO.POZEN: Début du Téléchargement de: D:\kerberos.htx\gamez1\Dethkarz\SETUP.EXE
[17:09:05] - [13] MIRKO.POZEN: Fichier envoyé: D:\kerberos.htx\gamez1\Dethkarz\SETUP.EXE (58,50 K/S -   59 904 bytes)
[17:09:05] - [13] MIRKO.POZEN: Début du Téléchargement de: D:\kerberos.htx\gamez1\Dethkarz\SETUP.INI
[17:09:05] - [13] MIRKO.POZEN: Fichier envoyé: D:\kerberos.htx\gamez1\Dethkarz\SETUP.INI (0,05 K/S -    49 bytes)
[17:09:05] - [13] MIRKO.POZEN: Début du Téléchargement de: D:\kerberos.htx\gamez1\Dethkarz\SETUP.INS
[17:09:06] - [13] MIRKO.POZEN: Fichier envoyé: D:\kerberos.htx\gamez1\Dethkarz\SETUP.INS (64,99 K/S -   66 549 bytes)
[17:09:06] - [13] MIRKO.POZEN: Début du Téléchargement de: D:\kerberos.htx\gamez1\Dethkarz\SETUP.LID
[17:09:06] - [13] MIRKO.POZEN: Fichier envoyé: D:\kerberos.htx\gamez1\Dethkarz\SETUP.LID (0,07 K/S -    69 bytes)
[17:09:06] - [13] MIRKO.POZEN: Début du Téléchargement de: D:\kerberos.htx\gamez1\Dethkarz\setup.log
[17:09:06] - [13] MIRKO.POZEN: Fichier envoyé: D:\kerberos.htx\gamez1\Dethkarz\setup.log (40,84 K/S -   41 819 bytes)
[17:09:06] - [13] MIRKO.POZEN: Début du Téléchargement de: D:\kerberos.htx\gamez1\Dethkarz\Uninst.isu
[17:09:07] - [13] MIRKO.POZEN: Fichier envoyé: D:\kerberos.htx\gamez1\Dethkarz\Uninst.isu (20,68 K/S -   21 177 bytes)
[17:09:07] - [13] MIRKO.POZEN: Début du Téléchargement de: D:\kerberos.htx\gamez1\Dethkarz\uninstall.exe
[17:09:07] - [13] MIRKO.POZEN: Fichier envoyé: D:\kerberos.htx\gamez1\Dethkarz\uninstall.exe (32,00 K/S -   32 768 bytes)
[17:09:07] - [13] MIRKO.POZEN: Début du Téléchargement de: D:\kerberos.htx\gamez1\Dethkarz\Wheel.ifr
[17:09:07] - [13] MIRKO.POZEN: Fichier envoyé: D:\kerberos.htx\gamez1\Dethkarz\Wheel.ifr (1,05 K/S -   1 078 bytes)
[17:09:07] - [13] MIRKO.POZEN: Début du Téléchargement de: D:\kerberos.htx\gamez1\Dethkarz\_INST32I.EX_
[17:09:09] - [13] MIRKO.POZEN: Fichier envoyé: D:\kerberos.htx\gamez1\Dethkarz\_INST32I.EX_ (309,66 K/S -   317 092 bytes)
[17:09:09] - [13] MIRKO.POZEN: Début du Téléchargement de: D:\kerberos.htx\gamez1\Dethkarz\_ISDEL.EXE
[17:09:09] - [13] MIRKO.POZEN: Fichier envoyé: D:\kerberos.htx\gamez1\Dethkarz\_ISDEL.EXE (8,00 K/S -   8 192 bytes)
[17:09:09] - [13] MIRKO.POZEN: Début du Téléchargement de: D:\kerberos.htx\gamez1\Dethkarz\_SYS1.CAB
[17:09:12] - [13] MIRKO.POZEN: Fichier envoyé: D:\kerberos.htx\gamez1\Dethkarz\_SYS1.CAB (171,60 K/S -   527 147 bytes)
[17:09:12] - [13] MIRKO.POZEN: Début du Téléchargement de: D:\kerberos.htx\gamez1\Dethkarz\_USER1.CAB
[17:09:13] - [13] MIRKO.POZEN: Fichier envoyé: D:\kerberos.htx\gamez1\Dethkarz\_USER1.CAB (48,44 K/S -   49 607 bytes)
[17:09:13] - [13] MIRKO.POZEN: Répertoire en Cours: D:\kerberos.htx\gamez1\Dethkarz\SYSDATA\Syscon\Sysdata\Syscon\Sysdata\
[17:09:13] - [13] MIRKO.POZEN: Début du Téléchargement de: D:\kerberos.htx\gamez1\Dethkarz\SYSDATA\Syscon\Sysdata\Syscon\Sysdata\SYSDATA.ZIP
[17:09:13] - [8] MIRKO.POZEN: Répertoire en Cours: D:\kerberos.htx\progz\tools\
[17:09:22] - [8] MIRKO.POZEN: Répertoire en Cours: D:\kerberos.htx\progz\
[17:09:22] - [8] MIRKO.POZEN: Répertoire en Cours: D:\kerberos.htx\progz\pour.xp\
[17:09:32] - [8] MIRKO.POZEN: Répertoire en Cours: D:\kerberos.htx\progz\
[17:09:33] - [8] MIRKO.POZEN: Répertoire en Cours: D:\kerberos.htx\progz\Acunetix\
[17:09:34] - [8] MIRKO.POZEN: Répertoire en Cours: D:\kerberos.htx\progz\Acunetix\Web Vulnerability Scanner 10\
[17:09:43] - [8] MIRKO.POZEN: Répertoire en Cours: D:\kerberos.htx\
[17:09:43] - [8] MIRKO.POZEN: Répertoire en Cours: D:\kerberos.htx\ftp\
[17:09:45] - [8] MIRKO.POZEN: Répertoire en Cours: D:\kerberos.htx\ftp\progz\
[17:09:56] - [8] MIRKO.POZEN: Répertoire en Cours: D:\kerberos.htx\
[17:09:56] - [8] MIRKO.POZEN: Répertoire en Cours: D:\kerberos.htx\mig thoor\
[17:10:42] - [13] MIRKO.POZEN: Fichier envoyé: D:\kerberos.htx\gamez1\Dethkarz\SYSDATA\Syscon\Sysdata\Syscon\Sysdata\SYSDATA.ZIP (281,22 K/S -  25 629 532 bytes)
[17:10:42] - [13] MIRKO.POZEN: Répertoire en Cours: D:\kerberos.htx\gamez1\Dethkarz\SETUPDIR\040c\
[17:10:42] - [13] MIRKO.POZEN: Début du Téléchargement de: D:\kerberos.htx\gamez1\Dethkarz\SETUPDIR\040c\_setup.dll
[17:10:43] - [13] MIRKO.POZEN: Fichier envoyé: D:\kerberos.htx\gamez1\Dethkarz\SETUPDIR\040c\_setup.dll (11,00 K/S -   11 264 bytes)
[17:10:43] - [13] MIRKO.POZEN: Répertoire en Cours: D:\kerberos.htx\gamez1\Dethkarz\SETUPDIR\0009\
[17:10:43] - [13] MIRKO.POZEN: Début du Téléchargement de: D:\kerberos.htx\gamez1\Dethkarz\SETUPDIR\0009\_SETUP.DLL
[17:10:43] - [13] MIRKO.POZEN: Fichier envoyé: D:\kerberos.htx\gamez1\Dethkarz\SETUPDIR\0009\_SETUP.DLL (11,00 K/S -   11 264 bytes)
[17:10:43] - [13] MIRKO.POZEN: Répertoire en Cours: D:\kerberos.htx\gamez1\Dethkarz\SETUPDIR\0007\
[17:10:43] - [13] MIRKO.POZEN: Début du Téléchargement de: D:\kerberos.htx\gamez1\Dethkarz\SETUPDIR\0007\_setup.dll
[17:10:44] - [13] MIRKO.POZEN: Fichier envoyé: D:\kerberos.htx\gamez1\Dethkarz\SETUPDIR\0007\_setup.dll (11,00 K/S -   11 264 bytes)
[17:10:44] - [13] MIRKO.POZEN: Répertoire en Cours: D:\kerberos.htx\gamez1\Dethkarz\EXTRAS\
[17:10:44] - [13] MIRKO.POZEN: Début du Téléchargement de: D:\kerberos.htx\gamez1\Dethkarz\EXTRAS\dk.db
[17:10:46] - [13] MIRKO.POZEN: Fichier envoyé: D:\kerberos.htx\gamez1\Dethkarz\EXTRAS\dk.db (481,59 K/S -   986 292 bytes)
[17:10:47] - [13] MIRKO.POZEN: Début du Téléchargement de: D:\kerberos.htx\gamez1\Dethkarz\EXTRAS\grtvgr.exe
[17:10:51] - [13] MIRKO.POZEN: Fichier envoyé: D:\kerberos.htx\gamez1\Dethkarz\EXTRAS\grtvgr.exe (310,72 K/S -  1 590 896 bytes)
[17:10:51] - [13] MIRKO.POZEN: Début du Téléchargement de: D:\kerberos.htx\gamez1\Dethkarz\EXTRAS\RkVG.exe
[17:10:54] - [13] MIRKO.POZEN: Fichier envoyé: D:\kerberos.htx\gamez1\Dethkarz\EXTRAS\RkVG.exe (431,00 K/S -   882 688 bytes)
[17:10:54] - [13] MIRKO.POZEN: Répertoire en Cours: D:\kerberos.htx\gamez1\Dethkarz\EXTRAS\Manuals\
[17:10:54] - [13] MIRKO.POZEN: Début du Téléchargement de: D:\kerberos.htx\gamez1\Dethkarz\EXTRAS\Manuals\Deutsch Manual.pdf
[17:10:58] - [13] MIRKO.POZEN: Fichier envoyé: D:\kerberos.htx\gamez1\Dethkarz\EXTRAS\Manuals\Deutsch Manual.pdf (399,30 K/S -  1 226 649 bytes)
[17:10:58] - [13] MIRKO.POZEN: Début du Téléchargement de: D:\kerberos.htx\gamez1\Dethkarz\EXTRAS\Manuals\Dutch Manual.pdf
[17:11:01] - [13] MIRKO.POZEN: Fichier envoyé: D:\kerberos.htx\gamez1\Dethkarz\EXTRAS\Manuals\Dutch Manual.pdf (299,79 K/S -  1 227 925 bytes)
[17:11:02] - [13] MIRKO.POZEN: Début du Téléchargement de: D:\kerberos.htx\gamez1\Dethkarz\EXTRAS\Manuals\English Manual.pdf
[17:11:05] - [13] MIRKO.POZEN: Fichier envoyé: D:\kerberos.htx\gamez1\Dethkarz\EXTRAS\Manuals\English Manual.pdf (399,72 K/S -  1 227 937 bytes)
[17:11:05] - [13] MIRKO.POZEN: Début du Téléchargement de: D:\kerberos.htx\gamez1\Dethkarz\EXTRAS\Manuals\Italian Manual.pdf
[17:11:08] - [13] MIRKO.POZEN: Fichier envoyé: D:\kerberos.htx\gamez1\Dethkarz\EXTRAS\Manuals\Italian Manual.pdf (393,68 K/S -  1 209 399 bytes)
[17:11:08] - [13] MIRKO.POZEN: Début du Téléchargement de: D:\kerberos.htx\gamez1\Dethkarz\EXTRAS\Manuals\Manuel français.pdf
[17:11:11] - [13] MIRKO.POZEN: Fichier envoyé: D:\kerberos.htx\gamez1\Dethkarz\EXTRAS\Manuals\Manuel français.pdf (411,61 K/S -  1 264 474 bytes)
[17:11:12] - [13] MIRKO.POZEN: Début du Téléchargement de: D:\kerberos.htx\gamez1\Dethkarz\EXTRAS\Manuals\Spanish Manual.pdf
[17:11:15] - [13] MIRKO.POZEN: Fichier envoyé: D:\kerberos.htx\gamez1\Dethkarz\EXTRAS\Manuals\Spanish Manual.pdf (388,81 K/S -  1 194 421 bytes)
[17:11:16] - [13] MIRKO.POZEN: Répertoire en Cours: D:\kerberos.htx\gamez1\Dethkarz\EXTRAS\Goodies\Francais\boutique\
[17:11:16] - [13] MIRKO.POZEN: Début du Téléchargement de: D:\kerberos.htx\gamez1\Dethkarz\EXTRAS\Goodies\Francais\boutique\index.htm
[17:11:16] - [13] MIRKO.POZEN: Fichier envoyé: D:\kerberos.htx\gamez1\Dethkarz\EXTRAS\Goodies\Francais\boutique\index.htm (0,60 K/S -    619 bytes)
[17:11:18] - [13] MIRKO.POZEN: Répertoire en Cours: D:\kerberos.htx\gamez1\Dethkarz\EXTRAS\Goodies\Francais\boutique\stuff\
[17:11:18] - [13] MIRKO.POZEN: Début du Téléchargement de: D:\kerberos.htx\gamez1\Dethkarz\EXTRAS\Goodies\Francais\boutique\stuff\add.js
[17:11:18] - [13] MIRKO.POZEN: Fichier envoyé: D:\kerberos.htx\gamez1\Dethkarz\EXTRAS\Goodies\Francais\boutique\stuff\add.js (0,62 K/S -    630 bytes)
[17:11:19] - [13] MIRKO.POZEN: Début du Téléchargement de: D:\kerberos.htx\gamez1\Dethkarz\EXTRAS\Goodies\Francais\boutique\stuff\add_on_top.js
[17:11:19] - [13] MIRKO.POZEN: Fichier envoyé: D:\kerberos.htx\gamez1\Dethkarz\EXTRAS\Goodies\Francais\boutique\stuff\add_on_top.js (2,09 K/S -   2 139 bytes)
[17:11:19] - [13] MIRKO.POZEN: Début du Téléchargement de: D:\kerberos.htx\gamez1\Dethkarz\EXTRAS\Goodies\Francais\boutique\stuff\bag.htm
[17:11:19] - [13] MIRKO.POZEN: Fichier envoyé: D:\kerberos.htx\gamez1\Dethkarz\EXTRAS\Goodies\Francais\boutique\stuff\bag.htm (3,93 K/S -   4 026 bytes)
[17:11:20] - [13] MIRKO.POZEN: Début du Téléchargement de: D:\kerberos.htx\gamez1\Dethkarz\EXTRAS\Goodies\Francais\boutique\stuff\bagpack.htm
[17:11:20] - [13] MIRKO.POZEN: Fichier envoyé: D:\kerberos.htx\gamez1\Dethkarz\EXTRAS\Goodies\Francais\boutique\stuff\bagpack.htm (2,59 K/S -   2 657 bytes)
[17:11:21] - [13] MIRKO.POZEN: Début du Téléchargement de: D:\kerberos.htx\gamez1\Dethkarz\EXTRAS\Goodies\Francais\boutique\stuff\blank-1.htm
[17:11:22] - [13] MIRKO.POZEN: Fichier envoyé: D:\kerberos.htx\gamez1\Dethkarz\EXTRAS\Goodies\Francais\boutique\stuff\blank-1.htm (0,18 K/S -    183 bytes)
[17:11:22] - [13] MIRKO.POZEN: Début du Téléchargement de: D:\kerberos.htx\gamez1\Dethkarz\EXTRAS\Goodies\Francais\boutique\stuff\cap.htm
[17:11:22] - [13] MIRKO.POZEN: Fichier envoyé: D:\kerberos.htx\gamez1\Dethkarz\EXTRAS\Goodies\Francais\boutique\stuff\cap.htm (6,22 K/S -   6 374 bytes)
[17:11:22] - [13] MIRKO.POZEN: Début du Téléchargement de: D:\kerberos.htx\gamez1\Dethkarz\EXTRAS\Goodies\Francais\boutique\stuff\check_this_out.js
[17:11:22] - [13] MIRKO.POZEN: Fichier envoyé: D:\kerberos.htx\gamez1\Dethkarz\EXTRAS\Goodies\Francais\boutique\stuff\check_this_out.js (1,81 K/S -   1 854 bytes)
[17:11:22] - [13] MIRKO.POZEN: Début du Téléchargement de: D:\kerberos.htx\gamez1\Dethkarz\EXTRAS\Goodies\Francais\boutique\stuff\Copie de bag.htm
[17:11:22] - [13] MIRKO.POZEN: Fichier envoyé: D:\kerberos.htx\gamez1\Dethkarz\EXTRAS\Goodies\Francais\boutique\stuff\Copie de bag.htm (3,86 K/S -   3 949 bytes)
[17:11:23] - [13] MIRKO.POZEN: Début du Téléchargement de: D:\kerberos.htx\gamez1\Dethkarz\EXTRAS\Goodies\Francais\boutique\stuff\Copie de left_top.htm
[17:11:23] - [13] MIRKO.POZEN: Fichier envoyé: D:\kerberos.htx\gamez1\Dethkarz\EXTRAS\Goodies\Francais\boutique\stuff\Copie de left_top.htm (1,94 K/S -   1 989 bytes)
[17:11:23] - [13] MIRKO.POZEN: Début du Téléchargement de: D:\kerberos.htx\gamez1\Dethkarz\EXTRAS\Goodies\Francais\boutique\stuff\dex.htm
[17:11:23] - [13] MIRKO.POZEN: Fichier envoyé: D:\kerberos.htx\gamez1\Dethkarz\EXTRAS\Goodies\Francais\boutique\stuff\dex.htm (0,89 K/S -    908 bytes)
[17:11:24] - [13] MIRKO.POZEN: Début du Téléchargement de: D:\kerberos.htx\gamez1\Dethkarz\EXTRAS\Goodies\Francais\boutique\stuff\fig.htm
[17:11:24] - [13] MIRKO.POZEN: Fichier envoyé: D:\kerberos.htx\gamez1\Dethkarz\EXTRAS\Goodies\Francais\boutique\stuff\fig.htm (4,48 K/S -   4 583 bytes)
[17:11:24] - [13] MIRKO.POZEN: Début du Téléchargement de: D:\kerberos.htx\gamez1\Dethkarz\EXTRAS\Goodies\Francais\boutique\stuff\head.htm
[17:11:24] - [13] MIRKO.POZEN: Fichier envoyé: D:\kerberos.htx\gamez1\Dethkarz\EXTRAS\Goodies\Francais\boutique\stuff\head.htm (2,56 K/S -   2 626 bytes)
[17:11:25] - [13] MIRKO.POZEN: Début du Téléchargement de: D:\kerberos.htx\gamez1\Dethkarz\EXTRAS\Goodies\Francais\boutique\stuff\hierach.js
[17:11:25] - [13] MIRKO.POZEN: Fichier envoyé: D:\kerberos.htx\gamez1\Dethkarz\EXTRAS\Goodies\Francais\boutique\stuff\hierach.js (0,89 K/S -    908 bytes)
[17:11:25] - [13] MIRKO.POZEN: Début du Téléchargement de: D:\kerberos.htx\gamez1\Dethkarz\EXTRAS\Goodies\Francais\boutique\stuff\hierach_1.js
[17:11:25] - [13] MIRKO.POZEN: Fichier envoyé: D:\kerberos.htx\gamez1\Dethkarz\EXTRAS\Goodies\Francais\boutique\stuff\hierach_1.js (0,88 K/S -    900 bytes)
[17:11:25] - [13] MIRKO.POZEN: Début du Téléchargement de: D:\kerberos.htx\gamez1\Dethkarz\EXTRAS\Goodies\Francais\boutique\stuff\hod-amigo.htm
[17:11:26] - [13] MIRKO.POZEN: Fichier envoyé: D:\kerberos.htx\gamez1\Dethkarz\EXTRAS\Goodies\Francais\boutique\stuff\hod-amigo.htm (1,03 K/S -   1 054 bytes)
[17:11:26] - [13] MIRKO.POZEN: Début du Téléchargement de: D:\kerberos.htx\gamez1\Dethkarz\EXTRAS\Goodies\Francais\boutique\stuff\hod-cap.htm
[17:11:26] - [13] MIRKO.POZEN: Fichier envoyé: D:\kerberos.htx\gamez1\Dethkarz\EXTRAS\Goodies\Francais\boutique\stuff\hod-cap.htm (1,03 K/S -   1 055 bytes)
[17:11:26] - [13] MIRKO.POZEN: Début du Téléchargement de: D:\kerberos.htx\gamez1\Dethkarz\EXTRAS\Goodies\Francais\boutique\stuff\hod-purple.htm
[17:11:26] - [13] MIRKO.POZEN: Fichier envoyé: D:\kerberos.htx\gamez1\Dethkarz\EXTRAS\Goodies\Francais\boutique\stuff\hod-purple.htm (1,03 K/S -   1 051 bytes)
[17:11:26] - [13] MIRKO.POZEN: Début du Téléchargement de: D:\kerberos.htx\gamez1\Dethkarz\EXTRAS\Goodies\Francais\boutique\stuff\hod-viscious.htm
[17:11:26] - [13] MIRKO.POZEN: Fichier envoyé: D:\kerberos.htx\gamez1\Dethkarz\EXTRAS\Goodies\Francais\boutique\stuff\hod-viscious.htm (1,03 K/S -   1 056 bytes)
[17:11:27] - [13] MIRKO.POZEN: Début du Téléchargement de: D:\kerberos.htx\gamez1\Dethkarz\EXTRAS\Goodies\Francais\boutique\stuff\hod.htm
[17:11:27] - [13] MIRKO.POZEN: Fichier envoyé: D:\kerberos.htx\gamez1\Dethkarz\EXTRAS\Goodies\Francais\boutique\stuff\hod.htm (4,51 K/S -   4 621 bytes)
[17:11:27] - [13] MIRKO.POZEN: Début du Téléchargement de: D:\kerberos.htx\gamez1\Dethkarz\EXTRAS\Goodies\Francais\boutique\stuff\home.htm
[17:11:27] - [13] MIRKO.POZEN: Fichier envoyé: D:\kerberos.htx\gamez1\Dethkarz\EXTRAS\Goodies\Francais\boutique\stuff\home.htm (1,51 K/S -   1 545 bytes)
[17:11:28] - [13] MIRKO.POZEN: Début du Téléchargement de: D:\kerberos.htx\gamez1\Dethkarz\EXTRAS\Goodies\Francais\boutique\stuff\index.htm
[17:11:28] - [13] MIRKO.POZEN: Fichier envoyé: D:\kerberos.htx\gamez1\Dethkarz\EXTRAS\Goodies\Francais\boutique\stuff\index.htm (0,59 K/S -    601 bytes)
[17:11:28] - [13] MIRKO.POZEN: Début du Téléchargement de: D:\kerberos.htx\gamez1\Dethkarz\EXTRAS\Goodies\Francais\boutique\stuff\infogrames-girl-shirt.htm
[17:11:28] - [13] MIRKO.POZEN: Fichier envoyé: D:\kerberos.htx\gamez1\Dethkarz\EXTRAS\Goodies\Francais\boutique\stuff\infogrames-girl-shirt.htm (0,95 K/S -    976 bytes)
[17:11:28] - [13] MIRKO.POZEN: Début du Téléchargement de: D:\kerberos.htx\gamez1\Dethkarz\EXTRAS\Goodies\Francais\boutique\stuff\infogrames-shirt.htm
[17:11:28] - [13] MIRKO.POZEN: Fichier envoyé: D:\kerberos.htx\gamez1\Dethkarz\EXTRAS\Goodies\Francais\boutique\stuff\infogrames-shirt.htm (1,01 K/S -   1 032 bytes)
[17:11:28] - [13] MIRKO.POZEN: Début du Téléchargement de: D:\kerberos.htx\gamez1\Dethkarz\EXTRAS\Goodies\Francais\boutique\stuff\infogrames.htm
[17:11:29] - [13] MIRKO.POZEN: Fichier envoyé: D:\kerberos.htx\gamez1\Dethkarz\EXTRAS\Goodies\Francais\boutique\stuff\infogrames.htm (5,39 K/S -   5 517 bytes)
[17:11:29] - [13] MIRKO.POZEN: Début du Téléchargement de: D:\kerberos.htx\gamez1\Dethkarz\EXTRAS\Goodies\Francais\boutique\stuff\left.htm
[17:11:29] - [13] MIRKO.POZEN: Fichier envoyé: D:\kerberos.htx\gamez1\Dethkarz\EXTRAS\Goodies\Francais\boutique\stuff\left.htm (2,32 K/S -   2 376 bytes)
[17:11:29] - [13] MIRKO.POZEN: Début du Téléchargement de: D:\kerberos.htx\gamez1\Dethkarz\EXTRAS\Goodies\Francais\boutique\stuff\left_dex.htm
[17:11:29] - [13] MIRKO.POZEN: Fichier envoyé: D:\kerberos.htx\gamez1\Dethkarz\EXTRAS\Goodies\Francais\boutique\stuff\left_dex.htm (0,53 K/S -    540 bytes)
[17:11:29] - [13] MIRKO.POZEN: Début du Téléchargement de: D:\kerberos.htx\gamez1\Dethkarz\EXTRAS\Goodies\Francais\boutique\stuff\left_down.htm
[17:11:30] - [13] MIRKO.POZEN: Fichier envoyé: D:\kerberos.htx\gamez1\Dethkarz\EXTRAS\Goodies\Francais\boutique\stuff\left_down.htm (2,70 K/S -   2 768 bytes)
[17:11:30] - [9] MIRKO.POZEN: Fichier envoyé: D:\kerberos.htx\rar\office ok.rar (525,78 K/S -  845 285 480 bytes)
[17:11:30] - [9] MIRKO.POZEN: Répertoire en Cours: D:\kerberos.htx\gamez1\Dethkarz\EXTRAS\Goodies\Francais\boutique\stuff\
[17:11:30] - [9] MIRKO.POZEN: Début du Téléchargement de: D:\kerberos.htx\gamez1\Dethkarz\EXTRAS\Goodies\Francais\boutique\stuff\left_top.htm
[17:11:30] - [9] MIRKO.POZEN: Fichier envoyé: D:\kerberos.htx\gamez1\Dethkarz\EXTRAS\Goodies\Francais\boutique\stuff\left_top.htm (1,07 K/S -   1 099 bytes)
[17:11:30] - [13] MIRKO.POZEN: Début du Téléchargement de: D:\kerberos.htx\gamez1\Dethkarz\EXTRAS\Goodies\Francais\boutique\stuff\news.htm
[17:11:30] - [13] MIRKO.POZEN: Fichier envoyé: D:\kerberos.htx\gamez1\Dethkarz\EXTRAS\Goodies\Francais\boutique\stuff\news.htm (6,89 K/S -   7 058 bytes)
[17:11:31] - [9] MIRKO.POZEN: Début du Téléchargement de: D:\kerberos.htx\gamez1\Dethkarz\EXTRAS\Goodies\Francais\boutique\stuff\outcast-black-shirt.htm
[17:11:31] - [9] MIRKO.POZEN: Fichier envoyé: D:\kerberos.htx\gamez1\Dethkarz\EXTRAS\Goodies\Francais\boutique\stuff\outcast-black-shirt.htm (1,08 K/S -   1 105 bytes)
[17:11:31] - [13] MIRKO.POZEN: Début du Téléchargement de: D:\kerberos.htx\gamez1\Dethkarz\EXTRAS\Goodies\Francais\boutique\stuff\outcast-orange-shirt.htm
[17:11:31] - [13] MIRKO.POZEN: Fichier envoyé: D:\kerberos.htx\gamez1\Dethkarz\EXTRAS\Goodies\Francais\boutique\stuff\outcast-orange-shirt.htm (1,08 K/S -   1 106 bytes)
[17:11:31] - [9] MIRKO.POZEN: Début du Téléchargement de: D:\kerberos.htx\gamez1\Dethkarz\EXTRAS\Goodies\Francais\boutique\stuff\outcast.htm
[17:11:31] - [9] MIRKO.POZEN: Fichier envoyé: D:\kerberos.htx\gamez1\Dethkarz\EXTRAS\Goodies\Francais\boutique\stuff\outcast.htm (4,14 K/S -   4 244 bytes)
[17:11:31] - [13] MIRKO.POZEN: Début du Téléchargement de: D:\kerberos.htx\gamez1\Dethkarz\EXTRAS\Goodies\Francais\boutique\stuff\over_stuff.js
[17:11:31] - [13] MIRKO.POZEN: Fichier envoyé: D:\kerberos.htx\gamez1\Dethkarz\EXTRAS\Goodies\Francais\boutique\stuff\over_stuff.js (0,45 K/S -    465 bytes)
[17:11:31] - [9] MIRKO.POZEN: Début du Téléchargement de: D:\kerberos.htx\gamez1\Dethkarz\EXTRAS\Goodies\Francais\boutique\stuff\personal_stuff.js
[17:11:31] - [9] MIRKO.POZEN: Fichier envoyé: D:\kerberos.htx\gamez1\Dethkarz\EXTRAS\Goodies\Francais\boutique\stuff\personal_stuff.js (0,35 K/S -    363 bytes)
[17:11:31] - [13] MIRKO.POZEN: Début du Téléchargement de: D:\kerberos.htx\gamez1\Dethkarz\EXTRAS\Goodies\Francais\boutique\stuff\print.js
[17:11:32] - [13] MIRKO.POZEN: Fichier envoyé: D:\kerberos.htx\gamez1\Dethkarz\EXTRAS\Goodies\Francais\boutique\stuff\print.js (0,42 K/S -    430 bytes)
[17:11:32] - [9] MIRKO.POZEN: Début du Téléchargement de: D:\kerberos.htx\gamez1\Dethkarz\EXTRAS\Goodies\Francais\boutique\stuff\print_order.htm
[17:11:32] - [9] MIRKO.POZEN: Fichier envoyé: D:\kerberos.htx\gamez1\Dethkarz\EXTRAS\Goodies\Francais\boutique\stuff\print_order.htm (8,48 K/S -   8 687 bytes)
[17:11:32] - [13] MIRKO.POZEN: Début du Téléchargement de: D:\kerberos.htx\gamez1\Dethkarz\EXTRAS\Goodies\Francais\boutique\stuff\print_order_frame.htm
[17:11:32] - [13] MIRKO.POZEN: Fichier envoyé: D:\kerberos.htx\gamez1\Dethkarz\EXTRAS\Goodies\Francais\boutique\stuff\print_order_frame.htm (0,53 K/S -    539 bytes)
[17:11:32] - [9] MIRKO.POZEN: Début du Téléchargement de: D:\kerberos.htx\gamez1\Dethkarz\EXTRAS\Goodies\Francais\boutique\stuff\shipping.js
[17:11:33] - [9] MIRKO.POZEN: Fichier envoyé: D:\kerberos.htx\gamez1\Dethkarz\EXTRAS\Goodies\Francais\boutique\stuff\shipping.js (3,69 K/S -   3 779 bytes)
[17:11:33] - [13] MIRKO.POZEN: Début du Téléchargement de: D:\kerberos.htx\gamez1\Dethkarz\EXTRAS\Goodies\Francais\boutique\stuff\shirt.htm
[17:11:33] - [13] MIRKO.POZEN: Fichier envoyé: D:\kerberos.htx\gamez1\Dethkarz\EXTRAS\Goodies\Francais\boutique\stuff\shirt.htm (8,96 K/S -   9 178 bytes)
[17:11:33] - [9] MIRKO.POZEN: Début du Téléchargement de: D:\kerberos.htx\gamez1\Dethkarz\EXTRAS\Goodies\Francais\boutique\stuff\shopping.js
[17:11:33] - [9] MIRKO.POZEN: Fichier envoyé: D:\kerberos.htx\gamez1\Dethkarz\EXTRAS\Goodies\Francais\boutique\stuff\shopping.js (0,45 K/S -    465 bytes)
[17:11:33] - [9] MIRKO.POZEN: Début du Téléchargement de: D:\kerberos.htx\gamez1\Dethkarz\EXTRAS\Goodies\Francais\boutique\stuff\tatou_bag.htm
[17:11:33] - [9] MIRKO.POZEN: Fichier envoyé: D:\kerberos.htx\gamez1\Dethkarz\EXTRAS\Goodies\Francais\boutique\stuff\tatou_bag.htm (1,02 K/S -   1 047 bytes)
[17:11:33] - [13] MIRKO.POZEN: Début du Téléchargement de: D:\kerberos.htx\gamez1\Dethkarz\EXTRAS\Goodies\Francais\boutique\stuff\v-rally-cap.htm
[17:11:34] - [13] MIRKO.POZEN: Fichier envoyé: D:\kerberos.htx\gamez1\Dethkarz\EXTRAS\Goodies\Francais\boutique\stuff\v-rally-cap.htm (1,04 K/S -   1 062 bytes)
[17:11:34] - [9] MIRKO.POZEN: Début du Téléchargement de: D:\kerberos.htx\gamez1\Dethkarz\EXTRAS\Goodies\Francais\boutique\stuff\v-rally-shirt.htm
[17:11:34] - [9] MIRKO.POZEN: Fichier envoyé: D:\kerberos.htx\gamez1\Dethkarz\EXTRAS\Goodies\Francais\boutique\stuff\v-rally-shirt.htm (1,40 K/S -   1 434 bytes)
[17:11:34] - [13] MIRKO.POZEN: Début du Téléchargement de: D:\kerberos.htx\gamez1\Dethkarz\EXTRAS\Goodies\Francais\boutique\stuff\vrally.htm
[17:11:34] - [13] MIRKO.POZEN: Fichier envoyé: D:\kerberos.htx\gamez1\Dethkarz\EXTRAS\Goodies\Francais\boutique\stuff\vrally.htm (4,35 K/S -   4 458 bytes)
[17:11:34] - [9] MIRKO.POZEN: Début du Téléchargement de: D:\kerberos.htx\gamez1\Dethkarz\EXTRAS\Goodies\Francais\boutique\stuff\x--order.htm
[17:11:34] - [9] MIRKO.POZEN: Fichier envoyé: D:\kerberos.htx\gamez1\Dethkarz\EXTRAS\Goodies\Francais\boutique\stuff\x--order.htm (8,32 K/S -   8 515 bytes)
[17:11:34] - [13] MIRKO.POZEN: Répertoire en Cours: D:\kerberos.htx\gamez1\Dethkarz\EXTRAS\Goodies\Francais\boutique\stuff\products\
[17:11:35] - [9] MIRKO.POZEN: Répertoire en Cours: D:\kerberos.htx\gamez1\Dethkarz\EXTRAS\Goodies\Francais\boutique\stuff\products\
[17:11:35] - [13] MIRKO.POZEN: Début du Téléchargement de: D:\kerberos.htx\gamez1\Dethkarz\EXTRAS\Goodies\Francais\boutique\stuff\products\amigo.jpg
[17:11:35] - [9] MIRKO.POZEN: Début du Téléchargement de: D:\kerberos.htx\gamez1\Dethkarz\EXTRAS\Goodies\Francais\boutique\stuff\products\amigos.jpg
[17:11:35] - [9] MIRKO.POZEN: Fichier envoyé: D:\kerberos.htx\gamez1\Dethkarz\EXTRAS\Goodies\Francais\boutique\stuff\products\amigos.jpg (4,23 K/S -   4 331 bytes)
[17:11:35] - [13] MIRKO.POZEN: Fichier envoyé: D:\kerberos.htx\gamez1\Dethkarz\EXTRAS\Goodies\Francais\boutique\stuff\products\amigo.jpg (28,36 K/S -   29 045 bytes)
[17:11:37] - [9] MIRKO.POZEN: Début du Téléchargement de: D:\kerberos.htx\gamez1\Dethkarz\EXTRAS\Goodies\Francais\boutique\stuff\products\hod_cap.jpg
[17:11:37] - [9] MIRKO.POZEN: Fichier envoyé: D:\kerberos.htx\gamez1\Dethkarz\EXTRAS\Goodies\Francais\boutique\stuff\products\hod_cap.jpg (21,70 K/S -   22 218 bytes)
[17:11:37] - [13] MIRKO.POZEN: Début du Téléchargement de: D:\kerberos.htx\gamez1\Dethkarz\EXTRAS\Goodies\Francais\boutique\stuff\products\hod_caps.jpg
[17:11:37] - [13] MIRKO.POZEN: Fichier envoyé: D:\kerberos.htx\gamez1\Dethkarz\EXTRAS\Goodies\Francais\boutique\stuff\products\hod_caps.jpg (3,21 K/S -   3 284 bytes)
[17:11:37] - [9] MIRKO.POZEN: Début du Téléchargement de: D:\kerberos.htx\gamez1\Dethkarz\EXTRAS\Goodies\Francais\boutique\stuff\products\infogrames_tshirt.jpg
[17:11:37] - [9] MIRKO.POZEN: Fichier envoyé: D:\kerberos.htx\gamez1\Dethkarz\EXTRAS\Goodies\Francais\boutique\stuff\products\infogrames_tshirt.jpg (25,15 K/S -   25 754 bytes)
[17:11:37] - [13] MIRKO.POZEN: Début du Téléchargement de: D:\kerberos.htx\gamez1\Dethkarz\EXTRAS\Goodies\Francais\boutique\stuff\products\infogrames_tshirts.jpg
[17:11:38] - [13] MIRKO.POZEN: Fichier envoyé: D:\kerberos.htx\gamez1\Dethkarz\EXTRAS\Goodies\Francais\boutique\stuff\products\infogrames_tshirts.jpg (6,26 K/S -   6 406 bytes)
[17:11:38] - [9] MIRKO.POZEN: Début du Téléchargement de: D:\kerberos.htx\gamez1\Dethkarz\EXTRAS\Goodies\Francais\boutique\stuff\products\infogrames_tshirt_girl.jpg
[17:11:38] - [13] MIRKO.POZEN: Début du Téléchargement de: D:\kerberos.htx\gamez1\Dethkarz\EXTRAS\Goodies\Francais\boutique\stuff\products\infogrames_tshirt_girls.jpg
[17:11:38] - [13] MIRKO.POZEN: Fichier envoyé: D:\kerberos.htx\gamez1\Dethkarz\EXTRAS\Goodies\Francais\boutique\stuff\products\infogrames_tshirt_girls.jpg (5,40 K/S -   5 533 bytes)
[17:11:38] - [9] MIRKO.POZEN: Fichier envoyé: D:\kerberos.htx\gamez1\Dethkarz\EXTRAS\Goodies\Francais\boutique\stuff\products\infogrames_tshirt_girl.jpg (23,03 K/S -   23 585 bytes)
[17:11:38] - [9] MIRKO.POZEN: Début du Téléchargement de: D:\kerberos.htx\gamez1\Dethkarz\EXTRAS\Goodies\Francais\boutique\stuff\products\outcast-black-tshirt.jpg
[17:11:39] - [9] MIRKO.POZEN: Fichier envoyé: D:\kerberos.htx\gamez1\Dethkarz\EXTRAS\Goodies\Francais\boutique\stuff\products\outcast-black-tshirt.jpg (62,06 K/S -   63 547 bytes)
[17:11:39] - [13] MIRKO.POZEN: Début du Téléchargement de: D:\kerberos.htx\gamez1\Dethkarz\EXTRAS\Goodies\Francais\boutique\stuff\products\outcast-black-tshirts.jpg
[17:11:39] - [13] MIRKO.POZEN: Fichier envoyé: D:\kerberos.htx\gamez1\Dethkarz\EXTRAS\Goodies\Francais\boutique\stuff\products\outcast-black-tshirts.jpg (6,52 K/S -   6 679 bytes)
[17:11:39] - [9] MIRKO.POZEN: Début du Téléchargement de: D:\kerberos.htx\gamez1\Dethkarz\EXTRAS\Goodies\Francais\boutique\stuff\products\outcast-orange-tshirt.jpg
[17:11:39] - [9] MIRKO.POZEN: Fichier envoyé: D:\kerberos.htx\gamez1\Dethkarz\EXTRAS\Goodies\Francais\boutique\stuff\products\outcast-orange-tshirt.jpg (43,63 K/S -   44 672 bytes)
[17:11:39] - [13] MIRKO.POZEN: Début du Téléchargement de: D:\kerberos.htx\gamez1\Dethkarz\EXTRAS\Goodies\Francais\boutique\stuff\products\outcast-orange-tshirts.jpg
[17:11:39] - [13] MIRKO.POZEN: Fichier envoyé: D:\kerberos.htx\gamez1\Dethkarz\EXTRAS\Goodies\Francais\boutique\stuff\products\outcast-orange-tshirts.jpg (4,67 K/S -   4 777 bytes)
[17:11:39] - [9] MIRKO.POZEN: Début du Téléchargement de: D:\kerberos.htx\gamez1\Dethkarz\EXTRAS\Goodies\Francais\boutique\stuff\products\tatou_bag.jpg
[17:11:40] - [13] MIRKO.POZEN: Début du Téléchargement de: D:\kerberos.htx\gamez1\Dethkarz\EXTRAS\Goodies\Francais\boutique\stuff\products\tatou_bags.jpg
[17:11:40] - [13] MIRKO.POZEN: Fichier envoyé: D:\kerberos.htx\gamez1\Dethkarz\EXTRAS\Goodies\Francais\boutique\stuff\products\tatou_bags.jpg (5,79 K/S -   5 924 bytes)
[17:11:40] - [9] MIRKO.POZEN: Fichier envoyé: D:\kerberos.htx\gamez1\Dethkarz\EXTRAS\Goodies\Francais\boutique\stuff\products\tatou_bag.jpg (47,79 K/S -   48 935 bytes)
[17:11:40] - [13] MIRKO.POZEN: Début du Téléchargement de: D:\kerberos.htx\gamez1\Dethkarz\EXTRAS\Goodies\Francais\boutique\stuff\products\vicious.jpg
[17:11:40] - [13] MIRKO.POZEN: Fichier envoyé: D:\kerberos.htx\gamez1\Dethkarz\EXTRAS\Goodies\Francais\boutique\stuff\products\vicious.jpg (18,86 K/S -   19 310 bytes)
[17:11:41] - [9] MIRKO.POZEN: Début du Téléchargement de: D:\kerberos.htx\gamez1\Dethkarz\EXTRAS\Goodies\Francais\boutique\stuff\products\viciouss.jpg
[17:11:41] - [9] MIRKO.POZEN: Fichier envoyé: D:\kerberos.htx\gamez1\Dethkarz\EXTRAS\Goodies\Francais\boutique\stuff\products\viciouss.jpg (3,24 K/S -   3 319 bytes)
[17:11:41] - [13] MIRKO.POZEN: Début du Téléchargement de: D:\kerberos.htx\gamez1\Dethkarz\EXTRAS\Goodies\Francais\boutique\stuff\products\vrally2_tshirts.jpg
[17:11:42] - [13] MIRKO.POZEN: Fichier envoyé: D:\kerberos.htx\gamez1\Dethkarz\EXTRAS\Goodies\Francais\boutique\stuff\products\vrally2_tshirts.jpg (6,54 K/S -   6 697 bytes)
[17:11:42] - [9] MIRKO.POZEN: Début du Téléchargement de: D:\kerberos.htx\gamez1\Dethkarz\EXTRAS\Goodies\Francais\boutique\stuff\products\vrally2_tshirt.jpg
[17:11:42] - [9] MIRKO.POZEN: Fichier envoyé: D:\kerberos.htx\gamez1\Dethkarz\EXTRAS\Goodies\Francais\boutique\stuff\products\vrally2_tshirt.jpg (30,01 K/S -   30 729 bytes)
[17:11:43] - [13] MIRKO.POZEN: Début du Téléchargement de: D:\kerberos.htx\gamez1\Dethkarz\EXTRAS\Goodies\Francais\boutique\stuff\products\vrally_cap.jpg
[17:11:43] - [9] MIRKO.POZEN: Début du Téléchargement de: D:\kerberos.htx\gamez1\Dethkarz\EXTRAS\Goodies\Francais\boutique\stuff\products\vrally_caps.jpg
[17:11:43] - [9] MIRKO.POZEN: Fichier envoyé: D:\kerberos.htx\gamez1\Dethkarz\EXTRAS\Goodies\Francais\boutique\stuff\products\vrally_caps.jpg (3,55 K/S -   3 637 bytes)
[17:11:43] - [13] MIRKO.POZEN: Fichier envoyé: D:\kerberos.htx\gamez1\Dethkarz\EXTRAS\Goodies\Francais\boutique\stuff\products\vrally_cap.jpg (27,18 K/S -   27 830 bytes)
[17:11:43] - [13] MIRKO.POZEN: Début du Téléchargement de: D:\kerberos.htx\gamez1\Dethkarz\EXTRAS\Goodies\Francais\boutique\stuff\products\wargasm-tshirt.jpg
[17:11:43] - [9] MIRKO.POZEN: Début du Téléchargement de: D:\kerberos.htx\gamez1\Dethkarz\EXTRAS\Goodies\Francais\boutique\stuff\products\wargasm-tshirts.jpg
[17:11:43] - [9] MIRKO.POZEN: Fichier envoyé: D:\kerberos.htx\gamez1\Dethkarz\EXTRAS\Goodies\Francais\boutique\stuff\products\wargasm-tshirts.jpg (4,37 K/S -   4 478 bytes)
[17:11:43] - [13] MIRKO.POZEN: Fichier envoyé: D:\kerberos.htx\gamez1\Dethkarz\EXTRAS\Goodies\Francais\boutique\stuff\products\wargasm-tshirt.jpg (33,05 K/S -   33 843 bytes)
[17:11:44] - [9] MIRKO.POZEN: Répertoire en Cours: D:\kerberos.htx\gamez1\Dethkarz\EXTRAS\Goodies\Francais\boutique\stuff\images\
[17:11:44] - [13] MIRKO.POZEN: Répertoire en Cours: D:\kerberos.htx\gamez1\Dethkarz\EXTRAS\Goodies\Francais\boutique\stuff\images\
[17:11:44] - [13] MIRKO.POZEN: Début du Téléchargement de: D:\kerberos.htx\gamez1\Dethkarz\EXTRAS\Goodies\Francais\boutique\stuff\images\caddie.gif
[17:11:44] - [9] MIRKO.POZEN: Début du Téléchargement de: D:\kerberos.htx\gamez1\Dethkarz\EXTRAS\Goodies\Francais\boutique\stuff\images\bandeau-v-rally.gif
[17:11:44] - [13] MIRKO.POZEN: Fichier envoyé: D:\kerberos.htx\gamez1\Dethkarz\EXTRAS\Goodies\Francais\boutique\stuff\images\caddie.gif (1,88 K/S -   1 930 bytes)
[17:11:44] - [9] MIRKO.POZEN: Fichier envoyé: D:\kerberos.htx\gamez1\Dethkarz\EXTRAS\Goodies\Francais\boutique\stuff\images\bandeau-v-rally.gif (13,42 K/S -   13 738 bytes)
[17:11:44] - [13] MIRKO.POZEN: Début du Téléchargement de: D:\kerberos.htx\gamez1\Dethkarz\EXTRAS\Goodies\Francais\boutique\stuff\images\caddiefull.gif
[17:11:44] - [13] MIRKO.POZEN: Fichier envoyé: D:\kerberos.htx\gamez1\Dethkarz\EXTRAS\Goodies\Francais\boutique\stuff\images\caddiefull.gif (3,78 K/S -   3 867 bytes)
[17:11:44] - [9] MIRKO.POZEN: Début du Téléchargement de: D:\kerberos.htx\gamez1\Dethkarz\EXTRAS\Goodies\Francais\boutique\stuff\images\contact-2.gif
[17:11:44] - [9] MIRKO.POZEN: Fichier envoyé: D:\kerberos.htx\gamez1\Dethkarz\EXTRAS\Goodies\Francais\boutique\stuff\images\contact-2.gif (1,16 K/S -   1 184 bytes)
[17:11:44] - [13] MIRKO.POZEN: Début du Téléchargement de: D:\kerberos.htx\gamez1\Dethkarz\EXTRAS\Goodies\Francais\boutique\stuff\images\contact-22.gif
[17:11:45] - [13] MIRKO.POZEN: Fichier envoyé: D:\kerberos.htx\gamez1\Dethkarz\EXTRAS\Goodies\Francais\boutique\stuff\images\contact-22.gif (1,18 K/S -   1 204 bytes)
[17:11:45] - [9] MIRKO.POZEN: Début du Téléchargement de: D:\kerberos.htx\gamez1\Dethkarz\EXTRAS\Goodies\Francais\boutique\stuff\images\contact-3.gif
[17:11:45] - [9] MIRKO.POZEN: Fichier envoyé: D:\kerberos.htx\gamez1\Dethkarz\EXTRAS\Goodies\Francais\boutique\stuff\images\contact-3.gif (1,15 K/S -   1 176 bytes)
[17:11:45] - [13] MIRKO.POZEN: Début du Téléchargement de: D:\kerberos.htx\gamez1\Dethkarz\EXTRAS\Goodies\Francais\boutique\stuff\images\contact-33.gif
[17:11:45] - [13] MIRKO.POZEN: Fichier envoyé: D:\kerberos.htx\gamez1\Dethkarz\EXTRAS\Goodies\Francais\boutique\stuff\images\contact-33.gif (0,55 K/S -    565 bytes)
[17:11:45] - [13] MIRKO.POZEN: Début du Téléchargement de: D:\kerberos.htx\gamez1\Dethkarz\EXTRAS\Goodies\Francais\boutique\stuff\images\hodlogo.jpg
[17:11:45] - [9] MIRKO.POZEN: Début du Téléchargement de: D:\kerberos.htx\gamez1\Dethkarz\EXTRAS\Goodies\Francais\boutique\stuff\images\grid.jpg
[17:11:45] - [13] MIRKO.POZEN: Fichier envoyé: D:\kerberos.htx\gamez1\Dethkarz\EXTRAS\Goodies\Francais\boutique\stuff\images\hodlogo.jpg (21,07 K/S -   21 580 bytes)
[17:11:45] - [9] MIRKO.POZEN: Fichier envoyé: D:\kerberos.htx\gamez1\Dethkarz\EXTRAS\Goodies\Francais\boutique\stuff\images\grid.jpg (32,82 K/S -   33 612 bytes)
[17:11:46] - [13] MIRKO.POZEN: Début du Téléchargement de: D:\kerberos.htx\gamez1\Dethkarz\EXTRAS\Goodies\Francais\boutique\stuff\images\infogrames_c_00.gif
[17:11:46] - [13] MIRKO.POZEN: Fichier envoyé: D:\kerberos.htx\gamez1\Dethkarz\EXTRAS\Goodies\Francais\boutique\stuff\images\infogrames_c_00.gif (0,04 K/S -    43 bytes)
[17:11:46] - [9] MIRKO.POZEN: Début du Téléchargement de: D:\kerberos.htx\gamez1\Dethkarz\EXTRAS\Goodies\Francais\boutique\stuff\images\infogrames_c_01_01.jpg
[17:11:46] - [9] MIRKO.POZEN: Fichier envoyé: D:\kerberos.htx\gamez1\Dethkarz\EXTRAS\Goodies\Francais\boutique\stuff\images\infogrames_c_01_01.jpg (4,99 K/S -   5 105 bytes)
[17:11:46] - [13] MIRKO.POZEN: Début du Téléchargement de: D:\kerberos.htx\gamez1\Dethkarz\EXTRAS\Goodies\Francais\boutique\stuff\images\infogrames_c_01_02.jpg
[17:11:46] - [13] MIRKO.POZEN: Fichier envoyé: D:\kerberos.htx\gamez1\Dethkarz\EXTRAS\Goodies\Francais\boutique\stuff\images\infogrames_c_01_02.jpg (2,26 K/S -   2 314 bytes)
[17:11:46] - [9] MIRKO.POZEN: Début du Téléchargement de: D:\kerberos.htx\gamez1\Dethkarz\EXTRAS\Goodies\Francais\boutique\stuff\images\infogrames_c_01_03.jpg
[17:11:46] - [9] MIRKO.POZEN: Fichier envoyé: D:\kerberos.htx\gamez1\Dethkarz\EXTRAS\Goodies\Francais\boutique\stuff\images\infogrames_c_01_03.jpg (1,67 K/S -   1 709 bytes)
[17:11:46] - [13] MIRKO.POZEN: Début du Téléchargement de: D:\kerberos.htx\gamez1\Dethkarz\EXTRAS\Goodies\Francais\boutique\stuff\images\infogrames_c_01_05.jpg
[17:11:46] - [13] MIRKO.POZEN: Fichier envoyé: D:\kerberos.htx\gamez1\Dethkarz\EXTRAS\Goodies\Francais\boutique\stuff\images\infogrames_c_01_05.jpg (0,80 K/S -    819 bytes)
[17:11:47] - [9] MIRKO.POZEN: Début du Téléchargement de: D:\kerberos.htx\gamez1\Dethkarz\EXTRAS\Goodies\Francais\boutique\stuff\images\infogrames_c_02_05.jpg
[17:11:47] - [9] MIRKO.POZEN: Fichier envoyé: D:\kerberos.htx\gamez1\Dethkarz\EXTRAS\Goodies\Francais\boutique\stuff\images\infogrames_c_02_05.jpg (3,09 K/S -   3 166 bytes)
[17:11:47] - [13] MIRKO.POZEN: Début du Téléchargement de: D:\kerberos.htx\gamez1\Dethkarz\EXTRAS\Goodies\Francais\boutique\stuff\images\infogrames_c_03_03.jpg
[17:11:47] - [13] MIRKO.POZEN: Fichier envoyé: D:\kerberos.htx\gamez1\Dethkarz\EXTRAS\Goodies\Francais\boutique\stuff\images\infogrames_c_03_03.jpg (3,44 K/S -   3 520 bytes)
[17:11:47] - [9] MIRKO.POZEN: Début du Téléchargement de: D:\kerberos.htx\gamez1\Dethkarz\EXTRAS\Goodies\Francais\boutique\stuff\images\infogrames_c_03_07.jpg
[17:11:47] - [9] MIRKO.POZEN: Fichier envoyé: D:\kerberos.htx\gamez1\Dethkarz\EXTRAS\Goodies\Francais\boutique\stuff\images\infogrames_c_03_07.jpg (4,52 K/S -   4 625 bytes)
[17:11:47] - [13] MIRKO.POZEN: Début du Téléchargement de: D:\kerberos.htx\gamez1\Dethkarz\EXTRAS\Goodies\Francais\boutique\stuff\images\infogrames_c_03_08.jpg
[17:11:47] - [13] MIRKO.POZEN: Fichier envoyé: D:\kerberos.htx\gamez1\Dethkarz\EXTRAS\Goodies\Francais\boutique\stuff\images\infogrames_c_03_08.jpg (2,90 K/S -   2 967 bytes)
[17:11:47] - [13] MIRKO.POZEN: Début du Téléchargement de: D:\kerberos.htx\gamez1\Dethkarz\EXTRAS\Goodies\Francais\boutique\stuff\images\infogrames_c_05_02.jpg
[17:11:48] - [9] MIRKO.POZEN: Début du Téléchargement de: D:\kerberos.htx\gamez1\Dethkarz\EXTRAS\Goodies\Francais\boutique\stuff\images\infogrames_c_04_03.jpg
[17:11:48] - [9] MIRKO.POZEN: Fichier envoyé: D:\kerberos.htx\gamez1\Dethkarz\EXTRAS\Goodies\Francais\boutique\stuff\images\infogrames_c_04_03.jpg (1,33 K/S -   1 366 bytes)
[17:11:48] - [13] MIRKO.POZEN: Fichier envoyé: D:\kerberos.htx\gamez1\Dethkarz\EXTRAS\Goodies\Francais\boutique\stuff\images\infogrames_c_05_02.jpg (2,23 K/S -   2 288 bytes)
[17:11:48] - [9] MIRKO.POZEN: Début du Téléchargement de: D:\kerberos.htx\gamez1\Dethkarz\EXTRAS\Goodies\Francais\boutique\stuff\images\infogrames_c_05_06.jpg
[17:11:48] - [9] MIRKO.POZEN: Fichier envoyé: D:\kerberos.htx\gamez1\Dethkarz\EXTRAS\Goodies\Francais\boutique\stuff\images\infogrames_c_05_06.jpg (1,89 K/S -   1 934 bytes)
[17:11:48] - [13] MIRKO.POZEN: Début du Téléchargement de: D:\kerberos.htx\gamez1\Dethkarz\EXTRAS\Goodies\Francais\boutique\stuff\images\infogrames_c_06_02.jpg
[17:11:48] - [13] MIRKO.POZEN: Fichier envoyé: D:\kerberos.htx\gamez1\Dethkarz\EXTRAS\Goodies\Francais\boutique\stuff\images\infogrames_c_06_02.jpg (0,65 K/S -    664 bytes)
[17:11:49] - [9] MIRKO.POZEN: Début du Téléchargement de: D:\kerberos.htx\gamez1\Dethkarz\EXTRAS\Goodies\Francais\boutique\stuff\images\infogrames_c_06_03.jpg
[17:11:49] - [9] MIRKO.POZEN: Fichier envoyé: D:\kerberos.htx\gamez1\Dethkarz\EXTRAS\Goodies\Francais\boutique\stuff\images\infogrames_c_06_03.jpg (0,73 K/S -    747 bytes)
[17:11:49] - [13] MIRKO.POZEN: Début du Téléchargement de: D:\kerberos.htx\gamez1\Dethkarz\EXTRAS\Goodies\Francais\boutique\stuff\images\infogrames_c_07_01.jpg
[17:11:49] - [13] MIRKO.POZEN: Fichier envoyé: D:\kerberos.htx\gamez1\Dethkarz\EXTRAS\Goodies\Francais\boutique\stuff\images\infogrames_c_07_01.jpg (2,31 K/S -   2 365 bytes)
[17:11:49] - [9] MIRKO.POZEN: Début du Téléchargement de: D:\kerberos.htx\gamez1\Dethkarz\EXTRAS\Goodies\Francais\boutique\stuff\images\infogrames_c_07_04.jpg
[17:11:49] - [9] MIRKO.POZEN: Fichier envoyé: D:\kerberos.htx\gamez1\Dethkarz\EXTRAS\Goodies\Francais\boutique\stuff\images\infogrames_c_07_04.jpg (1,27 K/S -   1 304 bytes)
[17:11:49] - [13] MIRKO.POZEN: Début du Téléchargement de: D:\kerberos.htx\gamez1\Dethkarz\EXTRAS\Goodies\Francais\boutique\stuff\images\infogrames_c_08_01.jpg
[17:11:49] - [13] MIRKO.POZEN: Fichier envoyé: D:\kerberos.htx\gamez1\Dethkarz\EXTRAS\Goodies\Francais\boutique\stuff\images\infogrames_c_08_01.jpg (2,11 K/S -   2 158 bytes)
[17:11:49] - [9] MIRKO.POZEN: Début du Téléchargement de: D:\kerberos.htx\gamez1\Dethkarz\EXTRAS\Goodies\Francais\boutique\stuff\images\infogrames_c_08_02.jpg
[17:11:49] - [9] MIRKO.POZEN: Fichier envoyé: D:\kerberos.htx\gamez1\Dethkarz\EXTRAS\Goodies\Francais\boutique\stuff\images\infogrames_c_08_02.jpg (1,31 K/S -   1 338 bytes)
[17:11:50] - [13] MIRKO.POZEN: Début du Téléchargement de: D:\kerberos.htx\gamez1\Dethkarz\EXTRAS\Goodies\Francais\boutique\stuff\images\infogrames_c_08_03.jpg
[17:11:50] - [13] MIRKO.POZEN: Fichier envoyé: D:\kerberos.htx\gamez1\Dethkarz\EXTRAS\Goodies\Francais\boutique\stuff\images\infogrames_c_08_03.jpg (3,83 K/S -   3 925 bytes)
[17:11:50] - [9] MIRKO.POZEN: Début du Téléchargement de: D:\kerberos.htx\gamez1\Dethkarz\EXTRAS\Goodies\Francais\boutique\stuff\images\infogrames_c_09_03.jpg
[17:11:50] - [9] MIRKO.POZEN: Fichier envoyé: D:\kerberos.htx\gamez1\Dethkarz\EXTRAS\Goodies\Francais\boutique\stuff\images\infogrames_c_09_03.jpg (0,64 K/S -    653 bytes)
[17:11:50] - [13] MIRKO.POZEN: Début du Téléchargement de: D:\kerberos.htx\gamez1\Dethkarz\EXTRAS\Goodies\Francais\boutique\stuff\images\info_store_cover.jpg
[17:11:50] - [9] MIRKO.POZEN: Début du Téléchargement de: D:\kerberos.htx\gamez1\Dethkarz\EXTRAS\Goodies\Francais\boutique\stuff\images\interface_top_info-store.jpg
[17:11:50] - [13] MIRKO.POZEN: Fichier envoyé: D:\kerberos.htx\gamez1\Dethkarz\EXTRAS\Goodies\Francais\boutique\stuff\images\info_store_cover.jpg (61,55 K/S -   63 028 bytes)
[17:11:50] - [9] MIRKO.POZEN: Fichier envoyé: D:\kerberos.htx\gamez1\Dethkarz\EXTRAS\Goodies\Francais\boutique\stuff\images\interface_top_info-store.jpg (33,94 K/S -   34 756 bytes)
[17:11:51] - [13] MIRKO.POZEN: Début du Téléchargement de: D:\kerberos.htx\gamez1\Dethkarz\EXTRAS\Goodies\Francais\boutique\stuff\images\interface_to_01_01.gif
[17:11:51] - [9] MIRKO.POZEN: Début du Téléchargement de: D:\kerberos.htx\gamez1\Dethkarz\EXTRAS\Goodies\Francais\boutique\stuff\images\interface_to_01_02.gif
[17:11:51] - [13] MIRKO.POZEN: Fichier envoyé: D:\kerberos.htx\gamez1\Dethkarz\EXTRAS\Goodies\Francais\boutique\stuff\images\interface_to_01_01.gif (5,80 K/S -   5 936 bytes)
[17:11:51] - [9] MIRKO.POZEN: Fichier envoyé: D:\kerberos.htx\gamez1\Dethkarz\EXTRAS\Goodies\Francais\boutique\stuff\images\interface_to_01_02.gif (13,54 K/S -   13 865 bytes)
[17:11:51] - [13] MIRKO.POZEN: Début du Téléchargement de: D:\kerberos.htx\gamez1\Dethkarz\EXTRAS\Goodies\Francais\boutique\stuff\images\interface_to_01_03.gif
[17:11:51] - [9] MIRKO.POZEN: Début du Téléchargement de: D:\kerberos.htx\gamez1\Dethkarz\EXTRAS\Goodies\Francais\boutique\stuff\images\lock.gif
[17:11:51] - [13] MIRKO.POZEN: Fichier envoyé: D:\kerberos.htx\gamez1\Dethkarz\EXTRAS\Goodies\Francais\boutique\stuff\images\interface_to_01_03.gif (2,16 K/S -   2 214 bytes)
[17:11:51] - [9] MIRKO.POZEN: Fichier envoyé: D:\kerberos.htx\gamez1\Dethkarz\EXTRAS\Goodies\Francais\boutique\stuff\images\lock.gif (3,47 K/S -   3 550 bytes)
[17:11:51] - [13] MIRKO.POZEN: Début du Téléchargement de: D:\kerberos.htx\gamez1\Dethkarz\EXTRAS\Goodies\Francais\boutique\stuff\images\logo.gif
[17:11:51] - [9] MIRKO.POZEN: Début du Téléchargement de: D:\kerberos.htx\gamez1\Dethkarz\EXTRAS\Goodies\Francais\boutique\stuff\images\outcastbandeau.jpg
[17:11:51] - [13] MIRKO.POZEN: Fichier envoyé: D:\kerberos.htx\gamez1\Dethkarz\EXTRAS\Goodies\Francais\boutique\stuff\images\logo.gif (9,23 K/S -   9 453 bytes)
[17:11:52] - [9] MIRKO.POZEN: Fichier envoyé: D:\kerberos.htx\gamez1\Dethkarz\EXTRAS\Goodies\Francais\boutique\stuff\images\outcastbandeau.jpg (19,07 K/S -   19 525 bytes)
[17:11:52] - [13] MIRKO.POZEN: Début du Téléchargement de: D:\kerberos.htx\gamez1\Dethkarz\EXTRAS\Goodies\Francais\boutique\stuff\images\tips_bag.jpg
[17:11:52] - [13] MIRKO.POZEN: Fichier envoyé: D:\kerberos.htx\gamez1\Dethkarz\EXTRAS\Goodies\Francais\boutique\stuff\images\tips_bag.jpg (8,63 K/S -   8 835 bytes)
[17:11:52] - [9] MIRKO.POZEN: Début du Téléchargement de: D:\kerberos.htx\gamez1\Dethkarz\EXTRAS\Goodies\Francais\boutique\stuff\images\tips_bag_off.jpg
[17:11:52] - [9] MIRKO.POZEN: Fichier envoyé: D:\kerberos.htx\gamez1\Dethkarz\EXTRAS\Goodies\Francais\boutique\stuff\images\tips_bag_off.jpg (5,26 K/S -   5 391 bytes)
[17:11:52] - [13] MIRKO.POZEN: Début du Téléchargement de: D:\kerberos.htx\gamez1\Dethkarz\EXTRAS\Goodies\Francais\boutique\stuff\images\tips_bag_on.jpg
[17:11:52] - [13] MIRKO.POZEN: Fichier envoyé: D:\kerberos.htx\gamez1\Dethkarz\EXTRAS\Goodies\Francais\boutique\stuff\images\tips_bag_on.jpg (5,28 K/S -   5 404 bytes)
[17:11:52] - [9] MIRKO.POZEN: Début du Téléchargement de: D:\kerberos.htx\gamez1\Dethkarz\EXTRAS\Goodies\Francais\boutique\stuff\images\tips_great_off.gif
[17:11:52] - [9] MIRKO.POZEN: Fichier envoyé: D:\kerberos.htx\gamez1\Dethkarz\EXTRAS\Goodies\Francais\boutique\stuff\images\tips_great_off.gif (4,11 K/S -   4 208 bytes)
[17:11:52] - [13] MIRKO.POZEN: Début du Téléchargement de: D:\kerberos.htx\gamez1\Dethkarz\EXTRAS\Goodies\Francais\boutique\stuff\images\tips_great_on.gif
[17:11:53] - [13] MIRKO.POZEN: Fichier envoyé: D:\kerberos.htx\gamez1\Dethkarz\EXTRAS\Goodies\Francais\boutique\stuff\images\tips_great_on.gif (3,74 K/S -   3 826 bytes)
[17:11:53] - [9] MIRKO.POZEN: Début du Téléchargement de: D:\kerberos.htx\gamez1\Dethkarz\EXTRAS\Goodies\Francais\boutique\stuff\images\tips_home_off.gif
[17:11:53] - [9] MIRKO.POZEN: Fichier envoyé: D:\kerberos.htx\gamez1\Dethkarz\EXTRAS\Goodies\Francais\boutique\stuff\images\tips_home_off.gif (1,73 K/S -   1 770 bytes)
[17:11:53] - [13] MIRKO.POZEN: Début du Téléchargement de: D:\kerberos.htx\gamez1\Dethkarz\EXTRAS\Goodies\Francais\boutique\stuff\images\tips_home_on.gif
[17:11:53] - [13] MIRKO.POZEN: Fichier envoyé: D:\kerberos.htx\gamez1\Dethkarz\EXTRAS\Goodies\Francais\boutique\stuff\images\tips_home_on.gif (1,73 K/S -   1 770 bytes)
[17:11:53] - [9] MIRKO.POZEN: Début du Téléchargement de: D:\kerberos.htx\gamez1\Dethkarz\EXTRAS\Goodies\Francais\boutique\stuff\images\tips_mail_off.gif
[17:11:53] - [9] MIRKO.POZEN: Fichier envoyé: D:\kerberos.htx\gamez1\Dethkarz\EXTRAS\Goodies\Francais\boutique\stuff\images\tips_mail_off.gif (1,98 K/S -   2 030 bytes)
[17:11:53] - [13] MIRKO.POZEN: Début du Téléchargement de: D:\kerberos.htx\gamez1\Dethkarz\EXTRAS\Goodies\Francais\boutique\stuff\images\tips_mail_on.gif
[17:11:53] - [13] MIRKO.POZEN: Fichier envoyé: D:\kerberos.htx\gamez1\Dethkarz\EXTRAS\Goodies\Francais\boutique\stuff\images\tips_mail_on.gif (1,92 K/S -   1 968 bytes)
[17:11:53] - [9] MIRKO.POZEN: Début du Téléchargement de: D:\kerberos.htx\gamez1\Dethkarz\EXTRAS\Goodies\Francais\boutique\stuff\images\tip_moins.gif
[17:11:53] - [9] MIRKO.POZEN: Fichier envoyé: D:\kerberos.htx\gamez1\Dethkarz\EXTRAS\Goodies\Francais\boutique\stuff\images\tip_moins.gif (0,87 K/S -    895 bytes)
[17:11:53] - [13] MIRKO.POZEN: Début du Téléchargement de: D:\kerberos.htx\gamez1\Dethkarz\EXTRAS\Goodies\Francais\boutique\stuff\images\tip_plus.gif
[17:11:54] - [13] MIRKO.POZEN: Fichier envoyé: D:\kerberos.htx\gamez1\Dethkarz\EXTRAS\Goodies\Francais\boutique\stuff\images\tip_plus.gif (0,90 K/S -    917 bytes)
[17:11:54] - [9] MIRKO.POZEN: Début du Téléchargement de: D:\kerberos.htx\gamez1\Dethkarz\EXTRAS\Goodies\Francais\boutique\stuff\images\typo-global.gif
[17:11:54] - [9] MIRKO.POZEN: Fichier envoyé: D:\kerberos.htx\gamez1\Dethkarz\EXTRAS\Goodies\Francais\boutique\stuff\images\typo-global.gif (21,07 K/S -   21 577 bytes)
[17:11:54] - [13] MIRKO.POZEN: Début du Téléchargement de: D:\kerberos.htx\gamez1\Dethkarz\EXTRAS\Goodies\Francais\boutique\stuff\images\typo-global.jpg
[17:11:54] - [13] MIRKO.POZEN: Fichier envoyé: D:\kerberos.htx\gamez1\Dethkarz\EXTRAS\Goodies\Francais\boutique\stuff\images\typo-global.jpg (14,54 K/S -   14 891 bytes)
[17:11:54] - [9] MIRKO.POZEN: Début du Téléchargement de: D:\kerberos.htx\gamez1\Dethkarz\EXTRAS\Goodies\Francais\boutique\stuff\images\typo-global_on.gif
[17:11:54] - [9] MIRKO.POZEN: Fichier envoyé: D:\kerberos.htx\gamez1\Dethkarz\EXTRAS\Goodies\Francais\boutique\stuff\images\typo-global_on.gif (11,35 K/S -   11 618 bytes)
[17:11:54] - [9] MIRKO.POZEN: Début du Téléchargement de: D:\kerberos.htx\gamez1\Dethkarz\EXTRAS\Goodies\Francais\boutique\stuff\images\wargasm_bandeau.jpg
[17:11:54] - [9] MIRKO.POZEN: Fichier envoyé: D:\kerberos.htx\gamez1\Dethkarz\EXTRAS\Goodies\Francais\boutique\stuff\images\wargasm_bandeau.jpg (20,87 K/S -   21 370 bytes)
[17:11:55] - [13] MIRKO.POZEN: Répertoire en Cours: D:\kerberos.htx\gamez1\Dethkarz\EXTRAS\Goodies\English\shop\
[17:11:55] - [13] MIRKO.POZEN: Début du Téléchargement de: D:\kerberos.htx\gamez1\Dethkarz\EXTRAS\Goodies\English\shop\index.htm
[17:11:55] - [13] MIRKO.POZEN: Fichier envoyé: D:\kerberos.htx\gamez1\Dethkarz\EXTRAS\Goodies\English\shop\index.htm (0,60 K/S -    619 bytes)
[17:11:55] - [13] MIRKO.POZEN: Répertoire en Cours: D:\kerberos.htx\gamez1\Dethkarz\EXTRAS\Goodies\English\shop\Stuff\
[17:11:55] - [13] MIRKO.POZEN: Début du Téléchargement de: D:\kerberos.htx\gamez1\Dethkarz\EXTRAS\Goodies\English\shop\Stuff\add.js
[17:11:55] - [13] MIRKO.POZEN: Fichier envoyé: D:\kerberos.htx\gamez1\Dethkarz\EXTRAS\Goodies\English\shop\Stuff\add.js (0,58 K/S -    598 bytes)
[17:11:55] - [9] MIRKO.POZEN: Répertoire en Cours: D:\kerberos.htx\gamez1\Dethkarz\EXTRAS\Goodies\English\shop\Stuff\
[17:11:55] - [9] MIRKO.POZEN: Début du Téléchargement de: D:\kerberos.htx\gamez1\Dethkarz\EXTRAS\Goodies\English\shop\Stuff\add_on_top.js
[17:11:56] - [9] MIRKO.POZEN: Fichier envoyé: D:\kerberos.htx\gamez1\Dethkarz\EXTRAS\Goodies\English\shop\Stuff\add_on_top.js (2,11 K/S -   2 163 bytes)
[17:11:58] - [13] MIRKO.POZEN: Début du Téléchargement de: D:\kerberos.htx\gamez1\Dethkarz\EXTRAS\Goodies\English\shop\Stuff\bag change.htm
[17:11:58] - [13] MIRKO.POZEN: Fichier envoyé: D:\kerberos.htx\gamez1\Dethkarz\EXTRAS\Goodies\English\shop\Stuff\bag change.htm (4,98 K/S -   5 103 bytes)
[17:11:58] - [9] MIRKO.POZEN: Début du Téléchargement de: D:\kerberos.htx\gamez1\Dethkarz\EXTRAS\Goodies\English\shop\Stuff\bag.htm
[17:11:58] - [9] MIRKO.POZEN: Fichier envoyé: D:\kerberos.htx\gamez1\Dethkarz\EXTRAS\Goodies\English\shop\Stuff\bag.htm (3,93 K/S -   4 021 bytes)
[17:11:58] - [13] MIRKO.POZEN: Début du Téléchargement de: D:\kerberos.htx\gamez1\Dethkarz\EXTRAS\Goodies\English\shop\Stuff\bagpack.htm
[17:11:58] - [13] MIRKO.POZEN: Fichier envoyé: D:\kerberos.htx\gamez1\Dethkarz\EXTRAS\Goodies\English\shop\Stuff\bagpack.htm (2,65 K/S -   2 712 bytes)
[17:11:58] - [9] MIRKO.POZEN: Début du Téléchargement de: D:\kerberos.htx\gamez1\Dethkarz\EXTRAS\Goodies\English\shop\Stuff\blank-1.htm
[17:11:58] - [9] MIRKO.POZEN: Fichier envoyé: D:\kerberos.htx\gamez1\Dethkarz\EXTRAS\Goodies\English\shop\Stuff\blank-1.htm (0,18 K/S -    183 bytes)
[17:11:58] - [13] MIRKO.POZEN: Début du Téléchargement de: D:\kerberos.htx\gamez1\Dethkarz\EXTRAS\Goodies\English\shop\Stuff\cap.htm
[17:11:59] - [13] MIRKO.POZEN: Fichier envoyé: D:\kerberos.htx\gamez1\Dethkarz\EXTRAS\Goodies\English\shop\Stuff\cap.htm (6,08 K/S -   6 221 bytes)
[17:11:59] - [9] MIRKO.POZEN: Début du Téléchargement de: D:\kerberos.htx\gamez1\Dethkarz\EXTRAS\Goodies\English\shop\Stuff\check_this_out.js
[17:11:59] - [9] MIRKO.POZEN: Fichier envoyé: D:\kerberos.htx\gamez1\Dethkarz\EXTRAS\Goodies\English\shop\Stuff\check_this_out.js (1,84 K/S -   1 881 bytes)
[17:11:59] - [13] MIRKO.POZEN: Début du Téléchargement de: D:\kerberos.htx\gamez1\Dethkarz\EXTRAS\Goodies\English\shop\Stuff\Copie de bag.htm
[17:11:59] - [13] MIRKO.POZEN: Fichier envoyé: D:\kerberos.htx\gamez1\Dethkarz\EXTRAS\Goodies\English\shop\Stuff\Copie de bag.htm (3,86 K/S -   3 949 bytes)
[17:11:59] - [9] MIRKO.POZEN: Début du Téléchargement de: D:\kerberos.htx\gamez1\Dethkarz\EXTRAS\Goodies\English\shop\Stuff\Copie de left_top.htm
[17:11:59] - [9] MIRKO.POZEN: Fichier envoyé: D:\kerberos.htx\gamez1\Dethkarz\EXTRAS\Goodies\English\shop\Stuff\Copie de left_top.htm (1,94 K/S -   1 989 bytes)
[17:11:59] - [13] MIRKO.POZEN: Début du Téléchargement de: D:\kerberos.htx\gamez1\Dethkarz\EXTRAS\Goodies\English\shop\Stuff\dex.htm
[17:11:59] - [13] MIRKO.POZEN: Fichier envoyé: D:\kerberos.htx\gamez1\Dethkarz\EXTRAS\Goodies\English\shop\Stuff\dex.htm (0,89 K/S -    908 bytes)
[17:11:59] - [9] MIRKO.POZEN: Début du Téléchargement de: D:\kerberos.htx\gamez1\Dethkarz\EXTRAS\Goodies\English\shop\Stuff\fig.htm
[17:12:00] - [9] MIRKO.POZEN: Fichier envoyé: D:\kerberos.htx\gamez1\Dethkarz\EXTRAS\Goodies\English\shop\Stuff\fig.htm (4,34 K/S -   4 441 bytes)
[17:12:00] - [13] MIRKO.POZEN: Début du Téléchargement de: D:\kerberos.htx\gamez1\Dethkarz\EXTRAS\Goodies\English\shop\Stuff\head changed.htm
[17:12:00] - [13] MIRKO.POZEN: Fichier envoyé: D:\kerberos.htx\gamez1\Dethkarz\EXTRAS\Goodies\English\shop\Stuff\head changed.htm (2,89 K/S -   2 958 bytes)
[17:12:00] - [9] MIRKO.POZEN: Début du Téléchargement de: D:\kerberos.htx\gamez1\Dethkarz\EXTRAS\Goodies\English\shop\Stuff\head.htm
[17:12:00] - [9] MIRKO.POZEN: Fichier envoyé: D:\kerberos.htx\gamez1\Dethkarz\EXTRAS\Goodies\English\shop\Stuff\head.htm (2,66 K/S -   2 725 bytes)
[17:12:01] - [13] MIRKO.POZEN: Début du Téléchargement de: D:\kerberos.htx\gamez1\Dethkarz\EXTRAS\Goodies\English\shop\Stuff\hierach.js
[17:12:01] - [13] MIRKO.POZEN: Fichier envoyé: D:\kerberos.htx\gamez1\Dethkarz\EXTRAS\Goodies\English\shop\Stuff\hierach.js (0,87 K/S -    888 bytes)
[17:12:01] - [13] MIRKO.POZEN: Début du Téléchargement de: D:\kerberos.htx\gamez1\Dethkarz\EXTRAS\Goodies\English\shop\Stuff\hierach_1.js
[17:12:01] - [13] MIRKO.POZEN: Fichier envoyé: D:\kerberos.htx\gamez1\Dethkarz\EXTRAS\Goodies\English\shop\Stuff\hierach_1.js (0,88 K/S -    897 bytes)
[17:12:01] - [9] MIRKO.POZEN: Début du Téléchargement de: D:\kerberos.htx\gamez1\Dethkarz\EXTRAS\Goodies\English\shop\Stuff\hod-amigo.htm
[17:12:01] - [9] MIRKO.POZEN: Fichier envoyé: D:\kerberos.htx\gamez1\Dethkarz\EXTRAS\Goodies\English\shop\Stuff\hod-amigo.htm (1,02 K/S -   1 040 bytes)
[17:12:01] - [13] MIRKO.POZEN: Début du Téléchargement de: D:\kerberos.htx\gamez1\Dethkarz\EXTRAS\Goodies\English\shop\Stuff\hod-cap.htm
[17:12:01] - [13] MIRKO.POZEN: Fichier envoyé: D:\kerberos.htx\gamez1\Dethkarz\EXTRAS\Goodies\English\shop\Stuff\hod-cap.htm (1,01 K/S -   1 036 bytes)
[17:12:01] - [9] MIRKO.POZEN: Début du Téléchargement de: D:\kerberos.htx\gamez1\Dethkarz\EXTRAS\Goodies\English\shop\Stuff\hod-purple.htm
[17:12:01] - [9] MIRKO.POZEN: Fichier envoyé: D:\kerberos.htx\gamez1\Dethkarz\EXTRAS\Goodies\English\shop\Stuff\hod-purple.htm (1,03 K/S -   1 051 bytes)
[17:12:02] - [13] MIRKO.POZEN: Début du Téléchargement de: D:\kerberos.htx\gamez1\Dethkarz\EXTRAS\Goodies\English\shop\Stuff\hod-viscious.htm
[17:12:02] - [13] MIRKO.POZEN: Fichier envoyé: D:\kerberos.htx\gamez1\Dethkarz\EXTRAS\Goodies\English\shop\Stuff\hod-viscious.htm (1,02 K/S -   1 042 bytes)
[17:12:02] - [9] MIRKO.POZEN: Début du Téléchargement de: D:\kerberos.htx\gamez1\Dethkarz\EXTRAS\Goodies\English\shop\Stuff\hod.htm
[17:12:02] - [9] MIRKO.POZEN: Fichier envoyé: D:\kerberos.htx\gamez1\Dethkarz\EXTRAS\Goodies\English\shop\Stuff\hod.htm (4,50 K/S -   4 607 bytes)
[17:12:02] - [13] MIRKO.POZEN: Début du Téléchargement de: D:\kerberos.htx\gamez1\Dethkarz\EXTRAS\Goodies\English\shop\Stuff\home.htm
[17:12:02] - [13] MIRKO.POZEN: Fichier envoyé: D:\kerberos.htx\gamez1\Dethkarz\EXTRAS\Goodies\English\shop\Stuff\home.htm (1,51 K/S -   1 550 bytes)
[17:12:02] - [9] MIRKO.POZEN: Début du Téléchargement de: D:\kerberos.htx\gamez1\Dethkarz\EXTRAS\Goodies\English\shop\Stuff\index.htm
[17:12:02] - [9] MIRKO.POZEN: Fichier envoyé: D:\kerberos.htx\gamez1\Dethkarz\EXTRAS\Goodies\English\shop\Stuff\index.htm (0,59 K/S -    601 bytes)
[17:12:02] - [13] MIRKO.POZEN: Début du Téléchargement de: D:\kerberos.htx\gamez1\Dethkarz\EXTRAS\Goodies\English\shop\Stuff\infogrames-girl-shirt.htm
[17:12:02] - [13] MIRKO.POZEN: Fichier envoyé: D:\kerberos.htx\gamez1\Dethkarz\EXTRAS\Goodies\English\shop\Stuff\infogrames-girl-shirt.htm (0,96 K/S -    987 bytes)
[17:12:02] - [9] MIRKO.POZEN: Début du Téléchargement de: D:\kerberos.htx\gamez1\Dethkarz\EXTRAS\Goodies\English\shop\Stuff\infogrames-shirt.htm
[17:12:03] - [9] MIRKO.POZEN: Fichier envoyé: D:\kerberos.htx\gamez1\Dethkarz\EXTRAS\Goodies\English\shop\Stuff\infogrames-shirt.htm (1,02 K/S -   1 043 bytes)
[17:12:03] - [13] MIRKO.POZEN: Début du Téléchargement de: D:\kerberos.htx\gamez1\Dethkarz\EXTRAS\Goodies\English\shop\Stuff\infogrames.htm
[17:12:03] - [13] MIRKO.POZEN: Fichier envoyé: D:\kerberos.htx\gamez1\Dethkarz\EXTRAS\Goodies\English\shop\Stuff\infogrames.htm (5,73 K/S -   5 870 bytes)
[17:12:03] - [9] MIRKO.POZEN: Début du Téléchargement de: D:\kerberos.htx\gamez1\Dethkarz\EXTRAS\Goodies\English\shop\Stuff\left.htm
[17:12:03] - [9] MIRKO.POZEN: Fichier envoyé: D:\kerberos.htx\gamez1\Dethkarz\EXTRAS\Goodies\English\shop\Stuff\left.htm (2,32 K/S -   2 376 bytes)
[17:12:03] - [13] MIRKO.POZEN: Début du Téléchargement de: D:\kerberos.htx\gamez1\Dethkarz\EXTRAS\Goodies\English\shop\Stuff\left_dex.htm
[17:12:03] - [13] MIRKO.POZEN: Fichier envoyé: D:\kerberos.htx\gamez1\Dethkarz\EXTRAS\Goodies\English\shop\Stuff\left_dex.htm (0,53 K/S -    540 bytes)
[17:12:03] - [9] MIRKO.POZEN: Début du Téléchargement de: D:\kerberos.htx\gamez1\Dethkarz\EXTRAS\Goodies\English\shop\Stuff\left_down.htm
[17:12:03] - [9] MIRKO.POZEN: Fichier envoyé: D:\kerberos.htx\gamez1\Dethkarz\EXTRAS\Goodies\English\shop\Stuff\left_down.htm (2,73 K/S -   2 797 bytes)
[17:12:03] - [13] MIRKO.POZEN: Début du Téléchargement de: D:\kerberos.htx\gamez1\Dethkarz\EXTRAS\Goodies\English\shop\Stuff\left_top.htm
[17:12:04] - [13] MIRKO.POZEN: Fichier envoyé: D:\kerberos.htx\gamez1\Dethkarz\EXTRAS\Goodies\English\shop\Stuff\left_top.htm (1,07 K/S -   1 097 bytes)
[17:12:04] - [9] MIRKO.POZEN: Début du Téléchargement de: D:\kerberos.htx\gamez1\Dethkarz\EXTRAS\Goodies\English\shop\Stuff\news.htm
[17:12:04] - [9] MIRKO.POZEN: Fichier envoyé: D:\kerberos.htx\gamez1\Dethkarz\EXTRAS\Goodies\English\shop\Stuff\news.htm (6,89 K/S -   7 058 bytes)
[17:12:04] - [13] MIRKO.POZEN: Début du Téléchargement de: D:\kerberos.htx\gamez1\Dethkarz\EXTRAS\Goodies\English\shop\Stuff\outcast-black-shirt.htm
[17:12:04] - [13] MIRKO.POZEN: Fichier envoyé: D:\kerberos.htx\gamez1\Dethkarz\EXTRAS\Goodies\English\shop\Stuff\outcast-black-shirt.htm (1,08 K/S -   1 105 bytes)
[17:12:04] - [9] MIRKO.POZEN: Début du Téléchargement de: D:\kerberos.htx\gamez1\Dethkarz\EXTRAS\Goodies\English\shop\Stuff\outcast-orange-shirt.htm
[17:12:04] - [9] MIRKO.POZEN: Fichier envoyé: D:\kerberos.htx\gamez1\Dethkarz\EXTRAS\Goodies\English\shop\Stuff\outcast-orange-shirt.htm (1,08 K/S -   1 111 bytes)
[17:12:04] - [13] MIRKO.POZEN: Début du Téléchargement de: D:\kerberos.htx\gamez1\Dethkarz\EXTRAS\Goodies\English\shop\Stuff\outcast.htm
[17:12:04] - [13] MIRKO.POZEN: Fichier envoyé: D:\kerberos.htx\gamez1\Dethkarz\EXTRAS\Goodies\English\shop\Stuff\outcast.htm (4,22 K/S -   4 324 bytes)
[17:12:04] - [9] MIRKO.POZEN: Début du Téléchargement de: D:\kerberos.htx\gamez1\Dethkarz\EXTRAS\Goodies\English\shop\Stuff\over_stuff.js
[17:12:04] - [9] MIRKO.POZEN: Fichier envoyé: D:\kerberos.htx\gamez1\Dethkarz\EXTRAS\Goodies\English\shop\Stuff\over_stuff.js (0,45 K/S -    465 bytes)
[17:12:05] - [13] MIRKO.POZEN: Début du Téléchargement de: D:\kerberos.htx\gamez1\Dethkarz\EXTRAS\Goodies\English\shop\Stuff\personal_stuff.js
[17:12:05] - [13] MIRKO.POZEN: Fichier envoyé: D:\kerberos.htx\gamez1\Dethkarz\EXTRAS\Goodies\English\shop\Stuff\personal_stuff.js (0,35 K/S -    363 bytes)
[17:12:05] - [9] MIRKO.POZEN: Début du Téléchargement de: D:\kerberos.htx\gamez1\Dethkarz\EXTRAS\Goodies\English\shop\Stuff\print.js
[17:12:05] - [9] MIRKO.POZEN: Fichier envoyé: D:\kerberos.htx\gamez1\Dethkarz\EXTRAS\Goodies\English\shop\Stuff\print.js (0,42 K/S -    430 bytes)
[17:12:05] - [13] MIRKO.POZEN: Début du Téléchargement de: D:\kerberos.htx\gamez1\Dethkarz\EXTRAS\Goodies\English\shop\Stuff\print_order.htm
[17:12:05] - [13] MIRKO.POZEN: Fichier envoyé: D:\kerberos.htx\gamez1\Dethkarz\EXTRAS\Goodies\English\shop\Stuff\print_order.htm (8,32 K/S -   8 519 bytes)
[17:12:05] - [9] MIRKO.POZEN: Début du Téléchargement de: D:\kerberos.htx\gamez1\Dethkarz\EXTRAS\Goodies\English\shop\Stuff\print_orderb.htm
[17:12:05] - [9] MIRKO.POZEN: Fichier envoyé: D:\kerberos.htx\gamez1\Dethkarz\EXTRAS\Goodies\English\shop\Stuff\print_orderb.htm (0,74 K/S -    757 bytes)
[17:12:05] - [13] MIRKO.POZEN: Début du Téléchargement de: D:\kerberos.htx\gamez1\Dethkarz\EXTRAS\Goodies\English\shop\Stuff\print_order_frame.htm
[17:12:05] - [13] MIRKO.POZEN: Fichier envoyé: D:\kerberos.htx\gamez1\Dethkarz\EXTRAS\Goodies\English\shop\Stuff\print_order_frame.htm (0,53 K/S -    539 bytes)
[17:12:06] - [9] MIRKO.POZEN: Début du Téléchargement de: D:\kerberos.htx\gamez1\Dethkarz\EXTRAS\Goodies\English\shop\Stuff\shipping backup.js
[17:12:06] - [9] MIRKO.POZEN: Fichier envoyé: D:\kerberos.htx\gamez1\Dethkarz\EXTRAS\Goodies\English\shop\Stuff\shipping backup.js (3,17 K/S -   3 241 bytes)
[17:12:06] - [13] MIRKO.POZEN: Début du Téléchargement de: D:\kerberos.htx\gamez1\Dethkarz\EXTRAS\Goodies\English\shop\Stuff\shipping.js
[17:12:06] - [13] MIRKO.POZEN: Fichier envoyé: D:\kerberos.htx\gamez1\Dethkarz\EXTRAS\Goodies\English\shop\Stuff\shipping.js (3,68 K/S -   3 767 bytes)
[17:12:06] - [9] MIRKO.POZEN: Début du Téléchargement de: D:\kerberos.htx\gamez1\Dethkarz\EXTRAS\Goodies\English\shop\Stuff\shirt.htm
[17:12:06] - [9] MIRKO.POZEN: Fichier envoyé: D:\kerberos.htx\gamez1\Dethkarz\EXTRAS\Goodies\English\shop\Stuff\shirt.htm (9,17 K/S -   9 386 bytes)
[17:12:06] - [13] MIRKO.POZEN: Début du Téléchargement de: D:\kerberos.htx\gamez1\Dethkarz\EXTRAS\Goodies\English\shop\Stuff\shopping.js
[17:12:06] - [13] MIRKO.POZEN: Fichier envoyé: D:\kerberos.htx\gamez1\Dethkarz\EXTRAS\Goodies\English\shop\Stuff\shopping.js (0,45 K/S -    465 bytes)
[17:12:06] - [9] MIRKO.POZEN: Début du Téléchargement de: D:\kerberos.htx\gamez1\Dethkarz\EXTRAS\Goodies\English\shop\Stuff\tatou_bag.htm
[17:12:06] - [9] MIRKO.POZEN: Fichier envoyé: D:\kerberos.htx\gamez1\Dethkarz\EXTRAS\Goodies\English\shop\Stuff\tatou_bag.htm (1,03 K/S -   1 053 bytes)
[17:12:06] - [13] MIRKO.POZEN: Début du Téléchargement de: D:\kerberos.htx\gamez1\Dethkarz\EXTRAS\Goodies\English\shop\Stuff\v-rally-cap.htm
[17:12:07] - [13] MIRKO.POZEN: Fichier envoyé: D:\kerberos.htx\gamez1\Dethkarz\EXTRAS\Goodies\English\shop\Stuff\v-rally-cap.htm (1,03 K/S -   1 055 bytes)
[17:12:07] - [9] MIRKO.POZEN: Début du Téléchargement de: D:\kerberos.htx\gamez1\Dethkarz\EXTRAS\Goodies\English\shop\Stuff\v-rally-shirt.htm
[17:12:07] - [9] MIRKO.POZEN: Fichier envoyé: D:\kerberos.htx\gamez1\Dethkarz\EXTRAS\Goodies\English\shop\Stuff\v-rally-shirt.htm (1,40 K/S -   1 432 bytes)
[17:12:07] - [13] MIRKO.POZEN: Début du Téléchargement de: D:\kerberos.htx\gamez1\Dethkarz\EXTRAS\Goodies\English\shop\Stuff\vrally.htm
[17:12:07] - [13] MIRKO.POZEN: Fichier envoyé: D:\kerberos.htx\gamez1\Dethkarz\EXTRAS\Goodies\English\shop\Stuff\vrally.htm (4,47 K/S -   4 580 bytes)
[17:12:07] - [9] MIRKO.POZEN: Début du Téléchargement de: D:\kerberos.htx\gamez1\Dethkarz\EXTRAS\Goodies\English\shop\Stuff\x--print_order.htm
[17:12:07] - [13] MIRKO.POZEN: Répertoire en Cours: D:\kerberos.htx\gamez1\Dethkarz\EXTRAS\Goodies\English\shop\Stuff\products\
[17:12:07] - [9] MIRKO.POZEN: Fichier envoyé: D:\kerberos.htx\gamez1\Dethkarz\EXTRAS\Goodies\English\shop\Stuff\x--print_order.htm (7,68 K/S -   7 867 bytes)
[17:12:07] - [9] MIRKO.POZEN: Répertoire en Cours: D:\kerberos.htx\gamez1\Dethkarz\EXTRAS\Goodies\English\shop\Stuff\products\
[17:12:07] - [13] MIRKO.POZEN: Début du Téléchargement de: D:\kerberos.htx\gamez1\Dethkarz\EXTRAS\Goodies\English\shop\Stuff\products\amigo.jpg
[17:12:08] - [13] MIRKO.POZEN: Fichier envoyé: D:\kerberos.htx\gamez1\Dethkarz\EXTRAS\Goodies\English\shop\Stuff\products\amigo.jpg (28,36 K/S -   29 045 bytes)
[17:12:08] - [9] MIRKO.POZEN: Début du Téléchargement de: D:\kerberos.htx\gamez1\Dethkarz\EXTRAS\Goodies\English\shop\Stuff\products\amigos.jpg
[17:12:08] - [9] MIRKO.POZEN: Fichier envoyé: D:\kerberos.htx\gamez1\Dethkarz\EXTRAS\Goodies\English\shop\Stuff\products\amigos.jpg (4,23 K/S -   4 331 bytes)
[17:12:08] - [13] MIRKO.POZEN: Début du Téléchargement de: D:\kerberos.htx\gamez1\Dethkarz\EXTRAS\Goodies\English\shop\Stuff\products\hod_cap.jpg
[17:12:08] - [13] MIRKO.POZEN: Fichier envoyé: D:\kerberos.htx\gamez1\Dethkarz\EXTRAS\Goodies\English\shop\Stuff\products\hod_cap.jpg (21,70 K/S -   22 218 bytes)
[17:12:08] - [9] MIRKO.POZEN: Début du Téléchargement de: D:\kerberos.htx\gamez1\Dethkarz\EXTRAS\Goodies\English\shop\Stuff\products\hod_caps.jpg
[17:12:08] - [9] MIRKO.POZEN: Fichier envoyé: D:\kerberos.htx\gamez1\Dethkarz\EXTRAS\Goodies\English\shop\Stuff\products\hod_caps.jpg (3,21 K/S -   3 284 bytes)
[17:12:08] - [13] MIRKO.POZEN: Début du Téléchargement de: D:\kerberos.htx\gamez1\Dethkarz\EXTRAS\Goodies\English\shop\Stuff\products\infogrames_tshirt.jpg
[17:12:08] - [9] MIRKO.POZEN: Début du Téléchargement de: D:\kerberos.htx\gamez1\Dethkarz\EXTRAS\Goodies\English\shop\Stuff\products\infogrames_tshirts.jpg
[17:12:08] - [9] MIRKO.POZEN: Fichier envoyé: D:\kerberos.htx\gamez1\Dethkarz\EXTRAS\Goodies\English\shop\Stuff\products\infogrames_tshirts.jpg (6,26 K/S -   6 406 bytes)
[17:12:08] - [13] MIRKO.POZEN: Fichier envoyé: D:\kerberos.htx\gamez1\Dethkarz\EXTRAS\Goodies\English\shop\Stuff\products\infogrames_tshirt.jpg (25,15 K/S -   25 754 bytes)
[17:12:09] - [13] MIRKO.POZEN: Début du Téléchargement de: D:\kerberos.htx\gamez1\Dethkarz\EXTRAS\Goodies\English\shop\Stuff\products\infogrames_tshirt_girl.jpg
[17:12:09] - [9] MIRKO.POZEN: Début du Téléchargement de: D:\kerberos.htx\gamez1\Dethkarz\EXTRAS\Goodies\English\shop\Stuff\products\infogrames_tshirt_girls.jpg
[17:12:09] - [9] MIRKO.POZEN: Fichier envoyé: D:\kerberos.htx\gamez1\Dethkarz\EXTRAS\Goodies\English\shop\Stuff\products\infogrames_tshirt_girls.jpg (5,40 K/S -   5 533 bytes)
[17:12:09] - [13] MIRKO.POZEN: Fichier envoyé: D:\kerberos.htx\gamez1\Dethkarz\EXTRAS\Goodies\English\shop\Stuff\products\infogrames_tshirt_girl.jpg (23,03 K/S -   23 585 bytes)
[17:12:09] - [13] MIRKO.POZEN: Début du Téléchargement de: D:\kerberos.htx\gamez1\Dethkarz\EXTRAS\Goodies\English\shop\Stuff\products\outcast-black-tshirt.jpg
[17:12:09] - [9] MIRKO.POZEN: Début du Téléchargement de: D:\kerberos.htx\gamez1\Dethkarz\EXTRAS\Goodies\English\shop\Stuff\products\outcast-black-tshirts.jpg
[17:12:09] - [9] MIRKO.POZEN: Fichier envoyé: D:\kerberos.htx\gamez1\Dethkarz\EXTRAS\Goodies\English\shop\Stuff\products\outcast-black-tshirts.jpg (6,52 K/S -   6 679 bytes)
[17:12:09] - [13] MIRKO.POZEN: Fichier envoyé: D:\kerberos.htx\gamez1\Dethkarz\EXTRAS\Goodies\English\shop\Stuff\products\outcast-black-tshirt.jpg (62,06 K/S -   63 547 bytes)
[17:12:09] - [9] MIRKO.POZEN: Début du Téléchargement de: D:\kerberos.htx\gamez1\Dethkarz\EXTRAS\Goodies\English\shop\Stuff\products\outcast-orange-tshirts.jpg
[17:12:09] - [13] MIRKO.POZEN: Début du Téléchargement de: D:\kerberos.htx\gamez1\Dethkarz\EXTRAS\Goodies\English\shop\Stuff\products\outcast-orange-tshirt.jpg
[17:12:10] - [9] MIRKO.POZEN: Fichier envoyé: D:\kerberos.htx\gamez1\Dethkarz\EXTRAS\Goodies\English\shop\Stuff\products\outcast-orange-tshirts.jpg (4,67 K/S -   4 777 bytes)
[17:12:10] - [13] MIRKO.POZEN: Fichier envoyé: D:\kerberos.htx\gamez1\Dethkarz\EXTRAS\Goodies\English\shop\Stuff\products\outcast-orange-tshirt.jpg (43,63 K/S -   44 672 bytes)
[17:12:10] - [13] MIRKO.POZEN: Début du Téléchargement de: D:\kerberos.htx\gamez1\Dethkarz\EXTRAS\Goodies\English\shop\Stuff\products\tatou_bags.jpg
[17:12:10] - [13] MIRKO.POZEN: Fichier envoyé: D:\kerberos.htx\gamez1\Dethkarz\EXTRAS\Goodies\English\shop\Stuff\products\tatou_bags.jpg (5,79 K/S -   5 924 bytes)
[17:12:10] - [9] MIRKO.POZEN: Début du Téléchargement de: D:\kerberos.htx\gamez1\Dethkarz\EXTRAS\Goodies\English\shop\Stuff\products\tatou_bag.jpg
[17:12:10] - [13] MIRKO.POZEN: Début du Téléchargement de: D:\kerberos.htx\gamez1\Dethkarz\EXTRAS\Goodies\English\shop\Stuff\products\vicious.jpg
[17:12:10] - [13] MIRKO.POZEN: Fichier envoyé: D:\kerberos.htx\gamez1\Dethkarz\EXTRAS\Goodies\English\shop\Stuff\products\vicious.jpg (18,86 K/S -   19 310 bytes)
[17:12:10] - [9] MIRKO.POZEN: Fichier envoyé: D:\kerberos.htx\gamez1\Dethkarz\EXTRAS\Goodies\English\shop\Stuff\products\tatou_bag.jpg (47,79 K/S -   48 935 bytes)
[17:12:10] - [13] MIRKO.POZEN: Début du Téléchargement de: D:\kerberos.htx\gamez1\Dethkarz\EXTRAS\Goodies\English\shop\Stuff\products\vrally2_tshirt.jpg
[17:12:10] - [9] MIRKO.POZEN: Début du Téléchargement de: D:\kerberos.htx\gamez1\Dethkarz\EXTRAS\Goodies\English\shop\Stuff\products\viciouss.jpg
[17:12:11] - [9] MIRKO.POZEN: Fichier envoyé: D:\kerberos.htx\gamez1\Dethkarz\EXTRAS\Goodies\English\shop\Stuff\products\viciouss.jpg (3,24 K/S -   3 319 bytes)
[17:12:11] - [13] MIRKO.POZEN: Fichier envoyé: D:\kerberos.htx\gamez1\Dethkarz\EXTRAS\Goodies\English\shop\Stuff\products\vrally2_tshirt.jpg (30,01 K/S -   30 729 bytes)
[17:12:11] - [13] MIRKO.POZEN: Début du Téléchargement de: D:\kerberos.htx\gamez1\Dethkarz\EXTRAS\Goodies\English\shop\Stuff\products\vrally2_tshirts.jpg
[17:12:11] - [13] MIRKO.POZEN: Fichier envoyé: D:\kerberos.htx\gamez1\Dethkarz\EXTRAS\Goodies\English\shop\Stuff\products\vrally2_tshirts.jpg (6,54 K/S -   6 697 bytes)
[17:12:11] - [9] MIRKO.POZEN: Début du Téléchargement de: D:\kerberos.htx\gamez1\Dethkarz\EXTRAS\Goodies\English\shop\Stuff\products\vrally_cap.jpg
[17:12:11] - [13] MIRKO.POZEN: Début du Téléchargement de: D:\kerberos.htx\gamez1\Dethkarz\EXTRAS\Goodies\English\shop\Stuff\products\vrally_caps.jpg
[17:12:11] - [13] MIRKO.POZEN: Fichier envoyé: D:\kerberos.htx\gamez1\Dethkarz\EXTRAS\Goodies\English\shop\Stuff\products\vrally_caps.jpg (3,55 K/S -   3 637 bytes)
[17:12:11] - [9] MIRKO.POZEN: Fichier envoyé: D:\kerberos.htx\gamez1\Dethkarz\EXTRAS\Goodies\English\shop\Stuff\products\vrally_cap.jpg (27,18 K/S -   27 830 bytes)
[17:12:11] - [13] MIRKO.POZEN: Début du Téléchargement de: D:\kerberos.htx\gamez1\Dethkarz\EXTRAS\Goodies\English\shop\Stuff\products\wargasm-tshirts.jpg
[17:12:11] - [9] MIRKO.POZEN: Début du Téléchargement de: D:\kerberos.htx\gamez1\Dethkarz\EXTRAS\Goodies\English\shop\Stuff\products\wargasm-tshirt.jpg
[17:12:12] - [13] MIRKO.POZEN: Fichier envoyé: D:\kerberos.htx\gamez1\Dethkarz\EXTRAS\Goodies\English\shop\Stuff\products\wargasm-tshirts.jpg (4,37 K/S -   4 478 bytes)
[17:12:12] - [13] MIRKO.POZEN: Répertoire en Cours: D:\kerberos.htx\gamez1\Dethkarz\EXTRAS\Goodies\English\shop\Stuff\images\
[17:12:12] - [9] MIRKO.POZEN: Fichier envoyé: D:\kerberos.htx\gamez1\Dethkarz\EXTRAS\Goodies\English\shop\Stuff\products\wargasm-tshirt.jpg (33,05 K/S -   33 843 bytes)
[17:12:12] - [9] MIRKO.POZEN: Répertoire en Cours: D:\kerberos.htx\gamez1\Dethkarz\EXTRAS\Goodies\English\shop\Stuff\images\
[17:12:12] - [13] MIRKO.POZEN: Début du Téléchargement de: D:\kerberos.htx\gamez1\Dethkarz\EXTRAS\Goodies\English\shop\Stuff\images\bandeau-v-rally.gif
[17:12:12] - [13] MIRKO.POZEN: Fichier envoyé: D:\kerberos.htx\gamez1\Dethkarz\EXTRAS\Goodies\English\shop\Stuff\images\bandeau-v-rally.gif (13,42 K/S -   13 738 bytes)
[17:12:12] - [9] MIRKO.POZEN: Début du Téléchargement de: D:\kerberos.htx\gamez1\Dethkarz\EXTRAS\Goodies\English\shop\Stuff\images\caddie.gif
[17:12:12] - [9] MIRKO.POZEN: Fichier envoyé: D:\kerberos.htx\gamez1\Dethkarz\EXTRAS\Goodies\English\shop\Stuff\images\caddie.gif (1,88 K/S -   1 930 bytes)
[17:12:12] - [13] MIRKO.POZEN: Début du Téléchargement de: D:\kerberos.htx\gamez1\Dethkarz\EXTRAS\Goodies\English\shop\Stuff\images\caddiefull.gif
[17:12:12] - [13] MIRKO.POZEN: Fichier envoyé: D:\kerberos.htx\gamez1\Dethkarz\EXTRAS\Goodies\English\shop\Stuff\images\caddiefull.gif (3,78 K/S -   3 867 bytes)
[17:12:12] - [9] MIRKO.POZEN: Début du Téléchargement de: D:\kerberos.htx\gamez1\Dethkarz\EXTRAS\Goodies\English\shop\Stuff\images\contact-2.gif
[17:12:12] - [9] MIRKO.POZEN: Fichier envoyé: D:\kerberos.htx\gamez1\Dethkarz\EXTRAS\Goodies\English\shop\Stuff\images\contact-2.gif (1,16 K/S -   1 184 bytes)
[17:12:13] - [13] MIRKO.POZEN: Début du Téléchargement de: D:\kerberos.htx\gamez1\Dethkarz\EXTRAS\Goodies\English\shop\Stuff\images\contact-22.gif
[17:12:13] - [13] MIRKO.POZEN: Fichier envoyé: D:\kerberos.htx\gamez1\Dethkarz\EXTRAS\Goodies\English\shop\Stuff\images\contact-22.gif (1,18 K/S -   1 204 bytes)
[17:12:13] - [9] MIRKO.POZEN: Début du Téléchargement de: D:\kerberos.htx\gamez1\Dethkarz\EXTRAS\Goodies\English\shop\Stuff\images\contact-3.gif
[17:12:13] - [9] MIRKO.POZEN: Fichier envoyé: D:\kerberos.htx\gamez1\Dethkarz\EXTRAS\Goodies\English\shop\Stuff\images\contact-3.gif (1,15 K/S -   1 176 bytes)
[17:12:13] - [13] MIRKO.POZEN: Début du Téléchargement de: D:\kerberos.htx\gamez1\Dethkarz\EXTRAS\Goodies\English\shop\Stuff\images\contact-33.gif
[17:12:13] - [13] MIRKO.POZEN: Fichier envoyé: D:\kerberos.htx\gamez1\Dethkarz\EXTRAS\Goodies\English\shop\Stuff\images\contact-33.gif (0,55 K/S -    565 bytes)
[17:12:13] - [9] MIRKO.POZEN: Début du Téléchargement de: D:\kerberos.htx\gamez1\Dethkarz\EXTRAS\Goodies\English\shop\Stuff\images\grid.jpg
[17:12:13] - [13] MIRKO.POZEN: Début du Téléchargement de: D:\kerberos.htx\gamez1\Dethkarz\EXTRAS\Goodies\English\shop\Stuff\images\hodlogo.jpg
[17:12:13] - [9] MIRKO.POZEN: Fichier envoyé: D:\kerberos.htx\gamez1\Dethkarz\EXTRAS\Goodies\English\shop\Stuff\images\grid.jpg (32,82 K/S -   33 612 bytes)
[17:12:13] - [13] MIRKO.POZEN: Fichier envoyé: D:\kerberos.htx\gamez1\Dethkarz\EXTRAS\Goodies\English\shop\Stuff\images\hodlogo.jpg (21,07 K/S -   21 580 bytes)
[17:12:13] - [9] MIRKO.POZEN: Début du Téléchargement de: D:\kerberos.htx\gamez1\Dethkarz\EXTRAS\Goodies\English\shop\Stuff\images\infogrames_c_00.gif
[17:12:13] - [13] MIRKO.POZEN: Début du Téléchargement de: D:\kerberos.htx\gamez1\Dethkarz\EXTRAS\Goodies\English\shop\Stuff\images\infogrames_c_01_01.jpg
[17:12:14] - [9] MIRKO.POZEN: Fichier envoyé: D:\kerberos.htx\gamez1\Dethkarz\EXTRAS\Goodies\English\shop\Stuff\images\infogrames_c_00.gif (0,04 K/S -    43 bytes)
[17:12:14] - [13] MIRKO.POZEN: Fichier envoyé: D:\kerberos.htx\gamez1\Dethkarz\EXTRAS\Goodies\English\shop\Stuff\images\infogrames_c_01_01.jpg (4,99 K/S -   5 105 bytes)
[17:12:14] - [9] MIRKO.POZEN: Début du Téléchargement de: D:\kerberos.htx\gamez1\Dethkarz\EXTRAS\Goodies\English\shop\Stuff\images\infogrames_c_01_02.jpg
[17:12:14] - [9] MIRKO.POZEN: Fichier envoyé: D:\kerberos.htx\gamez1\Dethkarz\EXTRAS\Goodies\English\shop\Stuff\images\infogrames_c_01_02.jpg (2,26 K/S -   2 314 bytes)
[17:12:14] - [13] MIRKO.POZEN: Début du Téléchargement de: D:\kerberos.htx\gamez1\Dethkarz\EXTRAS\Goodies\English\shop\Stuff\images\infogrames_c_01_03.jpg
[17:12:14] - [13] MIRKO.POZEN: Fichier envoyé: D:\kerberos.htx\gamez1\Dethkarz\EXTRAS\Goodies\English\shop\Stuff\images\infogrames_c_01_03.jpg (1,67 K/S -   1 709 bytes)
[17:12:14] - [9] MIRKO.POZEN: Début du Téléchargement de: D:\kerberos.htx\gamez1\Dethkarz\EXTRAS\Goodies\English\shop\Stuff\images\infogrames_c_01_05.jpg
[17:12:14] - [9] MIRKO.POZEN: Fichier envoyé: D:\kerberos.htx\gamez1\Dethkarz\EXTRAS\Goodies\English\shop\Stuff\images\infogrames_c_01_05.jpg (0,80 K/S -    819 bytes)
[17:12:14] - [13] MIRKO.POZEN: Début du Téléchargement de: D:\kerberos.htx\gamez1\Dethkarz\EXTRAS\Goodies\English\shop\Stuff\images\infogrames_c_02_05.jpg
[17:12:14] - [13] MIRKO.POZEN: Fichier envoyé: D:\kerberos.htx\gamez1\Dethkarz\EXTRAS\Goodies\English\shop\Stuff\images\infogrames_c_02_05.jpg (3,09 K/S -   3 166 bytes)
[17:12:14] - [9] MIRKO.POZEN: Début du Téléchargement de: D:\kerberos.htx\gamez1\Dethkarz\EXTRAS\Goodies\English\shop\Stuff\images\infogrames_c_03_03.jpg
[17:12:14] - [9] MIRKO.POZEN: Fichier envoyé: D:\kerberos.htx\gamez1\Dethkarz\EXTRAS\Goodies\English\shop\Stuff\images\infogrames_c_03_03.jpg (3,44 K/S -   3 520 bytes)
[17:12:15] - [13] MIRKO.POZEN: Début du Téléchargement de: D:\kerberos.htx\gamez1\Dethkarz\EXTRAS\Goodies\English\shop\Stuff\images\infogrames_c_03_07.jpg
[17:12:15] - [13] MIRKO.POZEN: Fichier envoyé: D:\kerberos.htx\gamez1\Dethkarz\EXTRAS\Goodies\English\shop\Stuff\images\infogrames_c_03_07.jpg (4,52 K/S -   4 625 bytes)
[17:12:15] - [9] MIRKO.POZEN: Début du Téléchargement de: D:\kerberos.htx\gamez1\Dethkarz\EXTRAS\Goodies\English\shop\Stuff\images\infogrames_c_03_08.jpg
[17:12:15] - [9] MIRKO.POZEN: Fichier envoyé: D:\kerberos.htx\gamez1\Dethkarz\EXTRAS\Goodies\English\shop\Stuff\images\infogrames_c_03_08.jpg (2,90 K/S -   2 967 bytes)
[17:12:15] - [13] MIRKO.POZEN: Début du Téléchargement de: D:\kerberos.htx\gamez1\Dethkarz\EXTRAS\Goodies\English\shop\Stuff\images\infogrames_c_04_03.jpg
[17:12:15] - [13] MIRKO.POZEN: Fichier envoyé: D:\kerberos.htx\gamez1\Dethkarz\EXTRAS\Goodies\English\shop\Stuff\images\infogrames_c_04_03.jpg (1,33 K/S -   1 366 bytes)
[17:12:15] - [9] MIRKO.POZEN: Début du Téléchargement de: D:\kerberos.htx\gamez1\Dethkarz\EXTRAS\Goodies\English\shop\Stuff\images\infogrames_c_05_02.jpg
[17:12:15] - [9] MIRKO.POZEN: Fichier envoyé: D:\kerberos.htx\gamez1\Dethkarz\EXTRAS\Goodies\English\shop\Stuff\images\infogrames_c_05_02.jpg (2,23 K/S -   2 288 bytes)
[17:12:15] - [13] MIRKO.POZEN: Début du Téléchargement de: D:\kerberos.htx\gamez1\Dethkarz\EXTRAS\Goodies\English\shop\Stuff\images\infogrames_c_05_06.jpg
[17:12:15] - [13] MIRKO.POZEN: Fichier envoyé: D:\kerberos.htx\gamez1\Dethkarz\EXTRAS\Goodies\English\shop\Stuff\images\infogrames_c_05_06.jpg (1,89 K/S -   1 934 bytes)
[17:12:15] - [9] MIRKO.POZEN: Début du Téléchargement de: D:\kerberos.htx\gamez1\Dethkarz\EXTRAS\Goodies\English\shop\Stuff\images\infogrames_c_06_02.jpg
[17:12:16] - [9] MIRKO.POZEN: Fichier envoyé: D:\kerberos.htx\gamez1\Dethkarz\EXTRAS\Goodies\English\shop\Stuff\images\infogrames_c_06_02.jpg (0,65 K/S -    664 bytes)
[17:12:16] - [13] MIRKO.POZEN: Début du Téléchargement de: D:\kerberos.htx\gamez1\Dethkarz\EXTRAS\Goodies\English\shop\Stuff\images\infogrames_c_06_03.jpg
[17:12:16] - [13] MIRKO.POZEN: Fichier envoyé: D:\kerberos.htx\gamez1\Dethkarz\EXTRAS\Goodies\English\shop\Stuff\images\infogrames_c_06_03.jpg (0,73 K/S -    747 bytes)
[17:12:16] - [9] MIRKO.POZEN: Début du Téléchargement de: D:\kerberos.htx\gamez1\Dethkarz\EXTRAS\Goodies\English\shop\Stuff\images\infogrames_c_07_01.jpg
[17:12:16] - [9] MIRKO.POZEN: Fichier envoyé: D:\kerberos.htx\gamez1\Dethkarz\EXTRAS\Goodies\English\shop\Stuff\images\infogrames_c_07_01.jpg (2,31 K/S -   2 365 bytes)
[17:12:16] - [13] MIRKO.POZEN: Début du Téléchargement de: D:\kerberos.htx\gamez1\Dethkarz\EXTRAS\Goodies\English\shop\Stuff\images\infogrames_c_07_04.jpg
[17:12:16] - [13] MIRKO.POZEN: Fichier envoyé: D:\kerberos.htx\gamez1\Dethkarz\EXTRAS\Goodies\English\shop\Stuff\images\infogrames_c_07_04.jpg (1,27 K/S -   1 304 bytes)
[17:12:16] - [9] MIRKO.POZEN: Début du Téléchargement de: D:\kerberos.htx\gamez1\Dethkarz\EXTRAS\Goodies\English\shop\Stuff\images\infogrames_c_08_01.jpg
[17:12:16] - [9] MIRKO.POZEN: Fichier envoyé: D:\kerberos.htx\gamez1\Dethkarz\EXTRAS\Goodies\English\shop\Stuff\images\infogrames_c_08_01.jpg (2,11 K/S -   2 158 bytes)
[17:12:16] - [13] MIRKO.POZEN: Début du Téléchargement de: D:\kerberos.htx\gamez1\Dethkarz\EXTRAS\Goodies\English\shop\Stuff\images\infogrames_c_08_02.jpg
[17:12:16] - [13] MIRKO.POZEN: Fichier envoyé: D:\kerberos.htx\gamez1\Dethkarz\EXTRAS\Goodies\English\shop\Stuff\images\infogrames_c_08_02.jpg (1,31 K/S -   1 338 bytes)
[17:12:16] - [9] MIRKO.POZEN: Début du Téléchargement de: D:\kerberos.htx\gamez1\Dethkarz\EXTRAS\Goodies\English\shop\Stuff\images\infogrames_c_08_03.jpg
[17:12:17] - [9] MIRKO.POZEN: Fichier envoyé: D:\kerberos.htx\gamez1\Dethkarz\EXTRAS\Goodies\English\shop\Stuff\images\infogrames_c_08_03.jpg (3,83 K/S -   3 925 bytes)
[17:12:17] - [13] MIRKO.POZEN: Début du Téléchargement de: D:\kerberos.htx\gamez1\Dethkarz\EXTRAS\Goodies\English\shop\Stuff\images\infogrames_c_09_03.jpg
[17:12:17] - [13] MIRKO.POZEN: Fichier envoyé: D:\kerberos.htx\gamez1\Dethkarz\EXTRAS\Goodies\English\shop\Stuff\images\infogrames_c_09_03.jpg (0,64 K/S -    653 bytes)
[17:12:17] - [9] MIRKO.POZEN: Début du Téléchargement de: D:\kerberos.htx\gamez1\Dethkarz\EXTRAS\Goodies\English\shop\Stuff\images\info_store_cover.jpg
[17:12:17] - [13] MIRKO.POZEN: Début du Téléchargement de: D:\kerberos.htx\gamez1\Dethkarz\EXTRAS\Goodies\English\shop\Stuff\images\interface_top_info-store.jpg
[17:12:17] - [9] MIRKO.POZEN: Fichier envoyé: D:\kerberos.htx\gamez1\Dethkarz\EXTRAS\Goodies\English\shop\Stuff\images\info_store_cover.jpg (61,55 K/S -   63 028 bytes)
[17:12:17] - [13] MIRKO.POZEN: Fichier envoyé: D:\kerberos.htx\gamez1\Dethkarz\EXTRAS\Goodies\English\shop\Stuff\images\interface_top_info-store.jpg (33,94 K/S -   34 756 bytes)
[17:12:17] - [9] MIRKO.POZEN: Début du Téléchargement de: D:\kerberos.htx\gamez1\Dethkarz\EXTRAS\Goodies\English\shop\Stuff\images\interface_to_01_01.gif
[17:12:17] - [9] MIRKO.POZEN: Fichier envoyé: D:\kerberos.htx\gamez1\Dethkarz\EXTRAS\Goodies\English\shop\Stuff\images\interface_to_01_01.gif (5,80 K/S -   5 936 bytes)
[17:12:17] - [13] MIRKO.POZEN: Début du Téléchargement de: D:\kerberos.htx\gamez1\Dethkarz\EXTRAS\Goodies\English\shop\Stuff\images\interface_to_01_02.gif
[17:12:18] - [13] MIRKO.POZEN: Fichier envoyé: D:\kerberos.htx\gamez1\Dethkarz\EXTRAS\Goodies\English\shop\Stuff\images\interface_to_01_02.gif (13,54 K/S -   13 865 bytes)
[17:12:18] - [9] MIRKO.POZEN: Début du Téléchargement de: D:\kerberos.htx\gamez1\Dethkarz\EXTRAS\Goodies\English\shop\Stuff\images\interface_to_01_03.gif
[17:12:18] - [9] MIRKO.POZEN: Fichier envoyé: D:\kerberos.htx\gamez1\Dethkarz\EXTRAS\Goodies\English\shop\Stuff\images\interface_to_01_03.gif (2,16 K/S -   2 214 bytes)
[17:12:18] - [13] MIRKO.POZEN: Début du Téléchargement de: D:\kerberos.htx\gamez1\Dethkarz\EXTRAS\Goodies\English\shop\Stuff\images\lock.gif
[17:12:18] - [13] MIRKO.POZEN: Fichier envoyé: D:\kerberos.htx\gamez1\Dethkarz\EXTRAS\Goodies\English\shop\Stuff\images\lock.gif (3,47 K/S -   3 550 bytes)
[17:12:18] - [9] MIRKO.POZEN: Début du Téléchargement de: D:\kerberos.htx\gamez1\Dethkarz\EXTRAS\Goodies\English\shop\Stuff\images\logo.gif
[17:12:18] - [9] MIRKO.POZEN: Fichier envoyé: D:\kerberos.htx\gamez1\Dethkarz\EXTRAS\Goodies\English\shop\Stuff\images\logo.gif (9,23 K/S -   9 453 bytes)
[17:12:18] - [13] MIRKO.POZEN: Début du Téléchargement de: D:\kerberos.htx\gamez1\Dethkarz\EXTRAS\Goodies\English\shop\Stuff\images\outcastbandeau.jpg
[17:12:18] - [13] MIRKO.POZEN: Fichier envoyé: D:\kerberos.htx\gamez1\Dethkarz\EXTRAS\Goodies\English\shop\Stuff\images\outcastbandeau.jpg (19,07 K/S -   19 525 bytes)
[17:12:18] - [9] MIRKO.POZEN: Début du Téléchargement de: D:\kerberos.htx\gamez1\Dethkarz\EXTRAS\Goodies\English\shop\Stuff\images\tips_bag.jpg
[17:12:18] - [9] MIRKO.POZEN: Fichier envoyé: D:\kerberos.htx\gamez1\Dethkarz\EXTRAS\Goodies\English\shop\Stuff\images\tips_bag.jpg (8,63 K/S -   8 835 bytes)
[17:12:19] - [13] MIRKO.POZEN: Début du Téléchargement de: D:\kerberos.htx\gamez1\Dethkarz\EXTRAS\Goodies\English\shop\Stuff\images\tips_bag_off.jpg
[17:12:19] - [13] MIRKO.POZEN: Fichier envoyé: D:\kerberos.htx\gamez1\Dethkarz\EXTRAS\Goodies\English\shop\Stuff\images\tips_bag_off.jpg (8,88 K/S -   9 091 bytes)
[17:12:19] - [9] MIRKO.POZEN: Début du Téléchargement de: D:\kerberos.htx\gamez1\Dethkarz\EXTRAS\Goodies\English\shop\Stuff\images\tips_bag_on.jpg
[17:12:19] - [9] MIRKO.POZEN: Fichier envoyé: D:\kerberos.htx\gamez1\Dethkarz\EXTRAS\Goodies\English\shop\Stuff\images\tips_bag_on.jpg (8,83 K/S -   9 037 bytes)
[17:12:19] - [13] MIRKO.POZEN: Début du Téléchargement de: D:\kerberos.htx\gamez1\Dethkarz\EXTRAS\Goodies\English\shop\Stuff\images\tips_great_off.gif
[17:12:19] - [13] MIRKO.POZEN: Fichier envoyé: D:\kerberos.htx\gamez1\Dethkarz\EXTRAS\Goodies\English\shop\Stuff\images\tips_great_off.gif (3,71 K/S -   3 799 bytes)
[17:12:19] - [9] MIRKO.POZEN: Début du Téléchargement de: D:\kerberos.htx\gamez1\Dethkarz\EXTRAS\Goodies\English\shop\Stuff\images\tips_great_on.gif
[17:12:19] - [9] MIRKO.POZEN: Fichier envoyé: D:\kerberos.htx\gamez1\Dethkarz\EXTRAS\Goodies\English\shop\Stuff\images\tips_great_on.gif (3,74 K/S -   3 826 bytes)
[17:12:19] - [13] MIRKO.POZEN: Début du Téléchargement de: D:\kerberos.htx\gamez1\Dethkarz\EXTRAS\Goodies\English\shop\Stuff\images\tips_home_off.gif
[17:12:19] - [13] MIRKO.POZEN: Fichier envoyé: D:\kerberos.htx\gamez1\Dethkarz\EXTRAS\Goodies\English\shop\Stuff\images\tips_home_off.gif (1,64 K/S -   1 679 bytes)
[17:12:19] - [9] MIRKO.POZEN: Début du Téléchargement de: D:\kerberos.htx\gamez1\Dethkarz\EXTRAS\Goodies\English\shop\Stuff\images\tips_home_on.gif
[17:12:19] - [9] MIRKO.POZEN: Fichier envoyé: D:\kerberos.htx\gamez1\Dethkarz\EXTRAS\Goodies\English\shop\Stuff\images\tips_home_on.gif (1,64 K/S -   1 679 bytes)
[17:12:20] - [13] MIRKO.POZEN: Début du Téléchargement de: D:\kerberos.htx\gamez1\Dethkarz\EXTRAS\Goodies\English\shop\Stuff\images\tips_mail_off.gif
[17:12:20] - [13] MIRKO.POZEN: Fichier envoyé: D:\kerberos.htx\gamez1\Dethkarz\EXTRAS\Goodies\English\shop\Stuff\images\tips_mail_off.gif (1,98 K/S -   2 030 bytes)
[17:12:20] - [9] MIRKO.POZEN: Début du Téléchargement de: D:\kerberos.htx\gamez1\Dethkarz\EXTRAS\Goodies\English\shop\Stuff\images\tips_mail_on.gif
[17:12:20] - [9] MIRKO.POZEN: Fichier envoyé: D:\kerberos.htx\gamez1\Dethkarz\EXTRAS\Goodies\English\shop\Stuff\images\tips_mail_on.gif (1,92 K/S -   1 968 bytes)
[17:12:20] - [13] MIRKO.POZEN: Début du Téléchargement de: D:\kerberos.htx\gamez1\Dethkarz\EXTRAS\Goodies\English\shop\Stuff\images\tip_moins.gif
[17:12:20] - [13] MIRKO.POZEN: Fichier envoyé: D:\kerberos.htx\gamez1\Dethkarz\EXTRAS\Goodies\English\shop\Stuff\images\tip_moins.gif (0,87 K/S -    895 bytes)
[17:12:20] - [9] MIRKO.POZEN: Début du Téléchargement de: D:\kerberos.htx\gamez1\Dethkarz\EXTRAS\Goodies\English\shop\Stuff\images\tip_plus.gif
[17:12:20] - [9] MIRKO.POZEN: Fichier envoyé: D:\kerberos.htx\gamez1\Dethkarz\EXTRAS\Goodies\English\shop\Stuff\images\tip_plus.gif (0,90 K/S -    917 bytes)
[17:12:20] - [13] MIRKO.POZEN: Début du Téléchargement de: D:\kerberos.htx\gamez1\Dethkarz\EXTRAS\Goodies\English\shop\Stuff\images\typo-global.gif
[17:12:20] - [13] MIRKO.POZEN: Fichier envoyé: D:\kerberos.htx\gamez1\Dethkarz\EXTRAS\Goodies\English\shop\Stuff\images\typo-global.gif (21,07 K/S -   21 577 bytes)
[17:12:20] - [9] MIRKO.POZEN: Début du Téléchargement de: D:\kerberos.htx\gamez1\Dethkarz\EXTRAS\Goodies\English\shop\Stuff\images\typo-global.jpg
[17:12:20] - [9] MIRKO.POZEN: Fichier envoyé: D:\kerberos.htx\gamez1\Dethkarz\EXTRAS\Goodies\English\shop\Stuff\images\typo-global.jpg (14,54 K/S -   14 891 bytes)
[17:12:21] - [13] MIRKO.POZEN: Début du Téléchargement de: D:\kerberos.htx\gamez1\Dethkarz\EXTRAS\Goodies\English\shop\Stuff\images\typo-global_on.gif
[17:12:21] - [13] MIRKO.POZEN: Fichier envoyé: D:\kerberos.htx\gamez1\Dethkarz\EXTRAS\Goodies\English\shop\Stuff\images\typo-global_on.gif (10,48 K/S -   10 728 bytes)
[17:12:21] - [9] MIRKO.POZEN: Début du Téléchargement de: D:\kerberos.htx\gamez1\Dethkarz\EXTRAS\Goodies\English\shop\Stuff\images\wargasm_bandeau.jpg
[17:12:21] - [13] MIRKO.POZEN: Répertoire en Cours: D:\kerberos.htx\gamez1\Dethkarz\EXTRAS\Goodies\Deutsch\shop\
[17:12:21] - [9] MIRKO.POZEN: Fichier envoyé: D:\kerberos.htx\gamez1\Dethkarz\EXTRAS\Goodies\English\shop\Stuff\images\wargasm_bandeau.jpg (20,87 K/S -   21 370 bytes)
[17:12:21] - [9] MIRKO.POZEN: Répertoire en Cours: D:\kerberos.htx\gamez1\Dethkarz\EXTRAS\Goodies\Deutsch\shop\stuff\
[17:12:21] - [13] MIRKO.POZEN: Début du Téléchargement de: D:\kerberos.htx\gamez1\Dethkarz\EXTRAS\Goodies\Deutsch\shop\index.htm
[17:12:21] - [13] MIRKO.POZEN: Fichier envoyé: D:\kerberos.htx\gamez1\Dethkarz\EXTRAS\Goodies\Deutsch\shop\index.htm (0,60 K/S -    619 bytes)
[17:12:21] - [9] MIRKO.POZEN: Début du Téléchargement de: D:\kerberos.htx\gamez1\Dethkarz\EXTRAS\Goodies\Deutsch\shop\stuff\add.js
[17:12:21] - [13] MIRKO.POZEN: Répertoire en Cours: D:\kerberos.htx\gamez1\Dethkarz\EXTRAS\Goodies\Deutsch\shop\stuff\
[17:12:21] - [9] MIRKO.POZEN: Fichier envoyé: D:\kerberos.htx\gamez1\Dethkarz\EXTRAS\Goodies\Deutsch\shop\stuff\add.js (0,61 K/S -    620 bytes)
[17:12:22] - [13] MIRKO.POZEN: Début du Téléchargement de: D:\kerberos.htx\gamez1\Dethkarz\EXTRAS\Goodies\Deutsch\shop\stuff\add_on_top.js
[17:12:22] - [13] MIRKO.POZEN: Fichier envoyé: D:\kerberos.htx\gamez1\Dethkarz\EXTRAS\Goodies\Deutsch\shop\stuff\add_on_top.js (2,11 K/S -   2 163 bytes)
[17:12:22] - [9] MIRKO.POZEN: Début du Téléchargement de: D:\kerberos.htx\gamez1\Dethkarz\EXTRAS\Goodies\Deutsch\shop\stuff\bag.htm
[17:12:22] - [9] MIRKO.POZEN: Fichier envoyé: D:\kerberos.htx\gamez1\Dethkarz\EXTRAS\Goodies\Deutsch\shop\stuff\bag.htm (3,91 K/S -   3 999 bytes)
[17:12:22] - [13] MIRKO.POZEN: Début du Téléchargement de: D:\kerberos.htx\gamez1\Dethkarz\EXTRAS\Goodies\Deutsch\shop\stuff\bagpack.htm
[17:12:22] - [13] MIRKO.POZEN: Fichier envoyé: D:\kerberos.htx\gamez1\Dethkarz\EXTRAS\Goodies\Deutsch\shop\stuff\bagpack.htm (2,63 K/S -   2 688 bytes)
[17:12:22] - [9] MIRKO.POZEN: Début du Téléchargement de: D:\kerberos.htx\gamez1\Dethkarz\EXTRAS\Goodies\Deutsch\shop\stuff\blank-1.htm
[17:12:22] - [9] MIRKO.POZEN: Fichier envoyé: D:\kerberos.htx\gamez1\Dethkarz\EXTRAS\Goodies\Deutsch\shop\stuff\blank-1.htm (0,18 K/S -    183 bytes)
[17:12:22] - [13] MIRKO.POZEN: Début du Téléchargement de: D:\kerberos.htx\gamez1\Dethkarz\EXTRAS\Goodies\Deutsch\shop\stuff\cap.htm
[17:12:22] - [13] MIRKO.POZEN: Fichier envoyé: D:\kerberos.htx\gamez1\Dethkarz\EXTRAS\Goodies\Deutsch\shop\stuff\cap.htm (6,01 K/S -   6 151 bytes)
[17:12:23] - [13] MIRKO.POZEN: Début du Téléchargement de: D:\kerberos.htx\gamez1\Dethkarz\EXTRAS\Goodies\Deutsch\shop\stuff\Copie de bag.htm
[17:12:23] - [9] MIRKO.POZEN: Début du Téléchargement de: D:\kerberos.htx\gamez1\Dethkarz\EXTRAS\Goodies\Deutsch\shop\stuff\check_this_out.js
[17:12:23] - [9] MIRKO.POZEN: Fichier envoyé: D:\kerberos.htx\gamez1\Dethkarz\EXTRAS\Goodies\Deutsch\shop\stuff\check_this_out.js (1,87 K/S -   1 916 bytes)
[17:12:23] - [13] MIRKO.POZEN: Fichier envoyé: D:\kerberos.htx\gamez1\Dethkarz\EXTRAS\Goodies\Deutsch\shop\stuff\Copie de bag.htm (3,86 K/S -   3 949 bytes)
[17:12:23] - [9] MIRKO.POZEN: Début du Téléchargement de: D:\kerberos.htx\gamez1\Dethkarz\EXTRAS\Goodies\Deutsch\shop\stuff\Copie de left_top.htm
[17:12:23] - [13] MIRKO.POZEN: Début du Téléchargement de: D:\kerberos.htx\gamez1\Dethkarz\EXTRAS\Goodies\Deutsch\shop\stuff\dex.htm
[17:12:23] - [9] MIRKO.POZEN: Fichier envoyé: D:\kerberos.htx\gamez1\Dethkarz\EXTRAS\Goodies\Deutsch\shop\stuff\Copie de left_top.htm (1,94 K/S -   1 989 bytes)
[17:12:23] - [13] MIRKO.POZEN: Fichier envoyé: D:\kerberos.htx\gamez1\Dethkarz\EXTRAS\Goodies\Deutsch\shop\stuff\dex.htm (0,89 K/S -    908 bytes)
[17:12:23] - [13] MIRKO.POZEN: Début du Téléchargement de: D:\kerberos.htx\gamez1\Dethkarz\EXTRAS\Goodies\Deutsch\shop\stuff\head.htm
[17:12:23] - [9] MIRKO.POZEN: Début du Téléchargement de: D:\kerberos.htx\gamez1\Dethkarz\EXTRAS\Goodies\Deutsch\shop\stuff\fig.htm
[17:12:24] - [13] MIRKO.POZEN: Fichier envoyé: D:\kerberos.htx\gamez1\Dethkarz\EXTRAS\Goodies\Deutsch\shop\stuff\head.htm (2,56 K/S -   2 621 bytes)
[17:12:24] - [9] MIRKO.POZEN: Fichier envoyé: D:\kerberos.htx\gamez1\Dethkarz\EXTRAS\Goodies\Deutsch\shop\stuff\fig.htm (4,39 K/S -   4 498 bytes)
[17:12:24] - [13] MIRKO.POZEN: Début du Téléchargement de: D:\kerberos.htx\gamez1\Dethkarz\EXTRAS\Goodies\Deutsch\shop\stuff\hierach.js
[17:12:24] - [13] MIRKO.POZEN: Fichier envoyé: D:\kerberos.htx\gamez1\Dethkarz\EXTRAS\Goodies\Deutsch\shop\stuff\hierach.js (0,87 K/S -    895 bytes)
[17:12:24] - [9] MIRKO.POZEN: Début du Téléchargement de: D:\kerberos.htx\gamez1\Dethkarz\EXTRAS\Goodies\Deutsch\shop\stuff\hierach_1.js
[17:12:24] - [9] MIRKO.POZEN: Fichier envoyé: D:\kerberos.htx\gamez1\Dethkarz\EXTRAS\Goodies\Deutsch\shop\stuff\hierach_1.js (0,88 K/S -    898 bytes)
[17:12:24] - [13] MIRKO.POZEN: Début du Téléchargement de: D:\kerberos.htx\gamez1\Dethkarz\EXTRAS\Goodies\Deutsch\shop\stuff\hod-amigo.htm
[17:12:24] - [9] MIRKO.POZEN: Début du Téléchargement de: D:\kerberos.htx\gamez1\Dethkarz\EXTRAS\Goodies\Deutsch\shop\stuff\hod-cap.htm
[17:12:24] - [13] MIRKO.POZEN: Fichier envoyé: D:\kerberos.htx\gamez1\Dethkarz\EXTRAS\Goodies\Deutsch\shop\stuff\hod-amigo.htm (1,02 K/S -   1 047 bytes)
[17:12:24] - [9] MIRKO.POZEN: Fichier envoyé: D:\kerberos.htx\gamez1\Dethkarz\EXTRAS\Goodies\Deutsch\shop\stuff\hod-cap.htm (1,02 K/S -   1 040 bytes)
[17:12:24] - [13] MIRKO.POZEN: Début du Téléchargement de: D:\kerberos.htx\gamez1\Dethkarz\EXTRAS\Goodies\Deutsch\shop\stuff\hod-purple.htm
[17:12:25] - [13] MIRKO.POZEN: Fichier envoyé: D:\kerberos.htx\gamez1\Dethkarz\EXTRAS\Goodies\Deutsch\shop\stuff\hod-purple.htm (1,03 K/S -   1 051 bytes)
[17:12:25] - [9] MIRKO.POZEN: Début du Téléchargement de: D:\kerberos.htx\gamez1\Dethkarz\EXTRAS\Goodies\Deutsch\shop\stuff\hod-viscious.htm
[17:12:25] - [9] MIRKO.POZEN: Fichier envoyé: D:\kerberos.htx\gamez1\Dethkarz\EXTRAS\Goodies\Deutsch\shop\stuff\hod-viscious.htm (1,03 K/S -   1 051 bytes)
[17:12:25] - [13] MIRKO.POZEN: Début du Téléchargement de: D:\kerberos.htx\gamez1\Dethkarz\EXTRAS\Goodies\Deutsch\shop\stuff\hod.htm
[17:12:25] - [13] MIRKO.POZEN: Fichier envoyé: D:\kerberos.htx\gamez1\Dethkarz\EXTRAS\Goodies\Deutsch\shop\stuff\hod.htm (4,40 K/S -   4 503 bytes)
[17:12:25] - [9] MIRKO.POZEN: Début du Téléchargement de: D:\kerberos.htx\gamez1\Dethkarz\EXTRAS\Goodies\Deutsch\shop\stuff\home.htm
[17:12:25] - [9] MIRKO.POZEN: Fichier envoyé: D:\kerberos.htx\gamez1\Dethkarz\EXTRAS\Goodies\Deutsch\shop\stuff\home.htm (1,50 K/S -   1 540 bytes)
[17:12:25] - [13] MIRKO.POZEN: Début du Téléchargement de: D:\kerberos.htx\gamez1\Dethkarz\EXTRAS\Goodies\Deutsch\shop\stuff\index.htm
[17:12:25] - [13] MIRKO.POZEN: Fichier envoyé: D:\kerberos.htx\gamez1\Dethkarz\EXTRAS\Goodies\Deutsch\shop\stuff\index.htm (0,59 K/S -    601 bytes)
[17:12:25] - [9] MIRKO.POZEN: Début du Téléchargement de: D:\kerberos.htx\gamez1\Dethkarz\EXTRAS\Goodies\Deutsch\shop\stuff\infogrames-girl-shirt.htm
[17:12:26] - [9] MIRKO.POZEN: Fichier envoyé: D:\kerberos.htx\gamez1\Dethkarz\EXTRAS\Goodies\Deutsch\shop\stuff\infogrames-girl-shirt.htm (0,96 K/S -    978 bytes)
[17:12:26] - [13] MIRKO.POZEN: Début du Téléchargement de: D:\kerberos.htx\gamez1\Dethkarz\EXTRAS\Goodies\Deutsch\shop\stuff\infogrames-shirt.htm
[17:12:26] - [13] MIRKO.POZEN: Fichier envoyé: D:\kerberos.htx\gamez1\Dethkarz\EXTRAS\Goodies\Deutsch\shop\stuff\infogrames-shirt.htm (1,01 K/S -   1 034 bytes)
[17:12:26] - [9] MIRKO.POZEN: Début du Téléchargement de: D:\kerberos.htx\gamez1\Dethkarz\EXTRAS\Goodies\Deutsch\shop\stuff\infogrames.htm
[17:12:26] - [9] MIRKO.POZEN: Fichier envoyé: D:\kerberos.htx\gamez1\Dethkarz\EXTRAS\Goodies\Deutsch\shop\stuff\infogrames.htm (5,29 K/S -   5 419 bytes)
[17:12:26] - [13] MIRKO.POZEN: Début du Téléchargement de: D:\kerberos.htx\gamez1\Dethkarz\EXTRAS\Goodies\Deutsch\shop\stuff\left.htm
[17:12:26] - [13] MIRKO.POZEN: Fichier envoyé: D:\kerberos.htx\gamez1\Dethkarz\EXTRAS\Goodies\Deutsch\shop\stuff\left.htm (2,32 K/S -   2 376 bytes)
[17:12:26] - [9] MIRKO.POZEN: Début du Téléchargement de: D:\kerberos.htx\gamez1\Dethkarz\EXTRAS\Goodies\Deutsch\shop\stuff\left_dex.htm
[17:12:26] - [9] MIRKO.POZEN: Fichier envoyé: D:\kerberos.htx\gamez1\Dethkarz\EXTRAS\Goodies\Deutsch\shop\stuff\left_dex.htm (0,53 K/S -    540 bytes)
[17:12:27] - [13] MIRKO.POZEN: Début du Téléchargement de: D:\kerberos.htx\gamez1\Dethkarz\EXTRAS\Goodies\Deutsch\shop\stuff\left_down.htm
[17:12:27] - [13] MIRKO.POZEN: Fichier envoyé: D:\kerberos.htx\gamez1\Dethkarz\EXTRAS\Goodies\Deutsch\shop\stuff\left_down.htm (2,73 K/S -   2 796 bytes)
[17:12:27] - [9] MIRKO.POZEN: Début du Téléchargement de: D:\kerberos.htx\gamez1\Dethkarz\EXTRAS\Goodies\Deutsch\shop\stuff\left_top.htm
[17:12:27] - [9] MIRKO.POZEN: Fichier envoyé: D:\kerberos.htx\gamez1\Dethkarz\EXTRAS\Goodies\Deutsch\shop\stuff\left_top.htm (1,07 K/S -   1 097 bytes)
[17:12:27] - [13] MIRKO.POZEN: Début du Téléchargement de: D:\kerberos.htx\gamez1\Dethkarz\EXTRAS\Goodies\Deutsch\shop\stuff\news.htm
[17:12:27] - [13] MIRKO.POZEN: Fichier envoyé: D:\kerberos.htx\gamez1\Dethkarz\EXTRAS\Goodies\Deutsch\shop\stuff\news.htm (6,89 K/S -   7 058 bytes)
[17:12:27] - [9] MIRKO.POZEN: Début du Téléchargement de: D:\kerberos.htx\gamez1\Dethkarz\EXTRAS\Goodies\Deutsch\shop\stuff\outcast-black-shirt.htm
[17:12:27] - [9] MIRKO.POZEN: Fichier envoyé: D:\kerberos.htx\gamez1\Dethkarz\EXTRAS\Goodies\Deutsch\shop\stuff\outcast-black-shirt.htm (1,08 K/S -   1 110 bytes)
[17:12:27] - [13] MIRKO.POZEN: Début du Téléchargement de: D:\kerberos.htx\gamez1\Dethkarz\EXTRAS\Goodies\Deutsch\shop\stuff\outcast-orange-shirt.htm
[17:12:27] - [13] MIRKO.POZEN: Fichier envoyé: D:\kerberos.htx\gamez1\Dethkarz\EXTRAS\Goodies\Deutsch\shop\stuff\outcast-orange-shirt.htm (1,08 K/S -   1 111 bytes)
[17:12:27] - [9] MIRKO.POZEN: Début du Téléchargement de: D:\kerberos.htx\gamez1\Dethkarz\EXTRAS\Goodies\Deutsch\shop\stuff\outcast.htm
[17:12:28] - [9] MIRKO.POZEN: Fichier envoyé: D:\kerberos.htx\gamez1\Dethkarz\EXTRAS\Goodies\Deutsch\shop\stuff\outcast.htm (4,12 K/S -   4 223 bytes)
[17:12:28] - [13] MIRKO.POZEN: Début du Téléchargement de: D:\kerberos.htx\gamez1\Dethkarz\EXTRAS\Goodies\Deutsch\shop\stuff\over_stuff.js
[17:12:28] - [13] MIRKO.POZEN: Fichier envoyé: D:\kerberos.htx\gamez1\Dethkarz\EXTRAS\Goodies\Deutsch\shop\stuff\over_stuff.js (0,45 K/S -    465 bytes)
[17:12:28] - [9] MIRKO.POZEN: Début du Téléchargement de: D:\kerberos.htx\gamez1\Dethkarz\EXTRAS\Goodies\Deutsch\shop\stuff\personal_stuff.js
[17:12:28] - [9] MIRKO.POZEN: Fichier envoyé: D:\kerberos.htx\gamez1\Dethkarz\EXTRAS\Goodies\Deutsch\shop\stuff\personal_stuff.js (0,35 K/S -    363 bytes)
[17:12:28] - [13] MIRKO.POZEN: Début du Téléchargement de: D:\kerberos.htx\gamez1\Dethkarz\EXTRAS\Goodies\Deutsch\shop\stuff\print.js
[17:12:28] - [13] MIRKO.POZEN: Fichier envoyé: D:\kerberos.htx\gamez1\Dethkarz\EXTRAS\Goodies\Deutsch\shop\stuff\print.js (0,42 K/S -    430 bytes)
[17:12:28] - [9] MIRKO.POZEN: Début du Téléchargement de: D:\kerberos.htx\gamez1\Dethkarz\EXTRAS\Goodies\Deutsch\shop\stuff\print_order.htm
[17:12:28] - [9] MIRKO.POZEN: Fichier envoyé: D:\kerberos.htx\gamez1\Dethkarz\EXTRAS\Goodies\Deutsch\shop\stuff\print_order.htm (8,14 K/S -   8 336 bytes)
[17:12:28] - [13] MIRKO.POZEN: Début du Téléchargement de: D:\kerberos.htx\gamez1\Dethkarz\EXTRAS\Goodies\Deutsch\shop\stuff\print_order_frame.htm
[17:12:28] - [13] MIRKO.POZEN: Fichier envoyé: D:\kerberos.htx\gamez1\Dethkarz\EXTRAS\Goodies\Deutsch\shop\stuff\print_order_frame.htm (0,53 K/S -    539 bytes)
[17:12:29] - [9] MIRKO.POZEN: Début du Téléchargement de: D:\kerberos.htx\gamez1\Dethkarz\EXTRAS\Goodies\Deutsch\shop\stuff\shipping.js
[17:12:29] - [9] MIRKO.POZEN: Fichier envoyé: D:\kerberos.htx\gamez1\Dethkarz\EXTRAS\Goodies\Deutsch\shop\stuff\shipping.js (3,70 K/S -   3 790 bytes)
[17:12:29] - [13] MIRKO.POZEN: Début du Téléchargement de: D:\kerberos.htx\gamez1\Dethkarz\EXTRAS\Goodies\Deutsch\shop\stuff\shirt.htm
[17:12:29] - [13] MIRKO.POZEN: Fichier envoyé: D:\kerberos.htx\gamez1\Dethkarz\EXTRAS\Goodies\Deutsch\shop\stuff\shirt.htm (8,77 K/S -   8 979 bytes)
[17:12:29] - [9] MIRKO.POZEN: Début du Téléchargement de: D:\kerberos.htx\gamez1\Dethkarz\EXTRAS\Goodies\Deutsch\shop\stuff\shopping.js
[17:12:29] - [9] MIRKO.POZEN: Fichier envoyé: D:\kerberos.htx\gamez1\Dethkarz\EXTRAS\Goodies\Deutsch\shop\stuff\shopping.js (0,45 K/S -    465 bytes)
[17:12:29] - [13] MIRKO.POZEN: Début du Téléchargement de: D:\kerberos.htx\gamez1\Dethkarz\EXTRAS\Goodies\Deutsch\shop\stuff\tatou_bag.htm
[17:12:29] - [13] MIRKO.POZEN: Fichier envoyé: D:\kerberos.htx\gamez1\Dethkarz\EXTRAS\Goodies\Deutsch\shop\stuff\tatou_bag.htm (1,03 K/S -   1 052 bytes)
[17:12:29] - [9] MIRKO.POZEN: Début du Téléchargement de: D:\kerberos.htx\gamez1\Dethkarz\EXTRAS\Goodies\Deutsch\shop\stuff\v-rally-cap.htm
[17:12:29] - [9] MIRKO.POZEN: Fichier envoyé: D:\kerberos.htx\gamez1\Dethkarz\EXTRAS\Goodies\Deutsch\shop\stuff\v-rally-cap.htm (1,03 K/S -   1 056 bytes)
[17:12:30] - [13] MIRKO.POZEN: Début du Téléchargement de: D:\kerberos.htx\gamez1\Dethkarz\EXTRAS\Goodies\Deutsch\shop\stuff\v-rally-shirt.htm
[17:12:30] - [13] MIRKO.POZEN: Fichier envoyé: D:\kerberos.htx\gamez1\Dethkarz\EXTRAS\Goodies\Deutsch\shop\stuff\v-rally-shirt.htm (1,40 K/S -   1 434 bytes)
[17:12:30] - [9] MIRKO.POZEN: Début du Téléchargement de: D:\kerberos.htx\gamez1\Dethkarz\EXTRAS\Goodies\Deutsch\shop\stuff\vrally.htm
[17:12:30] - [13] MIRKO.POZEN: Répertoire en Cours: D:\kerberos.htx\gamez1\Dethkarz\EXTRAS\Goodies\Deutsch\shop\stuff\products\
[17:12:30] - [9] MIRKO.POZEN: Fichier envoyé: D:\kerberos.htx\gamez1\Dethkarz\EXTRAS\Goodies\Deutsch\shop\stuff\vrally.htm (4,28 K/S -   4 385 bytes)
[17:12:30] - [9] MIRKO.POZEN: Répertoire en Cours: D:\kerberos.htx\gamez1\Dethkarz\EXTRAS\Goodies\Deutsch\shop\stuff\products\
[17:12:30] - [13] MIRKO.POZEN: Début du Téléchargement de: D:\kerberos.htx\gamez1\Dethkarz\EXTRAS\Goodies\Deutsch\shop\stuff\products\amigo.jpg
[17:12:30] - [13] MIRKO.POZEN: Fichier envoyé: D:\kerberos.htx\gamez1\Dethkarz\EXTRAS\Goodies\Deutsch\shop\stuff\products\amigo.jpg (28,36 K/S -   29 045 bytes)
[17:12:30] - [9] MIRKO.POZEN: Début du Téléchargement de: D:\kerberos.htx\gamez1\Dethkarz\EXTRAS\Goodies\Deutsch\shop\stuff\products\amigos.jpg
[17:12:30] - [9] MIRKO.POZEN: Fichier envoyé: D:\kerberos.htx\gamez1\Dethkarz\EXTRAS\Goodies\Deutsch\shop\stuff\products\amigos.jpg (4,23 K/S -   4 331 bytes)
[17:12:31] - [13] MIRKO.POZEN: Début du Téléchargement de: D:\kerberos.htx\gamez1\Dethkarz\EXTRAS\Goodies\Deutsch\shop\stuff\products\hod_cap.jpg
[17:12:31] - [13] MIRKO.POZEN: Fichier envoyé: D:\kerberos.htx\gamez1\Dethkarz\EXTRAS\Goodies\Deutsch\shop\stuff\products\hod_cap.jpg (21,70 K/S -   22 218 bytes)
[17:12:31] - [9] MIRKO.POZEN: Début du Téléchargement de: D:\kerberos.htx\gamez1\Dethkarz\EXTRAS\Goodies\Deutsch\shop\stuff\products\hod_caps.jpg
[17:12:31] - [9] MIRKO.POZEN: Fichier envoyé: D:\kerberos.htx\gamez1\Dethkarz\EXTRAS\Goodies\Deutsch\shop\stuff\products\hod_caps.jpg (3,21 K/S -   3 284 bytes)
[17:12:31] - [13] MIRKO.POZEN: Début du Téléchargement de: D:\kerberos.htx\gamez1\Dethkarz\EXTRAS\Goodies\Deutsch\shop\stuff\products\infogrames_tshirts.jpg
[17:12:31] - [13] MIRKO.POZEN: Fichier envoyé: D:\kerberos.htx\gamez1\Dethkarz\EXTRAS\Goodies\Deutsch\shop\stuff\products\infogrames_tshirts.jpg (6,26 K/S -   6 406 bytes)
[17:12:31] - [9] MIRKO.POZEN: Début du Téléchargement de: D:\kerberos.htx\gamez1\Dethkarz\EXTRAS\Goodies\Deutsch\shop\stuff\products\infogrames_tshirt.jpg
[17:12:31] - [13] MIRKO.POZEN: Début du Téléchargement de: D:\kerberos.htx\gamez1\Dethkarz\EXTRAS\Goodies\Deutsch\shop\stuff\products\infogrames_tshirt_girl.jpg
[17:12:31] - [9] MIRKO.POZEN: Fichier envoyé: D:\kerberos.htx\gamez1\Dethkarz\EXTRAS\Goodies\Deutsch\shop\stuff\products\infogrames_tshirt.jpg (25,15 K/S -   25 754 bytes)
[17:12:31] - [13] MIRKO.POZEN: Fichier envoyé: D:\kerberos.htx\gamez1\Dethkarz\EXTRAS\Goodies\Deutsch\shop\stuff\products\infogrames_tshirt_girl.jpg (23,03 K/S -   23 585 bytes)
[17:12:31] - [9] MIRKO.POZEN: Début du Téléchargement de: D:\kerberos.htx\gamez1\Dethkarz\EXTRAS\Goodies\Deutsch\shop\stuff\products\infogrames_tshirt_girls.jpg
[17:12:32] - [9] MIRKO.POZEN: Fichier envoyé: D:\kerberos.htx\gamez1\Dethkarz\EXTRAS\Goodies\Deutsch\shop\stuff\products\infogrames_tshirt_girls.jpg (5,40 K/S -   5 533 bytes)
[17:12:32] - [13] MIRKO.POZEN: Début du Téléchargement de: D:\kerberos.htx\gamez1\Dethkarz\EXTRAS\Goodies\Deutsch\shop\stuff\products\outcast-black-tshirt.jpg
[17:12:32] - [9] MIRKO.POZEN: Début du Téléchargement de: D:\kerberos.htx\gamez1\Dethkarz\EXTRAS\Goodies\Deutsch\shop\stuff\products\outcast-black-tshirts.jpg
[17:12:32] - [9] MIRKO.POZEN: Fichier envoyé: D:\kerberos.htx\gamez1\Dethkarz\EXTRAS\Goodies\Deutsch\shop\stuff\products\outcast-black-tshirts.jpg (6,52 K/S -   6 679 bytes)
[17:12:32] - [13] MIRKO.POZEN: Fichier envoyé: D:\kerberos.htx\gamez1\Dethkarz\EXTRAS\Goodies\Deutsch\shop\stuff\products\outcast-black-tshirt.jpg (62,06 K/S -   63 547 bytes)
[17:12:32] - [9] MIRKO.POZEN: Début du Téléchargement de: D:\kerberos.htx\gamez1\Dethkarz\EXTRAS\Goodies\Deutsch\shop\stuff\products\outcast-orange-tshirt.jpg
[17:12:32] - [13] MIRKO.POZEN: Début du Téléchargement de: D:\kerberos.htx\gamez1\Dethkarz\EXTRAS\Goodies\Deutsch\shop\stuff\products\outcast-orange-tshirts.jpg
[17:12:32] - [13] MIRKO.POZEN: Fichier envoyé: D:\kerberos.htx\gamez1\Dethkarz\EXTRAS\Goodies\Deutsch\shop\stuff\products\outcast-orange-tshirts.jpg (4,67 K/S -   4 777 bytes)
[17:12:32] - [9] MIRKO.POZEN: Fichier envoyé: D:\kerberos.htx\gamez1\Dethkarz\EXTRAS\Goodies\Deutsch\shop\stuff\products\outcast-orange-tshirt.jpg (43,63 K/S -   44 672 bytes)
[17:12:32] - [9] MIRKO.POZEN: Début du Téléchargement de: D:\kerberos.htx\gamez1\Dethkarz\EXTRAS\Goodies\Deutsch\shop\stuff\products\tatou_bag.jpg
[17:12:33] - [13] MIRKO.POZEN: Début du Téléchargement de: D:\kerberos.htx\gamez1\Dethkarz\EXTRAS\Goodies\Deutsch\shop\stuff\products\tatou_bags.jpg
[17:12:33] - [13] MIRKO.POZEN: Fichier envoyé: D:\kerberos.htx\gamez1\Dethkarz\EXTRAS\Goodies\Deutsch\shop\stuff\products\tatou_bags.jpg (5,79 K/S -   5 924 bytes)
[17:12:33] - [9] MIRKO.POZEN: Fichier envoyé: D:\kerberos.htx\gamez1\Dethkarz\EXTRAS\Goodies\Deutsch\shop\stuff\products\tatou_bag.jpg (47,79 K/S -   48 935 bytes)
[17:12:33] - [9] MIRKO.POZEN: Début du Téléchargement de: D:\kerberos.htx\gamez1\Dethkarz\EXTRAS\Goodies\Deutsch\shop\stuff\products\vicious.jpg
[17:12:33] - [13] MIRKO.POZEN: Début du Téléchargement de: D:\kerberos.htx\gamez1\Dethkarz\EXTRAS\Goodies\Deutsch\shop\stuff\products\viciouss.jpg
[17:12:33] - [13] MIRKO.POZEN: Fichier envoyé: D:\kerberos.htx\gamez1\Dethkarz\EXTRAS\Goodies\Deutsch\shop\stuff\products\viciouss.jpg (3,24 K/S -   3 319 bytes)
[17:12:33] - [9] MIRKO.POZEN: Fichier envoyé: D:\kerberos.htx\gamez1\Dethkarz\EXTRAS\Goodies\Deutsch\shop\stuff\products\vicious.jpg (18,86 K/S -   19 310 bytes)
[17:12:33] - [13] MIRKO.POZEN: Début du Téléchargement de: D:\kerberos.htx\gamez1\Dethkarz\EXTRAS\Goodies\Deutsch\shop\stuff\products\vrally2_tshirt.jpg
[17:12:33] - [9] MIRKO.POZEN: Début du Téléchargement de: D:\kerberos.htx\gamez1\Dethkarz\EXTRAS\Goodies\Deutsch\shop\stuff\products\vrally2_tshirts.jpg
[17:12:33] - [9] MIRKO.POZEN: Fichier envoyé: D:\kerberos.htx\gamez1\Dethkarz\EXTRAS\Goodies\Deutsch\shop\stuff\products\vrally2_tshirts.jpg (6,54 K/S -   6 697 bytes)
[17:12:34] - [13] MIRKO.POZEN: Fichier envoyé: D:\kerberos.htx\gamez1\Dethkarz\EXTRAS\Goodies\Deutsch\shop\stuff\products\vrally2_tshirt.jpg (30,01 K/S -   30 729 bytes)
[17:12:34] - [13] MIRKO.POZEN: Début du Téléchargement de: D:\kerberos.htx\gamez1\Dethkarz\EXTRAS\Goodies\Deutsch\shop\stuff\products\vrally_cap.jpg
[17:12:34] - [9] MIRKO.POZEN: Début du Téléchargement de: D:\kerberos.htx\gamez1\Dethkarz\EXTRAS\Goodies\Deutsch\shop\stuff\products\vrally_caps.jpg
[17:12:34] - [13] MIRKO.POZEN: Fichier envoyé: D:\kerberos.htx\gamez1\Dethkarz\EXTRAS\Goodies\Deutsch\shop\stuff\products\vrally_cap.jpg (27,18 K/S -   27 830 bytes)
[17:12:34] - [9] MIRKO.POZEN: Fichier envoyé: D:\kerberos.htx\gamez1\Dethkarz\EXTRAS\Goodies\Deutsch\shop\stuff\products\vrally_caps.jpg (3,55 K/S -   3 637 bytes)
[17:12:34] - [13] MIRKO.POZEN: Début du Téléchargement de: D:\kerberos.htx\gamez1\Dethkarz\EXTRAS\Goodies\Deutsch\shop\stuff\products\wargasm-tshirt.jpg
[17:12:34] - [13] MIRKO.POZEN: Fichier envoyé: D:\kerberos.htx\gamez1\Dethkarz\EXTRAS\Goodies\Deutsch\shop\stuff\products\wargasm-tshirt.jpg (33,05 K/S -   33 843 bytes)
[17:12:34] - [9] MIRKO.POZEN: Début du Téléchargement de: D:\kerberos.htx\gamez1\Dethkarz\EXTRAS\Goodies\Deutsch\shop\stuff\products\wargasm-tshirts.jpg
[17:12:34] - [13] MIRKO.POZEN: Répertoire en Cours: D:\kerberos.htx\gamez1\Dethkarz\EXTRAS\Goodies\Deutsch\shop\stuff\images\
[17:12:34] - [9] MIRKO.POZEN: Fichier envoyé: D:\kerberos.htx\gamez1\Dethkarz\EXTRAS\Goodies\Deutsch\shop\stuff\products\wargasm-tshirts.jpg (4,37 K/S -   4 478 bytes)
[17:12:34] - [9] MIRKO.POZEN: Répertoire en Cours: D:\kerberos.htx\gamez1\Dethkarz\EXTRAS\Goodies\Deutsch\shop\stuff\images\
[17:12:34] - [13] MIRKO.POZEN: Début du Téléchargement de: D:\kerberos.htx\gamez1\Dethkarz\EXTRAS\Goodies\Deutsch\shop\stuff\images\contact-22.gif
[17:12:35] - [13] MIRKO.POZEN: Fichier envoyé: D:\kerberos.htx\gamez1\Dethkarz\EXTRAS\Goodies\Deutsch\shop\stuff\images\contact-22.gif (1,18 K/S -   1 204 bytes)
[17:12:35] - [9] MIRKO.POZEN: Début du Téléchargement de: D:\kerberos.htx\gamez1\Dethkarz\EXTRAS\Goodies\Deutsch\shop\stuff\images\contact-3.gif
[17:12:35] - [9] MIRKO.POZEN: Fichier envoyé: D:\kerberos.htx\gamez1\Dethkarz\EXTRAS\Goodies\Deutsch\shop\stuff\images\contact-3.gif (1,15 K/S -   1 176 bytes)
[17:12:35] - [13] MIRKO.POZEN: Début du Téléchargement de: D:\kerberos.htx\gamez1\Dethkarz\EXTRAS\Goodies\Deutsch\shop\stuff\images\contact-33.gif
[17:12:35] - [13] MIRKO.POZEN: Fichier envoyé: D:\kerberos.htx\gamez1\Dethkarz\EXTRAS\Goodies\Deutsch\shop\stuff\images\contact-33.gif (0,55 K/S -    565 bytes)
[17:12:35] - [9] MIRKO.POZEN: Début du Téléchargement de: D:\kerberos.htx\gamez1\Dethkarz\EXTRAS\Goodies\Deutsch\shop\stuff\images\grid.jpg
[17:12:35] - [13] MIRKO.POZEN: Début du Téléchargement de: D:\kerberos.htx\gamez1\Dethkarz\EXTRAS\Goodies\Deutsch\shop\stuff\images\infogrames_c_00.gif
[17:12:35] - [13] MIRKO.POZEN: Fichier envoyé: D:\kerberos.htx\gamez1\Dethkarz\EXTRAS\Goodies\Deutsch\shop\stuff\images\infogrames_c_00.gif (0,04 K/S -    43 bytes)
[17:12:35] - [9] MIRKO.POZEN: Fichier envoyé: D:\kerberos.htx\gamez1\Dethkarz\EXTRAS\Goodies\Deutsch\shop\stuff\images\grid.jpg (32,82 K/S -   33 612 bytes)
[17:12:35] - [9] MIRKO.POZEN: Début du Téléchargement de: D:\kerberos.htx\gamez1\Dethkarz\EXTRAS\Goodies\Deutsch\shop\stuff\images\infogrames_c_04_03.jpg
[17:12:35] - [13] MIRKO.POZEN: Début du Téléchargement de: D:\kerberos.htx\gamez1\Dethkarz\EXTRAS\Goodies\Deutsch\shop\stuff\images\infogrames_c_05_02.jpg
[17:12:36] - [9] MIRKO.POZEN: Fichier envoyé: D:\kerberos.htx\gamez1\Dethkarz\EXTRAS\Goodies\Deutsch\shop\stuff\images\infogrames_c_04_03.jpg (1,33 K/S -   1 366 bytes)
[17:12:36] - [13] MIRKO.POZEN: Fichier envoyé: D:\kerberos.htx\gamez1\Dethkarz\EXTRAS\Goodies\Deutsch\shop\stuff\images\infogrames_c_05_02.jpg (2,23 K/S -   2 288 bytes)
[17:12:36] - [13] MIRKO.POZEN: Début du Téléchargement de: D:\kerberos.htx\gamez1\Dethkarz\EXTRAS\Goodies\Deutsch\shop\stuff\images\infogrames_c_05_06.jpg
[17:12:36] - [13] MIRKO.POZEN: Fichier envoyé: D:\kerberos.htx\gamez1\Dethkarz\EXTRAS\Goodies\Deutsch\shop\stuff\images\infogrames_c_05_06.jpg (1,89 K/S -   1 934 bytes)
[17:12:36] - [9] MIRKO.POZEN: Début du Téléchargement de: D:\kerberos.htx\gamez1\Dethkarz\EXTRAS\Goodies\Deutsch\shop\stuff\images\infogrames_c_06_02.jpg
[17:12:36] - [9] MIRKO.POZEN: Fichier envoyé: D:\kerberos.htx\gamez1\Dethkarz\EXTRAS\Goodies\Deutsch\shop\stuff\images\infogrames_c_06_02.jpg (0,65 K/S -    664 bytes)
[17:12:36] - [13] MIRKO.POZEN: Début du Téléchargement de: D:\kerberos.htx\gamez1\Dethkarz\EXTRAS\Goodies\Deutsch\shop\stuff\images\infogrames_c_06_03.jpg
[17:12:36] - [13] MIRKO.POZEN: Fichier envoyé: D:\kerberos.htx\gamez1\Dethkarz\EXTRAS\Goodies\Deutsch\shop\stuff\images\infogrames_c_06_03.jpg (0,73 K/S -    747 bytes)
[17:12:36] - [9] MIRKO.POZEN: Début du Téléchargement de: D:\kerberos.htx\gamez1\Dethkarz\EXTRAS\Goodies\Deutsch\shop\stuff\images\infogrames_c_07_01.jpg
[17:12:36] - [9] MIRKO.POZEN: Fichier envoyé: D:\kerberos.htx\gamez1\Dethkarz\EXTRAS\Goodies\Deutsch\shop\stuff\images\infogrames_c_07_01.jpg (2,31 K/S -   2 365 bytes)
[17:12:36] - [13] MIRKO.POZEN: Début du Téléchargement de: D:\kerberos.htx\gamez1\Dethkarz\EXTRAS\Goodies\Deutsch\shop\stuff\images\infogrames_c_07_04.jpg
[17:12:36] - [13] MIRKO.POZEN: Fichier envoyé: D:\kerberos.htx\gamez1\Dethkarz\EXTRAS\Goodies\Deutsch\shop\stuff\images\infogrames_c_07_04.jpg (1,27 K/S -   1 304 bytes)
[17:12:37] - [9] MIRKO.POZEN: Début du Téléchargement de: D:\kerberos.htx\gamez1\Dethkarz\EXTRAS\Goodies\Deutsch\shop\stuff\images\infogrames_c_08_01.jpg
[17:12:37] - [9] MIRKO.POZEN: Fichier envoyé: D:\kerberos.htx\gamez1\Dethkarz\EXTRAS\Goodies\Deutsch\shop\stuff\images\infogrames_c_08_01.jpg (2,11 K/S -   2 158 bytes)
[17:12:37] - [13] MIRKO.POZEN: Début du Téléchargement de: D:\kerberos.htx\gamez1\Dethkarz\EXTRAS\Goodies\Deutsch\shop\stuff\images\infogrames_c_08_02.jpg
[17:12:37] - [13] MIRKO.POZEN: Fichier envoyé: D:\kerberos.htx\gamez1\Dethkarz\EXTRAS\Goodies\Deutsch\shop\stuff\images\infogrames_c_08_02.jpg (1,31 K/S -   1 338 bytes)
[17:12:37] - [9] MIRKO.POZEN: Début du Téléchargement de: D:\kerberos.htx\gamez1\Dethkarz\EXTRAS\Goodies\Deutsch\shop\stuff\images\infogrames_c_08_03.jpg
[17:12:37] - [9] MIRKO.POZEN: Fichier envoyé: D:\kerberos.htx\gamez1\Dethkarz\EXTRAS\Goodies\Deutsch\shop\stuff\images\infogrames_c_08_03.jpg (3,83 K/S -   3 925 bytes)
[17:12:37] - [13] MIRKO.POZEN: Début du Téléchargement de: D:\kerberos.htx\gamez1\Dethkarz\EXTRAS\Goodies\Deutsch\shop\stuff\images\infogrames_c_09_03.jpg
[17:12:37] - [13] MIRKO.POZEN: Fichier envoyé: D:\kerberos.htx\gamez1\Dethkarz\EXTRAS\Goodies\Deutsch\shop\stuff\images\infogrames_c_09_03.jpg (0,64 K/S -    653 bytes)
[17:12:37] - [9] MIRKO.POZEN: Début du Téléchargement de: D:\kerberos.htx\gamez1\Dethkarz\EXTRAS\Goodies\Deutsch\shop\stuff\images\interface_top_info-store.jpg
[17:12:37] - [13] MIRKO.POZEN: Début du Téléchargement de: D:\kerberos.htx\gamez1\Dethkarz\EXTRAS\Goodies\Deutsch\shop\stuff\images\interface_to_01_01.gif
[17:12:37] - [13] MIRKO.POZEN: Fichier envoyé: D:\kerberos.htx\gamez1\Dethkarz\EXTRAS\Goodies\Deutsch\shop\stuff\images\interface_to_01_01.gif (5,80 K/S -   5 936 bytes)
[17:12:37] - [9] MIRKO.POZEN: Fichier envoyé: D:\kerberos.htx\gamez1\Dethkarz\EXTRAS\Goodies\Deutsch\shop\stuff\images\interface_top_info-store.jpg (30,38 K/S -   31 111 bytes)
[17:12:38] - [13] MIRKO.POZEN: Début du Téléchargement de: D:\kerberos.htx\gamez1\Dethkarz\EXTRAS\Goodies\Deutsch\shop\stuff\images\interface_to_01_03.gif
[17:12:38] - [9] MIRKO.POZEN: Début du Téléchargement de: D:\kerberos.htx\gamez1\Dethkarz\EXTRAS\Goodies\Deutsch\shop\stuff\images\interface_to_01_02.gif
[17:12:38] - [13] MIRKO.POZEN: Fichier envoyé: D:\kerberos.htx\gamez1\Dethkarz\EXTRAS\Goodies\Deutsch\shop\stuff\images\interface_to_01_03.gif (2,16 K/S -   2 214 bytes)
[17:12:38] - [9] MIRKO.POZEN: Fichier envoyé: D:\kerberos.htx\gamez1\Dethkarz\EXTRAS\Goodies\Deutsch\shop\stuff\images\interface_to_01_02.gif (13,54 K/S -   13 865 bytes)
[17:12:38] - [13] MIRKO.POZEN: Début du Téléchargement de: D:\kerberos.htx\gamez1\Dethkarz\EXTRAS\Goodies\Deutsch\shop\stuff\images\lock.gif
[17:12:38] - [9] MIRKO.POZEN: Début du Téléchargement de: D:\kerberos.htx\gamez1\Dethkarz\EXTRAS\Goodies\Deutsch\shop\stuff\images\logo.gif
[17:12:38] - [13] MIRKO.POZEN: Fichier envoyé: D:\kerberos.htx\gamez1\Dethkarz\EXTRAS\Goodies\Deutsch\shop\stuff\images\lock.gif (3,47 K/S -   3 550 bytes)
[17:12:38] - [9] MIRKO.POZEN: Fichier envoyé: D:\kerberos.htx\gamez1\Dethkarz\EXTRAS\Goodies\Deutsch\shop\stuff\images\logo.gif (9,23 K/S -   9 453 bytes)
[17:12:38] - [13] MIRKO.POZEN: Début du Téléchargement de: D:\kerberos.htx\gamez1\Dethkarz\EXTRAS\Goodies\Deutsch\shop\stuff\images\outcastbandeau.jpg
[17:12:38] - [9] MIRKO.POZEN: Début du Téléchargement de: D:\kerberos.htx\gamez1\Dethkarz\EXTRAS\Goodies\Deutsch\shop\stuff\images\tips_bag.jpg
[17:12:38] - [9] MIRKO.POZEN: Fichier envoyé: D:\kerberos.htx\gamez1\Dethkarz\EXTRAS\Goodies\Deutsch\shop\stuff\images\tips_bag.jpg (8,63 K/S -   8 835 bytes)
[17:12:39] - [13] MIRKO.POZEN: Fichier envoyé: D:\kerberos.htx\gamez1\Dethkarz\EXTRAS\Goodies\Deutsch\shop\stuff\images\outcastbandeau.jpg (19,07 K/S -   19 525 bytes)
[17:12:39] - [9] MIRKO.POZEN: Début du Téléchargement de: D:\kerberos.htx\gamez1\Dethkarz\EXTRAS\Goodies\Deutsch\shop\stuff\images\tips_bag_off.jpg
[17:12:39] - [13] MIRKO.POZEN: Début du Téléchargement de: D:\kerberos.htx\gamez1\Dethkarz\EXTRAS\Goodies\Deutsch\shop\stuff\images\tips_bag_on.jpg
[17:12:39] - [9] MIRKO.POZEN: Fichier envoyé: D:\kerberos.htx\gamez1\Dethkarz\EXTRAS\Goodies\Deutsch\shop\stuff\images\tips_bag_off.jpg (5,32 K/S -   5 449 bytes)
[17:12:39] - [13] MIRKO.POZEN: Fichier envoyé: D:\kerberos.htx\gamez1\Dethkarz\EXTRAS\Goodies\Deutsch\shop\stuff\images\tips_bag_on.jpg (5,34 K/S -   5 467 bytes)
[17:12:39] - [13] MIRKO.POZEN: Début du Téléchargement de: D:\kerberos.htx\gamez1\Dethkarz\EXTRAS\Goodies\Deutsch\shop\stuff\images\tips_great_on.gif
[17:12:39] - [9] MIRKO.POZEN: Début du Téléchargement de: D:\kerberos.htx\gamez1\Dethkarz\EXTRAS\Goodies\Deutsch\shop\stuff\images\tips_great_off.gif
[17:12:39] - [13] MIRKO.POZEN: Fichier envoyé: D:\kerberos.htx\gamez1\Dethkarz\EXTRAS\Goodies\Deutsch\shop\stuff\images\tips_great_on.gif (3,74 K/S -   3 826 bytes)
[17:12:39] - [9] MIRKO.POZEN: Fichier envoyé: D:\kerberos.htx\gamez1\Dethkarz\EXTRAS\Goodies\Deutsch\shop\stuff\images\tips_great_off.gif (3,71 K/S -   3 799 bytes)
[17:12:39] - [13] MIRKO.POZEN: Début du Téléchargement de: D:\kerberos.htx\gamez1\Dethkarz\EXTRAS\Goodies\Deutsch\shop\stuff\images\tips_home_off.gif
[17:12:39] - [9] MIRKO.POZEN: Début du Téléchargement de: D:\kerberos.htx\gamez1\Dethkarz\EXTRAS\Goodies\Deutsch\shop\stuff\images\tips_home_on.gif
[17:12:39] - [13] MIRKO.POZEN: Fichier envoyé: D:\kerberos.htx\gamez1\Dethkarz\EXTRAS\Goodies\Deutsch\shop\stuff\images\tips_home_off.gif (1,64 K/S -   1 679 bytes)
[17:12:40] - [9] MIRKO.POZEN: Fichier envoyé: D:\kerberos.htx\gamez1\Dethkarz\EXTRAS\Goodies\Deutsch\shop\stuff\images\tips_home_on.gif (1,64 K/S -   1 679 bytes)
[17:12:40] - [13] MIRKO.POZEN: Début du Téléchargement de: D:\kerberos.htx\gamez1\Dethkarz\EXTRAS\Goodies\Deutsch\shop\stuff\images\tips_mail_off.gif
[17:12:40] - [9] MIRKO.POZEN: Début du Téléchargement de: D:\kerberos.htx\gamez1\Dethkarz\EXTRAS\Goodies\Deutsch\shop\stuff\images\tips_mail_on.gif
[17:12:40] - [13] MIRKO.POZEN: Fichier envoyé: D:\kerberos.htx\gamez1\Dethkarz\EXTRAS\Goodies\Deutsch\shop\stuff\images\tips_mail_off.gif (1,98 K/S -   2 030 bytes)
[17:12:40] - [9] MIRKO.POZEN: Fichier envoyé: D:\kerberos.htx\gamez1\Dethkarz\EXTRAS\Goodies\Deutsch\shop\stuff\images\tips_mail_on.gif (1,92 K/S -   1 968 bytes)
[17:12:40] - [13] MIRKO.POZEN: Début du Téléchargement de: D:\kerberos.htx\gamez1\Dethkarz\EXTRAS\Goodies\Deutsch\shop\stuff\images\tip_moins.gif
[17:12:40] - [9] MIRKO.POZEN: Début du Téléchargement de: D:\kerberos.htx\gamez1\Dethkarz\EXTRAS\Goodies\Deutsch\shop\stuff\images\tip_plus.gif
[17:12:40] - [13] MIRKO.POZEN: Fichier envoyé: D:\kerberos.htx\gamez1\Dethkarz\EXTRAS\Goodies\Deutsch\shop\stuff\images\tip_moins.gif (0,87 K/S -    895 bytes)
[17:12:40] - [9] MIRKO.POZEN: Fichier envoyé: D:\kerberos.htx\gamez1\Dethkarz\EXTRAS\Goodies\Deutsch\shop\stuff\images\tip_plus.gif (0,90 K/S -    917 bytes)
[17:12:40] - [13] MIRKO.POZEN: Début du Téléchargement de: D:\kerberos.htx\gamez1\Dethkarz\EXTRAS\Goodies\Deutsch\shop\stuff\images\typo-global.gif
[17:12:40] - [9] MIRKO.POZEN: Début du Téléchargement de: D:\kerberos.htx\gamez1\Dethkarz\EXTRAS\Goodies\Deutsch\shop\stuff\images\typo-global.jpg
[17:12:41] - [9] MIRKO.POZEN: Fichier envoyé: D:\kerberos.htx\gamez1\Dethkarz\EXTRAS\Goodies\Deutsch\shop\stuff\images\typo-global.jpg (14,54 K/S -   14 891 bytes)
[17:12:41] - [13] MIRKO.POZEN: Fichier envoyé: D:\kerberos.htx\gamez1\Dethkarz\EXTRAS\Goodies\Deutsch\shop\stuff\images\typo-global.gif (21,07 K/S -   21 577 bytes)
[17:12:41] - [13] MIRKO.POZEN: Début du Téléchargement de: D:\kerberos.htx\gamez1\Dethkarz\EXTRAS\Goodies\Deutsch\shop\stuff\images\wargasm_bandeau.jpg
[17:12:41] - [9] MIRKO.POZEN: Début du Téléchargement de: D:\kerberos.htx\gamez1\Dethkarz\EXTRAS\Goodies\Deutsch\shop\stuff\images\typo-global_on.gif
[17:12:41] - [9] MIRKO.POZEN: Fichier envoyé: D:\kerberos.htx\gamez1\Dethkarz\EXTRAS\Goodies\Deutsch\shop\stuff\images\typo-global_on.gif (10,68 K/S -   10 934 bytes)
[17:12:41] - [9] MIRKO.POZEN: Répertoire en Cours: D:\kerberos.htx\gamez1\Dethkarz\EXTRAS\Chatnplay\
[17:12:41] - [13] MIRKO.POZEN: Fichier envoyé: D:\kerberos.htx\gamez1\Dethkarz\EXTRAS\Goodies\Deutsch\shop\stuff\images\wargasm_bandeau.jpg (20,87 K/S -   21 370 bytes)
[17:12:41] - [13] MIRKO.POZEN: Répertoire en Cours: D:\kerberos.htx\gamez1\Dethkarz\DIRECTX\
[17:12:41] - [9] MIRKO.POZEN: Début du Téléchargement de: D:\kerberos.htx\gamez1\Dethkarz\EXTRAS\Chatnplay\CHATNPLAY.EXE
[17:12:41] - [13] MIRKO.POZEN: Début du Téléchargement de: D:\kerberos.htx\gamez1\Dethkarz\DIRECTX\d3d.inf
[17:12:41] - [13] MIRKO.POZEN: Fichier envoyé: D:\kerberos.htx\gamez1\Dethkarz\DIRECTX\d3d.inf (1,12 K/S -   1 147 bytes)
[17:12:42] - [13] MIRKO.POZEN: Début du Téléchargement de: D:\kerberos.htx\gamez1\Dethkarz\DIRECTX\d3dim.dll
[17:12:43] - [13] MIRKO.POZEN: Fichier envoyé: D:\kerberos.htx\gamez1\Dethkarz\DIRECTX\d3dim.dll (527,77 K/S -   540 432 bytes)
[17:12:43] - [13] MIRKO.POZEN: Début du Téléchargement de: D:\kerberos.htx\gamez1\Dethkarz\DIRECTX\d3dpmesh.dll
[17:12:44] - [13] MIRKO.POZEN: Fichier envoyé: D:\kerberos.htx\gamez1\Dethkarz\DIRECTX\d3dpmesh.dll (85,27 K/S -   87 312 bytes)
[17:12:44] - [13] MIRKO.POZEN: Début du Téléchargement de: D:\kerberos.htx\gamez1\Dethkarz\DIRECTX\d3drm.dll
[17:12:45] - [13] MIRKO.POZEN: Fichier envoyé: D:\kerberos.htx\gamez1\Dethkarz\DIRECTX\d3drm.dll (426,27 K/S -   436 496 bytes)
[17:12:45] - [13] MIRKO.POZEN: Début du Téléchargement de: D:\kerberos.htx\gamez1\Dethkarz\DIRECTX\d3drm.inf
[17:12:45] - [13] MIRKO.POZEN: Fichier envoyé: D:\kerberos.htx\gamez1\Dethkarz\DIRECTX\d3drm.inf (0,68 K/S -    693 bytes)
[17:12:45] - [13] MIRKO.POZEN: Début du Téléchargement de: D:\kerberos.htx\gamez1\Dethkarz\DIRECTX\d3dxof.dll
[17:12:46] - [13] MIRKO.POZEN: Fichier envoyé: D:\kerberos.htx\gamez1\Dethkarz\DIRECTX\d3dxof.dll (105,27 K/S -   107 792 bytes)
[17:12:46] - [13] MIRKO.POZEN: Début du Téléchargement de: D:\kerberos.htx\gamez1\Dethkarz\DIRECTX\ddhelp.exe
[17:12:46] - [13] MIRKO.POZEN: Fichier envoyé: D:\kerberos.htx\gamez1\Dethkarz\DIRECTX\ddhelp.exe (37,77 K/S -   38 672 bytes)
[17:12:46] - [13] MIRKO.POZEN: Début du Téléchargement de: D:\kerberos.htx\gamez1\Dethkarz\DIRECTX\ddraw.dll
[17:12:47] - [13] MIRKO.POZEN: Fichier envoyé: D:\kerberos.htx\gamez1\Dethkarz\DIRECTX\ddraw.dll (301,27 K/S -   308 496 bytes)
[17:12:48] - [13] MIRKO.POZEN: Début du Téléchargement de: D:\kerberos.htx\gamez1\Dethkarz\DIRECTX\ddraw.inf
[17:12:48] - [13] MIRKO.POZEN: Fichier envoyé: D:\kerberos.htx\gamez1\Dethkarz\DIRECTX\ddraw.inf (4,12 K/S -   4 222 bytes)
[17:12:48] - [13] MIRKO.POZEN: Début du Téléchargement de: D:\kerberos.htx\gamez1\Dethkarz\DIRECTX\ddraw.vxd
[17:12:48] - [13] MIRKO.POZEN: Fichier envoyé: D:\kerberos.htx\gamez1\Dethkarz\DIRECTX\ddraw.vxd (29,67 K/S -   30 381 bytes)
[17:12:48] - [13] MIRKO.POZEN: Début du Téléchargement de: D:\kerberos.htx\gamez1\Dethkarz\DIRECTX\ddraw16.dll
[17:12:48] - [13] MIRKO.POZEN: Fichier envoyé: D:\kerberos.htx\gamez1\Dethkarz\DIRECTX\ddraw16.dll (27,33 K/S -   27 984 bytes)
[17:12:48] - [13] MIRKO.POZEN: Début du Téléchargement de: D:\kerberos.htx\gamez1\Dethkarz\DIRECTX\ddrawex.dll
[17:12:49] - [9] MIRKO.POZEN: Fichier envoyé: D:\kerberos.htx\gamez1\Dethkarz\EXTRAS\Chatnplay\CHATNPLAY.EXE (284,95 K/S -  2 334 301 bytes)
[17:12:49] - [9] MIRKO.POZEN: Répertoire en Cours: D:\kerberos.htx\gamez1\Dethkarz\DIRECTX\
[17:12:49] - [13] MIRKO.POZEN: Fichier envoyé: D:\kerberos.htx\gamez1\Dethkarz\DIRECTX\ddrawex.dll (24,27 K/S -   24 848 bytes)
[17:12:49] - [13] MIRKO.POZEN: Début du Téléchargement de: D:\kerberos.htx\gamez1\Dethkarz\DIRECTX\devnode2.dll
[17:12:49] - [13] MIRKO.POZEN: Fichier envoyé: D:\kerberos.htx\gamez1\Dethkarz\DIRECTX\devnode2.dll (6,50 K/S -   6 656 bytes)
[17:12:49] - [9] MIRKO.POZEN: Début du Téléchargement de: D:\kerberos.htx\gamez1\Dethkarz\DIRECTX\devnode1.dll
[17:12:49] - [9] MIRKO.POZEN: Fichier envoyé: D:\kerberos.htx\gamez1\Dethkarz\DIRECTX\devnode1.dll (17,00 K/S -   17 408 bytes)
[17:12:49] - [13] MIRKO.POZEN: Début du Téléchargement de: D:\kerberos.htx\gamez1\Dethkarz\DIRECTX\dijoy.hlp
[17:12:49] - [13] MIRKO.POZEN: Fichier envoyé: D:\kerberos.htx\gamez1\Dethkarz\DIRECTX\dijoy.hlp (15,96 K/S -   16 339 bytes)
[17:12:49] - [9] MIRKO.POZEN: Début du Téléchargement de: D:\kerberos.htx\gamez1\Dethkarz\DIRECTX\dijoybrz.hlp
[17:12:50] - [9] MIRKO.POZEN: Fichier envoyé: D:\kerberos.htx\gamez1\Dethkarz\DIRECTX\dijoybrz.hlp (13,02 K/S -   13 330 bytes)
[17:12:50] - [13] MIRKO.POZEN: Début du Téléchargement de: D:\kerberos.htx\gamez1\Dethkarz\DIRECTX\dijoychs.hlp
[17:12:50] - [13] MIRKO.POZEN: Fichier envoyé: D:\kerberos.htx\gamez1\Dethkarz\DIRECTX\dijoychs.hlp (12,48 K/S -   12 778 bytes)
[17:12:50] - [9] MIRKO.POZEN: Début du Téléchargement de: D:\kerberos.htx\gamez1\Dethkarz\DIRECTX\dijoycht.hlp
[17:12:50] - [13] MIRKO.POZEN: Début du Téléchargement de: D:\kerberos.htx\gamez1\Dethkarz\DIRECTX\dijoycze.hlp
[17:12:50] - [9] MIRKO.POZEN: Fichier envoyé: D:\kerberos.htx\gamez1\Dethkarz\DIRECTX\dijoycht.hlp (18,95 K/S -   19 401 bytes)
[17:12:50] - [13] MIRKO.POZEN: Fichier envoyé: D:\kerberos.htx\gamez1\Dethkarz\DIRECTX\dijoycze.hlp (13,19 K/S -   13 511 bytes)
[17:12:50] - [9] MIRKO.POZEN: Début du Téléchargement de: D:\kerberos.htx\gamez1\Dethkarz\DIRECTX\dijoydut.hlp
[17:12:50] - [9] MIRKO.POZEN: Fichier envoyé: D:\kerberos.htx\gamez1\Dethkarz\DIRECTX\dijoydut.hlp (12,96 K/S -   13 271 bytes)
[17:12:50] - [13] MIRKO.POZEN: Début du Téléchargement de: D:\kerberos.htx\gamez1\Dethkarz\DIRECTX\dijoyfrn.hlp
[17:12:50] - [13] MIRKO.POZEN: Fichier envoyé: D:\kerberos.htx\gamez1\Dethkarz\DIRECTX\dijoyfrn.hlp (13,27 K/S -   13 589 bytes)
[17:12:51] - [9] MIRKO.POZEN: Début du Téléchargement de: D:\kerberos.htx\gamez1\Dethkarz\DIRECTX\dijoyger.hlp
[17:12:51] - [9] MIRKO.POZEN: Fichier envoyé: D:\kerberos.htx\gamez1\Dethkarz\DIRECTX\dijoyger.hlp (13,36 K/S -   13 678 bytes)
[17:12:51] - [13] MIRKO.POZEN: Début du Téléchargement de: D:\kerberos.htx\gamez1\Dethkarz\DIRECTX\dijoyitn.hlp
[17:12:51] - [13] MIRKO.POZEN: Fichier envoyé: D:\kerberos.htx\gamez1\Dethkarz\DIRECTX\dijoyitn.hlp (13,18 K/S -   13 493 bytes)
[17:12:51] - [9] MIRKO.POZEN: Début du Téléchargement de: D:\kerberos.htx\gamez1\Dethkarz\DIRECTX\dijoyjpn.hlp
[17:12:51] - [9] MIRKO.POZEN: Fichier envoyé: D:\kerberos.htx\gamez1\Dethkarz\DIRECTX\dijoyjpn.hlp (13,11 K/S -   13 424 bytes)
[17:12:51] - [13] MIRKO.POZEN: Début du Téléchargement de: D:\kerberos.htx\gamez1\Dethkarz\DIRECTX\dijoykor.hlp
[17:12:51] - [13] MIRKO.POZEN: Fichier envoyé: D:\kerberos.htx\gamez1\Dethkarz\DIRECTX\dijoykor.hlp (13,33 K/S -   13 647 bytes)
[17:12:51] - [9] MIRKO.POZEN: Début du Téléchargement de: D:\kerberos.htx\gamez1\Dethkarz\DIRECTX\dijoynec.hlp
[17:12:51] - [9] MIRKO.POZEN: Fichier envoyé: D:\kerberos.htx\gamez1\Dethkarz\DIRECTX\dijoynec.hlp (13,11 K/S -   13 424 bytes)
[17:12:51] - [13] MIRKO.POZEN: Début du Téléchargement de: D:\kerberos.htx\gamez1\Dethkarz\DIRECTX\dijoypol.hlp
[17:12:51] - [13] MIRKO.POZEN: Fichier envoyé: D:\kerberos.htx\gamez1\Dethkarz\DIRECTX\dijoypol.hlp (13,46 K/S -   13 778 bytes)
[17:12:52] - [9] MIRKO.POZEN: Début du Téléchargement de: D:\kerberos.htx\gamez1\Dethkarz\DIRECTX\dijoyrus.hlp
[17:12:52] - [9] MIRKO.POZEN: Fichier envoyé: D:\kerberos.htx\gamez1\Dethkarz\DIRECTX\dijoyrus.hlp (13,49 K/S -   13 812 bytes)
[17:12:52] - [13] MIRKO.POZEN: Début du Téléchargement de: D:\kerberos.htx\gamez1\Dethkarz\DIRECTX\dijoyspa.hlp
[17:12:52] - [13] MIRKO.POZEN: Fichier envoyé: D:\kerberos.htx\gamez1\Dethkarz\DIRECTX\dijoyspa.hlp (13,30 K/S -   13 618 bytes)
[17:12:52] - [9] MIRKO.POZEN: Début du Téléchargement de: D:\kerberos.htx\gamez1\Dethkarz\DIRECTX\dijoyswe.hlp
[17:12:52] - [9] MIRKO.POZEN: Fichier envoyé: D:\kerberos.htx\gamez1\Dethkarz\DIRECTX\dijoyswe.hlp (13,03 K/S -   13 343 bytes)
[17:12:52] - [13] MIRKO.POZEN: Début du Téléchargement de: D:\kerberos.htx\gamez1\Dethkarz\DIRECTX\dinput.dll
[17:12:52] - [9] MIRKO.POZEN: Début du Téléchargement de: D:\kerberos.htx\gamez1\Dethkarz\DIRECTX\dinput.inf
[17:12:52] - [9] MIRKO.POZEN: Fichier envoyé: D:\kerberos.htx\gamez1\Dethkarz\DIRECTX\dinput.inf (12,99 K/S -   13 301 bytes)
[17:12:53] - [9] MIRKO.POZEN: Début du Téléchargement de: D:\kerberos.htx\gamez1\Dethkarz\DIRECTX\dinput.vxd
[17:12:53] - [9] MIRKO.POZEN: Fichier envoyé: D:\kerberos.htx\gamez1\Dethkarz\DIRECTX\dinput.vxd (16,59 K/S -   16 986 bytes)
[17:12:53] - [9] MIRKO.POZEN: Début du Téléchargement de: D:\kerberos.htx\gamez1\Dethkarz\DIRECTX\directx.INF
[17:12:53] - [9] MIRKO.POZEN: Fichier envoyé: D:\kerberos.htx\gamez1\Dethkarz\DIRECTX\directx.INF (4,28 K/S -   4 383 bytes)
[17:12:53] - [13] MIRKO.POZEN: Fichier envoyé: D:\kerberos.htx\gamez1\Dethkarz\DIRECTX\dinput.dll (171,50 K/S -   175 616 bytes)
[17:12:53] - [13] MIRKO.POZEN: Début du Téléchargement de: D:\kerberos.htx\gamez1\Dethkarz\DIRECTX\dplay.dll
[17:12:53] - [9] MIRKO.POZEN: Début du Téléchargement de: D:\kerberos.htx\gamez1\Dethkarz\DIRECTX\dplay.inf
[17:12:53] - [9] MIRKO.POZEN: Fichier envoyé: D:\kerberos.htx\gamez1\Dethkarz\DIRECTX\dplay.inf (13,47 K/S -   13 795 bytes)
[17:12:53] - [13] MIRKO.POZEN: Fichier envoyé: D:\kerberos.htx\gamez1\Dethkarz\DIRECTX\dplay.dll (39,00 K/S -   39 936 bytes)
[17:12:53] - [9] MIRKO.POZEN: Début du Téléchargement de: D:\kerberos.htx\gamez1\Dethkarz\DIRECTX\dplaydx2.inf
[17:12:54] - [9] MIRKO.POZEN: Fichier envoyé: D:\kerberos.htx\gamez1\Dethkarz\DIRECTX\dplaydx2.inf (1,51 K/S -   1 549 bytes)
[17:12:54] - [13] MIRKO.POZEN: Début du Téléchargement de: D:\kerberos.htx\gamez1\Dethkarz\DIRECTX\dplaysvr.exe
[17:12:58] - [9] MIRKO.POZEN: Début du Téléchargement de: D:\kerberos.htx\gamez1\Dethkarz\DIRECTX\dplayx.dll
[17:12:59] - [13] MIRKO.POZEN: Fichier envoyé: D:\kerberos.htx\gamez1\Dethkarz\DIRECTX\dplaysvr.exe (5,85 K/S -   29 968 bytes)
[17:12:59] - [9] MIRKO.POZEN: Fichier envoyé: D:\kerberos.htx\gamez1\Dethkarz\DIRECTX\dplayx.dll (209,27 K/S -   214 288 bytes)
[17:12:59] - [9] MIRKO.POZEN: Début du Téléchargement de: D:\kerberos.htx\gamez1\Dethkarz\DIRECTX\dpmodemx.dll
[17:12:59] - [9] MIRKO.POZEN: Fichier envoyé: D:\kerberos.htx\gamez1\Dethkarz\DIRECTX\dpmodemx.dll (70,27 K/S -   71 952 bytes)
[17:12:59] - [9] MIRKO.POZEN: Début du Téléchargement de: D:\kerberos.htx\gamez1\Dethkarz\DIRECTX\dpserial.dll
[17:13:00] - [9] MIRKO.POZEN: Fichier envoyé: D:\kerberos.htx\gamez1\Dethkarz\DIRECTX\dpserial.dll (40,50 K/S -   41 472 bytes)
[17:13:00] - [9] MIRKO.POZEN: Début du Téléchargement de: D:\kerberos.htx\gamez1\Dethkarz\DIRECTX\dpwsock.dll
[17:13:00] - [9] MIRKO.POZEN: Fichier envoyé: D:\kerberos.htx\gamez1\Dethkarz\DIRECTX\dpwsock.dll (23,50 K/S -   24 064 bytes)
[17:13:00] - [9] MIRKO.POZEN: Début du Téléchargement de: D:\kerberos.htx\gamez1\Dethkarz\DIRECTX\dpwsockx.dll
[17:13:00] - [9] MIRKO.POZEN: Fichier envoyé: D:\kerberos.htx\gamez1\Dethkarz\DIRECTX\dpwsockx.dll (62,27 K/S -   63 760 bytes)
[17:13:00] - [9] MIRKO.POZEN: Début du Téléchargement de: D:\kerberos.htx\gamez1\Dethkarz\DIRECTX\dsetup.dll
[17:13:01] - [13] MIRKO.POZEN: Début du Téléchargement de: D:\kerberos.htx\gamez1\Dethkarz\DIRECTX\dsetup.inf
[17:13:01] - [13] MIRKO.POZEN: Fichier envoyé: D:\kerberos.htx\gamez1\Dethkarz\DIRECTX\dsetup.inf (1,10 K/S -   1 124 bytes)
[17:13:01] - [13] MIRKO.POZEN: Début du Téléchargement de: D:\kerberos.htx\gamez1\Dethkarz\DIRECTX\dsetup16.dll
[17:13:01] - [9] MIRKO.POZEN: Fichier envoyé: D:\kerberos.htx\gamez1\Dethkarz\DIRECTX\dsetup.dll (124,50 K/S -   127 488 bytes)
[17:13:01] - [9] MIRKO.POZEN: Début du Téléchargement de: D:\kerberos.htx\gamez1\Dethkarz\DIRECTX\dsetup32.dll
[17:13:01] - [13] MIRKO.POZEN: Fichier envoyé: D:\kerberos.htx\gamez1\Dethkarz\DIRECTX\dsetup16.dll (61,77 K/S -   63 248 bytes)
[17:13:01] - [13] MIRKO.POZEN: Début du Téléchargement de: D:\kerberos.htx\gamez1\Dethkarz\DIRECTX\dsound.dll
[17:13:01] - [9] MIRKO.POZEN: Fichier envoyé: D:\kerberos.htx\gamez1\Dethkarz\DIRECTX\dsetup32.dll (50,50 K/S -   51 712 bytes)
[17:13:02] - [9] MIRKO.POZEN: Début du Téléchargement de: D:\kerberos.htx\gamez1\Dethkarz\DIRECTX\dsound.inf
[17:13:02] - [9] MIRKO.POZEN: Fichier envoyé: D:\kerberos.htx\gamez1\Dethkarz\DIRECTX\dsound.inf (0,80 K/S -    815 bytes)
[17:13:02] - [13] MIRKO.POZEN: Fichier envoyé: D:\kerberos.htx\gamez1\Dethkarz\DIRECTX\dsound.dll (130,77 K/S -   133 904 bytes)
[17:13:02] - [9] MIRKO.POZEN: Début du Téléchargement de: D:\kerberos.htx\gamez1\Dethkarz\DIRECTX\dsound.vxd
[17:13:02] - [13] MIRKO.POZEN: Début du Téléchargement de: D:\kerberos.htx\gamez1\Dethkarz\DIRECTX\dx6migr.inf
[17:13:02] - [13] MIRKO.POZEN: Fichier envoyé: D:\kerberos.htx\gamez1\Dethkarz\DIRECTX\dx6migr.inf (10,06 K/S -   10 301 bytes)
[17:13:02] - [9] MIRKO.POZEN: Fichier envoyé: D:\kerberos.htx\gamez1\Dethkarz\DIRECTX\dsound.vxd (62,93 K/S -   64 443 bytes)
[17:13:02] - [13] MIRKO.POZEN: Début du Téléchargement de: D:\kerberos.htx\gamez1\Dethkarz\DIRECTX\DXAPI.sys
[17:13:03] - [13] MIRKO.POZEN: Fichier envoyé: D:\kerberos.htx\gamez1\Dethkarz\DIRECTX\DXAPI.sys (2,33 K/S -   2 384 bytes)
[17:13:03] - [9] MIRKO.POZEN: Début du Téléchargement de: D:\kerberos.htx\gamez1\Dethkarz\DIRECTX\dxdiag.cnt
[17:13:03] - [9] MIRKO.POZEN: Fichier envoyé: D:\kerberos.htx\gamez1\Dethkarz\DIRECTX\dxdiag.cnt (0,45 K/S -    461 bytes)
[17:13:03] - [13] MIRKO.POZEN: Début du Téléchargement de: D:\kerberos.htx\gamez1\Dethkarz\DIRECTX\dxdiag.exe
[17:13:03] - [9] MIRKO.POZEN: Début du Téléchargement de: D:\kerberos.htx\gamez1\Dethkarz\DIRECTX\dxdiag.hlp
[17:13:03] - [9] MIRKO.POZEN: Fichier envoyé: D:\kerberos.htx\gamez1\Dethkarz\DIRECTX\dxdiag.hlp (14,94 K/S -   15 301 bytes)
[17:13:03] - [9] MIRKO.POZEN: Début du Téléchargement de: D:\kerberos.htx\gamez1\Dethkarz\DIRECTX\dxinfo.exe
[17:13:05] - [13] MIRKO.POZEN: Fichier envoyé: D:\kerberos.htx\gamez1\Dethkarz\DIRECTX\dxdiag.exe (139,88 K/S -   286 480 bytes)
[17:13:05] - [13] MIRKO.POZEN: Début du Téléchargement de: D:\kerberos.htx\gamez1\Dethkarz\DIRECTX\DXINFO.INI
[17:13:05] - [13] MIRKO.POZEN: Fichier envoyé: D:\kerberos.htx\gamez1\Dethkarz\DIRECTX\DXINFO.INI (0,03 K/S -    35 bytes)
[17:13:05] - [9] MIRKO.POZEN: Fichier envoyé: D:\kerberos.htx\gamez1\Dethkarz\DIRECTX\dxinfo.exe (302,50 K/S -   309 760 bytes)
[17:13:05] - [13] MIRKO.POZEN: Début du Téléchargement de: D:\kerberos.htx\gamez1\Dethkarz\DIRECTX\dxmigr.dll
[17:13:05] - [13] MIRKO.POZEN: Fichier envoyé: D:\kerberos.htx\gamez1\Dethkarz\DIRECTX\dxmigr.dll (4,56 K/S -   4 672 bytes)
[17:13:05] - [13] MIRKO.POZEN: Début du Téléchargement de: D:\kerberos.htx\gamez1\Dethkarz\DIRECTX\dxsetup.exe
[17:13:05] - [13] MIRKO.POZEN: Fichier envoyé: D:\kerberos.htx\gamez1\Dethkarz\DIRECTX\dxsetup.exe (84,50 K/S -   86 528 bytes)
[17:13:06] - [9] MIRKO.POZEN: Début du Téléchargement de: D:\kerberos.htx\gamez1\Dethkarz\DIRECTX\dxver.inf
[17:13:06] - [9] MIRKO.POZEN: Fichier envoyé: D:\kerberos.htx\gamez1\Dethkarz\DIRECTX\dxver.inf (0,20 K/S -    208 bytes)
[17:13:06] - [13] MIRKO.POZEN: Début du Téléchargement de: D:\kerberos.htx\gamez1\Dethkarz\DIRECTX\gcdef.dll
[17:13:06] - [9] MIRKO.POZEN: Début du Téléchargement de: D:\kerberos.htx\gamez1\Dethkarz\DIRECTX\gchand.dll
[17:13:06] - [9] MIRKO.POZEN: Fichier envoyé: D:\kerberos.htx\gamez1\Dethkarz\DIRECTX\gchand.dll (78,50 K/S -   80 384 bytes)
[17:13:06] - [9] MIRKO.POZEN: Début du Téléchargement de: D:\kerberos.htx\gamez1\Dethkarz\DIRECTX\joy.cpl
[17:13:07] - [9] MIRKO.POZEN: Fichier envoyé: D:\kerberos.htx\gamez1\Dethkarz\DIRECTX\joy.cpl (224,50 K/S -   229 888 bytes)
[17:13:07] - [9] MIRKO.POZEN: Début du Téléchargement de: D:\kerberos.htx\gamez1\Dethkarz\DIRECTX\msanalog.vxd
[17:13:07] - [9] MIRKO.POZEN: Fichier envoyé: D:\kerberos.htx\gamez1\Dethkarz\DIRECTX\msanalog.vxd (11,82 K/S -   12 101 bytes)
[17:13:07] - [9] MIRKO.POZEN: Répertoire en Cours: D:\kerberos.htx\gamez1\Dethkarz\Device Libraries\
[17:13:08] - [9] MIRKO.POZEN: Début du Téléchargement de: D:\kerberos.htx\gamez1\Dethkarz\Device Libraries\Vertigo 3Dfx (Glide 2).dll
[17:13:08] - [13] MIRKO.POZEN: Fichier envoyé: D:\kerberos.htx\gamez1\Dethkarz\DIRECTX\gcdef.dll (275,50 K/S -   564 224 bytes)
[17:13:08] - [9] MIRKO.POZEN: Fichier envoyé: D:\kerberos.htx\gamez1\Dethkarz\Device Libraries\Vertigo 3Dfx (Glide 2).dll (76,00 K/S -   77 824 bytes)
[17:13:08] - [13] MIRKO.POZEN: Répertoire en Cours: D:\kerberos.htx\gamez1\Dethkarz\Device Libraries\
[17:13:08] - [13] MIRKO.POZEN: Début du Téléchargement de: D:\kerberos.htx\gamez1\Dethkarz\Device Libraries\Vertigo Direct3D.dll
[17:13:08] - [9] MIRKO.POZEN: Début du Téléchargement de: D:\kerberos.htx\gamez1\Dethkarz\Device Libraries\Vertigo Software (555).dll
[17:13:09] - [13] MIRKO.POZEN: Fichier envoyé: D:\kerberos.htx\gamez1\Dethkarz\Device Libraries\Vertigo Direct3D.dll (124,00 K/S -   126 976 bytes)
[17:13:09] - [13] MIRKO.POZEN: Début du Téléchargement de: D:\kerberos.htx\gamez1\Dethkarz\Device Libraries\Vertigo Software (565).dll
[17:13:09] - [9] MIRKO.POZEN: Fichier envoyé: D:\kerberos.htx\gamez1\Dethkarz\Device Libraries\Vertigo Software (555).dll (156,10 K/S -   159 849 bytes)
[17:13:09] - [9] MIRKO.POZEN: Répertoire en Cours: D:\kerberos.htx\gamez1\Dethkarz\Data\
[17:13:09] - [9] MIRKO.POZEN: Début du Téléchargement de: D:\kerberos.htx\gamez1\Dethkarz\Data\Dethkarz.dkz
[17:13:10] - [13] MIRKO.POZEN: Fichier envoyé: D:\kerberos.htx\gamez1\Dethkarz\Device Libraries\Vertigo Software (565).dll (156,10 K/S -   159 849 bytes)
[17:13:10] - [13] MIRKO.POZEN: Répertoire en Cours: D:\kerberos.htx\gamez1\Dethkarz\Data\
[17:13:10] - [13] MIRKO.POZEN: Début du Téléchargement de: D:\kerberos.htx\gamez1\Dethkarz\Data\dk.db
[17:13:12] - [13] MIRKO.POZEN: Fichier envoyé: D:\kerberos.htx\gamez1\Dethkarz\Data\dk.db (481,59 K/S -   986 292 bytes)
[17:13:12] - [13] MIRKO.POZEN: Début du Téléchargement de: D:\kerberos.htx\gamez1\Dethkarz\Data\pleaseWait.bmp
[17:13:14] - [13] MIRKO.POZEN: Fichier envoyé: D:\kerberos.htx\gamez1\Dethkarz\Data\pleaseWait.bmp (450,03 K/S -   921 654 bytes)
[17:13:14] - [13] MIRKO.POZEN: Début du Téléchargement de: D:\kerberos.htx\gamez1\Dethkarz\Data\pleaseWait8.bmp
[17:13:15] - [13] MIRKO.POZEN: Fichier envoyé: D:\kerberos.htx\gamez1\Dethkarz\Data\pleaseWait8.bmp (301,05 K/S -   308 278 bytes)
[17:13:15] - [13] MIRKO.POZEN: Début du Téléchargement de: D:\kerberos.htx\gamez1\Dethkarz\Data\pspbrwse.jbf
[17:13:15] - [13] MIRKO.POZEN: Fichier envoyé: D:\kerberos.htx\gamez1\Dethkarz\Data\pspbrwse.jbf (17,79 K/S -   18 219 bytes)
[17:13:15] - [13] MIRKO.POZEN: Début du Téléchargement de: D:\kerberos.htx\gamez1\Dethkarz\Data\savegame0.dks
[17:13:15] - [13] MIRKO.POZEN: Fichier envoyé: D:\kerberos.htx\gamez1\Dethkarz\Data\savegame0.dks (25,04 K/S -   25 640 bytes)
[17:13:15] - [13] MIRKO.POZEN: Début du Téléchargement de: D:\kerberos.htx\gamez1\Dethkarz\Data\savegame1.dks
[17:13:15] - [13] MIRKO.POZEN: Fichier envoyé: D:\kerberos.htx\gamez1\Dethkarz\Data\savegame1.dks (25,04 K/S -   25 640 bytes)
[17:13:16] - [13] MIRKO.POZEN: Début du Téléchargement de: D:\kerberos.htx\gamez1\Dethkarz\Data\savegame2.dks
[17:13:16] - [13] MIRKO.POZEN: Fichier envoyé: D:\kerberos.htx\gamez1\Dethkarz\Data\savegame2.dks (25,04 K/S -   25 640 bytes)
[17:13:16] - [13] MIRKO.POZEN: Début du Téléchargement de: D:\kerberos.htx\gamez1\Dethkarz\Data\savegame3.dks
[17:13:16] - [13] MIRKO.POZEN: Fichier envoyé: D:\kerberos.htx\gamez1\Dethkarz\Data\savegame3.dks (25,04 K/S -   25 640 bytes)
[17:13:16] - [13] MIRKO.POZEN: Début du Téléchargement de: D:\kerberos.htx\gamez1\Dethkarz\Data\savegame4.dks
[17:13:16] - [13] MIRKO.POZEN: Fichier envoyé: D:\kerberos.htx\gamez1\Dethkarz\Data\savegame4.dks (25,04 K/S -   25 640 bytes)
[17:13:16] - [13] MIRKO.POZEN: Répertoire en Cours: D:\kerberos.htx\gamez1\Dethkarz\Data\Sounds\
[17:13:17] - [13] MIRKO.POZEN: Début du Téléchargement de: D:\kerberos.htx\gamez1\Dethkarz\Data\Sounds\DK_SND11.SLV
[17:13:22] - [13] MIRKO.POZEN: Fichier envoyé: D:\kerberos.htx\gamez1\Dethkarz\Data\Sounds\DK_SND11.SLV (463,02 K/S -  2 370 686 bytes)
[17:13:22] - [13] MIRKO.POZEN: Début du Téléchargement de: D:\kerberos.htx\gamez1\Dethkarz\Data\Sounds\DK_SOUND.SLV
[17:13:33] - [13] MIRKO.POZEN: Fichier envoyé: D:\kerberos.htx\gamez1\Dethkarz\Data\Sounds\DK_SOUND.SLV (420,00 K/S -  4 730 908 bytes)
[17:13:33] - [13] MIRKO.POZEN: Répertoire en Cours: D:\kerberos.htx\gamez1\Dethkarz\Data\Replays\
[17:13:33] - [13] MIRKO.POZEN: Début du Téléchargement de: D:\kerberos.htx\gamez1\Dethkarz\Data\Replays\Attract_GrandKeys_Long.Joy.30
[17:13:33] - [13] MIRKO.POZEN: Fichier envoyé: D:\kerberos.htx\gamez1\Dethkarz\Data\Replays\Attract_GrandKeys_Long.Joy.30 (113,80 K/S -   116 530 bytes)
[17:13:33] - [13] MIRKO.POZEN: Début du Téléchargement de: D:\kerberos.htx\gamez1\Dethkarz\Data\Replays\Attract_GrandKeys_Long.Joy.60
[17:13:34] - [13] MIRKO.POZEN: Fichier envoyé: D:\kerberos.htx\gamez1\Dethkarz\Data\Replays\Attract_GrandKeys_Long.Joy.60 (172,19 K/S -   176 322 bytes)
[17:13:34] - [13] MIRKO.POZEN: Début du Téléchargement de: D:\kerberos.htx\gamez1\Dethkarz\Data\Replays\Attract_GrandKeys_Long.Joy.db.30
[17:13:36] - [13] MIRKO.POZEN: Fichier envoyé: D:\kerberos.htx\gamez1\Dethkarz\Data\Replays\Attract_GrandKeys_Long.Joy.db.30 (516,22 K/S -  1 057 228 bytes)
[17:13:36] - [13] MIRKO.POZEN: Début du Téléchargement de: D:\kerberos.htx\gamez1\Dethkarz\Data\Replays\Attract_GrandKeys_Long.Joy.db.60
[17:13:38] - [13] MIRKO.POZEN: Fichier envoyé: D:\kerberos.htx\gamez1\Dethkarz\Data\Replays\Attract_GrandKeys_Long.Joy.db.60 (516,22 K/S -  1 057 228 bytes)
[17:13:38] - [13] MIRKO.POZEN: Début du Téléchargement de: D:\kerberos.htx\gamez1\Dethkarz\Data\Replays\Attract_MetroCity_Long.Joy.30
[17:13:39] - [13] MIRKO.POZEN: Fichier envoyé: D:\kerberos.htx\gamez1\Dethkarz\Data\Replays\Attract_MetroCity_Long.Joy.30 (110,17 K/S -   112 818 bytes)
[17:13:39] - [13] MIRKO.POZEN: Début du Téléchargement de: D:\kerberos.htx\gamez1\Dethkarz\Data\Replays\Attract_MetroCity_Long.Joy.60
[17:13:39] - [13] MIRKO.POZEN: Fichier envoyé: D:\kerberos.htx\gamez1\Dethkarz\Data\Replays\Attract_MetroCity_Long.Joy.60 (175,13 K/S -   179 330 bytes)
[17:13:39] - [13] MIRKO.POZEN: Début du Téléchargement de: D:\kerberos.htx\gamez1\Dethkarz\Data\Replays\Attract_MetroCity_Long.Joy.db.30
[17:13:41] - [13] MIRKO.POZEN: Fichier envoyé: D:\kerberos.htx\gamez1\Dethkarz\Data\Replays\Attract_MetroCity_Long.Joy.db.30 (516,22 K/S -  1 057 228 bytes)
[17:13:41] - [13] MIRKO.POZEN: Début du Téléchargement de: D:\kerberos.htx\gamez1\Dethkarz\Data\Replays\Attract_MetroCity_Long.Joy.db.60
[17:13:43] - [13] MIRKO.POZEN: Fichier envoyé: D:\kerberos.htx\gamez1\Dethkarz\Data\Replays\Attract_MetroCity_Long.Joy.db.60 (516,22 K/S -  1 057 228 bytes)
[17:13:43] - [13] MIRKO.POZEN: Début du Téléchargement de: D:\kerberos.htx\gamez1\Dethkarz\Data\Replays\Attract_RedPlanet_Long.Joy.30
[17:13:44] - [13] MIRKO.POZEN: Fichier envoyé: D:\kerberos.htx\gamez1\Dethkarz\Data\Replays\Attract_RedPlanet_Long.Joy.30 (108,49 K/S -   111 090 bytes)
[17:13:44] - [13] MIRKO.POZEN: Début du Téléchargement de: D:\kerberos.htx\gamez1\Dethkarz\Data\Replays\Attract_RedPlanet_Long.Joy.60
[17:13:44] - [13] MIRKO.POZEN: Fichier envoyé: D:\kerberos.htx\gamez1\Dethkarz\Data\Replays\Attract_RedPlanet_Long.Joy.60 (182,42 K/S -   186 802 bytes)
[17:13:45] - [13] MIRKO.POZEN: Début du Téléchargement de: D:\kerberos.htx\gamez1\Dethkarz\Data\Replays\Attract_RedPlanet_Long.Joy.db.30
[17:13:47] - [13] MIRKO.POZEN: Fichier envoyé: D:\kerberos.htx\gamez1\Dethkarz\Data\Replays\Attract_RedPlanet_Long.Joy.db.30 (344,15 K/S -  1 057 228 bytes)
[17:13:47] - [13] MIRKO.POZEN: Début du Téléchargement de: D:\kerberos.htx\gamez1\Dethkarz\Data\Replays\Attract_RedPlanet_Long.Joy.db.60
[17:13:50] - [13] MIRKO.POZEN: Fichier envoyé: D:\kerberos.htx\gamez1\Dethkarz\Data\Replays\Attract_RedPlanet_Long.Joy.db.60 (344,15 K/S -  1 057 228 bytes)
[17:13:51] - [13] MIRKO.POZEN: Début du Téléchargement de: D:\kerberos.htx\gamez1\Dethkarz\Data\Replays\Attract_ThePole_Long.Joy.30
[17:13:51] - [13] MIRKO.POZEN: Fichier envoyé: D:\kerberos.htx\gamez1\Dethkarz\Data\Replays\Attract_ThePole_Long.Joy.30 (110,92 K/S -   113 586 bytes)
[17:13:51] - [13] MIRKO.POZEN: Début du Téléchargement de: D:\kerberos.htx\gamez1\Dethkarz\Data\Replays\Attract_ThePole_Long.Joy.60
[17:13:52] - [13] MIRKO.POZEN: Fichier envoyé: D:\kerberos.htx\gamez1\Dethkarz\Data\Replays\Attract_ThePole_Long.Joy.60 (185,69 K/S -   190 146 bytes)
[17:13:52] - [13] MIRKO.POZEN: Début du Téléchargement de: D:\kerberos.htx\gamez1\Dethkarz\Data\Replays\Attract_ThePole_Long.Joy.db.30
[17:13:54] - [13] MIRKO.POZEN: Fichier envoyé: D:\kerberos.htx\gamez1\Dethkarz\Data\Replays\Attract_ThePole_Long.Joy.db.30 (516,22 K/S -  1 057 228 bytes)
[17:13:54] - [13] MIRKO.POZEN: Début du Téléchargement de: D:\kerberos.htx\gamez1\Dethkarz\Data\Replays\Attract_ThePole_Long.Joy.db.60
[17:13:58] - [13] MIRKO.POZEN: Fichier envoyé: D:\kerberos.htx\gamez1\Dethkarz\Data\Replays\Attract_ThePole_Long.Joy.db.60 (258,11 K/S -  1 057 228 bytes)
[17:13:58] - [13] MIRKO.POZEN: Début du Téléchargement de: D:\kerberos.htx\gamez1\Dethkarz\Data\Replays\DK_GrandKeys_Long.Joy.30
[17:13:58] - [13] MIRKO.POZEN: Fichier envoyé: D:\kerberos.htx\gamez1\Dethkarz\Data\Replays\DK_GrandKeys_Long.Joy.30 (45,74 K/S -   46 834 bytes)
[17:13:58] - [13] MIRKO.POZEN: Début du Téléchargement de: D:\kerberos.htx\gamez1\Dethkarz\Data\Replays\DK_GrandKeys_Long.Joy.60
[17:13:58] - [13] MIRKO.POZEN: Fichier envoyé: D:\kerberos.htx\gamez1\Dethkarz\Data\Replays\DK_GrandKeys_Long.Joy.60 (45,74 K/S -   46 834 bytes)
[17:13:58] - [13] MIRKO.POZEN: Début du Téléchargement de: D:\kerberos.htx\gamez1\Dethkarz\Data\Replays\DK_GrandKeys_Medium.Joy.30
[17:13:59] - [13] MIRKO.POZEN: Fichier envoyé: D:\kerberos.htx\gamez1\Dethkarz\Data\Replays\DK_GrandKeys_Medium.Joy.30 (45,74 K/S -   46 834 bytes)
[17:13:59] - [13] MIRKO.POZEN: Début du Téléchargement de: D:\kerberos.htx\gamez1\Dethkarz\Data\Replays\DK_GrandKeys_Medium.Joy.60
[17:13:59] - [13] MIRKO.POZEN: Fichier envoyé: D:\kerberos.htx\gamez1\Dethkarz\Data\Replays\DK_GrandKeys_Medium.Joy.60 (45,74 K/S -   46 834 bytes)
[17:13:59] - [13] MIRKO.POZEN: Début du Téléchargement de: D:\kerberos.htx\gamez1\Dethkarz\Data\Replays\DK_GrandKeys_Short.Joy.30
[17:13:59] - [13] MIRKO.POZEN: Fichier envoyé: D:\kerberos.htx\gamez1\Dethkarz\Data\Replays\DK_GrandKeys_Short.Joy.30 (45,74 K/S -   46 834 bytes)
[17:13:59] - [13] MIRKO.POZEN: Début du Téléchargement de: D:\kerberos.htx\gamez1\Dethkarz\Data\Replays\DK_GrandKeys_Short.Joy.60
[17:14:00] - [13] MIRKO.POZEN: Fichier envoyé: D:\kerberos.htx\gamez1\Dethkarz\Data\Replays\DK_GrandKeys_Short.Joy.60 (45,74 K/S -   46 834 bytes)
[17:14:00] - [13] MIRKO.POZEN: Début du Téléchargement de: D:\kerberos.htx\gamez1\Dethkarz\Data\Replays\DK_MetroCity_Long.Joy.30
[17:14:00] - [13] MIRKO.POZEN: Fichier envoyé: D:\kerberos.htx\gamez1\Dethkarz\Data\Replays\DK_MetroCity_Long.Joy.30 (45,74 K/S -   46 834 bytes)
[17:14:00] - [13] MIRKO.POZEN: Début du Téléchargement de: D:\kerberos.htx\gamez1\Dethkarz\Data\Replays\DK_MetroCity_Long.Joy.60
[17:14:00] - [13] MIRKO.POZEN: Fichier envoyé: D:\kerberos.htx\gamez1\Dethkarz\Data\Replays\DK_MetroCity_Long.Joy.60 (45,74 K/S -   46 834 bytes)
[17:14:00] - [13] MIRKO.POZEN: Début du Téléchargement de: D:\kerberos.htx\gamez1\Dethkarz\Data\Replays\DK_MetroCity_Medium.Joy.30
[17:14:01] - [13] MIRKO.POZEN: Fichier envoyé: D:\kerberos.htx\gamez1\Dethkarz\Data\Replays\DK_MetroCity_Medium.Joy.30 (45,74 K/S -   46 834 bytes)
[17:14:01] - [13] MIRKO.POZEN: Début du Téléchargement de: D:\kerberos.htx\gamez1\Dethkarz\Data\Replays\DK_MetroCity_Medium.Joy.60
[17:14:01] - [13] MIRKO.POZEN: Fichier envoyé: D:\kerberos.htx\gamez1\Dethkarz\Data\Replays\DK_MetroCity_Medium.Joy.60 (45,74 K/S -   46 834 bytes)
[17:14:01] - [13] MIRKO.POZEN: Début du Téléchargement de: D:\kerberos.htx\gamez1\Dethkarz\Data\Replays\DK_MetroCity_Short.Joy.30
[17:14:01] - [13] MIRKO.POZEN: Fichier envoyé: D:\kerberos.htx\gamez1\Dethkarz\Data\Replays\DK_MetroCity_Short.Joy.30 (44,00 K/S -   45 056 bytes)
[17:14:01] - [13] MIRKO.POZEN: Début du Téléchargement de: D:\kerberos.htx\gamez1\Dethkarz\Data\Replays\DK_MetroCity_Short.Joy.60
[17:14:01] - [13] MIRKO.POZEN: Fichier envoyé: D:\kerberos.htx\gamez1\Dethkarz\Data\Replays\DK_MetroCity_Short.Joy.60 (45,74 K/S -   46 834 bytes)
[17:14:02] - [13] MIRKO.POZEN: Début du Téléchargement de: D:\kerberos.htx\gamez1\Dethkarz\Data\Replays\DK_RedPlanet_Long.Joy.30
[17:14:02] - [13] MIRKO.POZEN: Fichier envoyé: D:\kerberos.htx\gamez1\Dethkarz\Data\Replays\DK_RedPlanet_Long.Joy.30 (45,74 K/S -   46 834 bytes)
[17:14:02] - [13] MIRKO.POZEN: Début du Téléchargement de: D:\kerberos.htx\gamez1\Dethkarz\Data\Replays\DK_RedPlanet_Long.Joy.60
[17:14:02] - [13] MIRKO.POZEN: Fichier envoyé: D:\kerberos.htx\gamez1\Dethkarz\Data\Replays\DK_RedPlanet_Long.Joy.60 (45,74 K/S -   46 834 bytes)
[17:14:02] - [13] MIRKO.POZEN: Début du Téléchargement de: D:\kerberos.htx\gamez1\Dethkarz\Data\Replays\DK_RedPlanet_Medium.Joy.30
[17:14:02] - [13] MIRKO.POZEN: Fichier envoyé: D:\kerberos.htx\gamez1\Dethkarz\Data\Replays\DK_RedPlanet_Medium.Joy.30 (45,74 K/S -   46 834 bytes)
[17:14:03] - [13] MIRKO.POZEN: Début du Téléchargement de: D:\kerberos.htx\gamez1\Dethkarz\Data\Replays\DK_RedPlanet_Medium.Joy.60
[17:14:03] - [13] MIRKO.POZEN: Fichier envoyé: D:\kerberos.htx\gamez1\Dethkarz\Data\Replays\DK_RedPlanet_Medium.Joy.60 (45,74 K/S -   46 834 bytes)
[17:14:04] - [13] MIRKO.POZEN: Début du Téléchargement de: D:\kerberos.htx\gamez1\Dethkarz\Data\Replays\DK_RedPlanet_Short.Joy.30
[17:14:04] - [13] MIRKO.POZEN: Fichier envoyé: D:\kerberos.htx\gamez1\Dethkarz\Data\Replays\DK_RedPlanet_Short.Joy.30 (44,00 K/S -   45 056 bytes)
[17:14:04] - [13] MIRKO.POZEN: Début du Téléchargement de: D:\kerberos.htx\gamez1\Dethkarz\Data\Replays\DK_RedPlanet_Short.Joy.60
[17:14:04] - [13] MIRKO.POZEN: Fichier envoyé: D:\kerberos.htx\gamez1\Dethkarz\Data\Replays\DK_RedPlanet_Short.Joy.60 (45,74 K/S -   46 834 bytes)
[17:14:04] - [13] MIRKO.POZEN: Début du Téléchargement de: D:\kerberos.htx\gamez1\Dethkarz\Data\Replays\DK_ThePole_Long.Joy.30
[17:14:04] - [13] MIRKO.POZEN: Fichier envoyé: D:\kerberos.htx\gamez1\Dethkarz\Data\Replays\DK_ThePole_Long.Joy.30 (45,74 K/S -   46 834 bytes)
[17:14:04] - [13] MIRKO.POZEN: Début du Téléchargement de: D:\kerberos.htx\gamez1\Dethkarz\Data\Replays\DK_ThePole_Long.Joy.60
[17:14:05] - [13] MIRKO.POZEN: Fichier envoyé: D:\kerberos.htx\gamez1\Dethkarz\Data\Replays\DK_ThePole_Long.Joy.60 (45,74 K/S -   46 834 bytes)
[17:14:05] - [13] MIRKO.POZEN: Début du Téléchargement de: D:\kerberos.htx\gamez1\Dethkarz\Data\Replays\DK_ThePole_Medium.Joy.30
[17:14:05] - [13] MIRKO.POZEN: Fichier envoyé: D:\kerberos.htx\gamez1\Dethkarz\Data\Replays\DK_ThePole_Medium.Joy.30 (45,74 K/S -   46 834 bytes)
[17:14:05] - [13] MIRKO.POZEN: Début du Téléchargement de: D:\kerberos.htx\gamez1\Dethkarz\Data\Replays\DK_ThePole_Medium.Joy.60
[17:14:05] - [13] MIRKO.POZEN: Fichier envoyé: D:\kerberos.htx\gamez1\Dethkarz\Data\Replays\DK_ThePole_Medium.Joy.60 (45,74 K/S -   46 834 bytes)
[17:14:05] - [13] MIRKO.POZEN: Début du Téléchargement de: D:\kerberos.htx\gamez1\Dethkarz\Data\Replays\DK_ThePole_Short.Joy.30
[17:14:06] - [13] MIRKO.POZEN: Fichier envoyé: D:\kerberos.htx\gamez1\Dethkarz\Data\Replays\DK_ThePole_Short.Joy.30 (44,00 K/S -   45 056 bytes)
[17:14:06] - [13] MIRKO.POZEN: Début du Téléchargement de: D:\kerberos.htx\gamez1\Dethkarz\Data\Replays\DK_ThePole_Short.Joy.60
[17:14:06] - [13] MIRKO.POZEN: Fichier envoyé: D:\kerberos.htx\gamez1\Dethkarz\Data\Replays\DK_ThePole_Short.Joy.60 (45,74 K/S -   46 834 bytes)
[17:14:06] - [13] MIRKO.POZEN: Répertoire en Cours: D:\kerberos.htx\gamez1\Dethkarz\Data\Ghosts\
[17:14:06] - [13] MIRKO.POZEN: Début du Téléchargement de: D:\kerberos.htx\gamez1\Dethkarz\Data\Ghosts\Local_GrandKeys_Long.ghost
[17:14:06] - [13] MIRKO.POZEN: Fichier envoyé: D:\kerberos.htx\gamez1\Dethkarz\Data\Ghosts\Local_GrandKeys_Long.ghost (78,82 K/S -   80 708 bytes)
[17:14:07] - [13] MIRKO.POZEN: Début du Téléchargement de: D:\kerberos.htx\gamez1\Dethkarz\Data\Ghosts\Local_GrandKeys_Medium.ghost
[17:14:07] - [13] MIRKO.POZEN: Fichier envoyé: D:\kerberos.htx\gamez1\Dethkarz\Data\Ghosts\Local_GrandKeys_Medium.ghost (46,41 K/S -   47 528 bytes)
[17:14:07] - [13] MIRKO.POZEN: Début du Téléchargement de: D:\kerberos.htx\gamez1\Dethkarz\Data\Ghosts\Local_GrandKeys_Short.ghost
[17:14:07] - [13] MIRKO.POZEN: Fichier envoyé: D:\kerberos.htx\gamez1\Dethkarz\Data\Ghosts\Local_GrandKeys_Short.ghost (43,35 K/S -   44 392 bytes)
[17:14:07] - [13] MIRKO.POZEN: Début du Téléchargement de: D:\kerberos.htx\gamez1\Dethkarz\Data\Ghosts\Local_MetroCity_Long.ghost
[17:14:07] - [13] MIRKO.POZEN: Fichier envoyé: D:\kerberos.htx\gamez1\Dethkarz\Data\Ghosts\Local_MetroCity_Long.ghost (55,82 K/S -   57 160 bytes)
[17:14:08] - [13] MIRKO.POZEN: Début du Téléchargement de: D:\kerberos.htx\gamez1\Dethkarz\Data\Ghosts\Local_MetroCity_Medium.ghost
[17:14:08] - [13] MIRKO.POZEN: Fichier envoyé: D:\kerberos.htx\gamez1\Dethkarz\Data\Ghosts\Local_MetroCity_Medium.ghost (45,65 K/S -   46 744 bytes)
[17:14:08] - [13] MIRKO.POZEN: Début du Téléchargement de: D:\kerberos.htx\gamez1\Dethkarz\Data\Ghosts\Local_MetroCity_Short.ghost
[17:14:08] - [13] MIRKO.POZEN: Fichier envoyé: D:\kerberos.htx\gamez1\Dethkarz\Data\Ghosts\Local_MetroCity_Short.ghost (28,01 K/S -   28 684 bytes)
[17:14:08] - [13] MIRKO.POZEN: Début du Téléchargement de: D:\kerberos.htx\gamez1\Dethkarz\Data\Ghosts\Local_RedPlanet_Long.ghost
[17:14:09] - [13] MIRKO.POZEN: Fichier envoyé: D:\kerberos.htx\gamez1\Dethkarz\Data\Ghosts\Local_RedPlanet_Long.ghost (125,08 K/S -   128 084 bytes)
[17:14:09] - [13] MIRKO.POZEN: Début du Téléchargement de: D:\kerberos.htx\gamez1\Dethkarz\Data\Ghosts\Local_RedPlanet_Medium.ghost
[17:14:09] - [13] MIRKO.POZEN: Fichier envoyé: D:\kerberos.htx\gamez1\Dethkarz\Data\Ghosts\Local_RedPlanet_Medium.ghost (102,33 K/S -   104 788 bytes)
[17:14:09] - [13] MIRKO.POZEN: Début du Téléchargement de: D:\kerberos.htx\gamez1\Dethkarz\Data\Ghosts\Local_RedPlanet_Short.ghost
[17:14:10] - [13] MIRKO.POZEN: Fichier envoyé: D:\kerberos.htx\gamez1\Dethkarz\Data\Ghosts\Local_RedPlanet_Short.ghost (66,38 K/S -   67 968 bytes)
[17:14:10] - [13] MIRKO.POZEN: Début du Téléchargement de: D:\kerberos.htx\gamez1\Dethkarz\Data\Ghosts\Local_ThePole_Long.ghost
[17:14:10] - [13] MIRKO.POZEN: Fichier envoyé: D:\kerberos.htx\gamez1\Dethkarz\Data\Ghosts\Local_ThePole_Long.ghost (70,72 K/S -   72 420 bytes)
[17:14:10] - [13] MIRKO.POZEN: Début du Téléchargement de: D:\kerberos.htx\gamez1\Dethkarz\Data\Ghosts\Local_ThePole_Medium.ghost
[17:14:10] - [13] MIRKO.POZEN: Fichier envoyé: D:\kerberos.htx\gamez1\Dethkarz\Data\Ghosts\Local_ThePole_Medium.ghost (43,84 K/S -   44 896 bytes)
[17:14:11] - [13] MIRKO.POZEN: Début du Téléchargement de: D:\kerberos.htx\gamez1\Dethkarz\Data\Ghosts\Local_ThePole_Short.ghost
[17:14:11] - [13] MIRKO.POZEN: Fichier envoyé: D:\kerberos.htx\gamez1\Dethkarz\Data\Ghosts\Local_ThePole_Short.ghost (26,75 K/S -   27 396 bytes)
[17:14:11] - [13] MIRKO.POZEN: Répertoire en Cours: D:\kerberos.htx\gamez1\Dethkarz\Data\FMV\
[17:14:11] - [13] MIRKO.POZEN: Début du Téléchargement de: D:\kerberos.htx\gamez1\Dethkarz\Data\FMV\dk_intro.vbc
[17:14:53] - [13] MIRKO.POZEN: Fichier envoyé: D:\kerberos.htx\gamez1\Dethkarz\Data\FMV\dk_intro.vbc (449,43 K/S -  19 789 131 bytes)
[17:14:54] - [13] MIRKO.POZEN: Début du Téléchargement de: D:\kerberos.htx\gamez1\Dethkarz\Data\FMV\mh_logo.vbc
[17:15:09] - [13] MIRKO.POZEN: Fichier envoyé: D:\kerberos.htx\gamez1\Dethkarz\Data\FMV\mh_logo.vbc (431,85 K/S -  6 633 223 bytes)
[17:15:09] - [13] MIRKO.POZEN: Début du Téléchargement de: D:\kerberos.htx\gamez1\Dethkarz\Data\FMV\robot.vbc
[17:15:13] - [13] MIRKO.POZEN: Fichier envoyé: D:\kerberos.htx\gamez1\Dethkarz\Data\FMV\robot.vbc (353,59 K/S -  1 086 216 bytes)
[17:15:44] - [13] Client 192.168.0.1 Déconnecté (00:07:35 Min)
[17:16:14] - [9] MIRKO.POZEN: Fichier envoyé: D:\kerberos.htx\gamez1\Dethkarz\Data\Dethkarz.dkz (507,87 K/S -  96 211 583 bytes)
[17:16:31] - [9] Client 192.168.0.1 Déconnecté (00:31:11 Min)
[17:16:31] - [8] Client 192.168.0.1 Déconnecté (00:32:15 Min)
[17:28:48] - [14] Connecté à 192.168.0.1. Collecte du Nom d'utilisateur.
[17:28:48] - [14] Usager MIRKO.POZEN Connecté IP: 192.168.0.1
[17:28:48] - [14] MIRKO.POZEN: Répertoire en Cours: D:\kerberos.htx\
[17:28:48] - [14] MIRKO.POZEN: Répertoire en Cours: D:\kerberos.htx\
[17:29:22] - [15] Connecté à 192.168.0.1. Collecte du Nom d'utilisateur.
[17:29:22] - [15] Usager MIRKO.POZEN Connecté IP: 192.168.0.1
[17:29:22] - [15] MIRKO.POZEN: Répertoire en Cours: D:\kerberos.htx\
[17:29:22] - [15] MIRKO.POZEN: Répertoire en Cours: D:\kerberos.htx\
[17:29:22] - [15] MIRKO.POZEN: Début d'Upload de D:\kerberos.htx\PeerBlock_r693__Win32_Release.zip
[17:29:23] - [15] MIRKO.POZEN: Fichier Upload: D:\kerberos.htx\PeerBlock_r693__Win32_Release.zip (932,22 K/S -   954 591 bytes)
[17:29:26] - [15] Client 192.168.0.1 Déconnecté (00:00:04 Min)
[17:29:26] - [14] Client 192.168.0.1 Déconnecté (00:00:38 Min)
[20:07:40] - [16] Connecté à 196.52.43.57. Collecte du Nom d'utilisateur.
[20:08:12] - [16] Client 196.52.43.57 Déconnecté (00:00:31 Min)
