[12:23:47] - Serveur Démarré
[12:23:47] - FTP Port: 21
[12:25:07] - [1] Connecté à 192.168.0.1. Collecte du Nom d'utilisateur.
[12:25:07] - [1] Usager MIRKO.POZEN Connecté IP: 192.168.0.1
[12:25:07] - [1] MIRKO.POZEN: Répertoire en Cours: E:\kerberos.htx\
[12:25:07] - [1] MIRKO.POZEN: Répertoire en Cours: E:\kerberos.htx\
[12:25:16] - [1] MIRKO.POZEN: Répertoire en Cours: E:\kerberos.htx\exe\
[12:25:47] - [2] Connecté à 192.168.0.1. Collecte du Nom d'utilisateur.
[12:25:47] - [2] Usager MIRKO.POZEN Connecté IP: 192.168.0.1
[12:25:47] - [2] MIRKO.POZEN: Répertoire en Cours: E:\kerberos.htx\
[12:25:47] - [2] MIRKO.POZEN: Répertoire en Cours: E:\kerberos.htx\exe\
[12:25:47] - [2] MIRKO.POZEN: Début du Téléchargement de: E:\kerberos.htx\exe\pplfr165_x64comp.exe
[12:25:49] - [2] MIRKO.POZEN: Fichier envoyé: E:\kerberos.htx\exe\pplfr165_x64comp.exe (116,42 K/S -   238 430 bytes)
[12:26:13] - [2] Client 192.168.0.1 Déconnecté (00:00:25 Min)
[12:26:13] - [1] Client 192.168.0.1 Déconnecté (00:01:05 Min)
[12:27:36] - [3] Connecté à 192.168.0.1. Collecte du Nom d'utilisateur.
[12:27:36] - [3] Usager MIRKO.POZEN Connecté IP: 192.168.0.1
[12:27:36] - [3] MIRKO.POZEN: Répertoire en Cours: E:\kerberos.htx\
[12:27:37] - [3] MIRKO.POZEN: Répertoire en Cours: E:\kerberos.htx\
[12:27:42] - [3] MIRKO.POZEN: Répertoire en Cours: E:\kerberos.htx\exe\
[12:28:18] - [4] Connecté à 192.168.0.1. Collecte du Nom d'utilisateur.
[12:28:18] - [4] Usager MIRKO.POZEN Connecté IP: 192.168.0.1
[12:28:18] - [4] MIRKO.POZEN: Répertoire en Cours: E:\kerberos.htx\
[12:28:18] - [4] MIRKO.POZEN: Répertoire en Cours: E:\kerberos.htx\exe\
[12:28:18] - [4] MIRKO.POZEN: Début du Téléchargement de: E:\kerberos.htx\exe\vlc-media-player-3-0-4.exe
[12:29:21] - [4] MIRKO.POZEN: Fichier envoyé: E:\kerberos.htx\exe\vlc-media-player-3-0-4.exe (643,08 K/S -  41 486 400 bytes)
[12:29:52] - [4] Client 192.168.0.1 Déconnecté (00:01:34 Min)
[12:53:33] - [3] Client 192.168.0.1 Déconnecté (00:25:56 Min)
[16:20:43] - [5] Connecté à 192.168.0.1. Collecte du Nom d'utilisateur.
[16:20:43] - [5] Usager MIRKO.POZEN Connecté IP: 192.168.0.1
[16:20:43] - [5] MIRKO.POZEN: Répertoire en Cours: E:\kerberos.htx\
[16:20:43] - [5] MIRKO.POZEN: Répertoire en Cours: E:\kerberos.htx\
[16:21:12] - [5] MIRKO.POZEN: Répertoire en Cours: E:\kerberos.htx\Microsoft.Office.Professional.2007.FR.By Gervais\
[16:21:13] - [5] MIRKO.POZEN: Répertoire en Cours: E:\kerberos.htx\Microsoft.Office.Professional.2007.FR.By Gervais\WORD.FR-FR\
[16:21:13] - [5] MIRKO.POZEN: Répertoire en Cours: E:\kerberos.htx\Microsoft.Office.Professional.2007.FR.By Gervais\
[16:21:13] - [5] MIRKO.POZEN: Répertoire en Cours: E:\kerberos.htx\Microsoft.Office.Professional.2007.FR.By Gervais\UPDATES\
[16:21:13] - [5] MIRKO.POZEN: Répertoire en Cours: E:\kerberos.htx\Microsoft.Office.Professional.2007.FR.By Gervais\
[16:21:13] - [5] MIRKO.POZEN: Répertoire en Cours: E:\kerberos.htx\Microsoft.Office.Professional.2007.FR.By Gervais\ROSEBUD.FR-FR\
[16:21:14] - [5] MIRKO.POZEN: Répertoire en Cours: E:\kerberos.htx\Microsoft.Office.Professional.2007.FR.By Gervais\
[16:21:14] - [5] MIRKO.POZEN: Répertoire en Cours: E:\kerberos.htx\Microsoft.Office.Professional.2007.FR.By Gervais\PUBLISHER.FR-FR\
[16:21:14] - [5] MIRKO.POZEN: Répertoire en Cours: E:\kerberos.htx\Microsoft.Office.Professional.2007.FR.By Gervais\
[16:21:14] - [5] MIRKO.POZEN: Répertoire en Cours: E:\kerberos.htx\Microsoft.Office.Professional.2007.FR.By Gervais\PROPLUS.WW\
[16:21:14] - [5] MIRKO.POZEN: Répertoire en Cours: E:\kerberos.htx\Microsoft.Office.Professional.2007.FR.By Gervais\
[16:21:14] - [5] MIRKO.POZEN: Répertoire en Cours: E:\kerberos.htx\Microsoft.Office.Professional.2007.FR.By Gervais\PROOFING.FR-FR\
[16:21:14] - [5] MIRKO.POZEN: Répertoire en Cours: E:\kerberos.htx\Microsoft.Office.Professional.2007.FR.By Gervais\PROOFING.FR-FR\PROOF.NL\
[16:21:15] - [5] MIRKO.POZEN: Répertoire en Cours: E:\kerberos.htx\Microsoft.Office.Professional.2007.FR.By Gervais\PROOFING.FR-FR\
[16:21:15] - [5] MIRKO.POZEN: Répertoire en Cours: E:\kerberos.htx\Microsoft.Office.Professional.2007.FR.By Gervais\PROOFING.FR-FR\PROOF.FR\
[16:21:15] - [5] MIRKO.POZEN: Répertoire en Cours: E:\kerberos.htx\Microsoft.Office.Professional.2007.FR.By Gervais\PROOFING.FR-FR\
[16:21:15] - [5] MIRKO.POZEN: Répertoire en Cours: E:\kerberos.htx\Microsoft.Office.Professional.2007.FR.By Gervais\PROOFING.FR-FR\PROOF.ES\
[16:21:15] - [5] MIRKO.POZEN: Répertoire en Cours: E:\kerberos.htx\Microsoft.Office.Professional.2007.FR.By Gervais\PROOFING.FR-FR\
[16:21:15] - [5] MIRKO.POZEN: Répertoire en Cours: E:\kerberos.htx\Microsoft.Office.Professional.2007.FR.By Gervais\PROOFING.FR-FR\PROOF.EN\
[16:21:16] - [5] MIRKO.POZEN: Répertoire en Cours: E:\kerberos.htx\Microsoft.Office.Professional.2007.FR.By Gervais\PROOFING.FR-FR\
[16:21:16] - [5] MIRKO.POZEN: Répertoire en Cours: E:\kerberos.htx\Microsoft.Office.Professional.2007.FR.By Gervais\PROOFING.FR-FR\PROOF.DE\
[16:21:16] - [5] MIRKO.POZEN: Répertoire en Cours: E:\kerberos.htx\Microsoft.Office.Professional.2007.FR.By Gervais\PROOFING.FR-FR\
[16:21:16] - [5] MIRKO.POZEN: Répertoire en Cours: E:\kerberos.htx\Microsoft.Office.Professional.2007.FR.By Gervais\PROOFING.FR-FR\PROOF.AR\
[16:21:16] - [5] MIRKO.POZEN: Répertoire en Cours: E:\kerberos.htx\Microsoft.Office.Professional.2007.FR.By Gervais\
[16:21:16] - [5] MIRKO.POZEN: Répertoire en Cours: E:\kerberos.htx\Microsoft.Office.Professional.2007.FR.By Gervais\POWERPOINT.FR-FR\
[16:21:17] - [5] MIRKO.POZEN: Répertoire en Cours: E:\kerberos.htx\Microsoft.Office.Professional.2007.FR.By Gervais\
[16:21:17] - [5] MIRKO.POZEN: Répertoire en Cours: E:\kerberos.htx\Microsoft.Office.Professional.2007.FR.By Gervais\OUTLOOK.FR-FR\
[16:21:17] - [5] MIRKO.POZEN: Répertoire en Cours: E:\kerberos.htx\Microsoft.Office.Professional.2007.FR.By Gervais\
[16:21:17] - [5] MIRKO.POZEN: Répertoire en Cours: E:\kerberos.htx\Microsoft.Office.Professional.2007.FR.By Gervais\OFFICE64.FR-FR\
[16:21:17] - [5] MIRKO.POZEN: Répertoire en Cours: E:\kerberos.htx\Microsoft.Office.Professional.2007.FR.By Gervais\OFFICE64.FR-FR\INFOPATH.FR-FR\
[16:21:17] - [5] MIRKO.POZEN: Répertoire en Cours: E:\kerberos.htx\Microsoft.Office.Professional.2007.FR.By Gervais\
[16:21:17] - [5] MIRKO.POZEN: Répertoire en Cours: E:\kerberos.htx\Microsoft.Office.Professional.2007.FR.By Gervais\OFFICE.FR-FR\
[16:21:18] - [5] MIRKO.POZEN: Répertoire en Cours: E:\kerberos.htx\Microsoft.Office.Professional.2007.FR.By Gervais\OFFICE.FR-FR\1036\
[16:21:18] - [5] MIRKO.POZEN: Répertoire en Cours: E:\kerberos.htx\Microsoft.Office.Professional.2007.FR.By Gervais\
[16:21:18] - [5] MIRKO.POZEN: Répertoire en Cours: E:\kerberos.htx\Microsoft.Office.Professional.2007.FR.By Gervais\INFOPATH.FR-FR\
[16:21:18] - [5] MIRKO.POZEN: Répertoire en Cours: E:\kerberos.htx\Microsoft.Office.Professional.2007.FR.By Gervais\
[16:21:18] - [5] MIRKO.POZEN: Répertoire en Cours: E:\kerberos.htx\Microsoft.Office.Professional.2007.FR.By Gervais\EXCEL.FR-FR\
[16:21:19] - [5] MIRKO.POZEN: Répertoire en Cours: E:\kerberos.htx\Microsoft.Office.Professional.2007.FR.By Gervais\
[16:21:19] - [5] MIRKO.POZEN: Répertoire en Cours: E:\kerberos.htx\Microsoft.Office.Professional.2007.FR.By Gervais\CATALOG\
[16:21:19] - [5] MIRKO.POZEN: Répertoire en Cours: E:\kerberos.htx\Microsoft.Office.Professional.2007.FR.By Gervais\
[16:21:19] - [5] MIRKO.POZEN: Répertoire en Cours: E:\kerberos.htx\Microsoft.Office.Professional.2007.FR.By Gervais\ADMIN\
[16:21:19] - [5] MIRKO.POZEN: Répertoire en Cours: E:\kerberos.htx\Microsoft.Office.Professional.2007.FR.By Gervais\ADMIN\ZH-TW\
[16:21:20] - [5] MIRKO.POZEN: Répertoire en Cours: E:\kerberos.htx\Microsoft.Office.Professional.2007.FR.By Gervais\ADMIN\
[16:21:20] - [5] MIRKO.POZEN: Répertoire en Cours: E:\kerberos.htx\Microsoft.Office.Professional.2007.FR.By Gervais\ADMIN\ZH-CN\
[16:21:20] - [5] MIRKO.POZEN: Répertoire en Cours: E:\kerberos.htx\Microsoft.Office.Professional.2007.FR.By Gervais\ADMIN\
[16:21:20] - [5] MIRKO.POZEN: Répertoire en Cours: E:\kerberos.htx\Microsoft.Office.Professional.2007.FR.By Gervais\ADMIN\KO-KR\
[16:21:20] - [5] MIRKO.POZEN: Répertoire en Cours: E:\kerberos.htx\Microsoft.Office.Professional.2007.FR.By Gervais\ADMIN\
[16:21:20] - [5] MIRKO.POZEN: Répertoire en Cours: E:\kerberos.htx\Microsoft.Office.Professional.2007.FR.By Gervais\ADMIN\JA-JP\
[16:21:21] - [5] MIRKO.POZEN: Répertoire en Cours: E:\kerberos.htx\Microsoft.Office.Professional.2007.FR.By Gervais\ADMIN\
[16:21:21] - [5] MIRKO.POZEN: Répertoire en Cours: E:\kerberos.htx\Microsoft.Office.Professional.2007.FR.By Gervais\ADMIN\IT-IT\
[16:21:21] - [5] MIRKO.POZEN: Répertoire en Cours: E:\kerberos.htx\Microsoft.Office.Professional.2007.FR.By Gervais\ADMIN\
[16:21:21] - [5] MIRKO.POZEN: Répertoire en Cours: E:\kerberos.htx\Microsoft.Office.Professional.2007.FR.By Gervais\ADMIN\FR-FR\
[16:21:21] - [5] MIRKO.POZEN: Répertoire en Cours: E:\kerberos.htx\Microsoft.Office.Professional.2007.FR.By Gervais\ADMIN\
[16:21:21] - [5] MIRKO.POZEN: Répertoire en Cours: E:\kerberos.htx\Microsoft.Office.Professional.2007.FR.By Gervais\ADMIN\ES-ES\
[16:21:21] - [5] MIRKO.POZEN: Répertoire en Cours: E:\kerberos.htx\Microsoft.Office.Professional.2007.FR.By Gervais\ADMIN\
[16:21:22] - [5] MIRKO.POZEN: Répertoire en Cours: E:\kerberos.htx\Microsoft.Office.Professional.2007.FR.By Gervais\ADMIN\EN-US\
[16:21:22] - [5] MIRKO.POZEN: Répertoire en Cours: E:\kerberos.htx\Microsoft.Office.Professional.2007.FR.By Gervais\ADMIN\
[16:21:22] - [5] MIRKO.POZEN: Répertoire en Cours: E:\kerberos.htx\Microsoft.Office.Professional.2007.FR.By Gervais\ADMIN\DE-DE\
[16:21:22] - [5] MIRKO.POZEN: Répertoire en Cours: E:\kerberos.htx\Microsoft.Office.Professional.2007.FR.By Gervais\
[16:21:22] - [5] MIRKO.POZEN: Répertoire en Cours: E:\kerberos.htx\Microsoft.Office.Professional.2007.FR.By Gervais\ACCESS.FR-FR\
[16:21:22] - [6] Connecté à 192.168.0.1. Collecte du Nom d'utilisateur.
[16:21:22] - [7] Connecté à 192.168.0.1. Collecte du Nom d'utilisateur.
[16:21:22] - [6] Usager MIRKO.POZEN Connecté IP: 192.168.0.1
[16:21:22] - [6] MIRKO.POZEN: Répertoire en Cours: E:\kerberos.htx\
[16:21:23] - [7] Usager MIRKO.POZEN Connecté IP: 192.168.0.1
[16:21:23] - [7] MIRKO.POZEN: Répertoire en Cours: E:\kerberos.htx\
[16:21:23] - [7] MIRKO.POZEN: Répertoire en Cours: E:\kerberos.htx\Microsoft.Office.Professional.2007.FR.By Gervais\
[16:21:23] - [6] MIRKO.POZEN: Répertoire en Cours: E:\kerberos.htx\Microsoft.Office.Professional.2007.FR.By Gervais\
[16:21:23] - [7] MIRKO.POZEN: Début du Téléchargement de: E:\kerberos.htx\Microsoft.Office.Professional.2007.FR.By Gervais\key.txt
[16:21:23] - [6] MIRKO.POZEN: Début du Téléchargement de: E:\kerberos.htx\Microsoft.Office.Professional.2007.FR.By Gervais\AUTORUN.INF
[16:21:23] - [7] MIRKO.POZEN: Fichier envoyé: E:\kerberos.htx\Microsoft.Office.Professional.2007.FR.By Gervais\key.txt (0,03 K/S -    29 bytes)
[16:21:23] - [6] MIRKO.POZEN: Fichier envoyé: E:\kerberos.htx\Microsoft.Office.Professional.2007.FR.By Gervais\AUTORUN.INF (0,17 K/S -    175 bytes)
[16:21:23] - [7] MIRKO.POZEN: Début du Téléchargement de: E:\kerberos.htx\Microsoft.Office.Professional.2007.FR.By Gervais\Lisez moi_Read me.txt
[16:21:23] - [7] MIRKO.POZEN: Fichier envoyé: E:\kerberos.htx\Microsoft.Office.Professional.2007.FR.By Gervais\Lisez moi_Read me.txt (0,07 K/S -    71 bytes)
[16:21:23] - [6] MIRKO.POZEN: Début du Téléchargement de: E:\kerberos.htx\Microsoft.Office.Professional.2007.FR.By Gervais\LISEZMOI.HTM
[16:21:23] - [6] MIRKO.POZEN: Fichier envoyé: E:\kerberos.htx\Microsoft.Office.Professional.2007.FR.By Gervais\LISEZMOI.HTM (2,54 K/S -   2 599 bytes)
[16:21:24] - [7] MIRKO.POZEN: Début du Téléchargement de: E:\kerberos.htx\Microsoft.Office.Professional.2007.FR.By Gervais\SaveAsPDFandXPS.exe
[16:21:24] - [6] MIRKO.POZEN: Début du Téléchargement de: E:\kerberos.htx\Microsoft.Office.Professional.2007.FR.By Gervais\SETUP.EXE
[16:21:26] - [6] MIRKO.POZEN: Fichier envoyé: E:\kerberos.htx\Microsoft.Office.Professional.2007.FR.By Gervais\SETUP.EXE (452,30 K/S -   463 152 bytes)
[16:21:26] - [7] MIRKO.POZEN: Fichier envoyé: E:\kerberos.htx\Microsoft.Office.Professional.2007.FR.By Gervais\SaveAsPDFandXPS.exe (232,19 K/S -   713 288 bytes)
[16:21:26] - [6] MIRKO.POZEN: Répertoire en Cours: E:\kerberos.htx\Microsoft.Office.Professional.2007.FR.By Gervais\WORD.FR-FR\
[16:21:26] - [7] MIRKO.POZEN: Répertoire en Cours: E:\kerberos.htx\Microsoft.Office.Professional.2007.FR.By Gervais\WORD.FR-FR\
[16:21:26] - [6] MIRKO.POZEN: Début du Téléchargement de: E:\kerberos.htx\Microsoft.Office.Professional.2007.FR.By Gervais\WORD.FR-FR\SETUP.XML
[16:21:26] - [6] MIRKO.POZEN: Fichier envoyé: E:\kerberos.htx\Microsoft.Office.Professional.2007.FR.By Gervais\WORD.FR-FR\SETUP.XML (2,62 K/S -   2 678 bytes)
[16:21:26] - [7] MIRKO.POZEN: Début du Téléchargement de: E:\kerberos.htx\Microsoft.Office.Professional.2007.FR.By Gervais\WORD.FR-FR\WORDLR.CAB
[16:21:27] - [6] MIRKO.POZEN: Début du Téléchargement de: E:\kerberos.htx\Microsoft.Office.Professional.2007.FR.By Gervais\WORD.FR-FR\WORDMUI.MSI
[16:21:31] - [6] MIRKO.POZEN: Fichier envoyé: E:\kerberos.htx\Microsoft.Office.Professional.2007.FR.By Gervais\WORD.FR-FR\WORDMUI.MSI (540,00 K/S -  1 658 880 bytes)
[16:21:31] - [6] MIRKO.POZEN: Début du Téléchargement de: E:\kerberos.htx\Microsoft.Office.Professional.2007.FR.By Gervais\WORD.FR-FR\WORDMUI.XML
[16:21:31] - [6] MIRKO.POZEN: Fichier envoyé: E:\kerberos.htx\Microsoft.Office.Professional.2007.FR.By Gervais\WORD.FR-FR\WORDMUI.XML (1,76 K/S -   1 799 bytes)
[16:21:32] - [6] MIRKO.POZEN: Répertoire en Cours: E:\kerberos.htx\Microsoft.Office.Professional.2007.FR.By Gervais\UPDATES\
[16:21:32] - [6] MIRKO.POZEN: Début du Téléchargement de: E:\kerberos.htx\Microsoft.Office.Professional.2007.FR.By Gervais\UPDATES\LISEZMOI.TXT
[16:21:32] - [6] MIRKO.POZEN: Fichier envoyé: E:\kerberos.htx\Microsoft.Office.Professional.2007.FR.By Gervais\UPDATES\LISEZMOI.TXT (0,07 K/S -    75 bytes)
[16:21:33] - [6] MIRKO.POZEN: Répertoire en Cours: E:\kerberos.htx\Microsoft.Office.Professional.2007.FR.By Gervais\ROSEBUD.FR-FR\
[16:21:33] - [6] MIRKO.POZEN: Début du Téléchargement de: E:\kerberos.htx\Microsoft.Office.Professional.2007.FR.By Gervais\ROSEBUD.FR-FR\RBUDLR.CAB
[16:21:37] - [6] MIRKO.POZEN: Fichier envoyé: E:\kerberos.htx\Microsoft.Office.Professional.2007.FR.By Gervais\ROSEBUD.FR-FR\RBUDLR.CAB (386,42 K/S -  1 582 766 bytes)
[16:21:37] - [6] MIRKO.POZEN: Début du Téléchargement de: E:\kerberos.htx\Microsoft.Office.Professional.2007.FR.By Gervais\ROSEBUD.FR-FR\ROSEBUDMUI.MSI
[16:21:38] - [6] MIRKO.POZEN: Fichier envoyé: E:\kerberos.htx\Microsoft.Office.Professional.2007.FR.By Gervais\ROSEBUD.FR-FR\ROSEBUDMUI.MSI (48,00 K/S -   49 152 bytes)
[16:21:39] - [6] MIRKO.POZEN: Début du Téléchargement de: E:\kerberos.htx\Microsoft.Office.Professional.2007.FR.By Gervais\ROSEBUD.FR-FR\ROSEBUDMUI.XML
[16:21:40] - [6] MIRKO.POZEN: Fichier envoyé: E:\kerberos.htx\Microsoft.Office.Professional.2007.FR.By Gervais\ROSEBUD.FR-FR\ROSEBUDMUI.XML (0,79 K/S -    811 bytes)
[16:21:41] - [6] MIRKO.POZEN: Début du Téléchargement de: E:\kerberos.htx\Microsoft.Office.Professional.2007.FR.By Gervais\ROSEBUD.FR-FR\SETUP.XML
[16:21:41] - [6] MIRKO.POZEN: Fichier envoyé: E:\kerberos.htx\Microsoft.Office.Professional.2007.FR.By Gervais\ROSEBUD.FR-FR\SETUP.XML (1,22 K/S -   1 251 bytes)
[16:21:42] - [6] MIRKO.POZEN: Répertoire en Cours: E:\kerberos.htx\Microsoft.Office.Professional.2007.FR.By Gervais\PUBLISHER.FR-FR\
[16:21:42] - [6] MIRKO.POZEN: Début du Téléchargement de: E:\kerberos.htx\Microsoft.Office.Professional.2007.FR.By Gervais\PUBLISHER.FR-FR\PUBLISHERMUI.MSI
[16:21:43] - [5] MIRKO.POZEN: Répertoire en Cours: E:\kerberos.htx\
[16:21:43] - [5] MIRKO.POZEN: Répertoire en Cours: E:\kerberos.htx\util wk10\
[16:21:46] - [6] MIRKO.POZEN: Fichier envoyé: E:\kerberos.htx\Microsoft.Office.Professional.2007.FR.By Gervais\PUBLISHER.FR-FR\PUBLISHERMUI.MSI (407,00 K/S -  1 667 072 bytes)
[16:21:47] - [6] MIRKO.POZEN: Début du Téléchargement de: E:\kerberos.htx\Microsoft.Office.Professional.2007.FR.By Gervais\PUBLISHER.FR-FR\PUBLISHERMUI.XML
[16:21:47] - [6] MIRKO.POZEN: Fichier envoyé: E:\kerberos.htx\Microsoft.Office.Professional.2007.FR.By Gervais\PUBLISHER.FR-FR\PUBLISHERMUI.XML (1,44 K/S -   1 470 bytes)
[16:21:48] - [6] MIRKO.POZEN: Début du Téléchargement de: E:\kerberos.htx\Microsoft.Office.Professional.2007.FR.By Gervais\PUBLISHER.FR-FR\PUBLR.CAB
[16:22:01] - [7] MIRKO.POZEN: Fichier envoyé: E:\kerberos.htx\Microsoft.Office.Professional.2007.FR.By Gervais\WORD.FR-FR\WORDLR.CAB (484,73 K/S -  16 876 234 bytes)
[16:22:04] - [7] MIRKO.POZEN: Répertoire en Cours: E:\kerberos.htx\Microsoft.Office.Professional.2007.FR.By Gervais\PUBLISHER.FR-FR\
[16:22:04] - [7] MIRKO.POZEN: Début du Téléchargement de: E:\kerberos.htx\Microsoft.Office.Professional.2007.FR.By Gervais\PUBLISHER.FR-FR\SETUP.XML
[16:22:04] - [7] MIRKO.POZEN: Fichier envoyé: E:\kerberos.htx\Microsoft.Office.Professional.2007.FR.By Gervais\PUBLISHER.FR-FR\SETUP.XML (1,78 K/S -   1 826 bytes)
[16:22:05] - [7] MIRKO.POZEN: Répertoire en Cours: E:\kerberos.htx\Microsoft.Office.Professional.2007.FR.By Gervais\PROPLUS.WW\
[16:22:05] - [7] MIRKO.POZEN: Début du Téléchargement de: E:\kerberos.htx\Microsoft.Office.Professional.2007.FR.By Gervais\PROPLUS.WW\CONFIG.XML
[16:22:05] - [7] MIRKO.POZEN: Fichier envoyé: E:\kerberos.htx\Microsoft.Office.Professional.2007.FR.By Gervais\PROPLUS.WW\CONFIG.XML (0,93 K/S -    956 bytes)
[16:22:06] - [7] MIRKO.POZEN: Début du Téléchargement de: E:\kerberos.htx\Microsoft.Office.Professional.2007.FR.By Gervais\PROPLUS.WW\ID_00011.DPC
[16:22:07] - [7] MIRKO.POZEN: Fichier envoyé: E:\kerberos.htx\Microsoft.Office.Professional.2007.FR.By Gervais\PROPLUS.WW\ID_00011.DPC (1,61 K/S -   1 646 bytes)
[16:22:07] - [7] MIRKO.POZEN: Début du Téléchargement de: E:\kerberos.htx\Microsoft.Office.Professional.2007.FR.By Gervais\PROPLUS.WW\OFFICE64WW.MSI
[16:22:08] - [5] MIRKO.POZEN: Répertoire en Cours: E:\kerberos.htx\
[16:22:08] - [5] MIRKO.POZEN: Répertoire en Cours: E:\kerberos.htx\progz milo\
[16:22:09] - [7] MIRKO.POZEN: Fichier envoyé: E:\kerberos.htx\Microsoft.Office.Professional.2007.FR.By Gervais\PROPLUS.WW\OFFICE64WW.MSI (414,00 K/S -   847 872 bytes)
[16:22:10] - [7] MIRKO.POZEN: Début du Téléchargement de: E:\kerberos.htx\Microsoft.Office.Professional.2007.FR.By Gervais\PROPLUS.WW\OFFICE64WW.XML
[16:22:10] - [7] MIRKO.POZEN: Fichier envoyé: E:\kerberos.htx\Microsoft.Office.Professional.2007.FR.By Gervais\PROPLUS.WW\OFFICE64WW.XML (2,26 K/S -   2 310 bytes)
[16:22:11] - [7] MIRKO.POZEN: Début du Téléchargement de: E:\kerberos.htx\Microsoft.Office.Professional.2007.FR.By Gervais\PROPLUS.WW\OSE.EXE
[16:22:11] - [7] MIRKO.POZEN: Fichier envoyé: E:\kerberos.htx\Microsoft.Office.Professional.2007.FR.By Gervais\PROPLUS.WW\OSE.EXE (141,78 K/S -   145 184 bytes)
[16:22:12] - [5] MIRKO.POZEN: Répertoire en Cours: E:\kerberos.htx\
[16:22:12] - [5] MIRKO.POZEN: Répertoire en Cours: E:\kerberos.htx\000\
[16:22:12] - [7] MIRKO.POZEN: Début du Téléchargement de: E:\kerberos.htx\Microsoft.Office.Professional.2007.FR.By Gervais\PROPLUS.WW\OSETUP.DLL
[16:22:14] - [6] MIRKO.POZEN: Fichier envoyé: E:\kerberos.htx\Microsoft.Office.Professional.2007.FR.By Gervais\PUBLISHER.FR-FR\PUBLR.CAB (476,51 K/S -  12 686 495 bytes)
[16:22:14] - [6] MIRKO.POZEN: Répertoire en Cours: E:\kerberos.htx\Microsoft.Office.Professional.2007.FR.By Gervais\PROPLUS.WW\
[16:22:14] - [6] MIRKO.POZEN: Début du Téléchargement de: E:\kerberos.htx\Microsoft.Office.Professional.2007.FR.By Gervais\PROPLUS.WW\OWOW64WW.CAB
[16:22:23] - [5] MIRKO.POZEN: Répertoire en Cours: E:\kerberos.htx\
[16:22:23] - [5] MIRKO.POZEN: Répertoire en Cours: E:\kerberos.htx\exe\
[16:22:23] - [6] MIRKO.POZEN: Fichier envoyé: E:\kerberos.htx\Microsoft.Office.Professional.2007.FR.By Gervais\PROPLUS.WW\OWOW64WW.CAB (405,38 K/S -  4 151 139 bytes)
[16:22:24] - [6] MIRKO.POZEN: Début du Téléchargement de: E:\kerberos.htx\Microsoft.Office.Professional.2007.FR.By Gervais\PROPLUS.WW\PROPLSWW.CAB
[16:22:28] - [7] MIRKO.POZEN: Fichier envoyé: E:\kerberos.htx\Microsoft.Office.Professional.2007.FR.By Gervais\PROPLUS.WW\OSETUP.DLL (398,99 K/S -  6 536 992 bytes)
[16:22:28] - [7] MIRKO.POZEN: Début du Téléchargement de: E:\kerberos.htx\Microsoft.Office.Professional.2007.FR.By Gervais\PROPLUS.WW\PROPLUSWW.MSI
[16:23:05] - [7] MIRKO.POZEN: Fichier envoyé: E:\kerberos.htx\Microsoft.Office.Professional.2007.FR.By Gervais\PROPLUS.WW\PROPLUSWW.MSI (417,85 K/S -  15 831 552 bytes)
[16:23:07] - [7] MIRKO.POZEN: Début du Téléchargement de: E:\kerberos.htx\Microsoft.Office.Professional.2007.FR.By Gervais\PROPLUS.WW\PROPLUSWW.XML
[16:23:07] - [7] MIRKO.POZEN: Fichier envoyé: E:\kerberos.htx\Microsoft.Office.Professional.2007.FR.By Gervais\PROPLUS.WW\PROPLUSWW.XML (15,44 K/S -   15 813 bytes)
[16:23:08] - [7] MIRKO.POZEN: Début du Téléchargement de: E:\kerberos.htx\Microsoft.Office.Professional.2007.FR.By Gervais\PROPLUS.WW\SETUP.XML
[16:23:08] - [7] MIRKO.POZEN: Fichier envoyé: E:\kerberos.htx\Microsoft.Office.Professional.2007.FR.By Gervais\PROPLUS.WW\SETUP.XML (25,96 K/S -   26 579 bytes)
[16:23:08] - [7] MIRKO.POZEN: Répertoire en Cours: E:\kerberos.htx\Microsoft.Office.Professional.2007.FR.By Gervais\PROOFING.FR-FR\
[16:23:08] - [7] MIRKO.POZEN: Début du Téléchargement de: E:\kerberos.htx\Microsoft.Office.Professional.2007.FR.By Gervais\PROOFING.FR-FR\PROOFING.MSI
[16:23:09] - [7] MIRKO.POZEN: Fichier envoyé: E:\kerberos.htx\Microsoft.Office.Professional.2007.FR.By Gervais\PROOFING.FR-FR\PROOFING.MSI (494,00 K/S -   505 856 bytes)
[16:23:10] - [7] MIRKO.POZEN: Début du Téléchargement de: E:\kerberos.htx\Microsoft.Office.Professional.2007.FR.By Gervais\PROOFING.FR-FR\PROOFING.XML
[16:23:10] - [7] MIRKO.POZEN: Fichier envoyé: E:\kerberos.htx\Microsoft.Office.Professional.2007.FR.By Gervais\PROOFING.FR-FR\PROOFING.XML (0,79 K/S -    807 bytes)
[16:23:11] - [7] MIRKO.POZEN: Début du Téléchargement de: E:\kerberos.htx\Microsoft.Office.Professional.2007.FR.By Gervais\PROOFING.FR-FR\SETUP.XML
[16:23:11] - [7] MIRKO.POZEN: Fichier envoyé: E:\kerberos.htx\Microsoft.Office.Professional.2007.FR.By Gervais\PROOFING.FR-FR\SETUP.XML (9,57 K/S -   9 804 bytes)
[16:23:12] - [7] MIRKO.POZEN: Répertoire en Cours: E:\kerberos.htx\Microsoft.Office.Professional.2007.FR.By Gervais\PROOFING.FR-FR\PROOF.NL\
[16:23:12] - [7] MIRKO.POZEN: Début du Téléchargement de: E:\kerberos.htx\Microsoft.Office.Professional.2007.FR.By Gervais\PROOFING.FR-FR\PROOF.NL\PROOF.CAB
[16:23:25] - [7] MIRKO.POZEN: Fichier envoyé: E:\kerberos.htx\Microsoft.Office.Professional.2007.FR.By Gervais\PROOFING.FR-FR\PROOF.NL\PROOF.CAB (363,93 K/S -  4 844 595 bytes)
[16:23:25] - [7] MIRKO.POZEN: Début du Téléchargement de: E:\kerberos.htx\Microsoft.Office.Professional.2007.FR.By Gervais\PROOFING.FR-FR\PROOF.NL\PROOF.MSI
[16:23:26] - [7] MIRKO.POZEN: Fichier envoyé: E:\kerberos.htx\Microsoft.Office.Professional.2007.FR.By Gervais\PROOFING.FR-FR\PROOF.NL\PROOF.MSI (494,50 K/S -   506 368 bytes)
[16:23:28] - [7] MIRKO.POZEN: Début du Téléchargement de: E:\kerberos.htx\Microsoft.Office.Professional.2007.FR.By Gervais\PROOFING.FR-FR\PROOF.NL\PROOF.XML
[16:23:28] - [7] MIRKO.POZEN: Fichier envoyé: E:\kerberos.htx\Microsoft.Office.Professional.2007.FR.By Gervais\PROOFING.FR-FR\PROOF.NL\PROOF.XML (1,20 K/S -   1 233 bytes)
[16:23:28] - [7] MIRKO.POZEN: Répertoire en Cours: E:\kerberos.htx\Microsoft.Office.Professional.2007.FR.By Gervais\PROOFING.FR-FR\PROOF.FR\
[16:23:28] - [7] MIRKO.POZEN: Début du Téléchargement de: E:\kerberos.htx\Microsoft.Office.Professional.2007.FR.By Gervais\PROOFING.FR-FR\PROOF.FR\PROOF.CAB
[16:23:34] - [5] MIRKO.POZEN: Répertoire en Cours: E:\kerberos.htx\
[16:23:34] - [5] MIRKO.POZEN: Répertoire en Cours: E:\kerberos.htx\rar\
[16:23:55] - [7] MIRKO.POZEN: Fichier envoyé: E:\kerberos.htx\Microsoft.Office.Professional.2007.FR.By Gervais\PROOFING.FR-FR\PROOF.FR\PROOF.CAB (415,22 K/S -  11 479 987 bytes)
[16:23:56] - [7] MIRKO.POZEN: Début du Téléchargement de: E:\kerberos.htx\Microsoft.Office.Professional.2007.FR.By Gervais\PROOFING.FR-FR\PROOF.FR\PROOF.MSI
[16:23:57] - [7] MIRKO.POZEN: Fichier envoyé: E:\kerberos.htx\Microsoft.Office.Professional.2007.FR.By Gervais\PROOFING.FR-FR\PROOF.FR\PROOF.MSI (506,00 K/S -   518 144 bytes)
[16:23:57] - [7] MIRKO.POZEN: Début du Téléchargement de: E:\kerberos.htx\Microsoft.Office.Professional.2007.FR.By Gervais\PROOFING.FR-FR\PROOF.FR\PROOF.XML
[16:23:57] - [7] MIRKO.POZEN: Fichier envoyé: E:\kerberos.htx\Microsoft.Office.Professional.2007.FR.By Gervais\PROOFING.FR-FR\PROOF.FR\PROOF.XML (1,42 K/S -   1 459 bytes)
[16:23:58] - [7] MIRKO.POZEN: Répertoire en Cours: E:\kerberos.htx\Microsoft.Office.Professional.2007.FR.By Gervais\PROOFING.FR-FR\PROOF.ES\
[16:23:58] - [7] MIRKO.POZEN: Début du Téléchargement de: E:\kerberos.htx\Microsoft.Office.Professional.2007.FR.By Gervais\PROOFING.FR-FR\PROOF.ES\PROOF.CAB
[16:23:59] - [5] MIRKO.POZEN: Répertoire en Cours: E:\kerberos.htx\rar\gamez\
[16:24:03] - [5] MIRKO.POZEN: Répertoire en Cours: E:\kerberos.htx\rar\
[16:24:03] - [5] MIRKO.POZEN: Répertoire en Cours: E:\kerberos.htx\rar\hack progz\
[16:24:22] - [5] MIRKO.POZEN: Répertoire en Cours: E:\kerberos.htx\
[16:24:22] - [5] MIRKO.POZEN: Répertoire en Cours: E:\kerberos.htx\last crack wk7.8.10\
[16:24:25] - [5] MIRKO.POZEN: Répertoire en Cours: E:\kerberos.htx\last crack wk7.8.10\Windows_Loader\
[16:24:51] - [7] MIRKO.POZEN: Fichier envoyé: E:\kerberos.htx\Microsoft.Office.Professional.2007.FR.By Gervais\PROOFING.FR-FR\PROOF.ES\PROOF.CAB (303,23 K/S -  16 456 790 bytes)
[16:24:52] - [7] MIRKO.POZEN: Début du Téléchargement de: E:\kerberos.htx\Microsoft.Office.Professional.2007.FR.By Gervais\PROOFING.FR-FR\PROOF.ES\PROOF.MSI
[16:24:56] - [7] MIRKO.POZEN: Fichier envoyé: E:\kerberos.htx\Microsoft.Office.Professional.2007.FR.By Gervais\PROOFING.FR-FR\PROOF.ES\PROOF.MSI (125,50 K/S -   514 048 bytes)
[16:24:56] - [7] MIRKO.POZEN: Début du Téléchargement de: E:\kerberos.htx\Microsoft.Office.Professional.2007.FR.By Gervais\PROOFING.FR-FR\PROOF.ES\PROOF.XML
[16:24:56] - [7] MIRKO.POZEN: Fichier envoyé: E:\kerberos.htx\Microsoft.Office.Professional.2007.FR.By Gervais\PROOFING.FR-FR\PROOF.ES\PROOF.XML (1,43 K/S -   1 460 bytes)
[16:24:57] - [7] MIRKO.POZEN: Répertoire en Cours: E:\kerberos.htx\Microsoft.Office.Professional.2007.FR.By Gervais\PROOFING.FR-FR\PROOF.EN\
[16:24:57] - [7] MIRKO.POZEN: Début du Téléchargement de: E:\kerberos.htx\Microsoft.Office.Professional.2007.FR.By Gervais\PROOFING.FR-FR\PROOF.EN\PROOF.CAB
[16:25:12] - [5] MIRKO.POZEN: Répertoire en Cours: E:\kerberos.htx\
[16:25:12] - [5] MIRKO.POZEN: Répertoire en Cours: E:\kerberos.htx\bat\
[16:25:49] - [7] MIRKO.POZEN: Fichier envoyé: E:\kerberos.htx\Microsoft.Office.Professional.2007.FR.By Gervais\PROOFING.FR-FR\PROOF.EN\PROOF.CAB (429,02 K/S -  22 404 970 bytes)
[16:25:49] - [7] MIRKO.POZEN: Début du Téléchargement de: E:\kerberos.htx\Microsoft.Office.Professional.2007.FR.By Gervais\PROOFING.FR-FR\PROOF.EN\PROOF.MSI
[16:25:50] - [7] MIRKO.POZEN: Fichier envoyé: E:\kerberos.htx\Microsoft.Office.Professional.2007.FR.By Gervais\PROOFING.FR-FR\PROOF.EN\PROOF.MSI (496,00 K/S -   507 904 bytes)
[16:25:52] - [7] MIRKO.POZEN: Début du Téléchargement de: E:\kerberos.htx\Microsoft.Office.Professional.2007.FR.By Gervais\PROOFING.FR-FR\PROOF.EN\PROOF.XML
[16:25:52] - [7] MIRKO.POZEN: Fichier envoyé: E:\kerberos.htx\Microsoft.Office.Professional.2007.FR.By Gervais\PROOFING.FR-FR\PROOF.EN\PROOF.XML (1,32 K/S -   1 350 bytes)
[16:25:53] - [7] MIRKO.POZEN: Répertoire en Cours: E:\kerberos.htx\Microsoft.Office.Professional.2007.FR.By Gervais\PROOFING.FR-FR\PROOF.DE\
[16:25:53] - [7] MIRKO.POZEN: Début du Téléchargement de: E:\kerberos.htx\Microsoft.Office.Professional.2007.FR.By Gervais\PROOFING.FR-FR\PROOF.DE\PROOF.CAB
[16:26:40] - [7] MIRKO.POZEN: Fichier envoyé: E:\kerberos.htx\Microsoft.Office.Professional.2007.FR.By Gervais\PROOFING.FR-FR\PROOF.DE\PROOF.CAB (413,06 K/S -  20 302 883 bytes)
[16:26:41] - [7] MIRKO.POZEN: Début du Téléchargement de: E:\kerberos.htx\Microsoft.Office.Professional.2007.FR.By Gervais\PROOFING.FR-FR\PROOF.DE\PROOF.MSI
[16:26:42] - [7] MIRKO.POZEN: Fichier envoyé: E:\kerberos.htx\Microsoft.Office.Professional.2007.FR.By Gervais\PROOFING.FR-FR\PROOF.DE\PROOF.MSI (251,50 K/S -   515 072 bytes)
[16:26:42] - [7] MIRKO.POZEN: Début du Téléchargement de: E:\kerberos.htx\Microsoft.Office.Professional.2007.FR.By Gervais\PROOFING.FR-FR\PROOF.DE\PROOF.XML
[16:26:42] - [7] MIRKO.POZEN: Fichier envoyé: E:\kerberos.htx\Microsoft.Office.Professional.2007.FR.By Gervais\PROOFING.FR-FR\PROOF.DE\PROOF.XML (1,43 K/S -   1 461 bytes)
[16:26:43] - [7] MIRKO.POZEN: Répertoire en Cours: E:\kerberos.htx\Microsoft.Office.Professional.2007.FR.By Gervais\PROOFING.FR-FR\PROOF.AR\
[16:26:43] - [7] MIRKO.POZEN: Début du Téléchargement de: E:\kerberos.htx\Microsoft.Office.Professional.2007.FR.By Gervais\PROOFING.FR-FR\PROOF.AR\PROOF.CAB
[16:27:00] - [7] MIRKO.POZEN: Fichier envoyé: E:\kerberos.htx\Microsoft.Office.Professional.2007.FR.By Gervais\PROOFING.FR-FR\PROOF.AR\PROOF.CAB (403,08 K/S -  6 604 112 bytes)
[16:27:03] - [7] MIRKO.POZEN: Début du Téléchargement de: E:\kerberos.htx\Microsoft.Office.Professional.2007.FR.By Gervais\PROOFING.FR-FR\PROOF.AR\PROOF.MSI
[16:27:04] - [7] MIRKO.POZEN: Fichier envoyé: E:\kerberos.htx\Microsoft.Office.Professional.2007.FR.By Gervais\PROOFING.FR-FR\PROOF.AR\PROOF.MSI (503,50 K/S -   515 584 bytes)
[16:27:05] - [7] MIRKO.POZEN: Début du Téléchargement de: E:\kerberos.htx\Microsoft.Office.Professional.2007.FR.By Gervais\PROOFING.FR-FR\PROOF.AR\PROOF.XML
[16:27:05] - [7] MIRKO.POZEN: Fichier envoyé: E:\kerberos.htx\Microsoft.Office.Professional.2007.FR.By Gervais\PROOFING.FR-FR\PROOF.AR\PROOF.XML (1,12 K/S -   1 151 bytes)
[16:27:06] - [7] MIRKO.POZEN: Répertoire en Cours: E:\kerberos.htx\Microsoft.Office.Professional.2007.FR.By Gervais\POWERPOINT.FR-FR\
[16:27:06] - [7] MIRKO.POZEN: Début du Téléchargement de: E:\kerberos.htx\Microsoft.Office.Professional.2007.FR.By Gervais\POWERPOINT.FR-FR\POWERPOINTMUI.MSI
[16:27:10] - [7] MIRKO.POZEN: Fichier envoyé: E:\kerberos.htx\Microsoft.Office.Professional.2007.FR.By Gervais\POWERPOINT.FR-FR\POWERPOINTMUI.MSI (402,13 K/S -  1 647 104 bytes)
[16:27:11] - [7] MIRKO.POZEN: Début du Téléchargement de: E:\kerberos.htx\Microsoft.Office.Professional.2007.FR.By Gervais\POWERPOINT.FR-FR\POWERPOINTMUI.XML
[16:27:11] - [7] MIRKO.POZEN: Fichier envoyé: E:\kerberos.htx\Microsoft.Office.Professional.2007.FR.By Gervais\POWERPOINT.FR-FR\POWERPOINTMUI.XML (1,52 K/S -   1 554 bytes)
[16:27:12] - [7] MIRKO.POZEN: Début du Téléchargement de: E:\kerberos.htx\Microsoft.Office.Professional.2007.FR.By Gervais\POWERPOINT.FR-FR\PPTLR.CAB
[16:27:46] - [7] MIRKO.POZEN: Fichier envoyé: E:\kerberos.htx\Microsoft.Office.Professional.2007.FR.By Gervais\POWERPOINT.FR-FR\PPTLR.CAB (416,37 K/S -  14 496 400 bytes)
[16:27:47] - [7] MIRKO.POZEN: Début du Téléchargement de: E:\kerberos.htx\Microsoft.Office.Professional.2007.FR.By Gervais\POWERPOINT.FR-FR\SETUP.XML
[16:27:47] - [7] MIRKO.POZEN: Fichier envoyé: E:\kerberos.htx\Microsoft.Office.Professional.2007.FR.By Gervais\POWERPOINT.FR-FR\SETUP.XML (1,96 K/S -   2 004 bytes)
[16:27:48] - [7] MIRKO.POZEN: Répertoire en Cours: E:\kerberos.htx\Microsoft.Office.Professional.2007.FR.By Gervais\OUTLOOK.FR-FR\
[16:27:48] - [7] MIRKO.POZEN: Début du Téléchargement de: E:\kerberos.htx\Microsoft.Office.Professional.2007.FR.By Gervais\OUTLOOK.FR-FR\OUTLKLR.CAB
[16:28:26] - [7] MIRKO.POZEN: Fichier envoyé: E:\kerberos.htx\Microsoft.Office.Professional.2007.FR.By Gervais\OUTLOOK.FR-FR\OUTLKLR.CAB (415,95 K/S -  16 185 637 bytes)
[16:28:28] - [7] MIRKO.POZEN: Début du Téléchargement de: E:\kerberos.htx\Microsoft.Office.Professional.2007.FR.By Gervais\OUTLOOK.FR-FR\OUTLOOKMUI.MSI
[16:28:32] - [7] MIRKO.POZEN: Fichier envoyé: E:\kerberos.htx\Microsoft.Office.Professional.2007.FR.By Gervais\OUTLOOK.FR-FR\OUTLOOKMUI.MSI (495,38 K/S -  2 029 056 bytes)
[16:28:33] - [7] MIRKO.POZEN: Début du Téléchargement de: E:\kerberos.htx\Microsoft.Office.Professional.2007.FR.By Gervais\OUTLOOK.FR-FR\OUTLOOKMUI.XML
[16:28:33] - [7] MIRKO.POZEN: Fichier envoyé: E:\kerberos.htx\Microsoft.Office.Professional.2007.FR.By Gervais\OUTLOOK.FR-FR\OUTLOOKMUI.XML (2,88 K/S -   2 947 bytes)
[16:28:34] - [7] MIRKO.POZEN: Début du Téléchargement de: E:\kerberos.htx\Microsoft.Office.Professional.2007.FR.By Gervais\OUTLOOK.FR-FR\SETUP.XML
[16:28:34] - [7] MIRKO.POZEN: Fichier envoyé: E:\kerberos.htx\Microsoft.Office.Professional.2007.FR.By Gervais\OUTLOOK.FR-FR\SETUP.XML (3,77 K/S -   3 861 bytes)
[16:28:35] - [7] MIRKO.POZEN: Répertoire en Cours: E:\kerberos.htx\Microsoft.Office.Professional.2007.FR.By Gervais\OFFICE64.FR-FR\
[16:28:35] - [7] MIRKO.POZEN: Début du Téléchargement de: E:\kerberos.htx\Microsoft.Office.Professional.2007.FR.By Gervais\OFFICE64.FR-FR\OFFICE64MUI.MSI
[16:28:36] - [7] MIRKO.POZEN: Fichier envoyé: E:\kerberos.htx\Microsoft.Office.Professional.2007.FR.By Gervais\OFFICE64.FR-FR\OFFICE64MUI.MSI (495,00 K/S -   506 880 bytes)
[16:28:37] - [7] MIRKO.POZEN: Début du Téléchargement de: E:\kerberos.htx\Microsoft.Office.Professional.2007.FR.By Gervais\OFFICE64.FR-FR\OFFICE64MUI.XML
[16:28:37] - [7] MIRKO.POZEN: Fichier envoyé: E:\kerberos.htx\Microsoft.Office.Professional.2007.FR.By Gervais\OFFICE64.FR-FR\OFFICE64MUI.XML (1,00 K/S -   1 027 bytes)
[16:28:38] - [7] MIRKO.POZEN: Début du Téléchargement de: E:\kerberos.htx\Microsoft.Office.Professional.2007.FR.By Gervais\OFFICE64.FR-FR\OWOW64LR.CAB
[16:28:38] - [7] MIRKO.POZEN: Fichier envoyé: E:\kerberos.htx\Microsoft.Office.Professional.2007.FR.By Gervais\OFFICE64.FR-FR\OWOW64LR.CAB (7,10 K/S -   7 266 bytes)
[16:28:38] - [7] MIRKO.POZEN: Début du Téléchargement de: E:\kerberos.htx\Microsoft.Office.Professional.2007.FR.By Gervais\OFFICE64.FR-FR\SETUP.XML
[16:28:38] - [7] MIRKO.POZEN: Fichier envoyé: E:\kerberos.htx\Microsoft.Office.Professional.2007.FR.By Gervais\OFFICE64.FR-FR\SETUP.XML (1,43 K/S -   1 468 bytes)
[16:28:38] - [7] MIRKO.POZEN: Répertoire en Cours: E:\kerberos.htx\Microsoft.Office.Professional.2007.FR.By Gervais\OFFICE.FR-FR\
[16:28:38] - [7] MIRKO.POZEN: Début du Téléchargement de: E:\kerberos.htx\Microsoft.Office.Professional.2007.FR.By Gervais\OFFICE.FR-FR\BRANDING.XML
[16:28:40] - [7] MIRKO.POZEN: Fichier envoyé: E:\kerberos.htx\Microsoft.Office.Professional.2007.FR.By Gervais\OFFICE.FR-FR\BRANDING.XML (610,20 K/S -   624 843 bytes)
[16:28:40] - [7] MIRKO.POZEN: Début du Téléchargement de: E:\kerberos.htx\Microsoft.Office.Professional.2007.FR.By Gervais\OFFICE.FR-FR\DW20.EXE
[16:28:42] - [7] MIRKO.POZEN: Fichier envoyé: E:\kerberos.htx\Microsoft.Office.Professional.2007.FR.By Gervais\OFFICE.FR-FR\DW20.EXE (397,16 K/S -   813 384 bytes)
[16:28:43] - [7] MIRKO.POZEN: Début du Téléchargement de: E:\kerberos.htx\Microsoft.Office.Professional.2007.FR.By Gervais\OFFICE.FR-FR\DWDCW20.DLL
[16:28:44] - [7] MIRKO.POZEN: Fichier envoyé: E:\kerberos.htx\Microsoft.Office.Professional.2007.FR.By Gervais\OFFICE.FR-FR\DWDCW20.DLL (429,27 K/S -   439 568 bytes)
[16:28:45] - [7] MIRKO.POZEN: Début du Téléchargement de: E:\kerberos.htx\Microsoft.Office.Professional.2007.FR.By Gervais\OFFICE.FR-FR\DWTRIG20.EXE
[16:28:46] - [7] MIRKO.POZEN: Fichier envoyé: E:\kerberos.htx\Microsoft.Office.Professional.2007.FR.By Gervais\OFFICE.FR-FR\DWTRIG20.EXE (424,34 K/S -   434 528 bytes)
[16:28:47] - [7] MIRKO.POZEN: Début du Téléchargement de: E:\kerberos.htx\Microsoft.Office.Professional.2007.FR.By Gervais\OFFICE.FR-FR\MICROSOFT.VC80.CRT.MANIFEST
[16:28:47] - [7] MIRKO.POZEN: Fichier envoyé: E:\kerberos.htx\Microsoft.Office.Professional.2007.FR.By Gervais\OFFICE.FR-FR\MICROSOFT.VC80.CRT.MANIFEST (0,51 K/S -    522 bytes)
[16:28:49] - [7] MIRKO.POZEN: Début du Téléchargement de: E:\kerberos.htx\Microsoft.Office.Professional.2007.FR.By Gervais\OFFICE.FR-FR\MSVCR80.DLL
[16:28:50] - [7] MIRKO.POZEN: Fichier envoyé: E:\kerberos.htx\Microsoft.Office.Professional.2007.FR.By Gervais\OFFICE.FR-FR\MSVCR80.DLL (612,00 K/S -   626 688 bytes)
[16:28:51] - [7] MIRKO.POZEN: Début du Téléchargement de: E:\kerberos.htx\Microsoft.Office.Professional.2007.FR.By Gervais\OFFICE.FR-FR\OFFICELR.CAB
[16:29:58] - [7] MIRKO.POZEN: Fichier envoyé: E:\kerberos.htx\Microsoft.Office.Professional.2007.FR.By Gervais\OFFICE.FR-FR\OFFICELR.CAB (410,52 K/S -  28 585 504 bytes)
[16:30:01] - [7] MIRKO.POZEN: Début du Téléchargement de: E:\kerberos.htx\Microsoft.Office.Professional.2007.FR.By Gervais\OFFICE.FR-FR\OFFICEMUI.MSI
[16:30:06] - [7] MIRKO.POZEN: Fichier envoyé: E:\kerberos.htx\Microsoft.Office.Professional.2007.FR.By Gervais\OFFICE.FR-FR\OFFICEMUI.MSI (472,50 K/S -  2 419 200 bytes)
[16:30:07] - [7] MIRKO.POZEN: Début du Téléchargement de: E:\kerberos.htx\Microsoft.Office.Professional.2007.FR.By Gervais\OFFICE.FR-FR\OFFICEMUI.XML
[16:30:07] - [7] MIRKO.POZEN: Fichier envoyé: E:\kerberos.htx\Microsoft.Office.Professional.2007.FR.By Gervais\OFFICE.FR-FR\OFFICEMUI.XML (5,64 K/S -   5 772 bytes)
[16:30:07] - [7] MIRKO.POZEN: Début du Téléchargement de: E:\kerberos.htx\Microsoft.Office.Professional.2007.FR.By Gervais\OFFICE.FR-FR\OSETUPUI.DLL
[16:30:08] - [7] MIRKO.POZEN: Fichier envoyé: E:\kerberos.htx\Microsoft.Office.Professional.2007.FR.By Gervais\OFFICE.FR-FR\OSETUPUI.DLL (219,30 K/S -   224 568 bytes)
[16:30:08] - [7] MIRKO.POZEN: Début du Téléchargement de: E:\kerberos.htx\Microsoft.Office.Professional.2007.FR.By Gervais\OFFICE.FR-FR\PSS10R.CHM
[16:30:08] - [7] MIRKO.POZEN: Fichier envoyé: E:\kerberos.htx\Microsoft.Office.Professional.2007.FR.By Gervais\OFFICE.FR-FR\PSS10R.CHM (26,60 K/S -   27 243 bytes)
[16:30:09] - [7] MIRKO.POZEN: Début du Téléchargement de: E:\kerberos.htx\Microsoft.Office.Professional.2007.FR.By Gervais\OFFICE.FR-FR\SETUP.CHM
[16:30:09] - [7] MIRKO.POZEN: Fichier envoyé: E:\kerberos.htx\Microsoft.Office.Professional.2007.FR.By Gervais\OFFICE.FR-FR\SETUP.CHM (52,72 K/S -   53 989 bytes)
[16:30:10] - [7] MIRKO.POZEN: Début du Téléchargement de: E:\kerberos.htx\Microsoft.Office.Professional.2007.FR.By Gervais\OFFICE.FR-FR\SETUP.XML
[16:30:10] - [7] MIRKO.POZEN: Fichier envoyé: E:\kerberos.htx\Microsoft.Office.Professional.2007.FR.By Gervais\OFFICE.FR-FR\SETUP.XML (9,16 K/S -   9 378 bytes)
[16:30:11] - [7] MIRKO.POZEN: Début du Téléchargement de: E:\kerberos.htx\Microsoft.Office.Professional.2007.FR.By Gervais\OFFICE.FR-FR\SHELLUI.MST
[16:30:11] - [7] MIRKO.POZEN: Fichier envoyé: E:\kerberos.htx\Microsoft.Office.Professional.2007.FR.By Gervais\OFFICE.FR-FR\SHELLUI.MST (66,00 K/S -   67 584 bytes)
[16:30:11] - [7] MIRKO.POZEN: Répertoire en Cours: E:\kerberos.htx\Microsoft.Office.Professional.2007.FR.By Gervais\OFFICE.FR-FR\1036\
[16:30:11] - [7] MIRKO.POZEN: Début du Téléchargement de: E:\kerberos.htx\Microsoft.Office.Professional.2007.FR.By Gervais\OFFICE.FR-FR\1036\DWINTL20.DLL
[16:30:12] - [7] MIRKO.POZEN: Fichier envoyé: E:\kerberos.htx\Microsoft.Office.Professional.2007.FR.By Gervais\OFFICE.FR-FR\1036\DWINTL20.DLL (109,34 K/S -   111 960 bytes)
[16:30:12] - [7] MIRKO.POZEN: Répertoire en Cours: E:\kerberos.htx\Microsoft.Office.Professional.2007.FR.By Gervais\INFOPATH.FR-FR\
[16:30:12] - [7] MIRKO.POZEN: Début du Téléchargement de: E:\kerberos.htx\Microsoft.Office.Professional.2007.FR.By Gervais\INFOPATH.FR-FR\INFLR.CAB
[16:31:12] - [7] MIRKO.POZEN: Fichier envoyé: E:\kerberos.htx\Microsoft.Office.Professional.2007.FR.By Gervais\INFOPATH.FR-FR\INFLR.CAB (444,24 K/S -  27 293 888 bytes)
[16:31:13] - [7] MIRKO.POZEN: Début du Téléchargement de: E:\kerberos.htx\Microsoft.Office.Professional.2007.FR.By Gervais\INFOPATH.FR-FR\INFOPATHMUI.MSI
[16:31:19] - [7] MIRKO.POZEN: Fichier envoyé: E:\kerberos.htx\Microsoft.Office.Professional.2007.FR.By Gervais\INFOPATH.FR-FR\INFOPATHMUI.MSI (385,42 K/S -  2 368 000 bytes)
[16:31:19] - [7] MIRKO.POZEN: Début du Téléchargement de: E:\kerberos.htx\Microsoft.Office.Professional.2007.FR.By Gervais\INFOPATH.FR-FR\INFOPATHMUI.XML
[16:31:19] - [7] MIRKO.POZEN: Fichier envoyé: E:\kerberos.htx\Microsoft.Office.Professional.2007.FR.By Gervais\INFOPATH.FR-FR\INFOPATHMUI.XML (4,47 K/S -   4 573 bytes)
[16:31:20] - [7] MIRKO.POZEN: Début du Téléchargement de: E:\kerberos.htx\Microsoft.Office.Professional.2007.FR.By Gervais\INFOPATH.FR-FR\SETUP.XML
[16:31:20] - [7] MIRKO.POZEN: Fichier envoyé: E:\kerberos.htx\Microsoft.Office.Professional.2007.FR.By Gervais\INFOPATH.FR-FR\SETUP.XML (5,03 K/S -   5 151 bytes)
[16:31:21] - [7] MIRKO.POZEN: Répertoire en Cours: E:\kerberos.htx\Microsoft.Office.Professional.2007.FR.By Gervais\EXCEL.FR-FR\
[16:31:21] - [7] MIRKO.POZEN: Début du Téléchargement de: E:\kerberos.htx\Microsoft.Office.Professional.2007.FR.By Gervais\EXCEL.FR-FR\EXCELLR.CAB
[16:31:52] - [6] MIRKO.POZEN: Fichier envoyé: E:\kerberos.htx\Microsoft.Office.Professional.2007.FR.By Gervais\PROPLUS.WW\PROPLSWW.CAB (406,62 K/S -  236 505 785 bytes)
[16:31:53] - [6] MIRKO.POZEN: Répertoire en Cours: E:\kerberos.htx\Microsoft.Office.Professional.2007.FR.By Gervais\EXCEL.FR-FR\
[16:31:53] - [6] MIRKO.POZEN: Début du Téléchargement de: E:\kerberos.htx\Microsoft.Office.Professional.2007.FR.By Gervais\EXCEL.FR-FR\EXCELMUI.MSI
[16:31:57] - [7] MIRKO.POZEN: Fichier envoyé: E:\kerberos.htx\Microsoft.Office.Professional.2007.FR.By Gervais\EXCEL.FR-FR\EXCELLR.CAB (420,13 K/S -  15 487 638 bytes)
[16:31:57] - [6] MIRKO.POZEN: Fichier envoyé: E:\kerberos.htx\Microsoft.Office.Professional.2007.FR.By Gervais\EXCEL.FR-FR\EXCELMUI.MSI (428,50 K/S -  1 755 136 bytes)
[16:31:58] - [6] MIRKO.POZEN: Début du Téléchargement de: E:\kerberos.htx\Microsoft.Office.Professional.2007.FR.By Gervais\EXCEL.FR-FR\EXCELMUI.XML
[16:31:58] - [6] MIRKO.POZEN: Fichier envoyé: E:\kerberos.htx\Microsoft.Office.Professional.2007.FR.By Gervais\EXCEL.FR-FR\EXCELMUI.XML (1,88 K/S -   1 921 bytes)
[16:31:58] - [7] MIRKO.POZEN: Début du Téléchargement de: E:\kerberos.htx\Microsoft.Office.Professional.2007.FR.By Gervais\EXCEL.FR-FR\SETUP.XML
[16:31:58] - [7] MIRKO.POZEN: Fichier envoyé: E:\kerberos.htx\Microsoft.Office.Professional.2007.FR.By Gervais\EXCEL.FR-FR\SETUP.XML (2,58 K/S -   2 640 bytes)
[16:31:59] - [7] MIRKO.POZEN: Répertoire en Cours: E:\kerberos.htx\Microsoft.Office.Professional.2007.FR.By Gervais\CATALOG\
[16:31:59] - [6] MIRKO.POZEN: Répertoire en Cours: E:\kerberos.htx\Microsoft.Office.Professional.2007.FR.By Gervais\ADMIN\
[16:31:59] - [7] MIRKO.POZEN: Début du Téléchargement de: E:\kerberos.htx\Microsoft.Office.Professional.2007.FR.By Gervais\CATALOG\FILES12.CAT
[16:31:59] - [6] MIRKO.POZEN: Début du Téléchargement de: E:\kerberos.htx\Microsoft.Office.Professional.2007.FR.By Gervais\ADMIN\OCT.DLL
[16:32:03] - [7] MIRKO.POZEN: Fichier envoyé: E:\kerberos.htx\Microsoft.Office.Professional.2007.FR.By Gervais\CATALOG\FILES12.CAT (323,01 K/S -  1 323 033 bytes)
[16:32:04] - [7] MIRKO.POZEN: Répertoire en Cours: E:\kerberos.htx\Microsoft.Office.Professional.2007.FR.By Gervais\ADMIN\
[16:32:04] - [7] MIRKO.POZEN: Début du Téléchargement de: E:\kerberos.htx\Microsoft.Office.Professional.2007.FR.By Gervais\ADMIN\OCTCA.DLL
[16:32:04] - [7] MIRKO.POZEN: Fichier envoyé: E:\kerberos.htx\Microsoft.Office.Professional.2007.FR.By Gervais\ADMIN\OCTCA.DLL (95,27 K/S -   97 552 bytes)
[16:32:05] - [7] MIRKO.POZEN: Répertoire en Cours: E:\kerberos.htx\Microsoft.Office.Professional.2007.FR.By Gervais\ADMIN\ZH-TW\
[16:32:05] - [7] MIRKO.POZEN: Début du Téléchargement de: E:\kerberos.htx\Microsoft.Office.Professional.2007.FR.By Gervais\ADMIN\ZH-TW\ACCESS12.OPA
[16:32:06] - [7] MIRKO.POZEN: Fichier envoyé: E:\kerberos.htx\Microsoft.Office.Professional.2007.FR.By Gervais\ADMIN\ZH-TW\ACCESS12.OPA (43,06 K/S -   44 094 bytes)
[16:32:06] - [6] MIRKO.POZEN: Fichier envoyé: E:\kerberos.htx\Microsoft.Office.Professional.2007.FR.By Gervais\ADMIN\OCT.DLL (523,39 K/S -  3 215 680 bytes)
[16:32:07] - [6] MIRKO.POZEN: Répertoire en Cours: E:\kerberos.htx\Microsoft.Office.Professional.2007.FR.By Gervais\ADMIN\ZH-TW\
[16:32:07] - [7] MIRKO.POZEN: Début du Téléchargement de: E:\kerberos.htx\Microsoft.Office.Professional.2007.FR.By Gervais\ADMIN\ZH-TW\CPAO12.OPA
[16:32:07] - [7] MIRKO.POZEN: Fichier envoyé: E:\kerberos.htx\Microsoft.Office.Professional.2007.FR.By Gervais\ADMIN\ZH-TW\CPAO12.OPA (17,66 K/S -   18 086 bytes)
[16:32:07] - [6] MIRKO.POZEN: Début du Téléchargement de: E:\kerberos.htx\Microsoft.Office.Professional.2007.FR.By Gervais\ADMIN\ZH-TW\EXCEL12.OPA
[16:32:07] - [6] MIRKO.POZEN: Fichier envoyé: E:\kerberos.htx\Microsoft.Office.Professional.2007.FR.By Gervais\ADMIN\ZH-TW\EXCEL12.OPA (118,67 K/S -   121 522 bytes)
[16:32:08] - [7] MIRKO.POZEN: Début du Téléchargement de: E:\kerberos.htx\Microsoft.Office.Professional.2007.FR.By Gervais\ADMIN\ZH-TW\IC12.OPA
[16:32:08] - [6] MIRKO.POZEN: Début du Téléchargement de: E:\kerberos.htx\Microsoft.Office.Professional.2007.FR.By Gervais\ADMIN\ZH-TW\GROOVE12.OPA
[16:32:08] - [6] MIRKO.POZEN: Fichier envoyé: E:\kerberos.htx\Microsoft.Office.Professional.2007.FR.By Gervais\ADMIN\ZH-TW\GROOVE12.OPA (2,40 K/S -   2 460 bytes)
[16:32:08] - [7] MIRKO.POZEN: Fichier envoyé: E:\kerberos.htx\Microsoft.Office.Professional.2007.FR.By Gervais\ADMIN\ZH-TW\IC12.OPA (6,59 K/S -   6 744 bytes)
[16:32:08] - [7] MIRKO.POZEN: Début du Téléchargement de: E:\kerberos.htx\Microsoft.Office.Professional.2007.FR.By Gervais\ADMIN\ZH-TW\OCT.CHM
[16:32:08] - [6] MIRKO.POZEN: Début du Téléchargement de: E:\kerberos.htx\Microsoft.Office.Professional.2007.FR.By Gervais\ADMIN\ZH-TW\INF12.OPA
[16:32:09] - [7] MIRKO.POZEN: Fichier envoyé: E:\kerberos.htx\Microsoft.Office.Professional.2007.FR.By Gervais\ADMIN\ZH-TW\OCT.CHM (59,48 K/S -   60 904 bytes)
[16:32:09] - [6] MIRKO.POZEN: Fichier envoyé: E:\kerberos.htx\Microsoft.Office.Professional.2007.FR.By Gervais\ADMIN\ZH-TW\INF12.OPA (86,73 K/S -   88 808 bytes)
[16:32:09] - [7] MIRKO.POZEN: Début du Téléchargement de: E:\kerberos.htx\Microsoft.Office.Professional.2007.FR.By Gervais\ADMIN\ZH-TW\OCTRES.DLL
[16:32:09] - [6] MIRKO.POZEN: Début du Téléchargement de: E:\kerberos.htx\Microsoft.Office.Professional.2007.FR.By Gervais\ADMIN\ZH-TW\OFFICE12.OPA
[16:32:10] - [7] MIRKO.POZEN: Fichier envoyé: E:\kerberos.htx\Microsoft.Office.Professional.2007.FR.By Gervais\ADMIN\ZH-TW\OCTRES.DLL (424,78 K/S -   434 976 bytes)
[16:32:11] - [6] MIRKO.POZEN: Fichier envoyé: E:\kerberos.htx\Microsoft.Office.Professional.2007.FR.By Gervais\ADMIN\ZH-TW\OFFICE12.OPA (583,02 K/S -   597 016 bytes)
[16:32:11] - [6] MIRKO.POZEN: Début du Téléchargement de: E:\kerberos.htx\Microsoft.Office.Professional.2007.FR.By Gervais\ADMIN\ZH-TW\ONENT12.OPA
[16:32:11] - [7] MIRKO.POZEN: Début du Téléchargement de: E:\kerberos.htx\Microsoft.Office.Professional.2007.FR.By Gervais\ADMIN\ZH-TW\OUTLK12.OPA
[16:32:11] - [6] MIRKO.POZEN: Fichier envoyé: E:\kerberos.htx\Microsoft.Office.Professional.2007.FR.By Gervais\ADMIN\ZH-TW\ONENT12.OPA (76,16 K/S -   77 990 bytes)
[16:32:12] - [7] MIRKO.POZEN: Fichier envoyé: E:\kerberos.htx\Microsoft.Office.Professional.2007.FR.By Gervais\ADMIN\ZH-TW\OUTLK12.OPA (359,77 K/S -   368 406 bytes)
[16:32:12] - [7] MIRKO.POZEN: Début du Téléchargement de: E:\kerberos.htx\Microsoft.Office.Professional.2007.FR.By Gervais\ADMIN\ZH-TW\PPT12.OPA
[16:32:12] - [6] MIRKO.POZEN: Début du Téléchargement de: E:\kerberos.htx\Microsoft.Office.Professional.2007.FR.By Gervais\ADMIN\ZH-TW\PROJ12.OPA
[16:32:12] - [7] MIRKO.POZEN: Fichier envoyé: E:\kerberos.htx\Microsoft.Office.Professional.2007.FR.By Gervais\ADMIN\ZH-TW\PPT12.OPA (86,38 K/S -   88 458 bytes)
[16:32:12] - [6] MIRKO.POZEN: Fichier envoyé: E:\kerberos.htx\Microsoft.Office.Professional.2007.FR.By Gervais\ADMIN\ZH-TW\PROJ12.OPA (139,94 K/S -   143 302 bytes)
[16:32:13] - [7] MIRKO.POZEN: Début du Téléchargement de: E:\kerberos.htx\Microsoft.Office.Professional.2007.FR.By Gervais\ADMIN\ZH-TW\PUB12.OPA
[16:32:13] - [6] MIRKO.POZEN: Début du Téléchargement de: E:\kerberos.htx\Microsoft.Office.Professional.2007.FR.By Gervais\ADMIN\ZH-TW\SPD12.OPA
[16:32:13] - [6] MIRKO.POZEN: Fichier envoyé: E:\kerberos.htx\Microsoft.Office.Professional.2007.FR.By Gervais\ADMIN\ZH-TW\SPD12.OPA (13,25 K/S -   13 570 bytes)
[16:32:13] - [7] MIRKO.POZEN: Fichier envoyé: E:\kerberos.htx\Microsoft.Office.Professional.2007.FR.By Gervais\ADMIN\ZH-TW\PUB12.OPA (27,38 K/S -   28 038 bytes)
[16:32:13] - [6] MIRKO.POZEN: Début du Téléchargement de: E:\kerberos.htx\Microsoft.Office.Professional.2007.FR.By Gervais\ADMIN\ZH-TW\VISIO12.OPA
[16:32:14] - [7] MIRKO.POZEN: Début du Téléchargement de: E:\kerberos.htx\Microsoft.Office.Professional.2007.FR.By Gervais\ADMIN\ZH-TW\WORD12.OPA
[16:32:14] - [6] MIRKO.POZEN: Fichier envoyé: E:\kerberos.htx\Microsoft.Office.Professional.2007.FR.By Gervais\ADMIN\ZH-TW\VISIO12.OPA (99,84 K/S -   102 236 bytes)
[16:32:14] - [7] MIRKO.POZEN: Fichier envoyé: E:\kerberos.htx\Microsoft.Office.Professional.2007.FR.By Gervais\ADMIN\ZH-TW\WORD12.OPA (203,72 K/S -   208 606 bytes)
[16:32:15] - [7] MIRKO.POZEN: Répertoire en Cours: E:\kerberos.htx\Microsoft.Office.Professional.2007.FR.By Gervais\ADMIN\ZH-CN\
[16:32:15] - [6] MIRKO.POZEN: Répertoire en Cours: E:\kerberos.htx\Microsoft.Office.Professional.2007.FR.By Gervais\ADMIN\ZH-CN\
[16:32:15] - [7] MIRKO.POZEN: Début du Téléchargement de: E:\kerberos.htx\Microsoft.Office.Professional.2007.FR.By Gervais\ADMIN\ZH-CN\ACCESS12.OPA
[16:32:15] - [6] MIRKO.POZEN: Début du Téléchargement de: E:\kerberos.htx\Microsoft.Office.Professional.2007.FR.By Gervais\ADMIN\ZH-CN\CPAO12.OPA
[16:32:15] - [6] MIRKO.POZEN: Fichier envoyé: E:\kerberos.htx\Microsoft.Office.Professional.2007.FR.By Gervais\ADMIN\ZH-CN\CPAO12.OPA (17,58 K/S -   17 998 bytes)
[16:32:15] - [7] MIRKO.POZEN: Fichier envoyé: E:\kerberos.htx\Microsoft.Office.Professional.2007.FR.By Gervais\ADMIN\ZH-CN\ACCESS12.OPA (42,96 K/S -   43 994 bytes)
[16:32:17] - [6] MIRKO.POZEN: Début du Téléchargement de: E:\kerberos.htx\Microsoft.Office.Professional.2007.FR.By Gervais\ADMIN\ZH-CN\EXCEL12.OPA
[16:32:17] - [7] MIRKO.POZEN: Début du Téléchargement de: E:\kerberos.htx\Microsoft.Office.Professional.2007.FR.By Gervais\ADMIN\ZH-CN\GROOVE12.OPA
[16:32:17] - [7] MIRKO.POZEN: Fichier envoyé: E:\kerberos.htx\Microsoft.Office.Professional.2007.FR.By Gervais\ADMIN\ZH-CN\GROOVE12.OPA (2,42 K/S -   2 478 bytes)
[16:32:17] - [6] MIRKO.POZEN: Fichier envoyé: E:\kerberos.htx\Microsoft.Office.Professional.2007.FR.By Gervais\ADMIN\ZH-CN\EXCEL12.OPA (118,13 K/S -   120 960 bytes)
[16:32:17] - [7] MIRKO.POZEN: Début du Téléchargement de: E:\kerberos.htx\Microsoft.Office.Professional.2007.FR.By Gervais\ADMIN\ZH-CN\IC12.OPA
[16:32:17] - [7] MIRKO.POZEN: Fichier envoyé: E:\kerberos.htx\Microsoft.Office.Professional.2007.FR.By Gervais\ADMIN\ZH-CN\IC12.OPA (6,58 K/S -   6 734 bytes)
[16:32:17] - [6] MIRKO.POZEN: Début du Téléchargement de: E:\kerberos.htx\Microsoft.Office.Professional.2007.FR.By Gervais\ADMIN\ZH-CN\INF12.OPA
[16:32:18] - [6] MIRKO.POZEN: Fichier envoyé: E:\kerberos.htx\Microsoft.Office.Professional.2007.FR.By Gervais\ADMIN\ZH-CN\INF12.OPA (87,00 K/S -   89 088 bytes)
[16:32:18] - [7] MIRKO.POZEN: Début du Téléchargement de: E:\kerberos.htx\Microsoft.Office.Professional.2007.FR.By Gervais\ADMIN\ZH-CN\OCT.CHM
[16:32:18] - [6] MIRKO.POZEN: Début du Téléchargement de: E:\kerberos.htx\Microsoft.Office.Professional.2007.FR.By Gervais\ADMIN\ZH-CN\OCTRES.DLL
[16:32:19] - [7] MIRKO.POZEN: Fichier envoyé: E:\kerberos.htx\Microsoft.Office.Professional.2007.FR.By Gervais\ADMIN\ZH-CN\OCT.CHM (82,34 K/S -   84 318 bytes)
[16:32:19] - [7] MIRKO.POZEN: Début du Téléchargement de: E:\kerberos.htx\Microsoft.Office.Professional.2007.FR.By Gervais\ADMIN\ZH-CN\OFFICE12.OPA
[16:32:19] - [6] MIRKO.POZEN: Fichier envoyé: E:\kerberos.htx\Microsoft.Office.Professional.2007.FR.By Gervais\ADMIN\ZH-CN\OCTRES.DLL (424,78 K/S -   434 976 bytes)
[16:32:20] - [6] MIRKO.POZEN: Début du Téléchargement de: E:\kerberos.htx\Microsoft.Office.Professional.2007.FR.By Gervais\ADMIN\ZH-CN\ONENT12.OPA
[16:32:20] - [6] MIRKO.POZEN: Fichier envoyé: E:\kerberos.htx\Microsoft.Office.Professional.2007.FR.By Gervais\ADMIN\ZH-CN\ONENT12.OPA (75,89 K/S -   77 716 bytes)
[16:32:20] - [7] MIRKO.POZEN: Fichier envoyé: E:\kerberos.htx\Microsoft.Office.Professional.2007.FR.By Gervais\ADMIN\ZH-CN\OFFICE12.OPA (582,59 K/S -   596 576 bytes)
[16:32:21] - [7] MIRKO.POZEN: Début du Téléchargement de: E:\kerberos.htx\Microsoft.Office.Professional.2007.FR.By Gervais\ADMIN\ZH-CN\OUTLK12.OPA
[16:32:21] - [6] MIRKO.POZEN: Début du Téléchargement de: E:\kerberos.htx\Microsoft.Office.Professional.2007.FR.By Gervais\ADMIN\ZH-CN\PPT12.OPA
[16:32:21] - [6] MIRKO.POZEN: Fichier envoyé: E:\kerberos.htx\Microsoft.Office.Professional.2007.FR.By Gervais\ADMIN\ZH-CN\PPT12.OPA (86,41 K/S -   88 488 bytes)
[16:32:22] - [6] MIRKO.POZEN: Début du Téléchargement de: E:\kerberos.htx\Microsoft.Office.Professional.2007.FR.By Gervais\ADMIN\ZH-CN\PROJ12.OPA
[16:32:22] - [7] MIRKO.POZEN: Fichier envoyé: E:\kerberos.htx\Microsoft.Office.Professional.2007.FR.By Gervais\ADMIN\ZH-CN\OUTLK12.OPA (358,88 K/S -   367 488 bytes)
[16:32:22] - [6] MIRKO.POZEN: Fichier envoyé: E:\kerberos.htx\Microsoft.Office.Professional.2007.FR.By Gervais\ADMIN\ZH-CN\PROJ12.OPA (138,95 K/S -   142 284 bytes)
[16:32:22] - [7] MIRKO.POZEN: Début du Téléchargement de: E:\kerberos.htx\Microsoft.Office.Professional.2007.FR.By Gervais\ADMIN\ZH-CN\SPD12.OPA
[16:32:22] - [6] MIRKO.POZEN: Début du Téléchargement de: E:\kerberos.htx\Microsoft.Office.Professional.2007.FR.By Gervais\ADMIN\ZH-CN\PUB12.OPA
[16:32:23] - [7] MIRKO.POZEN: Fichier envoyé: E:\kerberos.htx\Microsoft.Office.Professional.2007.FR.By Gervais\ADMIN\ZH-CN\SPD12.OPA (13,12 K/S -   13 432 bytes)
[16:32:23] - [6] MIRKO.POZEN: Fichier envoyé: E:\kerberos.htx\Microsoft.Office.Professional.2007.FR.By Gervais\ADMIN\ZH-CN\PUB12.OPA (27,22 K/S -   27 878 bytes)
[16:32:23] - [6] MIRKO.POZEN: Début du Téléchargement de: E:\kerberos.htx\Microsoft.Office.Professional.2007.FR.By Gervais\ADMIN\ZH-CN\VISIO12.OPA
[16:32:23] - [7] MIRKO.POZEN: Début du Téléchargement de: E:\kerberos.htx\Microsoft.Office.Professional.2007.FR.By Gervais\ADMIN\ZH-CN\WORD12.OPA
[16:32:24] - [6] MIRKO.POZEN: Fichier envoyé: E:\kerberos.htx\Microsoft.Office.Professional.2007.FR.By Gervais\ADMIN\ZH-CN\VISIO12.OPA (99,44 K/S -   101 830 bytes)
[16:32:24] - [5] MIRKO.POZEN: Répertoire en Cours: E:\kerberos.htx\
[16:32:24] - [5] MIRKO.POZEN: Répertoire en Cours: E:\kerberos.htx\100NIKON\
[16:32:24] - [7] MIRKO.POZEN: Fichier envoyé: E:\kerberos.htx\Microsoft.Office.Professional.2007.FR.By Gervais\ADMIN\ZH-CN\WORD12.OPA (203,26 K/S -   208 134 bytes)
[16:32:24] - [6] MIRKO.POZEN: Répertoire en Cours: E:\kerberos.htx\Microsoft.Office.Professional.2007.FR.By Gervais\ADMIN\KO-KR\
[16:32:24] - [7] MIRKO.POZEN: Répertoire en Cours: E:\kerberos.htx\Microsoft.Office.Professional.2007.FR.By Gervais\ADMIN\KO-KR\
[16:32:24] - [6] MIRKO.POZEN: Début du Téléchargement de: E:\kerberos.htx\Microsoft.Office.Professional.2007.FR.By Gervais\ADMIN\KO-KR\ACCESS12.OPA
[16:32:24] - [7] MIRKO.POZEN: Début du Téléchargement de: E:\kerberos.htx\Microsoft.Office.Professional.2007.FR.By Gervais\ADMIN\KO-KR\CPAO12.OPA
[16:32:24] - [7] MIRKO.POZEN: Fichier envoyé: E:\kerberos.htx\Microsoft.Office.Professional.2007.FR.By Gervais\ADMIN\KO-KR\CPAO12.OPA (19,44 K/S -   19 908 bytes)
[16:32:24] - [6] MIRKO.POZEN: Fichier envoyé: E:\kerberos.htx\Microsoft.Office.Professional.2007.FR.By Gervais\ADMIN\KO-KR\ACCESS12.OPA (45,26 K/S -   46 348 bytes)
[16:32:25] - [7] MIRKO.POZEN: Début du Téléchargement de: E:\kerberos.htx\Microsoft.Office.Professional.2007.FR.By Gervais\ADMIN\KO-KR\GROOVE12.OPA
[16:32:25] - [7] MIRKO.POZEN: Fichier envoyé: E:\kerberos.htx\Microsoft.Office.Professional.2007.FR.By Gervais\ADMIN\KO-KR\GROOVE12.OPA (2,67 K/S -   2 738 bytes)
[16:32:25] - [6] MIRKO.POZEN: Début du Téléchargement de: E:\kerberos.htx\Microsoft.Office.Professional.2007.FR.By Gervais\ADMIN\KO-KR\EXCEL12.OPA
[16:32:25] - [6] MIRKO.POZEN: Fichier envoyé: E:\kerberos.htx\Microsoft.Office.Professional.2007.FR.By Gervais\ADMIN\KO-KR\EXCEL12.OPA (124,63 K/S -   127 618 bytes)
[16:32:26] - [7] MIRKO.POZEN: Début du Téléchargement de: E:\kerberos.htx\Microsoft.Office.Professional.2007.FR.By Gervais\ADMIN\KO-KR\INF12.OPA
[16:32:26] - [6] MIRKO.POZEN: Début du Téléchargement de: E:\kerberos.htx\Microsoft.Office.Professional.2007.FR.By Gervais\ADMIN\KO-KR\IC12.OPA
[16:32:26] - [6] MIRKO.POZEN: Fichier envoyé: E:\kerberos.htx\Microsoft.Office.Professional.2007.FR.By Gervais\ADMIN\KO-KR\IC12.OPA (7,11 K/S -   7 276 bytes)
[16:32:26] - [7] MIRKO.POZEN: Fichier envoyé: E:\kerberos.htx\Microsoft.Office.Professional.2007.FR.By Gervais\ADMIN\KO-KR\INF12.OPA (95,12 K/S -   97 404 bytes)
[16:32:27] - [7] MIRKO.POZEN: Début du Téléchargement de: E:\kerberos.htx\Microsoft.Office.Professional.2007.FR.By Gervais\ADMIN\KO-KR\OCT.CHM
[16:32:27] - [6] MIRKO.POZEN: Début du Téléchargement de: E:\kerberos.htx\Microsoft.Office.Professional.2007.FR.By Gervais\ADMIN\KO-KR\OCTRES.DLL
[16:32:27] - [7] MIRKO.POZEN: Fichier envoyé: E:\kerberos.htx\Microsoft.Office.Professional.2007.FR.By Gervais\ADMIN\KO-KR\OCT.CHM (81,81 K/S -   83 772 bytes)
[16:32:27] - [7] MIRKO.POZEN: Début du Téléchargement de: E:\kerberos.htx\Microsoft.Office.Professional.2007.FR.By Gervais\ADMIN\KO-KR\OFFICE12.OPA
[16:32:28] - [6] MIRKO.POZEN: Fichier envoyé: E:\kerberos.htx\Microsoft.Office.Professional.2007.FR.By Gervais\ADMIN\KO-KR\OCTRES.DLL (212,42 K/S -   435 032 bytes)
[16:32:28] - [6] MIRKO.POZEN: Début du Téléchargement de: E:\kerberos.htx\Microsoft.Office.Professional.2007.FR.By Gervais\ADMIN\KO-KR\ONENT12.OPA
[16:32:29] - [6] MIRKO.POZEN: Fichier envoyé: E:\kerberos.htx\Microsoft.Office.Professional.2007.FR.By Gervais\ADMIN\KO-KR\ONENT12.OPA (80,62 K/S -   82 556 bytes)
[16:32:29] - [6] MIRKO.POZEN: Début du Téléchargement de: E:\kerberos.htx\Microsoft.Office.Professional.2007.FR.By Gervais\ADMIN\KO-KR\OUTLK12.OPA
[16:32:30] - [7] MIRKO.POZEN: Fichier envoyé: E:\kerberos.htx\Microsoft.Office.Professional.2007.FR.By Gervais\ADMIN\KO-KR\OFFICE12.OPA (302,68 K/S -   619 882 bytes)
[16:32:30] - [7] MIRKO.POZEN: Début du Téléchargement de: E:\kerberos.htx\Microsoft.Office.Professional.2007.FR.By Gervais\ADMIN\KO-KR\PPT12.OPA
[16:32:30] - [6] MIRKO.POZEN: Fichier envoyé: E:\kerberos.htx\Microsoft.Office.Professional.2007.FR.By Gervais\ADMIN\KO-KR\OUTLK12.OPA (384,09 K/S -   393 304 bytes)
[16:32:30] - [7] MIRKO.POZEN: Fichier envoyé: E:\kerberos.htx\Microsoft.Office.Professional.2007.FR.By Gervais\ADMIN\KO-KR\PPT12.OPA (89,85 K/S -   92 010 bytes)
[16:32:31] - [6] MIRKO.POZEN: Début du Téléchargement de: E:\kerberos.htx\Microsoft.Office.Professional.2007.FR.By Gervais\ADMIN\KO-KR\PROJ12.OPA
[16:32:31] - [7] MIRKO.POZEN: Début du Téléchargement de: E:\kerberos.htx\Microsoft.Office.Professional.2007.FR.By Gervais\ADMIN\KO-KR\PUB12.OPA
[16:32:31] - [7] MIRKO.POZEN: Fichier envoyé: E:\kerberos.htx\Microsoft.Office.Professional.2007.FR.By Gervais\ADMIN\KO-KR\PUB12.OPA (28,34 K/S -   29 020 bytes)
[16:32:31] - [6] MIRKO.POZEN: Fichier envoyé: E:\kerberos.htx\Microsoft.Office.Professional.2007.FR.By Gervais\ADMIN\KO-KR\PROJ12.OPA (151,59 K/S -   155 232 bytes)
[16:32:32] - [6] MIRKO.POZEN: Début du Téléchargement de: E:\kerberos.htx\Microsoft.Office.Professional.2007.FR.By Gervais\ADMIN\KO-KR\SPD12.OPA
[16:32:32] - [7] MIRKO.POZEN: Début du Téléchargement de: E:\kerberos.htx\Microsoft.Office.Professional.2007.FR.By Gervais\ADMIN\KO-KR\VISIO12.OPA
[16:32:32] - [6] MIRKO.POZEN: Fichier envoyé: E:\kerberos.htx\Microsoft.Office.Professional.2007.FR.By Gervais\ADMIN\KO-KR\SPD12.OPA (13,75 K/S -   14 082 bytes)
[16:32:32] - [7] MIRKO.POZEN: Fichier envoyé: E:\kerberos.htx\Microsoft.Office.Professional.2007.FR.By Gervais\ADMIN\KO-KR\VISIO12.OPA (105,19 K/S -   107 714 bytes)
[16:32:32] - [6] MIRKO.POZEN: Répertoire en Cours: E:\kerberos.htx\Microsoft.Office.Professional.2007.FR.By Gervais\ADMIN\JA-JP\
[16:32:33] - [7] MIRKO.POZEN: Début du Téléchargement de: E:\kerberos.htx\Microsoft.Office.Professional.2007.FR.By Gervais\ADMIN\KO-KR\WORD12.OPA
[16:32:33] - [6] MIRKO.POZEN: Début du Téléchargement de: E:\kerberos.htx\Microsoft.Office.Professional.2007.FR.By Gervais\ADMIN\JA-JP\ACCESS12.OPA
[16:32:33] - [6] MIRKO.POZEN: Fichier envoyé: E:\kerberos.htx\Microsoft.Office.Professional.2007.FR.By Gervais\ADMIN\JA-JP\ACCESS12.OPA (45,04 K/S -   46 116 bytes)
[16:32:33] - [7] MIRKO.POZEN: Fichier envoyé: E:\kerberos.htx\Microsoft.Office.Professional.2007.FR.By Gervais\ADMIN\KO-KR\WORD12.OPA (210,71 K/S -   215 766 bytes)
[16:32:33] - [7] MIRKO.POZEN: Répertoire en Cours: E:\kerberos.htx\Microsoft.Office.Professional.2007.FR.By Gervais\ADMIN\JA-JP\
[16:32:33] - [6] MIRKO.POZEN: Début du Téléchargement de: E:\kerberos.htx\Microsoft.Office.Professional.2007.FR.By Gervais\ADMIN\JA-JP\EXCEL12.OPA
[16:32:33] - [7] MIRKO.POZEN: Début du Téléchargement de: E:\kerberos.htx\Microsoft.Office.Professional.2007.FR.By Gervais\ADMIN\JA-JP\CPAO12.OPA
[16:32:34] - [7] MIRKO.POZEN: Fichier envoyé: E:\kerberos.htx\Microsoft.Office.Professional.2007.FR.By Gervais\ADMIN\JA-JP\CPAO12.OPA (19,13 K/S -   19 590 bytes)
[16:32:34] - [6] MIRKO.POZEN: Fichier envoyé: E:\kerberos.htx\Microsoft.Office.Professional.2007.FR.By Gervais\ADMIN\JA-JP\EXCEL12.OPA (125,33 K/S -   128 340 bytes)
[16:32:34] - [6] MIRKO.POZEN: Début du Téléchargement de: E:\kerberos.htx\Microsoft.Office.Professional.2007.FR.By Gervais\ADMIN\JA-JP\IC12.OPA
[16:32:34] - [7] MIRKO.POZEN: Début du Téléchargement de: E:\kerberos.htx\Microsoft.Office.Professional.2007.FR.By Gervais\ADMIN\JA-JP\GROOVE12.OPA
[16:32:34] - [7] MIRKO.POZEN: Fichier envoyé: E:\kerberos.htx\Microsoft.Office.Professional.2007.FR.By Gervais\ADMIN\JA-JP\GROOVE12.OPA (2,79 K/S -   2 862 bytes)
[16:32:34] - [6] MIRKO.POZEN: Fichier envoyé: E:\kerberos.htx\Microsoft.Office.Professional.2007.FR.By Gervais\ADMIN\JA-JP\IC12.OPA (7,15 K/S -   7 322 bytes)
[16:32:35] - [6] MIRKO.POZEN: Début du Téléchargement de: E:\kerberos.htx\Microsoft.Office.Professional.2007.FR.By Gervais\ADMIN\JA-JP\INF12.OPA
[16:32:35] - [7] MIRKO.POZEN: Début du Téléchargement de: E:\kerberos.htx\Microsoft.Office.Professional.2007.FR.By Gervais\ADMIN\JA-JP\OCT.CHM
[16:32:35] - [7] MIRKO.POZEN: Fichier envoyé: E:\kerberos.htx\Microsoft.Office.Professional.2007.FR.By Gervais\ADMIN\JA-JP\OCT.CHM (55,03 K/S -   56 346 bytes)
[16:32:35] - [6] MIRKO.POZEN: Fichier envoyé: E:\kerberos.htx\Microsoft.Office.Professional.2007.FR.By Gervais\ADMIN\JA-JP\INF12.OPA (96,96 K/S -   99 290 bytes)
[16:32:36] - [7] MIRKO.POZEN: Début du Téléchargement de: E:\kerberos.htx\Microsoft.Office.Professional.2007.FR.By Gervais\ADMIN\JA-JP\OCTRES.DLL
[16:32:36] - [6] MIRKO.POZEN: Début du Téléchargement de: E:\kerberos.htx\Microsoft.Office.Professional.2007.FR.By Gervais\ADMIN\JA-JP\OFFICE12.OPA
[16:32:38] - [7] MIRKO.POZEN: Fichier envoyé: E:\kerberos.htx\Microsoft.Office.Professional.2007.FR.By Gervais\ADMIN\JA-JP\OCTRES.DLL (212,39 K/S -   434 976 bytes)
[16:32:38] - [6] MIRKO.POZEN: Fichier envoyé: E:\kerberos.htx\Microsoft.Office.Professional.2007.FR.By Gervais\ADMIN\JA-JP\OFFICE12.OPA (204,19 K/S -   627 264 bytes)
[16:32:39] - [6] MIRKO.POZEN: Début du Téléchargement de: E:\kerberos.htx\Microsoft.Office.Professional.2007.FR.By Gervais\ADMIN\JA-JP\OUTLK12.OPA
[16:32:39] - [7] MIRKO.POZEN: Début du Téléchargement de: E:\kerberos.htx\Microsoft.Office.Professional.2007.FR.By Gervais\ADMIN\JA-JP\ONENT12.OPA
[16:32:39] - [7] MIRKO.POZEN: Fichier envoyé: E:\kerberos.htx\Microsoft.Office.Professional.2007.FR.By Gervais\ADMIN\JA-JP\ONENT12.OPA (81,56 K/S -   83 518 bytes)
[16:32:40] - [7] MIRKO.POZEN: Début du Téléchargement de: E:\kerberos.htx\Microsoft.Office.Professional.2007.FR.By Gervais\ADMIN\JA-JP\PPT12.OPA
[16:32:40] - [6] MIRKO.POZEN: Fichier envoyé: E:\kerberos.htx\Microsoft.Office.Professional.2007.FR.By Gervais\ADMIN\JA-JP\OUTLK12.OPA (384,50 K/S -   393 730 bytes)
[16:32:40] - [6] MIRKO.POZEN: Début du Téléchargement de: E:\kerberos.htx\Microsoft.Office.Professional.2007.FR.By Gervais\ADMIN\JA-JP\PROJ12.OPA
[16:32:40] - [7] MIRKO.POZEN: Fichier envoyé: E:\kerberos.htx\Microsoft.Office.Professional.2007.FR.By Gervais\ADMIN\JA-JP\PPT12.OPA (90,16 K/S -   92 328 bytes)
[16:32:41] - [6] MIRKO.POZEN: Fichier envoyé: E:\kerberos.htx\Microsoft.Office.Professional.2007.FR.By Gervais\ADMIN\JA-JP\PROJ12.OPA (150,44 K/S -   154 054 bytes)
[16:32:41] - [6] MIRKO.POZEN: Début du Téléchargement de: E:\kerberos.htx\Microsoft.Office.Professional.2007.FR.By Gervais\ADMIN\JA-JP\SPD12.OPA
[16:32:41] - [7] MIRKO.POZEN: Début du Téléchargement de: E:\kerberos.htx\Microsoft.Office.Professional.2007.FR.By Gervais\ADMIN\JA-JP\PUB12.OPA
[16:32:41] - [6] MIRKO.POZEN: Fichier envoyé: E:\kerberos.htx\Microsoft.Office.Professional.2007.FR.By Gervais\ADMIN\JA-JP\SPD12.OPA (13,92 K/S -   14 254 bytes)
[16:32:41] - [7] MIRKO.POZEN: Fichier envoyé: E:\kerberos.htx\Microsoft.Office.Professional.2007.FR.By Gervais\ADMIN\JA-JP\PUB12.OPA (28,65 K/S -   29 336 bytes)
[16:32:42] - [7] MIRKO.POZEN: Début du Téléchargement de: E:\kerberos.htx\Microsoft.Office.Professional.2007.FR.By Gervais\ADMIN\JA-JP\WORD12.OPA
[16:32:42] - [6] MIRKO.POZEN: Début du Téléchargement de: E:\kerberos.htx\Microsoft.Office.Professional.2007.FR.By Gervais\ADMIN\JA-JP\VISIO12.OPA
[16:32:42] - [6] MIRKO.POZEN: Fichier envoyé: E:\kerberos.htx\Microsoft.Office.Professional.2007.FR.By Gervais\ADMIN\JA-JP\VISIO12.OPA (105,22 K/S -   107 742 bytes)
[16:32:42] - [6] MIRKO.POZEN: Répertoire en Cours: E:\kerberos.htx\Microsoft.Office.Professional.2007.FR.By Gervais\ADMIN\IT-IT\
[16:32:43] - [7] MIRKO.POZEN: Fichier envoyé: E:\kerberos.htx\Microsoft.Office.Professional.2007.FR.By Gervais\ADMIN\JA-JP\WORD12.OPA (211,00 K/S -   216 060 bytes)
[16:32:43] - [6] MIRKO.POZEN: Début du Téléchargement de: E:\kerberos.htx\Microsoft.Office.Professional.2007.FR.By Gervais\ADMIN\IT-IT\ACCESS12.OPA
[16:32:43] - [7] MIRKO.POZEN: Répertoire en Cours: E:\kerberos.htx\Microsoft.Office.Professional.2007.FR.By Gervais\ADMIN\IT-IT\
[16:32:43] - [7] MIRKO.POZEN: Début du Téléchargement de: E:\kerberos.htx\Microsoft.Office.Professional.2007.FR.By Gervais\ADMIN\IT-IT\CPAO12.OPA
[16:32:43] - [6] MIRKO.POZEN: Fichier envoyé: E:\kerberos.htx\Microsoft.Office.Professional.2007.FR.By Gervais\ADMIN\IT-IT\ACCESS12.OPA (52,88 K/S -   54 144 bytes)
[16:32:43] - [7] MIRKO.POZEN: Fichier envoyé: E:\kerberos.htx\Microsoft.Office.Professional.2007.FR.By Gervais\ADMIN\IT-IT\CPAO12.OPA (26,94 K/S -   27 588 bytes)
[16:32:43] - [7] MIRKO.POZEN: Début du Téléchargement de: E:\kerberos.htx\Microsoft.Office.Professional.2007.FR.By Gervais\ADMIN\IT-IT\GROOVE12.OPA
[16:32:43] - [7] MIRKO.POZEN: Fichier envoyé: E:\kerberos.htx\Microsoft.Office.Professional.2007.FR.By Gervais\ADMIN\IT-IT\GROOVE12.OPA (3,86 K/S -   3 956 bytes)
[16:32:44] - [6] MIRKO.POZEN: Début du Téléchargement de: E:\kerberos.htx\Microsoft.Office.Professional.2007.FR.By Gervais\ADMIN\IT-IT\EXCEL12.OPA
[16:32:44] - [6] MIRKO.POZEN: Fichier envoyé: E:\kerberos.htx\Microsoft.Office.Professional.2007.FR.By Gervais\ADMIN\IT-IT\EXCEL12.OPA (150,46 K/S -   154 076 bytes)
[16:32:44] - [7] MIRKO.POZEN: Début du Téléchargement de: E:\kerberos.htx\Microsoft.Office.Professional.2007.FR.By Gervais\ADMIN\IT-IT\IC12.OPA
[16:32:44] - [6] MIRKO.POZEN: Début du Téléchargement de: E:\kerberos.htx\Microsoft.Office.Professional.2007.FR.By Gervais\ADMIN\IT-IT\INF12.OPA
[16:32:44] - [7] MIRKO.POZEN: Fichier envoyé: E:\kerberos.htx\Microsoft.Office.Professional.2007.FR.By Gervais\ADMIN\IT-IT\IC12.OPA (9,48 K/S -   9 712 bytes)
[16:32:45] - [6] MIRKO.POZEN: Fichier envoyé: E:\kerberos.htx\Microsoft.Office.Professional.2007.FR.By Gervais\ADMIN\IT-IT\INF12.OPA (128,64 K/S -   131 730 bytes)
[16:32:45] - [7] MIRKO.POZEN: Début du Téléchargement de: E:\kerberos.htx\Microsoft.Office.Professional.2007.FR.By Gervais\ADMIN\IT-IT\OCT.CHM
[16:32:45] - [6] MIRKO.POZEN: Début du Téléchargement de: E:\kerberos.htx\Microsoft.Office.Professional.2007.FR.By Gervais\ADMIN\IT-IT\OCTRES.DLL
[16:32:45] - [7] MIRKO.POZEN: Fichier envoyé: E:\kerberos.htx\Microsoft.Office.Professional.2007.FR.By Gervais\ADMIN\IT-IT\OCT.CHM (54,34 K/S -   55 644 bytes)
[16:32:46] - [7] MIRKO.POZEN: Début du Téléchargement de: E:\kerberos.htx\Microsoft.Office.Professional.2007.FR.By Gervais\ADMIN\IT-IT\OFFICE12.OPA
[16:32:47] - [6] MIRKO.POZEN: Fichier envoyé: E:\kerberos.htx\Microsoft.Office.Professional.2007.FR.By Gervais\ADMIN\IT-IT\OCTRES.DLL (425,38 K/S -   435 584 bytes)
[16:32:47] - [6] MIRKO.POZEN: Début du Téléchargement de: E:\kerberos.htx\Microsoft.Office.Professional.2007.FR.By Gervais\ADMIN\IT-IT\ONENT12.OPA
[16:32:47] - [6] MIRKO.POZEN: Fichier envoyé: E:\kerberos.htx\Microsoft.Office.Professional.2007.FR.By Gervais\ADMIN\IT-IT\ONENT12.OPA (101,66 K/S -   104 096 bytes)
[16:32:48] - [6] MIRKO.POZEN: Début du Téléchargement de: E:\kerberos.htx\Microsoft.Office.Professional.2007.FR.By Gervais\ADMIN\IT-IT\OUTLK12.OPA
[16:32:48] - [7] MIRKO.POZEN: Fichier envoyé: E:\kerberos.htx\Microsoft.Office.Professional.2007.FR.By Gervais\ADMIN\IT-IT\OFFICE12.OPA (238,51 K/S -   732 710 bytes)
[16:32:49] - [7] MIRKO.POZEN: Début du Téléchargement de: E:\kerberos.htx\Microsoft.Office.Professional.2007.FR.By Gervais\ADMIN\IT-IT\PPT12.OPA
[16:32:49] - [7] MIRKO.POZEN: Fichier envoyé: E:\kerberos.htx\Microsoft.Office.Professional.2007.FR.By Gervais\ADMIN\IT-IT\PPT12.OPA (103,62 K/S -   106 102 bytes)
[16:32:49] - [6] MIRKO.POZEN: Fichier envoyé: E:\kerberos.htx\Microsoft.Office.Professional.2007.FR.By Gervais\ADMIN\IT-IT\OUTLK12.OPA (249,96 K/S -   511 912 bytes)
[16:32:49] - [7] MIRKO.POZEN: Début du Téléchargement de: E:\kerberos.htx\Microsoft.Office.Professional.2007.FR.By Gervais\ADMIN\IT-IT\PUB12.OPA
[16:32:49] - [6] MIRKO.POZEN: Début du Téléchargement de: E:\kerberos.htx\Microsoft.Office.Professional.2007.FR.By Gervais\ADMIN\IT-IT\PROJ12.OPA
[16:32:50] - [7] MIRKO.POZEN: Fichier envoyé: E:\kerberos.htx\Microsoft.Office.Professional.2007.FR.By Gervais\ADMIN\IT-IT\PUB12.OPA (32,96 K/S -   33 752 bytes)
[16:32:50] - [6] MIRKO.POZEN: Fichier envoyé: E:\kerberos.htx\Microsoft.Office.Professional.2007.FR.By Gervais\ADMIN\IT-IT\PROJ12.OPA (197,96 K/S -   202 708 bytes)
[16:32:50] - [7] MIRKO.POZEN: Début du Téléchargement de: E:\kerberos.htx\Microsoft.Office.Professional.2007.FR.By Gervais\ADMIN\IT-IT\SPD12.OPA
[16:32:50] - [6] MIRKO.POZEN: Début du Téléchargement de: E:\kerberos.htx\Microsoft.Office.Professional.2007.FR.By Gervais\ADMIN\IT-IT\VISIO12.OPA
[16:32:50] - [7] MIRKO.POZEN: Fichier envoyé: E:\kerberos.htx\Microsoft.Office.Professional.2007.FR.By Gervais\ADMIN\IT-IT\SPD12.OPA (15,90 K/S -   16 278 bytes)
[16:32:51] - [6] MIRKO.POZEN: Fichier envoyé: E:\kerberos.htx\Microsoft.Office.Professional.2007.FR.By Gervais\ADMIN\IT-IT\VISIO12.OPA (128,99 K/S -   132 088 bytes)
[16:32:52] - [6] MIRKO.POZEN: Répertoire en Cours: E:\kerberos.htx\Microsoft.Office.Professional.2007.FR.By Gervais\ADMIN\FR-FR\
[16:32:52] - [7] MIRKO.POZEN: Début du Téléchargement de: E:\kerberos.htx\Microsoft.Office.Professional.2007.FR.By Gervais\ADMIN\IT-IT\WORD12.OPA
[16:32:52] - [6] MIRKO.POZEN: Début du Téléchargement de: E:\kerberos.htx\Microsoft.Office.Professional.2007.FR.By Gervais\ADMIN\FR-FR\ACCESS12.OPA
[16:32:52] - [6] MIRKO.POZEN: Fichier envoyé: E:\kerberos.htx\Microsoft.Office.Professional.2007.FR.By Gervais\ADMIN\FR-FR\ACCESS12.OPA (52,46 K/S -   53 716 bytes)
[16:32:52] - [7] MIRKO.POZEN: Fichier envoyé: E:\kerberos.htx\Microsoft.Office.Professional.2007.FR.By Gervais\ADMIN\IT-IT\WORD12.OPA (241,66 K/S -   247 464 bytes)
[16:32:53] - [7] MIRKO.POZEN: Répertoire en Cours: E:\kerberos.htx\Microsoft.Office.Professional.2007.FR.By Gervais\ADMIN\FR-FR\
[16:32:53] - [6] MIRKO.POZEN: Début du Téléchargement de: E:\kerberos.htx\Microsoft.Office.Professional.2007.FR.By Gervais\ADMIN\FR-FR\EXCEL12.OPA
[16:32:53] - [6] MIRKO.POZEN: Fichier envoyé: E:\kerberos.htx\Microsoft.Office.Professional.2007.FR.By Gervais\ADMIN\FR-FR\EXCEL12.OPA (148,39 K/S -   151 952 bytes)
[16:32:53] - [7] MIRKO.POZEN: Début du Téléchargement de: E:\kerberos.htx\Microsoft.Office.Professional.2007.FR.By Gervais\ADMIN\FR-FR\CPAO12.OPA
[16:32:54] - [6] MIRKO.POZEN: Début du Téléchargement de: E:\kerberos.htx\Microsoft.Office.Professional.2007.FR.By Gervais\ADMIN\FR-FR\GROOVE12.OPA
[16:32:54] - [6] MIRKO.POZEN: Fichier envoyé: E:\kerberos.htx\Microsoft.Office.Professional.2007.FR.By Gervais\ADMIN\FR-FR\GROOVE12.OPA (3,74 K/S -   3 832 bytes)
[16:32:54] - [7] MIRKO.POZEN: Fichier envoyé: E:\kerberos.htx\Microsoft.Office.Professional.2007.FR.By Gervais\ADMIN\FR-FR\CPAO12.OPA (26,17 K/S -   26 800 bytes)
[16:32:54] - [7] MIRKO.POZEN: Début du Téléchargement de: E:\kerberos.htx\Microsoft.Office.Professional.2007.FR.By Gervais\ADMIN\FR-FR\IC12.OPA
[16:32:54] - [6] MIRKO.POZEN: Début du Téléchargement de: E:\kerberos.htx\Microsoft.Office.Professional.2007.FR.By Gervais\ADMIN\FR-FR\INF12.OPA
[16:32:54] - [7] MIRKO.POZEN: Fichier envoyé: E:\kerberos.htx\Microsoft.Office.Professional.2007.FR.By Gervais\ADMIN\FR-FR\IC12.OPA (9,17 K/S -   9 390 bytes)
[16:32:55] - [6] MIRKO.POZEN: Fichier envoyé: E:\kerberos.htx\Microsoft.Office.Professional.2007.FR.By Gervais\ADMIN\FR-FR\INF12.OPA (128,53 K/S -   131 614 bytes)
[16:32:55] - [6] MIRKO.POZEN: Début du Téléchargement de: E:\kerberos.htx\Microsoft.Office.Professional.2007.FR.By Gervais\ADMIN\FR-FR\OCT.CHM
[16:32:55] - [7] MIRKO.POZEN: Début du Téléchargement de: E:\kerberos.htx\Microsoft.Office.Professional.2007.FR.By Gervais\ADMIN\FR-FR\OCTRES.DLL
[16:32:55] - [6] MIRKO.POZEN: Fichier envoyé: E:\kerberos.htx\Microsoft.Office.Professional.2007.FR.By Gervais\ADMIN\FR-FR\OCT.CHM (54,97 K/S -   56 288 bytes)
[16:32:56] - [6] MIRKO.POZEN: Début du Téléchargement de: E:\kerberos.htx\Microsoft.Office.Professional.2007.FR.By Gervais\ADMIN\FR-FR\OFFICE12.OPA
[16:32:57] - [7] MIRKO.POZEN: Fichier envoyé: E:\kerberos.htx\Microsoft.Office.Professional.2007.FR.By Gervais\ADMIN\FR-FR\OCTRES.DLL (429,86 K/S -   440 176 bytes)
[16:32:58] - [7] MIRKO.POZEN: Début du Téléchargement de: E:\kerberos.htx\Microsoft.Office.Professional.2007.FR.By Gervais\ADMIN\FR-FR\ONENT12.OPA
[16:32:58] - [7] MIRKO.POZEN: Fichier envoyé: E:\kerberos.htx\Microsoft.Office.Professional.2007.FR.By Gervais\ADMIN\FR-FR\ONENT12.OPA (99,68 K/S -   102 070 bytes)
[16:32:58] - [7] MIRKO.POZEN: Début du Téléchargement de: E:\kerberos.htx\Microsoft.Office.Professional.2007.FR.By Gervais\ADMIN\FR-FR\OUTLK12.OPA
[16:32:59] - [6] MIRKO.POZEN: Fichier envoyé: E:\kerberos.htx\Microsoft.Office.Professional.2007.FR.By Gervais\ADMIN\FR-FR\OFFICE12.OPA (232,47 K/S -   714 136 bytes)
[16:32:59] - [6] MIRKO.POZEN: Début du Téléchargement de: E:\kerberos.htx\Microsoft.Office.Professional.2007.FR.By Gervais\ADMIN\FR-FR\PPT12.OPA
[16:33:00] - [6] MIRKO.POZEN: Fichier envoyé: E:\kerberos.htx\Microsoft.Office.Professional.2007.FR.By Gervais\ADMIN\FR-FR\PPT12.OPA (102,56 K/S -   105 022 bytes)
[16:33:00] - [7] MIRKO.POZEN: Fichier envoyé: E:\kerberos.htx\Microsoft.Office.Professional.2007.FR.By Gervais\ADMIN\FR-FR\OUTLK12.OPA (488,15 K/S -   499 862 bytes)
[16:33:00] - [7] MIRKO.POZEN: Début du Téléchargement de: E:\kerberos.htx\Microsoft.Office.Professional.2007.FR.By Gervais\ADMIN\FR-FR\PROJ12.OPA
[16:33:00] - [6] MIRKO.POZEN: Début du Téléchargement de: E:\kerberos.htx\Microsoft.Office.Professional.2007.FR.By Gervais\ADMIN\FR-FR\PUB12.OPA
[16:33:00] - [6] MIRKO.POZEN: Fichier envoyé: E:\kerberos.htx\Microsoft.Office.Professional.2007.FR.By Gervais\ADMIN\FR-FR\PUB12.OPA (32,45 K/S -   33 232 bytes)
[16:33:01] - [7] MIRKO.POZEN: Fichier envoyé: E:\kerberos.htx\Microsoft.Office.Professional.2007.FR.By Gervais\ADMIN\FR-FR\PROJ12.OPA (194,79 K/S -   199 460 bytes)
[16:33:01] - [6] MIRKO.POZEN: Début du Téléchargement de: E:\kerberos.htx\Microsoft.Office.Professional.2007.FR.By Gervais\ADMIN\FR-FR\SPD12.OPA
[16:33:01] - [7] MIRKO.POZEN: Début du Téléchargement de: E:\kerberos.htx\Microsoft.Office.Professional.2007.FR.By Gervais\ADMIN\FR-FR\VISIO12.OPA
[16:33:01] - [6] MIRKO.POZEN: Fichier envoyé: E:\kerberos.htx\Microsoft.Office.Professional.2007.FR.By Gervais\ADMIN\FR-FR\SPD12.OPA (15,66 K/S -   16 034 bytes)
[16:33:01] - [7] MIRKO.POZEN: Fichier envoyé: E:\kerberos.htx\Microsoft.Office.Professional.2007.FR.By Gervais\ADMIN\FR-FR\VISIO12.OPA (128,22 K/S -   131 296 bytes)
[16:33:02] - [7] MIRKO.POZEN: Répertoire en Cours: E:\kerberos.htx\Microsoft.Office.Professional.2007.FR.By Gervais\ADMIN\ES-ES\
[16:33:02] - [6] MIRKO.POZEN: Début du Téléchargement de: E:\kerberos.htx\Microsoft.Office.Professional.2007.FR.By Gervais\ADMIN\FR-FR\WORD12.OPA
[16:33:02] - [7] MIRKO.POZEN: Début du Téléchargement de: E:\kerberos.htx\Microsoft.Office.Professional.2007.FR.By Gervais\ADMIN\ES-ES\ACCESS12.OPA
[16:33:02] - [7] MIRKO.POZEN: Fichier envoyé: E:\kerberos.htx\Microsoft.Office.Professional.2007.FR.By Gervais\ADMIN\ES-ES\ACCESS12.OPA (52,21 K/S -   53 464 bytes)
[16:33:02] - [6] MIRKO.POZEN: Fichier envoyé: E:\kerberos.htx\Microsoft.Office.Professional.2007.FR.By Gervais\ADMIN\FR-FR\WORD12.OPA (238,69 K/S -   244 414 bytes)
[16:33:03] - [6] MIRKO.POZEN: Répertoire en Cours: E:\kerberos.htx\Microsoft.Office.Professional.2007.FR.By Gervais\ADMIN\ES-ES\
[16:33:03] - [7] MIRKO.POZEN: Début du Téléchargement de: E:\kerberos.htx\Microsoft.Office.Professional.2007.FR.By Gervais\ADMIN\ES-ES\CPAO12.OPA
[16:33:03] - [6] MIRKO.POZEN: Début du Téléchargement de: E:\kerberos.htx\Microsoft.Office.Professional.2007.FR.By Gervais\ADMIN\ES-ES\EXCEL12.OPA
[16:33:03] - [7] MIRKO.POZEN: Fichier envoyé: E:\kerberos.htx\Microsoft.Office.Professional.2007.FR.By Gervais\ADMIN\ES-ES\CPAO12.OPA (26,64 K/S -   27 276 bytes)
[16:33:03] - [6] MIRKO.POZEN: Fichier envoyé: E:\kerberos.htx\Microsoft.Office.Professional.2007.FR.By Gervais\ADMIN\ES-ES\EXCEL12.OPA (149,25 K/S -   152 834 bytes)
[16:33:03] - [7] MIRKO.POZEN: Début du Téléchargement de: E:\kerberos.htx\Microsoft.Office.Professional.2007.FR.By Gervais\ADMIN\ES-ES\GROOVE12.OPA
[16:33:03] - [6] MIRKO.POZEN: Début du Téléchargement de: E:\kerberos.htx\Microsoft.Office.Professional.2007.FR.By Gervais\ADMIN\ES-ES\IC12.OPA
[16:33:04] - [7] MIRKO.POZEN: Fichier envoyé: E:\kerberos.htx\Microsoft.Office.Professional.2007.FR.By Gervais\ADMIN\ES-ES\GROOVE12.OPA (3,81 K/S -   3 900 bytes)
[16:33:04] - [6] MIRKO.POZEN: Fichier envoyé: E:\kerberos.htx\Microsoft.Office.Professional.2007.FR.By Gervais\ADMIN\ES-ES\IC12.OPA (8,96 K/S -   9 172 bytes)
[16:33:04] - [6] MIRKO.POZEN: Début du Téléchargement de: E:\kerberos.htx\Microsoft.Office.Professional.2007.FR.By Gervais\ADMIN\ES-ES\INF12.OPA
[16:33:04] - [7] MIRKO.POZEN: Début du Téléchargement de: E:\kerberos.htx\Microsoft.Office.Professional.2007.FR.By Gervais\ADMIN\ES-ES\OCT.CHM
[16:33:05] - [7] MIRKO.POZEN: Fichier envoyé: E:\kerberos.htx\Microsoft.Office.Professional.2007.FR.By Gervais\ADMIN\ES-ES\OCT.CHM (55,12 K/S -   56 444 bytes)
[16:33:05] - [6] MIRKO.POZEN: Fichier envoyé: E:\kerberos.htx\Microsoft.Office.Professional.2007.FR.By Gervais\ADMIN\ES-ES\INF12.OPA (129,76 K/S -   132 876 bytes)
[16:33:05] - [7] MIRKO.POZEN: Début du Téléchargement de: E:\kerberos.htx\Microsoft.Office.Professional.2007.FR.By Gervais\ADMIN\ES-ES\OFFICE12.OPA
[16:33:06] - [6] MIRKO.POZEN: Début du Téléchargement de: E:\kerberos.htx\Microsoft.Office.Professional.2007.FR.By Gervais\ADMIN\ES-ES\OCTRES.DLL
[16:33:07] - [6] MIRKO.POZEN: Fichier envoyé: E:\kerberos.htx\Microsoft.Office.Professional.2007.FR.By Gervais\ADMIN\ES-ES\OCTRES.DLL (428,38 K/S -   438 656 bytes)
[16:33:07] - [7] MIRKO.POZEN: Fichier envoyé: E:\kerberos.htx\Microsoft.Office.Professional.2007.FR.By Gervais\ADMIN\ES-ES\OFFICE12.OPA (700,86 K/S -   717 684 bytes)
[16:33:07] - [7] MIRKO.POZEN: Début du Téléchargement de: E:\kerberos.htx\Microsoft.Office.Professional.2007.FR.By Gervais\ADMIN\ES-ES\ONENT12.OPA
[16:33:07] - [6] MIRKO.POZEN: Début du Téléchargement de: E:\kerberos.htx\Microsoft.Office.Professional.2007.FR.By Gervais\ADMIN\ES-ES\OUTLK12.OPA
[16:33:08] - [7] MIRKO.POZEN: Fichier envoyé: E:\kerberos.htx\Microsoft.Office.Professional.2007.FR.By Gervais\ADMIN\ES-ES\ONENT12.OPA (98,99 K/S -   101 370 bytes)
[16:33:08] - [7] MIRKO.POZEN: Début du Téléchargement de: E:\kerberos.htx\Microsoft.Office.Professional.2007.FR.By Gervais\ADMIN\ES-ES\PPT12.OPA
[16:33:08] - [6] MIRKO.POZEN: Fichier envoyé: E:\kerberos.htx\Microsoft.Office.Professional.2007.FR.By Gervais\ADMIN\ES-ES\OUTLK12.OPA (493,28 K/S -   505 120 bytes)
[16:33:08] - [7] MIRKO.POZEN: Fichier envoyé: E:\kerberos.htx\Microsoft.Office.Professional.2007.FR.By Gervais\ADMIN\ES-ES\PPT12.OPA (102,04 K/S -   104 494 bytes)
[16:33:09] - [7] MIRKO.POZEN: Début du Téléchargement de: E:\kerberos.htx\Microsoft.Office.Professional.2007.FR.By Gervais\ADMIN\ES-ES\PROJ12.OPA
[16:33:09] - [6] MIRKO.POZEN: Début du Téléchargement de: E:\kerberos.htx\Microsoft.Office.Professional.2007.FR.By Gervais\ADMIN\ES-ES\PUB12.OPA
[16:33:09] - [6] MIRKO.POZEN: Fichier envoyé: E:\kerberos.htx\Microsoft.Office.Professional.2007.FR.By Gervais\ADMIN\ES-ES\PUB12.OPA (32,44 K/S -   33 216 bytes)
[16:33:09] - [7] MIRKO.POZEN: Fichier envoyé: E:\kerberos.htx\Microsoft.Office.Professional.2007.FR.By Gervais\ADMIN\ES-ES\PROJ12.OPA (192,28 K/S -   196 894 bytes)
[16:33:10] - [6] MIRKO.POZEN: Début du Téléchargement de: E:\kerberos.htx\Microsoft.Office.Professional.2007.FR.By Gervais\ADMIN\ES-ES\SPD12.OPA
[16:33:10] - [7] MIRKO.POZEN: Début du Téléchargement de: E:\kerberos.htx\Microsoft.Office.Professional.2007.FR.By Gervais\ADMIN\ES-ES\VISIO12.OPA
[16:33:10] - [6] MIRKO.POZEN: Fichier envoyé: E:\kerberos.htx\Microsoft.Office.Professional.2007.FR.By Gervais\ADMIN\ES-ES\SPD12.OPA (15,76 K/S -   16 134 bytes)
[16:33:10] - [7] MIRKO.POZEN: Fichier envoyé: E:\kerberos.htx\Microsoft.Office.Professional.2007.FR.By Gervais\ADMIN\ES-ES\VISIO12.OPA (126,97 K/S -   130 014 bytes)
[16:33:10] - [7] MIRKO.POZEN: Répertoire en Cours: E:\kerberos.htx\Microsoft.Office.Professional.2007.FR.By Gervais\ADMIN\EN-US\
[16:33:11] - [6] MIRKO.POZEN: Début du Téléchargement de: E:\kerberos.htx\Microsoft.Office.Professional.2007.FR.By Gervais\ADMIN\ES-ES\WORD12.OPA
[16:33:11] - [7] MIRKO.POZEN: Début du Téléchargement de: E:\kerberos.htx\Microsoft.Office.Professional.2007.FR.By Gervais\ADMIN\EN-US\ACCESS12.OPA
[16:33:11] - [7] MIRKO.POZEN: Fichier envoyé: E:\kerberos.htx\Microsoft.Office.Professional.2007.FR.By Gervais\ADMIN\EN-US\ACCESS12.OPA (49,43 K/S -   50 614 bytes)
[16:33:11] - [6] MIRKO.POZEN: Fichier envoyé: E:\kerberos.htx\Microsoft.Office.Professional.2007.FR.By Gervais\ADMIN\ES-ES\WORD12.OPA (237,87 K/S -   243 578 bytes)
[16:33:11] - [6] MIRKO.POZEN: Répertoire en Cours: E:\kerberos.htx\Microsoft.Office.Professional.2007.FR.By Gervais\ADMIN\EN-US\
[16:33:11] - [7] MIRKO.POZEN: Début du Téléchargement de: E:\kerberos.htx\Microsoft.Office.Professional.2007.FR.By Gervais\ADMIN\EN-US\CPAO12.OPA
[16:33:11] - [6] MIRKO.POZEN: Début du Téléchargement de: E:\kerberos.htx\Microsoft.Office.Professional.2007.FR.By Gervais\ADMIN\EN-US\EXCEL12.OPA
[16:33:12] - [7] MIRKO.POZEN: Fichier envoyé: E:\kerberos.htx\Microsoft.Office.Professional.2007.FR.By Gervais\ADMIN\EN-US\CPAO12.OPA (24,32 K/S -   24 904 bytes)
[16:33:12] - [6] MIRKO.POZEN: Fichier envoyé: E:\kerberos.htx\Microsoft.Office.Professional.2007.FR.By Gervais\ADMIN\EN-US\EXCEL12.OPA (139,77 K/S -   143 128 bytes)
[16:33:12] - [7] MIRKO.POZEN: Début du Téléchargement de: E:\kerberos.htx\Microsoft.Office.Professional.2007.FR.By Gervais\ADMIN\EN-US\GROOVE12.OPA
[16:33:12] - [6] MIRKO.POZEN: Début du Téléchargement de: E:\kerberos.htx\Microsoft.Office.Professional.2007.FR.By Gervais\ADMIN\EN-US\IC12.OPA
[16:33:12] - [7] MIRKO.POZEN: Fichier envoyé: E:\kerberos.htx\Microsoft.Office.Professional.2007.FR.By Gervais\ADMIN\EN-US\GROOVE12.OPA (3,54 K/S -   3 626 bytes)
[16:33:12] - [6] MIRKO.POZEN: Fichier envoyé: E:\kerberos.htx\Microsoft.Office.Professional.2007.FR.By Gervais\ADMIN\EN-US\IC12.OPA (8,43 K/S -   8 628 bytes)
[16:33:13] - [7] MIRKO.POZEN: Début du Téléchargement de: E:\kerberos.htx\Microsoft.Office.Professional.2007.FR.By Gervais\ADMIN\EN-US\OCT.CHM
[16:33:13] - [6] MIRKO.POZEN: Début du Téléchargement de: E:\kerberos.htx\Microsoft.Office.Professional.2007.FR.By Gervais\ADMIN\EN-US\INF12.OPA
[16:33:13] - [7] MIRKO.POZEN: Fichier envoyé: E:\kerberos.htx\Microsoft.Office.Professional.2007.FR.By Gervais\ADMIN\EN-US\OCT.CHM (56,33 K/S -   57 678 bytes)
[16:33:13] - [6] MIRKO.POZEN: Fichier envoyé: E:\kerberos.htx\Microsoft.Office.Professional.2007.FR.By Gervais\ADMIN\EN-US\INF12.OPA (113,54 K/S -   116 266 bytes)
[16:33:14] - [6] MIRKO.POZEN: Début du Téléchargement de: E:\kerberos.htx\Microsoft.Office.Professional.2007.FR.By Gervais\ADMIN\EN-US\OCTRES.DLL
[16:33:14] - [7] MIRKO.POZEN: Début du Téléchargement de: E:\kerberos.htx\Microsoft.Office.Professional.2007.FR.By Gervais\ADMIN\EN-US\OFFICE12.OPA
[16:33:15] - [6] MIRKO.POZEN: Fichier envoyé: E:\kerberos.htx\Microsoft.Office.Professional.2007.FR.By Gervais\ADMIN\EN-US\OCTRES.DLL (411,34 K/S -   421 208 bytes)
[16:33:15] - [7] MIRKO.POZEN: Fichier envoyé: E:\kerberos.htx\Microsoft.Office.Professional.2007.FR.By Gervais\ADMIN\EN-US\OFFICE12.OPA (334,44 K/S -   684 924 bytes)
[16:33:16] - [7] MIRKO.POZEN: Début du Téléchargement de: E:\kerberos.htx\Microsoft.Office.Professional.2007.FR.By Gervais\ADMIN\EN-US\ONENT12.OPA
[16:33:16] - [6] MIRKO.POZEN: Début du Téléchargement de: E:\kerberos.htx\Microsoft.Office.Professional.2007.FR.By Gervais\ADMIN\EN-US\OUTLK12.OPA
[16:33:16] - [7] MIRKO.POZEN: Fichier envoyé: E:\kerberos.htx\Microsoft.Office.Professional.2007.FR.By Gervais\ADMIN\EN-US\ONENT12.OPA (92,44 K/S -   94 656 bytes)
[16:33:16] - [6] MIRKO.POZEN: Fichier envoyé: E:\kerberos.htx\Microsoft.Office.Professional.2007.FR.By Gervais\ADMIN\EN-US\OUTLK12.OPA (451,06 K/S -   461 884 bytes)
[16:33:16] - [7] MIRKO.POZEN: Début du Téléchargement de: E:\kerberos.htx\Microsoft.Office.Professional.2007.FR.By Gervais\ADMIN\EN-US\PPT12.OPA
[16:33:17] - [6] MIRKO.POZEN: Début du Téléchargement de: E:\kerberos.htx\Microsoft.Office.Professional.2007.FR.By Gervais\ADMIN\EN-US\PROJ12.OPA
[16:33:17] - [7] MIRKO.POZEN: Fichier envoyé: E:\kerberos.htx\Microsoft.Office.Professional.2007.FR.By Gervais\ADMIN\EN-US\PPT12.OPA (97,19 K/S -   99 522 bytes)
[16:33:17] - [6] MIRKO.POZEN: Fichier envoyé: E:\kerberos.htx\Microsoft.Office.Professional.2007.FR.By Gervais\ADMIN\EN-US\PROJ12.OPA (182,68 K/S -   187 068 bytes)
[16:33:18] - [6] MIRKO.POZEN: Début du Téléchargement de: E:\kerberos.htx\Microsoft.Office.Professional.2007.FR.By Gervais\ADMIN\EN-US\PUB12.OPA
[16:33:18] - [7] MIRKO.POZEN: Début du Téléchargement de: E:\kerberos.htx\Microsoft.Office.Professional.2007.FR.By Gervais\ADMIN\EN-US\SPD12.OPA
[16:33:18] - [7] MIRKO.POZEN: Fichier envoyé: E:\kerberos.htx\Microsoft.Office.Professional.2007.FR.By Gervais\ADMIN\EN-US\SPD12.OPA (14,86 K/S -   15 212 bytes)
[16:33:18] - [6] MIRKO.POZEN: Fichier envoyé: E:\kerberos.htx\Microsoft.Office.Professional.2007.FR.By Gervais\ADMIN\EN-US\PUB12.OPA (30,68 K/S -   31 418 bytes)
[16:33:19] - [7] MIRKO.POZEN: Début du Téléchargement de: E:\kerberos.htx\Microsoft.Office.Professional.2007.FR.By Gervais\ADMIN\EN-US\VISIO12.OPA
[16:33:19] - [6] MIRKO.POZEN: Début du Téléchargement de: E:\kerberos.htx\Microsoft.Office.Professional.2007.FR.By Gervais\ADMIN\EN-US\WORD12.OPA
[16:33:19] - [7] MIRKO.POZEN: Fichier envoyé: E:\kerberos.htx\Microsoft.Office.Professional.2007.FR.By Gervais\ADMIN\EN-US\VISIO12.OPA (119,69 K/S -   122 566 bytes)
[16:33:19] - [6] MIRKO.POZEN: Fichier envoyé: E:\kerberos.htx\Microsoft.Office.Professional.2007.FR.By Gervais\ADMIN\EN-US\WORD12.OPA (228,74 K/S -   234 232 bytes)
[16:33:20] - [6] MIRKO.POZEN: Répertoire en Cours: E:\kerberos.htx\Microsoft.Office.Professional.2007.FR.By Gervais\ADMIN\DE-DE\
[16:33:20] - [7] MIRKO.POZEN: Répertoire en Cours: E:\kerberos.htx\Microsoft.Office.Professional.2007.FR.By Gervais\ADMIN\DE-DE\
[16:33:20] - [7] MIRKO.POZEN: Début du Téléchargement de: E:\kerberos.htx\Microsoft.Office.Professional.2007.FR.By Gervais\ADMIN\DE-DE\CPAO12.OPA
[16:33:20] - [6] MIRKO.POZEN: Début du Téléchargement de: E:\kerberos.htx\Microsoft.Office.Professional.2007.FR.By Gervais\ADMIN\DE-DE\ACCESS12.OPA
[16:33:20] - [7] MIRKO.POZEN: Fichier envoyé: E:\kerberos.htx\Microsoft.Office.Professional.2007.FR.By Gervais\ADMIN\DE-DE\CPAO12.OPA (26,46 K/S -   27 090 bytes)
[16:33:20] - [6] MIRKO.POZEN: Fichier envoyé: E:\kerberos.htx\Microsoft.Office.Professional.2007.FR.By Gervais\ADMIN\DE-DE\ACCESS12.OPA (52,95 K/S -   54 216 bytes)
[16:33:21] - [7] MIRKO.POZEN: Début du Téléchargement de: E:\kerberos.htx\Microsoft.Office.Professional.2007.FR.By Gervais\ADMIN\DE-DE\EXCEL12.OPA
[16:33:21] - [6] MIRKO.POZEN: Début du Téléchargement de: E:\kerberos.htx\Microsoft.Office.Professional.2007.FR.By Gervais\ADMIN\DE-DE\GROOVE12.OPA
[16:33:21] - [6] MIRKO.POZEN: Fichier envoyé: E:\kerberos.htx\Microsoft.Office.Professional.2007.FR.By Gervais\ADMIN\DE-DE\GROOVE12.OPA (3,95 K/S -   4 042 bytes)
[16:33:21] - [7] MIRKO.POZEN: Fichier envoyé: E:\kerberos.htx\Microsoft.Office.Professional.2007.FR.By Gervais\ADMIN\DE-DE\EXCEL12.OPA (150,26 K/S -   153 864 bytes)
[16:33:21] - [6] MIRKO.POZEN: Début du Téléchargement de: E:\kerberos.htx\Microsoft.Office.Professional.2007.FR.By Gervais\ADMIN\DE-DE\IC12.OPA
[16:33:21] - [7] MIRKO.POZEN: Début du Téléchargement de: E:\kerberos.htx\Microsoft.Office.Professional.2007.FR.By Gervais\ADMIN\DE-DE\INF12.OPA
[16:33:22] - [6] MIRKO.POZEN: Fichier envoyé: E:\kerberos.htx\Microsoft.Office.Professional.2007.FR.By Gervais\ADMIN\DE-DE\IC12.OPA (9,48 K/S -   9 708 bytes)
[16:33:22] - [7] MIRKO.POZEN: Fichier envoyé: E:\kerberos.htx\Microsoft.Office.Professional.2007.FR.By Gervais\ADMIN\DE-DE\INF12.OPA (127,42 K/S -   130 478 bytes)
[16:33:22] - [7] MIRKO.POZEN: Début du Téléchargement de: E:\kerberos.htx\Microsoft.Office.Professional.2007.FR.By Gervais\ADMIN\DE-DE\OCTRES.DLL
[16:33:22] - [6] MIRKO.POZEN: Début du Téléchargement de: E:\kerberos.htx\Microsoft.Office.Professional.2007.FR.By Gervais\ADMIN\DE-DE\OCT.CHM
[16:33:23] - [6] MIRKO.POZEN: Fichier envoyé: E:\kerberos.htx\Microsoft.Office.Professional.2007.FR.By Gervais\ADMIN\DE-DE\OCT.CHM (55,91 K/S -   57 249 bytes)
[16:33:23] - [7] MIRKO.POZEN: Fichier envoyé: E:\kerberos.htx\Microsoft.Office.Professional.2007.FR.By Gervais\ADMIN\DE-DE\OCTRES.DLL (427,34 K/S -   437 600 bytes)
[16:33:23] - [6] MIRKO.POZEN: Début du Téléchargement de: E:\kerberos.htx\Microsoft.Office.Professional.2007.FR.By Gervais\ADMIN\DE-DE\OFFICE12.OPA
[16:33:23] - [7] MIRKO.POZEN: Début du Téléchargement de: E:\kerberos.htx\Microsoft.Office.Professional.2007.FR.By Gervais\ADMIN\DE-DE\ONENT12.OPA
[16:33:24] - [7] MIRKO.POZEN: Fichier envoyé: E:\kerberos.htx\Microsoft.Office.Professional.2007.FR.By Gervais\ADMIN\DE-DE\ONENT12.OPA (99,05 K/S -   101 428 bytes)
[16:33:24] - [7] MIRKO.POZEN: Début du Téléchargement de: E:\kerberos.htx\Microsoft.Office.Professional.2007.FR.By Gervais\ADMIN\DE-DE\OUTLK12.OPA
[16:33:24] - [6] MIRKO.POZEN: Fichier envoyé: E:\kerberos.htx\Microsoft.Office.Professional.2007.FR.By Gervais\ADMIN\DE-DE\OFFICE12.OPA (700,57 K/S -   717 386 bytes)
[16:33:25] - [7] MIRKO.POZEN: Fichier envoyé: E:\kerberos.htx\Microsoft.Office.Professional.2007.FR.By Gervais\ADMIN\DE-DE\OUTLK12.OPA (486,27 K/S -   497 936 bytes)
[16:33:25] - [6] MIRKO.POZEN: Début du Téléchargement de: E:\kerberos.htx\Microsoft.Office.Professional.2007.FR.By Gervais\ADMIN\DE-DE\PPT12.OPA
[16:33:25] - [7] MIRKO.POZEN: Début du Téléchargement de: E:\kerberos.htx\Microsoft.Office.Professional.2007.FR.By Gervais\ADMIN\DE-DE\PROJ12.OPA
[16:33:25] - [6] MIRKO.POZEN: Fichier envoyé: E:\kerberos.htx\Microsoft.Office.Professional.2007.FR.By Gervais\ADMIN\DE-DE\PPT12.OPA (103,07 K/S -   105 546 bytes)
[16:33:25] - [7] MIRKO.POZEN: Fichier envoyé: E:\kerberos.htx\Microsoft.Office.Professional.2007.FR.By Gervais\ADMIN\DE-DE\PROJ12.OPA (197,74 K/S -   202 490 bytes)
[16:33:26] - [7] MIRKO.POZEN: Début du Téléchargement de: E:\kerberos.htx\Microsoft.Office.Professional.2007.FR.By Gervais\ADMIN\DE-DE\PUB12.OPA
[16:33:26] - [6] MIRKO.POZEN: Début du Téléchargement de: E:\kerberos.htx\Microsoft.Office.Professional.2007.FR.By Gervais\ADMIN\DE-DE\SPD12.OPA
[16:33:26] - [6] MIRKO.POZEN: Fichier envoyé: E:\kerberos.htx\Microsoft.Office.Professional.2007.FR.By Gervais\ADMIN\DE-DE\SPD12.OPA (15,75 K/S -   16 130 bytes)
[16:33:26] - [7] MIRKO.POZEN: Fichier envoyé: E:\kerberos.htx\Microsoft.Office.Professional.2007.FR.By Gervais\ADMIN\DE-DE\PUB12.OPA (32,20 K/S -   32 972 bytes)
[16:33:27] - [6] MIRKO.POZEN: Début du Téléchargement de: E:\kerberos.htx\Microsoft.Office.Professional.2007.FR.By Gervais\ADMIN\DE-DE\VISIO12.OPA
[16:33:27] - [7] MIRKO.POZEN: Début du Téléchargement de: E:\kerberos.htx\Microsoft.Office.Professional.2007.FR.By Gervais\ADMIN\DE-DE\WORD12.OPA
[16:33:27] - [6] MIRKO.POZEN: Fichier envoyé: E:\kerberos.htx\Microsoft.Office.Professional.2007.FR.By Gervais\ADMIN\DE-DE\VISIO12.OPA (128,32 K/S -   131 400 bytes)
[16:33:27] - [7] MIRKO.POZEN: Fichier envoyé: E:\kerberos.htx\Microsoft.Office.Professional.2007.FR.By Gervais\ADMIN\DE-DE\WORD12.OPA (239,20 K/S -   244 936 bytes)
[16:33:28] - [7] MIRKO.POZEN: Répertoire en Cours: E:\kerberos.htx\Microsoft.Office.Professional.2007.FR.By Gervais\ACCESS.FR-FR\
[16:33:28] - [6] MIRKO.POZEN: Répertoire en Cours: E:\kerberos.htx\Microsoft.Office.Professional.2007.FR.By Gervais\ACCESS.FR-FR\
[16:33:28] - [7] MIRKO.POZEN: Début du Téléchargement de: E:\kerberos.htx\Microsoft.Office.Professional.2007.FR.By Gervais\ACCESS.FR-FR\ACCESSMUI.MSI
[16:33:28] - [6] MIRKO.POZEN: Début du Téléchargement de: E:\kerberos.htx\Microsoft.Office.Professional.2007.FR.By Gervais\ACCESS.FR-FR\ACCESSMUI.XML
[16:33:28] - [6] MIRKO.POZEN: Fichier envoyé: E:\kerberos.htx\Microsoft.Office.Professional.2007.FR.By Gervais\ACCESS.FR-FR\ACCESSMUI.XML (1,31 K/S -   1 345 bytes)
[16:33:28] - [6] MIRKO.POZEN: Début du Téléchargement de: E:\kerberos.htx\Microsoft.Office.Professional.2007.FR.By Gervais\ACCESS.FR-FR\ACCLR.CAB
[16:33:31] - [7] MIRKO.POZEN: Fichier envoyé: E:\kerberos.htx\Microsoft.Office.Professional.2007.FR.By Gervais\ACCESS.FR-FR\ACCESSMUI.MSI (405,13 K/S -  1 659 392 bytes)
[16:33:32] - [7] MIRKO.POZEN: Début du Téléchargement de: E:\kerberos.htx\Microsoft.Office.Professional.2007.FR.By Gervais\ACCESS.FR-FR\SETUP.XML
[16:33:32] - [7] MIRKO.POZEN: Fichier envoyé: E:\kerberos.htx\Microsoft.Office.Professional.2007.FR.By Gervais\ACCESS.FR-FR\SETUP.XML (1,74 K/S -   1 780 bytes)
[16:33:32] - [7] MIRKO.POZEN: Répertoire en Cours: E:\kerberos.htx\util wk10\
[16:33:32] - [7] MIRKO.POZEN: Début du Téléchargement de: E:\kerberos.htx\util wk10\ClassicShellSetup_4_3_1-fr.exe
[16:33:50] - [7] MIRKO.POZEN: Fichier envoyé: E:\kerberos.htx\util wk10\ClassicShellSetup_4_3_1-fr.exe (411,58 K/S -  7 586 152 bytes)
[16:33:53] - [7] MIRKO.POZEN: Début du Téléchargement de: E:\kerberos.htx\util wk10\DoNotSpy10-5.2.0.0-Setup.exe
[16:34:04] - [7] MIRKO.POZEN: Fichier envoyé: E:\kerberos.htx\util wk10\DoNotSpy10-5.2.0.0-Setup.exe (407,53 K/S -  5 007 780 bytes)
[16:34:06] - [7] MIRKO.POZEN: Début du Téléchargement de: E:\kerberos.htx\util wk10\OOAPB.exe
[16:34:09] - [7] MIRKO.POZEN: Fichier envoyé: E:\kerberos.htx\util wk10\OOAPB.exe (272,45 K/S -  1 115 936 bytes)
[16:34:10] - [7] MIRKO.POZEN: Début du Téléchargement de: E:\kerberos.htx\util wk10\OOAPB.ini
[16:34:11] - [7] MIRKO.POZEN: Fichier envoyé: E:\kerberos.htx\util wk10\OOAPB.ini (0,88 K/S -    897 bytes)
[16:34:11] - [7] MIRKO.POZEN: Début du Téléchargement de: E:\kerberos.htx\util wk10\windows-10-utilitaire-de-mise-a-jour_mai-2020_fr_431147.exe
[16:34:28] - [7] MIRKO.POZEN: Fichier envoyé: E:\kerberos.htx\util wk10\windows-10-utilitaire-de-mise-a-jour_mai-2020_fr_431147.exe (382,11 K/S -  6 260 552 bytes)
[16:34:29] - [7] MIRKO.POZEN: Répertoire en Cours: E:\kerberos.htx\exe\
[16:34:29] - [7] MIRKO.POZEN: Début du Téléchargement de: E:\kerberos.htx\exe\winrar.exe
[16:34:36] - [6] MIRKO.POZEN: Fichier envoyé: E:\kerberos.htx\Microsoft.Office.Professional.2007.FR.By Gervais\ACCESS.FR-FR\ACCLR.CAB (417,43 K/S -  28 639 093 bytes)
[16:34:37] - [6] MIRKO.POZEN: Répertoire en Cours: E:\kerberos.htx\rar\
[16:34:37] - [7] MIRKO.POZEN: Fichier envoyé: E:\kerberos.htx\exe\winrar.exe (320,00 K/S -  2 621 400 bytes)
[16:34:37] - [6] MIRKO.POZEN: Début du Téléchargement de: E:\kerberos.htx\rar\paint shop pro 8 relase.rar
[16:34:37] - [7] MIRKO.POZEN: Répertoire en Cours: E:\kerberos.htx\rar\
[16:34:37] - [7] MIRKO.POZEN: Début du Téléchargement de: E:\kerberos.htx\rar\AusLogics Disk Defrag.rar
[16:34:42] - [7] MIRKO.POZEN: Fichier envoyé: E:\kerberos.htx\rar\AusLogics Disk Defrag.rar (401,74 K/S -  1 645 525 bytes)
[16:34:43] - [7] MIRKO.POZEN: Répertoire en Cours: E:\kerberos.htx\bat\
[16:34:43] - [7] MIRKO.POZEN: Début du Téléchargement de: E:\kerberos.htx\bat\control userpasswords2.bat
[16:34:43] - [7] MIRKO.POZEN: Fichier envoyé: E:\kerberos.htx\bat\control userpasswords2.bat (0,03 K/S -    29 bytes)
[16:35:15] - [7] Client 192.168.0.1 Déconnecté (00:13:52 Min)
[16:40:33] - [6] MIRKO.POZEN: Fichier envoyé: E:\kerberos.htx\rar\paint shop pro 8 relase.rar (681,79 K/S -  249 239 850 bytes)
[16:41:05] - [6] Client 192.168.0.1 Déconnecté (00:19:43 Min)
[17:05:09] - [5] Client 192.168.0.1 Déconnecté (00:44:26 Min)
[17:15:40] - [8] Connecté à 162.142.125.25. Collecte du Nom d'utilisateur.
[17:15:40] - [8] Client 162.142.125.25 Déconnecté (00:00:00 Min)
[17:15:40] - [9] Connecté à 162.142.125.55. Collecte du Nom d'utilisateur.
[17:15:55] - [9] Client 162.142.125.55 Déconnecté (00:00:15 Min)
[17:17:57] - [10] Connecté à 192.168.0.1. Collecte du Nom d'utilisateur.
[17:17:57] - [10] Usager MIRKO.POZEN Connecté IP: 192.168.0.1
[17:17:57] - [10] MIRKO.POZEN: Répertoire en Cours: E:\kerberos.htx\
[17:17:57] - [10] MIRKO.POZEN: Répertoire en Cours: E:\kerberos.htx\
[17:18:05] - [10] Client 192.168.0.1 Déconnecté (00:00:08 Min)
[17:29:02] - [11] Connecté à 104.206.128.6. Collecte du Nom d'utilisateur.
[17:29:34] - [11] Client 104.206.128.6 Déconnecté (00:00:31 Min)
[17:35:42] - [12] Connecté à 104.206.128.14. Collecte du Nom d'utilisateur.
[17:35:52] - [12] Client 104.206.128.14 Déconnecté (00:00:09 Min)
[17:51:27] - [13] Connecté à 192.168.0.1. Collecte du Nom d'utilisateur.
[17:51:27] - [13] Usager MIRKO.POZEN Connecté IP: 192.168.0.1
[17:51:27] - [13] MIRKO.POZEN: Répertoire en Cours: E:\kerberos.htx\
[17:51:27] - [13] MIRKO.POZEN: Répertoire en Cours: E:\kerberos.htx\
[17:52:02] - [13] MIRKO.POZEN: Répertoire en Cours: E:\kerberos.htx\exe\
[17:52:06] - [13] MIRKO.POZEN: Répertoire en Cours: E:\kerberos.htx\exe\hddentinel\
[17:52:22] - [13] MIRKO.POZEN: Répertoire en Cours: E:\kerberos.htx\exe\hddentinel\crack\
[17:52:23] - [14] Connecté à 192.168.0.1. Collecte du Nom d'utilisateur.
[17:52:23] - [15] Connecté à 192.168.0.1. Collecte du Nom d'utilisateur.
[17:52:23] - [15] Usager MIRKO.POZEN Connecté IP: 192.168.0.1
[17:52:23] - [15] MIRKO.POZEN: Répertoire en Cours: E:\kerberos.htx\
[17:52:23] - [14] Usager MIRKO.POZEN Connecté IP: 192.168.0.1
[17:52:23] - [14] MIRKO.POZEN: Répertoire en Cours: E:\kerberos.htx\
[17:52:23] - [14] MIRKO.POZEN: Répertoire en Cours: E:\kerberos.htx\exe\hddentinel\
[17:52:23] - [15] MIRKO.POZEN: Répertoire en Cours: E:\kerberos.htx\exe\hddentinel\crack\
[17:52:23] - [14] MIRKO.POZEN: Début du Téléchargement de: E:\kerberos.htx\exe\hddentinel\hdsentinel_setup.exe
[17:52:25] - [15] MIRKO.POZEN: Début du Téléchargement de: E:\kerberos.htx\exe\hddentinel\crack\HDSentinel.exe
[17:52:38] - [15] MIRKO.POZEN: Fichier envoyé: E:\kerberos.htx\exe\hddentinel\crack\HDSentinel.exe (311,12 K/S -  4 460 176 bytes)
[17:52:57] - [14] MIRKO.POZEN: Fichier envoyé: E:\kerberos.htx\exe\hddentinel\hdsentinel_setup.exe (533,08 K/S -  18 013 720 bytes)
[17:53:09] - [15] Client 192.168.0.1 Déconnecté (00:00:46 Min)
[17:53:27] - [14] Client 192.168.0.1 Déconnecté (00:01:04 Min)
[17:57:03] - [13] Client 192.168.0.1 Déconnecté (00:05:36 Min)
[18:00:37] - [16] Connecté à 192.168.0.1. Collecte du Nom d'utilisateur.
[18:00:37] - [16] Usager MIRKO.POZEN Connecté IP: 192.168.0.1
[18:00:37] - [16] MIRKO.POZEN: Répertoire en Cours: E:\kerberos.htx\
[18:00:37] - [16] MIRKO.POZEN: Répertoire en Cours: E:\kerberos.htx\
[18:00:42] - [16] MIRKO.POZEN: Répertoire en Cours: E:\kerberos.htx\exe\
[18:00:52] - [17] Connecté à 192.168.0.1. Collecte du Nom d'utilisateur.
[18:00:52] - [17] Usager MIRKO.POZEN Connecté IP: 192.168.0.1
[18:00:52] - [17] MIRKO.POZEN: Répertoire en Cours: E:\kerberos.htx\
[18:00:52] - [17] MIRKO.POZEN: Répertoire en Cours: E:\kerberos.htx\exe\
[18:00:52] - [17] MIRKO.POZEN: Début du Téléchargement de: E:\kerberos.htx\exe\ClassicShellSetup_4_2_5.exe
[18:01:02] - [17] MIRKO.POZEN: Fichier envoyé: E:\kerberos.htx\exe\ClassicShellSetup_4_2_5.exe (680,47 K/S -  6 968 048 bytes)
[18:01:33] - [17] Client 192.168.0.1 Déconnecté (00:00:40 Min)
[18:02:56] - [16] Client 192.168.0.1 Déconnecté (00:02:18 Min)
[18:11:09] - [18] Connecté à 83.97.20.31. Collecte du Nom d'utilisateur.
[18:11:09] - [18] Client 83.97.20.31 Déconnecté (00:00:00 Min)
[18:11:09] - [19] Connecté à 83.97.20.30. Collecte du Nom d'utilisateur.
[18:11:39] - [19] Client 83.97.20.30 Déconnecté (00:00:30 Min)
[18:28:50] - [20] Connecté à 192.241.223.132. Collecte du Nom d'utilisateur.
[18:28:50] - [20] Client 192.241.223.132 Déconnecté (00:00:00 Min)
[18:30:02] - [21] Connecté à 192.241.223.132. Collecte du Nom d'utilisateur.
[18:30:03] - [21] Client 192.241.223.132 Déconnecté (00:00:00 Min)
