[11:50:33] - Serveur Démarré
[11:50:33] - FTP Port: 21
[12:20:56] - [1] Connecté à 79.94.59.48. Collecte du Nom d'utilisateur.
[12:20:56] - [1] Usager MIRKO.POZEN Connecté IP: 79.94.59.48
[12:20:56] - [1] MIRKO.POZEN: Répertoire en Cours: D:\kerberos.htx\
[12:20:57] - [1] MIRKO.POZEN: Répertoire en Cours: D:\kerberos.htx\
[12:21:28] - [1] MIRKO.POZEN: Répertoire en Cours: D:\kerberos.htx\progz\
[12:22:05] - [1] MIRKO.POZEN: Répertoire en Cours: D:\kerberos.htx\
[12:22:05] - [1] MIRKO.POZEN: Répertoire en Cours: D:\kerberos.htx\rar\
[12:22:28] - [1] MIRKO.POZEN: Répertoire en Cours: D:\kerberos.htx\
[12:22:28] - [1] MIRKO.POZEN: Répertoire en Cours: D:\kerberos.htx\a trier\
[12:22:36] - [1] MIRKO.POZEN: Répertoire en Cours: D:\kerberos.htx\a trier\fb\
[12:22:45] - [1] MIRKO.POZEN: Répertoire en Cours: D:\kerberos.htx\a trier\
[12:22:45] - [1] MIRKO.POZEN: Répertoire en Cours: D:\kerberos.htx\a trier\progz mig\
[12:23:01] - [1] MIRKO.POZEN: Répertoire en Cours: D:\kerberos.htx\a trier\
[12:23:01] - [1] MIRKO.POZEN: Répertoire en Cours: D:\kerberos.htx\a trier\cleusb 16go\
[12:23:07] - [1] MIRKO.POZEN: Répertoire en Cours: D:\kerberos.htx\a trier\cleusb 16go\usb14go\
[12:23:12] - [1] MIRKO.POZEN: Répertoire en Cours: D:\kerberos.htx\a trier\cleusb 16go\usb14go\mig\
[12:23:20] - [1] MIRKO.POZEN: Répertoire en Cours: D:\kerberos.htx\a trier\
[12:23:20] - [1] MIRKO.POZEN: Répertoire en Cours: D:\kerberos.htx\a trier\douwloads\
[12:23:33] - [1] MIRKO.POZEN: Répertoire en Cours: D:\kerberos.htx\a trier\
[12:23:33] - [1] MIRKO.POZEN: Répertoire en Cours: D:\kerberos.htx\a trier\exe\
[13:02:38] - [1] MIRKO.POZEN: Répertoire en Cours: D:\kerberos.htx\a trier\
[13:02:44] - [1] MIRKO.POZEN: Répertoire en Cours: D:\kerberos.htx\a trier\exe\
[13:03:15] - [1] MIRKO.POZEN: Répertoire en Cours: D:\kerberos.htx\a trier\
[13:03:15] - [1] MIRKO.POZEN: Répertoire en Cours: D:\kerberos.htx\a trier\1\
[13:03:28] - [1] MIRKO.POZEN: Répertoire en Cours: D:\kerberos.htx\a trier\
[13:03:28] - [1] MIRKO.POZEN: Répertoire en Cours: D:\kerberos.htx\a trier\cleusb 16go\
[13:03:33] - [1] MIRKO.POZEN: Répertoire en Cours: D:\kerberos.htx\a trier\cleusb 16go\usb14go\
[13:03:35] - [1] MIRKO.POZEN: Répertoire en Cours: D:\kerberos.htx\a trier\cleusb 16go\usb14go\mig\
[13:03:58] - [1] MIRKO.POZEN: Répertoire en Cours: D:\kerberos.htx\a trier\
[13:03:58] - [1] MIRKO.POZEN: Répertoire en Cours: D:\kerberos.htx\a trier\windows7iso\
[13:04:01] - [1] MIRKO.POZEN: Répertoire en Cours: D:\kerberos.htx\a trier\windows7iso\windows7iso\
[13:04:08] - [1] MIRKO.POZEN: Répertoire en Cours: D:\kerberos.htx\a trier\
[13:04:08] - [1] MIRKO.POZEN: Répertoire en Cours: D:\kerberos.htx\a trier\progz mig\
[13:04:22] - [1] MIRKO.POZEN: Répertoire en Cours: D:\kerberos.htx\a trier\
[13:04:22] - [1] MIRKO.POZEN: Répertoire en Cours: D:\kerberos.htx\a trier\usb important\
[13:04:30] - [1] MIRKO.POZEN: Répertoire en Cours: D:\kerberos.htx\a trier\
[13:04:30] - [1] MIRKO.POZEN: Répertoire en Cours: D:\kerberos.htx\
[13:04:38] - [1] MIRKO.POZEN: Répertoire en Cours: D:\kerberos.htx\exe\
[13:05:34] - [2] Connecté à 79.94.59.48. Collecte du Nom d'utilisateur.
[13:05:34] - [2] Usager MIRKO.POZEN Connecté IP: 79.94.59.48
[13:05:34] - [2] MIRKO.POZEN: Répertoire en Cours: D:\kerberos.htx\
[13:05:34] - [2] MIRKO.POZEN: Répertoire en Cours: D:\kerberos.htx\exe\
[13:05:35] - [2] MIRKO.POZEN: Début du Téléchargement de: D:\kerberos.htx\exe\CW.eXe
[13:06:02] - [3] Connecté à 79.94.59.48. Collecte du Nom d'utilisateur.
[13:06:02] - [3] Usager MIRKO.POZEN Connecté IP: 79.94.59.48
[13:06:02] - [3] MIRKO.POZEN: Répertoire en Cours: D:\kerberos.htx\
[13:06:03] - [3] MIRKO.POZEN: Répertoire en Cours: D:\kerberos.htx\exe\
[13:06:03] - [3] MIRKO.POZEN: Début du Téléchargement de: D:\kerberos.htx\exe\never10.exe
[13:06:05] - [3] MIRKO.POZEN: Fichier envoyé: D:\kerberos.htx\exe\never10.exe (41,49 K/S -   84 976 bytes)
[13:06:20] - [3] MIRKO.POZEN: Début du Téléchargement de: D:\kerberos.htx\exe\pplfr165_x64comp.exe
[13:06:26] - [3] MIRKO.POZEN: Fichier envoyé: D:\kerberos.htx\exe\pplfr165_x64comp.exe (38,81 K/S -   238 430 bytes)
[13:06:26] - [3] MIRKO.POZEN: Début du Téléchargement de: D:\kerberos.htx\exe\Reboot.exe
[13:06:27] - [3] MIRKO.POZEN: Fichier envoyé: D:\kerberos.htx\exe\Reboot.exe (24,00 K/S -   24 576 bytes)
[13:06:30] - [3] MIRKO.POZEN: Début du Téléchargement de: D:\kerberos.htx\exe\shutdown -a.bat
[13:06:30] - [3] MIRKO.POZEN: Fichier envoyé: D:\kerberos.htx\exe\shutdown -a.bat (0,02 K/S -    18 bytes)
[13:06:39] - [3] MIRKO.POZEN: Début du Téléchargement de: D:\kerberos.htx\exe\Tcpview.exe
[13:06:42] - [3] MIRKO.POZEN: Fichier envoyé: D:\kerberos.htx\exe\Tcpview.exe (36,93 K/S -   113 464 bytes)
[13:06:55] - [3] MIRKO.POZEN: Début du Téléchargement de: D:\kerberos.htx\exe\winrar.exe
[13:07:46] - [3] MIRKO.POZEN: Fichier envoyé: D:\kerberos.htx\exe\winrar.exe (50,20 K/S -  2 621 400 bytes)
[13:07:46] - [3] MIRKO.POZEN: Début du Téléchargement de: D:\kerberos.htx\exe\youtube_downloader_hd_setup.exe
[13:07:57] - [2] MIRKO.POZEN: Fichier envoyé: D:\kerberos.htx\exe\CW.eXe (64,59 K/S -  9 458 428 bytes)
[13:08:28] - [2] Client 79.94.59.48 Déconnecté (00:02:54 Min)
[13:09:21] - [4] Connecté à 79.94.59.48. Collecte du Nom d'utilisateur.
[13:09:21] - [4] Usager MIRKO.POZEN Connecté IP: 79.94.59.48
[13:09:21] - [4] MIRKO.POZEN: Répertoire en Cours: D:\kerberos.htx\
[13:09:21] - [4] MIRKO.POZEN: Répertoire en Cours: D:\kerberos.htx\exe\
[13:09:22] - [4] MIRKO.POZEN: Début du Téléchargement de: D:\kerberos.htx\exe\ClassicShellSetup_4_2_5.exe
[13:09:48] - [3] MIRKO.POZEN: Fichier envoyé: D:\kerberos.htx\exe\youtube_downloader_hd_setup.exe (76,94 K/S -  9 612 488 bytes)
[13:09:48] - [3] MIRKO.POZEN: Début du Téléchargement de: D:\kerberos.htx\exe\CrucialFRScan.exe
[13:09:53] - [3] MIRKO.POZEN: Fichier envoyé: D:\kerberos.htx\exe\CrucialFRScan.exe (56,58 K/S -   231 760 bytes)
[13:10:24] - [3] Client 79.94.59.48 Déconnecté (00:04:21 Min)
[13:10:35] - [1] MIRKO.POZEN: Répertoire en Cours: D:\kerberos.htx\exe\Dethkarz\
[13:10:36] - [1] MIRKO.POZEN: Répertoire en Cours: D:\kerberos.htx\exe\Dethkarz\SYSDATA\
[13:10:36] - [1] MIRKO.POZEN: Répertoire en Cours: D:\kerberos.htx\exe\Dethkarz\SYSDATA\Syscon\
[13:10:36] - [5] Connecté à 79.94.59.48. Collecte du Nom d'utilisateur.
[13:10:37] - [5] Usager MIRKO.POZEN Connecté IP: 79.94.59.48
[13:10:37] - [5] MIRKO.POZEN: Répertoire en Cours: D:\kerberos.htx\
[13:10:37] - [5] MIRKO.POZEN: Répertoire en Cours: D:\kerberos.htx\exe\Dethkarz\
[13:10:37] - [1] MIRKO.POZEN: Répertoire en Cours: D:\kerberos.htx\exe\Dethkarz\SYSDATA\Syscon\Sysdata\
[13:10:37] - [5] MIRKO.POZEN: Début du Téléchargement de: D:\kerberos.htx\exe\Dethkarz\AUTORUN.INF
[13:10:37] - [5] MIRKO.POZEN: Fichier envoyé: D:\kerberos.htx\exe\Dethkarz\AUTORUN.INF (0,03 K/S -    29 bytes)
[13:10:38] - [5] MIRKO.POZEN: Début du Téléchargement de: D:\kerberos.htx\exe\Dethkarz\CMS16.DLL
[13:10:38] - [1] MIRKO.POZEN: Répertoire en Cours: D:\kerberos.htx\exe\Dethkarz\SYSDATA\Syscon\Sysdata\Syscon\
[13:10:39] - [5] MIRKO.POZEN: Fichier envoyé: D:\kerberos.htx\exe\Dethkarz\CMS16.DLL (11,69 K/S -   11 970 bytes)
[13:10:39] - [5] MIRKO.POZEN: Début du Téléchargement de: D:\kerberos.htx\exe\Dethkarz\cms32_95.dll
[13:10:40] - [5] MIRKO.POZEN: Fichier envoyé: D:\kerberos.htx\exe\Dethkarz\cms32_95.dll (22,50 K/S -   23 040 bytes)
[13:10:40] - [5] MIRKO.POZEN: Début du Téléchargement de: D:\kerberos.htx\exe\Dethkarz\CMS32_NT.DLL
[13:10:41] - [5] MIRKO.POZEN: Fichier envoyé: D:\kerberos.htx\exe\Dethkarz\CMS32_NT.DLL (32,00 K/S -   32 768 bytes)
[13:10:41] - [5] MIRKO.POZEN: Début du Téléchargement de: D:\kerberos.htx\exe\Dethkarz\DATA.TAG
[13:10:41] - [5] MIRKO.POZEN: Fichier envoyé: D:\kerberos.htx\exe\Dethkarz\DATA.TAG (0,10 K/S -    102 bytes)
[13:10:42] - [1] MIRKO.POZEN: Répertoire en Cours: D:\kerberos.htx\exe\Dethkarz\SYSDATA\Syscon\Sysdata\Syscon\Sysdata\
[13:10:42] - [5] MIRKO.POZEN: Début du Téléchargement de: D:\kerberos.htx\exe\Dethkarz\DATA1.CAB
[13:10:43] - [1] MIRKO.POZEN: Répertoire en Cours: D:\kerberos.htx\exe\Dethkarz\
[13:10:44] - [1] MIRKO.POZEN: Répertoire en Cours: D:\kerberos.htx\exe\Dethkarz\SETUPDIR\
[13:10:45] - [1] MIRKO.POZEN: Répertoire en Cours: D:\kerberos.htx\exe\Dethkarz\SETUPDIR\040c\
[13:10:46] - [1] MIRKO.POZEN: Répertoire en Cours: D:\kerberos.htx\exe\Dethkarz\SETUPDIR\
[13:10:46] - [1] MIRKO.POZEN: Répertoire en Cours: D:\kerberos.htx\exe\Dethkarz\SETUPDIR\0009\
[13:10:48] - [1] MIRKO.POZEN: Répertoire en Cours: D:\kerberos.htx\exe\Dethkarz\SETUPDIR\
[13:10:48] - [1] MIRKO.POZEN: Répertoire en Cours: D:\kerberos.htx\exe\Dethkarz\SETUPDIR\0007\
[13:10:49] - [1] MIRKO.POZEN: Répertoire en Cours: D:\kerberos.htx\exe\Dethkarz\
[13:10:49] - [1] MIRKO.POZEN: Répertoire en Cours: D:\kerberos.htx\exe\Dethkarz\EXTRAS\
[13:10:51] - [1] MIRKO.POZEN: Répertoire en Cours: D:\kerberos.htx\exe\Dethkarz\EXTRAS\Manuals\
[13:10:52] - [1] MIRKO.POZEN: Répertoire en Cours: D:\kerberos.htx\exe\Dethkarz\EXTRAS\
[13:10:52] - [1] MIRKO.POZEN: Répertoire en Cours: D:\kerberos.htx\exe\Dethkarz\EXTRAS\Goodies\
[13:10:53] - [1] MIRKO.POZEN: Répertoire en Cours: D:\kerberos.htx\exe\Dethkarz\EXTRAS\Goodies\Francais\
[13:10:55] - [1] MIRKO.POZEN: Répertoire en Cours: D:\kerberos.htx\exe\Dethkarz\EXTRAS\Goodies\Francais\boutique\
[13:10:59] - [1] MIRKO.POZEN: Répertoire en Cours: D:\kerberos.htx\exe\Dethkarz\EXTRAS\Goodies\Francais\boutique\stuff\
[13:11:00] - [1] MIRKO.POZEN: Répertoire en Cours: D:\kerberos.htx\exe\Dethkarz\EXTRAS\Goodies\Francais\boutique\stuff\products\
[13:11:02] - [1] MIRKO.POZEN: Répertoire en Cours: D:\kerberos.htx\exe\Dethkarz\EXTRAS\Goodies\Francais\boutique\stuff\
[13:11:02] - [1] MIRKO.POZEN: Répertoire en Cours: D:\kerberos.htx\exe\Dethkarz\EXTRAS\Goodies\Francais\boutique\stuff\images\
[13:11:04] - [1] MIRKO.POZEN: Répertoire en Cours: D:\kerberos.htx\exe\Dethkarz\EXTRAS\Goodies\
[13:11:05] - [1] MIRKO.POZEN: Répertoire en Cours: D:\kerberos.htx\exe\Dethkarz\EXTRAS\Goodies\English\
[13:11:06] - [1] MIRKO.POZEN: Répertoire en Cours: D:\kerberos.htx\exe\Dethkarz\EXTRAS\Goodies\English\shop\
[13:11:07] - [4] MIRKO.POZEN: Fichier envoyé: D:\kerberos.htx\exe\ClassicShellSetup_4_2_5.exe (64,81 K/S -  6 968 048 bytes)
[13:11:07] - [4] MIRKO.POZEN: Répertoire en Cours: D:\kerberos.htx\exe\Dethkarz\
[13:11:07] - [1] MIRKO.POZEN: Répertoire en Cours: D:\kerberos.htx\exe\Dethkarz\EXTRAS\Goodies\English\shop\Stuff\
[13:11:08] - [4] MIRKO.POZEN: Début du Téléchargement de: D:\kerberos.htx\exe\Dethkarz\Dethkarz.exe
[13:11:09] - [1] MIRKO.POZEN: Répertoire en Cours: D:\kerberos.htx\exe\Dethkarz\EXTRAS\Goodies\English\shop\Stuff\products\
[13:11:10] - [1] MIRKO.POZEN: Répertoire en Cours: D:\kerberos.htx\exe\Dethkarz\EXTRAS\Goodies\English\shop\Stuff\
[13:11:10] - [1] MIRKO.POZEN: Répertoire en Cours: D:\kerberos.htx\exe\Dethkarz\EXTRAS\Goodies\English\shop\Stuff\images\
[13:11:12] - [1] MIRKO.POZEN: Répertoire en Cours: D:\kerberos.htx\exe\Dethkarz\EXTRAS\Goodies\
[13:11:12] - [1] MIRKO.POZEN: Répertoire en Cours: D:\kerberos.htx\exe\Dethkarz\EXTRAS\Goodies\Deutsch\
[13:11:14] - [1] MIRKO.POZEN: Répertoire en Cours: D:\kerberos.htx\exe\Dethkarz\EXTRAS\Goodies\Deutsch\shop\
[13:11:15] - [1] MIRKO.POZEN: Répertoire en Cours: D:\kerberos.htx\exe\Dethkarz\EXTRAS\Goodies\Deutsch\shop\stuff\
[13:11:16] - [1] MIRKO.POZEN: Répertoire en Cours: D:\kerberos.htx\exe\Dethkarz\EXTRAS\Goodies\Deutsch\shop\stuff\products\
[13:11:17] - [1] MIRKO.POZEN: Répertoire en Cours: D:\kerberos.htx\exe\Dethkarz\EXTRAS\Goodies\Deutsch\shop\stuff\
[13:11:17] - [1] MIRKO.POZEN: Répertoire en Cours: D:\kerberos.htx\exe\Dethkarz\EXTRAS\Goodies\Deutsch\shop\stuff\images\
[13:11:19] - [1] MIRKO.POZEN: Répertoire en Cours: D:\kerberos.htx\exe\Dethkarz\EXTRAS\
[13:11:19] - [1] MIRKO.POZEN: Répertoire en Cours: D:\kerberos.htx\exe\Dethkarz\EXTRAS\Chatnplay\
[13:11:20] - [1] MIRKO.POZEN: Répertoire en Cours: D:\kerberos.htx\exe\Dethkarz\EXTRAS\
[13:11:20] - [1] MIRKO.POZEN: Répertoire en Cours: D:\kerberos.htx\exe\Dethkarz\EXTRAS\Acrobat Reader\
[13:11:22] - [1] MIRKO.POZEN: Répertoire en Cours: D:\kerberos.htx\exe\Dethkarz\
[13:11:22] - [1] MIRKO.POZEN: Répertoire en Cours: D:\kerberos.htx\exe\Dethkarz\DIRECTX\
[13:11:24] - [1] MIRKO.POZEN: Répertoire en Cours: D:\kerberos.htx\exe\Dethkarz\
[13:11:25] - [1] MIRKO.POZEN: Répertoire en Cours: D:\kerberos.htx\exe\Dethkarz\Device Libraries\
[13:11:32] - [1] MIRKO.POZEN: Répertoire en Cours: D:\kerberos.htx\exe\Dethkarz\
[13:11:32] - [1] MIRKO.POZEN: Répertoire en Cours: D:\kerberos.htx\exe\Dethkarz\Data\
[13:11:34] - [1] MIRKO.POZEN: Répertoire en Cours: D:\kerberos.htx\exe\Dethkarz\Data\Sounds\
[13:11:35] - [4] MIRKO.POZEN: Fichier envoyé: D:\kerberos.htx\exe\Dethkarz\Dethkarz.exe (42,22 K/S -  1 167 360 bytes)
[13:11:35] - [1] MIRKO.POZEN: Répertoire en Cours: D:\kerberos.htx\exe\Dethkarz\Data\
[13:11:36] - [4] MIRKO.POZEN: Début du Téléchargement de: D:\kerberos.htx\exe\Dethkarz\DETINST.EXE
[13:11:36] - [1] MIRKO.POZEN: Répertoire en Cours: D:\kerberos.htx\exe\Dethkarz\Data\Replays\
[13:11:39] - [1] MIRKO.POZEN: Répertoire en Cours: D:\kerberos.htx\exe\Dethkarz\Data\
[13:11:39] - [1] MIRKO.POZEN: Répertoire en Cours: D:\kerberos.htx\exe\Dethkarz\Data\Ghosts\
[13:11:40] - [1] MIRKO.POZEN: Répertoire en Cours: D:\kerberos.htx\exe\Dethkarz\Data\
[13:11:41] - [1] MIRKO.POZEN: Répertoire en Cours: D:\kerberos.htx\exe\Dethkarz\Data\FMV\
[13:11:56] - [4] MIRKO.POZEN: Fichier envoyé: D:\kerberos.htx\exe\Dethkarz\DETINST.EXE (33,00 K/S -   675 840 bytes)
[13:11:56] - [4] MIRKO.POZEN: Début du Téléchargement de: D:\kerberos.htx\exe\Dethkarz\DSETUP.DLL
[13:11:59] - [4] MIRKO.POZEN: Fichier envoyé: D:\kerberos.htx\exe\Dethkarz\DSETUP.DLL (41,50 K/S -   127 488 bytes)
[13:11:59] - [4] MIRKO.POZEN: Début du Téléchargement de: D:\kerberos.htx\exe\Dethkarz\DSETUP16.DLL
[13:12:00] - [4] MIRKO.POZEN: Fichier envoyé: D:\kerberos.htx\exe\Dethkarz\DSETUP16.DLL (30,88 K/S -   63 248 bytes)
[13:12:01] - [4] MIRKO.POZEN: Début du Téléchargement de: D:\kerberos.htx\exe\Dethkarz\DSETUP32.DLL
[13:12:02] - [4] MIRKO.POZEN: Fichier envoyé: D:\kerberos.htx\exe\Dethkarz\DSETUP32.DLL (50,50 K/S -   51 712 bytes)
[13:12:03] - [4] MIRKO.POZEN: Début du Téléchargement de: D:\kerberos.htx\exe\Dethkarz\Francais Readme.txt
[13:12:04] - [4] MIRKO.POZEN: Fichier envoyé: D:\kerberos.htx\exe\Dethkarz\Francais Readme.txt (15,36 K/S -   15 728 bytes)
[13:12:04] - [4] MIRKO.POZEN: Début du Téléchargement de: D:\kerberos.htx\exe\Dethkarz\IFORCE2.DLL
[13:12:06] - [4] MIRKO.POZEN: Fichier envoyé: D:\kerberos.htx\exe\Dethkarz\IFORCE2.DLL (36,75 K/S -   75 264 bytes)
[13:12:06] - [4] MIRKO.POZEN: Début du Téléchargement de: D:\kerberos.htx\exe\Dethkarz\Joystick.ifr
[13:12:06] - [4] MIRKO.POZEN: Fichier envoyé: D:\kerberos.htx\exe\Dethkarz\Joystick.ifr (1,09 K/S -   1 113 bytes)
[13:12:07] - [4] MIRKO.POZEN: Début du Téléchargement de: D:\kerberos.htx\exe\Dethkarz\LANG.DAT
[13:12:07] - [4] MIRKO.POZEN: Fichier envoyé: D:\kerberos.htx\exe\Dethkarz\LANG.DAT (4,45 K/S -   4 557 bytes)
[13:12:07] - [4] MIRKO.POZEN: Début du Téléchargement de: D:\kerberos.htx\exe\Dethkarz\LAYOUT.BIN
[13:12:07] - [4] MIRKO.POZEN: Fichier envoyé: D:\kerberos.htx\exe\Dethkarz\LAYOUT.BIN (0,33 K/S -    334 bytes)
[13:12:08] - [4] MIRKO.POZEN: Début du Téléchargement de: D:\kerberos.htx\exe\Dethkarz\OS.DAT
[13:12:08] - [4] MIRKO.POZEN: Fichier envoyé: D:\kerberos.htx\exe\Dethkarz\OS.DAT (0,41 K/S -    417 bytes)
[13:12:08] - [4] MIRKO.POZEN: Début du Téléchargement de: D:\kerberos.htx\exe\Dethkarz\SETUP.EXE
[13:12:10] - [4] MIRKO.POZEN: Fichier envoyé: D:\kerberos.htx\exe\Dethkarz\SETUP.EXE (58,50 K/S -   59 904 bytes)
[13:12:10] - [4] MIRKO.POZEN: Début du Téléchargement de: D:\kerberos.htx\exe\Dethkarz\SETUP.INI
[13:12:10] - [4] MIRKO.POZEN: Fichier envoyé: D:\kerberos.htx\exe\Dethkarz\SETUP.INI (0,05 K/S -    49 bytes)
[13:12:10] - [4] MIRKO.POZEN: Début du Téléchargement de: D:\kerberos.htx\exe\Dethkarz\SETUP.INS
[13:12:12] - [4] MIRKO.POZEN: Fichier envoyé: D:\kerberos.htx\exe\Dethkarz\SETUP.INS (64,99 K/S -   66 549 bytes)
[13:12:12] - [4] MIRKO.POZEN: Début du Téléchargement de: D:\kerberos.htx\exe\Dethkarz\SETUP.LID
[13:12:12] - [4] MIRKO.POZEN: Fichier envoyé: D:\kerberos.htx\exe\Dethkarz\SETUP.LID (0,07 K/S -    69 bytes)
[13:12:13] - [4] MIRKO.POZEN: Début du Téléchargement de: D:\kerberos.htx\exe\Dethkarz\setup.log
[13:12:14] - [4] MIRKO.POZEN: Fichier envoyé: D:\kerberos.htx\exe\Dethkarz\setup.log (40,84 K/S -   41 819 bytes)
[13:12:14] - [4] MIRKO.POZEN: Début du Téléchargement de: D:\kerberos.htx\exe\Dethkarz\Uninst.isu
[13:12:14] - [4] MIRKO.POZEN: Fichier envoyé: D:\kerberos.htx\exe\Dethkarz\Uninst.isu (20,68 K/S -   21 177 bytes)
[13:12:15] - [4] MIRKO.POZEN: Début du Téléchargement de: D:\kerberos.htx\exe\Dethkarz\uninstall.exe
[13:12:15] - [4] MIRKO.POZEN: Fichier envoyé: D:\kerberos.htx\exe\Dethkarz\uninstall.exe (32,00 K/S -   32 768 bytes)
[13:12:16] - [4] MIRKO.POZEN: Début du Téléchargement de: D:\kerberos.htx\exe\Dethkarz\Wheel.ifr
[13:12:16] - [4] MIRKO.POZEN: Fichier envoyé: D:\kerberos.htx\exe\Dethkarz\Wheel.ifr (1,05 K/S -   1 078 bytes)
[13:12:16] - [4] MIRKO.POZEN: Début du Téléchargement de: D:\kerberos.htx\exe\Dethkarz\_INST32I.EX_
[13:12:22] - [4] MIRKO.POZEN: Fichier envoyé: D:\kerberos.htx\exe\Dethkarz\_INST32I.EX_ (51,61 K/S -   317 092 bytes)
[13:12:23] - [4] MIRKO.POZEN: Début du Téléchargement de: D:\kerberos.htx\exe\Dethkarz\_ISDEL.EXE
[13:12:23] - [4] MIRKO.POZEN: Fichier envoyé: D:\kerberos.htx\exe\Dethkarz\_ISDEL.EXE (8,00 K/S -   8 192 bytes)
[13:12:23] - [4] MIRKO.POZEN: Début du Téléchargement de: D:\kerberos.htx\exe\Dethkarz\_SYS1.CAB
[13:12:33] - [4] MIRKO.POZEN: Fichier envoyé: D:\kerberos.htx\exe\Dethkarz\_SYS1.CAB (57,20 K/S -   527 147 bytes)
[13:12:34] - [4] MIRKO.POZEN: Début du Téléchargement de: D:\kerberos.htx\exe\Dethkarz\_USER1.CAB
[13:12:35] - [4] MIRKO.POZEN: Fichier envoyé: D:\kerberos.htx\exe\Dethkarz\_USER1.CAB (48,44 K/S -   49 607 bytes)
[13:12:35] - [4] MIRKO.POZEN: Répertoire en Cours: D:\kerberos.htx\exe\Dethkarz\SYSDATA\Syscon\Sysdata\Syscon\Sysdata\
[13:12:35] - [4] MIRKO.POZEN: Début du Téléchargement de: D:\kerberos.htx\exe\Dethkarz\SYSDATA\Syscon\Sysdata\Syscon\Sysdata\SYSDATA.ZIP
[13:13:03] - [5] MIRKO.POZEN: Fichier envoyé: D:\kerberos.htx\exe\Dethkarz\DATA1.CAB (48,89 K/S -  7 108 287 bytes)
[13:13:04] - [5] MIRKO.POZEN: Répertoire en Cours: D:\kerberos.htx\exe\Dethkarz\SETUPDIR\040c\
[13:13:04] - [5] MIRKO.POZEN: Début du Téléchargement de: D:\kerberos.htx\exe\Dethkarz\SETUPDIR\040c\_setup.dll
[13:13:04] - [5] MIRKO.POZEN: Fichier envoyé: D:\kerberos.htx\exe\Dethkarz\SETUPDIR\040c\_setup.dll (11,00 K/S -   11 264 bytes)
[13:13:04] - [5] MIRKO.POZEN: Répertoire en Cours: D:\kerberos.htx\exe\Dethkarz\SETUPDIR\0009\
[13:13:05] - [5] MIRKO.POZEN: Début du Téléchargement de: D:\kerberos.htx\exe\Dethkarz\SETUPDIR\0009\_SETUP.DLL
[13:13:05] - [5] MIRKO.POZEN: Fichier envoyé: D:\kerberos.htx\exe\Dethkarz\SETUPDIR\0009\_SETUP.DLL (11,00 K/S -   11 264 bytes)
[13:13:05] - [5] MIRKO.POZEN: Répertoire en Cours: D:\kerberos.htx\exe\Dethkarz\SETUPDIR\0007\
[13:13:06] - [5] MIRKO.POZEN: Début du Téléchargement de: D:\kerberos.htx\exe\Dethkarz\SETUPDIR\0007\_setup.dll
[13:13:06] - [5] MIRKO.POZEN: Fichier envoyé: D:\kerberos.htx\exe\Dethkarz\SETUPDIR\0007\_setup.dll (11,00 K/S -   11 264 bytes)
[13:13:06] - [5] MIRKO.POZEN: Répertoire en Cours: D:\kerberos.htx\exe\Dethkarz\EXTRAS\
[13:13:06] - [5] MIRKO.POZEN: Début du Téléchargement de: D:\kerberos.htx\exe\Dethkarz\EXTRAS\dk.db
[13:13:25] - [5] MIRKO.POZEN: Fichier envoyé: D:\kerberos.htx\exe\Dethkarz\EXTRAS\dk.db (53,51 K/S -   986 292 bytes)
[13:13:25] - [5] MIRKO.POZEN: Début du Téléchargement de: D:\kerberos.htx\exe\Dethkarz\EXTRAS\grtvgr.exe
[13:13:56] - [5] MIRKO.POZEN: Fichier envoyé: D:\kerberos.htx\exe\Dethkarz\EXTRAS\grtvgr.exe (48,55 K/S -  1 590 896 bytes)
[13:13:57] - [5] MIRKO.POZEN: Début du Téléchargement de: D:\kerberos.htx\exe\Dethkarz\EXTRAS\RkVG.exe
[13:14:14] - [5] MIRKO.POZEN: Fichier envoyé: D:\kerberos.htx\exe\Dethkarz\EXTRAS\RkVG.exe (50,71 K/S -   882 688 bytes)
[13:14:14] - [5] MIRKO.POZEN: Début du Téléchargement de: D:\kerberos.htx\exe\Dethkarz\EXTRAS\suprgrab.zip
[13:14:15] - [5] MIRKO.POZEN: Fichier envoyé: D:\kerberos.htx\exe\Dethkarz\EXTRAS\suprgrab.zip (42,82 K/S -   43 851 bytes)
[13:14:15] - [5] MIRKO.POZEN: Répertoire en Cours: D:\kerberos.htx\exe\Dethkarz\EXTRAS\Manuals\
[13:14:16] - [5] MIRKO.POZEN: Début du Téléchargement de: D:\kerberos.htx\exe\Dethkarz\EXTRAS\Manuals\Deutsch Manual.pdf
[13:14:44] - [5] MIRKO.POZEN: Fichier envoyé: D:\kerberos.htx\exe\Dethkarz\EXTRAS\Manuals\Deutsch Manual.pdf (42,78 K/S -  1 226 649 bytes)
[13:14:44] - [5] MIRKO.POZEN: Début du Téléchargement de: D:\kerberos.htx\exe\Dethkarz\EXTRAS\Manuals\Dutch Manual.pdf
[13:15:21] - [5] MIRKO.POZEN: Fichier envoyé: D:\kerberos.htx\exe\Dethkarz\EXTRAS\Manuals\Dutch Manual.pdf (33,31 K/S -  1 227 925 bytes)
[13:15:25] - [5] MIRKO.POZEN: Début du Téléchargement de: D:\kerberos.htx\exe\Dethkarz\EXTRAS\Manuals\English Manual.pdf
[13:16:00] - [5] MIRKO.POZEN: Fichier envoyé: D:\kerberos.htx\exe\Dethkarz\EXTRAS\Manuals\English Manual.pdf (34,26 K/S -  1 227 937 bytes)
[13:16:01] - [5] MIRKO.POZEN: Début du Téléchargement de: D:\kerberos.htx\exe\Dethkarz\EXTRAS\Manuals\Italian Manual.pdf
[13:16:32] - [5] MIRKO.POZEN: Fichier envoyé: D:\kerberos.htx\exe\Dethkarz\EXTRAS\Manuals\Italian Manual.pdf (38,10 K/S -  1 209 399 bytes)
[13:16:33] - [5] MIRKO.POZEN: Début du Téléchargement de: D:\kerberos.htx\exe\Dethkarz\EXTRAS\Manuals\Manuel français.pdf
[13:16:58] - [5] MIRKO.POZEN: Fichier envoyé: D:\kerberos.htx\exe\Dethkarz\EXTRAS\Manuals\Manuel français.pdf (49,39 K/S -  1 264 474 bytes)
[13:16:58] - [5] MIRKO.POZEN: Début du Téléchargement de: D:\kerberos.htx\exe\Dethkarz\EXTRAS\Manuals\Spanish Manual.pdf
[13:17:22] - [5] MIRKO.POZEN: Fichier envoyé: D:\kerberos.htx\exe\Dethkarz\EXTRAS\Manuals\Spanish Manual.pdf (46,66 K/S -  1 194 421 bytes)
[13:17:22] - [5] MIRKO.POZEN: Répertoire en Cours: D:\kerberos.htx\exe\Dethkarz\EXTRAS\Goodies\Francais\boutique\
[13:17:23] - [5] MIRKO.POZEN: Début du Téléchargement de: D:\kerberos.htx\exe\Dethkarz\EXTRAS\Goodies\Francais\boutique\index.htm
[13:17:23] - [5] MIRKO.POZEN: Fichier envoyé: D:\kerberos.htx\exe\Dethkarz\EXTRAS\Goodies\Francais\boutique\index.htm (0,60 K/S -    619 bytes)
[13:17:24] - [5] MIRKO.POZEN: Répertoire en Cours: D:\kerberos.htx\exe\Dethkarz\EXTRAS\Goodies\Francais\boutique\stuff\
[13:17:25] - [5] MIRKO.POZEN: Début du Téléchargement de: D:\kerberos.htx\exe\Dethkarz\EXTRAS\Goodies\Francais\boutique\stuff\add.js
[13:17:25] - [5] MIRKO.POZEN: Fichier envoyé: D:\kerberos.htx\exe\Dethkarz\EXTRAS\Goodies\Francais\boutique\stuff\add.js (0,62 K/S -    630 bytes)
[13:17:29] - [5] MIRKO.POZEN: Début du Téléchargement de: D:\kerberos.htx\exe\Dethkarz\EXTRAS\Goodies\Francais\boutique\stuff\add_on_top.js
[13:17:29] - [5] MIRKO.POZEN: Fichier envoyé: D:\kerberos.htx\exe\Dethkarz\EXTRAS\Goodies\Francais\boutique\stuff\add_on_top.js (2,09 K/S -   2 139 bytes)
[13:17:30] - [5] MIRKO.POZEN: Début du Téléchargement de: D:\kerberos.htx\exe\Dethkarz\EXTRAS\Goodies\Francais\boutique\stuff\bag.htm
[13:17:30] - [5] MIRKO.POZEN: Fichier envoyé: D:\kerberos.htx\exe\Dethkarz\EXTRAS\Goodies\Francais\boutique\stuff\bag.htm (3,93 K/S -   4 026 bytes)
[13:17:31] - [5] MIRKO.POZEN: Début du Téléchargement de: D:\kerberos.htx\exe\Dethkarz\EXTRAS\Goodies\Francais\boutique\stuff\bagpack.htm
[13:17:31] - [5] MIRKO.POZEN: Fichier envoyé: D:\kerberos.htx\exe\Dethkarz\EXTRAS\Goodies\Francais\boutique\stuff\bagpack.htm (2,59 K/S -   2 657 bytes)
[13:17:32] - [5] MIRKO.POZEN: Début du Téléchargement de: D:\kerberos.htx\exe\Dethkarz\EXTRAS\Goodies\Francais\boutique\stuff\blank-1.htm
[13:17:32] - [5] MIRKO.POZEN: Fichier envoyé: D:\kerberos.htx\exe\Dethkarz\EXTRAS\Goodies\Francais\boutique\stuff\blank-1.htm (0,18 K/S -    183 bytes)
[13:17:33] - [5] MIRKO.POZEN: Début du Téléchargement de: D:\kerberos.htx\exe\Dethkarz\EXTRAS\Goodies\Francais\boutique\stuff\cap.htm
[13:17:33] - [5] MIRKO.POZEN: Fichier envoyé: D:\kerberos.htx\exe\Dethkarz\EXTRAS\Goodies\Francais\boutique\stuff\cap.htm (6,22 K/S -   6 374 bytes)
[13:17:34] - [5] MIRKO.POZEN: Début du Téléchargement de: D:\kerberos.htx\exe\Dethkarz\EXTRAS\Goodies\Francais\boutique\stuff\check_this_out.js
[13:17:34] - [5] MIRKO.POZEN: Fichier envoyé: D:\kerberos.htx\exe\Dethkarz\EXTRAS\Goodies\Francais\boutique\stuff\check_this_out.js (1,81 K/S -   1 854 bytes)
[13:17:35] - [5] MIRKO.POZEN: Début du Téléchargement de: D:\kerberos.htx\exe\Dethkarz\EXTRAS\Goodies\Francais\boutique\stuff\Copie de bag.htm
[13:17:35] - [5] MIRKO.POZEN: Fichier envoyé: D:\kerberos.htx\exe\Dethkarz\EXTRAS\Goodies\Francais\boutique\stuff\Copie de bag.htm (3,86 K/S -   3 949 bytes)
[13:17:36] - [5] MIRKO.POZEN: Début du Téléchargement de: D:\kerberos.htx\exe\Dethkarz\EXTRAS\Goodies\Francais\boutique\stuff\Copie de left_top.htm
[13:17:36] - [5] MIRKO.POZEN: Fichier envoyé: D:\kerberos.htx\exe\Dethkarz\EXTRAS\Goodies\Francais\boutique\stuff\Copie de left_top.htm (1,94 K/S -   1 989 bytes)
[13:17:37] - [5] MIRKO.POZEN: Début du Téléchargement de: D:\kerberos.htx\exe\Dethkarz\EXTRAS\Goodies\Francais\boutique\stuff\dex.htm
[13:17:37] - [5] MIRKO.POZEN: Fichier envoyé: D:\kerberos.htx\exe\Dethkarz\EXTRAS\Goodies\Francais\boutique\stuff\dex.htm (0,89 K/S -    908 bytes)
[13:17:38] - [5] MIRKO.POZEN: Début du Téléchargement de: D:\kerberos.htx\exe\Dethkarz\EXTRAS\Goodies\Francais\boutique\stuff\fig.htm
[13:17:38] - [5] MIRKO.POZEN: Fichier envoyé: D:\kerberos.htx\exe\Dethkarz\EXTRAS\Goodies\Francais\boutique\stuff\fig.htm (4,48 K/S -   4 583 bytes)
[13:17:38] - [5] MIRKO.POZEN: Début du Téléchargement de: D:\kerberos.htx\exe\Dethkarz\EXTRAS\Goodies\Francais\boutique\stuff\head.htm
[13:17:38] - [5] MIRKO.POZEN: Fichier envoyé: D:\kerberos.htx\exe\Dethkarz\EXTRAS\Goodies\Francais\boutique\stuff\head.htm (2,56 K/S -   2 626 bytes)
[13:17:39] - [5] MIRKO.POZEN: Début du Téléchargement de: D:\kerberos.htx\exe\Dethkarz\EXTRAS\Goodies\Francais\boutique\stuff\hierach.js
[13:17:39] - [5] MIRKO.POZEN: Fichier envoyé: D:\kerberos.htx\exe\Dethkarz\EXTRAS\Goodies\Francais\boutique\stuff\hierach.js (0,89 K/S -    908 bytes)
[13:17:39] - [5] MIRKO.POZEN: Début du Téléchargement de: D:\kerberos.htx\exe\Dethkarz\EXTRAS\Goodies\Francais\boutique\stuff\hierach_1.js
[13:17:39] - [5] MIRKO.POZEN: Fichier envoyé: D:\kerberos.htx\exe\Dethkarz\EXTRAS\Goodies\Francais\boutique\stuff\hierach_1.js (0,88 K/S -    900 bytes)
[13:17:40] - [5] MIRKO.POZEN: Début du Téléchargement de: D:\kerberos.htx\exe\Dethkarz\EXTRAS\Goodies\Francais\boutique\stuff\hod-amigo.htm
[13:17:40] - [5] MIRKO.POZEN: Fichier envoyé: D:\kerberos.htx\exe\Dethkarz\EXTRAS\Goodies\Francais\boutique\stuff\hod-amigo.htm (1,03 K/S -   1 054 bytes)
[13:17:40] - [5] MIRKO.POZEN: Début du Téléchargement de: D:\kerberos.htx\exe\Dethkarz\EXTRAS\Goodies\Francais\boutique\stuff\hod-cap.htm
[13:17:40] - [5] MIRKO.POZEN: Fichier envoyé: D:\kerberos.htx\exe\Dethkarz\EXTRAS\Goodies\Francais\boutique\stuff\hod-cap.htm (1,03 K/S -   1 055 bytes)
[13:17:41] - [5] MIRKO.POZEN: Début du Téléchargement de: D:\kerberos.htx\exe\Dethkarz\EXTRAS\Goodies\Francais\boutique\stuff\hod-purple.htm
[13:17:41] - [5] MIRKO.POZEN: Fichier envoyé: D:\kerberos.htx\exe\Dethkarz\EXTRAS\Goodies\Francais\boutique\stuff\hod-purple.htm (1,03 K/S -   1 051 bytes)
[13:17:41] - [5] MIRKO.POZEN: Début du Téléchargement de: D:\kerberos.htx\exe\Dethkarz\EXTRAS\Goodies\Francais\boutique\stuff\hod-viscious.htm
[13:17:41] - [5] MIRKO.POZEN: Fichier envoyé: D:\kerberos.htx\exe\Dethkarz\EXTRAS\Goodies\Francais\boutique\stuff\hod-viscious.htm (1,03 K/S -   1 056 bytes)
[13:17:42] - [5] MIRKO.POZEN: Début du Téléchargement de: D:\kerberos.htx\exe\Dethkarz\EXTRAS\Goodies\Francais\boutique\stuff\hod.htm
[13:17:42] - [5] MIRKO.POZEN: Fichier envoyé: D:\kerberos.htx\exe\Dethkarz\EXTRAS\Goodies\Francais\boutique\stuff\hod.htm (4,51 K/S -   4 621 bytes)
[13:17:42] - [5] MIRKO.POZEN: Début du Téléchargement de: D:\kerberos.htx\exe\Dethkarz\EXTRAS\Goodies\Francais\boutique\stuff\home.htm
[13:17:42] - [5] MIRKO.POZEN: Fichier envoyé: D:\kerberos.htx\exe\Dethkarz\EXTRAS\Goodies\Francais\boutique\stuff\home.htm (1,51 K/S -   1 545 bytes)
[13:17:43] - [5] MIRKO.POZEN: Début du Téléchargement de: D:\kerberos.htx\exe\Dethkarz\EXTRAS\Goodies\Francais\boutique\stuff\index.htm
[13:17:43] - [5] MIRKO.POZEN: Fichier envoyé: D:\kerberos.htx\exe\Dethkarz\EXTRAS\Goodies\Francais\boutique\stuff\index.htm (0,59 K/S -    601 bytes)
[13:17:43] - [5] MIRKO.POZEN: Début du Téléchargement de: D:\kerberos.htx\exe\Dethkarz\EXTRAS\Goodies\Francais\boutique\stuff\infogrames-girl-shirt.htm
[13:17:43] - [5] MIRKO.POZEN: Fichier envoyé: D:\kerberos.htx\exe\Dethkarz\EXTRAS\Goodies\Francais\boutique\stuff\infogrames-girl-shirt.htm (0,95 K/S -    976 bytes)
[13:17:44] - [5] MIRKO.POZEN: Début du Téléchargement de: D:\kerberos.htx\exe\Dethkarz\EXTRAS\Goodies\Francais\boutique\stuff\infogrames-shirt.htm
[13:17:44] - [5] MIRKO.POZEN: Fichier envoyé: D:\kerberos.htx\exe\Dethkarz\EXTRAS\Goodies\Francais\boutique\stuff\infogrames-shirt.htm (1,01 K/S -   1 032 bytes)
[13:17:44] - [5] MIRKO.POZEN: Début du Téléchargement de: D:\kerberos.htx\exe\Dethkarz\EXTRAS\Goodies\Francais\boutique\stuff\infogrames.htm
[13:17:44] - [5] MIRKO.POZEN: Fichier envoyé: D:\kerberos.htx\exe\Dethkarz\EXTRAS\Goodies\Francais\boutique\stuff\infogrames.htm (5,39 K/S -   5 517 bytes)
[13:17:45] - [5] MIRKO.POZEN: Début du Téléchargement de: D:\kerberos.htx\exe\Dethkarz\EXTRAS\Goodies\Francais\boutique\stuff\left.htm
[13:17:45] - [5] MIRKO.POZEN: Fichier envoyé: D:\kerberos.htx\exe\Dethkarz\EXTRAS\Goodies\Francais\boutique\stuff\left.htm (2,32 K/S -   2 376 bytes)
[13:17:45] - [5] MIRKO.POZEN: Début du Téléchargement de: D:\kerberos.htx\exe\Dethkarz\EXTRAS\Goodies\Francais\boutique\stuff\left_dex.htm
[13:17:46] - [5] MIRKO.POZEN: Fichier envoyé: D:\kerberos.htx\exe\Dethkarz\EXTRAS\Goodies\Francais\boutique\stuff\left_dex.htm (0,53 K/S -    540 bytes)
[13:17:46] - [5] MIRKO.POZEN: Début du Téléchargement de: D:\kerberos.htx\exe\Dethkarz\EXTRAS\Goodies\Francais\boutique\stuff\left_down.htm
[13:17:46] - [5] MIRKO.POZEN: Fichier envoyé: D:\kerberos.htx\exe\Dethkarz\EXTRAS\Goodies\Francais\boutique\stuff\left_down.htm (2,70 K/S -   2 768 bytes)
[13:17:46] - [5] MIRKO.POZEN: Début du Téléchargement de: D:\kerberos.htx\exe\Dethkarz\EXTRAS\Goodies\Francais\boutique\stuff\left_top.htm
[13:17:47] - [5] MIRKO.POZEN: Fichier envoyé: D:\kerberos.htx\exe\Dethkarz\EXTRAS\Goodies\Francais\boutique\stuff\left_top.htm (1,07 K/S -   1 099 bytes)
[13:17:47] - [5] MIRKO.POZEN: Début du Téléchargement de: D:\kerberos.htx\exe\Dethkarz\EXTRAS\Goodies\Francais\boutique\stuff\news.htm
[13:17:47] - [5] MIRKO.POZEN: Fichier envoyé: D:\kerberos.htx\exe\Dethkarz\EXTRAS\Goodies\Francais\boutique\stuff\news.htm (6,89 K/S -   7 058 bytes)
[13:17:48] - [5] MIRKO.POZEN: Début du Téléchargement de: D:\kerberos.htx\exe\Dethkarz\EXTRAS\Goodies\Francais\boutique\stuff\outcast-black-shirt.htm
[13:17:48] - [5] MIRKO.POZEN: Fichier envoyé: D:\kerberos.htx\exe\Dethkarz\EXTRAS\Goodies\Francais\boutique\stuff\outcast-black-shirt.htm (1,08 K/S -   1 105 bytes)
[13:17:48] - [5] MIRKO.POZEN: Début du Téléchargement de: D:\kerberos.htx\exe\Dethkarz\EXTRAS\Goodies\Francais\boutique\stuff\outcast-orange-shirt.htm
[13:17:48] - [5] MIRKO.POZEN: Fichier envoyé: D:\kerberos.htx\exe\Dethkarz\EXTRAS\Goodies\Francais\boutique\stuff\outcast-orange-shirt.htm (1,08 K/S -   1 106 bytes)
[13:17:49] - [5] MIRKO.POZEN: Début du Téléchargement de: D:\kerberos.htx\exe\Dethkarz\EXTRAS\Goodies\Francais\boutique\stuff\outcast.htm
[13:17:49] - [5] MIRKO.POZEN: Fichier envoyé: D:\kerberos.htx\exe\Dethkarz\EXTRAS\Goodies\Francais\boutique\stuff\outcast.htm (4,14 K/S -   4 244 bytes)
[13:17:49] - [5] MIRKO.POZEN: Début du Téléchargement de: D:\kerberos.htx\exe\Dethkarz\EXTRAS\Goodies\Francais\boutique\stuff\over_stuff.js
[13:17:49] - [5] MIRKO.POZEN: Fichier envoyé: D:\kerberos.htx\exe\Dethkarz\EXTRAS\Goodies\Francais\boutique\stuff\over_stuff.js (0,45 K/S -    465 bytes)
[13:17:51] - [5] MIRKO.POZEN: Début du Téléchargement de: D:\kerberos.htx\exe\Dethkarz\EXTRAS\Goodies\Francais\boutique\stuff\personal_stuff.js
[13:17:51] - [5] MIRKO.POZEN: Fichier envoyé: D:\kerberos.htx\exe\Dethkarz\EXTRAS\Goodies\Francais\boutique\stuff\personal_stuff.js (0,35 K/S -    363 bytes)
[13:17:52] - [5] MIRKO.POZEN: Début du Téléchargement de: D:\kerberos.htx\exe\Dethkarz\EXTRAS\Goodies\Francais\boutique\stuff\print.js
[13:17:52] - [5] MIRKO.POZEN: Fichier envoyé: D:\kerberos.htx\exe\Dethkarz\EXTRAS\Goodies\Francais\boutique\stuff\print.js (0,42 K/S -    430 bytes)
[13:17:53] - [5] MIRKO.POZEN: Début du Téléchargement de: D:\kerberos.htx\exe\Dethkarz\EXTRAS\Goodies\Francais\boutique\stuff\print_order.htm
[13:17:53] - [5] MIRKO.POZEN: Fichier envoyé: D:\kerberos.htx\exe\Dethkarz\EXTRAS\Goodies\Francais\boutique\stuff\print_order.htm (8,48 K/S -   8 687 bytes)
[13:17:54] - [5] MIRKO.POZEN: Début du Téléchargement de: D:\kerberos.htx\exe\Dethkarz\EXTRAS\Goodies\Francais\boutique\stuff\print_order_frame.htm
[13:17:54] - [5] MIRKO.POZEN: Fichier envoyé: D:\kerberos.htx\exe\Dethkarz\EXTRAS\Goodies\Francais\boutique\stuff\print_order_frame.htm (0,53 K/S -    539 bytes)
[13:17:56] - [5] MIRKO.POZEN: Début du Téléchargement de: D:\kerberos.htx\exe\Dethkarz\EXTRAS\Goodies\Francais\boutique\stuff\shipping.js
[13:17:56] - [5] MIRKO.POZEN: Fichier envoyé: D:\kerberos.htx\exe\Dethkarz\EXTRAS\Goodies\Francais\boutique\stuff\shipping.js (3,69 K/S -   3 779 bytes)
[13:17:56] - [5] MIRKO.POZEN: Début du Téléchargement de: D:\kerberos.htx\exe\Dethkarz\EXTRAS\Goodies\Francais\boutique\stuff\shirt.htm
[13:17:57] - [5] MIRKO.POZEN: Fichier envoyé: D:\kerberos.htx\exe\Dethkarz\EXTRAS\Goodies\Francais\boutique\stuff\shirt.htm (8,96 K/S -   9 178 bytes)
[13:18:00] - [5] MIRKO.POZEN: Début du Téléchargement de: D:\kerberos.htx\exe\Dethkarz\EXTRAS\Goodies\Francais\boutique\stuff\shopping.js
[13:18:00] - [5] MIRKO.POZEN: Fichier envoyé: D:\kerberos.htx\exe\Dethkarz\EXTRAS\Goodies\Francais\boutique\stuff\shopping.js (0,45 K/S -    465 bytes)
[13:18:10] - [5] MIRKO.POZEN: Début du Téléchargement de: D:\kerberos.htx\exe\Dethkarz\EXTRAS\Goodies\Francais\boutique\stuff\tatou_bag.htm
[13:18:10] - [5] MIRKO.POZEN: Fichier envoyé: D:\kerberos.htx\exe\Dethkarz\EXTRAS\Goodies\Francais\boutique\stuff\tatou_bag.htm (1,02 K/S -   1 047 bytes)
[13:18:11] - [5] MIRKO.POZEN: Début du Téléchargement de: D:\kerberos.htx\exe\Dethkarz\EXTRAS\Goodies\Francais\boutique\stuff\v-rally-cap.htm
[13:18:11] - [5] MIRKO.POZEN: Fichier envoyé: D:\kerberos.htx\exe\Dethkarz\EXTRAS\Goodies\Francais\boutique\stuff\v-rally-cap.htm (1,04 K/S -   1 062 bytes)
[13:18:11] - [5] MIRKO.POZEN: Début du Téléchargement de: D:\kerberos.htx\exe\Dethkarz\EXTRAS\Goodies\Francais\boutique\stuff\v-rally-shirt.htm
[13:18:11] - [5] MIRKO.POZEN: Fichier envoyé: D:\kerberos.htx\exe\Dethkarz\EXTRAS\Goodies\Francais\boutique\stuff\v-rally-shirt.htm (1,40 K/S -   1 434 bytes)
[13:18:12] - [5] MIRKO.POZEN: Début du Téléchargement de: D:\kerberos.htx\exe\Dethkarz\EXTRAS\Goodies\Francais\boutique\stuff\vrally.htm
[13:18:12] - [5] MIRKO.POZEN: Fichier envoyé: D:\kerberos.htx\exe\Dethkarz\EXTRAS\Goodies\Francais\boutique\stuff\vrally.htm (4,35 K/S -   4 458 bytes)
[13:18:13] - [5] MIRKO.POZEN: Début du Téléchargement de: D:\kerberos.htx\exe\Dethkarz\EXTRAS\Goodies\Francais\boutique\stuff\x--order.htm
[13:18:13] - [5] MIRKO.POZEN: Fichier envoyé: D:\kerberos.htx\exe\Dethkarz\EXTRAS\Goodies\Francais\boutique\stuff\x--order.htm (8,32 K/S -   8 515 bytes)
[13:18:13] - [5] MIRKO.POZEN: Répertoire en Cours: D:\kerberos.htx\exe\Dethkarz\EXTRAS\Goodies\Francais\boutique\stuff\products\
[13:18:14] - [5] MIRKO.POZEN: Début du Téléchargement de: D:\kerberos.htx\exe\Dethkarz\EXTRAS\Goodies\Francais\boutique\stuff\products\amigo.jpg
[13:18:15] - [5] MIRKO.POZEN: Fichier envoyé: D:\kerberos.htx\exe\Dethkarz\EXTRAS\Goodies\Francais\boutique\stuff\products\amigo.jpg (28,36 K/S -   29 045 bytes)
[13:18:16] - [5] MIRKO.POZEN: Début du Téléchargement de: D:\kerberos.htx\exe\Dethkarz\EXTRAS\Goodies\Francais\boutique\stuff\products\amigos.jpg
[13:18:16] - [5] MIRKO.POZEN: Fichier envoyé: D:\kerberos.htx\exe\Dethkarz\EXTRAS\Goodies\Francais\boutique\stuff\products\amigos.jpg (4,23 K/S -   4 331 bytes)
[13:18:16] - [5] MIRKO.POZEN: Début du Téléchargement de: D:\kerberos.htx\exe\Dethkarz\EXTRAS\Goodies\Francais\boutique\stuff\products\hod_cap.jpg
[13:18:17] - [5] MIRKO.POZEN: Fichier envoyé: D:\kerberos.htx\exe\Dethkarz\EXTRAS\Goodies\Francais\boutique\stuff\products\hod_cap.jpg (21,70 K/S -   22 218 bytes)
[13:18:17] - [5] MIRKO.POZEN: Début du Téléchargement de: D:\kerberos.htx\exe\Dethkarz\EXTRAS\Goodies\Francais\boutique\stuff\products\hod_caps.jpg
[13:18:17] - [5] MIRKO.POZEN: Fichier envoyé: D:\kerberos.htx\exe\Dethkarz\EXTRAS\Goodies\Francais\boutique\stuff\products\hod_caps.jpg (3,21 K/S -   3 284 bytes)
[13:18:18] - [5] MIRKO.POZEN: Début du Téléchargement de: D:\kerberos.htx\exe\Dethkarz\EXTRAS\Goodies\Francais\boutique\stuff\products\infogrames_tshirt.jpg
[13:18:19] - [5] MIRKO.POZEN: Fichier envoyé: D:\kerberos.htx\exe\Dethkarz\EXTRAS\Goodies\Francais\boutique\stuff\products\infogrames_tshirt.jpg (25,15 K/S -   25 754 bytes)
[13:18:19] - [5] MIRKO.POZEN: Début du Téléchargement de: D:\kerberos.htx\exe\Dethkarz\EXTRAS\Goodies\Francais\boutique\stuff\products\infogrames_tshirts.jpg
[13:18:19] - [5] MIRKO.POZEN: Fichier envoyé: D:\kerberos.htx\exe\Dethkarz\EXTRAS\Goodies\Francais\boutique\stuff\products\infogrames_tshirts.jpg (6,26 K/S -   6 406 bytes)
[13:18:20] - [5] MIRKO.POZEN: Début du Téléchargement de: D:\kerberos.htx\exe\Dethkarz\EXTRAS\Goodies\Francais\boutique\stuff\products\infogrames_tshirt_girl.jpg
[13:18:20] - [5] MIRKO.POZEN: Fichier envoyé: D:\kerberos.htx\exe\Dethkarz\EXTRAS\Goodies\Francais\boutique\stuff\products\infogrames_tshirt_girl.jpg (23,03 K/S -   23 585 bytes)
[13:18:21] - [5] MIRKO.POZEN: Début du Téléchargement de: D:\kerberos.htx\exe\Dethkarz\EXTRAS\Goodies\Francais\boutique\stuff\products\infogrames_tshirt_girls.jpg
[13:18:21] - [5] MIRKO.POZEN: Fichier envoyé: D:\kerberos.htx\exe\Dethkarz\EXTRAS\Goodies\Francais\boutique\stuff\products\infogrames_tshirt_girls.jpg (5,40 K/S -   5 533 bytes)
[13:18:22] - [5] MIRKO.POZEN: Début du Téléchargement de: D:\kerberos.htx\exe\Dethkarz\EXTRAS\Goodies\Francais\boutique\stuff\products\outcast-black-tshirt.jpg
[13:18:23] - [5] MIRKO.POZEN: Fichier envoyé: D:\kerberos.htx\exe\Dethkarz\EXTRAS\Goodies\Francais\boutique\stuff\products\outcast-black-tshirt.jpg (62,06 K/S -   63 547 bytes)
[13:18:23] - [5] MIRKO.POZEN: Début du Téléchargement de: D:\kerberos.htx\exe\Dethkarz\EXTRAS\Goodies\Francais\boutique\stuff\products\outcast-black-tshirts.jpg
[13:18:23] - [5] MIRKO.POZEN: Fichier envoyé: D:\kerberos.htx\exe\Dethkarz\EXTRAS\Goodies\Francais\boutique\stuff\products\outcast-black-tshirts.jpg (6,52 K/S -   6 679 bytes)
[13:18:24] - [5] MIRKO.POZEN: Début du Téléchargement de: D:\kerberos.htx\exe\Dethkarz\EXTRAS\Goodies\Francais\boutique\stuff\products\outcast-orange-tshirt.jpg
[13:18:25] - [5] MIRKO.POZEN: Fichier envoyé: D:\kerberos.htx\exe\Dethkarz\EXTRAS\Goodies\Francais\boutique\stuff\products\outcast-orange-tshirt.jpg (43,63 K/S -   44 672 bytes)
[13:18:25] - [5] MIRKO.POZEN: Début du Téléchargement de: D:\kerberos.htx\exe\Dethkarz\EXTRAS\Goodies\Francais\boutique\stuff\products\outcast-orange-tshirts.jpg
[13:18:25] - [5] MIRKO.POZEN: Fichier envoyé: D:\kerberos.htx\exe\Dethkarz\EXTRAS\Goodies\Francais\boutique\stuff\products\outcast-orange-tshirts.jpg (4,67 K/S -   4 777 bytes)
[13:18:26] - [5] MIRKO.POZEN: Début du Téléchargement de: D:\kerberos.htx\exe\Dethkarz\EXTRAS\Goodies\Francais\boutique\stuff\products\tatou_bag.jpg
[13:18:27] - [5] MIRKO.POZEN: Fichier envoyé: D:\kerberos.htx\exe\Dethkarz\EXTRAS\Goodies\Francais\boutique\stuff\products\tatou_bag.jpg (47,79 K/S -   48 935 bytes)
[13:18:27] - [5] MIRKO.POZEN: Début du Téléchargement de: D:\kerberos.htx\exe\Dethkarz\EXTRAS\Goodies\Francais\boutique\stuff\products\tatou_bags.jpg
[13:18:27] - [5] MIRKO.POZEN: Fichier envoyé: D:\kerberos.htx\exe\Dethkarz\EXTRAS\Goodies\Francais\boutique\stuff\products\tatou_bags.jpg (5,79 K/S -   5 924 bytes)
[13:18:28] - [5] MIRKO.POZEN: Début du Téléchargement de: D:\kerberos.htx\exe\Dethkarz\EXTRAS\Goodies\Francais\boutique\stuff\products\vicious.jpg
[13:18:28] - [5] MIRKO.POZEN: Fichier envoyé: D:\kerberos.htx\exe\Dethkarz\EXTRAS\Goodies\Francais\boutique\stuff\products\vicious.jpg (18,86 K/S -   19 310 bytes)
[13:18:29] - [5] MIRKO.POZEN: Début du Téléchargement de: D:\kerberos.htx\exe\Dethkarz\EXTRAS\Goodies\Francais\boutique\stuff\products\viciouss.jpg
[13:18:29] - [5] MIRKO.POZEN: Fichier envoyé: D:\kerberos.htx\exe\Dethkarz\EXTRAS\Goodies\Francais\boutique\stuff\products\viciouss.jpg (3,24 K/S -   3 319 bytes)
[13:18:29] - [5] MIRKO.POZEN: Début du Téléchargement de: D:\kerberos.htx\exe\Dethkarz\EXTRAS\Goodies\Francais\boutique\stuff\products\vrally2_tshirt.jpg
[13:18:30] - [5] MIRKO.POZEN: Fichier envoyé: D:\kerberos.htx\exe\Dethkarz\EXTRAS\Goodies\Francais\boutique\stuff\products\vrally2_tshirt.jpg (30,01 K/S -   30 729 bytes)
[13:18:30] - [5] MIRKO.POZEN: Début du Téléchargement de: D:\kerberos.htx\exe\Dethkarz\EXTRAS\Goodies\Francais\boutique\stuff\products\vrally2_tshirts.jpg
[13:18:30] - [5] MIRKO.POZEN: Fichier envoyé: D:\kerberos.htx\exe\Dethkarz\EXTRAS\Goodies\Francais\boutique\stuff\products\vrally2_tshirts.jpg (6,54 K/S -   6 697 bytes)
[13:18:31] - [5] MIRKO.POZEN: Début du Téléchargement de: D:\kerberos.htx\exe\Dethkarz\EXTRAS\Goodies\Francais\boutique\stuff\products\vrally_cap.jpg
[13:18:31] - [5] MIRKO.POZEN: Fichier envoyé: D:\kerberos.htx\exe\Dethkarz\EXTRAS\Goodies\Francais\boutique\stuff\products\vrally_cap.jpg (27,18 K/S -   27 830 bytes)
[13:18:32] - [5] MIRKO.POZEN: Début du Téléchargement de: D:\kerberos.htx\exe\Dethkarz\EXTRAS\Goodies\Francais\boutique\stuff\products\vrally_caps.jpg
[13:18:32] - [5] MIRKO.POZEN: Fichier envoyé: D:\kerberos.htx\exe\Dethkarz\EXTRAS\Goodies\Francais\boutique\stuff\products\vrally_caps.jpg (3,55 K/S -   3 637 bytes)
[13:18:32] - [5] MIRKO.POZEN: Début du Téléchargement de: D:\kerberos.htx\exe\Dethkarz\EXTRAS\Goodies\Francais\boutique\stuff\products\wargasm-tshirt.jpg
[13:18:33] - [5] MIRKO.POZEN: Fichier envoyé: D:\kerberos.htx\exe\Dethkarz\EXTRAS\Goodies\Francais\boutique\stuff\products\wargasm-tshirt.jpg (33,05 K/S -   33 843 bytes)
[13:18:33] - [5] MIRKO.POZEN: Début du Téléchargement de: D:\kerberos.htx\exe\Dethkarz\EXTRAS\Goodies\Francais\boutique\stuff\products\wargasm-tshirts.jpg
[13:18:33] - [5] MIRKO.POZEN: Fichier envoyé: D:\kerberos.htx\exe\Dethkarz\EXTRAS\Goodies\Francais\boutique\stuff\products\wargasm-tshirts.jpg (4,37 K/S -   4 478 bytes)
[13:18:34] - [5] MIRKO.POZEN: Répertoire en Cours: D:\kerberos.htx\exe\Dethkarz\EXTRAS\Goodies\Francais\boutique\stuff\images\
[13:18:34] - [5] MIRKO.POZEN: Début du Téléchargement de: D:\kerberos.htx\exe\Dethkarz\EXTRAS\Goodies\Francais\boutique\stuff\images\bandeau-v-rally.gif
[13:18:35] - [5] MIRKO.POZEN: Fichier envoyé: D:\kerberos.htx\exe\Dethkarz\EXTRAS\Goodies\Francais\boutique\stuff\images\bandeau-v-rally.gif (13,42 K/S -   13 738 bytes)
[13:18:35] - [5] MIRKO.POZEN: Début du Téléchargement de: D:\kerberos.htx\exe\Dethkarz\EXTRAS\Goodies\Francais\boutique\stuff\images\caddie.gif
[13:18:35] - [5] MIRKO.POZEN: Fichier envoyé: D:\kerberos.htx\exe\Dethkarz\EXTRAS\Goodies\Francais\boutique\stuff\images\caddie.gif (1,88 K/S -   1 930 bytes)
[13:18:35] - [5] MIRKO.POZEN: Début du Téléchargement de: D:\kerberos.htx\exe\Dethkarz\EXTRAS\Goodies\Francais\boutique\stuff\images\caddiefull.gif
[13:18:35] - [5] MIRKO.POZEN: Fichier envoyé: D:\kerberos.htx\exe\Dethkarz\EXTRAS\Goodies\Francais\boutique\stuff\images\caddiefull.gif (3,78 K/S -   3 867 bytes)
[13:18:36] - [5] MIRKO.POZEN: Début du Téléchargement de: D:\kerberos.htx\exe\Dethkarz\EXTRAS\Goodies\Francais\boutique\stuff\images\contact-2.gif
[13:18:36] - [5] MIRKO.POZEN: Fichier envoyé: D:\kerberos.htx\exe\Dethkarz\EXTRAS\Goodies\Francais\boutique\stuff\images\contact-2.gif (1,16 K/S -   1 184 bytes)
[13:18:36] - [5] MIRKO.POZEN: Début du Téléchargement de: D:\kerberos.htx\exe\Dethkarz\EXTRAS\Goodies\Francais\boutique\stuff\images\contact-22.gif
[13:18:36] - [5] MIRKO.POZEN: Fichier envoyé: D:\kerberos.htx\exe\Dethkarz\EXTRAS\Goodies\Francais\boutique\stuff\images\contact-22.gif (1,18 K/S -   1 204 bytes)
[13:18:37] - [5] MIRKO.POZEN: Début du Téléchargement de: D:\kerberos.htx\exe\Dethkarz\EXTRAS\Goodies\Francais\boutique\stuff\images\contact-3.gif
[13:18:37] - [5] MIRKO.POZEN: Fichier envoyé: D:\kerberos.htx\exe\Dethkarz\EXTRAS\Goodies\Francais\boutique\stuff\images\contact-3.gif (1,15 K/S -   1 176 bytes)
[13:18:37] - [5] MIRKO.POZEN: Début du Téléchargement de: D:\kerberos.htx\exe\Dethkarz\EXTRAS\Goodies\Francais\boutique\stuff\images\contact-33.gif
[13:18:38] - [5] MIRKO.POZEN: Fichier envoyé: D:\kerberos.htx\exe\Dethkarz\EXTRAS\Goodies\Francais\boutique\stuff\images\contact-33.gif (0,55 K/S -    565 bytes)
[13:18:38] - [5] MIRKO.POZEN: Début du Téléchargement de: D:\kerberos.htx\exe\Dethkarz\EXTRAS\Goodies\Francais\boutique\stuff\images\grid.jpg
[13:18:39] - [5] MIRKO.POZEN: Fichier envoyé: D:\kerberos.htx\exe\Dethkarz\EXTRAS\Goodies\Francais\boutique\stuff\images\grid.jpg (32,82 K/S -   33 612 bytes)
[13:18:39] - [5] MIRKO.POZEN: Début du Téléchargement de: D:\kerberos.htx\exe\Dethkarz\EXTRAS\Goodies\Francais\boutique\stuff\images\hodlogo.jpg
[13:18:40] - [5] MIRKO.POZEN: Fichier envoyé: D:\kerberos.htx\exe\Dethkarz\EXTRAS\Goodies\Francais\boutique\stuff\images\hodlogo.jpg (21,07 K/S -   21 580 bytes)
[13:18:40] - [5] MIRKO.POZEN: Début du Téléchargement de: D:\kerberos.htx\exe\Dethkarz\EXTRAS\Goodies\Francais\boutique\stuff\images\infogrames_c_00.gif
[13:18:40] - [5] MIRKO.POZEN: Fichier envoyé: D:\kerberos.htx\exe\Dethkarz\EXTRAS\Goodies\Francais\boutique\stuff\images\infogrames_c_00.gif (0,04 K/S -    43 bytes)
[13:18:42] - [5] MIRKO.POZEN: Début du Téléchargement de: D:\kerberos.htx\exe\Dethkarz\EXTRAS\Goodies\Francais\boutique\stuff\images\infogrames_c_01_01.jpg
[13:18:42] - [5] MIRKO.POZEN: Fichier envoyé: D:\kerberos.htx\exe\Dethkarz\EXTRAS\Goodies\Francais\boutique\stuff\images\infogrames_c_01_01.jpg (4,99 K/S -   5 105 bytes)
[13:18:42] - [5] MIRKO.POZEN: Début du Téléchargement de: D:\kerberos.htx\exe\Dethkarz\EXTRAS\Goodies\Francais\boutique\stuff\images\infogrames_c_01_02.jpg
[13:18:42] - [5] MIRKO.POZEN: Fichier envoyé: D:\kerberos.htx\exe\Dethkarz\EXTRAS\Goodies\Francais\boutique\stuff\images\infogrames_c_01_02.jpg (2,26 K/S -   2 314 bytes)
[13:18:43] - [5] MIRKO.POZEN: Début du Téléchargement de: D:\kerberos.htx\exe\Dethkarz\EXTRAS\Goodies\Francais\boutique\stuff\images\infogrames_c_01_03.jpg
[13:18:43] - [5] MIRKO.POZEN: Fichier envoyé: D:\kerberos.htx\exe\Dethkarz\EXTRAS\Goodies\Francais\boutique\stuff\images\infogrames_c_01_03.jpg (1,67 K/S -   1 709 bytes)
[13:18:43] - [5] MIRKO.POZEN: Début du Téléchargement de: D:\kerberos.htx\exe\Dethkarz\EXTRAS\Goodies\Francais\boutique\stuff\images\infogrames_c_01_05.jpg
[13:18:43] - [5] MIRKO.POZEN: Fichier envoyé: D:\kerberos.htx\exe\Dethkarz\EXTRAS\Goodies\Francais\boutique\stuff\images\infogrames_c_01_05.jpg (0,80 K/S -    819 bytes)
[13:18:44] - [5] MIRKO.POZEN: Début du Téléchargement de: D:\kerberos.htx\exe\Dethkarz\EXTRAS\Goodies\Francais\boutique\stuff\images\infogrames_c_02_05.jpg
[13:18:44] - [5] MIRKO.POZEN: Fichier envoyé: D:\kerberos.htx\exe\Dethkarz\EXTRAS\Goodies\Francais\boutique\stuff\images\infogrames_c_02_05.jpg (3,09 K/S -   3 166 bytes)
[13:18:44] - [5] MIRKO.POZEN: Début du Téléchargement de: D:\kerberos.htx\exe\Dethkarz\EXTRAS\Goodies\Francais\boutique\stuff\images\infogrames_c_03_03.jpg
[13:18:44] - [5] MIRKO.POZEN: Fichier envoyé: D:\kerberos.htx\exe\Dethkarz\EXTRAS\Goodies\Francais\boutique\stuff\images\infogrames_c_03_03.jpg (3,44 K/S -   3 520 bytes)
[13:18:45] - [5] MIRKO.POZEN: Début du Téléchargement de: D:\kerberos.htx\exe\Dethkarz\EXTRAS\Goodies\Francais\boutique\stuff\images\infogrames_c_03_07.jpg
[13:18:45] - [5] MIRKO.POZEN: Fichier envoyé: D:\kerberos.htx\exe\Dethkarz\EXTRAS\Goodies\Francais\boutique\stuff\images\infogrames_c_03_07.jpg (4,52 K/S -   4 625 bytes)
[13:18:45] - [5] MIRKO.POZEN: Début du Téléchargement de: D:\kerberos.htx\exe\Dethkarz\EXTRAS\Goodies\Francais\boutique\stuff\images\infogrames_c_03_08.jpg
[13:18:45] - [5] MIRKO.POZEN: Fichier envoyé: D:\kerberos.htx\exe\Dethkarz\EXTRAS\Goodies\Francais\boutique\stuff\images\infogrames_c_03_08.jpg (2,90 K/S -   2 967 bytes)
[13:18:46] - [5] MIRKO.POZEN: Début du Téléchargement de: D:\kerberos.htx\exe\Dethkarz\EXTRAS\Goodies\Francais\boutique\stuff\images\infogrames_c_04_03.jpg
[13:18:46] - [5] MIRKO.POZEN: Fichier envoyé: D:\kerberos.htx\exe\Dethkarz\EXTRAS\Goodies\Francais\boutique\stuff\images\infogrames_c_04_03.jpg (1,33 K/S -   1 366 bytes)
[13:18:46] - [5] MIRKO.POZEN: Début du Téléchargement de: D:\kerberos.htx\exe\Dethkarz\EXTRAS\Goodies\Francais\boutique\stuff\images\infogrames_c_05_02.jpg
[13:18:47] - [5] MIRKO.POZEN: Fichier envoyé: D:\kerberos.htx\exe\Dethkarz\EXTRAS\Goodies\Francais\boutique\stuff\images\infogrames_c_05_02.jpg (2,23 K/S -   2 288 bytes)
[13:18:47] - [5] MIRKO.POZEN: Début du Téléchargement de: D:\kerberos.htx\exe\Dethkarz\EXTRAS\Goodies\Francais\boutique\stuff\images\infogrames_c_05_06.jpg
[13:18:47] - [5] MIRKO.POZEN: Fichier envoyé: D:\kerberos.htx\exe\Dethkarz\EXTRAS\Goodies\Francais\boutique\stuff\images\infogrames_c_05_06.jpg (1,89 K/S -   1 934 bytes)
[13:18:48] - [5] MIRKO.POZEN: Début du Téléchargement de: D:\kerberos.htx\exe\Dethkarz\EXTRAS\Goodies\Francais\boutique\stuff\images\infogrames_c_06_02.jpg
[13:18:48] - [5] MIRKO.POZEN: Fichier envoyé: D:\kerberos.htx\exe\Dethkarz\EXTRAS\Goodies\Francais\boutique\stuff\images\infogrames_c_06_02.jpg (0,65 K/S -    664 bytes)
[13:18:50] - [5] MIRKO.POZEN: Début du Téléchargement de: D:\kerberos.htx\exe\Dethkarz\EXTRAS\Goodies\Francais\boutique\stuff\images\infogrames_c_06_03.jpg
[13:18:50] - [5] MIRKO.POZEN: Fichier envoyé: D:\kerberos.htx\exe\Dethkarz\EXTRAS\Goodies\Francais\boutique\stuff\images\infogrames_c_06_03.jpg (0,73 K/S -    747 bytes)
[13:18:51] - [5] MIRKO.POZEN: Début du Téléchargement de: D:\kerberos.htx\exe\Dethkarz\EXTRAS\Goodies\Francais\boutique\stuff\images\infogrames_c_07_01.jpg
[13:18:51] - [5] MIRKO.POZEN: Fichier envoyé: D:\kerberos.htx\exe\Dethkarz\EXTRAS\Goodies\Francais\boutique\stuff\images\infogrames_c_07_01.jpg (2,31 K/S -   2 365 bytes)
[13:18:52] - [5] MIRKO.POZEN: Début du Téléchargement de: D:\kerberos.htx\exe\Dethkarz\EXTRAS\Goodies\Francais\boutique\stuff\images\infogrames_c_07_04.jpg
[13:18:52] - [5] MIRKO.POZEN: Fichier envoyé: D:\kerberos.htx\exe\Dethkarz\EXTRAS\Goodies\Francais\boutique\stuff\images\infogrames_c_07_04.jpg (1,27 K/S -   1 304 bytes)
[13:18:53] - [5] MIRKO.POZEN: Début du Téléchargement de: D:\kerberos.htx\exe\Dethkarz\EXTRAS\Goodies\Francais\boutique\stuff\images\infogrames_c_08_01.jpg
[13:18:53] - [5] MIRKO.POZEN: Fichier envoyé: D:\kerberos.htx\exe\Dethkarz\EXTRAS\Goodies\Francais\boutique\stuff\images\infogrames_c_08_01.jpg (2,11 K/S -   2 158 bytes)
[13:18:54] - [5] MIRKO.POZEN: Début du Téléchargement de: D:\kerberos.htx\exe\Dethkarz\EXTRAS\Goodies\Francais\boutique\stuff\images\infogrames_c_08_02.jpg
[13:18:54] - [5] MIRKO.POZEN: Fichier envoyé: D:\kerberos.htx\exe\Dethkarz\EXTRAS\Goodies\Francais\boutique\stuff\images\infogrames_c_08_02.jpg (1,31 K/S -   1 338 bytes)
[13:18:55] - [5] MIRKO.POZEN: Début du Téléchargement de: D:\kerberos.htx\exe\Dethkarz\EXTRAS\Goodies\Francais\boutique\stuff\images\infogrames_c_08_03.jpg
[13:18:55] - [5] MIRKO.POZEN: Fichier envoyé: D:\kerberos.htx\exe\Dethkarz\EXTRAS\Goodies\Francais\boutique\stuff\images\infogrames_c_08_03.jpg (3,83 K/S -   3 925 bytes)
[13:18:56] - [5] MIRKO.POZEN: Début du Téléchargement de: D:\kerberos.htx\exe\Dethkarz\EXTRAS\Goodies\Francais\boutique\stuff\images\infogrames_c_09_03.jpg
[13:18:56] - [5] MIRKO.POZEN: Fichier envoyé: D:\kerberos.htx\exe\Dethkarz\EXTRAS\Goodies\Francais\boutique\stuff\images\infogrames_c_09_03.jpg (0,64 K/S -    653 bytes)
[13:18:57] - [5] MIRKO.POZEN: Début du Téléchargement de: D:\kerberos.htx\exe\Dethkarz\EXTRAS\Goodies\Francais\boutique\stuff\images\info_store_cover.jpg
[13:19:00] - [5] MIRKO.POZEN: Fichier envoyé: D:\kerberos.htx\exe\Dethkarz\EXTRAS\Goodies\Francais\boutique\stuff\images\info_store_cover.jpg (20,52 K/S -   63 028 bytes)
[13:19:00] - [5] MIRKO.POZEN: Début du Téléchargement de: D:\kerberos.htx\exe\Dethkarz\EXTRAS\Goodies\Francais\boutique\stuff\images\interface_top_info-store.jpg
[13:19:02] - [5] MIRKO.POZEN: Fichier envoyé: D:\kerberos.htx\exe\Dethkarz\EXTRAS\Goodies\Francais\boutique\stuff\images\interface_top_info-store.jpg (33,94 K/S -   34 756 bytes)
[13:19:02] - [5] MIRKO.POZEN: Début du Téléchargement de: D:\kerberos.htx\exe\Dethkarz\EXTRAS\Goodies\Francais\boutique\stuff\images\interface_to_01_01.gif
[13:19:02] - [5] MIRKO.POZEN: Fichier envoyé: D:\kerberos.htx\exe\Dethkarz\EXTRAS\Goodies\Francais\boutique\stuff\images\interface_to_01_01.gif (5,80 K/S -   5 936 bytes)
[13:19:03] - [5] MIRKO.POZEN: Début du Téléchargement de: D:\kerberos.htx\exe\Dethkarz\EXTRAS\Goodies\Francais\boutique\stuff\images\interface_to_01_02.gif
[13:19:04] - [5] MIRKO.POZEN: Fichier envoyé: D:\kerberos.htx\exe\Dethkarz\EXTRAS\Goodies\Francais\boutique\stuff\images\interface_to_01_02.gif (13,54 K/S -   13 865 bytes)
[13:19:06] - [5] MIRKO.POZEN: Début du Téléchargement de: D:\kerberos.htx\exe\Dethkarz\EXTRAS\Goodies\Francais\boutique\stuff\images\interface_to_01_03.gif
[13:19:06] - [5] MIRKO.POZEN: Fichier envoyé: D:\kerberos.htx\exe\Dethkarz\EXTRAS\Goodies\Francais\boutique\stuff\images\interface_to_01_03.gif (2,16 K/S -   2 214 bytes)
[13:19:07] - [5] MIRKO.POZEN: Début du Téléchargement de: D:\kerberos.htx\exe\Dethkarz\EXTRAS\Goodies\Francais\boutique\stuff\images\lock.gif
[13:19:07] - [5] MIRKO.POZEN: Fichier envoyé: D:\kerberos.htx\exe\Dethkarz\EXTRAS\Goodies\Francais\boutique\stuff\images\lock.gif (3,47 K/S -   3 550 bytes)
[13:19:08] - [5] MIRKO.POZEN: Début du Téléchargement de: D:\kerberos.htx\exe\Dethkarz\EXTRAS\Goodies\Francais\boutique\stuff\images\logo.gif
[13:19:09] - [5] MIRKO.POZEN: Fichier envoyé: D:\kerberos.htx\exe\Dethkarz\EXTRAS\Goodies\Francais\boutique\stuff\images\logo.gif (9,23 K/S -   9 453 bytes)
[13:19:10] - [5] MIRKO.POZEN: Début du Téléchargement de: D:\kerberos.htx\exe\Dethkarz\EXTRAS\Goodies\Francais\boutique\stuff\images\outcastbandeau.jpg
[13:19:10] - [5] MIRKO.POZEN: Fichier envoyé: D:\kerberos.htx\exe\Dethkarz\EXTRAS\Goodies\Francais\boutique\stuff\images\outcastbandeau.jpg (19,07 K/S -   19 525 bytes)
[13:19:12] - [5] MIRKO.POZEN: Début du Téléchargement de: D:\kerberos.htx\exe\Dethkarz\EXTRAS\Goodies\Francais\boutique\stuff\images\tips_bag.jpg
[13:19:12] - [5] MIRKO.POZEN: Fichier envoyé: D:\kerberos.htx\exe\Dethkarz\EXTRAS\Goodies\Francais\boutique\stuff\images\tips_bag.jpg (8,63 K/S -   8 835 bytes)
[13:19:16] - [5] MIRKO.POZEN: Début du Téléchargement de: D:\kerberos.htx\exe\Dethkarz\EXTRAS\Goodies\Francais\boutique\stuff\images\tips_bag_off.jpg
[13:19:17] - [5] MIRKO.POZEN: Fichier envoyé: D:\kerberos.htx\exe\Dethkarz\EXTRAS\Goodies\Francais\boutique\stuff\images\tips_bag_off.jpg (5,26 K/S -   5 391 bytes)
[13:19:19] - [5] MIRKO.POZEN: Début du Téléchargement de: D:\kerberos.htx\exe\Dethkarz\EXTRAS\Goodies\Francais\boutique\stuff\images\tips_bag_on.jpg
[13:19:19] - [5] MIRKO.POZEN: Fichier envoyé: D:\kerberos.htx\exe\Dethkarz\EXTRAS\Goodies\Francais\boutique\stuff\images\tips_bag_on.jpg (5,28 K/S -   5 404 bytes)
[13:19:20] - [5] MIRKO.POZEN: Début du Téléchargement de: D:\kerberos.htx\exe\Dethkarz\EXTRAS\Goodies\Francais\boutique\stuff\images\tips_great_off.gif
[13:19:20] - [5] MIRKO.POZEN: Fichier envoyé: D:\kerberos.htx\exe\Dethkarz\EXTRAS\Goodies\Francais\boutique\stuff\images\tips_great_off.gif (4,11 K/S -   4 208 bytes)
[13:19:24] - [5] MIRKO.POZEN: Début du Téléchargement de: D:\kerberos.htx\exe\Dethkarz\EXTRAS\Goodies\Francais\boutique\stuff\images\tips_great_on.gif
[13:19:24] - [5] MIRKO.POZEN: Fichier envoyé: D:\kerberos.htx\exe\Dethkarz\EXTRAS\Goodies\Francais\boutique\stuff\images\tips_great_on.gif (3,74 K/S -   3 826 bytes)
[13:19:25] - [5] MIRKO.POZEN: Début du Téléchargement de: D:\kerberos.htx\exe\Dethkarz\EXTRAS\Goodies\Francais\boutique\stuff\images\tips_home_off.gif
[13:19:25] - [5] MIRKO.POZEN: Fichier envoyé: D:\kerberos.htx\exe\Dethkarz\EXTRAS\Goodies\Francais\boutique\stuff\images\tips_home_off.gif (1,73 K/S -   1 770 bytes)
[13:19:26] - [5] MIRKO.POZEN: Début du Téléchargement de: D:\kerberos.htx\exe\Dethkarz\EXTRAS\Goodies\Francais\boutique\stuff\images\tips_home_on.gif
[13:19:26] - [5] MIRKO.POZEN: Fichier envoyé: D:\kerberos.htx\exe\Dethkarz\EXTRAS\Goodies\Francais\boutique\stuff\images\tips_home_on.gif (1,73 K/S -   1 770 bytes)
[13:19:26] - [5] MIRKO.POZEN: Début du Téléchargement de: D:\kerberos.htx\exe\Dethkarz\EXTRAS\Goodies\Francais\boutique\stuff\images\tips_mail_off.gif
[13:19:26] - [5] MIRKO.POZEN: Fichier envoyé: D:\kerberos.htx\exe\Dethkarz\EXTRAS\Goodies\Francais\boutique\stuff\images\tips_mail_off.gif (1,98 K/S -   2 030 bytes)
[13:19:27] - [5] MIRKO.POZEN: Début du Téléchargement de: D:\kerberos.htx\exe\Dethkarz\EXTRAS\Goodies\Francais\boutique\stuff\images\tips_mail_on.gif
[13:19:27] - [5] MIRKO.POZEN: Fichier envoyé: D:\kerberos.htx\exe\Dethkarz\EXTRAS\Goodies\Francais\boutique\stuff\images\tips_mail_on.gif (1,92 K/S -   1 968 bytes)
[13:19:27] - [5] MIRKO.POZEN: Début du Téléchargement de: D:\kerberos.htx\exe\Dethkarz\EXTRAS\Goodies\Francais\boutique\stuff\images\tip_moins.gif
[13:19:27] - [5] MIRKO.POZEN: Fichier envoyé: D:\kerberos.htx\exe\Dethkarz\EXTRAS\Goodies\Francais\boutique\stuff\images\tip_moins.gif (0,87 K/S -    895 bytes)
[13:19:28] - [5] MIRKO.POZEN: Début du Téléchargement de: D:\kerberos.htx\exe\Dethkarz\EXTRAS\Goodies\Francais\boutique\stuff\images\tip_plus.gif
[13:19:28] - [5] MIRKO.POZEN: Fichier envoyé: D:\kerberos.htx\exe\Dethkarz\EXTRAS\Goodies\Francais\boutique\stuff\images\tip_plus.gif (0,90 K/S -    917 bytes)
[13:19:28] - [5] MIRKO.POZEN: Début du Téléchargement de: D:\kerberos.htx\exe\Dethkarz\EXTRAS\Goodies\Francais\boutique\stuff\images\typo-global.gif
[13:19:29] - [5] MIRKO.POZEN: Fichier envoyé: D:\kerberos.htx\exe\Dethkarz\EXTRAS\Goodies\Francais\boutique\stuff\images\typo-global.gif (21,07 K/S -   21 577 bytes)
[13:19:30] - [5] MIRKO.POZEN: Début du Téléchargement de: D:\kerberos.htx\exe\Dethkarz\EXTRAS\Goodies\Francais\boutique\stuff\images\typo-global.jpg
[13:19:30] - [5] MIRKO.POZEN: Fichier envoyé: D:\kerberos.htx\exe\Dethkarz\EXTRAS\Goodies\Francais\boutique\stuff\images\typo-global.jpg (14,54 K/S -   14 891 bytes)
[13:19:32] - [5] MIRKO.POZEN: Début du Téléchargement de: D:\kerberos.htx\exe\Dethkarz\EXTRAS\Goodies\Francais\boutique\stuff\images\typo-global_on.gif
[13:19:32] - [5] MIRKO.POZEN: Fichier envoyé: D:\kerberos.htx\exe\Dethkarz\EXTRAS\Goodies\Francais\boutique\stuff\images\typo-global_on.gif (11,35 K/S -   11 618 bytes)
[13:19:33] - [5] MIRKO.POZEN: Début du Téléchargement de: D:\kerberos.htx\exe\Dethkarz\EXTRAS\Goodies\Francais\boutique\stuff\images\wargasm_bandeau.jpg
[13:19:34] - [5] MIRKO.POZEN: Fichier envoyé: D:\kerberos.htx\exe\Dethkarz\EXTRAS\Goodies\Francais\boutique\stuff\images\wargasm_bandeau.jpg (20,87 K/S -   21 370 bytes)
[13:19:34] - [5] MIRKO.POZEN: Répertoire en Cours: D:\kerberos.htx\exe\Dethkarz\EXTRAS\Goodies\English\shop\
[13:19:35] - [5] MIRKO.POZEN: Début du Téléchargement de: D:\kerberos.htx\exe\Dethkarz\EXTRAS\Goodies\English\shop\index.htm
[13:19:35] - [5] MIRKO.POZEN: Fichier envoyé: D:\kerberos.htx\exe\Dethkarz\EXTRAS\Goodies\English\shop\index.htm (0,60 K/S -    619 bytes)
[13:19:35] - [5] MIRKO.POZEN: Répertoire en Cours: D:\kerberos.htx\exe\Dethkarz\EXTRAS\Goodies\English\shop\Stuff\
[13:19:36] - [5] MIRKO.POZEN: Début du Téléchargement de: D:\kerberos.htx\exe\Dethkarz\EXTRAS\Goodies\English\shop\Stuff\add.js
[13:19:36] - [5] MIRKO.POZEN: Fichier envoyé: D:\kerberos.htx\exe\Dethkarz\EXTRAS\Goodies\English\shop\Stuff\add.js (0,58 K/S -    598 bytes)
[13:19:37] - [5] MIRKO.POZEN: Début du Téléchargement de: D:\kerberos.htx\exe\Dethkarz\EXTRAS\Goodies\English\shop\Stuff\add_on_top.js
[13:19:38] - [5] MIRKO.POZEN: Fichier envoyé: D:\kerberos.htx\exe\Dethkarz\EXTRAS\Goodies\English\shop\Stuff\add_on_top.js (2,11 K/S -   2 163 bytes)
[13:19:39] - [5] MIRKO.POZEN: Début du Téléchargement de: D:\kerberos.htx\exe\Dethkarz\EXTRAS\Goodies\English\shop\Stuff\bag change.htm
[13:19:39] - [5] MIRKO.POZEN: Fichier envoyé: D:\kerberos.htx\exe\Dethkarz\EXTRAS\Goodies\English\shop\Stuff\bag change.htm (4,98 K/S -   5 103 bytes)
[13:19:40] - [5] MIRKO.POZEN: Début du Téléchargement de: D:\kerberos.htx\exe\Dethkarz\EXTRAS\Goodies\English\shop\Stuff\bag.htm
[13:19:40] - [5] MIRKO.POZEN: Fichier envoyé: D:\kerberos.htx\exe\Dethkarz\EXTRAS\Goodies\English\shop\Stuff\bag.htm (3,93 K/S -   4 021 bytes)
[13:19:42] - [5] MIRKO.POZEN: Début du Téléchargement de: D:\kerberos.htx\exe\Dethkarz\EXTRAS\Goodies\English\shop\Stuff\bagpack.htm
[13:19:42] - [5] MIRKO.POZEN: Fichier envoyé: D:\kerberos.htx\exe\Dethkarz\EXTRAS\Goodies\English\shop\Stuff\bagpack.htm (2,65 K/S -   2 712 bytes)
[13:19:43] - [5] MIRKO.POZEN: Début du Téléchargement de: D:\kerberos.htx\exe\Dethkarz\EXTRAS\Goodies\English\shop\Stuff\blank-1.htm
[13:19:43] - [5] MIRKO.POZEN: Fichier envoyé: D:\kerberos.htx\exe\Dethkarz\EXTRAS\Goodies\English\shop\Stuff\blank-1.htm (0,18 K/S -    183 bytes)
[13:19:44] - [5] MIRKO.POZEN: Début du Téléchargement de: D:\kerberos.htx\exe\Dethkarz\EXTRAS\Goodies\English\shop\Stuff\cap.htm
[13:19:44] - [5] MIRKO.POZEN: Fichier envoyé: D:\kerberos.htx\exe\Dethkarz\EXTRAS\Goodies\English\shop\Stuff\cap.htm (6,08 K/S -   6 221 bytes)
[13:19:45] - [5] MIRKO.POZEN: Début du Téléchargement de: D:\kerberos.htx\exe\Dethkarz\EXTRAS\Goodies\English\shop\Stuff\check_this_out.js
[13:19:45] - [5] MIRKO.POZEN: Fichier envoyé: D:\kerberos.htx\exe\Dethkarz\EXTRAS\Goodies\English\shop\Stuff\check_this_out.js (1,84 K/S -   1 881 bytes)
[13:19:49] - [5] MIRKO.POZEN: Début du Téléchargement de: D:\kerberos.htx\exe\Dethkarz\EXTRAS\Goodies\English\shop\Stuff\Copie de bag.htm
[13:19:49] - [5] MIRKO.POZEN: Fichier envoyé: D:\kerberos.htx\exe\Dethkarz\EXTRAS\Goodies\English\shop\Stuff\Copie de bag.htm (3,86 K/S -   3 949 bytes)
[13:19:50] - [5] MIRKO.POZEN: Début du Téléchargement de: D:\kerberos.htx\exe\Dethkarz\EXTRAS\Goodies\English\shop\Stuff\Copie de left_top.htm
[13:19:50] - [5] MIRKO.POZEN: Fichier envoyé: D:\kerberos.htx\exe\Dethkarz\EXTRAS\Goodies\English\shop\Stuff\Copie de left_top.htm (1,94 K/S -   1 989 bytes)
[13:19:50] - [5] MIRKO.POZEN: Début du Téléchargement de: D:\kerberos.htx\exe\Dethkarz\EXTRAS\Goodies\English\shop\Stuff\dex.htm
[13:19:50] - [5] MIRKO.POZEN: Fichier envoyé: D:\kerberos.htx\exe\Dethkarz\EXTRAS\Goodies\English\shop\Stuff\dex.htm (0,89 K/S -    908 bytes)
[13:19:51] - [5] MIRKO.POZEN: Début du Téléchargement de: D:\kerberos.htx\exe\Dethkarz\EXTRAS\Goodies\English\shop\Stuff\fig.htm
[13:19:52] - [5] MIRKO.POZEN: Fichier envoyé: D:\kerberos.htx\exe\Dethkarz\EXTRAS\Goodies\English\shop\Stuff\fig.htm (4,34 K/S -   4 441 bytes)
[13:19:53] - [5] MIRKO.POZEN: Début du Téléchargement de: D:\kerberos.htx\exe\Dethkarz\EXTRAS\Goodies\English\shop\Stuff\head changed.htm
[13:19:53] - [5] MIRKO.POZEN: Fichier envoyé: D:\kerberos.htx\exe\Dethkarz\EXTRAS\Goodies\English\shop\Stuff\head changed.htm (2,89 K/S -   2 958 bytes)
[13:19:55] - [5] MIRKO.POZEN: Début du Téléchargement de: D:\kerberos.htx\exe\Dethkarz\EXTRAS\Goodies\English\shop\Stuff\head.htm
[13:19:55] - [5] MIRKO.POZEN: Fichier envoyé: D:\kerberos.htx\exe\Dethkarz\EXTRAS\Goodies\English\shop\Stuff\head.htm (2,66 K/S -   2 725 bytes)
[13:19:56] - [5] MIRKO.POZEN: Début du Téléchargement de: D:\kerberos.htx\exe\Dethkarz\EXTRAS\Goodies\English\shop\Stuff\hierach.js
[13:19:56] - [5] MIRKO.POZEN: Fichier envoyé: D:\kerberos.htx\exe\Dethkarz\EXTRAS\Goodies\English\shop\Stuff\hierach.js (0,87 K/S -    888 bytes)
[13:19:57] - [5] MIRKO.POZEN: Début du Téléchargement de: D:\kerberos.htx\exe\Dethkarz\EXTRAS\Goodies\English\shop\Stuff\hierach_1.js
[13:19:57] - [5] MIRKO.POZEN: Fichier envoyé: D:\kerberos.htx\exe\Dethkarz\EXTRAS\Goodies\English\shop\Stuff\hierach_1.js (0,88 K/S -    897 bytes)
[13:19:58] - [5] MIRKO.POZEN: Début du Téléchargement de: D:\kerberos.htx\exe\Dethkarz\EXTRAS\Goodies\English\shop\Stuff\hod-amigo.htm
[13:19:58] - [5] MIRKO.POZEN: Fichier envoyé: D:\kerberos.htx\exe\Dethkarz\EXTRAS\Goodies\English\shop\Stuff\hod-amigo.htm (1,02 K/S -   1 040 bytes)
[13:19:59] - [5] MIRKO.POZEN: Début du Téléchargement de: D:\kerberos.htx\exe\Dethkarz\EXTRAS\Goodies\English\shop\Stuff\hod-cap.htm
[13:19:59] - [5] MIRKO.POZEN: Fichier envoyé: D:\kerberos.htx\exe\Dethkarz\EXTRAS\Goodies\English\shop\Stuff\hod-cap.htm (1,01 K/S -   1 036 bytes)
[13:20:01] - [5] MIRKO.POZEN: Début du Téléchargement de: D:\kerberos.htx\exe\Dethkarz\EXTRAS\Goodies\English\shop\Stuff\hod-purple.htm
[13:20:02] - [5] MIRKO.POZEN: Fichier envoyé: D:\kerberos.htx\exe\Dethkarz\EXTRAS\Goodies\English\shop\Stuff\hod-purple.htm (1,03 K/S -   1 051 bytes)
[13:20:06] - [5] MIRKO.POZEN: Début du Téléchargement de: D:\kerberos.htx\exe\Dethkarz\EXTRAS\Goodies\English\shop\Stuff\hod-viscious.htm
[13:20:06] - [5] MIRKO.POZEN: Fichier envoyé: D:\kerberos.htx\exe\Dethkarz\EXTRAS\Goodies\English\shop\Stuff\hod-viscious.htm (1,02 K/S -   1 042 bytes)
[13:20:07] - [5] MIRKO.POZEN: Début du Téléchargement de: D:\kerberos.htx\exe\Dethkarz\EXTRAS\Goodies\English\shop\Stuff\hod.htm
[13:20:07] - [5] MIRKO.POZEN: Fichier envoyé: D:\kerberos.htx\exe\Dethkarz\EXTRAS\Goodies\English\shop\Stuff\hod.htm (4,50 K/S -   4 607 bytes)
[13:20:08] - [5] MIRKO.POZEN: Début du Téléchargement de: D:\kerberos.htx\exe\Dethkarz\EXTRAS\Goodies\English\shop\Stuff\home.htm
[13:20:08] - [5] MIRKO.POZEN: Fichier envoyé: D:\kerberos.htx\exe\Dethkarz\EXTRAS\Goodies\English\shop\Stuff\home.htm (1,51 K/S -   1 550 bytes)
[13:20:10] - [5] MIRKO.POZEN: Début du Téléchargement de: D:\kerberos.htx\exe\Dethkarz\EXTRAS\Goodies\English\shop\Stuff\index.htm
[13:20:10] - [5] MIRKO.POZEN: Fichier envoyé: D:\kerberos.htx\exe\Dethkarz\EXTRAS\Goodies\English\shop\Stuff\index.htm (0,59 K/S -    601 bytes)
[13:20:10] - [5] MIRKO.POZEN: Début du Téléchargement de: D:\kerberos.htx\exe\Dethkarz\EXTRAS\Goodies\English\shop\Stuff\infogrames-girl-shirt.htm
[13:20:10] - [5] MIRKO.POZEN: Fichier envoyé: D:\kerberos.htx\exe\Dethkarz\EXTRAS\Goodies\English\shop\Stuff\infogrames-girl-shirt.htm (0,96 K/S -    987 bytes)
[13:20:11] - [5] MIRKO.POZEN: Début du Téléchargement de: D:\kerberos.htx\exe\Dethkarz\EXTRAS\Goodies\English\shop\Stuff\infogrames-shirt.htm
[13:20:11] - [5] MIRKO.POZEN: Fichier envoyé: D:\kerberos.htx\exe\Dethkarz\EXTRAS\Goodies\English\shop\Stuff\infogrames-shirt.htm (1,02 K/S -   1 043 bytes)
[13:20:12] - [5] MIRKO.POZEN: Début du Téléchargement de: D:\kerberos.htx\exe\Dethkarz\EXTRAS\Goodies\English\shop\Stuff\infogrames.htm
[13:20:12] - [5] MIRKO.POZEN: Fichier envoyé: D:\kerberos.htx\exe\Dethkarz\EXTRAS\Goodies\English\shop\Stuff\infogrames.htm (5,73 K/S -   5 870 bytes)
[13:20:13] - [5] MIRKO.POZEN: Début du Téléchargement de: D:\kerberos.htx\exe\Dethkarz\EXTRAS\Goodies\English\shop\Stuff\left.htm
[13:20:13] - [5] MIRKO.POZEN: Fichier envoyé: D:\kerberos.htx\exe\Dethkarz\EXTRAS\Goodies\English\shop\Stuff\left.htm (2,32 K/S -   2 376 bytes)
[13:20:14] - [5] MIRKO.POZEN: Début du Téléchargement de: D:\kerberos.htx\exe\Dethkarz\EXTRAS\Goodies\English\shop\Stuff\left_dex.htm
[13:20:14] - [5] MIRKO.POZEN: Fichier envoyé: D:\kerberos.htx\exe\Dethkarz\EXTRAS\Goodies\English\shop\Stuff\left_dex.htm (0,53 K/S -    540 bytes)
[13:20:15] - [5] MIRKO.POZEN: Début du Téléchargement de: D:\kerberos.htx\exe\Dethkarz\EXTRAS\Goodies\English\shop\Stuff\left_down.htm
[13:20:15] - [5] MIRKO.POZEN: Fichier envoyé: D:\kerberos.htx\exe\Dethkarz\EXTRAS\Goodies\English\shop\Stuff\left_down.htm (2,73 K/S -   2 797 bytes)
[13:20:15] - [5] MIRKO.POZEN: Début du Téléchargement de: D:\kerberos.htx\exe\Dethkarz\EXTRAS\Goodies\English\shop\Stuff\left_top.htm
[13:20:15] - [5] MIRKO.POZEN: Fichier envoyé: D:\kerberos.htx\exe\Dethkarz\EXTRAS\Goodies\English\shop\Stuff\left_top.htm (1,07 K/S -   1 097 bytes)
[13:20:16] - [5] MIRKO.POZEN: Début du Téléchargement de: D:\kerberos.htx\exe\Dethkarz\EXTRAS\Goodies\English\shop\Stuff\news.htm
[13:20:16] - [5] MIRKO.POZEN: Fichier envoyé: D:\kerberos.htx\exe\Dethkarz\EXTRAS\Goodies\English\shop\Stuff\news.htm (6,89 K/S -   7 058 bytes)
[13:20:16] - [5] MIRKO.POZEN: Début du Téléchargement de: D:\kerberos.htx\exe\Dethkarz\EXTRAS\Goodies\English\shop\Stuff\outcast-black-shirt.htm
[13:20:16] - [5] MIRKO.POZEN: Fichier envoyé: D:\kerberos.htx\exe\Dethkarz\EXTRAS\Goodies\English\shop\Stuff\outcast-black-shirt.htm (1,08 K/S -   1 105 bytes)
[13:20:17] - [5] MIRKO.POZEN: Début du Téléchargement de: D:\kerberos.htx\exe\Dethkarz\EXTRAS\Goodies\English\shop\Stuff\outcast-orange-shirt.htm
[13:20:17] - [5] MIRKO.POZEN: Fichier envoyé: D:\kerberos.htx\exe\Dethkarz\EXTRAS\Goodies\English\shop\Stuff\outcast-orange-shirt.htm (1,08 K/S -   1 111 bytes)
[13:20:18] - [5] MIRKO.POZEN: Début du Téléchargement de: D:\kerberos.htx\exe\Dethkarz\EXTRAS\Goodies\English\shop\Stuff\outcast.htm
[13:20:18] - [5] MIRKO.POZEN: Fichier envoyé: D:\kerberos.htx\exe\Dethkarz\EXTRAS\Goodies\English\shop\Stuff\outcast.htm (4,22 K/S -   4 324 bytes)
[13:20:18] - [5] MIRKO.POZEN: Début du Téléchargement de: D:\kerberos.htx\exe\Dethkarz\EXTRAS\Goodies\English\shop\Stuff\over_stuff.js
[13:20:18] - [5] MIRKO.POZEN: Fichier envoyé: D:\kerberos.htx\exe\Dethkarz\EXTRAS\Goodies\English\shop\Stuff\over_stuff.js (0,45 K/S -    465 bytes)
[13:20:19] - [5] MIRKO.POZEN: Début du Téléchargement de: D:\kerberos.htx\exe\Dethkarz\EXTRAS\Goodies\English\shop\Stuff\personal_stuff.js
[13:20:19] - [5] MIRKO.POZEN: Fichier envoyé: D:\kerberos.htx\exe\Dethkarz\EXTRAS\Goodies\English\shop\Stuff\personal_stuff.js (0,35 K/S -    363 bytes)
[13:20:19] - [5] MIRKO.POZEN: Début du Téléchargement de: D:\kerberos.htx\exe\Dethkarz\EXTRAS\Goodies\English\shop\Stuff\print.js
[13:20:19] - [5] MIRKO.POZEN: Fichier envoyé: D:\kerberos.htx\exe\Dethkarz\EXTRAS\Goodies\English\shop\Stuff\print.js (0,42 K/S -    430 bytes)
[13:20:20] - [5] MIRKO.POZEN: Début du Téléchargement de: D:\kerberos.htx\exe\Dethkarz\EXTRAS\Goodies\English\shop\Stuff\print_order.htm
[13:20:20] - [5] MIRKO.POZEN: Fichier envoyé: D:\kerberos.htx\exe\Dethkarz\EXTRAS\Goodies\English\shop\Stuff\print_order.htm (8,32 K/S -   8 519 bytes)
[13:20:21] - [5] MIRKO.POZEN: Début du Téléchargement de: D:\kerberos.htx\exe\Dethkarz\EXTRAS\Goodies\English\shop\Stuff\print_orderb.htm
[13:20:21] - [5] MIRKO.POZEN: Fichier envoyé: D:\kerberos.htx\exe\Dethkarz\EXTRAS\Goodies\English\shop\Stuff\print_orderb.htm (0,74 K/S -    757 bytes)
[13:20:21] - [5] MIRKO.POZEN: Début du Téléchargement de: D:\kerberos.htx\exe\Dethkarz\EXTRAS\Goodies\English\shop\Stuff\print_order_frame.htm
[13:20:21] - [5] MIRKO.POZEN: Fichier envoyé: D:\kerberos.htx\exe\Dethkarz\EXTRAS\Goodies\English\shop\Stuff\print_order_frame.htm (0,53 K/S -    539 bytes)
[13:20:22] - [5] MIRKO.POZEN: Début du Téléchargement de: D:\kerberos.htx\exe\Dethkarz\EXTRAS\Goodies\English\shop\Stuff\shipping backup.js
[13:20:22] - [5] MIRKO.POZEN: Fichier envoyé: D:\kerberos.htx\exe\Dethkarz\EXTRAS\Goodies\English\shop\Stuff\shipping backup.js (3,17 K/S -   3 241 bytes)
[13:20:22] - [5] MIRKO.POZEN: Début du Téléchargement de: D:\kerberos.htx\exe\Dethkarz\EXTRAS\Goodies\English\shop\Stuff\shipping.js
[13:20:22] - [5] MIRKO.POZEN: Fichier envoyé: D:\kerberos.htx\exe\Dethkarz\EXTRAS\Goodies\English\shop\Stuff\shipping.js (3,68 K/S -   3 767 bytes)
[13:20:23] - [5] MIRKO.POZEN: Début du Téléchargement de: D:\kerberos.htx\exe\Dethkarz\EXTRAS\Goodies\English\shop\Stuff\shirt.htm
[13:20:23] - [5] MIRKO.POZEN: Fichier envoyé: D:\kerberos.htx\exe\Dethkarz\EXTRAS\Goodies\English\shop\Stuff\shirt.htm (9,17 K/S -   9 386 bytes)
[13:20:23] - [5] MIRKO.POZEN: Début du Téléchargement de: D:\kerberos.htx\exe\Dethkarz\EXTRAS\Goodies\English\shop\Stuff\shopping.js
[13:20:23] - [5] MIRKO.POZEN: Fichier envoyé: D:\kerberos.htx\exe\Dethkarz\EXTRAS\Goodies\English\shop\Stuff\shopping.js (0,45 K/S -    465 bytes)
[13:20:24] - [5] MIRKO.POZEN: Début du Téléchargement de: D:\kerberos.htx\exe\Dethkarz\EXTRAS\Goodies\English\shop\Stuff\tatou_bag.htm
[13:20:24] - [5] MIRKO.POZEN: Fichier envoyé: D:\kerberos.htx\exe\Dethkarz\EXTRAS\Goodies\English\shop\Stuff\tatou_bag.htm (1,03 K/S -   1 053 bytes)
[13:20:24] - [5] MIRKO.POZEN: Début du Téléchargement de: D:\kerberos.htx\exe\Dethkarz\EXTRAS\Goodies\English\shop\Stuff\v-rally-cap.htm
[13:20:25] - [5] MIRKO.POZEN: Fichier envoyé: D:\kerberos.htx\exe\Dethkarz\EXTRAS\Goodies\English\shop\Stuff\v-rally-cap.htm (1,03 K/S -   1 055 bytes)
[13:20:25] - [5] MIRKO.POZEN: Début du Téléchargement de: D:\kerberos.htx\exe\Dethkarz\EXTRAS\Goodies\English\shop\Stuff\v-rally-shirt.htm
[13:20:25] - [5] MIRKO.POZEN: Fichier envoyé: D:\kerberos.htx\exe\Dethkarz\EXTRAS\Goodies\English\shop\Stuff\v-rally-shirt.htm (1,40 K/S -   1 432 bytes)
[13:20:25] - [5] MIRKO.POZEN: Début du Téléchargement de: D:\kerberos.htx\exe\Dethkarz\EXTRAS\Goodies\English\shop\Stuff\vrally.htm
[13:20:26] - [5] MIRKO.POZEN: Fichier envoyé: D:\kerberos.htx\exe\Dethkarz\EXTRAS\Goodies\English\shop\Stuff\vrally.htm (4,47 K/S -   4 580 bytes)
[13:20:26] - [5] MIRKO.POZEN: Début du Téléchargement de: D:\kerberos.htx\exe\Dethkarz\EXTRAS\Goodies\English\shop\Stuff\x--print_order.htm
[13:20:26] - [5] MIRKO.POZEN: Fichier envoyé: D:\kerberos.htx\exe\Dethkarz\EXTRAS\Goodies\English\shop\Stuff\x--print_order.htm (7,68 K/S -   7 867 bytes)
[13:20:26] - [5] MIRKO.POZEN: Répertoire en Cours: D:\kerberos.htx\exe\Dethkarz\EXTRAS\Goodies\English\shop\Stuff\products\
[13:20:27] - [5] MIRKO.POZEN: Début du Téléchargement de: D:\kerberos.htx\exe\Dethkarz\EXTRAS\Goodies\English\shop\Stuff\products\amigo.jpg
[13:20:27] - [5] MIRKO.POZEN: Fichier envoyé: D:\kerberos.htx\exe\Dethkarz\EXTRAS\Goodies\English\shop\Stuff\products\amigo.jpg (28,36 K/S -   29 045 bytes)
[13:20:28] - [5] MIRKO.POZEN: Début du Téléchargement de: D:\kerberos.htx\exe\Dethkarz\EXTRAS\Goodies\English\shop\Stuff\products\amigos.jpg
[13:20:28] - [5] MIRKO.POZEN: Fichier envoyé: D:\kerberos.htx\exe\Dethkarz\EXTRAS\Goodies\English\shop\Stuff\products\amigos.jpg (4,23 K/S -   4 331 bytes)
[13:20:28] - [5] MIRKO.POZEN: Début du Téléchargement de: D:\kerberos.htx\exe\Dethkarz\EXTRAS\Goodies\English\shop\Stuff\products\hod_cap.jpg
[13:20:29] - [5] MIRKO.POZEN: Fichier envoyé: D:\kerberos.htx\exe\Dethkarz\EXTRAS\Goodies\English\shop\Stuff\products\hod_cap.jpg (21,70 K/S -   22 218 bytes)
[13:20:29] - [5] MIRKO.POZEN: Début du Téléchargement de: D:\kerberos.htx\exe\Dethkarz\EXTRAS\Goodies\English\shop\Stuff\products\hod_caps.jpg
[13:20:29] - [5] MIRKO.POZEN: Fichier envoyé: D:\kerberos.htx\exe\Dethkarz\EXTRAS\Goodies\English\shop\Stuff\products\hod_caps.jpg (3,21 K/S -   3 284 bytes)
[13:20:30] - [5] MIRKO.POZEN: Début du Téléchargement de: D:\kerberos.htx\exe\Dethkarz\EXTRAS\Goodies\English\shop\Stuff\products\infogrames_tshirt.jpg
[13:20:30] - [5] MIRKO.POZEN: Fichier envoyé: D:\kerberos.htx\exe\Dethkarz\EXTRAS\Goodies\English\shop\Stuff\products\infogrames_tshirt.jpg (25,15 K/S -   25 754 bytes)
[13:20:31] - [5] MIRKO.POZEN: Début du Téléchargement de: D:\kerberos.htx\exe\Dethkarz\EXTRAS\Goodies\English\shop\Stuff\products\infogrames_tshirts.jpg
[13:20:31] - [5] MIRKO.POZEN: Fichier envoyé: D:\kerberos.htx\exe\Dethkarz\EXTRAS\Goodies\English\shop\Stuff\products\infogrames_tshirts.jpg (6,26 K/S -   6 406 bytes)
[13:20:31] - [5] MIRKO.POZEN: Début du Téléchargement de: D:\kerberos.htx\exe\Dethkarz\EXTRAS\Goodies\English\shop\Stuff\products\infogrames_tshirt_girl.jpg
[13:20:32] - [5] MIRKO.POZEN: Fichier envoyé: D:\kerberos.htx\exe\Dethkarz\EXTRAS\Goodies\English\shop\Stuff\products\infogrames_tshirt_girl.jpg (23,03 K/S -   23 585 bytes)
[13:20:32] - [5] MIRKO.POZEN: Début du Téléchargement de: D:\kerberos.htx\exe\Dethkarz\EXTRAS\Goodies\English\shop\Stuff\products\infogrames_tshirt_girls.jpg
[13:20:32] - [5] MIRKO.POZEN: Fichier envoyé: D:\kerberos.htx\exe\Dethkarz\EXTRAS\Goodies\English\shop\Stuff\products\infogrames_tshirt_girls.jpg (5,40 K/S -   5 533 bytes)
[13:20:33] - [5] MIRKO.POZEN: Début du Téléchargement de: D:\kerberos.htx\exe\Dethkarz\EXTRAS\Goodies\English\shop\Stuff\products\outcast-black-tshirt.jpg
[13:20:34] - [5] MIRKO.POZEN: Fichier envoyé: D:\kerberos.htx\exe\Dethkarz\EXTRAS\Goodies\English\shop\Stuff\products\outcast-black-tshirt.jpg (62,06 K/S -   63 547 bytes)
[13:20:34] - [5] MIRKO.POZEN: Début du Téléchargement de: D:\kerberos.htx\exe\Dethkarz\EXTRAS\Goodies\English\shop\Stuff\products\outcast-black-tshirts.jpg
[13:20:34] - [5] MIRKO.POZEN: Fichier envoyé: D:\kerberos.htx\exe\Dethkarz\EXTRAS\Goodies\English\shop\Stuff\products\outcast-black-tshirts.jpg (6,52 K/S -   6 679 bytes)
[13:20:35] - [5] MIRKO.POZEN: Début du Téléchargement de: D:\kerberos.htx\exe\Dethkarz\EXTRAS\Goodies\English\shop\Stuff\products\outcast-orange-tshirt.jpg
[13:20:36] - [5] MIRKO.POZEN: Fichier envoyé: D:\kerberos.htx\exe\Dethkarz\EXTRAS\Goodies\English\shop\Stuff\products\outcast-orange-tshirt.jpg (43,63 K/S -   44 672 bytes)
[13:20:36] - [5] MIRKO.POZEN: Début du Téléchargement de: D:\kerberos.htx\exe\Dethkarz\EXTRAS\Goodies\English\shop\Stuff\products\outcast-orange-tshirts.jpg
[13:20:36] - [5] MIRKO.POZEN: Fichier envoyé: D:\kerberos.htx\exe\Dethkarz\EXTRAS\Goodies\English\shop\Stuff\products\outcast-orange-tshirts.jpg (4,67 K/S -   4 777 bytes)
[13:20:37] - [5] MIRKO.POZEN: Début du Téléchargement de: D:\kerberos.htx\exe\Dethkarz\EXTRAS\Goodies\English\shop\Stuff\products\tatou_bag.jpg
[13:20:38] - [5] MIRKO.POZEN: Fichier envoyé: D:\kerberos.htx\exe\Dethkarz\EXTRAS\Goodies\English\shop\Stuff\products\tatou_bag.jpg (47,79 K/S -   48 935 bytes)
[13:20:38] - [5] MIRKO.POZEN: Début du Téléchargement de: D:\kerberos.htx\exe\Dethkarz\EXTRAS\Goodies\English\shop\Stuff\products\tatou_bags.jpg
[13:20:38] - [5] MIRKO.POZEN: Fichier envoyé: D:\kerberos.htx\exe\Dethkarz\EXTRAS\Goodies\English\shop\Stuff\products\tatou_bags.jpg (5,79 K/S -   5 924 bytes)
[13:20:39] - [5] MIRKO.POZEN: Début du Téléchargement de: D:\kerberos.htx\exe\Dethkarz\EXTRAS\Goodies\English\shop\Stuff\products\vicious.jpg
[13:20:39] - [5] MIRKO.POZEN: Fichier envoyé: D:\kerberos.htx\exe\Dethkarz\EXTRAS\Goodies\English\shop\Stuff\products\vicious.jpg (18,86 K/S -   19 310 bytes)
[13:20:40] - [5] MIRKO.POZEN: Début du Téléchargement de: D:\kerberos.htx\exe\Dethkarz\EXTRAS\Goodies\English\shop\Stuff\products\viciouss.jpg
[13:20:40] - [5] MIRKO.POZEN: Fichier envoyé: D:\kerberos.htx\exe\Dethkarz\EXTRAS\Goodies\English\shop\Stuff\products\viciouss.jpg (3,24 K/S -   3 319 bytes)
[13:20:40] - [5] MIRKO.POZEN: Début du Téléchargement de: D:\kerberos.htx\exe\Dethkarz\EXTRAS\Goodies\English\shop\Stuff\products\vrally2_tshirt.jpg
[13:20:41] - [5] MIRKO.POZEN: Fichier envoyé: D:\kerberos.htx\exe\Dethkarz\EXTRAS\Goodies\English\shop\Stuff\products\vrally2_tshirt.jpg (30,01 K/S -   30 729 bytes)
[13:20:41] - [5] MIRKO.POZEN: Début du Téléchargement de: D:\kerberos.htx\exe\Dethkarz\EXTRAS\Goodies\English\shop\Stuff\products\vrally2_tshirts.jpg
[13:20:41] - [5] MIRKO.POZEN: Fichier envoyé: D:\kerberos.htx\exe\Dethkarz\EXTRAS\Goodies\English\shop\Stuff\products\vrally2_tshirts.jpg (6,54 K/S -   6 697 bytes)
[13:20:42] - [5] MIRKO.POZEN: Début du Téléchargement de: D:\kerberos.htx\exe\Dethkarz\EXTRAS\Goodies\English\shop\Stuff\products\vrally_cap.jpg
[13:20:42] - [5] MIRKO.POZEN: Fichier envoyé: D:\kerberos.htx\exe\Dethkarz\EXTRAS\Goodies\English\shop\Stuff\products\vrally_cap.jpg (27,18 K/S -   27 830 bytes)
[13:20:43] - [5] MIRKO.POZEN: Début du Téléchargement de: D:\kerberos.htx\exe\Dethkarz\EXTRAS\Goodies\English\shop\Stuff\products\vrally_caps.jpg
[13:20:43] - [5] MIRKO.POZEN: Fichier envoyé: D:\kerberos.htx\exe\Dethkarz\EXTRAS\Goodies\English\shop\Stuff\products\vrally_caps.jpg (3,55 K/S -   3 637 bytes)
[13:20:43] - [5] MIRKO.POZEN: Début du Téléchargement de: D:\kerberos.htx\exe\Dethkarz\EXTRAS\Goodies\English\shop\Stuff\products\wargasm-tshirt.jpg
[13:20:44] - [5] MIRKO.POZEN: Fichier envoyé: D:\kerberos.htx\exe\Dethkarz\EXTRAS\Goodies\English\shop\Stuff\products\wargasm-tshirt.jpg (33,05 K/S -   33 843 bytes)
[13:20:45] - [5] MIRKO.POZEN: Début du Téléchargement de: D:\kerberos.htx\exe\Dethkarz\EXTRAS\Goodies\English\shop\Stuff\products\wargasm-tshirts.jpg
[13:20:45] - [5] MIRKO.POZEN: Fichier envoyé: D:\kerberos.htx\exe\Dethkarz\EXTRAS\Goodies\English\shop\Stuff\products\wargasm-tshirts.jpg (4,37 K/S -   4 478 bytes)
[13:20:46] - [5] MIRKO.POZEN: Répertoire en Cours: D:\kerberos.htx\exe\Dethkarz\EXTRAS\Goodies\English\shop\Stuff\images\
[13:20:46] - [5] MIRKO.POZEN: Début du Téléchargement de: D:\kerberos.htx\exe\Dethkarz\EXTRAS\Goodies\English\shop\Stuff\images\bandeau-v-rally.gif
[13:20:47] - [5] MIRKO.POZEN: Fichier envoyé: D:\kerberos.htx\exe\Dethkarz\EXTRAS\Goodies\English\shop\Stuff\images\bandeau-v-rally.gif (13,42 K/S -   13 738 bytes)
[13:20:47] - [5] MIRKO.POZEN: Début du Téléchargement de: D:\kerberos.htx\exe\Dethkarz\EXTRAS\Goodies\English\shop\Stuff\images\caddie.gif
[13:20:47] - [5] MIRKO.POZEN: Fichier envoyé: D:\kerberos.htx\exe\Dethkarz\EXTRAS\Goodies\English\shop\Stuff\images\caddie.gif (1,88 K/S -   1 930 bytes)
[13:20:48] - [5] MIRKO.POZEN: Début du Téléchargement de: D:\kerberos.htx\exe\Dethkarz\EXTRAS\Goodies\English\shop\Stuff\images\caddiefull.gif
[13:20:48] - [5] MIRKO.POZEN: Fichier envoyé: D:\kerberos.htx\exe\Dethkarz\EXTRAS\Goodies\English\shop\Stuff\images\caddiefull.gif (3,78 K/S -   3 867 bytes)
[13:20:48] - [5] MIRKO.POZEN: Début du Téléchargement de: D:\kerberos.htx\exe\Dethkarz\EXTRAS\Goodies\English\shop\Stuff\images\contact-2.gif
[13:20:48] - [5] MIRKO.POZEN: Fichier envoyé: D:\kerberos.htx\exe\Dethkarz\EXTRAS\Goodies\English\shop\Stuff\images\contact-2.gif (1,16 K/S -   1 184 bytes)
[13:20:49] - [4] MIRKO.POZEN: Fichier envoyé: D:\kerberos.htx\exe\Dethkarz\SYSDATA\Syscon\Sysdata\Syscon\Sysdata\SYSDATA.ZIP (50,67 K/S -  25 629 532 bytes)
[13:20:49] - [4] MIRKO.POZEN: Répertoire en Cours: D:\kerberos.htx\exe\Dethkarz\EXTRAS\Goodies\English\shop\Stuff\images\
[13:20:49] - [5] MIRKO.POZEN: Début du Téléchargement de: D:\kerberos.htx\exe\Dethkarz\EXTRAS\Goodies\English\shop\Stuff\images\contact-22.gif
[13:20:49] - [5] MIRKO.POZEN: Fichier envoyé: D:\kerberos.htx\exe\Dethkarz\EXTRAS\Goodies\English\shop\Stuff\images\contact-22.gif (1,18 K/S -   1 204 bytes)
[13:20:49] - [4] MIRKO.POZEN: Début du Téléchargement de: D:\kerberos.htx\exe\Dethkarz\EXTRAS\Goodies\English\shop\Stuff\images\contact-3.gif
[13:20:49] - [4] MIRKO.POZEN: Fichier envoyé: D:\kerberos.htx\exe\Dethkarz\EXTRAS\Goodies\English\shop\Stuff\images\contact-3.gif (1,15 K/S -   1 176 bytes)
[13:20:49] - [5] MIRKO.POZEN: Début du Téléchargement de: D:\kerberos.htx\exe\Dethkarz\EXTRAS\Goodies\English\shop\Stuff\images\contact-33.gif
[13:20:49] - [5] MIRKO.POZEN: Fichier envoyé: D:\kerberos.htx\exe\Dethkarz\EXTRAS\Goodies\English\shop\Stuff\images\contact-33.gif (0,55 K/S -    565 bytes)
[13:20:50] - [4] MIRKO.POZEN: Début du Téléchargement de: D:\kerberos.htx\exe\Dethkarz\EXTRAS\Goodies\English\shop\Stuff\images\grid.jpg
[13:20:50] - [5] MIRKO.POZEN: Début du Téléchargement de: D:\kerberos.htx\exe\Dethkarz\EXTRAS\Goodies\English\shop\Stuff\images\hodlogo.jpg
[13:20:50] - [4] MIRKO.POZEN: Fichier envoyé: D:\kerberos.htx\exe\Dethkarz\EXTRAS\Goodies\English\shop\Stuff\images\grid.jpg (32,82 K/S -   33 612 bytes)
[13:20:51] - [5] MIRKO.POZEN: Fichier envoyé: D:\kerberos.htx\exe\Dethkarz\EXTRAS\Goodies\English\shop\Stuff\images\hodlogo.jpg (21,07 K/S -   21 580 bytes)
[13:20:51] - [4] MIRKO.POZEN: Début du Téléchargement de: D:\kerberos.htx\exe\Dethkarz\EXTRAS\Goodies\English\shop\Stuff\images\infogrames_c_00.gif
[13:20:51] - [4] MIRKO.POZEN: Fichier envoyé: D:\kerberos.htx\exe\Dethkarz\EXTRAS\Goodies\English\shop\Stuff\images\infogrames_c_00.gif (0,04 K/S -    43 bytes)
[13:20:51] - [5] MIRKO.POZEN: Début du Téléchargement de: D:\kerberos.htx\exe\Dethkarz\EXTRAS\Goodies\English\shop\Stuff\images\infogrames_c_01_01.jpg
[13:20:51] - [5] MIRKO.POZEN: Fichier envoyé: D:\kerberos.htx\exe\Dethkarz\EXTRAS\Goodies\English\shop\Stuff\images\infogrames_c_01_01.jpg (4,99 K/S -   5 105 bytes)
[13:20:52] - [4] MIRKO.POZEN: Début du Téléchargement de: D:\kerberos.htx\exe\Dethkarz\EXTRAS\Goodies\English\shop\Stuff\images\infogrames_c_01_02.jpg
[13:20:52] - [4] MIRKO.POZEN: Fichier envoyé: D:\kerberos.htx\exe\Dethkarz\EXTRAS\Goodies\English\shop\Stuff\images\infogrames_c_01_02.jpg (2,26 K/S -   2 314 bytes)
[13:20:52] - [5] MIRKO.POZEN: Début du Téléchargement de: D:\kerberos.htx\exe\Dethkarz\EXTRAS\Goodies\English\shop\Stuff\images\infogrames_c_01_03.jpg
[13:20:52] - [5] MIRKO.POZEN: Fichier envoyé: D:\kerberos.htx\exe\Dethkarz\EXTRAS\Goodies\English\shop\Stuff\images\infogrames_c_01_03.jpg (1,67 K/S -   1 709 bytes)
[13:20:53] - [4] MIRKO.POZEN: Début du Téléchargement de: D:\kerberos.htx\exe\Dethkarz\EXTRAS\Goodies\English\shop\Stuff\images\infogrames_c_01_05.jpg
[13:20:53] - [4] MIRKO.POZEN: Fichier envoyé: D:\kerberos.htx\exe\Dethkarz\EXTRAS\Goodies\English\shop\Stuff\images\infogrames_c_01_05.jpg (0,80 K/S -    819 bytes)
[13:20:53] - [5] MIRKO.POZEN: Début du Téléchargement de: D:\kerberos.htx\exe\Dethkarz\EXTRAS\Goodies\English\shop\Stuff\images\infogrames_c_02_05.jpg
[13:20:53] - [5] MIRKO.POZEN: Fichier envoyé: D:\kerberos.htx\exe\Dethkarz\EXTRAS\Goodies\English\shop\Stuff\images\infogrames_c_02_05.jpg (3,09 K/S -   3 166 bytes)
[13:20:53] - [4] MIRKO.POZEN: Début du Téléchargement de: D:\kerberos.htx\exe\Dethkarz\EXTRAS\Goodies\English\shop\Stuff\images\infogrames_c_03_03.jpg
[13:20:53] - [4] MIRKO.POZEN: Fichier envoyé: D:\kerberos.htx\exe\Dethkarz\EXTRAS\Goodies\English\shop\Stuff\images\infogrames_c_03_03.jpg (3,44 K/S -   3 520 bytes)
[13:20:53] - [5] MIRKO.POZEN: Début du Téléchargement de: D:\kerberos.htx\exe\Dethkarz\EXTRAS\Goodies\English\shop\Stuff\images\infogrames_c_03_07.jpg
[13:20:53] - [5] MIRKO.POZEN: Fichier envoyé: D:\kerberos.htx\exe\Dethkarz\EXTRAS\Goodies\English\shop\Stuff\images\infogrames_c_03_07.jpg (4,52 K/S -   4 625 bytes)
[13:20:54] - [4] MIRKO.POZEN: Début du Téléchargement de: D:\kerberos.htx\exe\Dethkarz\EXTRAS\Goodies\English\shop\Stuff\images\infogrames_c_03_08.jpg
[13:20:54] - [4] MIRKO.POZEN: Fichier envoyé: D:\kerberos.htx\exe\Dethkarz\EXTRAS\Goodies\English\shop\Stuff\images\infogrames_c_03_08.jpg (2,90 K/S -   2 967 bytes)
[13:20:54] - [5] MIRKO.POZEN: Début du Téléchargement de: D:\kerberos.htx\exe\Dethkarz\EXTRAS\Goodies\English\shop\Stuff\images\infogrames_c_04_03.jpg
[13:20:54] - [5] MIRKO.POZEN: Fichier envoyé: D:\kerberos.htx\exe\Dethkarz\EXTRAS\Goodies\English\shop\Stuff\images\infogrames_c_04_03.jpg (1,33 K/S -   1 366 bytes)
[13:20:54] - [4] MIRKO.POZEN: Début du Téléchargement de: D:\kerberos.htx\exe\Dethkarz\EXTRAS\Goodies\English\shop\Stuff\images\infogrames_c_05_02.jpg
[13:20:54] - [4] MIRKO.POZEN: Fichier envoyé: D:\kerberos.htx\exe\Dethkarz\EXTRAS\Goodies\English\shop\Stuff\images\infogrames_c_05_02.jpg (2,23 K/S -   2 288 bytes)
[13:20:54] - [5] MIRKO.POZEN: Début du Téléchargement de: D:\kerberos.htx\exe\Dethkarz\EXTRAS\Goodies\English\shop\Stuff\images\infogrames_c_05_06.jpg
[13:20:55] - [5] MIRKO.POZEN: Fichier envoyé: D:\kerberos.htx\exe\Dethkarz\EXTRAS\Goodies\English\shop\Stuff\images\infogrames_c_05_06.jpg (1,89 K/S -   1 934 bytes)
[13:20:55] - [4] MIRKO.POZEN: Début du Téléchargement de: D:\kerberos.htx\exe\Dethkarz\EXTRAS\Goodies\English\shop\Stuff\images\infogrames_c_06_02.jpg
[13:20:55] - [4] MIRKO.POZEN: Fichier envoyé: D:\kerberos.htx\exe\Dethkarz\EXTRAS\Goodies\English\shop\Stuff\images\infogrames_c_06_02.jpg (0,65 K/S -    664 bytes)
[13:20:55] - [5] MIRKO.POZEN: Début du Téléchargement de: D:\kerberos.htx\exe\Dethkarz\EXTRAS\Goodies\English\shop\Stuff\images\infogrames_c_06_03.jpg
[13:20:55] - [5] MIRKO.POZEN: Fichier envoyé: D:\kerberos.htx\exe\Dethkarz\EXTRAS\Goodies\English\shop\Stuff\images\infogrames_c_06_03.jpg (0,73 K/S -    747 bytes)
[13:20:56] - [4] MIRKO.POZEN: Début du Téléchargement de: D:\kerberos.htx\exe\Dethkarz\EXTRAS\Goodies\English\shop\Stuff\images\infogrames_c_07_01.jpg
[13:20:56] - [4] MIRKO.POZEN: Fichier envoyé: D:\kerberos.htx\exe\Dethkarz\EXTRAS\Goodies\English\shop\Stuff\images\infogrames_c_07_01.jpg (2,31 K/S -   2 365 bytes)
[13:20:56] - [5] MIRKO.POZEN: Début du Téléchargement de: D:\kerberos.htx\exe\Dethkarz\EXTRAS\Goodies\English\shop\Stuff\images\infogrames_c_07_04.jpg
[13:20:56] - [5] MIRKO.POZEN: Fichier envoyé: D:\kerberos.htx\exe\Dethkarz\EXTRAS\Goodies\English\shop\Stuff\images\infogrames_c_07_04.jpg (1,27 K/S -   1 304 bytes)
[13:20:56] - [4] MIRKO.POZEN: Début du Téléchargement de: D:\kerberos.htx\exe\Dethkarz\EXTRAS\Goodies\English\shop\Stuff\images\infogrames_c_08_01.jpg
[13:20:56] - [4] MIRKO.POZEN: Fichier envoyé: D:\kerberos.htx\exe\Dethkarz\EXTRAS\Goodies\English\shop\Stuff\images\infogrames_c_08_01.jpg (2,11 K/S -   2 158 bytes)
[13:20:56] - [5] MIRKO.POZEN: Début du Téléchargement de: D:\kerberos.htx\exe\Dethkarz\EXTRAS\Goodies\English\shop\Stuff\images\infogrames_c_08_02.jpg
[13:20:56] - [5] MIRKO.POZEN: Fichier envoyé: D:\kerberos.htx\exe\Dethkarz\EXTRAS\Goodies\English\shop\Stuff\images\infogrames_c_08_02.jpg (1,31 K/S -   1 338 bytes)
[13:20:57] - [4] MIRKO.POZEN: Début du Téléchargement de: D:\kerberos.htx\exe\Dethkarz\EXTRAS\Goodies\English\shop\Stuff\images\infogrames_c_08_03.jpg
[13:20:57] - [4] MIRKO.POZEN: Fichier envoyé: D:\kerberos.htx\exe\Dethkarz\EXTRAS\Goodies\English\shop\Stuff\images\infogrames_c_08_03.jpg (3,83 K/S -   3 925 bytes)
[13:20:57] - [5] MIRKO.POZEN: Début du Téléchargement de: D:\kerberos.htx\exe\Dethkarz\EXTRAS\Goodies\English\shop\Stuff\images\infogrames_c_09_03.jpg
[13:20:57] - [5] MIRKO.POZEN: Fichier envoyé: D:\kerberos.htx\exe\Dethkarz\EXTRAS\Goodies\English\shop\Stuff\images\infogrames_c_09_03.jpg (0,64 K/S -    653 bytes)
[13:20:57] - [4] MIRKO.POZEN: Début du Téléchargement de: D:\kerberos.htx\exe\Dethkarz\EXTRAS\Goodies\English\shop\Stuff\images\info_store_cover.jpg
[13:20:57] - [5] MIRKO.POZEN: Début du Téléchargement de: D:\kerberos.htx\exe\Dethkarz\EXTRAS\Goodies\English\shop\Stuff\images\interface_top_info-store.jpg
[13:20:58] - [5] MIRKO.POZEN: Fichier envoyé: D:\kerberos.htx\exe\Dethkarz\EXTRAS\Goodies\English\shop\Stuff\images\interface_top_info-store.jpg (33,94 K/S -   34 756 bytes)
[13:20:59] - [4] MIRKO.POZEN: Fichier envoyé: D:\kerberos.htx\exe\Dethkarz\EXTRAS\Goodies\English\shop\Stuff\images\info_store_cover.jpg (30,78 K/S -   63 028 bytes)
[13:20:59] - [5] MIRKO.POZEN: Début du Téléchargement de: D:\kerberos.htx\exe\Dethkarz\EXTRAS\Goodies\English\shop\Stuff\images\interface_to_01_01.gif
[13:20:59] - [5] MIRKO.POZEN: Fichier envoyé: D:\kerberos.htx\exe\Dethkarz\EXTRAS\Goodies\English\shop\Stuff\images\interface_to_01_01.gif (5,80 K/S -   5 936 bytes)
[13:20:59] - [4] MIRKO.POZEN: Début du Téléchargement de: D:\kerberos.htx\exe\Dethkarz\EXTRAS\Goodies\English\shop\Stuff\images\interface_to_01_02.gif
[13:21:00] - [4] MIRKO.POZEN: Fichier envoyé: D:\kerberos.htx\exe\Dethkarz\EXTRAS\Goodies\English\shop\Stuff\images\interface_to_01_02.gif (13,54 K/S -   13 865 bytes)
[13:21:00] - [5] MIRKO.POZEN: Début du Téléchargement de: D:\kerberos.htx\exe\Dethkarz\EXTRAS\Goodies\English\shop\Stuff\images\interface_to_01_03.gif
[13:21:00] - [5] MIRKO.POZEN: Fichier envoyé: D:\kerberos.htx\exe\Dethkarz\EXTRAS\Goodies\English\shop\Stuff\images\interface_to_01_03.gif (2,16 K/S -   2 214 bytes)
[13:21:00] - [4] MIRKO.POZEN: Début du Téléchargement de: D:\kerberos.htx\exe\Dethkarz\EXTRAS\Goodies\English\shop\Stuff\images\lock.gif
[13:21:00] - [4] MIRKO.POZEN: Fichier envoyé: D:\kerberos.htx\exe\Dethkarz\EXTRAS\Goodies\English\shop\Stuff\images\lock.gif (3,47 K/S -   3 550 bytes)
[13:21:00] - [5] MIRKO.POZEN: Début du Téléchargement de: D:\kerberos.htx\exe\Dethkarz\EXTRAS\Goodies\English\shop\Stuff\images\logo.gif
[13:21:01] - [5] MIRKO.POZEN: Fichier envoyé: D:\kerberos.htx\exe\Dethkarz\EXTRAS\Goodies\English\shop\Stuff\images\logo.gif (9,23 K/S -   9 453 bytes)
[13:21:01] - [4] MIRKO.POZEN: Début du Téléchargement de: D:\kerberos.htx\exe\Dethkarz\EXTRAS\Goodies\English\shop\Stuff\images\outcastbandeau.jpg
[13:21:01] - [5] MIRKO.POZEN: Début du Téléchargement de: D:\kerberos.htx\exe\Dethkarz\EXTRAS\Goodies\English\shop\Stuff\images\tips_bag.jpg
[13:21:01] - [4] MIRKO.POZEN: Fichier envoyé: D:\kerberos.htx\exe\Dethkarz\EXTRAS\Goodies\English\shop\Stuff\images\outcastbandeau.jpg (19,07 K/S -   19 525 bytes)
[13:21:01] - [5] MIRKO.POZEN: Fichier envoyé: D:\kerberos.htx\exe\Dethkarz\EXTRAS\Goodies\English\shop\Stuff\images\tips_bag.jpg (8,63 K/S -   8 835 bytes)
[13:21:02] - [4] MIRKO.POZEN: Début du Téléchargement de: D:\kerberos.htx\exe\Dethkarz\EXTRAS\Goodies\English\shop\Stuff\images\tips_bag_off.jpg
[13:21:02] - [5] MIRKO.POZEN: Début du Téléchargement de: D:\kerberos.htx\exe\Dethkarz\EXTRAS\Goodies\English\shop\Stuff\images\tips_bag_on.jpg
[13:21:02] - [4] MIRKO.POZEN: Fichier envoyé: D:\kerberos.htx\exe\Dethkarz\EXTRAS\Goodies\English\shop\Stuff\images\tips_bag_off.jpg (8,88 K/S -   9 091 bytes)
[13:21:02] - [5] MIRKO.POZEN: Fichier envoyé: D:\kerberos.htx\exe\Dethkarz\EXTRAS\Goodies\English\shop\Stuff\images\tips_bag_on.jpg (8,83 K/S -   9 037 bytes)
[13:21:03] - [4] MIRKO.POZEN: Début du Téléchargement de: D:\kerberos.htx\exe\Dethkarz\EXTRAS\Goodies\English\shop\Stuff\images\tips_great_off.gif
[13:21:03] - [4] MIRKO.POZEN: Fichier envoyé: D:\kerberos.htx\exe\Dethkarz\EXTRAS\Goodies\English\shop\Stuff\images\tips_great_off.gif (3,71 K/S -   3 799 bytes)
[13:21:03] - [5] MIRKO.POZEN: Début du Téléchargement de: D:\kerberos.htx\exe\Dethkarz\EXTRAS\Goodies\English\shop\Stuff\images\tips_great_on.gif
[13:21:03] - [5] MIRKO.POZEN: Fichier envoyé: D:\kerberos.htx\exe\Dethkarz\EXTRAS\Goodies\English\shop\Stuff\images\tips_great_on.gif (3,74 K/S -   3 826 bytes)
[13:21:03] - [4] MIRKO.POZEN: Début du Téléchargement de: D:\kerberos.htx\exe\Dethkarz\EXTRAS\Goodies\English\shop\Stuff\images\tips_home_off.gif
[13:21:03] - [4] MIRKO.POZEN: Fichier envoyé: D:\kerberos.htx\exe\Dethkarz\EXTRAS\Goodies\English\shop\Stuff\images\tips_home_off.gif (1,64 K/S -   1 679 bytes)
[13:21:04] - [5] MIRKO.POZEN: Début du Téléchargement de: D:\kerberos.htx\exe\Dethkarz\EXTRAS\Goodies\English\shop\Stuff\images\tips_home_on.gif
[13:21:04] - [5] MIRKO.POZEN: Fichier envoyé: D:\kerberos.htx\exe\Dethkarz\EXTRAS\Goodies\English\shop\Stuff\images\tips_home_on.gif (1,64 K/S -   1 679 bytes)
[13:21:04] - [4] MIRKO.POZEN: Début du Téléchargement de: D:\kerberos.htx\exe\Dethkarz\EXTRAS\Goodies\English\shop\Stuff\images\tips_mail_off.gif
[13:21:04] - [4] MIRKO.POZEN: Fichier envoyé: D:\kerberos.htx\exe\Dethkarz\EXTRAS\Goodies\English\shop\Stuff\images\tips_mail_off.gif (1,98 K/S -   2 030 bytes)
[13:21:05] - [5] MIRKO.POZEN: Début du Téléchargement de: D:\kerberos.htx\exe\Dethkarz\EXTRAS\Goodies\English\shop\Stuff\images\tips_mail_on.gif
[13:21:05] - [5] MIRKO.POZEN: Fichier envoyé: D:\kerberos.htx\exe\Dethkarz\EXTRAS\Goodies\English\shop\Stuff\images\tips_mail_on.gif (1,92 K/S -   1 968 bytes)
[13:21:05] - [4] MIRKO.POZEN: Début du Téléchargement de: D:\kerberos.htx\exe\Dethkarz\EXTRAS\Goodies\English\shop\Stuff\images\tip_moins.gif
[13:21:05] - [4] MIRKO.POZEN: Fichier envoyé: D:\kerberos.htx\exe\Dethkarz\EXTRAS\Goodies\English\shop\Stuff\images\tip_moins.gif (0,87 K/S -    895 bytes)
[13:21:05] - [5] MIRKO.POZEN: Début du Téléchargement de: D:\kerberos.htx\exe\Dethkarz\EXTRAS\Goodies\English\shop\Stuff\images\tip_plus.gif
[13:21:05] - [5] MIRKO.POZEN: Fichier envoyé: D:\kerberos.htx\exe\Dethkarz\EXTRAS\Goodies\English\shop\Stuff\images\tip_plus.gif (0,90 K/S -    917 bytes)
[13:21:05] - [4] MIRKO.POZEN: Début du Téléchargement de: D:\kerberos.htx\exe\Dethkarz\EXTRAS\Goodies\English\shop\Stuff\images\typo-global.gif
[13:21:06] - [5] MIRKO.POZEN: Début du Téléchargement de: D:\kerberos.htx\exe\Dethkarz\EXTRAS\Goodies\English\shop\Stuff\images\typo-global.jpg
[13:21:06] - [4] MIRKO.POZEN: Fichier envoyé: D:\kerberos.htx\exe\Dethkarz\EXTRAS\Goodies\English\shop\Stuff\images\typo-global.gif (21,07 K/S -   21 577 bytes)
[13:21:06] - [5] MIRKO.POZEN: Fichier envoyé: D:\kerberos.htx\exe\Dethkarz\EXTRAS\Goodies\English\shop\Stuff\images\typo-global.jpg (14,54 K/S -   14 891 bytes)
[13:21:06] - [4] MIRKO.POZEN: Début du Téléchargement de: D:\kerberos.htx\exe\Dethkarz\EXTRAS\Goodies\English\shop\Stuff\images\typo-global_on.gif
[13:21:06] - [5] MIRKO.POZEN: Début du Téléchargement de: D:\kerberos.htx\exe\Dethkarz\EXTRAS\Goodies\English\shop\Stuff\images\wargasm_bandeau.jpg
[13:21:06] - [4] MIRKO.POZEN: Fichier envoyé: D:\kerberos.htx\exe\Dethkarz\EXTRAS\Goodies\English\shop\Stuff\images\typo-global_on.gif (10,48 K/S -   10 728 bytes)
[13:21:07] - [4] MIRKO.POZEN: Répertoire en Cours: D:\kerberos.htx\exe\Dethkarz\EXTRAS\Goodies\Deutsch\shop\
[13:21:07] - [5] MIRKO.POZEN: Fichier envoyé: D:\kerberos.htx\exe\Dethkarz\EXTRAS\Goodies\English\shop\Stuff\images\wargasm_bandeau.jpg (20,87 K/S -   21 370 bytes)
[13:21:07] - [5] MIRKO.POZEN: Répertoire en Cours: D:\kerberos.htx\exe\Dethkarz\EXTRAS\Goodies\Deutsch\shop\stuff\
[13:21:07] - [4] MIRKO.POZEN: Début du Téléchargement de: D:\kerberos.htx\exe\Dethkarz\EXTRAS\Goodies\Deutsch\shop\index.htm
[13:21:07] - [4] MIRKO.POZEN: Fichier envoyé: D:\kerberos.htx\exe\Dethkarz\EXTRAS\Goodies\Deutsch\shop\index.htm (0,60 K/S -    619 bytes)
[13:21:08] - [4] MIRKO.POZEN: Répertoire en Cours: D:\kerberos.htx\exe\Dethkarz\EXTRAS\Goodies\Deutsch\shop\stuff\
[13:21:08] - [5] MIRKO.POZEN: Début du Téléchargement de: D:\kerberos.htx\exe\Dethkarz\EXTRAS\Goodies\Deutsch\shop\stuff\add.js
[13:21:08] - [5] MIRKO.POZEN: Fichier envoyé: D:\kerberos.htx\exe\Dethkarz\EXTRAS\Goodies\Deutsch\shop\stuff\add.js (0,61 K/S -    620 bytes)
[13:21:10] - [5] MIRKO.POZEN: Début du Téléchargement de: D:\kerberos.htx\exe\Dethkarz\EXTRAS\Goodies\Deutsch\shop\stuff\bag.htm
[13:21:10] - [5] MIRKO.POZEN: Fichier envoyé: D:\kerberos.htx\exe\Dethkarz\EXTRAS\Goodies\Deutsch\shop\stuff\bag.htm (3,91 K/S -   3 999 bytes)
[13:21:10] - [5] MIRKO.POZEN: Début du Téléchargement de: D:\kerberos.htx\exe\Dethkarz\EXTRAS\Goodies\Deutsch\shop\stuff\bagpack.htm
[13:21:10] - [5] MIRKO.POZEN: Fichier envoyé: D:\kerberos.htx\exe\Dethkarz\EXTRAS\Goodies\Deutsch\shop\stuff\bagpack.htm (2,63 K/S -   2 688 bytes)
[13:21:10] - [5] MIRKO.POZEN: Début du Téléchargement de: D:\kerberos.htx\exe\Dethkarz\EXTRAS\Goodies\Deutsch\shop\stuff\blank-1.htm
[13:21:10] - [5] MIRKO.POZEN: Fichier envoyé: D:\kerberos.htx\exe\Dethkarz\EXTRAS\Goodies\Deutsch\shop\stuff\blank-1.htm (0,18 K/S -    183 bytes)
[13:21:11] - [5] MIRKO.POZEN: Début du Téléchargement de: D:\kerberos.htx\exe\Dethkarz\EXTRAS\Goodies\Deutsch\shop\stuff\cap.htm
[13:21:11] - [5] MIRKO.POZEN: Fichier envoyé: D:\kerberos.htx\exe\Dethkarz\EXTRAS\Goodies\Deutsch\shop\stuff\cap.htm (6,01 K/S -   6 151 bytes)
[13:21:11] - [4] MIRKO.POZEN: Début du Téléchargement de: D:\kerberos.htx\exe\Dethkarz\EXTRAS\Goodies\Deutsch\shop\stuff\add_on_top.js
[13:21:11] - [4] MIRKO.POZEN: Fichier envoyé: D:\kerberos.htx\exe\Dethkarz\EXTRAS\Goodies\Deutsch\shop\stuff\add_on_top.js (2,11 K/S -   2 163 bytes)
[13:21:12] - [5] MIRKO.POZEN: Début du Téléchargement de: D:\kerberos.htx\exe\Dethkarz\EXTRAS\Goodies\Deutsch\shop\stuff\check_this_out.js
[13:21:12] - [5] MIRKO.POZEN: Fichier envoyé: D:\kerberos.htx\exe\Dethkarz\EXTRAS\Goodies\Deutsch\shop\stuff\check_this_out.js (1,87 K/S -   1 916 bytes)
[13:21:12] - [4] MIRKO.POZEN: Début du Téléchargement de: D:\kerberos.htx\exe\Dethkarz\EXTRAS\Goodies\Deutsch\shop\stuff\Copie de bag.htm
[13:21:12] - [4] MIRKO.POZEN: Fichier envoyé: D:\kerberos.htx\exe\Dethkarz\EXTRAS\Goodies\Deutsch\shop\stuff\Copie de bag.htm (3,86 K/S -   3 949 bytes)
[13:21:12] - [5] MIRKO.POZEN: Début du Téléchargement de: D:\kerberos.htx\exe\Dethkarz\EXTRAS\Goodies\Deutsch\shop\stuff\Copie de left_top.htm
[13:21:12] - [5] MIRKO.POZEN: Fichier envoyé: D:\kerberos.htx\exe\Dethkarz\EXTRAS\Goodies\Deutsch\shop\stuff\Copie de left_top.htm (1,94 K/S -   1 989 bytes)
[13:21:13] - [4] MIRKO.POZEN: Début du Téléchargement de: D:\kerberos.htx\exe\Dethkarz\EXTRAS\Goodies\Deutsch\shop\stuff\dex.htm
[13:21:13] - [4] MIRKO.POZEN: Fichier envoyé: D:\kerberos.htx\exe\Dethkarz\EXTRAS\Goodies\Deutsch\shop\stuff\dex.htm (0,89 K/S -    908 bytes)
[13:21:13] - [5] MIRKO.POZEN: Début du Téléchargement de: D:\kerberos.htx\exe\Dethkarz\EXTRAS\Goodies\Deutsch\shop\stuff\fig.htm
[13:21:13] - [5] MIRKO.POZEN: Fichier envoyé: D:\kerberos.htx\exe\Dethkarz\EXTRAS\Goodies\Deutsch\shop\stuff\fig.htm (4,39 K/S -   4 498 bytes)
[13:21:13] - [4] MIRKO.POZEN: Début du Téléchargement de: D:\kerberos.htx\exe\Dethkarz\EXTRAS\Goodies\Deutsch\shop\stuff\head.htm
[13:21:13] - [4] MIRKO.POZEN: Fichier envoyé: D:\kerberos.htx\exe\Dethkarz\EXTRAS\Goodies\Deutsch\shop\stuff\head.htm (2,56 K/S -   2 621 bytes)
[13:21:14] - [5] MIRKO.POZEN: Début du Téléchargement de: D:\kerberos.htx\exe\Dethkarz\EXTRAS\Goodies\Deutsch\shop\stuff\hierach.js
[13:21:14] - [5] MIRKO.POZEN: Fichier envoyé: D:\kerberos.htx\exe\Dethkarz\EXTRAS\Goodies\Deutsch\shop\stuff\hierach.js (0,87 K/S -    895 bytes)
[13:21:14] - [4] MIRKO.POZEN: Début du Téléchargement de: D:\kerberos.htx\exe\Dethkarz\EXTRAS\Goodies\Deutsch\shop\stuff\hierach_1.js
[13:21:14] - [4] MIRKO.POZEN: Fichier envoyé: D:\kerberos.htx\exe\Dethkarz\EXTRAS\Goodies\Deutsch\shop\stuff\hierach_1.js (0,88 K/S -    898 bytes)
[13:21:14] - [5] MIRKO.POZEN: Début du Téléchargement de: D:\kerberos.htx\exe\Dethkarz\EXTRAS\Goodies\Deutsch\shop\stuff\hod-amigo.htm
[13:21:14] - [5] MIRKO.POZEN: Fichier envoyé: D:\kerberos.htx\exe\Dethkarz\EXTRAS\Goodies\Deutsch\shop\stuff\hod-amigo.htm (1,02 K/S -   1 047 bytes)
[13:21:15] - [4] MIRKO.POZEN: Début du Téléchargement de: D:\kerberos.htx\exe\Dethkarz\EXTRAS\Goodies\Deutsch\shop\stuff\hod-cap.htm
[13:21:15] - [4] MIRKO.POZEN: Fichier envoyé: D:\kerberos.htx\exe\Dethkarz\EXTRAS\Goodies\Deutsch\shop\stuff\hod-cap.htm (1,02 K/S -   1 040 bytes)
[13:21:15] - [5] MIRKO.POZEN: Début du Téléchargement de: D:\kerberos.htx\exe\Dethkarz\EXTRAS\Goodies\Deutsch\shop\stuff\hod-purple.htm
[13:21:15] - [5] MIRKO.POZEN: Fichier envoyé: D:\kerberos.htx\exe\Dethkarz\EXTRAS\Goodies\Deutsch\shop\stuff\hod-purple.htm (1,03 K/S -   1 051 bytes)
[13:21:15] - [4] MIRKO.POZEN: Début du Téléchargement de: D:\kerberos.htx\exe\Dethkarz\EXTRAS\Goodies\Deutsch\shop\stuff\hod-viscious.htm
[13:21:15] - [4] MIRKO.POZEN: Fichier envoyé: D:\kerberos.htx\exe\Dethkarz\EXTRAS\Goodies\Deutsch\shop\stuff\hod-viscious.htm (1,03 K/S -   1 051 bytes)
[13:21:15] - [5] MIRKO.POZEN: Début du Téléchargement de: D:\kerberos.htx\exe\Dethkarz\EXTRAS\Goodies\Deutsch\shop\stuff\hod.htm
[13:21:15] - [5] MIRKO.POZEN: Fichier envoyé: D:\kerberos.htx\exe\Dethkarz\EXTRAS\Goodies\Deutsch\shop\stuff\hod.htm (4,40 K/S -   4 503 bytes)
[13:21:16] - [4] MIRKO.POZEN: Début du Téléchargement de: D:\kerberos.htx\exe\Dethkarz\EXTRAS\Goodies\Deutsch\shop\stuff\home.htm
[13:21:16] - [4] MIRKO.POZEN: Fichier envoyé: D:\kerberos.htx\exe\Dethkarz\EXTRAS\Goodies\Deutsch\shop\stuff\home.htm (1,50 K/S -   1 540 bytes)
[13:21:16] - [5] MIRKO.POZEN: Début du Téléchargement de: D:\kerberos.htx\exe\Dethkarz\EXTRAS\Goodies\Deutsch\shop\stuff\index.htm
[13:21:16] - [5] MIRKO.POZEN: Fichier envoyé: D:\kerberos.htx\exe\Dethkarz\EXTRAS\Goodies\Deutsch\shop\stuff\index.htm (0,59 K/S -    601 bytes)
[13:21:17] - [4] MIRKO.POZEN: Début du Téléchargement de: D:\kerberos.htx\exe\Dethkarz\EXTRAS\Goodies\Deutsch\shop\stuff\infogrames-girl-shirt.htm
[13:21:17] - [4] MIRKO.POZEN: Fichier envoyé: D:\kerberos.htx\exe\Dethkarz\EXTRAS\Goodies\Deutsch\shop\stuff\infogrames-girl-shirt.htm (0,96 K/S -    978 bytes)
[13:21:17] - [5] MIRKO.POZEN: Début du Téléchargement de: D:\kerberos.htx\exe\Dethkarz\EXTRAS\Goodies\Deutsch\shop\stuff\infogrames-shirt.htm
[13:21:17] - [5] MIRKO.POZEN: Fichier envoyé: D:\kerberos.htx\exe\Dethkarz\EXTRAS\Goodies\Deutsch\shop\stuff\infogrames-shirt.htm (1,01 K/S -   1 034 bytes)
[13:21:17] - [4] MIRKO.POZEN: Début du Téléchargement de: D:\kerberos.htx\exe\Dethkarz\EXTRAS\Goodies\Deutsch\shop\stuff\infogrames.htm
[13:21:17] - [4] MIRKO.POZEN: Fichier envoyé: D:\kerberos.htx\exe\Dethkarz\EXTRAS\Goodies\Deutsch\shop\stuff\infogrames.htm (5,29 K/S -   5 419 bytes)
[13:21:17] - [5] MIRKO.POZEN: Début du Téléchargement de: D:\kerberos.htx\exe\Dethkarz\EXTRAS\Goodies\Deutsch\shop\stuff\left.htm
[13:21:17] - [5] MIRKO.POZEN: Fichier envoyé: D:\kerberos.htx\exe\Dethkarz\EXTRAS\Goodies\Deutsch\shop\stuff\left.htm (2,32 K/S -   2 376 bytes)
[13:21:18] - [4] MIRKO.POZEN: Début du Téléchargement de: D:\kerberos.htx\exe\Dethkarz\EXTRAS\Goodies\Deutsch\shop\stuff\left_dex.htm
[13:21:18] - [4] MIRKO.POZEN: Fichier envoyé: D:\kerberos.htx\exe\Dethkarz\EXTRAS\Goodies\Deutsch\shop\stuff\left_dex.htm (0,53 K/S -    540 bytes)
[13:21:18] - [5] MIRKO.POZEN: Début du Téléchargement de: D:\kerberos.htx\exe\Dethkarz\EXTRAS\Goodies\Deutsch\shop\stuff\left_down.htm
[13:21:18] - [5] MIRKO.POZEN: Fichier envoyé: D:\kerberos.htx\exe\Dethkarz\EXTRAS\Goodies\Deutsch\shop\stuff\left_down.htm (2,73 K/S -   2 796 bytes)
[13:21:18] - [4] MIRKO.POZEN: Début du Téléchargement de: D:\kerberos.htx\exe\Dethkarz\EXTRAS\Goodies\Deutsch\shop\stuff\left_top.htm
[13:21:18] - [5] MIRKO.POZEN: Début du Téléchargement de: D:\kerberos.htx\exe\Dethkarz\EXTRAS\Goodies\Deutsch\shop\stuff\news.htm
[13:21:18] - [4] MIRKO.POZEN: Fichier envoyé: D:\kerberos.htx\exe\Dethkarz\EXTRAS\Goodies\Deutsch\shop\stuff\left_top.htm (1,07 K/S -   1 097 bytes)
[13:21:18] - [5] MIRKO.POZEN: Fichier envoyé: D:\kerberos.htx\exe\Dethkarz\EXTRAS\Goodies\Deutsch\shop\stuff\news.htm (6,89 K/S -   7 058 bytes)
[13:21:19] - [5] MIRKO.POZEN: Début du Téléchargement de: D:\kerberos.htx\exe\Dethkarz\EXTRAS\Goodies\Deutsch\shop\stuff\outcast-orange-shirt.htm
[13:21:19] - [4] MIRKO.POZEN: Début du Téléchargement de: D:\kerberos.htx\exe\Dethkarz\EXTRAS\Goodies\Deutsch\shop\stuff\outcast-black-shirt.htm
[13:21:19] - [5] MIRKO.POZEN: Fichier envoyé: D:\kerberos.htx\exe\Dethkarz\EXTRAS\Goodies\Deutsch\shop\stuff\outcast-orange-shirt.htm (1,08 K/S -   1 111 bytes)
[13:21:19] - [4] MIRKO.POZEN: Fichier envoyé: D:\kerberos.htx\exe\Dethkarz\EXTRAS\Goodies\Deutsch\shop\stuff\outcast-black-shirt.htm (1,08 K/S -   1 110 bytes)
[13:21:20] - [5] MIRKO.POZEN: Début du Téléchargement de: D:\kerberos.htx\exe\Dethkarz\EXTRAS\Goodies\Deutsch\shop\stuff\outcast.htm
[13:21:20] - [4] MIRKO.POZEN: Début du Téléchargement de: D:\kerberos.htx\exe\Dethkarz\EXTRAS\Goodies\Deutsch\shop\stuff\over_stuff.js
[13:21:20] - [4] MIRKO.POZEN: Fichier envoyé: D:\kerberos.htx\exe\Dethkarz\EXTRAS\Goodies\Deutsch\shop\stuff\over_stuff.js (0,45 K/S -    465 bytes)
[13:21:20] - [5] MIRKO.POZEN: Fichier envoyé: D:\kerberos.htx\exe\Dethkarz\EXTRAS\Goodies\Deutsch\shop\stuff\outcast.htm (4,12 K/S -   4 223 bytes)
[13:21:20] - [5] MIRKO.POZEN: Début du Téléchargement de: D:\kerberos.htx\exe\Dethkarz\EXTRAS\Goodies\Deutsch\shop\stuff\personal_stuff.js
[13:21:20] - [4] MIRKO.POZEN: Début du Téléchargement de: D:\kerberos.htx\exe\Dethkarz\EXTRAS\Goodies\Deutsch\shop\stuff\print.js
[13:21:20] - [5] MIRKO.POZEN: Fichier envoyé: D:\kerberos.htx\exe\Dethkarz\EXTRAS\Goodies\Deutsch\shop\stuff\personal_stuff.js (0,35 K/S -    363 bytes)
[13:21:20] - [4] MIRKO.POZEN: Fichier envoyé: D:\kerberos.htx\exe\Dethkarz\EXTRAS\Goodies\Deutsch\shop\stuff\print.js (0,42 K/S -    430 bytes)
[13:21:21] - [5] MIRKO.POZEN: Début du Téléchargement de: D:\kerberos.htx\exe\Dethkarz\EXTRAS\Goodies\Deutsch\shop\stuff\print_order.htm
[13:21:21] - [4] MIRKO.POZEN: Début du Téléchargement de: D:\kerberos.htx\exe\Dethkarz\EXTRAS\Goodies\Deutsch\shop\stuff\print_order_frame.htm
[13:21:21] - [4] MIRKO.POZEN: Fichier envoyé: D:\kerberos.htx\exe\Dethkarz\EXTRAS\Goodies\Deutsch\shop\stuff\print_order_frame.htm (0,53 K/S -    539 bytes)
[13:21:21] - [5] MIRKO.POZEN: Fichier envoyé: D:\kerberos.htx\exe\Dethkarz\EXTRAS\Goodies\Deutsch\shop\stuff\print_order.htm (8,14 K/S -   8 336 bytes)
[13:21:22] - [4] MIRKO.POZEN: Début du Téléchargement de: D:\kerberos.htx\exe\Dethkarz\EXTRAS\Goodies\Deutsch\shop\stuff\shipping.js
[13:21:22] - [4] MIRKO.POZEN: Fichier envoyé: D:\kerberos.htx\exe\Dethkarz\EXTRAS\Goodies\Deutsch\shop\stuff\shipping.js (3,70 K/S -   3 790 bytes)
[13:21:22] - [5] MIRKO.POZEN: Début du Téléchargement de: D:\kerberos.htx\exe\Dethkarz\EXTRAS\Goodies\Deutsch\shop\stuff\shirt.htm
[13:21:22] - [5] MIRKO.POZEN: Fichier envoyé: D:\kerberos.htx\exe\Dethkarz\EXTRAS\Goodies\Deutsch\shop\stuff\shirt.htm (8,77 K/S -   8 979 bytes)
[13:21:22] - [4] MIRKO.POZEN: Début du Téléchargement de: D:\kerberos.htx\exe\Dethkarz\EXTRAS\Goodies\Deutsch\shop\stuff\shopping.js
[13:21:22] - [4] MIRKO.POZEN: Fichier envoyé: D:\kerberos.htx\exe\Dethkarz\EXTRAS\Goodies\Deutsch\shop\stuff\shopping.js (0,45 K/S -    465 bytes)
[13:21:22] - [5] MIRKO.POZEN: Début du Téléchargement de: D:\kerberos.htx\exe\Dethkarz\EXTRAS\Goodies\Deutsch\shop\stuff\tatou_bag.htm
[13:21:22] - [5] MIRKO.POZEN: Fichier envoyé: D:\kerberos.htx\exe\Dethkarz\EXTRAS\Goodies\Deutsch\shop\stuff\tatou_bag.htm (1,03 K/S -   1 052 bytes)
[13:21:23] - [4] MIRKO.POZEN: Début du Téléchargement de: D:\kerberos.htx\exe\Dethkarz\EXTRAS\Goodies\Deutsch\shop\stuff\v-rally-cap.htm
[13:21:23] - [4] MIRKO.POZEN: Fichier envoyé: D:\kerberos.htx\exe\Dethkarz\EXTRAS\Goodies\Deutsch\shop\stuff\v-rally-cap.htm (1,03 K/S -   1 056 bytes)
[13:21:23] - [5] MIRKO.POZEN: Début du Téléchargement de: D:\kerberos.htx\exe\Dethkarz\EXTRAS\Goodies\Deutsch\shop\stuff\v-rally-shirt.htm
[13:21:23] - [5] MIRKO.POZEN: Fichier envoyé: D:\kerberos.htx\exe\Dethkarz\EXTRAS\Goodies\Deutsch\shop\stuff\v-rally-shirt.htm (1,40 K/S -   1 434 bytes)
[13:21:23] - [5] MIRKO.POZEN: Répertoire en Cours: D:\kerberos.htx\exe\Dethkarz\EXTRAS\Goodies\Deutsch\shop\stuff\products\
[13:21:23] - [4] MIRKO.POZEN: Début du Téléchargement de: D:\kerberos.htx\exe\Dethkarz\EXTRAS\Goodies\Deutsch\shop\stuff\vrally.htm
[13:21:23] - [4] MIRKO.POZEN: Fichier envoyé: D:\kerberos.htx\exe\Dethkarz\EXTRAS\Goodies\Deutsch\shop\stuff\vrally.htm (4,28 K/S -   4 385 bytes)
[13:21:24] - [4] MIRKO.POZEN: Répertoire en Cours: D:\kerberos.htx\exe\Dethkarz\EXTRAS\Goodies\Deutsch\shop\stuff\products\
[13:21:24] - [5] MIRKO.POZEN: Début du Téléchargement de: D:\kerberos.htx\exe\Dethkarz\EXTRAS\Goodies\Deutsch\shop\stuff\products\amigo.jpg
[13:21:24] - [4] MIRKO.POZEN: Début du Téléchargement de: D:\kerberos.htx\exe\Dethkarz\EXTRAS\Goodies\Deutsch\shop\stuff\products\amigos.jpg
[13:21:24] - [4] MIRKO.POZEN: Fichier envoyé: D:\kerberos.htx\exe\Dethkarz\EXTRAS\Goodies\Deutsch\shop\stuff\products\amigos.jpg (4,23 K/S -   4 331 bytes)
[13:21:24] - [5] MIRKO.POZEN: Fichier envoyé: D:\kerberos.htx\exe\Dethkarz\EXTRAS\Goodies\Deutsch\shop\stuff\products\amigo.jpg (28,36 K/S -   29 045 bytes)
[13:21:25] - [4] MIRKO.POZEN: Début du Téléchargement de: D:\kerberos.htx\exe\Dethkarz\EXTRAS\Goodies\Deutsch\shop\stuff\products\hod_cap.jpg
[13:21:25] - [5] MIRKO.POZEN: Début du Téléchargement de: D:\kerberos.htx\exe\Dethkarz\EXTRAS\Goodies\Deutsch\shop\stuff\products\hod_caps.jpg
[13:21:25] - [5] MIRKO.POZEN: Fichier envoyé: D:\kerberos.htx\exe\Dethkarz\EXTRAS\Goodies\Deutsch\shop\stuff\products\hod_caps.jpg (3,21 K/S -   3 284 bytes)
[13:21:25] - [4] MIRKO.POZEN: Fichier envoyé: D:\kerberos.htx\exe\Dethkarz\EXTRAS\Goodies\Deutsch\shop\stuff\products\hod_cap.jpg (21,70 K/S -   22 218 bytes)
[13:21:26] - [5] MIRKO.POZEN: Début du Téléchargement de: D:\kerberos.htx\exe\Dethkarz\EXTRAS\Goodies\Deutsch\shop\stuff\products\infogrames_tshirt.jpg
[13:21:26] - [4] MIRKO.POZEN: Début du Téléchargement de: D:\kerberos.htx\exe\Dethkarz\EXTRAS\Goodies\Deutsch\shop\stuff\products\infogrames_tshirts.jpg
[13:21:26] - [4] MIRKO.POZEN: Fichier envoyé: D:\kerberos.htx\exe\Dethkarz\EXTRAS\Goodies\Deutsch\shop\stuff\products\infogrames_tshirts.jpg (6,26 K/S -   6 406 bytes)
[13:21:26] - [5] MIRKO.POZEN: Fichier envoyé: D:\kerberos.htx\exe\Dethkarz\EXTRAS\Goodies\Deutsch\shop\stuff\products\infogrames_tshirt.jpg (25,15 K/S -   25 754 bytes)
[13:21:27] - [5] MIRKO.POZEN: Début du Téléchargement de: D:\kerberos.htx\exe\Dethkarz\EXTRAS\Goodies\Deutsch\shop\stuff\products\infogrames_tshirt_girl.jpg
[13:21:27] - [4] MIRKO.POZEN: Début du Téléchargement de: D:\kerberos.htx\exe\Dethkarz\EXTRAS\Goodies\Deutsch\shop\stuff\products\infogrames_tshirt_girls.jpg
[13:21:27] - [4] MIRKO.POZEN: Fichier envoyé: D:\kerberos.htx\exe\Dethkarz\EXTRAS\Goodies\Deutsch\shop\stuff\products\infogrames_tshirt_girls.jpg (5,40 K/S -   5 533 bytes)
[13:21:27] - [5] MIRKO.POZEN: Fichier envoyé: D:\kerberos.htx\exe\Dethkarz\EXTRAS\Goodies\Deutsch\shop\stuff\products\infogrames_tshirt_girl.jpg (23,03 K/S -   23 585 bytes)
[13:21:27] - [5] MIRKO.POZEN: Début du Téléchargement de: D:\kerberos.htx\exe\Dethkarz\EXTRAS\Goodies\Deutsch\shop\stuff\products\outcast-black-tshirts.jpg
[13:21:27] - [4] MIRKO.POZEN: Début du Téléchargement de: D:\kerberos.htx\exe\Dethkarz\EXTRAS\Goodies\Deutsch\shop\stuff\products\outcast-black-tshirt.jpg
[13:21:27] - [5] MIRKO.POZEN: Fichier envoyé: D:\kerberos.htx\exe\Dethkarz\EXTRAS\Goodies\Deutsch\shop\stuff\products\outcast-black-tshirts.jpg (6,52 K/S -   6 679 bytes)
[13:21:28] - [5] MIRKO.POZEN: Début du Téléchargement de: D:\kerberos.htx\exe\Dethkarz\EXTRAS\Goodies\Deutsch\shop\stuff\products\outcast-orange-tshirt.jpg
[13:21:29] - [4] MIRKO.POZEN: Fichier envoyé: D:\kerberos.htx\exe\Dethkarz\EXTRAS\Goodies\Deutsch\shop\stuff\products\outcast-black-tshirt.jpg (62,06 K/S -   63 547 bytes)
[13:21:29] - [5] MIRKO.POZEN: Fichier envoyé: D:\kerberos.htx\exe\Dethkarz\EXTRAS\Goodies\Deutsch\shop\stuff\products\outcast-orange-tshirt.jpg (43,63 K/S -   44 672 bytes)
[13:21:29] - [4] MIRKO.POZEN: Début du Téléchargement de: D:\kerberos.htx\exe\Dethkarz\EXTRAS\Goodies\Deutsch\shop\stuff\products\outcast-orange-tshirts.jpg
[13:21:29] - [4] MIRKO.POZEN: Fichier envoyé: D:\kerberos.htx\exe\Dethkarz\EXTRAS\Goodies\Deutsch\shop\stuff\products\outcast-orange-tshirts.jpg (4,67 K/S -   4 777 bytes)
[13:21:29] - [5] MIRKO.POZEN: Début du Téléchargement de: D:\kerberos.htx\exe\Dethkarz\EXTRAS\Goodies\Deutsch\shop\stuff\products\tatou_bag.jpg
[13:21:30] - [4] MIRKO.POZEN: Début du Téléchargement de: D:\kerberos.htx\exe\Dethkarz\EXTRAS\Goodies\Deutsch\shop\stuff\products\tatou_bags.jpg
[13:21:30] - [4] MIRKO.POZEN: Fichier envoyé: D:\kerberos.htx\exe\Dethkarz\EXTRAS\Goodies\Deutsch\shop\stuff\products\tatou_bags.jpg (5,79 K/S -   5 924 bytes)
[13:21:30] - [5] MIRKO.POZEN: Fichier envoyé: D:\kerberos.htx\exe\Dethkarz\EXTRAS\Goodies\Deutsch\shop\stuff\products\tatou_bag.jpg (23,89 K/S -   48 935 bytes)
[13:21:31] - [4] MIRKO.POZEN: Début du Téléchargement de: D:\kerberos.htx\exe\Dethkarz\EXTRAS\Goodies\Deutsch\shop\stuff\products\vicious.jpg
[13:21:31] - [5] MIRKO.POZEN: Début du Téléchargement de: D:\kerberos.htx\exe\Dethkarz\EXTRAS\Goodies\Deutsch\shop\stuff\products\viciouss.jpg
[13:21:31] - [5] MIRKO.POZEN: Fichier envoyé: D:\kerberos.htx\exe\Dethkarz\EXTRAS\Goodies\Deutsch\shop\stuff\products\viciouss.jpg (3,24 K/S -   3 319 bytes)
[13:21:31] - [4] MIRKO.POZEN: Fichier envoyé: D:\kerberos.htx\exe\Dethkarz\EXTRAS\Goodies\Deutsch\shop\stuff\products\vicious.jpg (18,86 K/S -   19 310 bytes)
[13:21:31] - [5] MIRKO.POZEN: Début du Téléchargement de: D:\kerberos.htx\exe\Dethkarz\EXTRAS\Goodies\Deutsch\shop\stuff\products\vrally2_tshirts.jpg
[13:21:31] - [4] MIRKO.POZEN: Début du Téléchargement de: D:\kerberos.htx\exe\Dethkarz\EXTRAS\Goodies\Deutsch\shop\stuff\products\vrally2_tshirt.jpg
[13:21:32] - [5] MIRKO.POZEN: Fichier envoyé: D:\kerberos.htx\exe\Dethkarz\EXTRAS\Goodies\Deutsch\shop\stuff\products\vrally2_tshirts.jpg (6,54 K/S -   6 697 bytes)
[13:21:32] - [4] MIRKO.POZEN: Fichier envoyé: D:\kerberos.htx\exe\Dethkarz\EXTRAS\Goodies\Deutsch\shop\stuff\products\vrally2_tshirt.jpg (30,01 K/S -   30 729 bytes)
[13:21:32] - [5] MIRKO.POZEN: Début du Téléchargement de: D:\kerberos.htx\exe\Dethkarz\EXTRAS\Goodies\Deutsch\shop\stuff\products\vrally_cap.jpg
[13:21:33] - [4] MIRKO.POZEN: Début du Téléchargement de: D:\kerberos.htx\exe\Dethkarz\EXTRAS\Goodies\Deutsch\shop\stuff\products\vrally_caps.jpg
[13:21:33] - [4] MIRKO.POZEN: Fichier envoyé: D:\kerberos.htx\exe\Dethkarz\EXTRAS\Goodies\Deutsch\shop\stuff\products\vrally_caps.jpg (3,55 K/S -   3 637 bytes)
[13:21:33] - [5] MIRKO.POZEN: Fichier envoyé: D:\kerberos.htx\exe\Dethkarz\EXTRAS\Goodies\Deutsch\shop\stuff\products\vrally_cap.jpg (27,18 K/S -   27 830 bytes)
[13:21:33] - [4] MIRKO.POZEN: Début du Téléchargement de: D:\kerberos.htx\exe\Dethkarz\EXTRAS\Goodies\Deutsch\shop\stuff\products\wargasm-tshirt.jpg
[13:21:34] - [5] MIRKO.POZEN: Début du Téléchargement de: D:\kerberos.htx\exe\Dethkarz\EXTRAS\Goodies\Deutsch\shop\stuff\products\wargasm-tshirts.jpg
[13:21:34] - [5] MIRKO.POZEN: Fichier envoyé: D:\kerberos.htx\exe\Dethkarz\EXTRAS\Goodies\Deutsch\shop\stuff\products\wargasm-tshirts.jpg (4,37 K/S -   4 478 bytes)
[13:21:34] - [5] MIRKO.POZEN: Répertoire en Cours: D:\kerberos.htx\exe\Dethkarz\EXTRAS\Goodies\Deutsch\shop\stuff\images\
[13:21:34] - [4] MIRKO.POZEN: Fichier envoyé: D:\kerberos.htx\exe\Dethkarz\EXTRAS\Goodies\Deutsch\shop\stuff\products\wargasm-tshirt.jpg (33,05 K/S -   33 843 bytes)
[13:21:34] - [4] MIRKO.POZEN: Répertoire en Cours: D:\kerberos.htx\exe\Dethkarz\EXTRAS\Goodies\Deutsch\shop\stuff\images\
[13:21:35] - [5] MIRKO.POZEN: Début du Téléchargement de: D:\kerberos.htx\exe\Dethkarz\EXTRAS\Goodies\Deutsch\shop\stuff\images\contact-22.gif
[13:21:35] - [5] MIRKO.POZEN: Fichier envoyé: D:\kerberos.htx\exe\Dethkarz\EXTRAS\Goodies\Deutsch\shop\stuff\images\contact-22.gif (1,18 K/S -   1 204 bytes)
[13:21:35] - [4] MIRKO.POZEN: Début du Téléchargement de: D:\kerberos.htx\exe\Dethkarz\EXTRAS\Goodies\Deutsch\shop\stuff\images\contact-3.gif
[13:21:35] - [4] MIRKO.POZEN: Fichier envoyé: D:\kerberos.htx\exe\Dethkarz\EXTRAS\Goodies\Deutsch\shop\stuff\images\contact-3.gif (1,15 K/S -   1 176 bytes)
[13:21:35] - [5] MIRKO.POZEN: Début du Téléchargement de: D:\kerberos.htx\exe\Dethkarz\EXTRAS\Goodies\Deutsch\shop\stuff\images\contact-33.gif
[13:21:35] - [5] MIRKO.POZEN: Fichier envoyé: D:\kerberos.htx\exe\Dethkarz\EXTRAS\Goodies\Deutsch\shop\stuff\images\contact-33.gif (0,55 K/S -    565 bytes)
[13:21:36] - [4] MIRKO.POZEN: Début du Téléchargement de: D:\kerberos.htx\exe\Dethkarz\EXTRAS\Goodies\Deutsch\shop\stuff\images\grid.jpg
[13:21:36] - [5] MIRKO.POZEN: Début du Téléchargement de: D:\kerberos.htx\exe\Dethkarz\EXTRAS\Goodies\Deutsch\shop\stuff\images\infogrames_c_00.gif
[13:21:36] - [5] MIRKO.POZEN: Fichier envoyé: D:\kerberos.htx\exe\Dethkarz\EXTRAS\Goodies\Deutsch\shop\stuff\images\infogrames_c_00.gif (0,04 K/S -    43 bytes)
[13:21:36] - [4] MIRKO.POZEN: Fichier envoyé: D:\kerberos.htx\exe\Dethkarz\EXTRAS\Goodies\Deutsch\shop\stuff\images\grid.jpg (32,82 K/S -   33 612 bytes)
[13:21:36] - [5] MIRKO.POZEN: Début du Téléchargement de: D:\kerberos.htx\exe\Dethkarz\EXTRAS\Goodies\Deutsch\shop\stuff\images\infogrames_c_04_03.jpg
[13:21:36] - [5] MIRKO.POZEN: Fichier envoyé: D:\kerberos.htx\exe\Dethkarz\EXTRAS\Goodies\Deutsch\shop\stuff\images\infogrames_c_04_03.jpg (1,33 K/S -   1 366 bytes)
[13:21:37] - [4] MIRKO.POZEN: Début du Téléchargement de: D:\kerberos.htx\exe\Dethkarz\EXTRAS\Goodies\Deutsch\shop\stuff\images\infogrames_c_05_02.jpg
[13:21:37] - [4] MIRKO.POZEN: Fichier envoyé: D:\kerberos.htx\exe\Dethkarz\EXTRAS\Goodies\Deutsch\shop\stuff\images\infogrames_c_05_02.jpg (2,23 K/S -   2 288 bytes)
[13:21:37] - [5] MIRKO.POZEN: Début du Téléchargement de: D:\kerberos.htx\exe\Dethkarz\EXTRAS\Goodies\Deutsch\shop\stuff\images\infogrames_c_05_06.jpg
[13:21:38] - [5] MIRKO.POZEN: Fichier envoyé: D:\kerberos.htx\exe\Dethkarz\EXTRAS\Goodies\Deutsch\shop\stuff\images\infogrames_c_05_06.jpg (1,89 K/S -   1 934 bytes)
[13:21:38] - [4] MIRKO.POZEN: Début du Téléchargement de: D:\kerberos.htx\exe\Dethkarz\EXTRAS\Goodies\Deutsch\shop\stuff\images\infogrames_c_06_02.jpg
[13:21:38] - [4] MIRKO.POZEN: Fichier envoyé: D:\kerberos.htx\exe\Dethkarz\EXTRAS\Goodies\Deutsch\shop\stuff\images\infogrames_c_06_02.jpg (0,65 K/S -    664 bytes)
[13:21:38] - [5] MIRKO.POZEN: Début du Téléchargement de: D:\kerberos.htx\exe\Dethkarz\EXTRAS\Goodies\Deutsch\shop\stuff\images\infogrames_c_06_03.jpg
[13:21:38] - [5] MIRKO.POZEN: Fichier envoyé: D:\kerberos.htx\exe\Dethkarz\EXTRAS\Goodies\Deutsch\shop\stuff\images\infogrames_c_06_03.jpg (0,73 K/S -    747 bytes)
[13:21:38] - [4] MIRKO.POZEN: Début du Téléchargement de: D:\kerberos.htx\exe\Dethkarz\EXTRAS\Goodies\Deutsch\shop\stuff\images\infogrames_c_07_01.jpg
[13:21:38] - [4] MIRKO.POZEN: Fichier envoyé: D:\kerberos.htx\exe\Dethkarz\EXTRAS\Goodies\Deutsch\shop\stuff\images\infogrames_c_07_01.jpg (2,31 K/S -   2 365 bytes)
[13:21:39] - [5] MIRKO.POZEN: Début du Téléchargement de: D:\kerberos.htx\exe\Dethkarz\EXTRAS\Goodies\Deutsch\shop\stuff\images\infogrames_c_07_04.jpg
[13:21:39] - [5] MIRKO.POZEN: Fichier envoyé: D:\kerberos.htx\exe\Dethkarz\EXTRAS\Goodies\Deutsch\shop\stuff\images\infogrames_c_07_04.jpg (1,27 K/S -   1 304 bytes)
[13:21:39] - [4] MIRKO.POZEN: Début du Téléchargement de: D:\kerberos.htx\exe\Dethkarz\EXTRAS\Goodies\Deutsch\shop\stuff\images\infogrames_c_08_01.jpg
[13:21:39] - [4] MIRKO.POZEN: Fichier envoyé: D:\kerberos.htx\exe\Dethkarz\EXTRAS\Goodies\Deutsch\shop\stuff\images\infogrames_c_08_01.jpg (2,11 K/S -   2 158 bytes)
[13:21:39] - [5] MIRKO.POZEN: Début du Téléchargement de: D:\kerberos.htx\exe\Dethkarz\EXTRAS\Goodies\Deutsch\shop\stuff\images\infogrames_c_08_02.jpg
[13:21:39] - [5] MIRKO.POZEN: Fichier envoyé: D:\kerberos.htx\exe\Dethkarz\EXTRAS\Goodies\Deutsch\shop\stuff\images\infogrames_c_08_02.jpg (1,31 K/S -   1 338 bytes)
[13:21:40] - [4] MIRKO.POZEN: Début du Téléchargement de: D:\kerberos.htx\exe\Dethkarz\EXTRAS\Goodies\Deutsch\shop\stuff\images\infogrames_c_08_03.jpg
[13:21:40] - [4] MIRKO.POZEN: Fichier envoyé: D:\kerberos.htx\exe\Dethkarz\EXTRAS\Goodies\Deutsch\shop\stuff\images\infogrames_c_08_03.jpg (3,83 K/S -   3 925 bytes)
[13:21:40] - [5] MIRKO.POZEN: Début du Téléchargement de: D:\kerberos.htx\exe\Dethkarz\EXTRAS\Goodies\Deutsch\shop\stuff\images\infogrames_c_09_03.jpg
[13:21:40] - [5] MIRKO.POZEN: Fichier envoyé: D:\kerberos.htx\exe\Dethkarz\EXTRAS\Goodies\Deutsch\shop\stuff\images\infogrames_c_09_03.jpg (0,64 K/S -    653 bytes)
[13:21:40] - [4] MIRKO.POZEN: Début du Téléchargement de: D:\kerberos.htx\exe\Dethkarz\EXTRAS\Goodies\Deutsch\shop\stuff\images\interface_top_info-store.jpg
[13:21:41] - [5] MIRKO.POZEN: Début du Téléchargement de: D:\kerberos.htx\exe\Dethkarz\EXTRAS\Goodies\Deutsch\shop\stuff\images\interface_to_01_01.gif
[13:21:41] - [5] MIRKO.POZEN: Fichier envoyé: D:\kerberos.htx\exe\Dethkarz\EXTRAS\Goodies\Deutsch\shop\stuff\images\interface_to_01_01.gif (5,80 K/S -   5 936 bytes)
[13:21:41] - [4] MIRKO.POZEN: Fichier envoyé: D:\kerberos.htx\exe\Dethkarz\EXTRAS\Goodies\Deutsch\shop\stuff\images\interface_top_info-store.jpg (30,38 K/S -   31 111 bytes)
[13:21:41] - [5] MIRKO.POZEN: Début du Téléchargement de: D:\kerberos.htx\exe\Dethkarz\EXTRAS\Goodies\Deutsch\shop\stuff\images\interface_to_01_02.gif
[13:21:41] - [4] MIRKO.POZEN: Début du Téléchargement de: D:\kerberos.htx\exe\Dethkarz\EXTRAS\Goodies\Deutsch\shop\stuff\images\interface_to_01_03.gif
[13:21:41] - [4] MIRKO.POZEN: Fichier envoyé: D:\kerberos.htx\exe\Dethkarz\EXTRAS\Goodies\Deutsch\shop\stuff\images\interface_to_01_03.gif (2,16 K/S -   2 214 bytes)
[13:21:41] - [5] MIRKO.POZEN: Fichier envoyé: D:\kerberos.htx\exe\Dethkarz\EXTRAS\Goodies\Deutsch\shop\stuff\images\interface_to_01_02.gif (13,54 K/S -   13 865 bytes)
[13:21:42] - [5] MIRKO.POZEN: Début du Téléchargement de: D:\kerberos.htx\exe\Dethkarz\EXTRAS\Goodies\Deutsch\shop\stuff\images\lock.gif
[13:21:42] - [5] MIRKO.POZEN: Fichier envoyé: D:\kerberos.htx\exe\Dethkarz\EXTRAS\Goodies\Deutsch\shop\stuff\images\lock.gif (3,47 K/S -   3 550 bytes)
[13:21:42] - [4] MIRKO.POZEN: Début du Téléchargement de: D:\kerberos.htx\exe\Dethkarz\EXTRAS\Goodies\Deutsch\shop\stuff\images\logo.gif
[13:21:42] - [4] MIRKO.POZEN: Fichier envoyé: D:\kerberos.htx\exe\Dethkarz\EXTRAS\Goodies\Deutsch\shop\stuff\images\logo.gif (9,23 K/S -   9 453 bytes)
[13:21:42] - [5] MIRKO.POZEN: Début du Téléchargement de: D:\kerberos.htx\exe\Dethkarz\EXTRAS\Goodies\Deutsch\shop\stuff\images\outcastbandeau.jpg
[13:21:42] - [4] MIRKO.POZEN: Début du Téléchargement de: D:\kerberos.htx\exe\Dethkarz\EXTRAS\Goodies\Deutsch\shop\stuff\images\tips_bag.jpg
[13:21:43] - [4] MIRKO.POZEN: Fichier envoyé: D:\kerberos.htx\exe\Dethkarz\EXTRAS\Goodies\Deutsch\shop\stuff\images\tips_bag.jpg (8,63 K/S -   8 835 bytes)
[13:21:43] - [5] MIRKO.POZEN: Fichier envoyé: D:\kerberos.htx\exe\Dethkarz\EXTRAS\Goodies\Deutsch\shop\stuff\images\outcastbandeau.jpg (19,07 K/S -   19 525 bytes)
[13:21:44] - [5] MIRKO.POZEN: Début du Téléchargement de: D:\kerberos.htx\exe\Dethkarz\EXTRAS\Goodies\Deutsch\shop\stuff\images\tips_bag_on.jpg
[13:21:44] - [5] MIRKO.POZEN: Fichier envoyé: D:\kerberos.htx\exe\Dethkarz\EXTRAS\Goodies\Deutsch\shop\stuff\images\tips_bag_on.jpg (5,34 K/S -   5 467 bytes)
[13:21:44] - [5] MIRKO.POZEN: Début du Téléchargement de: D:\kerberos.htx\exe\Dethkarz\EXTRAS\Goodies\Deutsch\shop\stuff\images\tips_great_off.gif
[13:21:44] - [5] MIRKO.POZEN: Fichier envoyé: D:\kerberos.htx\exe\Dethkarz\EXTRAS\Goodies\Deutsch\shop\stuff\images\tips_great_off.gif (3,71 K/S -   3 799 bytes)
[13:21:45] - [5] MIRKO.POZEN: Début du Téléchargement de: D:\kerberos.htx\exe\Dethkarz\EXTRAS\Goodies\Deutsch\shop\stuff\images\tips_great_on.gif
[13:21:45] - [5] MIRKO.POZEN: Fichier envoyé: D:\kerberos.htx\exe\Dethkarz\EXTRAS\Goodies\Deutsch\shop\stuff\images\tips_great_on.gif (3,74 K/S -   3 826 bytes)
[13:21:45] - [5] MIRKO.POZEN: Début du Téléchargement de: D:\kerberos.htx\exe\Dethkarz\EXTRAS\Goodies\Deutsch\shop\stuff\images\tips_home_off.gif
[13:21:45] - [5] MIRKO.POZEN: Fichier envoyé: D:\kerberos.htx\exe\Dethkarz\EXTRAS\Goodies\Deutsch\shop\stuff\images\tips_home_off.gif (1,64 K/S -   1 679 bytes)
[13:21:46] - [5] MIRKO.POZEN: Début du Téléchargement de: D:\kerberos.htx\exe\Dethkarz\EXTRAS\Goodies\Deutsch\shop\stuff\images\tips_home_on.gif
[13:21:46] - [5] MIRKO.POZEN: Fichier envoyé: D:\kerberos.htx\exe\Dethkarz\EXTRAS\Goodies\Deutsch\shop\stuff\images\tips_home_on.gif (1,64 K/S -   1 679 bytes)
[13:21:46] - [4] MIRKO.POZEN: Début du Téléchargement de: D:\kerberos.htx\exe\Dethkarz\EXTRAS\Goodies\Deutsch\shop\stuff\images\tips_bag_off.jpg
[13:21:46] - [4] MIRKO.POZEN: Fichier envoyé: D:\kerberos.htx\exe\Dethkarz\EXTRAS\Goodies\Deutsch\shop\stuff\images\tips_bag_off.jpg (5,32 K/S -   5 449 bytes)
[13:21:46] - [5] MIRKO.POZEN: Début du Téléchargement de: D:\kerberos.htx\exe\Dethkarz\EXTRAS\Goodies\Deutsch\shop\stuff\images\tips_mail_off.gif
[13:21:46] - [5] MIRKO.POZEN: Fichier envoyé: D:\kerberos.htx\exe\Dethkarz\EXTRAS\Goodies\Deutsch\shop\stuff\images\tips_mail_off.gif (1,98 K/S -   2 030 bytes)
[13:21:47] - [4] MIRKO.POZEN: Début du Téléchargement de: D:\kerberos.htx\exe\Dethkarz\EXTRAS\Goodies\Deutsch\shop\stuff\images\tips_mail_on.gif
[13:21:47] - [4] MIRKO.POZEN: Fichier envoyé: D:\kerberos.htx\exe\Dethkarz\EXTRAS\Goodies\Deutsch\shop\stuff\images\tips_mail_on.gif (1,92 K/S -   1 968 bytes)
[13:21:47] - [5] MIRKO.POZEN: Début du Téléchargement de: D:\kerberos.htx\exe\Dethkarz\EXTRAS\Goodies\Deutsch\shop\stuff\images\tip_moins.gif
[13:21:47] - [5] MIRKO.POZEN: Fichier envoyé: D:\kerberos.htx\exe\Dethkarz\EXTRAS\Goodies\Deutsch\shop\stuff\images\tip_moins.gif (0,87 K/S -    895 bytes)
[13:21:47] - [4] MIRKO.POZEN: Début du Téléchargement de: D:\kerberos.htx\exe\Dethkarz\EXTRAS\Goodies\Deutsch\shop\stuff\images\tip_plus.gif
[13:21:47] - [4] MIRKO.POZEN: Fichier envoyé: D:\kerberos.htx\exe\Dethkarz\EXTRAS\Goodies\Deutsch\shop\stuff\images\tip_plus.gif (0,90 K/S -    917 bytes)
[13:21:47] - [5] MIRKO.POZEN: Début du Téléchargement de: D:\kerberos.htx\exe\Dethkarz\EXTRAS\Goodies\Deutsch\shop\stuff\images\typo-global.gif
[13:21:48] - [5] MIRKO.POZEN: Fichier envoyé: D:\kerberos.htx\exe\Dethkarz\EXTRAS\Goodies\Deutsch\shop\stuff\images\typo-global.gif (21,07 K/S -   21 577 bytes)
[13:21:48] - [4] MIRKO.POZEN: Début du Téléchargement de: D:\kerberos.htx\exe\Dethkarz\EXTRAS\Goodies\Deutsch\shop\stuff\images\typo-global.jpg
[13:21:48] - [4] MIRKO.POZEN: Fichier envoyé: D:\kerberos.htx\exe\Dethkarz\EXTRAS\Goodies\Deutsch\shop\stuff\images\typo-global.jpg (14,54 K/S -   14 891 bytes)
[13:21:49] - [4] MIRKO.POZEN: Début du Téléchargement de: D:\kerberos.htx\exe\Dethkarz\EXTRAS\Goodies\Deutsch\shop\stuff\images\typo-global_on.gif
[13:21:49] - [5] MIRKO.POZEN: Début du Téléchargement de: D:\kerberos.htx\exe\Dethkarz\EXTRAS\Goodies\Deutsch\shop\stuff\images\wargasm_bandeau.jpg
[13:21:49] - [4] MIRKO.POZEN: Fichier envoyé: D:\kerberos.htx\exe\Dethkarz\EXTRAS\Goodies\Deutsch\shop\stuff\images\typo-global_on.gif (10,68 K/S -   10 934 bytes)
[13:21:50] - [4] MIRKO.POZEN: Répertoire en Cours: D:\kerberos.htx\exe\Dethkarz\EXTRAS\Chatnplay\
[13:21:50] - [5] MIRKO.POZEN: Fichier envoyé: D:\kerberos.htx\exe\Dethkarz\EXTRAS\Goodies\Deutsch\shop\stuff\images\wargasm_bandeau.jpg (20,87 K/S -   21 370 bytes)
[13:21:50] - [5] MIRKO.POZEN: Répertoire en Cours: D:\kerberos.htx\exe\Dethkarz\EXTRAS\Acrobat Reader\
[13:21:50] - [4] MIRKO.POZEN: Début du Téléchargement de: D:\kerberos.htx\exe\Dethkarz\EXTRAS\Chatnplay\CHATNPLAY.EXE
[13:21:50] - [5] MIRKO.POZEN: Début du Téléchargement de: D:\kerberos.htx\exe\Dethkarz\EXTRAS\Acrobat Reader\ar32e301.exe
[13:22:36] - [4] MIRKO.POZEN: Fichier envoyé: D:\kerberos.htx\exe\Dethkarz\EXTRAS\Chatnplay\CHATNPLAY.EXE (49,56 K/S -  2 334 301 bytes)
[13:22:36] - [4] MIRKO.POZEN: Répertoire en Cours: D:\kerberos.htx\exe\Dethkarz\DIRECTX\
[13:22:36] - [4] MIRKO.POZEN: Début du Téléchargement de: D:\kerberos.htx\exe\Dethkarz\DIRECTX\d3d.inf
[13:22:36] - [4] MIRKO.POZEN: Fichier envoyé: D:\kerberos.htx\exe\Dethkarz\DIRECTX\d3d.inf (1,12 K/S -   1 147 bytes)
[13:22:37] - [4] MIRKO.POZEN: Début du Téléchargement de: D:\kerberos.htx\exe\Dethkarz\DIRECTX\d3dim.dll
[13:22:47] - [4] MIRKO.POZEN: Fichier envoyé: D:\kerberos.htx\exe\Dethkarz\DIRECTX\d3dim.dll (52,78 K/S -   540 432 bytes)
[13:22:48] - [4] MIRKO.POZEN: Début du Téléchargement de: D:\kerberos.htx\exe\Dethkarz\DIRECTX\d3dpmesh.dll
[13:22:49] - [4] MIRKO.POZEN: Fichier envoyé: D:\kerberos.htx\exe\Dethkarz\DIRECTX\d3dpmesh.dll (85,27 K/S -   87 312 bytes)
[13:22:50] - [4] MIRKO.POZEN: Début du Téléchargement de: D:\kerberos.htx\exe\Dethkarz\DIRECTX\d3drm.dll
[13:22:58] - [4] MIRKO.POZEN: Fichier envoyé: D:\kerberos.htx\exe\Dethkarz\DIRECTX\d3drm.dll (53,28 K/S -   436 496 bytes)
[13:22:58] - [4] MIRKO.POZEN: Début du Téléchargement de: D:\kerberos.htx\exe\Dethkarz\DIRECTX\d3drm.inf
[13:22:58] - [4] MIRKO.POZEN: Fichier envoyé: D:\kerberos.htx\exe\Dethkarz\DIRECTX\d3drm.inf (0,68 K/S -    693 bytes)
[13:22:59] - [4] MIRKO.POZEN: Début du Téléchargement de: D:\kerberos.htx\exe\Dethkarz\DIRECTX\d3dxof.dll
[13:23:01] - [4] MIRKO.POZEN: Fichier envoyé: D:\kerberos.htx\exe\Dethkarz\DIRECTX\d3dxof.dll (52,63 K/S -   107 792 bytes)
[13:23:01] - [4] MIRKO.POZEN: Début du Téléchargement de: D:\kerberos.htx\exe\Dethkarz\DIRECTX\ddhelp.exe
[13:23:02] - [4] MIRKO.POZEN: Fichier envoyé: D:\kerberos.htx\exe\Dethkarz\DIRECTX\ddhelp.exe (37,77 K/S -   38 672 bytes)
[13:23:03] - [4] MIRKO.POZEN: Début du Téléchargement de: D:\kerberos.htx\exe\Dethkarz\DIRECTX\ddraw.dll
[13:23:06] - [5] MIRKO.POZEN: Fichier envoyé: D:\kerberos.htx\exe\Dethkarz\EXTRAS\Acrobat Reader\ar32e301.exe (52,32 K/S -  4 018 104 bytes)
[13:23:06] - [5] MIRKO.POZEN: Répertoire en Cours: D:\kerberos.htx\exe\Dethkarz\DIRECTX\
[13:23:06] - [5] MIRKO.POZEN: Début du Téléchargement de: D:\kerberos.htx\exe\Dethkarz\DIRECTX\ddraw.inf
[13:23:06] - [5] MIRKO.POZEN: Fichier envoyé: D:\kerberos.htx\exe\Dethkarz\DIRECTX\ddraw.inf (4,12 K/S -   4 222 bytes)
[13:23:07] - [5] MIRKO.POZEN: Début du Téléchargement de: D:\kerberos.htx\exe\Dethkarz\DIRECTX\ddraw.vxd
[13:23:07] - [5] MIRKO.POZEN: Fichier envoyé: D:\kerberos.htx\exe\Dethkarz\DIRECTX\ddraw.vxd (29,67 K/S -   30 381 bytes)
[13:23:08] - [4] MIRKO.POZEN: Fichier envoyé: D:\kerberos.htx\exe\Dethkarz\DIRECTX\ddraw.dll (60,25 K/S -   308 496 bytes)
[13:23:08] - [5] MIRKO.POZEN: Début du Téléchargement de: D:\kerberos.htx\exe\Dethkarz\DIRECTX\ddraw16.dll
[13:23:08] - [4] MIRKO.POZEN: Début du Téléchargement de: D:\kerberos.htx\exe\Dethkarz\DIRECTX\ddrawex.dll
[13:23:08] - [5] MIRKO.POZEN: Fichier envoyé: D:\kerberos.htx\exe\Dethkarz\DIRECTX\ddraw16.dll (27,33 K/S -   27 984 bytes)
[13:23:09] - [4] MIRKO.POZEN: Fichier envoyé: D:\kerberos.htx\exe\Dethkarz\DIRECTX\ddrawex.dll (24,27 K/S -   24 848 bytes)
[13:23:09] - [5] MIRKO.POZEN: Début du Téléchargement de: D:\kerberos.htx\exe\Dethkarz\DIRECTX\devnode1.dll
[13:23:09] - [5] MIRKO.POZEN: Fichier envoyé: D:\kerberos.htx\exe\Dethkarz\DIRECTX\devnode1.dll (17,00 K/S -   17 408 bytes)
[13:23:09] - [4] MIRKO.POZEN: Début du Téléchargement de: D:\kerberos.htx\exe\Dethkarz\DIRECTX\devnode2.dll
[13:23:09] - [4] MIRKO.POZEN: Fichier envoyé: D:\kerberos.htx\exe\Dethkarz\DIRECTX\devnode2.dll (6,50 K/S -   6 656 bytes)
[13:23:09] - [5] MIRKO.POZEN: Début du Téléchargement de: D:\kerberos.htx\exe\Dethkarz\DIRECTX\dijoy.hlp
[13:23:09] - [4] MIRKO.POZEN: Début du Téléchargement de: D:\kerberos.htx\exe\Dethkarz\DIRECTX\dijoybrz.hlp
[13:23:09] - [5] MIRKO.POZEN: Fichier envoyé: D:\kerberos.htx\exe\Dethkarz\DIRECTX\dijoy.hlp (15,96 K/S -   16 339 bytes)
[13:23:10] - [4] MIRKO.POZEN: Fichier envoyé: D:\kerberos.htx\exe\Dethkarz\DIRECTX\dijoybrz.hlp (13,02 K/S -   13 330 bytes)
[13:23:10] - [5] MIRKO.POZEN: Début du Téléchargement de: D:\kerberos.htx\exe\Dethkarz\DIRECTX\dijoychs.hlp
[13:23:10] - [4] MIRKO.POZEN: Début du Téléchargement de: D:\kerberos.htx\exe\Dethkarz\DIRECTX\dijoycht.hlp
[13:23:10] - [5] MIRKO.POZEN: Fichier envoyé: D:\kerberos.htx\exe\Dethkarz\DIRECTX\dijoychs.hlp (12,48 K/S -   12 778 bytes)
[13:23:10] - [4] MIRKO.POZEN: Fichier envoyé: D:\kerberos.htx\exe\Dethkarz\DIRECTX\dijoycht.hlp (18,95 K/S -   19 401 bytes)
[13:23:10] - [5] MIRKO.POZEN: Début du Téléchargement de: D:\kerberos.htx\exe\Dethkarz\DIRECTX\dijoycze.hlp
[13:23:11] - [5] MIRKO.POZEN: Fichier envoyé: D:\kerberos.htx\exe\Dethkarz\DIRECTX\dijoycze.hlp (13,19 K/S -   13 511 bytes)
[13:23:11] - [4] MIRKO.POZEN: Début du Téléchargement de: D:\kerberos.htx\exe\Dethkarz\DIRECTX\dijoydut.hlp
[13:23:11] - [4] MIRKO.POZEN: Fichier envoyé: D:\kerberos.htx\exe\Dethkarz\DIRECTX\dijoydut.hlp (12,96 K/S -   13 271 bytes)
[13:23:11] - [5] MIRKO.POZEN: Début du Téléchargement de: D:\kerberos.htx\exe\Dethkarz\DIRECTX\dijoyfrn.hlp
[13:23:11] - [5] MIRKO.POZEN: Fichier envoyé: D:\kerberos.htx\exe\Dethkarz\DIRECTX\dijoyfrn.hlp (13,27 K/S -   13 589 bytes)
[13:23:11] - [4] MIRKO.POZEN: Début du Téléchargement de: D:\kerberos.htx\exe\Dethkarz\DIRECTX\dijoyger.hlp
[13:23:11] - [4] MIRKO.POZEN: Fichier envoyé: D:\kerberos.htx\exe\Dethkarz\DIRECTX\dijoyger.hlp (13,36 K/S -   13 678 bytes)
[13:23:12] - [5] MIRKO.POZEN: Début du Téléchargement de: D:\kerberos.htx\exe\Dethkarz\DIRECTX\dijoyitn.hlp
[13:23:12] - [5] MIRKO.POZEN: Fichier envoyé: D:\kerberos.htx\exe\Dethkarz\DIRECTX\dijoyitn.hlp (13,18 K/S -   13 493 bytes)
[13:23:12] - [4] MIRKO.POZEN: Début du Téléchargement de: D:\kerberos.htx\exe\Dethkarz\DIRECTX\dijoyjpn.hlp
[13:23:12] - [4] MIRKO.POZEN: Fichier envoyé: D:\kerberos.htx\exe\Dethkarz\DIRECTX\dijoyjpn.hlp (13,11 K/S -   13 424 bytes)
[13:23:12] - [5] MIRKO.POZEN: Début du Téléchargement de: D:\kerberos.htx\exe\Dethkarz\DIRECTX\dijoykor.hlp
[13:23:12] - [5] MIRKO.POZEN: Fichier envoyé: D:\kerberos.htx\exe\Dethkarz\DIRECTX\dijoykor.hlp (13,33 K/S -   13 647 bytes)
[13:23:12] - [4] MIRKO.POZEN: Début du Téléchargement de: D:\kerberos.htx\exe\Dethkarz\DIRECTX\dijoynec.hlp
[13:23:13] - [4] MIRKO.POZEN: Fichier envoyé: D:\kerberos.htx\exe\Dethkarz\DIRECTX\dijoynec.hlp (13,11 K/S -   13 424 bytes)
[13:23:13] - [5] MIRKO.POZEN: Début du Téléchargement de: D:\kerberos.htx\exe\Dethkarz\DIRECTX\dijoypol.hlp
[13:23:13] - [5] MIRKO.POZEN: Fichier envoyé: D:\kerberos.htx\exe\Dethkarz\DIRECTX\dijoypol.hlp (13,46 K/S -   13 778 bytes)
[13:23:13] - [4] MIRKO.POZEN: Début du Téléchargement de: D:\kerberos.htx\exe\Dethkarz\DIRECTX\dijoyrus.hlp
[13:23:13] - [4] MIRKO.POZEN: Fichier envoyé: D:\kerberos.htx\exe\Dethkarz\DIRECTX\dijoyrus.hlp (13,49 K/S -   13 812 bytes)
[13:23:13] - [5] MIRKO.POZEN: Début du Téléchargement de: D:\kerberos.htx\exe\Dethkarz\DIRECTX\dijoyspa.hlp
[13:23:14] - [5] MIRKO.POZEN: Fichier envoyé: D:\kerberos.htx\exe\Dethkarz\DIRECTX\dijoyspa.hlp (13,30 K/S -   13 618 bytes)
[13:23:14] - [4] MIRKO.POZEN: Début du Téléchargement de: D:\kerberos.htx\exe\Dethkarz\DIRECTX\dijoyswe.hlp
[13:23:14] - [4] MIRKO.POZEN: Fichier envoyé: D:\kerberos.htx\exe\Dethkarz\DIRECTX\dijoyswe.hlp (13,03 K/S -   13 343 bytes)
[13:23:14] - [5] MIRKO.POZEN: Début du Téléchargement de: D:\kerberos.htx\exe\Dethkarz\DIRECTX\dinput.dll
[13:23:14] - [4] MIRKO.POZEN: Début du Téléchargement de: D:\kerberos.htx\exe\Dethkarz\DIRECTX\dinput.inf
[13:23:15] - [4] MIRKO.POZEN: Fichier envoyé: D:\kerberos.htx\exe\Dethkarz\DIRECTX\dinput.inf (12,99 K/S -   13 301 bytes)
[13:23:15] - [4] MIRKO.POZEN: Début du Téléchargement de: D:\kerberos.htx\exe\Dethkarz\DIRECTX\dinput.vxd
[13:23:15] - [4] MIRKO.POZEN: Fichier envoyé: D:\kerberos.htx\exe\Dethkarz\DIRECTX\dinput.vxd (16,59 K/S -   16 986 bytes)
[13:23:16] - [4] MIRKO.POZEN: Début du Téléchargement de: D:\kerberos.htx\exe\Dethkarz\DIRECTX\directx.INF
[13:23:16] - [4] MIRKO.POZEN: Fichier envoyé: D:\kerberos.htx\exe\Dethkarz\DIRECTX\directx.INF (4,28 K/S -   4 383 bytes)
[13:23:16] - [5] MIRKO.POZEN: Fichier envoyé: D:\kerberos.htx\exe\Dethkarz\DIRECTX\dinput.dll (57,17 K/S -   175 616 bytes)
[13:23:16] - [4] MIRKO.POZEN: Début du Téléchargement de: D:\kerberos.htx\exe\Dethkarz\DIRECTX\dplay.dll
[13:23:17] - [5] MIRKO.POZEN: Début du Téléchargement de: D:\kerberos.htx\exe\Dethkarz\DIRECTX\dplay.inf
[13:23:17] - [4] MIRKO.POZEN: Fichier envoyé: D:\kerberos.htx\exe\Dethkarz\DIRECTX\dplay.dll (39,00 K/S -   39 936 bytes)
[13:23:17] - [5] MIRKO.POZEN: Fichier envoyé: D:\kerberos.htx\exe\Dethkarz\DIRECTX\dplay.inf (13,47 K/S -   13 795 bytes)
[13:23:17] - [4] MIRKO.POZEN: Début du Téléchargement de: D:\kerberos.htx\exe\Dethkarz\DIRECTX\dplaydx2.inf
[13:23:17] - [5] MIRKO.POZEN: Début du Téléchargement de: D:\kerberos.htx\exe\Dethkarz\DIRECTX\dplaysvr.exe
[13:23:22] - [4] MIRKO.POZEN: Fichier envoyé: D:\kerberos.htx\exe\Dethkarz\DIRECTX\dplaydx2.inf (0,30 K/S -   1 549 bytes)
[13:23:22] - [4] MIRKO.POZEN: Début du Téléchargement de: D:\kerberos.htx\exe\Dethkarz\DIRECTX\dplayx.dll
[13:23:22] - [5] MIRKO.POZEN: Fichier envoyé: D:\kerberos.htx\exe\Dethkarz\DIRECTX\dplaysvr.exe (7,32 K/S -   29 968 bytes)
[13:23:23] - [5] MIRKO.POZEN: Début du Téléchargement de: D:\kerberos.htx\exe\Dethkarz\DIRECTX\dpmodemx.dll
[13:23:24] - [5] MIRKO.POZEN: Fichier envoyé: D:\kerberos.htx\exe\Dethkarz\DIRECTX\dpmodemx.dll (70,27 K/S -   71 952 bytes)
[13:23:24] - [5] MIRKO.POZEN: Début du Téléchargement de: D:\kerberos.htx\exe\Dethkarz\DIRECTX\dpserial.dll
[13:23:25] - [5] MIRKO.POZEN: Fichier envoyé: D:\kerberos.htx\exe\Dethkarz\DIRECTX\dpserial.dll (40,50 K/S -   41 472 bytes)
[13:23:26] - [5] MIRKO.POZEN: Début du Téléchargement de: D:\kerberos.htx\exe\Dethkarz\DIRECTX\dpwsock.dll
[13:23:26] - [4] MIRKO.POZEN: Fichier envoyé: D:\kerberos.htx\exe\Dethkarz\DIRECTX\dplayx.dll (52,32 K/S -   214 288 bytes)
[13:23:26] - [5] MIRKO.POZEN: Fichier envoyé: D:\kerberos.htx\exe\Dethkarz\DIRECTX\dpwsock.dll (23,50 K/S -   24 064 bytes)
[13:23:26] - [4] MIRKO.POZEN: Début du Téléchargement de: D:\kerberos.htx\exe\Dethkarz\DIRECTX\dpwsockx.dll
[13:23:26] - [5] MIRKO.POZEN: Début du Téléchargement de: D:\kerberos.htx\exe\Dethkarz\DIRECTX\dsetup.dll
[13:23:27] - [4] MIRKO.POZEN: Fichier envoyé: D:\kerberos.htx\exe\Dethkarz\DIRECTX\dpwsockx.dll (62,27 K/S -   63 760 bytes)
[13:23:28] - [4] MIRKO.POZEN: Début du Téléchargement de: D:\kerberos.htx\exe\Dethkarz\DIRECTX\dsetup.inf
[13:23:28] - [4] MIRKO.POZEN: Fichier envoyé: D:\kerberos.htx\exe\Dethkarz\DIRECTX\dsetup.inf (1,10 K/S -   1 124 bytes)
[13:23:28] - [4] MIRKO.POZEN: Début du Téléchargement de: D:\kerberos.htx\exe\Dethkarz\DIRECTX\dsetup16.dll
[13:23:28] - [5] MIRKO.POZEN: Fichier envoyé: D:\kerberos.htx\exe\Dethkarz\DIRECTX\dsetup.dll (124,50 K/S -   127 488 bytes)
[13:23:29] - [5] MIRKO.POZEN: Début du Téléchargement de: D:\kerberos.htx\exe\Dethkarz\DIRECTX\dsetup32.dll
[13:23:29] - [4] MIRKO.POZEN: Fichier envoyé: D:\kerberos.htx\exe\Dethkarz\DIRECTX\dsetup16.dll (61,77 K/S -   63 248 bytes)
[13:23:29] - [4] MIRKO.POZEN: Début du Téléchargement de: D:\kerberos.htx\exe\Dethkarz\DIRECTX\dsound.dll
[13:23:30] - [5] MIRKO.POZEN: Fichier envoyé: D:\kerberos.htx\exe\Dethkarz\DIRECTX\dsetup32.dll (50,50 K/S -   51 712 bytes)
[13:23:30] - [5] MIRKO.POZEN: Début du Téléchargement de: D:\kerberos.htx\exe\Dethkarz\DIRECTX\dsound.inf
[13:23:30] - [5] MIRKO.POZEN: Fichier envoyé: D:\kerberos.htx\exe\Dethkarz\DIRECTX\dsound.inf (0,80 K/S -    815 bytes)
[13:23:30] - [5] MIRKO.POZEN: Début du Téléchargement de: D:\kerberos.htx\exe\Dethkarz\DIRECTX\dsound.vxd
[13:23:31] - [4] MIRKO.POZEN: Fichier envoyé: D:\kerberos.htx\exe\Dethkarz\DIRECTX\dsound.dll (65,38 K/S -   133 904 bytes)
[13:23:32] - [5] MIRKO.POZEN: Fichier envoyé: D:\kerberos.htx\exe\Dethkarz\DIRECTX\dsound.vxd (62,93 K/S -   64 443 bytes)
[13:23:32] - [4] MIRKO.POZEN: Début du Téléchargement de: D:\kerberos.htx\exe\Dethkarz\DIRECTX\dx6migr.inf
[13:23:32] - [4] MIRKO.POZEN: Fichier envoyé: D:\kerberos.htx\exe\Dethkarz\DIRECTX\dx6migr.inf (10,06 K/S -   10 301 bytes)
[13:23:32] - [5] MIRKO.POZEN: Début du Téléchargement de: D:\kerberos.htx\exe\Dethkarz\DIRECTX\DXAPI.sys
[13:23:32] - [5] MIRKO.POZEN: Fichier envoyé: D:\kerberos.htx\exe\Dethkarz\DIRECTX\DXAPI.sys (2,33 K/S -   2 384 bytes)
[13:23:32] - [4] MIRKO.POZEN: Début du Téléchargement de: D:\kerberos.htx\exe\Dethkarz\DIRECTX\dxdiag.cnt
[13:23:32] - [4] MIRKO.POZEN: Fichier envoyé: D:\kerberos.htx\exe\Dethkarz\DIRECTX\dxdiag.cnt (0,45 K/S -    461 bytes)
[13:23:32] - [5] MIRKO.POZEN: Début du Téléchargement de: D:\kerberos.htx\exe\Dethkarz\DIRECTX\dxdiag.exe
[13:23:33] - [4] MIRKO.POZEN: Début du Téléchargement de: D:\kerberos.htx\exe\Dethkarz\DIRECTX\dxdiag.hlp
[13:23:33] - [4] MIRKO.POZEN: Fichier envoyé: D:\kerberos.htx\exe\Dethkarz\DIRECTX\dxdiag.hlp (14,94 K/S -   15 301 bytes)
[13:23:34] - [4] MIRKO.POZEN: Début du Téléchargement de: D:\kerberos.htx\exe\Dethkarz\DIRECTX\dxinfo.exe
[13:23:39] - [5] MIRKO.POZEN: Fichier envoyé: D:\kerberos.htx\exe\Dethkarz\DIRECTX\dxdiag.exe (46,63 K/S -   286 480 bytes)
[13:23:39] - [5] MIRKO.POZEN: Début du Téléchargement de: D:\kerberos.htx\exe\Dethkarz\DIRECTX\DXINFO.INI
[13:23:39] - [5] MIRKO.POZEN: Fichier envoyé: D:\kerberos.htx\exe\Dethkarz\DIRECTX\DXINFO.INI (0,03 K/S -    35 bytes)
[13:23:40] - [5] MIRKO.POZEN: Début du Téléchargement de: D:\kerberos.htx\exe\Dethkarz\DIRECTX\dxmigr.dll
[13:23:40] - [5] MIRKO.POZEN: Fichier envoyé: D:\kerberos.htx\exe\Dethkarz\DIRECTX\dxmigr.dll (4,56 K/S -   4 672 bytes)
[13:23:40] - [4] MIRKO.POZEN: Fichier envoyé: D:\kerberos.htx\exe\Dethkarz\DIRECTX\dxinfo.exe (43,21 K/S -   309 760 bytes)
[13:23:41] - [4] MIRKO.POZEN: Début du Téléchargement de: D:\kerberos.htx\exe\Dethkarz\DIRECTX\dxver.inf
[13:23:41] - [5] MIRKO.POZEN: Début du Téléchargement de: D:\kerberos.htx\exe\Dethkarz\DIRECTX\dxsetup.exe
[13:23:41] - [4] MIRKO.POZEN: Fichier envoyé: D:\kerberos.htx\exe\Dethkarz\DIRECTX\dxver.inf (0,20 K/S -    208 bytes)
[13:23:41] - [4] MIRKO.POZEN: Début du Téléchargement de: D:\kerberos.htx\exe\Dethkarz\DIRECTX\gcdef.dll
[13:23:43] - [5] MIRKO.POZEN: Fichier envoyé: D:\kerberos.htx\exe\Dethkarz\DIRECTX\dxsetup.exe (42,25 K/S -   86 528 bytes)
[13:23:44] - [5] MIRKO.POZEN: Début du Téléchargement de: D:\kerberos.htx\exe\Dethkarz\DIRECTX\gchand.dll
[13:23:45] - [5] MIRKO.POZEN: Fichier envoyé: D:\kerberos.htx\exe\Dethkarz\DIRECTX\gchand.dll (39,25 K/S -   80 384 bytes)
[13:23:46] - [5] MIRKO.POZEN: Début du Téléchargement de: D:\kerberos.htx\exe\Dethkarz\DIRECTX\joy.cpl
[13:23:50] - [5] MIRKO.POZEN: Fichier envoyé: D:\kerberos.htx\exe\Dethkarz\DIRECTX\joy.cpl (44,90 K/S -   229 888 bytes)
[13:23:51] - [5] MIRKO.POZEN: Début du Téléchargement de: D:\kerberos.htx\exe\Dethkarz\DIRECTX\msanalog.vxd
[13:23:51] - [5] MIRKO.POZEN: Fichier envoyé: D:\kerberos.htx\exe\Dethkarz\DIRECTX\msanalog.vxd (11,82 K/S -   12 101 bytes)
[13:23:52] - [5] MIRKO.POZEN: Répertoire en Cours: D:\kerberos.htx\exe\Dethkarz\Device Libraries\
[13:23:52] - [4] MIRKO.POZEN: Fichier envoyé: D:\kerberos.htx\exe\Dethkarz\DIRECTX\gcdef.dll (55,10 K/S -   564 224 bytes)
[13:23:52] - [5] MIRKO.POZEN: Début du Téléchargement de: D:\kerberos.htx\exe\Dethkarz\Device Libraries\Vertigo 3Dfx (Glide 2).dll
[13:23:52] - [4] MIRKO.POZEN: Répertoire en Cours: D:\kerberos.htx\exe\Dethkarz\Device Libraries\
[13:23:53] - [4] MIRKO.POZEN: Début du Téléchargement de: D:\kerberos.htx\exe\Dethkarz\Device Libraries\Vertigo Direct3D.dll
[13:23:54] - [5] MIRKO.POZEN: Fichier envoyé: D:\kerberos.htx\exe\Dethkarz\Device Libraries\Vertigo 3Dfx (Glide 2).dll (38,00 K/S -   77 824 bytes)
[13:23:55] - [5] MIRKO.POZEN: Début du Téléchargement de: D:\kerberos.htx\exe\Dethkarz\Device Libraries\Vertigo Software (555).dll
[13:23:55] - [4] MIRKO.POZEN: Fichier envoyé: D:\kerberos.htx\exe\Dethkarz\Device Libraries\Vertigo Direct3D.dll (41,33 K/S -   126 976 bytes)
[13:23:56] - [4] MIRKO.POZEN: Début du Téléchargement de: D:\kerberos.htx\exe\Dethkarz\Device Libraries\Vertigo Software (565).dll
[13:23:57] - [5] MIRKO.POZEN: Fichier envoyé: D:\kerberos.htx\exe\Dethkarz\Device Libraries\Vertigo Software (555).dll (52,03 K/S -   159 849 bytes)
[13:23:58] - [5] MIRKO.POZEN: Répertoire en Cours: D:\kerberos.htx\exe\Dethkarz\Data\
[13:23:58] - [5] MIRKO.POZEN: Début du Téléchargement de: D:\kerberos.htx\exe\Dethkarz\Data\Dethkarz.dkz
[13:23:59] - [4] MIRKO.POZEN: Fichier envoyé: D:\kerberos.htx\exe\Dethkarz\Device Libraries\Vertigo Software (565).dll (52,03 K/S -   159 849 bytes)
[13:23:59] - [4] MIRKO.POZEN: Répertoire en Cours: D:\kerberos.htx\exe\Dethkarz\Data\
[13:23:59] - [4] MIRKO.POZEN: Début du Téléchargement de: D:\kerberos.htx\exe\Dethkarz\Data\dk.db
[13:24:19] - [4] MIRKO.POZEN: Fichier envoyé: D:\kerberos.htx\exe\Dethkarz\Data\dk.db (50,69 K/S -   986 292 bytes)
[13:24:19] - [4] MIRKO.POZEN: Début du Téléchargement de: D:\kerberos.htx\exe\Dethkarz\Data\pleaseWait.bmp
[13:24:39] - [4] MIRKO.POZEN: Fichier envoyé: D:\kerberos.htx\exe\Dethkarz\Data\pleaseWait.bmp (47,37 K/S -   921 654 bytes)
[13:24:39] - [4] MIRKO.POZEN: Début du Téléchargement de: D:\kerberos.htx\exe\Dethkarz\Data\pleaseWait8.bmp
[13:24:46] - [4] MIRKO.POZEN: Fichier envoyé: D:\kerberos.htx\exe\Dethkarz\Data\pleaseWait8.bmp (43,01 K/S -   308 278 bytes)
[13:24:46] - [4] MIRKO.POZEN: Début du Téléchargement de: D:\kerberos.htx\exe\Dethkarz\Data\pspbrwse.jbf
[13:24:47] - [4] MIRKO.POZEN: Fichier envoyé: D:\kerberos.htx\exe\Dethkarz\Data\pspbrwse.jbf (17,79 K/S -   18 219 bytes)
[13:24:47] - [4] MIRKO.POZEN: Début du Téléchargement de: D:\kerberos.htx\exe\Dethkarz\Data\savegame0.dks
[13:24:48] - [4] MIRKO.POZEN: Fichier envoyé: D:\kerberos.htx\exe\Dethkarz\Data\savegame0.dks (25,04 K/S -   25 640 bytes)
[13:24:48] - [4] MIRKO.POZEN: Début du Téléchargement de: D:\kerberos.htx\exe\Dethkarz\Data\savegame1.dks
[13:24:49] - [4] MIRKO.POZEN: Fichier envoyé: D:\kerberos.htx\exe\Dethkarz\Data\savegame1.dks (25,04 K/S -   25 640 bytes)
[13:24:52] - [4] MIRKO.POZEN: Début du Téléchargement de: D:\kerberos.htx\exe\Dethkarz\Data\savegame2.dks
[13:24:53] - [4] MIRKO.POZEN: Fichier envoyé: D:\kerberos.htx\exe\Dethkarz\Data\savegame2.dks (25,04 K/S -   25 640 bytes)
[13:24:53] - [4] MIRKO.POZEN: Début du Téléchargement de: D:\kerberos.htx\exe\Dethkarz\Data\savegame3.dks
[13:24:54] - [4] MIRKO.POZEN: Fichier envoyé: D:\kerberos.htx\exe\Dethkarz\Data\savegame3.dks (25,04 K/S -   25 640 bytes)
[13:24:54] - [4] MIRKO.POZEN: Début du Téléchargement de: D:\kerberos.htx\exe\Dethkarz\Data\savegame4.dks
[13:24:55] - [4] MIRKO.POZEN: Fichier envoyé: D:\kerberos.htx\exe\Dethkarz\Data\savegame4.dks (25,04 K/S -   25 640 bytes)
[13:24:55] - [4] MIRKO.POZEN: Répertoire en Cours: D:\kerberos.htx\exe\Dethkarz\Data\Sounds\
[13:24:55] - [4] MIRKO.POZEN: Début du Téléchargement de: D:\kerberos.htx\exe\Dethkarz\Data\Sounds\DK_SND11.SLV
[13:25:45] - [4] MIRKO.POZEN: Fichier envoyé: D:\kerberos.htx\exe\Dethkarz\Data\Sounds\DK_SND11.SLV (47,25 K/S -  2 370 686 bytes)
[13:25:46] - [4] MIRKO.POZEN: Début du Téléchargement de: D:\kerberos.htx\exe\Dethkarz\Data\Sounds\DK_SOUND.SLV
[13:27:17] - [4] MIRKO.POZEN: Fichier envoyé: D:\kerberos.htx\exe\Dethkarz\Data\Sounds\DK_SOUND.SLV (50,77 K/S -  4 730 908 bytes)
[13:27:17] - [4] MIRKO.POZEN: Répertoire en Cours: D:\kerberos.htx\exe\Dethkarz\Data\Replays\
[13:27:18] - [4] MIRKO.POZEN: Début du Téléchargement de: D:\kerberos.htx\exe\Dethkarz\Data\Replays\Attract_GrandKeys_Long.Joy.30
[13:27:20] - [4] MIRKO.POZEN: Fichier envoyé: D:\kerberos.htx\exe\Dethkarz\Data\Replays\Attract_GrandKeys_Long.Joy.30 (56,90 K/S -   116 530 bytes)
[13:27:20] - [4] MIRKO.POZEN: Début du Téléchargement de: D:\kerberos.htx\exe\Dethkarz\Data\Replays\Attract_GrandKeys_Long.Joy.60
[13:27:24] - [4] MIRKO.POZEN: Fichier envoyé: D:\kerberos.htx\exe\Dethkarz\Data\Replays\Attract_GrandKeys_Long.Joy.60 (57,40 K/S -   176 322 bytes)
[13:27:24] - [4] MIRKO.POZEN: Début du Téléchargement de: D:\kerberos.htx\exe\Dethkarz\Data\Replays\Attract_GrandKeys_Long.Joy.db.30
[13:27:44] - [4] MIRKO.POZEN: Fichier envoyé: D:\kerberos.htx\exe\Dethkarz\Data\Replays\Attract_GrandKeys_Long.Joy.db.30 (51,62 K/S -  1 057 228 bytes)
[13:27:45] - [4] MIRKO.POZEN: Début du Téléchargement de: D:\kerberos.htx\exe\Dethkarz\Data\Replays\Attract_GrandKeys_Long.Joy.db.60
[13:28:06] - [4] MIRKO.POZEN: Fichier envoyé: D:\kerberos.htx\exe\Dethkarz\Data\Replays\Attract_GrandKeys_Long.Joy.db.60 (49,16 K/S -  1 057 228 bytes)
[13:28:06] - [4] MIRKO.POZEN: Début du Téléchargement de: D:\kerberos.htx\exe\Dethkarz\Data\Replays\Attract_MetroCity_Long.Joy.30
[13:28:09] - [4] MIRKO.POZEN: Fichier envoyé: D:\kerberos.htx\exe\Dethkarz\Data\Replays\Attract_MetroCity_Long.Joy.30 (36,72 K/S -   112 818 bytes)
[13:28:10] - [4] MIRKO.POZEN: Début du Téléchargement de: D:\kerberos.htx\exe\Dethkarz\Data\Replays\Attract_MetroCity_Long.Joy.60
[13:28:13] - [4] MIRKO.POZEN: Fichier envoyé: D:\kerberos.htx\exe\Dethkarz\Data\Replays\Attract_MetroCity_Long.Joy.60 (43,78 K/S -   179 330 bytes)
[13:28:14] - [4] MIRKO.POZEN: Début du Téléchargement de: D:\kerberos.htx\exe\Dethkarz\Data\Replays\Attract_MetroCity_Long.Joy.db.30
[13:28:36] - [4] MIRKO.POZEN: Fichier envoyé: D:\kerberos.htx\exe\Dethkarz\Data\Replays\Attract_MetroCity_Long.Joy.db.30 (46,93 K/S -  1 057 228 bytes)
[13:28:37] - [4] MIRKO.POZEN: Début du Téléchargement de: D:\kerberos.htx\exe\Dethkarz\Data\Replays\Attract_MetroCity_Long.Joy.db.60
[13:28:59] - [4] MIRKO.POZEN: Fichier envoyé: D:\kerberos.htx\exe\Dethkarz\Data\Replays\Attract_MetroCity_Long.Joy.db.60 (46,93 K/S -  1 057 228 bytes)
[13:29:00] - [4] MIRKO.POZEN: Début du Téléchargement de: D:\kerberos.htx\exe\Dethkarz\Data\Replays\Attract_RedPlanet_Long.Joy.30
[13:29:02] - [4] MIRKO.POZEN: Fichier envoyé: D:\kerberos.htx\exe\Dethkarz\Data\Replays\Attract_RedPlanet_Long.Joy.30 (54,24 K/S -   111 090 bytes)
[13:29:02] - [4] MIRKO.POZEN: Début du Téléchargement de: D:\kerberos.htx\exe\Dethkarz\Data\Replays\Attract_RedPlanet_Long.Joy.60
[13:29:06] - [4] MIRKO.POZEN: Fichier envoyé: D:\kerberos.htx\exe\Dethkarz\Data\Replays\Attract_RedPlanet_Long.Joy.60 (45,61 K/S -   186 802 bytes)
[13:29:07] - [4] MIRKO.POZEN: Début du Téléchargement de: D:\kerberos.htx\exe\Dethkarz\Data\Replays\Attract_RedPlanet_Long.Joy.db.30
[13:29:29] - [4] MIRKO.POZEN: Fichier envoyé: D:\kerberos.htx\exe\Dethkarz\Data\Replays\Attract_RedPlanet_Long.Joy.db.30 (46,93 K/S -  1 057 228 bytes)
[13:29:29] - [4] MIRKO.POZEN: Début du Téléchargement de: D:\kerberos.htx\exe\Dethkarz\Data\Replays\Attract_RedPlanet_Long.Joy.db.60
[13:29:49] - [4] MIRKO.POZEN: Fichier envoyé: D:\kerberos.htx\exe\Dethkarz\Data\Replays\Attract_RedPlanet_Long.Joy.db.60 (54,34 K/S -  1 057 228 bytes)
[13:29:49] - [4] MIRKO.POZEN: Début du Téléchargement de: D:\kerberos.htx\exe\Dethkarz\Data\Replays\Attract_ThePole_Long.Joy.30
[13:29:52] - [4] MIRKO.POZEN: Fichier envoyé: D:\kerberos.htx\exe\Dethkarz\Data\Replays\Attract_ThePole_Long.Joy.30 (55,46 K/S -   113 586 bytes)
[13:29:52] - [4] MIRKO.POZEN: Début du Téléchargement de: D:\kerberos.htx\exe\Dethkarz\Data\Replays\Attract_ThePole_Long.Joy.60
[13:29:56] - [4] MIRKO.POZEN: Fichier envoyé: D:\kerberos.htx\exe\Dethkarz\Data\Replays\Attract_ThePole_Long.Joy.60 (61,90 K/S -   190 146 bytes)
[13:29:57] - [4] MIRKO.POZEN: Début du Téléchargement de: D:\kerberos.htx\exe\Dethkarz\Data\Replays\Attract_ThePole_Long.Joy.db.30
[13:30:17] - [4] MIRKO.POZEN: Fichier envoyé: D:\kerberos.htx\exe\Dethkarz\Data\Replays\Attract_ThePole_Long.Joy.db.30 (54,34 K/S -  1 057 228 bytes)
[13:30:18] - [4] MIRKO.POZEN: Début du Téléchargement de: D:\kerberos.htx\exe\Dethkarz\Data\Replays\Attract_ThePole_Long.Joy.db.60
[13:30:38] - [4] MIRKO.POZEN: Fichier envoyé: D:\kerberos.htx\exe\Dethkarz\Data\Replays\Attract_ThePole_Long.Joy.db.60 (49,16 K/S -  1 057 228 bytes)
[13:30:39] - [4] MIRKO.POZEN: Début du Téléchargement de: D:\kerberos.htx\exe\Dethkarz\Data\Replays\DK_GrandKeys_Long.Joy.30
[13:30:40] - [4] MIRKO.POZEN: Fichier envoyé: D:\kerberos.htx\exe\Dethkarz\Data\Replays\DK_GrandKeys_Long.Joy.30 (45,74 K/S -   46 834 bytes)
[13:30:40] - [4] MIRKO.POZEN: Début du Téléchargement de: D:\kerberos.htx\exe\Dethkarz\Data\Replays\DK_GrandKeys_Long.Joy.60
[13:30:41] - [4] MIRKO.POZEN: Fichier envoyé: D:\kerberos.htx\exe\Dethkarz\Data\Replays\DK_GrandKeys_Long.Joy.60 (45,74 K/S -   46 834 bytes)
[13:30:42] - [4] MIRKO.POZEN: Début du Téléchargement de: D:\kerberos.htx\exe\Dethkarz\Data\Replays\DK_GrandKeys_Medium.Joy.30
[13:30:43] - [4] MIRKO.POZEN: Fichier envoyé: D:\kerberos.htx\exe\Dethkarz\Data\Replays\DK_GrandKeys_Medium.Joy.30 (45,74 K/S -   46 834 bytes)
[13:30:43] - [4] MIRKO.POZEN: Début du Téléchargement de: D:\kerberos.htx\exe\Dethkarz\Data\Replays\DK_GrandKeys_Medium.Joy.60
[13:30:44] - [4] MIRKO.POZEN: Fichier envoyé: D:\kerberos.htx\exe\Dethkarz\Data\Replays\DK_GrandKeys_Medium.Joy.60 (45,74 K/S -   46 834 bytes)
[13:30:44] - [4] MIRKO.POZEN: Début du Téléchargement de: D:\kerberos.htx\exe\Dethkarz\Data\Replays\DK_GrandKeys_Short.Joy.30
[13:30:45] - [4] MIRKO.POZEN: Fichier envoyé: D:\kerberos.htx\exe\Dethkarz\Data\Replays\DK_GrandKeys_Short.Joy.30 (45,74 K/S -   46 834 bytes)
[13:30:46] - [4] MIRKO.POZEN: Début du Téléchargement de: D:\kerberos.htx\exe\Dethkarz\Data\Replays\DK_GrandKeys_Short.Joy.60
[13:30:47] - [4] MIRKO.POZEN: Fichier envoyé: D:\kerberos.htx\exe\Dethkarz\Data\Replays\DK_GrandKeys_Short.Joy.60 (45,74 K/S -   46 834 bytes)
[13:30:47] - [4] MIRKO.POZEN: Début du Téléchargement de: D:\kerberos.htx\exe\Dethkarz\Data\Replays\DK_MetroCity_Long.Joy.30
[13:30:48] - [4] MIRKO.POZEN: Fichier envoyé: D:\kerberos.htx\exe\Dethkarz\Data\Replays\DK_MetroCity_Long.Joy.30 (45,74 K/S -   46 834 bytes)
[13:30:48] - [4] MIRKO.POZEN: Début du Téléchargement de: D:\kerberos.htx\exe\Dethkarz\Data\Replays\DK_MetroCity_Long.Joy.60
[13:30:49] - [4] MIRKO.POZEN: Fichier envoyé: D:\kerberos.htx\exe\Dethkarz\Data\Replays\DK_MetroCity_Long.Joy.60 (45,74 K/S -   46 834 bytes)
[13:30:50] - [4] MIRKO.POZEN: Début du Téléchargement de: D:\kerberos.htx\exe\Dethkarz\Data\Replays\DK_MetroCity_Medium.Joy.30
[13:30:51] - [4] MIRKO.POZEN: Fichier envoyé: D:\kerberos.htx\exe\Dethkarz\Data\Replays\DK_MetroCity_Medium.Joy.30 (45,74 K/S -   46 834 bytes)
[13:30:51] - [4] MIRKO.POZEN: Début du Téléchargement de: D:\kerberos.htx\exe\Dethkarz\Data\Replays\DK_MetroCity_Medium.Joy.60
[13:30:52] - [4] MIRKO.POZEN: Fichier envoyé: D:\kerberos.htx\exe\Dethkarz\Data\Replays\DK_MetroCity_Medium.Joy.60 (45,74 K/S -   46 834 bytes)
[13:30:53] - [4] MIRKO.POZEN: Début du Téléchargement de: D:\kerberos.htx\exe\Dethkarz\Data\Replays\DK_MetroCity_Short.Joy.30
[13:30:54] - [4] MIRKO.POZEN: Fichier envoyé: D:\kerberos.htx\exe\Dethkarz\Data\Replays\DK_MetroCity_Short.Joy.30 (45,74 K/S -   46 834 bytes)
[13:30:54] - [4] MIRKO.POZEN: Début du Téléchargement de: D:\kerberos.htx\exe\Dethkarz\Data\Replays\DK_MetroCity_Short.Joy.60
[13:30:55] - [4] MIRKO.POZEN: Fichier envoyé: D:\kerberos.htx\exe\Dethkarz\Data\Replays\DK_MetroCity_Short.Joy.60 (45,74 K/S -   46 834 bytes)
[13:30:55] - [4] MIRKO.POZEN: Début du Téléchargement de: D:\kerberos.htx\exe\Dethkarz\Data\Replays\DK_RedPlanet_Long.Joy.30
[13:30:56] - [4] MIRKO.POZEN: Fichier envoyé: D:\kerberos.htx\exe\Dethkarz\Data\Replays\DK_RedPlanet_Long.Joy.30 (45,74 K/S -   46 834 bytes)
[13:30:57] - [4] MIRKO.POZEN: Début du Téléchargement de: D:\kerberos.htx\exe\Dethkarz\Data\Replays\DK_RedPlanet_Long.Joy.60
[13:30:58] - [4] MIRKO.POZEN: Fichier envoyé: D:\kerberos.htx\exe\Dethkarz\Data\Replays\DK_RedPlanet_Long.Joy.60 (45,74 K/S -   46 834 bytes)
[13:30:58] - [4] MIRKO.POZEN: Début du Téléchargement de: D:\kerberos.htx\exe\Dethkarz\Data\Replays\DK_RedPlanet_Medium.Joy.30
[13:30:59] - [4] MIRKO.POZEN: Fichier envoyé: D:\kerberos.htx\exe\Dethkarz\Data\Replays\DK_RedPlanet_Medium.Joy.30 (45,74 K/S -   46 834 bytes)
[13:31:00] - [4] MIRKO.POZEN: Début du Téléchargement de: D:\kerberos.htx\exe\Dethkarz\Data\Replays\DK_RedPlanet_Medium.Joy.60
[13:31:01] - [4] MIRKO.POZEN: Fichier envoyé: D:\kerberos.htx\exe\Dethkarz\Data\Replays\DK_RedPlanet_Medium.Joy.60 (45,74 K/S -   46 834 bytes)
[13:31:01] - [4] MIRKO.POZEN: Début du Téléchargement de: D:\kerberos.htx\exe\Dethkarz\Data\Replays\DK_RedPlanet_Short.Joy.30
[13:31:02] - [4] MIRKO.POZEN: Fichier envoyé: D:\kerberos.htx\exe\Dethkarz\Data\Replays\DK_RedPlanet_Short.Joy.30 (45,74 K/S -   46 834 bytes)
[13:31:02] - [4] MIRKO.POZEN: Début du Téléchargement de: D:\kerberos.htx\exe\Dethkarz\Data\Replays\DK_RedPlanet_Short.Joy.60
[13:31:03] - [4] MIRKO.POZEN: Fichier envoyé: D:\kerberos.htx\exe\Dethkarz\Data\Replays\DK_RedPlanet_Short.Joy.60 (45,74 K/S -   46 834 bytes)
[13:31:04] - [4] MIRKO.POZEN: Début du Téléchargement de: D:\kerberos.htx\exe\Dethkarz\Data\Replays\DK_ThePole_Long.Joy.30
[13:31:05] - [4] MIRKO.POZEN: Fichier envoyé: D:\kerberos.htx\exe\Dethkarz\Data\Replays\DK_ThePole_Long.Joy.30 (45,74 K/S -   46 834 bytes)
[13:31:05] - [4] MIRKO.POZEN: Début du Téléchargement de: D:\kerberos.htx\exe\Dethkarz\Data\Replays\DK_ThePole_Long.Joy.60
[13:31:06] - [4] MIRKO.POZEN: Fichier envoyé: D:\kerberos.htx\exe\Dethkarz\Data\Replays\DK_ThePole_Long.Joy.60 (45,74 K/S -   46 834 bytes)
[13:31:06] - [4] MIRKO.POZEN: Début du Téléchargement de: D:\kerberos.htx\exe\Dethkarz\Data\Replays\DK_ThePole_Medium.Joy.30
[13:31:08] - [4] MIRKO.POZEN: Fichier envoyé: D:\kerberos.htx\exe\Dethkarz\Data\Replays\DK_ThePole_Medium.Joy.30 (45,74 K/S -   46 834 bytes)
[13:31:08] - [4] MIRKO.POZEN: Début du Téléchargement de: D:\kerberos.htx\exe\Dethkarz\Data\Replays\DK_ThePole_Medium.Joy.60
[13:31:09] - [4] MIRKO.POZEN: Fichier envoyé: D:\kerberos.htx\exe\Dethkarz\Data\Replays\DK_ThePole_Medium.Joy.60 (22,87 K/S -   46 834 bytes)
[13:31:10] - [4] MIRKO.POZEN: Début du Téléchargement de: D:\kerberos.htx\exe\Dethkarz\Data\Replays\DK_ThePole_Short.Joy.30
[13:31:11] - [4] MIRKO.POZEN: Fichier envoyé: D:\kerberos.htx\exe\Dethkarz\Data\Replays\DK_ThePole_Short.Joy.30 (22,87 K/S -   46 834 bytes)
[13:31:12] - [4] MIRKO.POZEN: Début du Téléchargement de: D:\kerberos.htx\exe\Dethkarz\Data\Replays\DK_ThePole_Short.Joy.60
[13:31:13] - [4] MIRKO.POZEN: Fichier envoyé: D:\kerberos.htx\exe\Dethkarz\Data\Replays\DK_ThePole_Short.Joy.60 (45,74 K/S -   46 834 bytes)
[13:31:13] - [4] MIRKO.POZEN: Répertoire en Cours: D:\kerberos.htx\exe\Dethkarz\Data\Ghosts\
[13:31:14] - [4] MIRKO.POZEN: Début du Téléchargement de: D:\kerberos.htx\exe\Dethkarz\Data\Ghosts\Local_GrandKeys_Long.ghost
[13:31:16] - [4] MIRKO.POZEN: Fichier envoyé: D:\kerberos.htx\exe\Dethkarz\Data\Ghosts\Local_GrandKeys_Long.ghost (39,41 K/S -   80 708 bytes)
[13:31:16] - [4] MIRKO.POZEN: Début du Téléchargement de: D:\kerberos.htx\exe\Dethkarz\Data\Ghosts\Local_GrandKeys_Medium.ghost
[13:31:17] - [4] MIRKO.POZEN: Fichier envoyé: D:\kerberos.htx\exe\Dethkarz\Data\Ghosts\Local_GrandKeys_Medium.ghost (46,41 K/S -   47 528 bytes)
[13:31:17] - [4] MIRKO.POZEN: Début du Téléchargement de: D:\kerberos.htx\exe\Dethkarz\Data\Ghosts\Local_GrandKeys_Short.ghost
[13:31:18] - [4] MIRKO.POZEN: Fichier envoyé: D:\kerberos.htx\exe\Dethkarz\Data\Ghosts\Local_GrandKeys_Short.ghost (43,35 K/S -   44 392 bytes)
[13:31:19] - [4] MIRKO.POZEN: Début du Téléchargement de: D:\kerberos.htx\exe\Dethkarz\Data\Ghosts\Local_MetroCity_Long.ghost
[13:31:20] - [4] MIRKO.POZEN: Fichier envoyé: D:\kerberos.htx\exe\Dethkarz\Data\Ghosts\Local_MetroCity_Long.ghost (55,82 K/S -   57 160 bytes)
[13:31:20] - [4] MIRKO.POZEN: Début du Téléchargement de: D:\kerberos.htx\exe\Dethkarz\Data\Ghosts\Local_MetroCity_Medium.ghost
[13:31:21] - [4] MIRKO.POZEN: Fichier envoyé: D:\kerberos.htx\exe\Dethkarz\Data\Ghosts\Local_MetroCity_Medium.ghost (45,65 K/S -   46 744 bytes)
[13:31:22] - [4] MIRKO.POZEN: Début du Téléchargement de: D:\kerberos.htx\exe\Dethkarz\Data\Ghosts\Local_MetroCity_Short.ghost
[13:31:22] - [4] MIRKO.POZEN: Fichier envoyé: D:\kerberos.htx\exe\Dethkarz\Data\Ghosts\Local_MetroCity_Short.ghost (28,01 K/S -   28 684 bytes)
[13:31:23] - [4] MIRKO.POZEN: Début du Téléchargement de: D:\kerberos.htx\exe\Dethkarz\Data\Ghosts\Local_RedPlanet_Long.ghost
[13:31:25] - [4] MIRKO.POZEN: Fichier envoyé: D:\kerberos.htx\exe\Dethkarz\Data\Ghosts\Local_RedPlanet_Long.ghost (62,54 K/S -   128 084 bytes)
[13:31:26] - [4] MIRKO.POZEN: Début du Téléchargement de: D:\kerberos.htx\exe\Dethkarz\Data\Ghosts\Local_RedPlanet_Medium.ghost
[13:31:28] - [4] MIRKO.POZEN: Fichier envoyé: D:\kerberos.htx\exe\Dethkarz\Data\Ghosts\Local_RedPlanet_Medium.ghost (51,17 K/S -   104 788 bytes)
[13:31:28] - [4] MIRKO.POZEN: Début du Téléchargement de: D:\kerberos.htx\exe\Dethkarz\Data\Ghosts\Local_RedPlanet_Short.ghost
[13:31:30] - [4] MIRKO.POZEN: Fichier envoyé: D:\kerberos.htx\exe\Dethkarz\Data\Ghosts\Local_RedPlanet_Short.ghost (33,19 K/S -   67 968 bytes)
[13:31:30] - [4] MIRKO.POZEN: Début du Téléchargement de: D:\kerberos.htx\exe\Dethkarz\Data\Ghosts\Local_ThePole_Long.ghost
[13:31:32] - [4] MIRKO.POZEN: Fichier envoyé: D:\kerberos.htx\exe\Dethkarz\Data\Ghosts\Local_ThePole_Long.ghost (70,72 K/S -   72 420 bytes)
[13:31:33] - [4] MIRKO.POZEN: Début du Téléchargement de: D:\kerberos.htx\exe\Dethkarz\Data\Ghosts\Local_ThePole_Medium.ghost
[13:31:34] - [4] MIRKO.POZEN: Fichier envoyé: D:\kerberos.htx\exe\Dethkarz\Data\Ghosts\Local_ThePole_Medium.ghost (43,84 K/S -   44 896 bytes)
[13:31:34] - [4] MIRKO.POZEN: Début du Téléchargement de: D:\kerberos.htx\exe\Dethkarz\Data\Ghosts\Local_ThePole_Short.ghost
[13:31:35] - [4] MIRKO.POZEN: Fichier envoyé: D:\kerberos.htx\exe\Dethkarz\Data\Ghosts\Local_ThePole_Short.ghost (26,75 K/S -   27 396 bytes)
[13:31:35] - [4] MIRKO.POZEN: Répertoire en Cours: D:\kerberos.htx\exe\Dethkarz\Data\FMV\
[13:31:36] - [4] MIRKO.POZEN: Début du Téléchargement de: D:\kerberos.htx\exe\Dethkarz\Data\FMV\dk_intro.vbc
[13:38:14] - [4] MIRKO.POZEN: Fichier envoyé: D:\kerberos.htx\exe\Dethkarz\Data\FMV\dk_intro.vbc (48,56 K/S -  19 789 131 bytes)
[13:38:14] - [4] MIRKO.POZEN: Début du Téléchargement de: D:\kerberos.htx\exe\Dethkarz\Data\FMV\mh_logo.vbc
[13:40:30] - [4] MIRKO.POZEN: Fichier envoyé: D:\kerberos.htx\exe\Dethkarz\Data\FMV\mh_logo.vbc (47,63 K/S -  6 633 223 bytes)
[13:40:32] - [4] MIRKO.POZEN: Début du Téléchargement de: D:\kerberos.htx\exe\Dethkarz\Data\FMV\robot.vbc
[13:40:58] - [4] MIRKO.POZEN: Fichier envoyé: D:\kerberos.htx\exe\Dethkarz\Data\FMV\robot.vbc (40,80 K/S -  1 086 216 bytes)
[13:40:59] - [4] MIRKO.POZEN: Répertoire en Cours: D:\kerberos.htx\exe\
[13:41:01] - [4] MIRKO.POZEN: Début du Téléchargement de: D:\kerberos.htx\exe\vlc-media-player-3-0-4.exe
[13:55:23] - [4] MIRKO.POZEN: Fichier envoyé: D:\kerberos.htx\exe\vlc-media-player-3-0-4.exe (47,00 K/S -  41 486 400 bytes)
[13:55:53] - [5] MIRKO.POZEN: Fichier envoyé: D:\kerberos.htx\exe\Dethkarz\Data\Dethkarz.dkz (49,06 K/S -  96 211 583 bytes)
[13:55:54] - [4] Client 79.94.59.48 Déconnecté (00:46:33 Min)
[13:56:16] - [5] Client 79.94.59.48 Déconnecté (00:45:40 Min)
[13:56:16] - [1] Client 79.94.59.48 Déconnecté (01:35:20 Min)
[14:19:08] - [6] Connecté à 79.94.59.48. Collecte du Nom d'utilisateur.
[14:19:08] - [6] Usager MIRKO.POZEN Connecté IP: 79.94.59.48
[14:19:08] - [6] MIRKO.POZEN: Répertoire en Cours: D:\kerberos.htx\
[14:19:09] - [6] MIRKO.POZEN: Répertoire en Cours: D:\kerberos.htx\
[14:19:13] - [6] MIRKO.POZEN: Répertoire en Cours: D:\kerberos.htx\exe\
[14:19:19] - [6] MIRKO.POZEN: Répertoire en Cours: D:\kerberos.htx\exe\hddentinel\
[14:19:29] - [6] MIRKO.POZEN: Répertoire en Cours: D:\kerberos.htx\exe\hddentinel\crack\
[14:19:30] - [7] Connecté à 79.94.59.48. Collecte du Nom d'utilisateur.
[14:19:30] - [8] Connecté à 79.94.59.48. Collecte du Nom d'utilisateur.
[14:19:30] - [7] Usager MIRKO.POZEN Connecté IP: 79.94.59.48
[14:19:30] - [7] MIRKO.POZEN: Répertoire en Cours: D:\kerberos.htx\
[14:19:30] - [8] Usager MIRKO.POZEN Connecté IP: 79.94.59.48
[14:19:30] - [8] MIRKO.POZEN: Répertoire en Cours: D:\kerberos.htx\
[14:19:30] - [7] MIRKO.POZEN: Répertoire en Cours: D:\kerberos.htx\exe\hddentinel\
[14:19:31] - [8] MIRKO.POZEN: Répertoire en Cours: D:\kerberos.htx\exe\hddentinel\crack\
[14:19:31] - [7] MIRKO.POZEN: Début du Téléchargement de: D:\kerberos.htx\exe\hddentinel\hdsentinel_setup.exe
[14:19:32] - [8] MIRKO.POZEN: Début du Téléchargement de: D:\kerberos.htx\exe\hddentinel\crack\HDSentinel.exe
[14:20:59] - [8] MIRKO.POZEN: Fichier envoyé: D:\kerberos.htx\exe\hddentinel\crack\HDSentinel.exe (50,65 K/S -  4 460 176 bytes)
[14:21:29] - [8] Client 79.94.59.48 Déconnecté (00:01:59 Min)
[14:23:23] - [7] MIRKO.POZEN: Fichier envoyé: D:\kerberos.htx\exe\hddentinel\hdsentinel_setup.exe (75,83 K/S -  18 013 720 bytes)
[14:23:54] - [7] Client 79.94.59.48 Déconnecté (00:04:23 Min)
[14:38:29] - [6] Client 79.94.59.48 Déconnecté (00:19:21 Min)
[14:40:52] - [9] Connecté à 79.94.59.48. Collecte du Nom d'utilisateur.
[14:40:52] - [9] Usager MIRKO.POZEN Connecté IP: 79.94.59.48
[14:40:52] - [9] MIRKO.POZEN: Répertoire en Cours: D:\kerberos.htx\
[14:40:52] - [9] MIRKO.POZEN: Répertoire en Cours: D:\kerberos.htx\
[14:41:02] - [9] Client 79.94.59.48 Déconnecté (00:00:10 Min)
[14:41:54] - [10] Connecté à 79.94.59.48. Collecte du Nom d'utilisateur.
[14:41:54] - [10] Usager MIRKO.POZEN Connecté IP: 79.94.59.48
[14:41:54] - [10] MIRKO.POZEN: Répertoire en Cours: D:\kerberos.htx\
[14:41:55] - [10] MIRKO.POZEN: Répertoire en Cours: D:\kerberos.htx\
[14:42:03] - [10] MIRKO.POZEN: Répertoire en Cours: D:\kerberos.htx\exe\
[14:45:46] - [10] Client 79.94.59.48 Déconnecté (00:03:51 Min)
[15:11:54] - [11] Connecté à 79.94.59.48. Collecte du Nom d'utilisateur.
[15:11:54] - [11] Usager MIRKO.POZEN Connecté IP: 79.94.59.48
[15:11:54] - [11] MIRKO.POZEN: Répertoire en Cours: D:\kerberos.htx\
[15:11:55] - [11] MIRKO.POZEN: Répertoire en Cours: D:\kerberos.htx\
[15:11:59] - [11] MIRKO.POZEN: Répertoire en Cours: D:\kerberos.htx\bat\
[15:12:04] - [11] MIRKO.POZEN: Début du Téléchargement de: D:\kerberos.htx\bat\control userpasswords2.bat
[15:12:04] - [11] MIRKO.POZEN: Fichier envoyé: D:\kerberos.htx\bat\control userpasswords2.bat (0,03 K/S -    29 bytes)
[15:12:10] - [11] Client 79.94.59.48 Déconnecté (00:00:16 Min)
[15:36:08] - [12] Connecté à 79.94.59.48. Collecte du Nom d'utilisateur.
[15:36:09] - [12] Usager MIRKO.POZEN Connecté IP: 79.94.59.48
[15:36:09] - [12] MIRKO.POZEN: Répertoire en Cours: D:\kerberos.htx\
[15:36:09] - [12] MIRKO.POZEN: Répertoire en Cours: D:\kerberos.htx\
[15:36:32] - [12] MIRKO.POZEN: Répertoire en Cours: D:\kerberos.htx\Windows 7 SP1 Ultimate X86 X64 FR-IT-NL OEM ESD Aug 2016 {Gen2}\
[15:36:42] - [12] MIRKO.POZEN: Répertoire en Cours: D:\kerberos.htx\
[15:36:43] - [12] MIRKO.POZEN: Répertoire en Cours: D:\kerberos.htx\000\
[15:36:57] - [12] MIRKO.POZEN: Répertoire en Cours: D:\kerberos.htx\
[15:36:57] - [12] MIRKO.POZEN: Répertoire en Cours: D:\kerberos.htx\Microsoft.Office.Professional.2007.FR.By Gervais\
[15:37:04] - [12] MIRKO.POZEN: Début du Téléchargement de: D:\kerberos.htx\Microsoft.Office.Professional.2007.FR.By Gervais\key.txt
[15:37:04] - [12] MIRKO.POZEN: Fichier envoyé: D:\kerberos.htx\Microsoft.Office.Professional.2007.FR.By Gervais\key.txt (0,03 K/S -    29 bytes)
[15:37:18] - [12] Client 79.94.59.48 Déconnecté (00:01:09 Min)
